station,timestamp,seed,split,y_true,y_pred
Gevenich,2021-10-04 00:00:00,42,val,0.0895,0.10786947
Gevenich,2021-10-04 01:00:00,42,val,0.0895,0.10717588
Gevenich,2021-10-04 02:00:00,42,val,0.0905,0.10652184
Gevenich,2021-10-04 03:00:00,42,val,0.0895,0.105718404
Gevenich,2021-10-04 04:00:00,42,val,0.091,0.10483931
Gevenich,2021-10-04 05:00:00,42,val,0.0905,0.1041175
Gevenich,2021-10-04 06:00:00,42,val,0.0895,0.10308384
Gevenich,2021-10-04 07:00:00,42,val,0.0935,0.10247024
Gevenich,2021-10-04 08:00:00,42,val,0.0895,0.10198595
Gevenich,2021-10-04 09:00:00,42,val,0.0885,0.101785176
Gevenich,2021-10-04 10:00:00,42,val,0.0885,0.102005765
Gevenich,2021-10-04 11:00:00,42,val,0.0905,0.10278988
Gevenich,2021-10-04 12:00:00,42,val,0.09,0.10406832
Gevenich,2021-10-04 13:00:00,42,val,0.0915,0.10524183
Gevenich,2021-10-04 14:00:00,42,val,0.089,0.106391616
Gevenich,2021-10-04 15:00:00,42,val,0.0885,0.10713205
Gevenich,2021-10-04 16:00:00,42,val,0.091,0.107899725
Gevenich,2021-10-04 17:00:00,42,val,0.091,0.1077351
Gevenich,2021-10-04 18:00:00,42,val,0.091,0.10728432
Gevenich,2021-10-04 19:00:00,42,val,0.091,0.106654696
Gevenich,2021-10-04 20:00:00,42,val,0.0905,0.10644409
Gevenich,2021-10-04 21:00:00,42,val,0.088,0.10634388
Gevenich,2021-10-04 22:00:00,42,val,0.0905,0.105963744
Gevenich,2021-10-04 23:00:00,42,val,0.0895,0.105333045
Gevenich,2021-10-05 00:00:00,42,val,0.094,0.10413683
Gevenich,2021-10-05 01:00:00,42,val,0.088,0.10253823
Gevenich,2021-10-05 02:00:00,42,val,0.089,0.10093923
Gevenich,2021-10-05 03:00:00,42,val,0.095,0.098991014
Gevenich,2021-10-05 04:00:00,42,val,0.0915,0.09713355
Gevenich,2021-10-05 05:00:00,42,val,0.09,0.09535928
Gevenich,2021-10-05 06:00:00,42,val,0.0935,0.09409653
Gevenich,2021-10-05 07:00:00,42,val,0.0925,0.09327417
Gevenich,2021-10-05 08:00:00,42,val,0.091,0.093260825
Gevenich,2021-10-05 09:00:00,42,val,0.089,0.094190404
Gevenich,2021-11-20 18:00:00,42,val,0.213,0.19497079
Gevenich,2021-11-20 19:00:00,42,val,0.2105,0.19520694
Gevenich,2021-11-20 20:00:00,42,val,0.2115,0.19535007
Gevenich,2021-11-20 21:00:00,42,val,0.212,0.19550714
Gevenich,2022-02-08 12:00:00,42,val,0.295,0.2616881
Gevenich,2022-02-08 13:00:00,42,val,0.295,0.2608805
Gevenich,2022-02-08 14:00:00,42,val,0.297,0.26003778
Gevenich,2022-02-08 15:00:00,42,val,0.2995,0.25923467
Gevenich,2022-02-08 16:00:00,42,val,0.299,0.25854987
Gevenich,2022-02-08 17:00:00,42,val,0.274,0.25795412
Gevenich,2022-02-08 18:00:00,42,val,0.2985,0.25748086
Gevenich,2022-02-08 19:00:00,42,val,0.3005,0.25716838
Gevenich,2022-03-20 12:00:00,42,val,0.1835,0.17165288
Gevenich,2022-03-20 13:00:00,42,val,0.182,0.17245898
Gevenich,2022-03-20 14:00:00,42,val,0.182,0.17326964
Gevenich,2022-03-20 15:00:00,42,val,0.1795,0.17401797
Gevenich,2022-03-20 16:00:00,42,val,0.1785,0.17466141
Gevenich,2022-03-20 17:00:00,42,val,0.18,0.17539379
Gevenich,2022-03-20 18:00:00,42,val,0.1815,0.17579873
Gevenich,2022-03-20 19:00:00,42,val,0.1805,0.1758765
Gevenich,2022-03-20 20:00:00,42,val,0.1795,0.17558768
Gevenich,2022-03-20 21:00:00,42,val,0.1805,0.17525782
Gevenich,2022-03-20 22:00:00,42,val,0.1795,0.17512567
Gevenich,2022-03-20 23:00:00,42,val,0.1805,0.17482705
Gevenich,2022-03-21 00:00:00,42,val,0.18,0.17460865
Gevenich,2022-03-21 01:00:00,42,val,0.179,0.17432748
Gevenich,2022-03-21 02:00:00,42,val,0.178,0.17368318
Gevenich,2022-03-21 03:00:00,42,val,0.178,0.1726761
Gevenich,2022-03-21 04:00:00,42,val,0.1785,0.17187853
Gevenich,2022-03-21 05:00:00,42,val,0.1775,0.17107461
Gevenich,2022-03-21 06:00:00,42,val,0.178,0.17017037
Gevenich,2022-03-21 07:00:00,42,val,0.179,0.16929303
Gevenich,2022-03-21 08:00:00,42,val,0.178,0.16895534
Gevenich,2022-03-21 09:00:00,42,val,0.1775,0.16923003
Gevenich,2022-03-21 10:00:00,42,val,0.1775,0.16977768
Gevenich,2022-03-21 11:00:00,42,val,0.1775,0.17054716
Gevenich,2022-03-21 12:00:00,42,val,0.177,0.17160687
Gevenich,2022-03-21 13:00:00,42,val,0.177,0.17265028
Gevenich,2022-03-21 14:00:00,42,val,0.1765,0.17357005
Gevenich,2022-03-21 15:00:00,42,val,0.173,0.17439531
Gevenich,2022-03-21 16:00:00,42,val,0.1735,0.1750872
Gevenich,2022-03-21 17:00:00,42,val,0.174,0.17549081
Gevenich,2022-03-21 18:00:00,42,val,0.1704999999999999,0.17564106
Gevenich,2022-03-21 19:00:00,42,val,0.172,0.17527947
Gevenich,2022-03-21 20:00:00,42,val,0.1745,0.17478026
Gevenich,2022-03-21 21:00:00,42,val,0.1714999999999999,0.17410317
Gevenich,2022-03-21 22:00:00,42,val,0.172,0.17368902
Gevenich,2022-03-21 23:00:00,42,val,0.1725,0.17321157
Gevenich,2022-03-22 00:00:00,42,val,0.1725,0.17281786
Gevenich,2022-03-22 01:00:00,42,val,0.1704999999999999,0.17227554
Gevenich,2022-03-22 02:00:00,42,val,0.1709999999999999,0.17147958
Gevenich,2022-03-22 03:00:00,42,val,0.1694999999999999,0.17068104
Gevenich,2022-03-22 04:00:00,42,val,0.1704999999999999,0.16956684
Gevenich,2022-03-22 05:00:00,42,val,0.1709999999999999,0.16851014
Gevenich,2022-03-22 06:00:00,42,val,0.1694999999999999,0.16758268
Gevenich,2022-03-22 07:00:00,42,val,0.1725,0.16719145
Gevenich,2022-03-22 08:00:00,42,val,0.1694999999999999,0.1672901
Gevenich,2022-03-22 09:00:00,42,val,0.1704999999999999,0.16767022
Gevenich,2022-03-22 10:00:00,42,val,0.1704999999999999,0.16827726
Gevenich,2022-03-22 11:00:00,42,val,0.1689999999999999,0.16894741
Gevenich,2022-03-22 12:00:00,42,val,0.1664999999999999,0.16948915
Gevenich,2022-03-22 13:00:00,42,val,0.1689999999999999,0.16972531
Gevenich,2022-03-22 14:00:00,42,val,0.1644999999999999,0.16998532
Gevenich,2022-03-22 15:00:00,42,val,0.1664999999999999,0.16989961
Gevenich,2022-03-22 16:00:00,42,val,0.1654999999999999,0.16965291
Gevenich,2022-03-22 17:00:00,42,val,0.1644999999999999,0.16959147
Gevenich,2022-03-22 18:00:00,42,val,0.1644999999999999,0.16991219
Gevenich,2022-03-22 19:00:00,42,val,0.1654999999999999,0.17024146
Gevenich,2022-03-22 20:00:00,42,val,0.1625,0.17035598
Gevenich,2022-03-22 21:00:00,42,val,0.163,0.17025429
Gevenich,2022-03-29 22:00:00,42,val,0.115,0.14137536
Gevenich,2022-03-29 23:00:00,42,val,0.113,0.1411624
Gevenich,2022-04-17 22:00:00,42,val,0.1144999999999999,0.13655165
Gevenich,2022-04-17 23:00:00,42,val,0.1125,0.13550715
Gevenich,2022-04-18 00:00:00,42,val,0.1159999999999999,0.1347942
Gevenich,2022-04-18 01:00:00,42,val,0.1164999999999999,0.13403928
Gevenich,2022-04-18 02:00:00,42,val,0.1125,0.13316512
Gevenich,2022-04-18 03:00:00,42,val,0.1139999999999999,0.13234338
Gevenich,2022-04-18 04:00:00,42,val,0.1154999999999999,0.1317207
Gevenich,2022-04-18 05:00:00,42,val,0.1129999999999999,0.13084961
Gevenich,2022-04-18 06:00:00,42,val,0.112,0.13041997
Gevenich,2022-04-18 07:00:00,42,val,0.1134999999999999,0.13042238
Gevenich,2022-04-18 08:00:00,42,val,0.112,0.13016763
Gevenich,2022-04-18 09:00:00,42,val,0.1129999999999999,0.13005102
Gevenich,2022-04-18 10:00:00,42,val,0.1149999999999999,0.12985021
Gevenich,2022-04-18 11:00:00,42,val,0.1135,0.13008898
Gevenich,2022-04-18 12:00:00,42,val,0.1114999999999999,0.13016099
Gevenich,2022-04-18 13:00:00,42,val,0.1115,0.13021374
Gevenich,2022-04-18 14:00:00,42,val,0.1085,0.13065255
Gevenich,2022-04-18 15:00:00,42,val,0.1129999999999999,0.13086866
Gevenich,2022-04-18 16:00:00,42,val,0.112,0.13106132
Gevenich,2022-04-18 17:00:00,42,val,0.1105,0.13119957
Gevenich,2022-04-18 18:00:00,42,val,0.1095,0.13071683
Gevenich,2022-04-18 19:00:00,42,val,0.1105,0.13008326
Gevenich,2022-04-18 20:00:00,42,val,0.1105,0.12941244
Gevenich,2022-04-18 21:00:00,42,val,0.1095,0.12868604
Gevenich,2022-04-18 22:00:00,42,val,0.1095,0.12852454
Gevenich,2022-04-18 23:00:00,42,val,0.1095,0.12812993
Gevenich,2022-04-19 00:00:00,42,val,0.1095,0.12802659
Gevenich,2022-04-19 01:00:00,42,val,0.109,0.12713361
Gevenich,2022-04-19 02:00:00,42,val,0.109,0.12574287
Gevenich,2022-04-19 03:00:00,42,val,0.112,0.124019355
Gevenich,2022-04-19 04:00:00,42,val,0.11,0.12251038
Gevenich,2022-04-19 05:00:00,42,val,0.1095,0.12125983
Gevenich,2022-04-19 06:00:00,42,val,0.108,0.12069019
Gevenich,2022-04-19 07:00:00,42,val,0.1095,0.12075287
Gevenich,2022-04-19 08:00:00,42,val,0.1075,0.12106679
Gevenich,2022-04-19 09:00:00,42,val,0.111,0.12138606
Gevenich,2022-04-19 10:00:00,42,val,0.107,0.12164374
Gevenich,2022-04-19 11:00:00,42,val,0.109,0.12205653
Gevenich,2022-04-19 12:00:00,42,val,0.11,0.12261467
Gevenich,2022-04-19 13:00:00,42,val,0.111,0.123129144
Gevenich,2022-04-19 14:00:00,42,val,0.109,0.12342837
Gevenich,2022-04-19 15:00:00,42,val,0.108,0.12372316
Gevenich,2022-04-19 16:00:00,42,val,0.1065,0.124051854
Gevenich,2022-04-19 17:00:00,42,val,0.11,0.12443165
Gevenich,2022-04-19 18:00:00,42,val,0.107,0.124601625
Gevenich,2022-04-19 19:00:00,42,val,0.1075,0.12460759
Gevenich,2022-05-05 16:00:00,42,val,0.0955,0.11046896
Gevenich,2022-05-05 17:00:00,42,val,0.0935,0.111239724
Gevenich,2022-05-05 18:00:00,42,val,0.0925,0.11196619
Gevenich,2022-05-05 19:00:00,42,val,0.0925,0.112203285
Gevenich,2022-05-05 20:00:00,42,val,0.092,0.112405784
Gevenich,2022-05-05 21:00:00,42,val,0.0915,0.11248488
Gevenich,2022-05-05 22:00:00,42,val,0.0945,0.11250581
Gevenich,2022-05-05 23:00:00,42,val,0.0925,0.11214671
Gevenich,2022-05-06 00:00:00,42,val,0.0925,0.11155918
Gevenich,2022-05-06 01:00:00,42,val,0.0945,0.11070227
Gevenich,2022-05-06 02:00:00,42,val,0.0925,0.109445065
Gevenich,2022-05-06 03:00:00,42,val,0.0925,0.10810655
Gevenich,2022-05-06 04:00:00,42,val,0.09,0.10672102
Gevenich,2022-05-06 05:00:00,42,val,0.09,0.105976515
Gevenich,2022-05-06 06:00:00,42,val,0.0925,0.1054257
Gevenich,2022-05-06 07:00:00,42,val,0.0925,0.104975134
Gevenich,2022-05-06 08:00:00,42,val,0.0925,0.1047026
Gevenich,2022-05-06 09:00:00,42,val,0.0925,0.10439512
Gevenich,2022-05-06 10:00:00,42,val,0.0915,0.104555435
Gevenich,2022-05-06 11:00:00,42,val,0.0935,0.10529569
Gevenich,2022-05-06 12:00:00,42,val,0.0925,0.10587758
Gevenich,2022-05-06 13:00:00,42,val,0.092,0.106419906
Gevenich,2022-05-06 14:00:00,42,val,0.091,0.10720681
Gevenich,2022-05-06 15:00:00,42,val,0.091,0.108091675
Gevenich,2022-05-06 16:00:00,42,val,0.0935,0.10920349
Gevenich,2022-05-06 17:00:00,42,val,0.092,0.110105656
Gevenich,2022-05-06 18:00:00,42,val,0.092,0.1110634
Gevenich,2022-05-06 19:00:00,42,val,0.0925,0.11140411
Gevenich,2022-05-06 20:00:00,42,val,0.0925,0.1117689
Gevenich,2022-05-06 21:00:00,42,val,0.093,0.1123423
Gevenich,2022-05-06 22:00:00,42,val,0.0905,0.11193254
Gevenich,2022-05-06 23:00:00,42,val,0.0915,0.11112526
Gevenich,2022-05-07 00:00:00,42,val,0.0915,0.110326745
Gevenich,2022-05-07 01:00:00,42,val,0.091,0.109783456
Gevenich,2022-05-07 02:00:00,42,val,0.0895,0.10906717
Gevenich,2022-05-07 03:00:00,42,val,0.0925,0.10827186
Gevenich,2022-05-07 04:00:00,42,val,0.0885,0.10708969
Gevenich,2022-05-07 05:00:00,42,val,0.0905,0.10589903
Gevenich,2022-05-14 06:00:00,42,val,0.0885,0.10257866
Gevenich,2022-05-14 07:00:00,42,val,0.0865,0.10214892
Gevenich,2022-05-14 08:00:00,42,val,0.0854999999999999,0.10197258
Gevenich,2022-05-14 09:00:00,42,val,0.0895,0.102179065
Gevenich,2022-05-14 10:00:00,42,val,0.0885,0.10250044
Gevenich,2022-05-14 11:00:00,42,val,0.0895,0.10291443
Gevenich,2022-05-14 12:00:00,42,val,0.0885,0.10380319
Gevenich,2022-05-14 13:00:00,42,val,0.0885,0.10466133
Gevenich,2022-05-14 14:00:00,42,val,0.0895,0.10533979
Gevenich,2022-05-14 15:00:00,42,val,0.091,0.106021844
Gevenich,2022-05-14 16:00:00,42,val,0.0905,0.106558464
Gevenich,2022-05-14 17:00:00,42,val,0.09,0.1070217
Gevenich,2022-05-14 18:00:00,42,val,0.093,0.107751936
Gevenich,2022-05-14 19:00:00,42,val,0.0915,0.1084135
Gevenich,2022-05-14 20:00:00,42,val,0.089,0.10856
Gevenich,2022-05-14 21:00:00,42,val,0.0885,0.10858569
Gevenich,2022-05-14 22:00:00,42,val,0.087,0.10825925
Gevenich,2022-05-14 23:00:00,42,val,0.0885,0.10780199
Gevenich,2022-05-15 00:00:00,42,val,0.0875,0.10691481
Gevenich,2022-05-15 01:00:00,42,val,0.0875,0.10612917
Gevenich,2022-05-15 02:00:00,42,val,0.088,0.105564885
Gevenich,2022-05-15 03:00:00,42,val,0.089,0.10515367
Gevenich,2022-05-15 04:00:00,42,val,0.09,0.10444178
Gevenich,2022-05-15 05:00:00,42,val,0.09,0.10358688
Gevenich,2022-05-15 06:00:00,42,val,0.088,0.10319603
Gevenich,2022-05-15 07:00:00,42,val,0.087,0.10318755
Gevenich,2022-05-15 08:00:00,42,val,0.0885,0.10329045
Gevenich,2022-05-15 09:00:00,42,val,0.0875,0.10340272
Gevenich,2022-06-16 13:00:00,42,val,0.09,0.11453171
Gevenich,2022-06-16 14:00:00,42,val,0.092,0.11543963
Gevenich,2022-06-16 15:00:00,42,val,0.092,0.11600476
Gevenich,2022-06-16 16:00:00,42,val,0.093,0.11628842
Gevenich,2022-06-16 17:00:00,42,val,0.0925,0.11613454
Gevenich,2022-06-16 18:00:00,42,val,0.0945,0.116041176
Gevenich,2022-06-16 19:00:00,42,val,0.093,0.1160319
Gevenich,2022-06-16 20:00:00,42,val,0.0915,0.11535899
Gevenich,2022-06-16 21:00:00,42,val,0.092,0.11490915
Gevenich,2022-06-16 22:00:00,42,val,0.0905,0.114840984
Gevenich,2022-06-16 23:00:00,42,val,0.093,0.11459242
Gevenich,2022-06-17 00:00:00,42,val,0.091,0.113692656
Gevenich,2022-06-17 01:00:00,42,val,0.091,0.11299485
Gevenich,2022-06-17 02:00:00,42,val,0.0925,0.11192249
Gevenich,2022-06-17 03:00:00,42,val,0.091,0.11064875
Gevenich,2022-06-17 04:00:00,42,val,0.0895,0.109558694
Gevenich,2022-06-17 05:00:00,42,val,0.0885,0.10877685
Gevenich,2022-06-17 06:00:00,42,val,0.089,0.1083042
Gevenich,2022-06-17 07:00:00,42,val,0.091,0.10836366
Gevenich,2022-06-17 08:00:00,42,val,0.089,0.10871094
Gevenich,2022-06-17 09:00:00,42,val,0.0885,0.1094715
Gevenich,2022-07-03 00:00:00,42,val,0.1275,0.16723493
Gevenich,2022-07-03 01:00:00,42,val,0.128,0.16636315
Gevenich,2022-07-03 02:00:00,42,val,0.127,0.16573714
Gevenich,2022-07-03 03:00:00,42,val,0.126,0.16548148
Gevenich,2022-07-03 04:00:00,42,val,0.127,0.16503699
Gevenich,2022-07-03 05:00:00,42,val,0.1265,0.16467343
Gevenich,2022-07-03 06:00:00,42,val,0.1235,0.16487929
Gevenich,2022-07-03 07:00:00,42,val,0.125,0.16518763
Gevenich,2022-07-03 08:00:00,42,val,0.124,0.16520974
Gevenich,2022-07-03 09:00:00,42,val,0.124,0.16524075
Gevenich,2022-07-03 10:00:00,42,val,0.123,0.16502154
Gevenich,2022-07-03 11:00:00,42,val,0.1215,0.1647177
Gevenich,2022-07-10 12:00:00,42,val,0.0895,0.10773944
Gevenich,2022-07-10 13:00:00,42,val,0.094,0.108452216
Gevenich,2022-07-10 14:00:00,42,val,0.096,0.109274395
Gevenich,2022-07-10 15:00:00,42,val,0.092,0.11006892
Gevenich,2022-07-10 16:00:00,42,val,0.091,0.11110867
Gevenich,2022-07-10 17:00:00,42,val,0.091,0.11190985
Gevenich,2022-07-10 18:00:00,42,val,0.091,0.11267994
Gevenich,2022-07-10 19:00:00,42,val,0.0895,0.11275654
Gevenich,2022-07-10 20:00:00,42,val,0.0945,0.112810634
Gevenich,2022-07-10 21:00:00,42,val,0.09,0.112875156
Gevenich,2022-07-10 22:00:00,42,val,0.09,0.112761945
Gevenich,2022-07-10 23:00:00,42,val,0.089,0.11259127
Gevenich,2022-07-11 00:00:00,42,val,0.0905,0.11226098
Gevenich,2022-07-11 01:00:00,42,val,0.0885,0.11141979
Gevenich,2022-07-11 02:00:00,42,val,0.09,0.10994456
Gevenich,2022-07-11 03:00:00,42,val,0.0905,0.10828551
Gevenich,2022-07-11 04:00:00,42,val,0.09,0.107025646
Gevenich,2022-07-11 05:00:00,42,val,0.092,0.106460385
Gevenich,2022-07-11 06:00:00,42,val,0.092,0.10653632
Gevenich,2022-07-11 07:00:00,42,val,0.091,0.10723048
Gevenich,2022-07-11 08:00:00,42,val,0.088,0.10757232
Gevenich,2022-07-11 09:00:00,42,val,0.087,0.10770235
Gevenich,2022-07-11 10:00:00,42,val,0.09,0.10796339
Gevenich,2022-07-11 11:00:00,42,val,0.091,0.108784966
Gevenich,2022-07-11 12:00:00,42,val,0.087,0.109751
Gevenich,2022-07-11 13:00:00,42,val,0.091,0.110589266
Gevenich,2022-07-11 14:00:00,42,val,0.093,0.11112031
Gevenich,2022-07-11 15:00:00,42,val,0.089,0.11193804
Gevenich,2022-07-18 16:00:00,42,val,0.0824999999999999,0.108719334
Gevenich,2022-07-18 17:00:00,42,val,0.0844999999999999,0.10979151
Gevenich,2022-07-18 18:00:00,42,val,0.0799999999999999,0.11044464
Gevenich,2022-07-18 19:00:00,42,val,0.0819999999999999,0.111198895
Gevenich,2022-07-18 20:00:00,42,val,0.0785,0.11128337
Gevenich,2022-07-18 21:00:00,42,val,0.0795,0.11061778
Gevenich,2022-07-18 22:00:00,42,val,0.0829999999999999,0.1097756
Gevenich,2022-07-18 23:00:00,42,val,0.073,0.10881998
Gevenich,2022-07-19 00:00:00,42,val,0.0834999999999999,0.10804789
Gevenich,2022-08-11 16:00:00,42,val,0.0829999999999999,0.112681486
Gevenich,2022-08-11 17:00:00,42,val,0.08,0.112510726
Gevenich,2022-08-11 18:00:00,42,val,0.078,0.11201459
Gevenich,2022-08-11 19:00:00,42,val,0.071,0.11112502
Gevenich,2022-08-11 20:00:00,42,val,0.0785,0.10998108
Gevenich,2022-08-11 21:00:00,42,val,0.078,0.10834253
Gevenich,2022-08-11 22:00:00,42,val,0.0755,0.107479155
Gevenich,2022-08-11 23:00:00,42,val,0.0785,0.10688969
Gevenich,2022-08-12 00:00:00,42,val,0.075,0.10658914
Gevenich,2022-08-12 01:00:00,42,val,0.078,0.10607876
Gevenich,2022-08-12 02:00:00,42,val,0.0755,0.10565504
Gevenich,2022-08-12 03:00:00,42,val,0.0765,0.10464301
Gevenich,2022-08-12 04:00:00,42,val,0.0765,0.10316388
Gevenich,2022-08-12 05:00:00,42,val,0.0765,0.102196336
Gevenich,2022-08-12 06:00:00,42,val,0.077,0.101833925
Gevenich,2022-08-12 07:00:00,42,val,0.0765,0.10216285
Gevenich,2022-08-12 08:00:00,42,val,0.07,0.102669574
Gevenich,2022-08-12 09:00:00,42,val,0.071,0.103411175
Gevenich,2022-08-12 10:00:00,42,val,0.0765,0.104560256
Gevenich,2022-08-12 11:00:00,42,val,0.07,0.10560216
Gevenich,2022-08-12 12:00:00,42,val,0.07,0.10608661
Gevenich,2022-08-12 13:00:00,42,val,0.0765,0.106949404
Gevenich,2022-08-12 14:00:00,42,val,0.071,0.107819565
Gevenich,2022-08-12 15:00:00,42,val,0.071,0.108864605
Gevenich,2022-08-12 16:00:00,42,val,0.08,0.10982924
Gevenich,2022-08-12 17:00:00,42,val,0.0765,0.110339165
Gevenich,2022-08-12 18:00:00,42,val,0.0795,0.110545926
Gevenich,2022-08-12 19:00:00,42,val,0.077,0.110037275
Gevenich,2022-08-12 20:00:00,42,val,0.0775,0.10983161
Gevenich,2022-08-12 21:00:00,42,val,0.0789999999999999,0.10878344
Gevenich,2022-08-12 22:00:00,42,val,0.076,0.10745138
Gevenich,2022-08-12 23:00:00,42,val,0.079,0.10665891
Gevenich,2022-08-13 00:00:00,42,val,0.0775,0.105694935
Gevenich,2022-08-13 01:00:00,42,val,0.076,0.104824334
Gevenich,2022-08-27 22:00:00,42,val,0.0905,0.12011714
Gevenich,2022-08-27 23:00:00,42,val,0.0865,0.119977996
Gevenich,2022-08-28 00:00:00,42,val,0.0885,0.11978623
Gevenich,2022-08-28 01:00:00,42,val,0.0885,0.119610496
Gevenich,2022-08-28 02:00:00,42,val,0.087,0.119367026
Gevenich,2022-08-28 03:00:00,42,val,0.088,0.11831805
Gevenich,2022-08-28 04:00:00,42,val,0.09,0.11668049
Gevenich,2022-08-28 05:00:00,42,val,0.102,0.115088336
Gevenich,2022-08-28 06:00:00,42,val,0.091,0.11389556
Gevenich,2022-08-28 07:00:00,42,val,0.091,0.11327501
Gevenich,2022-08-28 08:00:00,42,val,0.09,0.11317252
Gevenich,2022-08-28 09:00:00,42,val,0.087,0.11332457
Gevenich,2022-08-28 10:00:00,42,val,0.0905,0.113819815
Gevenich,2022-08-28 11:00:00,42,val,0.089,0.114316
Gevenich,2022-08-28 12:00:00,42,val,0.087,0.115090586
Gevenich,2022-08-28 13:00:00,42,val,0.0875,0.11613283
Gevenich,2022-08-28 14:00:00,42,val,0.0905,0.11747878
Gevenich,2022-08-28 15:00:00,42,val,0.0925,0.11857177
Gevenich,2022-08-28 16:00:00,42,val,0.0885,0.11930373
Gevenich,2022-08-28 17:00:00,42,val,0.0885,0.11966406
Gevenich,2022-08-28 18:00:00,42,val,0.089,0.11941633
Gevenich,2022-08-28 19:00:00,42,val,0.089,0.1187942
Gevenich,2022-08-28 20:00:00,42,val,0.0895,0.11747727
Gevenich,2022-08-28 21:00:00,42,val,0.0885,0.1161302
Gevenich,2022-08-28 22:00:00,42,val,0.087,0.11443981
Gevenich,2022-08-28 23:00:00,42,val,0.096,0.11314644
Gevenich,2022-08-29 00:00:00,42,val,0.086,0.112041965
Gevenich,2022-08-29 01:00:00,42,val,0.086,0.11019093
Gevenich,2022-08-29 02:00:00,42,val,0.0875,0.10842388
Gevenich,2022-08-29 03:00:00,42,val,0.0849999999999999,0.10650893
Gevenich,2022-09-12 22:00:00,42,val,0.227,0.18210725
Gevenich,2022-09-12 23:00:00,42,val,0.2265,0.18150084
Gevenich,2022-09-13 00:00:00,42,val,0.225,0.18056783
Gevenich,2022-09-13 01:00:00,42,val,0.2275,0.17957245
Gevenich,2022-09-13 02:00:00,42,val,0.223,0.17844024
Gevenich,2022-09-13 03:00:00,42,val,0.2215,0.17750227
Gevenich,2022-09-13 04:00:00,42,val,0.221,0.17646775
Gevenich,2022-09-13 05:00:00,42,val,0.2185,0.17571999
Gevenich,2022-09-13 06:00:00,42,val,0.2195,0.17510635
Gevenich,2022-09-13 07:00:00,42,val,0.2155,0.17879704
Gevenich,2022-09-13 08:00:00,42,val,0.216,0.1803562
Gevenich,2022-09-13 09:00:00,42,val,0.215,0.18094772
Gevenich,2022-09-13 10:00:00,42,val,0.2145,0.18108551
Gevenich,2022-09-13 11:00:00,42,val,0.2145,0.18109214
Gevenich,2022-09-13 12:00:00,42,val,0.214,0.18148571
Gevenich,2022-09-13 13:00:00,42,val,0.2135,0.18189
Gevenich,2022-09-13 14:00:00,42,val,0.2125,0.18246958
Gevenich,2022-09-13 15:00:00,42,val,0.21,0.18304059
Gevenich,2022-09-13 16:00:00,42,val,0.2105,0.18392974
Gevenich,2022-09-13 17:00:00,42,val,0.212,0.18406172
Gevenich,2022-09-13 18:00:00,42,val,0.21,0.1870279
Gevenich,2022-09-13 19:00:00,42,val,0.2115,0.18980761
Gevenich,2022-09-13 20:00:00,42,val,0.208,0.19360682
Gevenich,2022-09-13 21:00:00,42,val,0.2085,0.1970034
Gevenich,2022-09-13 22:00:00,42,val,0.209,0.19773807
Gevenich,2022-09-13 23:00:00,42,val,0.2075,0.19838549
Gevenich,2022-09-14 00:00:00,42,val,0.207,0.1973748
Gevenich,2022-09-14 01:00:00,42,val,0.206,0.19584504
Gevenich,2022-09-14 02:00:00,42,val,0.205,0.1944697
Gevenich,2022-09-14 03:00:00,42,val,0.204,0.1937329
Gevenich,2022-09-14 04:00:00,42,val,0.2035,0.19302654
Gevenich,2022-09-14 05:00:00,42,val,0.205,0.19257855
Gevenich,2022-09-14 06:00:00,42,val,0.203,0.19800742
Gevenich,2022-09-14 07:00:00,42,val,0.2035,0.21175237
Gevenich,2022-09-21 08:00:00,42,val,0.1995,0.19595116
Gevenich,2022-09-21 09:00:00,42,val,0.198,0.19737345
Gevenich,2022-09-21 10:00:00,42,val,0.199,0.19882049
Gevenich,2022-09-21 11:00:00,42,val,0.2005,0.20026651
Gevenich,2022-09-21 12:00:00,42,val,0.198,0.20162986
Gevenich,2022-09-21 13:00:00,42,val,0.2,0.20338854
Gevenich,2022-09-21 14:00:00,42,val,0.198,0.20521036
Gevenich,2022-09-21 15:00:00,42,val,0.199,0.20669416
Gevenich,2022-09-21 16:00:00,42,val,0.198,0.20763662
Gevenich,2022-09-21 17:00:00,42,val,0.1995,0.20813258
Gevenich,2022-09-21 18:00:00,42,val,0.1995,0.2080475
Gevenich,2022-09-21 19:00:00,42,val,0.198,0.20729943
Gevenich,2022-09-21 20:00:00,42,val,0.1985,0.20593458
Gevenich,2022-09-21 21:00:00,42,val,0.197,0.20450263
Gevenich,2022-09-21 22:00:00,42,val,0.196,0.20266518
Gevenich,2022-09-21 23:00:00,42,val,0.1965,0.20058186
Gevenich,2022-09-22 00:00:00,42,val,0.1965,0.19847508
Gevenich,2022-09-22 01:00:00,42,val,0.197,0.19627446
Gevenich,2022-10-13 12:00:00,42,val,0.162,0.17420557
Gevenich,2022-10-13 13:00:00,42,val,0.161,0.175034
Gevenich,2022-10-13 14:00:00,42,val,0.1815,0.17646602
Gevenich,2022-10-13 15:00:00,42,val,0.201,0.17660323
Gevenich,2022-10-30 14:00:00,42,val,0.1684999999999999,0.18387203
Gevenich,2022-10-30 15:00:00,42,val,0.1674999999999999,0.18465082
Gevenich,2022-10-30 16:00:00,42,val,0.1689999999999999,0.18459548
Gevenich,2022-10-30 17:00:00,42,val,0.1669999999999999,0.1838869
Gevenich,2022-10-30 18:00:00,42,val,0.1684999999999999,0.18311614
Gevenich,2022-10-30 19:00:00,42,val,0.1684999999999999,0.18204275
Gevenich,2022-10-30 20:00:00,42,val,0.1654999999999999,0.18107176
Gevenich,2022-10-30 21:00:00,42,val,0.1669999999999999,0.17974246
Gevenich,2022-10-30 22:00:00,42,val,0.1674999999999999,0.17874132
Gevenich,2022-10-30 23:00:00,42,val,0.1664999999999999,0.17839743
Gevenich,2022-10-31 00:00:00,42,val,0.1664999999999999,0.17853726
Gevenich,2022-10-31 01:00:00,42,val,0.1674999999999999,0.17913553
Gevenich,2022-10-31 02:00:00,42,val,0.1659999999999999,0.17897877
Gevenich,2022-10-31 03:00:00,42,val,0.1649999999999999,0.17819071
Gevenich,2022-10-31 04:00:00,42,val,0.1664999999999999,0.17656457
Gevenich,2022-10-31 05:00:00,42,val,0.1659999999999999,0.17477337
Gevenich,2022-10-31 06:00:00,42,val,0.1644999999999999,0.17298888
Gevenich,2022-10-31 07:00:00,42,val,0.1644999999999999,0.1714753
Gevenich,2022-10-31 08:00:00,42,val,0.1649999999999999,0.17058513
Gevenich,2022-10-31 09:00:00,42,val,0.1639999999999999,0.1705889
Gevenich,2022-10-31 10:00:00,42,val,0.1639999999999999,0.1714398
Gevenich,2022-10-31 11:00:00,42,val,0.1629999999999999,0.17233908
Gevenich,2022-10-31 12:00:00,42,val,0.1619999999999999,0.17347236
Gevenich,2022-10-31 13:00:00,42,val,0.1609999999999999,0.17481476
Gevenich,2022-10-31 14:00:00,42,val,0.1619999999999999,0.17586772
Gevenich,2022-10-31 15:00:00,42,val,0.1599999999999999,0.17650206
Gevenich,2022-10-31 16:00:00,42,val,0.1604999999999999,0.17664117
Gevenich,2022-10-31 17:00:00,42,val,0.1614999999999999,0.17651783
Gevenich,2022-10-31 18:00:00,42,val,0.1619999999999999,0.1759306
Gevenich,2022-10-31 19:00:00,42,val,0.1609999999999999,0.17590697
Gevenich,2022-10-31 20:00:00,42,val,0.1594999999999999,0.17553169
Gevenich,2022-10-31 21:00:00,42,val,0.1609999999999999,0.17518574
Gevenich,2022-10-31 22:00:00,42,val,0.1599999999999999,0.17521647
Gevenich,2022-10-31 23:00:00,42,val,0.1599999999999999,0.17737621
Gevenich,2022-11-08 00:00:00,42,val,0.156,0.16526341
Gevenich,2022-11-08 01:00:00,42,val,0.1545,0.16497868
Gevenich,2022-11-08 02:00:00,42,val,0.1565,0.16449462
Gevenich,2022-11-08 03:00:00,42,val,0.155,0.16375671
Gevenich,2022-11-08 04:00:00,42,val,0.1535,0.16275768
Gevenich,2022-11-08 05:00:00,42,val,0.155,0.1617262
Gevenich,2022-11-08 06:00:00,42,val,0.1545,0.16071032
Gevenich,2022-11-08 07:00:00,42,val,0.1545,0.15981063
Gevenich,2022-11-08 08:00:00,42,val,0.1555,0.15958843
Gevenich,2022-11-08 09:00:00,42,val,0.1555,0.16021411
Gevenich,2022-11-08 10:00:00,42,val,0.153,0.1610972
Gevenich,2022-11-08 11:00:00,42,val,0.155,0.16189614
Gevenich,2022-11-08 12:00:00,42,val,0.154,0.16281663
Gevenich,2022-11-08 13:00:00,42,val,0.1525,0.1635544
Gevenich,2022-11-08 14:00:00,42,val,0.1505,0.16408941
Gevenich,2022-11-08 15:00:00,42,val,0.1515,0.16448289
Gevenich,2022-11-08 16:00:00,42,val,0.1515,0.16473925
Gevenich,2022-11-08 17:00:00,42,val,0.153,0.16485682
Gevenich,2022-11-08 18:00:00,42,val,0.15,0.16500854
Gevenich,2022-11-08 19:00:00,42,val,0.153,0.16505149
Gevenich,2022-11-08 20:00:00,42,val,0.1515,0.1652076
Gevenich,2022-11-08 21:00:00,42,val,0.15,0.1653146
Gevenich,2022-11-08 22:00:00,42,val,0.1495,0.16529453
Gevenich,2022-11-08 23:00:00,42,val,0.1505,0.16518691
Gevenich,2022-11-09 00:00:00,42,val,0.1525,0.16517004
Gevenich,2022-11-09 01:00:00,42,val,0.153,0.16481191
Gevenich,2022-11-09 02:00:00,42,val,0.1505,0.16462515
Gevenich,2022-11-09 03:00:00,42,val,0.1505,0.16417885
Gevenich,2022-11-09 04:00:00,42,val,0.149,0.16350573
Gevenich,2022-11-09 05:00:00,42,val,0.15,0.16315927
Gevenich,2022-11-09 06:00:00,42,val,0.15,0.16248707
Gevenich,2022-11-09 07:00:00,42,val,0.1505,0.16170463
Gevenich,2022-11-09 08:00:00,42,val,0.1485,0.16148785
Gevenich,2022-11-09 09:00:00,42,val,0.147,0.16187862
Gevenich,2022-11-09 10:00:00,42,val,0.1505,0.1623976
Gevenich,2022-11-09 11:00:00,42,val,0.1495,0.1628544
Gevenich,2022-11-09 12:00:00,42,val,0.1475,0.16331542
Gevenich,2022-11-09 13:00:00,42,val,0.1505,0.16352168
Gevenich,2022-11-09 14:00:00,42,val,0.1505,0.16324838
Gevenich,2022-11-09 15:00:00,42,val,0.15,0.16268581
Gevenich,2022-11-09 16:00:00,42,val,0.1485,0.16198471
Gevenich,2022-11-09 17:00:00,42,val,0.1495,0.16113727
Gevenich,2022-11-09 18:00:00,42,val,0.148,0.16007254
Gevenich,2022-11-09 19:00:00,42,val,0.1505,0.15938683
Gevenich,2022-11-09 20:00:00,42,val,0.1475,0.15933236
Gevenich,2022-11-09 21:00:00,42,val,0.15,0.15971747
Gevenich,2022-11-09 22:00:00,42,val,0.148,0.1602687
Gevenich,2022-11-09 23:00:00,42,val,0.149,0.16044784
Gevenich,2022-11-10 00:00:00,42,val,0.1495,0.16057447
Gevenich,2022-11-10 01:00:00,42,val,0.1495,0.1601098
Gevenich,2023-04-13 18:00:00,42,val,0.3045,0.285871
Gevenich,2023-04-13 19:00:00,42,val,0.3055,0.28494325
Gevenich,2023-04-13 20:00:00,42,val,0.3055,0.28407198
Gevenich,2023-04-13 21:00:00,42,val,0.306,0.28315812
Gevenich,2023-04-13 22:00:00,42,val,0.3045,0.2824112
Gevenich,2023-04-13 23:00:00,42,val,0.3045,0.28127232
Gevenich,2023-04-14 00:00:00,42,val,0.308,0.2801695
Gevenich,2023-04-14 01:00:00,42,val,0.306,0.27877036
Gevenich,2023-04-14 02:00:00,42,val,0.307,0.27730015
Gevenich,2023-04-14 03:00:00,42,val,0.307,0.27628165
Gevenich,2023-04-14 04:00:00,42,val,0.3065,0.2756251
Gevenich,2023-04-14 05:00:00,42,val,0.3075,0.27510506
Gevenich,2023-04-14 06:00:00,42,val,0.308,0.274812
Gevenich,2023-04-14 07:00:00,42,val,0.3075,0.2752221
Gevenich,2023-04-14 08:00:00,42,val,0.309,0.27606902
Gevenich,2023-04-14 09:00:00,42,val,0.309,0.27693385
Gevenich,2023-04-14 10:00:00,42,val,0.309,0.27790844
Gevenich,2023-04-14 11:00:00,42,val,0.3075,0.27877793
Gevenich,2023-04-14 12:00:00,42,val,0.284,0.27943248
Gevenich,2023-04-14 13:00:00,42,val,0.308,0.27974808
Gevenich,2023-04-14 14:00:00,42,val,0.3085,0.27979887
Gevenich,2023-04-14 15:00:00,42,val,0.308,0.27977553
Gevenich,2023-04-14 16:00:00,42,val,0.287,0.27987197
Gevenich,2023-05-10 10:00:00,42,val,0.345,0.26605174
Gevenich,2023-05-10 11:00:00,42,val,0.3415,0.26742938
Gevenich,2023-05-10 12:00:00,42,val,0.3379999999999999,0.26788783
Gevenich,2023-05-10 13:00:00,42,val,0.3359999999999999,0.26780355
Gevenich,2023-05-10 14:00:00,42,val,0.3325,0.267202
Gevenich,2023-05-10 15:00:00,42,val,0.3299999999999999,0.266491
Gevenich,2023-05-10 16:00:00,42,val,0.3279999999999999,0.26552182
Gevenich,2023-05-10 17:00:00,42,val,0.3255,0.2646278
Gevenich,2023-05-10 18:00:00,42,val,0.3259999999999999,0.26393268
Gevenich,2023-05-10 19:00:00,42,val,0.3239999999999999,0.2632343
Gevenich,2023-05-10 20:00:00,42,val,0.3215,0.2624628
Gevenich,2023-05-10 21:00:00,42,val,0.3225,0.26169682
Gevenich,2023-05-10 22:00:00,42,val,0.3215,0.26112637
Gevenich,2023-05-10 23:00:00,42,val,0.3199999999999999,0.26082826
Gevenich,2023-05-11 00:00:00,42,val,0.3195,0.26030064
Gevenich,2023-05-11 01:00:00,42,val,0.3185,0.2655719
Gevenich,2023-05-11 02:00:00,42,val,0.3195,0.2680876
Gevenich,2023-05-11 03:00:00,42,val,0.3165,0.26874793
Gevenich,2023-05-11 04:00:00,42,val,0.315,0.2675628
Gevenich,2023-05-11 05:00:00,42,val,0.316,0.2655865
Gevenich,2023-05-11 06:00:00,42,val,0.316,0.26338896
Gevenich,2023-05-11 07:00:00,42,val,0.3165,0.2614156
Gevenich,2023-05-11 08:00:00,42,val,0.316,0.2598985
Gevenich,2023-05-11 09:00:00,42,val,0.3145,0.25874102
Gevenich,2023-05-11 10:00:00,42,val,0.3115,0.25796646
Gevenich,2023-05-11 11:00:00,42,val,0.3105,0.2635911
Gevenich,2023-05-11 12:00:00,42,val,0.308,0.2708106
Gevenich,2023-05-11 13:00:00,42,val,0.305,0.27189457
Gevenich,2023-05-11 14:00:00,42,val,0.3025,0.26979786
Gevenich,2023-05-11 15:00:00,42,val,0.2995,0.2723311
Gevenich,2023-05-18 16:00:00,42,val,0.244,0.25119472
Gevenich,2023-05-18 17:00:00,42,val,0.2445,0.25067964
Gevenich,2023-05-18 18:00:00,42,val,0.2425,0.25032106
Gevenich,2023-05-18 19:00:00,42,val,0.2435,0.24973597
Gevenich,2023-05-18 20:00:00,42,val,0.2435,0.24904332
Gevenich,2023-05-18 21:00:00,42,val,0.242,0.24823436
Gevenich,2023-05-18 22:00:00,42,val,0.2435,0.24751821
Gevenich,2023-05-18 23:00:00,42,val,0.2425,0.24711463
Gevenich,2023-05-19 00:00:00,42,val,0.243,0.24656445
Gevenich,2023-05-19 01:00:00,42,val,0.243,0.24606669
Gevenich,2023-05-19 02:00:00,42,val,0.243,0.24528009
Gevenich,2023-05-19 03:00:00,42,val,0.243,0.24466327
Gevenich,2023-05-19 04:00:00,42,val,0.243,0.2441834
Gevenich,2023-05-19 05:00:00,42,val,0.244,0.24379335
Gevenich,2023-05-19 06:00:00,42,val,0.2415,0.24385788
Gevenich,2023-05-19 07:00:00,42,val,0.2425,0.24426785
Gevenich,2023-05-19 08:00:00,42,val,0.243,0.24465151
Gevenich,2023-05-19 09:00:00,42,val,0.2405,0.24479055
Gevenich,2023-05-19 10:00:00,42,val,0.24,0.24438876
Gevenich,2023-05-19 11:00:00,42,val,0.2395,0.24369805
Gevenich,2023-05-19 12:00:00,42,val,0.237,0.24283195
Gevenich,2023-05-19 13:00:00,42,val,0.237,0.24180463
Gevenich,2023-05-19 14:00:00,42,val,0.2334999999999999,0.24086522
Gevenich,2023-05-19 15:00:00,42,val,0.2324999999999999,0.24015158
Gevenich,2023-05-19 16:00:00,42,val,0.235,0.23947528
Gevenich,2023-05-19 17:00:00,42,val,0.2329999999999999,0.2391037
Gevenich,2023-05-19 18:00:00,42,val,0.2319999999999999,0.23851481
Gevenich,2023-05-19 19:00:00,42,val,0.2309999999999999,0.23732384
Gevenich,2023-05-19 20:00:00,42,val,0.2314999999999999,0.23616403
Gevenich,2023-05-19 21:00:00,42,val,0.2299999999999999,0.23512557
Gevenich,2023-05-19 22:00:00,42,val,0.2304999999999999,0.2340289
Gevenich,2023-05-19 23:00:00,42,val,0.2324999999999999,0.23355505
Gevenich,2023-05-20 00:00:00,42,val,0.2294999999999999,0.23317514
Gevenich,2023-05-20 01:00:00,42,val,0.2289999999999999,0.23287727
Gevenich,2023-05-20 02:00:00,42,val,0.2309999999999999,0.23269644
Gevenich,2023-05-20 03:00:00,42,val,0.2314999999999999,0.23295821
Gevenich,2023-05-20 04:00:00,42,val,0.2314999999999999,0.23315711
Gevenich,2023-05-20 05:00:00,42,val,0.2314999999999999,0.2335841
Gevenich,2023-05-20 06:00:00,42,val,0.2314999999999999,0.23417754
Gevenich,2023-05-20 07:00:00,42,val,0.2314999999999999,0.23471761
Gevenich,2023-05-20 08:00:00,42,val,0.2314999999999999,0.23510307
Gevenich,2023-05-20 09:00:00,42,val,0.2299999999999999,0.23514485
Gevenich,2023-05-20 10:00:00,42,val,0.2284999999999999,0.23492318
Gevenich,2023-05-20 11:00:00,42,val,0.2264999999999999,0.23429202
Gevenich,2023-05-20 12:00:00,42,val,0.2294999999999999,0.23370956
Gevenich,2023-05-20 13:00:00,42,val,0.2289999999999999,0.23301406
Gevenich,2023-05-20 14:00:00,42,val,0.2289999999999999,0.23202457
Gevenich,2023-05-20 15:00:00,42,val,0.2299999999999999,0.23106334
Gevenich,2023-05-20 16:00:00,42,val,0.2299999999999999,0.23003069
Gevenich,2023-05-20 17:00:00,42,val,0.2269999999999999,0.22917399
Gevenich,2023-05-20 18:00:00,42,val,0.2294999999999999,0.2281867
Gevenich,2023-05-20 19:00:00,42,val,0.2284999999999999,0.22724004
Gevenich,2023-06-05 10:00:00,42,val,0.1805,0.19060022
Gevenich,2023-06-05 11:00:00,42,val,0.1815,0.19101372
Gevenich,2023-06-05 12:00:00,42,val,0.1805,0.1912363
Gevenich,2023-06-05 13:00:00,42,val,0.181,0.19100824
Gevenich,2023-06-05 14:00:00,42,val,0.1815,0.19079182
Gevenich,2023-06-05 15:00:00,42,val,0.18,0.19050689
Gevenich,2023-06-05 16:00:00,42,val,0.18,0.1899957
Gevenich,2023-06-05 17:00:00,42,val,0.181,0.18945181
Gevenich,2023-06-05 18:00:00,42,val,0.181,0.18892488
Gevenich,2023-06-05 19:00:00,42,val,0.18,0.1881391
Gevenich,2023-06-05 20:00:00,42,val,0.1815,0.1871649
Gevenich,2023-06-05 21:00:00,42,val,0.1795,0.18594408
Gevenich,2023-06-05 22:00:00,42,val,0.18,0.18488523
Gevenich,2023-06-05 23:00:00,42,val,0.1805,0.18441153
Gevenich,2023-06-06 00:00:00,42,val,0.18,0.18433876
Gevenich,2023-06-06 01:00:00,42,val,0.181,0.18421745
Gevenich,2023-06-06 02:00:00,42,val,0.181,0.18387471
Gevenich,2023-06-06 03:00:00,42,val,0.18,0.18358015
Gevenich,2023-06-06 04:00:00,42,val,0.1795,0.18340026
Gevenich,2023-06-06 05:00:00,42,val,0.1795,0.18346836
Gevenich,2023-06-06 06:00:00,42,val,0.1795,0.18398134
Gevenich,2023-06-06 07:00:00,42,val,0.1795,0.18464752
Gevenich,2023-06-06 08:00:00,42,val,0.1795,0.1849668
Gevenich,2023-06-06 09:00:00,42,val,0.1815,0.18506287
Gevenich,2023-06-06 10:00:00,42,val,0.18,0.18526983
Gevenich,2023-06-06 11:00:00,42,val,0.178,0.18546066
Gevenich,2023-06-06 12:00:00,42,val,0.1795,0.18543343
Gevenich,2023-06-06 13:00:00,42,val,0.177,0.18341331
Gevenich,2023-06-13 14:00:00,42,val,0.125,0.15859495
Gevenich,2023-06-13 15:00:00,42,val,0.131,0.15825221
Gevenich,2023-06-13 16:00:00,42,val,0.126,0.15785536
Gevenich,2023-06-13 17:00:00,42,val,0.131,0.15754817
Gevenich,2023-06-13 18:00:00,42,val,0.131,0.15711142
Gevenich,2023-06-13 19:00:00,42,val,0.13,0.15659527
Gevenich,2023-06-13 20:00:00,42,val,0.132,0.15541188
Gevenich,2023-06-13 21:00:00,42,val,0.1325,0.1547773
Gevenich,2023-06-13 22:00:00,42,val,0.1305,0.15433215
Gevenich,2023-06-13 23:00:00,42,val,0.13,0.15426871
Gevenich,2023-06-14 00:00:00,42,val,0.128,0.15412325
Gevenich,2023-06-14 01:00:00,42,val,0.128,0.15331037
Gevenich,2023-06-14 02:00:00,42,val,0.1275,0.15200664
Gevenich,2023-06-14 03:00:00,42,val,0.131,0.15125588
Gevenich,2023-06-14 04:00:00,42,val,0.1285,0.15047063
Gevenich,2023-06-14 05:00:00,42,val,0.1295,0.150592
Gevenich,2023-07-03 08:00:00,42,val,0.1425,0.16585642
Gevenich,2023-07-03 09:00:00,42,val,0.1395,0.16620205
Gevenich,2023-07-03 10:00:00,42,val,0.142,0.16677988
Gevenich,2023-07-03 11:00:00,42,val,0.14,0.16736056
Gevenich,2023-07-03 12:00:00,42,val,0.141,0.16772842
Gevenich,2023-07-03 13:00:00,42,val,0.1395,0.16792668
Gevenich,2023-07-03 14:00:00,42,val,0.1405,0.16809006
Gevenich,2023-07-03 15:00:00,42,val,0.1395,0.16810095
Gevenich,2023-07-03 16:00:00,42,val,0.1385,0.16771159
Gevenich,2023-07-03 17:00:00,42,val,0.139,0.1670653
Gevenich,2023-07-03 18:00:00,42,val,0.139,0.16653958
Gevenich,2023-07-03 19:00:00,42,val,0.141,0.16594757
Gevenich,2023-07-03 20:00:00,42,val,0.136,0.16512032
Gevenich,2023-07-03 21:00:00,42,val,0.138,0.16431329
Gevenich,2023-07-03 22:00:00,42,val,0.139,0.16372004
Gevenich,2023-07-03 23:00:00,42,val,0.138,0.16315256
Gevenich,2023-07-04 00:00:00,42,val,0.1375,0.16220401
Gevenich,2023-07-04 01:00:00,42,val,0.138,0.16136259
Gevenich,2023-07-11 02:00:00,42,val,0.1124999999999999,0.13704154
Gevenich,2023-07-11 03:00:00,42,val,0.1129999999999999,0.13609949
Gevenich,2023-07-11 04:00:00,42,val,0.1129999999999999,0.13545907
Gevenich,2023-07-11 05:00:00,42,val,0.1119999999999999,0.13579565
Gevenich,2023-07-11 06:00:00,42,val,0.1124999999999999,0.1370453
Gevenich,2023-07-11 07:00:00,42,val,0.1119999999999999,0.13839799
Gevenich,2023-07-11 08:00:00,42,val,0.1149999999999999,0.13917994
Gevenich,2023-07-11 09:00:00,42,val,0.1129999999999999,0.13956907
Gevenich,2023-07-11 10:00:00,42,val,0.1144999999999999,0.13965476
Gevenich,2023-07-11 11:00:00,42,val,0.1114999999999999,0.13937427
Gevenich,2023-07-11 12:00:00,42,val,0.1134999999999999,0.13906534
Gevenich,2023-07-11 13:00:00,42,val,0.1159999999999999,0.13771296
Gevenich,2023-07-11 14:00:00,42,val,0.1164999999999999,0.13719745
Gevenich,2023-07-11 15:00:00,42,val,0.1154999999999999,0.13620001
Gevenich,2023-07-11 16:00:00,42,val,0.1129999999999999,0.13639438
Gevenich,2023-07-11 17:00:00,42,val,0.1134999999999999,0.13701108
Gevenich,2023-07-11 18:00:00,42,val,0.1115,0.13764727
Gevenich,2023-07-11 19:00:00,42,val,0.1134999999999999,0.1380139
Gevenich,2023-07-11 20:00:00,42,val,0.1139999999999999,0.1380443
Gevenich,2023-07-11 21:00:00,42,val,0.1139999999999999,0.13779968
Gevenich,2023-07-11 22:00:00,42,val,0.1124999999999999,0.13754338
Gevenich,2023-07-11 23:00:00,42,val,0.1129999999999999,0.137145
Gevenich,2023-07-12 00:00:00,42,val,0.111,0.13678244
Gevenich,2023-07-12 01:00:00,42,val,0.1104999999999999,0.13833866
Gevenich,2023-07-12 02:00:00,42,val,0.1124999999999999,0.13824163
Gevenich,2023-07-12 03:00:00,42,val,0.1129999999999999,0.13765535
Gevenich,2023-07-27 18:00:00,42,val,0.169,0.18919969
Gevenich,2023-07-27 19:00:00,42,val,0.2145,0.18847674
Gevenich,2023-07-27 20:00:00,42,val,0.2165,0.19237354
Gevenich,2023-07-27 21:00:00,42,val,0.215,0.19231653
Gevenich,2023-07-27 22:00:00,42,val,0.2165,0.19057888
Gevenich,2023-07-27 23:00:00,42,val,0.216,0.19104117
Gevenich,2023-07-28 00:00:00,42,val,0.215,0.18926072
Gevenich,2023-07-28 01:00:00,42,val,0.216,0.18717884
Gevenich,2023-07-28 02:00:00,42,val,0.2135,0.18551284
Gevenich,2023-07-28 03:00:00,42,val,0.216,0.18512876
Gevenich,2023-07-28 04:00:00,42,val,0.216,0.18441759
Gevenich,2023-07-28 05:00:00,42,val,0.2155,0.18474843
Gevenich,2023-08-12 08:00:00,42,val,0.2815,0.31171703
Gevenich,2023-08-12 09:00:00,42,val,0.2804999999999999,0.3156554
Gevenich,2023-08-12 10:00:00,42,val,0.28,0.31412795
Gevenich,2023-08-12 11:00:00,42,val,0.2784999999999999,0.310534
Gevenich,2023-08-12 12:00:00,42,val,0.2754999999999999,0.30576748
Gevenich,2023-08-12 13:00:00,42,val,0.2774999999999999,0.309963
Gevenich,2023-08-12 14:00:00,42,val,0.2754999999999999,0.30956736
Gevenich,2023-08-12 15:00:00,42,val,0.274,0.30682284
Gevenich,2023-08-12 16:00:00,42,val,0.275,0.30316997
Gevenich,2023-08-12 17:00:00,42,val,0.2714999999999999,0.29938716
Gevenich,2023-08-12 18:00:00,42,val,0.272,0.29584402
Gevenich,2023-08-12 19:00:00,42,val,0.271,0.29261684
Gevenich,2023-08-12 20:00:00,42,val,0.2684999999999999,0.28991956
Gevenich,2023-08-12 21:00:00,42,val,0.27,0.28775913
Gevenich,2023-08-12 22:00:00,42,val,0.2684999999999999,0.28607666
Gevenich,2023-08-12 23:00:00,42,val,0.2684999999999999,0.2850179
Gevenich,2023-08-13 00:00:00,42,val,0.268,0.28449845
Gevenich,2023-08-13 01:00:00,42,val,0.2664999999999999,0.2841729
Gevenich,2023-08-13 02:00:00,42,val,0.2655,0.2837112
Gevenich,2023-08-13 03:00:00,42,val,0.267,0.2828122
Gevenich,2023-08-13 04:00:00,42,val,0.2754999999999999,0.2816844
Gevenich,2023-08-13 05:00:00,42,val,0.281,0.28033617
Gevenich,2023-08-13 06:00:00,42,val,0.285,0.27932444
Gevenich,2023-08-13 07:00:00,42,val,0.288,0.27848414
Gevenich,2023-08-13 08:00:00,42,val,0.288,0.27768108
Gevenich,2023-08-13 09:00:00,42,val,0.2895,0.27652216
Gevenich,2023-08-13 10:00:00,42,val,0.2885,0.2754858
Gevenich,2023-08-13 11:00:00,42,val,0.2875,0.27430072
Gevenich,2023-08-13 12:00:00,42,val,0.287,0.27331233
Gevenich,2023-08-13 13:00:00,42,val,0.2885,0.27266368
Gevenich,2023-08-13 14:00:00,42,val,0.285,0.27212903
Gevenich,2023-08-13 15:00:00,42,val,0.2835,0.27176338
Gevenich,2023-08-13 16:00:00,42,val,0.282,0.27139962
Gevenich,2023-08-13 17:00:00,42,val,0.2815,0.2709753
Gevenich,2023-08-13 18:00:00,42,val,0.281,0.27051893
Gevenich,2023-08-13 19:00:00,42,val,0.28,0.2696602
Gevenich,2023-08-13 20:00:00,42,val,0.2794999999999999,0.26883736
Gevenich,2023-08-13 21:00:00,42,val,0.2774999999999999,0.26819405
Gevenich,2023-08-21 02:00:00,42,val,0.215,0.23710829
Gevenich,2023-08-21 03:00:00,42,val,0.213,0.23705289
Gevenich,2023-08-21 04:00:00,42,val,0.214,0.23681125
Gevenich,2023-08-21 05:00:00,42,val,0.2135,0.23675804
Gevenich,2023-08-21 06:00:00,42,val,0.215,0.23692116
Gevenich,2023-08-21 07:00:00,42,val,0.213,0.23727958
Gevenich,2023-08-21 08:00:00,42,val,0.2135,0.23745903
Gevenich,2023-08-21 09:00:00,42,val,0.2125,0.23726472
Gevenich,2023-08-21 10:00:00,42,val,0.212,0.23685275
Gevenich,2023-08-21 11:00:00,42,val,0.21,0.23610978
Gevenich,2023-08-21 12:00:00,42,val,0.207,0.2354568
Gevenich,2023-08-21 13:00:00,42,val,0.207,0.23436998
Gevenich,2023-08-21 14:00:00,42,val,0.2045,0.23334706
Gevenich,2023-08-21 15:00:00,42,val,0.2035,0.23254618
Gevenich,2023-08-21 16:00:00,42,val,0.202,0.23138759
Gevenich,2023-08-21 17:00:00,42,val,0.202,0.23007251
Gevenich,2023-09-14 10:00:00,42,val,0.25,0.2556383
Gevenich,2023-09-14 11:00:00,42,val,0.249,0.25462362
Gevenich,2023-09-14 12:00:00,42,val,0.247,0.2537911
Gevenich,2023-09-14 13:00:00,42,val,0.2445,0.25302482
Gevenich,2023-09-14 14:00:00,42,val,0.2455,0.2562075
Gevenich,2023-09-14 15:00:00,42,val,0.243,0.2567256
Gevenich,2023-09-21 16:00:00,42,val,0.3209999999999999,0.3070305
Gevenich,2023-09-21 17:00:00,42,val,0.3199999999999999,0.31237796
Gevenich,2023-09-21 18:00:00,42,val,0.3195,0.31451178
Gevenich,2023-09-21 19:00:00,42,val,0.3199999999999999,0.31503737
Gevenich,2023-09-21 20:00:00,42,val,0.3189999999999999,0.31402057
Gevenich,2023-09-21 21:00:00,42,val,0.3185,0.31163225
Gevenich,2023-09-21 22:00:00,42,val,0.3189999999999999,0.308717
Gevenich,2023-09-21 23:00:00,42,val,0.3175,0.3057628
Gevenich,2023-09-22 00:00:00,42,val,0.3189999999999999,0.3029879
Gevenich,2023-09-22 01:00:00,42,val,0.3175,0.30061263
Gevenich,2023-09-22 02:00:00,42,val,0.3175,0.29842016
Gevenich,2023-09-22 03:00:00,42,val,0.3165,0.2963932
Gevenich,2023-09-22 04:00:00,42,val,0.3165,0.2945186
Gevenich,2023-09-22 05:00:00,42,val,0.3159999999999999,0.29292342
Gevenich,2023-09-22 06:00:00,42,val,0.3155,0.29147106
Gevenich,2023-09-22 07:00:00,42,val,0.3145,0.29021657
Gevenich,2023-09-22 08:00:00,42,val,0.3145,0.28953427
Gevenich,2023-09-22 09:00:00,42,val,0.3135,0.2888399
Gevenich,2023-09-22 10:00:00,42,val,0.3135,0.287995
Gevenich,2023-09-22 11:00:00,42,val,0.3135,0.28697962
Gevenich,2023-09-22 12:00:00,42,val,0.311,0.2857529
Gevenich,2023-09-22 13:00:00,42,val,0.308,0.2845139
Gevenich,2023-09-22 14:00:00,42,val,0.3055,0.28315246
Gevenich,2023-09-22 15:00:00,42,val,0.3035,0.2892725
Gevenich,2023-09-22 16:00:00,42,val,0.3025,0.29868197
Gevenich,2023-09-22 17:00:00,42,val,0.3015,0.3014261
Gevenich,2023-09-29 18:00:00,42,val,0.2335,0.24784985
Gevenich,2023-09-29 19:00:00,42,val,0.2335,0.24543345
Gevenich,2023-09-29 20:00:00,42,val,0.2355,0.24303827
Gevenich,2023-09-29 21:00:00,42,val,0.2345,0.24123959
Gevenich,2023-09-29 22:00:00,42,val,0.233,0.23976645
Gevenich,2023-09-29 23:00:00,42,val,0.2335,0.23826261
Gevenich,2023-09-30 00:00:00,42,val,0.232,0.23733714
Gevenich,2023-09-30 01:00:00,42,val,0.2335,0.23676391
Gevenich,2023-09-30 02:00:00,42,val,0.2335,0.2361502
Gevenich,2023-09-30 03:00:00,42,val,0.2355,0.23519725
Gevenich,2023-09-30 04:00:00,42,val,0.2325,0.23393245
Gevenich,2023-09-30 05:00:00,42,val,0.2335,0.2329644
Gevenich,2023-09-30 06:00:00,42,val,0.2325,0.23215343
Gevenich,2023-09-30 07:00:00,42,val,0.2325,0.23205267
Gevenich,2023-09-30 08:00:00,42,val,0.2335,0.23255616
Gevenich,2023-09-30 09:00:00,42,val,0.233,0.23341107
Gevenich,2023-09-30 10:00:00,42,val,0.233,0.23460968
Gevenich,2023-09-30 11:00:00,42,val,0.231,0.23567945
Gevenich,2023-09-30 12:00:00,42,val,0.2295,0.23624243
Gevenich,2023-09-30 13:00:00,42,val,0.2275,0.23694347
Gevenich,2023-09-30 14:00:00,42,val,0.2265,0.23722701
Gevenich,2023-09-30 15:00:00,42,val,0.2245,0.23736423
Gevenich,2023-09-30 16:00:00,42,val,0.2255,0.23730902
Gevenich,2023-09-30 17:00:00,42,val,0.2225,0.23721197
Gevenich,2023-09-30 18:00:00,42,val,0.2235,0.23709154
Gevenich,2023-09-30 19:00:00,42,val,0.2235,0.23669814
Gevenich,2023-09-30 20:00:00,42,val,0.2245,0.23585227
Gevenich,2023-09-30 21:00:00,42,val,0.223,0.23490171
Gevenich,2023-09-30 22:00:00,42,val,0.223,0.23378736
Gevenich,2023-09-30 23:00:00,42,val,0.2235,0.23255427
Gevenich,2023-10-01 00:00:00,42,val,0.2235,0.23122361
Gevenich,2023-10-01 01:00:00,42,val,0.2235,0.23030576
Gevenich,2023-10-01 02:00:00,42,val,0.2225,0.23008893
Gevenich,2023-10-01 03:00:00,42,val,0.2235,0.23000571
Gevenich,2023-10-08 20:00:00,42,val,0.181,0.19416389
Gevenich,2023-10-08 21:00:00,42,val,0.1825,0.19334878
Gevenich,2023-10-08 22:00:00,42,val,0.1805,0.19244298
Gevenich,2023-10-08 23:00:00,42,val,0.181,0.19234663
Gevenich,2023-10-09 00:00:00,42,val,0.1795,0.19335791
Gevenich,2023-10-09 01:00:00,42,val,0.181,0.19382522
Gevenich,2023-10-09 02:00:00,42,val,0.183,0.19418904
Gevenich,2023-10-09 03:00:00,42,val,0.181,0.1941913
Gevenich,2023-10-09 04:00:00,42,val,0.182,0.19432503
Gevenich,2023-10-09 05:00:00,42,val,0.179,0.19426265
Merzenhausen,2021-10-18 00:00:00,42,val,0.16,0.15378807
Merzenhausen,2021-10-18 01:00:00,42,val,0.161,0.15256612
Merzenhausen,2021-10-18 02:00:00,42,val,0.152,0.15090993
Merzenhausen,2021-10-18 03:00:00,42,val,0.1565,0.14914322
Merzenhausen,2021-10-18 04:00:00,42,val,0.165,0.14761366
Merzenhausen,2021-10-18 05:00:00,42,val,0.158,0.14514759
Merzenhausen,2021-10-18 06:00:00,42,val,0.158,0.14333151
Merzenhausen,2021-10-18 07:00:00,42,val,0.1535,0.142396
Merzenhausen,2021-10-18 08:00:00,42,val,0.16,0.1428188
Merzenhausen,2021-10-18 09:00:00,42,val,0.169,0.14443916
Merzenhausen,2021-10-18 10:00:00,42,val,0.159,0.14531702
Merzenhausen,2021-10-18 11:00:00,42,val,0.1555,0.14771003
Merzenhausen,2021-10-18 12:00:00,42,val,0.1555,0.1501288
Merzenhausen,2021-10-18 13:00:00,42,val,0.1535,0.15266171
Merzenhausen,2021-10-18 14:00:00,42,val,0.1565,0.15461722
Merzenhausen,2021-10-18 15:00:00,42,val,0.163,0.15433511
Merzenhausen,2021-10-18 16:00:00,42,val,0.163,0.15409614
Merzenhausen,2021-10-18 17:00:00,42,val,0.163,0.15364766
Merzenhausen,2021-10-18 18:00:00,42,val,0.1589999999999999,0.15318683
Merzenhausen,2021-10-18 19:00:00,42,val,0.164,0.15324295
Merzenhausen,2021-10-18 20:00:00,42,val,0.164,0.15371066
Merzenhausen,2021-10-18 21:00:00,42,val,0.164,0.15500863
Merzenhausen,2021-10-18 22:00:00,42,val,0.164,0.15558879
Merzenhausen,2021-10-18 23:00:00,42,val,0.164,0.15582529
Merzenhausen,2021-10-19 00:00:00,42,val,0.164,0.15601453
Merzenhausen,2021-10-19 01:00:00,42,val,0.164,0.15861136
Merzenhausen,2021-10-19 02:00:00,42,val,0.161,0.16853894
Merzenhausen,2021-10-19 03:00:00,42,val,0.165,0.17198841
Merzenhausen,2021-10-19 04:00:00,42,val,0.162,0.17042682
Merzenhausen,2021-10-19 05:00:00,42,val,0.163,0.16720183
Merzenhausen,2021-10-19 06:00:00,42,val,0.163,0.16270673
Merzenhausen,2021-10-19 07:00:00,42,val,0.164,0.15902221
Merzenhausen,2021-10-19 08:00:00,42,val,0.161,0.15548372
Merzenhausen,2021-10-19 09:00:00,42,val,0.161,0.15377235
Merzenhausen,2021-10-19 10:00:00,42,val,0.161,0.15369624
Merzenhausen,2021-10-19 11:00:00,42,val,0.164,0.15501657
Merzenhausen,2021-10-19 12:00:00,42,val,0.164,0.15655924
Merzenhausen,2021-10-19 13:00:00,42,val,0.1725,0.15780546
Merzenhausen,2021-10-19 14:00:00,42,val,0.194,0.15897253
Merzenhausen,2021-10-19 15:00:00,42,val,0.195,0.15941206
Merzenhausen,2021-10-19 16:00:00,42,val,0.198,0.15966539
Merzenhausen,2021-10-19 17:00:00,42,val,0.198,0.15980867
Merzenhausen,2021-10-19 18:00:00,42,val,0.196,0.15922809
Merzenhausen,2021-10-19 19:00:00,42,val,0.145,0.15900993
Merzenhausen,2021-10-19 20:00:00,42,val,0.196,0.1593655
Merzenhausen,2021-10-19 21:00:00,42,val,0.149,0.16028617
Merzenhausen,2021-10-19 22:00:00,42,val,0.1725,0.16145748
Merzenhausen,2021-10-19 23:00:00,42,val,0.196,0.16268456
Merzenhausen,2021-10-20 00:00:00,42,val,0.172,0.1635616
Merzenhausen,2021-10-20 01:00:00,42,val,0.2225,0.16395593
Merzenhausen,2021-10-20 02:00:00,42,val,0.198,0.16283415
Merzenhausen,2021-10-20 03:00:00,42,val,0.1725,0.16168812
Merzenhausen,2021-10-20 04:00:00,42,val,0.247,0.16198061
Merzenhausen,2021-10-20 05:00:00,42,val,0.198,0.1618725
Merzenhausen,2021-10-20 06:00:00,42,val,0.199,0.16167066
Merzenhausen,2021-10-20 07:00:00,42,val,0.199,0.16067772
Merzenhausen,2021-10-20 08:00:00,42,val,0.1975,0.16044591
Merzenhausen,2021-10-20 09:00:00,42,val,0.201,0.16199866
Merzenhausen,2021-10-20 10:00:00,42,val,0.173,0.16277748
Merzenhausen,2021-10-20 11:00:00,42,val,0.15,0.16251518
Merzenhausen,2021-10-20 12:00:00,42,val,0.199,0.16176996
Merzenhausen,2021-10-20 13:00:00,42,val,0.244,0.16052705
Merzenhausen,2021-10-20 14:00:00,42,val,0.155,0.15968168
Merzenhausen,2021-10-20 15:00:00,42,val,0.202,0.16007774
Merzenhausen,2021-10-20 16:00:00,42,val,0.202,0.1609703
Merzenhausen,2021-10-20 17:00:00,42,val,0.199,0.1619412
Merzenhausen,2021-10-20 18:00:00,42,val,0.203,0.16227254
Merzenhausen,2021-10-20 19:00:00,42,val,0.2225,0.16322333
Merzenhausen,2021-10-20 20:00:00,42,val,0.202,0.1644228
Merzenhausen,2021-10-20 21:00:00,42,val,0.202,0.1655838
Merzenhausen,2021-10-20 22:00:00,42,val,0.2225,0.16671893
Merzenhausen,2021-10-20 23:00:00,42,val,0.202,0.16790625
Merzenhausen,2021-10-21 00:00:00,42,val,0.221,0.16862276
Merzenhausen,2021-10-21 01:00:00,42,val,0.202,0.17398024
Merzenhausen,2021-10-21 02:00:00,42,val,0.221,0.17404887
Merzenhausen,2021-10-21 03:00:00,42,val,0.1995,0.17192465
Merzenhausen,2021-10-21 04:00:00,42,val,0.204,0.16847925
Merzenhausen,2021-10-21 05:00:00,42,val,0.204,0.16527173
Merzenhausen,2021-10-21 06:00:00,42,val,0.204,0.16507252
Merzenhausen,2021-10-21 07:00:00,42,val,0.2215,0.1703535
Merzenhausen,2021-10-21 08:00:00,42,val,0.203,0.17059533
Merzenhausen,2021-10-21 09:00:00,42,val,0.2205,0.1673618
Merzenhausen,2021-10-21 10:00:00,42,val,0.1985,0.16334164
Merzenhausen,2021-10-21 11:00:00,42,val,0.2224999999999999,0.16046508
Merzenhausen,2021-10-21 12:00:00,42,val,0.1975,0.16660056
Merzenhausen,2021-10-21 13:00:00,42,val,0.199,0.18317044
Merzenhausen,2021-10-21 14:00:00,42,val,0.2204999999999999,0.18987149
Merzenhausen,2021-10-21 15:00:00,42,val,0.22,0.19062226
Merzenhausen,2021-10-21 16:00:00,42,val,0.198,0.18916178
Merzenhausen,2021-10-21 17:00:00,42,val,0.2215,0.1906667
Merzenhausen,2021-10-21 18:00:00,42,val,0.203,0.18909238
Merzenhausen,2021-10-21 19:00:00,42,val,0.2214999999999999,0.17926973
Merzenhausen,2021-10-21 20:00:00,42,val,0.203,0.17467912
Merzenhausen,2021-10-21 21:00:00,42,val,0.236,0.16710216
Merzenhausen,2021-10-21 22:00:00,42,val,0.204,0.16268332
Merzenhausen,2021-10-21 23:00:00,42,val,0.204,0.16374892
Merzenhausen,2021-10-22 00:00:00,42,val,0.205,0.16430004
Merzenhausen,2021-10-22 01:00:00,42,val,0.204,0.1708299
Merzenhausen,2021-10-22 02:00:00,42,val,0.202,0.17578466
Merzenhausen,2021-10-22 03:00:00,42,val,0.204,0.17566592
Merzenhausen,2021-10-22 04:00:00,42,val,0.205,0.182668
Merzenhausen,2021-10-22 05:00:00,42,val,0.205,0.185868
Merzenhausen,2021-10-22 06:00:00,42,val,0.205,0.1867353
Merzenhausen,2021-10-22 07:00:00,42,val,0.219,0.18648274
Merzenhausen,2021-10-22 08:00:00,42,val,0.206,0.18569587
Merzenhausen,2021-10-22 09:00:00,42,val,0.205,0.1853652
Merzenhausen,2021-10-22 10:00:00,42,val,0.218,0.18141045
Merzenhausen,2021-10-22 11:00:00,42,val,0.203,0.17300867
Merzenhausen,2021-10-22 12:00:00,42,val,0.2185,0.17134228
Merzenhausen,2021-10-22 13:00:00,42,val,0.204,0.17966321
Merzenhausen,2021-10-22 14:00:00,42,val,0.201,0.1783142
Merzenhausen,2021-10-22 15:00:00,42,val,0.235,0.1796161
Merzenhausen,2021-10-22 16:00:00,42,val,0.2204999999999999,0.1819218
Merzenhausen,2021-10-22 17:00:00,42,val,0.206,0.18380657
Merzenhausen,2021-10-22 18:00:00,42,val,0.206,0.18660411
Merzenhausen,2021-10-22 19:00:00,42,val,0.206,0.19241634
Merzenhausen,2021-10-22 20:00:00,42,val,0.234,0.19440569
Merzenhausen,2021-10-22 21:00:00,42,val,0.204,0.19424342
Merzenhausen,2021-10-22 22:00:00,42,val,0.219,0.19565617
Merzenhausen,2021-10-22 23:00:00,42,val,0.205,0.19497286
Merzenhausen,2021-10-23 00:00:00,42,val,0.2175,0.19612132
Merzenhausen,2021-10-23 01:00:00,42,val,0.205,0.19552024
Merzenhausen,2021-10-23 02:00:00,42,val,0.217,0.19632174
Merzenhausen,2021-10-23 03:00:00,42,val,0.206,0.19456425
Merzenhausen,2021-10-23 04:00:00,42,val,0.206,0.19242142
Merzenhausen,2021-10-23 05:00:00,42,val,0.206,0.19047503
Merzenhausen,2021-10-23 06:00:00,42,val,0.203,0.1887831
Merzenhausen,2021-10-23 07:00:00,42,val,0.204,0.18993121
Merzenhausen,2021-10-23 08:00:00,42,val,0.204,0.18989587
Merzenhausen,2021-10-23 09:00:00,42,val,0.2155,0.19174618
Merzenhausen,2021-10-23 10:00:00,42,val,0.215,0.19118261
Merzenhausen,2021-10-23 11:00:00,42,val,0.205,0.19307426
Merzenhausen,2021-10-23 12:00:00,42,val,0.207,0.1922511
Merzenhausen,2021-10-23 13:00:00,42,val,0.217,0.19054866
Merzenhausen,2021-10-23 14:00:00,42,val,0.206,0.19186705
Merzenhausen,2021-10-23 15:00:00,42,val,0.2155,0.19422962
Merzenhausen,2021-10-23 16:00:00,42,val,0.215,0.19334991
Merzenhausen,2021-10-23 17:00:00,42,val,0.203,0.19408318
Merzenhausen,2021-10-23 18:00:00,42,val,0.206,0.19265959
Merzenhausen,2021-10-23 19:00:00,42,val,0.206,0.19295804
Merzenhausen,2021-10-23 20:00:00,42,val,0.206,0.1917346
Merzenhausen,2021-10-23 21:00:00,42,val,0.206,0.19394559
Merzenhausen,2021-10-23 22:00:00,42,val,0.206,0.19403103
Merzenhausen,2021-10-23 23:00:00,42,val,0.218,0.19271216
Merzenhausen,2021-10-24 00:00:00,42,val,0.206,0.19086185
Merzenhausen,2021-10-24 01:00:00,42,val,0.2165,0.18859354
Merzenhausen,2021-10-24 02:00:00,42,val,0.206,0.1862441
Merzenhausen,2021-10-24 03:00:00,42,val,0.206,0.1847204
Merzenhausen,2021-10-24 04:00:00,42,val,0.2175,0.1837997
Merzenhausen,2021-10-24 05:00:00,42,val,0.206,0.1830777
Merzenhausen,2021-10-24 06:00:00,42,val,0.206,0.18263538
Merzenhausen,2021-10-24 07:00:00,42,val,0.206,0.18444791
Merzenhausen,2021-10-24 08:00:00,42,val,0.2175,0.18572824
Merzenhausen,2021-10-24 09:00:00,42,val,0.205,0.18681751
Merzenhausen,2021-10-24 10:00:00,42,val,0.205,0.18949567
Merzenhausen,2021-10-24 11:00:00,42,val,0.173,0.19098102
Merzenhausen,2021-10-24 12:00:00,42,val,0.2195,0.19338852
Merzenhausen,2021-10-24 13:00:00,42,val,0.219,0.19375926
Merzenhausen,2021-10-24 14:00:00,42,val,0.2025,0.19276257
Merzenhausen,2021-10-24 15:00:00,42,val,0.209,0.19623908
Merzenhausen,2021-10-24 16:00:00,42,val,0.2185,0.19888112
Merzenhausen,2021-10-24 17:00:00,42,val,0.209,0.19782735
Merzenhausen,2021-10-24 18:00:00,42,val,0.209,0.19507742
Merzenhausen,2021-10-24 19:00:00,42,val,0.202,0.1921652
Merzenhausen,2021-10-24 20:00:00,42,val,0.207,0.19314979
Merzenhausen,2021-10-24 21:00:00,42,val,0.207,0.19226314
Merzenhausen,2021-10-24 22:00:00,42,val,0.2165,0.19190224
Merzenhausen,2021-10-24 23:00:00,42,val,0.207,0.18983053
Merzenhausen,2021-10-25 00:00:00,42,val,0.201,0.18907529
Merzenhausen,2021-10-25 01:00:00,42,val,0.207,0.18909615
Merzenhausen,2021-10-25 02:00:00,42,val,0.217,0.19090977
Merzenhausen,2021-10-25 03:00:00,42,val,0.207,0.19117665
Merzenhausen,2021-10-25 04:00:00,42,val,0.207,0.18995702
Merzenhausen,2021-10-25 05:00:00,42,val,0.217,0.18826123
Merzenhausen,2021-10-25 06:00:00,42,val,0.207,0.1863764
Merzenhausen,2021-10-25 07:00:00,42,val,0.217,0.18496037
Merzenhausen,2021-10-25 08:00:00,42,val,0.217,0.18477061
Merzenhausen,2021-10-25 09:00:00,42,val,0.207,0.18704158
Merzenhausen,2021-10-25 10:00:00,42,val,0.227,0.19011807
Merzenhausen,2021-10-25 11:00:00,42,val,0.209,0.1915194
Merzenhausen,2021-10-25 12:00:00,42,val,0.208,0.19219187
Merzenhausen,2021-10-25 13:00:00,42,val,0.2175,0.19393532
Merzenhausen,2021-10-25 14:00:00,42,val,0.208,0.19424345
Merzenhausen,2021-10-25 15:00:00,42,val,0.207,0.19498676
Merzenhausen,2021-10-25 16:00:00,42,val,0.207,0.20042375
Merzenhausen,2021-10-25 17:00:00,42,val,0.207,0.20033596
Merzenhausen,2021-10-25 18:00:00,42,val,0.208,0.19793454
Merzenhausen,2021-10-25 19:00:00,42,val,0.2175,0.19511963
Merzenhausen,2021-10-25 20:00:00,42,val,0.209,0.19275013
Merzenhausen,2021-10-25 21:00:00,42,val,0.2005,0.1913204
Merzenhausen,2021-10-25 22:00:00,42,val,0.207,0.19075957
Merzenhausen,2021-10-25 23:00:00,42,val,0.208,0.19242656
Merzenhausen,2021-10-26 00:00:00,42,val,0.205,0.19438046
Merzenhausen,2021-10-26 01:00:00,42,val,0.206,0.19644041
Merzenhausen,2021-10-26 02:00:00,42,val,0.206,0.19698705
Merzenhausen,2021-10-26 03:00:00,42,val,0.204,0.19654796
Merzenhausen,2021-10-26 04:00:00,42,val,0.206,0.19704702
Merzenhausen,2021-10-26 05:00:00,42,val,0.207,0.19648549
Merzenhausen,2021-10-26 06:00:00,42,val,0.209,0.19535658
Merzenhausen,2021-10-26 07:00:00,42,val,0.209,0.19416828
Merzenhausen,2021-10-26 08:00:00,42,val,0.206,0.19476661
Merzenhausen,2021-10-26 09:00:00,42,val,0.206,0.19439429
Merzenhausen,2021-10-26 10:00:00,42,val,0.207,0.1936354
Merzenhausen,2021-10-26 11:00:00,42,val,0.204,0.18799788
Merzenhausen,2021-10-26 12:00:00,42,val,0.206,0.18797038
Merzenhausen,2021-10-26 13:00:00,42,val,0.206,0.1905637
Merzenhausen,2021-10-26 14:00:00,42,val,0.208,0.19147113
Merzenhausen,2021-10-26 15:00:00,42,val,0.207,0.19235899
Merzenhausen,2021-10-26 16:00:00,42,val,0.207,0.19428936
Merzenhausen,2021-10-26 17:00:00,42,val,0.207,0.19486241
Merzenhausen,2021-10-26 18:00:00,42,val,0.207,0.19458918
Merzenhausen,2021-10-26 19:00:00,42,val,0.208,0.19316259
Merzenhausen,2021-10-26 20:00:00,42,val,0.208,0.19254237
Merzenhausen,2021-10-26 21:00:00,42,val,0.206,0.19258347
Merzenhausen,2021-10-26 22:00:00,42,val,0.205,0.19431537
Merzenhausen,2021-10-26 23:00:00,42,val,0.206,0.1955097
Merzenhausen,2021-10-27 00:00:00,42,val,0.212,0.19547842
Merzenhausen,2021-10-27 01:00:00,42,val,0.203,0.19560075
Merzenhausen,2021-10-27 02:00:00,42,val,0.203,0.19686107
Merzenhausen,2021-10-27 03:00:00,42,val,0.2105,0.19692402
Merzenhausen,2021-10-27 04:00:00,42,val,0.204,0.19628266
Merzenhausen,2021-10-27 05:00:00,42,val,0.206,0.19700944
Merzenhausen,2021-10-27 06:00:00,42,val,0.2105,0.19680472
Merzenhausen,2021-10-27 07:00:00,42,val,0.207,0.19740468
Merzenhausen,2021-10-27 08:00:00,42,val,0.209,0.19840199
Merzenhausen,2021-10-27 09:00:00,42,val,0.209,0.19804622
Merzenhausen,2021-10-27 10:00:00,42,val,0.206,0.20002459
Merzenhausen,2021-10-27 11:00:00,42,val,0.212,0.20020555
Merzenhausen,2021-10-27 12:00:00,42,val,0.209,0.19932821
Merzenhausen,2021-10-27 13:00:00,42,val,0.211,0.19957507
Merzenhausen,2021-10-27 14:00:00,42,val,0.209,0.19886646
Merzenhausen,2021-10-27 15:00:00,42,val,0.209,0.1976481
Merzenhausen,2021-10-27 16:00:00,42,val,0.208,0.19614533
Merzenhausen,2021-10-27 17:00:00,42,val,0.209,0.19436643
Merzenhausen,2021-10-27 18:00:00,42,val,0.209,0.19278501
Merzenhausen,2021-10-27 19:00:00,42,val,0.21,0.19238041
Merzenhausen,2021-10-27 20:00:00,42,val,0.206,0.19142127
Merzenhausen,2021-10-27 21:00:00,42,val,0.207,0.18951003
Merzenhausen,2021-10-27 22:00:00,42,val,0.207,0.18809414
Merzenhausen,2021-10-27 23:00:00,42,val,0.207,0.18737766
Merzenhausen,2021-10-28 00:00:00,42,val,0.207,0.18670253
Merzenhausen,2021-10-28 01:00:00,42,val,0.207,0.18643004
Merzenhausen,2021-10-28 02:00:00,42,val,0.207,0.18637349
Merzenhausen,2021-10-28 03:00:00,42,val,0.207,0.18590796
Merzenhausen,2021-10-28 04:00:00,42,val,0.197,0.18568872
Merzenhausen,2021-10-28 05:00:00,42,val,0.205,0.18547776
Merzenhausen,2021-10-28 06:00:00,42,val,0.205,0.18599679
Merzenhausen,2021-10-28 07:00:00,42,val,0.205,0.18677242
Merzenhausen,2021-10-28 08:00:00,42,val,0.205,0.1874439
Merzenhausen,2021-10-28 09:00:00,42,val,0.205,0.18831477
Merzenhausen,2021-10-28 10:00:00,42,val,0.205,0.1893778
Merzenhausen,2021-10-28 11:00:00,42,val,0.205,0.18999514
Merzenhausen,2021-10-28 12:00:00,42,val,0.209,0.19069831
Merzenhausen,2021-10-28 13:00:00,42,val,0.207,0.1914384
Merzenhausen,2021-10-28 14:00:00,42,val,0.207,0.19248302
Merzenhausen,2021-10-28 15:00:00,42,val,0.207,0.19334188
Merzenhausen,2021-10-28 16:00:00,42,val,0.207,0.19376245
Merzenhausen,2021-10-28 17:00:00,42,val,0.207,0.1933955
Merzenhausen,2021-10-28 18:00:00,42,val,0.207,0.19266161
Merzenhausen,2021-10-28 19:00:00,42,val,0.207,0.19202201
Merzenhausen,2021-10-28 20:00:00,42,val,0.207,0.19147477
Merzenhausen,2021-10-28 21:00:00,42,val,0.207,0.19109865
Merzenhausen,2021-10-28 22:00:00,42,val,0.207,0.1909014
Merzenhausen,2021-10-28 23:00:00,42,val,0.207,0.19122796
Merzenhausen,2021-10-29 00:00:00,42,val,0.207,0.1922678
Merzenhausen,2021-10-29 01:00:00,42,val,0.208,0.19254674
Merzenhausen,2021-10-29 02:00:00,42,val,0.205,0.19174515
Merzenhausen,2021-10-29 03:00:00,42,val,0.205,0.19157423
Merzenhausen,2021-10-29 04:00:00,42,val,0.206,0.1908173
Merzenhausen,2021-10-29 05:00:00,42,val,0.206,0.189935
Merzenhausen,2021-10-29 06:00:00,42,val,0.206,0.19005267
Merzenhausen,2021-10-29 07:00:00,42,val,0.203,0.19024362
Merzenhausen,2021-10-29 08:00:00,42,val,0.203,0.19063127
Merzenhausen,2021-10-29 09:00:00,42,val,0.203,0.19112168
Merzenhausen,2021-10-29 10:00:00,42,val,0.203,0.19142719
Merzenhausen,2021-10-29 11:00:00,42,val,0.202,0.19263478
Merzenhausen,2021-10-29 12:00:00,42,val,0.206,0.19368155
Merzenhausen,2021-10-29 13:00:00,42,val,0.205,0.19490221
Merzenhausen,2021-10-29 14:00:00,42,val,0.206,0.19569433
Merzenhausen,2021-10-29 15:00:00,42,val,0.206,0.19615288
Merzenhausen,2021-10-29 16:00:00,42,val,0.203,0.19603053
Merzenhausen,2021-10-29 17:00:00,42,val,0.203,0.19571096
Merzenhausen,2021-10-29 18:00:00,42,val,0.203,0.19532968
Merzenhausen,2021-10-29 19:00:00,42,val,0.204,0.19555499
Merzenhausen,2021-10-29 20:00:00,42,val,0.206,0.19532372
Merzenhausen,2021-10-29 21:00:00,42,val,0.214,0.19607943
Merzenhausen,2021-10-29 22:00:00,42,val,0.223,0.1964474
Merzenhausen,2021-10-29 23:00:00,42,val,0.228,0.19656871
Merzenhausen,2021-10-30 00:00:00,42,val,0.234,0.19641101
Merzenhausen,2021-10-30 01:00:00,42,val,0.235,0.1962808
Merzenhausen,2021-10-30 02:00:00,42,val,0.238,0.19592737
Merzenhausen,2021-10-30 03:00:00,42,val,0.242,0.195826
Merzenhausen,2021-10-30 04:00:00,42,val,0.242,0.19599065
Merzenhausen,2021-10-30 05:00:00,42,val,0.244,0.19741638
Merzenhausen,2021-10-30 06:00:00,42,val,0.247,0.19730765
Merzenhausen,2021-10-30 07:00:00,42,val,0.249,0.19635388
Merzenhausen,2021-10-30 08:00:00,42,val,0.246,0.19526549
Merzenhausen,2021-10-30 09:00:00,42,val,0.247,0.19481748
Merzenhausen,2021-10-30 10:00:00,42,val,0.248,0.1942579
Merzenhausen,2021-10-30 11:00:00,42,val,0.248,0.19374834
Merzenhausen,2021-10-30 12:00:00,42,val,0.251,0.19400603
Merzenhausen,2021-10-30 13:00:00,42,val,0.251,0.19427666
Merzenhausen,2021-10-30 14:00:00,42,val,0.251,0.19444668
Merzenhausen,2021-10-30 15:00:00,42,val,0.25,0.19443072
Merzenhausen,2021-10-30 16:00:00,42,val,0.251,0.19429374
Merzenhausen,2021-10-30 17:00:00,42,val,0.251,0.19405952
Merzenhausen,2021-10-30 18:00:00,42,val,0.251,0.19394419
Merzenhausen,2021-10-30 19:00:00,42,val,0.251,0.19575576
Merzenhausen,2021-10-30 20:00:00,42,val,0.253,0.19923003
Merzenhausen,2021-10-30 21:00:00,42,val,0.2515,0.20017084
Merzenhausen,2021-10-30 22:00:00,42,val,0.248,0.19956434
Merzenhausen,2021-10-30 23:00:00,42,val,0.248,0.19805701
Merzenhausen,2021-10-31 00:00:00,42,val,0.248,0.19671237
Merzenhausen,2021-10-31 01:00:00,42,val,0.252,0.19539908
Merzenhausen,2021-10-31 02:00:00,42,val,0.256,0.19408628
Merzenhausen,2021-10-31 03:00:00,42,val,0.251,0.19268999
Merzenhausen,2021-10-31 04:00:00,42,val,0.251,0.19172302
Merzenhausen,2021-10-31 05:00:00,42,val,0.251,0.19093265
Merzenhausen,2021-10-31 06:00:00,42,val,0.249,0.19045548
Merzenhausen,2021-10-31 07:00:00,42,val,0.249,0.1896599
Merzenhausen,2021-10-31 08:00:00,42,val,0.247,0.18895017
Merzenhausen,2021-10-31 09:00:00,42,val,0.247,0.18874861
Merzenhausen,2021-10-31 10:00:00,42,val,0.2505,0.18884921
Merzenhausen,2021-10-31 11:00:00,42,val,0.247,0.18900591
Merzenhausen,2021-10-31 12:00:00,42,val,0.252,0.18993643
Merzenhausen,2021-10-31 13:00:00,42,val,0.248,0.19101842
Merzenhausen,2021-10-31 14:00:00,42,val,0.253,0.19223654
Merzenhausen,2021-10-31 15:00:00,42,val,0.25,0.19336295
Merzenhausen,2021-10-31 16:00:00,42,val,0.252,0.19379658
Merzenhausen,2021-10-31 17:00:00,42,val,0.2535,0.1944269
Merzenhausen,2021-10-31 18:00:00,42,val,0.256,0.19475742
Merzenhausen,2021-10-31 19:00:00,42,val,0.254,0.20826404
Merzenhausen,2021-10-31 20:00:00,42,val,0.254,0.2233397
Merzenhausen,2021-10-31 21:00:00,42,val,0.253,0.22539571
Merzenhausen,2021-10-31 22:00:00,42,val,0.254,0.2212677
Merzenhausen,2021-10-31 23:00:00,42,val,0.253,0.21595173
Merzenhausen,2021-11-01 00:00:00,42,val,0.2515,0.21178763
Merzenhausen,2021-11-01 01:00:00,42,val,0.253,0.20944338
Merzenhausen,2021-11-01 02:00:00,42,val,0.252,0.20868696
Merzenhausen,2021-11-01 03:00:00,42,val,0.253,0.20972897
Merzenhausen,2021-11-01 04:00:00,42,val,0.253,0.21172051
Merzenhausen,2021-11-01 05:00:00,42,val,0.251,0.21387628
Merzenhausen,2021-11-01 06:00:00,42,val,0.253,0.21617006
Merzenhausen,2021-11-01 07:00:00,42,val,0.2515,0.21854782
Merzenhausen,2021-11-01 08:00:00,42,val,0.251,0.22031428
Merzenhausen,2021-11-01 09:00:00,42,val,0.253,0.22164622
Merzenhausen,2021-11-01 10:00:00,42,val,0.25,0.22267975
Merzenhausen,2021-11-01 11:00:00,42,val,0.251,0.22340336
Merzenhausen,2021-11-01 12:00:00,42,val,0.251,0.22428146
Merzenhausen,2021-11-01 13:00:00,42,val,0.255,0.22503772
Merzenhausen,2021-11-01 14:00:00,42,val,0.263,0.22554497
Merzenhausen,2021-11-01 15:00:00,42,val,0.276,0.22557302
Merzenhausen,2021-11-01 16:00:00,42,val,0.287,0.22508787
Merzenhausen,2021-11-01 17:00:00,42,val,0.299,0.22419384
Merzenhausen,2021-11-01 18:00:00,42,val,0.312,0.2232559
Merzenhausen,2021-11-01 19:00:00,42,val,0.318,0.22247298
Merzenhausen,2021-11-01 20:00:00,42,val,0.323,0.22246459
Merzenhausen,2021-11-01 21:00:00,42,val,0.324,0.22251956
Merzenhausen,2021-11-01 22:00:00,42,val,0.323,0.2220158
Merzenhausen,2021-11-01 23:00:00,42,val,0.326,0.2212722
Merzenhausen,2021-11-02 00:00:00,42,val,0.326,0.22059168
Merzenhausen,2021-11-02 01:00:00,42,val,0.324,0.22036536
Merzenhausen,2021-11-02 02:00:00,42,val,0.325,0.2208317
Merzenhausen,2021-11-02 03:00:00,42,val,0.322,0.22075634
Merzenhausen,2021-11-02 04:00:00,42,val,0.324,0.22040026
Merzenhausen,2021-11-02 05:00:00,42,val,0.322,0.21970174
Merzenhausen,2021-11-02 06:00:00,42,val,0.321,0.21873268
Merzenhausen,2021-11-02 07:00:00,42,val,0.322,0.21805966
Merzenhausen,2021-11-02 08:00:00,42,val,0.319,0.2177984
Merzenhausen,2021-11-02 09:00:00,42,val,0.32,0.21794361
Merzenhausen,2021-11-02 10:00:00,42,val,0.317,0.21872504
Merzenhausen,2021-11-02 11:00:00,42,val,0.319,0.21928914
Merzenhausen,2021-11-02 12:00:00,42,val,0.319,0.22037081
Merzenhausen,2021-11-02 13:00:00,42,val,0.2985,0.22098686
Merzenhausen,2021-11-02 14:00:00,42,val,0.317,0.22610435
Merzenhausen,2021-11-02 15:00:00,42,val,0.319,0.22779381
Merzenhausen,2021-11-02 16:00:00,42,val,0.3215,0.22730066
Merzenhausen,2021-11-02 17:00:00,42,val,0.317,0.22588351
Merzenhausen,2021-11-02 18:00:00,42,val,0.3195,0.22444902
Merzenhausen,2021-11-02 19:00:00,42,val,0.297,0.2227667
Merzenhausen,2021-11-02 20:00:00,42,val,0.314,0.22112282
Merzenhausen,2021-11-02 21:00:00,42,val,0.314,0.22000858
Merzenhausen,2021-11-02 22:00:00,42,val,0.312,0.21912827
Merzenhausen,2021-11-02 23:00:00,42,val,0.314,0.21862558
Merzenhausen,2021-11-03 00:00:00,42,val,0.311,0.21791631
Merzenhausen,2021-11-03 01:00:00,42,val,0.312,0.21751277
Merzenhausen,2021-11-03 02:00:00,42,val,0.312,0.21736832
Merzenhausen,2021-11-03 03:00:00,42,val,0.318,0.21756108
Merzenhausen,2021-11-03 04:00:00,42,val,0.31,0.21812658
Merzenhausen,2021-11-03 05:00:00,42,val,0.318,0.21874431
Merzenhausen,2021-11-03 06:00:00,42,val,0.3165,0.21933967
Merzenhausen,2021-11-03 07:00:00,42,val,0.309,0.21963358
Merzenhausen,2021-11-03 08:00:00,42,val,0.309,0.21969518
Merzenhausen,2021-11-03 09:00:00,42,val,0.31,0.22005981
Merzenhausen,2021-11-03 10:00:00,42,val,0.307,0.22013752
Merzenhausen,2021-11-03 11:00:00,42,val,0.309,0.22432125
Merzenhausen,2021-11-03 12:00:00,42,val,0.307,0.22994816
Merzenhausen,2021-11-03 13:00:00,42,val,0.309,0.23538347
Merzenhausen,2021-11-03 14:00:00,42,val,0.309,0.24016169
Merzenhausen,2021-11-03 15:00:00,42,val,0.307,0.24141209
Merzenhausen,2021-11-03 16:00:00,42,val,0.307,0.24266605
Merzenhausen,2021-11-03 17:00:00,42,val,0.305,0.24680558
Merzenhausen,2021-11-03 18:00:00,42,val,0.277,0.25062114
Merzenhausen,2021-11-03 19:00:00,42,val,0.316,0.2543298
Merzenhausen,2021-11-03 20:00:00,42,val,0.351,0.25795203
Merzenhausen,2021-11-03 21:00:00,42,val,0.354,0.26118135
Merzenhausen,2021-11-03 22:00:00,42,val,0.348,0.26369464
Merzenhausen,2021-11-03 23:00:00,42,val,0.346,0.26628998
Merzenhausen,2021-11-04 00:00:00,42,val,0.3535,0.26827866
Merzenhausen,2021-11-04 01:00:00,42,val,0.353,0.2695337
Merzenhausen,2021-11-04 02:00:00,42,val,0.343,0.27048805
Merzenhausen,2021-11-04 03:00:00,42,val,0.341,0.27086365
Merzenhausen,2021-11-04 04:00:00,42,val,0.343,0.27108806
Merzenhausen,2021-11-04 05:00:00,42,val,0.35,0.2711668
Merzenhausen,2021-11-04 06:00:00,42,val,0.316,0.27106395
Merzenhausen,2021-11-04 07:00:00,42,val,0.34,0.2710306
Merzenhausen,2021-11-04 08:00:00,42,val,0.338,0.27074137
Merzenhausen,2021-11-04 09:00:00,42,val,0.338,0.2705953
Merzenhausen,2021-11-04 10:00:00,42,val,0.337,0.27026826
Merzenhausen,2021-11-04 11:00:00,42,val,0.337,0.27068096
Merzenhausen,2021-11-04 12:00:00,42,val,0.338,0.27082604
Merzenhausen,2021-11-04 13:00:00,42,val,0.347,0.26854992
Merzenhausen,2021-11-04 14:00:00,42,val,0.335,0.26750517
Merzenhausen,2021-11-04 15:00:00,42,val,0.335,0.26722574
Merzenhausen,2021-11-04 16:00:00,42,val,0.333,0.26749617
Merzenhausen,2021-11-04 17:00:00,42,val,0.332,0.2673661
Merzenhausen,2021-11-04 18:00:00,42,val,0.3135,0.2673176
Merzenhausen,2021-11-04 19:00:00,42,val,0.332,0.2649918
Merzenhausen,2021-11-04 20:00:00,42,val,0.3429999999999999,0.2637491
Merzenhausen,2021-11-04 21:00:00,42,val,0.328,0.26310816
Merzenhausen,2021-11-04 22:00:00,42,val,0.329,0.2627337
Merzenhausen,2021-11-04 23:00:00,42,val,0.327,0.2628926
Merzenhausen,2021-11-05 00:00:00,42,val,0.326,0.26318446
Merzenhausen,2021-11-05 01:00:00,42,val,0.327,0.2641313
Merzenhausen,2021-11-05 02:00:00,42,val,0.325,0.26488543
Merzenhausen,2021-11-05 03:00:00,42,val,0.3385,0.26593676
Merzenhausen,2021-11-05 04:00:00,42,val,0.325,0.26622683
Merzenhausen,2021-11-05 05:00:00,42,val,0.325,0.26670247
Merzenhausen,2021-11-05 06:00:00,42,val,0.322,0.26725057
Merzenhausen,2021-11-05 07:00:00,42,val,0.324,0.2668729
Merzenhausen,2021-11-05 08:00:00,42,val,0.324,0.26625168
Merzenhausen,2021-11-05 09:00:00,42,val,0.324,0.26576632
Merzenhausen,2021-11-05 10:00:00,42,val,0.325,0.2655745
Merzenhausen,2021-11-05 11:00:00,42,val,0.322,0.26528612
Merzenhausen,2021-11-05 12:00:00,42,val,0.322,0.2647484
Merzenhausen,2021-11-05 13:00:00,42,val,0.32,0.26445383
Merzenhausen,2021-11-05 14:00:00,42,val,0.322,0.26420096
Merzenhausen,2021-11-05 15:00:00,42,val,0.32,0.26370272
Merzenhausen,2021-11-05 16:00:00,42,val,0.317,0.26303485
Merzenhausen,2021-11-05 17:00:00,42,val,0.319,0.26907468
Merzenhausen,2021-11-05 18:00:00,42,val,0.317,0.27217853
Merzenhausen,2021-11-05 19:00:00,42,val,0.317,0.27201763
Merzenhausen,2021-11-05 20:00:00,42,val,0.317,0.27384537
Merzenhausen,2021-11-05 21:00:00,42,val,0.315,0.27644745
Merzenhausen,2021-11-05 22:00:00,42,val,0.315,0.27848375
Merzenhausen,2021-11-05 23:00:00,42,val,0.314,0.28008968
Merzenhausen,2021-11-06 00:00:00,42,val,0.314,0.2814625
Merzenhausen,2021-11-06 01:00:00,42,val,0.315,0.28300473
Merzenhausen,2021-11-06 02:00:00,42,val,0.312,0.28332275
Merzenhausen,2021-11-06 03:00:00,42,val,0.314,0.28292853
Merzenhausen,2021-11-06 04:00:00,42,val,0.312,0.28275394
Merzenhausen,2021-11-06 05:00:00,42,val,0.312,0.28320837
Merzenhausen,2021-11-06 06:00:00,42,val,0.312,0.28120467
Merzenhausen,2021-11-06 07:00:00,42,val,0.312,0.28028506
Merzenhausen,2021-11-06 08:00:00,42,val,0.31,0.28016037
Merzenhausen,2021-11-06 09:00:00,42,val,0.31,0.28050128
Merzenhausen,2021-11-06 10:00:00,42,val,0.312,0.28098288
Merzenhausen,2021-11-06 11:00:00,42,val,0.309,0.2815557
Merzenhausen,2021-11-06 12:00:00,42,val,0.31,0.282212
Merzenhausen,2021-11-06 13:00:00,42,val,0.31,0.2841124
Merzenhausen,2021-11-06 14:00:00,42,val,0.307,0.28463244
Merzenhausen,2021-11-06 15:00:00,42,val,0.309,0.2844971
Merzenhausen,2021-11-06 16:00:00,42,val,0.307,0.2838429
Merzenhausen,2021-11-06 17:00:00,42,val,0.307,0.2829527
Merzenhausen,2021-11-06 18:00:00,42,val,0.307,0.28010684
Merzenhausen,2021-11-06 19:00:00,42,val,0.305,0.27848998
Merzenhausen,2021-11-06 20:00:00,42,val,0.305,0.27875364
Merzenhausen,2021-11-06 21:00:00,42,val,0.307,0.2785324
Merzenhausen,2021-11-06 22:00:00,42,val,0.305,0.278364
Merzenhausen,2021-11-06 23:00:00,42,val,0.305,0.27814138
Merzenhausen,2021-11-07 00:00:00,42,val,0.303,0.2780145
Merzenhausen,2021-11-07 01:00:00,42,val,0.305,0.27783445
Merzenhausen,2021-11-07 02:00:00,42,val,0.305,0.2774259
Merzenhausen,2021-11-07 03:00:00,42,val,0.303,0.2782639
Merzenhausen,2021-11-07 04:00:00,42,val,0.303,0.2785833
Merzenhausen,2021-11-07 05:00:00,42,val,0.301,0.278579
Merzenhausen,2021-11-07 06:00:00,42,val,0.302,0.27821305
Merzenhausen,2021-11-07 07:00:00,42,val,0.303,0.2777814
Merzenhausen,2021-11-07 08:00:00,42,val,0.3,0.2780281
Merzenhausen,2021-11-07 09:00:00,42,val,0.301,0.27814382
Merzenhausen,2021-11-07 10:00:00,42,val,0.3,0.27790004
Merzenhausen,2021-11-07 11:00:00,42,val,0.3,0.27721095
Merzenhausen,2021-11-07 12:00:00,42,val,0.3,0.27641013
Merzenhausen,2021-11-07 13:00:00,42,val,0.302,0.27546704
Merzenhausen,2021-11-07 14:00:00,42,val,0.3,0.2747369
Merzenhausen,2021-11-07 15:00:00,42,val,0.3,0.2738977
Merzenhausen,2021-11-07 16:00:00,42,val,0.3,0.2725602
Merzenhausen,2021-11-07 17:00:00,42,val,0.3,0.27135983
Merzenhausen,2021-11-07 18:00:00,42,val,0.298,0.2700721
Merzenhausen,2021-11-07 19:00:00,42,val,0.298,0.26892358
Merzenhausen,2021-11-07 20:00:00,42,val,0.298,0.26799142
Merzenhausen,2021-11-07 21:00:00,42,val,0.298,0.26714718
Merzenhausen,2021-11-07 22:00:00,42,val,0.298,0.26635292
Merzenhausen,2021-11-07 23:00:00,42,val,0.298,0.2658202
Merzenhausen,2021-11-08 00:00:00,42,val,0.295,0.26583883
Merzenhausen,2021-11-08 01:00:00,42,val,0.298,0.2658706
Merzenhausen,2021-11-08 02:00:00,42,val,0.298,0.2659991
Merzenhausen,2021-11-08 03:00:00,42,val,0.298,0.26636147
Merzenhausen,2021-11-08 04:00:00,42,val,0.296,0.2665684
Merzenhausen,2021-11-08 05:00:00,42,val,0.296,0.26663882
Merzenhausen,2021-12-02 08:00:00,42,val,0.351,0.2962729
Merzenhausen,2021-12-02 09:00:00,42,val,0.351,0.2968561
Merzenhausen,2021-12-02 10:00:00,42,val,0.354,0.2966856
Merzenhausen,2021-12-02 11:00:00,42,val,0.352,0.29582503
Merzenhausen,2021-12-02 12:00:00,42,val,0.354,0.29465178
Merzenhausen,2021-12-02 13:00:00,42,val,0.352,0.29323083
Merzenhausen,2021-12-02 14:00:00,42,val,0.357,0.29185158
Merzenhausen,2021-12-02 15:00:00,42,val,0.381,0.29036674
Merzenhausen,2021-12-02 16:00:00,42,val,0.378,0.28867927
Merzenhausen,2021-12-02 17:00:00,42,val,0.375,0.28664345
Merzenhausen,2021-12-02 18:00:00,42,val,0.372,0.28485543
Merzenhausen,2021-12-02 19:00:00,42,val,0.372,0.2833016
Merzenhausen,2021-12-02 20:00:00,42,val,0.369,0.28209126
Merzenhausen,2021-12-02 21:00:00,42,val,0.367,0.2812739
Merzenhausen,2021-12-02 22:00:00,42,val,0.366,0.2810537
Merzenhausen,2021-12-02 23:00:00,42,val,0.365,0.28084025
Merzenhausen,2021-12-03 00:00:00,42,val,0.365,0.28122544
Merzenhausen,2021-12-03 01:00:00,42,val,0.365,0.2819469
Merzenhausen,2021-12-03 02:00:00,42,val,0.362,0.28302222
Merzenhausen,2021-12-03 03:00:00,42,val,0.36,0.28412896
Merzenhausen,2021-12-03 04:00:00,42,val,0.362,0.28518763
Merzenhausen,2021-12-03 05:00:00,42,val,0.36,0.28614625
Merzenhausen,2021-12-03 06:00:00,42,val,0.357,0.28671235
Merzenhausen,2021-12-03 07:00:00,42,val,0.355,0.28692186
Merzenhausen,2021-12-03 08:00:00,42,val,0.357,0.287013
Merzenhausen,2021-12-03 09:00:00,42,val,0.357,0.28668484
Merzenhausen,2021-12-03 10:00:00,42,val,0.355,0.28607786
Merzenhausen,2021-12-03 11:00:00,42,val,0.355,0.28553215
Merzenhausen,2021-12-03 12:00:00,42,val,0.354,0.2847383
Merzenhausen,2021-12-03 13:00:00,42,val,0.354,0.28384247
Merzenhausen,2021-12-03 14:00:00,42,val,0.354,0.2828441
Merzenhausen,2021-12-03 15:00:00,42,val,0.354,0.28163826
Merzenhausen,2021-12-03 16:00:00,42,val,0.354,0.28044808
Merzenhausen,2021-12-03 17:00:00,42,val,0.352,0.27935523
Merzenhausen,2021-12-03 18:00:00,42,val,0.354,0.27854818
Merzenhausen,2021-12-03 19:00:00,42,val,0.352,0.27790588
Merzenhausen,2021-12-03 20:00:00,42,val,0.354,0.27760625
Merzenhausen,2021-12-03 21:00:00,42,val,0.354,0.2776991
Merzenhausen,2021-12-03 22:00:00,42,val,0.352,0.27817273
Merzenhausen,2021-12-03 23:00:00,42,val,0.352,0.2790651
Merzenhausen,2021-12-04 00:00:00,42,val,0.351,0.28029388
Merzenhausen,2021-12-04 01:00:00,42,val,0.349,0.28166503
Merzenhausen,2021-12-04 02:00:00,42,val,0.351,0.28611702
Merzenhausen,2021-12-04 03:00:00,42,val,0.351,0.29071492
Merzenhausen,2021-12-04 04:00:00,42,val,0.349,0.29337794
Merzenhausen,2021-12-04 05:00:00,42,val,0.349,0.29410982
Merzenhausen,2021-12-04 06:00:00,42,val,0.349,0.2938484
Merzenhausen,2021-12-04 07:00:00,42,val,0.349,0.29356366
Merzenhausen,2021-12-04 08:00:00,42,val,0.347,0.29313868
Merzenhausen,2021-12-04 09:00:00,42,val,0.347,0.29262066
Merzenhausen,2021-12-04 10:00:00,42,val,0.346,0.29198748
Merzenhausen,2021-12-04 11:00:00,42,val,0.346,0.29117537
Merzenhausen,2021-12-04 12:00:00,42,val,0.346,0.29048896
Merzenhausen,2021-12-04 13:00:00,42,val,0.346,0.29207057
Merzenhausen,2021-12-04 14:00:00,42,val,0.345,0.29387397
Merzenhausen,2021-12-04 15:00:00,42,val,0.345,0.3002899
Merzenhausen,2021-12-04 16:00:00,42,val,0.346,0.3043803
Merzenhausen,2021-12-04 17:00:00,42,val,0.346,0.30571374
Merzenhausen,2021-12-04 18:00:00,42,val,0.343,0.30540037
Merzenhausen,2021-12-04 19:00:00,42,val,0.344,0.30461758
Merzenhausen,2021-12-04 20:00:00,42,val,0.344,0.3037092
Merzenhausen,2021-12-04 21:00:00,42,val,0.343,0.3029358
Merzenhausen,2021-12-04 22:00:00,42,val,0.345,0.30256528
Merzenhausen,2021-12-04 23:00:00,42,val,0.3485,0.30281943
Merzenhausen,2021-12-14 00:00:00,42,val,0.329,0.29955733
Merzenhausen,2021-12-14 01:00:00,42,val,0.329,0.30036223
Merzenhausen,2021-12-14 02:00:00,42,val,0.329,0.30096436
Merzenhausen,2021-12-14 03:00:00,42,val,0.329,0.30149043
Merzenhausen,2021-12-14 04:00:00,42,val,0.326,0.30159286
Merzenhausen,2021-12-14 05:00:00,42,val,0.329,0.30128443
Merzenhausen,2021-12-14 06:00:00,42,val,0.326,0.30066165
Merzenhausen,2021-12-14 07:00:00,42,val,0.326,0.2997927
Merzenhausen,2021-12-14 08:00:00,42,val,0.327,0.29873347
Merzenhausen,2021-12-14 09:00:00,42,val,0.328,0.297588
Merzenhausen,2021-12-14 10:00:00,42,val,0.329,0.29622707
Merzenhausen,2021-12-14 11:00:00,42,val,0.329,0.29521295
Merzenhausen,2021-12-14 12:00:00,42,val,0.329,0.29446828
Merzenhausen,2021-12-14 13:00:00,42,val,0.324,0.29386485
Merzenhausen,2021-12-14 14:00:00,42,val,0.328,0.29358107
Merzenhausen,2021-12-14 15:00:00,42,val,0.328,0.2930896
Merzenhausen,2021-12-14 16:00:00,42,val,0.328,0.29260093
Merzenhausen,2021-12-14 17:00:00,42,val,0.329,0.29250908
Merzenhausen,2021-12-14 18:00:00,42,val,0.324,0.29273075
Merzenhausen,2021-12-14 19:00:00,42,val,0.326,0.29328874
Merzenhausen,2021-12-14 20:00:00,42,val,0.326,0.2941214
Merzenhausen,2021-12-14 21:00:00,42,val,0.326,0.29517576
Merzenhausen,2021-12-14 22:00:00,42,val,0.326,0.29611126
Merzenhausen,2021-12-14 23:00:00,42,val,0.326,0.29706544
Merzenhausen,2021-12-15 00:00:00,42,val,0.326,0.29806527
Merzenhausen,2021-12-15 01:00:00,42,val,0.326,0.29904693
Merzenhausen,2021-12-15 02:00:00,42,val,0.326,0.2998776
Merzenhausen,2021-12-15 03:00:00,42,val,0.326,0.30047253
Merzenhausen,2021-12-15 04:00:00,42,val,0.326,0.3008459
Merzenhausen,2021-12-15 05:00:00,42,val,0.326,0.30108243
Merzenhausen,2021-12-15 06:00:00,42,val,0.324,0.30090666
Merzenhausen,2021-12-15 07:00:00,42,val,0.324,0.30017042
Merzenhausen,2021-12-15 08:00:00,42,val,0.324,0.29942256
Merzenhausen,2021-12-15 09:00:00,42,val,0.325,0.29835016
Merzenhausen,2021-12-15 10:00:00,42,val,0.326,0.29728892
Merzenhausen,2021-12-15 11:00:00,42,val,0.326,0.29620674
Merzenhausen,2021-12-15 12:00:00,42,val,0.326,0.29520378
Merzenhausen,2021-12-15 13:00:00,42,val,0.324,0.29447645
Merzenhausen,2021-12-15 14:00:00,42,val,0.326,0.2937922
Merzenhausen,2021-12-15 15:00:00,42,val,0.324,0.29318023
Merzenhausen,2021-12-15 16:00:00,42,val,0.326,0.29279175
Merzenhausen,2021-12-15 17:00:00,42,val,0.324,0.29270446
Merzenhausen,2021-12-15 18:00:00,42,val,0.324,0.29276422
Merzenhausen,2021-12-15 19:00:00,42,val,0.326,0.29308665
Merzenhausen,2021-12-15 20:00:00,42,val,0.326,0.29339772
Merzenhausen,2021-12-15 21:00:00,42,val,0.323,0.29382467
Merzenhausen,2021-12-15 22:00:00,42,val,0.321,0.29433644
Merzenhausen,2021-12-15 23:00:00,42,val,0.325,0.29504955
Merzenhausen,2021-12-16 00:00:00,42,val,0.323,0.29584455
Merzenhausen,2021-12-16 01:00:00,42,val,0.323,0.2967227
Merzenhausen,2021-12-16 02:00:00,42,val,0.323,0.2975922
Merzenhausen,2021-12-16 03:00:00,42,val,0.323,0.29823896
Merzenhausen,2021-12-16 04:00:00,42,val,0.323,0.2984434
Merzenhausen,2021-12-16 05:00:00,42,val,0.323,0.29853773
Merzenhausen,2021-12-16 06:00:00,42,val,0.323,0.29799634
Merzenhausen,2021-12-16 07:00:00,42,val,0.323,0.2970135
Merzenhausen,2021-12-16 08:00:00,42,val,0.323,0.29572517
Merzenhausen,2021-12-16 09:00:00,42,val,0.323,0.29449102
Merzenhausen,2021-12-16 10:00:00,42,val,0.323,0.2935356
Merzenhausen,2021-12-16 11:00:00,42,val,0.324,0.29289734
Merzenhausen,2021-12-16 12:00:00,42,val,0.323,0.29254588
Merzenhausen,2021-12-16 13:00:00,42,val,0.323,0.29182437
Merzenhausen,2021-12-16 14:00:00,42,val,0.323,0.2915966
Merzenhausen,2021-12-16 15:00:00,42,val,0.323,0.29160023
Merzenhausen,2021-12-16 16:00:00,42,val,0.321,0.2916615
Merzenhausen,2021-12-16 17:00:00,42,val,0.323,0.2918268
Merzenhausen,2021-12-16 18:00:00,42,val,0.323,0.2914382
Merzenhausen,2021-12-16 19:00:00,42,val,0.323,0.29122114
Merzenhausen,2021-12-16 20:00:00,42,val,0.321,0.29123172
Merzenhausen,2021-12-16 21:00:00,42,val,0.321,0.29144847
Merzenhausen,2021-12-16 22:00:00,42,val,0.324,0.29189643
Merzenhausen,2021-12-16 23:00:00,42,val,0.321,0.29262483
Merzenhausen,2021-12-17 00:00:00,42,val,0.324,0.29348546
Merzenhausen,2021-12-17 01:00:00,42,val,0.323,0.2943776
Merzenhausen,2021-12-17 02:00:00,42,val,0.324,0.29516155
Merzenhausen,2021-12-17 03:00:00,42,val,0.324,0.29583028
Merzenhausen,2021-12-17 04:00:00,42,val,0.323,0.29638654
Merzenhausen,2021-12-17 05:00:00,42,val,0.325,0.29664657
Merzenhausen,2021-12-17 06:00:00,42,val,0.321,0.296377
Merzenhausen,2021-12-17 07:00:00,42,val,0.321,0.29571164
Merzenhausen,2021-12-17 08:00:00,42,val,0.321,0.29475418
Merzenhausen,2021-12-17 09:00:00,42,val,0.321,0.29374644
Merzenhausen,2021-12-17 10:00:00,42,val,0.324,0.2928906
Merzenhausen,2021-12-17 11:00:00,42,val,0.3195,0.29204795
Merzenhausen,2021-12-17 12:00:00,42,val,0.323,0.29126504
Merzenhausen,2021-12-17 13:00:00,42,val,0.324,0.290257
Merzenhausen,2021-12-17 14:00:00,42,val,0.323,0.28943667
Merzenhausen,2021-12-17 15:00:00,42,val,0.323,0.28849757
Merzenhausen,2021-12-17 16:00:00,42,val,0.323,0.28781506
Merzenhausen,2021-12-17 17:00:00,42,val,0.3195,0.2870558
Merzenhausen,2021-12-17 18:00:00,42,val,0.323,0.28638557
Merzenhausen,2021-12-17 19:00:00,42,val,0.323,0.28592673
Merzenhausen,2021-12-17 20:00:00,42,val,0.323,0.28547964
Merzenhausen,2021-12-17 21:00:00,42,val,0.323,0.284739
Merzenhausen,2021-12-17 22:00:00,42,val,0.323,0.2838068
Merzenhausen,2021-12-17 23:00:00,42,val,0.3195,0.28311354
Merzenhausen,2021-12-18 00:00:00,42,val,0.323,0.2825446
Merzenhausen,2021-12-18 01:00:00,42,val,0.323,0.28288957
Merzenhausen,2021-12-18 02:00:00,42,val,0.323,0.28372622
Merzenhausen,2021-12-18 03:00:00,42,val,0.323,0.28479046
Merzenhausen,2021-12-18 04:00:00,42,val,0.323,0.2857546
Merzenhausen,2021-12-18 05:00:00,42,val,0.3195,0.28644654
Merzenhausen,2021-12-18 06:00:00,42,val,0.323,0.28674915
Merzenhausen,2021-12-18 07:00:00,42,val,0.323,0.28661925
Merzenhausen,2021-12-18 08:00:00,42,val,0.323,0.28610814
Merzenhausen,2021-12-18 09:00:00,42,val,0.3225,0.28532028
Merzenhausen,2021-12-18 10:00:00,42,val,0.323,0.28439012
Merzenhausen,2021-12-18 11:00:00,42,val,0.323,0.28358132
Merzenhausen,2021-12-18 12:00:00,42,val,0.323,0.282708
Merzenhausen,2021-12-18 13:00:00,42,val,0.323,0.28185278
Merzenhausen,2021-12-18 14:00:00,42,val,0.323,0.28103584
Merzenhausen,2021-12-18 15:00:00,42,val,0.323,0.28029293
Merzenhausen,2021-12-18 16:00:00,42,val,0.323,0.27937537
Merzenhausen,2021-12-18 17:00:00,42,val,0.3235,0.27928174
Merzenhausen,2022-01-01 06:00:00,42,val,0.373,0.3280068
Merzenhausen,2022-01-01 07:00:00,42,val,0.373,0.32744825
Merzenhausen,2022-01-01 08:00:00,42,val,0.373,0.32700735
Merzenhausen,2022-01-01 09:00:00,42,val,0.373,0.3267045
Merzenhausen,2022-01-01 10:00:00,42,val,0.37,0.32633653
Merzenhausen,2022-01-01 11:00:00,42,val,0.37,0.32630485
Merzenhausen,2022-01-01 12:00:00,42,val,0.37,0.32620054
Merzenhausen,2022-01-01 13:00:00,42,val,0.371,0.32621208
Merzenhausen,2022-01-01 14:00:00,42,val,0.37,0.3263601
Merzenhausen,2022-01-01 15:00:00,42,val,0.373,0.3265689
Merzenhausen,2022-01-01 16:00:00,42,val,0.386,0.32671258
Merzenhausen,2022-01-01 17:00:00,42,val,0.386,0.3266817
Merzenhausen,2022-01-01 18:00:00,42,val,0.385,0.32634565
Merzenhausen,2022-01-01 19:00:00,42,val,0.385,0.32591224
Merzenhausen,2022-01-01 20:00:00,42,val,0.384,0.32559684
Merzenhausen,2022-01-01 21:00:00,42,val,0.383,0.3252514
Merzenhausen,2022-01-01 22:00:00,42,val,0.382,0.325341
Merzenhausen,2022-01-01 23:00:00,42,val,0.382,0.32543367
Merzenhausen,2022-01-02 00:00:00,42,val,0.382,0.32549232
Merzenhausen,2022-01-02 01:00:00,42,val,0.383,0.32554525
Merzenhausen,2022-01-02 02:00:00,42,val,0.385,0.32542336
Merzenhausen,2022-01-02 03:00:00,42,val,0.386,0.3252218
Merzenhausen,2022-01-02 04:00:00,42,val,0.389,0.32499966
Merzenhausen,2022-01-02 05:00:00,42,val,0.386,0.32468086
Merzenhausen,2022-01-02 06:00:00,42,val,0.386,0.3242641
Merzenhausen,2022-01-02 07:00:00,42,val,0.385,0.32402435
Merzenhausen,2022-01-02 08:00:00,42,val,0.385,0.32349026
Merzenhausen,2022-01-02 09:00:00,42,val,0.383,0.32300502
Merzenhausen,2022-01-02 10:00:00,42,val,0.383,0.3227235
Merzenhausen,2022-01-02 11:00:00,42,val,0.383,0.32279474
Merzenhausen,2022-01-02 12:00:00,42,val,0.385,0.3230989
Merzenhausen,2022-01-02 13:00:00,42,val,0.382,0.32330644
Merzenhausen,2022-01-02 14:00:00,42,val,0.382,0.32345802
Merzenhausen,2022-01-02 15:00:00,42,val,0.38,0.32363915
Merzenhausen,2022-01-02 16:00:00,42,val,0.38,0.32377917
Merzenhausen,2022-01-02 17:00:00,42,val,0.382,0.323841
Merzenhausen,2022-01-02 18:00:00,42,val,0.395,0.32580277
Merzenhausen,2022-01-02 19:00:00,42,val,0.395,0.33329788
Merzenhausen,2022-01-02 20:00:00,42,val,0.394,0.33704692
Merzenhausen,2022-01-02 21:00:00,42,val,0.394,0.34071153
Merzenhausen,2022-01-02 22:00:00,42,val,0.392,0.34195358
Merzenhausen,2022-01-02 23:00:00,42,val,0.394,0.34162456
Merzenhausen,2022-01-03 00:00:00,42,val,0.398,0.34055
Merzenhausen,2022-01-03 01:00:00,42,val,0.395,0.33908966
Merzenhausen,2022-01-03 02:00:00,42,val,0.391,0.337607
Merzenhausen,2022-01-03 03:00:00,42,val,0.391,0.33619672
Merzenhausen,2022-01-03 04:00:00,42,val,0.387,0.33498287
Merzenhausen,2022-01-03 05:00:00,42,val,0.386,0.33399665
Merzenhausen,2022-01-03 06:00:00,42,val,0.384,0.33317024
Merzenhausen,2022-01-03 07:00:00,42,val,0.383,0.33256918
Merzenhausen,2022-01-03 08:00:00,42,val,0.383,0.33294716
Merzenhausen,2022-01-03 09:00:00,42,val,0.382,0.33287412
Merzenhausen,2022-01-03 10:00:00,42,val,0.383,0.33249545
Merzenhausen,2022-01-03 11:00:00,42,val,0.38,0.33210006
Merzenhausen,2022-01-03 12:00:00,42,val,0.38,0.3317973
Merzenhausen,2022-01-03 13:00:00,42,val,0.378,0.33169532
Merzenhausen,2022-01-03 14:00:00,42,val,0.378,0.3324218
Merzenhausen,2022-01-03 15:00:00,42,val,0.376,0.33420703
Merzenhausen,2022-01-03 16:00:00,42,val,0.376,0.33774912
Merzenhausen,2022-01-03 17:00:00,42,val,0.376,0.33908504
Merzenhausen,2022-01-03 18:00:00,42,val,0.376,0.33941934
Merzenhausen,2022-01-03 19:00:00,42,val,0.376,0.33895034
Merzenhausen,2022-01-03 20:00:00,42,val,0.376,0.33831123
Merzenhausen,2022-01-03 21:00:00,42,val,0.376,0.33786255
Merzenhausen,2022-01-03 22:00:00,42,val,0.378,0.33764654
Merzenhausen,2022-01-03 23:00:00,42,val,0.375,0.33750916
Merzenhausen,2022-01-04 00:00:00,42,val,0.375,0.33747664
Merzenhausen,2022-01-04 01:00:00,42,val,0.375,0.33744645
Merzenhausen,2022-01-04 02:00:00,42,val,0.377,0.33753937
Merzenhausen,2022-01-04 03:00:00,42,val,0.374,0.3378654
Merzenhausen,2022-01-04 04:00:00,42,val,0.374,0.33804703
Merzenhausen,2022-01-04 05:00:00,42,val,0.375,0.33749485
Merzenhausen,2022-01-04 06:00:00,42,val,0.372,0.33673257
Merzenhausen,2022-01-04 07:00:00,42,val,0.374,0.3361332
Merzenhausen,2022-01-04 08:00:00,42,val,0.374,0.3355745
Merzenhausen,2022-01-04 09:00:00,42,val,0.374,0.3353898
Merzenhausen,2022-01-04 10:00:00,42,val,0.371,0.33539134
Merzenhausen,2022-01-04 11:00:00,42,val,0.371,0.33531454
Merzenhausen,2022-01-04 12:00:00,42,val,0.371,0.33533645
Merzenhausen,2022-01-04 13:00:00,42,val,0.372,0.3349991
Merzenhausen,2022-01-04 14:00:00,42,val,0.373,0.3345926
Merzenhausen,2022-01-04 15:00:00,42,val,0.369,0.33411995
Merzenhausen,2022-01-04 16:00:00,42,val,0.371,0.33453244
Merzenhausen,2022-01-04 17:00:00,42,val,0.371,0.33580273
Merzenhausen,2022-01-04 18:00:00,42,val,0.371,0.33946574
Merzenhausen,2022-01-04 19:00:00,42,val,0.371,0.34183323
Merzenhausen,2022-01-04 20:00:00,42,val,0.368,0.34348547
Merzenhausen,2022-01-04 21:00:00,42,val,0.369,0.34404144
Merzenhausen,2022-01-04 22:00:00,42,val,0.368,0.34329772
Merzenhausen,2022-01-04 23:00:00,42,val,0.368,0.34300265
Merzenhausen,2022-01-05 00:00:00,42,val,0.368,0.34330383
Merzenhausen,2022-01-05 01:00:00,42,val,0.366,0.3425604
Merzenhausen,2022-01-05 02:00:00,42,val,0.366,0.3408579
Merzenhausen,2022-01-05 03:00:00,42,val,0.366,0.33894354
Merzenhausen,2022-01-05 04:00:00,42,val,0.368,0.33700788
Merzenhausen,2022-01-05 05:00:00,42,val,0.368,0.33530128
Merzenhausen,2022-01-05 06:00:00,42,val,0.368,0.3338667
Merzenhausen,2022-01-05 07:00:00,42,val,0.366,0.33274966
Merzenhausen,2022-01-05 08:00:00,42,val,0.368,0.33200318
Merzenhausen,2022-01-05 09:00:00,42,val,0.368,0.3315306
Merzenhausen,2022-01-05 10:00:00,42,val,0.368,0.33135915
Merzenhausen,2022-01-05 11:00:00,42,val,0.365,0.3311605
Merzenhausen,2022-01-05 12:00:00,42,val,0.366,0.33100557
Merzenhausen,2022-01-05 13:00:00,42,val,0.366,0.3307658
Merzenhausen,2022-01-05 14:00:00,42,val,0.366,0.33056128
Merzenhausen,2022-01-05 15:00:00,42,val,0.366,0.3303304
Merzenhausen,2022-01-05 16:00:00,42,val,0.366,0.33042267
Merzenhausen,2022-01-05 17:00:00,42,val,0.367,0.3308999
Merzenhausen,2022-01-05 18:00:00,42,val,0.366,0.3312582
Merzenhausen,2022-01-05 19:00:00,42,val,0.367,0.3320635
Merzenhausen,2022-01-05 20:00:00,42,val,0.367,0.33227122
Merzenhausen,2022-01-05 21:00:00,42,val,0.365,0.33235377
Merzenhausen,2022-01-05 22:00:00,42,val,0.365,0.33269396
Merzenhausen,2022-01-05 23:00:00,42,val,0.365,0.33265013
Merzenhausen,2022-01-06 00:00:00,42,val,0.365,0.33242825
Merzenhausen,2022-01-06 01:00:00,42,val,0.365,0.33214125
Merzenhausen,2022-01-06 02:00:00,42,val,0.365,0.33182055
Merzenhausen,2022-01-06 03:00:00,42,val,0.365,0.3312274
Merzenhausen,2022-01-06 04:00:00,42,val,0.365,0.33052617
Merzenhausen,2022-01-06 05:00:00,42,val,0.365,0.3298977
Merzenhausen,2022-01-06 06:00:00,42,val,0.365,0.3291825
Merzenhausen,2022-01-06 07:00:00,42,val,0.365,0.3286819
Merzenhausen,2022-01-06 08:00:00,42,val,0.365,0.32837263
Merzenhausen,2022-01-06 09:00:00,42,val,0.365,0.32822
Merzenhausen,2022-01-06 10:00:00,42,val,0.365,0.3279524
Merzenhausen,2022-01-06 11:00:00,42,val,0.364,0.32774836
Merzenhausen,2022-01-06 12:00:00,42,val,0.365,0.3276777
Merzenhausen,2022-01-06 13:00:00,42,val,0.363,0.32776552
Merzenhausen,2022-01-06 14:00:00,42,val,0.363,0.32801667
Merzenhausen,2022-01-06 15:00:00,42,val,0.363,0.32801005
Merzenhausen,2022-01-06 16:00:00,42,val,0.363,0.32807934
Merzenhausen,2022-01-06 17:00:00,42,val,0.364,0.32815155
Merzenhausen,2022-01-06 18:00:00,42,val,0.364,0.32818362
Merzenhausen,2022-01-06 19:00:00,42,val,0.363,0.32824355
Merzenhausen,2022-01-06 20:00:00,42,val,0.364,0.3281542
Merzenhausen,2022-01-06 21:00:00,42,val,0.365,0.32817405
Merzenhausen,2022-01-06 22:00:00,42,val,0.364,0.32816803
Merzenhausen,2022-01-06 23:00:00,42,val,0.365,0.3281533
Merzenhausen,2022-01-07 00:00:00,42,val,0.364,0.32817078
Merzenhausen,2022-01-07 01:00:00,42,val,0.365,0.32804525
Merzenhausen,2022-01-07 02:00:00,42,val,0.385,0.32781956
Merzenhausen,2022-01-07 03:00:00,42,val,0.392,0.32750523
Merzenhausen,2022-01-07 04:00:00,42,val,0.389,0.3273016
Merzenhausen,2022-01-07 05:00:00,42,val,0.387,0.3270517
Merzenhausen,2022-01-07 06:00:00,42,val,0.386,0.32720524
Merzenhausen,2022-01-07 07:00:00,42,val,0.384,0.32688737
Merzenhausen,2022-01-07 08:00:00,42,val,0.383,0.32705784
Merzenhausen,2022-01-07 09:00:00,42,val,0.383,0.32696962
Merzenhausen,2022-01-07 10:00:00,42,val,0.382,0.32684723
Merzenhausen,2022-01-07 11:00:00,42,val,0.38,0.3264823
Merzenhausen,2022-01-07 12:00:00,42,val,0.38,0.32674792
Merzenhausen,2022-01-07 13:00:00,42,val,0.378,0.3266779
Merzenhausen,2022-01-07 14:00:00,42,val,0.378,0.3265522
Merzenhausen,2022-01-07 15:00:00,42,val,0.378,0.32643542
Merzenhausen,2022-01-07 16:00:00,42,val,0.377,0.32686248
Merzenhausen,2022-01-07 17:00:00,42,val,0.377,0.3269253
Merzenhausen,2022-01-07 18:00:00,42,val,0.375,0.32683796
Merzenhausen,2022-01-07 19:00:00,42,val,0.377,0.32679856
Merzenhausen,2022-01-07 20:00:00,42,val,0.377,0.327351
Merzenhausen,2022-01-07 21:00:00,42,val,0.374,0.3274256
Merzenhausen,2022-01-07 22:00:00,42,val,0.374,0.3273979
Merzenhausen,2022-01-07 23:00:00,42,val,0.373,0.32729325
Merzenhausen,2022-01-08 00:00:00,42,val,0.373,0.32751834
Merzenhausen,2022-01-08 01:00:00,42,val,0.373,0.32808393
Merzenhausen,2022-01-08 02:00:00,42,val,0.373,0.32756555
Merzenhausen,2022-01-08 03:00:00,42,val,0.373,0.32659578
Merzenhausen,2022-01-08 04:00:00,42,val,0.371,0.32678854
Merzenhausen,2022-01-08 05:00:00,42,val,0.372,0.32598877
Merzenhausen,2022-02-02 13:00:00,42,val,0.36,0.32773596
Merzenhausen,2022-02-02 14:00:00,42,val,0.36,0.3276497
Merzenhausen,2022-02-02 15:00:00,42,val,0.36,0.32756534
Merzenhausen,2022-02-02 16:00:00,42,val,0.358,0.32753265
Merzenhausen,2022-02-02 17:00:00,42,val,0.36,0.32742524
Merzenhausen,2022-02-02 18:00:00,42,val,0.36,0.32724586
Merzenhausen,2022-02-02 19:00:00,42,val,0.36,0.3271221
Merzenhausen,2022-02-02 20:00:00,42,val,0.36,0.32705387
Merzenhausen,2022-02-02 21:00:00,42,val,0.36,0.32714117
Merzenhausen,2022-02-02 22:00:00,42,val,0.36,0.32734028
Merzenhausen,2022-02-02 23:00:00,42,val,0.36,0.32775867
Merzenhausen,2022-02-03 00:00:00,42,val,0.36,0.3278611
Merzenhausen,2022-02-03 01:00:00,42,val,0.357,0.32791132
Merzenhausen,2022-02-03 02:00:00,42,val,0.36,0.32772875
Merzenhausen,2022-02-03 03:00:00,42,val,0.357,0.32740092
Merzenhausen,2022-02-03 04:00:00,42,val,0.357,0.3270432
Merzenhausen,2022-02-03 05:00:00,42,val,0.357,0.3266464
Merzenhausen,2022-02-03 06:00:00,42,val,0.357,0.32627162
Merzenhausen,2022-02-03 07:00:00,42,val,0.357,0.32601717
Merzenhausen,2022-02-03 08:00:00,42,val,0.357,0.3256377
Merzenhausen,2022-02-03 09:00:00,42,val,0.357,0.32553267
Merzenhausen,2022-02-03 10:00:00,42,val,0.355,0.32538247
Merzenhausen,2022-02-03 11:00:00,42,val,0.357,0.3253026
Merzenhausen,2022-02-03 12:00:00,42,val,0.355,0.32527143
Merzenhausen,2022-02-03 13:00:00,42,val,0.355,0.3252466
Merzenhausen,2022-02-03 14:00:00,42,val,0.357,0.32526138
Merzenhausen,2022-02-03 15:00:00,42,val,0.357,0.32512483
Merzenhausen,2022-02-03 16:00:00,42,val,0.355,0.32491866
Merzenhausen,2022-02-03 17:00:00,42,val,0.355,0.3247144
Merzenhausen,2022-02-03 18:00:00,42,val,0.356,0.3245482
Merzenhausen,2022-02-03 19:00:00,42,val,0.354,0.3244525
Merzenhausen,2022-02-03 20:00:00,42,val,0.354,0.32445407
Merzenhausen,2022-02-03 21:00:00,42,val,0.354,0.3245335
Merzenhausen,2022-02-03 22:00:00,42,val,0.354,0.3246528
Merzenhausen,2022-02-03 23:00:00,42,val,0.352,0.32480645
Merzenhausen,2022-02-04 00:00:00,42,val,0.352,0.32468084
Merzenhausen,2022-02-04 01:00:00,42,val,0.352,0.3244374
Merzenhausen,2022-02-04 02:00:00,42,val,0.353,0.32412267
Merzenhausen,2022-02-04 03:00:00,42,val,0.352,0.32379067
Merzenhausen,2022-02-04 04:00:00,42,val,0.355,0.32343018
Merzenhausen,2022-02-04 05:00:00,42,val,0.354,0.32308653
Merzenhausen,2022-02-04 06:00:00,42,val,0.354,0.32284087
Merzenhausen,2022-02-04 07:00:00,42,val,0.355,0.3225575
Merzenhausen,2022-02-04 08:00:00,42,val,0.359,0.32241264
Merzenhausen,2022-02-04 09:00:00,42,val,0.366,0.3224525
Merzenhausen,2022-02-04 10:00:00,42,val,0.384,0.32245538
Merzenhausen,2022-02-04 11:00:00,42,val,0.389,0.3225629
Merzenhausen,2022-02-04 12:00:00,42,val,0.39,0.32273594
Merzenhausen,2022-02-04 13:00:00,42,val,0.387,0.3229089
Merzenhausen,2022-02-04 14:00:00,42,val,0.391,0.322972
Merzenhausen,2022-02-04 15:00:00,42,val,0.39,0.32298625
Merzenhausen,2022-02-04 16:00:00,42,val,0.39,0.32336137
Merzenhausen,2022-02-04 17:00:00,42,val,0.387,0.32471317
Merzenhausen,2022-02-04 18:00:00,42,val,0.387,0.32470417
Merzenhausen,2022-02-04 19:00:00,42,val,0.394,0.32419044
Merzenhausen,2022-02-04 20:00:00,42,val,0.393,0.3234805
Merzenhausen,2022-02-04 21:00:00,42,val,0.39,0.32282645
Merzenhausen,2022-02-04 22:00:00,42,val,0.39,0.32227132
Merzenhausen,2022-02-04 23:00:00,42,val,0.39,0.32186666
Merzenhausen,2022-02-05 00:00:00,42,val,0.389,0.32142746
Merzenhausen,2022-02-05 01:00:00,42,val,0.386,0.32071608
Merzenhausen,2022-02-05 02:00:00,42,val,0.388,0.32018405
Merzenhausen,2022-02-05 03:00:00,42,val,0.385,0.31945127
Merzenhausen,2022-02-05 04:00:00,42,val,0.385,0.31866112
Merzenhausen,2022-02-05 05:00:00,42,val,0.385,0.31794038
Merzenhausen,2022-02-05 06:00:00,42,val,0.382,0.3173535
Merzenhausen,2022-02-05 07:00:00,42,val,0.38,0.3169021
Merzenhausen,2022-02-05 08:00:00,42,val,0.377,0.31662634
Merzenhausen,2022-02-05 09:00:00,42,val,0.379,0.31652582
Merzenhausen,2022-02-05 10:00:00,42,val,0.377,0.3164591
Merzenhausen,2022-02-05 11:00:00,42,val,0.376,0.31675
Merzenhausen,2022-02-05 12:00:00,42,val,0.376,0.31696832
Merzenhausen,2022-02-05 13:00:00,42,val,0.374,0.31715596
Merzenhausen,2022-02-05 14:00:00,42,val,0.375,0.31788287
Merzenhausen,2022-02-05 15:00:00,42,val,0.374,0.31842625
Merzenhausen,2022-02-05 16:00:00,42,val,0.374,0.31862873
Merzenhausen,2022-02-05 17:00:00,42,val,0.374,0.31874558
Merzenhausen,2022-02-05 18:00:00,42,val,0.371,0.31889984
Merzenhausen,2022-02-05 19:00:00,42,val,0.371,0.31890148
Merzenhausen,2022-02-05 20:00:00,42,val,0.372,0.3189408
Merzenhausen,2022-02-05 21:00:00,42,val,0.371,0.319067
Merzenhausen,2022-02-05 22:00:00,42,val,0.371,0.31924117
Merzenhausen,2022-02-05 23:00:00,42,val,0.371,0.3192591
Merzenhausen,2022-02-06 00:00:00,42,val,0.371,0.3195732
Merzenhausen,2022-02-06 01:00:00,42,val,0.371,0.31945089
Merzenhausen,2022-02-06 02:00:00,42,val,0.368,0.31923878
Merzenhausen,2022-02-06 03:00:00,42,val,0.368,0.31908906
Merzenhausen,2022-02-06 04:00:00,42,val,0.369,0.32019424
Merzenhausen,2022-02-06 05:00:00,42,val,0.369,0.32138044
Merzenhausen,2022-02-06 06:00:00,42,val,0.369,0.3222776
Merzenhausen,2022-02-06 07:00:00,42,val,0.369,0.32238305
Merzenhausen,2022-02-06 08:00:00,42,val,0.366,0.3230672
Merzenhausen,2022-02-06 09:00:00,42,val,0.369,0.32466567
Merzenhausen,2022-02-06 10:00:00,42,val,0.366,0.32850155
Merzenhausen,2022-02-06 11:00:00,42,val,0.369,0.3331405
Merzenhausen,2022-02-06 12:00:00,42,val,0.367,0.33689547
Merzenhausen,2022-02-06 13:00:00,42,val,0.367,0.33819756
Merzenhausen,2022-02-06 14:00:00,42,val,0.367,0.34133947
Merzenhausen,2022-02-06 15:00:00,42,val,0.367,0.3412877
Merzenhausen,2022-02-06 16:00:00,42,val,0.367,0.34049428
Merzenhausen,2022-02-06 17:00:00,42,val,0.367,0.3389686
Merzenhausen,2022-02-06 18:00:00,42,val,0.369,0.3377692
Merzenhausen,2022-02-06 19:00:00,42,val,0.369,0.3390902
Merzenhausen,2022-02-06 20:00:00,42,val,0.365,0.33945835
Merzenhausen,2022-02-06 21:00:00,42,val,0.366,0.3388626
Merzenhausen,2022-02-06 22:00:00,42,val,0.366,0.33801
Merzenhausen,2022-02-06 23:00:00,42,val,0.365,0.3371665
Merzenhausen,2022-02-07 00:00:00,42,val,0.366,0.33640867
Merzenhausen,2022-02-07 01:00:00,42,val,0.367,0.33586663
Merzenhausen,2022-02-07 02:00:00,42,val,0.367,0.3352399
Merzenhausen,2022-02-07 03:00:00,42,val,0.364,0.33448687
Merzenhausen,2022-02-07 04:00:00,42,val,0.364,0.33376437
Merzenhausen,2022-02-07 05:00:00,42,val,0.364,0.33317304
Merzenhausen,2022-02-07 06:00:00,42,val,0.364,0.33260334
Merzenhausen,2022-02-07 07:00:00,42,val,0.364,0.33204088
Merzenhausen,2022-02-07 08:00:00,42,val,0.366,0.33142918
Merzenhausen,2022-02-07 09:00:00,42,val,0.366,0.33105555
Merzenhausen,2022-02-07 10:00:00,42,val,0.364,0.33068103
Merzenhausen,2022-02-07 11:00:00,42,val,0.366,0.33026278
Merzenhausen,2022-02-07 12:00:00,42,val,0.366,0.3299459
Merzenhausen,2022-02-07 13:00:00,42,val,0.366,0.3296041
Merzenhausen,2022-02-07 14:00:00,42,val,0.364,0.32935232
Merzenhausen,2022-02-07 15:00:00,42,val,0.364,0.32932705
Merzenhausen,2022-02-07 16:00:00,42,val,0.364,0.3292356
Merzenhausen,2022-02-07 17:00:00,42,val,0.364,0.3291849
Merzenhausen,2022-02-07 18:00:00,42,val,0.364,0.32896912
Merzenhausen,2022-02-07 19:00:00,42,val,0.363,0.32876655
Merzenhausen,2022-02-07 20:00:00,42,val,0.361,0.32875314
Merzenhausen,2022-02-07 21:00:00,42,val,0.361,0.32880107
Merzenhausen,2022-02-07 22:00:00,42,val,0.363,0.32890427
Merzenhausen,2022-02-07 23:00:00,42,val,0.363,0.32906196
Merzenhausen,2022-02-08 00:00:00,42,val,0.36,0.32916588
Merzenhausen,2022-02-08 01:00:00,42,val,0.363,0.32916483
Merzenhausen,2022-02-08 02:00:00,42,val,0.36,0.32891667
Merzenhausen,2022-02-08 03:00:00,42,val,0.36,0.32861128
Merzenhausen,2022-02-08 04:00:00,42,val,0.361,0.32834944
Merzenhausen,2022-02-08 05:00:00,42,val,0.36,0.3281154
Merzenhausen,2022-02-08 06:00:00,42,val,0.362,0.3278919
Merzenhausen,2022-02-08 07:00:00,42,val,0.361,0.32768917
Merzenhausen,2022-02-08 08:00:00,42,val,0.361,0.32729837
Merzenhausen,2022-02-08 09:00:00,42,val,0.359,0.32713056
Merzenhausen,2022-02-08 10:00:00,42,val,0.362,0.3268697
Merzenhausen,2022-02-08 11:00:00,42,val,0.362,0.32688153
Merzenhausen,2022-02-08 12:00:00,42,val,0.362,0.3267951
Merzenhausen,2022-02-08 13:00:00,42,val,0.36,0.32673737
Merzenhausen,2022-02-08 14:00:00,42,val,0.362,0.3266789
Merzenhausen,2022-02-08 15:00:00,42,val,0.36,0.32672933
Merzenhausen,2022-02-08 16:00:00,42,val,0.363,0.32671234
Merzenhausen,2022-02-08 17:00:00,42,val,0.363,0.3267597
Merzenhausen,2022-02-08 18:00:00,42,val,0.363,0.3269531
Merzenhausen,2022-02-08 19:00:00,42,val,0.362,0.32725847
Merzenhausen,2022-04-14 22:00:00,42,val,0.296,0.28549188
Merzenhausen,2022-04-14 23:00:00,42,val,0.296,0.2844845
Merzenhausen,2022-04-15 00:00:00,42,val,0.294,0.28329796
Merzenhausen,2022-04-15 01:00:00,42,val,0.294,0.28185183
Merzenhausen,2022-04-15 02:00:00,42,val,0.295,0.28053573
Merzenhausen,2022-04-15 03:00:00,42,val,0.294,0.2797836
Merzenhausen,2022-04-15 04:00:00,42,val,0.294,0.27922535
Merzenhausen,2022-04-15 05:00:00,42,val,0.294,0.2790846
Merzenhausen,2022-04-15 06:00:00,42,val,0.296,0.27961475
Merzenhausen,2022-04-15 07:00:00,42,val,0.296,0.2804758
Merzenhausen,2022-04-15 08:00:00,42,val,0.294,0.28145528
Merzenhausen,2022-04-15 09:00:00,42,val,0.292,0.28252012
Merzenhausen,2022-04-15 10:00:00,42,val,0.291,0.2834828
Merzenhausen,2022-04-15 11:00:00,42,val,0.289,0.2839116
Merzenhausen,2022-04-15 12:00:00,42,val,0.289,0.28418723
Merzenhausen,2022-04-15 13:00:00,42,val,0.287,0.28395462
Merzenhausen,2022-04-15 14:00:00,42,val,0.285,0.28356743
Merzenhausen,2022-04-15 15:00:00,42,val,0.282,0.2829649
Merzenhausen,2022-04-15 16:00:00,42,val,0.28,0.28235346
Merzenhausen,2022-04-15 17:00:00,42,val,0.282,0.2815412
Merzenhausen,2022-04-15 18:00:00,42,val,0.283,0.2809307
Merzenhausen,2022-04-15 19:00:00,42,val,0.28,0.28052884
Merzenhausen,2022-04-15 20:00:00,42,val,0.28,0.27974716
Merzenhausen,2022-04-15 21:00:00,42,val,0.28,0.27896756
Merzenhausen,2022-04-15 22:00:00,42,val,0.28,0.27811536
Merzenhausen,2022-04-15 23:00:00,42,val,0.279,0.27753493
Merzenhausen,2022-04-16 00:00:00,42,val,0.28,0.276926
Merzenhausen,2022-04-16 01:00:00,42,val,0.278,0.27633896
Merzenhausen,2022-04-16 02:00:00,42,val,0.276,0.2756036
Merzenhausen,2022-04-16 03:00:00,42,val,0.276,0.27498376
Merzenhausen,2022-04-16 04:00:00,42,val,0.279,0.2741394
Merzenhausen,2022-04-16 05:00:00,42,val,0.279,0.27348965
Merzenhausen,2022-04-16 06:00:00,42,val,0.276,0.27343774
Merzenhausen,2022-04-16 07:00:00,42,val,0.279,0.27398935
Merzenhausen,2022-04-16 08:00:00,42,val,0.274,0.27462792
Merzenhausen,2022-04-16 09:00:00,42,val,0.274,0.27515996
Merzenhausen,2022-04-16 10:00:00,42,val,0.272,0.27520195
Merzenhausen,2022-04-16 11:00:00,42,val,0.272,0.27541927
Merzenhausen,2022-04-16 12:00:00,42,val,0.269,0.27530086
Merzenhausen,2022-04-16 13:00:00,42,val,0.271,0.2750621
Merzenhausen,2022-04-16 14:00:00,42,val,0.271,0.27484292
Merzenhausen,2022-04-16 15:00:00,42,val,0.266,0.27442986
Merzenhausen,2022-04-16 16:00:00,42,val,0.265,0.2736091
Merzenhausen,2022-04-16 17:00:00,42,val,0.263,0.27304453
Merzenhausen,2022-04-16 18:00:00,42,val,0.264,0.27247033
Merzenhausen,2022-04-16 19:00:00,42,val,0.265,0.2718134
Merzenhausen,2022-04-16 20:00:00,42,val,0.262,0.27056164
Merzenhausen,2022-04-16 21:00:00,42,val,0.262,0.26942074
Merzenhausen,2022-04-16 22:00:00,42,val,0.263,0.26798713
Merzenhausen,2022-04-16 23:00:00,42,val,0.261,0.2665878
Merzenhausen,2022-04-17 00:00:00,42,val,0.263,0.26526496
Merzenhausen,2022-04-17 01:00:00,42,val,0.261,0.26389128
Merzenhausen,2022-04-17 02:00:00,42,val,0.261,0.26289862
Merzenhausen,2022-04-17 03:00:00,42,val,0.259,0.26230544
Merzenhausen,2022-04-17 04:00:00,42,val,0.26,0.2618542
Merzenhausen,2022-04-17 05:00:00,42,val,0.26,0.2617473
Merzenhausen,2022-04-17 06:00:00,42,val,0.26,0.26247507
Merzenhausen,2022-04-17 07:00:00,42,val,0.259,0.26371655
Merzenhausen,2022-04-17 08:00:00,42,val,0.26,0.26477188
Merzenhausen,2022-04-17 09:00:00,42,val,0.257,0.26529562
Merzenhausen,2022-04-17 10:00:00,42,val,0.257,0.26536176
Merzenhausen,2022-04-17 11:00:00,42,val,0.255,0.26482326
Merzenhausen,2022-04-17 12:00:00,42,val,0.255,0.26403773
Merzenhausen,2022-04-17 13:00:00,42,val,0.255,0.26303896
Merzenhausen,2022-04-17 14:00:00,42,val,0.253,0.26176605
Merzenhausen,2022-04-17 15:00:00,42,val,0.248,0.26016527
Merzenhausen,2022-04-17 16:00:00,42,val,0.246,0.25837606
Merzenhausen,2022-04-17 17:00:00,42,val,0.247,0.2572763
Merzenhausen,2022-04-17 18:00:00,42,val,0.246,0.2568937
Merzenhausen,2022-04-17 19:00:00,42,val,0.246,0.25616008
Merzenhausen,2022-04-17 20:00:00,42,val,0.243,0.25497305
Merzenhausen,2022-04-17 21:00:00,42,val,0.246,0.25347888
Merzenhausen,2022-04-17 22:00:00,42,val,0.244,0.25236323
Merzenhausen,2022-04-17 23:00:00,42,val,0.244,0.25079978
Merzenhausen,2022-04-18 00:00:00,42,val,0.247,0.25008252
Merzenhausen,2022-04-18 01:00:00,42,val,0.244,0.24977505
Merzenhausen,2022-04-18 02:00:00,42,val,0.244,0.24909714
Merzenhausen,2022-04-18 03:00:00,42,val,0.244,0.24782929
Merzenhausen,2022-04-18 04:00:00,42,val,0.244,0.24694309
Merzenhausen,2022-04-18 05:00:00,42,val,0.245,0.24665065
Merzenhausen,2022-04-18 06:00:00,42,val,0.245,0.24685098
Merzenhausen,2022-04-18 07:00:00,42,val,0.243,0.24793805
Merzenhausen,2022-04-18 08:00:00,42,val,0.244,0.24858138
Merzenhausen,2022-04-18 09:00:00,42,val,0.239,0.24888043
Merzenhausen,2022-04-18 10:00:00,42,val,0.24,0.2485894
Merzenhausen,2022-04-18 11:00:00,42,val,0.238,0.24818106
Merzenhausen,2022-04-18 12:00:00,42,val,0.238,0.24728541
Merzenhausen,2022-04-18 13:00:00,42,val,0.236,0.24673831
Merzenhausen,2022-04-18 14:00:00,42,val,0.236,0.24648494
Merzenhausen,2022-04-18 15:00:00,42,val,0.233,0.24544021
Merzenhausen,2022-04-18 16:00:00,42,val,0.232,0.2441158
Merzenhausen,2022-04-18 17:00:00,42,val,0.231,0.24258047
Merzenhausen,2022-04-18 18:00:00,42,val,0.229,0.24144112
Merzenhausen,2022-04-18 19:00:00,42,val,0.229,0.24062523
Merzenhausen,2022-04-18 20:00:00,42,val,0.229,0.23907343
Merzenhausen,2022-04-18 21:00:00,42,val,0.228,0.23730652
Merzenhausen,2022-04-18 22:00:00,42,val,0.229,0.2356176
Merzenhausen,2022-04-18 23:00:00,42,val,0.229,0.23384896
Merzenhausen,2022-04-19 00:00:00,42,val,0.228,0.23269293
Merzenhausen,2022-04-19 01:00:00,42,val,0.23,0.23167084
Merzenhausen,2022-04-19 02:00:00,42,val,0.23,0.23090382
Merzenhausen,2022-04-19 03:00:00,42,val,0.23,0.22987658
Merzenhausen,2022-04-19 04:00:00,42,val,0.228,0.22920999
Merzenhausen,2022-04-19 05:00:00,42,val,0.229,0.22909564
Merzenhausen,2022-04-19 06:00:00,42,val,0.228,0.22996156
Merzenhausen,2022-04-19 07:00:00,42,val,0.228,0.23135734
Merzenhausen,2022-04-19 08:00:00,42,val,0.227,0.23292637
Merzenhausen,2022-04-19 09:00:00,42,val,0.225,0.23391673
Merzenhausen,2022-04-19 10:00:00,42,val,0.225,0.23452666
Merzenhausen,2022-04-19 11:00:00,42,val,0.225,0.23437087
Merzenhausen,2022-04-19 12:00:00,42,val,0.222,0.23389673
Merzenhausen,2022-04-19 13:00:00,42,val,0.22,0.23352095
Merzenhausen,2022-04-19 14:00:00,42,val,0.219,0.2328985
Merzenhausen,2022-04-19 15:00:00,42,val,0.22,0.23141071
Merzenhausen,2022-04-19 16:00:00,42,val,0.216,0.22947611
Merzenhausen,2022-04-19 17:00:00,42,val,0.217,0.22790326
Merzenhausen,2022-04-19 18:00:00,42,val,0.217,0.22653022
Merzenhausen,2022-04-19 19:00:00,42,val,0.218,0.2253776
Merzenhausen,2022-04-19 20:00:00,42,val,0.215,0.22390693
Merzenhausen,2022-04-19 21:00:00,42,val,0.216,0.22272262
Merzenhausen,2022-04-19 22:00:00,42,val,0.215,0.22148862
Merzenhausen,2022-04-19 23:00:00,42,val,0.216,0.22058703
Merzenhausen,2022-04-20 00:00:00,42,val,0.216,0.22051986
Merzenhausen,2022-04-20 01:00:00,42,val,0.216,0.22030258
Merzenhausen,2022-04-20 02:00:00,42,val,0.216,0.21980782
Merzenhausen,2022-04-20 03:00:00,42,val,0.214,0.21922955
Merzenhausen,2022-04-20 04:00:00,42,val,0.216,0.21851103
Merzenhausen,2022-04-20 05:00:00,42,val,0.216,0.21802782
Merzenhausen,2022-04-20 06:00:00,42,val,0.214,0.21833144
Merzenhausen,2022-04-20 07:00:00,42,val,0.217,0.21889101
Merzenhausen,2022-04-20 08:00:00,42,val,0.215,0.2198071
Merzenhausen,2022-04-20 09:00:00,42,val,0.217,0.2200872
Merzenhausen,2022-04-20 10:00:00,42,val,0.217,0.22027224
Merzenhausen,2022-04-20 11:00:00,42,val,0.219,0.22018762
Merzenhausen,2022-04-20 12:00:00,42,val,0.217,0.2200667
Merzenhausen,2022-04-20 13:00:00,42,val,0.213,0.21959655
Merzenhausen,2022-04-20 14:00:00,42,val,0.214,0.21909721
Merzenhausen,2022-04-20 15:00:00,42,val,0.214,0.21795575
Merzenhausen,2022-04-20 16:00:00,42,val,0.214,0.21659778
Merzenhausen,2022-04-20 17:00:00,42,val,0.213,0.21523923
Merzenhausen,2022-04-20 18:00:00,42,val,0.212,0.21379726
Merzenhausen,2022-04-20 19:00:00,42,val,0.209,0.2124459
Merzenhausen,2022-04-20 20:00:00,42,val,0.211,0.21132478
Merzenhausen,2022-04-20 21:00:00,42,val,0.212,0.2101599
Merzenhausen,2022-04-20 22:00:00,42,val,0.212,0.20932561
Merzenhausen,2022-04-20 23:00:00,42,val,0.212,0.20860635
Merzenhausen,2022-04-21 00:00:00,42,val,0.212,0.20776775
Merzenhausen,2022-04-21 01:00:00,42,val,0.213,0.20714518
Merzenhausen,2022-04-21 02:00:00,42,val,0.209,0.20673023
Merzenhausen,2022-04-21 03:00:00,42,val,0.21,0.20661527
Merzenhausen,2022-04-21 04:00:00,42,val,0.21,0.20574425
Merzenhausen,2022-04-21 05:00:00,42,val,0.21,0.20496243
Merzenhausen,2022-04-21 06:00:00,42,val,0.211,0.2047729
Merzenhausen,2022-04-21 07:00:00,42,val,0.208,0.20527612
Merzenhausen,2022-04-21 08:00:00,42,val,0.209,0.2059225
Merzenhausen,2022-04-21 09:00:00,42,val,0.209,0.20633912
Merzenhausen,2022-04-21 10:00:00,42,val,0.208,0.20667654
Merzenhausen,2022-04-21 11:00:00,42,val,0.209,0.20720494
Merzenhausen,2022-04-21 12:00:00,42,val,0.206,0.20726588
Merzenhausen,2022-04-21 13:00:00,42,val,0.206,0.20702456
Merzenhausen,2022-04-21 14:00:00,42,val,0.204,0.2064949
Merzenhausen,2022-04-21 15:00:00,42,val,0.206,0.20593205
Merzenhausen,2022-04-21 16:00:00,42,val,0.204,0.20488197
Merzenhausen,2022-04-21 17:00:00,42,val,0.203,0.2039578
Merzenhausen,2022-04-21 18:00:00,42,val,0.201,0.2032562
Merzenhausen,2022-04-21 19:00:00,42,val,0.203,0.2029504
Merzenhausen,2022-04-21 20:00:00,42,val,0.204,0.20226145
Merzenhausen,2022-04-21 21:00:00,42,val,0.202,0.20143802
Merzenhausen,2022-04-21 22:00:00,42,val,0.202,0.20037827
Merzenhausen,2022-04-21 23:00:00,42,val,0.203,0.19919124
Merzenhausen,2022-04-22 00:00:00,42,val,0.199,0.19795762
Merzenhausen,2022-04-22 01:00:00,42,val,0.2,0.19671278
Merzenhausen,2022-04-22 02:00:00,42,val,0.201,0.1957451
Merzenhausen,2022-04-22 03:00:00,42,val,0.198,0.19507612
Merzenhausen,2022-04-22 04:00:00,42,val,0.201,0.19459097
Merzenhausen,2022-04-22 05:00:00,42,val,0.204,0.19439718
Merzenhausen,2022-04-22 06:00:00,42,val,0.201,0.19439925
Merzenhausen,2022-04-22 07:00:00,42,val,0.202,0.19510618
Merzenhausen,2022-04-22 08:00:00,42,val,0.202,0.1959016
Merzenhausen,2022-04-22 09:00:00,42,val,0.198,0.19720282
Merzenhausen,2022-04-22 10:00:00,42,val,0.2,0.19874443
Merzenhausen,2022-04-22 11:00:00,42,val,0.196,0.20063472
Merzenhausen,2022-04-22 12:00:00,42,val,0.197,0.2021579
Merzenhausen,2022-04-22 13:00:00,42,val,0.197,0.202682
Merzenhausen,2022-04-22 14:00:00,42,val,0.197,0.20263973
Merzenhausen,2022-04-22 15:00:00,42,val,0.195,0.20257603
Merzenhausen,2022-04-22 16:00:00,42,val,0.196,0.20236176
Merzenhausen,2022-04-22 17:00:00,42,val,0.196,0.20193115
Merzenhausen,2022-04-22 18:00:00,42,val,0.197,0.2012177
Merzenhausen,2022-04-22 19:00:00,42,val,0.196,0.19985734
Merzenhausen,2022-04-22 20:00:00,42,val,0.194,0.1987629
Merzenhausen,2022-04-22 21:00:00,42,val,0.195,0.1979216
Merzenhausen,2022-04-22 22:00:00,42,val,0.193,0.19732027
Merzenhausen,2022-04-22 23:00:00,42,val,0.194,0.19692068
Merzenhausen,2022-04-23 00:00:00,42,val,0.19,0.19656034
Merzenhausen,2022-04-23 01:00:00,42,val,0.193,0.19622685
Merzenhausen,2022-04-23 02:00:00,42,val,0.193,0.19527076
Merzenhausen,2022-04-23 03:00:00,42,val,0.193,0.19401087
Merzenhausen,2022-04-23 04:00:00,42,val,0.193,0.1927601
Merzenhausen,2022-04-23 05:00:00,42,val,0.194,0.19180943
Merzenhausen,2022-04-23 06:00:00,42,val,0.195,0.19157958
Merzenhausen,2022-04-23 07:00:00,42,val,0.192,0.19139327
Merzenhausen,2022-04-23 08:00:00,42,val,0.192,0.19150513
Merzenhausen,2022-04-23 09:00:00,42,val,0.195,0.19191931
Merzenhausen,2022-04-23 10:00:00,42,val,0.194,0.19233388
Merzenhausen,2022-04-23 11:00:00,42,val,0.196,0.1930824
Merzenhausen,2022-04-23 12:00:00,42,val,0.195,0.19348457
Merzenhausen,2022-04-23 13:00:00,42,val,0.192,0.19369118
Merzenhausen,2022-04-23 14:00:00,42,val,0.194,0.19359429
Merzenhausen,2022-04-23 15:00:00,42,val,0.193,0.1936362
Merzenhausen,2022-04-23 16:00:00,42,val,0.193,0.19353394
Merzenhausen,2022-04-23 17:00:00,42,val,0.192,0.1931551
Merzenhausen,2022-04-23 18:00:00,42,val,0.191,0.19232935
Merzenhausen,2022-04-23 19:00:00,42,val,0.193,0.19171569
Merzenhausen,2022-04-23 20:00:00,42,val,0.19,0.19149595
Merzenhausen,2022-04-23 21:00:00,42,val,0.193,0.19127128
Merzenhausen,2022-04-23 22:00:00,42,val,0.194,0.19119325
Merzenhausen,2022-04-23 23:00:00,42,val,0.191,0.19120769
Merzenhausen,2022-04-24 00:00:00,42,val,0.192,0.19034755
Merzenhausen,2022-04-24 01:00:00,42,val,0.193,0.18875547
Merzenhausen,2022-04-24 02:00:00,42,val,0.193,0.18699165
Merzenhausen,2022-04-24 03:00:00,42,val,0.195,0.18489183
Merzenhausen,2022-04-24 04:00:00,42,val,0.195,0.18344274
Merzenhausen,2022-04-24 05:00:00,42,val,0.195,0.18313888
Merzenhausen,2022-04-24 06:00:00,42,val,0.193,0.18328425
Merzenhausen,2022-04-24 07:00:00,42,val,0.189,0.18392476
Merzenhausen,2022-04-24 08:00:00,42,val,0.191,0.18490824
Merzenhausen,2022-04-24 09:00:00,42,val,0.195,0.1853951
Merzenhausen,2022-04-24 10:00:00,42,val,0.195,0.18594256
Merzenhausen,2022-04-24 11:00:00,42,val,0.192,0.18590713
Merzenhausen,2022-04-24 12:00:00,42,val,0.192,0.18588305
Merzenhausen,2022-04-24 13:00:00,42,val,0.194,0.18596229
Merzenhausen,2022-04-24 14:00:00,42,val,0.193,0.18621588
Merzenhausen,2022-04-24 15:00:00,42,val,0.193,0.18621796
Merzenhausen,2022-04-24 16:00:00,42,val,0.192,0.18629487
Merzenhausen,2022-04-24 17:00:00,42,val,0.19,0.1864069
Merzenhausen,2022-04-24 18:00:00,42,val,0.19,0.18667942
Merzenhausen,2022-04-24 19:00:00,42,val,0.192,0.18649548
Merzenhausen,2022-04-24 20:00:00,42,val,0.193,0.18590558
Merzenhausen,2022-04-24 21:00:00,42,val,0.194,0.18520133
Merzenhausen,2022-04-24 22:00:00,42,val,0.194,0.18437308
Merzenhausen,2022-04-24 23:00:00,42,val,0.192,0.18383148
Merzenhausen,2022-04-25 00:00:00,42,val,0.192,0.1821716
Merzenhausen,2022-04-25 01:00:00,42,val,0.191,0.18057427
Merzenhausen,2022-04-25 02:00:00,42,val,0.192,0.17928462
Merzenhausen,2022-04-25 03:00:00,42,val,0.193,0.18055734
Merzenhausen,2022-04-25 04:00:00,42,val,0.193,0.1801776
Merzenhausen,2022-04-25 05:00:00,42,val,0.194,0.17904335
Merzenhausen,2022-04-25 06:00:00,42,val,0.191,0.17811486
Merzenhausen,2022-04-25 07:00:00,42,val,0.191,0.17788142
Merzenhausen,2022-04-25 08:00:00,42,val,0.191,0.17774314
Merzenhausen,2022-04-25 09:00:00,42,val,0.191,0.17847045
Merzenhausen,2022-04-25 10:00:00,42,val,0.191,0.17956792
Merzenhausen,2022-04-25 11:00:00,42,val,0.1995,0.1815315
Merzenhausen,2022-04-25 12:00:00,42,val,0.189,0.1835367
Merzenhausen,2022-04-25 13:00:00,42,val,0.192,0.18500885
Merzenhausen,2022-04-25 14:00:00,42,val,0.189,0.18704292
Merzenhausen,2022-04-25 15:00:00,42,val,0.191,0.18816493
Merzenhausen,2022-04-25 16:00:00,42,val,0.19,0.18864866
Merzenhausen,2022-04-25 17:00:00,42,val,0.19,0.1884445
Merzenhausen,2022-04-25 18:00:00,42,val,0.19,0.18764241
Merzenhausen,2022-04-25 19:00:00,42,val,0.191,0.18673038
Merzenhausen,2022-04-25 20:00:00,42,val,0.19,0.18517955
Merzenhausen,2022-04-25 21:00:00,42,val,0.189,0.18412097
Merzenhausen,2022-04-25 22:00:00,42,val,0.19,0.18342127
Merzenhausen,2022-04-25 23:00:00,42,val,0.188,0.18261285
Merzenhausen,2022-04-26 00:00:00,42,val,0.185,0.18182379
Merzenhausen,2022-04-26 01:00:00,42,val,0.188,0.18130255
Merzenhausen,2022-04-26 02:00:00,42,val,0.185,0.18086535
Merzenhausen,2022-04-26 03:00:00,42,val,0.19,0.18071152
Merzenhausen,2022-04-26 04:00:00,42,val,0.188,0.18213773
Merzenhausen,2022-04-26 05:00:00,42,val,0.189,0.18630344
Merzenhausen,2022-04-26 06:00:00,42,val,0.187,0.18613476
Merzenhausen,2022-04-26 07:00:00,42,val,0.186,0.18351114
Merzenhausen,2022-04-26 08:00:00,42,val,0.186,0.18078202
Merzenhausen,2022-04-26 09:00:00,42,val,0.189,0.17963937
Merzenhausen,2022-04-26 10:00:00,42,val,0.188,0.17997323
Merzenhausen,2022-04-26 11:00:00,42,val,0.187,0.18086068
Merzenhausen,2022-04-26 12:00:00,42,val,0.188,0.18216413
Merzenhausen,2022-04-26 13:00:00,42,val,0.187,0.18383804
Merzenhausen,2022-04-26 14:00:00,42,val,0.186,0.18546157
Merzenhausen,2022-04-26 15:00:00,42,val,0.187,0.18666254
Merzenhausen,2022-04-26 16:00:00,42,val,0.186,0.18729171
Merzenhausen,2022-04-26 17:00:00,42,val,0.186,0.18713273
Merzenhausen,2022-04-26 18:00:00,42,val,0.187,0.18654895
Merzenhausen,2022-04-26 19:00:00,42,val,0.185,0.18642049
Merzenhausen,2022-04-26 20:00:00,42,val,0.184,0.18574402
Merzenhausen,2022-04-26 21:00:00,42,val,0.185,0.18535958
Merzenhausen,2022-04-26 22:00:00,42,val,0.187,0.18500474
Merzenhausen,2022-04-26 23:00:00,42,val,0.185,0.184248
Merzenhausen,2022-04-27 00:00:00,42,val,0.183,0.18265204
Merzenhausen,2022-04-27 01:00:00,42,val,0.186,0.18064184
Merzenhausen,2022-04-27 02:00:00,42,val,0.183,0.17853329
Merzenhausen,2022-04-27 03:00:00,42,val,0.185,0.17685883
Merzenhausen,2022-04-27 04:00:00,42,val,0.183,0.17549098
Merzenhausen,2022-04-27 05:00:00,42,val,0.184,0.17478783
Merzenhausen,2022-04-27 06:00:00,42,val,0.184,0.17458488
Merzenhausen,2022-04-27 07:00:00,42,val,0.184,0.17497917
Merzenhausen,2022-04-27 08:00:00,42,val,0.183,0.17574392
Merzenhausen,2022-04-27 09:00:00,42,val,0.187,0.17669614
Merzenhausen,2022-04-27 10:00:00,42,val,0.184,0.17778535
Merzenhausen,2022-04-27 11:00:00,42,val,0.186,0.1805331
Merzenhausen,2022-04-27 12:00:00,42,val,0.185,0.18197387
Merzenhausen,2022-04-27 13:00:00,42,val,0.185,0.18298945
Merzenhausen,2022-04-27 14:00:00,42,val,0.184,0.18319148
Merzenhausen,2022-04-27 15:00:00,42,val,0.186,0.18328334
Merzenhausen,2022-04-27 16:00:00,42,val,0.186,0.1832015
Merzenhausen,2022-04-27 17:00:00,42,val,0.186,0.18299386
Merzenhausen,2022-04-27 18:00:00,42,val,0.186,0.18271762
Merzenhausen,2022-04-27 19:00:00,42,val,0.186,0.18233792
Merzenhausen,2022-04-27 20:00:00,42,val,0.184,0.18165204
Merzenhausen,2022-04-27 21:00:00,42,val,0.184,0.18071717
Merzenhausen,2022-04-27 22:00:00,42,val,0.185,0.17977786
Merzenhausen,2022-04-27 23:00:00,42,val,0.185,0.17859717
Merzenhausen,2022-04-28 00:00:00,42,val,0.185,0.17642832
Merzenhausen,2022-04-28 01:00:00,42,val,0.186,0.17431444
Merzenhausen,2022-04-28 02:00:00,42,val,0.184,0.17216414
Merzenhausen,2022-04-28 03:00:00,42,val,0.185,0.17104375
Merzenhausen,2022-04-28 04:00:00,42,val,0.183,0.17028607
Merzenhausen,2022-04-28 05:00:00,42,val,0.184,0.17009151
Merzenhausen,2022-04-28 06:00:00,42,val,0.184,0.17056516
Merzenhausen,2022-04-28 07:00:00,42,val,0.184,0.17126667
Merzenhausen,2022-04-28 08:00:00,42,val,0.184,0.17205659
Merzenhausen,2022-04-28 09:00:00,42,val,0.184,0.17332539
Merzenhausen,2022-04-28 10:00:00,42,val,0.184,0.1746399
Merzenhausen,2022-04-28 11:00:00,42,val,0.183,0.17578557
Merzenhausen,2022-04-28 12:00:00,42,val,0.186,0.17711109
Merzenhausen,2022-04-28 13:00:00,42,val,0.183,0.1780563
Merzenhausen,2022-04-28 14:00:00,42,val,0.185,0.17857705
Merzenhausen,2022-04-28 15:00:00,42,val,0.184,0.17898488
Merzenhausen,2022-04-28 16:00:00,42,val,0.184,0.17908543
Merzenhausen,2022-04-28 17:00:00,42,val,0.184,0.17903624
Merzenhausen,2022-04-28 18:00:00,42,val,0.1855,0.17897022
Merzenhausen,2022-04-28 19:00:00,42,val,0.184,0.17840144
Merzenhausen,2022-04-28 20:00:00,42,val,0.183,0.17742667
Merzenhausen,2022-04-28 21:00:00,42,val,0.176,0.17608672
Merzenhausen,2022-04-28 22:00:00,42,val,0.186,0.17517102
Merzenhausen,2022-04-28 23:00:00,42,val,0.183,0.17413452
Merzenhausen,2022-04-29 00:00:00,42,val,0.183,0.17275694
Merzenhausen,2022-04-29 01:00:00,42,val,0.181,0.17196089
Merzenhausen,2022-04-29 02:00:00,42,val,0.182,0.17094167
Merzenhausen,2022-04-29 03:00:00,42,val,0.179,0.17037949
Merzenhausen,2022-04-29 04:00:00,42,val,0.18,0.16964732
Merzenhausen,2022-04-29 05:00:00,42,val,0.18,0.16923562
Merzenhausen,2022-04-29 06:00:00,42,val,0.18,0.16927454
Merzenhausen,2022-04-29 07:00:00,42,val,0.18,0.16965231
Merzenhausen,2022-04-29 08:00:00,42,val,0.18,0.17011419
Merzenhausen,2022-04-29 09:00:00,42,val,0.182,0.17140907
Merzenhausen,2022-04-29 10:00:00,42,val,0.181,0.17262132
Merzenhausen,2022-04-29 11:00:00,42,val,0.181,0.17416246
Merzenhausen,2022-04-29 12:00:00,42,val,0.183,0.17581104
Merzenhausen,2022-04-29 13:00:00,42,val,0.182,0.17734943
Merzenhausen,2022-04-29 14:00:00,42,val,0.183,0.17846063
Merzenhausen,2022-04-29 15:00:00,42,val,0.183,0.17955492
Merzenhausen,2022-04-29 16:00:00,42,val,0.182,0.18048008
Merzenhausen,2022-04-29 17:00:00,42,val,0.182,0.18108775
Merzenhausen,2022-04-29 18:00:00,42,val,0.18,0.18134615
Merzenhausen,2022-04-29 19:00:00,42,val,0.181,0.18121438
Merzenhausen,2022-04-29 20:00:00,42,val,0.182,0.18050915
Merzenhausen,2022-04-29 21:00:00,42,val,0.181,0.17955314
Merzenhausen,2022-04-29 22:00:00,42,val,0.178,0.17844546
Merzenhausen,2022-04-29 23:00:00,42,val,0.179,0.17725486
Merzenhausen,2022-04-30 00:00:00,42,val,0.179,0.1757523
Merzenhausen,2022-04-30 01:00:00,42,val,0.18,0.17423455
Merzenhausen,2022-04-30 02:00:00,42,val,0.179,0.17279711
Merzenhausen,2022-04-30 03:00:00,42,val,0.179,0.17148417
Merzenhausen,2022-04-30 04:00:00,42,val,0.178,0.17026508
Merzenhausen,2022-04-30 05:00:00,42,val,0.178,0.16935483
Merzenhausen,2022-04-30 06:00:00,42,val,0.176,0.16901866
Merzenhausen,2022-04-30 07:00:00,42,val,0.179,0.16931435
Merzenhausen,2022-04-30 08:00:00,42,val,0.18,0.16999263
Merzenhausen,2022-04-30 09:00:00,42,val,0.181,0.17095068
Merzenhausen,2022-04-30 10:00:00,42,val,0.181,0.17217311
Merzenhausen,2022-04-30 11:00:00,42,val,0.18,0.1735416
Merzenhausen,2022-04-30 12:00:00,42,val,0.18,0.17555575
Merzenhausen,2022-04-30 13:00:00,42,val,0.179,0.17682214
Merzenhausen,2022-04-30 14:00:00,42,val,0.178,0.17819187
Merzenhausen,2022-04-30 15:00:00,42,val,0.18,0.17917603
Merzenhausen,2022-04-30 16:00:00,42,val,0.18,0.17974906
Merzenhausen,2022-04-30 17:00:00,42,val,0.178,0.17997026
Merzenhausen,2022-04-30 18:00:00,42,val,0.179,0.18008487
Merzenhausen,2022-04-30 19:00:00,42,val,0.176,0.17981555
Merzenhausen,2022-04-30 20:00:00,42,val,0.178,0.17912501
Merzenhausen,2022-04-30 21:00:00,42,val,0.175,0.17709127
Merzenhausen,2022-04-30 22:00:00,42,val,0.173,0.17619938
Merzenhausen,2022-04-30 23:00:00,42,val,0.176,0.17535594
Merzenhausen,2022-05-01 00:00:00,42,val,0.175,0.17429778
Merzenhausen,2022-05-01 01:00:00,42,val,0.176,0.17254806
Merzenhausen,2022-05-01 02:00:00,42,val,0.177,0.17116734
Merzenhausen,2022-05-01 03:00:00,42,val,0.175,0.16957566
Merzenhausen,2022-05-01 04:00:00,42,val,0.174,0.16824782
Merzenhausen,2022-05-01 05:00:00,42,val,0.172,0.16729772
Merzenhausen,2022-05-01 06:00:00,42,val,0.173,0.1668084
Merzenhausen,2022-05-01 07:00:00,42,val,0.175,0.16681917
Merzenhausen,2022-05-01 08:00:00,42,val,0.172,0.16724315
Merzenhausen,2022-05-01 09:00:00,42,val,0.173,0.16830322
Merzenhausen,2022-05-01 10:00:00,42,val,0.172,0.16958296
Merzenhausen,2022-05-01 11:00:00,42,val,0.174,0.17102373
Merzenhausen,2022-05-01 12:00:00,42,val,0.173,0.17283958
Merzenhausen,2022-05-01 13:00:00,42,val,0.172,0.17444983
Merzenhausen,2022-05-01 14:00:00,42,val,0.175,0.1761316
Merzenhausen,2022-05-01 15:00:00,42,val,0.175,0.17744744
Merzenhausen,2022-05-01 16:00:00,42,val,0.175,0.17813414
Merzenhausen,2022-05-01 17:00:00,42,val,0.175,0.17831123
Merzenhausen,2022-05-01 18:00:00,42,val,0.173,0.17778254
Merzenhausen,2022-05-01 19:00:00,42,val,0.171,0.17687073
Merzenhausen,2022-05-01 20:00:00,42,val,0.173,0.1762477
Merzenhausen,2022-05-01 21:00:00,42,val,0.17,0.17551094
Merzenhausen,2022-05-01 22:00:00,42,val,0.171,0.17355412
Merzenhausen,2022-05-01 23:00:00,42,val,0.17,0.17134544
Merzenhausen,2022-05-02 00:00:00,42,val,0.171,0.16930825
Merzenhausen,2022-05-02 01:00:00,42,val,0.172,0.16741183
Merzenhausen,2022-05-02 02:00:00,42,val,0.169,0.16598041
Merzenhausen,2022-05-02 03:00:00,42,val,0.167,0.16525364
Merzenhausen,2022-05-02 04:00:00,42,val,0.166,0.16480462
Merzenhausen,2022-05-02 05:00:00,42,val,0.168,0.16471423
Merzenhausen,2022-05-02 06:00:00,42,val,0.17,0.1645854
Merzenhausen,2022-05-02 07:00:00,42,val,0.166,0.1650899
Merzenhausen,2022-05-02 08:00:00,42,val,0.165,0.1660801
Merzenhausen,2022-05-02 09:00:00,42,val,0.168,0.16731787
Merzenhausen,2022-05-02 10:00:00,42,val,0.167,0.1686138
Merzenhausen,2022-05-02 11:00:00,42,val,0.17,0.16972405
Merzenhausen,2022-05-02 12:00:00,42,val,0.17,0.17067058
Merzenhausen,2022-05-02 13:00:00,42,val,0.169,0.17130306
Merzenhausen,2022-05-02 14:00:00,42,val,0.168,0.17177564
Merzenhausen,2022-05-02 15:00:00,42,val,0.17,0.17232487
Merzenhausen,2022-05-02 16:00:00,42,val,0.17,0.17281935
Merzenhausen,2022-05-02 17:00:00,42,val,0.172,0.17292279
Merzenhausen,2022-05-02 18:00:00,42,val,0.168,0.17299487
Merzenhausen,2022-05-02 19:00:00,42,val,0.17,0.17233175
Merzenhausen,2022-05-02 20:00:00,42,val,0.168,0.1718053
Merzenhausen,2022-05-02 21:00:00,42,val,0.167,0.17110282
Merzenhausen,2022-05-02 22:00:00,42,val,0.169,0.17015027
Merzenhausen,2022-05-02 23:00:00,42,val,0.167,0.1690986
Merzenhausen,2022-05-03 00:00:00,42,val,0.166,0.16780226
Merzenhausen,2022-05-03 01:00:00,42,val,0.166,0.16626322
Merzenhausen,2022-05-03 02:00:00,42,val,0.164,0.16511363
Merzenhausen,2022-05-03 03:00:00,42,val,0.165,0.16403878
Merzenhausen,2022-05-03 04:00:00,42,val,0.165,0.16284285
Merzenhausen,2022-05-03 05:00:00,42,val,0.162,0.1617664
Merzenhausen,2022-05-03 06:00:00,42,val,0.162,0.161426
Merzenhausen,2022-05-03 07:00:00,42,val,0.163,0.16199994
Merzenhausen,2022-05-03 08:00:00,42,val,0.166,0.16260006
Merzenhausen,2022-05-03 09:00:00,42,val,0.165,0.16329071
Merzenhausen,2022-05-03 10:00:00,42,val,0.168,0.16393277
Merzenhausen,2022-05-03 11:00:00,42,val,0.166,0.16487616
Merzenhausen,2022-05-03 12:00:00,42,val,0.169,0.16581388
Merzenhausen,2022-05-03 13:00:00,42,val,0.168,0.16655457
Merzenhausen,2022-05-03 14:00:00,42,val,0.17,0.1675156
Merzenhausen,2022-05-03 15:00:00,42,val,0.166,0.16859734
Merzenhausen,2022-05-03 16:00:00,42,val,0.169,0.16954774
Merzenhausen,2022-05-03 17:00:00,42,val,0.167,0.17014971
Merzenhausen,2022-05-03 18:00:00,42,val,0.165,0.1702084
Merzenhausen,2022-05-03 19:00:00,42,val,0.166,0.16949105
Merzenhausen,2022-05-03 20:00:00,42,val,0.165,0.1687258
Merzenhausen,2022-05-03 21:00:00,42,val,0.166,0.16751945
Merzenhausen,2022-05-03 22:00:00,42,val,0.163,0.16637522
Merzenhausen,2022-05-03 23:00:00,42,val,0.162,0.1647342
Merzenhausen,2022-05-04 00:00:00,42,val,0.163,0.16338421
Merzenhausen,2022-05-04 01:00:00,42,val,0.162,0.16219479
Merzenhausen,2022-05-04 02:00:00,42,val,0.161,0.16078599
Merzenhausen,2022-05-04 03:00:00,42,val,0.161,0.15908948
Merzenhausen,2022-05-04 04:00:00,42,val,0.162,0.15741733
Merzenhausen,2022-05-04 05:00:00,42,val,0.16,0.15645897
Merzenhausen,2022-05-04 06:00:00,42,val,0.16,0.15664937
Merzenhausen,2022-05-04 07:00:00,42,val,0.161,0.15698418
Merzenhausen,2022-05-04 08:00:00,42,val,0.16,0.15729356
Merzenhausen,2022-05-04 09:00:00,42,val,0.163,0.15813051
Merzenhausen,2022-05-04 10:00:00,42,val,0.164,0.1590295
Merzenhausen,2022-05-04 11:00:00,42,val,0.165,0.16047716
Merzenhausen,2022-05-04 12:00:00,42,val,0.166,0.16211483
Merzenhausen,2022-05-04 13:00:00,42,val,0.166,0.1635869
Merzenhausen,2022-05-04 14:00:00,42,val,0.165,0.16455589
Merzenhausen,2022-05-04 15:00:00,42,val,0.168,0.16541627
Merzenhausen,2022-05-04 16:00:00,42,val,0.168,0.16613857
Merzenhausen,2022-05-04 17:00:00,42,val,0.164,0.16703261
Merzenhausen,2022-05-04 18:00:00,42,val,0.165,0.16716805
Merzenhausen,2022-05-04 19:00:00,42,val,0.164,0.16697621
Merzenhausen,2022-05-04 20:00:00,42,val,0.164,0.16610566
Merzenhausen,2022-05-04 21:00:00,42,val,0.161,0.16454427
Merzenhausen,2022-05-04 22:00:00,42,val,0.162,0.16317631
Merzenhausen,2022-05-04 23:00:00,42,val,0.163,0.1622927
Merzenhausen,2022-05-05 00:00:00,42,val,0.162,0.16157585
Merzenhausen,2022-05-05 01:00:00,42,val,0.161,0.16095634
Merzenhausen,2022-05-05 02:00:00,42,val,0.159,0.16016321
Merzenhausen,2022-05-05 03:00:00,42,val,0.162,0.15888669
Merzenhausen,2022-05-05 04:00:00,42,val,0.16,0.15754047
Merzenhausen,2022-05-05 05:00:00,42,val,0.16,0.15607947
Merzenhausen,2022-05-05 06:00:00,42,val,0.16,0.15530935
Merzenhausen,2022-05-05 07:00:00,42,val,0.159,0.15527181
Merzenhausen,2022-05-05 08:00:00,42,val,0.161,0.1560512
Merzenhausen,2022-05-05 09:00:00,42,val,0.16,0.15700647
Merzenhausen,2022-05-05 10:00:00,42,val,0.162,0.15850599
Merzenhausen,2022-05-05 11:00:00,42,val,0.163,0.15985128
Merzenhausen,2022-05-05 12:00:00,42,val,0.162,0.1613566
Merzenhausen,2022-05-05 13:00:00,42,val,0.161,0.16284333
Merzenhausen,2022-05-05 14:00:00,42,val,0.162,0.16421364
Merzenhausen,2022-05-05 15:00:00,42,val,0.164,0.16485858
Merzenhausen,2022-05-05 16:00:00,42,val,0.165,0.1655194
Merzenhausen,2022-05-05 17:00:00,42,val,0.164,0.16578919
Merzenhausen,2022-05-05 18:00:00,42,val,0.161,0.16549547
Merzenhausen,2022-05-05 19:00:00,42,val,0.161,0.16497682
Merzenhausen,2022-05-05 20:00:00,42,val,0.163,0.16410911
Merzenhausen,2022-05-05 21:00:00,42,val,0.162,0.16319841
Merzenhausen,2022-05-05 22:00:00,42,val,0.163,0.16193774
Merzenhausen,2022-05-05 23:00:00,42,val,0.158,0.16028602
Merzenhausen,2022-05-06 00:00:00,42,val,0.157,0.15890871
Merzenhausen,2022-05-06 01:00:00,42,val,0.159,0.15749875
Merzenhausen,2022-05-06 02:00:00,42,val,0.159,0.15630016
Merzenhausen,2022-05-06 03:00:00,42,val,0.159,0.15487954
Merzenhausen,2022-05-06 04:00:00,42,val,0.159,0.15404503
Merzenhausen,2022-05-06 05:00:00,42,val,0.162,0.15346383
Merzenhausen,2022-05-06 06:00:00,42,val,0.161,0.15338558
Merzenhausen,2022-05-06 07:00:00,42,val,0.157,0.15369101
Merzenhausen,2022-05-06 08:00:00,42,val,0.16,0.15409838
Merzenhausen,2022-05-06 09:00:00,42,val,0.16,0.15500575
Merzenhausen,2022-05-06 10:00:00,42,val,0.161,0.15623
Merzenhausen,2022-05-06 11:00:00,42,val,0.16,0.1577312
Merzenhausen,2022-05-06 12:00:00,42,val,0.163,0.15925136
Merzenhausen,2022-05-06 13:00:00,42,val,0.162,0.16056377
Merzenhausen,2022-05-06 14:00:00,42,val,0.164,0.16142717
Merzenhausen,2022-05-06 15:00:00,42,val,0.166,0.16251794
Merzenhausen,2022-05-06 16:00:00,42,val,0.165,0.16358224
Merzenhausen,2022-05-06 17:00:00,42,val,0.162,0.16377655
Merzenhausen,2022-05-06 18:00:00,42,val,0.161,0.16384491
Merzenhausen,2022-05-06 19:00:00,42,val,0.164,0.16333799
Merzenhausen,2022-05-06 20:00:00,42,val,0.158,0.16212542
Merzenhausen,2022-05-06 21:00:00,42,val,0.162,0.16047359
Merzenhausen,2022-05-06 22:00:00,42,val,0.16,0.15942332
Merzenhausen,2022-05-06 23:00:00,42,val,0.157,0.15868935
Merzenhausen,2022-05-07 00:00:00,42,val,0.159,0.15803601
Merzenhausen,2022-05-07 01:00:00,42,val,0.157,0.15723065
Merzenhausen,2022-05-07 02:00:00,42,val,0.159,0.15599775
Merzenhausen,2022-05-07 03:00:00,42,val,0.156,0.15559815
Merzenhausen,2022-05-07 04:00:00,42,val,0.16,0.15503539
Merzenhausen,2022-05-07 05:00:00,42,val,0.157,0.15458597
Merzenhausen,2022-05-07 06:00:00,42,val,0.157,0.1548845
Merzenhausen,2022-05-07 07:00:00,42,val,0.158,0.1553384
Merzenhausen,2022-05-07 08:00:00,42,val,0.158,0.15584518
Merzenhausen,2022-05-07 09:00:00,42,val,0.156,0.15611404
Merzenhausen,2022-05-07 10:00:00,42,val,0.157,0.15661633
Merzenhausen,2022-05-07 11:00:00,42,val,0.159,0.15742743
Merzenhausen,2022-05-07 12:00:00,42,val,0.16,0.15808341
Merzenhausen,2022-05-07 13:00:00,42,val,0.166,0.15853608
Merzenhausen,2022-05-07 14:00:00,42,val,0.16,0.15913093
Merzenhausen,2022-05-07 15:00:00,42,val,0.165,0.17272124
Merzenhausen,2022-05-07 16:00:00,42,val,0.165,0.17666982
Merzenhausen,2022-05-07 17:00:00,42,val,0.165,0.1749371
Merzenhausen,2022-05-07 18:00:00,42,val,0.164,0.17068093
Merzenhausen,2022-05-07 19:00:00,42,val,0.161,0.16614684
Merzenhausen,2022-05-07 20:00:00,42,val,0.162,0.16255829
Merzenhausen,2022-05-07 21:00:00,42,val,0.161,0.15988839
Merzenhausen,2022-05-07 22:00:00,42,val,0.162,0.15837802
Merzenhausen,2022-05-07 23:00:00,42,val,0.157,0.15741944
Merzenhausen,2022-05-08 00:00:00,42,val,0.156,0.15663847
Merzenhausen,2022-05-08 01:00:00,42,val,0.158,0.155974
Merzenhausen,2022-05-08 02:00:00,42,val,0.157,0.15606308
Merzenhausen,2022-05-08 03:00:00,42,val,0.159,0.15644023
Merzenhausen,2022-05-08 04:00:00,42,val,0.156,0.15659794
Merzenhausen,2022-05-08 05:00:00,42,val,0.158,0.15694022
Merzenhausen,2022-05-08 06:00:00,42,val,0.16,0.15710974
Merzenhausen,2022-05-08 07:00:00,42,val,0.156,0.15675563
Merzenhausen,2022-05-08 08:00:00,42,val,0.161,0.15670455
Merzenhausen,2022-05-08 09:00:00,42,val,0.159,0.15704283
Merzenhausen,2022-05-08 10:00:00,42,val,0.1555,0.15778641
Merzenhausen,2022-05-08 11:00:00,42,val,0.1555,0.15855035
Merzenhausen,2022-05-08 12:00:00,42,val,0.161,0.15981203
Merzenhausen,2022-05-08 13:00:00,42,val,0.162,0.16094004
Merzenhausen,2022-05-08 14:00:00,42,val,0.161,0.16207558
Merzenhausen,2022-05-08 15:00:00,42,val,0.161,0.1632745
Merzenhausen,2022-05-08 16:00:00,42,val,0.161,0.16423383
Merzenhausen,2022-05-08 17:00:00,42,val,0.161,0.16442919
Merzenhausen,2022-05-08 18:00:00,42,val,0.162,0.16404954
Merzenhausen,2022-05-08 19:00:00,42,val,0.16,0.16379529
Merzenhausen,2022-05-08 20:00:00,42,val,0.161,0.16253671
Merzenhausen,2022-05-08 21:00:00,42,val,0.158,0.16165335
Merzenhausen,2022-05-08 22:00:00,42,val,0.162,0.15996052
Merzenhausen,2022-05-08 23:00:00,42,val,0.159,0.15778339
Merzenhausen,2022-05-09 00:00:00,42,val,0.157,0.15603721
Merzenhausen,2022-05-09 01:00:00,42,val,0.16,0.15432084
Merzenhausen,2022-05-09 02:00:00,42,val,0.158,0.15318143
Merzenhausen,2022-05-09 03:00:00,42,val,0.157,0.15185589
Merzenhausen,2022-05-09 04:00:00,42,val,0.155,0.15124886
Merzenhausen,2022-05-09 05:00:00,42,val,0.156,0.15098001
Merzenhausen,2022-05-09 06:00:00,42,val,0.161,0.15161094
Merzenhausen,2022-05-09 07:00:00,42,val,0.156,0.15270415
Merzenhausen,2022-05-09 08:00:00,42,val,0.155,0.15382858
Merzenhausen,2022-05-09 09:00:00,42,val,0.157,0.15434515
Merzenhausen,2022-05-09 10:00:00,42,val,0.16,0.15455827
Merzenhausen,2022-05-09 11:00:00,42,val,0.158,0.15495019
Merzenhausen,2022-05-09 12:00:00,42,val,0.161,0.15553626
Merzenhausen,2022-05-09 13:00:00,42,val,0.158,0.15715884
Merzenhausen,2022-05-09 14:00:00,42,val,0.161,0.15800413
Merzenhausen,2022-05-09 15:00:00,42,val,0.159,0.1592796
Merzenhausen,2022-05-09 16:00:00,42,val,0.161,0.16064842
Merzenhausen,2022-05-09 17:00:00,42,val,0.161,0.16186346
Merzenhausen,2022-05-09 18:00:00,42,val,0.158,0.16270179
Merzenhausen,2022-05-09 19:00:00,42,val,0.16,0.16257472
Merzenhausen,2022-05-09 20:00:00,42,val,0.157,0.16159606
Merzenhausen,2022-05-09 21:00:00,42,val,0.158,0.1604777
Merzenhausen,2022-05-09 22:00:00,42,val,0.155,0.15982705
Merzenhausen,2022-05-09 23:00:00,42,val,0.159,0.15900272
Merzenhausen,2022-05-10 00:00:00,42,val,0.157,0.15831287
Merzenhausen,2022-05-10 01:00:00,42,val,0.158,0.15813321
Merzenhausen,2022-05-10 02:00:00,42,val,0.162,0.15777446
Merzenhausen,2022-05-10 03:00:00,42,val,0.157,0.15757598
Merzenhausen,2022-05-10 04:00:00,42,val,0.154,0.15708143
Merzenhausen,2022-05-10 05:00:00,42,val,0.155,0.15666755
Merzenhausen,2022-05-10 06:00:00,42,val,0.155,0.15688792
Merzenhausen,2022-05-10 07:00:00,42,val,0.155,0.15733828
Merzenhausen,2022-05-10 08:00:00,42,val,0.157,0.15822054
Merzenhausen,2022-05-10 09:00:00,42,val,0.152,0.1586548
Merzenhausen,2022-05-10 10:00:00,42,val,0.155,0.15816197
Merzenhausen,2022-05-10 11:00:00,42,val,0.155,0.15731037
Merzenhausen,2022-05-10 12:00:00,42,val,0.157,0.15731362
Merzenhausen,2022-05-10 13:00:00,42,val,0.156,0.15805951
Merzenhausen,2022-05-10 14:00:00,42,val,0.158,0.15899454
Merzenhausen,2022-05-10 15:00:00,42,val,0.158,0.1598179
Merzenhausen,2022-05-10 16:00:00,42,val,0.156,0.1606324
Merzenhausen,2022-05-10 17:00:00,42,val,0.157,0.161295
Merzenhausen,2022-05-10 18:00:00,42,val,0.157,0.16209602
Merzenhausen,2022-05-10 19:00:00,42,val,0.156,0.16231859
Merzenhausen,2022-05-10 20:00:00,42,val,0.153,0.16242701
Merzenhausen,2022-05-10 21:00:00,42,val,0.154,0.16250664
Merzenhausen,2022-05-10 22:00:00,42,val,0.155,0.16263875
Merzenhausen,2022-05-10 23:00:00,42,val,0.152,0.16241692
Merzenhausen,2022-05-11 00:00:00,42,val,0.154,0.16184764
Merzenhausen,2022-05-11 01:00:00,42,val,0.153,0.16160789
Merzenhausen,2022-05-11 02:00:00,42,val,0.152,0.16092679
Merzenhausen,2022-05-11 03:00:00,42,val,0.152,0.15994586
Merzenhausen,2022-05-11 04:00:00,42,val,0.15,0.1586768
Merzenhausen,2022-05-11 05:00:00,42,val,0.15,0.15767254
Merzenhausen,2022-05-11 06:00:00,42,val,0.15,0.15823579
Merzenhausen,2022-05-11 07:00:00,42,val,0.154,0.15878776
Merzenhausen,2022-05-11 08:00:00,42,val,0.152,0.15882164
Merzenhausen,2022-05-11 09:00:00,42,val,0.155,0.15872133
Merzenhausen,2022-05-11 10:00:00,42,val,0.154,0.1589936
Merzenhausen,2022-05-11 11:00:00,42,val,0.152,0.15911022
Merzenhausen,2022-05-11 12:00:00,42,val,0.154,0.1595959
Merzenhausen,2022-05-11 13:00:00,42,val,0.156,0.15965292
Merzenhausen,2022-05-11 14:00:00,42,val,0.155,0.15992291
Merzenhausen,2022-05-11 15:00:00,42,val,0.156,0.16000375
Merzenhausen,2022-05-11 16:00:00,42,val,0.156,0.16042182
Merzenhausen,2022-05-11 17:00:00,42,val,0.158,0.1611266
Merzenhausen,2022-05-11 18:00:00,42,val,0.151,0.1615512
Merzenhausen,2022-05-11 19:00:00,42,val,0.153,0.16186054
Merzenhausen,2022-05-11 20:00:00,42,val,0.154,0.16207947
Merzenhausen,2022-05-11 21:00:00,42,val,0.154,0.16240348
Merzenhausen,2022-05-11 22:00:00,42,val,0.151,0.16219968
Merzenhausen,2022-05-11 23:00:00,42,val,0.152,0.16236264
Merzenhausen,2022-05-12 00:00:00,42,val,0.15,0.16509804
Merzenhausen,2022-05-12 01:00:00,42,val,0.149,0.16567586
Merzenhausen,2022-05-12 02:00:00,42,val,0.151,0.16555339
Merzenhausen,2022-05-12 03:00:00,42,val,0.148,0.16392401
Merzenhausen,2022-05-12 04:00:00,42,val,0.152,0.1611806
Merzenhausen,2022-05-12 05:00:00,42,val,0.151,0.15911669
Merzenhausen,2022-05-12 06:00:00,42,val,0.151,0.15799125
Merzenhausen,2022-05-12 07:00:00,42,val,0.15,0.15752801
Merzenhausen,2022-05-12 08:00:00,42,val,0.151,0.15771437
Merzenhausen,2022-05-12 09:00:00,42,val,0.151,0.15754285
Merzenhausen,2022-05-12 10:00:00,42,val,0.152,0.15770444
Merzenhausen,2022-05-12 11:00:00,42,val,0.154,0.15793824
Merzenhausen,2022-05-12 12:00:00,42,val,0.155,0.15866233
Merzenhausen,2022-05-12 13:00:00,42,val,0.155,0.15936548
Merzenhausen,2022-05-12 14:00:00,42,val,0.154,0.16025752
Merzenhausen,2022-05-12 15:00:00,42,val,0.153,0.16115554
Merzenhausen,2022-05-12 16:00:00,42,val,0.153,0.16158623
Merzenhausen,2022-05-12 17:00:00,42,val,0.153,0.16184728
Merzenhausen,2022-05-12 18:00:00,42,val,0.154,0.16209097
Merzenhausen,2022-05-12 19:00:00,42,val,0.153,0.16204295
Merzenhausen,2022-05-12 20:00:00,42,val,0.151,0.1609023
Merzenhausen,2022-05-12 21:00:00,42,val,0.154,0.15968838
Merzenhausen,2022-05-12 22:00:00,42,val,0.151,0.15917964
Merzenhausen,2022-05-12 23:00:00,42,val,0.152,0.1581607
Merzenhausen,2022-05-13 00:00:00,42,val,0.147,0.15674523
Merzenhausen,2022-05-13 01:00:00,42,val,0.148,0.15582888
Merzenhausen,2022-05-13 02:00:00,42,val,0.149,0.1548995
Merzenhausen,2022-05-13 03:00:00,42,val,0.147,0.15426475
Merzenhausen,2022-05-13 04:00:00,42,val,0.148,0.15335305
Merzenhausen,2022-05-13 05:00:00,42,val,0.15,0.15267766
Merzenhausen,2022-05-13 06:00:00,42,val,0.148,0.15224554
Merzenhausen,2022-05-13 07:00:00,42,val,0.148,0.15261765
Merzenhausen,2022-05-13 08:00:00,42,val,0.149,0.15320966
Merzenhausen,2022-05-13 09:00:00,42,val,0.148,0.15429679
Merzenhausen,2022-05-13 10:00:00,42,val,0.15,0.15545046
Merzenhausen,2022-05-13 11:00:00,42,val,0.151,0.15630074
Merzenhausen,2022-05-13 12:00:00,42,val,0.15,0.1571226
Merzenhausen,2022-05-13 13:00:00,42,val,0.15,0.15813091
Merzenhausen,2022-05-13 14:00:00,42,val,0.152,0.15890293
Merzenhausen,2022-05-13 15:00:00,42,val,0.152,0.1596868
Merzenhausen,2022-05-13 16:00:00,42,val,0.156,0.1603269
Merzenhausen,2022-05-13 17:00:00,42,val,0.151,0.16114825
Merzenhausen,2022-05-13 18:00:00,42,val,0.15,0.16083738
Merzenhausen,2022-05-13 19:00:00,42,val,0.152,0.16024911
Merzenhausen,2022-05-13 20:00:00,42,val,0.153,0.15939838
Merzenhausen,2022-05-13 21:00:00,42,val,0.151,0.15819167
Merzenhausen,2022-05-13 22:00:00,42,val,0.149,0.15674138
Merzenhausen,2022-05-13 23:00:00,42,val,0.148,0.15591627
Merzenhausen,2022-05-14 00:00:00,42,val,0.147,0.15490273
Merzenhausen,2022-05-14 01:00:00,42,val,0.15,0.15405867
Merzenhausen,2022-05-14 02:00:00,42,val,0.151,0.15342933
Merzenhausen,2022-05-14 03:00:00,42,val,0.149,0.15243983
Merzenhausen,2022-05-14 04:00:00,42,val,0.15,0.15145257
Merzenhausen,2022-05-14 05:00:00,42,val,0.146,0.15100041
Merzenhausen,2022-05-14 06:00:00,42,val,0.15,0.15134794
Merzenhausen,2022-05-14 07:00:00,42,val,0.148,0.15190347
Merzenhausen,2022-05-14 08:00:00,42,val,0.151,0.1525676
Merzenhausen,2022-05-14 09:00:00,42,val,0.15,0.1531657
Merzenhausen,2022-05-14 10:00:00,42,val,0.149,0.15371828
Merzenhausen,2022-05-14 11:00:00,42,val,0.15,0.15453203
Merzenhausen,2022-05-14 12:00:00,42,val,0.153,0.15555966
Merzenhausen,2022-05-14 13:00:00,42,val,0.152,0.15652706
Merzenhausen,2022-05-14 14:00:00,42,val,0.152,0.15708266
Merzenhausen,2022-05-14 15:00:00,42,val,0.151,0.15717244
Merzenhausen,2022-05-14 16:00:00,42,val,0.153,0.15712471
Merzenhausen,2022-05-14 17:00:00,42,val,0.149,0.15721034
Merzenhausen,2022-05-14 18:00:00,42,val,0.15,0.15760785
Merzenhausen,2022-05-14 19:00:00,42,val,0.15,0.1578146
Merzenhausen,2022-05-14 20:00:00,42,val,0.149,0.1569068
Merzenhausen,2022-05-14 21:00:00,42,val,0.15,0.15622886
Merzenhausen,2022-05-14 22:00:00,42,val,0.147,0.1551903
Merzenhausen,2022-05-14 23:00:00,42,val,0.146,0.15427192
Merzenhausen,2022-05-15 00:00:00,42,val,0.147,0.152986
Merzenhausen,2022-05-15 01:00:00,42,val,0.147,0.15154046
Merzenhausen,2022-05-15 02:00:00,42,val,0.144,0.15042426
Merzenhausen,2022-05-15 03:00:00,42,val,0.15,0.14914912
Merzenhausen,2022-05-15 04:00:00,42,val,0.15,0.14802822
Merzenhausen,2022-05-15 05:00:00,42,val,0.15,0.14828679
Merzenhausen,2022-05-15 06:00:00,42,val,0.146,0.14925405
Merzenhausen,2022-05-15 07:00:00,42,val,0.148,0.15043679
Merzenhausen,2022-05-15 08:00:00,42,val,0.147,0.15149122
Merzenhausen,2022-05-15 09:00:00,42,val,0.146,0.15194188
Merzenhausen,2022-05-15 10:00:00,42,val,0.147,0.15220268
Merzenhausen,2022-05-15 11:00:00,42,val,0.149,0.15254101
Merzenhausen,2022-05-15 12:00:00,42,val,0.152,0.15270615
Merzenhausen,2022-05-15 13:00:00,42,val,0.153,0.15278882
Merzenhausen,2022-05-15 14:00:00,42,val,0.15,0.15315956
Merzenhausen,2022-05-15 15:00:00,42,val,0.149,0.15372466
Merzenhausen,2022-05-15 16:00:00,42,val,0.151,0.15497713
Merzenhausen,2022-05-15 17:00:00,42,val,0.15,0.15576914
Merzenhausen,2022-05-15 18:00:00,42,val,0.148,0.15615994
Merzenhausen,2022-05-15 19:00:00,42,val,0.153,0.15655375
Merzenhausen,2022-05-15 20:00:00,42,val,0.15,0.15671837
Merzenhausen,2022-05-15 21:00:00,42,val,0.147,0.15651174
Merzenhausen,2022-05-15 22:00:00,42,val,0.151,0.15671664
Merzenhausen,2022-05-15 23:00:00,42,val,0.146,0.15707356
Merzenhausen,2022-05-16 00:00:00,42,val,0.143,0.15713514
Merzenhausen,2022-05-16 01:00:00,42,val,0.146,0.15768623
Merzenhausen,2022-05-16 02:00:00,42,val,0.146,0.1582437
Merzenhausen,2022-05-16 03:00:00,42,val,0.147,0.157728
Merzenhausen,2022-05-16 04:00:00,42,val,0.145,0.1568717
Merzenhausen,2022-05-16 05:00:00,42,val,0.145,0.15602106
Merzenhausen,2022-05-16 06:00:00,42,val,0.145,0.15558483
Merzenhausen,2022-05-16 07:00:00,42,val,0.147,0.15529285
Merzenhausen,2022-05-16 08:00:00,42,val,0.147,0.15559423
Merzenhausen,2022-05-16 09:00:00,42,val,0.148,0.15585473
Merzenhausen,2022-05-16 10:00:00,42,val,0.147,0.15573084
Merzenhausen,2022-05-16 11:00:00,42,val,0.146,0.15550867
Merzenhausen,2022-05-16 12:00:00,42,val,0.146,0.155772
Merzenhausen,2022-05-16 13:00:00,42,val,0.148,0.1560924
Merzenhausen,2022-05-16 14:00:00,42,val,0.15,0.15667272
Merzenhausen,2022-05-16 15:00:00,42,val,0.149,0.15712504
Merzenhausen,2022-05-16 16:00:00,42,val,0.149,0.15784955
Merzenhausen,2022-05-16 17:00:00,42,val,0.149,0.15810506
Merzenhausen,2022-05-16 18:00:00,42,val,0.152,0.15832022
Merzenhausen,2022-05-16 19:00:00,42,val,0.149,0.15830353
Merzenhausen,2022-05-16 20:00:00,42,val,0.15,0.15770233
Merzenhausen,2022-05-16 21:00:00,42,val,0.147,0.15682602
Merzenhausen,2022-05-16 22:00:00,42,val,0.146,0.15588379
Merzenhausen,2022-05-16 23:00:00,42,val,0.148,0.15516102
Merzenhausen,2022-05-17 00:00:00,42,val,0.147,0.15435904
Merzenhausen,2022-05-17 01:00:00,42,val,0.146,0.15359193
Merzenhausen,2022-05-17 02:00:00,42,val,0.146,0.1522704
Merzenhausen,2022-05-17 03:00:00,42,val,0.143,0.15164003
Merzenhausen,2022-05-17 04:00:00,42,val,0.145,0.15186012
Merzenhausen,2022-05-17 05:00:00,42,val,0.145,0.15262347
Merzenhausen,2022-05-17 06:00:00,42,val,0.145,0.15311377
Merzenhausen,2022-05-17 07:00:00,42,val,0.143,0.15373403
Merzenhausen,2022-05-17 08:00:00,42,val,0.146,0.15395328
Merzenhausen,2022-05-17 09:00:00,42,val,0.146,0.15364252
Merzenhausen,2022-05-17 10:00:00,42,val,0.148,0.15322214
Merzenhausen,2022-05-17 11:00:00,42,val,0.146,0.15309119
Merzenhausen,2022-05-17 12:00:00,42,val,0.148,0.15363473
Merzenhausen,2022-05-17 13:00:00,42,val,0.15,0.1545874
Merzenhausen,2022-05-17 14:00:00,42,val,0.145,0.155166
Merzenhausen,2022-05-17 15:00:00,42,val,0.149,0.15533565
Merzenhausen,2022-05-17 16:00:00,42,val,0.146,0.15556508
Merzenhausen,2022-05-17 17:00:00,42,val,0.149,0.15573359
Merzenhausen,2022-05-17 18:00:00,42,val,0.146,0.1557311
Merzenhausen,2022-05-17 19:00:00,42,val,0.146,0.15642846
Merzenhausen,2022-05-17 20:00:00,42,val,0.145,0.15711606
Merzenhausen,2022-05-17 21:00:00,42,val,0.145,0.1576328
Merzenhausen,2022-05-17 22:00:00,42,val,0.146,0.15817425
Merzenhausen,2022-05-17 23:00:00,42,val,0.146,0.15783831
Merzenhausen,2022-05-18 00:00:00,42,val,0.143,0.15648593
Merzenhausen,2022-05-18 01:00:00,42,val,0.142,0.15534702
Merzenhausen,2022-05-18 02:00:00,42,val,0.1415,0.15443066
Merzenhausen,2022-05-18 03:00:00,42,val,0.148,0.15395972
Merzenhausen,2022-05-18 04:00:00,42,val,0.143,0.15339255
Merzenhausen,2022-05-18 05:00:00,42,val,0.147,0.15333001
Merzenhausen,2022-05-18 06:00:00,42,val,0.146,0.15407866
Merzenhausen,2022-05-18 07:00:00,42,val,0.142,0.15511887
Merzenhausen,2022-05-18 08:00:00,42,val,0.145,0.15587445
Merzenhausen,2022-05-18 09:00:00,42,val,0.145,0.15609998
Merzenhausen,2022-05-18 10:00:00,42,val,0.153,0.15608616
Merzenhausen,2022-05-18 11:00:00,42,val,0.145,0.15526433
Merzenhausen,2022-05-18 12:00:00,42,val,0.146,0.15420547
Merzenhausen,2022-05-18 13:00:00,42,val,0.148,0.15359914
Merzenhausen,2022-05-18 14:00:00,42,val,0.146,0.15361094
Merzenhausen,2022-05-18 15:00:00,42,val,0.148,0.15385064
Merzenhausen,2022-05-18 16:00:00,42,val,0.145,0.15434135
Merzenhausen,2022-05-18 17:00:00,42,val,0.145,0.15493141
Merzenhausen,2022-05-18 18:00:00,42,val,0.146,0.15617254
Merzenhausen,2022-05-18 19:00:00,42,val,0.143,0.1569766
Merzenhausen,2022-05-18 20:00:00,42,val,0.145,0.15779278
Merzenhausen,2022-05-18 21:00:00,42,val,0.144,0.15788743
Merzenhausen,2022-05-18 22:00:00,42,val,0.143,0.15742728
Merzenhausen,2022-05-18 23:00:00,42,val,0.141,0.15703216
Merzenhausen,2022-05-19 00:00:00,42,val,0.146,0.15662205
Merzenhausen,2022-05-19 01:00:00,42,val,0.142,0.15702827
Merzenhausen,2022-05-19 02:00:00,42,val,0.143,0.15703245
Merzenhausen,2022-05-19 03:00:00,42,val,0.143,0.15682459
Merzenhausen,2022-05-19 04:00:00,42,val,0.145,0.1568401
Merzenhausen,2022-05-19 05:00:00,42,val,0.141,0.15709132
Merzenhausen,2022-05-19 06:00:00,42,val,0.141,0.15750825
Merzenhausen,2022-05-19 07:00:00,42,val,0.145,0.15732524
Merzenhausen,2022-05-19 08:00:00,42,val,0.143,0.15722236
Merzenhausen,2022-05-19 09:00:00,42,val,0.143,0.15702675
Merzenhausen,2022-05-19 10:00:00,42,val,0.144,0.15681009
Merzenhausen,2022-05-19 11:00:00,42,val,0.145,0.15632851
Merzenhausen,2022-05-19 12:00:00,42,val,0.144,0.15594241
Merzenhausen,2022-05-19 13:00:00,42,val,0.145,0.15626138
Merzenhausen,2022-05-19 14:00:00,42,val,0.143,0.1563196
Merzenhausen,2022-05-19 15:00:00,42,val,0.144,0.15699334
Merzenhausen,2022-05-19 16:00:00,42,val,0.151,0.15750371
Merzenhausen,2022-05-19 17:00:00,42,val,0.144,0.15843543
Merzenhausen,2022-05-19 18:00:00,42,val,0.143,0.1589276
Merzenhausen,2022-05-19 19:00:00,42,val,0.145,0.15894012
Merzenhausen,2022-05-19 20:00:00,42,val,0.146,0.158276
Merzenhausen,2022-05-19 21:00:00,42,val,0.143,0.15793885
Merzenhausen,2022-05-19 22:00:00,42,val,0.142,0.15797602
Merzenhausen,2022-05-19 23:00:00,42,val,0.142,0.1582435
Merzenhausen,2022-05-20 00:00:00,42,val,0.143,0.15766928
Merzenhausen,2022-05-20 01:00:00,42,val,0.1445,0.1566054
Merzenhausen,2022-05-20 02:00:00,42,val,0.143,0.15504614
Merzenhausen,2022-05-20 03:00:00,42,val,0.143,0.15446801
Merzenhausen,2022-05-20 04:00:00,42,val,0.141,0.15417692
Merzenhausen,2022-05-20 05:00:00,42,val,0.14,0.15458804
Merzenhausen,2022-05-20 06:00:00,42,val,0.1445,0.15522851
Merzenhausen,2022-05-20 07:00:00,42,val,0.139,0.15527974
Merzenhausen,2022-05-20 08:00:00,42,val,0.139,0.15534675
Merzenhausen,2022-05-20 09:00:00,42,val,0.143,0.155366
Merzenhausen,2022-05-20 10:00:00,42,val,0.146,0.15646252
Merzenhausen,2022-05-20 11:00:00,42,val,0.146,0.15667006
Merzenhausen,2022-05-20 12:00:00,42,val,0.145,0.1566443
Merzenhausen,2022-05-20 13:00:00,42,val,0.146,0.16014776
Merzenhausen,2022-05-20 14:00:00,42,val,0.148,0.16094673
Merzenhausen,2022-05-20 15:00:00,42,val,0.146,0.16841263
Merzenhausen,2022-05-20 16:00:00,42,val,0.147,0.17139165
Merzenhausen,2022-05-20 17:00:00,42,val,0.148,0.1696348
Merzenhausen,2022-05-20 18:00:00,42,val,0.145,0.16570541
Merzenhausen,2022-05-20 19:00:00,42,val,0.146,0.16112112
Merzenhausen,2022-05-20 20:00:00,42,val,0.143,0.15738706
Merzenhausen,2022-05-20 21:00:00,42,val,0.145,0.15483917
Merzenhausen,2022-05-20 22:00:00,42,val,0.142,0.15323605
Merzenhausen,2022-05-20 23:00:00,42,val,0.146,0.15203673
Merzenhausen,2022-05-21 00:00:00,42,val,0.143,0.15185085
Merzenhausen,2022-05-21 01:00:00,42,val,0.143,0.1516417
Merzenhausen,2022-05-21 02:00:00,42,val,0.145,0.15147108
Merzenhausen,2022-05-21 03:00:00,42,val,0.141,0.15125209
Merzenhausen,2022-05-21 04:00:00,42,val,0.142,0.15142402
Merzenhausen,2022-05-21 05:00:00,42,val,0.142,0.15110886
Merzenhausen,2022-05-21 06:00:00,42,val,0.142,0.15069532
Merzenhausen,2022-05-21 07:00:00,42,val,0.1475,0.15083832
Merzenhausen,2022-05-21 08:00:00,42,val,0.143,0.15110955
Merzenhausen,2022-05-21 09:00:00,42,val,0.144,0.15191637
Merzenhausen,2022-05-21 10:00:00,42,val,0.145,0.15256837
Merzenhausen,2022-05-21 11:00:00,42,val,0.146,0.15329222
Merzenhausen,2022-05-21 12:00:00,42,val,0.145,0.1538594
Merzenhausen,2022-05-21 13:00:00,42,val,0.149,0.15447952
Merzenhausen,2022-05-21 14:00:00,42,val,0.145,0.15476088
Merzenhausen,2022-05-21 15:00:00,42,val,0.148,0.1549864
Merzenhausen,2022-05-21 16:00:00,42,val,0.145,0.15620668
Merzenhausen,2022-05-21 17:00:00,42,val,0.148,0.15665095
Merzenhausen,2022-05-21 18:00:00,42,val,0.147,0.1564492
Merzenhausen,2022-05-21 19:00:00,42,val,0.146,0.15622482
Merzenhausen,2022-05-21 20:00:00,42,val,0.146,0.15577164
Merzenhausen,2022-05-21 21:00:00,42,val,0.145,0.15470076
Merzenhausen,2022-05-21 22:00:00,42,val,0.145,0.15341303
Merzenhausen,2022-05-21 23:00:00,42,val,0.142,0.15188974
Merzenhausen,2022-05-22 00:00:00,42,val,0.146,0.15062393
Merzenhausen,2022-05-22 01:00:00,42,val,0.143,0.14973947
Merzenhausen,2022-05-22 02:00:00,42,val,0.145,0.14863068
Merzenhausen,2022-05-22 03:00:00,42,val,0.142,0.14739847
Merzenhausen,2022-05-22 04:00:00,42,val,0.146,0.14614335
Merzenhausen,2022-05-22 05:00:00,42,val,0.142,0.14522047
Merzenhausen,2022-05-22 06:00:00,42,val,0.146,0.14576635
Merzenhausen,2022-05-22 07:00:00,42,val,0.143,0.14658186
Merzenhausen,2022-05-22 08:00:00,42,val,0.146,0.14716405
Merzenhausen,2022-05-22 09:00:00,42,val,0.142,0.1479758
Merzenhausen,2022-05-22 10:00:00,42,val,0.144,0.14915308
Merzenhausen,2022-05-22 11:00:00,42,val,0.142,0.15037075
Merzenhausen,2022-05-22 12:00:00,42,val,0.145,0.15132287
Merzenhausen,2022-05-22 13:00:00,42,val,0.143,0.15209079
Merzenhausen,2022-05-22 14:00:00,42,val,0.144,0.15303059
Merzenhausen,2022-05-22 15:00:00,42,val,0.146,0.15365115
Merzenhausen,2022-05-22 16:00:00,42,val,0.146,0.15416256
Merzenhausen,2022-05-22 17:00:00,42,val,0.143,0.15476993
Merzenhausen,2022-05-22 18:00:00,42,val,0.143,0.15500729
Merzenhausen,2022-05-22 19:00:00,42,val,0.145,0.15498841
Merzenhausen,2022-05-22 20:00:00,42,val,0.142,0.15412216
Merzenhausen,2022-05-22 21:00:00,42,val,0.142,0.15340729
Merzenhausen,2022-05-22 22:00:00,42,val,0.143,0.15285456
Merzenhausen,2022-05-22 23:00:00,42,val,0.145,0.15331548
Merzenhausen,2022-05-23 00:00:00,42,val,0.142,0.15420333
Merzenhausen,2022-05-23 01:00:00,42,val,0.143,0.15479031
Merzenhausen,2022-05-23 02:00:00,42,val,0.141,0.15547027
Merzenhausen,2022-05-23 03:00:00,42,val,0.141,0.15529078
Merzenhausen,2022-05-23 04:00:00,42,val,0.14,0.15467227
Merzenhausen,2022-05-23 05:00:00,42,val,0.14,0.15395916
Merzenhausen,2022-05-23 06:00:00,42,val,0.14,0.153233
Merzenhausen,2022-05-23 07:00:00,42,val,0.141,0.15332451
Merzenhausen,2022-05-23 08:00:00,42,val,0.143,0.15329564
Merzenhausen,2022-05-23 09:00:00,42,val,0.142,0.15328945
Merzenhausen,2022-05-23 10:00:00,42,val,0.143,0.15337075
Merzenhausen,2022-05-23 11:00:00,42,val,0.144,0.1536125
Merzenhausen,2022-05-23 12:00:00,42,val,0.145,0.1537227
Merzenhausen,2022-05-23 13:00:00,42,val,0.143,0.15644272
Merzenhausen,2022-05-23 14:00:00,42,val,0.146,0.16194786
Merzenhausen,2022-05-23 15:00:00,42,val,0.145,0.16342685
Merzenhausen,2022-05-23 16:00:00,42,val,0.146,0.16497232
Merzenhausen,2022-05-23 17:00:00,42,val,0.144,0.16401394
Merzenhausen,2022-05-23 18:00:00,42,val,0.143,0.16764869
Merzenhausen,2022-05-23 19:00:00,42,val,0.145,0.1667015
Merzenhausen,2022-05-23 20:00:00,42,val,0.142,0.16342458
Merzenhausen,2022-05-23 21:00:00,42,val,0.146,0.1598758
Merzenhausen,2022-05-23 22:00:00,42,val,0.142,0.15715176
Merzenhausen,2022-05-23 23:00:00,42,val,0.143,0.15505683
Merzenhausen,2022-05-24 00:00:00,42,val,0.143,0.15422526
Merzenhausen,2022-05-24 01:00:00,42,val,0.1525,0.15364675
Merzenhausen,2022-05-24 02:00:00,42,val,0.143,0.15332152
Merzenhausen,2022-05-24 03:00:00,42,val,0.143,0.15257026
Merzenhausen,2022-05-24 04:00:00,42,val,0.143,0.15221941
Merzenhausen,2022-05-24 05:00:00,42,val,0.143,0.15265834
Merzenhausen,2022-05-24 06:00:00,42,val,0.143,0.15434122
Merzenhausen,2022-05-24 07:00:00,42,val,0.144,0.15426789
Merzenhausen,2022-05-24 08:00:00,42,val,0.1505,0.1540594
Merzenhausen,2022-05-24 09:00:00,42,val,0.1455,0.15346915
Merzenhausen,2022-05-24 10:00:00,42,val,0.145,0.15319037
Merzenhausen,2022-05-24 11:00:00,42,val,0.141,0.15290968
Merzenhausen,2022-05-24 12:00:00,42,val,0.1515,0.15333098
Merzenhausen,2022-05-24 13:00:00,42,val,0.145,0.15379044
Merzenhausen,2022-05-24 14:00:00,42,val,0.143,0.15451862
Merzenhausen,2022-05-24 15:00:00,42,val,0.143,0.15913945
Merzenhausen,2022-05-24 16:00:00,42,val,0.143,0.16137376
Merzenhausen,2022-05-24 17:00:00,42,val,0.145,0.16123801
Merzenhausen,2022-05-24 18:00:00,42,val,0.142,0.15991077
Merzenhausen,2022-05-24 19:00:00,42,val,0.153,0.15852213
Merzenhausen,2022-05-24 20:00:00,42,val,0.144,0.1566689
Merzenhausen,2022-05-24 21:00:00,42,val,0.143,0.15488869
Merzenhausen,2022-05-24 22:00:00,42,val,0.1475,0.15335152
Merzenhausen,2022-05-24 23:00:00,42,val,0.1505,0.15239576
Merzenhausen,2022-05-25 00:00:00,42,val,0.146,0.15103331
Merzenhausen,2022-05-25 01:00:00,42,val,0.142,0.14967333
Merzenhausen,2022-05-25 02:00:00,42,val,0.143,0.14836729
Merzenhausen,2022-05-25 03:00:00,42,val,0.143,0.14706565
Merzenhausen,2022-05-25 04:00:00,42,val,0.143,0.14587417
Merzenhausen,2022-05-25 05:00:00,42,val,0.145,0.14522378
Merzenhausen,2022-05-25 06:00:00,42,val,0.145,0.14521392
Merzenhausen,2022-05-25 07:00:00,42,val,0.145,0.14570993
Merzenhausen,2022-05-25 08:00:00,42,val,0.143,0.14665498
Merzenhausen,2022-05-25 09:00:00,42,val,0.15,0.14757657
Merzenhausen,2022-05-25 10:00:00,42,val,0.141,0.14853583
Merzenhausen,2022-05-25 11:00:00,42,val,0.143,0.14964695
Merzenhausen,2022-05-25 12:00:00,42,val,0.146,0.15089217
Merzenhausen,2022-05-25 13:00:00,42,val,0.142,0.15179816
Merzenhausen,2022-05-25 14:00:00,42,val,0.145,0.1529493
Merzenhausen,2022-05-25 15:00:00,42,val,0.145,0.15379602
Merzenhausen,2022-05-25 16:00:00,42,val,0.145,0.15451217
Merzenhausen,2022-05-25 17:00:00,42,val,0.146,0.15472895
Merzenhausen,2022-05-25 18:00:00,42,val,0.146,0.15456507
Merzenhausen,2022-05-25 19:00:00,42,val,0.145,0.1545867
Merzenhausen,2022-05-25 20:00:00,42,val,0.142,0.15424073
Merzenhausen,2022-05-25 21:00:00,42,val,0.143,0.15440616
Merzenhausen,2022-05-25 22:00:00,42,val,0.14,0.15434253
Merzenhausen,2022-05-25 23:00:00,42,val,0.141,0.15413383
Merzenhausen,2022-05-26 00:00:00,42,val,0.141,0.153934
Merzenhausen,2022-05-26 01:00:00,42,val,0.14,0.15490489
Merzenhausen,2022-05-26 02:00:00,42,val,0.143,0.15496407
Merzenhausen,2022-05-26 03:00:00,42,val,0.139,0.15430924
Merzenhausen,2022-05-26 04:00:00,42,val,0.139,0.15331209
Merzenhausen,2022-05-26 05:00:00,42,val,0.141,0.15223834
Merzenhausen,2022-05-26 06:00:00,42,val,0.139,0.1513338
Merzenhausen,2022-05-26 07:00:00,42,val,0.142,0.15073372
Merzenhausen,2022-05-26 08:00:00,42,val,0.142,0.15136963
Merzenhausen,2022-05-26 09:00:00,42,val,0.144,0.15191802
Merzenhausen,2022-05-26 10:00:00,42,val,0.143,0.15226771
Merzenhausen,2022-05-26 11:00:00,42,val,0.141,0.15193243
Merzenhausen,2022-05-26 12:00:00,42,val,0.144,0.15302506
Merzenhausen,2022-05-26 13:00:00,42,val,0.144,0.15380792
Merzenhausen,2022-05-26 14:00:00,42,val,0.141,0.15389058
Merzenhausen,2022-05-26 15:00:00,42,val,0.143,0.15356438
Merzenhausen,2022-05-26 16:00:00,42,val,0.143,0.15318617
Merzenhausen,2022-05-26 17:00:00,42,val,0.142,0.15313676
Merzenhausen,2022-05-26 18:00:00,42,val,0.142,0.15280303
Merzenhausen,2022-05-26 19:00:00,42,val,0.143,0.15415649
Merzenhausen,2022-05-26 20:00:00,42,val,0.142,0.1548489
Merzenhausen,2022-05-26 21:00:00,42,val,0.142,0.15469205
Merzenhausen,2022-05-26 22:00:00,42,val,0.141,0.15488823
Merzenhausen,2022-05-26 23:00:00,42,val,0.142,0.15574126
Merzenhausen,2022-05-27 00:00:00,42,val,0.142,0.15610415
Merzenhausen,2022-05-27 01:00:00,42,val,0.137,0.1555389
Merzenhausen,2022-05-27 02:00:00,42,val,0.138,0.15467086
Merzenhausen,2022-05-27 03:00:00,42,val,0.139,0.15406498
Merzenhausen,2022-05-27 04:00:00,42,val,0.137,0.15282886
Merzenhausen,2022-05-27 05:00:00,42,val,0.139,0.1522295
Merzenhausen,2022-05-27 06:00:00,42,val,0.135,0.15386884
Merzenhausen,2022-05-27 07:00:00,42,val,0.138,0.15484484
Merzenhausen,2022-05-27 08:00:00,42,val,0.142,0.15423982
Merzenhausen,2022-05-27 09:00:00,42,val,0.137,0.15402292
Merzenhausen,2022-05-27 10:00:00,42,val,0.139,0.15341012
Merzenhausen,2022-05-27 11:00:00,42,val,0.14,0.1525743
Merzenhausen,2022-05-27 12:00:00,42,val,0.138,0.15236504
Merzenhausen,2022-05-27 13:00:00,42,val,0.141,0.15200354
Merzenhausen,2022-05-27 14:00:00,42,val,0.143,0.15223478
Merzenhausen,2022-05-27 15:00:00,42,val,0.141,0.15264389
Merzenhausen,2022-05-27 16:00:00,42,val,0.141,0.15317336
Merzenhausen,2022-05-27 17:00:00,42,val,0.138,0.15376651
Merzenhausen,2022-05-27 18:00:00,42,val,0.138,0.15424359
Merzenhausen,2022-05-27 19:00:00,42,val,0.135,0.1542744
Merzenhausen,2022-05-27 20:00:00,42,val,0.139,0.1533194
Merzenhausen,2022-05-27 21:00:00,42,val,0.1345,0.15173702
Merzenhausen,2022-05-27 22:00:00,42,val,0.138,0.14979938
Merzenhausen,2022-05-27 23:00:00,42,val,0.138,0.14796701
Merzenhausen,2022-05-28 00:00:00,42,val,0.14,0.14637592
Merzenhausen,2022-05-28 01:00:00,42,val,0.14,0.14500254
Merzenhausen,2022-05-28 02:00:00,42,val,0.139,0.14458281
Merzenhausen,2022-05-28 03:00:00,42,val,0.137,0.14429677
Merzenhausen,2022-05-28 04:00:00,42,val,0.138,0.14373568
Merzenhausen,2022-05-28 05:00:00,42,val,0.138,0.14384425
Merzenhausen,2022-05-28 06:00:00,42,val,0.142,0.14412837
Merzenhausen,2022-05-28 07:00:00,42,val,0.137,0.1448829
Merzenhausen,2022-05-28 08:00:00,42,val,0.139,0.14563078
Merzenhausen,2022-05-28 09:00:00,42,val,0.14,0.14672396
Merzenhausen,2022-05-28 10:00:00,42,val,0.138,0.14784709
Merzenhausen,2022-05-28 11:00:00,42,val,0.139,0.14874713
Merzenhausen,2022-05-28 12:00:00,42,val,0.14,0.15009068
Merzenhausen,2022-05-28 13:00:00,42,val,0.141,0.1512401
Merzenhausen,2022-05-28 14:00:00,42,val,0.148,0.15182698
Merzenhausen,2022-05-28 15:00:00,42,val,0.14,0.15228167
Merzenhausen,2022-05-28 16:00:00,42,val,0.142,0.15249008
Merzenhausen,2022-05-28 17:00:00,42,val,0.144,0.15240723
Merzenhausen,2022-05-28 18:00:00,42,val,0.1485,0.15213664
Merzenhausen,2022-05-28 19:00:00,42,val,0.145,0.15192938
Merzenhausen,2022-05-28 20:00:00,42,val,0.14,0.15135464
Merzenhausen,2022-05-28 21:00:00,42,val,0.139,0.15037853
Merzenhausen,2022-05-28 22:00:00,42,val,0.141,0.14931071
Merzenhausen,2022-05-28 23:00:00,42,val,0.138,0.14806503
Merzenhausen,2022-05-29 00:00:00,42,val,0.14,0.1463593
Merzenhausen,2022-05-29 01:00:00,42,val,0.136,0.14407986
Merzenhausen,2022-05-29 02:00:00,42,val,0.137,0.14188664
Merzenhausen,2022-05-29 03:00:00,42,val,0.137,0.14011133
Merzenhausen,2022-05-29 04:00:00,42,val,0.137,0.13910252
Merzenhausen,2022-05-29 05:00:00,42,val,0.139,0.1390014
Merzenhausen,2022-05-29 06:00:00,42,val,0.139,0.13899519
Merzenhausen,2022-05-29 07:00:00,42,val,0.14,0.13947201
Merzenhausen,2022-05-29 08:00:00,42,val,0.142,0.14086187
Merzenhausen,2022-05-29 09:00:00,42,val,0.137,0.14195666
Merzenhausen,2022-05-29 10:00:00,42,val,0.14,0.14326483
Merzenhausen,2022-05-29 11:00:00,42,val,0.143,0.14485657
Merzenhausen,2022-05-29 12:00:00,42,val,0.15,0.14615327
Merzenhausen,2022-05-29 13:00:00,42,val,0.142,0.14787823
Merzenhausen,2022-05-29 14:00:00,42,val,0.142,0.15106225
Merzenhausen,2022-05-29 15:00:00,42,val,0.141,0.15427224
Merzenhausen,2022-05-29 16:00:00,42,val,0.141,0.15863451
Merzenhausen,2022-05-29 17:00:00,42,val,0.145,0.15891744
Merzenhausen,2022-05-29 18:00:00,42,val,0.142,0.15729764
Merzenhausen,2022-05-29 19:00:00,42,val,0.14,0.16198382
Merzenhausen,2022-05-29 20:00:00,42,val,0.141,0.16092199
Merzenhausen,2022-05-29 21:00:00,42,val,0.141,0.15683964
Merzenhausen,2022-05-29 22:00:00,42,val,0.138,0.15269989
Merzenhausen,2022-05-29 23:00:00,42,val,0.137,0.14932983
Merzenhausen,2022-05-30 00:00:00,42,val,0.137,0.14706108
Merzenhausen,2022-05-30 01:00:00,42,val,0.138,0.14542614
Merzenhausen,2022-05-30 02:00:00,42,val,0.14,0.14385547
Merzenhausen,2022-05-30 03:00:00,42,val,0.137,0.14201155
Merzenhausen,2022-05-30 04:00:00,42,val,0.141,0.14062382
Merzenhausen,2022-05-30 05:00:00,42,val,0.137,0.14003482
Merzenhausen,2022-05-30 06:00:00,42,val,0.137,0.14059791
Merzenhausen,2022-05-30 07:00:00,42,val,0.137,0.14102796
Merzenhausen,2022-05-30 08:00:00,42,val,0.138,0.14172767
Merzenhausen,2022-05-30 09:00:00,42,val,0.137,0.14264295
Merzenhausen,2022-05-30 10:00:00,42,val,0.138,0.14350721
Merzenhausen,2022-05-30 11:00:00,42,val,0.141,0.14433047
Merzenhausen,2022-05-30 12:00:00,42,val,0.14,0.14552265
Merzenhausen,2022-05-30 13:00:00,42,val,0.14,0.14682496
Merzenhausen,2022-05-30 14:00:00,42,val,0.142,0.1490412
Merzenhausen,2022-05-30 15:00:00,42,val,0.142,0.15019608
Merzenhausen,2022-05-30 16:00:00,42,val,0.138,0.15081352
Merzenhausen,2022-05-30 17:00:00,42,val,0.138,0.15137693
Merzenhausen,2022-05-30 18:00:00,42,val,0.142,0.1523441
Merzenhausen,2022-05-30 19:00:00,42,val,0.1365,0.15253785
Merzenhausen,2022-05-30 20:00:00,42,val,0.141,0.15137136
Merzenhausen,2022-05-30 21:00:00,42,val,0.14,0.1495125
Merzenhausen,2022-05-30 22:00:00,42,val,0.137,0.1476846
Merzenhausen,2022-05-30 23:00:00,42,val,0.138,0.1460281
Merzenhausen,2022-05-31 00:00:00,42,val,0.139,0.14484948
Merzenhausen,2022-05-31 01:00:00,42,val,0.138,0.14367099
Merzenhausen,2022-05-31 02:00:00,42,val,0.138,0.14275882
Merzenhausen,2022-05-31 03:00:00,42,val,0.137,0.1419977
Merzenhausen,2022-05-31 04:00:00,42,val,0.135,0.14126834
Merzenhausen,2022-05-31 05:00:00,42,val,0.137,0.14128405
Merzenhausen,2022-05-31 06:00:00,42,val,0.137,0.14126387
Merzenhausen,2022-05-31 07:00:00,42,val,0.136,0.14175706
Merzenhausen,2022-05-31 08:00:00,42,val,0.138,0.14252889
Merzenhausen,2022-05-31 09:00:00,42,val,0.139,0.1427585
Merzenhausen,2022-05-31 10:00:00,42,val,0.138,0.14321986
Merzenhausen,2022-05-31 11:00:00,42,val,0.139,0.144256
Merzenhausen,2022-05-31 12:00:00,42,val,0.142,0.14667454
Merzenhausen,2022-05-31 13:00:00,42,val,0.14,0.14820594
Merzenhausen,2022-05-31 14:00:00,42,val,0.141,0.14896554
Merzenhausen,2022-05-31 15:00:00,42,val,0.144,0.14922328
Merzenhausen,2022-05-31 16:00:00,42,val,0.142,0.14905316
Merzenhausen,2022-05-31 17:00:00,42,val,0.142,0.1492813
Merzenhausen,2022-05-31 18:00:00,42,val,0.139,0.14923553
Merzenhausen,2022-05-31 19:00:00,42,val,0.138,0.14858076
Merzenhausen,2022-05-31 20:00:00,42,val,0.14,0.1479067
Merzenhausen,2022-05-31 21:00:00,42,val,0.138,0.14768903
Merzenhausen,2022-05-31 22:00:00,42,val,0.136,0.14674598
Merzenhausen,2022-05-31 23:00:00,42,val,0.141,0.14498556
Merzenhausen,2022-06-01 00:00:00,42,val,0.141,0.14310923
Merzenhausen,2022-06-01 01:00:00,42,val,0.136,0.14135557
Merzenhausen,2022-06-01 02:00:00,42,val,0.132,0.14028612
Merzenhausen,2022-06-01 03:00:00,42,val,0.137,0.13930055
Merzenhausen,2022-06-01 04:00:00,42,val,0.14,0.13932729
Merzenhausen,2022-06-01 05:00:00,42,val,0.136,0.13925163
Merzenhausen,2022-06-01 06:00:00,42,val,0.138,0.13942793
Merzenhausen,2022-06-01 07:00:00,42,val,0.137,0.1396497
Merzenhausen,2022-06-01 08:00:00,42,val,0.137,0.14013354
Merzenhausen,2022-06-01 09:00:00,42,val,0.138,0.14057639
Merzenhausen,2022-06-01 10:00:00,42,val,0.137,0.14112483
Merzenhausen,2022-06-01 11:00:00,42,val,0.138,0.14215359
Merzenhausen,2022-06-01 12:00:00,42,val,0.141,0.14352095
Merzenhausen,2022-06-01 13:00:00,42,val,0.14,0.1446099
Merzenhausen,2022-06-01 14:00:00,42,val,0.144,0.14622271
Merzenhausen,2022-06-01 15:00:00,42,val,0.142,0.14766377
Merzenhausen,2022-06-01 16:00:00,42,val,0.14,0.14815652
Merzenhausen,2022-06-01 17:00:00,42,val,0.14,0.1480824
Merzenhausen,2022-06-01 18:00:00,42,val,0.14,0.14835373
Merzenhausen,2022-06-01 19:00:00,42,val,0.139,0.14781499
Merzenhausen,2022-06-01 20:00:00,42,val,0.142,0.14729568
Merzenhausen,2022-06-01 21:00:00,42,val,0.146,0.14654729
Merzenhausen,2022-06-01 22:00:00,42,val,0.1425,0.14493677
Merzenhausen,2022-06-01 23:00:00,42,val,0.1455,0.14315823
Merzenhausen,2022-06-02 00:00:00,42,val,0.138,0.14160264
Merzenhausen,2022-06-02 01:00:00,42,val,0.132,0.1399455
Merzenhausen,2022-06-02 02:00:00,42,val,0.14,0.13835065
Merzenhausen,2022-06-02 03:00:00,42,val,0.139,0.13693644
Merzenhausen,2022-06-02 04:00:00,42,val,0.137,0.13563862
Merzenhausen,2022-06-02 05:00:00,42,val,0.138,0.13525268
Merzenhausen,2022-06-02 06:00:00,42,val,0.1455,0.135929
Merzenhausen,2022-06-02 07:00:00,42,val,0.137,0.13687478
Merzenhausen,2022-06-02 08:00:00,42,val,0.137,0.13809331
Merzenhausen,2022-06-02 09:00:00,42,val,0.14,0.1393328
Merzenhausen,2022-06-02 10:00:00,42,val,0.132,0.14037211
Merzenhausen,2022-06-02 11:00:00,42,val,0.14,0.14123821
Merzenhausen,2022-06-02 12:00:00,42,val,0.14,0.14252359
Merzenhausen,2022-06-02 13:00:00,42,val,0.14,0.14350975
Merzenhausen,2022-06-02 14:00:00,42,val,0.143,0.14440322
Merzenhausen,2022-06-02 15:00:00,42,val,0.141,0.14546973
Merzenhausen,2022-06-02 16:00:00,42,val,0.14,0.14623666
Merzenhausen,2022-06-02 17:00:00,42,val,0.141,0.14680876
Merzenhausen,2022-06-02 18:00:00,42,val,0.141,0.14676005
Merzenhausen,2022-06-02 19:00:00,42,val,0.14,0.14625922
Merzenhausen,2022-06-02 20:00:00,42,val,0.14,0.14521644
Merzenhausen,2022-06-02 21:00:00,42,val,0.135,0.14400484
Merzenhausen,2022-06-02 22:00:00,42,val,0.138,0.14310943
Merzenhausen,2022-06-02 23:00:00,42,val,0.14,0.14282086
Merzenhausen,2022-06-03 00:00:00,42,val,0.141,0.1421834
Merzenhausen,2022-06-03 01:00:00,42,val,0.137,0.14062172
Merzenhausen,2022-06-03 02:00:00,42,val,0.135,0.1386058
Merzenhausen,2022-06-03 03:00:00,42,val,0.138,0.13723743
Merzenhausen,2022-06-03 04:00:00,42,val,0.138,0.13689652
Merzenhausen,2022-06-03 05:00:00,42,val,0.136,0.13729489
Merzenhausen,2022-06-03 06:00:00,42,val,0.136,0.13834229
Merzenhausen,2022-06-03 07:00:00,42,val,0.136,0.13937406
Merzenhausen,2022-06-03 08:00:00,42,val,0.138,0.14016664
Merzenhausen,2022-06-03 09:00:00,42,val,0.138,0.140735
Merzenhausen,2022-06-03 10:00:00,42,val,0.138,0.14092705
Merzenhausen,2022-06-03 11:00:00,42,val,0.135,0.14104049
Merzenhausen,2022-06-03 12:00:00,42,val,0.137,0.14173052
Merzenhausen,2022-06-03 13:00:00,42,val,0.138,0.14244097
Merzenhausen,2022-06-03 14:00:00,42,val,0.236,0.14368993
Merzenhausen,2022-06-03 15:00:00,42,val,0.229,0.14478144
Merzenhausen,2022-06-03 16:00:00,42,val,0.229,0.14527608
Merzenhausen,2022-06-03 17:00:00,42,val,0.224,0.14549863
Merzenhausen,2022-06-03 18:00:00,42,val,0.225,0.14547087
Merzenhausen,2022-06-03 19:00:00,42,val,0.225,0.14522505
Merzenhausen,2022-06-03 20:00:00,42,val,0.223,0.14558735
Merzenhausen,2022-06-03 21:00:00,42,val,0.224,0.14691082
Merzenhausen,2022-06-03 22:00:00,42,val,0.22,0.14802083
Merzenhausen,2022-06-03 23:00:00,42,val,0.219,0.14927977
Merzenhausen,2022-06-04 00:00:00,42,val,0.219,0.14958087
Merzenhausen,2022-06-04 01:00:00,42,val,0.22,0.14832878
Merzenhausen,2022-06-04 02:00:00,42,val,0.219,0.14738591
Merzenhausen,2022-06-04 03:00:00,42,val,0.219,0.14618507
Merzenhausen,2022-06-04 04:00:00,42,val,0.216,0.14466067
Merzenhausen,2022-06-04 05:00:00,42,val,0.215,0.14357877
Merzenhausen,2022-06-04 06:00:00,42,val,0.216,0.14401793
Merzenhausen,2022-06-04 07:00:00,42,val,0.214,0.14409152
Merzenhausen,2022-06-04 08:00:00,42,val,0.212,0.14398694
Merzenhausen,2022-06-04 09:00:00,42,val,0.213,0.14414354
Merzenhausen,2022-06-04 10:00:00,42,val,0.212,0.1434012
Merzenhausen,2022-06-04 11:00:00,42,val,0.209,0.14347495
Merzenhausen,2022-06-04 12:00:00,42,val,0.209,0.14397472
Merzenhausen,2022-06-04 13:00:00,42,val,0.204,0.14455903
Merzenhausen,2022-06-04 14:00:00,42,val,0.204,0.1454407
Merzenhausen,2022-06-04 15:00:00,42,val,0.201,0.14617243
Merzenhausen,2022-06-04 16:00:00,42,val,0.203,0.14654793
Merzenhausen,2022-06-04 17:00:00,42,val,0.199,0.14689133
Merzenhausen,2022-06-04 18:00:00,42,val,0.202,0.14709803
Merzenhausen,2022-06-04 19:00:00,42,val,0.197,0.14727399
Merzenhausen,2022-06-04 20:00:00,42,val,0.196,0.14720513
Merzenhausen,2022-06-04 21:00:00,42,val,0.195,0.14669596
Merzenhausen,2022-06-04 22:00:00,42,val,0.197,0.14634705
Merzenhausen,2022-06-04 23:00:00,42,val,0.196,0.14643914
Merzenhausen,2022-06-05 00:00:00,42,val,0.196,0.14723325
Merzenhausen,2022-06-05 01:00:00,42,val,0.194,0.14793912
Merzenhausen,2022-06-05 02:00:00,42,val,0.19,0.14835805
Merzenhausen,2022-06-05 03:00:00,42,val,0.195,0.14846295
Merzenhausen,2022-06-05 04:00:00,42,val,0.192,0.14792268
Merzenhausen,2022-06-05 05:00:00,42,val,0.192,0.1472663
Merzenhausen,2022-06-05 06:00:00,42,val,0.193,0.1465838
Merzenhausen,2022-06-05 07:00:00,42,val,0.193,0.14593598
Merzenhausen,2022-06-05 08:00:00,42,val,0.191,0.14571404
Merzenhausen,2022-06-05 09:00:00,42,val,0.187,0.14746839
Merzenhausen,2022-06-05 10:00:00,42,val,0.188,0.1494341
Merzenhausen,2022-06-05 11:00:00,42,val,0.186,0.14942402
Merzenhausen,2022-06-05 12:00:00,42,val,0.186,0.14881799
Merzenhausen,2022-06-05 13:00:00,42,val,0.187,0.14881635
Merzenhausen,2022-06-05 14:00:00,42,val,0.186,0.18623348
Merzenhausen,2022-06-05 15:00:00,42,val,0.183,0.20724908
Merzenhausen,2022-06-05 16:00:00,42,val,0.183,0.21843663
Merzenhausen,2022-06-05 17:00:00,42,val,0.183,0.22313766
Merzenhausen,2022-06-05 18:00:00,42,val,0.185,0.22435173
Merzenhausen,2022-06-05 19:00:00,42,val,0.185,0.22364073
Merzenhausen,2022-06-05 20:00:00,42,val,0.187,0.22169988
Merzenhausen,2022-06-05 21:00:00,42,val,0.183,0.21980344
Merzenhausen,2022-06-05 22:00:00,42,val,0.184,0.21785071
Merzenhausen,2022-06-05 23:00:00,42,val,0.184,0.21584481
Merzenhausen,2022-06-06 00:00:00,42,val,0.182,0.21412075
Merzenhausen,2022-06-06 01:00:00,42,val,0.185,0.21303818
Merzenhausen,2022-06-06 02:00:00,42,val,0.179,0.21215543
Merzenhausen,2022-06-06 03:00:00,42,val,0.184,0.21150637
Merzenhausen,2022-06-06 04:00:00,42,val,0.182,0.21054225
Merzenhausen,2022-06-06 05:00:00,42,val,0.184,0.209399
Merzenhausen,2022-06-06 06:00:00,42,val,0.184,0.20862433
Merzenhausen,2022-06-06 07:00:00,42,val,0.182,0.20803316
Merzenhausen,2022-06-06 08:00:00,42,val,0.182,0.20728318
Merzenhausen,2022-06-06 09:00:00,42,val,0.182,0.20672168
Merzenhausen,2022-06-06 10:00:00,42,val,0.182,0.20626342
Merzenhausen,2022-06-06 11:00:00,42,val,0.182,0.20547186
Merzenhausen,2022-06-06 12:00:00,42,val,0.18,0.20486996
Merzenhausen,2022-06-06 13:00:00,42,val,0.183,0.2033849
Merzenhausen,2022-06-06 14:00:00,42,val,0.183,0.20180976
Merzenhausen,2022-06-06 15:00:00,42,val,0.216,0.19998
Merzenhausen,2022-06-06 16:00:00,42,val,0.307,0.19858915
Merzenhausen,2022-06-06 17:00:00,42,val,0.309,0.19700481
Merzenhausen,2022-06-06 18:00:00,42,val,0.312,0.19607948
Merzenhausen,2022-06-06 19:00:00,42,val,0.309,0.19493142
Merzenhausen,2022-06-06 20:00:00,42,val,0.306,0.19368322
Merzenhausen,2022-06-06 21:00:00,42,val,0.304,0.19241361
Merzenhausen,2022-06-06 22:00:00,42,val,0.302,0.19112715
Merzenhausen,2022-06-06 23:00:00,42,val,0.305,0.1896889
Merzenhausen,2022-06-07 00:00:00,42,val,0.301,0.18827495
Merzenhausen,2022-06-07 01:00:00,42,val,0.301,0.18713701
Merzenhausen,2022-06-07 02:00:00,42,val,0.299,0.1858476
Merzenhausen,2022-06-07 03:00:00,42,val,0.302,0.18521303
Merzenhausen,2022-06-07 04:00:00,42,val,0.302,0.18476075
Merzenhausen,2022-06-07 05:00:00,42,val,0.302,0.18512207
Merzenhausen,2022-06-07 06:00:00,42,val,0.3,0.1862686
Merzenhausen,2022-06-07 07:00:00,42,val,0.3,0.1874665
Merzenhausen,2022-06-07 08:00:00,42,val,0.299,0.1880506
Merzenhausen,2022-06-07 09:00:00,42,val,0.309,0.18760353
Merzenhausen,2022-06-07 10:00:00,42,val,0.306,0.18688618
Merzenhausen,2022-06-07 11:00:00,42,val,0.303,0.18598801
Merzenhausen,2022-06-07 12:00:00,42,val,0.3015,0.1860571
Merzenhausen,2022-06-07 13:00:00,42,val,0.288,0.18671866
Merzenhausen,2022-06-07 14:00:00,42,val,0.311,0.18701816
Merzenhausen,2022-06-07 15:00:00,42,val,0.313,0.18657993
Merzenhausen,2022-06-07 16:00:00,42,val,0.302,0.20058435
Merzenhausen,2022-06-07 17:00:00,42,val,0.293,0.20397672
Merzenhausen,2022-06-07 18:00:00,42,val,0.301,0.20243788
Merzenhausen,2022-06-07 19:00:00,42,val,0.3005,0.19838786
Merzenhausen,2022-06-07 20:00:00,42,val,0.29,0.19384073
Merzenhausen,2022-06-07 21:00:00,42,val,0.3005,0.18882723
Merzenhausen,2022-06-07 22:00:00,42,val,0.288,0.1850446
Merzenhausen,2022-06-07 23:00:00,42,val,0.29,0.1826688
Merzenhausen,2022-06-08 00:00:00,42,val,0.287,0.18081191
Merzenhausen,2022-06-08 01:00:00,42,val,0.288,0.18011528
Merzenhausen,2022-06-08 02:00:00,42,val,0.297,0.1789031
Merzenhausen,2022-06-08 03:00:00,42,val,0.284,0.17821582
Merzenhausen,2022-06-08 04:00:00,42,val,0.287,0.17791146
Merzenhausen,2022-06-08 05:00:00,42,val,0.287,0.17914532
Merzenhausen,2022-06-08 06:00:00,42,val,0.2955,0.18036681
Merzenhausen,2022-06-08 07:00:00,42,val,0.285,0.18109286
Merzenhausen,2022-06-08 08:00:00,42,val,0.2945,0.18144841
Merzenhausen,2022-06-08 09:00:00,42,val,0.283,0.18149897
Merzenhausen,2022-06-08 10:00:00,42,val,0.281,0.18148541
Merzenhausen,2022-06-08 11:00:00,42,val,0.2885,0.18394949
Merzenhausen,2022-06-08 12:00:00,42,val,0.277,0.18839611
Merzenhausen,2022-06-08 13:00:00,42,val,0.272,0.1950203
Merzenhausen,2022-06-08 14:00:00,42,val,0.271,0.20745142
Merzenhausen,2022-06-08 15:00:00,42,val,0.277,0.22272693
Merzenhausen,2022-06-08 16:00:00,42,val,0.264,0.24562101
Merzenhausen,2022-06-08 17:00:00,42,val,0.273,0.26059052
Merzenhausen,2022-06-08 18:00:00,42,val,0.262,0.27058306
Merzenhausen,2022-06-08 19:00:00,42,val,0.263,0.27554166
Merzenhausen,2022-06-08 20:00:00,42,val,0.262,0.2771852
Merzenhausen,2022-06-08 21:00:00,42,val,0.26,0.27665812
Merzenhausen,2022-06-08 22:00:00,42,val,0.258,0.27495062
Merzenhausen,2022-06-08 23:00:00,42,val,0.26,0.2732465
Merzenhausen,2022-06-09 00:00:00,42,val,0.259,0.271265
Merzenhausen,2022-06-09 01:00:00,42,val,0.257,0.26969317
Merzenhausen,2022-06-09 02:00:00,42,val,0.258,0.27001345
Merzenhausen,2022-06-09 03:00:00,42,val,0.258,0.2703499
Merzenhausen,2022-06-09 04:00:00,42,val,0.258,0.27037665
Merzenhausen,2022-06-09 05:00:00,42,val,0.259,0.26993427
Merzenhausen,2022-06-09 06:00:00,42,val,0.257,0.2691265
Merzenhausen,2022-06-09 07:00:00,42,val,0.255,0.268323
Merzenhausen,2022-06-09 08:00:00,42,val,0.254,0.26750603
Merzenhausen,2022-06-09 09:00:00,42,val,0.253,0.2679276
Merzenhausen,2022-06-09 10:00:00,42,val,0.252,0.26847038
Merzenhausen,2022-06-09 11:00:00,42,val,0.249,0.26854175
Merzenhausen,2022-06-09 12:00:00,42,val,0.247,0.26811332
Merzenhausen,2022-06-09 13:00:00,42,val,0.242,0.27191445
Merzenhausen,2022-06-09 14:00:00,42,val,0.239,0.2740073
Merzenhausen,2022-06-09 15:00:00,42,val,0.239,0.27455065
Merzenhausen,2022-06-09 16:00:00,42,val,0.238,0.2730352
Merzenhausen,2022-06-09 17:00:00,42,val,0.235,0.26993647
Merzenhausen,2022-06-09 18:00:00,42,val,0.234,0.26756877
Merzenhausen,2022-06-09 19:00:00,42,val,0.233,0.26592883
Merzenhausen,2022-06-09 20:00:00,42,val,0.232,0.26320523
Merzenhausen,2022-06-09 21:00:00,42,val,0.23,0.26160198
Merzenhausen,2022-06-09 22:00:00,42,val,0.23,0.2594934
Merzenhausen,2022-06-09 23:00:00,42,val,0.231,0.25791955
Merzenhausen,2022-06-10 00:00:00,42,val,0.229,0.25689247
Merzenhausen,2022-06-10 01:00:00,42,val,0.229,0.25635105
Merzenhausen,2022-06-10 02:00:00,42,val,0.228,0.2571422
Merzenhausen,2022-06-10 03:00:00,42,val,0.23,0.25709173
Merzenhausen,2022-06-10 04:00:00,42,val,0.228,0.25745925
Merzenhausen,2022-06-10 05:00:00,42,val,0.228,0.25796175
Merzenhausen,2022-06-10 06:00:00,42,val,0.227,0.2594856
Merzenhausen,2022-06-10 07:00:00,42,val,0.227,0.25999144
Merzenhausen,2022-06-10 08:00:00,42,val,0.227,0.2607933
Merzenhausen,2022-06-10 09:00:00,42,val,0.225,0.26012895
Merzenhausen,2022-06-10 10:00:00,42,val,0.227,0.25855786
Merzenhausen,2022-06-10 11:00:00,42,val,0.224,0.25762996
Merzenhausen,2022-06-10 12:00:00,42,val,0.221,0.25552177
Merzenhausen,2022-06-10 13:00:00,42,val,0.219,0.25258127
Merzenhausen,2022-06-10 14:00:00,42,val,0.219,0.24955362
Merzenhausen,2022-06-10 15:00:00,42,val,0.218,0.24789822
Merzenhausen,2022-06-10 16:00:00,42,val,0.217,0.24529883
Merzenhausen,2022-06-10 17:00:00,42,val,0.213,0.24413194
Merzenhausen,2022-06-10 18:00:00,42,val,0.21,0.24234691
Merzenhausen,2022-06-10 19:00:00,42,val,0.211,0.24077596
Merzenhausen,2022-06-10 20:00:00,42,val,0.208,0.2395224
Merzenhausen,2022-06-10 21:00:00,42,val,0.208,0.2386063
Merzenhausen,2022-06-10 22:00:00,42,val,0.209,0.23797691
Merzenhausen,2022-06-10 23:00:00,42,val,0.207,0.2381101
Merzenhausen,2022-06-11 00:00:00,42,val,0.208,0.23856238
Merzenhausen,2022-06-11 01:00:00,42,val,0.207,0.23878025
Merzenhausen,2022-06-11 02:00:00,42,val,0.206,0.23881415
Merzenhausen,2022-06-11 03:00:00,42,val,0.203,0.23822944
Merzenhausen,2022-06-11 04:00:00,42,val,0.204,0.23809199
Merzenhausen,2022-06-11 05:00:00,42,val,0.204,0.23874179
Merzenhausen,2022-06-11 06:00:00,42,val,0.204,0.23956755
Merzenhausen,2022-06-11 07:00:00,42,val,0.203,0.239867
Merzenhausen,2022-06-11 08:00:00,42,val,0.203,0.23954208
Merzenhausen,2022-06-11 09:00:00,42,val,0.203,0.23872161
Merzenhausen,2022-06-11 10:00:00,42,val,0.204,0.23753268
Merzenhausen,2022-06-11 11:00:00,42,val,0.201,0.23586345
Merzenhausen,2022-06-11 12:00:00,42,val,0.199,0.23411122
Merzenhausen,2022-06-11 13:00:00,42,val,0.198,0.23177467
Merzenhausen,2022-06-11 14:00:00,42,val,0.197,0.22914732
Merzenhausen,2022-06-11 15:00:00,42,val,0.192,0.2267074
Merzenhausen,2022-06-11 16:00:00,42,val,0.193,0.22464862
Merzenhausen,2022-06-11 17:00:00,42,val,0.188,0.22264779
Merzenhausen,2022-06-11 18:00:00,42,val,0.188,0.2211167
Merzenhausen,2022-06-11 19:00:00,42,val,0.189,0.21987374
Merzenhausen,2022-06-11 20:00:00,42,val,0.189,0.21855609
Merzenhausen,2022-06-11 21:00:00,42,val,0.186,0.21738254
Merzenhausen,2022-06-11 22:00:00,42,val,0.187,0.21671414
Merzenhausen,2022-06-11 23:00:00,42,val,0.186,0.21647774
Merzenhausen,2022-06-12 00:00:00,42,val,0.184,0.21618296
Merzenhausen,2022-06-12 01:00:00,42,val,0.186,0.21556994
Merzenhausen,2022-06-12 02:00:00,42,val,0.185,0.2148537
Merzenhausen,2022-06-12 03:00:00,42,val,0.184,0.21478175
Merzenhausen,2022-06-12 04:00:00,42,val,0.183,0.2148515
Merzenhausen,2022-06-12 05:00:00,42,val,0.185,0.21551442
Merzenhausen,2022-06-12 06:00:00,42,val,0.184,0.2166191
Merzenhausen,2022-06-12 07:00:00,42,val,0.184,0.21767747
Merzenhausen,2022-06-12 08:00:00,42,val,0.184,0.2183769
Merzenhausen,2022-06-12 09:00:00,42,val,0.183,0.21834292
Merzenhausen,2022-06-12 10:00:00,42,val,0.182,0.21812207
Merzenhausen,2022-06-12 11:00:00,42,val,0.181,0.21731451
Merzenhausen,2022-06-12 12:00:00,42,val,0.179,0.21581519
Merzenhausen,2022-06-12 13:00:00,42,val,0.178,0.21400176
Merzenhausen,2022-06-12 14:00:00,42,val,0.176,0.21237212
Merzenhausen,2022-06-12 15:00:00,42,val,0.178,0.21102515
Merzenhausen,2022-06-12 16:00:00,42,val,0.176,0.20988554
Merzenhausen,2022-06-12 17:00:00,42,val,0.175,0.20841704
Merzenhausen,2022-06-12 18:00:00,42,val,0.172,0.20641115
Merzenhausen,2022-06-12 19:00:00,42,val,0.173,0.20471652
Merzenhausen,2022-06-12 20:00:00,42,val,0.172,0.20286784
Merzenhausen,2022-06-12 21:00:00,42,val,0.173,0.20096964
Merzenhausen,2022-06-12 22:00:00,42,val,0.17,0.19940381
Merzenhausen,2022-06-12 23:00:00,42,val,0.169,0.19848035
Merzenhausen,2022-06-13 00:00:00,42,val,0.169,0.1977541
Merzenhausen,2022-06-13 01:00:00,42,val,0.17,0.19718611
Merzenhausen,2022-06-13 02:00:00,42,val,0.167,0.19657311
Merzenhausen,2022-06-13 03:00:00,42,val,0.168,0.19549373
Merzenhausen,2022-06-13 04:00:00,42,val,0.166,0.19508734
Merzenhausen,2022-06-13 05:00:00,42,val,0.168,0.19568494
Merzenhausen,2022-06-13 06:00:00,42,val,0.166,0.19692667
Merzenhausen,2022-06-13 07:00:00,42,val,0.168,0.19803426
Merzenhausen,2022-06-13 08:00:00,42,val,0.168,0.19885477
Merzenhausen,2022-06-13 09:00:00,42,val,0.165,0.19923255
Merzenhausen,2022-06-13 10:00:00,42,val,0.165,0.19956245
Merzenhausen,2022-06-13 11:00:00,42,val,0.164,0.19945328
Merzenhausen,2022-06-13 12:00:00,42,val,0.166,0.19894432
Merzenhausen,2022-06-13 13:00:00,42,val,0.167,0.19822083
Merzenhausen,2022-06-13 14:00:00,42,val,0.167,0.1973613
Merzenhausen,2022-06-13 15:00:00,42,val,0.164,0.1957244
Merzenhausen,2022-06-13 16:00:00,42,val,0.16,0.19418973
Merzenhausen,2022-06-13 17:00:00,42,val,0.161,0.19213016
Merzenhausen,2022-06-13 18:00:00,42,val,0.16,0.19017267
Merzenhausen,2022-06-13 19:00:00,42,val,0.16,0.18864408
Merzenhausen,2022-06-13 20:00:00,42,val,0.161,0.18714178
Merzenhausen,2022-06-13 21:00:00,42,val,0.158,0.18515253
Merzenhausen,2022-06-13 22:00:00,42,val,0.159,0.18347354
Merzenhausen,2022-06-13 23:00:00,42,val,0.157,0.18176138
Merzenhausen,2022-06-14 00:00:00,42,val,0.156,0.18004152
Merzenhausen,2022-06-14 01:00:00,42,val,0.158,0.17883009
Merzenhausen,2022-06-14 02:00:00,42,val,0.155,0.17799257
Merzenhausen,2022-06-14 03:00:00,42,val,0.155,0.17726652
Merzenhausen,2022-06-14 04:00:00,42,val,0.154,0.17654455
Merzenhausen,2022-06-14 05:00:00,42,val,0.158,0.17704204
Merzenhausen,2022-06-14 06:00:00,42,val,0.158,0.17845841
Merzenhausen,2022-06-14 07:00:00,42,val,0.156,0.18024583
Merzenhausen,2022-06-14 08:00:00,42,val,0.154,0.18177593
Merzenhausen,2022-06-14 09:00:00,42,val,0.157,0.18248141
Merzenhausen,2022-06-14 10:00:00,42,val,0.157,0.182556
Merzenhausen,2022-06-14 11:00:00,42,val,0.153,0.18212612
Merzenhausen,2022-06-14 12:00:00,42,val,0.156,0.18145122
Merzenhausen,2022-06-14 13:00:00,42,val,0.157,0.18054862
Merzenhausen,2022-06-14 14:00:00,42,val,0.157,0.1794891
Merzenhausen,2022-06-14 15:00:00,42,val,0.153,0.17868215
Merzenhausen,2022-06-14 16:00:00,42,val,0.155,0.1778844
Merzenhausen,2022-06-14 17:00:00,42,val,0.156,0.1771144
Merzenhausen,2022-06-14 18:00:00,42,val,0.149,0.17604083
Merzenhausen,2022-06-14 19:00:00,42,val,0.154,0.1750335
Merzenhausen,2022-06-14 20:00:00,42,val,0.151,0.17392546
Merzenhausen,2022-06-14 21:00:00,42,val,0.153,0.17275737
Merzenhausen,2022-06-14 22:00:00,42,val,0.152,0.1708938
Merzenhausen,2022-06-14 23:00:00,42,val,0.153,0.16883624
Merzenhausen,2022-06-15 00:00:00,42,val,0.154,0.16703083
Merzenhausen,2022-06-15 01:00:00,42,val,0.151,0.16575234
Merzenhausen,2022-06-15 02:00:00,42,val,0.149,0.16452588
Merzenhausen,2022-06-15 03:00:00,42,val,0.15,0.16342835
Merzenhausen,2022-06-15 04:00:00,42,val,0.147,0.16251923
Merzenhausen,2022-06-15 05:00:00,42,val,0.146,0.16288155
Merzenhausen,2022-06-15 06:00:00,42,val,0.15,0.16429842
Merzenhausen,2022-06-15 07:00:00,42,val,0.148,0.16604516
Merzenhausen,2022-06-15 08:00:00,42,val,0.147,0.1674659
Merzenhausen,2022-06-15 09:00:00,42,val,0.15,0.16782136
Merzenhausen,2022-06-15 10:00:00,42,val,0.15,0.16749556
Merzenhausen,2022-06-15 11:00:00,42,val,0.149,0.16673179
Merzenhausen,2022-06-15 12:00:00,42,val,0.152,0.16613065
Merzenhausen,2022-06-15 13:00:00,42,val,0.151,0.16613084
Merzenhausen,2022-06-15 14:00:00,42,val,0.149,0.16635521
Merzenhausen,2022-06-15 15:00:00,42,val,0.148,0.16623674
Merzenhausen,2022-06-15 16:00:00,42,val,0.149,0.16530299
Merzenhausen,2022-06-15 17:00:00,42,val,0.149,0.16451411
Merzenhausen,2022-06-15 18:00:00,42,val,0.151,0.16365808
Merzenhausen,2022-06-15 19:00:00,42,val,0.148,0.16298187
Merzenhausen,2022-06-15 20:00:00,42,val,0.149,0.1624467
Merzenhausen,2022-06-15 21:00:00,42,val,0.146,0.16189675
Merzenhausen,2022-06-15 22:00:00,42,val,0.145,0.1615627
Merzenhausen,2022-06-15 23:00:00,42,val,0.146,0.16128922
Merzenhausen,2022-06-16 00:00:00,42,val,0.146,0.16089448
Merzenhausen,2022-06-16 01:00:00,42,val,0.144,0.16079962
Merzenhausen,2022-06-16 02:00:00,42,val,0.145,0.16030073
Merzenhausen,2022-06-16 03:00:00,42,val,0.149,0.15955646
Merzenhausen,2022-06-16 04:00:00,42,val,0.145,0.15836687
Merzenhausen,2022-06-16 05:00:00,42,val,0.146,0.15816051
Merzenhausen,2022-06-16 06:00:00,42,val,0.145,0.15885821
Merzenhausen,2022-06-16 07:00:00,42,val,0.145,0.15969552
Merzenhausen,2022-06-16 08:00:00,42,val,0.146,0.16008978
Merzenhausen,2022-06-16 09:00:00,42,val,0.147,0.16059127
Merzenhausen,2022-06-16 10:00:00,42,val,0.145,0.16108495
Merzenhausen,2022-06-16 11:00:00,42,val,0.146,0.16105992
Merzenhausen,2022-06-16 12:00:00,42,val,0.149,0.16120476
Merzenhausen,2022-06-16 13:00:00,42,val,0.148,0.16168943
Merzenhausen,2022-06-16 14:00:00,42,val,0.147,0.16204089
Merzenhausen,2022-06-16 15:00:00,42,val,0.147,0.16175674
Merzenhausen,2022-06-16 16:00:00,42,val,0.147,0.1615186
Merzenhausen,2022-06-16 17:00:00,42,val,0.144,0.16149047
Merzenhausen,2022-06-16 18:00:00,42,val,0.146,0.16040185
Merzenhausen,2022-06-16 19:00:00,42,val,0.145,0.15982968
Merzenhausen,2022-06-16 20:00:00,42,val,0.144,0.15859163
Merzenhausen,2022-06-16 21:00:00,42,val,0.145,0.15711327
Merzenhausen,2022-06-16 22:00:00,42,val,0.145,0.1558121
Merzenhausen,2022-06-16 23:00:00,42,val,0.144,0.15478611
Merzenhausen,2022-06-17 00:00:00,42,val,0.145,0.15438919
Merzenhausen,2022-06-17 01:00:00,42,val,0.145,0.15371376
Merzenhausen,2022-06-17 02:00:00,42,val,0.142,0.15293242
Merzenhausen,2022-06-17 03:00:00,42,val,0.14,0.15196446
Merzenhausen,2022-06-17 04:00:00,42,val,0.145,0.1510448
Merzenhausen,2022-06-17 05:00:00,42,val,0.145,0.1508427
Merzenhausen,2022-06-17 06:00:00,42,val,0.142,0.151706
Merzenhausen,2022-06-17 07:00:00,42,val,0.142,0.15270476
Merzenhausen,2022-06-17 08:00:00,42,val,0.142,0.1533216
Merzenhausen,2022-06-17 09:00:00,42,val,0.143,0.15397462
Merzenhausen,2022-06-17 10:00:00,42,val,0.141,0.15432057
Merzenhausen,2022-06-17 11:00:00,42,val,0.145,0.15434524
Merzenhausen,2022-06-17 12:00:00,42,val,0.14,0.15459427
Merzenhausen,2022-06-17 13:00:00,42,val,0.143,0.15486678
Merzenhausen,2022-06-17 14:00:00,42,val,0.145,0.15481079
Merzenhausen,2022-06-17 15:00:00,42,val,0.142,0.15455534
Merzenhausen,2022-06-17 16:00:00,42,val,0.145,0.15454304
Merzenhausen,2022-06-17 17:00:00,42,val,0.143,0.15484372
Merzenhausen,2022-06-17 18:00:00,42,val,0.142,0.15558681
Merzenhausen,2022-06-17 19:00:00,42,val,0.141,0.1555577
Merzenhausen,2022-06-17 20:00:00,42,val,0.141,0.1548534
Merzenhausen,2022-06-17 21:00:00,42,val,0.142,0.15321873
Merzenhausen,2022-06-17 22:00:00,42,val,0.14,0.15166643
Merzenhausen,2022-06-17 23:00:00,42,val,0.139,0.15105546
Merzenhausen,2022-06-18 00:00:00,42,val,0.141,0.15176539
Merzenhausen,2022-06-18 01:00:00,42,val,0.138,0.1526234
Merzenhausen,2022-06-18 02:00:00,42,val,0.144,0.15347418
Merzenhausen,2022-06-18 03:00:00,42,val,0.14,0.15464762
Merzenhausen,2022-06-18 04:00:00,42,val,0.137,0.15543713
Merzenhausen,2022-06-18 05:00:00,42,val,0.139,0.1561211
Merzenhausen,2022-06-18 06:00:00,42,val,0.138,0.15703522
Merzenhausen,2022-06-18 07:00:00,42,val,0.138,0.15769628
Merzenhausen,2022-06-18 08:00:00,42,val,0.14,0.15779163
Merzenhausen,2022-06-18 09:00:00,42,val,0.138,0.15753506
Merzenhausen,2022-06-18 10:00:00,42,val,0.139,0.15669622
Merzenhausen,2022-06-18 11:00:00,42,val,0.137,0.15577394
Merzenhausen,2022-06-18 12:00:00,42,val,0.14,0.15531883
Merzenhausen,2022-06-18 13:00:00,42,val,0.141,0.15509848
Merzenhausen,2022-06-18 14:00:00,42,val,0.142,0.15496458
Merzenhausen,2022-06-18 15:00:00,42,val,0.141,0.15509114
Merzenhausen,2022-06-18 16:00:00,42,val,0.143,0.1552785
Merzenhausen,2022-06-18 17:00:00,42,val,0.14,0.15512425
Merzenhausen,2022-06-18 18:00:00,42,val,0.14,0.15515979
Merzenhausen,2022-06-18 19:00:00,42,val,0.141,0.15507205
Merzenhausen,2022-06-18 20:00:00,42,val,0.138,0.15416083
Merzenhausen,2022-06-18 21:00:00,42,val,0.141,0.15297264
Merzenhausen,2022-06-18 22:00:00,42,val,0.138,0.15220708
Merzenhausen,2022-06-18 23:00:00,42,val,0.14,0.15136614
Merzenhausen,2022-06-19 00:00:00,42,val,0.139,0.15181522
Merzenhausen,2022-06-19 01:00:00,42,val,0.14,0.15255955
Merzenhausen,2022-06-19 02:00:00,42,val,0.139,0.15302399
Merzenhausen,2022-06-19 03:00:00,42,val,0.137,0.15274836
Merzenhausen,2022-06-19 04:00:00,42,val,0.136,0.1524688
Merzenhausen,2022-06-19 05:00:00,42,val,0.138,0.15244693
Merzenhausen,2022-06-19 06:00:00,42,val,0.134,0.15252422
Merzenhausen,2022-06-19 07:00:00,42,val,0.137,0.15276831
Merzenhausen,2022-06-19 08:00:00,42,val,0.136,0.15299751
Merzenhausen,2022-06-19 09:00:00,42,val,0.137,0.153401
Merzenhausen,2022-06-19 10:00:00,42,val,0.138,0.15364811
Merzenhausen,2022-06-19 11:00:00,42,val,0.138,0.15442613
Merzenhausen,2022-06-19 12:00:00,42,val,0.14,0.15473501
Merzenhausen,2022-06-19 13:00:00,42,val,0.138,0.1550999
Merzenhausen,2022-06-19 14:00:00,42,val,0.141,0.15584932
Merzenhausen,2022-06-19 15:00:00,42,val,0.141,0.15610991
Merzenhausen,2022-06-19 16:00:00,42,val,0.14,0.15649168
Merzenhausen,2022-06-19 17:00:00,42,val,0.139,0.15655653
Merzenhausen,2022-06-19 18:00:00,42,val,0.141,0.15619545
Merzenhausen,2022-06-19 19:00:00,42,val,0.138,0.1554378
Merzenhausen,2022-06-19 20:00:00,42,val,0.14,0.15462595
Merzenhausen,2022-06-19 21:00:00,42,val,0.139,0.1538512
Merzenhausen,2022-06-19 22:00:00,42,val,0.14,0.15293819
Merzenhausen,2022-06-19 23:00:00,42,val,0.14,0.15194929
Merzenhausen,2022-06-20 00:00:00,42,val,0.135,0.15142253
Merzenhausen,2022-06-20 01:00:00,42,val,0.14,0.15191379
Merzenhausen,2022-06-20 02:00:00,42,val,0.139,0.16288067
Merzenhausen,2022-06-20 03:00:00,42,val,0.137,0.16435786
Merzenhausen,2022-06-20 04:00:00,42,val,0.134,0.16128002
Merzenhausen,2022-06-20 05:00:00,42,val,0.136,0.15832011
Merzenhausen,2022-06-20 06:00:00,42,val,0.138,0.15392646
Merzenhausen,2022-06-20 07:00:00,42,val,0.137,0.1503538
Merzenhausen,2022-06-20 08:00:00,42,val,0.136,0.14783147
Merzenhausen,2022-06-20 09:00:00,42,val,0.1435,0.14633843
Merzenhausen,2022-06-20 10:00:00,42,val,0.14,0.14596137
Merzenhausen,2022-06-20 11:00:00,42,val,0.137,0.14611909
Merzenhausen,2022-06-20 12:00:00,42,val,0.139,0.14707126
Merzenhausen,2022-06-20 13:00:00,42,val,0.14,0.14840083
Merzenhausen,2022-06-20 14:00:00,42,val,0.141,0.14992091
Merzenhausen,2022-06-20 15:00:00,42,val,0.142,0.15127462
Merzenhausen,2022-06-20 16:00:00,42,val,0.139,0.15256052
Merzenhausen,2022-06-20 17:00:00,42,val,0.141,0.15328409
Merzenhausen,2022-06-20 18:00:00,42,val,0.143,0.15346213
Merzenhausen,2022-06-20 19:00:00,42,val,0.143,0.15339087
Merzenhausen,2022-06-20 20:00:00,42,val,0.137,0.15249234
Merzenhausen,2022-06-20 21:00:00,42,val,0.139,0.15113088
Merzenhausen,2022-06-20 22:00:00,42,val,0.14,0.14909005
Merzenhausen,2022-06-20 23:00:00,42,val,0.135,0.14713883
Merzenhausen,2022-06-21 00:00:00,42,val,0.1375,0.14511433
Merzenhausen,2022-06-21 01:00:00,42,val,0.14,0.14333367
Merzenhausen,2022-06-21 02:00:00,42,val,0.137,0.1416784
Merzenhausen,2022-06-21 03:00:00,42,val,0.135,0.13999015
Merzenhausen,2022-06-21 04:00:00,42,val,0.144,0.13855869
Merzenhausen,2022-06-21 05:00:00,42,val,0.134,0.13843092
Merzenhausen,2022-06-21 06:00:00,42,val,0.138,0.13883811
Merzenhausen,2022-06-21 07:00:00,42,val,0.137,0.13992333
Merzenhausen,2022-06-21 08:00:00,42,val,0.136,0.14090261
Merzenhausen,2022-06-21 09:00:00,42,val,0.139,0.14172843
Merzenhausen,2022-06-21 10:00:00,42,val,0.138,0.14267945
Merzenhausen,2022-06-21 11:00:00,42,val,0.139,0.14366196
Merzenhausen,2022-06-21 12:00:00,42,val,0.143,0.14502788
Merzenhausen,2022-06-21 13:00:00,42,val,0.137,0.1462882
Merzenhausen,2022-06-21 14:00:00,42,val,0.143,0.14768013
Merzenhausen,2022-06-21 15:00:00,42,val,0.14,0.14906582
Merzenhausen,2022-06-21 16:00:00,42,val,0.14,0.15004861
Merzenhausen,2022-06-21 17:00:00,42,val,0.14,0.15049323
Merzenhausen,2022-06-21 18:00:00,42,val,0.138,0.15106422
Merzenhausen,2022-06-21 19:00:00,42,val,0.141,0.15104444
Merzenhausen,2022-06-21 20:00:00,42,val,0.14,0.15078008
Merzenhausen,2022-06-21 21:00:00,42,val,0.138,0.14963694
Merzenhausen,2022-06-21 22:00:00,42,val,0.141,0.14863491
Merzenhausen,2022-06-21 23:00:00,42,val,0.132,0.14733434
Merzenhausen,2022-06-22 00:00:00,42,val,0.136,0.14506665
Merzenhausen,2022-06-22 01:00:00,42,val,0.138,0.14328134
Merzenhausen,2022-06-22 02:00:00,42,val,0.14,0.14169316
Merzenhausen,2022-06-22 03:00:00,42,val,0.136,0.14042354
Merzenhausen,2022-06-22 04:00:00,42,val,0.137,0.13886434
Merzenhausen,2022-06-22 05:00:00,42,val,0.137,0.13835324
Merzenhausen,2022-06-22 06:00:00,42,val,0.2045,0.13896984
Merzenhausen,2022-06-22 07:00:00,42,val,0.307,0.14027637
Merzenhausen,2022-06-22 08:00:00,42,val,0.304,0.14132212
Merzenhausen,2022-06-22 09:00:00,42,val,0.302,0.14297181
Merzenhausen,2022-06-22 10:00:00,42,val,0.296,0.1443122
Merzenhausen,2022-06-22 11:00:00,42,val,0.294,0.14478827
Merzenhausen,2022-06-22 12:00:00,42,val,0.292,0.14514266
Merzenhausen,2022-06-22 13:00:00,42,val,0.289,0.14569262
Merzenhausen,2022-06-22 14:00:00,42,val,0.285,0.14656521
Merzenhausen,2022-06-22 15:00:00,42,val,0.282,0.14760609
Merzenhausen,2022-06-22 16:00:00,42,val,0.279,0.14816159
Merzenhausen,2022-06-22 17:00:00,42,val,0.279,0.1490325
Merzenhausen,2022-06-22 18:00:00,42,val,0.278,0.15010235
Merzenhausen,2022-06-22 19:00:00,42,val,0.275,0.15105303
Merzenhausen,2022-06-22 20:00:00,42,val,0.273,0.15059833
Merzenhausen,2022-06-22 21:00:00,42,val,0.273,0.14859512
Merzenhausen,2022-06-22 22:00:00,42,val,0.273,0.14670438
Merzenhausen,2022-06-22 23:00:00,42,val,0.273,0.14465751
Merzenhausen,2022-06-23 00:00:00,42,val,0.27,0.14333905
Merzenhausen,2022-06-23 01:00:00,42,val,0.27,0.1428667
Merzenhausen,2022-06-23 02:00:00,42,val,0.268,0.1424761
Merzenhausen,2022-06-23 03:00:00,42,val,0.272,0.14196283
Merzenhausen,2022-06-23 04:00:00,42,val,0.269,0.14288396
Merzenhausen,2022-06-23 05:00:00,42,val,0.269,0.14367582
Merzenhausen,2022-06-23 06:00:00,42,val,0.266,0.1451126
Merzenhausen,2022-06-23 07:00:00,42,val,0.271,0.14653876
Merzenhausen,2022-06-23 08:00:00,42,val,0.265,0.14726554
Merzenhausen,2022-06-23 09:00:00,42,val,0.267,0.14773159
Merzenhausen,2022-06-23 10:00:00,42,val,0.263,0.14771274
Merzenhausen,2022-06-23 11:00:00,42,val,0.257,0.14764255
Merzenhausen,2022-06-23 12:00:00,42,val,0.2605,0.14816135
Merzenhausen,2022-06-23 13:00:00,42,val,0.255,0.1481024
Merzenhausen,2022-06-23 14:00:00,42,val,0.256,0.14868647
Merzenhausen,2022-06-23 15:00:00,42,val,0.253,0.14897963
Merzenhausen,2022-06-23 16:00:00,42,val,0.253,0.14949688
Merzenhausen,2022-06-23 17:00:00,42,val,0.2515,0.14965314
Merzenhausen,2022-06-23 18:00:00,42,val,0.251,0.14921169
Merzenhausen,2022-06-23 19:00:00,42,val,0.248,0.1487925
Merzenhausen,2022-06-23 20:00:00,42,val,0.248,0.14858149
Merzenhausen,2022-06-23 21:00:00,42,val,0.246,0.16232233
Merzenhausen,2022-06-23 22:00:00,42,val,0.246,0.16526502
Merzenhausen,2022-06-23 23:00:00,42,val,0.2674999999999999,0.16231084
Merzenhausen,2022-06-24 00:00:00,42,val,0.283,0.1637063
Merzenhausen,2022-06-24 01:00:00,42,val,0.293,0.16165766
Merzenhausen,2022-06-24 02:00:00,42,val,0.2324999999999999,0.15980639
Merzenhausen,2022-06-24 03:00:00,42,val,0.2985,0.15721643
Merzenhausen,2022-06-24 04:00:00,42,val,0.298,0.1539806
Merzenhausen,2022-06-24 05:00:00,42,val,0.2965,0.15130392
Merzenhausen,2022-06-24 06:00:00,42,val,0.296,0.17789517
Merzenhausen,2022-06-24 07:00:00,42,val,0.2945,0.21324374
Merzenhausen,2022-06-24 08:00:00,42,val,0.2935,0.23800844
Merzenhausen,2022-06-24 09:00:00,42,val,0.292,0.25427142
Merzenhausen,2022-06-24 10:00:00,42,val,0.2915,0.2641464
Merzenhausen,2022-06-24 11:00:00,42,val,0.2885,0.2694848
Merzenhausen,2022-06-24 12:00:00,42,val,0.289,0.2716322
Merzenhausen,2022-06-24 13:00:00,42,val,0.282,0.27134797
Merzenhausen,2022-06-24 14:00:00,42,val,0.284,0.26934624
Merzenhausen,2022-06-24 15:00:00,42,val,0.28,0.26955253
Merzenhausen,2022-06-24 16:00:00,42,val,0.278,0.26735398
Merzenhausen,2022-06-24 17:00:00,42,val,0.278,0.26386732
Merzenhausen,2022-06-24 18:00:00,42,val,0.277,0.26026276
Merzenhausen,2022-06-24 19:00:00,42,val,0.278,0.2567667
Merzenhausen,2022-06-24 20:00:00,42,val,0.278,0.2537037
Merzenhausen,2022-06-24 21:00:00,42,val,0.276,0.25117576
Merzenhausen,2022-06-24 22:00:00,42,val,0.276,0.24913624
Merzenhausen,2022-06-24 23:00:00,42,val,0.2755,0.24808797
Merzenhausen,2022-06-25 00:00:00,42,val,0.274,0.24761121
Merzenhausen,2022-06-25 01:00:00,42,val,0.2755,0.24735205
Merzenhausen,2022-06-25 02:00:00,42,val,0.275,0.24707441
Merzenhausen,2022-06-25 03:00:00,42,val,0.2735,0.24713957
Merzenhausen,2022-06-25 04:00:00,42,val,0.2745,0.24740338
Merzenhausen,2022-06-25 05:00:00,42,val,0.273,0.24810143
Merzenhausen,2022-06-25 06:00:00,42,val,0.275,0.24880311
Merzenhausen,2022-06-25 07:00:00,42,val,0.272,0.24958532
Merzenhausen,2022-06-25 08:00:00,42,val,0.274,0.24934858
Merzenhausen,2022-06-25 09:00:00,42,val,0.271,0.24869342
Merzenhausen,2022-06-25 10:00:00,42,val,0.2715,0.2473639
Merzenhausen,2022-06-25 11:00:00,42,val,0.267,0.2450146
Merzenhausen,2022-06-25 12:00:00,42,val,0.2685,0.24330813
Merzenhausen,2022-06-25 13:00:00,42,val,0.2685,0.24140148
Merzenhausen,2022-06-25 14:00:00,42,val,0.262,0.23993808
Merzenhausen,2022-06-25 15:00:00,42,val,0.263,0.23854367
Merzenhausen,2022-06-25 16:00:00,42,val,0.26,0.23729414
Merzenhausen,2022-06-25 17:00:00,42,val,0.26,0.23628882
Merzenhausen,2022-06-25 18:00:00,42,val,0.258,0.23538558
Merzenhausen,2022-06-25 19:00:00,42,val,0.2605,0.23417854
Merzenhausen,2022-06-25 20:00:00,42,val,0.2595,0.23278747
Merzenhausen,2022-06-25 21:00:00,42,val,0.254,0.2312476
Merzenhausen,2022-06-25 22:00:00,42,val,0.259,0.2304042
Merzenhausen,2022-06-25 23:00:00,42,val,0.256,0.24631001
Merzenhausen,2022-06-26 00:00:00,42,val,0.257,0.25769776
Merzenhausen,2022-06-26 01:00:00,42,val,0.258,0.26297015
Merzenhausen,2022-06-26 02:00:00,42,val,0.253,0.2586262
Merzenhausen,2022-06-26 03:00:00,42,val,0.255,0.25765446
Merzenhausen,2022-06-26 04:00:00,42,val,0.255,0.25889185
Merzenhausen,2022-06-26 05:00:00,42,val,0.254,0.26066536
Merzenhausen,2022-06-26 06:00:00,42,val,0.255,0.26230896
Merzenhausen,2022-06-26 07:00:00,42,val,0.2555,0.26346487
Merzenhausen,2022-06-26 08:00:00,42,val,0.253,0.2640189
Merzenhausen,2022-06-26 09:00:00,42,val,0.25,0.26390827
Merzenhausen,2022-06-26 10:00:00,42,val,0.247,0.26327893
Merzenhausen,2022-06-26 11:00:00,42,val,0.247,0.26216385
Merzenhausen,2022-06-26 12:00:00,42,val,0.242,0.26145807
Merzenhausen,2022-06-26 13:00:00,42,val,0.238,0.25966716
Merzenhausen,2022-06-26 14:00:00,42,val,0.236,0.25798583
Merzenhausen,2022-06-26 15:00:00,42,val,0.229,0.25612995
Merzenhausen,2022-06-26 16:00:00,42,val,0.229,0.25424787
Merzenhausen,2022-06-26 17:00:00,42,val,0.224,0.25273108
Merzenhausen,2022-06-26 18:00:00,42,val,0.226,0.25136557
Merzenhausen,2022-06-26 19:00:00,42,val,0.224,0.25043952
Merzenhausen,2022-06-26 20:00:00,42,val,0.222,0.24991742
Merzenhausen,2022-06-26 21:00:00,42,val,0.223,0.24938364
Merzenhausen,2022-06-26 22:00:00,42,val,0.22,0.24906577
Merzenhausen,2022-06-26 23:00:00,42,val,0.224,0.24894264
Merzenhausen,2022-06-27 00:00:00,42,val,0.22,0.24889219
Merzenhausen,2022-06-27 01:00:00,42,val,0.221,0.24920388
Merzenhausen,2022-06-27 02:00:00,42,val,0.219,0.24952826
Merzenhausen,2022-06-27 03:00:00,42,val,0.222,0.249625
Merzenhausen,2022-06-27 04:00:00,42,val,0.22,0.24969217
Merzenhausen,2022-06-27 05:00:00,42,val,0.22,0.24963723
Merzenhausen,2022-06-27 06:00:00,42,val,0.222,0.2496948
Merzenhausen,2022-06-27 07:00:00,42,val,0.22,0.24947472
Merzenhausen,2022-06-27 08:00:00,42,val,0.22,0.2493053
Merzenhausen,2022-06-27 09:00:00,42,val,0.219,0.24875297
Merzenhausen,2022-06-27 10:00:00,42,val,0.217,0.24817875
Merzenhausen,2022-06-27 11:00:00,42,val,0.214,0.24705146
Merzenhausen,2022-06-27 12:00:00,42,val,0.21,0.246159
Merzenhausen,2022-06-27 13:00:00,42,val,0.208,0.24533767
Merzenhausen,2022-06-27 14:00:00,42,val,0.203,0.24415506
Merzenhausen,2022-06-27 15:00:00,42,val,0.2,0.24462095
Merzenhausen,2022-06-27 16:00:00,42,val,0.199,0.24420044
Merzenhausen,2022-06-27 17:00:00,42,val,0.195,0.24304809
Merzenhausen,2022-06-27 18:00:00,42,val,0.198,0.24148148
Merzenhausen,2022-06-27 19:00:00,42,val,0.199,0.24018823
Merzenhausen,2022-06-27 20:00:00,42,val,0.195,0.2387701
Merzenhausen,2022-06-27 21:00:00,42,val,0.195,0.23660652
Merzenhausen,2022-06-27 22:00:00,42,val,0.197,0.23526683
Merzenhausen,2022-06-27 23:00:00,42,val,0.195,0.23443195
Merzenhausen,2022-06-28 00:00:00,42,val,0.196,0.23393153
Merzenhausen,2022-06-28 01:00:00,42,val,0.197,0.23405416
Merzenhausen,2022-06-28 02:00:00,42,val,0.194,0.2337325
Merzenhausen,2022-06-28 03:00:00,42,val,0.195,0.23340459
Merzenhausen,2022-06-28 04:00:00,42,val,0.192,0.23353086
Merzenhausen,2022-06-28 05:00:00,42,val,0.194,0.2341944
Merzenhausen,2022-06-28 06:00:00,42,val,0.196,0.23551872
Merzenhausen,2022-06-28 07:00:00,42,val,0.195,0.23674257
Merzenhausen,2022-06-28 08:00:00,42,val,0.191,0.23713072
Merzenhausen,2022-06-28 09:00:00,42,val,0.192,0.23641025
Merzenhausen,2022-06-28 10:00:00,42,val,0.189,0.23469262
Merzenhausen,2022-06-28 11:00:00,42,val,0.188,0.23258723
Merzenhausen,2022-06-28 12:00:00,42,val,0.188,0.23008108
Merzenhausen,2022-06-28 13:00:00,42,val,0.187,0.22726536
Merzenhausen,2022-06-28 14:00:00,42,val,0.184,0.22445148
Merzenhausen,2022-06-28 15:00:00,42,val,0.185,0.22121175
Merzenhausen,2022-06-28 16:00:00,42,val,0.187,0.21848425
Merzenhausen,2022-06-28 17:00:00,42,val,0.209,0.21589257
Merzenhausen,2022-06-28 18:00:00,42,val,0.323,0.21428175
Merzenhausen,2022-07-07 19:00:00,42,val,0.149,0.17401764
Merzenhausen,2022-07-07 20:00:00,42,val,0.149,0.17296311
Merzenhausen,2022-07-07 21:00:00,42,val,0.15,0.17189918
Merzenhausen,2022-07-07 22:00:00,42,val,0.148,0.17043473
Merzenhausen,2022-07-07 23:00:00,42,val,0.149,0.1694641
Merzenhausen,2022-07-08 00:00:00,42,val,0.146,0.16843441
Merzenhausen,2022-07-08 01:00:00,42,val,0.147,0.167539
Merzenhausen,2022-07-08 02:00:00,42,val,0.145,0.16668975
Merzenhausen,2022-07-08 03:00:00,42,val,0.146,0.1654444
Merzenhausen,2022-07-08 04:00:00,42,val,0.149,0.1643422
Merzenhausen,2022-07-08 05:00:00,42,val,0.146,0.16331923
Merzenhausen,2022-07-08 06:00:00,42,val,0.146,0.16329268
Merzenhausen,2022-07-08 07:00:00,42,val,0.15,0.16370772
Merzenhausen,2022-07-08 08:00:00,42,val,0.149,0.16443546
Merzenhausen,2022-07-08 09:00:00,42,val,0.145,0.16518551
Merzenhausen,2022-07-08 10:00:00,42,val,0.149,0.16546446
Merzenhausen,2022-07-08 11:00:00,42,val,0.148,0.1656716
Merzenhausen,2022-07-08 12:00:00,42,val,0.146,0.16562359
Merzenhausen,2022-07-08 13:00:00,42,val,0.146,0.16610806
Merzenhausen,2022-07-08 14:00:00,42,val,0.146,0.16676506
Merzenhausen,2022-07-08 15:00:00,42,val,0.146,0.1670973
Merzenhausen,2022-07-08 16:00:00,42,val,0.146,0.16737925
Merzenhausen,2022-07-08 17:00:00,42,val,0.15,0.16691615
Merzenhausen,2022-07-08 18:00:00,42,val,0.148,0.16652367
Merzenhausen,2022-07-08 19:00:00,42,val,0.148,0.1660672
Merzenhausen,2022-07-08 20:00:00,42,val,0.145,0.16471219
Merzenhausen,2022-07-08 21:00:00,42,val,0.147,0.16318035
Merzenhausen,2022-07-08 22:00:00,42,val,0.145,0.16145954
Merzenhausen,2022-07-08 23:00:00,42,val,0.146,0.15976071
Merzenhausen,2022-07-09 00:00:00,42,val,0.142,0.15856777
Merzenhausen,2022-07-09 01:00:00,42,val,0.146,0.15796259
Merzenhausen,2022-07-09 02:00:00,42,val,0.148,0.15759313
Merzenhausen,2022-07-09 03:00:00,42,val,0.144,0.15708491
Merzenhausen,2022-07-09 04:00:00,42,val,0.145,0.15640286
Merzenhausen,2022-07-09 05:00:00,42,val,0.145,0.15649408
Merzenhausen,2022-07-09 06:00:00,42,val,0.145,0.15735924
Merzenhausen,2022-07-09 07:00:00,42,val,0.145,0.15832719
Merzenhausen,2022-07-09 08:00:00,42,val,0.145,0.15874907
Merzenhausen,2022-07-09 09:00:00,42,val,0.144,0.1593101
Merzenhausen,2022-07-09 10:00:00,42,val,0.146,0.15985326
Merzenhausen,2022-07-09 11:00:00,42,val,0.144,0.16032387
Merzenhausen,2022-07-09 12:00:00,42,val,0.144,0.160663
Merzenhausen,2022-07-09 13:00:00,42,val,0.146,0.16106765
Merzenhausen,2022-07-09 14:00:00,42,val,0.147,0.16204405
Merzenhausen,2022-07-09 15:00:00,42,val,0.145,0.16286895
Merzenhausen,2022-07-09 16:00:00,42,val,0.145,0.16313006
Merzenhausen,2022-07-09 17:00:00,42,val,0.145,0.16284807
Merzenhausen,2022-07-09 18:00:00,42,val,0.145,0.16219074
Merzenhausen,2022-07-09 19:00:00,42,val,0.142,0.16123153
Merzenhausen,2022-07-09 20:00:00,42,val,0.144,0.15993436
Merzenhausen,2022-07-09 21:00:00,42,val,0.143,0.15868266
Merzenhausen,2022-07-09 22:00:00,42,val,0.142,0.15713067
Merzenhausen,2022-07-09 23:00:00,42,val,0.144,0.15564078
Merzenhausen,2022-07-10 00:00:00,42,val,0.141,0.1537959
Merzenhausen,2022-07-10 01:00:00,42,val,0.141,0.15189253
Merzenhausen,2022-07-10 02:00:00,42,val,0.142,0.15066776
Merzenhausen,2022-07-10 03:00:00,42,val,0.141,0.14990672
Merzenhausen,2022-07-10 04:00:00,42,val,0.141,0.14990596
Merzenhausen,2022-07-10 05:00:00,42,val,0.141,0.14998461
Merzenhausen,2022-07-10 06:00:00,42,val,0.141,0.15031512
Merzenhausen,2022-07-10 07:00:00,42,val,0.14,0.15132444
Merzenhausen,2022-07-10 08:00:00,42,val,0.138,0.1525999
Merzenhausen,2022-07-10 09:00:00,42,val,0.144,0.15331636
Merzenhausen,2022-07-10 10:00:00,42,val,0.142,0.15442137
Merzenhausen,2022-07-10 11:00:00,42,val,0.145,0.15550199
Merzenhausen,2022-07-10 12:00:00,42,val,0.143,0.15635523
Merzenhausen,2022-07-10 13:00:00,42,val,0.145,0.15705496
Merzenhausen,2022-07-10 14:00:00,42,val,0.146,0.15761417
Merzenhausen,2022-07-10 15:00:00,42,val,0.144,0.15796153
Merzenhausen,2022-07-10 16:00:00,42,val,0.144,0.15816164
Merzenhausen,2022-07-10 17:00:00,42,val,0.146,0.15892838
Merzenhausen,2022-07-10 18:00:00,42,val,0.145,0.15946814
Merzenhausen,2022-07-10 19:00:00,42,val,0.143,0.15976018
Merzenhausen,2022-07-10 20:00:00,42,val,0.142,0.15928473
Merzenhausen,2022-07-10 21:00:00,42,val,0.144,0.15865116
Merzenhausen,2022-07-10 22:00:00,42,val,0.145,0.1580537
Merzenhausen,2022-07-10 23:00:00,42,val,0.143,0.1575325
Merzenhausen,2022-07-11 00:00:00,42,val,0.1425,0.15638925
Merzenhausen,2022-07-11 01:00:00,42,val,0.144,0.15557747
Merzenhausen,2022-07-11 02:00:00,42,val,0.144,0.15528508
Merzenhausen,2022-07-11 03:00:00,42,val,0.141,0.15449768
Merzenhausen,2022-07-11 04:00:00,42,val,0.141,0.15365395
Merzenhausen,2022-07-11 05:00:00,42,val,0.139,0.15302043
Merzenhausen,2022-07-11 06:00:00,42,val,0.139,0.15263936
Merzenhausen,2022-07-11 07:00:00,42,val,0.141,0.15258765
Merzenhausen,2022-07-11 08:00:00,42,val,0.139,0.15278348
Merzenhausen,2022-07-11 09:00:00,42,val,0.142,0.15307245
Merzenhausen,2022-07-11 10:00:00,42,val,0.1495,0.15377162
Merzenhausen,2022-07-11 11:00:00,42,val,0.14,0.15440986
Merzenhausen,2022-07-11 12:00:00,42,val,0.144,0.15509275
Merzenhausen,2022-07-11 13:00:00,42,val,0.142,0.15604076
Merzenhausen,2022-07-11 14:00:00,42,val,0.144,0.15715457
Merzenhausen,2022-07-11 15:00:00,42,val,0.144,0.15789288
Merzenhausen,2022-07-11 16:00:00,42,val,0.142,0.1581473
Merzenhausen,2022-07-11 17:00:00,42,val,0.142,0.15811634
Merzenhausen,2022-07-11 18:00:00,42,val,0.143,0.15779722
Merzenhausen,2022-07-11 19:00:00,42,val,0.146,0.15698218
Merzenhausen,2022-07-11 20:00:00,42,val,0.144,0.15567844
Merzenhausen,2022-07-11 21:00:00,42,val,0.141,0.15388218
Merzenhausen,2022-07-11 22:00:00,42,val,0.14,0.15206698
Merzenhausen,2022-07-11 23:00:00,42,val,0.137,0.15077844
Merzenhausen,2022-07-12 00:00:00,42,val,0.141,0.1492665
Merzenhausen,2022-07-12 01:00:00,42,val,0.143,0.14765117
Merzenhausen,2022-07-12 02:00:00,42,val,0.14,0.1464012
Merzenhausen,2022-07-12 03:00:00,42,val,0.14,0.14515793
Merzenhausen,2022-07-12 04:00:00,42,val,0.137,0.14401287
Merzenhausen,2022-07-12 05:00:00,42,val,0.139,0.1437835
Merzenhausen,2022-07-12 06:00:00,42,val,0.141,0.14448021
Merzenhausen,2022-07-12 07:00:00,42,val,0.139,0.14559081
Merzenhausen,2022-07-12 08:00:00,42,val,0.137,0.14623925
Merzenhausen,2022-07-12 09:00:00,42,val,0.14,0.14728959
Merzenhausen,2022-07-12 10:00:00,42,val,0.14,0.14810663
Merzenhausen,2022-07-12 11:00:00,42,val,0.141,0.14914614
Merzenhausen,2022-07-12 12:00:00,42,val,0.14,0.1499531
Merzenhausen,2022-07-12 13:00:00,42,val,0.141,0.15092501
Merzenhausen,2022-07-12 14:00:00,42,val,0.142,0.15211922
Merzenhausen,2022-07-12 15:00:00,42,val,0.139,0.153092
Merzenhausen,2022-07-12 16:00:00,42,val,0.141,0.15378341
Merzenhausen,2022-07-12 17:00:00,42,val,0.139,0.15461983
Merzenhausen,2022-07-12 18:00:00,42,val,0.138,0.15541017
Merzenhausen,2022-07-12 19:00:00,42,val,0.142,0.15525357
Merzenhausen,2022-07-12 20:00:00,42,val,0.139,0.15421055
Merzenhausen,2022-07-12 21:00:00,42,val,0.138,0.15331769
Merzenhausen,2022-07-12 22:00:00,42,val,0.137,0.1530427
Merzenhausen,2022-07-12 23:00:00,42,val,0.14,0.15318406
Merzenhausen,2022-07-13 00:00:00,42,val,0.133,0.15341273
Merzenhausen,2022-07-13 01:00:00,42,val,0.141,0.1539389
Merzenhausen,2022-07-13 02:00:00,42,val,0.136,0.15427147
Merzenhausen,2022-07-13 03:00:00,42,val,0.136,0.15411505
Merzenhausen,2022-07-13 04:00:00,42,val,0.136,0.15386975
Merzenhausen,2022-07-13 05:00:00,42,val,0.133,0.15351795
Merzenhausen,2022-07-13 06:00:00,42,val,0.133,0.15333715
Merzenhausen,2022-07-13 07:00:00,42,val,0.138,0.15382043
Merzenhausen,2022-07-13 08:00:00,42,val,0.136,0.15379833
Merzenhausen,2022-07-13 09:00:00,42,val,0.136,0.1539425
Merzenhausen,2022-07-13 10:00:00,42,val,0.135,0.15513262
Merzenhausen,2022-07-13 11:00:00,42,val,0.136,0.1553905
Merzenhausen,2022-07-13 12:00:00,42,val,0.136,0.15568916
Merzenhausen,2022-07-13 13:00:00,42,val,0.137,0.15568665
Merzenhausen,2022-07-13 14:00:00,42,val,0.138,0.1558127
Merzenhausen,2022-07-13 15:00:00,42,val,0.136,0.15600592
Merzenhausen,2022-07-13 16:00:00,42,val,0.14,0.15579899
Merzenhausen,2022-07-13 17:00:00,42,val,0.136,0.15529796
Merzenhausen,2022-07-13 18:00:00,42,val,0.138,0.15492743
Merzenhausen,2022-07-13 19:00:00,42,val,0.135,0.15503222
Merzenhausen,2022-07-13 20:00:00,42,val,0.136,0.1549898
Merzenhausen,2022-07-13 21:00:00,42,val,0.135,0.15437174
Merzenhausen,2022-07-13 22:00:00,42,val,0.136,0.15384124
Merzenhausen,2022-07-13 23:00:00,42,val,0.135,0.15318778
Merzenhausen,2022-07-14 00:00:00,42,val,0.135,0.15297559
Merzenhausen,2022-07-14 01:00:00,42,val,0.136,0.15316649
Merzenhausen,2022-07-14 02:00:00,42,val,0.134,0.15279336
Merzenhausen,2022-07-14 03:00:00,42,val,0.131,0.15210436
Merzenhausen,2022-07-14 04:00:00,42,val,0.133,0.15110624
Merzenhausen,2022-07-14 05:00:00,42,val,0.131,0.15041074
Merzenhausen,2022-07-14 06:00:00,42,val,0.135,0.1503211
Merzenhausen,2022-07-14 07:00:00,42,val,0.131,0.15048093
Merzenhausen,2022-07-14 08:00:00,42,val,0.134,0.15057588
Merzenhausen,2022-07-14 09:00:00,42,val,0.132,0.151126
Merzenhausen,2022-07-14 10:00:00,42,val,0.131,0.15176654
Merzenhausen,2022-07-14 11:00:00,42,val,0.136,0.15259632
Merzenhausen,2022-07-14 12:00:00,42,val,0.135,0.15323187
Merzenhausen,2022-07-14 13:00:00,42,val,0.138,0.15383086
Merzenhausen,2022-07-14 14:00:00,42,val,0.137,0.15450439
Merzenhausen,2022-07-14 15:00:00,42,val,0.135,0.15467173
Merzenhausen,2022-07-14 16:00:00,42,val,0.135,0.15482792
Merzenhausen,2022-07-14 17:00:00,42,val,0.135,0.15458114
Merzenhausen,2022-07-14 18:00:00,42,val,0.138,0.15407242
Merzenhausen,2022-07-14 19:00:00,42,val,0.133,0.15397683
Merzenhausen,2022-07-14 20:00:00,42,val,0.134,0.15347661
Merzenhausen,2022-07-14 21:00:00,42,val,0.135,0.1525893
Merzenhausen,2022-07-14 22:00:00,42,val,0.132,0.15098895
Merzenhausen,2022-07-14 23:00:00,42,val,0.134,0.14943932
Merzenhausen,2022-07-15 00:00:00,42,val,0.133,0.14712363
Merzenhausen,2022-07-15 01:00:00,42,val,0.13,0.1462101
Merzenhausen,2022-07-15 02:00:00,42,val,0.131,0.14560288
Merzenhausen,2022-07-15 03:00:00,42,val,0.129,0.14514014
Merzenhausen,2022-07-15 04:00:00,42,val,0.128,0.14440815
Merzenhausen,2022-07-15 05:00:00,42,val,0.13,0.14326346
Merzenhausen,2022-07-15 06:00:00,42,val,0.13,0.14247248
Merzenhausen,2022-07-15 07:00:00,42,val,0.132,0.14302206
Merzenhausen,2022-07-15 08:00:00,42,val,0.131,0.14383413
Merzenhausen,2022-07-15 09:00:00,42,val,0.13,0.14476566
Merzenhausen,2022-07-15 10:00:00,42,val,0.131,0.14555496
Merzenhausen,2022-07-15 11:00:00,42,val,0.134,0.14649607
Merzenhausen,2022-07-15 12:00:00,42,val,0.131,0.14735425
Merzenhausen,2022-07-15 13:00:00,42,val,0.133,0.14826675
Merzenhausen,2022-07-15 14:00:00,42,val,0.135,0.14928232
Merzenhausen,2022-07-15 15:00:00,42,val,0.136,0.150005
Merzenhausen,2022-07-15 16:00:00,42,val,0.134,0.15106751
Merzenhausen,2022-07-15 17:00:00,42,val,0.136,0.15156049
Merzenhausen,2022-07-15 18:00:00,42,val,0.135,0.15187329
Merzenhausen,2022-07-15 19:00:00,42,val,0.133,0.15144205
Merzenhausen,2022-07-15 20:00:00,42,val,0.134,0.1502089
Merzenhausen,2022-07-15 21:00:00,42,val,0.131,0.1484177
Merzenhausen,2022-07-15 22:00:00,42,val,0.134,0.14673457
Merzenhausen,2022-07-15 23:00:00,42,val,0.131,0.14518046
Merzenhausen,2022-07-16 00:00:00,42,val,0.129,0.14379151
Merzenhausen,2022-07-16 01:00:00,42,val,0.132,0.14260319
Merzenhausen,2022-07-16 02:00:00,42,val,0.131,0.14122242
Merzenhausen,2022-07-16 03:00:00,42,val,0.129,0.13963082
Merzenhausen,2022-07-16 04:00:00,42,val,0.129,0.13887009
Merzenhausen,2022-07-16 05:00:00,42,val,0.13,0.13850874
Merzenhausen,2022-07-16 06:00:00,42,val,0.13,0.13926065
Merzenhausen,2022-07-16 07:00:00,42,val,0.129,0.13994135
Merzenhausen,2022-07-16 08:00:00,42,val,0.131,0.14093496
Merzenhausen,2022-07-16 09:00:00,42,val,0.133,0.14170322
Merzenhausen,2022-07-16 10:00:00,42,val,0.134,0.1421709
Merzenhausen,2022-07-16 11:00:00,42,val,0.131,0.14329189
Merzenhausen,2022-07-16 12:00:00,42,val,0.132,0.1445263
Merzenhausen,2022-07-16 13:00:00,42,val,0.136,0.14620617
Merzenhausen,2022-07-16 14:00:00,42,val,0.135,0.14784935
Merzenhausen,2022-07-16 15:00:00,42,val,0.135,0.1489867
Merzenhausen,2022-07-16 16:00:00,42,val,0.135,0.14965606
Merzenhausen,2022-07-16 17:00:00,42,val,0.135,0.15001692
Merzenhausen,2022-07-16 18:00:00,42,val,0.135,0.1505415
Merzenhausen,2022-07-16 19:00:00,42,val,0.134,0.15014195
Merzenhausen,2022-07-16 20:00:00,42,val,0.133,0.14916238
Merzenhausen,2022-07-16 21:00:00,42,val,0.134,0.14773089
Merzenhausen,2022-07-16 22:00:00,42,val,0.131,0.14541958
Merzenhausen,2022-07-16 23:00:00,42,val,0.133,0.14324772
Merzenhausen,2022-07-17 00:00:00,42,val,0.132,0.14108083
Merzenhausen,2022-07-17 01:00:00,42,val,0.133,0.13876662
Merzenhausen,2022-07-17 02:00:00,42,val,0.13,0.13663834
Merzenhausen,2022-07-17 03:00:00,42,val,0.13,0.1345429
Merzenhausen,2022-07-17 04:00:00,42,val,0.127,0.13281056
Merzenhausen,2022-07-17 05:00:00,42,val,0.131,0.13196349
Merzenhausen,2022-07-17 06:00:00,42,val,0.129,0.13253516
Merzenhausen,2022-07-17 07:00:00,42,val,0.13,0.13418101
Merzenhausen,2022-07-17 08:00:00,42,val,0.13,0.1358398
Merzenhausen,2022-07-17 09:00:00,42,val,0.127,0.13713145
Merzenhausen,2022-07-17 10:00:00,42,val,0.133,0.13821745
Merzenhausen,2022-07-17 11:00:00,42,val,0.13,0.1396313
Merzenhausen,2022-07-17 12:00:00,42,val,0.131,0.14064533
Merzenhausen,2022-07-17 13:00:00,42,val,0.134,0.14177558
Merzenhausen,2022-07-17 14:00:00,42,val,0.133,0.14326546
Merzenhausen,2022-07-17 15:00:00,42,val,0.136,0.14498565
Merzenhausen,2022-07-17 16:00:00,42,val,0.136,0.14633128
Merzenhausen,2022-07-17 17:00:00,42,val,0.131,0.14769182
Merzenhausen,2022-07-17 18:00:00,42,val,0.135,0.14868027
Merzenhausen,2022-07-17 19:00:00,42,val,0.133,0.14870976
Merzenhausen,2022-07-17 20:00:00,42,val,0.134,0.14827329
Merzenhausen,2022-07-17 21:00:00,42,val,0.133,0.14643456
Merzenhausen,2022-07-17 22:00:00,42,val,0.13,0.14448836
Merzenhausen,2022-07-17 23:00:00,42,val,0.132,0.14276442
Merzenhausen,2022-07-18 00:00:00,42,val,0.133,0.14073528
Merzenhausen,2022-07-18 01:00:00,42,val,0.13,0.13949198
Merzenhausen,2022-07-18 02:00:00,42,val,0.132,0.13828853
Merzenhausen,2022-07-18 03:00:00,42,val,0.132,0.13691847
Merzenhausen,2022-07-18 04:00:00,42,val,0.129,0.13604844
Merzenhausen,2022-07-18 05:00:00,42,val,0.129,0.13608962
Merzenhausen,2022-07-18 06:00:00,42,val,0.129,0.13713178
Merzenhausen,2022-07-18 07:00:00,42,val,0.129,0.13852347
Merzenhausen,2022-07-18 08:00:00,42,val,0.129,0.14006002
Merzenhausen,2022-07-18 09:00:00,42,val,0.127,0.1416176
Merzenhausen,2022-07-18 10:00:00,42,val,0.132,0.14297311
Merzenhausen,2022-07-18 11:00:00,42,val,0.131,0.14356592
Merzenhausen,2022-07-18 12:00:00,42,val,0.13,0.1439336
Merzenhausen,2022-07-18 13:00:00,42,val,0.133,0.14489897
Merzenhausen,2022-07-18 14:00:00,42,val,0.139,0.146085
Merzenhausen,2022-07-18 15:00:00,42,val,0.132,0.14738065
Merzenhausen,2022-07-18 16:00:00,42,val,0.132,0.14862862
Merzenhausen,2022-07-18 17:00:00,42,val,0.127,0.14982072
Merzenhausen,2022-07-18 18:00:00,42,val,0.133,0.15082215
Merzenhausen,2022-07-18 19:00:00,42,val,0.128,0.1510855
Merzenhausen,2022-07-18 20:00:00,42,val,0.129,0.14910865
Merzenhausen,2022-07-18 21:00:00,42,val,0.13,0.14671385
Merzenhausen,2022-07-18 22:00:00,42,val,0.127,0.14431563
Merzenhausen,2022-07-18 23:00:00,42,val,0.127,0.14289978
Merzenhausen,2022-07-19 00:00:00,42,val,0.13,0.1421121
Merzenhausen,2022-07-19 01:00:00,42,val,0.128,0.14191377
Merzenhausen,2022-07-19 02:00:00,42,val,0.125,0.14150792
Merzenhausen,2022-07-19 03:00:00,42,val,0.125,0.14114536
Merzenhausen,2022-07-19 04:00:00,42,val,0.127,0.1405684
Merzenhausen,2022-07-19 05:00:00,42,val,0.129,0.1410166
Merzenhausen,2022-07-19 06:00:00,42,val,0.127,0.14247309
Merzenhausen,2022-07-19 07:00:00,42,val,0.128,0.14428923
Merzenhausen,2022-07-19 08:00:00,42,val,0.126,0.14594124
Merzenhausen,2022-07-19 09:00:00,42,val,0.129,0.14651741
Merzenhausen,2022-07-19 10:00:00,42,val,0.129,0.14701463
Merzenhausen,2022-07-19 11:00:00,42,val,0.129,0.14698401
Merzenhausen,2022-07-30 08:00:00,42,val,0.139,0.15017831
Merzenhausen,2022-07-30 09:00:00,42,val,0.135,0.1509195
Merzenhausen,2022-07-30 10:00:00,42,val,0.137,0.15191919
Merzenhausen,2022-07-30 11:00:00,42,val,0.14,0.15266326
Merzenhausen,2022-07-30 12:00:00,42,val,0.138,0.15349472
Merzenhausen,2022-07-30 13:00:00,42,val,0.14,0.1543617
Merzenhausen,2022-07-30 14:00:00,42,val,0.138,0.15488183
Merzenhausen,2022-07-30 15:00:00,42,val,0.138,0.15513158
Merzenhausen,2022-07-30 16:00:00,42,val,0.138,0.1553106
Merzenhausen,2022-07-30 17:00:00,42,val,0.139,0.15565611
Merzenhausen,2022-07-30 18:00:00,42,val,0.139,0.15561411
Merzenhausen,2022-07-30 19:00:00,42,val,0.138,0.15538077
Merzenhausen,2022-07-30 20:00:00,42,val,0.139,0.15518668
Merzenhausen,2022-07-30 21:00:00,42,val,0.136,0.15477903
Merzenhausen,2022-07-30 22:00:00,42,val,0.138,0.15481831
Merzenhausen,2022-07-30 23:00:00,42,val,0.135,0.15507819
Merzenhausen,2022-07-31 00:00:00,42,val,0.134,0.15464318
Merzenhausen,2022-07-31 01:00:00,42,val,0.134,0.1542488
Merzenhausen,2022-07-31 02:00:00,42,val,0.135,0.15371004
Merzenhausen,2022-07-31 03:00:00,42,val,0.135,0.15393704
Merzenhausen,2022-07-31 04:00:00,42,val,0.135,0.15370128
Merzenhausen,2022-07-31 05:00:00,42,val,0.136,0.15355626
Merzenhausen,2022-07-31 06:00:00,42,val,0.135,0.15353173
Merzenhausen,2022-07-31 07:00:00,42,val,0.135,0.15320846
Merzenhausen,2022-07-31 08:00:00,42,val,0.134,0.1528582
Merzenhausen,2022-07-31 09:00:00,42,val,0.137,0.15292606
Merzenhausen,2022-07-31 10:00:00,42,val,0.134,0.1533595
Merzenhausen,2022-07-31 11:00:00,42,val,0.135,0.15374042
Merzenhausen,2022-07-31 12:00:00,42,val,0.138,0.15469682
Merzenhausen,2022-07-31 13:00:00,42,val,0.139,0.15559767
Merzenhausen,2022-07-31 14:00:00,42,val,0.135,0.15595637
Merzenhausen,2022-07-31 15:00:00,42,val,0.138,0.15645382
Merzenhausen,2022-07-31 16:00:00,42,val,0.138,0.15648237
Merzenhausen,2022-07-31 17:00:00,42,val,0.139,0.15685183
Merzenhausen,2022-07-31 18:00:00,42,val,0.139,0.15677857
Merzenhausen,2022-07-31 19:00:00,42,val,0.138,0.15646026
Merzenhausen,2022-07-31 20:00:00,42,val,0.135,0.15615429
Merzenhausen,2022-07-31 21:00:00,42,val,0.135,0.15583527
Merzenhausen,2022-07-31 22:00:00,42,val,0.134,0.15535802
Merzenhausen,2022-07-31 23:00:00,42,val,0.134,0.15517542
Merzenhausen,2022-08-01 00:00:00,42,val,0.135,0.15453234
Merzenhausen,2022-08-01 01:00:00,42,val,0.136,0.15392968
Merzenhausen,2022-08-01 02:00:00,42,val,0.134,0.15323663
Merzenhausen,2022-08-01 03:00:00,42,val,0.134,0.1529534
Merzenhausen,2022-08-01 04:00:00,42,val,0.131,0.15311272
Merzenhausen,2022-08-01 05:00:00,42,val,0.133,0.15343302
Merzenhausen,2022-08-01 06:00:00,42,val,0.131,0.15759304
Merzenhausen,2022-08-01 07:00:00,42,val,0.134,0.15969947
Merzenhausen,2022-08-01 08:00:00,42,val,0.134,0.15943374
Merzenhausen,2022-08-01 09:00:00,42,val,0.133,0.15832143
Merzenhausen,2022-08-01 10:00:00,42,val,0.134,0.15694258
Merzenhausen,2022-08-01 11:00:00,42,val,0.135,0.15620708
Merzenhausen,2022-08-01 12:00:00,42,val,0.137,0.1556367
Merzenhausen,2022-08-01 13:00:00,42,val,0.135,0.15553993
Merzenhausen,2022-08-01 14:00:00,42,val,0.138,0.15545204
Merzenhausen,2022-08-01 15:00:00,42,val,0.134,0.15523085
Merzenhausen,2022-08-01 16:00:00,42,val,0.136,0.15507941
Merzenhausen,2022-08-01 17:00:00,42,val,0.138,0.15510704
Merzenhausen,2022-08-01 18:00:00,42,val,0.139,0.15512103
Merzenhausen,2022-08-01 19:00:00,42,val,0.137,0.15482661
Merzenhausen,2022-08-01 20:00:00,42,val,0.134,0.15410894
Merzenhausen,2022-08-01 21:00:00,42,val,0.135,0.15225998
Merzenhausen,2022-08-01 22:00:00,42,val,0.136,0.15043938
Merzenhausen,2022-08-01 23:00:00,42,val,0.135,0.14846689
Merzenhausen,2022-08-02 00:00:00,42,val,0.135,0.14645457
Merzenhausen,2022-08-02 01:00:00,42,val,0.132,0.14488462
Merzenhausen,2022-08-02 02:00:00,42,val,0.131,0.14386001
Merzenhausen,2022-08-02 03:00:00,42,val,0.131,0.14338598
Merzenhausen,2022-08-02 04:00:00,42,val,0.135,0.14279097
Merzenhausen,2022-08-02 05:00:00,42,val,0.132,0.14253506
Merzenhausen,2022-08-02 06:00:00,42,val,0.132,0.14321938
Merzenhausen,2022-08-02 07:00:00,42,val,0.131,0.14452432
Merzenhausen,2022-08-02 08:00:00,42,val,0.131,0.1458777
Merzenhausen,2022-08-02 09:00:00,42,val,0.135,0.14714335
Merzenhausen,2022-08-02 10:00:00,42,val,0.134,0.14775005
Merzenhausen,2022-08-02 11:00:00,42,val,0.137,0.14827254
Merzenhausen,2022-08-02 12:00:00,42,val,0.137,0.14926142
Merzenhausen,2022-08-02 13:00:00,42,val,0.138,0.15061739
Merzenhausen,2022-08-02 14:00:00,42,val,0.134,0.15154341
Merzenhausen,2022-08-02 15:00:00,42,val,0.135,0.15250465
Merzenhausen,2022-08-02 16:00:00,42,val,0.137,0.15347047
Merzenhausen,2022-08-02 17:00:00,42,val,0.137,0.1544548
Merzenhausen,2022-08-02 18:00:00,42,val,0.133,0.15535247
Merzenhausen,2022-08-02 19:00:00,42,val,0.13,0.15562777
Merzenhausen,2022-08-02 20:00:00,42,val,0.134,0.15442032
Merzenhausen,2022-08-02 21:00:00,42,val,0.133,0.15263084
Merzenhausen,2022-08-02 22:00:00,42,val,0.133,0.15119061
Merzenhausen,2022-08-02 23:00:00,42,val,0.134,0.14995146
Merzenhausen,2022-08-03 00:00:00,42,val,0.134,0.14921948
Merzenhausen,2022-08-03 01:00:00,42,val,0.134,0.14911081
Merzenhausen,2022-08-03 02:00:00,42,val,0.131,0.14889878
Merzenhausen,2022-08-03 03:00:00,42,val,0.211,0.14858344
Merzenhausen,2022-08-03 04:00:00,42,val,0.207,0.1477249
Merzenhausen,2022-08-03 05:00:00,42,val,0.207,0.1472049
Merzenhausen,2022-08-03 06:00:00,42,val,0.204,0.14760977
Merzenhausen,2022-08-03 07:00:00,42,val,0.206,0.14881012
Merzenhausen,2022-08-03 08:00:00,42,val,0.2,0.15011153
Merzenhausen,2022-08-03 09:00:00,42,val,0.199,0.15096502
Merzenhausen,2022-08-03 10:00:00,42,val,0.202,0.15144515
Merzenhausen,2022-08-03 11:00:00,42,val,0.199,0.15189889
Merzenhausen,2022-08-03 12:00:00,42,val,0.197,0.15261781
Merzenhausen,2022-08-03 13:00:00,42,val,0.198,0.15315491
Merzenhausen,2022-08-03 14:00:00,42,val,0.195,0.15405618
Merzenhausen,2022-08-03 15:00:00,42,val,0.196,0.15446624
Merzenhausen,2022-08-03 16:00:00,42,val,0.193,0.15491803
Merzenhausen,2022-08-03 17:00:00,42,val,0.194,0.15559399
Merzenhausen,2022-08-03 18:00:00,42,val,0.191,0.1564726
Merzenhausen,2022-08-03 19:00:00,42,val,0.189,0.15667215
Merzenhausen,2022-08-03 20:00:00,42,val,0.188,0.155448
Merzenhausen,2022-08-03 21:00:00,42,val,0.191,0.15366243
Merzenhausen,2022-08-03 22:00:00,42,val,0.19,0.15239283
Merzenhausen,2022-08-03 23:00:00,42,val,0.187,0.15143788
Merzenhausen,2022-08-04 00:00:00,42,val,0.186,0.15068772
Merzenhausen,2022-08-04 01:00:00,42,val,0.189,0.1497189
Merzenhausen,2022-08-04 02:00:00,42,val,0.186,0.14860085
Merzenhausen,2022-08-04 03:00:00,42,val,0.184,0.14781947
Merzenhausen,2022-08-04 04:00:00,42,val,0.189,0.14745991
Merzenhausen,2022-08-04 05:00:00,42,val,0.186,0.14730236
Merzenhausen,2022-08-04 06:00:00,42,val,0.183,0.14833376
Merzenhausen,2022-08-04 07:00:00,42,val,0.185,0.14973181
Merzenhausen,2022-08-04 08:00:00,42,val,0.181,0.1511189
Merzenhausen,2022-08-04 09:00:00,42,val,0.181,0.15236439
Merzenhausen,2022-08-04 10:00:00,42,val,0.181,0.15299183
Merzenhausen,2022-08-04 11:00:00,42,val,0.181,0.15361284
Merzenhausen,2022-08-04 12:00:00,42,val,0.1855,0.15431538
Merzenhausen,2022-08-04 13:00:00,42,val,0.178,0.15525973
Merzenhausen,2022-08-04 14:00:00,42,val,0.1845,0.15555073
Merzenhausen,2022-08-04 15:00:00,42,val,0.176,0.1555961
Merzenhausen,2022-08-04 16:00:00,42,val,0.178,0.15584475
Merzenhausen,2022-08-04 17:00:00,42,val,0.178,0.15612333
Merzenhausen,2022-08-04 18:00:00,42,val,0.181,0.15558082
Merzenhausen,2022-08-04 19:00:00,42,val,0.177,0.15415838
Merzenhausen,2022-08-04 20:00:00,42,val,0.1825,0.15314133
Merzenhausen,2022-08-04 21:00:00,42,val,0.176,0.1525583
Merzenhausen,2022-08-04 22:00:00,42,val,0.177,0.15205829
Merzenhausen,2022-08-04 23:00:00,42,val,0.178,0.15158191
Merzenhausen,2022-08-05 00:00:00,42,val,0.178,0.1511213
Merzenhausen,2022-08-05 01:00:00,42,val,0.176,0.15054041
Merzenhausen,2022-08-05 02:00:00,42,val,0.175,0.14979425
Merzenhausen,2022-08-05 03:00:00,42,val,0.176,0.18090446
Merzenhausen,2022-08-05 04:00:00,42,val,0.175,0.19726813
Merzenhausen,2022-08-05 05:00:00,42,val,0.175,0.20579812
Merzenhausen,2022-08-05 06:00:00,42,val,0.176,0.20914534
Merzenhausen,2022-08-05 07:00:00,42,val,0.176,0.21002106
Merzenhausen,2022-08-05 08:00:00,42,val,0.176,0.20899686
Merzenhausen,2022-08-05 09:00:00,42,val,0.173,0.20723964
Merzenhausen,2022-08-05 10:00:00,42,val,0.173,0.20658961
Merzenhausen,2022-08-05 11:00:00,42,val,0.173,0.20567656
Merzenhausen,2022-08-05 12:00:00,42,val,0.173,0.20452335
Merzenhausen,2022-08-05 13:00:00,42,val,0.172,0.20352226
Merzenhausen,2022-08-05 14:00:00,42,val,0.172,0.2023854
Merzenhausen,2022-08-05 15:00:00,42,val,0.171,0.20146435
Merzenhausen,2022-08-05 16:00:00,42,val,0.171,0.20028374
Merzenhausen,2022-08-05 17:00:00,42,val,0.171,0.19926253
Merzenhausen,2022-08-05 18:00:00,42,val,0.171,0.19790137
Merzenhausen,2022-08-05 19:00:00,42,val,0.172,0.19619986
Merzenhausen,2022-08-05 20:00:00,42,val,0.17,0.19432947
Merzenhausen,2022-08-05 21:00:00,42,val,0.171,0.1928554
Merzenhausen,2022-08-05 22:00:00,42,val,0.172,0.19131418
Merzenhausen,2022-08-05 23:00:00,42,val,0.17,0.18950732
Merzenhausen,2022-08-06 00:00:00,42,val,0.172,0.18707548
Merzenhausen,2022-08-06 01:00:00,42,val,0.171,0.18495956
Merzenhausen,2022-08-06 02:00:00,42,val,0.17,0.18289995
Merzenhausen,2022-08-06 03:00:00,42,val,0.169,0.18084562
Merzenhausen,2022-08-06 04:00:00,42,val,0.169,0.17967576
Merzenhausen,2022-08-06 05:00:00,42,val,0.169,0.17928188
Merzenhausen,2022-08-06 06:00:00,42,val,0.169,0.17968649
Merzenhausen,2022-08-06 07:00:00,42,val,0.169,0.1808411
Merzenhausen,2022-08-06 08:00:00,42,val,0.17,0.18160991
Merzenhausen,2022-08-06 09:00:00,42,val,0.168,0.1821599
Merzenhausen,2022-08-06 10:00:00,42,val,0.17,0.18253936
Merzenhausen,2022-08-06 11:00:00,42,val,0.169,0.18286711
Merzenhausen,2022-08-06 12:00:00,42,val,0.168,0.18387115
Merzenhausen,2022-08-06 13:00:00,42,val,0.168,0.18416514
Merzenhausen,2022-08-06 14:00:00,42,val,0.1675,0.18497846
Merzenhausen,2022-08-06 15:00:00,42,val,0.164,0.18471926
Merzenhausen,2022-08-06 16:00:00,42,val,0.165,0.18434732
Merzenhausen,2022-08-06 17:00:00,42,val,0.168,0.18397889
Merzenhausen,2022-08-06 18:00:00,42,val,0.167,0.18412483
Merzenhausen,2022-08-06 19:00:00,42,val,0.164,0.1836645
Merzenhausen,2022-08-06 20:00:00,42,val,0.166,0.18375546
Merzenhausen,2022-08-06 21:00:00,42,val,0.163,0.18310972
Merzenhausen,2022-08-06 22:00:00,42,val,0.164,0.18198292
Merzenhausen,2022-08-06 23:00:00,42,val,0.164,0.18035547
Merzenhausen,2022-08-07 00:00:00,42,val,0.163,0.17859401
Merzenhausen,2022-08-07 01:00:00,42,val,0.162,0.17654535
Merzenhausen,2022-08-07 02:00:00,42,val,0.16,0.17450064
Merzenhausen,2022-08-07 03:00:00,42,val,0.1635,0.17277572
Merzenhausen,2022-08-07 04:00:00,42,val,0.161,0.17147931
Merzenhausen,2022-08-07 05:00:00,42,val,0.161,0.1708163
Merzenhausen,2022-08-07 06:00:00,42,val,0.159,0.17160463
Merzenhausen,2022-08-07 07:00:00,42,val,0.161,0.17321101
Merzenhausen,2022-08-07 08:00:00,42,val,0.161,0.17488973
Merzenhausen,2022-08-07 09:00:00,42,val,0.161,0.17575867
Merzenhausen,2022-08-07 10:00:00,42,val,0.16,0.17610629
Merzenhausen,2022-08-07 11:00:00,42,val,0.16,0.17608497
Merzenhausen,2022-08-07 12:00:00,42,val,0.16,0.17604773
Merzenhausen,2022-08-07 13:00:00,42,val,0.16,0.17598984
Merzenhausen,2022-08-07 14:00:00,42,val,0.159,0.17608242
Merzenhausen,2022-08-07 15:00:00,42,val,0.159,0.17619486
Merzenhausen,2022-08-07 16:00:00,42,val,0.159,0.17639011
Merzenhausen,2022-08-07 17:00:00,42,val,0.159,0.17668906
Merzenhausen,2022-08-07 18:00:00,42,val,0.156,0.17709798
Merzenhausen,2022-08-07 19:00:00,42,val,0.156,0.1774052
Merzenhausen,2022-08-07 20:00:00,42,val,0.155,0.1772249
Merzenhausen,2022-08-07 21:00:00,42,val,0.156,0.17675386
Merzenhausen,2022-08-07 22:00:00,42,val,0.157,0.17655662
Merzenhausen,2022-08-07 23:00:00,42,val,0.152,0.17605036
Merzenhausen,2022-08-08 00:00:00,42,val,0.156,0.17545159
Merzenhausen,2022-08-08 01:00:00,42,val,0.157,0.1740537
Merzenhausen,2022-08-08 02:00:00,42,val,0.154,0.17234126
Merzenhausen,2022-08-08 03:00:00,42,val,0.152,0.17072332
Merzenhausen,2022-08-08 04:00:00,42,val,0.155,0.16913122
Merzenhausen,2022-08-08 05:00:00,42,val,0.153,0.16813116
Merzenhausen,2022-08-08 06:00:00,42,val,0.154,0.16833465
Merzenhausen,2022-08-08 07:00:00,42,val,0.153,0.16918635
Merzenhausen,2022-08-08 08:00:00,42,val,0.151,0.1704404
Merzenhausen,2022-08-08 09:00:00,42,val,0.153,0.17146537
Merzenhausen,2022-08-08 10:00:00,42,val,0.152,0.17229354
Merzenhausen,2022-08-08 11:00:00,42,val,0.153,0.17290589
Merzenhausen,2022-08-08 12:00:00,42,val,0.149,0.17323542
Merzenhausen,2022-08-08 13:00:00,42,val,0.152,0.17351887
Merzenhausen,2022-08-08 14:00:00,42,val,0.152,0.17385969
Merzenhausen,2022-08-08 15:00:00,42,val,0.152,0.17371131
Merzenhausen,2022-08-08 16:00:00,42,val,0.15,0.17356893
Merzenhausen,2022-08-08 17:00:00,42,val,0.149,0.17403238
Merzenhausen,2022-08-08 18:00:00,42,val,0.147,0.17458236
Merzenhausen,2022-08-08 19:00:00,42,val,0.152,0.17441203
Merzenhausen,2022-08-08 20:00:00,42,val,0.148,0.17411421
Merzenhausen,2022-08-08 21:00:00,42,val,0.147,0.17343631
Merzenhausen,2022-08-08 22:00:00,42,val,0.146,0.17264712
Merzenhausen,2022-08-08 23:00:00,42,val,0.145,0.17190808
Merzenhausen,2022-08-09 00:00:00,42,val,0.146,0.17102331
Merzenhausen,2022-08-09 01:00:00,42,val,0.144,0.16998903
Merzenhausen,2022-08-09 02:00:00,42,val,0.145,0.1686514
Merzenhausen,2022-08-09 03:00:00,42,val,0.145,0.1677385
Merzenhausen,2022-08-09 04:00:00,42,val,0.148,0.16627686
Merzenhausen,2022-08-09 05:00:00,42,val,0.145,0.16502786
Merzenhausen,2022-08-09 06:00:00,42,val,0.143,0.16483489
Merzenhausen,2022-08-09 07:00:00,42,val,0.144,0.16558252
Merzenhausen,2022-08-09 08:00:00,42,val,0.144,0.16656314
Merzenhausen,2022-08-09 09:00:00,42,val,0.146,0.16746826
Merzenhausen,2022-08-09 10:00:00,42,val,0.145,0.1679693
Merzenhausen,2022-08-09 11:00:00,42,val,0.146,0.16827635
Merzenhausen,2022-08-09 12:00:00,42,val,0.144,0.16852142
Merzenhausen,2022-08-09 13:00:00,42,val,0.145,0.16892818
Merzenhausen,2022-08-09 14:00:00,42,val,0.145,0.1693407
Merzenhausen,2022-08-09 15:00:00,42,val,0.146,0.16965196
Merzenhausen,2022-08-09 16:00:00,42,val,0.145,0.16998795
Merzenhausen,2022-08-09 17:00:00,42,val,0.143,0.17038547
Merzenhausen,2022-08-09 18:00:00,42,val,0.144,0.17019078
Merzenhausen,2022-08-09 19:00:00,42,val,0.146,0.16961023
Merzenhausen,2022-08-09 20:00:00,42,val,0.141,0.16871162
Merzenhausen,2022-08-09 21:00:00,42,val,0.14,0.16780826
Merzenhausen,2022-08-09 22:00:00,42,val,0.144,0.1672593
Merzenhausen,2022-08-09 23:00:00,42,val,0.145,0.1662525
Merzenhausen,2022-08-10 00:00:00,42,val,0.14,0.16545275
Merzenhausen,2022-08-10 01:00:00,42,val,0.14,0.16481707
Merzenhausen,2022-08-10 02:00:00,42,val,0.139,0.16390313
Merzenhausen,2022-08-10 03:00:00,42,val,0.143,0.16255018
Merzenhausen,2022-08-10 04:00:00,42,val,0.14,0.16127706
Merzenhausen,2022-08-10 05:00:00,42,val,0.137,0.16011557
Merzenhausen,2022-08-10 06:00:00,42,val,0.14,0.1605613
Merzenhausen,2022-08-10 07:00:00,42,val,0.137,0.16153787
Merzenhausen,2022-08-10 08:00:00,42,val,0.14,0.16245916
Merzenhausen,2022-08-10 09:00:00,42,val,0.143,0.16323529
Merzenhausen,2022-08-10 10:00:00,42,val,0.141,0.16361469
Merzenhausen,2022-08-10 11:00:00,42,val,0.14,0.16386083
Merzenhausen,2022-08-10 12:00:00,42,val,0.143,0.16354005
Merzenhausen,2022-08-10 13:00:00,42,val,0.142,0.16361247
Merzenhausen,2022-08-10 14:00:00,42,val,0.14,0.16388187
Merzenhausen,2022-08-10 15:00:00,42,val,0.142,0.16438386
Merzenhausen,2022-08-10 16:00:00,42,val,0.14,0.16464517
Merzenhausen,2022-08-10 17:00:00,42,val,0.142,0.16461095
Merzenhausen,2022-08-10 18:00:00,42,val,0.142,0.16412014
Merzenhausen,2022-08-10 19:00:00,42,val,0.141,0.16397098
Merzenhausen,2022-08-10 20:00:00,42,val,0.142,0.16348046
Merzenhausen,2022-08-10 21:00:00,42,val,0.141,0.16270918
Merzenhausen,2022-08-10 22:00:00,42,val,0.136,0.16176364
Merzenhausen,2022-08-10 23:00:00,42,val,0.138,0.16001128
Merzenhausen,2022-08-11 00:00:00,42,val,0.139,0.15837173
Merzenhausen,2022-08-11 01:00:00,42,val,0.136,0.1565861
Merzenhausen,2022-08-11 02:00:00,42,val,0.134,0.1549648
Merzenhausen,2022-08-11 03:00:00,42,val,0.133,0.15350962
Merzenhausen,2022-08-11 04:00:00,42,val,0.139,0.15281975
Merzenhausen,2022-08-11 05:00:00,42,val,0.136,0.15253796
Merzenhausen,2022-08-11 06:00:00,42,val,0.136,0.1533378
Merzenhausen,2022-08-11 07:00:00,42,val,0.136,0.15472604
Merzenhausen,2022-08-11 08:00:00,42,val,0.135,0.1560621
Merzenhausen,2022-08-11 09:00:00,42,val,0.134,0.15742381
Merzenhausen,2022-08-11 10:00:00,42,val,0.135,0.15825874
Merzenhausen,2022-08-11 11:00:00,42,val,0.139,0.15891719
Merzenhausen,2022-08-11 12:00:00,42,val,0.138,0.15918948
Merzenhausen,2022-08-11 13:00:00,42,val,0.139,0.15945832
Merzenhausen,2022-08-11 14:00:00,42,val,0.135,0.1598443
Merzenhausen,2022-08-11 15:00:00,42,val,0.139,0.16041255
Merzenhausen,2022-08-11 16:00:00,42,val,0.139,0.16090614
Merzenhausen,2022-08-11 17:00:00,42,val,0.139,0.16097851
Merzenhausen,2022-08-11 18:00:00,42,val,0.137,0.16108802
Merzenhausen,2022-08-11 19:00:00,42,val,0.136,0.16100138
Merzenhausen,2022-08-11 20:00:00,42,val,0.135,0.16016272
Merzenhausen,2022-08-11 21:00:00,42,val,0.137,0.15877032
Merzenhausen,2022-08-11 22:00:00,42,val,0.134,0.15848044
Merzenhausen,2022-08-11 23:00:00,42,val,0.135,0.15735652
Merzenhausen,2022-08-12 00:00:00,42,val,0.132,0.15545934
Merzenhausen,2022-08-12 01:00:00,42,val,0.134,0.15329993
Merzenhausen,2022-08-12 02:00:00,42,val,0.134,0.15130804
Merzenhausen,2022-08-12 03:00:00,42,val,0.131,0.15007754
Merzenhausen,2022-08-12 04:00:00,42,val,0.135,0.14898366
Merzenhausen,2022-08-12 05:00:00,42,val,0.132,0.14816737
Merzenhausen,2022-08-12 06:00:00,42,val,0.132,0.14900506
Merzenhausen,2022-08-12 07:00:00,42,val,0.135,0.1503166
Merzenhausen,2022-08-12 08:00:00,42,val,0.131,0.1518222
Merzenhausen,2022-08-12 09:00:00,42,val,0.134,0.15355138
Merzenhausen,2022-08-12 10:00:00,42,val,0.135,0.15484212
Merzenhausen,2022-08-12 11:00:00,42,val,0.134,0.1556457
Merzenhausen,2022-08-12 12:00:00,42,val,0.132,0.15653723
Merzenhausen,2022-08-12 13:00:00,42,val,0.137,0.15724881
Merzenhausen,2022-08-12 14:00:00,42,val,0.135,0.15759717
Merzenhausen,2022-08-12 15:00:00,42,val,0.134,0.15810433
Merzenhausen,2022-08-12 16:00:00,42,val,0.136,0.15834782
Merzenhausen,2022-08-12 17:00:00,42,val,0.136,0.15867117
Merzenhausen,2022-08-12 18:00:00,42,val,0.135,0.15901342
Merzenhausen,2022-08-12 19:00:00,42,val,0.133,0.15888387
Merzenhausen,2022-08-12 20:00:00,42,val,0.134,0.1584163
Merzenhausen,2022-08-12 21:00:00,42,val,0.131,0.15713236
Merzenhausen,2022-08-12 22:00:00,42,val,0.138,0.15516539
Merzenhausen,2022-08-12 23:00:00,42,val,0.134,0.1536665
Merzenhausen,2022-08-13 00:00:00,42,val,0.134,0.1523197
Merzenhausen,2022-08-13 01:00:00,42,val,0.131,0.15143028
Merzenhausen,2022-08-13 02:00:00,42,val,0.1385,0.15054476
Merzenhausen,2022-08-13 03:00:00,42,val,0.131,0.14892733
Merzenhausen,2022-08-13 04:00:00,42,val,0.133,0.14806226
Merzenhausen,2022-08-13 05:00:00,42,val,0.133,0.14733195
Merzenhausen,2022-08-13 06:00:00,42,val,0.13,0.1478057
Merzenhausen,2022-08-13 07:00:00,42,val,0.13,0.14924385
Merzenhausen,2022-08-13 08:00:00,42,val,0.13,0.15065584
Merzenhausen,2022-08-13 09:00:00,42,val,0.133,0.15150553
Merzenhausen,2022-08-13 10:00:00,42,val,0.131,0.15203844
Merzenhausen,2022-08-13 11:00:00,42,val,0.1395,0.15286162
Merzenhausen,2022-08-13 12:00:00,42,val,0.131,0.1537456
Merzenhausen,2022-08-13 13:00:00,42,val,0.131,0.15468752
Merzenhausen,2022-08-13 14:00:00,42,val,0.13,0.15496773
Merzenhausen,2022-08-13 15:00:00,42,val,0.13,0.15565342
Merzenhausen,2022-08-13 16:00:00,42,val,0.134,0.15644123
Merzenhausen,2022-08-13 17:00:00,42,val,0.131,0.15718773
Merzenhausen,2022-08-13 18:00:00,42,val,0.133,0.15744458
Merzenhausen,2022-08-13 19:00:00,42,val,0.13,0.15669137
Merzenhausen,2022-08-13 20:00:00,42,val,0.132,0.15464059
Merzenhausen,2022-08-13 21:00:00,42,val,0.132,0.15272662
Merzenhausen,2022-08-13 22:00:00,42,val,0.129,0.1505008
Merzenhausen,2022-08-13 23:00:00,42,val,0.131,0.14881203
Merzenhausen,2022-08-14 00:00:00,42,val,0.13,0.14729187
Merzenhausen,2022-08-14 01:00:00,42,val,0.128,0.1472145
Merzenhausen,2022-08-14 02:00:00,42,val,0.129,0.14761662
Merzenhausen,2022-08-14 03:00:00,42,val,0.129,0.1475622
Merzenhausen,2022-08-14 04:00:00,42,val,0.129,0.14760447
Merzenhausen,2022-08-14 05:00:00,42,val,0.129,0.1473883
Merzenhausen,2022-08-14 06:00:00,42,val,0.129,0.14797604
Merzenhausen,2022-08-14 07:00:00,42,val,0.129,0.14934918
Merzenhausen,2022-08-14 08:00:00,42,val,0.125,0.1502294
Merzenhausen,2022-08-14 09:00:00,42,val,0.13,0.15119413
Merzenhausen,2022-08-14 10:00:00,42,val,0.129,0.15220344
Merzenhausen,2022-08-14 11:00:00,42,val,0.13,0.15275669
Merzenhausen,2022-08-14 12:00:00,42,val,0.131,0.15273489
Merzenhausen,2022-08-14 13:00:00,42,val,0.13,0.15331532
Merzenhausen,2022-08-14 14:00:00,42,val,0.13,0.1538082
Merzenhausen,2022-08-14 15:00:00,42,val,0.13,0.15419403
Merzenhausen,2022-08-14 16:00:00,42,val,0.13,0.1546745
Merzenhausen,2022-08-14 17:00:00,42,val,0.13,0.15517013
Merzenhausen,2022-08-14 18:00:00,42,val,0.13,0.15532807
Merzenhausen,2022-08-14 19:00:00,42,val,0.131,0.15476954
Merzenhausen,2022-08-14 20:00:00,42,val,0.129,0.1538485
Merzenhausen,2022-08-14 21:00:00,42,val,0.128,0.15301266
Merzenhausen,2022-08-14 22:00:00,42,val,0.133,0.15300012
Merzenhausen,2022-08-14 23:00:00,42,val,0.129,0.15428786
Merzenhausen,2022-08-15 00:00:00,42,val,0.129,0.15568587
Merzenhausen,2022-08-15 01:00:00,42,val,0.13,0.15640531
Merzenhausen,2022-08-15 02:00:00,42,val,0.1315,0.15736532
Merzenhausen,2022-08-15 03:00:00,42,val,0.127,0.15712896
Merzenhausen,2022-08-15 04:00:00,42,val,0.129,0.15673804
Merzenhausen,2022-08-15 05:00:00,42,val,0.125,0.15625888
Merzenhausen,2022-08-15 06:00:00,42,val,0.1205,0.1553912
Merzenhausen,2022-08-15 07:00:00,42,val,0.125,0.15421718
Merzenhausen,2022-08-15 08:00:00,42,val,0.127,0.15328053
Merzenhausen,2022-08-15 09:00:00,42,val,0.128,0.15311973
Merzenhausen,2022-08-15 10:00:00,42,val,0.128,0.15311
Merzenhausen,2022-08-15 11:00:00,42,val,0.128,0.15443778
Merzenhausen,2022-08-15 12:00:00,42,val,0.128,0.15599166
Merzenhausen,2022-08-15 13:00:00,42,val,0.128,0.15616086
Merzenhausen,2022-08-15 14:00:00,42,val,0.128,0.15541655
Merzenhausen,2022-08-15 15:00:00,42,val,0.129,0.15419002
Merzenhausen,2022-08-15 16:00:00,42,val,0.129,0.15320428
Merzenhausen,2022-08-15 17:00:00,42,val,0.129,0.15216623
Merzenhausen,2022-08-15 18:00:00,42,val,0.129,0.15165716
Merzenhausen,2022-08-15 19:00:00,42,val,0.126,0.15091681
Merzenhausen,2022-08-15 20:00:00,42,val,0.128,0.15038317
Merzenhausen,2022-08-15 21:00:00,42,val,0.125,0.14997438
Merzenhausen,2022-08-15 22:00:00,42,val,0.13,0.14934656
Merzenhausen,2022-08-15 23:00:00,42,val,0.128,0.14887622
Merzenhausen,2022-08-16 00:00:00,42,val,0.125,0.14847836
Merzenhausen,2022-08-16 01:00:00,42,val,0.125,0.14765917
Merzenhausen,2022-08-16 02:00:00,42,val,0.127,0.14655356
Merzenhausen,2022-08-16 03:00:00,42,val,0.126,0.14565781
Merzenhausen,2022-08-16 04:00:00,42,val,0.126,0.1447646
Merzenhausen,2022-08-16 05:00:00,42,val,0.126,0.14394405
Merzenhausen,2022-08-16 06:00:00,42,val,0.126,0.14398748
Merzenhausen,2022-08-16 07:00:00,42,val,0.126,0.14462924
Merzenhausen,2022-08-16 08:00:00,42,val,0.127,0.14488082
Merzenhausen,2022-08-16 09:00:00,42,val,0.125,0.1457126
Merzenhausen,2022-08-16 10:00:00,42,val,0.128,0.14657634
Merzenhausen,2022-08-16 11:00:00,42,val,0.126,0.1474356
Merzenhausen,2022-08-16 12:00:00,42,val,0.127,0.14843267
Merzenhausen,2022-08-16 13:00:00,42,val,0.129,0.14927617
Merzenhausen,2022-08-16 14:00:00,42,val,0.129,0.14997959
Merzenhausen,2022-08-16 15:00:00,42,val,0.1225,0.15043977
Merzenhausen,2022-08-16 16:00:00,42,val,0.13,0.15073639
Merzenhausen,2022-08-16 17:00:00,42,val,0.13,0.15095118
Merzenhausen,2022-08-16 18:00:00,42,val,0.126,0.15076828
Merzenhausen,2022-08-16 19:00:00,42,val,0.128,0.15066326
Merzenhausen,2022-08-16 20:00:00,42,val,0.128,0.15020749
Merzenhausen,2022-08-16 21:00:00,42,val,0.121,0.14930743
Merzenhausen,2022-08-16 22:00:00,42,val,0.126,0.1495464
Merzenhausen,2022-08-16 23:00:00,42,val,0.125,0.14888152
Merzenhausen,2022-08-17 00:00:00,42,val,0.125,0.14802897
Merzenhausen,2022-08-17 01:00:00,42,val,0.127,0.1473729
Merzenhausen,2022-08-17 02:00:00,42,val,0.125,0.1467205
Merzenhausen,2022-08-17 03:00:00,42,val,0.126,0.14597523
Merzenhausen,2022-08-17 04:00:00,42,val,0.128,0.14563921
Merzenhausen,2022-08-17 05:00:00,42,val,0.124,0.14557473
Merzenhausen,2022-08-17 06:00:00,42,val,0.128,0.14467861
Merzenhausen,2022-08-17 07:00:00,42,val,0.126,0.14420345
Merzenhausen,2022-08-17 08:00:00,42,val,0.122,0.14433263
Merzenhausen,2022-08-17 09:00:00,42,val,0.125,0.14499402
Merzenhausen,2022-08-17 10:00:00,42,val,0.126,0.14828378
Merzenhausen,2022-08-17 11:00:00,42,val,0.129,0.15175036
Merzenhausen,2022-08-17 12:00:00,42,val,0.13,0.15265861
Merzenhausen,2022-08-17 13:00:00,42,val,0.127,0.1544037
Merzenhausen,2022-08-17 14:00:00,42,val,0.128,0.15454777
Merzenhausen,2022-08-17 15:00:00,42,val,0.128,0.15347978
Merzenhausen,2022-08-17 16:00:00,42,val,0.132,0.15202242
Merzenhausen,2022-08-17 17:00:00,42,val,0.123,0.1506575
Merzenhausen,2022-08-17 18:00:00,42,val,0.135,0.1493394
Merzenhausen,2022-08-17 19:00:00,42,val,0.129,0.14767858
Merzenhausen,2022-08-17 20:00:00,42,val,0.13,0.14641495
Merzenhausen,2022-08-17 21:00:00,42,val,0.128,0.14441842
Merzenhausen,2022-08-17 22:00:00,42,val,0.128,0.1434058
Merzenhausen,2022-08-17 23:00:00,42,val,0.1235,0.1425731
Merzenhausen,2022-08-18 00:00:00,42,val,0.125,0.14143127
Merzenhausen,2022-08-18 01:00:00,42,val,0.127,0.14023408
Merzenhausen,2022-08-18 02:00:00,42,val,0.129,0.13924235
Merzenhausen,2022-08-18 03:00:00,42,val,0.129,0.13847142
Merzenhausen,2022-08-18 04:00:00,42,val,0.126,0.1380755
Merzenhausen,2022-08-18 05:00:00,42,val,0.126,0.13800727
Merzenhausen,2022-08-18 06:00:00,42,val,0.126,0.13805059
Merzenhausen,2022-08-18 07:00:00,42,val,0.128,0.1381579
Merzenhausen,2022-08-18 08:00:00,42,val,0.126,0.13868497
Merzenhausen,2022-08-18 09:00:00,42,val,0.129,0.1392433
Merzenhausen,2022-08-18 10:00:00,42,val,0.127,0.14033706
Merzenhausen,2022-08-18 11:00:00,42,val,0.128,0.14132501
Merzenhausen,2022-08-18 12:00:00,42,val,0.131,0.14230715
Merzenhausen,2022-08-18 13:00:00,42,val,0.122,0.14339823
Merzenhausen,2022-08-18 14:00:00,42,val,0.125,0.1445249
Merzenhausen,2022-08-18 15:00:00,42,val,0.129,0.14450383
Merzenhausen,2022-08-18 16:00:00,42,val,0.129,0.14506856
Merzenhausen,2022-08-18 17:00:00,42,val,0.13,0.14600018
Merzenhausen,2022-08-18 18:00:00,42,val,0.1245,0.14641236
Merzenhausen,2022-08-18 19:00:00,42,val,0.132,0.1464538
Merzenhausen,2022-08-18 20:00:00,42,val,0.1245,0.14600188
Merzenhausen,2022-08-18 21:00:00,42,val,0.126,0.14408106
Merzenhausen,2022-08-18 22:00:00,42,val,0.131,0.14238009
Merzenhausen,2022-08-18 23:00:00,42,val,0.125,0.1410674
Merzenhausen,2022-08-19 00:00:00,42,val,0.116,0.13997462
Merzenhausen,2022-08-19 01:00:00,42,val,0.126,0.13943772
Merzenhausen,2022-08-19 02:00:00,42,val,0.128,0.13867489
Merzenhausen,2022-08-19 03:00:00,42,val,0.127,0.138417
Merzenhausen,2022-08-19 04:00:00,42,val,0.129,0.13849577
Merzenhausen,2022-08-19 05:00:00,42,val,0.126,0.13821913
Merzenhausen,2022-08-19 06:00:00,42,val,0.126,0.13856116
Merzenhausen,2022-08-19 07:00:00,42,val,0.125,0.13906246
Merzenhausen,2022-08-19 08:00:00,42,val,0.129,0.13930869
Merzenhausen,2022-08-19 09:00:00,42,val,0.128,0.13975462
Merzenhausen,2022-08-19 10:00:00,42,val,0.127,0.14047651
Merzenhausen,2022-08-19 11:00:00,42,val,0.129,0.14183158
Merzenhausen,2022-08-19 12:00:00,42,val,0.134,0.14344008
Merzenhausen,2022-08-19 13:00:00,42,val,0.131,0.14467412
Merzenhausen,2022-08-19 14:00:00,42,val,0.134,0.14570127
Merzenhausen,2022-08-19 15:00:00,42,val,0.131,0.14637884
Merzenhausen,2022-08-19 16:00:00,42,val,0.134,0.14741717
Merzenhausen,2022-08-19 17:00:00,42,val,0.131,0.1471509
Merzenhausen,2022-08-19 18:00:00,42,val,0.133,0.14809436
Merzenhausen,2022-08-19 19:00:00,42,val,0.133,0.14841315
Merzenhausen,2022-08-19 20:00:00,42,val,0.13,0.14821854
Merzenhausen,2022-08-19 21:00:00,42,val,0.143,0.14783163
Merzenhausen,2022-08-19 22:00:00,42,val,0.131,0.14751267
Merzenhausen,2022-08-19 23:00:00,42,val,0.131,0.1533387
Merzenhausen,2022-08-20 00:00:00,42,val,0.1355,0.16670364
Merzenhausen,2022-08-20 01:00:00,42,val,0.129,0.16764575
Merzenhausen,2022-08-20 02:00:00,42,val,0.13,0.16310525
Merzenhausen,2022-08-20 03:00:00,42,val,0.127,0.15926963
Merzenhausen,2022-08-20 04:00:00,42,val,0.131,0.15434287
Merzenhausen,2022-08-20 05:00:00,42,val,0.127,0.14916909
Merzenhausen,2022-08-20 06:00:00,42,val,0.129,0.14480925
Merzenhausen,2022-08-20 07:00:00,42,val,0.128,0.14214444
Merzenhausen,2022-08-20 08:00:00,42,val,0.13,0.14067835
Merzenhausen,2022-08-20 09:00:00,42,val,0.129,0.14066921
Merzenhausen,2022-08-20 10:00:00,42,val,0.113,0.14130586
Merzenhausen,2022-08-20 11:00:00,42,val,0.132,0.14241987
Merzenhausen,2022-08-20 12:00:00,42,val,0.131,0.14406723
Merzenhausen,2022-08-20 13:00:00,42,val,0.134,0.14437053
Merzenhausen,2022-08-20 14:00:00,42,val,0.135,0.14447053
Merzenhausen,2022-08-20 15:00:00,42,val,0.131,0.14500768
Merzenhausen,2022-08-20 16:00:00,42,val,0.134,0.14562386
Merzenhausen,2022-08-20 17:00:00,42,val,0.134,0.14638653
Merzenhausen,2022-08-20 18:00:00,42,val,0.135,0.1462594
Merzenhausen,2022-08-20 19:00:00,42,val,0.135,0.14626649
Merzenhausen,2022-08-20 20:00:00,42,val,0.134,0.1452123
Merzenhausen,2022-08-20 21:00:00,42,val,0.134,0.14366089
Merzenhausen,2022-08-20 22:00:00,42,val,0.135,0.1426558
Merzenhausen,2022-08-20 23:00:00,42,val,0.131,0.14115645
Merzenhausen,2022-08-21 00:00:00,42,val,0.1235,0.13813545
Merzenhausen,2022-08-21 01:00:00,42,val,0.13,0.13599169
Merzenhausen,2022-08-21 02:00:00,42,val,0.131,0.13467565
Merzenhausen,2022-08-21 03:00:00,42,val,0.1375,0.1339216
Merzenhausen,2022-08-21 04:00:00,42,val,0.133,0.13357195
Merzenhausen,2022-08-21 05:00:00,42,val,0.128,0.13301347
Merzenhausen,2022-08-21 06:00:00,42,val,0.128,0.13306752
Merzenhausen,2022-08-21 07:00:00,42,val,0.131,0.13361484
Merzenhausen,2022-08-21 08:00:00,42,val,0.131,0.13502218
Merzenhausen,2022-08-21 09:00:00,42,val,0.131,0.13657391
Merzenhausen,2022-08-21 10:00:00,42,val,0.134,0.1380336
Merzenhausen,2022-08-21 11:00:00,42,val,0.14,0.13962224
Merzenhausen,2022-08-21 12:00:00,42,val,0.1265,0.14192016
Merzenhausen,2022-08-21 13:00:00,42,val,0.137,0.14394242
Merzenhausen,2022-08-21 14:00:00,42,val,0.14,0.14603572
Merzenhausen,2022-08-21 15:00:00,42,val,0.134,0.14736788
Merzenhausen,2022-08-21 16:00:00,42,val,0.134,0.14856687
Merzenhausen,2022-08-21 17:00:00,42,val,0.1435,0.1491708
Merzenhausen,2022-08-21 18:00:00,42,val,0.135,0.14947668
Merzenhausen,2022-08-21 19:00:00,42,val,0.134,0.1495673
Merzenhausen,2022-08-21 20:00:00,42,val,0.135,0.14853948
Merzenhausen,2022-08-21 21:00:00,42,val,0.135,0.14925787
Merzenhausen,2022-08-21 22:00:00,42,val,0.132,0.14914037
Merzenhausen,2022-08-21 23:00:00,42,val,0.13,0.14837137
Merzenhausen,2022-08-22 00:00:00,42,val,0.1385,0.14745724
Merzenhausen,2022-08-22 01:00:00,42,val,0.135,0.14568698
Merzenhausen,2022-08-22 02:00:00,42,val,0.131,0.14359108
Merzenhausen,2022-08-22 03:00:00,42,val,0.132,0.14118597
Merzenhausen,2022-08-22 04:00:00,42,val,0.13,0.13945182
Merzenhausen,2022-08-22 05:00:00,42,val,0.1315,0.13748807
Merzenhausen,2022-08-22 06:00:00,42,val,0.129,0.1367635
Merzenhausen,2022-08-22 07:00:00,42,val,0.131,0.13723078
Merzenhausen,2022-08-22 08:00:00,42,val,0.132,0.1384121
Merzenhausen,2022-08-22 09:00:00,42,val,0.131,0.13958806
Merzenhausen,2022-08-22 10:00:00,42,val,0.134,0.13851956
Merzenhausen,2022-08-22 11:00:00,42,val,0.135,0.13928598
Merzenhausen,2022-08-22 12:00:00,42,val,0.134,0.1408942
Merzenhausen,2022-08-22 13:00:00,42,val,0.132,0.14322674
Merzenhausen,2022-08-22 14:00:00,42,val,0.133,0.14582026
Merzenhausen,2022-08-22 15:00:00,42,val,0.1405,0.14758864
Merzenhausen,2022-08-22 16:00:00,42,val,0.135,0.1492441
Merzenhausen,2022-08-22 17:00:00,42,val,0.138,0.15069024
Merzenhausen,2022-08-22 18:00:00,42,val,0.135,0.15183108
Merzenhausen,2022-08-22 19:00:00,42,val,0.132,0.15235588
Merzenhausen,2022-08-22 20:00:00,42,val,0.134,0.15187052
Merzenhausen,2022-08-22 21:00:00,42,val,0.133,0.15142211
Merzenhausen,2022-08-22 22:00:00,42,val,0.132,0.15103799
Merzenhausen,2022-08-22 23:00:00,42,val,0.13,0.14976433
Merzenhausen,2022-08-23 00:00:00,42,val,0.134,0.14722726
Merzenhausen,2022-08-23 01:00:00,42,val,0.131,0.14498508
Merzenhausen,2022-08-23 02:00:00,42,val,0.131,0.14323685
Merzenhausen,2022-08-23 03:00:00,42,val,0.132,0.14256458
Merzenhausen,2022-08-23 04:00:00,42,val,0.13,0.14213419
Merzenhausen,2022-08-23 05:00:00,42,val,0.127,0.14121103
Merzenhausen,2022-08-23 06:00:00,42,val,0.13,0.14121392
Merzenhausen,2022-08-23 07:00:00,42,val,0.131,0.1421642
Merzenhausen,2022-08-23 08:00:00,42,val,0.128,0.14348519
Merzenhausen,2022-08-23 09:00:00,42,val,0.131,0.14472362
Merzenhausen,2022-08-23 10:00:00,42,val,0.134,0.14620072
Merzenhausen,2022-08-23 11:00:00,42,val,0.132,0.14858732
Merzenhausen,2022-08-23 12:00:00,42,val,0.134,0.1492776
Merzenhausen,2022-08-23 13:00:00,42,val,0.132,0.15056399
Merzenhausen,2022-08-23 14:00:00,42,val,0.135,0.15255576
Merzenhausen,2022-08-23 15:00:00,42,val,0.134,0.15376997
Merzenhausen,2022-08-23 16:00:00,42,val,0.134,0.15432253
Merzenhausen,2022-08-23 17:00:00,42,val,0.135,0.15601909
Merzenhausen,2022-08-23 18:00:00,42,val,0.133,0.15659952
Merzenhausen,2022-08-23 19:00:00,42,val,0.13,0.15588266
Merzenhausen,2022-08-23 20:00:00,42,val,0.131,0.1542973
Merzenhausen,2022-08-23 21:00:00,42,val,0.131,0.15267363
Merzenhausen,2022-08-23 22:00:00,42,val,0.133,0.15100014
Merzenhausen,2022-08-23 23:00:00,42,val,0.13,0.14925331
Merzenhausen,2022-08-24 00:00:00,42,val,0.134,0.14915954
Merzenhausen,2022-08-24 01:00:00,42,val,0.13,0.14881489
Merzenhausen,2022-08-24 02:00:00,42,val,0.131,0.14793253
Merzenhausen,2022-08-24 03:00:00,42,val,0.134,0.14688432
Merzenhausen,2022-08-24 04:00:00,42,val,0.134,0.1453811
Merzenhausen,2022-08-24 05:00:00,42,val,0.131,0.14406046
Merzenhausen,2022-08-24 06:00:00,42,val,0.131,0.14367062
Merzenhausen,2022-08-24 07:00:00,42,val,0.131,0.1442419
Merzenhausen,2022-08-24 08:00:00,42,val,0.131,0.14561829
Merzenhausen,2022-08-24 09:00:00,42,val,0.131,0.1469121
Merzenhausen,2022-08-24 10:00:00,42,val,0.131,0.14830351
Merzenhausen,2022-08-24 11:00:00,42,val,0.131,0.14989445
Merzenhausen,2022-08-24 12:00:00,42,val,0.135,0.15110308
Merzenhausen,2022-08-24 13:00:00,42,val,0.135,0.15186521
Merzenhausen,2022-08-24 14:00:00,42,val,0.131,0.1524419
Merzenhausen,2022-08-24 15:00:00,42,val,0.131,0.15411757
Merzenhausen,2022-08-24 16:00:00,42,val,0.131,0.15530956
Merzenhausen,2022-08-24 17:00:00,42,val,0.134,0.1566197
Merzenhausen,2022-08-24 18:00:00,42,val,0.135,0.15704538
Merzenhausen,2022-08-24 19:00:00,42,val,0.131,0.15584019
Merzenhausen,2022-08-24 20:00:00,42,val,0.133,0.15446834
Merzenhausen,2022-08-24 21:00:00,42,val,0.13,0.15277714
Merzenhausen,2022-08-24 22:00:00,42,val,0.1365,0.15121338
Merzenhausen,2022-08-24 23:00:00,42,val,0.13,0.14953907
Merzenhausen,2022-08-25 00:00:00,42,val,0.13,0.14901216
Merzenhausen,2022-08-25 01:00:00,42,val,0.131,0.14876215
Merzenhausen,2022-08-25 02:00:00,42,val,0.127,0.14817253
Merzenhausen,2022-08-25 03:00:00,42,val,0.129,0.14765012
Merzenhausen,2022-08-25 04:00:00,42,val,0.131,0.14742365
Merzenhausen,2022-08-25 05:00:00,42,val,0.133,0.14642778
Merzenhausen,2022-08-25 06:00:00,42,val,0.128,0.14633274
Merzenhausen,2022-08-25 07:00:00,42,val,0.128,0.14717326
Merzenhausen,2022-08-25 08:00:00,42,val,0.128,0.14795604
Merzenhausen,2022-08-25 09:00:00,42,val,0.13,0.14903252
Merzenhausen,2022-08-25 10:00:00,42,val,0.13,0.15052992
Merzenhausen,2022-08-25 11:00:00,42,val,0.128,0.15164787
Merzenhausen,2022-08-25 12:00:00,42,val,0.131,0.15262571
Merzenhausen,2022-08-25 13:00:00,42,val,0.127,0.15325198
Merzenhausen,2022-08-25 14:00:00,42,val,0.127,0.1540309
Merzenhausen,2022-08-25 15:00:00,42,val,0.131,0.15466478
Merzenhausen,2022-08-25 16:00:00,42,val,0.131,0.15523696
Merzenhausen,2022-08-25 17:00:00,42,val,0.131,0.15594721
Merzenhausen,2022-08-25 18:00:00,42,val,0.129,0.15599696
Merzenhausen,2022-08-25 19:00:00,42,val,0.129,0.15504627
Merzenhausen,2022-08-25 20:00:00,42,val,0.133,0.153073
Merzenhausen,2022-08-25 21:00:00,42,val,0.128,0.15119898
Merzenhausen,2022-08-25 22:00:00,42,val,0.13,0.15111
Merzenhausen,2022-08-25 23:00:00,42,val,0.13,0.15098783
Merzenhausen,2022-08-26 00:00:00,42,val,0.13,0.15128557
Merzenhausen,2022-08-26 01:00:00,42,val,0.128,0.15137318
Merzenhausen,2022-08-26 02:00:00,42,val,0.127,0.15138087
Merzenhausen,2022-08-26 03:00:00,42,val,0.127,0.15176804
Merzenhausen,2022-08-26 04:00:00,42,val,0.129,0.15222532
Merzenhausen,2022-08-26 05:00:00,42,val,0.129,0.15210922
Merzenhausen,2022-08-26 06:00:00,42,val,0.129,0.15182605
Merzenhausen,2022-08-26 07:00:00,42,val,0.129,0.15151125
Merzenhausen,2022-08-26 08:00:00,42,val,0.129,0.15125775
Merzenhausen,2022-08-26 09:00:00,42,val,0.127,0.15114596
Merzenhausen,2022-08-26 10:00:00,42,val,0.128,0.15123114
Merzenhausen,2022-08-26 11:00:00,42,val,0.128,0.15147324
Merzenhausen,2022-08-26 12:00:00,42,val,0.131,0.15230179
Merzenhausen,2022-08-26 13:00:00,42,val,0.132,0.15328352
Merzenhausen,2022-08-26 14:00:00,42,val,0.131,0.15352139
Merzenhausen,2022-08-26 15:00:00,42,val,0.133,0.15323423
Merzenhausen,2022-08-26 16:00:00,42,val,0.133,0.15252635
Merzenhausen,2022-08-26 17:00:00,42,val,0.128,0.15210143
Merzenhausen,2022-08-26 18:00:00,42,val,0.13,0.15207887
Merzenhausen,2022-08-26 19:00:00,42,val,0.127,0.15149988
Merzenhausen,2022-08-26 20:00:00,42,val,0.129,0.15114611
Merzenhausen,2022-08-26 21:00:00,42,val,0.128,0.15040381
Merzenhausen,2022-08-26 22:00:00,42,val,0.127,0.15044561
Merzenhausen,2022-08-26 23:00:00,42,val,0.125,0.15012987
Merzenhausen,2022-08-27 00:00:00,42,val,0.13,0.14956494
Merzenhausen,2022-08-27 01:00:00,42,val,0.136,0.14886072
Merzenhausen,2022-08-27 02:00:00,42,val,0.129,0.14754978
Merzenhausen,2022-08-27 03:00:00,42,val,0.126,0.14617246
Merzenhausen,2022-08-27 04:00:00,42,val,0.126,0.14521694
Merzenhausen,2022-08-27 05:00:00,42,val,0.128,0.14476594
Merzenhausen,2022-08-27 06:00:00,42,val,0.125,0.14388135
Merzenhausen,2022-08-27 07:00:00,42,val,0.124,0.14306575
Merzenhausen,2022-08-27 08:00:00,42,val,0.126,0.14253663
Merzenhausen,2022-08-27 09:00:00,42,val,0.127,0.14252388
Merzenhausen,2022-08-27 10:00:00,42,val,0.128,0.14297321
Merzenhausen,2022-08-27 11:00:00,42,val,0.129,0.14344776
Merzenhausen,2022-08-27 12:00:00,42,val,0.128,0.14436983
Merzenhausen,2022-08-27 13:00:00,42,val,0.129,0.14482367
Merzenhausen,2022-08-27 14:00:00,42,val,0.129,0.1449247
Merzenhausen,2022-08-27 15:00:00,42,val,0.123,0.14544363
Merzenhausen,2022-08-27 16:00:00,42,val,0.127,0.14604168
Merzenhausen,2022-08-27 17:00:00,42,val,0.129,0.14657496
Merzenhausen,2022-08-27 18:00:00,42,val,0.129,0.14670631
Merzenhausen,2022-08-27 19:00:00,42,val,0.126,0.14658165
Merzenhausen,2022-08-27 20:00:00,42,val,0.1345,0.14701287
Merzenhausen,2022-08-27 21:00:00,42,val,0.129,0.14705338
Merzenhausen,2022-08-27 22:00:00,42,val,0.125,0.14708883
Merzenhausen,2022-08-27 23:00:00,42,val,0.1265,0.14716023
Merzenhausen,2022-08-28 00:00:00,42,val,0.126,0.14725827
Merzenhausen,2022-08-28 01:00:00,42,val,0.128,0.1468157
Merzenhausen,2022-08-28 02:00:00,42,val,0.127,0.14563233
Merzenhausen,2022-08-28 03:00:00,42,val,0.129,0.14404255
Merzenhausen,2022-08-28 04:00:00,42,val,0.126,0.14244066
Merzenhausen,2022-08-28 05:00:00,42,val,0.129,0.14115071
Merzenhausen,2022-08-28 06:00:00,42,val,0.125,0.14031483
Merzenhausen,2022-08-28 07:00:00,42,val,0.128,0.14010733
Merzenhausen,2022-08-28 08:00:00,42,val,0.125,0.14047214
Merzenhausen,2022-08-28 09:00:00,42,val,0.128,0.14091359
Merzenhausen,2022-08-28 10:00:00,42,val,0.129,0.14161672
Merzenhausen,2022-08-28 11:00:00,42,val,0.127,0.14236589
Merzenhausen,2022-08-28 12:00:00,42,val,0.123,0.14355074
Merzenhausen,2022-08-28 13:00:00,42,val,0.129,0.1449812
Merzenhausen,2022-08-28 14:00:00,42,val,0.132,0.14618263
Merzenhausen,2022-08-28 15:00:00,42,val,0.128,0.14757541
Merzenhausen,2022-08-28 16:00:00,42,val,0.128,0.14870057
Merzenhausen,2022-08-28 17:00:00,42,val,0.13,0.14878649
Merzenhausen,2022-08-28 18:00:00,42,val,0.127,0.14845356
Merzenhausen,2022-08-28 19:00:00,42,val,0.127,0.14721486
Merzenhausen,2022-08-28 20:00:00,42,val,0.13,0.14603181
Merzenhausen,2022-08-28 21:00:00,42,val,0.128,0.14484422
Merzenhausen,2022-08-28 22:00:00,42,val,0.144,0.14361323
Merzenhausen,2022-08-28 23:00:00,42,val,0.127,0.14190671
Merzenhausen,2022-08-29 00:00:00,42,val,0.125,0.14015602
Merzenhausen,2022-08-29 01:00:00,42,val,0.129,0.13880691
Merzenhausen,2022-08-29 02:00:00,42,val,0.126,0.1367777
Merzenhausen,2022-08-29 03:00:00,42,val,0.128,0.13448346
Merzenhausen,2022-08-29 04:00:00,42,val,0.125,0.1320134
Merzenhausen,2022-08-29 05:00:00,42,val,0.128,0.1300594
Merzenhausen,2022-08-29 06:00:00,42,val,0.129,0.12894166
Merzenhausen,2022-08-29 07:00:00,42,val,0.125,0.12877727
Merzenhausen,2022-08-29 08:00:00,42,val,0.125,0.12978444
Merzenhausen,2022-08-29 09:00:00,42,val,0.125,0.13128743
Merzenhausen,2022-08-29 10:00:00,42,val,0.125,0.13309531
Merzenhausen,2022-08-29 11:00:00,42,val,0.128,0.13520753
Merzenhausen,2022-08-29 12:00:00,42,val,0.124,0.1371472
Merzenhausen,2022-08-29 13:00:00,42,val,0.126,0.13906434
Merzenhausen,2022-08-29 14:00:00,42,val,0.125,0.14086893
Merzenhausen,2022-08-29 15:00:00,42,val,0.127,0.14152834
Merzenhausen,2022-08-29 16:00:00,42,val,0.127,0.14215747
Merzenhausen,2022-08-29 17:00:00,42,val,0.127,0.14315888
Merzenhausen,2022-08-29 18:00:00,42,val,0.125,0.1440439
Merzenhausen,2022-08-29 19:00:00,42,val,0.129,0.14408305
Merzenhausen,2022-08-29 20:00:00,42,val,0.126,0.14518146
Merzenhausen,2022-08-29 21:00:00,42,val,0.124,0.14568105
Merzenhausen,2022-08-29 22:00:00,42,val,0.128,0.14503947
Merzenhausen,2022-08-29 23:00:00,42,val,0.125,0.14406084
Merzenhausen,2022-08-30 00:00:00,42,val,0.127,0.14299089
Merzenhausen,2022-08-30 01:00:00,42,val,0.126,0.14201643
Merzenhausen,2022-08-30 02:00:00,42,val,0.126,0.14108741
Merzenhausen,2022-08-30 03:00:00,42,val,0.125,0.14019123
Merzenhausen,2022-08-30 04:00:00,42,val,0.125,0.13879646
Merzenhausen,2022-08-30 05:00:00,42,val,0.127,0.13793863
Merzenhausen,2022-08-30 06:00:00,42,val,0.125,0.1372202
Merzenhausen,2022-08-30 07:00:00,42,val,0.127,0.13775289
Merzenhausen,2022-08-30 08:00:00,42,val,0.125,0.13846487
Merzenhausen,2022-08-30 09:00:00,42,val,0.124,0.13956788
Merzenhausen,2022-08-30 10:00:00,42,val,0.122,0.14098498
Merzenhausen,2022-08-30 11:00:00,42,val,0.125,0.14218022
Merzenhausen,2022-08-30 12:00:00,42,val,0.126,0.14261824
Merzenhausen,2022-08-30 13:00:00,42,val,0.126,0.14360884
Merzenhausen,2022-08-30 14:00:00,42,val,0.126,0.14525928
Merzenhausen,2022-08-30 15:00:00,42,val,0.129,0.14654064
Merzenhausen,2022-08-30 16:00:00,42,val,0.127,0.14730519
Merzenhausen,2022-08-30 17:00:00,42,val,0.129,0.14798436
Merzenhausen,2022-08-30 18:00:00,42,val,0.125,0.14785111
Merzenhausen,2022-08-30 19:00:00,42,val,0.126,0.14749299
Merzenhausen,2022-08-30 20:00:00,42,val,0.128,0.1474956
Merzenhausen,2022-08-30 21:00:00,42,val,0.125,0.14742517
Merzenhausen,2022-08-30 22:00:00,42,val,0.127,0.149764
Merzenhausen,2022-08-30 23:00:00,42,val,0.125,0.14973456
Merzenhausen,2022-08-31 00:00:00,42,val,0.125,0.15221712
Merzenhausen,2022-08-31 01:00:00,42,val,0.122,0.1515135
Merzenhausen,2022-08-31 02:00:00,42,val,0.126,0.14902315
Merzenhausen,2022-08-31 03:00:00,42,val,0.126,0.15123841
Merzenhausen,2022-08-31 04:00:00,42,val,0.128,0.14970216
Merzenhausen,2022-08-31 05:00:00,42,val,0.124,0.14660934
Merzenhausen,2022-08-31 06:00:00,42,val,0.124,0.14416307
Merzenhausen,2022-08-31 07:00:00,42,val,0.124,0.14170927
Merzenhausen,2022-08-31 08:00:00,42,val,0.126,0.1449799
Merzenhausen,2022-08-31 09:00:00,42,val,0.125,0.15021884
Merzenhausen,2022-08-31 10:00:00,42,val,0.129,0.15031403
Merzenhausen,2022-08-31 11:00:00,42,val,0.126,0.1482949
Merzenhausen,2022-08-31 12:00:00,42,val,0.125,0.14544815
Merzenhausen,2022-08-31 13:00:00,42,val,0.125,0.14320144
Merzenhausen,2022-08-31 14:00:00,42,val,0.122,0.14168018
Merzenhausen,2022-08-31 15:00:00,42,val,0.13,0.14117838
Merzenhausen,2022-08-31 16:00:00,42,val,0.13,0.14135492
Merzenhausen,2022-08-31 17:00:00,42,val,0.126,0.14189205
Merzenhausen,2022-08-31 18:00:00,42,val,0.128,0.14213032
Merzenhausen,2022-08-31 19:00:00,42,val,0.127,0.14287981
Merzenhausen,2022-08-31 20:00:00,42,val,0.129,0.14318287
Merzenhausen,2022-08-31 21:00:00,42,val,0.126,0.14287625
Merzenhausen,2022-08-31 22:00:00,42,val,0.128,0.14274618
Merzenhausen,2022-08-31 23:00:00,42,val,0.127,0.14219576
Merzenhausen,2022-09-01 00:00:00,42,val,0.1185,0.14111766
Merzenhausen,2022-09-01 01:00:00,42,val,0.1295,0.14030702
Merzenhausen,2022-09-01 02:00:00,42,val,0.126,0.1388661
Merzenhausen,2022-09-01 03:00:00,42,val,0.128,0.13675916
Merzenhausen,2022-09-01 04:00:00,42,val,0.124,0.13468128
Merzenhausen,2022-09-01 05:00:00,42,val,0.124,0.13338463
Merzenhausen,2022-09-01 06:00:00,42,val,0.127,0.13277563
Merzenhausen,2022-09-01 07:00:00,42,val,0.127,0.13333043
Merzenhausen,2022-09-01 08:00:00,42,val,0.124,0.13422789
Merzenhausen,2022-09-01 09:00:00,42,val,0.126,0.13512649
Merzenhausen,2022-09-01 10:00:00,42,val,0.125,0.13581888
Merzenhausen,2022-09-01 11:00:00,42,val,0.123,0.13679129
Merzenhausen,2022-09-01 12:00:00,42,val,0.128,0.13799879
Merzenhausen,2022-09-01 13:00:00,42,val,0.134,0.13934208
Merzenhausen,2022-09-01 14:00:00,42,val,0.128,0.14066622
Merzenhausen,2022-09-01 15:00:00,42,val,0.13,0.14239746
Merzenhausen,2022-09-01 16:00:00,42,val,0.126,0.14375648
Merzenhausen,2022-09-01 17:00:00,42,val,0.126,0.14507797
Merzenhausen,2022-09-01 18:00:00,42,val,0.1345,0.14515686
Merzenhausen,2022-09-01 19:00:00,42,val,0.129,0.14429863
Merzenhausen,2022-09-01 20:00:00,42,val,0.129,0.14357468
Merzenhausen,2022-09-01 21:00:00,42,val,0.126,0.14269838
Merzenhausen,2022-09-01 22:00:00,42,val,0.128,0.1425181
Merzenhausen,2022-09-01 23:00:00,42,val,0.127,0.14314523
Merzenhausen,2022-09-02 00:00:00,42,val,0.125,0.14352714
Merzenhausen,2022-09-02 01:00:00,42,val,0.125,0.14322954
Merzenhausen,2022-09-02 02:00:00,42,val,0.126,0.14279258
Merzenhausen,2022-09-02 03:00:00,42,val,0.124,0.1423524
Merzenhausen,2022-09-02 04:00:00,42,val,0.124,0.14187583
Merzenhausen,2022-09-02 05:00:00,42,val,0.125,0.14090648
Merzenhausen,2022-09-02 06:00:00,42,val,0.123,0.140113
Merzenhausen,2022-09-02 07:00:00,42,val,0.125,0.13966206
Merzenhausen,2022-09-02 08:00:00,42,val,0.126,0.13992682
Merzenhausen,2022-09-02 09:00:00,42,val,0.125,0.14056638
Merzenhausen,2022-09-02 10:00:00,42,val,0.128,0.1418898
Merzenhausen,2022-09-02 11:00:00,42,val,0.125,0.14298025
Merzenhausen,2022-09-02 12:00:00,42,val,0.126,0.14360794
Merzenhausen,2022-09-02 13:00:00,42,val,0.127,0.14397937
Merzenhausen,2022-09-02 14:00:00,42,val,0.127,0.14385898
Merzenhausen,2022-09-02 15:00:00,42,val,0.132,0.14473027
Merzenhausen,2022-09-02 16:00:00,42,val,0.1235,0.14593151
Merzenhausen,2022-09-02 17:00:00,42,val,0.127,0.1464373
Merzenhausen,2022-09-02 18:00:00,42,val,0.131,0.14665657
Merzenhausen,2022-09-02 19:00:00,42,val,0.13,0.14639752
Merzenhausen,2022-09-02 20:00:00,42,val,0.135,0.14587066
Merzenhausen,2022-09-02 21:00:00,42,val,0.1205,0.14514604
Merzenhausen,2022-09-02 22:00:00,42,val,0.129,0.14438696
Merzenhausen,2022-09-02 23:00:00,42,val,0.126,0.14377958
Merzenhausen,2022-09-03 00:00:00,42,val,0.135,0.14204583
Merzenhausen,2022-09-03 01:00:00,42,val,0.125,0.14134675
Merzenhausen,2022-09-03 02:00:00,42,val,0.125,0.14060041
Merzenhausen,2022-09-03 03:00:00,42,val,0.126,0.14015597
Merzenhausen,2022-09-03 04:00:00,42,val,0.124,0.13945228
Merzenhausen,2022-09-03 05:00:00,42,val,0.125,0.13861188
Merzenhausen,2022-09-03 06:00:00,42,val,0.125,0.13814428
Merzenhausen,2022-09-03 07:00:00,42,val,0.123,0.13825023
Merzenhausen,2022-09-03 08:00:00,42,val,0.124,0.13852364
Merzenhausen,2022-09-03 09:00:00,42,val,0.127,0.13917461
Merzenhausen,2022-09-03 10:00:00,42,val,0.124,0.1398629
Merzenhausen,2022-09-03 11:00:00,42,val,0.129,0.14025342
Merzenhausen,2022-09-03 12:00:00,42,val,0.123,0.14130175
Merzenhausen,2022-09-03 13:00:00,42,val,0.129,0.14344728
Merzenhausen,2022-09-03 14:00:00,42,val,0.129,0.14497419
Merzenhausen,2022-09-03 15:00:00,42,val,0.127,0.14619395
Merzenhausen,2022-09-03 16:00:00,42,val,0.129,0.14649245
Merzenhausen,2022-09-03 17:00:00,42,val,0.125,0.14678217
Merzenhausen,2022-09-03 18:00:00,42,val,0.129,0.14759053
Merzenhausen,2022-09-03 19:00:00,42,val,0.126,0.14732441
Merzenhausen,2022-09-03 20:00:00,42,val,0.128,0.14651403
Merzenhausen,2022-09-03 21:00:00,42,val,0.125,0.1449208
Merzenhausen,2022-09-03 22:00:00,42,val,0.135,0.14346696
Merzenhausen,2022-09-03 23:00:00,42,val,0.125,0.141913
Merzenhausen,2022-09-04 00:00:00,42,val,0.126,0.14024886
Merzenhausen,2022-09-04 01:00:00,42,val,0.124,0.13885146
Merzenhausen,2022-09-04 02:00:00,42,val,0.1335,0.13755319
Merzenhausen,2022-09-04 03:00:00,42,val,0.123,0.13610128
Merzenhausen,2022-09-04 04:00:00,42,val,0.125,0.1345712
Merzenhausen,2022-09-04 05:00:00,42,val,0.125,0.13341236
Merzenhausen,2022-09-04 06:00:00,42,val,0.126,0.13270292
Merzenhausen,2022-09-04 07:00:00,42,val,0.126,0.13341372
Merzenhausen,2022-09-04 08:00:00,42,val,0.125,0.13504066
Merzenhausen,2022-09-04 09:00:00,42,val,0.123,0.13664868
Merzenhausen,2022-09-04 10:00:00,42,val,0.133,0.13856018
Merzenhausen,2022-09-04 11:00:00,42,val,0.125,0.13999073
Merzenhausen,2022-09-04 12:00:00,42,val,0.126,0.14135036
Merzenhausen,2022-09-04 13:00:00,42,val,0.129,0.142777
Merzenhausen,2022-09-04 14:00:00,42,val,0.127,0.14409982
Merzenhausen,2022-09-04 15:00:00,42,val,0.128,0.14600563
Merzenhausen,2022-09-04 16:00:00,42,val,0.128,0.14667255
Merzenhausen,2022-09-04 17:00:00,42,val,0.1315,0.14730185
Merzenhausen,2022-09-04 18:00:00,42,val,0.127,0.14796197
Merzenhausen,2022-09-04 19:00:00,42,val,0.126,0.14789191
Merzenhausen,2022-09-04 20:00:00,42,val,0.124,0.14836538
Merzenhausen,2022-09-04 21:00:00,42,val,0.128,0.1465757
Merzenhausen,2022-09-04 22:00:00,42,val,0.125,0.14544013
Merzenhausen,2022-09-04 23:00:00,42,val,0.206,0.14409018
Merzenhausen,2022-09-05 00:00:00,42,val,0.216,0.14333388
Merzenhausen,2022-09-05 01:00:00,42,val,0.239,0.14165416
Merzenhausen,2022-09-05 02:00:00,42,val,0.24,0.13957001
Merzenhausen,2022-09-05 03:00:00,42,val,0.238,0.13745676
Merzenhausen,2022-09-05 04:00:00,42,val,0.238,0.13563854
Merzenhausen,2022-09-05 05:00:00,42,val,0.234,0.13406903
Merzenhausen,2022-09-05 06:00:00,42,val,0.233,0.13329417
Merzenhausen,2022-09-05 07:00:00,42,val,0.233,0.1335538
Merzenhausen,2022-09-05 08:00:00,42,val,0.234,0.13462046
Merzenhausen,2022-09-05 09:00:00,42,val,0.232,0.13650855
Merzenhausen,2022-09-05 10:00:00,42,val,0.235,0.1381292
Merzenhausen,2022-09-05 11:00:00,42,val,0.238,0.140161
Merzenhausen,2022-09-05 12:00:00,42,val,0.238,0.14144875
Merzenhausen,2022-09-05 13:00:00,42,val,0.235,0.14312142
Merzenhausen,2022-09-05 14:00:00,42,val,0.238,0.14491889
Merzenhausen,2022-09-05 15:00:00,42,val,0.235,0.14628507
Merzenhausen,2022-09-05 16:00:00,42,val,0.235,0.1475982
Merzenhausen,2022-09-05 17:00:00,42,val,0.236,0.14789855
Merzenhausen,2022-09-05 18:00:00,42,val,0.233,0.14817074
Merzenhausen,2022-09-05 19:00:00,42,val,0.233,0.14771369
Merzenhausen,2022-09-05 20:00:00,42,val,0.233,0.14727458
Merzenhausen,2022-09-05 21:00:00,42,val,0.232,0.14653149
Merzenhausen,2022-09-05 22:00:00,42,val,0.232,0.147769
Merzenhausen,2022-09-05 23:00:00,42,val,0.232,0.14803767
Merzenhausen,2022-09-06 00:00:00,42,val,0.231,0.1476889
Merzenhausen,2022-09-06 01:00:00,42,val,0.23,0.14862059
Merzenhausen,2022-09-06 02:00:00,42,val,0.2465,0.148564
Merzenhausen,2022-09-06 03:00:00,42,val,0.229,0.14639577
Merzenhausen,2022-09-06 04:00:00,42,val,0.227,0.14388171
Merzenhausen,2022-09-06 05:00:00,42,val,0.229,0.14144221
Merzenhausen,2022-09-06 06:00:00,42,val,0.234,0.1401006
Merzenhausen,2022-09-06 07:00:00,42,val,0.286,0.13991386
Merzenhausen,2022-09-06 08:00:00,42,val,0.301,0.14039958
Merzenhausen,2022-09-06 09:00:00,42,val,0.303,0.14105856
Merzenhausen,2022-09-06 10:00:00,42,val,0.301,0.14314175
Merzenhausen,2022-09-06 11:00:00,42,val,0.3,0.14447337
Merzenhausen,2022-09-06 12:00:00,42,val,0.298,0.1455146
Merzenhausen,2022-09-06 13:00:00,42,val,0.298,0.14679852
Merzenhausen,2022-09-06 14:00:00,42,val,0.295,0.14774111
Merzenhausen,2022-09-06 15:00:00,42,val,0.293,0.14866582
Merzenhausen,2022-09-06 16:00:00,42,val,0.291,0.14949772
Merzenhausen,2022-09-06 17:00:00,42,val,0.291,0.15073091
Merzenhausen,2022-09-06 18:00:00,42,val,0.288,0.15083954
Merzenhausen,2022-09-06 19:00:00,42,val,0.288,0.14999703
Merzenhausen,2022-09-06 20:00:00,42,val,0.289,0.1486899
Merzenhausen,2022-09-06 21:00:00,42,val,0.287,0.14831778
Merzenhausen,2022-09-06 22:00:00,42,val,0.285,0.14765882
Merzenhausen,2022-09-06 23:00:00,42,val,0.287,0.1784302
Merzenhausen,2022-09-07 00:00:00,42,val,0.284,0.20969011
Merzenhausen,2022-09-07 01:00:00,42,val,0.285,0.22773956
Merzenhausen,2022-09-07 02:00:00,42,val,0.284,0.23549627
Merzenhausen,2022-09-07 03:00:00,42,val,0.285,0.23730165
Merzenhausen,2022-09-07 04:00:00,42,val,0.282,0.23606078
Merzenhausen,2022-09-07 05:00:00,42,val,0.282,0.23360974
Merzenhausen,2022-09-07 06:00:00,42,val,0.283,0.23062542
Merzenhausen,2022-09-07 07:00:00,42,val,0.279,0.22815895
Merzenhausen,2022-09-07 08:00:00,42,val,0.28,0.23229983
Merzenhausen,2022-09-07 09:00:00,42,val,0.28,0.23244357
Merzenhausen,2022-09-07 10:00:00,42,val,0.279,0.2312017
Merzenhausen,2022-09-07 11:00:00,42,val,0.28,0.23008059
Merzenhausen,2022-09-07 12:00:00,42,val,0.279,0.22938313
Merzenhausen,2022-09-07 13:00:00,42,val,0.279,0.22870243
Merzenhausen,2022-09-07 14:00:00,42,val,0.279,0.22865263
Merzenhausen,2022-09-07 15:00:00,42,val,0.279,0.22849974
Merzenhausen,2022-09-07 16:00:00,42,val,0.276,0.22832459
Merzenhausen,2022-09-07 17:00:00,42,val,0.279,0.2282312
Merzenhausen,2022-09-07 18:00:00,42,val,0.277,0.22734095
Merzenhausen,2022-09-07 19:00:00,42,val,0.277,0.2259406
Merzenhausen,2022-09-07 20:00:00,42,val,0.277,0.22440663
Merzenhausen,2022-09-07 21:00:00,42,val,0.278,0.22277349
Merzenhausen,2022-09-07 22:00:00,42,val,0.275,0.22156413
Merzenhausen,2022-09-07 23:00:00,42,val,0.274,0.2210833
Merzenhausen,2022-09-08 00:00:00,42,val,0.275,0.22099727
Merzenhausen,2022-09-08 01:00:00,42,val,0.272,0.22062413
Merzenhausen,2022-09-08 02:00:00,42,val,0.273,0.22225471
Merzenhausen,2022-09-08 03:00:00,42,val,0.276,0.22327024
Merzenhausen,2022-09-08 04:00:00,42,val,0.272,0.23219174
Merzenhausen,2022-09-08 05:00:00,42,val,0.273,0.23820646
Merzenhausen,2022-09-08 06:00:00,42,val,0.273,0.24410051
Merzenhausen,2022-09-08 07:00:00,42,val,0.27,0.25348452
Merzenhausen,2022-09-08 08:00:00,42,val,0.27,0.25915873
Merzenhausen,2022-09-08 09:00:00,42,val,0.269,0.2624793
Merzenhausen,2022-09-08 10:00:00,42,val,0.269,0.26439682
Merzenhausen,2022-09-08 11:00:00,42,val,0.269,0.26532787
Merzenhausen,2022-09-08 12:00:00,42,val,0.273,0.26545128
Merzenhausen,2022-09-08 13:00:00,42,val,0.275,0.26511252
Merzenhausen,2022-09-08 14:00:00,42,val,0.278,0.2643558
Merzenhausen,2022-09-08 15:00:00,42,val,0.28,0.2632095
Merzenhausen,2022-09-08 16:00:00,42,val,0.28,0.2617467
Merzenhausen,2022-09-08 17:00:00,42,val,0.287,0.2604374
Merzenhausen,2022-09-08 18:00:00,42,val,0.287,0.25871417
Merzenhausen,2022-09-08 19:00:00,42,val,0.29,0.25710478
Merzenhausen,2022-09-08 20:00:00,42,val,0.291,0.25593585
Merzenhausen,2022-09-08 21:00:00,42,val,0.291,0.25520307
Merzenhausen,2022-09-08 22:00:00,42,val,0.288,0.2549732
Merzenhausen,2022-09-08 23:00:00,42,val,0.289,0.25775406
Merzenhausen,2022-09-09 00:00:00,42,val,0.29,0.25742358
Merzenhausen,2022-09-09 01:00:00,42,val,0.289,0.255748
Merzenhausen,2022-09-09 02:00:00,42,val,0.286,0.25417137
Merzenhausen,2022-09-09 03:00:00,42,val,0.286,0.25319147
Merzenhausen,2022-09-09 04:00:00,42,val,0.289,0.2519677
Merzenhausen,2022-09-09 05:00:00,42,val,0.286,0.25093538
Merzenhausen,2022-09-09 06:00:00,42,val,0.287,0.25031114
Merzenhausen,2022-09-09 07:00:00,42,val,0.287,0.24982274
Merzenhausen,2022-09-09 08:00:00,42,val,0.287,0.24949583
Merzenhausen,2022-09-09 09:00:00,42,val,0.287,0.24946328
Merzenhausen,2022-09-09 10:00:00,42,val,0.286,0.24947283
Merzenhausen,2022-09-09 11:00:00,42,val,0.286,0.24961407
Merzenhausen,2022-09-09 12:00:00,42,val,0.287,0.24978477
Merzenhausen,2022-09-09 13:00:00,42,val,0.286,0.25004312
Merzenhausen,2022-09-09 14:00:00,42,val,0.286,0.25085574
Merzenhausen,2022-09-09 15:00:00,42,val,0.283,0.25157696
Merzenhausen,2022-09-09 16:00:00,42,val,0.2815,0.2513448
Merzenhausen,2022-09-09 17:00:00,42,val,0.286,0.25103855
Merzenhausen,2022-09-09 18:00:00,42,val,0.284,0.25501785
Merzenhausen,2022-09-09 19:00:00,42,val,0.283,0.25542122
Merzenhausen,2022-09-09 20:00:00,42,val,0.281,0.25403407
Merzenhausen,2022-09-09 21:00:00,42,val,0.284,0.25220042
Merzenhausen,2022-09-09 22:00:00,42,val,0.282,0.2502671
Merzenhausen,2022-09-09 23:00:00,42,val,0.282,0.24835534
Merzenhausen,2022-09-10 00:00:00,42,val,0.279,0.24707574
Merzenhausen,2022-09-10 01:00:00,42,val,0.282,0.24601357
Merzenhausen,2022-09-10 02:00:00,42,val,0.279,0.24513006
Merzenhausen,2022-09-10 03:00:00,42,val,0.277,0.24475114
Merzenhausen,2022-09-10 04:00:00,42,val,0.275,0.24433461
Merzenhausen,2022-09-10 05:00:00,42,val,0.277,0.24453959
Merzenhausen,2022-09-10 06:00:00,42,val,0.274,0.24456523
Merzenhausen,2022-09-10 07:00:00,42,val,0.275,0.24416718
Merzenhausen,2022-09-10 08:00:00,42,val,0.274,0.24427187
Merzenhausen,2022-09-10 09:00:00,42,val,0.274,0.24447212
Merzenhausen,2022-09-10 10:00:00,42,val,0.274,0.24477968
Merzenhausen,2022-09-10 11:00:00,42,val,0.274,0.24467973
Merzenhausen,2022-09-10 12:00:00,42,val,0.274,0.24660845
Merzenhausen,2022-09-10 13:00:00,42,val,0.276,0.25357294
Merzenhausen,2022-09-10 14:00:00,42,val,0.276,0.25597298
Merzenhausen,2022-09-10 15:00:00,42,val,0.276,0.2560922
Merzenhausen,2022-09-10 16:00:00,42,val,0.277,0.2602384
Merzenhausen,2022-09-10 17:00:00,42,val,0.273,0.26111084
Merzenhausen,2022-09-10 18:00:00,42,val,0.274,0.2601735
Merzenhausen,2022-09-10 19:00:00,42,val,0.274,0.25874496
Merzenhausen,2022-09-10 20:00:00,42,val,0.271,0.25756663
Merzenhausen,2022-09-10 21:00:00,42,val,0.272,0.25685096
Merzenhausen,2022-09-10 22:00:00,42,val,0.271,0.2561803
Merzenhausen,2022-09-10 23:00:00,42,val,0.268,0.25551975
Merzenhausen,2022-09-11 00:00:00,42,val,0.27,0.25499257
Merzenhausen,2022-09-11 01:00:00,42,val,0.269,0.25446153
Merzenhausen,2022-09-11 02:00:00,42,val,0.27,0.25379807
Merzenhausen,2022-09-11 03:00:00,42,val,0.27,0.25337717
Merzenhausen,2022-09-11 04:00:00,42,val,0.267,0.2531598
Merzenhausen,2022-09-11 05:00:00,42,val,0.269,0.25277296
Merzenhausen,2022-09-11 06:00:00,42,val,0.269,0.25251248
Merzenhausen,2022-09-11 07:00:00,42,val,0.27,0.25248998
Merzenhausen,2022-09-11 08:00:00,42,val,0.27,0.2526757
Merzenhausen,2022-09-11 09:00:00,42,val,0.269,0.2531826
Merzenhausen,2022-09-11 10:00:00,42,val,0.266,0.25362608
Merzenhausen,2022-09-11 11:00:00,42,val,0.269,0.25411743
Merzenhausen,2022-09-11 12:00:00,42,val,0.269,0.25454694
Merzenhausen,2022-09-11 13:00:00,42,val,0.268,0.25481611
Merzenhausen,2022-09-11 14:00:00,42,val,0.269,0.25502443
Merzenhausen,2022-09-11 15:00:00,42,val,0.269,0.25482494
Merzenhausen,2022-09-11 16:00:00,42,val,0.266,0.2543207
Merzenhausen,2022-09-11 17:00:00,42,val,0.266,0.25427872
Merzenhausen,2022-09-11 18:00:00,42,val,0.269,0.2537519
Merzenhausen,2022-09-11 19:00:00,42,val,0.265,0.25252074
Merzenhausen,2022-09-11 20:00:00,42,val,0.269,0.2510768
Merzenhausen,2022-09-11 21:00:00,42,val,0.271,0.2500953
Merzenhausen,2022-09-11 22:00:00,42,val,0.274,0.24920821
Merzenhausen,2022-09-11 23:00:00,42,val,0.274,0.24831565
Merzenhausen,2022-09-12 00:00:00,42,val,0.274,0.2472787
Merzenhausen,2022-09-12 01:00:00,42,val,0.277,0.24662225
Merzenhausen,2022-09-12 02:00:00,42,val,0.278,0.24608973
Merzenhausen,2022-09-12 03:00:00,42,val,0.281,0.24500148
Merzenhausen,2022-09-12 04:00:00,42,val,0.285,0.24394435
Merzenhausen,2022-09-12 05:00:00,42,val,0.287,0.24316801
Merzenhausen,2022-09-12 06:00:00,42,val,0.291,0.24277483
Merzenhausen,2022-09-12 07:00:00,42,val,0.3625,0.24317273
Merzenhausen,2022-09-12 08:00:00,42,val,0.37,0.2446253
Merzenhausen,2022-09-12 09:00:00,42,val,0.363,0.24572575
Merzenhausen,2022-09-12 10:00:00,42,val,0.363,0.24641179
Merzenhausen,2022-09-12 11:00:00,42,val,0.364,0.24676134
Merzenhausen,2022-09-12 12:00:00,42,val,0.363,0.24687567
Merzenhausen,2022-09-12 13:00:00,42,val,0.361,0.24715027
Merzenhausen,2022-09-12 14:00:00,42,val,0.357,0.2476404
Merzenhausen,2022-09-12 15:00:00,42,val,0.358,0.248094
Merzenhausen,2022-09-12 16:00:00,42,val,0.358,0.24873799
Merzenhausen,2022-09-12 17:00:00,42,val,0.357,0.24890763
Merzenhausen,2022-09-12 18:00:00,42,val,0.354,0.24841669
Merzenhausen,2022-09-12 19:00:00,42,val,0.351,0.2475332
Merzenhausen,2022-09-12 20:00:00,42,val,0.349,0.24627668
Merzenhausen,2022-09-12 21:00:00,42,val,0.344,0.24537821
Merzenhausen,2022-09-12 22:00:00,42,val,0.346,0.24469776
Merzenhausen,2022-09-12 23:00:00,42,val,0.344,0.24395704
Merzenhausen,2022-09-13 00:00:00,42,val,0.341,0.24352708
Merzenhausen,2022-09-13 01:00:00,42,val,0.341,0.24345042
Merzenhausen,2022-09-13 02:00:00,42,val,0.339,0.24338362
Merzenhausen,2022-09-13 03:00:00,42,val,0.336,0.2436134
Merzenhausen,2022-09-13 04:00:00,42,val,0.336,0.24329786
Merzenhausen,2022-09-13 05:00:00,42,val,0.333,0.24308929
Merzenhausen,2022-09-13 06:00:00,42,val,0.333,0.24291527
Merzenhausen,2022-09-13 07:00:00,42,val,0.333,0.24323457
Merzenhausen,2022-09-13 08:00:00,42,val,0.331,0.24391504
Merzenhausen,2022-09-13 09:00:00,42,val,0.329,0.24456698
Merzenhausen,2022-09-13 10:00:00,42,val,0.33,0.24459341
Merzenhausen,2022-09-13 11:00:00,42,val,0.328,0.24470724
Merzenhausen,2022-09-13 12:00:00,42,val,0.329,0.2449459
Merzenhausen,2022-09-13 13:00:00,42,val,0.326,0.24516295
Merzenhausen,2022-09-13 14:00:00,42,val,0.326,0.245523
Merzenhausen,2022-09-13 15:00:00,42,val,0.324,0.24592847
Merzenhausen,2022-09-13 16:00:00,42,val,0.324,0.24590826
Merzenhausen,2022-09-13 17:00:00,42,val,0.323,0.24591029
Merzenhausen,2022-09-13 18:00:00,42,val,0.326,0.2480463
Merzenhausen,2022-09-13 19:00:00,42,val,0.323,0.25227517
Merzenhausen,2022-09-13 20:00:00,42,val,0.321,0.256866
Merzenhausen,2022-09-13 21:00:00,42,val,0.319,0.2579508
Merzenhausen,2022-09-13 22:00:00,42,val,0.321,0.26033014
Merzenhausen,2022-09-13 23:00:00,42,val,0.318,0.26312014
Merzenhausen,2022-09-14 00:00:00,42,val,0.316,0.26175672
Merzenhausen,2022-09-14 01:00:00,42,val,0.318,0.25847027
Merzenhausen,2022-09-14 02:00:00,42,val,0.316,0.25602648
Merzenhausen,2022-09-14 03:00:00,42,val,0.316,0.25539845
Merzenhausen,2022-09-14 04:00:00,42,val,0.314,0.25469166
Merzenhausen,2022-09-14 05:00:00,42,val,0.314,0.25654435
Merzenhausen,2022-09-14 06:00:00,42,val,0.313,0.26485884
Merzenhausen,2022-09-14 07:00:00,42,val,0.314,0.2809003
Merzenhausen,2022-09-14 08:00:00,42,val,0.313,0.2951172
Merzenhausen,2022-09-14 09:00:00,42,val,0.313,0.30091956
Merzenhausen,2022-09-14 10:00:00,42,val,0.313,0.30567324
Merzenhausen,2022-09-14 11:00:00,42,val,0.314,0.30785164
Merzenhausen,2022-09-14 12:00:00,42,val,0.311,0.3069742
Merzenhausen,2022-09-14 13:00:00,42,val,0.311,0.30485025
Merzenhausen,2022-09-14 14:00:00,42,val,0.314,0.30437142
Merzenhausen,2022-09-14 15:00:00,42,val,0.316,0.30333894
Merzenhausen,2022-09-14 16:00:00,42,val,0.32,0.30094448
Merzenhausen,2022-09-14 17:00:00,42,val,0.326,0.29832724
Merzenhausen,2022-09-14 18:00:00,42,val,0.324,0.2956885
Merzenhausen,2022-09-14 19:00:00,42,val,0.327,0.29317534
Merzenhausen,2022-09-14 20:00:00,42,val,0.327,0.29094696
Merzenhausen,2022-09-14 21:00:00,42,val,0.327,0.2888782
Merzenhausen,2022-09-14 22:00:00,42,val,0.326,0.28732708
Merzenhausen,2022-09-14 23:00:00,42,val,0.327,0.28607804
Merzenhausen,2022-09-15 00:00:00,42,val,0.324,0.28509068
Merzenhausen,2022-09-15 01:00:00,42,val,0.326,0.2843264
Merzenhausen,2022-09-15 02:00:00,42,val,0.326,0.28348646
Merzenhausen,2022-09-15 03:00:00,42,val,0.324,0.28236103
Merzenhausen,2022-09-15 04:00:00,42,val,0.325,0.2813511
Merzenhausen,2022-09-15 05:00:00,42,val,0.326,0.28041983
Merzenhausen,2022-09-15 06:00:00,42,val,0.323,0.27981588
Merzenhausen,2022-09-15 07:00:00,42,val,0.323,0.2796091
Merzenhausen,2022-09-15 08:00:00,42,val,0.323,0.27954394
Merzenhausen,2022-09-15 09:00:00,42,val,0.324,0.27950644
Merzenhausen,2022-09-15 10:00:00,42,val,0.321,0.27959737
Merzenhausen,2022-09-15 11:00:00,42,val,0.3135,0.2796176
Merzenhausen,2022-09-15 12:00:00,42,val,0.335,0.2797002
Merzenhausen,2022-09-15 13:00:00,42,val,0.3285,0.27945954
Merzenhausen,2022-09-15 14:00:00,42,val,0.322,0.2791668
Merzenhausen,2022-09-15 15:00:00,42,val,0.319,0.27867046
Merzenhausen,2022-09-15 16:00:00,42,val,0.319,0.27874207
Merzenhausen,2022-09-15 17:00:00,42,val,0.321,0.2782731
Merzenhausen,2022-09-15 18:00:00,42,val,0.321,0.27786857
Merzenhausen,2022-09-15 19:00:00,42,val,0.319,0.2770623
Merzenhausen,2022-09-15 20:00:00,42,val,0.321,0.27587563
Merzenhausen,2022-09-15 21:00:00,42,val,0.319,0.2747088
Merzenhausen,2022-09-15 22:00:00,42,val,0.319,0.27371076
Merzenhausen,2022-09-15 23:00:00,42,val,0.316,0.27274236
Merzenhausen,2022-09-16 00:00:00,42,val,0.316,0.27151155
Merzenhausen,2022-09-16 01:00:00,42,val,0.317,0.27068257
Merzenhausen,2022-09-16 02:00:00,42,val,0.317,0.26992178
Merzenhausen,2022-09-16 03:00:00,42,val,0.314,0.26948214
Merzenhausen,2022-09-16 04:00:00,42,val,0.314,0.26895037
Merzenhausen,2022-09-16 05:00:00,42,val,0.315,0.26858768
Merzenhausen,2022-09-16 06:00:00,42,val,0.314,0.268231
Merzenhausen,2022-09-16 07:00:00,42,val,0.314,0.2682331
Merzenhausen,2022-09-16 08:00:00,42,val,0.316,0.26844507
Merzenhausen,2022-09-16 09:00:00,42,val,0.316,0.2689035
Merzenhausen,2022-09-16 10:00:00,42,val,0.316,0.26950687
Merzenhausen,2022-09-16 11:00:00,42,val,0.313,0.27022168
Merzenhausen,2022-09-16 12:00:00,42,val,0.313,0.27335578
Merzenhausen,2022-09-16 13:00:00,42,val,0.313,0.28477776
Merzenhausen,2022-09-16 14:00:00,42,val,0.313,0.28672788
Merzenhausen,2022-09-16 15:00:00,42,val,0.336,0.29100388
Merzenhausen,2022-09-16 16:00:00,42,val,0.358,0.29027972
Merzenhausen,2022-09-16 17:00:00,42,val,0.375,0.28774494
Merzenhausen,2022-09-16 18:00:00,42,val,0.375,0.28486615
Merzenhausen,2022-09-16 19:00:00,42,val,0.378,0.2820738
Merzenhausen,2022-09-16 20:00:00,42,val,0.372,0.27966976
Merzenhausen,2022-09-16 21:00:00,42,val,0.371,0.27779406
Merzenhausen,2022-09-16 22:00:00,42,val,0.365,0.2763446
Merzenhausen,2022-09-16 23:00:00,42,val,0.361,0.27526098
Merzenhausen,2022-09-17 00:00:00,42,val,0.359,0.2745027
Merzenhausen,2022-09-17 01:00:00,42,val,0.355,0.27415788
Merzenhausen,2022-09-17 02:00:00,42,val,0.355,0.27395776
Merzenhausen,2022-09-17 03:00:00,42,val,0.352,0.27380866
Merzenhausen,2022-09-17 04:00:00,42,val,0.349,0.2738102
Merzenhausen,2022-09-17 05:00:00,42,val,0.348,0.27407044
Merzenhausen,2022-09-17 06:00:00,42,val,0.347,0.27427498
Merzenhausen,2022-09-17 07:00:00,42,val,0.346,0.27503958
Merzenhausen,2022-09-17 08:00:00,42,val,0.344,0.27562734
Merzenhausen,2022-09-17 09:00:00,42,val,0.343,0.27643263
Merzenhausen,2022-09-17 10:00:00,42,val,0.341,0.27693978
Merzenhausen,2022-09-17 11:00:00,42,val,0.341,0.27656272
Merzenhausen,2022-09-17 12:00:00,42,val,0.339,0.27833953
Merzenhausen,2022-09-17 13:00:00,42,val,0.34,0.2800748
Merzenhausen,2022-09-17 14:00:00,42,val,0.337,0.28058144
Merzenhausen,2022-09-17 15:00:00,42,val,0.338,0.28027487
Merzenhausen,2022-09-17 16:00:00,42,val,0.337,0.2795839
Merzenhausen,2022-09-17 17:00:00,42,val,0.336,0.27896696
Merzenhausen,2022-09-17 18:00:00,42,val,0.336,0.2781221
Merzenhausen,2022-09-17 19:00:00,42,val,0.334,0.27719772
Merzenhausen,2022-09-17 20:00:00,42,val,0.332,0.27647224
Merzenhausen,2022-09-17 21:00:00,42,val,0.332,0.27566674
Merzenhausen,2022-09-17 22:00:00,42,val,0.332,0.27475628
Merzenhausen,2022-09-17 23:00:00,42,val,0.332,0.2737022
Merzenhausen,2022-09-18 00:00:00,42,val,0.331,0.2731584
Merzenhausen,2022-09-18 01:00:00,42,val,0.331,0.27253738
Merzenhausen,2022-09-18 02:00:00,42,val,0.329,0.27205005
Merzenhausen,2022-09-18 03:00:00,42,val,0.329,0.27171442
Merzenhausen,2022-09-18 04:00:00,42,val,0.327,0.27110445
Merzenhausen,2022-09-18 05:00:00,42,val,0.327,0.2706975
Merzenhausen,2022-09-18 06:00:00,42,val,0.325,0.27032548
Merzenhausen,2022-09-18 07:00:00,42,val,0.327,0.27019867
Merzenhausen,2022-09-18 08:00:00,42,val,0.326,0.27272773
Merzenhausen,2022-09-18 09:00:00,42,val,0.326,0.2738269
Merzenhausen,2022-09-18 10:00:00,42,val,0.326,0.27438313
Merzenhausen,2022-09-18 11:00:00,42,val,0.327,0.27455467
Merzenhausen,2022-09-18 12:00:00,42,val,0.324,0.2763365
Merzenhausen,2022-09-18 13:00:00,42,val,0.324,0.27671316
Merzenhausen,2022-09-18 14:00:00,42,val,0.324,0.27899992
Merzenhausen,2022-09-18 15:00:00,42,val,0.322,0.29299068
Merzenhausen,2022-09-18 16:00:00,42,val,0.322,0.30160055
Merzenhausen,2022-09-18 17:00:00,42,val,0.322,0.30988634
Merzenhausen,2022-09-18 18:00:00,42,val,0.324,0.3130282
Merzenhausen,2022-09-18 19:00:00,42,val,0.322,0.31835753
Merzenhausen,2022-09-18 20:00:00,42,val,0.322,0.31764764
Merzenhausen,2022-09-18 21:00:00,42,val,0.319,0.315367
Merzenhausen,2022-09-18 22:00:00,42,val,0.321,0.31207594
Merzenhausen,2022-09-18 23:00:00,42,val,0.319,0.30869126
Merzenhausen,2022-09-19 00:00:00,42,val,0.32,0.30576965
Merzenhausen,2022-09-19 01:00:00,42,val,0.317,0.30325893
Merzenhausen,2022-09-19 02:00:00,42,val,0.317,0.30130607
Merzenhausen,2022-09-19 03:00:00,42,val,0.317,0.29979324
Merzenhausen,2022-09-19 04:00:00,42,val,0.315,0.2984725
Merzenhausen,2022-09-19 05:00:00,42,val,0.317,0.29764208
Merzenhausen,2022-09-19 06:00:00,42,val,0.315,0.29716837
Merzenhausen,2022-09-19 07:00:00,42,val,0.316,0.29696772
Merzenhausen,2022-09-19 08:00:00,42,val,0.317,0.29695544
Merzenhausen,2022-09-19 09:00:00,42,val,0.314,0.29694375
Merzenhausen,2022-09-19 10:00:00,42,val,0.314,0.2967766
Merzenhausen,2022-09-19 11:00:00,42,val,0.314,0.29662248
Merzenhausen,2022-09-19 12:00:00,42,val,0.314,0.29636186
Merzenhausen,2022-09-19 13:00:00,42,val,0.315,0.29624903
Merzenhausen,2022-09-19 14:00:00,42,val,0.312,0.29709235
Merzenhausen,2022-09-19 15:00:00,42,val,0.312,0.29735908
Merzenhausen,2022-09-19 16:00:00,42,val,0.312,0.29696128
Merzenhausen,2022-09-19 17:00:00,42,val,0.312,0.29631037
Merzenhausen,2022-09-19 18:00:00,42,val,0.313,0.29560235
Merzenhausen,2022-09-19 19:00:00,42,val,0.31,0.29482222
Merzenhausen,2022-09-19 20:00:00,42,val,0.31,0.2939803
Merzenhausen,2022-09-19 21:00:00,42,val,0.312,0.29324275
Merzenhausen,2022-09-19 22:00:00,42,val,0.31,0.29287258
Merzenhausen,2022-09-19 23:00:00,42,val,0.31,0.29275662
Merzenhausen,2022-09-20 00:00:00,42,val,0.312,0.29262167
Merzenhausen,2022-09-20 01:00:00,42,val,0.309,0.29247978
Merzenhausen,2022-09-20 02:00:00,42,val,0.31,0.292146
Merzenhausen,2022-09-20 03:00:00,42,val,0.31,0.29165417
Merzenhausen,2022-09-20 04:00:00,42,val,0.307,0.29085958
Merzenhausen,2022-09-20 05:00:00,42,val,0.307,0.29014915
Merzenhausen,2022-09-20 06:00:00,42,val,0.308,0.28934056
Merzenhausen,2022-09-20 07:00:00,42,val,0.308,0.28897488
Merzenhausen,2022-09-20 08:00:00,42,val,0.306,0.28875086
Merzenhausen,2022-09-20 09:00:00,42,val,0.306,0.28877997
Merzenhausen,2022-09-20 10:00:00,42,val,0.307,0.2888866
Merzenhausen,2022-09-20 11:00:00,42,val,0.308,0.28917566
Merzenhausen,2022-09-20 12:00:00,42,val,0.303,0.2892532
Merzenhausen,2022-09-20 13:00:00,42,val,0.308,0.28965822
Merzenhausen,2022-09-20 14:00:00,42,val,0.303,0.2897007
Merzenhausen,2022-09-20 15:00:00,42,val,0.303,0.28939468
Merzenhausen,2022-09-20 16:00:00,42,val,0.303,0.2890408
Merzenhausen,2022-09-20 17:00:00,42,val,0.303,0.2886327
Merzenhausen,2022-09-20 18:00:00,42,val,0.303,0.28829253
Merzenhausen,2022-09-20 19:00:00,42,val,0.305,0.2876947
Merzenhausen,2022-09-20 20:00:00,42,val,0.305,0.28705013
Merzenhausen,2022-09-20 21:00:00,42,val,0.305,0.28617904
Merzenhausen,2022-09-20 22:00:00,42,val,0.305,0.2855243
Merzenhausen,2022-09-20 23:00:00,42,val,0.305,0.2847258
Merzenhausen,2022-09-21 00:00:00,42,val,0.305,0.28412515
Merzenhausen,2022-09-21 01:00:00,42,val,0.302,0.2832288
Merzenhausen,2022-09-21 02:00:00,42,val,0.303,0.28215376
Merzenhausen,2022-09-21 03:00:00,42,val,0.303,0.28132612
Merzenhausen,2022-09-21 04:00:00,42,val,0.303,0.28019145
Merzenhausen,2022-09-21 05:00:00,42,val,0.301,0.2794758
Merzenhausen,2022-09-21 06:00:00,42,val,0.301,0.27965212
Merzenhausen,2022-09-21 07:00:00,42,val,0.303,0.28004923
Merzenhausen,2022-09-21 08:00:00,42,val,0.303,0.2810034
Merzenhausen,2022-09-21 09:00:00,42,val,0.3,0.28159744
Merzenhausen,2022-09-21 10:00:00,42,val,0.301,0.28196806
Merzenhausen,2022-09-21 11:00:00,42,val,0.301,0.28219077
Merzenhausen,2022-09-21 12:00:00,42,val,0.301,0.28247422
Merzenhausen,2022-09-21 13:00:00,42,val,0.3,0.2829299
Merzenhausen,2022-09-21 14:00:00,42,val,0.3,0.2832092
Merzenhausen,2022-09-21 15:00:00,42,val,0.3,0.28339803
Merzenhausen,2022-09-21 16:00:00,42,val,0.301,0.2835379
Merzenhausen,2022-09-21 17:00:00,42,val,0.301,0.2837218
Merzenhausen,2022-09-21 18:00:00,42,val,0.301,0.28347677
Merzenhausen,2022-09-21 19:00:00,42,val,0.301,0.2827472
Merzenhausen,2022-09-21 20:00:00,42,val,0.298,0.28177136
Merzenhausen,2022-09-21 21:00:00,42,val,0.298,0.28098673
Merzenhausen,2022-09-21 22:00:00,42,val,0.3,0.27988097
Merzenhausen,2022-09-21 23:00:00,42,val,0.3,0.27879018
Merzenhausen,2022-09-22 00:00:00,42,val,0.3,0.27819902
Merzenhausen,2022-09-22 01:00:00,42,val,0.298,0.27737382
Merzenhausen,2022-09-22 02:00:00,42,val,0.298,0.27648553
Merzenhausen,2022-09-22 03:00:00,42,val,0.298,0.27575344
Merzenhausen,2022-09-22 04:00:00,42,val,0.298,0.27494276
Merzenhausen,2022-09-22 05:00:00,42,val,0.298,0.27412605
Merzenhausen,2022-09-22 06:00:00,42,val,0.298,0.27388412
Merzenhausen,2022-09-22 07:00:00,42,val,0.298,0.27455977
Merzenhausen,2022-09-22 08:00:00,42,val,0.296,0.27544853
Merzenhausen,2022-09-22 09:00:00,42,val,0.296,0.27638987
Merzenhausen,2022-09-22 10:00:00,42,val,0.297,0.27721804
Merzenhausen,2022-09-22 11:00:00,42,val,0.297,0.27796942
Merzenhausen,2022-09-22 12:00:00,42,val,0.297,0.2780335
Merzenhausen,2022-09-22 13:00:00,42,val,0.297,0.27858514
Merzenhausen,2022-09-22 14:00:00,42,val,0.296,0.27871117
Merzenhausen,2022-09-22 15:00:00,42,val,0.296,0.27874154
Merzenhausen,2022-09-22 16:00:00,42,val,0.296,0.2788045
Merzenhausen,2022-09-22 17:00:00,42,val,0.296,0.27883762
Merzenhausen,2022-09-22 18:00:00,42,val,0.296,0.27846202
Merzenhausen,2022-09-22 19:00:00,42,val,0.294,0.27826357
Merzenhausen,2022-09-22 20:00:00,42,val,0.294,0.2780561
Merzenhausen,2022-09-22 21:00:00,42,val,0.294,0.27801806
Merzenhausen,2022-09-22 22:00:00,42,val,0.294,0.27746165
Merzenhausen,2022-09-22 23:00:00,42,val,0.294,0.2769456
Merzenhausen,2022-09-23 00:00:00,42,val,0.296,0.276812
Merzenhausen,2022-09-23 01:00:00,42,val,0.296,0.27635005
Merzenhausen,2022-09-23 02:00:00,42,val,0.296,0.27562273
Merzenhausen,2022-09-23 03:00:00,42,val,0.294,0.27473632
Merzenhausen,2022-09-23 04:00:00,42,val,0.296,0.27376842
Merzenhausen,2022-09-23 05:00:00,42,val,0.293,0.27278748
Merzenhausen,2022-09-23 06:00:00,42,val,0.295,0.27196434
Merzenhausen,2022-09-23 07:00:00,42,val,0.295,0.27234927
Merzenhausen,2022-09-23 08:00:00,42,val,0.296,0.27317634
Merzenhausen,2022-09-23 09:00:00,42,val,0.296,0.27387857
Merzenhausen,2022-09-23 10:00:00,42,val,0.293,0.2744187
Merzenhausen,2022-09-23 11:00:00,42,val,0.293,0.27484652
Merzenhausen,2022-09-23 12:00:00,42,val,0.293,0.27534908
Merzenhausen,2022-09-23 13:00:00,42,val,0.293,0.2758261
Merzenhausen,2022-09-23 14:00:00,42,val,0.293,0.27623212
Merzenhausen,2022-09-23 15:00:00,42,val,0.293,0.27663282
Merzenhausen,2022-09-23 16:00:00,42,val,0.293,0.27710557
Merzenhausen,2022-09-23 17:00:00,42,val,0.293,0.2774677
Merzenhausen,2022-09-23 18:00:00,42,val,0.291,0.27754843
Merzenhausen,2022-09-23 19:00:00,42,val,0.291,0.27751935
Merzenhausen,2022-09-23 20:00:00,42,val,0.292,0.27704278
Merzenhausen,2022-09-23 21:00:00,42,val,0.291,0.27641252
Merzenhausen,2022-09-23 22:00:00,42,val,0.293,0.2760691
Merzenhausen,2022-09-23 23:00:00,42,val,0.291,0.27588734
Merzenhausen,2022-09-24 00:00:00,42,val,0.291,0.2756779
Merzenhausen,2022-09-24 01:00:00,42,val,0.291,0.27524644
Merzenhausen,2022-09-24 02:00:00,42,val,0.291,0.27453998
Merzenhausen,2022-09-24 03:00:00,42,val,0.289,0.27391064
Merzenhausen,2022-09-24 04:00:00,42,val,0.291,0.27337518
Merzenhausen,2022-09-24 05:00:00,42,val,0.288,0.2727972
Merzenhausen,2022-09-24 06:00:00,42,val,0.291,0.27220228
Merzenhausen,2022-09-24 07:00:00,42,val,0.289,0.2720362
Merzenhausen,2022-09-24 08:00:00,42,val,0.291,0.27196032
Merzenhausen,2022-09-24 09:00:00,42,val,0.291,0.27205417
Merzenhausen,2022-09-24 10:00:00,42,val,0.291,0.27229652
Merzenhausen,2022-09-24 11:00:00,42,val,0.289,0.2727172
Merzenhausen,2022-09-24 12:00:00,42,val,0.289,0.27328244
Merzenhausen,2022-09-24 13:00:00,42,val,0.289,0.273863
Merzenhausen,2022-09-24 14:00:00,42,val,0.289,0.27431414
Merzenhausen,2022-09-24 15:00:00,42,val,0.289,0.2746276
Merzenhausen,2022-09-24 16:00:00,42,val,0.289,0.27479795
Merzenhausen,2022-09-24 17:00:00,42,val,0.289,0.27481213
Merzenhausen,2022-09-24 18:00:00,42,val,0.289,0.2747227
Merzenhausen,2022-09-24 19:00:00,42,val,0.289,0.2743324
Merzenhausen,2022-09-24 20:00:00,42,val,0.289,0.27570453
Merzenhausen,2022-09-24 21:00:00,42,val,0.289,0.27548277
Merzenhausen,2022-09-24 22:00:00,42,val,0.286,0.27476895
Merzenhausen,2022-09-24 23:00:00,42,val,0.286,0.27399844
Merzenhausen,2022-09-25 00:00:00,42,val,0.287,0.2736261
Merzenhausen,2022-09-25 01:00:00,42,val,0.287,0.27335036
Merzenhausen,2022-09-25 02:00:00,42,val,0.287,0.27302054
Merzenhausen,2022-09-25 03:00:00,42,val,0.287,0.27238506
Merzenhausen,2022-09-25 04:00:00,42,val,0.289,0.27187994
Merzenhausen,2022-09-25 05:00:00,42,val,0.289,0.2710145
Merzenhausen,2022-09-25 06:00:00,42,val,0.289,0.27034855
Merzenhausen,2022-09-25 07:00:00,42,val,0.289,0.26986063
Merzenhausen,2022-09-25 08:00:00,42,val,0.291,0.26991144
Merzenhausen,2022-09-25 09:00:00,42,val,0.291,0.2703761
Merzenhausen,2022-09-25 10:00:00,42,val,0.291,0.27063748
Merzenhausen,2022-09-25 11:00:00,42,val,0.291,0.27086827
Merzenhausen,2022-09-25 12:00:00,42,val,0.292,0.2711208
Merzenhausen,2022-09-25 13:00:00,42,val,0.291,0.2714125
Merzenhausen,2022-09-25 14:00:00,42,val,0.291,0.2717014
Merzenhausen,2022-09-25 15:00:00,42,val,0.29,0.2719816
Merzenhausen,2022-09-25 16:00:00,42,val,0.293,0.2721821
Merzenhausen,2022-09-25 17:00:00,42,val,0.292,0.2722246
Merzenhausen,2022-09-25 18:00:00,42,val,0.292,0.27157724
Merzenhausen,2022-09-25 19:00:00,42,val,0.292,0.27078304
Merzenhausen,2022-09-25 20:00:00,42,val,0.293,0.26998454
Merzenhausen,2022-09-25 21:00:00,42,val,0.293,0.2695376
Merzenhausen,2022-09-25 22:00:00,42,val,0.296,0.2691343
Merzenhausen,2022-09-25 23:00:00,42,val,0.3,0.26838654
Merzenhausen,2022-09-26 00:00:00,42,val,0.303,0.2682401
Merzenhausen,2022-09-26 01:00:00,42,val,0.307,0.26827088
Merzenhausen,2022-09-26 02:00:00,42,val,0.305,0.26826105
Merzenhausen,2022-09-26 03:00:00,42,val,0.307,0.26791373
Merzenhausen,2022-09-26 04:00:00,42,val,0.307,0.26751238
Merzenhausen,2022-09-26 05:00:00,42,val,0.309,0.2666733
Merzenhausen,2022-09-26 06:00:00,42,val,0.309,0.26621485
Merzenhausen,2022-09-26 07:00:00,42,val,0.309,0.26586077
Merzenhausen,2022-09-26 08:00:00,42,val,0.309,0.26643834
Merzenhausen,2022-09-26 09:00:00,42,val,0.309,0.26686987
Merzenhausen,2022-09-26 10:00:00,42,val,0.311,0.267884
Merzenhausen,2022-09-26 11:00:00,42,val,0.311,0.26836607
Merzenhausen,2022-09-26 12:00:00,42,val,0.311,0.26868108
Merzenhausen,2022-09-26 13:00:00,42,val,0.311,0.26953086
Merzenhausen,2022-09-26 14:00:00,42,val,0.311,0.27042168
Merzenhausen,2022-09-26 15:00:00,42,val,0.312,0.27077043
Merzenhausen,2022-09-26 16:00:00,42,val,0.311,0.2708231
Merzenhausen,2022-09-26 17:00:00,42,val,0.309,0.2711401
Merzenhausen,2022-09-26 18:00:00,42,val,0.309,0.27144194
Merzenhausen,2022-09-26 19:00:00,42,val,0.309,0.2712391
Merzenhausen,2022-09-26 20:00:00,42,val,0.309,0.27317035
Merzenhausen,2022-09-26 21:00:00,42,val,0.31,0.27316874
Merzenhausen,2022-09-26 22:00:00,42,val,0.3045,0.27282906
Merzenhausen,2022-09-26 23:00:00,42,val,0.328,0.27448228
Merzenhausen,2022-09-27 00:00:00,42,val,0.311,0.2754197
Merzenhausen,2022-09-27 01:00:00,42,val,0.31,0.27446103
Merzenhausen,2022-09-27 02:00:00,42,val,0.3165,0.27360827
Merzenhausen,2022-09-27 03:00:00,42,val,0.311,0.27130616
Merzenhausen,2022-09-27 04:00:00,42,val,0.31,0.2684835
Merzenhausen,2022-09-27 05:00:00,42,val,0.311,0.26595652
Merzenhausen,2022-09-27 06:00:00,42,val,0.311,0.2640836
Merzenhausen,2022-09-27 07:00:00,42,val,0.3135,0.2629557
Merzenhausen,2022-09-27 08:00:00,42,val,0.3185,0.26292196
Merzenhausen,2022-09-27 09:00:00,42,val,0.312,0.2635841
Merzenhausen,2022-09-27 10:00:00,42,val,0.312,0.2646888
Merzenhausen,2022-09-27 11:00:00,42,val,0.312,0.26649702
Merzenhausen,2022-09-27 12:00:00,42,val,0.312,0.26847085
Merzenhausen,2022-09-27 13:00:00,42,val,0.312,0.26966926
Merzenhausen,2022-09-27 14:00:00,42,val,0.312,0.2704361
Merzenhausen,2022-09-27 15:00:00,42,val,0.312,0.27263668
Merzenhausen,2022-09-27 16:00:00,42,val,0.312,0.27338785
Merzenhausen,2022-09-27 17:00:00,42,val,0.3185,0.27339524
Merzenhausen,2022-09-27 18:00:00,42,val,0.312,0.2744822
Merzenhausen,2022-09-27 19:00:00,42,val,0.309,0.27426007
Merzenhausen,2022-09-27 20:00:00,42,val,0.31,0.27466685
Merzenhausen,2022-09-27 21:00:00,42,val,0.31,0.2835679
Merzenhausen,2022-09-27 22:00:00,42,val,0.3155,0.28467914
Merzenhausen,2022-09-27 23:00:00,42,val,0.312,0.2839728
Merzenhausen,2022-09-28 00:00:00,42,val,0.309,0.28168827
Merzenhausen,2022-09-28 01:00:00,42,val,0.309,0.27990407
Merzenhausen,2022-09-28 02:00:00,42,val,0.31,0.2779406
Merzenhausen,2022-09-28 03:00:00,42,val,0.31,0.27657288
Merzenhausen,2022-09-28 04:00:00,42,val,0.307,0.27567512
Merzenhausen,2022-09-28 05:00:00,42,val,0.307,0.27514467
Merzenhausen,2022-09-28 06:00:00,42,val,0.307,0.27514225
Merzenhausen,2022-09-28 07:00:00,42,val,0.308,0.27554667
Merzenhausen,2022-09-28 08:00:00,42,val,0.305,0.2762713
Merzenhausen,2022-09-28 09:00:00,42,val,0.305,0.27719873
Merzenhausen,2022-09-28 10:00:00,42,val,0.307,0.27840728
Merzenhausen,2022-09-28 11:00:00,42,val,0.305,0.2795945
Merzenhausen,2022-09-28 12:00:00,42,val,0.305,0.28069037
Merzenhausen,2022-09-28 13:00:00,42,val,0.306,0.28156573
Merzenhausen,2022-09-28 14:00:00,42,val,0.305,0.28276673
Merzenhausen,2022-09-28 15:00:00,42,val,0.305,0.28347886
Merzenhausen,2022-09-28 16:00:00,42,val,0.305,0.2866802
Merzenhausen,2022-09-28 17:00:00,42,val,0.305,0.2870152
Merzenhausen,2022-09-28 18:00:00,42,val,0.305,0.2861184
Merzenhausen,2022-09-28 19:00:00,42,val,0.305,0.28472593
Merzenhausen,2022-09-28 20:00:00,42,val,0.303,0.28349522
Merzenhausen,2022-09-28 21:00:00,42,val,0.305,0.28702646
Merzenhausen,2022-09-28 22:00:00,42,val,0.305,0.28612065
Merzenhausen,2022-09-28 23:00:00,42,val,0.307,0.2858292
Merzenhausen,2022-09-29 00:00:00,42,val,0.305,0.28441873
Merzenhausen,2022-09-29 01:00:00,42,val,0.305,0.2824021
Merzenhausen,2022-09-29 02:00:00,42,val,0.305,0.28085557
Merzenhausen,2022-09-29 03:00:00,42,val,0.305,0.2791762
Merzenhausen,2022-09-29 04:00:00,42,val,0.3005,0.2780206
Merzenhausen,2022-09-29 05:00:00,42,val,0.3015,0.276838
Merzenhausen,2022-09-29 06:00:00,42,val,0.3,0.2761258
Merzenhausen,2022-09-29 07:00:00,42,val,0.333,0.2765773
Merzenhausen,2022-09-29 08:00:00,42,val,0.3225,0.2782381
Merzenhausen,2022-09-29 09:00:00,42,val,0.333,0.27980343
Merzenhausen,2022-09-29 10:00:00,42,val,0.314,0.2809943
Merzenhausen,2022-09-29 11:00:00,42,val,0.314,0.28184992
Merzenhausen,2022-09-29 12:00:00,42,val,0.333,0.2825448
Merzenhausen,2022-09-29 13:00:00,42,val,0.316,0.28318906
Merzenhausen,2022-09-29 14:00:00,42,val,0.3185,0.2837825
Merzenhausen,2022-09-29 15:00:00,42,val,0.317,0.28430882
Merzenhausen,2022-09-29 16:00:00,42,val,0.317,0.28473273
Merzenhausen,2022-09-29 17:00:00,42,val,0.317,0.2856134
Merzenhausen,2022-09-29 18:00:00,42,val,0.314,0.28558022
Merzenhausen,2022-09-29 19:00:00,42,val,0.314,0.28474995
Merzenhausen,2022-09-29 20:00:00,42,val,0.314,0.28361878
Merzenhausen,2022-09-29 21:00:00,42,val,0.314,0.28253946
Merzenhausen,2022-09-29 22:00:00,42,val,0.314,0.28207868
Merzenhausen,2022-09-29 23:00:00,42,val,0.315,0.28154284
Merzenhausen,2022-09-30 00:00:00,42,val,0.312,0.28060192
Merzenhausen,2022-09-30 01:00:00,42,val,0.312,0.27940616
Merzenhausen,2022-09-30 02:00:00,42,val,0.312,0.27826402
Merzenhausen,2022-09-30 03:00:00,42,val,0.314,0.2773019
Merzenhausen,2022-09-30 04:00:00,42,val,0.313,0.27625555
Merzenhausen,2022-09-30 05:00:00,42,val,0.319,0.2751823
Merzenhausen,2022-09-30 06:00:00,42,val,0.313,0.27488193
Merzenhausen,2022-09-30 07:00:00,42,val,0.314,0.275321
Merzenhausen,2022-09-30 08:00:00,42,val,0.312,0.27610213
Merzenhausen,2022-09-30 09:00:00,42,val,0.315,0.27691102
Merzenhausen,2022-09-30 10:00:00,42,val,0.315,0.27781212
Merzenhausen,2022-09-30 11:00:00,42,val,0.314,0.2784149
Merzenhausen,2022-09-30 12:00:00,42,val,0.317,0.2789311
Merzenhausen,2022-09-30 13:00:00,42,val,0.317,0.27954322
Merzenhausen,2022-09-30 14:00:00,42,val,0.315,0.28011692
Merzenhausen,2022-09-30 15:00:00,42,val,0.315,0.28052384
Merzenhausen,2022-09-30 16:00:00,42,val,0.315,0.2809113
Merzenhausen,2022-09-30 17:00:00,42,val,0.315,0.28107008
Merzenhausen,2022-09-30 18:00:00,42,val,0.315,0.28098977
Merzenhausen,2022-09-30 19:00:00,42,val,0.315,0.28075796
Merzenhausen,2022-09-30 20:00:00,42,val,0.315,0.28026468
Merzenhausen,2022-09-30 21:00:00,42,val,0.315,0.28022927
Merzenhausen,2022-09-30 22:00:00,42,val,0.314,0.2805501
Merzenhausen,2022-09-30 23:00:00,42,val,0.314,0.28129232
Merzenhausen,2022-10-01 00:00:00,42,val,0.315,0.28173646
Merzenhausen,2022-10-01 01:00:00,42,val,0.313,0.28415528
Merzenhausen,2022-10-01 02:00:00,42,val,0.313,0.28565067
Merzenhausen,2022-10-01 03:00:00,42,val,0.314,0.2896723
Merzenhausen,2022-10-01 04:00:00,42,val,0.312,0.29222402
Merzenhausen,2022-10-01 05:00:00,42,val,0.312,0.29071343
Merzenhausen,2022-10-01 06:00:00,42,val,0.312,0.28708532
Merzenhausen,2022-10-01 07:00:00,42,val,0.31,0.28678897
Merzenhausen,2022-10-01 08:00:00,42,val,0.31,0.28703406
Merzenhausen,2022-10-01 09:00:00,42,val,0.31,0.2887953
Merzenhausen,2022-10-01 10:00:00,42,val,0.31,0.28896955
Merzenhausen,2022-10-01 11:00:00,42,val,0.312,0.2885438
Merzenhausen,2022-10-01 12:00:00,42,val,0.309,0.2901202
Merzenhausen,2022-10-01 13:00:00,42,val,0.309,0.29037276
Merzenhausen,2022-10-01 14:00:00,42,val,0.31,0.29041076
Merzenhausen,2022-10-01 15:00:00,42,val,0.31,0.29019162
Merzenhausen,2022-10-01 16:00:00,42,val,0.31,0.28985432
Merzenhausen,2022-10-01 17:00:00,42,val,0.31,0.28942424
Merzenhausen,2022-10-01 18:00:00,42,val,0.31,0.28857127
Merzenhausen,2022-10-01 19:00:00,42,val,0.312,0.28768337
Merzenhausen,2022-10-01 20:00:00,42,val,0.312,0.28680193
Merzenhausen,2022-10-01 21:00:00,42,val,0.31,0.28655005
Merzenhausen,2022-10-01 22:00:00,42,val,0.31,0.28669673
Merzenhausen,2022-10-01 23:00:00,42,val,0.31,0.2874031
Merzenhausen,2022-10-02 00:00:00,42,val,0.311,0.28794044
Merzenhausen,2022-10-02 01:00:00,42,val,0.309,0.28834596
Merzenhausen,2022-10-02 02:00:00,42,val,0.305,0.2886063
Merzenhausen,2022-10-02 03:00:00,42,val,0.309,0.28885412
Merzenhausen,2022-10-02 04:00:00,42,val,0.309,0.2923969
Merzenhausen,2022-10-02 05:00:00,42,val,0.311,0.29371804
Merzenhausen,2022-10-02 06:00:00,42,val,0.313,0.2939829
Merzenhausen,2022-10-02 07:00:00,42,val,0.311,0.292955
Merzenhausen,2022-10-02 08:00:00,42,val,0.313,0.29179987
Merzenhausen,2022-10-02 09:00:00,42,val,0.311,0.29072714
Merzenhausen,2022-10-02 10:00:00,42,val,0.306,0.28954235
Merzenhausen,2022-10-02 11:00:00,42,val,0.308,0.28847545
Merzenhausen,2022-10-02 12:00:00,42,val,0.305,0.28808898
Merzenhausen,2022-10-02 13:00:00,42,val,0.302,0.28803387
Merzenhausen,2022-10-02 14:00:00,42,val,0.301,0.28794706
Merzenhausen,2022-10-02 15:00:00,42,val,0.302,0.2878463
Merzenhausen,2022-10-02 16:00:00,42,val,0.304,0.2877402
Merzenhausen,2022-10-02 17:00:00,42,val,0.304,0.28751996
Merzenhausen,2022-10-02 18:00:00,42,val,0.3,0.28725788
Merzenhausen,2022-10-02 19:00:00,42,val,0.3,0.28706318
Merzenhausen,2022-10-02 20:00:00,42,val,0.299,0.2867506
Merzenhausen,2022-10-02 21:00:00,42,val,0.301,0.28629264
Merzenhausen,2022-10-02 22:00:00,42,val,0.299,0.28572252
Merzenhausen,2022-10-02 23:00:00,42,val,0.297,0.28498095
Merzenhausen,2022-10-03 00:00:00,42,val,0.296,0.28454506
Merzenhausen,2022-10-03 01:00:00,42,val,0.297,0.28402436
Merzenhausen,2022-10-03 02:00:00,42,val,0.303,0.28310293
Merzenhausen,2022-10-03 03:00:00,42,val,0.302,0.28248012
Merzenhausen,2022-10-03 04:00:00,42,val,0.303,0.28203827
Merzenhausen,2022-10-03 05:00:00,42,val,0.306,0.2817
Merzenhausen,2022-10-03 06:00:00,42,val,0.306,0.28134364
Merzenhausen,2022-10-03 07:00:00,42,val,0.306,0.28107926
Merzenhausen,2022-10-03 08:00:00,42,val,0.306,0.28115362
Merzenhausen,2022-10-03 09:00:00,42,val,0.305,0.28139105
Merzenhausen,2022-10-03 10:00:00,42,val,0.305,0.28165233
Merzenhausen,2022-10-03 11:00:00,42,val,0.306,0.2822621
Merzenhausen,2022-10-03 12:00:00,42,val,0.306,0.28267103
Merzenhausen,2022-10-03 13:00:00,42,val,0.306,0.28297654
Merzenhausen,2022-10-03 14:00:00,42,val,0.307,0.28342044
Merzenhausen,2022-10-03 15:00:00,42,val,0.309,0.28390685
Merzenhausen,2022-10-03 16:00:00,42,val,0.308,0.28429937
Merzenhausen,2022-10-03 17:00:00,42,val,0.309,0.28450188
Merzenhausen,2022-10-03 18:00:00,42,val,0.308,0.28442994
Merzenhausen,2022-10-03 19:00:00,42,val,0.2975,0.28431123
Merzenhausen,2022-10-03 20:00:00,42,val,0.305,0.28423363
Merzenhausen,2022-10-03 21:00:00,42,val,0.304,0.2837794
Merzenhausen,2022-10-03 22:00:00,42,val,0.306,0.28311798
Merzenhausen,2022-10-03 23:00:00,42,val,0.304,0.28253686
Merzenhausen,2022-10-04 00:00:00,42,val,0.303,0.28220463
Merzenhausen,2022-10-04 01:00:00,42,val,0.298,0.28173023
Merzenhausen,2022-10-04 02:00:00,42,val,0.304,0.28065917
Merzenhausen,2022-10-04 03:00:00,42,val,0.3,0.27973735
Merzenhausen,2022-10-04 04:00:00,42,val,0.303,0.27889004
Merzenhausen,2022-10-04 05:00:00,42,val,0.3,0.27840835
Merzenhausen,2022-10-04 06:00:00,42,val,0.3,0.27837572
Merzenhausen,2022-10-04 07:00:00,42,val,0.3,0.27861857
Merzenhausen,2022-10-04 08:00:00,42,val,0.298,0.27945808
Merzenhausen,2022-10-04 09:00:00,42,val,0.298,0.2805257
Merzenhausen,2022-10-04 10:00:00,42,val,0.296,0.28088632
Merzenhausen,2022-10-04 11:00:00,42,val,0.296,0.28116706
Merzenhausen,2022-10-04 12:00:00,42,val,0.296,0.2811351
Merzenhausen,2022-10-04 13:00:00,42,val,0.294,0.28071606
Merzenhausen,2022-10-04 14:00:00,42,val,0.294,0.28024212
Merzenhausen,2022-10-04 15:00:00,42,val,0.296,0.2801322
Merzenhausen,2022-10-04 16:00:00,42,val,0.296,0.28051868
Merzenhausen,2022-10-04 17:00:00,42,val,0.294,0.28093404
Merzenhausen,2022-10-04 18:00:00,42,val,0.293,0.28045937
Merzenhausen,2022-10-04 19:00:00,42,val,0.291,0.27959546
Merzenhausen,2022-10-04 20:00:00,42,val,0.291,0.278762
Merzenhausen,2022-10-04 21:00:00,42,val,0.292,0.27796742
Merzenhausen,2022-10-04 22:00:00,42,val,0.292,0.27704567
Merzenhausen,2022-10-04 23:00:00,42,val,0.292,0.27617514
Merzenhausen,2022-10-05 00:00:00,42,val,0.295,0.27511686
Merzenhausen,2022-10-05 01:00:00,42,val,0.296,0.27491248
Merzenhausen,2022-10-05 02:00:00,42,val,0.294,0.27560222
Merzenhausen,2022-10-05 03:00:00,42,val,0.294,0.27655876
Merzenhausen,2022-10-05 04:00:00,42,val,0.294,0.2774536
Merzenhausen,2022-10-05 05:00:00,42,val,0.294,0.2782725
Merzenhausen,2022-10-05 06:00:00,42,val,0.297,0.27901885
Merzenhausen,2022-10-05 07:00:00,42,val,0.296,0.27965578
Merzenhausen,2022-10-05 08:00:00,42,val,0.296,0.28041244
Merzenhausen,2022-10-05 09:00:00,42,val,0.297,0.28098992
Merzenhausen,2022-10-05 10:00:00,42,val,0.297,0.28139162
Merzenhausen,2022-10-05 11:00:00,42,val,0.296,0.28195697
Merzenhausen,2022-10-05 12:00:00,42,val,0.296,0.282551
Merzenhausen,2022-10-05 13:00:00,42,val,0.294,0.28316197
Merzenhausen,2022-10-05 14:00:00,42,val,0.294,0.28391197
Merzenhausen,2022-10-05 15:00:00,42,val,0.296,0.2848681
Merzenhausen,2022-10-05 16:00:00,42,val,0.296,0.2856991
Merzenhausen,2022-10-05 17:00:00,42,val,0.294,0.28630546
Merzenhausen,2022-10-05 18:00:00,42,val,0.294,0.2866838
Merzenhausen,2022-10-05 19:00:00,42,val,0.291,0.2858458
Merzenhausen,2022-10-05 20:00:00,42,val,0.294,0.28572583
Merzenhausen,2022-10-05 21:00:00,42,val,0.285,0.28594142
Merzenhausen,2022-10-05 22:00:00,42,val,0.291,0.28620934
Merzenhausen,2022-10-05 23:00:00,42,val,0.292,0.28638017
Merzenhausen,2022-10-06 00:00:00,42,val,0.293,0.28605416
Merzenhausen,2022-10-06 01:00:00,42,val,0.294,0.2847831
Merzenhausen,2022-10-06 02:00:00,42,val,0.291,0.28379807
Merzenhausen,2022-10-06 03:00:00,42,val,0.284,0.28289616
Merzenhausen,2022-10-06 04:00:00,42,val,0.284,0.28183392
Merzenhausen,2022-10-06 05:00:00,42,val,0.292,0.2800977
Merzenhausen,2022-10-06 06:00:00,42,val,0.291,0.27831239
Merzenhausen,2022-10-06 07:00:00,42,val,0.291,0.27710688
Merzenhausen,2022-10-06 08:00:00,42,val,0.291,0.27630457
Merzenhausen,2022-10-06 09:00:00,42,val,0.291,0.2758374
Merzenhausen,2022-10-06 10:00:00,42,val,0.294,0.27548736
Merzenhausen,2022-10-06 11:00:00,42,val,0.292,0.2753302
Merzenhausen,2022-10-06 12:00:00,42,val,0.292,0.27538598
Merzenhausen,2022-10-06 13:00:00,42,val,0.292,0.27537808
Merzenhausen,2022-10-06 14:00:00,42,val,0.294,0.27540728
Merzenhausen,2022-10-06 15:00:00,42,val,0.291,0.27573293
Merzenhausen,2022-10-06 16:00:00,42,val,0.292,0.27613074
Merzenhausen,2022-10-06 17:00:00,42,val,0.289,0.2759489
Merzenhausen,2022-10-06 18:00:00,42,val,0.289,0.27507436
Merzenhausen,2022-10-06 19:00:00,42,val,0.288,0.27357677
Merzenhausen,2022-10-06 20:00:00,42,val,0.289,0.27201283
Merzenhausen,2022-10-06 21:00:00,42,val,0.287,0.27058133
Merzenhausen,2022-10-06 22:00:00,42,val,0.289,0.2693016
Merzenhausen,2022-10-06 23:00:00,42,val,0.289,0.26852274
Merzenhausen,2022-10-07 00:00:00,42,val,0.287,0.2681986
Merzenhausen,2022-10-07 01:00:00,42,val,0.287,0.26780134
Merzenhausen,2022-10-07 02:00:00,42,val,0.288,0.26738223
Merzenhausen,2022-10-07 03:00:00,42,val,0.287,0.26665303
Merzenhausen,2022-10-07 04:00:00,42,val,0.284,0.26599735
Merzenhausen,2022-10-07 05:00:00,42,val,0.285,0.2653725
Merzenhausen,2022-10-07 06:00:00,42,val,0.285,0.26520568
Merzenhausen,2022-10-07 07:00:00,42,val,0.282,0.26585627
Merzenhausen,2022-10-07 08:00:00,42,val,0.285,0.26745602
Merzenhausen,2022-10-07 09:00:00,42,val,0.285,0.26923412
Merzenhausen,2022-10-07 10:00:00,42,val,0.284,0.27084738
Merzenhausen,2022-10-07 11:00:00,42,val,0.284,0.27210775
Merzenhausen,2022-10-07 12:00:00,42,val,0.285,0.27318433
Merzenhausen,2022-10-07 13:00:00,42,val,0.285,0.2738599
Merzenhausen,2022-10-07 14:00:00,42,val,0.285,0.27451426
Merzenhausen,2022-10-07 15:00:00,42,val,0.285,0.27535534
Merzenhausen,2022-10-07 16:00:00,42,val,0.284,0.27610344
Merzenhausen,2022-10-07 17:00:00,42,val,0.284,0.27624473
Merzenhausen,2022-10-07 18:00:00,42,val,0.284,0.2757567
Merzenhausen,2022-10-07 19:00:00,42,val,0.282,0.2740934
Merzenhausen,2022-10-07 20:00:00,42,val,0.282,0.27315634
Merzenhausen,2022-10-07 21:00:00,42,val,0.284,0.27139992
Merzenhausen,2022-10-07 22:00:00,42,val,0.282,0.26992014
Merzenhausen,2022-10-07 23:00:00,42,val,0.282,0.26908308
Merzenhausen,2022-10-08 00:00:00,42,val,0.282,0.269073
Merzenhausen,2022-10-08 01:00:00,42,val,0.28,0.26930472
Merzenhausen,2022-10-08 02:00:00,42,val,0.28,0.26950976
Merzenhausen,2022-10-08 03:00:00,42,val,0.282,0.2692323
Merzenhausen,2022-10-08 04:00:00,42,val,0.28,0.26842812
Merzenhausen,2022-10-08 05:00:00,42,val,0.28,0.26906237
Merzenhausen,2022-10-08 06:00:00,42,val,0.28,0.26912424
Merzenhausen,2022-10-08 07:00:00,42,val,0.278,0.26901776
Merzenhausen,2022-10-08 08:00:00,42,val,0.278,0.26909482
Merzenhausen,2022-10-08 09:00:00,42,val,0.28,0.26921844
Merzenhausen,2022-10-08 10:00:00,42,val,0.28,0.26987234
Merzenhausen,2022-10-08 11:00:00,42,val,0.282,0.27058357
Merzenhausen,2022-10-08 12:00:00,42,val,0.28,0.27134317
Merzenhausen,2022-10-08 13:00:00,42,val,0.279,0.2721067
Merzenhausen,2022-10-08 14:00:00,42,val,0.279,0.2730674
Merzenhausen,2022-10-08 15:00:00,42,val,0.279,0.27360165
Merzenhausen,2022-10-08 16:00:00,42,val,0.279,0.27391103
Merzenhausen,2022-10-08 17:00:00,42,val,0.279,0.2733432
Merzenhausen,2022-10-08 18:00:00,42,val,0.28,0.27221408
Merzenhausen,2022-10-08 19:00:00,42,val,0.28,0.27062887
Merzenhausen,2022-10-08 20:00:00,42,val,0.277,0.26899925
Merzenhausen,2022-10-08 21:00:00,42,val,0.279,0.2673069
Merzenhausen,2022-10-08 22:00:00,42,val,0.28,0.26597738
Merzenhausen,2022-10-08 23:00:00,42,val,0.278,0.26484898
Merzenhausen,2022-10-09 00:00:00,42,val,0.275,0.26328212
Merzenhausen,2022-10-09 01:00:00,42,val,0.278,0.26164788
Merzenhausen,2022-10-09 02:00:00,42,val,0.275,0.2600687
Merzenhausen,2022-10-09 03:00:00,42,val,0.275,0.25838894
Merzenhausen,2022-10-09 04:00:00,42,val,0.278,0.25694922
Merzenhausen,2022-10-09 05:00:00,42,val,0.275,0.2558198
Merzenhausen,2022-10-09 06:00:00,42,val,0.276,0.25475603
Merzenhausen,2022-10-09 07:00:00,42,val,0.273,0.2545822
Merzenhausen,2022-10-09 08:00:00,42,val,0.273,0.2558143
Merzenhausen,2022-10-09 09:00:00,42,val,0.276,0.25761077
Merzenhausen,2022-10-09 10:00:00,42,val,0.275,0.2593986
Merzenhausen,2022-10-09 11:00:00,42,val,0.275,0.26103652
Merzenhausen,2022-10-09 12:00:00,42,val,0.274,0.26261047
Merzenhausen,2022-10-09 13:00:00,42,val,0.275,0.26409456
Merzenhausen,2022-10-09 14:00:00,42,val,0.277,0.2655058
Merzenhausen,2022-10-09 15:00:00,42,val,0.274,0.2667148
Merzenhausen,2022-10-09 16:00:00,42,val,0.274,0.2675247
Merzenhausen,2022-10-09 17:00:00,42,val,0.275,0.26788393
Merzenhausen,2022-10-09 18:00:00,42,val,0.275,0.2677043
Merzenhausen,2022-10-09 19:00:00,42,val,0.275,0.26684064
Merzenhausen,2022-10-09 20:00:00,42,val,0.273,0.26571226
Merzenhausen,2022-10-09 21:00:00,42,val,0.273,0.2646229
Merzenhausen,2022-10-09 22:00:00,42,val,0.277,0.2634925
Merzenhausen,2022-10-09 23:00:00,42,val,0.273,0.2620785
Merzenhausen,2022-10-10 00:00:00,42,val,0.275,0.26096833
Merzenhausen,2022-10-10 01:00:00,42,val,0.274,0.25958186
Merzenhausen,2022-10-10 02:00:00,42,val,0.273,0.25806195
Merzenhausen,2022-10-10 03:00:00,42,val,0.273,0.25671992
Merzenhausen,2022-10-10 04:00:00,42,val,0.273,0.2552731
Merzenhausen,2022-10-10 05:00:00,42,val,0.276,0.2539555
Merzenhausen,2022-10-10 06:00:00,42,val,0.273,0.2529626
Merzenhausen,2022-10-10 07:00:00,42,val,0.269,0.25292674
Merzenhausen,2022-10-10 08:00:00,42,val,0.269,0.25348225
Merzenhausen,2022-10-10 09:00:00,42,val,0.269,0.25491908
Merzenhausen,2022-10-10 10:00:00,42,val,0.269,0.25642458
Merzenhausen,2022-10-10 11:00:00,42,val,0.268,0.25818458
Merzenhausen,2022-10-10 12:00:00,42,val,0.271,0.2598046
Merzenhausen,2022-10-10 13:00:00,42,val,0.27,0.26119787
Merzenhausen,2022-10-10 14:00:00,42,val,0.27,0.2625217
Merzenhausen,2022-10-10 15:00:00,42,val,0.272,0.26362735
Merzenhausen,2022-10-10 16:00:00,42,val,0.269,0.26446664
Merzenhausen,2022-10-10 17:00:00,42,val,0.27,0.26489642
Merzenhausen,2022-10-10 18:00:00,42,val,0.27,0.26500934
Merzenhausen,2022-10-10 19:00:00,42,val,0.271,0.26465338
Merzenhausen,2022-10-10 20:00:00,42,val,0.268,0.26372212
Merzenhausen,2022-10-10 21:00:00,42,val,0.268,0.2624411
Merzenhausen,2022-10-10 22:00:00,42,val,0.268,0.26045936
Merzenhausen,2022-10-10 23:00:00,42,val,0.271,0.25797945
Merzenhausen,2022-10-11 00:00:00,42,val,0.271,0.2554377
Merzenhausen,2022-10-11 01:00:00,42,val,0.266,0.2530845
Merzenhausen,2022-10-11 02:00:00,42,val,0.266,0.2503994
Merzenhausen,2022-10-11 03:00:00,42,val,0.268,0.24833137
Merzenhausen,2022-10-11 04:00:00,42,val,0.269,0.24687457
Merzenhausen,2022-10-11 05:00:00,42,val,0.269,0.24547122
Merzenhausen,2022-10-11 06:00:00,42,val,0.269,0.24470025
Merzenhausen,2022-10-11 07:00:00,42,val,0.269,0.2449884
Merzenhausen,2022-10-11 08:00:00,42,val,0.269,0.24603966
Merzenhausen,2022-10-11 09:00:00,42,val,0.268,0.2478882
Merzenhausen,2022-10-11 10:00:00,42,val,0.268,0.24981359
Merzenhausen,2022-10-11 11:00:00,42,val,0.268,0.25154585
Merzenhausen,2022-10-11 12:00:00,42,val,0.266,0.25311223
Merzenhausen,2022-10-11 13:00:00,42,val,0.266,0.25476807
Merzenhausen,2022-10-11 14:00:00,42,val,0.268,0.25668284
Merzenhausen,2022-10-11 15:00:00,42,val,0.268,0.2580947
Merzenhausen,2022-10-11 16:00:00,42,val,0.268,0.25901097
Merzenhausen,2022-10-11 17:00:00,42,val,0.268,0.2593157
Merzenhausen,2022-10-11 18:00:00,42,val,0.268,0.25891745
Merzenhausen,2022-10-11 19:00:00,42,val,0.268,0.25785053
Merzenhausen,2022-10-11 20:00:00,42,val,0.268,0.25600857
Merzenhausen,2022-10-11 21:00:00,42,val,0.268,0.25403333
Merzenhausen,2022-10-11 22:00:00,42,val,0.268,0.25244325
Merzenhausen,2022-10-11 23:00:00,42,val,0.268,0.25075305
Merzenhausen,2022-10-12 00:00:00,42,val,0.268,0.24935322
Merzenhausen,2022-10-12 01:00:00,42,val,0.268,0.24782097
Merzenhausen,2022-10-12 02:00:00,42,val,0.265,0.24639955
Merzenhausen,2022-10-12 03:00:00,42,val,0.268,0.24523672
Merzenhausen,2022-10-12 04:00:00,42,val,0.268,0.24426869
Merzenhausen,2022-10-12 05:00:00,42,val,0.266,0.24372214
Merzenhausen,2022-10-12 06:00:00,42,val,0.268,0.24336596
Merzenhausen,2022-10-12 07:00:00,42,val,0.265,0.24313414
Merzenhausen,2022-10-12 08:00:00,42,val,0.268,0.24354154
Merzenhausen,2022-10-12 09:00:00,42,val,0.256,0.24438354
Merzenhausen,2022-10-12 10:00:00,42,val,0.268,0.24548592
Merzenhausen,2022-10-12 11:00:00,42,val,0.267,0.24649969
Merzenhausen,2022-10-12 12:00:00,42,val,0.268,0.24798074
Merzenhausen,2022-10-12 13:00:00,42,val,0.262,0.24957381
Merzenhausen,2022-10-12 14:00:00,42,val,0.27,0.25123277
Merzenhausen,2022-10-12 15:00:00,42,val,0.27,0.25313443
Merzenhausen,2022-10-12 16:00:00,42,val,0.269,0.25435126
Merzenhausen,2022-10-12 17:00:00,42,val,0.27,0.2550588
Merzenhausen,2022-10-12 18:00:00,42,val,0.27,0.25497976
Merzenhausen,2022-10-12 19:00:00,42,val,0.267,0.2542335
Merzenhausen,2022-10-12 20:00:00,42,val,0.267,0.2528956
Merzenhausen,2022-10-12 21:00:00,42,val,0.267,0.25156528
Merzenhausen,2022-10-12 22:00:00,42,val,0.268,0.24994259
Merzenhausen,2022-10-12 23:00:00,42,val,0.268,0.24933738
Merzenhausen,2022-10-13 00:00:00,42,val,0.268,0.24999136
Merzenhausen,2022-10-13 01:00:00,42,val,0.268,0.25040823
Merzenhausen,2022-10-13 02:00:00,42,val,0.268,0.25059912
Merzenhausen,2022-10-13 03:00:00,42,val,0.268,0.25087634
Merzenhausen,2022-10-13 04:00:00,42,val,0.268,0.25107938
Merzenhausen,2022-10-13 05:00:00,42,val,0.268,0.25108343
Merzenhausen,2022-10-13 06:00:00,42,val,0.265,0.25088212
Merzenhausen,2022-10-13 07:00:00,42,val,0.265,0.25074497
Merzenhausen,2022-10-13 08:00:00,42,val,0.265,0.25078404
Merzenhausen,2022-10-13 09:00:00,42,val,0.265,0.25090066
Merzenhausen,2022-10-13 10:00:00,42,val,0.268,0.25102925
Merzenhausen,2022-10-13 11:00:00,42,val,0.267,0.25135276
Merzenhausen,2022-10-13 12:00:00,42,val,0.267,0.25215042
Merzenhausen,2022-10-13 13:00:00,42,val,0.269,0.25307098
Merzenhausen,2022-10-13 14:00:00,42,val,0.269,0.25577432
Merzenhausen,2022-10-13 15:00:00,42,val,0.257,0.25657678
Merzenhausen,2022-10-13 16:00:00,42,val,0.272,0.256159
Merzenhausen,2022-10-13 17:00:00,42,val,0.263,0.25513315
Merzenhausen,2022-10-13 18:00:00,42,val,0.2625,0.25404695
Merzenhausen,2022-10-13 19:00:00,42,val,0.278,0.25296056
Merzenhausen,2022-10-13 20:00:00,42,val,0.264,0.25213665
Merzenhausen,2022-10-13 21:00:00,42,val,0.277,0.2517697
Merzenhausen,2022-10-13 22:00:00,42,val,0.2625,0.25172815
Merzenhausen,2022-10-13 23:00:00,42,val,0.277,0.25208044
Merzenhausen,2022-10-14 00:00:00,42,val,0.277,0.25256106
Merzenhausen,2022-10-14 01:00:00,42,val,0.278,0.25307006
Merzenhausen,2022-10-14 02:00:00,42,val,0.278,0.25333
Merzenhausen,2022-10-14 03:00:00,42,val,0.278,0.25347483
Merzenhausen,2022-10-14 04:00:00,42,val,0.278,0.25340992
Merzenhausen,2022-10-14 05:00:00,42,val,0.278,0.25290123
Merzenhausen,2022-10-14 06:00:00,42,val,0.277,0.2524488
Merzenhausen,2022-10-14 07:00:00,42,val,0.277,0.25155526
Merzenhausen,2022-10-14 08:00:00,42,val,0.277,0.25117457
Merzenhausen,2022-10-14 09:00:00,42,val,0.277,0.24936108
Merzenhausen,2022-10-14 10:00:00,42,val,0.278,0.24911106
Merzenhausen,2022-10-14 11:00:00,42,val,0.278,0.2497209
Merzenhausen,2022-10-14 12:00:00,42,val,0.278,0.25144905
Merzenhausen,2022-10-14 13:00:00,42,val,0.278,0.25256774
Merzenhausen,2022-10-14 14:00:00,42,val,0.275,0.25387734
Merzenhausen,2022-10-14 15:00:00,42,val,0.275,0.25511637
Merzenhausen,2022-10-14 16:00:00,42,val,0.262,0.25587994
Merzenhausen,2022-10-14 17:00:00,42,val,0.278,0.25632346
Merzenhausen,2022-10-14 18:00:00,42,val,0.277,0.25629133
Merzenhausen,2022-10-14 19:00:00,42,val,0.278,0.2556277
Merzenhausen,2022-10-14 20:00:00,42,val,0.277,0.2546496
Merzenhausen,2022-10-14 21:00:00,42,val,0.278,0.25393367
Merzenhausen,2022-10-14 22:00:00,42,val,0.278,0.25368503
Merzenhausen,2022-10-14 23:00:00,42,val,0.275,0.25361624
Merzenhausen,2022-10-15 00:00:00,42,val,0.275,0.25406554
Merzenhausen,2022-10-15 01:00:00,42,val,0.277,0.25390127
Merzenhausen,2022-10-15 02:00:00,42,val,0.275,0.25424492
Merzenhausen,2022-10-15 03:00:00,42,val,0.275,0.25463206
Merzenhausen,2022-10-15 04:00:00,42,val,0.276,0.25486344
Merzenhausen,2022-10-15 05:00:00,42,val,0.275,0.2546469
Merzenhausen,2022-10-15 06:00:00,42,val,0.276,0.25370258
Merzenhausen,2022-10-15 07:00:00,42,val,0.275,0.25282332
Merzenhausen,2022-10-15 08:00:00,42,val,0.276,0.25205848
Merzenhausen,2022-10-15 09:00:00,42,val,0.277,0.25169453
Merzenhausen,2022-10-15 10:00:00,42,val,0.277,0.2526017
Merzenhausen,2022-10-15 11:00:00,42,val,0.277,0.25368422
Merzenhausen,2022-10-15 12:00:00,42,val,0.275,0.25475705
Merzenhausen,2022-10-15 13:00:00,42,val,0.2765,0.25626412
Merzenhausen,2022-10-15 14:00:00,42,val,0.275,0.25782663
Merzenhausen,2022-10-15 15:00:00,42,val,0.275,0.27197605
Merzenhausen,2022-10-15 16:00:00,42,val,0.277,0.27636492
Merzenhausen,2022-10-15 17:00:00,42,val,0.275,0.27369213
Merzenhausen,2022-10-15 18:00:00,42,val,0.277,0.267784
Merzenhausen,2022-10-15 19:00:00,42,val,0.277,0.2633547
Merzenhausen,2022-10-15 20:00:00,42,val,0.277,0.2590644
Merzenhausen,2022-10-15 21:00:00,42,val,0.275,0.25698936
Merzenhausen,2022-10-15 22:00:00,42,val,0.277,0.25434354
Merzenhausen,2022-10-15 23:00:00,42,val,0.277,0.25441322
Merzenhausen,2022-10-16 00:00:00,42,val,0.274,0.25575337
Merzenhausen,2022-10-16 01:00:00,42,val,0.277,0.2574424
Merzenhausen,2022-10-16 02:00:00,42,val,0.277,0.25940874
Merzenhausen,2022-10-16 03:00:00,42,val,0.277,0.2607173
Merzenhausen,2022-10-16 04:00:00,42,val,0.277,0.26136208
Merzenhausen,2022-10-16 05:00:00,42,val,0.281,0.26164353
Merzenhausen,2022-10-16 06:00:00,42,val,0.283,0.26111114
Merzenhausen,2022-10-16 07:00:00,42,val,0.285,0.2608154
Merzenhausen,2022-10-16 08:00:00,42,val,0.286,0.26090986
Merzenhausen,2022-10-16 09:00:00,42,val,0.287,0.26128376
Merzenhausen,2022-10-16 10:00:00,42,val,0.292,0.26192978
Merzenhausen,2022-10-16 11:00:00,42,val,0.292,0.26282272
Merzenhausen,2022-10-16 12:00:00,42,val,0.292,0.26391533
Merzenhausen,2022-10-16 13:00:00,42,val,0.294,0.26509213
Merzenhausen,2022-10-16 14:00:00,42,val,0.294,0.2657231
Merzenhausen,2022-10-16 15:00:00,42,val,0.297,0.2659423
Merzenhausen,2022-10-16 16:00:00,42,val,0.294,0.26391977
Merzenhausen,2022-10-16 17:00:00,42,val,0.293,0.26328987
Merzenhausen,2022-10-16 18:00:00,42,val,0.295,0.2631985
Merzenhausen,2022-10-16 19:00:00,42,val,0.295,0.26373106
Merzenhausen,2022-10-16 20:00:00,42,val,0.295,0.26398745
Merzenhausen,2022-10-16 21:00:00,42,val,0.295,0.26428282
Merzenhausen,2022-10-16 22:00:00,42,val,0.295,0.26464012
Merzenhausen,2022-10-16 23:00:00,42,val,0.295,0.26486337
Merzenhausen,2022-10-17 00:00:00,42,val,0.293,0.26506191
Merzenhausen,2022-10-17 01:00:00,42,val,0.3065,0.2651974
Merzenhausen,2022-10-17 02:00:00,42,val,0.297,0.26520082
Merzenhausen,2022-10-17 03:00:00,42,val,0.3055,0.2649687
Merzenhausen,2022-10-17 04:00:00,42,val,0.2935,0.26563427
Merzenhausen,2022-10-17 05:00:00,42,val,0.296,0.26644412
Merzenhausen,2022-10-17 06:00:00,42,val,0.296,0.26692042
Merzenhausen,2022-10-17 07:00:00,42,val,0.3035,0.26722205
Merzenhausen,2022-10-17 08:00:00,42,val,0.2905,0.26768854
Merzenhausen,2022-10-17 09:00:00,42,val,0.304,0.26837948
Merzenhausen,2022-10-17 10:00:00,42,val,0.297,0.26918587
Merzenhausen,2022-10-17 11:00:00,42,val,0.304,0.2701039
Merzenhausen,2022-10-17 12:00:00,42,val,0.297,0.2708185
Merzenhausen,2022-10-17 13:00:00,42,val,0.304,0.2715837
Merzenhausen,2022-10-17 14:00:00,42,val,0.297,0.27202415
Merzenhausen,2022-10-17 15:00:00,42,val,0.297,0.2720557
Merzenhausen,2022-10-17 16:00:00,42,val,0.304,0.27555805
Merzenhausen,2022-10-17 17:00:00,42,val,0.297,0.2780815
Merzenhausen,2022-10-17 18:00:00,42,val,0.297,0.27781862
Merzenhausen,2022-10-17 19:00:00,42,val,0.297,0.27690062
Merzenhausen,2022-10-17 20:00:00,42,val,0.297,0.27662382
Merzenhausen,2022-10-17 21:00:00,42,val,0.297,0.27536878
Merzenhausen,2022-10-17 22:00:00,42,val,0.297,0.27281052
Merzenhausen,2022-10-17 23:00:00,42,val,0.297,0.2701739
Merzenhausen,2022-10-18 00:00:00,42,val,0.295,0.2679007
Merzenhausen,2022-10-18 01:00:00,42,val,0.297,0.26690388
Merzenhausen,2022-10-18 02:00:00,42,val,0.297,0.269193
Merzenhausen,2022-10-18 03:00:00,42,val,0.295,0.27695057
Merzenhausen,2022-10-18 04:00:00,42,val,0.295,0.27961862
Merzenhausen,2022-10-18 05:00:00,42,val,0.295,0.2786688
Merzenhausen,2022-10-18 06:00:00,42,val,0.302,0.27629378
Merzenhausen,2022-10-18 07:00:00,42,val,0.295,0.27425992
Merzenhausen,2022-10-18 08:00:00,42,val,0.295,0.27255708
Merzenhausen,2022-10-18 09:00:00,42,val,0.295,0.2715455
Merzenhausen,2022-10-18 10:00:00,42,val,0.295,0.27189046
Merzenhausen,2022-10-18 11:00:00,42,val,0.295,0.27288857
Merzenhausen,2022-10-18 12:00:00,42,val,0.295,0.27412003
Merzenhausen,2022-10-18 13:00:00,42,val,0.295,0.2756267
Merzenhausen,2022-10-18 14:00:00,42,val,0.3015,0.27701277
Merzenhausen,2022-10-18 15:00:00,42,val,0.295,0.27836218
Merzenhausen,2022-10-18 16:00:00,42,val,0.295,0.27893633
Merzenhausen,2022-10-18 17:00:00,42,val,0.295,0.27850044
Merzenhausen,2022-10-18 18:00:00,42,val,0.295,0.2773262
Merzenhausen,2022-10-18 19:00:00,42,val,0.295,0.27584815
Merzenhausen,2022-10-18 20:00:00,42,val,0.295,0.27421927
Merzenhausen,2022-10-18 21:00:00,42,val,0.295,0.2722758
Merzenhausen,2022-10-18 22:00:00,42,val,0.295,0.27039617
Merzenhausen,2022-10-18 23:00:00,42,val,0.294,0.26847193
Merzenhausen,2022-10-19 00:00:00,42,val,0.2905,0.2668106
Merzenhausen,2022-10-19 01:00:00,42,val,0.284,0.26706424
Merzenhausen,2022-10-19 02:00:00,42,val,0.294,0.26713377
Merzenhausen,2022-10-19 03:00:00,42,val,0.2905,0.26709577
Merzenhausen,2022-10-19 04:00:00,42,val,0.297,0.2662859
Merzenhausen,2022-10-19 05:00:00,42,val,0.297,0.26499245
Merzenhausen,2022-10-19 06:00:00,42,val,0.297,0.26336208
Merzenhausen,2022-10-19 07:00:00,42,val,0.296,0.2634254
Merzenhausen,2022-10-19 08:00:00,42,val,0.297,0.26305625
Merzenhausen,2022-10-19 09:00:00,42,val,0.3035,0.26434863
Merzenhausen,2022-10-19 10:00:00,42,val,0.2825,0.2656147
Merzenhausen,2022-10-19 11:00:00,42,val,0.295,0.26781318
Merzenhausen,2022-10-19 12:00:00,42,val,0.297,0.26956552
Merzenhausen,2022-10-19 13:00:00,42,val,0.305,0.271859
Merzenhausen,2022-10-19 14:00:00,42,val,0.297,0.27332297
Merzenhausen,2022-10-19 15:00:00,42,val,0.295,0.2743555
Merzenhausen,2022-10-19 16:00:00,42,val,0.295,0.27590522
Merzenhausen,2022-10-19 17:00:00,42,val,0.284,0.27652854
Merzenhausen,2022-10-19 18:00:00,42,val,0.297,0.2767722
Merzenhausen,2022-10-19 19:00:00,42,val,0.296,0.27670205
Merzenhausen,2022-10-19 20:00:00,42,val,0.296,0.27649796
Merzenhausen,2022-10-19 21:00:00,42,val,0.295,0.27616665
Merzenhausen,2022-10-19 22:00:00,42,val,0.294,0.27569592
Merzenhausen,2022-10-19 23:00:00,42,val,0.2915,0.27537966
Merzenhausen,2022-10-20 00:00:00,42,val,0.295,0.27501887
Merzenhausen,2022-10-20 01:00:00,42,val,0.297,0.274862
Merzenhausen,2022-10-20 02:00:00,42,val,0.296,0.27487913
Merzenhausen,2022-10-20 03:00:00,42,val,0.296,0.27460515
Merzenhausen,2022-10-20 04:00:00,42,val,0.299,0.27410364
Merzenhausen,2022-10-20 05:00:00,42,val,0.296,0.27342892
Merzenhausen,2022-10-20 06:00:00,42,val,0.296,0.27343562
Merzenhausen,2022-10-20 07:00:00,42,val,0.296,0.2729472
Merzenhausen,2022-10-20 08:00:00,42,val,0.296,0.2724142
Merzenhausen,2022-10-20 09:00:00,42,val,0.296,0.272016
Merzenhausen,2022-10-20 10:00:00,42,val,0.296,0.27182716
Merzenhausen,2022-10-20 11:00:00,42,val,0.296,0.27471295
Merzenhausen,2022-10-20 12:00:00,42,val,0.297,0.27787346
Merzenhausen,2022-10-20 13:00:00,42,val,0.297,0.27826762
Merzenhausen,2022-10-20 14:00:00,42,val,0.297,0.27832472
Merzenhausen,2022-10-20 15:00:00,42,val,0.297,0.2775141
Merzenhausen,2022-10-20 16:00:00,42,val,0.297,0.27651128
Merzenhausen,2022-10-20 17:00:00,42,val,0.297,0.2756455
Merzenhausen,2022-10-20 18:00:00,42,val,0.297,0.27504453
Merzenhausen,2022-10-20 19:00:00,42,val,0.297,0.27483895
Merzenhausen,2022-10-20 20:00:00,42,val,0.297,0.27483743
Merzenhausen,2022-10-20 21:00:00,42,val,0.297,0.27505982
Merzenhausen,2022-10-20 22:00:00,42,val,0.297,0.27551186
Merzenhausen,2022-10-20 23:00:00,42,val,0.297,0.28037024
Merzenhausen,2022-10-21 00:00:00,42,val,0.294,0.28197217
Merzenhausen,2022-10-21 01:00:00,42,val,0.294,0.280527
Merzenhausen,2022-10-21 02:00:00,42,val,0.294,0.27879927
Merzenhausen,2022-10-21 03:00:00,42,val,0.295,0.27768403
Merzenhausen,2022-10-21 04:00:00,42,val,0.295,0.27667117
Merzenhausen,2022-10-21 05:00:00,42,val,0.295,0.2764351
Merzenhausen,2022-10-21 06:00:00,42,val,0.295,0.2760566
Merzenhausen,2022-10-21 07:00:00,42,val,0.295,0.27646452
Merzenhausen,2022-10-21 08:00:00,42,val,0.293,0.277418
Merzenhausen,2022-10-21 09:00:00,42,val,0.295,0.2787258
Merzenhausen,2022-10-21 10:00:00,42,val,0.293,0.27745923
Merzenhausen,2022-10-21 11:00:00,42,val,0.294,0.2770765
Merzenhausen,2022-10-21 12:00:00,42,val,0.298,0.27797663
Merzenhausen,2022-10-21 13:00:00,42,val,0.293,0.28001124
Merzenhausen,2022-10-21 14:00:00,42,val,0.295,0.2812748
Merzenhausen,2022-10-21 15:00:00,42,val,0.293,0.28186035
Merzenhausen,2022-10-21 16:00:00,42,val,0.293,0.28185666
Merzenhausen,2022-10-21 17:00:00,42,val,0.293,0.27982318
Merzenhausen,2022-10-21 18:00:00,42,val,0.293,0.27861476
Merzenhausen,2022-10-21 19:00:00,42,val,0.293,0.27774364
Merzenhausen,2022-10-21 20:00:00,42,val,0.293,0.27715287
Merzenhausen,2022-10-21 21:00:00,42,val,0.293,0.27655312
Merzenhausen,2022-10-21 22:00:00,42,val,0.293,0.275744
Merzenhausen,2022-10-21 23:00:00,42,val,0.293,0.27500796
Merzenhausen,2022-10-22 00:00:00,42,val,0.295,0.2746853
Merzenhausen,2022-10-22 01:00:00,42,val,0.29,0.27498728
Merzenhausen,2022-10-22 02:00:00,42,val,0.29,0.27512217
Merzenhausen,2022-10-22 03:00:00,42,val,0.293,0.27486408
Merzenhausen,2022-10-22 04:00:00,42,val,0.292,0.2752848
Merzenhausen,2022-10-22 05:00:00,42,val,0.292,0.27579093
Merzenhausen,2022-10-22 06:00:00,42,val,0.292,0.27577406
Merzenhausen,2022-10-22 07:00:00,42,val,0.292,0.27583838
Merzenhausen,2022-10-22 08:00:00,42,val,0.292,0.27605602
Merzenhausen,2022-10-22 09:00:00,42,val,0.292,0.27632907
Merzenhausen,2022-10-22 10:00:00,42,val,0.29,0.27668673
Merzenhausen,2022-10-22 11:00:00,42,val,0.29,0.27710736
Merzenhausen,2022-10-22 12:00:00,42,val,0.292,0.27781337
Merzenhausen,2022-10-22 13:00:00,42,val,0.292,0.2785785
Merzenhausen,2022-10-22 14:00:00,42,val,0.292,0.2793631
Merzenhausen,2022-10-22 15:00:00,42,val,0.289,0.27996486
Merzenhausen,2022-10-22 16:00:00,42,val,0.289,0.28018174
Merzenhausen,2022-10-22 17:00:00,42,val,0.289,0.2799154
Merzenhausen,2022-10-22 18:00:00,42,val,0.29,0.2793911
Merzenhausen,2022-10-22 19:00:00,42,val,0.29,0.27873918
Merzenhausen,2022-10-22 20:00:00,42,val,0.29,0.27794963
Merzenhausen,2022-10-22 21:00:00,42,val,0.29,0.27741143
Merzenhausen,2022-10-22 22:00:00,42,val,0.29,0.27694392
Merzenhausen,2022-10-22 23:00:00,42,val,0.29,0.27663237
Merzenhausen,2022-10-23 00:00:00,42,val,0.29,0.27582553
Merzenhausen,2022-10-23 01:00:00,42,val,0.29,0.27469856
Merzenhausen,2022-10-23 02:00:00,42,val,0.29,0.27428037
Merzenhausen,2022-10-23 03:00:00,42,val,0.29,0.2744999
Merzenhausen,2022-10-23 04:00:00,42,val,0.29,0.27485335
Merzenhausen,2022-10-23 05:00:00,42,val,0.29,0.27485502
Merzenhausen,2022-10-23 06:00:00,42,val,0.29,0.27478546
Merzenhausen,2022-10-23 07:00:00,42,val,0.29,0.27452707
Merzenhausen,2022-10-23 08:00:00,42,val,0.288,0.2741907
Merzenhausen,2022-10-23 09:00:00,42,val,0.288,0.2743631
Merzenhausen,2022-10-23 10:00:00,42,val,0.288,0.27451268
Merzenhausen,2022-10-23 11:00:00,42,val,0.288,0.27489156
Merzenhausen,2022-10-23 12:00:00,42,val,0.288,0.27609068
Merzenhausen,2022-10-23 13:00:00,42,val,0.288,0.27695906
Merzenhausen,2022-10-23 14:00:00,42,val,0.288,0.2778491
Merzenhausen,2022-10-23 15:00:00,42,val,0.288,0.2784488
Merzenhausen,2022-10-23 16:00:00,42,val,0.288,0.27967915
Merzenhausen,2022-10-23 17:00:00,42,val,0.288,0.2818894
Merzenhausen,2022-10-23 18:00:00,42,val,0.288,0.28211674
Merzenhausen,2022-10-23 19:00:00,42,val,0.288,0.28151616
Merzenhausen,2022-10-23 20:00:00,42,val,0.286,0.28120598
Merzenhausen,2022-10-23 21:00:00,42,val,0.286,0.28124338
Merzenhausen,2022-10-23 22:00:00,42,val,0.286,0.28135386
Merzenhausen,2022-10-23 23:00:00,42,val,0.286,0.28136826
Merzenhausen,2022-10-24 00:00:00,42,val,0.286,0.28176135
Merzenhausen,2022-10-24 01:00:00,42,val,0.288,0.28255698
Merzenhausen,2022-10-24 02:00:00,42,val,0.287,0.28307444
Merzenhausen,2022-10-24 03:00:00,42,val,0.286,0.28353655
Merzenhausen,2022-10-24 04:00:00,42,val,0.286,0.28382415
Merzenhausen,2022-10-24 05:00:00,42,val,0.286,0.28366745
Merzenhausen,2022-10-24 06:00:00,42,val,0.286,0.283312
Merzenhausen,2022-10-24 07:00:00,42,val,0.286,0.28290817
Merzenhausen,2022-10-24 08:00:00,42,val,0.286,0.2825426
Merzenhausen,2022-10-24 09:00:00,42,val,0.286,0.28227383
Merzenhausen,2022-10-24 10:00:00,42,val,0.288,0.28188658
Merzenhausen,2022-10-24 11:00:00,42,val,0.285,0.28168562
Merzenhausen,2022-10-24 12:00:00,42,val,0.285,0.2818061
Merzenhausen,2022-10-24 13:00:00,42,val,0.286,0.28209952
Merzenhausen,2022-10-24 14:00:00,42,val,0.286,0.2823448
Merzenhausen,2022-10-24 15:00:00,42,val,0.286,0.28198856
Merzenhausen,2022-10-24 16:00:00,42,val,0.286,0.28121328
Merzenhausen,2022-10-24 17:00:00,42,val,0.286,0.28008854
Merzenhausen,2022-10-24 18:00:00,42,val,0.286,0.27888188
Merzenhausen,2022-10-24 19:00:00,42,val,0.283,0.2780913
Merzenhausen,2022-10-24 20:00:00,42,val,0.283,0.27753413
Merzenhausen,2022-10-24 21:00:00,42,val,0.284,0.27727932
Merzenhausen,2022-10-24 22:00:00,42,val,0.284,0.27716002
Merzenhausen,2022-10-24 23:00:00,42,val,0.284,0.27717817
Merzenhausen,2022-10-25 00:00:00,42,val,0.284,0.27731186
Merzenhausen,2022-10-25 01:00:00,42,val,0.284,0.27743047
Merzenhausen,2022-10-25 02:00:00,42,val,0.284,0.27734715
Merzenhausen,2022-10-25 03:00:00,42,val,0.286,0.27747053
Merzenhausen,2022-10-25 04:00:00,42,val,0.283,0.2793175
Merzenhausen,2022-10-25 05:00:00,42,val,0.281,0.2794887
Merzenhausen,2022-10-25 06:00:00,42,val,0.283,0.2786105
Merzenhausen,2022-10-25 07:00:00,42,val,0.284,0.27735475
Merzenhausen,2022-10-25 08:00:00,42,val,0.284,0.27596346
Merzenhausen,2022-10-25 09:00:00,42,val,0.281,0.27476454
Merzenhausen,2022-10-25 10:00:00,42,val,0.283,0.27384144
Merzenhausen,2022-10-25 11:00:00,42,val,0.284,0.27334535
Merzenhausen,2022-10-25 12:00:00,42,val,0.281,0.2732581
Merzenhausen,2022-10-25 13:00:00,42,val,0.281,0.2734236
Merzenhausen,2022-10-25 14:00:00,42,val,0.281,0.2736704
Merzenhausen,2022-10-25 15:00:00,42,val,0.281,0.27384162
Merzenhausen,2022-10-25 16:00:00,42,val,0.281,0.273843
Merzenhausen,2022-10-25 17:00:00,42,val,0.281,0.27310693
Merzenhausen,2022-10-25 18:00:00,42,val,0.281,0.27189603
Merzenhausen,2022-10-25 19:00:00,42,val,0.281,0.27045733
Merzenhausen,2022-10-25 20:00:00,42,val,0.281,0.26877087
Merzenhausen,2022-10-25 21:00:00,42,val,0.281,0.26724234
Merzenhausen,2022-10-25 22:00:00,42,val,0.281,0.2665241
Merzenhausen,2022-10-25 23:00:00,42,val,0.281,0.26618335
Merzenhausen,2022-10-26 00:00:00,42,val,0.281,0.2665014
Merzenhausen,2022-10-26 01:00:00,42,val,0.281,0.2673064
Merzenhausen,2022-10-26 02:00:00,42,val,0.281,0.2682535
Merzenhausen,2022-10-26 03:00:00,42,val,0.281,0.26907647
Merzenhausen,2022-10-26 04:00:00,42,val,0.281,0.26954532
Merzenhausen,2022-10-26 05:00:00,42,val,0.281,0.26994377
Merzenhausen,2022-10-26 06:00:00,42,val,0.281,0.27022785
Merzenhausen,2022-10-26 07:00:00,42,val,0.281,0.2701184
Merzenhausen,2022-10-26 08:00:00,42,val,0.278,0.27016485
Merzenhausen,2022-10-26 09:00:00,42,val,0.279,0.27059433
Merzenhausen,2022-10-26 10:00:00,42,val,0.279,0.27156466
Merzenhausen,2022-10-26 11:00:00,42,val,0.277,0.27236933
Merzenhausen,2022-10-26 12:00:00,42,val,0.277,0.2732659
Merzenhausen,2022-10-26 13:00:00,42,val,0.277,0.27436772
Merzenhausen,2022-10-26 14:00:00,42,val,0.275,0.27553385
Merzenhausen,2022-10-26 15:00:00,42,val,0.275,0.2765658
Merzenhausen,2022-10-26 16:00:00,42,val,0.275,0.2772321
Merzenhausen,2022-10-26 17:00:00,42,val,0.275,0.27717185
Merzenhausen,2022-10-26 18:00:00,42,val,0.275,0.27666458
Merzenhausen,2022-10-26 19:00:00,42,val,0.275,0.27530235
Merzenhausen,2022-10-26 20:00:00,42,val,0.275,0.27320668
Merzenhausen,2022-10-26 21:00:00,42,val,0.275,0.27181375
Merzenhausen,2022-10-26 22:00:00,42,val,0.275,0.2705693
Merzenhausen,2022-10-26 23:00:00,42,val,0.277,0.2693821
Merzenhausen,2022-10-27 00:00:00,42,val,0.277,0.26841572
Merzenhausen,2022-10-27 01:00:00,42,val,0.275,0.26794004
Merzenhausen,2022-10-27 02:00:00,42,val,0.277,0.2669595
Merzenhausen,2022-10-27 03:00:00,42,val,0.277,0.2662555
Merzenhausen,2022-10-27 04:00:00,42,val,0.277,0.26566285
Merzenhausen,2022-10-27 05:00:00,42,val,0.277,0.26477337
Merzenhausen,2022-10-27 06:00:00,42,val,0.277,0.26384833
Merzenhausen,2022-10-27 07:00:00,42,val,0.275,0.26358655
Merzenhausen,2022-10-27 08:00:00,42,val,0.276,0.26391175
Merzenhausen,2022-10-27 09:00:00,42,val,0.276,0.26431692
Merzenhausen,2022-10-27 10:00:00,42,val,0.277,0.26511922
Merzenhausen,2022-10-27 11:00:00,42,val,0.277,0.26643458
Merzenhausen,2022-10-27 12:00:00,42,val,0.274,0.26769438
Merzenhausen,2022-10-27 13:00:00,42,val,0.274,0.26897544
Merzenhausen,2022-10-27 14:00:00,42,val,0.274,0.2703515
Merzenhausen,2022-10-27 15:00:00,42,val,0.275,0.2716246
Merzenhausen,2022-10-27 16:00:00,42,val,0.275,0.27262515
Merzenhausen,2022-10-27 17:00:00,42,val,0.275,0.27347377
Merzenhausen,2022-10-27 18:00:00,42,val,0.274,0.27374694
Merzenhausen,2022-10-27 19:00:00,42,val,0.275,0.27335832
Merzenhausen,2022-10-27 20:00:00,42,val,0.275,0.27330974
Merzenhausen,2022-10-27 21:00:00,42,val,0.275,0.27377626
Merzenhausen,2022-10-27 22:00:00,42,val,0.272,0.27450544
Merzenhausen,2022-10-27 23:00:00,42,val,0.273,0.2751933
Merzenhausen,2022-10-28 00:00:00,42,val,0.274,0.27587673
Merzenhausen,2022-10-28 01:00:00,42,val,0.273,0.27619055
Merzenhausen,2022-10-28 02:00:00,42,val,0.273,0.27610853
Merzenhausen,2022-10-28 03:00:00,42,val,0.274,0.27515045
Merzenhausen,2022-10-28 04:00:00,42,val,0.273,0.27438894
Merzenhausen,2022-10-28 05:00:00,42,val,0.275,0.27344465
Merzenhausen,2022-10-28 06:00:00,42,val,0.275,0.2722463
Merzenhausen,2022-10-28 07:00:00,42,val,0.272,0.27127597
Merzenhausen,2022-10-28 08:00:00,42,val,0.273,0.2703179
Merzenhausen,2022-10-28 09:00:00,42,val,0.274,0.27011973
Merzenhausen,2022-10-28 10:00:00,42,val,0.272,0.27037054
Merzenhausen,2022-10-28 11:00:00,42,val,0.273,0.27090454
Merzenhausen,2022-10-28 12:00:00,42,val,0.27,0.27165186
Merzenhausen,2022-10-28 13:00:00,42,val,0.27,0.27267072
Merzenhausen,2022-10-28 14:00:00,42,val,0.268,0.27355927
Merzenhausen,2022-10-28 15:00:00,42,val,0.268,0.27425155
Merzenhausen,2022-10-28 16:00:00,42,val,0.268,0.27458996
Merzenhausen,2022-10-28 17:00:00,42,val,0.268,0.2742266
Merzenhausen,2022-10-28 18:00:00,42,val,0.268,0.27309617
Merzenhausen,2022-10-28 19:00:00,42,val,0.268,0.2723288
Merzenhausen,2022-10-28 20:00:00,42,val,0.268,0.27189606
Merzenhausen,2022-10-28 21:00:00,42,val,0.268,0.27114102
Merzenhausen,2022-10-28 22:00:00,42,val,0.269,0.27052858
Merzenhausen,2022-10-28 23:00:00,42,val,0.269,0.27026108
Merzenhausen,2022-10-29 00:00:00,42,val,0.269,0.27046397
Merzenhausen,2022-10-29 01:00:00,42,val,0.266,0.27028617
Merzenhausen,2022-10-29 02:00:00,42,val,0.266,0.27002847
Merzenhausen,2022-10-29 03:00:00,42,val,0.266,0.26965904
Merzenhausen,2022-10-29 04:00:00,42,val,0.268,0.2692373
Merzenhausen,2022-10-29 05:00:00,42,val,0.268,0.268923
Merzenhausen,2022-10-29 06:00:00,42,val,0.268,0.26850304
Merzenhausen,2022-10-29 07:00:00,42,val,0.268,0.26746607
Merzenhausen,2022-10-29 08:00:00,42,val,0.268,0.2670152
Merzenhausen,2022-10-29 09:00:00,42,val,0.271,0.26711082
Merzenhausen,2022-10-29 10:00:00,42,val,0.268,0.26755613
Merzenhausen,2022-10-29 11:00:00,42,val,0.269,0.26837927
Merzenhausen,2022-10-29 12:00:00,42,val,0.269,0.26907793
Merzenhausen,2022-10-29 13:00:00,42,val,0.266,0.26979265
Merzenhausen,2022-10-29 14:00:00,42,val,0.267,0.27049592
Merzenhausen,2022-10-29 15:00:00,42,val,0.267,0.2712478
Merzenhausen,2022-10-29 16:00:00,42,val,0.267,0.27169687
Merzenhausen,2022-10-29 17:00:00,42,val,0.267,0.2714634
Merzenhausen,2022-10-29 18:00:00,42,val,0.267,0.2709364
Merzenhausen,2022-10-29 19:00:00,42,val,0.267,0.27004924
Merzenhausen,2022-10-29 20:00:00,42,val,0.264,0.26906765
Merzenhausen,2022-10-29 21:00:00,42,val,0.264,0.26778924
Merzenhausen,2022-10-29 22:00:00,42,val,0.264,0.26615703
Merzenhausen,2022-10-29 23:00:00,42,val,0.264,0.2651549
Merzenhausen,2022-10-30 00:00:00,42,val,0.264,0.26436126
Merzenhausen,2022-10-30 01:00:00,42,val,0.266,0.26355982
Merzenhausen,2022-10-30 02:00:00,42,val,0.265,0.26301515
Merzenhausen,2022-10-30 03:00:00,42,val,0.266,0.26221815
Merzenhausen,2022-10-30 04:00:00,42,val,0.264,0.26068348
Merzenhausen,2022-10-30 05:00:00,42,val,0.266,0.25970995
Merzenhausen,2022-10-30 06:00:00,42,val,0.264,0.2585347
Merzenhausen,2022-10-30 07:00:00,42,val,0.264,0.25726244
Merzenhausen,2022-10-30 08:00:00,42,val,0.264,0.25688356
Merzenhausen,2022-10-30 09:00:00,42,val,0.262,0.25744173
Merzenhausen,2022-10-30 10:00:00,42,val,0.263,0.25843355
Merzenhausen,2022-10-30 11:00:00,42,val,0.262,0.25975358
Merzenhausen,2022-10-30 12:00:00,42,val,0.26,0.26092106
Merzenhausen,2022-10-30 13:00:00,42,val,0.261,0.26219428
Merzenhausen,2022-10-30 14:00:00,42,val,0.258,0.26325554
Merzenhausen,2022-10-30 15:00:00,42,val,0.257,0.2641751
Merzenhausen,2022-10-30 16:00:00,42,val,0.26,0.26456112
Merzenhausen,2022-10-30 17:00:00,42,val,0.26,0.2642903
Merzenhausen,2022-10-30 18:00:00,42,val,0.261,0.26361632
Merzenhausen,2022-10-30 19:00:00,42,val,0.26,0.26229203
Merzenhausen,2022-10-30 20:00:00,42,val,0.258,0.2606616
Merzenhausen,2022-10-30 21:00:00,42,val,0.258,0.25868142
Merzenhausen,2022-10-30 22:00:00,42,val,0.258,0.25772852
Merzenhausen,2022-10-30 23:00:00,42,val,0.259,0.25752345
Merzenhausen,2022-10-31 00:00:00,42,val,0.259,0.25763184
Merzenhausen,2022-10-31 01:00:00,42,val,0.259,0.25761464
Merzenhausen,2022-10-31 02:00:00,42,val,0.26,0.25664118
Merzenhausen,2022-10-31 03:00:00,42,val,0.256,0.2559502
Merzenhausen,2022-10-31 04:00:00,42,val,0.256,0.25511694
Merzenhausen,2022-10-31 05:00:00,42,val,0.256,0.25401774
Merzenhausen,2022-10-31 06:00:00,42,val,0.258,0.25315657
Merzenhausen,2022-10-31 07:00:00,42,val,0.257,0.25272042
Merzenhausen,2022-10-31 08:00:00,42,val,0.257,0.25254926
Merzenhausen,2022-10-31 09:00:00,42,val,0.258,0.25331464
Merzenhausen,2022-10-31 10:00:00,42,val,0.256,0.25421077
Merzenhausen,2022-10-31 11:00:00,42,val,0.254,0.25524354
Merzenhausen,2022-10-31 12:00:00,42,val,0.255,0.2563984
Merzenhausen,2022-10-31 13:00:00,42,val,0.252,0.25704378
Merzenhausen,2022-10-31 14:00:00,42,val,0.253,0.25755307
Merzenhausen,2022-10-31 15:00:00,42,val,0.25,0.25799903
Merzenhausen,2022-10-31 16:00:00,42,val,0.25,0.25814563
Merzenhausen,2022-10-31 17:00:00,42,val,0.25,0.25815725
Merzenhausen,2022-10-31 18:00:00,42,val,0.252,0.25754046
Merzenhausen,2022-10-31 19:00:00,42,val,0.253,0.25673395
Merzenhausen,2022-10-31 20:00:00,42,val,0.252,0.25523183
Merzenhausen,2022-10-31 21:00:00,42,val,0.252,0.2540388
Merzenhausen,2022-10-31 22:00:00,42,val,0.252,0.2542411
Merzenhausen,2022-10-31 23:00:00,42,val,0.253,0.2561881
Merzenhausen,2022-11-01 00:00:00,42,val,0.253,0.258276
Merzenhausen,2022-11-01 01:00:00,42,val,0.25,0.26003048
Merzenhausen,2022-11-01 02:00:00,42,val,0.253,0.26135904
Merzenhausen,2022-11-01 03:00:00,42,val,0.25,0.2625337
Merzenhausen,2022-11-01 04:00:00,42,val,0.25,0.26313007
Merzenhausen,2022-11-01 05:00:00,42,val,0.251,0.26348475
Merzenhausen,2022-11-01 06:00:00,42,val,0.251,0.26301295
Merzenhausen,2022-11-01 07:00:00,42,val,0.251,0.2618483
Merzenhausen,2022-11-01 08:00:00,42,val,0.252,0.26059276
Merzenhausen,2022-11-01 09:00:00,42,val,0.249,0.25932676
Merzenhausen,2022-11-01 10:00:00,42,val,0.249,0.25844136
Merzenhausen,2022-11-01 11:00:00,42,val,0.251,0.25776437
Merzenhausen,2022-11-01 12:00:00,42,val,0.248,0.25696054
Merzenhausen,2022-11-01 13:00:00,42,val,0.249,0.2563456
Merzenhausen,2022-11-01 14:00:00,42,val,0.249,0.2553228
Merzenhausen,2022-11-01 15:00:00,42,val,0.251,0.25388512
Merzenhausen,2022-11-01 16:00:00,42,val,0.249,0.25245747
Merzenhausen,2022-11-01 17:00:00,42,val,0.249,0.25078917
Merzenhausen,2022-11-01 18:00:00,42,val,0.249,0.24912757
Merzenhausen,2022-11-01 19:00:00,42,val,0.249,0.2476736
Merzenhausen,2022-11-01 20:00:00,42,val,0.248,0.24619633
Merzenhausen,2022-11-01 21:00:00,42,val,0.248,0.24544723
Merzenhausen,2022-11-01 22:00:00,42,val,0.248,0.2451826
Merzenhausen,2022-11-01 23:00:00,42,val,0.248,0.24587451
Merzenhausen,2022-11-02 00:00:00,42,val,0.248,0.24689054
Merzenhausen,2022-11-02 01:00:00,42,val,0.248,0.24778219
Merzenhausen,2022-11-02 02:00:00,42,val,0.248,0.24874756
Merzenhausen,2022-11-02 03:00:00,42,val,0.249,0.24902305
Merzenhausen,2022-11-02 04:00:00,42,val,0.249,0.24851191
Merzenhausen,2022-11-02 05:00:00,42,val,0.249,0.24769703
Merzenhausen,2022-11-02 06:00:00,42,val,0.248,0.24686727
Merzenhausen,2022-11-02 07:00:00,42,val,0.249,0.24588966
Merzenhausen,2022-11-02 08:00:00,42,val,0.248,0.24501725
Merzenhausen,2022-11-02 09:00:00,42,val,0.248,0.24457605
Merzenhausen,2022-11-02 10:00:00,42,val,0.248,0.24427028
Merzenhausen,2022-11-02 11:00:00,42,val,0.249,0.24378689
Merzenhausen,2022-11-02 12:00:00,42,val,0.249,0.24351847
Merzenhausen,2022-11-02 13:00:00,42,val,0.249,0.24309188
Merzenhausen,2022-11-02 14:00:00,42,val,0.251,0.24272381
Merzenhausen,2022-11-02 15:00:00,42,val,0.251,0.24172077
Merzenhausen,2022-11-02 16:00:00,42,val,0.249,0.2400864
Merzenhausen,2022-11-02 17:00:00,42,val,0.249,0.23795098
Merzenhausen,2022-11-02 18:00:00,42,val,0.248,0.23592623
Merzenhausen,2022-11-02 19:00:00,42,val,0.248,0.23413296
Merzenhausen,2022-11-02 20:00:00,42,val,0.248,0.23304975
Merzenhausen,2022-11-02 21:00:00,42,val,0.249,0.23292497
Merzenhausen,2022-11-02 22:00:00,42,val,0.249,0.23323208
Merzenhausen,2022-11-02 23:00:00,42,val,0.249,0.23378056
Merzenhausen,2022-11-03 00:00:00,42,val,0.2505,0.23500744
Merzenhausen,2022-11-03 01:00:00,42,val,0.2289999999999999,0.23627941
Merzenhausen,2022-11-03 02:00:00,42,val,0.248,0.23740444
Merzenhausen,2022-11-03 03:00:00,42,val,0.248,0.23765379
Merzenhausen,2022-11-03 04:00:00,42,val,0.248,0.23756391
Merzenhausen,2022-11-03 05:00:00,42,val,0.249,0.23791091
Merzenhausen,2022-11-03 06:00:00,42,val,0.249,0.23783411
Merzenhausen,2022-11-03 07:00:00,42,val,0.249,0.23746641
Merzenhausen,2022-11-03 08:00:00,42,val,0.249,0.2372682
Merzenhausen,2022-11-03 09:00:00,42,val,0.247,0.23684455
Merzenhausen,2022-11-03 10:00:00,42,val,0.247,0.23631114
Merzenhausen,2022-11-03 11:00:00,42,val,0.244,0.23624736
Merzenhausen,2022-11-03 12:00:00,42,val,0.244,0.23603778
Merzenhausen,2022-11-03 13:00:00,42,val,0.245,0.23591207
Merzenhausen,2022-11-03 14:00:00,42,val,0.245,0.23582426
Merzenhausen,2022-11-03 15:00:00,42,val,0.245,0.2359933
Merzenhausen,2022-11-03 16:00:00,42,val,0.243,0.23580076
Merzenhausen,2022-11-03 17:00:00,42,val,0.243,0.23534973
Merzenhausen,2022-11-03 18:00:00,42,val,0.243,0.23482466
Merzenhausen,2022-11-03 19:00:00,42,val,0.243,0.23479214
Merzenhausen,2022-11-03 20:00:00,42,val,0.243,0.23454183
Merzenhausen,2022-11-03 21:00:00,42,val,0.243,0.23438504
Merzenhausen,2022-11-03 22:00:00,42,val,0.245,0.23819071
Merzenhausen,2022-11-03 23:00:00,42,val,0.247,0.2388423
Merzenhausen,2022-11-04 00:00:00,42,val,0.247,0.23793645
Merzenhausen,2022-11-04 01:00:00,42,val,0.247,0.2364369
Merzenhausen,2022-11-04 02:00:00,42,val,0.245,0.23432103
Merzenhausen,2022-11-04 03:00:00,42,val,0.245,0.23253973
Merzenhausen,2022-11-04 04:00:00,42,val,0.245,0.23088676
Merzenhausen,2022-11-04 05:00:00,42,val,0.245,0.22886789
Merzenhausen,2022-11-04 06:00:00,42,val,0.245,0.22683603
Merzenhausen,2022-11-04 07:00:00,42,val,0.246,0.22554067
Merzenhausen,2022-11-04 08:00:00,42,val,0.246,0.22505255
Merzenhausen,2022-11-04 09:00:00,42,val,0.244,0.22494115
Merzenhausen,2022-11-04 10:00:00,42,val,0.244,0.2272748
Merzenhausen,2022-11-04 11:00:00,42,val,0.242,0.22858231
Merzenhausen,2022-11-04 12:00:00,42,val,0.243,0.22926497
Merzenhausen,2022-11-04 13:00:00,42,val,0.244,0.2295377
Merzenhausen,2022-11-04 14:00:00,42,val,0.241,0.22991854
Merzenhausen,2022-11-04 15:00:00,42,val,0.241,0.23022626
Merzenhausen,2022-11-04 16:00:00,42,val,0.241,0.23009121
Merzenhausen,2022-11-04 17:00:00,42,val,0.241,0.22970213
Merzenhausen,2022-11-04 18:00:00,42,val,0.241,0.22907954
Merzenhausen,2022-11-04 19:00:00,42,val,0.241,0.22808869
Merzenhausen,2022-11-04 20:00:00,42,val,0.244,0.22766559
Merzenhausen,2022-11-04 21:00:00,42,val,0.241,0.22770831
Merzenhausen,2022-11-04 22:00:00,42,val,0.241,0.22778985
Merzenhausen,2022-11-04 23:00:00,42,val,0.241,0.22769578
Merzenhausen,2022-11-05 00:00:00,42,val,0.241,0.22757484
Merzenhausen,2022-11-05 01:00:00,42,val,0.241,0.22546181
Merzenhausen,2022-11-05 02:00:00,42,val,0.241,0.22437286
Merzenhausen,2022-11-05 03:00:00,42,val,0.241,0.22402383
Merzenhausen,2022-11-05 04:00:00,42,val,0.241,0.22385347
Merzenhausen,2022-11-05 05:00:00,42,val,0.241,0.22379023
Merzenhausen,2022-11-05 06:00:00,42,val,0.241,0.22352491
Merzenhausen,2022-11-05 07:00:00,42,val,0.241,0.22317071
Merzenhausen,2022-11-05 08:00:00,42,val,0.243,0.2232402
Merzenhausen,2022-11-05 09:00:00,42,val,0.243,0.2235203
Merzenhausen,2022-11-05 10:00:00,42,val,0.242,0.2239638
Merzenhausen,2022-11-05 11:00:00,42,val,0.241,0.22411573
Merzenhausen,2022-11-05 12:00:00,42,val,0.241,0.22412574
Merzenhausen,2022-11-05 13:00:00,42,val,0.241,0.22440314
Merzenhausen,2022-11-05 14:00:00,42,val,0.238,0.22476609
Merzenhausen,2022-11-05 15:00:00,42,val,0.239,0.22504213
Merzenhausen,2022-11-05 16:00:00,42,val,0.239,0.22469698
Merzenhausen,2022-11-05 17:00:00,42,val,0.239,0.22412239
Merzenhausen,2022-11-05 18:00:00,42,val,0.239,0.2235688
Merzenhausen,2022-11-05 19:00:00,42,val,0.239,0.22323906
Merzenhausen,2022-11-05 20:00:00,42,val,0.239,0.22311997
Merzenhausen,2022-11-05 21:00:00,42,val,0.239,0.22327326
Merzenhausen,2022-11-05 22:00:00,42,val,0.239,0.22396655
Merzenhausen,2022-11-05 23:00:00,42,val,0.239,0.22485594
Merzenhausen,2022-11-06 00:00:00,42,val,0.239,0.22518146
Merzenhausen,2022-11-06 01:00:00,42,val,0.239,0.22615147
Merzenhausen,2022-11-06 02:00:00,42,val,0.239,0.22688729
Merzenhausen,2022-11-06 03:00:00,42,val,0.237,0.2273652
Merzenhausen,2022-11-06 04:00:00,42,val,0.24,0.22766188
Merzenhausen,2022-11-06 05:00:00,42,val,0.238,0.22765274
Merzenhausen,2022-11-06 06:00:00,42,val,0.238,0.22693816
Merzenhausen,2022-11-06 07:00:00,42,val,0.238,0.22625364
Merzenhausen,2022-11-06 08:00:00,42,val,0.238,0.22590004
Merzenhausen,2022-11-06 09:00:00,42,val,0.237,0.2254305
Merzenhausen,2022-11-06 10:00:00,42,val,0.237,0.22513656
Merzenhausen,2022-11-06 11:00:00,42,val,0.238,0.22476166
Merzenhausen,2022-11-06 12:00:00,42,val,0.235,0.22470969
Merzenhausen,2022-11-06 13:00:00,42,val,0.236,0.22483236
Merzenhausen,2022-11-06 14:00:00,42,val,0.233,0.22460043
Merzenhausen,2022-11-06 15:00:00,42,val,0.235,0.22542728
Merzenhausen,2022-11-06 16:00:00,42,val,0.233,0.22739457
Merzenhausen,2022-11-06 17:00:00,42,val,0.233,0.2267367
Merzenhausen,2022-11-06 18:00:00,42,val,0.233,0.22532709
Merzenhausen,2022-11-06 19:00:00,42,val,0.233,0.22376758
Merzenhausen,2022-11-06 20:00:00,42,val,0.235,0.22301462
Merzenhausen,2022-11-06 21:00:00,42,val,0.233,0.2228075
Merzenhausen,2022-11-06 22:00:00,42,val,0.233,0.22319208
Merzenhausen,2022-11-06 23:00:00,42,val,0.233,0.22394134
Merzenhausen,2022-11-07 00:00:00,42,val,0.235,0.22492218
Merzenhausen,2022-11-07 01:00:00,42,val,0.235,0.22612137
Merzenhausen,2022-11-07 02:00:00,42,val,0.234,0.22723328
Merzenhausen,2022-11-07 03:00:00,42,val,0.236,0.22820541
Merzenhausen,2022-11-07 04:00:00,42,val,0.234,0.22876504
Merzenhausen,2022-11-07 05:00:00,42,val,0.233,0.22890691
Merzenhausen,2022-11-07 06:00:00,42,val,0.235,0.22870718
Merzenhausen,2022-11-07 07:00:00,42,val,0.235,0.22838227
Merzenhausen,2022-11-07 08:00:00,42,val,0.233,0.22860575
Merzenhausen,2022-11-07 09:00:00,42,val,0.233,0.22858627
Merzenhausen,2022-11-07 10:00:00,42,val,0.232,0.22832127
Merzenhausen,2022-11-07 11:00:00,42,val,0.233,0.22796439
Merzenhausen,2022-11-07 12:00:00,42,val,0.231,0.22811161
Merzenhausen,2022-11-07 13:00:00,42,val,0.231,0.22799465
Merzenhausen,2022-11-07 14:00:00,42,val,0.229,0.22718608
Merzenhausen,2022-11-07 15:00:00,42,val,0.229,0.2262992
Merzenhausen,2022-11-07 16:00:00,42,val,0.229,0.22535458
Merzenhausen,2022-11-07 17:00:00,42,val,0.23,0.22446895
Merzenhausen,2022-11-07 18:00:00,42,val,0.227,0.22392355
Merzenhausen,2022-11-07 19:00:00,42,val,0.227,0.22353145
Merzenhausen,2022-11-07 20:00:00,42,val,0.227,0.22343455
Merzenhausen,2022-11-07 21:00:00,42,val,0.228,0.22358684
Merzenhausen,2022-11-07 22:00:00,42,val,0.228,0.22397822
Merzenhausen,2022-11-07 23:00:00,42,val,0.228,0.22419162
Merzenhausen,2022-11-08 00:00:00,42,val,0.228,0.22479275
Merzenhausen,2022-11-08 01:00:00,42,val,0.228,0.22533606
Merzenhausen,2022-11-08 02:00:00,42,val,0.23,0.2258022
Merzenhausen,2022-11-08 03:00:00,42,val,0.23,0.22579536
Merzenhausen,2022-11-08 04:00:00,42,val,0.232,0.2257078
Merzenhausen,2022-11-08 05:00:00,42,val,0.232,0.22524928
Merzenhausen,2022-11-08 06:00:00,42,val,0.229,0.22440155
Merzenhausen,2022-11-08 07:00:00,42,val,0.23,0.22333774
Merzenhausen,2022-11-08 08:00:00,42,val,0.23,0.22253154
Merzenhausen,2022-11-08 09:00:00,42,val,0.228,0.22210233
Merzenhausen,2022-11-08 10:00:00,42,val,0.228,0.22203495
Merzenhausen,2022-11-08 11:00:00,42,val,0.226,0.22252597
Merzenhausen,2022-11-08 12:00:00,42,val,0.227,0.22284591
Merzenhausen,2022-11-08 13:00:00,42,val,0.224,0.2233178
Merzenhausen,2022-11-08 14:00:00,42,val,0.225,0.2233935
Merzenhausen,2022-11-08 15:00:00,42,val,0.225,0.22357334
Merzenhausen,2022-11-08 16:00:00,42,val,0.225,0.22336332
Merzenhausen,2022-11-08 17:00:00,42,val,0.225,0.22299848
Merzenhausen,2022-11-08 18:00:00,42,val,0.223,0.22259513
Merzenhausen,2022-11-08 19:00:00,42,val,0.225,0.22234073
Merzenhausen,2022-11-08 20:00:00,42,val,0.226,0.22261311
Merzenhausen,2022-11-08 21:00:00,42,val,0.226,0.22307463
Merzenhausen,2022-11-08 22:00:00,42,val,0.226,0.22383384
Merzenhausen,2022-11-08 23:00:00,42,val,0.224,0.22459199
Merzenhausen,2022-11-09 00:00:00,42,val,0.224,0.22564244
Merzenhausen,2022-11-09 01:00:00,42,val,0.224,0.22668137
Merzenhausen,2022-11-09 02:00:00,42,val,0.224,0.2274517
Merzenhausen,2022-11-09 03:00:00,42,val,0.224,0.22816789
Merzenhausen,2022-11-09 04:00:00,42,val,0.222,0.22855414
Merzenhausen,2022-11-09 05:00:00,42,val,0.222,0.22872168
Merzenhausen,2022-11-09 06:00:00,42,val,0.223,0.2282236
Merzenhausen,2022-11-09 07:00:00,42,val,0.223,0.22733536
Merzenhausen,2022-11-09 08:00:00,42,val,0.22,0.22605662
Merzenhausen,2022-11-09 09:00:00,42,val,0.221,0.22487389
Merzenhausen,2022-11-09 10:00:00,42,val,0.221,0.22366501
Merzenhausen,2022-11-09 11:00:00,42,val,0.223,0.22290418
Merzenhausen,2022-11-09 12:00:00,42,val,0.221,0.22224578
Merzenhausen,2022-11-09 13:00:00,42,val,0.222,0.22164708
Merzenhausen,2022-11-09 14:00:00,42,val,0.223,0.220731
Merzenhausen,2022-11-09 15:00:00,42,val,0.223,0.21955788
Merzenhausen,2022-11-09 16:00:00,42,val,0.222,0.2181793
Merzenhausen,2022-11-09 17:00:00,42,val,0.222,0.21683054
Merzenhausen,2022-11-09 18:00:00,42,val,0.223,0.2147521
Merzenhausen,2022-11-09 19:00:00,42,val,0.222,0.21318482
Merzenhausen,2022-11-09 20:00:00,42,val,0.22,0.21226656
Merzenhausen,2022-11-09 21:00:00,42,val,0.22,0.21245548
Merzenhausen,2022-11-09 22:00:00,42,val,0.221,0.21316405
Merzenhausen,2022-11-09 23:00:00,42,val,0.221,0.21402726
Merzenhausen,2022-11-10 00:00:00,42,val,0.219,0.2149663
Merzenhausen,2022-11-10 01:00:00,42,val,0.221,0.2157996
Merzenhausen,2022-11-10 02:00:00,42,val,0.221,0.21658441
Merzenhausen,2022-11-10 03:00:00,42,val,0.22,0.21680713
Merzenhausen,2022-11-10 04:00:00,42,val,0.221,0.21707523
Merzenhausen,2022-11-10 05:00:00,42,val,0.221,0.21717225
Merzenhausen,2022-11-10 06:00:00,42,val,0.219,0.21653199
Merzenhausen,2022-11-10 07:00:00,42,val,0.219,0.21565871
Merzenhausen,2022-11-10 08:00:00,42,val,0.219,0.21501414
Merzenhausen,2022-11-10 09:00:00,42,val,0.22,0.2144879
Merzenhausen,2022-11-10 10:00:00,42,val,0.22,0.21426971
Merzenhausen,2022-11-10 11:00:00,42,val,0.2225,0.2141089
Merzenhausen,2022-11-10 12:00:00,42,val,0.219,0.21423145
Merzenhausen,2022-11-10 13:00:00,42,val,0.219,0.21415634
Merzenhausen,2022-11-10 14:00:00,42,val,0.219,0.21419524
Merzenhausen,2022-11-10 15:00:00,42,val,0.219,0.21404086
Merzenhausen,2022-11-10 16:00:00,42,val,0.219,0.21340635
Merzenhausen,2022-11-10 17:00:00,42,val,0.219,0.21222264
Merzenhausen,2022-11-10 18:00:00,42,val,0.219,0.21061338
Merzenhausen,2022-11-10 19:00:00,42,val,0.219,0.20945527
Merzenhausen,2022-11-10 20:00:00,42,val,0.219,0.20832545
Merzenhausen,2022-11-10 21:00:00,42,val,0.216,0.2082118
Merzenhausen,2022-11-10 22:00:00,42,val,0.217,0.20833369
Merzenhausen,2022-11-10 23:00:00,42,val,0.217,0.20844169
Merzenhausen,2022-11-11 00:00:00,42,val,0.217,0.20846632
Merzenhausen,2022-11-11 01:00:00,42,val,0.217,0.20847403
Merzenhausen,2022-11-11 02:00:00,42,val,0.217,0.20711775
Merzenhausen,2022-11-11 03:00:00,42,val,0.218,0.2055182
Merzenhausen,2022-11-11 04:00:00,42,val,0.215,0.20349586
Merzenhausen,2022-11-11 05:00:00,42,val,0.215,0.20192453
Merzenhausen,2022-11-11 06:00:00,42,val,0.216,0.20060442
Merzenhausen,2022-11-11 07:00:00,42,val,0.216,0.19965419
Merzenhausen,2022-11-11 08:00:00,42,val,0.216,0.19910051
Merzenhausen,2022-11-11 09:00:00,42,val,0.214,0.19926643
Merzenhausen,2022-11-11 10:00:00,42,val,0.218,0.20008859
Merzenhausen,2022-11-11 11:00:00,42,val,0.215,0.20169953
Merzenhausen,2022-11-11 12:00:00,42,val,0.215,0.2034196
Merzenhausen,2022-11-11 13:00:00,42,val,0.215,0.20532975
Merzenhausen,2022-11-11 14:00:00,42,val,0.213,0.207183
Merzenhausen,2022-11-11 15:00:00,42,val,0.214,0.20875719
Merzenhausen,2022-11-11 16:00:00,42,val,0.214,0.20914961
Merzenhausen,2022-11-11 17:00:00,42,val,0.213,0.20868951
Merzenhausen,2022-11-11 18:00:00,42,val,0.21,0.2072063
Merzenhausen,2022-11-11 19:00:00,42,val,0.211,0.2051468
Merzenhausen,2022-11-11 20:00:00,42,val,0.211,0.20284297
Merzenhausen,2022-11-11 21:00:00,42,val,0.214,0.20064059
Merzenhausen,2022-11-11 22:00:00,42,val,0.214,0.19961607
Merzenhausen,2022-11-11 23:00:00,42,val,0.212,0.19835944
Merzenhausen,2022-11-12 00:00:00,42,val,0.212,0.19726118
Merzenhausen,2022-11-12 01:00:00,42,val,0.213,0.19642034
Merzenhausen,2022-11-12 02:00:00,42,val,0.211,0.1959235
Merzenhausen,2022-11-12 03:00:00,42,val,0.212,0.19603926
Merzenhausen,2022-11-12 04:00:00,42,val,0.212,0.1963983
Merzenhausen,2022-11-12 05:00:00,42,val,0.213,0.196757
Merzenhausen,2022-11-12 06:00:00,42,val,0.213,0.19645345
Merzenhausen,2022-11-12 07:00:00,42,val,0.213,0.19610989
Merzenhausen,2022-11-12 08:00:00,42,val,0.211,0.19616391
Merzenhausen,2022-11-12 09:00:00,42,val,0.211,0.1970169
Merzenhausen,2022-11-12 10:00:00,42,val,0.211,0.19832103
Merzenhausen,2022-11-12 11:00:00,42,val,0.212,0.20026556
Merzenhausen,2022-11-12 12:00:00,42,val,0.211,0.20197614
Merzenhausen,2022-11-12 13:00:00,42,val,0.208,0.20350406
Merzenhausen,2022-11-12 14:00:00,42,val,0.211,0.20484385
Merzenhausen,2022-11-12 15:00:00,42,val,0.211,0.20580426
Merzenhausen,2022-11-12 16:00:00,42,val,0.211,0.20611353
Merzenhausen,2022-11-12 17:00:00,42,val,0.211,0.20580322
Merzenhausen,2022-11-12 18:00:00,42,val,0.211,0.20538218
Merzenhausen,2022-11-12 19:00:00,42,val,0.211,0.20511219
Merzenhausen,2022-11-12 20:00:00,42,val,0.211,0.20506294
Merzenhausen,2022-11-12 21:00:00,42,val,0.211,0.20451266
Merzenhausen,2022-11-12 22:00:00,42,val,0.194,0.20372964
Merzenhausen,2022-11-12 23:00:00,42,val,0.211,0.20346197
Merzenhausen,2022-11-13 00:00:00,42,val,0.211,0.20323017
Merzenhausen,2022-11-13 01:00:00,42,val,0.21,0.20276533
Merzenhausen,2022-11-13 02:00:00,42,val,0.21,0.20252055
Merzenhausen,2022-11-13 03:00:00,42,val,0.1935,0.20225754
Merzenhausen,2022-11-13 04:00:00,42,val,0.21,0.20135994
Merzenhausen,2022-11-13 05:00:00,42,val,0.21,0.20007464
Merzenhausen,2022-11-13 06:00:00,42,val,0.213,0.1985169
Merzenhausen,2022-11-13 07:00:00,42,val,0.212,0.19714442
Merzenhausen,2022-11-13 08:00:00,42,val,0.212,0.19688194
Merzenhausen,2022-11-13 09:00:00,42,val,0.212,0.19699657
Merzenhausen,2022-11-13 10:00:00,42,val,0.21,0.1981099
Merzenhausen,2022-11-13 11:00:00,42,val,0.21,0.19922704
Merzenhausen,2022-11-13 12:00:00,42,val,0.208,0.20045407
Merzenhausen,2022-11-13 13:00:00,42,val,0.208,0.20178822
Merzenhausen,2022-11-13 14:00:00,42,val,0.208,0.20269881
Merzenhausen,2022-11-13 15:00:00,42,val,0.208,0.20319496
Merzenhausen,2022-11-13 16:00:00,42,val,0.208,0.20321555
Merzenhausen,2022-11-13 17:00:00,42,val,0.208,0.20180535
Merzenhausen,2022-11-13 18:00:00,42,val,0.208,0.19878663
Merzenhausen,2022-11-13 19:00:00,42,val,0.208,0.19591258
Merzenhausen,2022-11-13 20:00:00,42,val,0.208,0.19374983
Merzenhausen,2022-11-13 21:00:00,42,val,0.208,0.19301823
Merzenhausen,2022-11-13 22:00:00,42,val,0.208,0.19281124
Merzenhausen,2022-11-13 23:00:00,42,val,0.208,0.19240524
Merzenhausen,2022-11-14 00:00:00,42,val,0.208,0.19219854
Merzenhausen,2022-11-14 01:00:00,42,val,0.211,0.19090559
Merzenhausen,2022-11-14 02:00:00,42,val,0.211,0.18976858
Merzenhausen,2022-11-14 03:00:00,42,val,0.21,0.18950117
Merzenhausen,2022-11-14 04:00:00,42,val,0.21,0.1897291
Merzenhausen,2022-11-14 05:00:00,42,val,0.21,0.19013375
Merzenhausen,2022-11-14 06:00:00,42,val,0.21,0.19092616
Merzenhausen,2022-11-14 07:00:00,42,val,0.21,0.19145092
Merzenhausen,2022-11-14 08:00:00,42,val,0.21,0.1917513
Merzenhausen,2022-11-14 09:00:00,42,val,0.211,0.19210845
Merzenhausen,2022-11-14 10:00:00,42,val,0.207,0.19259548
Merzenhausen,2022-11-14 11:00:00,42,val,0.207,0.1934178
Merzenhausen,2022-11-14 12:00:00,42,val,0.208,0.19435772
Merzenhausen,2022-11-14 13:00:00,42,val,0.208,0.194801
Merzenhausen,2022-11-14 14:00:00,42,val,0.208,0.1953121
Merzenhausen,2022-11-14 15:00:00,42,val,0.21,0.19581184
Merzenhausen,2022-11-14 16:00:00,42,val,0.21,0.19614178
Merzenhausen,2022-11-14 17:00:00,42,val,0.21,0.19641493
Merzenhausen,2022-11-14 18:00:00,42,val,0.21,0.19609411
Merzenhausen,2022-11-14 19:00:00,42,val,0.21,0.19559346
Merzenhausen,2022-11-14 20:00:00,42,val,0.211,0.19554092
Merzenhausen,2022-11-14 21:00:00,42,val,0.211,0.19605932
Merzenhausen,2022-11-14 22:00:00,42,val,0.211,0.19439004
Merzenhausen,2022-11-14 23:00:00,42,val,0.211,0.19458959
Merzenhausen,2022-11-15 00:00:00,42,val,0.211,0.19602218
Merzenhausen,2022-11-15 01:00:00,42,val,0.21,0.19796914
Merzenhausen,2022-11-15 02:00:00,42,val,0.21,0.1999494
Merzenhausen,2022-11-15 03:00:00,42,val,0.21,0.19914007
Merzenhausen,2022-11-15 04:00:00,42,val,0.21,0.1992847
Merzenhausen,2022-11-15 05:00:00,42,val,0.213,0.1998218
Merzenhausen,2022-11-15 06:00:00,42,val,0.213,0.20061514
Merzenhausen,2022-11-15 07:00:00,42,val,0.212,0.20137061
Merzenhausen,2022-11-15 08:00:00,42,val,0.212,0.2017071
Merzenhausen,2022-11-15 09:00:00,42,val,0.212,0.2018753
Merzenhausen,2022-11-15 10:00:00,42,val,0.212,0.20167546
Merzenhausen,2022-11-15 11:00:00,42,val,0.212,0.2013699
Merzenhausen,2022-11-15 12:00:00,42,val,0.212,0.20077737
Merzenhausen,2022-11-15 13:00:00,42,val,0.211,0.20021124
Merzenhausen,2022-11-15 14:00:00,42,val,0.211,0.19969276
Merzenhausen,2022-11-15 15:00:00,42,val,0.211,0.19914426
Merzenhausen,2022-11-15 16:00:00,42,val,0.212,0.19857125
Merzenhausen,2022-11-15 17:00:00,42,val,0.211,0.19974779
Merzenhausen,2022-11-15 18:00:00,42,val,0.212,0.20506096
Merzenhausen,2022-11-15 19:00:00,42,val,0.212,0.20668577
Merzenhausen,2022-11-15 20:00:00,42,val,0.212,0.20561796
Merzenhausen,2022-11-15 21:00:00,42,val,0.212,0.2056728
Merzenhausen,2022-11-15 22:00:00,42,val,0.212,0.20640312
Merzenhausen,2022-11-15 23:00:00,42,val,0.212,0.20556733
Merzenhausen,2022-11-16 00:00:00,42,val,0.194,0.2051198
Merzenhausen,2022-11-16 01:00:00,42,val,0.212,0.21141236
Merzenhausen,2022-11-16 02:00:00,42,val,0.212,0.215429
Merzenhausen,2022-11-16 03:00:00,42,val,0.1945,0.21562365
Merzenhausen,2022-11-16 04:00:00,42,val,0.1945,0.2199335
Merzenhausen,2022-11-16 05:00:00,42,val,0.212,0.21790098
Merzenhausen,2022-11-16 06:00:00,42,val,0.21,0.2122248
Merzenhausen,2022-11-16 07:00:00,42,val,0.21,0.20567553
Merzenhausen,2022-11-16 08:00:00,42,val,0.2275,0.20001331
Merzenhausen,2022-11-16 09:00:00,42,val,0.214,0.19631155
Merzenhausen,2022-11-16 10:00:00,42,val,0.195,0.1939398
Merzenhausen,2022-11-16 11:00:00,42,val,0.212,0.19288498
Merzenhausen,2022-11-16 12:00:00,42,val,0.245,0.19299638
Merzenhausen,2022-11-16 13:00:00,42,val,0.244,0.1938386
Merzenhausen,2022-11-16 14:00:00,42,val,0.213,0.19491628
Merzenhausen,2022-11-16 15:00:00,42,val,0.213,0.19595803
Merzenhausen,2022-11-16 16:00:00,42,val,0.213,0.19644776
Merzenhausen,2022-11-16 17:00:00,42,val,0.226,0.1964756
Merzenhausen,2022-11-16 18:00:00,42,val,0.215,0.19627728
Merzenhausen,2022-11-16 19:00:00,42,val,0.215,0.19607246
Merzenhausen,2022-11-16 20:00:00,42,val,0.215,0.1963911
Merzenhausen,2022-11-16 21:00:00,42,val,0.215,0.19729716
Merzenhausen,2022-11-16 22:00:00,42,val,0.215,0.20074768
Merzenhausen,2022-11-16 23:00:00,42,val,0.213,0.2045164
Merzenhausen,2022-11-17 00:00:00,42,val,0.226,0.20788
Merzenhausen,2022-11-17 01:00:00,42,val,0.216,0.21293716
Merzenhausen,2022-11-17 02:00:00,42,val,0.216,0.21348076
Merzenhausen,2022-11-17 03:00:00,42,val,0.246,0.21271087
Merzenhausen,2022-11-17 04:00:00,42,val,0.213,0.21001813
Merzenhausen,2022-11-17 05:00:00,42,val,0.213,0.20911036
Merzenhausen,2022-11-17 06:00:00,42,val,0.214,0.2091683
Merzenhausen,2022-11-17 07:00:00,42,val,0.214,0.20740129
Merzenhausen,2022-11-17 08:00:00,42,val,0.214,0.20533203
Merzenhausen,2022-11-17 09:00:00,42,val,0.216,0.2036797
Merzenhausen,2022-11-17 10:00:00,42,val,0.214,0.20210296
Merzenhausen,2022-11-17 11:00:00,42,val,0.214,0.20099325
Merzenhausen,2022-11-17 12:00:00,42,val,0.214,0.2003752
Merzenhausen,2022-11-17 13:00:00,42,val,0.214,0.19996026
Merzenhausen,2022-11-17 14:00:00,42,val,0.217,0.1998213
Merzenhausen,2022-11-17 15:00:00,42,val,0.217,0.19973838
Merzenhausen,2022-11-17 16:00:00,42,val,0.217,0.19957808
Merzenhausen,2022-11-17 17:00:00,42,val,0.217,0.19892964
Merzenhausen,2022-11-17 18:00:00,42,val,0.217,0.19826004
Merzenhausen,2022-11-17 19:00:00,42,val,0.217,0.1976452
Merzenhausen,2022-11-17 20:00:00,42,val,0.217,0.19740258
Merzenhausen,2022-11-17 21:00:00,42,val,0.258,0.19708812
Merzenhausen,2022-11-17 22:00:00,42,val,0.1985,0.19721532
Merzenhausen,2022-11-17 23:00:00,42,val,0.2395,0.19782169
Merzenhausen,2022-11-18 00:00:00,42,val,0.2595,0.19618231
Merzenhausen,2022-11-18 01:00:00,42,val,0.219,0.1960036
Merzenhausen,2022-11-18 02:00:00,42,val,0.199,0.19609809
Merzenhausen,2022-11-18 03:00:00,42,val,0.238,0.19341978
Merzenhausen,2022-11-18 04:00:00,42,val,0.2005,0.19092983
Merzenhausen,2022-11-18 05:00:00,42,val,0.221,0.19099578
Merzenhausen,2022-11-18 06:00:00,42,val,0.2595,0.19212684
Merzenhausen,2022-11-18 07:00:00,42,val,0.2405,0.1931414
Merzenhausen,2022-11-18 08:00:00,42,val,0.221,0.19655728
Merzenhausen,2022-11-18 09:00:00,42,val,0.22,0.19903226
Merzenhausen,2022-11-18 10:00:00,42,val,0.2395,0.19774112
Merzenhausen,2022-11-18 11:00:00,42,val,0.222,0.19743595
Merzenhausen,2022-11-18 12:00:00,42,val,0.22,0.20263444
Merzenhausen,2022-11-18 13:00:00,42,val,0.238,0.20925444
Merzenhausen,2022-11-18 14:00:00,42,val,0.222,0.21073093
Merzenhausen,2022-11-18 15:00:00,42,val,0.24,0.20944196
Merzenhausen,2022-11-18 16:00:00,42,val,0.224,0.20676239
Merzenhausen,2022-11-18 17:00:00,42,val,0.224,0.20558494
Merzenhausen,2022-11-18 18:00:00,42,val,0.224,0.20473462
Merzenhausen,2022-11-18 19:00:00,42,val,0.222,0.20551856
Merzenhausen,2022-11-18 20:00:00,42,val,0.224,0.20510565
Merzenhausen,2022-11-18 21:00:00,42,val,0.226,0.20385861
Merzenhausen,2022-11-18 22:00:00,42,val,0.225,0.20268285
Merzenhausen,2022-11-18 23:00:00,42,val,0.228,0.2016588
Merzenhausen,2022-11-19 00:00:00,42,val,0.227,0.2026216
Merzenhausen,2022-11-19 01:00:00,42,val,0.229,0.20414364
Merzenhausen,2022-11-19 02:00:00,42,val,0.23,0.20797777
Merzenhausen,2022-11-19 03:00:00,42,val,0.23,0.21184622
Merzenhausen,2022-11-19 04:00:00,42,val,0.232,0.21155748
Merzenhausen,2022-11-19 05:00:00,42,val,0.232,0.2106347
Merzenhausen,2022-11-19 06:00:00,42,val,0.232,0.20848322
Merzenhausen,2022-11-19 07:00:00,42,val,0.233,0.20375846
Merzenhausen,2022-11-19 08:00:00,42,val,0.235,0.2000112
Merzenhausen,2022-11-19 09:00:00,42,val,0.235,0.197184
Merzenhausen,2022-11-19 10:00:00,42,val,0.24,0.19411841
Merzenhausen,2022-11-19 11:00:00,42,val,0.236,0.19156076
Merzenhausen,2022-11-19 12:00:00,42,val,0.238,0.19002149
Merzenhausen,2022-11-19 13:00:00,42,val,0.315,0.18939987
Merzenhausen,2022-11-19 14:00:00,42,val,0.213,0.1899557
Merzenhausen,2022-11-19 15:00:00,42,val,0.187,0.19103308
Merzenhausen,2022-11-19 16:00:00,42,val,0.315,0.19220346
Merzenhausen,2022-11-19 17:00:00,42,val,0.243,0.19338976
Merzenhausen,2022-11-19 18:00:00,42,val,0.278,0.19440314
Merzenhausen,2022-11-19 19:00:00,42,val,0.189,0.19533658
Merzenhausen,2022-11-19 20:00:00,42,val,0.245,0.19630615
Merzenhausen,2022-11-19 21:00:00,42,val,0.279,0.20241158
Merzenhausen,2022-11-19 22:00:00,42,val,0.245,0.2027157
Merzenhausen,2022-11-19 23:00:00,42,val,0.31,0.2051426
Merzenhausen,2022-11-20 00:00:00,42,val,0.247,0.21061206
Merzenhausen,2022-11-20 01:00:00,42,val,0.31,0.21191108
Merzenhausen,2022-11-20 02:00:00,42,val,0.247,0.20806557
Merzenhausen,2022-11-20 03:00:00,42,val,0.252,0.20712216
Merzenhausen,2022-11-20 04:00:00,42,val,0.247,0.20281608
Merzenhausen,2022-11-20 05:00:00,42,val,0.31,0.1999257
Merzenhausen,2022-11-20 06:00:00,42,val,0.249,0.203289
Merzenhausen,2022-11-20 07:00:00,42,val,0.28,0.20668107
Merzenhausen,2022-11-20 08:00:00,42,val,0.249,0.20668936
Merzenhausen,2022-11-20 09:00:00,42,val,0.249,0.20487952
Merzenhausen,2022-11-20 10:00:00,42,val,0.31,0.20533456
Merzenhausen,2022-11-20 11:00:00,42,val,0.252,0.20434758
Merzenhausen,2022-11-20 12:00:00,42,val,0.281,0.20268121
Merzenhausen,2022-11-20 13:00:00,42,val,0.251,0.20367612
Merzenhausen,2022-11-20 14:00:00,42,val,0.2794999999999999,0.20359121
Merzenhausen,2022-11-20 15:00:00,42,val,0.251,0.20720893
Merzenhausen,2022-11-20 16:00:00,42,val,0.308,0.2110422
Merzenhausen,2022-11-20 17:00:00,42,val,0.253,0.21466678
Merzenhausen,2022-11-20 18:00:00,42,val,0.279,0.21716249
Merzenhausen,2022-11-20 19:00:00,42,val,0.251,0.21621238
Merzenhausen,2022-11-20 20:00:00,42,val,0.308,0.21366464
Merzenhausen,2022-11-20 21:00:00,42,val,0.253,0.21092989
Merzenhausen,2022-11-20 22:00:00,42,val,0.279,0.20895015
Merzenhausen,2022-11-20 23:00:00,42,val,0.252,0.20836574
Merzenhausen,2022-11-21 00:00:00,42,val,0.306,0.20836289
Merzenhausen,2022-11-21 01:00:00,42,val,0.253,0.20891994
Merzenhausen,2022-11-21 02:00:00,42,val,0.254,0.20959452
Merzenhausen,2022-11-21 03:00:00,42,val,0.279,0.21032406
Merzenhausen,2022-11-21 04:00:00,42,val,0.2535,0.21114564
Merzenhausen,2022-11-21 05:00:00,42,val,0.255,0.2116336
Merzenhausen,2022-11-21 06:00:00,42,val,0.255,0.21174097
Merzenhausen,2022-11-21 07:00:00,42,val,0.279,0.21224856
Merzenhausen,2022-11-21 08:00:00,42,val,0.255,0.21244961
Merzenhausen,2022-11-21 09:00:00,42,val,0.2774999999999999,0.21243459
Merzenhausen,2022-11-21 10:00:00,42,val,0.253,0.2130431
Merzenhausen,2022-11-21 11:00:00,42,val,0.254,0.21334349
Merzenhausen,2022-11-21 12:00:00,42,val,0.2784999999999999,0.21372792
Merzenhausen,2022-11-21 13:00:00,42,val,0.253,0.22420932
Merzenhausen,2022-11-21 14:00:00,42,val,0.253,0.22395147
Merzenhausen,2022-11-21 15:00:00,42,val,0.278,0.21439303
Merzenhausen,2022-11-21 16:00:00,42,val,0.255,0.21964327
Merzenhausen,2022-11-21 17:00:00,42,val,0.229,0.2216624
Merzenhausen,2022-11-30 23:00:00,42,val,0.308,0.27167344
Merzenhausen,2022-12-01 00:00:00,42,val,0.308,0.27326778
Merzenhausen,2022-12-01 01:00:00,42,val,0.308,0.27441722
Merzenhausen,2022-12-01 02:00:00,42,val,0.308,0.27500013
Merzenhausen,2022-12-01 03:00:00,42,val,0.308,0.2754832
Merzenhausen,2022-12-01 04:00:00,42,val,0.308,0.27549586
Merzenhausen,2022-12-01 05:00:00,42,val,0.306,0.27671888
Merzenhausen,2022-12-01 06:00:00,42,val,0.306,0.2764994
Merzenhausen,2022-12-01 07:00:00,42,val,0.306,0.275248
Merzenhausen,2022-12-01 08:00:00,42,val,0.306,0.27338862
Merzenhausen,2022-12-01 09:00:00,42,val,0.306,0.27122572
Merzenhausen,2022-12-01 10:00:00,42,val,0.307,0.2690869
Merzenhausen,2022-12-01 11:00:00,42,val,0.308,0.26724693
Merzenhausen,2022-12-01 12:00:00,42,val,0.308,0.2657385
Merzenhausen,2022-12-01 13:00:00,42,val,0.305,0.2659359
Merzenhausen,2022-12-01 14:00:00,42,val,0.305,0.2655228
Merzenhausen,2022-12-01 15:00:00,42,val,0.305,0.26484463
Merzenhausen,2022-12-01 16:00:00,42,val,0.305,0.26448143
Merzenhausen,2022-12-01 17:00:00,42,val,0.305,0.2643903
Merzenhausen,2022-12-01 18:00:00,42,val,0.306,0.262846
Merzenhausen,2022-12-01 19:00:00,42,val,0.306,0.26261163
Merzenhausen,2022-12-01 20:00:00,42,val,0.306,0.26148587
Merzenhausen,2022-12-01 21:00:00,42,val,0.306,0.2620447
Merzenhausen,2022-12-01 22:00:00,42,val,0.306,0.26347783
Merzenhausen,2022-12-01 23:00:00,42,val,0.306,0.26480043
Merzenhausen,2022-12-02 00:00:00,42,val,0.304,0.26646233
Merzenhausen,2022-12-02 01:00:00,42,val,0.304,0.26783562
Merzenhausen,2022-12-02 02:00:00,42,val,0.304,0.2688253
Merzenhausen,2022-12-02 03:00:00,42,val,0.304,0.26969182
Merzenhausen,2022-12-02 04:00:00,42,val,0.304,0.27030462
Merzenhausen,2022-12-02 05:00:00,42,val,0.306,0.27031058
Merzenhausen,2022-12-02 06:00:00,42,val,0.306,0.26971918
Merzenhausen,2022-12-02 07:00:00,42,val,0.305,0.26850462
Merzenhausen,2022-12-02 08:00:00,42,val,0.304,0.26713616
Merzenhausen,2022-12-02 09:00:00,42,val,0.303,0.2654447
Merzenhausen,2022-12-02 10:00:00,42,val,0.303,0.26403463
Merzenhausen,2022-12-02 11:00:00,42,val,0.304,0.26313582
Merzenhausen,2022-12-02 12:00:00,42,val,0.304,0.26204017
Merzenhausen,2022-12-02 13:00:00,42,val,0.304,0.2615317
Merzenhausen,2022-12-02 14:00:00,42,val,0.301,0.2601417
Merzenhausen,2022-12-02 15:00:00,42,val,0.302,0.25862488
Merzenhausen,2022-12-02 16:00:00,42,val,0.302,0.2577849
Merzenhausen,2022-12-02 17:00:00,42,val,0.302,0.25681025
Merzenhausen,2022-12-02 18:00:00,42,val,0.302,0.25639045
Merzenhausen,2022-12-02 19:00:00,42,val,0.302,0.2567043
Merzenhausen,2022-12-02 20:00:00,42,val,0.302,0.2574998
Merzenhausen,2022-12-02 21:00:00,42,val,0.302,0.25844687
Merzenhausen,2022-12-02 22:00:00,42,val,0.302,0.25963748
Merzenhausen,2022-12-02 23:00:00,42,val,0.302,0.26104644
Merzenhausen,2022-12-03 00:00:00,42,val,0.302,0.26251033
Merzenhausen,2022-12-03 01:00:00,42,val,0.302,0.2639122
Merzenhausen,2022-12-03 02:00:00,42,val,0.302,0.26526168
Merzenhausen,2022-12-03 03:00:00,42,val,0.302,0.26641256
Merzenhausen,2022-12-03 04:00:00,42,val,0.302,0.2671457
Merzenhausen,2022-12-03 05:00:00,42,val,0.302,0.26729494
Merzenhausen,2022-12-03 06:00:00,42,val,0.302,0.26678166
Merzenhausen,2022-12-03 07:00:00,42,val,0.301,0.26578814
Merzenhausen,2022-12-03 08:00:00,42,val,0.303,0.2644245
Merzenhausen,2022-12-03 09:00:00,42,val,0.303,0.26285017
Merzenhausen,2022-12-03 10:00:00,42,val,0.304,0.26136982
Merzenhausen,2022-12-03 11:00:00,42,val,0.306,0.26020384
Merzenhausen,2022-12-03 12:00:00,42,val,0.308,0.25933024
Merzenhausen,2022-12-03 13:00:00,42,val,0.306,0.25832492
Merzenhausen,2022-12-03 14:00:00,42,val,0.307,0.25733745
Merzenhausen,2022-12-03 15:00:00,42,val,0.308,0.25660396
Merzenhausen,2022-12-03 16:00:00,42,val,0.312,0.2560568
Merzenhausen,2022-12-03 17:00:00,42,val,0.315,0.2557244
Merzenhausen,2022-12-03 18:00:00,42,val,0.317,0.25579628
Merzenhausen,2022-12-03 19:00:00,42,val,0.317,0.2562234
Merzenhausen,2022-12-03 20:00:00,42,val,0.323,0.25699383
Merzenhausen,2022-12-03 21:00:00,42,val,0.326,0.25804758
Merzenhausen,2022-12-29 06:00:00,42,val,0.338,0.31784603
Merzenhausen,2022-12-29 07:00:00,42,val,0.338,0.31722975
Merzenhausen,2022-12-29 08:00:00,42,val,0.337,0.3166095
Merzenhausen,2022-12-29 09:00:00,42,val,0.338,0.31586984
Merzenhausen,2022-12-29 10:00:00,42,val,0.338,0.31519058
Merzenhausen,2022-12-29 11:00:00,42,val,0.338,0.3146567
Merzenhausen,2022-12-29 12:00:00,42,val,0.338,0.31433827
Merzenhausen,2022-12-29 13:00:00,42,val,0.338,0.31396145
Merzenhausen,2022-12-29 14:00:00,42,val,0.336,0.31362075
Merzenhausen,2022-12-29 15:00:00,42,val,0.3305,0.3132995
Merzenhausen,2022-12-29 16:00:00,42,val,0.338,0.31277242
Merzenhausen,2022-12-29 17:00:00,42,val,0.336,0.31216693
Merzenhausen,2022-12-29 18:00:00,42,val,0.336,0.3114766
Merzenhausen,2022-12-29 19:00:00,42,val,0.335,0.3109485
Merzenhausen,2022-12-29 20:00:00,42,val,0.335,0.31011662
Merzenhausen,2022-12-29 21:00:00,42,val,0.336,0.30949587
Merzenhausen,2022-12-29 22:00:00,42,val,0.335,0.3090101
Merzenhausen,2022-12-29 23:00:00,42,val,0.334,0.3085991
Merzenhausen,2022-12-30 00:00:00,42,val,0.335,0.3080904
Merzenhausen,2022-12-30 01:00:00,42,val,0.335,0.30752304
Merzenhausen,2022-12-30 02:00:00,42,val,0.333,0.3066683
Merzenhausen,2022-12-30 03:00:00,42,val,0.333,0.30578795
Merzenhausen,2022-12-30 04:00:00,42,val,0.333,0.30476677
Merzenhausen,2022-12-30 05:00:00,42,val,0.333,0.30355805
Merzenhausen,2022-12-30 06:00:00,42,val,0.332,0.30249283
Merzenhausen,2022-12-30 07:00:00,42,val,0.333,0.30164602
Merzenhausen,2022-12-30 08:00:00,42,val,0.333,0.300619
Merzenhausen,2022-12-30 09:00:00,42,val,0.333,0.29960376
Merzenhausen,2022-12-30 10:00:00,42,val,0.333,0.29879636
Merzenhausen,2022-12-30 11:00:00,42,val,0.333,0.2983685
Merzenhausen,2022-12-30 12:00:00,42,val,0.33,0.29831475
Merzenhausen,2022-12-30 13:00:00,42,val,0.33,0.2985569
Merzenhausen,2022-12-30 14:00:00,42,val,0.33,0.30119234
Merzenhausen,2022-12-30 15:00:00,42,val,0.33,0.30404532
Merzenhausen,2022-12-30 16:00:00,42,val,0.331,0.30483937
Merzenhausen,2022-12-30 17:00:00,42,val,0.331,0.3050316
Merzenhausen,2022-12-30 18:00:00,42,val,0.331,0.30514118
Merzenhausen,2022-12-30 19:00:00,42,val,0.331,0.30552292
Merzenhausen,2022-12-30 20:00:00,42,val,0.33,0.3061447
Merzenhausen,2022-12-30 21:00:00,42,val,0.33,0.30706343
Merzenhausen,2022-12-30 22:00:00,42,val,0.33,0.3083213
Merzenhausen,2022-12-30 23:00:00,42,val,0.333,0.30960557
Merzenhausen,2022-12-31 00:00:00,42,val,0.333,0.31092846
Merzenhausen,2022-12-31 01:00:00,42,val,0.333,0.31255302
Merzenhausen,2022-12-31 02:00:00,42,val,0.333,0.31391257
Merzenhausen,2022-12-31 03:00:00,42,val,0.332,0.31493697
Merzenhausen,2022-12-31 04:00:00,42,val,0.331,0.3156191
Merzenhausen,2022-12-31 05:00:00,42,val,0.333,0.31607816
Merzenhausen,2022-12-31 06:00:00,42,val,0.333,0.31634322
Merzenhausen,2022-12-31 07:00:00,42,val,0.333,0.3164609
Merzenhausen,2022-12-31 08:00:00,42,val,0.333,0.31639087
Merzenhausen,2022-12-31 09:00:00,42,val,0.335,0.31634468
Merzenhausen,2022-12-31 10:00:00,42,val,0.336,0.31641304
Merzenhausen,2022-12-31 11:00:00,42,val,0.337,0.31663612
Merzenhausen,2022-12-31 12:00:00,42,val,0.338,0.317029
Merzenhausen,2022-12-31 13:00:00,42,val,0.338,0.31777573
Merzenhausen,2022-12-31 14:00:00,42,val,0.338,0.31919903
Merzenhausen,2022-12-31 15:00:00,42,val,0.338,0.3193461
Merzenhausen,2022-12-31 16:00:00,42,val,0.338,0.3195119
Merzenhausen,2022-12-31 17:00:00,42,val,0.34,0.319457
Merzenhausen,2022-12-31 18:00:00,42,val,0.343,0.31935167
Merzenhausen,2022-12-31 19:00:00,42,val,0.35,0.3192897
Merzenhausen,2022-12-31 20:00:00,42,val,0.348,0.32044485
Merzenhausen,2022-12-31 21:00:00,42,val,0.351,0.3211287
Merzenhausen,2022-12-31 22:00:00,42,val,0.351,0.32125652
Merzenhausen,2022-12-31 23:00:00,42,val,0.351,0.32112256
Merzenhausen,2023-01-01 00:00:00,42,val,0.351,0.32093763
Merzenhausen,2023-01-01 01:00:00,42,val,0.351,0.3204955
Merzenhausen,2023-01-01 02:00:00,42,val,0.348,0.3198337
Merzenhausen,2023-01-01 03:00:00,42,val,0.35,0.31914166
Merzenhausen,2023-01-01 04:00:00,42,val,0.35,0.3194196
Merzenhausen,2023-01-01 05:00:00,42,val,0.348,0.31902462
Merzenhausen,2023-01-01 06:00:00,42,val,0.348,0.31806183
Merzenhausen,2023-01-01 07:00:00,42,val,0.349,0.31697297
Merzenhausen,2023-01-01 08:00:00,42,val,0.349,0.31696987
Merzenhausen,2023-01-01 09:00:00,42,val,0.347,0.31643644
Merzenhausen,2023-01-01 10:00:00,42,val,0.349,0.31559342
Merzenhausen,2023-01-01 11:00:00,42,val,0.347,0.31482747
Merzenhausen,2023-01-01 12:00:00,42,val,0.347,0.31529003
Merzenhausen,2023-01-01 13:00:00,42,val,0.347,0.31506604
Merzenhausen,2023-01-01 14:00:00,42,val,0.347,0.3143999
Merzenhausen,2023-01-01 15:00:00,42,val,0.347,0.31365997
Merzenhausen,2023-01-01 16:00:00,42,val,0.345,0.31448644
Merzenhausen,2023-01-01 17:00:00,42,val,0.345,0.31541818
Merzenhausen,2023-01-01 18:00:00,42,val,0.347,0.31556323
Merzenhausen,2023-01-01 19:00:00,42,val,0.347,0.3157364
Merzenhausen,2023-01-01 20:00:00,42,val,0.345,0.31846127
Merzenhausen,2023-01-01 21:00:00,42,val,0.345,0.31836858
Merzenhausen,2023-01-01 22:00:00,42,val,0.345,0.3167128
Merzenhausen,2023-01-01 23:00:00,42,val,0.345,0.31584018
Merzenhausen,2023-01-02 00:00:00,42,val,0.342,0.3187206
Merzenhausen,2023-01-02 01:00:00,42,val,0.343,0.31984797
Merzenhausen,2023-01-02 02:00:00,42,val,0.344,0.31950584
Merzenhausen,2023-01-02 03:00:00,42,val,0.344,0.31861892
Merzenhausen,2023-01-02 04:00:00,42,val,0.344,0.3212239
Merzenhausen,2023-01-02 05:00:00,42,val,0.344,0.32182828
Merzenhausen,2023-01-02 06:00:00,42,val,0.344,0.32048357
Merzenhausen,2023-01-02 07:00:00,42,val,0.344,0.31853837
Merzenhausen,2023-01-02 08:00:00,42,val,0.344,0.3209911
Merzenhausen,2023-01-02 09:00:00,42,val,0.342,0.3224578
Merzenhausen,2023-01-02 10:00:00,42,val,0.342,0.3217244
Merzenhausen,2023-01-02 11:00:00,42,val,0.342,0.31977648
Merzenhausen,2023-01-02 12:00:00,42,val,0.342,0.32378644
Merzenhausen,2023-01-02 13:00:00,42,val,0.345,0.32410812
Merzenhausen,2023-01-02 14:00:00,42,val,0.342,0.32235023
Merzenhausen,2023-01-02 15:00:00,42,val,0.344,0.3198614
Merzenhausen,2023-01-02 16:00:00,42,val,0.342,0.32443896
Merzenhausen,2023-01-02 17:00:00,42,val,0.345,0.32489344
Merzenhausen,2023-01-02 18:00:00,42,val,0.343,0.32607487
Merzenhausen,2023-01-02 19:00:00,42,val,0.343,0.32537144
Merzenhausen,2023-01-02 20:00:00,42,val,0.343,0.32959175
Merzenhausen,2023-01-02 21:00:00,42,val,0.343,0.33031812
Merzenhausen,2023-01-02 22:00:00,42,val,0.343,0.32876325
Merzenhausen,2023-01-02 23:00:00,42,val,0.343,0.32639706
Merzenhausen,2023-01-03 00:00:00,42,val,0.345,0.32944396
Merzenhausen,2023-01-03 01:00:00,42,val,0.343,0.32971466
Merzenhausen,2023-01-03 02:00:00,42,val,0.345,0.32720354
Merzenhausen,2023-01-03 03:00:00,42,val,0.342,0.32374352
Merzenhausen,2023-01-03 04:00:00,42,val,0.342,0.3263663
Merzenhausen,2023-01-03 05:00:00,42,val,0.342,0.32590148
Merzenhausen,2023-01-03 06:00:00,42,val,0.342,0.32279488
Merzenhausen,2023-01-03 07:00:00,42,val,0.343,0.3191813
Merzenhausen,2023-01-03 08:00:00,42,val,0.343,0.32346675
Merzenhausen,2023-01-03 09:00:00,42,val,0.34,0.32307124
Merzenhausen,2023-01-03 10:00:00,42,val,0.34,0.3209006
Merzenhausen,2023-01-03 11:00:00,42,val,0.341,0.31832573
Merzenhausen,2023-01-03 12:00:00,42,val,0.341,0.32447678
Merzenhausen,2023-01-03 13:00:00,42,val,0.341,0.32479304
Merzenhausen,2023-01-03 14:00:00,42,val,0.341,0.3232877
Merzenhausen,2023-01-03 15:00:00,42,val,0.341,0.32123727
Merzenhausen,2023-01-03 16:00:00,42,val,0.338,0.3271352
Merzenhausen,2023-01-03 17:00:00,42,val,0.338,0.3270975
Merzenhausen,2023-01-03 18:00:00,42,val,0.338,0.32532752
Merzenhausen,2023-01-03 19:00:00,42,val,0.338,0.32301128
Merzenhausen,2023-01-03 20:00:00,42,val,0.341,0.32782435
Merzenhausen,2023-01-03 21:00:00,42,val,0.34,0.32823226
Merzenhausen,2023-01-03 22:00:00,42,val,0.34,0.3266802
Merzenhausen,2023-01-03 23:00:00,42,val,0.34,0.3244907
Merzenhausen,2023-01-04 00:00:00,42,val,0.343,0.32803774
Merzenhausen,2023-01-04 01:00:00,42,val,0.343,0.32857952
Merzenhausen,2023-01-04 02:00:00,42,val,0.342,0.32676166
Merzenhausen,2023-01-04 03:00:00,42,val,0.342,0.32426387
Merzenhausen,2023-01-04 04:00:00,42,val,0.342,0.32709122
Merzenhausen,2023-01-04 05:00:00,42,val,0.342,0.32744682
Merzenhausen,2023-01-04 06:00:00,42,val,0.342,0.32543385
Merzenhausen,2023-01-04 07:00:00,42,val,0.34,0.3228407
Merzenhausen,2023-01-04 08:00:00,42,val,0.34,0.32038838
Merzenhausen,2023-01-04 09:00:00,42,val,0.34,0.31826568
Merzenhausen,2023-01-04 10:00:00,42,val,0.34,0.31672007
Merzenhausen,2023-01-04 11:00:00,42,val,0.34,0.31602365
Merzenhausen,2023-01-04 12:00:00,42,val,0.34,0.31592983
Merzenhausen,2023-01-04 13:00:00,42,val,0.34,0.31620896
Merzenhausen,2023-01-04 14:00:00,42,val,0.34,0.3168524
Merzenhausen,2023-01-04 15:00:00,42,val,0.34,0.31729725
Merzenhausen,2023-01-04 16:00:00,42,val,0.34,0.3179281
Merzenhausen,2023-01-04 17:00:00,42,val,0.34,0.31910384
Merzenhausen,2023-01-04 18:00:00,42,val,0.3405,0.31943318
Merzenhausen,2023-01-04 19:00:00,42,val,0.34,0.31940526
Merzenhausen,2023-01-04 20:00:00,42,val,0.342,0.3193269
Merzenhausen,2023-01-04 21:00:00,42,val,0.34,0.31927726
Merzenhausen,2023-01-04 22:00:00,42,val,0.3405,0.31925526
Merzenhausen,2023-01-04 23:00:00,42,val,0.34,0.31912333
Merzenhausen,2023-01-05 00:00:00,42,val,0.34,0.3190645
Merzenhausen,2023-01-05 01:00:00,42,val,0.34,0.3188429
Merzenhausen,2023-01-05 02:00:00,42,val,0.34,0.31870022
Merzenhausen,2023-01-05 03:00:00,42,val,0.34,0.3183057
Merzenhausen,2023-01-05 04:00:00,42,val,0.34,0.31778732
Merzenhausen,2023-01-05 05:00:00,42,val,0.34,0.31717098
Merzenhausen,2023-01-05 06:00:00,42,val,0.341,0.316534
Merzenhausen,2023-01-05 07:00:00,42,val,0.34,0.31598246
Merzenhausen,2023-01-05 08:00:00,42,val,0.341,0.31550056
Merzenhausen,2023-01-05 09:00:00,42,val,0.338,0.3148458
Merzenhausen,2023-01-05 10:00:00,42,val,0.338,0.31427005
Merzenhausen,2023-01-05 11:00:00,42,val,0.338,0.31397563
Merzenhausen,2023-01-05 12:00:00,42,val,0.338,0.31394482
Merzenhausen,2023-01-05 13:00:00,42,val,0.338,0.31410426
Merzenhausen,2023-01-05 14:00:00,42,val,0.34,0.3143402
Merzenhausen,2023-01-05 15:00:00,42,val,0.34,0.314569
Merzenhausen,2023-01-05 16:00:00,42,val,0.34,0.31466642
Merzenhausen,2023-01-05 17:00:00,42,val,0.338,0.31516427
Merzenhausen,2023-01-05 18:00:00,42,val,0.338,0.31485355
Merzenhausen,2023-01-05 19:00:00,42,val,0.338,0.31488648
Merzenhausen,2023-01-05 20:00:00,42,val,0.34,0.31540692
Merzenhausen,2023-01-05 21:00:00,42,val,0.338,0.31574082
Merzenhausen,2023-01-05 22:00:00,42,val,0.337,0.31572598
Merzenhausen,2023-01-05 23:00:00,42,val,0.337,0.31584245
Merzenhausen,2023-01-06 00:00:00,42,val,0.337,0.3158827
Merzenhausen,2023-01-06 01:00:00,42,val,0.337,0.31584153
Merzenhausen,2023-01-06 02:00:00,42,val,0.338,0.3157498
Merzenhausen,2023-01-06 03:00:00,42,val,0.335,0.3155522
Merzenhausen,2023-01-06 04:00:00,42,val,0.335,0.31529465
Merzenhausen,2023-01-06 05:00:00,42,val,0.335,0.31503168
Merzenhausen,2023-01-06 06:00:00,42,val,0.335,0.3147213
Merzenhausen,2023-01-06 07:00:00,42,val,0.335,0.31419262
Merzenhausen,2023-01-06 08:00:00,42,val,0.335,0.31362104
Merzenhausen,2023-01-06 09:00:00,42,val,0.335,0.31310862
Merzenhausen,2023-01-06 10:00:00,42,val,0.337,0.312752
Merzenhausen,2023-01-06 11:00:00,42,val,0.335,0.31259286
Merzenhausen,2023-01-06 12:00:00,42,val,0.336,0.31263274
Merzenhausen,2023-01-06 13:00:00,42,val,0.337,0.31308383
Merzenhausen,2023-01-06 14:00:00,42,val,0.336,0.31367713
Merzenhausen,2023-01-06 15:00:00,42,val,0.337,0.31449807
Merzenhausen,2023-01-06 16:00:00,42,val,0.333,0.31524658
Merzenhausen,2023-01-06 17:00:00,42,val,0.335,0.31523126
Merzenhausen,2023-01-06 18:00:00,42,val,0.335,0.31492653
Merzenhausen,2023-01-06 19:00:00,42,val,0.335,0.3146011
Merzenhausen,2023-01-06 20:00:00,42,val,0.335,0.31460705
Merzenhausen,2023-01-06 21:00:00,42,val,0.333,0.31455058
Merzenhausen,2023-01-06 22:00:00,42,val,0.333,0.3145512
Merzenhausen,2023-01-06 23:00:00,42,val,0.334,0.3144233
Merzenhausen,2023-01-07 00:00:00,42,val,0.334,0.3142396
Merzenhausen,2023-01-07 01:00:00,42,val,0.334,0.3141265
Merzenhausen,2023-01-07 02:00:00,42,val,0.334,0.31397873
Merzenhausen,2023-01-07 03:00:00,42,val,0.333,0.313832
Merzenhausen,2023-01-07 04:00:00,42,val,0.334,0.31366712
Merzenhausen,2023-01-07 05:00:00,42,val,0.335,0.31337777
Merzenhausen,2023-01-07 06:00:00,42,val,0.335,0.3129976
Merzenhausen,2023-01-07 07:00:00,42,val,0.335,0.31255317
Merzenhausen,2023-01-07 08:00:00,42,val,0.332,0.31221825
Merzenhausen,2023-01-07 09:00:00,42,val,0.334,0.31172276
Merzenhausen,2023-01-07 10:00:00,42,val,0.332,0.3112886
Merzenhausen,2023-01-07 11:00:00,42,val,0.332,0.31104743
Merzenhausen,2023-01-07 12:00:00,42,val,0.332,0.31102985
Merzenhausen,2023-01-07 13:00:00,42,val,0.332,0.31122887
Merzenhausen,2023-01-07 14:00:00,42,val,0.333,0.31180418
Merzenhausen,2023-01-07 15:00:00,42,val,0.333,0.31239024
Merzenhausen,2023-01-07 16:00:00,42,val,0.333,0.31273872
Merzenhausen,2023-01-07 17:00:00,42,val,0.332,0.31270877
Merzenhausen,2023-01-07 18:00:00,42,val,0.33,0.31257206
Merzenhausen,2023-01-07 19:00:00,42,val,0.33,0.31237867
Merzenhausen,2023-01-07 20:00:00,42,val,0.33,0.31236535
Merzenhausen,2023-01-07 21:00:00,42,val,0.33,0.31273532
Merzenhausen,2023-01-07 22:00:00,42,val,0.332,0.31264365
Merzenhausen,2023-01-07 23:00:00,42,val,0.334,0.31226236
Merzenhausen,2023-01-08 00:00:00,42,val,0.333,0.31229097
Merzenhausen,2023-01-08 01:00:00,42,val,0.333,0.31206018
Merzenhausen,2023-01-08 02:00:00,42,val,0.332,0.31174895
Merzenhausen,2023-01-08 03:00:00,42,val,0.335,0.3112546
Merzenhausen,2023-01-08 04:00:00,42,val,0.335,0.31109482
Merzenhausen,2023-01-08 05:00:00,42,val,0.332,0.3105127
Merzenhausen,2023-01-08 06:00:00,42,val,0.335,0.30969894
Merzenhausen,2023-01-08 07:00:00,42,val,0.333,0.3096658
Merzenhausen,2023-01-08 08:00:00,42,val,0.333,0.31038612
Merzenhausen,2023-01-08 09:00:00,42,val,0.334,0.30970109
Merzenhausen,2023-01-08 10:00:00,42,val,0.332,0.3087028
Merzenhausen,2023-01-08 11:00:00,42,val,0.334,0.30766684
Merzenhausen,2023-01-08 12:00:00,42,val,0.333,0.30881107
Merzenhausen,2023-01-08 13:00:00,42,val,0.333,0.3091371
Merzenhausen,2023-01-08 14:00:00,42,val,0.335,0.30898732
Merzenhausen,2023-01-08 15:00:00,42,val,0.333,0.30882078
Merzenhausen,2023-01-08 16:00:00,42,val,0.334,0.30998948
Merzenhausen,2023-01-08 17:00:00,42,val,0.333,0.3097827
Merzenhausen,2023-01-08 18:00:00,42,val,0.333,0.3089055
Merzenhausen,2023-01-08 19:00:00,42,val,0.333,0.30773845
Merzenhausen,2023-01-08 20:00:00,42,val,0.333,0.3084261
Merzenhausen,2023-01-08 21:00:00,42,val,0.3329999999999999,0.3078125
Merzenhausen,2023-01-08 22:00:00,42,val,0.334,0.30672693
Merzenhausen,2023-01-08 23:00:00,42,val,0.333,0.30631623
Merzenhausen,2023-01-09 00:00:00,42,val,0.333,0.30877027
Merzenhausen,2023-01-09 01:00:00,42,val,0.334,0.30878717
Merzenhausen,2023-01-09 02:00:00,42,val,0.333,0.30757177
Merzenhausen,2023-01-09 03:00:00,42,val,0.333,0.30575788
Merzenhausen,2023-01-09 04:00:00,42,val,0.333,0.30680507
Merzenhausen,2023-01-09 05:00:00,42,val,0.333,0.30633518
Merzenhausen,2023-01-09 06:00:00,42,val,0.335,0.30508828
Merzenhausen,2023-01-09 07:00:00,42,val,0.335,0.30373418
Merzenhausen,2023-01-09 08:00:00,42,val,0.34,0.30539227
Merzenhausen,2023-01-09 09:00:00,42,val,0.351,0.30514
Merzenhausen,2023-01-09 10:00:00,42,val,0.353,0.3038042
Merzenhausen,2023-01-09 11:00:00,42,val,0.353,0.30231383
Merzenhausen,2023-01-09 12:00:00,42,val,0.353,0.3047051
Merzenhausen,2023-01-09 13:00:00,42,val,0.353,0.30474845
Merzenhausen,2023-01-09 14:00:00,42,val,0.353,0.30385464
Merzenhausen,2023-01-09 15:00:00,42,val,0.353,0.30268973
Merzenhausen,2023-01-09 16:00:00,42,val,0.351,0.30551627
Merzenhausen,2023-01-09 17:00:00,42,val,0.351,0.3054971
Merzenhausen,2023-01-09 18:00:00,42,val,0.35,0.30434406
Merzenhausen,2023-01-09 19:00:00,42,val,0.351,0.30361637
Merzenhausen,2023-01-09 20:00:00,42,val,0.35,0.30752507
Merzenhausen,2023-01-09 21:00:00,42,val,0.35,0.30959153
Merzenhausen,2023-01-09 22:00:00,42,val,0.35,0.30872554
Merzenhausen,2023-01-09 23:00:00,42,val,0.348,0.30636224
Merzenhausen,2023-01-10 00:00:00,42,val,0.349,0.30982512
Merzenhausen,2023-01-10 01:00:00,42,val,0.349,0.30949897
Merzenhausen,2023-01-10 02:00:00,42,val,0.349,0.30698973
Merzenhausen,2023-01-10 03:00:00,42,val,0.349,0.30412754
Merzenhausen,2023-01-10 04:00:00,42,val,0.349,0.30749375
Merzenhausen,2023-01-10 05:00:00,42,val,0.35,0.3069956
Merzenhausen,2023-01-10 06:00:00,42,val,0.363,0.30466422
Merzenhausen,2023-01-10 07:00:00,42,val,0.372,0.30164778
Merzenhausen,2023-01-10 08:00:00,42,val,0.379,0.3054405
Merzenhausen,2023-01-10 09:00:00,42,val,0.383,0.30508915
Merzenhausen,2023-01-10 10:00:00,42,val,0.383,0.30267215
Merzenhausen,2023-01-10 11:00:00,42,val,0.379,0.30017012
Merzenhausen,2023-01-10 12:00:00,42,val,0.376,0.30540675
Merzenhausen,2023-01-10 13:00:00,42,val,0.377,0.30599758
Merzenhausen,2023-01-10 14:00:00,42,val,0.379,0.30481523
Merzenhausen,2023-01-10 15:00:00,42,val,0.378,0.30292934
Merzenhausen,2023-01-10 16:00:00,42,val,0.378,0.30934787
Merzenhausen,2023-01-10 17:00:00,42,val,0.378,0.310755
Merzenhausen,2023-01-10 18:00:00,42,val,0.376,0.30974382
Merzenhausen,2023-01-10 19:00:00,42,val,0.376,0.30769175
Merzenhausen,2023-01-10 20:00:00,42,val,0.382,0.31315824
Merzenhausen,2023-01-10 21:00:00,42,val,0.379,0.31396458
Merzenhausen,2023-01-10 22:00:00,42,val,0.379,0.31268328
Merzenhausen,2023-01-10 23:00:00,42,val,0.377,0.3106896
Merzenhausen,2023-01-11 00:00:00,42,val,0.381,0.31489208
Merzenhausen,2023-01-11 01:00:00,42,val,0.379,0.31595492
Merzenhausen,2023-01-11 02:00:00,42,val,0.376,0.31489018
Merzenhausen,2023-01-11 03:00:00,42,val,0.375,0.31313002
Merzenhausen,2023-01-11 04:00:00,42,val,0.375,0.31695443
Merzenhausen,2023-01-11 05:00:00,42,val,0.374,0.31803554
Merzenhausen,2023-01-11 06:00:00,42,val,0.372,0.3181914
Merzenhausen,2023-01-11 07:00:00,42,val,0.372,0.3181817
Merzenhausen,2023-01-11 08:00:00,42,val,0.372,0.32243857
Merzenhausen,2023-01-11 09:00:00,42,val,0.371,0.32415697
Merzenhausen,2023-01-11 10:00:00,42,val,0.369,0.32366312
Merzenhausen,2023-01-11 11:00:00,42,val,0.367,0.3225414
Merzenhausen,2023-01-11 12:00:00,42,val,0.368,0.32148838
Merzenhausen,2023-01-11 13:00:00,42,val,0.368,0.32077712
Merzenhausen,2023-01-11 14:00:00,42,val,0.372,0.32045504
Merzenhausen,2023-01-11 15:00:00,42,val,0.375,0.32037994
Merzenhausen,2023-01-11 16:00:00,42,val,0.372,0.3202622
Merzenhausen,2023-01-11 17:00:00,42,val,0.371,0.32010967
Merzenhausen,2023-01-11 18:00:00,42,val,0.371,0.31984589
Merzenhausen,2023-01-11 19:00:00,42,val,0.369,0.31970128
Merzenhausen,2023-01-11 20:00:00,42,val,0.369,0.31956488
Merzenhausen,2023-01-11 21:00:00,42,val,0.369,0.3195477
Merzenhausen,2023-01-11 22:00:00,42,val,0.367,0.3199581
Merzenhausen,2023-01-11 23:00:00,42,val,0.368,0.32004154
Merzenhausen,2023-01-12 00:00:00,42,val,0.366,0.31974137
Merzenhausen,2023-01-12 01:00:00,42,val,0.366,0.31946388
Merzenhausen,2023-01-12 02:00:00,42,val,0.364,0.31907558
Merzenhausen,2023-01-12 03:00:00,42,val,0.365,0.3193434
Merzenhausen,2023-01-12 04:00:00,42,val,0.365,0.3200403
Merzenhausen,2023-01-12 05:00:00,42,val,0.365,0.3216775
Merzenhausen,2023-01-12 06:00:00,42,val,0.363,0.3248093
Merzenhausen,2023-01-12 07:00:00,42,val,0.363,0.32755312
Merzenhausen,2023-01-12 08:00:00,42,val,0.363,0.33020264
Merzenhausen,2023-01-12 09:00:00,42,val,0.363,0.33227387
Merzenhausen,2023-01-12 10:00:00,42,val,0.361,0.33388925
Merzenhausen,2023-01-12 11:00:00,42,val,0.361,0.334247
Merzenhausen,2023-01-12 12:00:00,42,val,0.365,0.33401248
Merzenhausen,2023-01-12 13:00:00,42,val,0.366,0.33457237
Merzenhausen,2023-01-12 14:00:00,42,val,0.368,0.3350027
Merzenhausen,2023-01-12 15:00:00,42,val,0.369,0.3353855
Merzenhausen,2023-01-12 16:00:00,42,val,0.369,0.33559528
Merzenhausen,2023-01-12 17:00:00,42,val,0.369,0.33537608
Merzenhausen,2023-01-12 18:00:00,42,val,0.367,0.33578432
Merzenhausen,2023-01-12 19:00:00,42,val,0.367,0.33671698
Merzenhausen,2023-01-12 20:00:00,42,val,0.367,0.3375141
Merzenhausen,2023-01-12 21:00:00,42,val,0.387,0.33768967
Merzenhausen,2023-01-12 22:00:00,42,val,0.39,0.33785054
Merzenhausen,2023-01-12 23:00:00,42,val,0.391,0.33838975
Merzenhausen,2023-01-13 00:00:00,42,val,0.39,0.3386042
Merzenhausen,2023-01-13 01:00:00,42,val,0.39,0.33834267
Merzenhausen,2023-01-13 02:00:00,42,val,0.387,0.3376453
Merzenhausen,2023-01-13 03:00:00,42,val,0.384,0.33661413
Merzenhausen,2023-01-13 04:00:00,42,val,0.38,0.33549413
Merzenhausen,2023-01-13 05:00:00,42,val,0.38,0.33438906
Merzenhausen,2023-01-13 06:00:00,42,val,0.378,0.33332753
Merzenhausen,2023-01-13 07:00:00,42,val,0.377,0.33242908
Merzenhausen,2023-01-13 08:00:00,42,val,0.375,0.33174983
Merzenhausen,2023-01-13 09:00:00,42,val,0.374,0.33122918
Merzenhausen,2023-01-13 10:00:00,42,val,0.372,0.33077013
Merzenhausen,2023-01-13 11:00:00,42,val,0.371,0.33032557
Merzenhausen,2023-01-13 12:00:00,42,val,0.371,0.33010116
Merzenhausen,2023-01-13 13:00:00,42,val,0.371,0.3317853
Merzenhausen,2023-01-13 14:00:00,42,val,0.369,0.33375993
Merzenhausen,2023-01-13 15:00:00,42,val,0.369,0.3344422
Merzenhausen,2023-01-13 16:00:00,42,val,0.368,0.33400878
Merzenhausen,2023-01-13 17:00:00,42,val,0.368,0.33337075
Merzenhausen,2023-01-13 18:00:00,42,val,0.368,0.33262196
Merzenhausen,2023-01-13 19:00:00,42,val,0.366,0.33191684
Merzenhausen,2023-01-13 20:00:00,42,val,0.366,0.33140168
Merzenhausen,2023-01-13 21:00:00,42,val,0.367,0.3311104
Merzenhausen,2023-01-13 22:00:00,42,val,0.365,0.33080763
Merzenhausen,2023-01-13 23:00:00,42,val,0.365,0.33058223
Merzenhausen,2023-01-14 00:00:00,42,val,0.365,0.33025885
Merzenhausen,2023-01-14 01:00:00,42,val,0.363,0.32987556
Merzenhausen,2023-01-14 02:00:00,42,val,0.363,0.32925433
Merzenhausen,2023-01-14 03:00:00,42,val,0.363,0.32855543
Merzenhausen,2023-01-14 04:00:00,42,val,0.361,0.32793397
Merzenhausen,2023-01-14 05:00:00,42,val,0.361,0.3273387
Merzenhausen,2023-01-14 06:00:00,42,val,0.361,0.32667956
Merzenhausen,2023-01-14 07:00:00,42,val,0.361,0.32611978
Merzenhausen,2023-01-14 08:00:00,42,val,0.359,0.32634553
Merzenhausen,2023-01-14 09:00:00,42,val,0.36,0.3262154
Merzenhausen,2023-01-14 10:00:00,42,val,0.36,0.32586548
Merzenhausen,2023-01-14 11:00:00,42,val,0.362,0.32825267
Merzenhausen,2023-01-14 12:00:00,42,val,0.36,0.33046514
Merzenhausen,2023-01-14 13:00:00,42,val,0.36,0.3314273
Merzenhausen,2023-01-14 14:00:00,42,val,0.36,0.33265722
Merzenhausen,2023-01-14 15:00:00,42,val,0.36,0.33254436
Merzenhausen,2023-01-14 16:00:00,42,val,0.36,0.33190694
Merzenhausen,2023-01-14 17:00:00,42,val,0.36,0.3312668
Merzenhausen,2023-01-14 18:00:00,42,val,0.358,0.33075458
Merzenhausen,2023-01-14 19:00:00,42,val,0.36,0.330532
Merzenhausen,2023-01-14 20:00:00,42,val,0.36,0.33129418
Merzenhausen,2023-01-14 21:00:00,42,val,0.36,0.33515698
Merzenhausen,2023-01-14 22:00:00,42,val,0.36,0.33806175
Merzenhausen,2023-01-14 23:00:00,42,val,0.361,0.33994207
Merzenhausen,2023-01-15 00:00:00,42,val,0.361,0.34081602
Merzenhausen,2023-01-15 01:00:00,42,val,0.361,0.3405726
Merzenhausen,2023-01-15 02:00:00,42,val,0.361,0.3396035
Merzenhausen,2023-01-15 03:00:00,42,val,0.361,0.33830923
Merzenhausen,2023-01-15 04:00:00,42,val,0.361,0.33683175
Merzenhausen,2023-01-15 05:00:00,42,val,0.362,0.33548036
Merzenhausen,2023-01-15 06:00:00,42,val,0.36,0.33427858
Merzenhausen,2023-01-15 07:00:00,42,val,0.36,0.3332858
Merzenhausen,2023-01-15 08:00:00,42,val,0.36,0.33261058
Merzenhausen,2023-01-15 09:00:00,42,val,0.361,0.33192262
Merzenhausen,2023-01-15 10:00:00,42,val,0.361,0.3312365
Merzenhausen,2023-01-15 11:00:00,42,val,0.359,0.3306612
Merzenhausen,2023-01-15 12:00:00,42,val,0.359,0.330211
Merzenhausen,2023-01-15 13:00:00,42,val,0.359,0.32987046
Merzenhausen,2023-01-15 14:00:00,42,val,0.359,0.32945967
Merzenhausen,2023-01-15 15:00:00,42,val,0.36,0.3291133
Merzenhausen,2023-01-15 16:00:00,42,val,0.357,0.3287818
Merzenhausen,2023-01-15 17:00:00,42,val,0.357,0.3295115
Merzenhausen,2023-03-22 05:00:00,42,val,0.344,0.31290922
Merzenhausen,2023-03-22 06:00:00,42,val,0.344,0.31264833
Merzenhausen,2023-03-22 07:00:00,42,val,0.344,0.3124608
Merzenhausen,2023-03-22 08:00:00,42,val,0.344,0.31235543
Merzenhausen,2023-03-22 09:00:00,42,val,0.344,0.3123744
Merzenhausen,2023-03-22 10:00:00,42,val,0.342,0.31241503
Merzenhausen,2023-03-22 11:00:00,42,val,0.343,0.3125735
Merzenhausen,2023-03-22 12:00:00,42,val,0.342,0.31275705
Merzenhausen,2023-03-22 13:00:00,42,val,0.342,0.31262437
Merzenhausen,2023-03-22 14:00:00,42,val,0.344,0.31244287
Merzenhausen,2023-03-22 15:00:00,42,val,0.344,0.3122549
Merzenhausen,2023-03-22 16:00:00,42,val,0.342,0.31204823
Merzenhausen,2023-03-22 17:00:00,42,val,0.344,0.3118713
Merzenhausen,2023-03-22 18:00:00,42,val,0.343,0.31176928
Merzenhausen,2023-03-22 19:00:00,42,val,0.344,0.31176153
Merzenhausen,2023-03-22 20:00:00,42,val,0.344,0.31183463
Merzenhausen,2023-03-22 21:00:00,42,val,0.344,0.31181446
Merzenhausen,2023-03-22 22:00:00,42,val,0.341,0.3119399
Merzenhausen,2023-03-22 23:00:00,42,val,0.341,0.31219923
Merzenhausen,2023-03-23 00:00:00,42,val,0.341,0.31245884
Merzenhausen,2023-03-23 01:00:00,42,val,0.341,0.3126934
Merzenhausen,2023-03-23 02:00:00,42,val,0.341,0.31411636
Merzenhausen,2023-03-23 03:00:00,42,val,0.341,0.31446052
Merzenhausen,2023-03-23 04:00:00,42,val,0.341,0.31426993
Merzenhausen,2023-03-23 05:00:00,42,val,0.341,0.31388158
Merzenhausen,2023-03-23 06:00:00,42,val,0.341,0.31343603
Merzenhausen,2023-03-23 07:00:00,42,val,0.341,0.31305274
Merzenhausen,2023-03-23 08:00:00,42,val,0.341,0.3127578
Merzenhausen,2023-03-23 09:00:00,42,val,0.341,0.31236476
Merzenhausen,2023-03-23 10:00:00,42,val,0.341,0.31227633
Merzenhausen,2023-03-23 11:00:00,42,val,0.341,0.3124984
Merzenhausen,2023-03-23 12:00:00,42,val,0.341,0.3128972
Merzenhausen,2023-03-23 13:00:00,42,val,0.341,0.31290838
Merzenhausen,2023-03-23 14:00:00,42,val,0.333,0.3134402
Merzenhausen,2023-03-23 15:00:00,42,val,0.343,0.31432873
Merzenhausen,2023-03-23 16:00:00,42,val,0.33,0.31402662
Merzenhausen,2023-03-23 17:00:00,42,val,0.3735,0.31343788
Merzenhausen,2023-03-23 18:00:00,42,val,0.371,0.31281096
Merzenhausen,2023-03-23 19:00:00,42,val,0.37,0.31232038
Merzenhausen,2023-03-23 20:00:00,42,val,0.37,0.3119847
Merzenhausen,2023-03-23 21:00:00,42,val,0.357,0.31184268
Merzenhausen,2023-03-23 22:00:00,42,val,0.3695,0.3117259
Merzenhausen,2023-03-23 23:00:00,42,val,0.356,0.31255057
Merzenhausen,2023-03-24 00:00:00,42,val,0.356,0.31303915
Merzenhausen,2023-03-24 01:00:00,42,val,0.356,0.31305256
Merzenhausen,2023-03-24 02:00:00,42,val,0.354,0.31317288
Merzenhausen,2023-03-24 03:00:00,42,val,0.354,0.31307593
Merzenhausen,2023-03-24 04:00:00,42,val,0.355,0.31308398
Merzenhausen,2023-03-24 05:00:00,42,val,0.355,0.31353736
Merzenhausen,2023-03-24 06:00:00,42,val,0.3465,0.31325155
Merzenhausen,2023-03-24 07:00:00,42,val,0.3465,0.31273192
Merzenhausen,2023-04-15 16:00:00,42,val,0.348,0.30711466
Merzenhausen,2023-04-15 17:00:00,42,val,0.348,0.3076048
Merzenhausen,2023-04-15 18:00:00,42,val,0.348,0.30812675
Merzenhausen,2023-04-15 19:00:00,42,val,0.3565,0.3085382
Merzenhausen,2023-04-15 20:00:00,42,val,0.347,0.30884957
Merzenhausen,2023-04-15 21:00:00,42,val,0.362,0.31083682
Merzenhausen,2023-04-15 22:00:00,42,val,0.348,0.3117384
Merzenhausen,2023-04-15 23:00:00,42,val,0.348,0.3116265
Merzenhausen,2023-04-16 00:00:00,42,val,0.348,0.3107922
Merzenhausen,2023-04-16 01:00:00,42,val,0.346,0.3100374
Merzenhausen,2023-04-16 02:00:00,42,val,0.346,0.30944407
Merzenhausen,2023-04-16 03:00:00,42,val,0.346,0.3088247
Merzenhausen,2023-04-16 04:00:00,42,val,0.346,0.30849308
Merzenhausen,2023-04-16 05:00:00,42,val,0.348,0.30832404
Merzenhausen,2023-04-16 06:00:00,42,val,0.344,0.30821076
Merzenhausen,2023-04-16 07:00:00,42,val,0.345,0.3084473
Merzenhausen,2023-04-16 08:00:00,42,val,0.345,0.30847597
Merzenhausen,2023-04-16 09:00:00,42,val,0.345,0.30841398
Merzenhausen,2023-04-16 10:00:00,42,val,0.345,0.30828106
Merzenhausen,2023-04-16 11:00:00,42,val,0.346,0.30841017
Merzenhausen,2023-04-16 12:00:00,42,val,0.346,0.3081477
Merzenhausen,2023-04-16 13:00:00,42,val,0.346,0.3080061
Merzenhausen,2023-04-16 14:00:00,42,val,0.345,0.30792928
Merzenhausen,2023-04-16 15:00:00,42,val,0.345,0.3079536
Merzenhausen,2023-04-16 16:00:00,42,val,0.345,0.30959544
Merzenhausen,2023-04-16 17:00:00,42,val,0.345,0.31185722
Merzenhausen,2023-04-16 18:00:00,42,val,0.345,0.3113093
Merzenhausen,2023-04-16 19:00:00,42,val,0.346,0.31070924
Merzenhausen,2023-04-16 20:00:00,42,val,0.344,0.3093729
Merzenhausen,2023-04-16 21:00:00,42,val,0.344,0.30986378
Merzenhausen,2023-04-16 22:00:00,42,val,0.344,0.31025252
Merzenhausen,2023-04-16 23:00:00,42,val,0.344,0.31064665
Merzenhausen,2023-04-17 00:00:00,42,val,0.342,0.3108824
Merzenhausen,2023-04-17 01:00:00,42,val,0.342,0.31100997
Merzenhausen,2023-04-17 02:00:00,42,val,0.343,0.31104213
Merzenhausen,2023-04-17 03:00:00,42,val,0.343,0.31097776
Merzenhausen,2023-04-17 04:00:00,42,val,0.343,0.31235072
Merzenhausen,2023-04-17 05:00:00,42,val,0.343,0.3125699
Merzenhausen,2023-04-17 06:00:00,42,val,0.341,0.31224647
Merzenhausen,2023-04-17 07:00:00,42,val,0.341,0.31171167
Merzenhausen,2023-04-17 08:00:00,42,val,0.341,0.31147164
Merzenhausen,2023-04-17 09:00:00,42,val,0.341,0.31102914
Merzenhausen,2023-04-17 10:00:00,42,val,0.341,0.3105422
Merzenhausen,2023-04-17 11:00:00,42,val,0.342,0.30981243
Merzenhausen,2023-04-17 12:00:00,42,val,0.339,0.31019872
Merzenhausen,2023-04-17 13:00:00,42,val,0.339,0.30916616
Merzenhausen,2023-04-17 14:00:00,42,val,0.342,0.30868644
Merzenhausen,2023-04-17 15:00:00,42,val,0.34,0.31016898
Merzenhausen,2023-04-17 16:00:00,42,val,0.34,0.31049305
Merzenhausen,2023-04-17 17:00:00,42,val,0.34,0.3105238
Merzenhausen,2023-04-17 18:00:00,42,val,0.34,0.31053606
Merzenhausen,2023-04-17 19:00:00,42,val,0.337,0.31147546
Merzenhausen,2023-04-17 20:00:00,42,val,0.338,0.31150335
Merzenhausen,2023-04-17 21:00:00,42,val,0.337,0.31271264
Merzenhausen,2023-04-17 22:00:00,42,val,0.338,0.31277078
Merzenhausen,2023-04-17 23:00:00,42,val,0.338,0.31242812
Merzenhausen,2023-04-18 00:00:00,42,val,0.336,0.31189132
Merzenhausen,2023-04-18 01:00:00,42,val,0.336,0.31106582
Merzenhausen,2023-04-18 02:00:00,42,val,0.338,0.3101502
Merzenhausen,2023-04-18 03:00:00,42,val,0.335,0.3092302
Merzenhausen,2023-04-18 04:00:00,42,val,0.336,0.308274
Merzenhausen,2023-04-18 05:00:00,42,val,0.336,0.3077559
Merzenhausen,2023-04-18 06:00:00,42,val,0.334,0.30717343
Merzenhausen,2023-04-18 07:00:00,42,val,0.333,0.30676496
Merzenhausen,2023-04-18 08:00:00,42,val,0.333,0.3064263
Merzenhausen,2023-04-18 09:00:00,42,val,0.334,0.30618674
Merzenhausen,2023-04-18 10:00:00,42,val,0.334,0.30619627
Merzenhausen,2023-04-18 11:00:00,42,val,0.334,0.3061905
Merzenhausen,2023-04-18 12:00:00,42,val,0.333,0.30619478
Merzenhausen,2023-04-18 13:00:00,42,val,0.336,0.3062381
Merzenhausen,2023-04-18 14:00:00,42,val,0.336,0.3061443
Merzenhausen,2023-04-18 15:00:00,42,val,0.336,0.30603758
Merzenhausen,2023-04-18 16:00:00,42,val,0.334,0.3060812
Merzenhausen,2023-04-18 17:00:00,42,val,0.334,0.3062924
Merzenhausen,2023-04-18 18:00:00,42,val,0.334,0.30671844
Merzenhausen,2023-04-18 19:00:00,42,val,0.334,0.30731624
Merzenhausen,2023-04-18 20:00:00,42,val,0.336,0.30763787
Merzenhausen,2023-04-18 21:00:00,42,val,0.334,0.30781856
Merzenhausen,2023-04-18 22:00:00,42,val,0.336,0.30801937
Merzenhausen,2023-04-18 23:00:00,42,val,0.326,0.30825752
Merzenhausen,2023-04-19 00:00:00,42,val,0.326,0.308258
Merzenhausen,2023-04-19 01:00:00,42,val,0.336,0.3081549
Merzenhausen,2023-04-19 02:00:00,42,val,0.327,0.3080768
Merzenhausen,2023-04-19 03:00:00,42,val,0.336,0.30793223
Merzenhausen,2023-04-19 04:00:00,42,val,0.335,0.3078247
Merzenhausen,2023-04-19 05:00:00,42,val,0.326,0.30773428
Merzenhausen,2023-04-19 06:00:00,42,val,0.335,0.30743316
Merzenhausen,2023-04-19 07:00:00,42,val,0.335,0.3070505
Merzenhausen,2023-04-19 08:00:00,42,val,0.335,0.3066641
Merzenhausen,2023-04-19 09:00:00,42,val,0.362,0.30634087
Merzenhausen,2023-04-19 10:00:00,42,val,0.336,0.30597186
Merzenhausen,2023-04-19 11:00:00,42,val,0.3275,0.3058805
Merzenhausen,2023-04-19 12:00:00,42,val,0.336,0.3055578
Merzenhausen,2023-04-19 13:00:00,42,val,0.3419999999999999,0.30519843
Merzenhausen,2023-04-19 14:00:00,42,val,0.3495,0.30527532
Merzenhausen,2023-04-19 15:00:00,42,val,0.337,0.30521655
Merzenhausen,2023-04-19 16:00:00,42,val,0.337,0.30519772
Merzenhausen,2023-04-19 17:00:00,42,val,0.337,0.30521995
Merzenhausen,2023-04-19 18:00:00,42,val,0.349,0.30531615
Merzenhausen,2023-04-19 19:00:00,42,val,0.337,0.30502498
Merzenhausen,2023-04-19 20:00:00,42,val,0.335,0.30466965
Merzenhausen,2023-04-19 21:00:00,42,val,0.328,0.30416995
Merzenhausen,2023-04-19 22:00:00,42,val,0.3495,0.30372617
Merzenhausen,2023-04-19 23:00:00,42,val,0.336,0.30324203
Merzenhausen,2023-04-20 00:00:00,42,val,0.336,0.3024631
Merzenhausen,2023-04-20 01:00:00,42,val,0.336,0.3016163
Merzenhausen,2023-04-20 02:00:00,42,val,0.336,0.3011099
Merzenhausen,2023-04-20 03:00:00,42,val,0.336,0.30063248
Merzenhausen,2023-04-20 04:00:00,42,val,0.334,0.30039164
Merzenhausen,2023-04-20 05:00:00,42,val,0.334,0.30023932
Merzenhausen,2023-04-20 06:00:00,42,val,0.335,0.30036724
Merzenhausen,2023-04-20 07:00:00,42,val,0.335,0.30081424
Merzenhausen,2023-04-20 08:00:00,42,val,0.335,0.3012861
Merzenhausen,2023-04-20 09:00:00,42,val,0.338,0.30291384
Merzenhausen,2023-04-20 10:00:00,42,val,0.337,0.30306798
Merzenhausen,2023-04-20 11:00:00,42,val,0.337,0.3031366
Merzenhausen,2023-04-20 12:00:00,42,val,0.336,0.3031495
Merzenhausen,2023-04-20 13:00:00,42,val,0.337,0.30236942
Merzenhausen,2023-04-20 14:00:00,42,val,0.337,0.30135465
Merzenhausen,2023-04-20 15:00:00,42,val,0.335,0.30035096
Merzenhausen,2023-04-20 16:00:00,42,val,0.335,0.29968995
Merzenhausen,2023-04-20 17:00:00,42,val,0.337,0.29935476
Merzenhausen,2023-04-20 18:00:00,42,val,0.337,0.2993499
Merzenhausen,2023-04-20 19:00:00,42,val,0.337,0.29966792
Merzenhausen,2023-04-20 20:00:00,42,val,0.337,0.30012053
Merzenhausen,2023-04-20 21:00:00,42,val,0.337,0.30225086
Merzenhausen,2023-04-20 22:00:00,42,val,0.334,0.3062225
Merzenhausen,2023-04-20 23:00:00,42,val,0.334,0.30798197
Merzenhausen,2023-04-21 00:00:00,42,val,0.335,0.30726036
Merzenhausen,2023-04-21 01:00:00,42,val,0.335,0.30570346
Merzenhausen,2023-04-21 02:00:00,42,val,0.336,0.3031704
Merzenhausen,2023-04-21 03:00:00,42,val,0.334,0.30161008
Merzenhausen,2023-04-21 04:00:00,42,val,0.334,0.30062592
Merzenhausen,2023-04-21 05:00:00,42,val,0.334,0.29900452
Merzenhausen,2023-04-21 06:00:00,42,val,0.334,0.29845178
Merzenhausen,2023-04-21 07:00:00,42,val,0.334,0.29842138
Merzenhausen,2023-04-21 08:00:00,42,val,0.334,0.29863364
Merzenhausen,2023-04-21 09:00:00,42,val,0.334,0.3019048
Merzenhausen,2023-04-21 10:00:00,42,val,0.334,0.30276942
Merzenhausen,2023-04-21 11:00:00,42,val,0.334,0.30154908
Merzenhausen,2023-04-21 12:00:00,42,val,0.334,0.30068678
Merzenhausen,2023-04-21 13:00:00,42,val,0.334,0.30065668
Merzenhausen,2023-04-21 14:00:00,42,val,0.334,0.30180326
Merzenhausen,2023-04-21 15:00:00,42,val,0.334,0.30207792
Merzenhausen,2023-04-21 16:00:00,42,val,0.334,0.30399844
Merzenhausen,2023-04-21 17:00:00,42,val,0.332,0.3043592
Merzenhausen,2023-04-21 18:00:00,42,val,0.33,0.3055231
Merzenhausen,2023-04-21 19:00:00,42,val,0.332,0.30777723
Merzenhausen,2023-04-21 20:00:00,42,val,0.332,0.30802146
Merzenhausen,2023-04-21 21:00:00,42,val,0.332,0.30631626
Merzenhausen,2023-04-21 22:00:00,42,val,0.332,0.30592704
Merzenhausen,2023-04-21 23:00:00,42,val,0.332,0.30462605
Merzenhausen,2023-04-22 00:00:00,42,val,0.332,0.3034492
Merzenhausen,2023-04-22 01:00:00,42,val,0.332,0.30234173
Merzenhausen,2023-04-22 02:00:00,42,val,0.332,0.3016296
Merzenhausen,2023-04-22 03:00:00,42,val,0.33,0.30117556
Merzenhausen,2023-04-22 04:00:00,42,val,0.329,0.30079165
Merzenhausen,2023-04-22 05:00:00,42,val,0.329,0.30051872
Merzenhausen,2023-04-22 06:00:00,42,val,0.324,0.3005157
Merzenhausen,2023-04-22 07:00:00,42,val,0.33,0.30050102
Merzenhausen,2023-04-22 08:00:00,42,val,0.366,0.3002506
Merzenhausen,2023-04-22 09:00:00,42,val,0.379,0.30019462
Merzenhausen,2023-04-22 10:00:00,42,val,0.376,0.3000424
Merzenhausen,2023-04-22 11:00:00,42,val,0.375,0.30019808
Merzenhausen,2023-04-22 12:00:00,42,val,0.376,0.3005233
Merzenhausen,2023-04-22 13:00:00,42,val,0.374,0.3012826
Merzenhausen,2023-04-22 14:00:00,42,val,0.374,0.30259323
Merzenhausen,2023-04-22 15:00:00,42,val,0.374,0.30313644
Merzenhausen,2023-04-22 16:00:00,42,val,0.371,0.30340186
Merzenhausen,2023-04-22 17:00:00,42,val,0.371,0.30404255
Merzenhausen,2023-04-22 18:00:00,42,val,0.37,0.30423775
Merzenhausen,2023-04-22 19:00:00,42,val,0.368,0.30459598
Merzenhausen,2023-04-22 20:00:00,42,val,0.366,0.30445102
Merzenhausen,2023-04-22 21:00:00,42,val,0.367,0.3039944
Merzenhausen,2023-04-22 22:00:00,42,val,0.367,0.30310318
Merzenhausen,2023-04-22 23:00:00,42,val,0.365,0.30217856
Merzenhausen,2023-04-23 00:00:00,42,val,0.365,0.3014242
Merzenhausen,2023-04-23 01:00:00,42,val,0.364,0.30091852
Merzenhausen,2023-04-23 02:00:00,42,val,0.364,0.30058149
Merzenhausen,2023-04-23 03:00:00,42,val,0.364,0.30030537
Merzenhausen,2023-04-23 04:00:00,42,val,0.362,0.3002094
Merzenhausen,2023-04-23 05:00:00,42,val,0.362,0.3003097
Merzenhausen,2023-04-23 06:00:00,42,val,0.374,0.3004252
Merzenhausen,2023-04-23 07:00:00,42,val,0.361,0.30051318
Merzenhausen,2023-04-23 08:00:00,42,val,0.361,0.30050445
Merzenhausen,2023-04-23 09:00:00,42,val,0.361,0.30039054
Merzenhausen,2023-04-23 10:00:00,42,val,0.359,0.3003819
Merzenhausen,2023-04-23 11:00:00,42,val,0.36,0.30055246
Merzenhausen,2023-04-23 12:00:00,42,val,0.361,0.30060643
Merzenhausen,2023-04-23 13:00:00,42,val,0.359,0.3007751
Merzenhausen,2023-04-23 14:00:00,42,val,0.359,0.30114877
Merzenhausen,2023-04-23 15:00:00,42,val,0.359,0.30359995
Merzenhausen,2023-04-23 16:00:00,42,val,0.357,0.30624834
Merzenhausen,2023-04-23 17:00:00,42,val,0.357,0.3061254
Merzenhausen,2023-04-23 18:00:00,42,val,0.357,0.30468205
Merzenhausen,2023-04-23 19:00:00,42,val,0.355,0.3031523
Merzenhausen,2023-04-23 20:00:00,42,val,0.357,0.30185595
Merzenhausen,2023-04-23 21:00:00,42,val,0.354,0.3012685
Merzenhausen,2023-04-23 22:00:00,42,val,0.356,0.30072564
Merzenhausen,2023-04-23 23:00:00,42,val,0.353,0.30019188
Merzenhausen,2023-04-24 00:00:00,42,val,0.353,0.29979032
Merzenhausen,2023-04-24 01:00:00,42,val,0.351,0.29938048
Merzenhausen,2023-04-24 02:00:00,42,val,0.351,0.29914016
Merzenhausen,2023-05-16 06:00:00,42,val,0.339,0.31001848
Merzenhausen,2023-05-16 07:00:00,42,val,0.339,0.30976462
Merzenhausen,2023-05-16 08:00:00,42,val,0.34,0.30966714
Merzenhausen,2023-05-16 09:00:00,42,val,0.341,0.30962202
Merzenhausen,2023-05-16 10:00:00,42,val,0.337,0.30928966
Merzenhausen,2023-05-16 11:00:00,42,val,0.339,0.30882585
Merzenhausen,2023-05-29 09:00:00,42,val,0.217,0.23850769
Merzenhausen,2023-05-29 10:00:00,42,val,0.219,0.23896253
Merzenhausen,2023-05-29 11:00:00,42,val,0.219,0.238649
Merzenhausen,2023-05-29 12:00:00,42,val,0.212,0.23761724
Merzenhausen,2023-05-29 13:00:00,42,val,0.215,0.2362411
Merzenhausen,2023-05-29 14:00:00,42,val,0.213,0.23495117
Merzenhausen,2023-05-29 15:00:00,42,val,0.21,0.23364517
Merzenhausen,2023-05-29 16:00:00,42,val,0.207,0.23248826
Merzenhausen,2023-05-29 17:00:00,42,val,0.208,0.23113462
Merzenhausen,2023-05-29 18:00:00,42,val,0.209,0.2297163
Merzenhausen,2023-05-29 19:00:00,42,val,0.203,0.22851893
Merzenhausen,2023-05-29 20:00:00,42,val,0.204,0.22761413
Merzenhausen,2023-05-29 21:00:00,42,val,0.205,0.22662318
Merzenhausen,2023-05-29 22:00:00,42,val,0.205,0.22585651
Merzenhausen,2023-05-29 23:00:00,42,val,0.206,0.2250987
Merzenhausen,2023-05-30 00:00:00,42,val,0.204,0.22447285
Merzenhausen,2023-05-30 01:00:00,42,val,0.204,0.22358564
Merzenhausen,2023-05-30 02:00:00,42,val,0.201,0.22292025
Merzenhausen,2023-05-30 03:00:00,42,val,0.204,0.2217767
Merzenhausen,2023-05-30 04:00:00,42,val,0.201,0.22056805
Merzenhausen,2023-05-30 05:00:00,42,val,0.201,0.22007632
Merzenhausen,2023-05-30 06:00:00,42,val,0.202,0.22053428
Merzenhausen,2023-05-30 07:00:00,42,val,0.202,0.2214283
Merzenhausen,2023-05-30 08:00:00,42,val,0.202,0.2220565
Merzenhausen,2023-05-30 09:00:00,42,val,0.201,0.22260228
Merzenhausen,2023-05-30 10:00:00,42,val,0.201,0.22221723
Merzenhausen,2023-05-30 11:00:00,42,val,0.2,0.22130196
Merzenhausen,2023-05-30 12:00:00,42,val,0.2,0.22086532
Merzenhausen,2023-05-30 13:00:00,42,val,0.2,0.21976267
Merzenhausen,2023-05-30 14:00:00,42,val,0.2,0.21837154
Merzenhausen,2023-05-30 15:00:00,42,val,0.194,0.21755339
Merzenhausen,2023-05-30 16:00:00,42,val,0.194,0.21615031
Merzenhausen,2023-05-30 17:00:00,42,val,0.195,0.21474208
Merzenhausen,2023-05-30 18:00:00,42,val,0.192,0.21349774
Merzenhausen,2023-05-30 19:00:00,42,val,0.193,0.21239308
Merzenhausen,2023-05-30 20:00:00,42,val,0.194,0.2116239
Merzenhausen,2023-05-30 21:00:00,42,val,0.195,0.21128675
Merzenhausen,2023-05-30 22:00:00,42,val,0.189,0.21115181
Merzenhausen,2023-05-30 23:00:00,42,val,0.194,0.21086824
Merzenhausen,2023-05-31 00:00:00,42,val,0.192,0.21022308
Merzenhausen,2023-05-31 01:00:00,42,val,0.189,0.20925699
Merzenhausen,2023-05-31 02:00:00,42,val,0.191,0.2081078
Merzenhausen,2023-05-31 03:00:00,42,val,0.192,0.20731367
Merzenhausen,2023-05-31 04:00:00,42,val,0.189,0.20696265
Merzenhausen,2023-05-31 05:00:00,42,val,0.19,0.20684494
Merzenhausen,2023-05-31 06:00:00,42,val,0.19,0.20717426
Merzenhausen,2023-05-31 07:00:00,42,val,0.19,0.2078756
Merzenhausen,2023-05-31 08:00:00,42,val,0.19,0.20825648
Merzenhausen,2023-05-31 09:00:00,42,val,0.19,0.20845947
Merzenhausen,2023-05-31 10:00:00,42,val,0.189,0.20861013
Merzenhausen,2023-05-31 11:00:00,42,val,0.189,0.20872231
Merzenhausen,2023-05-31 12:00:00,42,val,0.191,0.2074459
Merzenhausen,2023-05-31 13:00:00,42,val,0.192,0.20637989
Merzenhausen,2023-05-31 14:00:00,42,val,0.19,0.20530884
Merzenhausen,2023-05-31 15:00:00,42,val,0.188,0.20409718
Merzenhausen,2023-05-31 16:00:00,42,val,0.186,0.20240824
Merzenhausen,2023-05-31 17:00:00,42,val,0.187,0.20116797
Merzenhausen,2023-05-31 18:00:00,42,val,0.187,0.20064414
Merzenhausen,2023-05-31 19:00:00,42,val,0.186,0.19953752
Merzenhausen,2023-05-31 20:00:00,42,val,0.185,0.19839731
Merzenhausen,2023-05-31 21:00:00,42,val,0.182,0.19770367
Merzenhausen,2023-05-31 22:00:00,42,val,0.183,0.19724795
Merzenhausen,2023-05-31 23:00:00,42,val,0.182,0.19706063
Merzenhausen,2023-06-01 00:00:00,42,val,0.185,0.19685514
Merzenhausen,2023-06-01 01:00:00,42,val,0.182,0.19662657
Merzenhausen,2023-06-01 02:00:00,42,val,0.183,0.19606423
Merzenhausen,2023-06-01 03:00:00,42,val,0.181,0.19574445
Merzenhausen,2023-06-01 04:00:00,42,val,0.18,0.19518597
Merzenhausen,2023-06-01 05:00:00,42,val,0.182,0.19490893
Merzenhausen,2023-06-01 06:00:00,42,val,0.182,0.19508532
Merzenhausen,2023-06-01 07:00:00,42,val,0.18,0.19568363
Merzenhausen,2023-06-01 08:00:00,42,val,0.182,0.19661035
Merzenhausen,2023-06-01 09:00:00,42,val,0.181,0.19738616
Merzenhausen,2023-06-01 10:00:00,42,val,0.182,0.19794449
Merzenhausen,2023-06-01 11:00:00,42,val,0.179,0.19805461
Merzenhausen,2023-06-01 12:00:00,42,val,0.178,0.19802153
Merzenhausen,2023-06-01 13:00:00,42,val,0.181,0.19765885
Merzenhausen,2023-06-01 14:00:00,42,val,0.179,0.19725043
Merzenhausen,2023-06-01 15:00:00,42,val,0.177,0.1959527
Merzenhausen,2023-06-01 16:00:00,42,val,0.177,0.19449519
Merzenhausen,2023-06-01 17:00:00,42,val,0.18,0.193435
Merzenhausen,2023-06-01 18:00:00,42,val,0.175,0.19230115
Merzenhausen,2023-06-01 19:00:00,42,val,0.173,0.19146074
Merzenhausen,2023-06-01 20:00:00,42,val,0.174,0.19086415
Merzenhausen,2023-06-01 21:00:00,42,val,0.176,0.19060987
Merzenhausen,2023-06-01 22:00:00,42,val,0.177,0.18939357
Merzenhausen,2023-06-01 23:00:00,42,val,0.174,0.18874152
Merzenhausen,2023-06-02 00:00:00,42,val,0.171,0.18828961
Merzenhausen,2023-06-02 01:00:00,42,val,0.172,0.1876523
Merzenhausen,2023-06-02 02:00:00,42,val,0.171,0.18726343
Merzenhausen,2023-06-02 03:00:00,42,val,0.171,0.18707833
Merzenhausen,2023-06-02 04:00:00,42,val,0.17,0.18642819
Merzenhausen,2023-06-02 05:00:00,42,val,0.173,0.18592826
Merzenhausen,2023-06-02 06:00:00,42,val,0.173,0.18570012
Merzenhausen,2023-06-02 07:00:00,42,val,0.174,0.18582357
Merzenhausen,2023-06-02 08:00:00,42,val,0.172,0.1864522
Merzenhausen,2023-06-02 09:00:00,42,val,0.175,0.18744937
Merzenhausen,2023-06-02 10:00:00,42,val,0.174,0.18868062
Merzenhausen,2023-06-02 11:00:00,42,val,0.172,0.18979439
Merzenhausen,2023-06-02 12:00:00,42,val,0.174,0.19099078
Merzenhausen,2023-06-02 13:00:00,42,val,0.173,0.19229348
Merzenhausen,2023-06-02 14:00:00,42,val,0.172,0.19269124
Merzenhausen,2023-06-02 15:00:00,42,val,0.172,0.192151
Merzenhausen,2023-06-02 16:00:00,42,val,0.17,0.19101791
Merzenhausen,2023-06-02 17:00:00,42,val,0.173,0.18991077
Merzenhausen,2023-06-02 18:00:00,42,val,0.171,0.18910132
Merzenhausen,2023-06-02 19:00:00,42,val,0.172,0.18832855
Merzenhausen,2023-06-02 20:00:00,42,val,0.169,0.18738826
Merzenhausen,2023-06-02 21:00:00,42,val,0.168,0.18574362
Merzenhausen,2023-06-02 22:00:00,42,val,0.169,0.18435761
Merzenhausen,2023-06-02 23:00:00,42,val,0.166,0.18314604
Merzenhausen,2023-06-03 00:00:00,42,val,0.165,0.1823671
Merzenhausen,2023-06-03 01:00:00,42,val,0.166,0.18103358
Merzenhausen,2023-06-03 02:00:00,42,val,0.165,0.1797282
Merzenhausen,2023-06-03 03:00:00,42,val,0.163,0.17821406
Merzenhausen,2023-06-03 04:00:00,42,val,0.164,0.17660023
Merzenhausen,2023-06-03 05:00:00,42,val,0.165,0.17623481
Merzenhausen,2023-06-03 06:00:00,42,val,0.164,0.17716286
Merzenhausen,2023-06-03 07:00:00,42,val,0.167,0.17804644
Merzenhausen,2023-06-03 08:00:00,42,val,0.165,0.17899212
Merzenhausen,2023-06-03 09:00:00,42,val,0.166,0.17955562
Merzenhausen,2023-06-03 10:00:00,42,val,0.167,0.1798612
Merzenhausen,2023-06-03 11:00:00,42,val,0.166,0.17960288
Merzenhausen,2023-06-03 12:00:00,42,val,0.165,0.1789688
Merzenhausen,2023-06-03 13:00:00,42,val,0.166,0.17895736
Merzenhausen,2023-06-03 14:00:00,42,val,0.167,0.17915612
Merzenhausen,2023-06-03 15:00:00,42,val,0.165,0.178847
Merzenhausen,2023-06-03 16:00:00,42,val,0.167,0.17854492
Merzenhausen,2023-06-03 17:00:00,42,val,0.164,0.17891593
Merzenhausen,2023-06-03 18:00:00,42,val,0.165,0.17865248
Merzenhausen,2023-06-03 19:00:00,42,val,0.165,0.17762627
Merzenhausen,2023-06-03 20:00:00,42,val,0.164,0.17656149
Merzenhausen,2023-06-03 21:00:00,42,val,0.164,0.17591223
Merzenhausen,2023-06-03 22:00:00,42,val,0.163,0.17592728
Merzenhausen,2023-06-03 23:00:00,42,val,0.161,0.17510845
Merzenhausen,2023-06-04 00:00:00,42,val,0.16,0.17320733
Merzenhausen,2023-06-04 01:00:00,42,val,0.161,0.17129919
Merzenhausen,2023-06-04 02:00:00,42,val,0.159,0.16944039
Merzenhausen,2023-06-04 03:00:00,42,val,0.162,0.1676639
Merzenhausen,2023-06-04 04:00:00,42,val,0.161,0.16619611
Merzenhausen,2023-06-04 05:00:00,42,val,0.158,0.1661682
Merzenhausen,2023-06-04 06:00:00,42,val,0.161,0.1676192
Merzenhausen,2023-06-04 07:00:00,42,val,0.16,0.16969495
Merzenhausen,2023-06-04 08:00:00,42,val,0.16,0.17132512
Merzenhausen,2023-06-04 09:00:00,42,val,0.161,0.1727471
Merzenhausen,2023-06-04 10:00:00,42,val,0.16,0.17358695
Merzenhausen,2023-06-04 11:00:00,42,val,0.162,0.17352298
Merzenhausen,2023-06-04 12:00:00,42,val,0.161,0.17346326
Merzenhausen,2023-06-04 13:00:00,42,val,0.161,0.17339982
Merzenhausen,2023-06-04 14:00:00,42,val,0.162,0.17318124
Merzenhausen,2023-06-04 15:00:00,42,val,0.162,0.17311385
Merzenhausen,2023-06-04 16:00:00,42,val,0.16,0.17276433
Merzenhausen,2023-06-04 17:00:00,42,val,0.164,0.17301771
Merzenhausen,2023-06-04 18:00:00,42,val,0.163,0.17316699
Merzenhausen,2023-06-04 19:00:00,42,val,0.158,0.17332739
Merzenhausen,2023-06-04 20:00:00,42,val,0.159,0.17296591
Merzenhausen,2023-06-04 21:00:00,42,val,0.158,0.1720584
Merzenhausen,2023-06-04 22:00:00,42,val,0.158,0.17072049
Merzenhausen,2023-06-04 23:00:00,42,val,0.156,0.16916257
Merzenhausen,2023-06-05 00:00:00,42,val,0.156,0.1679308
Merzenhausen,2023-06-05 01:00:00,42,val,0.157,0.16665865
Merzenhausen,2023-06-05 02:00:00,42,val,0.159,0.16582929
Merzenhausen,2023-06-05 03:00:00,42,val,0.152,0.16499428
Merzenhausen,2023-06-05 04:00:00,42,val,0.156,0.16419208
Merzenhausen,2023-06-05 05:00:00,42,val,0.156,0.16417025
Merzenhausen,2023-06-05 06:00:00,42,val,0.157,0.1646534
Merzenhausen,2023-06-05 07:00:00,42,val,0.156,0.16576044
Merzenhausen,2023-06-05 08:00:00,42,val,0.157,0.16673681
Merzenhausen,2023-06-05 09:00:00,42,val,0.158,0.16744256
Merzenhausen,2023-06-05 10:00:00,42,val,0.156,0.16801244
Merzenhausen,2023-06-05 11:00:00,42,val,0.16,0.16835979
Merzenhausen,2023-06-05 12:00:00,42,val,0.156,0.16842103
Merzenhausen,2023-06-05 13:00:00,42,val,0.157,0.16834284
Merzenhausen,2023-06-05 14:00:00,42,val,0.158,0.16863076
Merzenhausen,2023-06-05 15:00:00,42,val,0.16,0.16870613
Merzenhausen,2023-06-05 16:00:00,42,val,0.158,0.16907284
Merzenhausen,2023-06-05 17:00:00,42,val,0.158,0.16899253
Merzenhausen,2023-06-05 18:00:00,42,val,0.158,0.16899145
Merzenhausen,2023-06-05 19:00:00,42,val,0.155,0.1689453
Merzenhausen,2023-06-05 20:00:00,42,val,0.157,0.16854694
Merzenhausen,2023-06-05 21:00:00,42,val,0.156,0.16801444
Merzenhausen,2023-06-05 22:00:00,42,val,0.155,0.16737637
Merzenhausen,2023-06-05 23:00:00,42,val,0.154,0.16663246
Merzenhausen,2023-06-06 00:00:00,42,val,0.154,0.16564265
Merzenhausen,2023-06-06 01:00:00,42,val,0.153,0.16450901
Merzenhausen,2023-06-06 02:00:00,42,val,0.154,0.16344447
Merzenhausen,2023-06-06 03:00:00,42,val,0.154,0.1628781
Merzenhausen,2023-06-06 04:00:00,42,val,0.153,0.16233931
Merzenhausen,2023-06-06 05:00:00,42,val,0.155,0.16179016
Merzenhausen,2023-06-06 06:00:00,42,val,0.153,0.16209161
Merzenhausen,2023-06-06 07:00:00,42,val,0.154,0.16267955
Merzenhausen,2023-06-06 08:00:00,42,val,0.153,0.16338328
Merzenhausen,2023-06-06 09:00:00,42,val,0.163,0.1640367
Merzenhausen,2023-06-06 10:00:00,42,val,0.152,0.16442598
Merzenhausen,2023-06-06 11:00:00,42,val,0.155,0.16491671
Merzenhausen,2023-06-06 12:00:00,42,val,0.154,0.16513643
Merzenhausen,2023-06-06 13:00:00,42,val,0.155,0.16518147
Merzenhausen,2023-06-06 14:00:00,42,val,0.157,0.16530448
Merzenhausen,2023-06-06 15:00:00,42,val,0.157,0.16550602
Merzenhausen,2023-06-06 16:00:00,42,val,0.156,0.16539016
Merzenhausen,2023-06-06 17:00:00,42,val,0.155,0.16591474
Merzenhausen,2023-06-06 18:00:00,42,val,0.155,0.16655934
Merzenhausen,2023-06-06 19:00:00,42,val,0.157,0.16623302
Merzenhausen,2023-06-06 20:00:00,42,val,0.154,0.16572773
Merzenhausen,2023-06-06 21:00:00,42,val,0.155,0.16503641
Merzenhausen,2023-06-06 22:00:00,42,val,0.156,0.16445738
Merzenhausen,2023-06-06 23:00:00,42,val,0.154,0.16409972
Merzenhausen,2023-06-07 00:00:00,42,val,0.152,0.16363925
Merzenhausen,2023-06-07 01:00:00,42,val,0.154,0.16321704
Merzenhausen,2023-06-07 02:00:00,42,val,0.153,0.16258404
Merzenhausen,2023-06-07 03:00:00,42,val,0.152,0.16107857
Merzenhausen,2023-06-07 04:00:00,42,val,0.153,0.16048774
Merzenhausen,2023-06-07 05:00:00,42,val,0.15,0.16047212
Merzenhausen,2023-06-07 06:00:00,42,val,0.152,0.1609212
Merzenhausen,2023-06-07 07:00:00,42,val,0.151,0.16145001
Merzenhausen,2023-06-07 08:00:00,42,val,0.154,0.16212377
Merzenhausen,2023-06-07 09:00:00,42,val,0.154,0.16311397
Merzenhausen,2023-06-07 10:00:00,42,val,0.153,0.16403477
Merzenhausen,2023-06-07 11:00:00,42,val,0.157,0.16572359
Merzenhausen,2023-06-07 12:00:00,42,val,0.154,0.16724165
Merzenhausen,2023-06-07 13:00:00,42,val,0.154,0.16822676
Merzenhausen,2023-06-07 14:00:00,42,val,0.153,0.16861747
Merzenhausen,2023-06-07 15:00:00,42,val,0.153,0.16888838
Merzenhausen,2023-06-07 16:00:00,42,val,0.156,0.16862847
Merzenhausen,2023-06-07 17:00:00,42,val,0.153,0.16807568
Merzenhausen,2023-06-07 18:00:00,42,val,0.153,0.16744083
Merzenhausen,2023-06-07 19:00:00,42,val,0.154,0.1664497
Merzenhausen,2023-06-07 20:00:00,42,val,0.151,0.16548294
Merzenhausen,2023-06-07 21:00:00,42,val,0.15,0.16459787
Merzenhausen,2023-06-07 22:00:00,42,val,0.151,0.1633679
Merzenhausen,2023-06-07 23:00:00,42,val,0.152,0.16193467
Merzenhausen,2023-06-08 00:00:00,42,val,0.151,0.1611446
Merzenhausen,2023-06-08 01:00:00,42,val,0.151,0.16005786
Merzenhausen,2023-06-08 02:00:00,42,val,0.15,0.15927453
Merzenhausen,2023-06-08 03:00:00,42,val,0.151,0.15857458
Merzenhausen,2023-06-08 04:00:00,42,val,0.151,0.15793405
Merzenhausen,2023-06-08 05:00:00,42,val,0.151,0.15809093
Merzenhausen,2023-06-08 06:00:00,42,val,0.152,0.15871641
Merzenhausen,2023-06-08 07:00:00,42,val,0.15,0.15963513
Merzenhausen,2023-06-08 08:00:00,42,val,0.15,0.16016954
Merzenhausen,2023-06-08 09:00:00,42,val,0.148,0.16184804
Merzenhausen,2023-06-08 10:00:00,42,val,0.15,0.16201498
Merzenhausen,2023-06-08 11:00:00,42,val,0.151,0.1618913
Merzenhausen,2023-06-08 12:00:00,42,val,0.15,0.16143188
Merzenhausen,2023-06-08 13:00:00,42,val,0.155,0.16112727
Merzenhausen,2023-06-08 14:00:00,42,val,0.151,0.16132149
Merzenhausen,2023-06-08 15:00:00,42,val,0.153,0.16384871
Merzenhausen,2023-06-08 16:00:00,42,val,0.151,0.1656293
Merzenhausen,2023-06-08 17:00:00,42,val,0.149,0.165921
Merzenhausen,2023-06-08 18:00:00,42,val,0.15,0.16573343
Merzenhausen,2023-06-08 19:00:00,42,val,0.152,0.1656637
Merzenhausen,2023-06-08 20:00:00,42,val,0.15,0.16489555
Merzenhausen,2023-06-08 21:00:00,42,val,0.15,0.16368973
Merzenhausen,2023-06-08 22:00:00,42,val,0.149,0.16266136
Merzenhausen,2023-06-08 23:00:00,42,val,0.148,0.16164985
Merzenhausen,2023-06-09 00:00:00,42,val,0.148,0.16031957
Merzenhausen,2023-06-09 01:00:00,42,val,0.147,0.15939191
Merzenhausen,2023-06-09 02:00:00,42,val,0.146,0.15873696
Merzenhausen,2023-06-09 03:00:00,42,val,0.146,0.15840606
Merzenhausen,2023-06-09 04:00:00,42,val,0.148,0.15802298
Merzenhausen,2023-06-09 05:00:00,42,val,0.147,0.15810578
Merzenhausen,2023-06-09 06:00:00,42,val,0.149,0.15876642
Merzenhausen,2023-06-09 07:00:00,42,val,0.149,0.15925625
Merzenhausen,2023-06-09 08:00:00,42,val,0.148,0.15987433
Merzenhausen,2023-06-09 09:00:00,42,val,0.147,0.16028379
Merzenhausen,2023-06-09 10:00:00,42,val,0.15,0.16026981
Merzenhausen,2023-06-09 11:00:00,42,val,0.151,0.16062003
Merzenhausen,2023-06-09 12:00:00,42,val,0.15,0.16054535
Merzenhausen,2023-06-09 13:00:00,42,val,0.147,0.1604245
Merzenhausen,2023-06-09 14:00:00,42,val,0.15,0.16006315
Merzenhausen,2023-06-09 15:00:00,42,val,0.152,0.15964219
Merzenhausen,2023-06-09 16:00:00,42,val,0.148,0.15991983
Merzenhausen,2023-06-09 17:00:00,42,val,0.149,0.16015893
Merzenhausen,2023-06-09 18:00:00,42,val,0.149,0.16048609
Merzenhausen,2023-06-09 19:00:00,42,val,0.15,0.1610286
Merzenhausen,2023-06-09 20:00:00,42,val,0.147,0.1610595
Merzenhausen,2023-06-09 21:00:00,42,val,0.148,0.16056758
Merzenhausen,2023-06-09 22:00:00,42,val,0.147,0.16037719
Merzenhausen,2023-06-09 23:00:00,42,val,0.146,0.15969098
Merzenhausen,2023-06-10 00:00:00,42,val,0.147,0.15909213
Merzenhausen,2023-06-10 01:00:00,42,val,0.143,0.15875964
Merzenhausen,2023-06-10 02:00:00,42,val,0.144,0.1582924
Merzenhausen,2023-06-10 03:00:00,42,val,0.143,0.15798491
Merzenhausen,2023-06-10 04:00:00,42,val,0.142,0.1579709
Merzenhausen,2023-06-10 05:00:00,42,val,0.142,0.15850426
Merzenhausen,2023-06-10 06:00:00,42,val,0.142,0.16004682
Merzenhausen,2023-06-10 07:00:00,42,val,0.144,0.16130209
Merzenhausen,2023-06-10 08:00:00,42,val,0.147,0.16163449
Merzenhausen,2023-06-10 09:00:00,42,val,0.146,0.16079852
Merzenhausen,2023-06-10 10:00:00,42,val,0.143,0.15971288
Merzenhausen,2023-06-10 11:00:00,42,val,0.144,0.15868846
Merzenhausen,2023-06-10 12:00:00,42,val,0.147,0.1578916
Merzenhausen,2023-06-10 13:00:00,42,val,0.146,0.15816419
Merzenhausen,2023-06-10 14:00:00,42,val,0.145,0.15843052
Merzenhausen,2023-06-10 15:00:00,42,val,0.145,0.15895922
Merzenhausen,2023-06-10 16:00:00,42,val,0.149,0.15930669
Merzenhausen,2023-06-10 17:00:00,42,val,0.146,0.15936567
Merzenhausen,2023-06-10 18:00:00,42,val,0.146,0.15951033
Merzenhausen,2023-06-10 19:00:00,42,val,0.145,0.15983738
Merzenhausen,2023-06-10 20:00:00,42,val,0.146,0.15965316
Merzenhausen,2023-06-10 21:00:00,42,val,0.142,0.15974951
Merzenhausen,2023-06-10 22:00:00,42,val,0.142,0.15992358
Merzenhausen,2023-06-10 23:00:00,42,val,0.143,0.15892795
Merzenhausen,2023-06-11 00:00:00,42,val,0.142,0.15785667
Merzenhausen,2023-06-11 01:00:00,42,val,0.143,0.15692058
Merzenhausen,2023-06-11 02:00:00,42,val,0.141,0.1561982
Merzenhausen,2023-06-11 03:00:00,42,val,0.138,0.15645556
Merzenhausen,2023-06-11 04:00:00,42,val,0.139,0.15742281
Merzenhausen,2023-06-11 05:00:00,42,val,0.142,0.15860447
Merzenhausen,2023-06-11 06:00:00,42,val,0.139,0.15997057
Merzenhausen,2023-06-11 07:00:00,42,val,0.142,0.16104273
Merzenhausen,2023-06-11 08:00:00,42,val,0.142,0.16152285
Merzenhausen,2023-06-11 09:00:00,42,val,0.143,0.16121061
Merzenhausen,2023-06-11 10:00:00,42,val,0.14,0.16079336
Merzenhausen,2023-06-11 11:00:00,42,val,0.143,0.16051555
Merzenhausen,2023-06-11 12:00:00,42,val,0.142,0.16012147
Merzenhausen,2023-06-11 13:00:00,42,val,0.143,0.15917525
Merzenhausen,2023-06-11 14:00:00,42,val,0.142,0.15868534
Merzenhausen,2023-06-11 15:00:00,42,val,0.142,0.15887645
Merzenhausen,2023-06-11 16:00:00,42,val,0.144,0.1588448
Merzenhausen,2023-06-11 17:00:00,42,val,0.144,0.15891361
Merzenhausen,2023-06-11 18:00:00,42,val,0.141,0.15910095
Merzenhausen,2023-06-11 19:00:00,42,val,0.142,0.15948236
Merzenhausen,2023-06-11 20:00:00,42,val,0.144,0.15984531
Merzenhausen,2023-06-11 21:00:00,42,val,0.141,0.15957108
Merzenhausen,2023-06-11 22:00:00,42,val,0.143,0.1588181
Merzenhausen,2023-06-11 23:00:00,42,val,0.138,0.15843569
Merzenhausen,2023-06-12 00:00:00,42,val,0.139,0.15787971
Merzenhausen,2023-06-12 01:00:00,42,val,0.141,0.15700395
Merzenhausen,2023-06-12 02:00:00,42,val,0.136,0.15572792
Merzenhausen,2023-06-12 03:00:00,42,val,0.137,0.15455975
Merzenhausen,2023-06-12 04:00:00,42,val,0.137,0.1533831
Merzenhausen,2023-06-12 05:00:00,42,val,0.138,0.15304027
Merzenhausen,2023-06-12 06:00:00,42,val,0.136,0.15399985
Merzenhausen,2023-06-12 07:00:00,42,val,0.137,0.15533678
Merzenhausen,2023-06-12 08:00:00,42,val,0.135,0.15666156
Merzenhausen,2023-06-12 09:00:00,42,val,0.136,0.15744045
Merzenhausen,2023-06-12 10:00:00,42,val,0.137,0.1572386
Merzenhausen,2023-06-12 11:00:00,42,val,0.138,0.1564857
Merzenhausen,2023-06-12 12:00:00,42,val,0.14,0.15618168
Merzenhausen,2023-06-12 13:00:00,42,val,0.138,0.15598866
Merzenhausen,2023-06-12 14:00:00,42,val,0.139,0.15581506
Merzenhausen,2023-06-12 15:00:00,42,val,0.144,0.15576006
Merzenhausen,2023-06-12 16:00:00,42,val,0.139,0.15639545
Merzenhausen,2023-06-12 17:00:00,42,val,0.141,0.15699345
Merzenhausen,2023-06-12 18:00:00,42,val,0.142,0.15768045
Merzenhausen,2023-06-12 19:00:00,42,val,0.138,0.1580024
Merzenhausen,2023-06-12 20:00:00,42,val,0.138,0.15776645
Merzenhausen,2023-06-12 21:00:00,42,val,0.137,0.15672937
Merzenhausen,2023-06-12 22:00:00,42,val,0.138,0.15551007
Merzenhausen,2023-06-12 23:00:00,42,val,0.138,0.15497708
Merzenhausen,2023-06-13 00:00:00,42,val,0.139,0.1549146
Merzenhausen,2023-06-13 01:00:00,42,val,0.134,0.15483488
Merzenhausen,2023-06-13 02:00:00,42,val,0.135,0.15439396
Merzenhausen,2023-06-13 03:00:00,42,val,0.133,0.15305635
Merzenhausen,2023-06-13 04:00:00,42,val,0.136,0.15151511
Merzenhausen,2023-06-13 05:00:00,42,val,0.133,0.15157506
Merzenhausen,2023-06-13 06:00:00,42,val,0.132,0.15234177
Merzenhausen,2023-06-13 07:00:00,42,val,0.134,0.15368162
Merzenhausen,2023-06-13 08:00:00,42,val,0.137,0.15479603
Merzenhausen,2023-06-13 09:00:00,42,val,0.135,0.15551518
Merzenhausen,2023-06-13 10:00:00,42,val,0.137,0.15536265
Merzenhausen,2023-06-13 11:00:00,42,val,0.136,0.1552557
Merzenhausen,2023-06-13 12:00:00,42,val,0.137,0.15503958
Merzenhausen,2023-06-13 13:00:00,42,val,0.136,0.15491223
Merzenhausen,2023-06-13 14:00:00,42,val,0.139,0.15467659
Merzenhausen,2023-06-13 15:00:00,42,val,0.137,0.15451238
Merzenhausen,2023-06-13 16:00:00,42,val,0.137,0.15476581
Merzenhausen,2023-06-13 17:00:00,42,val,0.138,0.1552656
Merzenhausen,2023-06-13 18:00:00,42,val,0.136,0.15557659
Merzenhausen,2023-06-13 19:00:00,42,val,0.135,0.15577933
Merzenhausen,2023-06-13 20:00:00,42,val,0.134,0.15597403
Merzenhausen,2023-06-13 21:00:00,42,val,0.133,0.15579551
Merzenhausen,2023-06-13 22:00:00,42,val,0.134,0.15570682
Merzenhausen,2023-06-13 23:00:00,42,val,0.132,0.154931
Merzenhausen,2023-06-14 00:00:00,42,val,0.133,0.1535554
Merzenhausen,2023-06-14 01:00:00,42,val,0.136,0.15228634
Merzenhausen,2023-06-14 02:00:00,42,val,0.132,0.15056041
Merzenhausen,2023-06-14 03:00:00,42,val,0.131,0.14900747
Merzenhausen,2023-06-14 04:00:00,42,val,0.13,0.14795595
Merzenhausen,2023-06-14 05:00:00,42,val,0.133,0.1480237
Merzenhausen,2023-06-14 06:00:00,42,val,0.132,0.1490815
Merzenhausen,2023-06-14 07:00:00,42,val,0.132,0.15035298
Merzenhausen,2023-06-14 08:00:00,42,val,0.134,0.15092698
Merzenhausen,2023-06-14 09:00:00,42,val,0.132,0.15102544
Merzenhausen,2023-06-14 10:00:00,42,val,0.133,0.15090758
Merzenhausen,2023-06-14 11:00:00,42,val,0.132,0.1509352
Merzenhausen,2023-06-14 12:00:00,42,val,0.133,0.15164074
Merzenhausen,2023-06-14 13:00:00,42,val,0.135,0.15221164
Merzenhausen,2023-06-14 14:00:00,42,val,0.135,0.15283759
Merzenhausen,2023-06-14 15:00:00,42,val,0.136,0.15403463
Merzenhausen,2023-06-14 16:00:00,42,val,0.138,0.15455668
Merzenhausen,2023-06-14 17:00:00,42,val,0.137,0.15498564
Merzenhausen,2023-06-14 18:00:00,42,val,0.135,0.1555565
Merzenhausen,2023-06-14 19:00:00,42,val,0.136,0.15552342
Merzenhausen,2023-06-14 20:00:00,42,val,0.135,0.15480962
Merzenhausen,2023-06-14 21:00:00,42,val,0.133,0.15378636
Merzenhausen,2023-06-14 22:00:00,42,val,0.134,0.15360317
Merzenhausen,2023-06-14 23:00:00,42,val,0.132,0.15357745
Merzenhausen,2023-06-15 00:00:00,42,val,0.131,0.15235674
Merzenhausen,2023-06-15 01:00:00,42,val,0.131,0.1504336
Merzenhausen,2023-06-15 02:00:00,42,val,0.129,0.14852428
Merzenhausen,2023-06-15 03:00:00,42,val,0.131,0.14664534
Merzenhausen,2023-06-15 04:00:00,42,val,0.13,0.14544639
Merzenhausen,2023-06-15 05:00:00,42,val,0.129,0.14495265
Merzenhausen,2023-06-15 06:00:00,42,val,0.129,0.14540066
Merzenhausen,2023-06-15 07:00:00,42,val,0.129,0.14651906
Merzenhausen,2023-06-15 08:00:00,42,val,0.131,0.14801997
Merzenhausen,2023-06-15 09:00:00,42,val,0.132,0.14892912
Merzenhausen,2023-06-15 10:00:00,42,val,0.133,0.14957471
Merzenhausen,2023-06-15 11:00:00,42,val,0.132,0.14987531
Merzenhausen,2023-06-15 12:00:00,42,val,0.133,0.15008856
Merzenhausen,2023-06-15 13:00:00,42,val,0.135,0.15011121
Merzenhausen,2023-06-15 14:00:00,42,val,0.133,0.15067108
Merzenhausen,2023-06-15 15:00:00,42,val,0.132,0.15109122
Merzenhausen,2023-06-15 16:00:00,42,val,0.134,0.15141419
Merzenhausen,2023-06-15 17:00:00,42,val,0.133,0.15190125
Merzenhausen,2023-06-15 18:00:00,42,val,0.131,0.1523035
Merzenhausen,2023-06-15 19:00:00,42,val,0.133,0.1522297
Merzenhausen,2023-06-15 20:00:00,42,val,0.131,0.1515169
Merzenhausen,2023-06-15 21:00:00,42,val,0.134,0.15009314
Merzenhausen,2023-06-15 22:00:00,42,val,0.131,0.14887126
Merzenhausen,2023-06-15 23:00:00,42,val,0.129,0.14744967
Merzenhausen,2023-06-16 00:00:00,42,val,0.13,0.14622283
Merzenhausen,2023-06-16 01:00:00,42,val,0.129,0.14578299
Merzenhausen,2023-06-16 02:00:00,42,val,0.132,0.14486149
Merzenhausen,2023-06-16 03:00:00,42,val,0.131,0.14383364
Merzenhausen,2023-06-16 04:00:00,42,val,0.13,0.14276926
Merzenhausen,2023-06-16 05:00:00,42,val,0.128,0.1428242
Merzenhausen,2023-06-16 06:00:00,42,val,0.132,0.14401071
Merzenhausen,2023-06-16 07:00:00,42,val,0.13,0.14550544
Merzenhausen,2023-06-16 08:00:00,42,val,0.128,0.14691563
Merzenhausen,2023-06-16 09:00:00,42,val,0.129,0.14748207
Merzenhausen,2023-06-16 10:00:00,42,val,0.133,0.14761864
Merzenhausen,2023-06-16 11:00:00,42,val,0.133,0.14724171
Merzenhausen,2023-06-16 12:00:00,42,val,0.134,0.1470317
Merzenhausen,2023-06-16 13:00:00,42,val,0.133,0.14731687
Merzenhausen,2023-06-16 14:00:00,42,val,0.131,0.147968
Merzenhausen,2023-06-16 15:00:00,42,val,0.13,0.14877751
Merzenhausen,2023-06-16 16:00:00,42,val,0.13,0.14990002
Merzenhausen,2023-06-16 17:00:00,42,val,0.133,0.15087715
Merzenhausen,2023-06-16 18:00:00,42,val,0.129,0.15151435
Merzenhausen,2023-06-16 19:00:00,42,val,0.131,0.15200968
Merzenhausen,2023-06-16 20:00:00,42,val,0.133,0.15164047
Merzenhausen,2023-06-16 21:00:00,42,val,0.129,0.15104783
Merzenhausen,2023-06-16 22:00:00,42,val,0.13,0.15062398
Merzenhausen,2023-06-16 23:00:00,42,val,0.13,0.14894988
Merzenhausen,2023-06-17 00:00:00,42,val,0.131,0.14706777
Merzenhausen,2023-06-17 01:00:00,42,val,0.132,0.14541866
Merzenhausen,2023-06-17 02:00:00,42,val,0.133,0.14380972
Merzenhausen,2023-06-17 03:00:00,42,val,0.129,0.14247322
Merzenhausen,2023-06-17 04:00:00,42,val,0.13,0.14151242
Merzenhausen,2023-06-17 05:00:00,42,val,0.126,0.1411792
Merzenhausen,2023-06-17 06:00:00,42,val,0.1305,0.14201741
Merzenhausen,2023-06-17 07:00:00,42,val,0.131,0.1433537
Merzenhausen,2023-06-17 08:00:00,42,val,0.131,0.1446858
Merzenhausen,2023-06-17 09:00:00,42,val,0.129,0.14560977
Merzenhausen,2023-06-17 10:00:00,42,val,0.132,0.14622435
Merzenhausen,2023-06-17 11:00:00,42,val,0.131,0.14642897
Merzenhausen,2023-06-17 12:00:00,42,val,0.132,0.1465889
Merzenhausen,2023-06-17 13:00:00,42,val,0.133,0.14714295
Merzenhausen,2023-06-17 14:00:00,42,val,0.131,0.14755929
Merzenhausen,2023-06-17 15:00:00,42,val,0.1355,0.14762025
Merzenhausen,2023-06-17 16:00:00,42,val,0.134,0.1479303
Merzenhausen,2023-06-17 17:00:00,42,val,0.132,0.1482949
Merzenhausen,2023-06-17 18:00:00,42,val,0.132,0.14838049
Merzenhausen,2023-06-17 19:00:00,42,val,0.1345,0.14857832
Merzenhausen,2023-06-17 20:00:00,42,val,0.133,0.14815179
Merzenhausen,2023-06-17 21:00:00,42,val,0.1355,0.1479909
Merzenhausen,2023-06-17 22:00:00,42,val,0.13,0.14766781
Merzenhausen,2023-06-17 23:00:00,42,val,0.129,0.14737292
Merzenhausen,2023-06-18 00:00:00,42,val,0.128,0.1474098
Merzenhausen,2023-06-18 01:00:00,42,val,0.13,0.14703538
Merzenhausen,2023-06-18 02:00:00,42,val,0.13,0.14690638
Merzenhausen,2023-06-18 03:00:00,42,val,0.128,0.14666912
Merzenhausen,2023-06-18 04:00:00,42,val,0.13,0.14602333
Merzenhausen,2023-06-18 05:00:00,42,val,0.13,0.14565846
Merzenhausen,2023-06-18 06:00:00,42,val,0.132,0.14632386
Merzenhausen,2023-06-18 07:00:00,42,val,0.132,0.14701036
Merzenhausen,2023-06-18 08:00:00,42,val,0.132,0.14724165
Merzenhausen,2023-06-18 09:00:00,42,val,0.13,0.14703883
Merzenhausen,2023-06-18 10:00:00,42,val,0.13,0.14711054
Merzenhausen,2023-06-18 11:00:00,42,val,0.13,0.1472381
Merzenhausen,2023-06-18 12:00:00,42,val,0.1365,0.14752212
Merzenhausen,2023-06-18 13:00:00,42,val,0.13,0.1477772
Merzenhausen,2023-06-18 14:00:00,42,val,0.132,0.1477323
Merzenhausen,2023-06-18 15:00:00,42,val,0.132,0.14756927
Merzenhausen,2023-06-18 16:00:00,42,val,0.134,0.1472441
Merzenhausen,2023-06-18 17:00:00,42,val,0.132,0.14737879
Merzenhausen,2023-06-18 18:00:00,42,val,0.133,0.14736027
Merzenhausen,2023-06-18 19:00:00,42,val,0.133,0.14773636
Merzenhausen,2023-06-18 20:00:00,42,val,0.129,0.14821604
Merzenhausen,2023-06-18 21:00:00,42,val,0.134,0.14859378
Merzenhausen,2023-06-18 22:00:00,42,val,0.132,0.15035985
Merzenhausen,2023-06-18 23:00:00,42,val,0.129,0.15104926
Merzenhausen,2023-06-19 00:00:00,42,val,0.129,0.15066347
Merzenhausen,2023-06-19 01:00:00,42,val,0.132,0.15026258
Merzenhausen,2023-06-19 02:00:00,42,val,0.132,0.15069449
Merzenhausen,2023-06-19 03:00:00,42,val,0.129,0.15056908
Merzenhausen,2023-06-19 04:00:00,42,val,0.127,0.15027691
Merzenhausen,2023-06-19 05:00:00,42,val,0.128,0.14938506
Merzenhausen,2023-06-19 06:00:00,42,val,0.128,0.14889964
Merzenhausen,2023-06-19 07:00:00,42,val,0.128,0.14878535
Merzenhausen,2023-06-19 08:00:00,42,val,0.127,0.1488723
Merzenhausen,2023-06-19 09:00:00,42,val,0.129,0.14879563
Merzenhausen,2023-06-19 10:00:00,42,val,0.132,0.14905715
Merzenhausen,2023-06-19 11:00:00,42,val,0.13,0.1492295
Merzenhausen,2023-06-19 12:00:00,42,val,0.13,0.14949456
Merzenhausen,2023-06-19 13:00:00,42,val,0.13,0.14986427
Merzenhausen,2023-06-19 14:00:00,42,val,0.131,0.14976668
Merzenhausen,2023-06-19 15:00:00,42,val,0.133,0.15005727
Merzenhausen,2023-06-19 16:00:00,42,val,0.132,0.15032843
Merzenhausen,2023-06-19 17:00:00,42,val,0.133,0.15020871
Merzenhausen,2023-06-19 18:00:00,42,val,0.133,0.14997272
Merzenhausen,2023-06-19 19:00:00,42,val,0.133,0.15011443
Merzenhausen,2023-06-19 20:00:00,42,val,0.13,0.1501005
Merzenhausen,2023-06-19 21:00:00,42,val,0.133,0.1504874
Merzenhausen,2023-06-19 22:00:00,42,val,0.132,0.15035817
Merzenhausen,2023-06-19 23:00:00,42,val,0.129,0.1501111
Merzenhausen,2023-06-20 00:00:00,42,val,0.13,0.14984539
Merzenhausen,2023-06-20 01:00:00,42,val,0.13,0.1501526
Merzenhausen,2023-06-20 02:00:00,42,val,0.13,0.15054014
Merzenhausen,2023-06-20 03:00:00,42,val,0.13,0.15171373
Merzenhausen,2023-06-20 04:00:00,42,val,0.134,0.15361093
Merzenhausen,2023-06-20 05:00:00,42,val,0.129,0.1540665
Merzenhausen,2023-06-20 06:00:00,42,val,0.129,0.15378362
Merzenhausen,2023-06-20 07:00:00,42,val,0.135,0.1532931
Merzenhausen,2023-06-20 08:00:00,42,val,0.129,0.15269563
Merzenhausen,2023-06-20 09:00:00,42,val,0.132,0.15171677
Merzenhausen,2023-06-20 10:00:00,42,val,0.131,0.15048581
Merzenhausen,2023-06-20 11:00:00,42,val,0.131,0.1493761
Merzenhausen,2023-06-20 12:00:00,42,val,0.13,0.14930505
Merzenhausen,2023-06-20 13:00:00,42,val,0.129,0.14895219
Merzenhausen,2023-06-20 14:00:00,42,val,0.132,0.14868918
Merzenhausen,2023-06-20 15:00:00,42,val,0.13,0.14850706
Merzenhausen,2023-06-20 16:00:00,42,val,0.379,0.14870769
Merzenhausen,2023-06-20 17:00:00,42,val,0.336,0.14904462
Merzenhausen,2023-06-20 18:00:00,42,val,0.341,0.1495581
Merzenhausen,2023-06-20 19:00:00,42,val,0.384,0.15009342
Merzenhausen,2023-06-20 20:00:00,42,val,0.371,0.14997518
Merzenhausen,2023-06-20 21:00:00,42,val,0.369,0.15989247
Merzenhausen,2023-06-20 22:00:00,42,val,0.364,0.16193348
Merzenhausen,2023-06-20 23:00:00,42,val,0.363,0.15983438
Merzenhausen,2023-06-21 00:00:00,42,val,0.36,0.15633143
Merzenhausen,2023-06-21 01:00:00,42,val,0.356,0.15341324
Merzenhausen,2023-06-21 02:00:00,42,val,0.356,0.15121323
Merzenhausen,2023-06-21 03:00:00,42,val,0.354,0.14931464
Merzenhausen,2023-06-21 04:00:00,42,val,0.353,0.1483702
Merzenhausen,2023-06-21 05:00:00,42,val,0.353,0.14780024
Merzenhausen,2023-06-21 06:00:00,42,val,0.35,0.14764294
Merzenhausen,2023-06-21 07:00:00,42,val,0.35,0.14757475
Merzenhausen,2023-06-21 08:00:00,42,val,0.35,0.14727634
Merzenhausen,2023-06-21 09:00:00,42,val,0.351,0.14713587
Merzenhausen,2023-06-21 10:00:00,42,val,0.35,0.14764449
Merzenhausen,2023-06-21 11:00:00,42,val,0.348,0.14810617
Merzenhausen,2023-06-21 12:00:00,42,val,0.348,0.1484773
Merzenhausen,2023-06-21 13:00:00,42,val,0.344,0.14881855
Merzenhausen,2023-06-21 14:00:00,42,val,0.342,0.14911582
Merzenhausen,2023-06-21 15:00:00,42,val,0.342,0.14963236
Merzenhausen,2023-06-21 16:00:00,42,val,0.338,0.15003082
Merzenhausen,2023-06-21 17:00:00,42,val,0.336,0.15054436
Merzenhausen,2023-06-21 18:00:00,42,val,0.336,0.1509244
Merzenhausen,2023-06-21 19:00:00,42,val,0.332,0.15116277
Merzenhausen,2023-06-21 20:00:00,42,val,0.33,0.15102957
Merzenhausen,2023-06-21 21:00:00,42,val,0.333,0.15083066
Merzenhausen,2023-06-21 22:00:00,42,val,0.332,0.15115944
Merzenhausen,2023-06-21 23:00:00,42,val,0.33,0.1512011
Merzenhausen,2023-06-22 00:00:00,42,val,0.328,0.15131758
Merzenhausen,2023-06-22 01:00:00,42,val,0.326,0.15144485
Merzenhausen,2023-06-22 02:00:00,42,val,0.327,0.1514082
Merzenhausen,2023-06-22 03:00:00,42,val,0.327,0.151134
Merzenhausen,2023-06-22 04:00:00,42,val,0.325,0.15147913
Merzenhausen,2023-06-22 05:00:00,42,val,0.325,0.15129285
Merzenhausen,2023-06-22 06:00:00,42,val,0.324,0.1509066
Merzenhausen,2023-06-22 07:00:00,42,val,0.325,0.15142979
Merzenhausen,2023-06-22 08:00:00,42,val,0.323,0.1514909
Merzenhausen,2023-06-22 09:00:00,42,val,0.321,0.1514469
Merzenhausen,2023-06-22 10:00:00,42,val,0.322,0.15120463
Merzenhausen,2023-06-22 11:00:00,42,val,0.32,0.16216071
Merzenhausen,2023-06-22 12:00:00,42,val,0.318,0.16556805
Merzenhausen,2023-06-22 13:00:00,42,val,0.316,0.16348645
Merzenhausen,2023-06-22 14:00:00,42,val,0.317,0.16005129
Merzenhausen,2023-06-22 15:00:00,42,val,0.314,0.15645619
Merzenhausen,2023-06-22 16:00:00,42,val,0.314,0.19801548
Merzenhausen,2023-06-22 17:00:00,42,val,0.312,0.2410716
Merzenhausen,2023-06-22 18:00:00,42,val,0.308,0.27403563
Merzenhausen,2023-06-22 19:00:00,42,val,0.31,0.3039167
Merzenhausen,2023-06-22 20:00:00,42,val,0.309,0.31715003
Merzenhausen,2023-06-22 21:00:00,42,val,0.308,0.32408965
Merzenhausen,2023-06-22 22:00:00,42,val,0.306,0.3262114
Merzenhausen,2023-06-22 23:00:00,42,val,0.304,0.32606786
Merzenhausen,2023-06-23 00:00:00,42,val,0.306,0.32472718
Merzenhausen,2023-06-23 01:00:00,42,val,0.303,0.32266575
Merzenhausen,2023-06-23 02:00:00,42,val,0.301,0.32061931
Merzenhausen,2023-06-23 03:00:00,42,val,0.301,0.31872854
Merzenhausen,2023-06-23 04:00:00,42,val,0.301,0.31716666
Merzenhausen,2023-06-23 05:00:00,42,val,0.3,0.31608653
Merzenhausen,2023-06-23 06:00:00,42,val,0.301,0.31523022
Merzenhausen,2023-06-23 07:00:00,42,val,0.301,0.31455588
Merzenhausen,2023-06-23 08:00:00,42,val,0.298,0.31403363
Merzenhausen,2023-06-23 09:00:00,42,val,0.301,0.31360906
Merzenhausen,2023-06-23 10:00:00,42,val,0.298,0.31311232
Merzenhausen,2023-06-23 11:00:00,42,val,0.299,0.3123956
Merzenhausen,2023-06-23 12:00:00,42,val,0.299,0.311724
Merzenhausen,2023-06-23 13:00:00,42,val,0.296,0.31079793
Merzenhausen,2023-06-23 14:00:00,42,val,0.293,0.30974144
Merzenhausen,2023-06-23 15:00:00,42,val,0.294,0.30883616
Merzenhausen,2023-06-23 16:00:00,42,val,0.294,0.30775604
Merzenhausen,2023-06-23 17:00:00,42,val,0.293,0.30668104
Merzenhausen,2023-06-23 18:00:00,42,val,0.288,0.3057804
Merzenhausen,2023-06-23 19:00:00,42,val,0.291,0.30474094
Merzenhausen,2023-06-23 20:00:00,42,val,0.288,0.30347586
Merzenhausen,2023-06-23 21:00:00,42,val,0.288,0.3026262
Merzenhausen,2023-06-23 22:00:00,42,val,0.286,0.3022133
Merzenhausen,2023-06-23 23:00:00,42,val,0.287,0.30185997
Merzenhausen,2023-06-24 00:00:00,42,val,0.286,0.3015045
Merzenhausen,2023-06-24 01:00:00,42,val,0.287,0.30090773
Merzenhausen,2023-06-24 02:00:00,42,val,0.284,0.30046502
Merzenhausen,2023-06-24 03:00:00,42,val,0.285,0.30025715
Merzenhausen,2023-06-24 04:00:00,42,val,0.284,0.3000341
Merzenhausen,2023-06-24 05:00:00,42,val,0.285,0.30004644
Merzenhausen,2023-06-24 06:00:00,42,val,0.283,0.30015862
Merzenhausen,2023-06-24 07:00:00,42,val,0.285,0.30015895
Merzenhausen,2023-06-24 08:00:00,42,val,0.283,0.2997044
Merzenhausen,2023-06-24 09:00:00,42,val,0.285,0.29871804
Merzenhausen,2023-06-24 10:00:00,42,val,0.282,0.2977322
Merzenhausen,2023-06-24 11:00:00,42,val,0.282,0.29664347
Merzenhausen,2023-06-24 12:00:00,42,val,0.279,0.29547825
Merzenhausen,2023-06-24 13:00:00,42,val,0.28,0.2943335
Merzenhausen,2023-06-24 14:00:00,42,val,0.278,0.29349044
Merzenhausen,2023-06-24 15:00:00,42,val,0.276,0.29258808
Merzenhausen,2023-06-24 16:00:00,42,val,0.277,0.2918321
Merzenhausen,2023-06-24 17:00:00,42,val,0.277,0.2910304
Merzenhausen,2023-06-24 18:00:00,42,val,0.274,0.28990144
Merzenhausen,2023-06-24 19:00:00,42,val,0.272,0.28926855
Merzenhausen,2023-06-24 20:00:00,42,val,0.274,0.2883343
Merzenhausen,2023-06-24 21:00:00,42,val,0.273,0.2870969
Merzenhausen,2023-06-24 22:00:00,42,val,0.274,0.28590846
Merzenhausen,2023-06-24 23:00:00,42,val,0.273,0.28493774
Merzenhausen,2023-06-25 00:00:00,42,val,0.271,0.28435606
Merzenhausen,2023-06-25 01:00:00,42,val,0.27,0.28370494
Merzenhausen,2023-06-25 02:00:00,42,val,0.271,0.28299496
Merzenhausen,2023-06-25 03:00:00,42,val,0.27,0.28256387
Merzenhausen,2023-06-25 04:00:00,42,val,0.271,0.28233877
Merzenhausen,2023-06-25 05:00:00,42,val,0.269,0.28244156
Merzenhausen,2023-06-25 06:00:00,42,val,0.269,0.2829576
Merzenhausen,2023-06-25 07:00:00,42,val,0.27,0.28337428
Merzenhausen,2023-06-25 08:00:00,42,val,0.269,0.28285885
Merzenhausen,2023-06-25 09:00:00,42,val,0.269,0.28202263
Merzenhausen,2023-06-25 10:00:00,42,val,0.269,0.28060848
Merzenhausen,2023-06-25 11:00:00,42,val,0.266,0.27942497
Merzenhausen,2023-06-25 12:00:00,42,val,0.266,0.2787515
Merzenhausen,2023-06-25 13:00:00,42,val,0.264,0.27815244
Merzenhausen,2023-06-25 14:00:00,42,val,0.264,0.27729392
Merzenhausen,2023-06-25 15:00:00,42,val,0.264,0.27672815
Merzenhausen,2023-06-25 16:00:00,42,val,0.264,0.2764545
Merzenhausen,2023-06-25 17:00:00,42,val,0.261,0.27629697
Merzenhausen,2023-06-25 18:00:00,42,val,0.261,0.27554256
Merzenhausen,2023-06-25 19:00:00,42,val,0.26,0.27512977
Merzenhausen,2023-06-25 20:00:00,42,val,0.259,0.2743137
Merzenhausen,2023-06-25 21:00:00,42,val,0.26,0.27310735
Merzenhausen,2023-06-25 22:00:00,42,val,0.259,0.27195784
Merzenhausen,2023-06-25 23:00:00,42,val,0.259,0.27146304
Merzenhausen,2023-06-26 00:00:00,42,val,0.259,0.27133113
Merzenhausen,2023-06-26 01:00:00,42,val,0.257,0.2718346
Merzenhausen,2023-06-26 02:00:00,42,val,0.257,0.27175137
Merzenhausen,2023-06-26 03:00:00,42,val,0.257,0.27227733
Merzenhausen,2023-06-26 04:00:00,42,val,0.257,0.27257708
Merzenhausen,2023-06-26 05:00:00,42,val,0.259,0.2728881
Merzenhausen,2023-06-26 06:00:00,42,val,0.257,0.2729444
Merzenhausen,2023-06-26 07:00:00,42,val,0.257,0.27301544
Merzenhausen,2023-06-26 08:00:00,42,val,0.257,0.27273846
Merzenhausen,2023-06-26 09:00:00,42,val,0.257,0.27248037
Merzenhausen,2023-06-26 10:00:00,42,val,0.257,0.2718719
Merzenhausen,2023-06-26 11:00:00,42,val,0.257,0.27117097
Merzenhausen,2023-06-26 12:00:00,42,val,0.257,0.26996714
Merzenhausen,2023-06-26 13:00:00,42,val,0.256,0.2690023
Merzenhausen,2023-06-26 14:00:00,42,val,0.256,0.26787987
Merzenhausen,2023-06-26 15:00:00,42,val,0.255,0.26649946
Merzenhausen,2023-06-26 16:00:00,42,val,0.256,0.26522374
Merzenhausen,2023-06-26 17:00:00,42,val,0.254,0.26419368
Merzenhausen,2023-06-26 18:00:00,42,val,0.255,0.26291123
Merzenhausen,2023-06-26 19:00:00,42,val,0.255,0.2613925
Merzenhausen,2023-06-26 20:00:00,42,val,0.253,0.26011258
Merzenhausen,2023-06-26 21:00:00,42,val,0.253,0.25890884
Merzenhausen,2023-06-26 22:00:00,42,val,0.253,0.25805303
Merzenhausen,2023-06-26 23:00:00,42,val,0.253,0.25755772
Merzenhausen,2023-06-27 00:00:00,42,val,0.253,0.25700566
Merzenhausen,2023-06-27 01:00:00,42,val,0.253,0.25650656
Merzenhausen,2023-06-27 02:00:00,42,val,0.251,0.25614104
Merzenhausen,2023-06-27 03:00:00,42,val,0.25,0.2559592
Merzenhausen,2023-06-27 04:00:00,42,val,0.25,0.25606048
Merzenhausen,2023-06-27 05:00:00,42,val,0.251,0.25591654
Merzenhausen,2023-06-27 06:00:00,42,val,0.251,0.25589755
Merzenhausen,2023-06-27 07:00:00,42,val,0.249,0.25582737
Merzenhausen,2023-06-27 08:00:00,42,val,0.251,0.25553912
Merzenhausen,2023-06-27 09:00:00,42,val,0.251,0.2550731
Merzenhausen,2023-06-27 10:00:00,42,val,0.249,0.2547837
Merzenhausen,2023-06-27 11:00:00,42,val,0.249,0.25430176
Merzenhausen,2023-06-27 12:00:00,42,val,0.25,0.25383118
Merzenhausen,2023-06-27 13:00:00,42,val,0.25,0.25320914
Merzenhausen,2023-06-27 14:00:00,42,val,0.249,0.25284186
Merzenhausen,2023-06-27 15:00:00,42,val,0.249,0.25247043
Merzenhausen,2023-06-27 16:00:00,42,val,0.247,0.25225255
Merzenhausen,2023-06-27 17:00:00,42,val,0.247,0.25166655
Merzenhausen,2023-06-27 18:00:00,42,val,0.247,0.25089198
Merzenhausen,2023-06-27 19:00:00,42,val,0.246,0.25005496
Merzenhausen,2023-06-27 20:00:00,42,val,0.247,0.24917698
Merzenhausen,2023-06-27 21:00:00,42,val,0.246,0.24861874
Merzenhausen,2023-06-27 22:00:00,42,val,0.246,0.24862678
Merzenhausen,2023-06-27 23:00:00,42,val,0.246,0.25207713
Merzenhausen,2023-06-28 00:00:00,42,val,0.245,0.25610593
Merzenhausen,2023-06-28 01:00:00,42,val,0.245,0.25532508
Merzenhausen,2023-06-28 02:00:00,42,val,0.246,0.2532242
Merzenhausen,2023-06-28 03:00:00,42,val,0.242,0.2504398
Merzenhausen,2023-06-28 04:00:00,42,val,0.243,0.24851832
Merzenhausen,2023-06-28 05:00:00,42,val,0.245,0.24825218
Merzenhausen,2023-06-28 06:00:00,42,val,0.243,0.24735674
Merzenhausen,2023-06-28 07:00:00,42,val,0.245,0.24636227
Merzenhausen,2023-06-28 08:00:00,42,val,0.243,0.24557064
Merzenhausen,2023-06-28 09:00:00,42,val,0.243,0.2451034
Merzenhausen,2023-06-28 10:00:00,42,val,0.245,0.24491137
Merzenhausen,2023-06-28 11:00:00,42,val,0.245,0.24543412
Merzenhausen,2023-06-28 12:00:00,42,val,0.243,0.24538612
Merzenhausen,2023-06-28 13:00:00,42,val,0.244,0.24487185
Merzenhausen,2023-06-28 14:00:00,42,val,0.244,0.24439055
Merzenhausen,2023-06-28 15:00:00,42,val,0.244,0.24397065
Merzenhausen,2023-06-28 16:00:00,42,val,0.243,0.24388425
Merzenhausen,2023-06-28 17:00:00,42,val,0.243,0.24375108
Merzenhausen,2023-06-28 18:00:00,42,val,0.24,0.24384493
Merzenhausen,2023-06-28 19:00:00,42,val,0.242,0.24402423
Merzenhausen,2023-06-28 20:00:00,42,val,0.241,0.2439067
Merzenhausen,2023-06-28 21:00:00,42,val,0.24,0.2437585
Merzenhausen,2023-06-28 22:00:00,42,val,0.24,0.24369946
Merzenhausen,2023-06-28 23:00:00,42,val,0.241,0.24385473
Merzenhausen,2023-06-29 00:00:00,42,val,0.241,0.2440438
Merzenhausen,2023-06-29 01:00:00,42,val,0.241,0.24416275
Merzenhausen,2023-06-29 02:00:00,42,val,0.239,0.24411747
Merzenhausen,2023-06-29 03:00:00,42,val,0.238,0.24392293
Merzenhausen,2023-06-29 04:00:00,42,val,0.238,0.2436312
Merzenhausen,2023-06-29 05:00:00,42,val,0.239,0.24365175
Merzenhausen,2023-06-29 06:00:00,42,val,0.239,0.24392241
Merzenhausen,2023-06-29 07:00:00,42,val,0.241,0.2438488
Merzenhausen,2023-06-29 08:00:00,42,val,0.239,0.24382602
Merzenhausen,2023-06-29 09:00:00,42,val,0.239,0.24379003
Merzenhausen,2023-06-29 10:00:00,42,val,0.236,0.2434004
Merzenhausen,2023-06-29 11:00:00,42,val,0.238,0.24295451
Merzenhausen,2023-06-29 12:00:00,42,val,0.239,0.24310221
Merzenhausen,2023-06-29 13:00:00,42,val,0.239,0.24332958
Merzenhausen,2023-06-29 14:00:00,42,val,0.239,0.24352261
Merzenhausen,2023-06-29 15:00:00,42,val,0.236,0.24360889
Merzenhausen,2023-06-29 16:00:00,42,val,0.236,0.24295773
Merzenhausen,2023-06-29 17:00:00,42,val,0.236,0.24206862
Merzenhausen,2023-06-29 18:00:00,42,val,0.236,0.24098642
Merzenhausen,2023-06-29 19:00:00,42,val,0.234,0.23989056
Merzenhausen,2023-06-29 20:00:00,42,val,0.234,0.23916848
Merzenhausen,2023-06-29 21:00:00,42,val,0.237,0.2385307
Merzenhausen,2023-06-29 22:00:00,42,val,0.233,0.23915301
Merzenhausen,2023-06-29 23:00:00,42,val,0.234,0.24661152
Merzenhausen,2023-06-30 00:00:00,42,val,0.234,0.2510558
Merzenhausen,2023-06-30 01:00:00,42,val,0.235,0.25170267
Merzenhausen,2023-06-30 02:00:00,42,val,0.232,0.24898945
Merzenhausen,2023-06-30 03:00:00,42,val,0.233,0.24412803
Merzenhausen,2023-06-30 04:00:00,42,val,0.235,0.23946464
Merzenhausen,2023-06-30 05:00:00,42,val,0.235,0.23617972
Merzenhausen,2023-06-30 06:00:00,42,val,0.236,0.23411746
Merzenhausen,2023-06-30 07:00:00,42,val,0.235,0.23345473
Merzenhausen,2023-06-30 08:00:00,42,val,0.235,0.23332304
Merzenhausen,2023-06-30 09:00:00,42,val,0.232,0.23348446
Merzenhausen,2023-06-30 10:00:00,42,val,0.233,0.23400432
Merzenhausen,2023-06-30 11:00:00,42,val,0.23,0.23471303
Merzenhausen,2023-06-30 12:00:00,42,val,0.23,0.23515062
Merzenhausen,2023-06-30 13:00:00,42,val,0.228,0.23567088
Merzenhausen,2023-06-30 14:00:00,42,val,0.227,0.23611288
Merzenhausen,2023-06-30 15:00:00,42,val,0.226,0.23647623
Merzenhausen,2023-06-30 16:00:00,42,val,0.227,0.23659411
Merzenhausen,2023-06-30 17:00:00,42,val,0.225,0.23649564
Merzenhausen,2023-06-30 18:00:00,42,val,0.223,0.2357931
Merzenhausen,2023-06-30 19:00:00,42,val,0.225,0.23516311
Merzenhausen,2023-06-30 20:00:00,42,val,0.223,0.23435237
Merzenhausen,2023-06-30 21:00:00,42,val,0.225,0.23334707
Merzenhausen,2023-06-30 22:00:00,42,val,0.223,0.23254818
Merzenhausen,2023-06-30 23:00:00,42,val,0.221,0.2322796
Merzenhausen,2023-07-01 00:00:00,42,val,0.222,0.23256135
Merzenhausen,2023-07-01 01:00:00,42,val,0.22,0.23303875
Merzenhausen,2023-07-01 02:00:00,42,val,0.22,0.23320213
Merzenhausen,2023-07-01 03:00:00,42,val,0.221,0.23291406
Merzenhausen,2023-07-01 04:00:00,42,val,0.22,0.23243381
Merzenhausen,2023-07-01 05:00:00,42,val,0.222,0.23218165
Merzenhausen,2023-07-01 06:00:00,42,val,0.22,0.23190778
Merzenhausen,2023-07-01 07:00:00,42,val,0.219,0.23269501
Merzenhausen,2023-07-01 08:00:00,42,val,0.218,0.2328962
Merzenhausen,2023-07-01 09:00:00,42,val,0.218,0.23292105
Merzenhausen,2023-07-01 10:00:00,42,val,0.217,0.23239681
Merzenhausen,2023-07-01 11:00:00,42,val,0.218,0.23196667
Merzenhausen,2023-07-01 12:00:00,42,val,0.216,0.23181336
Merzenhausen,2023-07-01 13:00:00,42,val,0.216,0.23654838
Merzenhausen,2023-07-01 14:00:00,42,val,0.217,0.23723939
Merzenhausen,2023-07-01 15:00:00,42,val,0.214,0.23609246
Merzenhausen,2023-07-01 16:00:00,42,val,0.212,0.2342967
Merzenhausen,2023-07-01 17:00:00,42,val,0.212,0.23318292
Merzenhausen,2023-07-01 18:00:00,42,val,0.212,0.23184714
Merzenhausen,2023-07-01 19:00:00,42,val,0.209,0.23205368
Merzenhausen,2023-07-01 20:00:00,42,val,0.21,0.23099007
Merzenhausen,2023-07-01 21:00:00,42,val,0.21,0.23015596
Merzenhausen,2023-07-01 22:00:00,42,val,0.208,0.22914806
Merzenhausen,2023-07-01 23:00:00,42,val,0.209,0.2283125
Merzenhausen,2023-07-02 00:00:00,42,val,0.207,0.22760344
Merzenhausen,2023-07-02 01:00:00,42,val,0.208,0.22731191
Merzenhausen,2023-07-02 02:00:00,42,val,0.206,0.22674525
Merzenhausen,2023-07-02 03:00:00,42,val,0.206,0.22627725
Merzenhausen,2023-07-02 04:00:00,42,val,0.207,0.22629178
Merzenhausen,2023-07-02 05:00:00,42,val,0.205,0.22655939
Merzenhausen,2023-07-02 06:00:00,42,val,0.205,0.22711284
Merzenhausen,2023-07-02 07:00:00,42,val,0.206,0.22815818
Merzenhausen,2023-07-02 08:00:00,42,val,0.204,0.22859876
Merzenhausen,2023-07-02 09:00:00,42,val,0.207,0.22836138
Merzenhausen,2023-07-02 10:00:00,42,val,0.205,0.22793566
Merzenhausen,2023-07-02 11:00:00,42,val,0.202,0.22704765
Merzenhausen,2023-07-02 12:00:00,42,val,0.203,0.22620106
Merzenhausen,2023-07-02 13:00:00,42,val,0.203,0.22519878
Merzenhausen,2023-07-02 14:00:00,42,val,0.2,0.2242322
Merzenhausen,2023-07-02 15:00:00,42,val,0.203,0.22330229
Merzenhausen,2023-07-02 16:00:00,42,val,0.202,0.2229099
Merzenhausen,2023-07-02 17:00:00,42,val,0.198,0.22246215
Merzenhausen,2023-07-02 18:00:00,42,val,0.2,0.22174373
Merzenhausen,2023-07-02 19:00:00,42,val,0.2,0.22124399
Merzenhausen,2023-07-02 20:00:00,42,val,0.199,0.22063728
Merzenhausen,2023-07-02 21:00:00,42,val,0.196,0.2203192
Merzenhausen,2023-07-02 22:00:00,42,val,0.197,0.2195668
Merzenhausen,2023-07-02 23:00:00,42,val,0.199,0.21832617
Merzenhausen,2023-07-03 00:00:00,42,val,0.197,0.21719709
Merzenhausen,2023-07-03 01:00:00,42,val,0.197,0.21607012
Merzenhausen,2023-07-03 02:00:00,42,val,0.199,0.21519999
Merzenhausen,2023-07-03 03:00:00,42,val,0.195,0.21468325
Merzenhausen,2023-07-03 04:00:00,42,val,0.199,0.21436583
Merzenhausen,2023-07-03 05:00:00,42,val,0.199,0.2146133
Merzenhausen,2023-07-03 06:00:00,42,val,0.2,0.21482371
Merzenhausen,2023-07-03 07:00:00,42,val,0.197,0.21497397
Merzenhausen,2023-07-03 08:00:00,42,val,0.199,0.21482427
Merzenhausen,2023-07-03 09:00:00,42,val,0.197,0.21469462
Merzenhausen,2023-07-03 10:00:00,42,val,0.198,0.21451342
Merzenhausen,2023-07-03 11:00:00,42,val,0.196,0.21482214
Merzenhausen,2023-07-03 12:00:00,42,val,0.196,0.21477982
Merzenhausen,2023-07-03 13:00:00,42,val,0.196,0.21495286
Merzenhausen,2023-07-03 14:00:00,42,val,0.193,0.21503936
Merzenhausen,2023-07-03 15:00:00,42,val,0.193,0.21485773
Merzenhausen,2023-07-03 16:00:00,42,val,0.195,0.21402968
Merzenhausen,2023-07-03 17:00:00,42,val,0.196,0.21313506
Merzenhausen,2023-07-03 18:00:00,42,val,0.196,0.2123418
Merzenhausen,2023-07-03 19:00:00,42,val,0.196,0.21128178
Merzenhausen,2023-07-03 20:00:00,42,val,0.194,0.2102489
Merzenhausen,2023-07-03 21:00:00,42,val,0.195,0.20949616
Selhausen,2021-10-28 10:00:00,42,val,0.25,0.23771991
Selhausen,2021-10-28 11:00:00,42,val,0.249,0.23933016
Selhausen,2021-10-28 12:00:00,42,val,0.255,0.24159473
Selhausen,2021-10-28 13:00:00,42,val,0.252,0.24368718
Selhausen,2021-10-28 14:00:00,42,val,0.249,0.24539416
Selhausen,2021-10-28 15:00:00,42,val,0.257,0.24698341
Selhausen,2021-10-28 16:00:00,42,val,0.252,0.24822798
Selhausen,2021-10-28 17:00:00,42,val,0.249,0.24865687
Selhausen,2021-10-28 18:00:00,42,val,0.25,0.24778257
Selhausen,2021-10-28 19:00:00,42,val,0.251,0.24637172
Selhausen,2021-10-28 20:00:00,42,val,0.251,0.24457175
Selhausen,2021-10-28 21:00:00,42,val,0.25,0.24288794
Selhausen,2021-10-28 22:00:00,42,val,0.254,0.24150144
Selhausen,2021-10-28 23:00:00,42,val,0.251,0.24049328
Selhausen,2021-10-29 00:00:00,42,val,0.252,0.2397045
Selhausen,2021-10-29 01:00:00,42,val,0.247,0.23832874
Selhausen,2021-10-29 02:00:00,42,val,0.249,0.2367124
Selhausen,2021-10-29 03:00:00,42,val,0.25,0.23552454
Selhausen,2021-10-29 04:00:00,42,val,0.247,0.23514085
Selhausen,2021-10-29 05:00:00,42,val,0.25,0.2354739
Selhausen,2021-10-29 06:00:00,42,val,0.249,0.23585586
Selhausen,2021-10-29 07:00:00,42,val,0.247,0.23633803
Selhausen,2021-10-29 08:00:00,42,val,0.25,0.23705794
Selhausen,2021-10-29 09:00:00,42,val,0.252,0.23781432
Selhausen,2021-10-29 10:00:00,42,val,0.251,0.23776284
Selhausen,2021-10-29 11:00:00,42,val,0.25,0.23909508
Selhausen,2021-10-29 12:00:00,42,val,0.248,0.2401491
Selhausen,2021-10-29 13:00:00,42,val,0.248,0.24099082
Selhausen,2021-10-29 14:00:00,42,val,0.25,0.24214503
Selhausen,2021-10-29 15:00:00,42,val,0.254,0.24324568
Selhausen,2021-10-29 16:00:00,42,val,0.254,0.24405959
Selhausen,2021-10-29 17:00:00,42,val,0.249,0.2442786
Selhausen,2021-10-29 18:00:00,42,val,0.2345,0.2442314
Selhausen,2021-10-29 19:00:00,42,val,0.253,0.24379483
Selhausen,2021-10-29 20:00:00,42,val,0.339,0.2438045
Selhausen,2021-10-29 21:00:00,42,val,0.324,0.24329115
Selhausen,2021-10-29 22:00:00,42,val,0.331,0.24279681
Selhausen,2021-10-29 23:00:00,42,val,0.327,0.24261971
Selhausen,2021-10-30 00:00:00,42,val,0.316,0.24189073
Selhausen,2021-10-30 01:00:00,42,val,0.312,0.24071078
Selhausen,2021-10-30 02:00:00,42,val,0.312,0.2396302
Selhausen,2021-10-30 03:00:00,42,val,0.317,0.23903875
Selhausen,2021-10-30 04:00:00,42,val,0.314,0.23900455
Selhausen,2021-10-30 05:00:00,42,val,0.309,0.23900123
Selhausen,2021-10-30 06:00:00,42,val,0.316,0.23877044
Selhausen,2021-10-30 07:00:00,42,val,0.31,0.23872575
Selhausen,2021-10-30 08:00:00,42,val,0.31,0.23854138
Selhausen,2021-10-30 09:00:00,42,val,0.307,0.23919281
Selhausen,2021-10-30 10:00:00,42,val,0.308,0.2394539
Selhausen,2021-10-30 11:00:00,42,val,0.305,0.23951906
Selhausen,2021-10-30 12:00:00,42,val,0.305,0.24041407
Selhausen,2021-10-30 13:00:00,42,val,0.314,0.24106798
Selhausen,2021-10-30 14:00:00,42,val,0.309,0.2408566
Selhausen,2021-10-30 15:00:00,42,val,0.307,0.24165192
Selhausen,2021-10-30 16:00:00,42,val,0.306,0.24185309
Selhausen,2021-10-30 17:00:00,42,val,0.304,0.24099638
Selhausen,2021-10-30 18:00:00,42,val,0.306,0.2399161
Selhausen,2021-10-30 19:00:00,42,val,0.305,0.23960775
Selhausen,2021-10-30 20:00:00,42,val,0.301,0.24085268
Selhausen,2021-10-30 21:00:00,42,val,0.299,0.24337815
Selhausen,2021-10-30 22:00:00,42,val,0.295,0.24356657
Selhausen,2021-10-30 23:00:00,42,val,0.297,0.24210608
Selhausen,2021-10-31 00:00:00,42,val,0.297,0.24013615
Selhausen,2021-10-31 01:00:00,42,val,0.295,0.2372859
Selhausen,2021-10-31 02:00:00,42,val,0.293,0.23502266
Selhausen,2021-10-31 03:00:00,42,val,0.293,0.23318154
Selhausen,2021-10-31 04:00:00,42,val,0.291,0.23135102
Selhausen,2021-10-31 05:00:00,42,val,0.291,0.23038426
Selhausen,2021-10-31 06:00:00,42,val,0.291,0.22996207
Selhausen,2021-10-31 07:00:00,42,val,0.289,0.22977479
Selhausen,2021-10-31 08:00:00,42,val,0.291,0.23046273
Selhausen,2021-10-31 09:00:00,42,val,0.289,0.23204675
Selhausen,2021-10-31 10:00:00,42,val,0.291,0.23365909
Selhausen,2021-10-31 11:00:00,42,val,0.295,0.23498257
Selhausen,2021-10-31 12:00:00,42,val,0.293,0.23546879
Selhausen,2021-10-31 13:00:00,42,val,0.29,0.23574081
Selhausen,2021-10-31 14:00:00,42,val,0.292,0.23619196
Selhausen,2021-10-31 15:00:00,42,val,0.292,0.2374357
Selhausen,2021-10-31 16:00:00,42,val,0.293,0.23897356
Selhausen,2021-10-31 17:00:00,42,val,0.29,0.23948607
Selhausen,2021-10-31 18:00:00,42,val,0.291,0.2368082
Selhausen,2021-10-31 19:00:00,42,val,0.289,0.2370835
Selhausen,2021-10-31 20:00:00,42,val,0.289,0.26473027
Selhausen,2021-10-31 21:00:00,42,val,0.291,0.28052998
Selhausen,2021-10-31 22:00:00,42,val,0.291,0.28966036
Selhausen,2021-10-31 23:00:00,42,val,0.289,0.29425448
Selhausen,2021-11-01 00:00:00,42,val,0.285,0.2948827
Selhausen,2021-11-01 01:00:00,42,val,0.288,0.2932142
Selhausen,2021-11-01 02:00:00,42,val,0.287,0.29048055
Selhausen,2021-11-01 03:00:00,42,val,0.286,0.28837526
Selhausen,2021-11-01 04:00:00,42,val,0.29,0.28665352
Selhausen,2021-11-01 05:00:00,42,val,0.286,0.28461778
Selhausen,2021-11-01 06:00:00,42,val,0.288,0.28383502
Selhausen,2021-11-01 07:00:00,42,val,0.287,0.2833169
Selhausen,2021-11-01 08:00:00,42,val,0.29,0.28317142
Selhausen,2021-11-01 09:00:00,42,val,0.287,0.2830224
Selhausen,2021-11-01 10:00:00,42,val,0.29,0.28318688
Selhausen,2021-11-01 11:00:00,42,val,0.289,0.28307736
Selhausen,2021-11-01 12:00:00,42,val,0.31,0.28282672
Selhausen,2021-11-01 13:00:00,42,val,0.358,0.2840867
Selhausen,2021-11-01 14:00:00,42,val,0.353,0.284935
Selhausen,2021-11-01 15:00:00,42,val,0.345,0.2852353
Selhausen,2021-11-01 16:00:00,42,val,0.34,0.28521228
Selhausen,2021-11-01 17:00:00,42,val,0.34,0.28462917
Selhausen,2021-11-01 18:00:00,42,val,0.337,0.2840872
Selhausen,2021-11-01 19:00:00,42,val,0.33,0.2833795
Selhausen,2021-11-01 20:00:00,42,val,0.333,0.28216565
Selhausen,2021-11-01 21:00:00,42,val,0.33,0.28071222
Selhausen,2021-11-01 22:00:00,42,val,0.33,0.27870253
Selhausen,2021-11-01 23:00:00,42,val,0.327,0.2772951
Selhausen,2022-01-04 16:00:00,42,val,0.355,0.3315926
Selhausen,2022-01-04 17:00:00,42,val,0.356,0.3322075
Selhausen,2022-01-04 18:00:00,42,val,0.356,0.3332896
Selhausen,2022-01-04 19:00:00,42,val,0.353,0.33689177
Selhausen,2022-01-04 20:00:00,42,val,0.353,0.33913398
Selhausen,2022-01-04 21:00:00,42,val,0.353,0.34061712
Selhausen,2022-01-04 22:00:00,42,val,0.353,0.34153283
Selhausen,2022-01-04 23:00:00,42,val,0.353,0.34180838
Selhausen,2022-01-05 00:00:00,42,val,0.353,0.34244066
Selhausen,2022-01-05 01:00:00,42,val,0.351,0.34232026
Selhausen,2022-01-05 02:00:00,42,val,0.353,0.3414132
Selhausen,2022-01-05 03:00:00,42,val,0.353,0.34017044
Selhausen,2022-01-05 04:00:00,42,val,0.35,0.3387163
Selhausen,2022-01-05 05:00:00,42,val,0.35,0.3367952
Selhausen,2022-01-05 06:00:00,42,val,0.351,0.33479005
Selhausen,2022-01-05 07:00:00,42,val,0.35,0.33298105
Selhausen,2022-01-05 08:00:00,42,val,0.351,0.33179793
Selhausen,2022-01-05 09:00:00,42,val,0.351,0.33064204
Selhausen,2022-01-05 10:00:00,42,val,0.35,0.3297227
Selhausen,2022-01-05 11:00:00,42,val,0.35,0.32907316
Selhausen,2022-01-05 12:00:00,42,val,0.35,0.3283906
Selhausen,2022-01-05 13:00:00,42,val,0.353,0.32757014
Selhausen,2022-01-05 14:00:00,42,val,0.352,0.326827
Selhausen,2022-01-05 15:00:00,42,val,0.352,0.32618317
Selhausen,2022-01-05 16:00:00,42,val,0.35,0.32558128
Selhausen,2022-01-05 17:00:00,42,val,0.352,0.32515568
Selhausen,2022-01-05 18:00:00,42,val,0.35,0.32494563
Selhausen,2022-01-05 19:00:00,42,val,0.349,0.32510456
Selhausen,2022-01-05 20:00:00,42,val,0.348,0.325177
Selhausen,2022-01-05 21:00:00,42,val,0.348,0.325086
Selhausen,2022-01-05 22:00:00,42,val,0.346,0.32535177
Selhausen,2022-01-05 23:00:00,42,val,0.35,0.3253457
Selhausen,2022-01-06 00:00:00,42,val,0.348,0.3253541
Selhausen,2022-01-06 01:00:00,42,val,0.348,0.32530522
Selhausen,2022-01-06 02:00:00,42,val,0.35,0.32501668
Selhausen,2022-01-06 03:00:00,42,val,0.348,0.32434237
Selhausen,2022-01-06 04:00:00,42,val,0.346,0.3237339
Selhausen,2022-01-06 05:00:00,42,val,0.346,0.3230206
Selhausen,2022-01-06 06:00:00,42,val,0.346,0.32239255
Selhausen,2022-01-06 07:00:00,42,val,0.346,0.32143968
Selhausen,2022-01-06 08:00:00,42,val,0.346,0.32107604
Selhausen,2022-01-06 09:00:00,42,val,0.346,0.3205297
Selhausen,2022-01-06 10:00:00,42,val,0.346,0.3202256
Selhausen,2022-01-06 11:00:00,42,val,0.346,0.32030636
Selhausen,2022-01-06 12:00:00,42,val,0.35,0.32030946
Selhausen,2022-01-06 13:00:00,42,val,0.348,0.3204557
Selhausen,2022-01-06 14:00:00,42,val,0.345,0.32055247
Selhausen,2022-01-06 15:00:00,42,val,0.35,0.32083178
Selhausen,2022-01-06 16:00:00,42,val,0.348,0.32098106
Selhausen,2022-01-06 17:00:00,42,val,0.346,0.32114166
Selhausen,2022-01-06 18:00:00,42,val,0.345,0.32122982
Selhausen,2022-01-06 19:00:00,42,val,0.348,0.32104218
Selhausen,2022-01-06 20:00:00,42,val,0.346,0.32082167
Selhausen,2022-01-06 21:00:00,42,val,0.346,0.3206731
Selhausen,2022-01-06 22:00:00,42,val,0.35,0.32056457
Selhausen,2022-01-06 23:00:00,42,val,0.346,0.32036686
Selhausen,2022-01-07 00:00:00,42,val,0.341,0.32016268
Selhausen,2022-01-07 01:00:00,42,val,0.35,0.31979084
Selhausen,2022-01-07 02:00:00,42,val,0.387,0.31954092
Selhausen,2022-01-07 03:00:00,42,val,0.399,0.3192466
Selhausen,2022-01-07 04:00:00,42,val,0.392,0.31866175
Selhausen,2022-01-07 05:00:00,42,val,0.393,0.31794864
Selhausen,2022-01-07 06:00:00,42,val,0.393,0.31728178
Selhausen,2022-01-07 07:00:00,42,val,0.391,0.31658614
Selhausen,2022-01-07 08:00:00,42,val,0.391,0.31605154
Selhausen,2022-01-07 09:00:00,42,val,0.393,0.31569368
Selhausen,2022-01-07 10:00:00,42,val,0.393,0.31540495
Selhausen,2022-01-07 11:00:00,42,val,0.389,0.3152244
Selhausen,2022-01-07 12:00:00,42,val,0.389,0.31529927
Selhausen,2022-01-07 13:00:00,42,val,0.388,0.31582522
Selhausen,2022-01-07 14:00:00,42,val,0.388,0.31637126
Selhausen,2022-01-07 15:00:00,42,val,0.385,0.3168918
Selhausen,2022-01-07 16:00:00,42,val,0.386,0.3170384
Selhausen,2022-01-07 17:00:00,42,val,0.383,0.3175376
Selhausen,2022-01-07 18:00:00,42,val,0.382,0.31790215
Selhausen,2022-01-07 19:00:00,42,val,0.382,0.31798303
Selhausen,2022-01-07 20:00:00,42,val,0.38,0.31795052
Selhausen,2022-01-07 21:00:00,42,val,0.382,0.31789497
Selhausen,2022-01-07 22:00:00,42,val,0.379,0.3176226
Selhausen,2022-01-07 23:00:00,42,val,0.379,0.31752765
Selhausen,2022-01-08 00:00:00,42,val,0.378,0.31711
Selhausen,2022-01-08 01:00:00,42,val,0.377,0.31647733
Selhausen,2022-01-08 02:00:00,42,val,0.375,0.3162511
Selhausen,2022-01-08 03:00:00,42,val,0.375,0.31553164
Selhausen,2022-03-26 13:00:00,42,val,0.264,0.23493516
Selhausen,2022-03-26 14:00:00,42,val,0.267,0.23689517
Selhausen,2022-03-26 15:00:00,42,val,0.268,0.23886809
Selhausen,2022-03-26 16:00:00,42,val,0.267,0.24024628
Selhausen,2022-03-26 17:00:00,42,val,0.266,0.2410635
Selhausen,2022-03-26 18:00:00,42,val,0.262,0.24119893
Selhausen,2022-03-26 19:00:00,42,val,0.262,0.24033725
Selhausen,2022-03-26 20:00:00,42,val,0.261,0.23916663
Selhausen,2022-03-26 21:00:00,42,val,0.262,0.23692918
Selhausen,2022-03-26 22:00:00,42,val,0.256,0.2340436
Selhausen,2022-03-26 23:00:00,42,val,0.261,0.22596204
Selhausen,2022-03-27 00:00:00,42,val,0.258,0.22163841
Selhausen,2022-03-27 01:00:00,42,val,0.256,0.22007757
Selhausen,2022-03-27 02:00:00,42,val,0.256,0.21995094
Selhausen,2022-03-27 03:00:00,42,val,0.258,0.22052914
Selhausen,2022-03-27 04:00:00,42,val,0.259,0.22145182
Selhausen,2022-03-27 05:00:00,42,val,0.256,0.22256717
Selhausen,2022-03-27 06:00:00,42,val,0.252,0.22342038
Selhausen,2022-03-27 07:00:00,42,val,0.255,0.2245748
Selhausen,2022-03-27 08:00:00,42,val,0.258,0.2261785
Selhausen,2022-03-27 09:00:00,42,val,0.256,0.22766674
Selhausen,2022-03-27 10:00:00,42,val,0.23,0.22805592
Selhausen,2022-03-27 11:00:00,42,val,0.262,0.2299322
Selhausen,2022-03-27 12:00:00,42,val,0.232,0.231645
Selhausen,2022-03-27 13:00:00,42,val,0.266,0.23413073
Selhausen,2022-03-27 14:00:00,42,val,0.263,0.23625109
Selhausen,2022-03-27 15:00:00,42,val,0.266,0.23797652
Selhausen,2022-03-27 16:00:00,42,val,0.26,0.23933405
Selhausen,2022-03-27 17:00:00,42,val,0.266,0.24034113
Selhausen,2022-03-27 18:00:00,42,val,0.262,0.24028467
Selhausen,2022-03-27 19:00:00,42,val,0.263,0.23903307
Selhausen,2022-03-27 20:00:00,42,val,0.26,0.2321705
Selhausen,2022-03-27 21:00:00,42,val,0.257,0.22857997
Selhausen,2022-03-27 22:00:00,42,val,0.256,0.22663821
Selhausen,2022-03-27 23:00:00,42,val,0.256,0.22663379
Selhausen,2022-03-28 00:00:00,42,val,0.261,0.22674558
Selhausen,2022-03-28 01:00:00,42,val,0.258,0.22698627
Selhausen,2022-03-28 02:00:00,42,val,0.252,0.22159222
Selhausen,2022-03-28 03:00:00,42,val,0.254,0.21913409
Selhausen,2022-03-28 04:00:00,42,val,0.255,0.2184036
Selhausen,2022-03-28 05:00:00,42,val,0.254,0.2185436
Selhausen,2022-03-28 06:00:00,42,val,0.254,0.21913885
Selhausen,2022-03-28 07:00:00,42,val,0.255,0.22119464
Selhausen,2022-03-28 08:00:00,42,val,0.254,0.21799324
Selhausen,2022-03-28 09:00:00,42,val,0.257,0.21851519
Selhausen,2022-03-28 10:00:00,42,val,0.259,0.22084184
Selhausen,2022-03-28 11:00:00,42,val,0.254,0.22426341
Selhausen,2022-03-28 12:00:00,42,val,0.255,0.22830884
Selhausen,2022-03-28 13:00:00,42,val,0.264,0.23218675
Selhausen,2022-03-28 14:00:00,42,val,0.263,0.23589337
Selhausen,2022-03-28 15:00:00,42,val,0.261,0.23908448
Selhausen,2022-03-28 16:00:00,42,val,0.231,0.24139856
Selhausen,2022-03-28 17:00:00,42,val,0.261,0.24256124
Selhausen,2022-03-28 18:00:00,42,val,0.257,0.2422073
Selhausen,2022-03-28 19:00:00,42,val,0.258,0.24096787
Selhausen,2022-03-28 20:00:00,42,val,0.251,0.23911193
Selhausen,2022-03-28 21:00:00,42,val,0.256,0.23731698
Selhausen,2022-03-28 22:00:00,42,val,0.257,0.23483299
Selhausen,2022-03-28 23:00:00,42,val,0.254,0.2330218
Selhausen,2022-03-29 00:00:00,42,val,0.253,0.2313259
Selhausen,2022-03-29 01:00:00,42,val,0.253,0.22968881
Selhausen,2022-03-29 02:00:00,42,val,0.252,0.22839613
Selhausen,2022-03-29 03:00:00,42,val,0.251,0.22773957
Selhausen,2022-03-29 04:00:00,42,val,0.252,0.22770393
Selhausen,2022-03-29 05:00:00,42,val,0.253,0.22765574
Selhausen,2022-03-29 06:00:00,42,val,0.253,0.22705498
Selhausen,2022-03-29 07:00:00,42,val,0.25,0.22690962
Selhausen,2022-03-29 08:00:00,42,val,0.25,0.22759648
Selhausen,2022-03-29 09:00:00,42,val,0.25,0.2284959
Selhausen,2022-03-29 10:00:00,42,val,0.253,0.22513536
Selhausen,2022-03-29 11:00:00,42,val,0.257,0.22580458
Selhausen,2022-03-29 12:00:00,42,val,0.259,0.22324528
Selhausen,2022-03-29 13:00:00,42,val,0.262,0.22571522
Selhausen,2022-03-29 14:00:00,42,val,0.263,0.22970292
Selhausen,2022-03-29 15:00:00,42,val,0.277,0.23409149
Selhausen,2022-03-29 16:00:00,42,val,0.283,0.23682344
Selhausen,2022-03-29 17:00:00,42,val,0.289,0.2392515
Selhausen,2022-03-29 18:00:00,42,val,0.291,0.24040319
Selhausen,2022-03-29 19:00:00,42,val,0.292,0.2406621
Selhausen,2022-03-29 20:00:00,42,val,0.294,0.23987648
Selhausen,2022-03-29 21:00:00,42,val,0.297,0.23825018
Selhausen,2022-03-29 22:00:00,42,val,0.298,0.23603815
Selhausen,2022-03-29 23:00:00,42,val,0.3,0.23412436
Selhausen,2022-03-30 00:00:00,42,val,0.3,0.23311925
Selhausen,2022-03-30 01:00:00,42,val,0.3,0.23211426
Selhausen,2022-03-30 02:00:00,42,val,0.3,0.23036623
Selhausen,2022-03-30 03:00:00,42,val,0.299,0.22882478
Selhausen,2022-03-30 04:00:00,42,val,0.301,0.22773688
Selhausen,2022-03-30 05:00:00,42,val,0.304,0.22694619
Selhausen,2022-03-30 06:00:00,42,val,0.304,0.22636959
Selhausen,2022-03-30 07:00:00,42,val,0.303,0.22641687
Selhausen,2022-03-30 08:00:00,42,val,0.303,0.2267642
Selhausen,2022-03-30 09:00:00,42,val,0.302,0.22789554
Selhausen,2022-03-30 10:00:00,42,val,0.3,0.22966313
Selhausen,2022-03-30 11:00:00,42,val,0.302,0.23098135
Selhausen,2022-03-30 12:00:00,42,val,0.302,0.23190123
Selhausen,2022-03-30 13:00:00,42,val,0.2955,0.23387402
Selhausen,2022-03-30 14:00:00,42,val,0.2845,0.23589465
Selhausen,2022-03-30 15:00:00,42,val,0.2925,0.23732395
Selhausen,2022-03-30 16:00:00,42,val,0.3085,0.23321314
Selhausen,2022-03-30 17:00:00,42,val,0.292,0.23241909
Selhausen,2022-03-30 18:00:00,42,val,0.302,0.23239322
Selhausen,2022-03-30 19:00:00,42,val,0.3065,0.2327141
Selhausen,2022-03-30 20:00:00,42,val,0.306,0.23193717
Selhausen,2022-03-30 21:00:00,42,val,0.3365,0.23144831
Selhausen,2022-03-30 22:00:00,42,val,0.3389999999999999,0.23108262
Selhausen,2022-03-30 23:00:00,42,val,0.3405,0.23074815
Selhausen,2022-03-31 00:00:00,42,val,0.3395,0.22972456
Selhausen,2022-03-31 01:00:00,42,val,0.3405,0.22846003
Selhausen,2022-03-31 02:00:00,42,val,0.3405,0.22710831
Selhausen,2022-03-31 03:00:00,42,val,0.35,0.2267817
Selhausen,2022-03-31 04:00:00,42,val,0.3415,0.227972
Selhausen,2022-04-14 11:00:00,42,val,0.274,0.266386
Selhausen,2022-04-21 12:00:00,42,val,0.263,0.24590327
Selhausen,2022-04-21 13:00:00,42,val,0.262,0.24727388
Selhausen,2022-04-21 14:00:00,42,val,0.263,0.2477836
Selhausen,2022-04-21 15:00:00,42,val,0.262,0.24800533
Selhausen,2022-04-21 16:00:00,42,val,0.261,0.2485557
Selhausen,2022-04-21 17:00:00,42,val,0.26,0.2484867
Selhausen,2022-04-21 18:00:00,42,val,0.258,0.24849012
Selhausen,2022-04-21 19:00:00,42,val,0.254,0.24721861
Selhausen,2022-04-21 20:00:00,42,val,0.255,0.24498898
Selhausen,2022-04-21 21:00:00,42,val,0.252,0.24304786
Selhausen,2022-04-21 22:00:00,42,val,0.253,0.24125862
Selhausen,2022-04-21 23:00:00,42,val,0.251,0.23968977
Selhausen,2022-04-22 00:00:00,42,val,0.254,0.23821227
Selhausen,2022-04-22 01:00:00,42,val,0.251,0.23685879
Selhausen,2022-04-22 02:00:00,42,val,0.25,0.23545174
Selhausen,2022-04-22 03:00:00,42,val,0.253,0.23450369
Selhausen,2022-04-22 04:00:00,42,val,0.251,0.23308575
Selhausen,2022-04-22 05:00:00,42,val,0.251,0.23267742
Selhausen,2022-04-22 06:00:00,42,val,0.251,0.23311274
Selhausen,2022-04-22 07:00:00,42,val,0.252,0.2338143
Selhausen,2022-04-22 08:00:00,42,val,0.252,0.23506796
Selhausen,2022-04-22 09:00:00,42,val,0.252,0.23687392
Selhausen,2022-04-22 10:00:00,42,val,0.259,0.23885886
Selhausen,2022-04-22 11:00:00,42,val,0.254,0.24097744
Selhausen,2022-04-22 12:00:00,42,val,0.261,0.24303655
Selhausen,2022-04-22 13:00:00,42,val,0.255,0.24468306
Selhausen,2022-04-22 14:00:00,42,val,0.257,0.24560294
Selhausen,2022-04-22 15:00:00,42,val,0.258,0.24596718
Selhausen,2022-04-22 16:00:00,42,val,0.259,0.2459578
Selhausen,2022-04-22 17:00:00,42,val,0.253,0.24566777
Selhausen,2022-04-22 18:00:00,42,val,0.256,0.24520232
Selhausen,2022-04-22 19:00:00,42,val,0.253,0.24440853
Selhausen,2022-04-22 20:00:00,42,val,0.252,0.24323234
Selhausen,2022-04-22 21:00:00,42,val,0.254,0.24203016
Selhausen,2022-04-22 22:00:00,42,val,0.25,0.24029134
Selhausen,2022-04-22 23:00:00,42,val,0.249,0.23838258
Selhausen,2022-04-23 00:00:00,42,val,0.249,0.23683189
Selhausen,2022-04-23 01:00:00,42,val,0.248,0.235383
Selhausen,2022-04-23 02:00:00,42,val,0.249,0.23401056
Selhausen,2022-04-23 03:00:00,42,val,0.248,0.23343833
Selhausen,2022-04-23 04:00:00,42,val,0.249,0.23302755
Selhausen,2022-04-23 05:00:00,42,val,0.245,0.2331322
Selhausen,2022-04-23 06:00:00,42,val,0.249,0.23342851
Selhausen,2022-04-23 07:00:00,42,val,0.246,0.23429976
Selhausen,2022-04-23 08:00:00,42,val,0.249,0.2351962
Selhausen,2022-04-23 09:00:00,42,val,0.25,0.23609419
Selhausen,2022-04-23 10:00:00,42,val,0.25,0.23773435
Selhausen,2022-04-23 11:00:00,42,val,0.25,0.23985268
Selhausen,2022-04-23 12:00:00,42,val,0.252,0.24207094
Selhausen,2022-04-23 13:00:00,42,val,0.254,0.24355887
Selhausen,2022-04-23 14:00:00,42,val,0.252,0.24484698
Selhausen,2022-04-23 15:00:00,42,val,0.256,0.2456419
Selhausen,2022-04-23 16:00:00,42,val,0.254,0.24578914
Selhausen,2022-04-23 17:00:00,42,val,0.252,0.24541664
Selhausen,2022-04-23 18:00:00,42,val,0.252,0.24448667
Selhausen,2022-04-23 19:00:00,42,val,0.253,0.24265568
Selhausen,2022-04-23 20:00:00,42,val,0.248,0.24091713
Selhausen,2022-04-23 21:00:00,42,val,0.248,0.2390436
Selhausen,2022-04-23 22:00:00,42,val,0.249,0.2375869
Selhausen,2022-04-23 23:00:00,42,val,0.249,0.23620427
Selhausen,2022-04-24 00:00:00,42,val,0.25,0.23535967
Selhausen,2022-04-24 01:00:00,42,val,0.249,0.23422615
Selhausen,2022-04-24 02:00:00,42,val,0.247,0.23313214
Selhausen,2022-04-24 03:00:00,42,val,0.25,0.23262654
Selhausen,2022-04-24 04:00:00,42,val,0.246,0.23223206
Selhausen,2022-04-24 05:00:00,42,val,0.2445,0.23196448
Selhausen,2022-04-24 06:00:00,42,val,0.247,0.23200683
Selhausen,2022-04-24 07:00:00,42,val,0.246,0.23256344
Selhausen,2022-04-24 08:00:00,42,val,0.251,0.23339233
Selhausen,2022-04-24 09:00:00,42,val,0.243,0.23450509
Selhausen,2022-04-24 10:00:00,42,val,0.25,0.23655751
Selhausen,2022-04-24 11:00:00,42,val,0.249,0.2378549
Selhausen,2022-04-24 12:00:00,42,val,0.254,0.23973882
Selhausen,2022-04-24 13:00:00,42,val,0.252,0.24066539
Selhausen,2022-04-24 14:00:00,42,val,0.249,0.24083711
Selhausen,2022-04-24 15:00:00,42,val,0.258,0.24110313
Selhausen,2022-04-24 16:00:00,42,val,0.255,0.24163727
Selhausen,2022-04-24 17:00:00,42,val,0.254,0.24108273
Selhausen,2022-04-24 18:00:00,42,val,0.254,0.24060698
Selhausen,2022-04-24 19:00:00,42,val,0.25,0.23952667
Selhausen,2022-04-24 20:00:00,42,val,0.253,0.23793666
Selhausen,2022-04-24 21:00:00,42,val,0.248,0.23714107
Selhausen,2022-04-24 22:00:00,42,val,0.25,0.23600595
Selhausen,2022-04-24 23:00:00,42,val,0.245,0.23368107
Selhausen,2022-04-25 00:00:00,42,val,0.251,0.23246989
Selhausen,2022-04-25 01:00:00,42,val,0.251,0.2311877
Selhausen,2022-04-25 02:00:00,42,val,0.244,0.23025514
Selhausen,2022-04-25 03:00:00,42,val,0.2674999999999999,0.23169538
Selhausen,2022-04-25 04:00:00,42,val,0.2435,0.23233618
Selhausen,2022-04-25 05:00:00,42,val,0.242,0.23130874
Selhausen,2022-04-25 06:00:00,42,val,0.249,0.23050658
Selhausen,2022-04-25 07:00:00,42,val,0.25,0.22978146
Selhausen,2022-04-25 08:00:00,42,val,0.247,0.22990829
Selhausen,2022-04-25 09:00:00,42,val,0.251,0.23083042
Selhausen,2022-04-25 10:00:00,42,val,0.252,0.23243558
Selhausen,2022-04-25 11:00:00,42,val,0.2495,0.23395836
Selhausen,2022-04-25 12:00:00,42,val,0.289,0.23573062
Selhausen,2022-04-25 13:00:00,42,val,0.247,0.23753911
Selhausen,2022-05-04 14:00:00,42,val,0.243,0.22961469
Selhausen,2022-05-04 15:00:00,42,val,0.243,0.23060735
Selhausen,2022-05-04 16:00:00,42,val,0.24,0.23106022
Selhausen,2022-05-04 17:00:00,42,val,0.238,0.23149946
Selhausen,2022-05-04 18:00:00,42,val,0.239,0.23133187
Selhausen,2022-05-04 19:00:00,42,val,0.235,0.23042737
Selhausen,2022-05-04 20:00:00,42,val,0.237,0.22860493
Selhausen,2022-05-04 21:00:00,42,val,0.233,0.22628076
Selhausen,2022-05-04 22:00:00,42,val,0.234,0.22360833
Selhausen,2022-05-04 23:00:00,42,val,0.233,0.22148219
Selhausen,2022-05-05 00:00:00,42,val,0.232,0.21957152
Selhausen,2022-05-05 01:00:00,42,val,0.23,0.21819155
Selhausen,2022-05-05 02:00:00,42,val,0.228,0.21714495
Selhausen,2022-05-05 03:00:00,42,val,0.23,0.21640462
Selhausen,2022-05-05 04:00:00,42,val,0.229,0.21618377
Selhausen,2022-05-05 05:00:00,42,val,0.229,0.2159562
Selhausen,2022-05-05 06:00:00,42,val,0.227,0.21642877
Selhausen,2022-05-05 07:00:00,42,val,0.229,0.21784383
Selhausen,2022-05-05 08:00:00,42,val,0.231,0.2193841
Selhausen,2022-05-05 09:00:00,42,val,0.232,0.22125676
Selhausen,2022-05-05 10:00:00,42,val,0.235,0.22359048
Selhausen,2022-05-05 11:00:00,42,val,0.234,0.22616068
Selhausen,2022-05-05 12:00:00,42,val,0.235,0.22847265
Selhausen,2022-05-05 13:00:00,42,val,0.237,0.22962926
Selhausen,2022-05-05 14:00:00,42,val,0.239,0.23044877
Selhausen,2022-05-05 15:00:00,42,val,0.235,0.23073952
Selhausen,2022-05-05 16:00:00,42,val,0.234,0.23018834
Selhausen,2022-05-05 17:00:00,42,val,0.236,0.22956842
Selhausen,2022-05-05 18:00:00,42,val,0.233,0.22849336
Selhausen,2022-05-05 19:00:00,42,val,0.232,0.22730653
Selhausen,2022-05-05 20:00:00,42,val,0.231,0.22572184
Selhausen,2022-05-05 21:00:00,42,val,0.229,0.22365023
Selhausen,2022-05-05 22:00:00,42,val,0.229,0.22197366
Selhausen,2022-05-05 23:00:00,42,val,0.228,0.22035363
Selhausen,2022-05-06 00:00:00,42,val,0.229,0.21919066
Selhausen,2022-05-06 01:00:00,42,val,0.231,0.21805224
Selhausen,2022-05-06 02:00:00,42,val,0.228,0.21676831
Selhausen,2022-05-06 03:00:00,42,val,0.228,0.21571842
Selhausen,2022-05-06 04:00:00,42,val,0.226,0.21456064
Selhausen,2022-05-06 05:00:00,42,val,0.228,0.21388578
Selhausen,2022-05-06 06:00:00,42,val,0.232,0.21443832
Selhausen,2022-05-06 07:00:00,42,val,0.23,0.21557356
Selhausen,2022-05-06 08:00:00,42,val,0.232,0.21754546
Selhausen,2022-05-06 09:00:00,42,val,0.235,0.2204072
Selhausen,2022-05-06 10:00:00,42,val,0.235,0.22209808
Selhausen,2022-05-06 11:00:00,42,val,0.234,0.2233974
Selhausen,2022-05-06 12:00:00,42,val,0.234,0.22487588
Selhausen,2022-05-06 13:00:00,42,val,0.236,0.22644879
Selhausen,2022-05-06 14:00:00,42,val,0.239,0.2277536
Selhausen,2022-05-06 15:00:00,42,val,0.241,0.22895007
Selhausen,2022-05-06 16:00:00,42,val,0.233,0.22914866
Selhausen,2022-05-06 17:00:00,42,val,0.235,0.2287503
Selhausen,2022-05-06 18:00:00,42,val,0.234,0.22848892
Selhausen,2022-05-06 19:00:00,42,val,0.232,0.22739975
Selhausen,2022-05-06 20:00:00,42,val,0.231,0.22639894
Selhausen,2022-05-06 21:00:00,42,val,0.228,0.22476019
Selhausen,2022-05-06 22:00:00,42,val,0.227,0.22332302
Selhausen,2022-05-06 23:00:00,42,val,0.227,0.22191656
Selhausen,2022-05-07 00:00:00,42,val,0.225,0.2205422
Selhausen,2022-05-07 01:00:00,42,val,0.224,0.21899611
Selhausen,2022-05-07 02:00:00,42,val,0.224,0.21735828
Selhausen,2022-05-07 03:00:00,42,val,0.22,0.2160088
Selhausen,2022-05-07 04:00:00,42,val,0.219,0.21523902
Selhausen,2022-05-07 05:00:00,42,val,0.221,0.21504164
Selhausen,2022-05-07 06:00:00,42,val,0.222,0.21532448
Selhausen,2022-05-07 07:00:00,42,val,0.223,0.21639949
Selhausen,2022-05-07 08:00:00,42,val,0.226,0.2178426
Selhausen,2022-05-07 09:00:00,42,val,0.225,0.21935287
Selhausen,2022-05-07 10:00:00,42,val,0.229,0.22112203
Selhausen,2022-05-07 11:00:00,42,val,0.235,0.22234416
Selhausen,2022-05-07 12:00:00,42,val,0.235,0.22354904
Selhausen,2022-05-07 13:00:00,42,val,0.237,0.22506908
Selhausen,2022-05-07 14:00:00,42,val,0.236,0.2268394
Selhausen,2022-05-07 15:00:00,42,val,0.235,0.2274371
Selhausen,2022-05-07 16:00:00,42,val,0.235,0.22699548
Selhausen,2022-05-07 17:00:00,42,val,0.233,0.2265493
Selhausen,2022-05-07 18:00:00,42,val,0.23,0.2257144
Selhausen,2022-05-07 19:00:00,42,val,0.231,0.22458425
Selhausen,2022-05-07 20:00:00,42,val,0.227,0.22337383
Selhausen,2022-05-07 21:00:00,42,val,0.226,0.22190453
Selhausen,2022-05-07 22:00:00,42,val,0.223,0.22056358
Selhausen,2022-05-07 23:00:00,42,val,0.226,0.21904625
Selhausen,2022-05-08 00:00:00,42,val,0.221,0.21761827
Selhausen,2022-05-08 01:00:00,42,val,0.222,0.21743973
Selhausen,2022-05-15 02:00:00,42,val,0.201,0.20040046
Selhausen,2022-05-15 03:00:00,42,val,0.2,0.19889453
Selhausen,2022-05-15 04:00:00,42,val,0.199,0.19805557
Selhausen,2022-05-15 05:00:00,42,val,0.2,0.19787328
Selhausen,2022-05-15 06:00:00,42,val,0.2,0.19845615
Selhausen,2022-05-15 07:00:00,42,val,0.203,0.1996718
Selhausen,2022-05-15 08:00:00,42,val,0.201,0.20143108
Selhausen,2022-05-15 09:00:00,42,val,0.204,0.20298782
Selhausen,2022-05-15 10:00:00,42,val,0.202,0.20398323
Selhausen,2022-05-15 11:00:00,42,val,0.205,0.2051138
Selhausen,2022-05-15 12:00:00,42,val,0.208,0.20617764
Selhausen,2022-05-15 13:00:00,42,val,0.208,0.20723619
Selhausen,2022-05-15 14:00:00,42,val,0.21,0.20828183
Selhausen,2022-05-15 15:00:00,42,val,0.209,0.20942418
Selhausen,2022-05-15 16:00:00,42,val,0.208,0.20966373
Selhausen,2022-05-15 17:00:00,42,val,0.205,0.20971593
Selhausen,2022-05-15 18:00:00,42,val,0.204,0.20915078
Selhausen,2022-05-15 19:00:00,42,val,0.207,0.2083116
Selhausen,2022-05-15 20:00:00,42,val,0.205,0.20739125
Selhausen,2022-05-15 21:00:00,42,val,0.204,0.20624878
Selhausen,2022-05-15 22:00:00,42,val,0.202,0.20486832
Selhausen,2022-05-15 23:00:00,42,val,0.201,0.20413384
Selhausen,2022-05-16 00:00:00,42,val,0.201,0.2036143
Selhausen,2022-05-16 01:00:00,42,val,0.202,0.20296161
Selhausen,2022-05-16 02:00:00,42,val,0.199,0.20216712
Selhausen,2022-05-16 03:00:00,42,val,0.199,0.20121914
Selhausen,2022-05-16 04:00:00,42,val,0.2,0.20042138
Selhausen,2022-05-16 05:00:00,42,val,0.199,0.20033877
Selhausen,2022-05-16 06:00:00,42,val,0.199,0.20127478
Selhausen,2022-05-16 07:00:00,42,val,0.201,0.20208177
Selhausen,2022-05-16 08:00:00,42,val,0.2,0.20298846
Selhausen,2022-05-16 09:00:00,42,val,0.202,0.20423329
Selhausen,2022-05-16 10:00:00,42,val,0.207,0.20489676
Selhausen,2022-05-16 11:00:00,42,val,0.206,0.20546395
Selhausen,2022-05-16 12:00:00,42,val,0.208,0.20596331
Selhausen,2022-05-16 13:00:00,42,val,0.21,0.20640299
Selhausen,2022-05-16 14:00:00,42,val,0.208,0.20739217
Selhausen,2022-05-16 15:00:00,42,val,0.205,0.20846705
Selhausen,2022-05-16 16:00:00,42,val,0.207,0.20874953
Selhausen,2022-05-16 17:00:00,42,val,0.206,0.20843327
Selhausen,2022-05-16 18:00:00,42,val,0.203,0.20789905
Selhausen,2022-05-16 19:00:00,42,val,0.202,0.20718089
Selhausen,2022-05-16 20:00:00,42,val,0.202,0.2061814
Selhausen,2022-05-16 21:00:00,42,val,0.2,0.2045764
Selhausen,2022-05-16 22:00:00,42,val,0.2,0.20296001
Selhausen,2022-05-16 23:00:00,42,val,0.198,0.20108739
Selhausen,2022-05-17 00:00:00,42,val,0.199,0.19936189
Selhausen,2022-05-17 01:00:00,42,val,0.199,0.19820443
Selhausen,2022-05-17 02:00:00,42,val,0.197,0.19728942
Selhausen,2022-05-17 03:00:00,42,val,0.197,0.19654265
Selhausen,2022-05-17 04:00:00,42,val,0.195,0.19599867
Selhausen,2022-05-17 05:00:00,42,val,0.195,0.19621998
Selhausen,2022-05-17 06:00:00,42,val,0.199,0.19715321
Selhausen,2022-05-17 07:00:00,42,val,0.197,0.19865796
Selhausen,2022-05-17 08:00:00,42,val,0.198,0.19970463
Selhausen,2022-05-17 09:00:00,42,val,0.2,0.20075895
Selhausen,2022-05-17 10:00:00,42,val,0.201,0.2010859
Selhausen,2022-05-17 11:00:00,42,val,0.202,0.20150203
Selhausen,2022-05-17 12:00:00,42,val,0.202,0.20224044
Selhausen,2022-05-17 13:00:00,42,val,0.203,0.20341812
Selhausen,2022-05-17 14:00:00,42,val,0.204,0.2046194
Selhausen,2022-05-17 15:00:00,42,val,0.199,0.20561281
Selhausen,2022-05-17 16:00:00,42,val,0.206,0.20617735
Selhausen,2022-05-17 17:00:00,42,val,0.207,0.20598976
Selhausen,2022-05-17 18:00:00,42,val,0.207,0.20546728
Selhausen,2022-05-17 19:00:00,42,val,0.208,0.20554598
Selhausen,2022-05-17 20:00:00,42,val,0.206,0.20530324
Selhausen,2022-05-17 21:00:00,42,val,0.205,0.2051407
Selhausen,2022-05-17 22:00:00,42,val,0.205,0.20502561
Selhausen,2022-05-17 23:00:00,42,val,0.204,0.20460814
Selhausen,2022-05-18 00:00:00,42,val,0.204,0.20397784
Selhausen,2022-05-18 01:00:00,42,val,0.205,0.20334369
Selhausen,2022-05-18 02:00:00,42,val,0.203,0.20223765
Selhausen,2022-05-18 03:00:00,42,val,0.203,0.20134678
Selhausen,2022-05-18 04:00:00,42,val,0.2,0.20061575
Selhausen,2022-05-18 05:00:00,42,val,0.2,0.20026799
Selhausen,2022-05-18 06:00:00,42,val,0.203,0.20035045
Selhausen,2022-05-18 07:00:00,42,val,0.206,0.20080644
Selhausen,2022-05-18 08:00:00,42,val,0.204,0.20097706
Selhausen,2022-05-18 09:00:00,42,val,0.206,0.20105293
Selhausen,2022-05-18 10:00:00,42,val,0.209,0.20174262
Selhausen,2022-05-18 11:00:00,42,val,0.209,0.20265442
Selhausen,2022-05-18 12:00:00,42,val,0.209,0.20393434
Selhausen,2022-05-18 13:00:00,42,val,0.209,0.20543681
Selhausen,2022-05-18 14:00:00,42,val,0.2185,0.2064751
Selhausen,2022-05-18 15:00:00,42,val,0.207,0.20652735
Selhausen,2022-05-18 16:00:00,42,val,0.207,0.20646535
Selhausen,2022-05-18 17:00:00,42,val,0.205,0.2062993
Selhausen,2022-05-18 18:00:00,42,val,0.2299999999999999,0.20567824
Selhausen,2022-05-18 19:00:00,42,val,0.203,0.20484199
Selhausen,2022-05-18 20:00:00,42,val,0.204,0.2042518
Selhausen,2022-05-18 21:00:00,42,val,0.203,0.20361353
Selhausen,2022-05-18 22:00:00,42,val,0.205,0.20315373
Selhausen,2022-05-18 23:00:00,42,val,0.207,0.2024658
Selhausen,2022-05-19 00:00:00,42,val,0.202,0.20191367
Selhausen,2022-05-19 01:00:00,42,val,0.204,0.20165478
Selhausen,2022-05-19 02:00:00,42,val,0.203,0.20110688
Selhausen,2022-05-19 03:00:00,42,val,0.206,0.20069823
Selhausen,2022-05-19 04:00:00,42,val,0.201,0.20006002
Selhausen,2022-05-19 05:00:00,42,val,0.204,0.19962433
Selhausen,2022-05-19 06:00:00,42,val,0.204,0.1999231
Selhausen,2022-05-19 07:00:00,42,val,0.208,0.20017633
Selhausen,2022-05-19 08:00:00,42,val,0.206,0.20028988
Selhausen,2022-05-19 09:00:00,42,val,0.208,0.20055123
Selhausen,2022-05-19 10:00:00,42,val,0.209,0.20090726
Selhausen,2022-05-19 11:00:00,42,val,0.209,0.20118293
Selhausen,2022-05-19 12:00:00,42,val,0.21,0.2010037
Selhausen,2022-05-19 13:00:00,42,val,0.21,0.20320216
Selhausen,2022-05-19 14:00:00,42,val,0.2314999999999999,0.21725985
Selhausen,2022-05-19 15:00:00,42,val,0.224,0.221315
Selhausen,2022-05-19 16:00:00,42,val,0.2309999999999999,0.22056982
Selhausen,2022-05-19 17:00:00,42,val,0.211,0.217295
Selhausen,2022-05-19 18:00:00,42,val,0.209,0.21363916
Selhausen,2022-05-19 19:00:00,42,val,0.209,0.21068743
Selhausen,2022-05-19 20:00:00,42,val,0.207,0.20834835
Selhausen,2022-05-19 21:00:00,42,val,0.208,0.20647317
Selhausen,2022-05-19 22:00:00,42,val,0.205,0.20526172
Selhausen,2022-05-19 23:00:00,42,val,0.206,0.20472348
Selhausen,2022-05-20 00:00:00,42,val,0.204,0.2043383
Selhausen,2022-05-20 01:00:00,42,val,0.206,0.20420381
Selhausen,2022-05-20 02:00:00,42,val,0.203,0.20370339
Selhausen,2022-05-20 03:00:00,42,val,0.205,0.20305964
Selhausen,2022-05-20 04:00:00,42,val,0.204,0.2022649
Selhausen,2022-05-20 05:00:00,42,val,0.201,0.20146425
Selhausen,2022-05-20 06:00:00,42,val,0.205,0.20150691
Selhausen,2022-05-20 07:00:00,42,val,0.203,0.20240287
Selhausen,2022-05-20 08:00:00,42,val,0.206,0.20325819
Selhausen,2022-05-20 09:00:00,42,val,0.208,0.2043014
Selhausen,2022-05-20 10:00:00,42,val,0.211,0.20560941
Selhausen,2022-05-20 11:00:00,42,val,0.213,0.20675564
Selhausen,2022-05-20 12:00:00,42,val,0.214,0.20946999
Selhausen,2022-05-20 13:00:00,42,val,0.217,0.21041515
Selhausen,2022-05-20 14:00:00,42,val,0.22,0.21181652
Selhausen,2022-05-20 15:00:00,42,val,0.217,0.21206418
Selhausen,2022-05-20 16:00:00,42,val,0.213,0.21495393
Selhausen,2022-05-20 17:00:00,42,val,0.21,0.2148465
Selhausen,2022-05-20 18:00:00,42,val,0.213,0.21669059
Selhausen,2022-05-20 19:00:00,42,val,0.208,0.21490383
Selhausen,2022-05-20 20:00:00,42,val,0.209,0.21177995
Selhausen,2022-05-20 21:00:00,42,val,0.211,0.2083734
Selhausen,2022-05-20 22:00:00,42,val,0.209,0.20578201
Selhausen,2022-05-20 23:00:00,42,val,0.204,0.2043119
Selhausen,2022-05-21 00:00:00,42,val,0.207,0.20279889
Selhausen,2022-05-21 01:00:00,42,val,0.205,0.20161456
Selhausen,2022-05-21 02:00:00,42,val,0.206,0.20080675
Selhausen,2022-05-21 03:00:00,42,val,0.203,0.20066117
Selhausen,2022-05-21 04:00:00,42,val,0.203,0.20012972
Selhausen,2022-05-21 05:00:00,42,val,0.203,0.20003788
Selhausen,2022-05-21 06:00:00,42,val,0.202,0.20027822
Selhausen,2022-05-21 07:00:00,42,val,0.205,0.20140287
Selhausen,2022-05-21 08:00:00,42,val,0.205,0.20287737
Selhausen,2022-05-21 09:00:00,42,val,0.201,0.20456484
Selhausen,2022-05-21 10:00:00,42,val,0.206,0.2060484
Selhausen,2022-05-21 11:00:00,42,val,0.21,0.2076561
Selhausen,2022-05-21 12:00:00,42,val,0.212,0.2089501
Selhausen,2022-05-21 13:00:00,42,val,0.21,0.2095982
Selhausen,2022-05-21 14:00:00,42,val,0.205,0.21318752
Selhausen,2022-05-21 15:00:00,42,val,0.205,0.21628311
Selhausen,2022-05-21 16:00:00,42,val,0.206,0.21935993
Selhausen,2022-05-21 17:00:00,42,val,0.202,0.2188991
Selhausen,2022-05-21 18:00:00,42,val,0.201,0.21655351
Selhausen,2022-05-21 19:00:00,42,val,0.204,0.21350887
Selhausen,2022-05-21 20:00:00,42,val,0.206,0.21058764
Selhausen,2022-05-21 21:00:00,42,val,0.209,0.20844936
Selhausen,2022-05-21 22:00:00,42,val,0.211,0.20642371
Selhausen,2022-05-21 23:00:00,42,val,0.213,0.20472752
Selhausen,2022-05-22 00:00:00,42,val,0.212,0.20316784
Selhausen,2022-05-22 01:00:00,42,val,0.214,0.20188963
Selhausen,2022-05-22 02:00:00,42,val,0.215,0.20043308
Selhausen,2022-05-22 03:00:00,42,val,0.208,0.19928263
Selhausen,2022-05-22 04:00:00,42,val,0.21,0.19830479
Selhausen,2022-05-22 05:00:00,42,val,0.21,0.19769558
Selhausen,2022-05-22 06:00:00,42,val,0.213,0.19841407
Selhausen,2022-05-22 07:00:00,42,val,0.209,0.19946624
Selhausen,2022-05-22 08:00:00,42,val,0.215,0.20106564
Selhausen,2022-05-22 09:00:00,42,val,0.217,0.20276609
Selhausen,2022-05-22 10:00:00,42,val,0.217,0.20484167
Selhausen,2022-05-22 11:00:00,42,val,0.213,0.20691845
Selhausen,2022-05-22 12:00:00,42,val,0.216,0.2087099
Selhausen,2022-05-22 13:00:00,42,val,0.215,0.21032983
Selhausen,2022-05-22 14:00:00,42,val,0.218,0.21212757
Selhausen,2022-05-22 15:00:00,42,val,0.216,0.21297105
Selhausen,2022-05-22 16:00:00,42,val,0.217,0.21271113
Selhausen,2022-05-22 17:00:00,42,val,0.214,0.21149617
Selhausen,2022-06-11 01:00:00,42,val,0.214,0.24080838
Selhausen,2022-06-11 02:00:00,42,val,0.215,0.24170725
Selhausen,2022-06-11 03:00:00,42,val,0.211,0.24151751
Selhausen,2022-06-11 04:00:00,42,val,0.211,0.24120785
Selhausen,2022-06-11 05:00:00,42,val,0.214,0.24053633
Selhausen,2022-06-11 06:00:00,42,val,0.213,0.24021132
Selhausen,2022-06-11 07:00:00,42,val,0.211,0.2403802
Selhausen,2022-06-11 08:00:00,42,val,0.213,0.24101913
Selhausen,2022-06-11 09:00:00,42,val,0.217,0.24105398
Selhausen,2022-06-11 10:00:00,42,val,0.216,0.24116752
Selhausen,2022-06-11 11:00:00,42,val,0.217,0.24043049
Selhausen,2022-06-11 12:00:00,42,val,0.217,0.24005952
Selhausen,2022-06-11 13:00:00,42,val,0.214,0.23941794
Selhausen,2022-06-11 14:00:00,42,val,0.214,0.2382037
Selhausen,2022-06-11 15:00:00,42,val,0.214,0.23617226
Selhausen,2022-06-11 16:00:00,42,val,0.212,0.23385073
Selhausen,2022-06-11 17:00:00,42,val,0.211,0.2320449
Selhausen,2022-06-11 18:00:00,42,val,0.211,0.23091143
Selhausen,2022-06-11 19:00:00,42,val,0.211,0.22989123
Selhausen,2022-06-11 20:00:00,42,val,0.208,0.22971693
Selhausen,2022-06-11 21:00:00,42,val,0.208,0.22966391
Selhausen,2022-06-11 22:00:00,42,val,0.209,0.22982375
Selhausen,2022-06-11 23:00:00,42,val,0.208,0.23005249
Selhausen,2022-06-12 00:00:00,42,val,0.209,0.22969908
Selhausen,2022-06-12 01:00:00,42,val,0.204,0.22890376
Selhausen,2022-06-12 02:00:00,42,val,0.206,0.22795884
Selhausen,2022-06-12 03:00:00,42,val,0.204,0.22616738
Selhausen,2022-06-12 04:00:00,42,val,0.204,0.22546439
Selhausen,2022-06-12 05:00:00,42,val,0.204,0.2249145
Selhausen,2022-06-12 06:00:00,42,val,0.203,0.22530441
Selhausen,2022-06-12 07:00:00,42,val,0.204,0.2255657
Selhausen,2022-06-12 08:00:00,42,val,0.203,0.22581542
Selhausen,2022-06-12 09:00:00,42,val,0.204,0.22598363
Selhausen,2022-06-12 10:00:00,42,val,0.208,0.24187973
Selhausen,2022-06-12 11:00:00,42,val,0.208,0.24408567
Selhausen,2022-06-12 12:00:00,42,val,0.208,0.24019921
Selhausen,2022-06-12 13:00:00,42,val,0.207,0.23452234
Selhausen,2022-06-12 14:00:00,42,val,0.211,0.22838017
Selhausen,2022-06-12 15:00:00,42,val,0.205,0.22375971
Selhausen,2022-06-12 16:00:00,42,val,0.206,0.21948156
Selhausen,2022-06-12 17:00:00,42,val,0.205,0.21811008
Selhausen,2022-06-12 18:00:00,42,val,0.204,0.21702978
Selhausen,2022-06-12 19:00:00,42,val,0.204,0.21629114
Selhausen,2022-06-12 20:00:00,42,val,0.199,0.21568479
Selhausen,2022-06-12 21:00:00,42,val,0.2,0.21497935
Selhausen,2022-06-12 22:00:00,42,val,0.196,0.21435665
Selhausen,2022-06-12 23:00:00,42,val,0.196,0.21388865
Selhausen,2022-06-13 00:00:00,42,val,0.198,0.21320486
Selhausen,2022-06-13 01:00:00,42,val,0.195,0.21156824
Selhausen,2022-06-13 02:00:00,42,val,0.198,0.20992851
Selhausen,2022-06-13 03:00:00,42,val,0.195,0.20807418
Selhausen,2022-06-13 04:00:00,42,val,0.196,0.20640863
Selhausen,2022-06-13 05:00:00,42,val,0.195,0.20632097
Selhausen,2022-06-13 06:00:00,42,val,0.196,0.20712836
Selhausen,2022-06-13 07:00:00,42,val,0.189,0.20775555
Selhausen,2022-06-13 08:00:00,42,val,0.192,0.2085696
Selhausen,2022-06-13 09:00:00,42,val,0.196,0.21005999
Selhausen,2022-06-13 10:00:00,42,val,0.201,0.21156004
Selhausen,2022-06-13 11:00:00,42,val,0.201,0.2126422
Selhausen,2022-06-13 12:00:00,42,val,0.199,0.2134348
Selhausen,2022-06-13 13:00:00,42,val,0.199,0.21334986
Selhausen,2022-06-13 14:00:00,42,val,0.194,0.21298479
Selhausen,2022-06-13 15:00:00,42,val,0.199,0.2125852
Selhausen,2022-06-13 16:00:00,42,val,0.196,0.21195032
Selhausen,2022-06-13 17:00:00,42,val,0.191,0.21129437
Selhausen,2022-06-13 18:00:00,42,val,0.192,0.21074758
Selhausen,2022-06-13 19:00:00,42,val,0.191,0.21035087
Selhausen,2022-06-13 20:00:00,42,val,0.19,0.20925312
Selhausen,2022-06-13 21:00:00,42,val,0.186,0.20794773
Selhausen,2022-06-13 22:00:00,42,val,0.188,0.20661221
Selhausen,2022-06-13 23:00:00,42,val,0.185,0.20537952
Selhausen,2022-06-14 00:00:00,42,val,0.187,0.20447345
Selhausen,2022-06-14 01:00:00,42,val,0.185,0.20277919
Selhausen,2022-06-14 02:00:00,42,val,0.188,0.20127279
Selhausen,2022-06-14 03:00:00,42,val,0.185,0.1995956
Selhausen,2022-06-14 04:00:00,42,val,0.182,0.19845612
Selhausen,2022-06-14 05:00:00,42,val,0.184,0.19840908
Selhausen,2022-06-14 06:00:00,42,val,0.182,0.19920966
Selhausen,2022-06-14 07:00:00,42,val,0.185,0.20060393
Selhausen,2022-06-14 08:00:00,42,val,0.184,0.20170446
Selhausen,2022-06-14 09:00:00,42,val,0.187,0.20249796
Selhausen,2022-06-14 10:00:00,42,val,0.19,0.20368628
Selhausen,2022-06-14 11:00:00,42,val,0.186,0.20469815
Selhausen,2022-06-14 12:00:00,42,val,0.19,0.20539331
Selhausen,2022-06-14 13:00:00,42,val,0.188,0.20548183
Selhausen,2022-06-14 14:00:00,42,val,0.189,0.20608318
Selhausen,2022-06-14 15:00:00,42,val,0.188,0.20588908
Selhausen,2022-06-14 16:00:00,42,val,0.187,0.20543137
Selhausen,2022-06-14 17:00:00,42,val,0.186,0.20488338
Selhausen,2022-06-14 18:00:00,42,val,0.183,0.20437899
Selhausen,2022-06-14 19:00:00,42,val,0.183,0.20398052
Selhausen,2022-06-14 20:00:00,42,val,0.183,0.20288256
Selhausen,2022-06-14 21:00:00,42,val,0.177,0.20165953
Selhausen,2022-06-14 22:00:00,42,val,0.179,0.19984291
Selhausen,2022-06-14 23:00:00,42,val,0.179,0.19808307
Selhausen,2022-06-15 00:00:00,42,val,0.175,0.19698592
Selhausen,2022-06-15 01:00:00,42,val,0.175,0.19561493
Selhausen,2022-06-15 02:00:00,42,val,0.177,0.19463193
Selhausen,2022-06-15 03:00:00,42,val,0.174,0.19343531
Selhausen,2022-06-15 04:00:00,42,val,0.179,0.19285786
Selhausen,2022-06-15 05:00:00,42,val,0.174,0.19286066
Selhausen,2022-06-15 06:00:00,42,val,0.174,0.19418672
Selhausen,2022-06-15 07:00:00,42,val,0.174,0.19468725
Selhausen,2022-06-15 08:00:00,42,val,0.181,0.19457546
Selhausen,2022-06-15 09:00:00,42,val,0.179,0.19471502
Selhausen,2022-06-15 10:00:00,42,val,0.182,0.1956676
Selhausen,2022-06-15 11:00:00,42,val,0.182,0.1966897
Selhausen,2022-06-15 12:00:00,42,val,0.18,0.19735731
Selhausen,2022-06-15 13:00:00,42,val,0.187,0.19782344
Selhausen,2022-06-15 14:00:00,42,val,0.182,0.19734529
Selhausen,2022-06-15 15:00:00,42,val,0.186,0.19729939
Selhausen,2022-06-15 16:00:00,42,val,0.179,0.19723181
Selhausen,2022-06-15 17:00:00,42,val,0.182,0.19651876
Selhausen,2022-06-15 18:00:00,42,val,0.178,0.19588637
Selhausen,2022-06-15 19:00:00,42,val,0.176,0.19503625
Selhausen,2022-06-15 20:00:00,42,val,0.176,0.19429633
Selhausen,2022-06-15 21:00:00,42,val,0.175,0.19344741
Selhausen,2022-06-15 22:00:00,42,val,0.172,0.19314611
Selhausen,2022-06-15 23:00:00,42,val,0.174,0.1920662
Selhausen,2022-06-16 00:00:00,42,val,0.168,0.19165662
Selhausen,2022-06-16 01:00:00,42,val,0.171,0.19128591
Selhausen,2022-06-16 02:00:00,42,val,0.169,0.19137244
Selhausen,2022-06-16 03:00:00,42,val,0.167,0.19062215
Selhausen,2022-06-16 04:00:00,42,val,0.172,0.18894416
Selhausen,2022-06-16 05:00:00,42,val,0.169,0.18799785
Selhausen,2022-06-16 06:00:00,42,val,0.17,0.18770666
Selhausen,2022-06-16 07:00:00,42,val,0.17,0.1882344
Selhausen,2022-06-16 08:00:00,42,val,0.171,0.18883887
Selhausen,2022-06-16 09:00:00,42,val,0.173,0.18984067
Selhausen,2022-06-16 10:00:00,42,val,0.174,0.19124071
Selhausen,2022-06-16 11:00:00,42,val,0.174,0.19201466
Selhausen,2022-06-16 12:00:00,42,val,0.181,0.19308542
Selhausen,2022-06-16 13:00:00,42,val,0.179,0.19364092
Selhausen,2022-06-16 14:00:00,42,val,0.176,0.19388472
Selhausen,2022-06-16 15:00:00,42,val,0.178,0.19379675
Selhausen,2022-06-16 16:00:00,42,val,0.173,0.19338268
Selhausen,2022-06-16 17:00:00,42,val,0.178,0.19273263
Selhausen,2022-06-16 18:00:00,42,val,0.178,0.19167088
Selhausen,2022-06-16 19:00:00,42,val,0.169,0.19069354
Selhausen,2022-06-16 20:00:00,42,val,0.17,0.18978134
Selhausen,2022-06-16 21:00:00,42,val,0.171,0.18842255
Selhausen,2022-06-16 22:00:00,42,val,0.165,0.18724898
Selhausen,2022-06-16 23:00:00,42,val,0.165,0.18587184
Selhausen,2022-06-17 00:00:00,42,val,0.167,0.18390147
Selhausen,2022-06-17 01:00:00,42,val,0.164,0.18201333
Selhausen,2022-06-17 02:00:00,42,val,0.163,0.18072563
Selhausen,2022-06-17 03:00:00,42,val,0.162,0.1792971
Selhausen,2022-06-17 04:00:00,42,val,0.162,0.17883857
Selhausen,2022-06-17 05:00:00,42,val,0.16,0.17932993
Selhausen,2022-06-17 06:00:00,42,val,0.161,0.17995366
Selhausen,2022-06-17 07:00:00,42,val,0.164,0.18057686
Selhausen,2022-06-17 08:00:00,42,val,0.162,0.18209834
Selhausen,2022-06-17 09:00:00,42,val,0.163,0.18327597
Selhausen,2022-06-17 10:00:00,42,val,0.163,0.1846575
Selhausen,2022-06-17 11:00:00,42,val,0.166,0.1854637
Selhausen,2022-06-17 12:00:00,42,val,0.162,0.18568109
Selhausen,2022-06-17 13:00:00,42,val,0.168,0.18655726
Selhausen,2022-06-17 14:00:00,42,val,0.17,0.18703023
Selhausen,2022-06-17 15:00:00,42,val,0.166,0.18791331
Selhausen,2022-06-17 16:00:00,42,val,0.167,0.18779528
Selhausen,2022-06-17 17:00:00,42,val,0.166,0.18794447
Selhausen,2022-06-17 18:00:00,42,val,0.162,0.18763074
Selhausen,2022-06-17 19:00:00,42,val,0.162,0.18701324
Selhausen,2022-06-17 20:00:00,42,val,0.161,0.18593465
Selhausen,2022-06-17 21:00:00,42,val,0.162,0.18519375
Selhausen,2022-06-17 22:00:00,42,val,0.161,0.1842359
Selhausen,2022-06-17 23:00:00,42,val,0.157,0.18374233
Selhausen,2022-06-18 00:00:00,42,val,0.159,0.18253219
Selhausen,2022-06-18 01:00:00,42,val,0.157,0.18171823
Selhausen,2022-06-18 02:00:00,42,val,0.155,0.18129672
Selhausen,2022-06-18 03:00:00,42,val,0.161,0.18190876
Selhausen,2022-06-18 04:00:00,42,val,0.158,0.18315943
Selhausen,2022-06-18 05:00:00,42,val,0.159,0.18377964
Selhausen,2022-06-18 06:00:00,42,val,0.155,0.18421336
Selhausen,2022-06-18 07:00:00,42,val,0.155,0.1842078
Selhausen,2022-06-18 08:00:00,42,val,0.165,0.18376276
Selhausen,2022-06-18 09:00:00,42,val,0.171,0.18333894
Selhausen,2022-06-18 10:00:00,42,val,0.173,0.1829587
Selhausen,2022-06-18 11:00:00,42,val,0.174,0.18269196
Selhausen,2022-06-18 12:00:00,42,val,0.181,0.1838592
Selhausen,2022-06-18 13:00:00,42,val,0.186,0.1850754
Selhausen,2022-06-18 14:00:00,42,val,0.188,0.18585315
Selhausen,2022-06-18 15:00:00,42,val,0.181,0.18650173
Selhausen,2022-06-18 16:00:00,42,val,0.199,0.18634962
Selhausen,2022-06-18 17:00:00,42,val,0.196,0.18663341
Selhausen,2022-06-18 18:00:00,42,val,0.183,0.18705654
Selhausen,2022-06-18 19:00:00,42,val,0.19,0.1861541
Selhausen,2022-06-18 20:00:00,42,val,0.188,0.18500446
Selhausen,2022-06-18 21:00:00,42,val,0.189,0.18420833
Selhausen,2022-06-18 22:00:00,42,val,0.181,0.18270677
Selhausen,2022-06-18 23:00:00,42,val,0.18,0.18122405
Selhausen,2022-06-19 00:00:00,42,val,0.186,0.18040225
Selhausen,2022-06-19 01:00:00,42,val,0.181,0.1795702
Selhausen,2022-06-19 02:00:00,42,val,0.182,0.17868692
Selhausen,2022-06-19 03:00:00,42,val,0.182,0.17763993
Selhausen,2022-06-19 04:00:00,42,val,0.183,0.17629224
Selhausen,2022-06-19 05:00:00,42,val,0.183,0.1747796
Selhausen,2022-06-19 06:00:00,42,val,0.184,0.17376804
Selhausen,2022-06-19 07:00:00,42,val,0.1845,0.17399445
Selhausen,2022-06-19 08:00:00,42,val,0.182,0.1745298
Selhausen,2022-06-19 09:00:00,42,val,0.181,0.17537613
Selhausen,2022-06-19 10:00:00,42,val,0.192,0.17624396
Selhausen,2022-06-19 11:00:00,42,val,0.1905,0.17738616
Selhausen,2022-06-19 12:00:00,42,val,0.186,0.17774335
Selhausen,2022-06-19 13:00:00,42,val,0.1835,0.17863719
Selhausen,2022-06-19 14:00:00,42,val,0.188,0.17999873
Selhausen,2022-06-19 15:00:00,42,val,0.1865,0.18046385
Selhausen,2022-06-19 16:00:00,42,val,0.187,0.18058427
Selhausen,2022-06-19 17:00:00,42,val,0.182,0.18021601
Selhausen,2022-06-19 18:00:00,42,val,0.183,0.1790613
Selhausen,2022-06-19 19:00:00,42,val,0.188,0.17749682
Selhausen,2022-06-19 20:00:00,42,val,0.186,0.17599998
Selhausen,2022-06-19 21:00:00,42,val,0.183,0.17486808
Selhausen,2022-06-19 22:00:00,42,val,0.177,0.17394769
Selhausen,2022-06-19 23:00:00,42,val,0.182,0.17253572
Selhausen,2022-06-20 00:00:00,42,val,0.176,0.17135753
Selhausen,2022-06-20 01:00:00,42,val,0.1765,0.17069986
Selhausen,2022-06-20 02:00:00,42,val,0.18,0.17983936
Selhausen,2022-06-20 03:00:00,42,val,0.178,0.18209252
Selhausen,2022-06-20 04:00:00,42,val,0.179,0.17931607
Selhausen,2022-06-20 05:00:00,42,val,0.176,0.17601018
Selhausen,2022-06-20 06:00:00,42,val,0.177,0.17166926
Selhausen,2022-06-20 07:00:00,42,val,0.179,0.17112003
Selhausen,2022-06-20 08:00:00,42,val,0.175,0.17496473
Selhausen,2022-06-20 09:00:00,42,val,0.178,0.17689994
Selhausen,2022-06-20 10:00:00,42,val,0.181,0.17854795
Selhausen,2022-06-20 11:00:00,42,val,0.185,0.180742
Selhausen,2022-06-20 12:00:00,42,val,0.183,0.18380252
Selhausen,2022-06-20 13:00:00,42,val,0.185,0.18693745
Selhausen,2022-06-20 14:00:00,42,val,0.182,0.1903045
Selhausen,2022-06-20 15:00:00,42,val,0.181,0.19194096
Selhausen,2022-06-20 16:00:00,42,val,0.186,0.19514848
Selhausen,2022-06-20 17:00:00,42,val,0.175,0.1982099
Selhausen,2022-06-20 18:00:00,42,val,0.178,0.19854204
Selhausen,2022-06-20 19:00:00,42,val,0.173,0.19869617
Selhausen,2022-06-20 20:00:00,42,val,0.18,0.19777983
Selhausen,2022-06-20 21:00:00,42,val,0.174,0.19636545
Selhausen,2022-06-20 22:00:00,42,val,0.171,0.19376673
Selhausen,2022-06-20 23:00:00,42,val,0.174,0.19110861
Selhausen,2022-06-21 00:00:00,42,val,0.177,0.18924503
Selhausen,2022-06-21 01:00:00,42,val,0.173,0.187464
Selhausen,2022-06-21 02:00:00,42,val,0.172,0.18591833
Selhausen,2022-06-21 03:00:00,42,val,0.166,0.18465379
Selhausen,2022-06-21 04:00:00,42,val,0.172,0.18382889
Selhausen,2022-06-21 05:00:00,42,val,0.168,0.18413855
Selhausen,2022-06-21 06:00:00,42,val,0.169,0.18534076
Selhausen,2022-06-21 07:00:00,42,val,0.176,0.18697038
Selhausen,2022-06-21 08:00:00,42,val,0.172,0.18808043
Selhausen,2022-06-21 09:00:00,42,val,0.169,0.18872575
Selhausen,2022-06-21 10:00:00,42,val,0.171,0.19065219
Selhausen,2022-06-21 11:00:00,42,val,0.171,0.19266135
Selhausen,2022-06-21 12:00:00,42,val,0.178,0.19323458
Selhausen,2022-06-21 13:00:00,42,val,0.171,0.19300608
Selhausen,2022-06-21 14:00:00,42,val,0.171,0.19258499
Selhausen,2022-06-28 15:00:00,42,val,0.178,0.18625915
Selhausen,2022-06-28 16:00:00,42,val,0.175,0.18686026
Selhausen,2022-06-28 17:00:00,42,val,0.177,0.18751092
Selhausen,2022-06-28 18:00:00,42,val,0.166,0.18740787
Selhausen,2022-06-28 19:00:00,42,val,0.173,0.18597463
Selhausen,2022-06-28 20:00:00,42,val,0.203,0.18472879
Selhausen,2022-06-28 21:00:00,42,val,0.201,0.18343648
Selhausen,2022-06-28 22:00:00,42,val,0.1845,0.18118179
Selhausen,2022-06-28 23:00:00,42,val,0.217,0.1798557
Selhausen,2022-06-29 00:00:00,42,val,0.197,0.17877032
Selhausen,2022-06-29 01:00:00,42,val,0.204,0.17754765
Selhausen,2022-06-29 02:00:00,42,val,0.191,0.17611168
Selhausen,2022-06-29 03:00:00,42,val,0.198,0.17561752
Selhausen,2022-06-29 04:00:00,42,val,0.197,0.17554486
Selhausen,2022-06-29 05:00:00,42,val,0.199,0.17616901
Selhausen,2022-06-29 06:00:00,42,val,0.197,0.176699
Selhausen,2022-06-29 07:00:00,42,val,0.192,0.17705128
Selhausen,2022-06-29 08:00:00,42,val,0.192,0.17661864
Selhausen,2022-06-29 09:00:00,42,val,0.201,0.17742206
Selhausen,2022-06-29 10:00:00,42,val,0.191,0.17751086
Selhausen,2022-06-29 11:00:00,42,val,0.197,0.17928046
Selhausen,2022-06-29 12:00:00,42,val,0.197,0.18043748
Selhausen,2022-06-29 13:00:00,42,val,0.201,0.18144172
Selhausen,2022-06-29 14:00:00,42,val,0.195,0.1809957
Selhausen,2022-06-29 15:00:00,42,val,0.2,0.18111822
Selhausen,2022-06-29 16:00:00,42,val,0.201,0.18275794
Selhausen,2022-06-29 17:00:00,42,val,0.198,0.18395674
Selhausen,2022-06-29 18:00:00,42,val,0.191,0.1837561
Selhausen,2022-06-29 19:00:00,42,val,0.19,0.18350735
Selhausen,2022-06-29 20:00:00,42,val,0.1985,0.18344384
Selhausen,2022-06-29 21:00:00,42,val,0.194,0.18352275
Selhausen,2022-06-29 22:00:00,42,val,0.191,0.18181255
Selhausen,2022-06-29 23:00:00,42,val,0.192,0.18088134
Selhausen,2022-06-30 00:00:00,42,val,0.19,0.179133
Selhausen,2022-06-30 01:00:00,42,val,0.193,0.17789626
Selhausen,2022-06-30 02:00:00,42,val,0.192,0.17747365
Selhausen,2022-06-30 03:00:00,42,val,0.187,0.1756955
Selhausen,2022-06-30 04:00:00,42,val,0.19,0.17513564
Selhausen,2022-06-30 05:00:00,42,val,0.19,0.17542987
Selhausen,2022-06-30 06:00:00,42,val,0.189,0.17560683
Selhausen,2022-06-30 07:00:00,42,val,0.188,0.17640337
Selhausen,2022-06-30 08:00:00,42,val,0.19,0.17693001
Selhausen,2022-06-30 09:00:00,42,val,0.186,0.17707
Selhausen,2022-06-30 10:00:00,42,val,0.186,0.17736335
Selhausen,2022-06-30 11:00:00,42,val,0.19,0.17736575
Selhausen,2022-06-30 12:00:00,42,val,0.191,0.17830993
Selhausen,2022-06-30 13:00:00,42,val,0.188,0.18083383
Selhausen,2022-06-30 14:00:00,42,val,0.191,0.18205851
Selhausen,2022-06-30 15:00:00,42,val,0.189,0.1837928
Selhausen,2022-06-30 16:00:00,42,val,0.184,0.18809646
Selhausen,2022-06-30 17:00:00,42,val,0.185,0.19729541
Selhausen,2022-06-30 18:00:00,42,val,0.188,0.19700211
Selhausen,2022-06-30 19:00:00,42,val,0.182,0.20636547
Selhausen,2022-06-30 20:00:00,42,val,0.181,0.2094339
Selhausen,2022-06-30 21:00:00,42,val,0.181,0.20983173
Selhausen,2022-06-30 22:00:00,42,val,0.183,0.20689496
Selhausen,2022-06-30 23:00:00,42,val,0.181,0.20720084
Selhausen,2022-07-01 00:00:00,42,val,0.18,0.2059016
Selhausen,2022-07-01 01:00:00,42,val,0.178,0.20477398
Selhausen,2022-07-01 02:00:00,42,val,0.177,0.2022373
Selhausen,2022-07-01 03:00:00,42,val,0.178,0.20007262
Selhausen,2022-07-01 04:00:00,42,val,0.175,0.1982848
Selhausen,2022-07-01 05:00:00,42,val,0.179,0.19783027
Selhausen,2022-07-01 06:00:00,42,val,0.178,0.19789106
Selhausen,2022-07-01 07:00:00,42,val,0.175,0.19751991
Selhausen,2022-07-01 08:00:00,42,val,0.177,0.19696857
Selhausen,2022-07-01 09:00:00,42,val,0.175,0.19800675
Selhausen,2022-07-01 10:00:00,42,val,0.178,0.19795871
Selhausen,2022-07-01 11:00:00,42,val,0.179,0.19868343
Selhausen,2022-07-01 12:00:00,42,val,0.177,0.19929168
Selhausen,2022-07-01 13:00:00,42,val,0.178,0.20044108
Selhausen,2022-07-01 14:00:00,42,val,0.179,0.2007406
Selhausen,2022-07-01 15:00:00,42,val,0.182,0.20134926
Selhausen,2022-07-01 16:00:00,42,val,0.178,0.20232467
Selhausen,2022-07-01 17:00:00,42,val,0.175,0.2026215
Selhausen,2022-07-01 18:00:00,42,val,0.175,0.20144355
Selhausen,2022-07-01 19:00:00,42,val,0.179,0.19940135
Selhausen,2022-07-01 20:00:00,42,val,0.17,0.1983946
Selhausen,2022-07-01 21:00:00,42,val,0.176,0.19747604
Selhausen,2022-07-01 22:00:00,42,val,0.17,0.1962101
Selhausen,2022-07-01 23:00:00,42,val,0.174,0.19509152
Selhausen,2022-07-02 00:00:00,42,val,0.166,0.19371521
Selhausen,2022-07-02 01:00:00,42,val,0.165,0.19283023
Selhausen,2022-07-02 02:00:00,42,val,0.166,0.19213635
Selhausen,2022-07-02 03:00:00,42,val,0.166,0.1910014
Selhausen,2022-07-02 04:00:00,42,val,0.165,0.19034441
Selhausen,2022-07-02 05:00:00,42,val,0.165,0.19072656
Selhausen,2022-07-02 06:00:00,42,val,0.166,0.19155885
Selhausen,2022-07-02 07:00:00,42,val,0.17,0.19227117
Selhausen,2022-07-02 08:00:00,42,val,0.167,0.19265051
Selhausen,2022-07-02 09:00:00,42,val,0.168,0.19215862
Selhausen,2022-07-02 10:00:00,42,val,0.172,0.1913394
Selhausen,2022-07-02 11:00:00,42,val,0.175,0.19124596
Selhausen,2022-07-02 12:00:00,42,val,0.177,0.19150726
Selhausen,2022-07-02 13:00:00,42,val,0.174,0.19137046
Selhausen,2022-07-02 14:00:00,42,val,0.171,0.19144395
Selhausen,2022-07-02 15:00:00,42,val,0.174,0.19167934
Selhausen,2022-07-02 16:00:00,42,val,0.172,0.1909831
Selhausen,2022-07-02 17:00:00,42,val,0.176,0.19018097
Selhausen,2022-07-02 18:00:00,42,val,0.172,0.19012679
Selhausen,2022-07-02 19:00:00,42,val,0.17,0.18935266
Selhausen,2022-07-02 20:00:00,42,val,0.171,0.18806702
Selhausen,2022-07-02 21:00:00,42,val,0.168,0.18670131
Selhausen,2022-07-02 22:00:00,42,val,0.167,0.1859691
Selhausen,2022-07-02 23:00:00,42,val,0.166,0.18549305
Selhausen,2022-07-03 00:00:00,42,val,0.165,0.18504733
Selhausen,2022-07-03 01:00:00,42,val,0.165,0.18449987
Selhausen,2022-07-03 02:00:00,42,val,0.166,0.18353604
Selhausen,2022-07-03 03:00:00,42,val,0.161,0.18278436
Selhausen,2022-07-03 04:00:00,42,val,0.164,0.18181378
Selhausen,2022-07-03 05:00:00,42,val,0.16,0.18192436
Selhausen,2022-07-03 06:00:00,42,val,0.162,0.18270965
Selhausen,2022-07-03 07:00:00,42,val,0.162,0.18315195
Selhausen,2022-07-03 08:00:00,42,val,0.162,0.18369716
Selhausen,2022-07-03 09:00:00,42,val,0.168,0.18375748
Selhausen,2022-07-03 10:00:00,42,val,0.162,0.18390638
Selhausen,2022-07-03 11:00:00,42,val,0.171,0.1841834
Selhausen,2022-07-03 12:00:00,42,val,0.165,0.18424039
Selhausen,2022-07-03 13:00:00,42,val,0.173,0.18446872
Selhausen,2022-07-03 14:00:00,42,val,0.164,0.18519044
Selhausen,2022-07-03 15:00:00,42,val,0.172,0.18620625
Selhausen,2022-07-03 16:00:00,42,val,0.165,0.18674874
Selhausen,2022-07-03 17:00:00,42,val,0.165,0.18621767
Selhausen,2022-07-03 18:00:00,42,val,0.165,0.1854596
Selhausen,2022-07-03 19:00:00,42,val,0.168,0.1850751
Selhausen,2022-07-03 20:00:00,42,val,0.165,0.18357548
Selhausen,2022-07-03 21:00:00,42,val,0.16,0.1824112
Selhausen,2022-07-03 22:00:00,42,val,0.164,0.18064554
Selhausen,2022-07-03 23:00:00,42,val,0.157,0.17941593
Selhausen,2022-07-04 00:00:00,42,val,0.165,0.17725019
Selhausen,2022-07-04 01:00:00,42,val,0.157,0.17475371
Selhausen,2022-07-04 02:00:00,42,val,0.16,0.17264374
Selhausen,2022-07-04 03:00:00,42,val,0.159,0.1708768
Selhausen,2022-07-04 04:00:00,42,val,0.162,0.16965003
Selhausen,2022-07-04 05:00:00,42,val,0.156,0.16953203
Selhausen,2022-07-04 06:00:00,42,val,0.163,0.17043698
Selhausen,2022-07-04 07:00:00,42,val,0.158,0.17225637
Selhausen,2022-07-04 08:00:00,42,val,0.159,0.17380074
Selhausen,2022-07-04 09:00:00,42,val,0.158,0.17524402
Selhausen,2022-07-04 10:00:00,42,val,0.161,0.1770062
Selhausen,2022-07-04 11:00:00,42,val,0.164,0.17920122
Selhausen,2022-07-04 12:00:00,42,val,0.164,0.18118498
Selhausen,2022-07-04 13:00:00,42,val,0.164,0.18242756
Selhausen,2022-07-04 14:00:00,42,val,0.157,0.18233816
Selhausen,2022-07-04 15:00:00,42,val,0.158,0.18249501
Selhausen,2022-07-04 16:00:00,42,val,0.167,0.18201813
Selhausen,2022-07-04 17:00:00,42,val,0.164,0.18229508
Selhausen,2022-07-04 18:00:00,42,val,0.162,0.18202786
Selhausen,2022-07-04 19:00:00,42,val,0.16,0.18133005
Selhausen,2022-07-04 20:00:00,42,val,0.164,0.18077455
Selhausen,2022-07-04 21:00:00,42,val,0.158,0.1796592
Selhausen,2022-07-04 22:00:00,42,val,0.161,0.17818096
Selhausen,2022-07-04 23:00:00,42,val,0.163,0.17667192
Selhausen,2022-07-05 00:00:00,42,val,0.162,0.17542638
Selhausen,2022-07-05 01:00:00,42,val,0.1619999999999999,0.1740142
Selhausen,2022-07-05 02:00:00,42,val,0.157,0.173006
Selhausen,2022-07-05 03:00:00,42,val,0.163,0.17139971
Selhausen,2022-07-05 04:00:00,42,val,0.154,0.17066994
Selhausen,2022-07-05 05:00:00,42,val,0.153,0.1699704
Selhausen,2022-07-05 06:00:00,42,val,0.159,0.17012216
Selhausen,2022-07-05 07:00:00,42,val,0.163,0.17071274
Selhausen,2022-07-05 08:00:00,42,val,0.162,0.17146766
Selhausen,2022-07-05 09:00:00,42,val,0.16,0.17280784
Selhausen,2022-07-05 10:00:00,42,val,0.157,0.17341375
Selhausen,2022-07-05 11:00:00,42,val,0.161,0.17508528
Selhausen,2022-07-05 12:00:00,42,val,0.155,0.17640173
Selhausen,2022-07-05 13:00:00,42,val,0.162,0.17818183
Selhausen,2022-07-05 14:00:00,42,val,0.156,0.1789462
Selhausen,2022-07-05 15:00:00,42,val,0.163,0.18015465
Selhausen,2022-07-05 16:00:00,42,val,0.159,0.1799534
Selhausen,2022-07-05 17:00:00,42,val,0.165,0.17930427
Selhausen,2022-07-05 18:00:00,42,val,0.155,0.17853503
Selhausen,2022-07-05 19:00:00,42,val,0.158,0.17800976
Selhausen,2022-07-05 20:00:00,42,val,0.157,0.17732292
Selhausen,2022-07-05 21:00:00,42,val,0.155,0.17600508
Selhausen,2022-07-05 22:00:00,42,val,0.157,0.1748892
Selhausen,2022-07-05 23:00:00,42,val,0.151,0.1726195
Selhausen,2022-07-06 00:00:00,42,val,0.154,0.1708672
Selhausen,2022-07-06 01:00:00,42,val,0.155,0.16863503
Selhausen,2022-07-06 02:00:00,42,val,0.155,0.1666711
Selhausen,2022-07-06 03:00:00,42,val,0.156,0.16482651
Selhausen,2022-07-06 04:00:00,42,val,0.155,0.16391791
Selhausen,2022-07-06 05:00:00,42,val,0.158,0.1633462
Selhausen,2022-07-06 06:00:00,42,val,0.151,0.16439112
Selhausen,2022-07-06 07:00:00,42,val,0.151,0.16548079
Selhausen,2022-07-06 08:00:00,42,val,0.15,0.16683498
Selhausen,2022-07-06 09:00:00,42,val,0.153,0.16824888
Selhausen,2022-07-06 10:00:00,42,val,0.1645,0.1699897
Selhausen,2022-07-06 11:00:00,42,val,0.163,0.17198311
Selhausen,2022-07-06 12:00:00,42,val,0.161,0.17396507
Selhausen,2022-07-06 13:00:00,42,val,0.1679999999999999,0.17560713
Selhausen,2022-07-06 14:00:00,42,val,0.162,0.17547274
Selhausen,2022-07-06 15:00:00,42,val,0.165,0.17446432
Selhausen,2022-07-06 16:00:00,42,val,0.163,0.17447694
Selhausen,2022-07-06 17:00:00,42,val,0.162,0.17438802
Selhausen,2022-07-06 18:00:00,42,val,0.155,0.17432398
Selhausen,2022-07-06 19:00:00,42,val,0.156,0.17394364
Selhausen,2022-07-06 20:00:00,42,val,0.157,0.17400904
Selhausen,2022-07-06 21:00:00,42,val,0.155,0.17309643
Selhausen,2022-07-06 22:00:00,42,val,0.153,0.17263408
Selhausen,2022-07-06 23:00:00,42,val,0.153,0.17275523
Selhausen,2022-07-07 00:00:00,42,val,0.158,0.17327385
Selhausen,2022-07-07 01:00:00,42,val,0.152,0.17383978
Selhausen,2022-07-07 02:00:00,42,val,0.15,0.1732337
Selhausen,2022-07-07 03:00:00,42,val,0.155,0.17303404
Selhausen,2022-07-07 04:00:00,42,val,0.148,0.17155331
Selhausen,2022-07-07 05:00:00,42,val,0.152,0.16969848
Selhausen,2022-07-07 06:00:00,42,val,0.157,0.16871
Selhausen,2022-07-07 07:00:00,42,val,0.152,0.16963297
Selhausen,2022-07-07 08:00:00,42,val,0.155,0.17078392
Selhausen,2022-07-07 09:00:00,42,val,0.153,0.17247018
Selhausen,2022-07-07 10:00:00,42,val,0.155,0.17324117
Selhausen,2022-07-07 11:00:00,42,val,0.159,0.1740236
Selhausen,2022-07-07 12:00:00,42,val,0.152,0.17436409
Selhausen,2022-07-07 13:00:00,42,val,0.162,0.17561674
Selhausen,2022-07-07 14:00:00,42,val,0.157,0.17582668
Selhausen,2022-07-07 15:00:00,42,val,0.158,0.17655557
Selhausen,2022-07-07 16:00:00,42,val,0.155,0.17629245
Selhausen,2022-07-07 17:00:00,42,val,0.157,0.1765339
Selhausen,2022-07-07 18:00:00,42,val,0.158,0.17514026
Selhausen,2022-07-07 19:00:00,42,val,0.154,0.17368352
Selhausen,2022-07-07 20:00:00,42,val,0.157,0.1723792
Selhausen,2022-07-07 21:00:00,42,val,0.153,0.17097159
Selhausen,2022-07-07 22:00:00,42,val,0.152,0.17004907
Selhausen,2022-07-07 23:00:00,42,val,0.15,0.16842842
Selhausen,2022-07-08 00:00:00,42,val,0.154,0.16678897
Selhausen,2022-07-08 01:00:00,42,val,0.152,0.16570164
Selhausen,2022-07-08 02:00:00,42,val,0.149,0.16490659
Selhausen,2022-07-08 03:00:00,42,val,0.151,0.1646213
Selhausen,2022-07-08 04:00:00,42,val,0.15,0.16411242
Selhausen,2022-07-08 05:00:00,42,val,0.15,0.1642005
Selhausen,2022-07-08 06:00:00,42,val,0.148,0.16401969
Selhausen,2022-07-08 07:00:00,42,val,0.147,0.16388366
Selhausen,2022-07-08 08:00:00,42,val,0.151,0.16340755
Selhausen,2022-07-08 09:00:00,42,val,0.148,0.16362122
Selhausen,2022-07-08 10:00:00,42,val,0.152,0.16624586
Selhausen,2022-07-08 11:00:00,42,val,0.151,0.16907093
Selhausen,2022-07-08 12:00:00,42,val,0.153,0.17132403
Selhausen,2022-07-08 13:00:00,42,val,0.156,0.1739397
Selhausen,2022-07-08 14:00:00,42,val,0.157,0.17494582
Selhausen,2022-07-08 15:00:00,42,val,0.155,0.17548051
Selhausen,2022-07-08 16:00:00,42,val,0.158,0.17536724
Selhausen,2022-07-08 17:00:00,42,val,0.154,0.1748036
Selhausen,2022-07-08 18:00:00,42,val,0.154,0.17335208
Selhausen,2022-07-08 19:00:00,42,val,0.148,0.17158818
Selhausen,2022-07-08 20:00:00,42,val,0.154,0.17005381
Selhausen,2022-07-08 21:00:00,42,val,0.155,0.16830337
Selhausen,2022-07-08 22:00:00,42,val,0.149,0.1664441
Selhausen,2022-07-08 23:00:00,42,val,0.151,0.1649242
Selhausen,2022-07-09 00:00:00,42,val,0.15,0.16428773
Selhausen,2022-07-09 01:00:00,42,val,0.147,0.16334057
Selhausen,2022-07-09 02:00:00,42,val,0.15,0.16189629
Selhausen,2022-07-09 03:00:00,42,val,0.153,0.16094707
Selhausen,2022-07-09 04:00:00,42,val,0.151,0.15968776
Selhausen,2022-07-09 05:00:00,42,val,0.145,0.1593809
Selhausen,2022-07-09 06:00:00,42,val,0.15,0.16064844
Selhausen,2022-07-09 07:00:00,42,val,0.146,0.1619026
Selhausen,2022-07-09 08:00:00,42,val,0.149,0.16332538
Selhausen,2022-07-09 09:00:00,42,val,0.148,0.16419587
Selhausen,2022-07-09 10:00:00,42,val,0.151,0.16508387
Selhausen,2022-07-09 11:00:00,42,val,0.145,0.16657227
Selhausen,2022-07-09 12:00:00,42,val,0.149,0.16706789
Selhausen,2022-07-09 13:00:00,42,val,0.148,0.16918331
Selhausen,2022-07-09 14:00:00,42,val,0.157,0.17052825
Selhausen,2022-07-09 15:00:00,42,val,0.15,0.17161863
Selhausen,2022-07-09 16:00:00,42,val,0.156,0.1714027
Selhausen,2022-07-09 17:00:00,42,val,0.147,0.17115594
Selhausen,2022-07-09 18:00:00,42,val,0.151,0.17128283
Selhausen,2022-07-09 19:00:00,42,val,0.15,0.17072415
Selhausen,2022-07-09 20:00:00,42,val,0.147,0.16998737
Selhausen,2022-07-09 21:00:00,42,val,0.145,0.16868229
Selhausen,2022-07-09 22:00:00,42,val,0.143,0.1670979
Selhausen,2022-07-09 23:00:00,42,val,0.145,0.16491678
Selhausen,2022-07-10 00:00:00,42,val,0.145,0.16280071
Selhausen,2022-07-10 01:00:00,42,val,0.148,0.1608381
Selhausen,2022-07-10 02:00:00,42,val,0.141,0.15926151
Selhausen,2022-07-10 03:00:00,42,val,0.14,0.15834485
Selhausen,2022-07-10 04:00:00,42,val,0.144,0.15774769
Selhausen,2022-07-10 05:00:00,42,val,0.14,0.1576181
Selhausen,2022-07-10 06:00:00,42,val,0.144,0.15771723
Selhausen,2022-07-10 07:00:00,42,val,0.144,0.15788563
Selhausen,2022-07-10 08:00:00,42,val,0.144,0.15891124
Selhausen,2022-07-10 09:00:00,42,val,0.147,0.15997331
Selhausen,2022-07-10 10:00:00,42,val,0.154,0.16161643
Selhausen,2022-07-10 11:00:00,42,val,0.166,0.1633647
Selhausen,2022-07-10 12:00:00,42,val,0.153,0.16532099
Selhausen,2022-07-10 13:00:00,42,val,0.1545,0.16745363
Selhausen,2022-07-10 14:00:00,42,val,0.155,0.16954893
Selhausen,2022-07-10 15:00:00,42,val,0.163,0.17074561
Selhausen,2022-07-10 16:00:00,42,val,0.156,0.17176664
Selhausen,2022-07-10 17:00:00,42,val,0.159,0.17173627
Selhausen,2022-07-10 18:00:00,42,val,0.155,0.17093223
Selhausen,2022-07-10 19:00:00,42,val,0.154,0.16899782
Selhausen,2022-07-10 20:00:00,42,val,0.153,0.16786233
Selhausen,2022-07-10 21:00:00,42,val,0.151,0.16753197
Selhausen,2022-07-10 22:00:00,42,val,0.151,0.16656658
Selhausen,2022-07-10 23:00:00,42,val,0.148,0.1659331
Selhausen,2022-07-11 00:00:00,42,val,0.148,0.16526678
Selhausen,2022-07-11 01:00:00,42,val,0.149,0.16399595
Selhausen,2022-07-11 02:00:00,42,val,0.146,0.16294235
Selhausen,2022-07-11 03:00:00,42,val,0.149,0.16224024
Selhausen,2022-07-11 04:00:00,42,val,0.148,0.16158952
Selhausen,2022-07-11 05:00:00,42,val,0.147,0.16043651
Selhausen,2022-07-11 06:00:00,42,val,0.146,0.1600204
Selhausen,2022-07-11 07:00:00,42,val,0.146,0.1598615
Selhausen,2022-07-11 08:00:00,42,val,0.147,0.16042528
Selhausen,2022-07-11 09:00:00,42,val,0.153,0.16100605
Selhausen,2022-07-11 10:00:00,42,val,0.15,0.1624134
Selhausen,2022-07-11 11:00:00,42,val,0.152,0.16325085
Selhausen,2022-07-11 12:00:00,42,val,0.153,0.1640332
Selhausen,2022-07-11 13:00:00,42,val,0.155,0.16509253
Selhausen,2022-07-11 14:00:00,42,val,0.153,0.1668241
Selhausen,2022-07-11 15:00:00,42,val,0.16,0.16798249
Selhausen,2022-07-11 16:00:00,42,val,0.158,0.1691753
Selhausen,2022-07-11 17:00:00,42,val,0.153,0.16828883
Selhausen,2022-07-11 18:00:00,42,val,0.155,0.16718599
Selhausen,2022-07-11 19:00:00,42,val,0.152,0.16617474
Selhausen,2022-07-11 20:00:00,42,val,0.151,0.16445482
Selhausen,2022-07-11 21:00:00,42,val,0.149,0.16229887
Selhausen,2022-07-11 22:00:00,42,val,0.151,0.16009015
Selhausen,2022-07-11 23:00:00,42,val,0.148,0.15837674
Selhausen,2022-07-12 00:00:00,42,val,0.148,0.15678008
Selhausen,2022-07-12 01:00:00,42,val,0.144,0.15592138
Selhausen,2022-07-12 02:00:00,42,val,0.146,0.15440962
Selhausen,2022-07-12 03:00:00,42,val,0.148,0.15260184
Selhausen,2022-07-12 04:00:00,42,val,0.144,0.15138614
Selhausen,2022-07-12 05:00:00,42,val,0.142,0.15079124
Selhausen,2022-07-12 06:00:00,42,val,0.141,0.15144154
Selhausen,2022-07-12 07:00:00,42,val,0.144,0.15276782
Selhausen,2022-07-12 08:00:00,42,val,0.145,0.15386082
Selhausen,2022-07-12 09:00:00,42,val,0.147,0.15509696
Selhausen,2022-07-12 10:00:00,42,val,0.147,0.15724209
Selhausen,2022-07-12 11:00:00,42,val,0.149,0.16145176
Selhausen,2022-07-12 12:00:00,42,val,0.146,0.16422278
Selhausen,2022-07-12 13:00:00,42,val,0.153,0.16575573
Selhausen,2022-07-12 14:00:00,42,val,0.156,0.16669486
Selhausen,2022-07-12 15:00:00,42,val,0.155,0.16844356
Selhausen,2022-07-12 16:00:00,42,val,0.149,0.16931781
Selhausen,2022-07-12 17:00:00,42,val,0.153,0.16999297
Selhausen,2022-07-12 18:00:00,42,val,0.148,0.16996689
Selhausen,2022-07-12 19:00:00,42,val,0.15,0.16937599
Selhausen,2022-07-12 20:00:00,42,val,0.147,0.16838044
Selhausen,2022-07-12 21:00:00,42,val,0.143,0.16702887
Selhausen,2022-07-12 22:00:00,42,val,0.141,0.16584618
Selhausen,2022-07-12 23:00:00,42,val,0.143,0.16468297
Selhausen,2022-07-13 00:00:00,42,val,0.143,0.16389465
Selhausen,2022-07-13 01:00:00,42,val,0.144,0.16358806
Selhausen,2022-07-13 02:00:00,42,val,0.139,0.1633833
Selhausen,2022-07-13 03:00:00,42,val,0.141,0.16329119
Selhausen,2022-07-20 04:00:00,42,val,0.174,0.15700278
Selhausen,2022-07-20 05:00:00,42,val,0.178,0.15696333
Selhausen,2022-07-20 06:00:00,42,val,0.18,0.15714917
Selhausen,2022-07-20 07:00:00,42,val,0.176,0.15779051
Selhausen,2022-07-20 08:00:00,42,val,0.174,0.15889671
Selhausen,2022-07-20 09:00:00,42,val,0.175,0.15959843
Selhausen,2022-07-20 10:00:00,42,val,0.178,0.16014811
Selhausen,2022-07-20 11:00:00,42,val,0.1634999999999999,0.16035533
Selhausen,2022-07-20 12:00:00,42,val,0.193,0.16031942
Selhausen,2022-07-20 13:00:00,42,val,0.1669999999999999,0.16096652
Selhausen,2022-07-20 14:00:00,42,val,0.192,0.16188781
Selhausen,2022-07-20 15:00:00,42,val,0.175,0.16189513
Selhausen,2022-07-20 16:00:00,42,val,0.18,0.16123988
Selhausen,2022-07-20 17:00:00,42,val,0.177,0.16070722
Selhausen,2022-07-20 18:00:00,42,val,0.1735,0.16505717
Selhausen,2022-07-20 19:00:00,42,val,0.18,0.1648513
Selhausen,2022-07-20 20:00:00,42,val,0.183,0.16284868
Selhausen,2022-07-20 21:00:00,42,val,0.173,0.16150679
Selhausen,2022-07-20 22:00:00,42,val,0.175,0.1660453
Selhausen,2022-07-20 23:00:00,42,val,0.174,0.16432308
Selhausen,2022-07-21 00:00:00,42,val,0.2965,0.17051424
Selhausen,2022-07-21 01:00:00,42,val,0.288,0.16872776
Selhausen,2022-07-21 02:00:00,42,val,0.275,0.16417411
Selhausen,2022-07-21 03:00:00,42,val,0.28,0.15918064
Selhausen,2022-07-21 04:00:00,42,val,0.272,0.15433213
Selhausen,2022-07-21 05:00:00,42,val,0.2695,0.15101022
Selhausen,2022-07-21 06:00:00,42,val,0.27,0.14926928
Selhausen,2022-07-21 07:00:00,42,val,0.265,0.14858319
Selhausen,2022-07-21 08:00:00,42,val,0.259,0.14904648
Selhausen,2022-07-21 09:00:00,42,val,0.2665,0.15150425
Selhausen,2022-07-21 10:00:00,42,val,0.259,0.15366374
Selhausen,2022-07-21 11:00:00,42,val,0.257,0.15753329
Selhausen,2022-07-21 12:00:00,42,val,0.2605,0.16410771
Selhausen,2022-07-21 13:00:00,42,val,0.248,0.16866943
Selhausen,2022-07-21 14:00:00,42,val,0.246,0.17137098
Selhausen,2022-07-21 15:00:00,42,val,0.245,0.17246741
Selhausen,2022-07-21 16:00:00,42,val,0.247,0.1767762
Selhausen,2022-07-21 17:00:00,42,val,0.241,0.17807275
Selhausen,2022-07-21 18:00:00,42,val,0.239,0.17701331
Selhausen,2022-07-21 19:00:00,42,val,0.24,0.17714971
Selhausen,2022-07-21 20:00:00,42,val,0.2205,0.17749366
Selhausen,2022-07-21 21:00:00,42,val,0.2375,0.17707497
Selhausen,2022-07-21 22:00:00,42,val,0.236,0.17621784
Selhausen,2022-07-21 23:00:00,42,val,0.229,0.17583275
Selhausen,2022-07-22 00:00:00,42,val,0.226,0.1752294
Selhausen,2022-07-22 01:00:00,42,val,0.229,0.17492148
Selhausen,2022-07-22 02:00:00,42,val,0.23,0.1740533
Selhausen,2022-07-22 03:00:00,42,val,0.226,0.17547756
Selhausen,2022-07-22 04:00:00,42,val,0.221,0.17679906
Selhausen,2022-07-22 05:00:00,42,val,0.224,0.17860346
Selhausen,2022-07-22 06:00:00,42,val,0.221,0.1806103
Selhausen,2022-07-22 07:00:00,42,val,0.226,0.1819679
Selhausen,2022-07-22 08:00:00,42,val,0.22,0.1829071
Selhausen,2022-07-22 09:00:00,42,val,0.225,0.18412161
Selhausen,2022-07-22 10:00:00,42,val,0.224,0.18520619
Selhausen,2022-07-22 11:00:00,42,val,0.226,0.18392503
Selhausen,2022-07-22 12:00:00,42,val,0.221,0.18596454
Selhausen,2022-07-22 13:00:00,42,val,0.226,0.18558206
Selhausen,2022-07-22 14:00:00,42,val,0.222,0.18735282
Selhausen,2022-07-22 15:00:00,42,val,0.214,0.18759069
Selhausen,2022-07-22 16:00:00,42,val,0.22,0.18759869
Selhausen,2022-07-22 17:00:00,42,val,0.212,0.1870279
Selhausen,2022-07-22 18:00:00,42,val,0.217,0.18571115
Selhausen,2022-07-22 19:00:00,42,val,0.212,0.18532984
Selhausen,2022-07-22 20:00:00,42,val,0.212,0.18606392
Selhausen,2022-07-22 21:00:00,42,val,0.213,0.1857938
Selhausen,2022-07-22 22:00:00,42,val,0.206,0.18515871
Selhausen,2022-07-22 23:00:00,42,val,0.206,0.20495366
Selhausen,2022-07-23 00:00:00,42,val,0.205,0.22306365
Selhausen,2022-07-23 01:00:00,42,val,0.207,0.23793599
Selhausen,2022-07-23 02:00:00,42,val,0.205,0.24686138
Selhausen,2022-07-23 03:00:00,42,val,0.207,0.25197586
Selhausen,2022-07-23 04:00:00,42,val,0.203,0.25363347
Selhausen,2022-07-23 05:00:00,42,val,0.204,0.25311047
Selhausen,2022-07-23 06:00:00,42,val,0.203,0.25186342
Selhausen,2022-07-23 07:00:00,42,val,0.205,0.24979866
Selhausen,2022-07-23 08:00:00,42,val,0.203,0.24719664
Selhausen,2022-07-23 09:00:00,42,val,0.204,0.24533635
Selhausen,2022-07-23 10:00:00,42,val,0.203,0.24319187
Selhausen,2022-07-23 11:00:00,42,val,0.201,0.24077944
Selhausen,2022-07-23 12:00:00,42,val,0.204,0.23903328
Selhausen,2022-07-23 13:00:00,42,val,0.204,0.23636192
Selhausen,2022-07-23 14:00:00,42,val,0.199,0.23339796
Selhausen,2022-07-23 15:00:00,42,val,0.197,0.23093411
Selhausen,2022-07-23 16:00:00,42,val,0.201,0.22943175
Selhausen,2022-07-23 17:00:00,42,val,0.195,0.22801189
Selhausen,2022-07-23 18:00:00,42,val,0.199,0.22679508
Selhausen,2022-07-23 19:00:00,42,val,0.196,0.22613212
Selhausen,2022-07-23 20:00:00,42,val,0.195,0.22292553
Selhausen,2022-07-23 21:00:00,42,val,0.194,0.22162478
Selhausen,2022-07-23 22:00:00,42,val,0.192,0.22132276
Selhausen,2022-07-23 23:00:00,42,val,0.192,0.22056018
Selhausen,2022-07-24 00:00:00,42,val,0.19,0.2194898
Selhausen,2022-07-24 01:00:00,42,val,0.187,0.21879399
Selhausen,2022-07-24 02:00:00,42,val,0.189,0.21854664
Selhausen,2022-07-24 03:00:00,42,val,0.189,0.21822722
Selhausen,2022-07-24 04:00:00,42,val,0.189,0.21713749
Selhausen,2022-07-24 05:00:00,42,val,0.19,0.2166727
Selhausen,2022-07-24 06:00:00,42,val,0.187,0.21640854
Selhausen,2022-07-24 07:00:00,42,val,0.187,0.216733
Selhausen,2022-07-24 08:00:00,42,val,0.189,0.21630928
Selhausen,2022-07-24 09:00:00,42,val,0.188,0.21598499
Selhausen,2022-07-24 10:00:00,42,val,0.188,0.21539299
Selhausen,2022-07-24 11:00:00,42,val,0.188,0.21493497
Selhausen,2022-07-24 12:00:00,42,val,0.187,0.21410893
Selhausen,2022-07-24 13:00:00,42,val,0.189,0.21394204
Selhausen,2022-07-24 14:00:00,42,val,0.189,0.21373856
Selhausen,2022-07-24 15:00:00,42,val,0.189,0.2124523
Selhausen,2022-07-24 16:00:00,42,val,0.187,0.21198645
Selhausen,2022-07-24 17:00:00,42,val,0.186,0.2109384
Selhausen,2022-07-24 18:00:00,42,val,0.187,0.2107462
Selhausen,2022-07-24 19:00:00,42,val,0.184,0.21016623
Selhausen,2022-07-24 20:00:00,42,val,0.184,0.20953095
Selhausen,2022-07-24 21:00:00,42,val,0.184,0.20906779
Selhausen,2022-07-24 22:00:00,42,val,0.181,0.20798948
Selhausen,2022-07-24 23:00:00,42,val,0.181,0.20681255
Selhausen,2022-07-25 00:00:00,42,val,0.182,0.20572034
Selhausen,2022-07-25 01:00:00,42,val,0.182,0.20515147
Selhausen,2022-07-25 02:00:00,42,val,0.179,0.20474696
Selhausen,2022-07-25 03:00:00,42,val,0.178,0.2046847
Selhausen,2022-07-25 04:00:00,42,val,0.179,0.20434758
Selhausen,2022-07-25 05:00:00,42,val,0.179,0.20472111
Selhausen,2022-07-25 06:00:00,42,val,0.176,0.20536985
Selhausen,2022-07-25 07:00:00,42,val,0.177,0.2059546
Selhausen,2022-07-25 08:00:00,42,val,0.177,0.20582627
Selhausen,2022-07-25 09:00:00,42,val,0.178,0.20545
Selhausen,2022-07-25 10:00:00,42,val,0.178,0.2052602
Selhausen,2022-07-25 11:00:00,42,val,0.178,0.2050123
Selhausen,2022-07-25 12:00:00,42,val,0.18,0.20495224
Selhausen,2022-07-25 13:00:00,42,val,0.182,0.20496456
Selhausen,2022-07-25 14:00:00,42,val,0.181,0.20460905
Selhausen,2022-07-25 15:00:00,42,val,0.177,0.20376223
Selhausen,2022-07-25 16:00:00,42,val,0.179,0.20332675
Selhausen,2022-07-25 17:00:00,42,val,0.178,0.20225832
Selhausen,2022-07-25 18:00:00,42,val,0.178,0.20141435
Selhausen,2022-07-25 19:00:00,42,val,0.178,0.20045409
Selhausen,2022-07-25 20:00:00,42,val,0.174,0.1994883
Selhausen,2022-07-25 21:00:00,42,val,0.173,0.1986206
Selhausen,2022-07-25 22:00:00,42,val,0.173,0.19778542
Selhausen,2022-07-25 23:00:00,42,val,0.174,0.19694993
Selhausen,2022-07-26 00:00:00,42,val,0.172,0.1958848
Selhausen,2022-07-26 01:00:00,42,val,0.171,0.19439432
Selhausen,2022-07-26 02:00:00,42,val,0.17,0.19304827
Selhausen,2022-07-26 03:00:00,42,val,0.172,0.19211093
Selhausen,2022-07-26 04:00:00,42,val,0.169,0.19163013
Selhausen,2022-07-26 05:00:00,42,val,0.168,0.19155695
Selhausen,2022-07-26 06:00:00,42,val,0.169,0.19125776
Selhausen,2022-07-26 07:00:00,42,val,0.169,0.1911304
Selhausen,2022-07-26 08:00:00,42,val,0.167,0.19156282
Selhausen,2022-07-26 09:00:00,42,val,0.169,0.19201037
Selhausen,2022-07-26 10:00:00,42,val,0.174,0.19260393
Selhausen,2022-07-26 11:00:00,42,val,0.174,0.19292788
Selhausen,2022-07-26 12:00:00,42,val,0.175,0.19339386
Selhausen,2022-07-26 13:00:00,42,val,0.174,0.19369368
Selhausen,2022-07-26 14:00:00,42,val,0.173,0.19407718
Selhausen,2022-07-26 15:00:00,42,val,0.174,0.19420996
Selhausen,2022-07-26 16:00:00,42,val,0.171,0.19397926
Selhausen,2022-07-26 17:00:00,42,val,0.173,0.19336948
Selhausen,2022-07-26 18:00:00,42,val,0.173,0.19274794
Selhausen,2022-07-26 19:00:00,42,val,0.172,0.19180365
Selhausen,2022-07-26 20:00:00,42,val,0.171,0.19068196
Selhausen,2022-07-26 21:00:00,42,val,0.169,0.18960601
Selhausen,2022-07-26 22:00:00,42,val,0.171,0.18854927
Selhausen,2022-07-26 23:00:00,42,val,0.168,0.18768251
Selhausen,2022-07-27 00:00:00,42,val,0.168,0.1870249
Selhausen,2022-07-27 01:00:00,42,val,0.168,0.18643443
Selhausen,2022-07-27 02:00:00,42,val,0.169,0.18540633
Selhausen,2022-07-27 03:00:00,42,val,0.167,0.18349652
Selhausen,2022-07-27 04:00:00,42,val,0.166,0.18178168
Selhausen,2022-07-27 05:00:00,42,val,0.169,0.18075842
Selhausen,2022-07-27 06:00:00,42,val,0.165,0.18009436
Selhausen,2022-07-27 07:00:00,42,val,0.166,0.18008457
Selhausen,2022-07-27 08:00:00,42,val,0.166,0.18067175
Selhausen,2022-07-27 09:00:00,42,val,0.164,0.18173163
Selhausen,2022-07-27 10:00:00,42,val,0.169,0.18298186
Selhausen,2022-07-27 11:00:00,42,val,0.167,0.18419793
Selhausen,2022-07-27 12:00:00,42,val,0.17,0.18551837
Selhausen,2022-07-27 13:00:00,42,val,0.17,0.1870337
Selhausen,2022-07-27 14:00:00,42,val,0.171,0.18786636
Selhausen,2022-07-27 15:00:00,42,val,0.169,0.18783419
Selhausen,2022-07-27 16:00:00,42,val,0.172,0.18750256
Selhausen,2022-07-27 17:00:00,42,val,0.171,0.18686122
Selhausen,2022-07-27 18:00:00,42,val,0.172,0.18627797
Selhausen,2022-07-27 19:00:00,42,val,0.171,0.18584171
Selhausen,2022-07-27 20:00:00,42,val,0.168,0.18470326
Selhausen,2022-07-27 21:00:00,42,val,0.168,0.18291904
Selhausen,2022-07-27 22:00:00,42,val,0.168,0.18085653
Selhausen,2022-07-27 23:00:00,42,val,0.166,0.17987958
Selhausen,2022-07-28 00:00:00,42,val,0.166,0.17941147
Selhausen,2022-07-28 01:00:00,42,val,0.162,0.17885107
Selhausen,2022-07-28 02:00:00,42,val,0.161,0.17812255
Selhausen,2022-07-28 03:00:00,42,val,0.167,0.17702648
Selhausen,2022-07-28 04:00:00,42,val,0.164,0.17530316
Selhausen,2022-07-28 05:00:00,42,val,0.162,0.1739412
Selhausen,2022-07-28 06:00:00,42,val,0.16,0.17343268
Selhausen,2022-07-28 07:00:00,42,val,0.162,0.17381325
Selhausen,2022-07-28 08:00:00,42,val,0.164,0.17439511
Selhausen,2022-07-28 09:00:00,42,val,0.164,0.1752032
Selhausen,2022-07-28 10:00:00,42,val,0.165,0.17669532
Selhausen,2022-07-28 11:00:00,42,val,0.166,0.17828774
Selhausen,2022-07-28 12:00:00,42,val,0.165,0.17980273
Selhausen,2022-07-28 13:00:00,42,val,0.168,0.18087855
Selhausen,2022-07-28 14:00:00,42,val,0.17,0.18138035
Selhausen,2022-07-28 15:00:00,42,val,0.166,0.18150492
Selhausen,2022-07-28 16:00:00,42,val,0.169,0.18099554
Selhausen,2022-07-28 17:00:00,42,val,0.172,0.1807526
Selhausen,2022-07-28 18:00:00,42,val,0.17,0.180741
Selhausen,2022-07-28 19:00:00,42,val,0.172,0.18057409
Selhausen,2022-07-28 20:00:00,42,val,0.164,0.18030837
Selhausen,2022-07-28 21:00:00,42,val,0.167,0.179463
Selhausen,2022-07-28 22:00:00,42,val,0.165,0.179382
Selhausen,2022-07-28 23:00:00,42,val,0.163,0.17917463
Selhausen,2022-07-29 00:00:00,42,val,0.161,0.17899963
Selhausen,2022-07-29 01:00:00,42,val,0.162,0.17844528
Selhausen,2022-07-29 02:00:00,42,val,0.162,0.1776541
Selhausen,2022-07-29 03:00:00,42,val,0.164,0.17636107
Selhausen,2022-07-29 04:00:00,42,val,0.162,0.17511433
Selhausen,2022-07-29 05:00:00,42,val,0.163,0.17458275
Selhausen,2022-07-29 06:00:00,42,val,0.164,0.17404011
Selhausen,2022-07-29 07:00:00,42,val,0.161,0.17403844
Selhausen,2022-07-29 08:00:00,42,val,0.162,0.17503853
Selhausen,2022-07-29 09:00:00,42,val,0.16,0.17538714
Selhausen,2022-07-29 10:00:00,42,val,0.163,0.17616346
Selhausen,2022-07-29 11:00:00,42,val,0.166,0.17673266
Selhausen,2022-07-29 12:00:00,42,val,0.165,0.17757288
Selhausen,2022-07-29 13:00:00,42,val,0.165,0.1782596
Selhausen,2022-07-29 14:00:00,42,val,0.169,0.17894626
Selhausen,2022-07-29 15:00:00,42,val,0.169,0.17913915
Selhausen,2022-07-29 16:00:00,42,val,0.169,0.17944136
Selhausen,2022-07-29 17:00:00,42,val,0.165,0.17962012
Selhausen,2022-07-29 18:00:00,42,val,0.165,0.17988814
Selhausen,2022-07-29 19:00:00,42,val,0.164,0.17990726
Selhausen,2022-07-29 20:00:00,42,val,0.165,0.17927921
Selhausen,2022-07-29 21:00:00,42,val,0.166,0.17821014
Selhausen,2022-07-29 22:00:00,42,val,0.163,0.17699504
Selhausen,2022-07-29 23:00:00,42,val,0.162,0.17548274
Selhausen,2022-07-30 00:00:00,42,val,0.162,0.17423968
Selhausen,2022-07-30 01:00:00,42,val,0.163,0.17303684
Selhausen,2022-07-30 02:00:00,42,val,0.161,0.17169225
Selhausen,2022-07-30 03:00:00,42,val,0.157,0.17121626
Selhausen,2022-07-30 04:00:00,42,val,0.162,0.1707116
Selhausen,2022-07-30 05:00:00,42,val,0.159,0.17015228
Selhausen,2022-07-30 06:00:00,42,val,0.158,0.16961232
Selhausen,2022-07-30 07:00:00,42,val,0.158,0.16965221
Selhausen,2022-07-30 08:00:00,42,val,0.157,0.17048287
Selhausen,2022-07-30 09:00:00,42,val,0.16,0.17153652
Selhausen,2022-07-30 10:00:00,42,val,0.161,0.17271632
Selhausen,2022-07-30 11:00:00,42,val,0.163,0.17387532
Selhausen,2022-07-30 12:00:00,42,val,0.162,0.17470896
Selhausen,2022-07-30 13:00:00,42,val,0.161,0.17560099
Selhausen,2022-07-30 14:00:00,42,val,0.165,0.1766654
Selhausen,2022-07-30 15:00:00,42,val,0.164,0.17685768
Selhausen,2022-07-30 16:00:00,42,val,0.166,0.17713258
Selhausen,2022-07-30 17:00:00,42,val,0.162,0.17786048
Selhausen,2022-07-30 18:00:00,42,val,0.164,0.17837995
Selhausen,2022-07-30 19:00:00,42,val,0.163,0.17912379
Selhausen,2022-07-30 20:00:00,42,val,0.164,0.17858532
Selhausen,2022-07-30 21:00:00,42,val,0.161,0.17795382
Selhausen,2022-07-30 22:00:00,42,val,0.157,0.17722267
Selhausen,2022-07-30 23:00:00,42,val,0.16,0.1761466
Selhausen,2022-07-31 00:00:00,42,val,0.156,0.17482133
Selhausen,2022-07-31 01:00:00,42,val,0.158,0.17353526
Selhausen,2022-07-31 02:00:00,42,val,0.151,0.1727957
Selhausen,2022-07-31 03:00:00,42,val,0.156,0.17305274
Selhausen,2022-07-31 04:00:00,42,val,0.154,0.17315027
Selhausen,2022-07-31 05:00:00,42,val,0.151,0.17323059
Selhausen,2022-07-31 06:00:00,42,val,0.155,0.17351624
Selhausen,2022-07-31 07:00:00,42,val,0.154,0.17350543
Selhausen,2022-07-31 08:00:00,42,val,0.155,0.17365505
Selhausen,2022-07-31 09:00:00,42,val,0.158,0.1736233
Selhausen,2022-07-31 10:00:00,42,val,0.157,0.17392224
Selhausen,2022-07-31 11:00:00,42,val,0.157,0.17478065
Selhausen,2022-07-31 12:00:00,42,val,0.163,0.1757599
Selhausen,2022-07-31 13:00:00,42,val,0.167,0.17651296
Selhausen,2022-07-31 14:00:00,42,val,0.166,0.17756164
Selhausen,2022-07-31 15:00:00,42,val,0.161,0.1784685
Selhausen,2022-07-31 16:00:00,42,val,0.165,0.17906062
Selhausen,2022-07-31 17:00:00,42,val,0.161,0.17884679
Selhausen,2022-07-31 18:00:00,42,val,0.163,0.17828622
Selhausen,2022-07-31 19:00:00,42,val,0.16,0.17743368
Selhausen,2022-07-31 20:00:00,42,val,0.16,0.17676976
Selhausen,2022-08-10 10:00:00,42,val,0.143,0.15900306
Selhausen,2022-08-10 11:00:00,42,val,0.144,0.16043165
Selhausen,2022-08-10 12:00:00,42,val,0.147,0.16244869
Selhausen,2022-08-10 13:00:00,42,val,0.149,0.16529496
Selhausen,2022-08-10 14:00:00,42,val,0.15,0.1673935
Selhausen,2022-08-10 15:00:00,42,val,0.151,0.16905549
Selhausen,2022-08-10 16:00:00,42,val,0.148,0.16975458
Selhausen,2022-08-10 17:00:00,42,val,0.15,0.17080164
Selhausen,2022-08-10 18:00:00,42,val,0.147,0.17101377
Selhausen,2022-08-10 19:00:00,42,val,0.148,0.17039238
Selhausen,2022-08-10 20:00:00,42,val,0.145,0.16920938
Selhausen,2022-08-10 21:00:00,42,val,0.141,0.16799754
Selhausen,2022-08-10 22:00:00,42,val,0.14,0.1671885
Selhausen,2022-08-10 23:00:00,42,val,0.14,0.16499509
Selhausen,2022-08-11 00:00:00,42,val,0.138,0.16302013
Selhausen,2022-08-11 01:00:00,42,val,0.139,0.16037312
Selhausen,2022-08-11 02:00:00,42,val,0.14,0.1578288
Selhausen,2022-08-11 03:00:00,42,val,0.14,0.15521258
Selhausen,2022-08-11 04:00:00,42,val,0.14,0.15254638
Selhausen,2022-08-11 05:00:00,42,val,0.136,0.15113103
Selhausen,2022-08-11 06:00:00,42,val,0.136,0.15098476
Selhausen,2022-08-11 07:00:00,42,val,0.137,0.15167013
Selhausen,2022-08-11 08:00:00,42,val,0.138,0.15265961
Selhausen,2022-08-11 09:00:00,42,val,0.138,0.154007
Selhausen,2022-08-11 10:00:00,42,val,0.141,0.15522298
Selhausen,2022-08-11 11:00:00,42,val,0.143,0.1575137
Selhausen,2022-08-11 12:00:00,42,val,0.145,0.15974186
Selhausen,2022-08-11 13:00:00,42,val,0.147,0.16206037
Selhausen,2022-08-11 14:00:00,42,val,0.149,0.16437602
Selhausen,2022-08-11 15:00:00,42,val,0.148,0.16590668
Selhausen,2022-08-11 16:00:00,42,val,0.148,0.16703191
Selhausen,2022-08-11 17:00:00,42,val,0.146,0.16784292
Selhausen,2022-08-11 18:00:00,42,val,0.147,0.1686461
Selhausen,2022-08-11 19:00:00,42,val,0.146,0.1682974
Selhausen,2022-08-11 20:00:00,42,val,0.141,0.16719529
Selhausen,2022-08-11 21:00:00,42,val,0.141,0.16604164
Selhausen,2022-08-11 22:00:00,42,val,0.141,0.16506158
Selhausen,2022-08-11 23:00:00,42,val,0.137,0.16299896
Selhausen,2022-08-12 00:00:00,42,val,0.136,0.16060238
Selhausen,2022-08-12 01:00:00,42,val,0.135,0.15773915
Selhausen,2022-08-12 02:00:00,42,val,0.135,0.15486115
Selhausen,2022-08-12 03:00:00,42,val,0.135,0.1522549
Selhausen,2022-08-12 04:00:00,42,val,0.133,0.15015611
Selhausen,2022-08-12 05:00:00,42,val,0.133,0.1486828
Selhausen,2022-08-12 06:00:00,42,val,0.132,0.14855818
Selhausen,2022-08-12 07:00:00,42,val,0.134,0.14925236
Selhausen,2022-08-12 08:00:00,42,val,0.138,0.15030466
Selhausen,2022-08-12 09:00:00,42,val,0.136,0.15179609
Selhausen,2022-08-12 10:00:00,42,val,0.139,0.15330406
Selhausen,2022-08-12 11:00:00,42,val,0.141,0.15497646
Selhausen,2022-08-12 12:00:00,42,val,0.142,0.15707225
Selhausen,2022-08-12 13:00:00,42,val,0.143,0.15944192
Selhausen,2022-08-12 14:00:00,42,val,0.143,0.1616458
Selhausen,2022-08-12 15:00:00,42,val,0.144,0.1636123
Selhausen,2022-08-12 16:00:00,42,val,0.142,0.16460788
Selhausen,2022-08-12 17:00:00,42,val,0.14,0.16522893
Selhausen,2022-08-12 18:00:00,42,val,0.14,0.1651305
Selhausen,2022-08-12 19:00:00,42,val,0.139,0.16439962
Selhausen,2022-08-12 20:00:00,42,val,0.135,0.16291228
Selhausen,2022-08-12 21:00:00,42,val,0.139,0.16056313
Selhausen,2022-08-12 22:00:00,42,val,0.136,0.15791027
Selhausen,2022-08-12 23:00:00,42,val,0.135,0.1561064
Selhausen,2022-08-13 00:00:00,42,val,0.134,0.15402219
Selhausen,2022-08-13 01:00:00,42,val,0.135,0.15197274
Selhausen,2022-08-13 02:00:00,42,val,0.136,0.15103105
Selhausen,2022-08-13 03:00:00,42,val,0.136,0.14975119
Selhausen,2022-08-13 04:00:00,42,val,0.137,0.14883292
Selhausen,2022-08-13 05:00:00,42,val,0.133,0.14793915
Selhausen,2022-08-13 06:00:00,42,val,0.135,0.1478047
Selhausen,2022-08-13 07:00:00,42,val,0.135,0.14836422
Selhausen,2022-08-13 08:00:00,42,val,0.133,0.14936626
Selhausen,2022-08-13 09:00:00,42,val,0.137,0.15033117
Selhausen,2022-08-13 10:00:00,42,val,0.138,0.1516245
Selhausen,2022-08-13 11:00:00,42,val,0.138,0.15345006
Selhausen,2022-08-13 12:00:00,42,val,0.135,0.15564978
Selhausen,2022-08-13 13:00:00,42,val,0.136,0.1580583
Selhausen,2022-08-13 14:00:00,42,val,0.137,0.16051775
Selhausen,2022-08-13 15:00:00,42,val,0.138,0.16239797
Selhausen,2022-08-13 16:00:00,42,val,0.137,0.16357017
Selhausen,2022-08-13 17:00:00,42,val,0.138,0.16395219
Selhausen,2022-08-13 18:00:00,42,val,0.135,0.1639707
Selhausen,2022-08-13 19:00:00,42,val,0.134,0.1632435
Selhausen,2022-08-13 20:00:00,42,val,0.138,0.16108763
Selhausen,2022-08-13 21:00:00,42,val,0.132,0.15871665
Selhausen,2022-08-13 22:00:00,42,val,0.134,0.1563078
Selhausen,2022-08-13 23:00:00,42,val,0.134,0.15393677
Selhausen,2022-08-14 00:00:00,42,val,0.133,0.15221779
Selhausen,2022-08-14 01:00:00,42,val,0.133,0.15046442
Selhausen,2022-08-14 02:00:00,42,val,0.134,0.14839038
Selhausen,2022-08-14 03:00:00,42,val,0.132,0.14710543
Selhausen,2022-08-14 04:00:00,42,val,0.134,0.14570436
Selhausen,2022-08-14 05:00:00,42,val,0.133,0.14463048
Selhausen,2022-08-14 06:00:00,42,val,0.134,0.14443108
Selhausen,2022-08-14 07:00:00,42,val,0.129,0.14511529
Selhausen,2022-08-14 08:00:00,42,val,0.132,0.14676186
Selhausen,2022-08-14 09:00:00,42,val,0.133,0.14840692
Selhausen,2022-08-14 10:00:00,42,val,0.137,0.15016723
Selhausen,2022-08-14 11:00:00,42,val,0.138,0.1521388
Selhausen,2022-08-14 12:00:00,42,val,0.136,0.15438056
Selhausen,2022-08-14 13:00:00,42,val,0.138,0.15649487
Selhausen,2022-08-14 14:00:00,42,val,0.137,0.15834871
Selhausen,2022-08-14 15:00:00,42,val,0.141,0.15975899
Selhausen,2022-08-14 16:00:00,42,val,0.138,0.1604487
Selhausen,2022-08-14 17:00:00,42,val,0.1365,0.1602684
Selhausen,2022-08-14 18:00:00,42,val,0.138,0.15956625
Selhausen,2022-08-14 19:00:00,42,val,0.134,0.15838143
Selhausen,2022-08-14 20:00:00,42,val,0.136,0.15643762
Selhausen,2022-08-14 21:00:00,42,val,0.133,0.1550795
Selhausen,2022-08-14 22:00:00,42,val,0.136,0.15428057
Selhausen,2022-08-14 23:00:00,42,val,0.136,0.15451953
Selhausen,2022-08-15 00:00:00,42,val,0.134,0.1548785
Selhausen,2022-08-15 01:00:00,42,val,0.133,0.15508752
Selhausen,2022-08-15 02:00:00,42,val,0.131,0.15525699
Selhausen,2022-08-15 03:00:00,42,val,0.133,0.1553781
Selhausen,2022-08-15 04:00:00,42,val,0.132,0.15550783
Selhausen,2022-08-15 05:00:00,42,val,0.133,0.15503696
Selhausen,2022-08-15 06:00:00,42,val,0.133,0.1547336
Selhausen,2022-08-15 07:00:00,42,val,0.134,0.15466087
Selhausen,2022-08-15 08:00:00,42,val,0.132,0.15458778
Selhausen,2022-08-15 09:00:00,42,val,0.133,0.15517145
Selhausen,2022-08-15 10:00:00,42,val,0.133,0.15631081
Selhausen,2022-08-15 11:00:00,42,val,0.134,0.15760839
Selhausen,2022-08-15 12:00:00,42,val,0.136,0.15881668
Selhausen,2022-08-15 13:00:00,42,val,0.134,0.15873905
Selhausen,2022-08-15 14:00:00,42,val,0.133,0.15838912
Selhausen,2022-08-15 15:00:00,42,val,0.134,0.15792996
Selhausen,2022-08-15 16:00:00,42,val,0.136,0.15730305
Selhausen,2022-08-15 17:00:00,42,val,0.137,0.15657851
Selhausen,2022-08-15 18:00:00,42,val,0.137,0.15524518
Selhausen,2022-08-15 19:00:00,42,val,0.1385,0.1536017
Selhausen,2022-08-15 20:00:00,42,val,0.135,0.15261592
Selhausen,2022-08-15 21:00:00,42,val,0.133,0.15105885
Selhausen,2022-08-15 22:00:00,42,val,0.134,0.14955814
Selhausen,2022-08-15 23:00:00,42,val,0.135,0.14900176
Selhausen,2022-08-16 00:00:00,42,val,0.132,0.14901896
Selhausen,2022-08-16 01:00:00,42,val,0.134,0.1489132
Selhausen,2022-08-16 02:00:00,42,val,0.132,0.14871094
Selhausen,2022-08-16 03:00:00,42,val,0.129,0.14767635
Selhausen,2022-08-16 04:00:00,42,val,0.131,0.14685151
Selhausen,2022-08-16 05:00:00,42,val,0.131,0.14570752
Selhausen,2022-08-16 06:00:00,42,val,0.133,0.14545567
Selhausen,2022-08-16 07:00:00,42,val,0.134,0.14530185
Selhausen,2022-08-16 08:00:00,42,val,0.134,0.14578032
Selhausen,2022-08-16 09:00:00,42,val,0.132,0.14673261
Selhausen,2022-08-16 10:00:00,42,val,0.136,0.14833999
Selhausen,2022-08-16 11:00:00,42,val,0.136,0.15028039
Selhausen,2022-08-16 12:00:00,42,val,0.134,0.15207088
Selhausen,2022-08-16 13:00:00,42,val,0.133,0.1536951
Selhausen,2022-08-16 14:00:00,42,val,0.135,0.15469906
Selhausen,2022-08-16 15:00:00,42,val,0.134,0.15600362
Selhausen,2022-08-16 16:00:00,42,val,0.136,0.15659957
Selhausen,2022-08-16 17:00:00,42,val,0.135,0.15649906
Selhausen,2022-08-16 18:00:00,42,val,0.134,0.15623976
Selhausen,2022-08-16 19:00:00,42,val,0.137,0.15504996
Selhausen,2022-08-16 20:00:00,42,val,0.135,0.15371437
Selhausen,2022-08-16 21:00:00,42,val,0.134,0.15236193
Selhausen,2022-08-16 22:00:00,42,val,0.131,0.15145682
Selhausen,2022-08-16 23:00:00,42,val,0.13,0.15063816
Selhausen,2022-08-17 00:00:00,42,val,0.133,0.14970931
Selhausen,2022-08-17 01:00:00,42,val,0.13,0.14859913
Selhausen,2022-08-17 02:00:00,42,val,0.131,0.14726228
Selhausen,2022-08-17 03:00:00,42,val,0.132,0.14627442
Selhausen,2022-08-17 04:00:00,42,val,0.134,0.14539787
Selhausen,2022-08-17 05:00:00,42,val,0.132,0.14522654
Selhausen,2022-08-17 06:00:00,42,val,0.132,0.1455887
Selhausen,2022-08-17 07:00:00,42,val,0.133,0.14648584
Selhausen,2022-08-17 08:00:00,42,val,0.134,0.14736694
Selhausen,2022-08-17 09:00:00,42,val,0.134,0.1483847
Selhausen,2022-08-17 10:00:00,42,val,0.133,0.15075567
Selhausen,2022-08-17 11:00:00,42,val,0.139,0.15296012
Selhausen,2022-08-17 12:00:00,42,val,0.1375,0.15437365
Selhausen,2022-08-17 13:00:00,42,val,0.138,0.15498728
Selhausen,2022-08-17 14:00:00,42,val,0.138,0.15461871
Selhausen,2022-08-17 15:00:00,42,val,0.134,0.15373364
Selhausen,2022-08-17 16:00:00,42,val,0.138,0.15306714
Selhausen,2022-08-17 17:00:00,42,val,0.138,0.15258327
Selhausen,2022-08-17 18:00:00,42,val,0.138,0.15225233
Selhausen,2022-08-17 19:00:00,42,val,0.136,0.1521639
Selhausen,2022-08-17 20:00:00,42,val,0.133,0.15146077
Selhausen,2022-08-17 21:00:00,42,val,0.137,0.1500063
Selhausen,2022-08-17 22:00:00,42,val,0.137,0.14868465
Selhausen,2022-08-17 23:00:00,42,val,0.135,0.1475248
Selhausen,2022-08-18 00:00:00,42,val,0.135,0.14623818
Selhausen,2022-08-18 01:00:00,42,val,0.134,0.14487165
Selhausen,2022-08-18 02:00:00,42,val,0.137,0.14332438
Selhausen,2022-08-18 03:00:00,42,val,0.144,0.14130744
Selhausen,2022-08-18 04:00:00,42,val,0.1375,0.1395675
Selhausen,2022-08-18 05:00:00,42,val,0.148,0.13882303
Selhausen,2022-08-18 06:00:00,42,val,0.139,0.13903119
Selhausen,2022-08-18 07:00:00,42,val,0.148,0.13996384
Selhausen,2022-08-18 08:00:00,42,val,0.147,0.14152846
Selhausen,2022-08-18 09:00:00,42,val,0.148,0.14312465
Selhausen,2022-08-18 10:00:00,42,val,0.148,0.14519875
Selhausen,2022-08-18 11:00:00,42,val,0.151,0.1472644
Selhausen,2022-08-18 12:00:00,42,val,0.1425,0.14865758
Selhausen,2022-08-18 13:00:00,42,val,0.145,0.14932558
Selhausen,2022-08-18 14:00:00,42,val,0.147,0.1497339
Selhausen,2022-08-18 15:00:00,42,val,0.152,0.14977922
Selhausen,2022-08-18 16:00:00,42,val,0.146,0.15003972
Selhausen,2022-08-18 17:00:00,42,val,0.149,0.15005237
Selhausen,2022-08-18 18:00:00,42,val,0.147,0.1499166
Selhausen,2022-08-18 19:00:00,42,val,0.1475,0.14995597
Selhausen,2022-08-18 20:00:00,42,val,0.1465,0.14970489
Selhausen,2022-08-18 21:00:00,42,val,0.149,0.1489194
Selhausen,2022-08-18 22:00:00,42,val,0.1455,0.14755097
Selhausen,2022-08-18 23:00:00,42,val,0.1525,0.1458283
Selhausen,2022-08-19 00:00:00,42,val,0.145,0.1444141
Selhausen,2022-08-19 01:00:00,42,val,0.1475,0.1428464
Selhausen,2022-08-19 02:00:00,42,val,0.1445,0.1411503
Selhausen,2022-08-19 03:00:00,42,val,0.1485,0.14007425
Selhausen,2022-08-19 04:00:00,42,val,0.146,0.13968585
Selhausen,2022-08-19 05:00:00,42,val,0.146,0.13945863
Selhausen,2022-08-19 06:00:00,42,val,0.148,0.13967809
Selhausen,2022-08-19 07:00:00,42,val,0.146,0.14055803
Selhausen,2022-08-19 08:00:00,42,val,0.146,0.14201918
Selhausen,2022-08-19 09:00:00,42,val,0.1505,0.14376707
Selhausen,2022-08-19 10:00:00,42,val,0.1505,0.14529803
Selhausen,2022-08-19 11:00:00,42,val,0.15,0.14768192
Selhausen,2022-08-19 12:00:00,42,val,0.1555,0.14963031
Selhausen,2022-08-19 13:00:00,42,val,0.154,0.15116447
Selhausen,2022-08-19 14:00:00,42,val,0.155,0.1524956
Selhausen,2022-08-19 15:00:00,42,val,0.156,0.15280505
Selhausen,2022-08-19 16:00:00,42,val,0.153,0.15313546
Selhausen,2022-08-19 17:00:00,42,val,0.153,0.15328822
Selhausen,2022-08-19 18:00:00,42,val,0.151,0.1533377
Selhausen,2022-08-19 19:00:00,42,val,0.153,0.15300657
Selhausen,2022-08-19 20:00:00,42,val,0.153,0.1519593
Selhausen,2022-08-19 21:00:00,42,val,0.1525,0.15139806
Selhausen,2022-08-19 22:00:00,42,val,0.152,0.15127672
Selhausen,2022-08-19 23:00:00,42,val,0.149,0.15118241
Selhausen,2022-08-20 00:00:00,42,val,0.151,0.16806126
Selhausen,2022-08-20 01:00:00,42,val,0.149,0.17101812
Selhausen,2022-08-20 02:00:00,42,val,0.148,0.16742004
Selhausen,2022-08-20 03:00:00,42,val,0.15,0.16345681
Selhausen,2022-08-20 04:00:00,42,val,0.15,0.15922901
Selhausen,2022-08-20 05:00:00,42,val,0.15,0.15644662
Selhausen,2022-08-20 06:00:00,42,val,0.147,0.15376526
Selhausen,2022-08-20 07:00:00,42,val,0.147,0.15321846
Selhausen,2022-08-20 08:00:00,42,val,0.15,0.15414703
Selhausen,2022-08-20 09:00:00,42,val,0.1505,0.15615748
Selhausen,2022-08-20 10:00:00,42,val,0.155,0.1584037
Selhausen,2022-08-20 11:00:00,42,val,0.151,0.1608205
Selhausen,2022-08-20 12:00:00,42,val,0.158,0.16166273
Selhausen,2022-08-20 13:00:00,42,val,0.158,0.16160709
Selhausen,2022-08-20 14:00:00,42,val,0.158,0.16146293
Selhausen,2022-08-20 15:00:00,42,val,0.158,0.1620192
Selhausen,2022-08-20 16:00:00,42,val,0.159,0.1619251
Selhausen,2022-08-20 17:00:00,42,val,0.156,0.16185291
Selhausen,2022-08-20 18:00:00,42,val,0.154,0.16160591
Selhausen,2022-08-20 19:00:00,42,val,0.155,0.16106385
Selhausen,2022-08-20 20:00:00,42,val,0.155,0.16016331
Selhausen,2022-08-20 21:00:00,42,val,0.155,0.15951315
Selhausen,2022-08-20 22:00:00,42,val,0.151,0.15836129
Selhausen,2022-08-20 23:00:00,42,val,0.152,0.15809374
Selhausen,2022-08-21 00:00:00,42,val,0.153,0.15695639
Selhausen,2022-08-21 01:00:00,42,val,0.15,0.15573701
Selhausen,2022-08-21 02:00:00,42,val,0.153,0.15384394
Selhausen,2022-08-21 03:00:00,42,val,0.15,0.15241487
Selhausen,2022-08-21 04:00:00,42,val,0.148,0.15106666
Selhausen,2022-08-21 05:00:00,42,val,0.15,0.15009469
Selhausen,2022-08-21 06:00:00,42,val,0.148,0.15022907
Selhausen,2022-08-21 07:00:00,42,val,0.148,0.15098546
Selhausen,2022-08-21 08:00:00,42,val,0.148,0.15199499
Selhausen,2022-08-21 09:00:00,42,val,0.152,0.15394603
Selhausen,2022-08-21 10:00:00,42,val,0.152,0.15599756
Selhausen,2022-08-21 11:00:00,42,val,0.153,0.15792942
Selhausen,2022-08-21 12:00:00,42,val,0.157,0.16045493
Selhausen,2022-08-21 13:00:00,42,val,0.158,0.16272852
Selhausen,2022-08-21 14:00:00,42,val,0.159,0.16465613
Selhausen,2022-08-21 15:00:00,42,val,0.157,0.16624814
Selhausen,2022-08-21 16:00:00,42,val,0.156,0.16674834
Selhausen,2022-08-21 17:00:00,42,val,0.157,0.16657293
Selhausen,2022-08-21 18:00:00,42,val,0.156,0.16587603
Selhausen,2022-08-21 19:00:00,42,val,0.154,0.16519415
Selhausen,2022-08-21 20:00:00,42,val,0.155,0.16445914
Selhausen,2022-08-21 21:00:00,42,val,0.153,0.16387293
Selhausen,2022-08-21 22:00:00,42,val,0.152,0.1637022
Selhausen,2022-08-21 23:00:00,42,val,0.153,0.16296175
Selhausen,2022-08-22 00:00:00,42,val,0.15,0.16206622
Selhausen,2022-08-22 01:00:00,42,val,0.15,0.16038746
Selhausen,2022-08-22 02:00:00,42,val,0.15,0.15835433
Selhausen,2022-08-22 03:00:00,42,val,0.15,0.15675783
Selhausen,2022-08-22 04:00:00,42,val,0.152,0.15567298
Selhausen,2022-08-22 05:00:00,42,val,0.15,0.15484414
Selhausen,2022-08-22 06:00:00,42,val,0.148,0.15446231
Selhausen,2022-08-22 07:00:00,42,val,0.149,0.15476675
Selhausen,2022-08-22 08:00:00,42,val,0.149,0.15594412
Selhausen,2022-08-22 09:00:00,42,val,0.152,0.15739726
Selhausen,2022-08-22 10:00:00,42,val,0.154,0.15951504
Selhausen,2022-08-22 11:00:00,42,val,0.154,0.16105348
Selhausen,2022-08-22 12:00:00,42,val,0.157,0.16321392
Selhausen,2022-08-22 13:00:00,42,val,0.157,0.16535655
Selhausen,2022-08-22 14:00:00,42,val,0.156,0.16711469
Selhausen,2022-08-22 15:00:00,42,val,0.158,0.16845986
Selhausen,2022-08-22 16:00:00,42,val,0.158,0.16947663
Selhausen,2022-08-22 17:00:00,42,val,0.157,0.16971508
Selhausen,2022-08-22 18:00:00,42,val,0.155,0.16926506
Selhausen,2022-08-22 19:00:00,42,val,0.154,0.1682485
Selhausen,2022-08-22 20:00:00,42,val,0.154,0.16701828
Selhausen,2022-08-22 21:00:00,42,val,0.153,0.16592398
Selhausen,2022-08-22 22:00:00,42,val,0.154,0.16464065
Selhausen,2022-08-22 23:00:00,42,val,0.15,0.16326341
Selhausen,2022-08-23 00:00:00,42,val,0.151,0.16193503
Selhausen,2022-08-23 01:00:00,42,val,0.152,0.16032214
Selhausen,2022-08-23 02:00:00,42,val,0.149,0.15891822
Selhausen,2022-08-23 03:00:00,42,val,0.148,0.15725543
Selhausen,2022-08-23 04:00:00,42,val,0.146,0.15551004
Selhausen,2022-08-23 05:00:00,42,val,0.147,0.15443806
Selhausen,2022-08-23 06:00:00,42,val,0.15,0.1541569
Selhausen,2022-08-23 07:00:00,42,val,0.15,0.15470034
Selhausen,2022-08-23 08:00:00,42,val,0.148,0.15567566
Selhausen,2022-08-23 09:00:00,42,val,0.149,0.15720347
Selhausen,2022-08-23 10:00:00,42,val,0.15,0.15882786
Selhausen,2022-08-23 11:00:00,42,val,0.155,0.16032341
Selhausen,2022-08-23 12:00:00,42,val,0.154,0.16258234
Selhausen,2022-08-23 13:00:00,42,val,0.157,0.16501711
Selhausen,2022-08-23 14:00:00,42,val,0.158,0.16728508
Selhausen,2022-08-23 15:00:00,42,val,0.16,0.16881272
Selhausen,2022-08-23 16:00:00,42,val,0.16,0.16956536
Selhausen,2022-08-23 17:00:00,42,val,0.162,0.16994354
Selhausen,2022-08-23 18:00:00,42,val,0.159,0.16991991
Selhausen,2022-08-23 19:00:00,42,val,0.157,0.16905534
Selhausen,2022-08-23 20:00:00,42,val,0.153,0.16790588
Selhausen,2022-08-23 21:00:00,42,val,0.155,0.16644323
Selhausen,2022-08-23 22:00:00,42,val,0.15,0.16491485
Selhausen,2022-08-23 23:00:00,42,val,0.152,0.16391103
Selhausen,2022-08-24 00:00:00,42,val,0.15,0.16270953
Selhausen,2022-08-24 01:00:00,42,val,0.151,0.16140342
Selhausen,2022-08-24 02:00:00,42,val,0.149,0.16014509
Selhausen,2022-08-24 03:00:00,42,val,0.149,0.15877
Selhausen,2022-08-31 04:00:00,42,val,0.138,0.15715867
Selhausen,2022-08-31 05:00:00,42,val,0.138,0.15797155
Selhausen,2022-08-31 06:00:00,42,val,0.136,0.15473586
Selhausen,2022-08-31 07:00:00,42,val,0.139,0.15061748
Selhausen,2022-08-31 08:00:00,42,val,0.1425,0.14714947
Selhausen,2022-08-31 09:00:00,42,val,0.141,0.14499563
Selhausen,2022-08-31 10:00:00,42,val,0.1415,0.14480093
Selhausen,2022-08-31 11:00:00,42,val,0.145,0.14570329
Selhausen,2022-08-31 12:00:00,42,val,0.152,0.14726977
Selhausen,2022-08-31 13:00:00,42,val,0.151,0.14863059
Selhausen,2022-08-31 14:00:00,42,val,0.148,0.15038721
Selhausen,2022-08-31 15:00:00,42,val,0.152,0.15149128
Selhausen,2022-08-31 16:00:00,42,val,0.15,0.15217549
Selhausen,2022-08-31 17:00:00,42,val,0.149,0.15197128
Selhausen,2022-08-31 18:00:00,42,val,0.15,0.15197407
Selhausen,2022-08-31 19:00:00,42,val,0.147,0.1515609
Selhausen,2022-08-31 20:00:00,42,val,0.145,0.15120009
Selhausen,2022-08-31 21:00:00,42,val,0.145,0.15067965
Selhausen,2022-08-31 22:00:00,42,val,0.142,0.14985594
Selhausen,2022-08-31 23:00:00,42,val,0.144,0.14879066
Selhausen,2022-09-01 00:00:00,42,val,0.142,0.1478
Selhausen,2022-09-01 01:00:00,42,val,0.142,0.14687255
Selhausen,2022-09-01 02:00:00,42,val,0.14,0.1452491
Selhausen,2022-09-01 03:00:00,42,val,0.14,0.14342868
Selhausen,2022-09-01 04:00:00,42,val,0.139,0.14184308
Selhausen,2022-09-01 05:00:00,42,val,0.139,0.14000571
Selhausen,2022-09-01 06:00:00,42,val,0.14,0.13933836
Selhausen,2022-09-01 07:00:00,42,val,0.14,0.13964713
Selhausen,2022-09-01 08:00:00,42,val,0.142,0.14137305
Selhausen,2022-09-01 09:00:00,42,val,0.142,0.14334431
Selhausen,2022-09-01 10:00:00,42,val,0.146,0.1458626
Selhausen,2022-09-01 11:00:00,42,val,0.149,0.14903137
Selhausen,2022-09-01 12:00:00,42,val,0.149,0.15168016
Selhausen,2022-09-01 13:00:00,42,val,0.148,0.1543636
Selhausen,2022-09-01 14:00:00,42,val,0.152,0.15647177
Selhausen,2022-09-01 15:00:00,42,val,0.148,0.15849018
Selhausen,2022-09-01 16:00:00,42,val,0.151,0.15980014
Selhausen,2022-09-01 17:00:00,42,val,0.151,0.15995333
Selhausen,2022-09-01 18:00:00,42,val,0.147,0.15952471
Selhausen,2022-09-01 19:00:00,42,val,0.147,0.15825272
Selhausen,2022-09-01 20:00:00,42,val,0.1475,0.15640652
Selhausen,2022-09-01 21:00:00,42,val,0.145,0.1547643
Selhausen,2022-09-01 22:00:00,42,val,0.141,0.154995
Selhausen,2022-09-01 23:00:00,42,val,0.145,0.15520695
Selhausen,2022-09-02 00:00:00,42,val,0.143,0.15478578
Selhausen,2022-09-02 01:00:00,42,val,0.141,0.15368238
Selhausen,2022-09-02 02:00:00,42,val,0.143,0.152089
Selhausen,2022-09-02 03:00:00,42,val,0.141,0.15017581
Selhausen,2022-09-02 04:00:00,42,val,0.139,0.14837205
Selhausen,2022-09-02 05:00:00,42,val,0.139,0.14712101
Selhausen,2022-09-02 06:00:00,42,val,0.139,0.14618239
Selhausen,2022-09-02 07:00:00,42,val,0.141,0.14631307
Selhausen,2022-09-02 08:00:00,42,val,0.142,0.14793426
Selhausen,2022-09-02 09:00:00,42,val,0.146,0.14988872
Selhausen,2022-09-02 10:00:00,42,val,0.144,0.15184958
Selhausen,2022-09-02 11:00:00,42,val,0.15,0.15408176
Selhausen,2022-09-02 12:00:00,42,val,0.151,0.15736125
Selhausen,2022-09-02 13:00:00,42,val,0.151,0.16042332
Selhausen,2022-09-02 14:00:00,42,val,0.154,0.16247733
Selhausen,2022-09-02 15:00:00,42,val,0.153,0.16420099
Selhausen,2022-09-02 16:00:00,42,val,0.151,0.16503581
Selhausen,2022-09-02 17:00:00,42,val,0.147,0.16501008
Selhausen,2022-09-02 18:00:00,42,val,0.149,0.1645126
Selhausen,2022-09-02 19:00:00,42,val,0.145,0.16326252
Selhausen,2022-09-02 20:00:00,42,val,0.146,0.16137755
Selhausen,2022-09-02 21:00:00,42,val,0.145,0.15940729
Selhausen,2022-09-02 22:00:00,42,val,0.143,0.1568742
Selhausen,2022-09-02 23:00:00,42,val,0.14,0.15461731
Selhausen,2022-09-03 00:00:00,42,val,0.141,0.15260339
Selhausen,2022-09-03 01:00:00,42,val,0.138,0.15082453
Selhausen,2022-09-03 02:00:00,42,val,0.142,0.14896938
Selhausen,2022-09-03 03:00:00,42,val,0.144,0.14716524
Selhausen,2022-09-03 04:00:00,42,val,0.134,0.14584926
Selhausen,2022-09-03 05:00:00,42,val,0.137,0.1448615
Selhausen,2022-09-03 06:00:00,42,val,0.14,0.14476319
Selhausen,2022-09-03 07:00:00,42,val,0.136,0.14532211
Selhausen,2022-09-03 08:00:00,42,val,0.139,0.1466977
Selhausen,2022-09-03 09:00:00,42,val,0.143,0.14859433
Selhausen,2022-09-03 10:00:00,42,val,0.143,0.15110216
Selhausen,2022-09-03 11:00:00,42,val,0.145,0.1542645
Selhausen,2022-09-03 12:00:00,42,val,0.15,0.15737358
Selhausen,2022-09-03 13:00:00,42,val,0.151,0.15977684
Selhausen,2022-09-03 14:00:00,42,val,0.151,0.16192757
Selhausen,2022-09-03 15:00:00,42,val,0.148,0.16287614
Selhausen,2022-09-03 16:00:00,42,val,0.151,0.16336626
Selhausen,2022-09-03 17:00:00,42,val,0.149,0.1635915
Selhausen,2022-09-03 18:00:00,42,val,0.146,0.16295734
Selhausen,2022-09-03 19:00:00,42,val,0.148,0.16178392
Selhausen,2022-09-03 20:00:00,42,val,0.145,0.160249
Selhausen,2022-09-03 21:00:00,42,val,0.147,0.15857358
Selhausen,2022-09-03 22:00:00,42,val,0.144,0.15634124
Selhausen,2022-09-03 23:00:00,42,val,0.14,0.15454927
Selhausen,2022-09-04 00:00:00,42,val,0.14,0.15282363
Selhausen,2022-09-04 01:00:00,42,val,0.14,0.15091877
Selhausen,2022-09-04 02:00:00,42,val,0.145,0.14912648
Selhausen,2022-09-04 03:00:00,42,val,0.134,0.14724253
Selhausen,2022-09-04 04:00:00,42,val,0.136,0.1452527
Selhausen,2022-09-04 05:00:00,42,val,0.139,0.14349371
Selhausen,2022-09-04 06:00:00,42,val,0.138,0.14262468
Selhausen,2022-09-04 07:00:00,42,val,0.138,0.14332843
Selhausen,2022-09-04 08:00:00,42,val,0.137,0.14515454
Selhausen,2022-09-04 09:00:00,42,val,0.137,0.14790273
Selhausen,2022-09-04 10:00:00,42,val,0.143,0.15049967
Selhausen,2022-09-04 11:00:00,42,val,0.148,0.15368326
Selhausen,2022-09-04 12:00:00,42,val,0.145,0.15703186
Selhausen,2022-09-04 13:00:00,42,val,0.15,0.1598626
Selhausen,2022-09-04 14:00:00,42,val,0.15,0.16260487
Selhausen,2022-09-04 15:00:00,42,val,0.15,0.16455087
Selhausen,2022-09-04 16:00:00,42,val,0.151,0.16542765
Selhausen,2022-09-04 17:00:00,42,val,0.147,0.16498561
Selhausen,2022-09-04 18:00:00,42,val,0.151,0.16415158
Selhausen,2022-09-04 19:00:00,42,val,0.145,0.16232851
Selhausen,2022-09-04 20:00:00,42,val,0.148,0.16037713
Selhausen,2022-09-04 21:00:00,42,val,0.144,0.15853144
Selhausen,2022-09-04 22:00:00,42,val,0.144,0.15659261
Selhausen,2022-09-04 23:00:00,42,val,0.147,0.15430202
Selhausen,2022-09-05 00:00:00,42,val,0.148,0.15219736
Selhausen,2022-09-05 01:00:00,42,val,0.148,0.14947902
Selhausen,2022-09-05 02:00:00,42,val,0.152,0.1473026
Selhausen,2022-09-05 03:00:00,42,val,0.165,0.14638756
Selhausen,2022-09-05 04:00:00,42,val,0.167,0.1446223
Selhausen,2022-09-05 05:00:00,42,val,0.163,0.14282802
Selhausen,2022-09-05 06:00:00,42,val,0.171,0.14251748
Selhausen,2022-09-05 07:00:00,42,val,0.167,0.14284676
Selhausen,2022-09-05 08:00:00,42,val,0.171,0.1442382
Selhausen,2022-09-05 09:00:00,42,val,0.172,0.14660507
Selhausen,2022-09-05 10:00:00,42,val,0.18,0.14922896
Selhausen,2022-09-05 11:00:00,42,val,0.188,0.15194541
Selhausen,2022-09-05 12:00:00,42,val,0.185,0.15523499
Selhausen,2022-09-05 13:00:00,42,val,0.194,0.15858376
Selhausen,2022-09-05 14:00:00,42,val,0.19,0.16150138
Selhausen,2022-09-05 15:00:00,42,val,0.182,0.1633066
Selhausen,2022-09-05 16:00:00,42,val,0.194,0.16466975
Selhausen,2022-09-05 17:00:00,42,val,0.19,0.16521189
Selhausen,2022-09-05 18:00:00,42,val,0.189,0.1645934
Selhausen,2022-09-05 19:00:00,42,val,0.183,0.16376957
Selhausen,2022-09-05 20:00:00,42,val,0.192,0.16253954
Selhausen,2022-09-05 21:00:00,42,val,0.187,0.161803
Selhausen,2022-09-05 22:00:00,42,val,0.183,0.1609288
Selhausen,2022-09-05 23:00:00,42,val,0.164,0.15935455
Selhausen,2022-09-06 00:00:00,42,val,0.184,0.1637238
Selhausen,2022-09-06 01:00:00,42,val,0.185,0.16631368
Selhausen,2022-09-06 02:00:00,42,val,0.189,0.16457726
Selhausen,2022-09-06 03:00:00,42,val,0.182,0.15948579
Selhausen,2022-09-06 04:00:00,42,val,0.189,0.15372244
Selhausen,2022-09-06 05:00:00,42,val,0.213,0.14906499
Selhausen,2022-09-06 06:00:00,42,val,0.223,0.14611259
Selhausen,2022-09-06 07:00:00,42,val,0.243,0.14513327
Selhausen,2022-09-06 08:00:00,42,val,0.24,0.14551991
Selhausen,2022-09-06 09:00:00,42,val,0.243,0.14664748
Selhausen,2022-09-06 10:00:00,42,val,0.253,0.1490885
Selhausen,2022-09-06 11:00:00,42,val,0.24,0.15252453
Selhausen,2022-09-06 12:00:00,42,val,0.247,0.15544298
Selhausen,2022-09-06 13:00:00,42,val,0.241,0.15857144
Selhausen,2022-09-06 14:00:00,42,val,0.246,0.161407
Selhausen,2022-09-06 15:00:00,42,val,0.242,0.16360416
Selhausen,2022-09-06 16:00:00,42,val,0.241,0.16516843
Selhausen,2022-09-06 17:00:00,42,val,0.243,0.16549501
Selhausen,2022-09-06 18:00:00,42,val,0.245,0.16556942
Selhausen,2022-09-06 19:00:00,42,val,0.239,0.16449207
Selhausen,2022-09-06 20:00:00,42,val,0.237,0.16341865
Selhausen,2022-09-06 21:00:00,42,val,0.239,0.16214995
Selhausen,2022-09-06 22:00:00,42,val,0.236,0.16052715
Selhausen,2022-09-06 23:00:00,42,val,0.235,0.16969831
Selhausen,2022-09-07 00:00:00,42,val,0.237,0.17735615
Selhausen,2022-09-07 01:00:00,42,val,0.236,0.17680067
Selhausen,2022-09-07 02:00:00,42,val,0.234,0.17264545
Selhausen,2022-09-07 03:00:00,42,val,0.234,0.16941291
Selhausen,2022-09-07 04:00:00,42,val,0.234,0.16751426
Selhausen,2022-09-07 05:00:00,42,val,0.235,0.1661147
Selhausen,2022-09-07 06:00:00,42,val,0.23,0.166821
Selhausen,2022-09-07 07:00:00,42,val,0.2289999999999999,0.16842161
Selhausen,2022-09-07 08:00:00,42,val,0.2305,0.17110881
Selhausen,2022-09-07 09:00:00,42,val,0.237,0.17408127
Selhausen,2022-09-07 10:00:00,42,val,0.234,0.17795254
Selhausen,2022-09-07 11:00:00,42,val,0.24,0.18281229
Selhausen,2022-09-07 12:00:00,42,val,0.239,0.1868627
Selhausen,2022-09-07 13:00:00,42,val,0.232,0.19104835
Selhausen,2022-09-07 14:00:00,42,val,0.234,0.19381796
Selhausen,2022-09-07 15:00:00,42,val,0.232,0.19394286
Selhausen,2022-09-07 16:00:00,42,val,0.237,0.19471094
Selhausen,2022-09-07 17:00:00,42,val,0.234,0.19501123
Selhausen,2022-09-07 18:00:00,42,val,0.232,0.19467612
Selhausen,2022-09-07 19:00:00,42,val,0.232,0.19298126
Selhausen,2022-09-07 20:00:00,42,val,0.228,0.1921356
Selhausen,2022-09-07 21:00:00,42,val,0.23,0.1911417
Selhausen,2022-09-07 22:00:00,42,val,0.23,0.18965882
Selhausen,2022-09-07 23:00:00,42,val,0.223,0.18533647
Selhausen,2022-09-08 00:00:00,42,val,0.229,0.18313664
Selhausen,2022-09-08 01:00:00,42,val,0.225,0.18268265
Selhausen,2022-09-08 02:00:00,42,val,0.226,0.18447909
Selhausen,2022-09-08 03:00:00,42,val,0.226,0.187879
Selhausen,2022-09-08 04:00:00,42,val,0.222,0.19947298
Selhausen,2022-09-08 05:00:00,42,val,0.224,0.20983961
Selhausen,2022-09-08 06:00:00,42,val,0.223,0.217488
Selhausen,2022-09-08 07:00:00,42,val,0.223,0.22642846
Selhausen,2022-09-08 08:00:00,42,val,0.219,0.22975178
Selhausen,2022-09-08 09:00:00,42,val,0.219,0.23075601
Selhausen,2022-09-08 10:00:00,42,val,0.222,0.23214635
Selhausen,2022-09-08 11:00:00,42,val,0.226,0.23174646
Selhausen,2022-09-08 12:00:00,42,val,0.224,0.23157386
Selhausen,2022-09-08 13:00:00,42,val,0.225,0.23065123
Selhausen,2022-09-08 14:00:00,42,val,0.231,0.23030086
Selhausen,2022-09-08 15:00:00,42,val,0.229,0.22965436
Selhausen,2022-09-08 16:00:00,42,val,0.229,0.22883172
Selhausen,2022-09-08 17:00:00,42,val,0.237,0.22834799
Selhausen,2022-09-08 18:00:00,42,val,0.231,0.2284327
Selhausen,2022-09-08 19:00:00,42,val,0.233,0.22797376
Selhausen,2022-09-08 20:00:00,42,val,0.231,0.22705075
Selhausen,2022-09-08 21:00:00,42,val,0.234,0.22666503
Selhausen,2022-09-08 22:00:00,42,val,0.234,0.22652017
Selhausen,2022-09-08 23:00:00,42,val,0.231,0.22715981
Selhausen,2022-09-09 00:00:00,42,val,0.233,0.22636026
Selhausen,2022-09-09 01:00:00,42,val,0.232,0.22502248
Selhausen,2022-09-09 02:00:00,42,val,0.232,0.22362149
Selhausen,2022-09-09 03:00:00,42,val,0.234,0.22229576
Selhausen,2022-09-09 04:00:00,42,val,0.232,0.22126794
Selhausen,2022-09-09 05:00:00,42,val,0.232,0.22050549
Selhausen,2022-09-09 06:00:00,42,val,0.232,0.2195254
Selhausen,2022-09-09 07:00:00,42,val,0.228,0.21890534
Selhausen,2022-09-09 08:00:00,42,val,0.231,0.21882902
Selhausen,2022-09-09 09:00:00,42,val,0.233,0.21996653
Selhausen,2022-09-24 06:00:00,42,val,0.254,0.24429052
Selhausen,2022-09-24 07:00:00,42,val,0.246,0.24401891
Selhausen,2022-09-24 08:00:00,42,val,0.251,0.24478865
Selhausen,2022-09-24 09:00:00,42,val,0.252,0.24575776
Selhausen,2022-09-24 10:00:00,42,val,0.253,0.24808241
Selhausen,2022-09-24 11:00:00,42,val,0.245,0.24893397
Selhausen,2022-09-24 12:00:00,42,val,0.25,0.24982452
Selhausen,2022-09-24 13:00:00,42,val,0.245,0.2510947
Selhausen,2022-09-24 14:00:00,42,val,0.251,0.25262958
Selhausen,2022-09-24 15:00:00,42,val,0.25,0.2523683
Selhausen,2022-09-24 16:00:00,42,val,0.248,0.25178188
Selhausen,2022-09-24 17:00:00,42,val,0.25,0.25090933
Selhausen,2022-09-24 18:00:00,42,val,0.247,0.24926999
Selhausen,2022-09-24 19:00:00,42,val,0.251,0.24948446
Selhausen,2022-09-24 20:00:00,42,val,0.249,0.24948226
Selhausen,2022-09-24 21:00:00,42,val,0.247,0.24980552
Selhausen,2022-09-24 22:00:00,42,val,0.251,0.24982859
Selhausen,2022-09-24 23:00:00,42,val,0.252,0.2496929
Selhausen,2022-09-25 00:00:00,42,val,0.2425,0.24894273
Selhausen,2022-09-25 01:00:00,42,val,0.259,0.24817142
Selhausen,2022-09-25 02:00:00,42,val,0.258,0.24764508
Selhausen,2022-09-25 03:00:00,42,val,0.256,0.24680363
Selhausen,2022-10-04 04:00:00,42,val,0.22,0.21309505
Selhausen,2022-10-04 05:00:00,42,val,0.222,0.21240242
Selhausen,2022-10-04 06:00:00,42,val,0.218,0.21201068
Selhausen,2022-10-04 07:00:00,42,val,0.221,0.21264014
Selhausen,2022-10-04 08:00:00,42,val,0.218,0.21350883
Selhausen,2022-10-04 09:00:00,42,val,0.219,0.21517962
Selhausen,2022-10-04 10:00:00,42,val,0.22,0.21723011
Selhausen,2022-10-04 11:00:00,42,val,0.219,0.21888395
Selhausen,2022-10-04 12:00:00,42,val,0.223,0.21997571
Selhausen,2022-10-04 13:00:00,42,val,0.224,0.22048137
Selhausen,2022-10-04 14:00:00,42,val,0.223,0.2210321
Selhausen,2022-10-04 15:00:00,42,val,0.222,0.22222036
Selhausen,2022-10-04 16:00:00,42,val,0.223,0.22427915
Selhausen,2022-10-04 17:00:00,42,val,0.219,0.22596453
Selhausen,2022-10-04 18:00:00,42,val,0.218,0.22630979
Selhausen,2022-10-04 19:00:00,42,val,0.217,0.22495124
Selhausen,2022-10-04 20:00:00,42,val,0.221,0.2236579
Selhausen,2022-10-04 21:00:00,42,val,0.222,0.22198474
Selhausen,2022-10-04 22:00:00,42,val,0.217,0.21976972
Selhausen,2022-10-04 23:00:00,42,val,0.215,0.2191325
Selhausen,2022-10-05 00:00:00,42,val,0.221,0.21737604
Selhausen,2022-10-05 01:00:00,42,val,0.211,0.21647169
Selhausen,2022-10-05 02:00:00,42,val,0.216,0.21597855
Selhausen,2022-10-05 03:00:00,42,val,0.217,0.21390596
Selhausen,2022-10-05 04:00:00,42,val,0.217,0.21173905
Selhausen,2022-10-05 05:00:00,42,val,0.215,0.2101142
Selhausen,2022-10-13 01:00:00,42,val,0.2,0.19240037
Selhausen,2022-10-13 02:00:00,42,val,0.199,0.19455752
Selhausen,2022-10-13 03:00:00,42,val,0.184,0.19507259
Selhausen,2022-10-13 04:00:00,42,val,0.201,0.19195461
Selhausen,2022-10-13 05:00:00,42,val,0.196,0.18966906
Selhausen,2022-10-13 06:00:00,42,val,0.165,0.1885048
Selhausen,2022-10-13 07:00:00,42,val,0.205,0.18838902
Selhausen,2022-10-13 08:00:00,42,val,0.1845,0.18908612
Selhausen,2022-10-13 09:00:00,42,val,0.204,0.19051567
Selhausen,2022-10-13 10:00:00,42,val,0.197,0.19207093
Selhausen,2022-10-13 11:00:00,42,val,0.205,0.19386832
Selhausen,2022-10-13 12:00:00,42,val,0.202,0.19577071
Selhausen,2022-10-13 13:00:00,42,val,0.203,0.19759615
Selhausen,2022-10-13 14:00:00,42,val,0.201,0.20182177
Selhausen,2022-10-13 15:00:00,42,val,0.2,0.20346268
Selhausen,2022-10-13 16:00:00,42,val,0.2,0.2039269
Selhausen,2022-10-13 17:00:00,42,val,0.206,0.20345952
Selhausen,2022-10-13 18:00:00,42,val,0.187,0.20119658
Selhausen,2022-10-13 19:00:00,42,val,0.205,0.19826731
Selhausen,2022-10-13 20:00:00,42,val,0.204,0.1955585
Selhausen,2022-10-13 21:00:00,42,val,0.2225,0.19467233
Selhausen,2022-10-13 22:00:00,42,val,0.1835,0.19830382
Selhausen,2022-10-13 23:00:00,42,val,0.198,0.2007552
Selhausen,2022-10-14 00:00:00,42,val,0.206,0.20148155
Selhausen,2022-10-14 01:00:00,42,val,0.207,0.20105442
Selhausen,2022-10-14 02:00:00,42,val,0.201,0.19975942
Selhausen,2022-10-14 03:00:00,42,val,0.205,0.19856097
Selhausen,2022-10-14 04:00:00,42,val,0.204,0.19803768
Selhausen,2022-10-14 05:00:00,42,val,0.201,0.19787782
Selhausen,2022-10-14 06:00:00,42,val,0.2,0.19724351
Selhausen,2022-10-14 07:00:00,42,val,0.199,0.1994144
Selhausen,2022-10-14 08:00:00,42,val,0.2,0.1998421
Selhausen,2022-10-14 09:00:00,42,val,0.198,0.19980888
Selhausen,2022-10-14 10:00:00,42,val,0.2,0.19934115
Selhausen,2022-10-14 11:00:00,42,val,0.201,0.1990237
Selhausen,2022-10-14 12:00:00,42,val,0.201,0.19932097
Selhausen,2022-10-14 13:00:00,42,val,0.203,0.19960769
Selhausen,2022-10-14 14:00:00,42,val,0.202,0.20075351
Selhausen,2022-10-14 15:00:00,42,val,0.204,0.20194563
Selhausen,2022-10-14 16:00:00,42,val,0.253,0.20217572
Selhausen,2022-10-14 17:00:00,42,val,0.202,0.2019964
Selhausen,2022-10-14 18:00:00,42,val,0.203,0.20117328
Selhausen,2022-10-14 19:00:00,42,val,0.203,0.20087485
Selhausen,2022-10-14 20:00:00,42,val,0.208,0.20042561
Selhausen,2022-10-14 21:00:00,42,val,0.202,0.19953804
Selhausen,2022-10-14 22:00:00,42,val,0.204,0.19863302
Selhausen,2022-10-14 23:00:00,42,val,0.201,0.19819129
Selhausen,2022-10-15 00:00:00,42,val,0.206,0.19453658
Selhausen,2022-10-15 01:00:00,42,val,0.201,0.1926948
Selhausen,2022-10-15 02:00:00,42,val,0.203,0.19233614
Selhausen,2022-10-15 03:00:00,42,val,0.208,0.19023904
Selhausen,2022-10-15 04:00:00,42,val,0.209,0.1902182
Selhausen,2022-10-15 05:00:00,42,val,0.203,0.19038996
Selhausen,2022-10-15 06:00:00,42,val,0.201,0.18508105
Selhausen,2022-10-15 07:00:00,42,val,0.204,0.18479364
Selhausen,2022-10-15 08:00:00,42,val,0.226,0.1841265
Selhausen,2022-10-15 09:00:00,42,val,0.203,0.18686779
Selhausen,2022-10-15 10:00:00,42,val,0.225,0.1899901
Selhausen,2022-10-15 11:00:00,42,val,0.203,0.19423155
Selhausen,2022-10-15 12:00:00,42,val,0.204,0.19787131
Selhausen,2022-10-15 13:00:00,42,val,0.204,0.20082985
Selhausen,2022-10-15 14:00:00,42,val,0.205,0.20270878
Selhausen,2022-10-15 15:00:00,42,val,0.203,0.2117698
Selhausen,2022-10-15 16:00:00,42,val,0.205,0.21408968
Selhausen,2022-10-15 17:00:00,42,val,0.204,0.21356244
Selhausen,2022-10-15 18:00:00,42,val,0.2265,0.20723306
Selhausen,2022-10-15 19:00:00,42,val,0.189,0.20241351
Selhausen,2022-10-15 20:00:00,42,val,0.204,0.19909057
Selhausen,2022-10-15 21:00:00,42,val,0.201,0.20038581
Selhausen,2022-10-15 22:00:00,42,val,0.203,0.19722465
Selhausen,2022-10-15 23:00:00,42,val,0.205,0.194979
Selhausen,2022-10-16 00:00:00,42,val,0.209,0.19506395
Selhausen,2022-10-16 01:00:00,42,val,0.203,0.19627555
Selhausen,2022-10-16 02:00:00,42,val,0.203,0.1965346
Selhausen,2022-10-16 03:00:00,42,val,0.21,0.19721961
Selhausen,2022-10-16 04:00:00,42,val,0.23,0.19772047
Selhausen,2022-10-16 05:00:00,42,val,0.241,0.1971016
Selhausen,2022-10-16 06:00:00,42,val,0.233,0.1957645
Selhausen,2022-10-16 07:00:00,42,val,0.244,0.19449854
Selhausen,2022-10-16 08:00:00,42,val,0.243,0.19408484
Selhausen,2022-10-16 09:00:00,42,val,0.248,0.19403255
Selhausen,2022-10-16 10:00:00,42,val,0.25,0.19460057
Selhausen,2022-10-16 11:00:00,42,val,0.244,0.19575366
Selhausen,2022-10-16 12:00:00,42,val,0.243,0.19716455
Selhausen,2022-10-16 13:00:00,42,val,0.247,0.19896899
Selhausen,2022-10-16 14:00:00,42,val,0.249,0.20059268
Selhausen,2022-10-16 15:00:00,42,val,0.249,0.2021978
Selhausen,2022-10-16 16:00:00,42,val,0.247,0.21201314
Selhausen,2022-10-16 17:00:00,42,val,0.247,0.21484414
Selhausen,2022-10-16 18:00:00,42,val,0.242,0.21389414
Selhausen,2022-10-16 19:00:00,42,val,0.251,0.21112046
Selhausen,2022-10-16 20:00:00,42,val,0.241,0.20875362
Selhausen,2022-10-16 21:00:00,42,val,0.235,0.20588288
Selhausen,2022-10-16 22:00:00,42,val,0.261,0.20353866
Selhausen,2022-10-16 23:00:00,42,val,0.241,0.20150806
Selhausen,2022-10-17 00:00:00,42,val,0.256,0.20110255
Selhausen,2022-11-04 03:00:00,42,val,0.2115,0.19384168
Selhausen,2022-11-04 04:00:00,42,val,0.204,0.1920844
Selhausen,2022-11-04 05:00:00,42,val,0.1935,0.19016144
Selhausen,2022-11-04 06:00:00,42,val,0.206,0.18873973
Selhausen,2022-11-04 07:00:00,42,val,0.197,0.18798342
Selhausen,2022-11-04 08:00:00,42,val,0.199,0.1879529
Selhausen,2022-11-04 09:00:00,42,val,0.1955,0.18882695
Selhausen,2022-11-04 10:00:00,42,val,0.209,0.19108753
Selhausen,2022-11-04 11:00:00,42,val,0.208,0.19419414
Selhausen,2022-11-04 12:00:00,42,val,0.202,0.19542266
Selhausen,2022-11-04 13:00:00,42,val,0.211,0.19517817
Selhausen,2022-11-04 14:00:00,42,val,0.209,0.19664508
Selhausen,2022-11-04 15:00:00,42,val,0.213,0.1964593
Selhausen,2022-11-04 16:00:00,42,val,0.202,0.19506533
Selhausen,2022-11-04 17:00:00,42,val,0.1965,0.19092003
Selhausen,2022-11-04 18:00:00,42,val,0.205,0.18643406
Selhausen,2022-11-04 19:00:00,42,val,0.214,0.18475388
Selhausen,2022-11-04 20:00:00,42,val,0.199,0.18470745
Selhausen,2022-11-04 21:00:00,42,val,0.209,0.18658282
Selhausen,2022-11-04 22:00:00,42,val,0.1865,0.18897064
Selhausen,2022-11-04 23:00:00,42,val,0.188,0.19061677
Selhausen,2022-11-05 00:00:00,42,val,0.212,0.1887342
Selhausen,2022-11-05 01:00:00,42,val,0.2195,0.18784526
Selhausen,2022-11-05 02:00:00,42,val,0.215,0.18723045
Selhausen,2022-11-05 03:00:00,42,val,0.189,0.18695389
Selhausen,2022-11-05 04:00:00,42,val,0.186,0.18664688
Selhausen,2022-11-05 05:00:00,42,val,0.198,0.18561338
Selhausen,2022-11-05 06:00:00,42,val,0.21,0.18552878
Selhausen,2022-11-05 07:00:00,42,val,0.209,0.18724269
Selhausen,2022-11-05 08:00:00,42,val,0.209,0.18837963
Selhausen,2022-11-05 09:00:00,42,val,0.2145,0.18648487
Selhausen,2022-11-05 10:00:00,42,val,0.206,0.18738775
Selhausen,2022-11-05 11:00:00,42,val,0.211,0.18610997
Selhausen,2022-11-05 12:00:00,42,val,0.202,0.18672568
Selhausen,2022-11-05 13:00:00,42,val,0.213,0.18881276
Selhausen,2022-11-05 14:00:00,42,val,0.205,0.19035897
Selhausen,2022-11-05 15:00:00,42,val,0.206,0.19254163
Selhausen,2022-11-05 16:00:00,42,val,0.205,0.19353259
Selhausen,2022-11-05 17:00:00,42,val,0.196,0.19365895
Selhausen,2022-11-05 18:00:00,42,val,0.212,0.19573109
Selhausen,2022-11-05 19:00:00,42,val,0.21,0.19513126
Selhausen,2022-11-05 20:00:00,42,val,0.204,0.19353062
Selhausen,2022-11-05 21:00:00,42,val,0.214,0.19029208
Selhausen,2022-11-05 22:00:00,42,val,0.214,0.1905484
Selhausen,2022-11-05 23:00:00,42,val,0.211,0.19205436
Selhausen,2022-11-06 00:00:00,42,val,0.208,0.19359337
Selhausen,2022-11-06 01:00:00,42,val,0.214,0.19460146
Selhausen,2022-11-06 02:00:00,42,val,0.201,0.19330114
Selhausen,2022-11-06 03:00:00,42,val,0.198,0.19333154
Selhausen,2022-11-06 04:00:00,42,val,0.209,0.19271162
Selhausen,2022-11-06 05:00:00,42,val,0.213,0.1903452
Selhausen,2022-11-06 06:00:00,42,val,0.213,0.18901712
Selhausen,2022-11-06 07:00:00,42,val,0.214,0.18716678
Selhausen,2022-11-06 08:00:00,42,val,0.204,0.18615286
Selhausen,2022-11-06 09:00:00,42,val,0.211,0.18542841
Selhausen,2022-11-06 10:00:00,42,val,0.207,0.18738359
Selhausen,2022-11-06 11:00:00,42,val,0.205,0.19029182
Selhausen,2022-11-06 12:00:00,42,val,0.203,0.19222014
Selhausen,2022-11-06 13:00:00,42,val,0.205,0.19519746
Selhausen,2022-11-06 14:00:00,42,val,0.21,0.19728382
Selhausen,2022-11-06 15:00:00,42,val,0.215,0.20037961
Selhausen,2022-11-06 16:00:00,42,val,0.212,0.20251532
Selhausen,2022-11-06 17:00:00,42,val,0.209,0.19981115
Selhausen,2022-11-06 18:00:00,42,val,0.208,0.19670114
Selhausen,2022-11-06 19:00:00,42,val,0.203,0.19600707
Selhausen,2022-11-06 20:00:00,42,val,0.206,0.19417961
Selhausen,2022-11-06 21:00:00,42,val,0.211,0.19425541
Selhausen,2022-11-06 22:00:00,42,val,0.2,0.19158067
Selhausen,2022-11-06 23:00:00,42,val,0.2155,0.1884889
Selhausen,2022-11-07 00:00:00,42,val,0.199,0.18940306
Selhausen,2022-11-07 01:00:00,42,val,0.204,0.1935341
Selhausen,2022-11-07 02:00:00,42,val,0.2,0.19805156
Selhausen,2022-11-07 03:00:00,42,val,0.197,0.19783533
Selhausen,2022-11-07 04:00:00,42,val,0.191,0.19454776
Selhausen,2022-11-07 05:00:00,42,val,0.201,0.19196856
Selhausen,2022-11-07 06:00:00,42,val,0.191,0.19220585
Selhausen,2022-11-07 07:00:00,42,val,0.21,0.19380069
Selhausen,2022-11-07 08:00:00,42,val,0.211,0.19587918
Selhausen,2022-11-07 09:00:00,42,val,0.209,0.1988783
Selhausen,2022-11-07 10:00:00,42,val,0.207,0.20024331
Selhausen,2022-11-07 11:00:00,42,val,0.208,0.20209879
Selhausen,2022-11-07 12:00:00,42,val,0.209,0.20234104
Selhausen,2022-11-07 13:00:00,42,val,0.202,0.2027698
Selhausen,2022-11-07 14:00:00,42,val,0.214,0.20187594
Selhausen,2022-11-07 15:00:00,42,val,0.212,0.20051189
Selhausen,2022-11-07 16:00:00,42,val,0.204,0.19879942
Selhausen,2022-11-07 17:00:00,42,val,0.211,0.19560207
Selhausen,2022-11-07 18:00:00,42,val,0.201,0.19508085
Selhausen,2022-11-07 19:00:00,42,val,0.206,0.19565484
Selhausen,2022-11-07 20:00:00,42,val,0.204,0.19580965
Selhausen,2022-11-07 21:00:00,42,val,0.204,0.19655094
Selhausen,2022-11-07 22:00:00,42,val,0.205,0.19793642
Selhausen,2022-11-07 23:00:00,42,val,0.2,0.19922952
Selhausen,2022-11-08 00:00:00,42,val,0.201,0.19997704
Selhausen,2022-11-08 01:00:00,42,val,0.212,0.20112649
Selhausen,2022-11-08 02:00:00,42,val,0.201,0.19996569
Selhausen,2022-11-08 03:00:00,42,val,0.215,0.19682291
Selhausen,2022-11-08 04:00:00,42,val,0.213,0.19531728
Selhausen,2022-11-08 05:00:00,42,val,0.199,0.19531548
Selhausen,2022-11-08 06:00:00,42,val,0.21,0.19579867
Selhausen,2022-11-08 07:00:00,42,val,0.204,0.19676529
Selhausen,2022-11-08 08:00:00,42,val,0.202,0.19642726
Selhausen,2022-11-08 09:00:00,42,val,0.213,0.19698985
Selhausen,2022-11-08 10:00:00,42,val,0.211,0.19735765
Selhausen,2022-11-08 11:00:00,42,val,0.202,0.19733985
Selhausen,2022-11-08 12:00:00,42,val,0.201,0.19674861
Selhausen,2022-11-08 13:00:00,42,val,0.206,0.19671828
Selhausen,2022-11-08 14:00:00,42,val,0.207,0.19777201
Selhausen,2022-11-08 15:00:00,42,val,0.201,0.20002559
Selhausen,2022-11-08 16:00:00,42,val,0.204,0.20169736
Selhausen,2022-11-08 17:00:00,42,val,0.212,0.20249185
Selhausen,2022-11-08 18:00:00,42,val,0.212,0.20247976
Selhausen,2022-11-08 19:00:00,42,val,0.202,0.2012654
Selhausen,2022-11-08 20:00:00,42,val,0.202,0.20019253
Selhausen,2022-11-08 21:00:00,42,val,0.201,0.20027706
Selhausen,2022-11-08 22:00:00,42,val,0.21,0.1992107
Selhausen,2022-11-08 23:00:00,42,val,0.203,0.19993217
Selhausen,2022-11-09 00:00:00,42,val,0.196,0.19971237
Selhausen,2022-11-09 01:00:00,42,val,0.209,0.19938926
Selhausen,2022-11-09 02:00:00,42,val,0.206,0.19859284
Selhausen,2022-11-09 03:00:00,42,val,0.205,0.19675796
Selhausen,2022-11-09 04:00:00,42,val,0.209,0.19399893
Selhausen,2022-11-09 05:00:00,42,val,0.202,0.19264689
Selhausen,2022-11-09 06:00:00,42,val,0.198,0.1989427
Selhausen,2022-11-09 07:00:00,42,val,0.204,0.20250909
Selhausen,2022-11-09 08:00:00,42,val,0.208,0.20353298
Selhausen,2022-11-09 09:00:00,42,val,0.207,0.20337074
Selhausen,2022-11-09 10:00:00,42,val,0.201,0.20232968
Selhausen,2022-11-09 11:00:00,42,val,0.207,0.20132533
Selhausen,2022-11-09 12:00:00,42,val,0.204,0.20061088
Selhausen,2022-11-09 13:00:00,42,val,0.203,0.19921146
Selhausen,2022-11-09 14:00:00,42,val,0.203,0.19947287
Selhausen,2022-11-09 15:00:00,42,val,0.209,0.20026794
Selhausen,2022-11-09 16:00:00,42,val,0.202,0.19966915
Selhausen,2022-11-09 17:00:00,42,val,0.204,0.19931708
Selhausen,2022-11-09 18:00:00,42,val,0.209,0.19759348
Selhausen,2022-11-09 19:00:00,42,val,0.194,0.19623673
Selhausen,2022-11-09 20:00:00,42,val,0.21,0.19515975
Selhausen,2022-11-09 21:00:00,42,val,0.205,0.19458564
Selhausen,2022-11-09 22:00:00,42,val,0.2,0.19452761
Selhausen,2022-11-09 23:00:00,42,val,0.208,0.19399287
Selhausen,2022-11-10 00:00:00,42,val,0.201,0.19348645
Selhausen,2022-11-10 01:00:00,42,val,0.208,0.19470043
Selhausen,2022-11-10 02:00:00,42,val,0.203,0.19479418
Selhausen,2022-11-10 03:00:00,42,val,0.203,0.1961279
Selhausen,2022-11-10 04:00:00,42,val,0.206,0.19758281
Selhausen,2022-11-10 05:00:00,42,val,0.202,0.19652618
Selhausen,2022-11-10 06:00:00,42,val,0.203,0.19594876
Selhausen,2022-11-10 07:00:00,42,val,0.199,0.19486204
Selhausen,2022-11-10 08:00:00,42,val,0.202,0.19370162
Selhausen,2022-11-10 09:00:00,42,val,0.202,0.19475387
Selhausen,2022-11-10 10:00:00,42,val,0.205,0.19645722
Selhausen,2022-11-10 11:00:00,42,val,0.208,0.19683741
Selhausen,2022-11-10 12:00:00,42,val,0.201,0.19623494
Selhausen,2022-11-10 13:00:00,42,val,0.201,0.19631097
Selhausen,2022-11-10 14:00:00,42,val,0.194,0.19696532
Selhausen,2022-11-10 15:00:00,42,val,0.205,0.19643693
Selhausen,2022-11-10 16:00:00,42,val,0.2,0.19572327
Selhausen,2022-11-10 17:00:00,42,val,0.202,0.19618286
Selhausen,2022-11-10 18:00:00,42,val,0.205,0.19665307
Selhausen,2022-11-10 19:00:00,42,val,0.202,0.19554287
Selhausen,2022-11-10 20:00:00,42,val,0.206,0.19332488
Selhausen,2022-11-10 21:00:00,42,val,0.201,0.19070971
Selhausen,2022-11-10 22:00:00,42,val,0.202,0.18975163
Selhausen,2022-11-10 23:00:00,42,val,0.206,0.18876235
Selhausen,2022-11-11 00:00:00,42,val,0.2,0.18710816
Selhausen,2022-11-11 01:00:00,42,val,0.203,0.18665409
Selhausen,2022-11-11 02:00:00,42,val,0.202,0.1863356
Selhausen,2022-11-11 03:00:00,42,val,0.204,0.1862289
Selhausen,2022-11-11 04:00:00,42,val,0.203,0.18619443
Selhausen,2022-11-11 05:00:00,42,val,0.203,0.18553846
Selhausen,2022-11-11 06:00:00,42,val,0.2,0.18414502
Selhausen,2022-11-11 07:00:00,42,val,0.198,0.18386403
Selhausen,2022-11-11 08:00:00,42,val,0.202,0.18504655
Selhausen,2022-11-11 09:00:00,42,val,0.201,0.18706961
Selhausen,2022-11-11 10:00:00,42,val,0.201,0.18843184
Selhausen,2022-11-11 11:00:00,42,val,0.204,0.1904342
Selhausen,2022-11-11 12:00:00,42,val,0.2,0.19213864
Selhausen,2022-11-11 13:00:00,42,val,0.203,0.19319688
Selhausen,2022-11-11 14:00:00,42,val,0.2,0.19386183
Selhausen,2022-11-11 15:00:00,42,val,0.204,0.19508824
Selhausen,2022-11-11 16:00:00,42,val,0.1915,0.1947863
Selhausen,2022-11-11 17:00:00,42,val,0.204,0.1936371
Selhausen,2022-11-11 18:00:00,42,val,0.202,0.19255461
Selhausen,2022-11-11 19:00:00,42,val,0.202,0.18943796
Selhausen,2022-11-11 20:00:00,42,val,0.203,0.18832149
Selhausen,2022-11-11 21:00:00,42,val,0.2,0.18736845
Selhausen,2022-11-11 22:00:00,42,val,0.201,0.18586421
Selhausen,2022-11-11 23:00:00,42,val,0.197,0.18549772
Selhausen,2022-11-12 00:00:00,42,val,0.198,0.18487243
Selhausen,2022-11-12 01:00:00,42,val,0.201,0.18485342
Selhausen,2022-11-12 02:00:00,42,val,0.201,0.18447354
Selhausen,2022-11-12 03:00:00,42,val,0.2,0.18463479
Selhausen,2022-11-12 04:00:00,42,val,0.198,0.18471411
Selhausen,2022-11-12 05:00:00,42,val,0.198,0.18423352
Selhausen,2022-11-12 06:00:00,42,val,0.199,0.18390562
Selhausen,2022-11-12 07:00:00,42,val,0.198,0.18328673
Selhausen,2022-11-12 08:00:00,42,val,0.2,0.18348779
Selhausen,2022-11-12 09:00:00,42,val,0.197,0.18445235
Selhausen,2022-11-12 10:00:00,42,val,0.198,0.18626912
Selhausen,2022-11-12 11:00:00,42,val,0.2,0.18884887
Selhausen,2022-11-12 12:00:00,42,val,0.199,0.19046065
Selhausen,2022-11-12 13:00:00,42,val,0.202,0.1912105
Selhausen,2022-11-12 14:00:00,42,val,0.203,0.19038646
Selhausen,2022-11-12 15:00:00,42,val,0.2,0.19072282
Selhausen,2022-11-12 16:00:00,42,val,0.2,0.19027857
Selhausen,2022-11-12 17:00:00,42,val,0.199,0.18997765
Selhausen,2022-11-12 18:00:00,42,val,0.203,0.19010833
Selhausen,2022-11-12 19:00:00,42,val,0.2,0.18984975
Selhausen,2022-11-12 20:00:00,42,val,0.2,0.1901626
Selhausen,2022-11-12 21:00:00,42,val,0.198,0.189737
Selhausen,2022-11-12 22:00:00,42,val,0.2,0.18938304
Selhausen,2022-11-12 23:00:00,42,val,0.189,0.18975063
Selhausen,2022-11-13 00:00:00,42,val,0.1895,0.18938613
Selhausen,2022-11-13 01:00:00,42,val,0.203,0.18921904
Selhausen,2022-11-13 02:00:00,42,val,0.181,0.18876332
Selhausen,2022-11-13 03:00:00,42,val,0.205,0.18852858
Selhausen,2022-11-13 04:00:00,42,val,0.2035,0.18808413
Selhausen,2022-11-13 05:00:00,42,val,0.1795,0.18719254
Selhausen,2022-11-13 06:00:00,42,val,0.198,0.18584616
Selhausen,2022-11-13 07:00:00,42,val,0.1895,0.1843131
Selhausen,2022-11-13 08:00:00,42,val,0.2,0.183903
Selhausen,2022-11-13 09:00:00,42,val,0.1925,0.18433025
Selhausen,2022-11-13 10:00:00,42,val,0.203,0.18536037
Selhausen,2022-11-13 11:00:00,42,val,0.189,0.18715629
Selhausen,2022-11-13 12:00:00,42,val,0.202,0.18858501
Selhausen,2022-11-13 13:00:00,42,val,0.2,0.19013616
Selhausen,2022-11-13 14:00:00,42,val,0.206,0.19105566
Selhausen,2022-11-13 15:00:00,42,val,0.197,0.19204998
Selhausen,2022-11-13 16:00:00,42,val,0.198,0.19057336
Selhausen,2022-11-13 17:00:00,42,val,0.198,0.18948932
Selhausen,2022-11-13 18:00:00,42,val,0.197,0.18800376
Selhausen,2022-11-13 19:00:00,42,val,0.201,0.18632326
Selhausen,2022-11-13 20:00:00,42,val,0.204,0.18476763
Selhausen,2022-11-13 21:00:00,42,val,0.201,0.18384385
Selhausen,2022-11-13 22:00:00,42,val,0.201,0.18321252
Selhausen,2022-11-13 23:00:00,42,val,0.205,0.18344264
Selhausen,2022-11-14 00:00:00,42,val,0.206,0.18287386
Selhausen,2022-11-14 01:00:00,42,val,0.205,0.18224628
Selhausen,2022-11-14 02:00:00,42,val,0.212,0.18191603
Selhausen,2022-11-14 03:00:00,42,val,0.223,0.18150556
Selhausen,2022-11-14 04:00:00,42,val,0.234,0.18138143
Selhausen,2022-11-14 05:00:00,42,val,0.238,0.18047038
Selhausen,2022-11-14 06:00:00,42,val,0.258,0.17989384
Selhausen,2022-11-14 07:00:00,42,val,0.251,0.17933841
Selhausen,2022-11-14 08:00:00,42,val,0.252,0.17962912
Selhausen,2022-11-14 09:00:00,42,val,0.26,0.18025926
Selhausen,2022-11-14 10:00:00,42,val,0.248,0.18140371
Selhausen,2022-11-14 11:00:00,42,val,0.267,0.18305178
Selhausen,2022-11-14 12:00:00,42,val,0.26,0.18478648
Selhausen,2022-11-14 13:00:00,42,val,0.266,0.1867334
Selhausen,2022-11-14 14:00:00,42,val,0.251,0.18852073
Selhausen,2022-11-14 15:00:00,42,val,0.259,0.18921764
Selhausen,2022-11-14 16:00:00,42,val,0.261,0.18912935
Selhausen,2022-11-14 17:00:00,42,val,0.247,0.18861069
Selhausen,2022-11-14 18:00:00,42,val,0.248,0.18844159
Selhausen,2022-11-14 19:00:00,42,val,0.261,0.18796298
Selhausen,2022-11-14 20:00:00,42,val,0.255,0.18761642
Selhausen,2022-11-14 21:00:00,42,val,0.245,0.18731074
Selhausen,2022-11-14 22:00:00,42,val,0.244,0.18752463
Selhausen,2022-11-14 23:00:00,42,val,0.234,0.1867907
Selhausen,2022-11-15 00:00:00,42,val,0.24,0.18637219
Selhausen,2022-11-15 01:00:00,42,val,0.245,0.18807195
Selhausen,2022-11-15 02:00:00,42,val,0.241,0.18747322
Selhausen,2022-11-15 03:00:00,42,val,0.252,0.18842201
Selhausen,2022-11-15 04:00:00,42,val,0.248,0.1901873
Selhausen,2022-11-15 05:00:00,42,val,0.249,0.18834308
Selhausen,2022-11-15 06:00:00,42,val,0.256,0.18737066
Selhausen,2022-11-15 07:00:00,42,val,0.2724999999999999,0.18536687
Selhausen,2022-11-15 08:00:00,42,val,0.267,0.18523477
Selhausen,2022-11-15 09:00:00,42,val,0.268,0.18491518
Selhausen,2022-11-15 10:00:00,42,val,0.264,0.18625896
Selhausen,2022-11-15 11:00:00,42,val,0.274,0.18583839
Selhausen,2022-11-15 12:00:00,42,val,0.284,0.18696068
Selhausen,2022-11-15 13:00:00,42,val,0.272,0.18838935
Selhausen,2022-11-15 14:00:00,42,val,0.263,0.19050927
Selhausen,2022-11-15 15:00:00,42,val,0.262,0.19104919
Selhausen,2022-11-15 16:00:00,42,val,0.269,0.19077659
Selhausen,2022-11-15 17:00:00,42,val,0.274,0.18992329
Selhausen,2022-11-15 18:00:00,42,val,0.274,0.19383517
Selhausen,2022-11-15 19:00:00,42,val,0.27,0.19465661
Selhausen,2022-11-15 20:00:00,42,val,0.254,0.19487908
Selhausen,2022-11-15 21:00:00,42,val,0.263,0.19496338
Selhausen,2022-11-15 22:00:00,42,val,0.264,0.19594753
Selhausen,2022-11-15 23:00:00,42,val,0.254,0.19738643
Selhausen,2022-11-16 00:00:00,42,val,0.26,0.19799834
Selhausen,2022-11-16 01:00:00,42,val,0.264,0.20088579
Selhausen,2022-11-16 02:00:00,42,val,0.2455,0.20489328
Selhausen,2022-11-16 03:00:00,42,val,0.258,0.20770743
Selhausen,2022-11-16 04:00:00,42,val,0.244,0.21296719
Selhausen,2022-11-16 05:00:00,42,val,0.265,0.21730432
Selhausen,2022-11-16 06:00:00,42,val,0.25,0.222505
Selhausen,2022-11-16 07:00:00,42,val,0.25,0.22638628
Selhausen,2022-11-16 08:00:00,42,val,0.26,0.22893679
Selhausen,2022-11-16 09:00:00,42,val,0.264,0.2318406
Selhausen,2022-11-16 10:00:00,42,val,0.259,0.23277646
Selhausen,2022-11-16 11:00:00,42,val,0.255,0.23529051
Selhausen,2022-11-16 12:00:00,42,val,0.261,0.23719282
Selhausen,2022-11-16 13:00:00,42,val,0.249,0.23937032
Selhausen,2022-11-16 14:00:00,42,val,0.252,0.23872276
Selhausen,2022-11-16 15:00:00,42,val,0.26,0.2380369
Selhausen,2022-11-16 16:00:00,42,val,0.261,0.23741555
Selhausen,2022-11-16 17:00:00,42,val,0.254,0.23438723
Selhausen,2022-11-16 18:00:00,42,val,0.254,0.23058227
Selhausen,2022-11-16 19:00:00,42,val,0.255,0.22916812
Selhausen,2022-11-16 20:00:00,42,val,0.252,0.22859736
Selhausen,2022-11-16 21:00:00,42,val,0.252,0.22742465
Selhausen,2022-11-16 22:00:00,42,val,0.256,0.22685505
Selhausen,2022-11-16 23:00:00,42,val,0.259,0.22478494
Selhausen,2022-11-17 00:00:00,42,val,0.259,0.22412357
Selhausen,2022-11-17 01:00:00,42,val,0.26,0.22632983
Selhausen,2022-11-17 02:00:00,42,val,0.261,0.22714809
Selhausen,2022-11-17 03:00:00,42,val,0.269,0.2290175
Selhausen,2022-11-17 04:00:00,42,val,0.288,0.23001018
Selhausen,2022-11-17 05:00:00,42,val,0.292,0.23051605
Selhausen,2022-11-17 06:00:00,42,val,0.299,0.23361512
Selhausen,2022-11-17 07:00:00,42,val,0.309,0.23770891
Selhausen,2022-11-17 08:00:00,42,val,0.308,0.24094713
Selhausen,2022-11-17 09:00:00,42,val,0.296,0.24341184
Selhausen,2022-11-17 10:00:00,42,val,0.299,0.24434653
Selhausen,2022-11-17 11:00:00,42,val,0.298,0.2459929
Selhausen,2022-11-17 12:00:00,42,val,0.301,0.249519
Selhausen,2022-11-17 13:00:00,42,val,0.301,0.25119957
Selhausen,2022-11-17 14:00:00,42,val,0.297,0.25002968
Selhausen,2022-11-17 15:00:00,42,val,0.295,0.24738914
Selhausen,2022-11-17 16:00:00,42,val,0.291,0.24536872
Selhausen,2022-11-17 17:00:00,42,val,0.291,0.2445067
Selhausen,2022-11-17 18:00:00,42,val,0.289,0.24389577
Selhausen,2022-11-17 19:00:00,42,val,0.288,0.24303995
Selhausen,2022-11-17 20:00:00,42,val,0.288,0.23957402
Selhausen,2022-11-17 21:00:00,42,val,0.281,0.23682164
Selhausen,2022-11-17 22:00:00,42,val,0.284,0.23548265
Selhausen,2022-11-17 23:00:00,42,val,0.286,0.23399985
Selhausen,2022-11-18 00:00:00,42,val,0.282,0.23374441
Selhausen,2022-11-18 01:00:00,42,val,0.281,0.23475975
Selhausen,2022-11-18 02:00:00,42,val,0.285,0.23309328
Selhausen,2022-11-18 03:00:00,42,val,0.282,0.23217393
Selhausen,2022-11-18 04:00:00,42,val,0.276,0.23014508
Selhausen,2022-11-18 05:00:00,42,val,0.285,0.2309726
Selhausen,2022-11-18 06:00:00,42,val,0.284,0.23085314
Selhausen,2022-11-18 07:00:00,42,val,0.279,0.23008431
Selhausen,2022-11-18 08:00:00,42,val,0.278,0.23074153
Selhausen,2022-11-18 09:00:00,42,val,0.28,0.2327033
Selhausen,2022-11-18 10:00:00,42,val,0.282,0.23410448
Selhausen,2022-11-18 11:00:00,42,val,0.279,0.23455638
Selhausen,2022-11-18 12:00:00,42,val,0.278,0.23534861
Selhausen,2022-11-18 13:00:00,42,val,0.282,0.23437692
Selhausen,2022-11-18 14:00:00,42,val,0.275,0.2330681
Selhausen,2022-11-18 15:00:00,42,val,0.279,0.23286647
Selhausen,2022-11-18 16:00:00,42,val,0.283,0.23319368
Selhausen,2022-11-18 17:00:00,42,val,0.28,0.23251836
Selhausen,2022-11-18 18:00:00,42,val,0.277,0.23137368
Selhausen,2022-11-18 19:00:00,42,val,0.2955,0.23199844
Selhausen,2022-11-18 20:00:00,42,val,0.264,0.23331124
Selhausen,2022-11-18 21:00:00,42,val,0.28,0.2326097
Selhausen,2022-11-18 22:00:00,42,val,0.293,0.23189141
Selhausen,2022-11-18 23:00:00,42,val,0.262,0.2319617
Selhausen,2022-11-19 00:00:00,42,val,0.277,0.23258615
Selhausen,2022-11-19 01:00:00,42,val,0.284,0.23351415
Selhausen,2022-11-19 02:00:00,42,val,0.2714999999999999,0.23612478
Selhausen,2022-11-19 03:00:00,42,val,0.287,0.24115108
Selhausen,2022-11-19 04:00:00,42,val,0.2704999999999999,0.24757567
Selhausen,2022-11-19 05:00:00,42,val,0.292,0.25369662
Selhausen,2022-11-19 06:00:00,42,val,0.283,0.25886005
Selhausen,2022-11-19 07:00:00,42,val,0.283,0.2632202
Selhausen,2022-11-19 08:00:00,42,val,0.282,0.26685968
Selhausen,2022-11-19 09:00:00,42,val,0.283,0.26813143
Selhausen,2022-11-19 10:00:00,42,val,0.288,0.26793998
Selhausen,2022-11-19 11:00:00,42,val,0.279,0.26750657
Selhausen,2022-11-19 12:00:00,42,val,0.285,0.26685727
Selhausen,2022-11-19 13:00:00,42,val,0.29,0.26638475
Selhausen,2022-11-19 14:00:00,42,val,0.259,0.2655099
Selhausen,2022-11-19 15:00:00,42,val,0.264,0.26443285
Selhausen,2022-11-19 16:00:00,42,val,0.2865,0.2630228
Selhausen,2022-11-19 17:00:00,42,val,0.28,0.2617025
Selhausen,2022-11-19 18:00:00,42,val,0.274,0.26047447
Selhausen,2022-11-19 19:00:00,42,val,0.268,0.25940603
Selhausen,2022-11-19 20:00:00,42,val,0.279,0.25852552
Selhausen,2022-11-19 21:00:00,42,val,0.272,0.25696585
Selhausen,2022-11-19 22:00:00,42,val,0.283,0.25566417
Selhausen,2022-11-19 23:00:00,42,val,0.283,0.25499725
Selhausen,2022-11-20 00:00:00,42,val,0.278,0.25420618
Selhausen,2022-11-20 01:00:00,42,val,0.273,0.25336748
Selhausen,2022-11-20 02:00:00,42,val,0.267,0.2531107
Selhausen,2022-11-20 03:00:00,42,val,0.283,0.25282297
Selhausen,2022-11-20 04:00:00,42,val,0.279,0.25160083
Selhausen,2022-11-20 05:00:00,42,val,0.272,0.25139093
Selhausen,2022-11-20 06:00:00,42,val,0.277,0.25155994
Selhausen,2022-11-20 07:00:00,42,val,0.269,0.25113136
Selhausen,2022-11-20 08:00:00,42,val,0.282,0.25037217
Selhausen,2022-11-20 09:00:00,42,val,0.28,0.25003192
Selhausen,2022-11-20 10:00:00,42,val,0.274,0.2502697
Selhausen,2022-11-20 11:00:00,42,val,0.281,0.25029
Selhausen,2022-11-20 12:00:00,42,val,0.276,0.2501834
Selhausen,2022-11-20 13:00:00,42,val,0.273,0.25075004
Selhausen,2022-11-20 14:00:00,42,val,0.276,0.25045928
Selhausen,2022-11-20 15:00:00,42,val,0.277,0.25102174
Selhausen,2022-11-20 16:00:00,42,val,0.277,0.25416797
Selhausen,2022-11-20 17:00:00,42,val,0.278,0.25555068
Selhausen,2022-11-20 18:00:00,42,val,0.274,0.256372
Selhausen,2022-11-20 19:00:00,42,val,0.275,0.25918716
Selhausen,2022-11-20 20:00:00,42,val,0.272,0.25732192
Selhausen,2022-11-20 21:00:00,42,val,0.276,0.2555071
Selhausen,2022-11-20 22:00:00,42,val,0.278,0.25597954
Selhausen,2022-11-20 23:00:00,42,val,0.271,0.25360858
Selhausen,2022-11-21 00:00:00,42,val,0.277,0.25228915
Selhausen,2022-11-21 01:00:00,42,val,0.272,0.2524908
Selhausen,2022-11-21 02:00:00,42,val,0.266,0.25185287
Selhausen,2022-11-21 03:00:00,42,val,0.262,0.2530317
Selhausen,2022-11-21 04:00:00,42,val,0.242,0.252694
Selhausen,2022-11-21 05:00:00,42,val,0.261,0.2545422
Selhausen,2022-11-21 06:00:00,42,val,0.267,0.25574368
Selhausen,2022-11-21 07:00:00,42,val,0.263,0.25635347
Selhausen,2022-11-21 08:00:00,42,val,0.268,0.2564016
Selhausen,2022-11-21 09:00:00,42,val,0.263,0.2563971
Selhausen,2022-11-21 10:00:00,42,val,0.272,0.25714213
Selhausen,2022-11-21 11:00:00,42,val,0.273,0.2567163
Selhausen,2022-11-21 12:00:00,42,val,0.272,0.2573939
Selhausen,2022-11-21 13:00:00,42,val,0.266,0.25877476
Selhausen,2022-11-21 14:00:00,42,val,0.273,0.25526577
Selhausen,2022-11-21 15:00:00,42,val,0.263,0.25041723
Selhausen,2022-11-21 16:00:00,42,val,0.246,0.2492498
Selhausen,2022-12-05 04:00:00,42,val,0.301,0.24851748
Selhausen,2022-12-05 05:00:00,42,val,0.294,0.25397813
Selhausen,2022-12-05 06:00:00,42,val,0.299,0.2597449
Selhausen,2022-12-05 07:00:00,42,val,0.298,0.2585588
Selhausen,2022-12-05 08:00:00,42,val,0.296,0.26307783
Selhausen,2022-12-05 09:00:00,42,val,0.296,0.26878372
Selhausen,2022-12-05 10:00:00,42,val,0.294,0.27368698
Selhausen,2022-12-05 11:00:00,42,val,0.296,0.27855474
Selhausen,2022-12-05 12:00:00,42,val,0.296,0.283207
Selhausen,2022-12-05 13:00:00,42,val,0.296,0.28696537
Selhausen,2022-12-05 14:00:00,42,val,0.293,0.2899366
Selhausen,2022-12-05 15:00:00,42,val,0.295,0.29135516
Selhausen,2022-12-05 16:00:00,42,val,0.298,0.2918117
Selhausen,2022-12-05 17:00:00,42,val,0.296,0.2914714
Selhausen,2022-12-05 18:00:00,42,val,0.298,0.29040533
Selhausen,2022-12-05 19:00:00,42,val,0.294,0.28915894
Selhausen,2022-12-05 20:00:00,42,val,0.296,0.28860328
Selhausen,2022-12-05 21:00:00,42,val,0.294,0.28859824
Selhausen,2022-12-05 22:00:00,42,val,0.292,0.28932282
Selhausen,2022-12-05 23:00:00,42,val,0.292,0.2898749
Selhausen,2022-12-06 00:00:00,42,val,0.294,0.2901981
Selhausen,2022-12-06 01:00:00,42,val,0.293,0.29058358
Selhausen,2022-12-06 02:00:00,42,val,0.293,0.29064924
Selhausen,2022-12-06 03:00:00,42,val,0.295,0.2908948
Selhausen,2022-12-06 04:00:00,42,val,0.295,0.29042843
Selhausen,2022-12-06 05:00:00,42,val,0.293,0.28930044
Selhausen,2022-12-06 06:00:00,42,val,0.294,0.28782922
Selhausen,2022-12-06 07:00:00,42,val,0.292,0.28608546
Selhausen,2022-12-06 08:00:00,42,val,0.289,0.28462616
Selhausen,2022-12-06 09:00:00,42,val,0.292,0.28280753
Selhausen,2022-12-06 10:00:00,42,val,0.288,0.28128633
Selhausen,2022-12-06 11:00:00,42,val,0.293,0.27936944
Selhausen,2022-12-06 12:00:00,42,val,0.294,0.2781477
Selhausen,2022-12-06 13:00:00,42,val,0.293,0.27758896
Selhausen,2022-12-06 14:00:00,42,val,0.29,0.2769624
Selhausen,2022-12-06 15:00:00,42,val,0.293,0.27619943
Selhausen,2022-12-06 16:00:00,42,val,0.29,0.27568474
Selhausen,2022-12-06 17:00:00,42,val,0.291,0.274998
Selhausen,2022-12-06 18:00:00,42,val,0.29,0.2737548
Selhausen,2022-12-06 19:00:00,42,val,0.29,0.2725623
Selhausen,2022-12-06 20:00:00,42,val,0.29,0.27134234
Selhausen,2022-12-06 21:00:00,42,val,0.29,0.27042478
Selhausen,2022-12-06 22:00:00,42,val,0.288,0.26948383
Selhausen,2022-12-06 23:00:00,42,val,0.292,0.26951742
Selhausen,2022-12-07 00:00:00,42,val,0.289,0.26974595
Selhausen,2022-12-07 01:00:00,42,val,0.288,0.27046853
Selhausen,2022-12-07 02:00:00,42,val,0.288,0.2706514
Selhausen,2022-12-29 05:00:00,42,val,0.2714999999999999,0.26771006
Selhausen,2022-12-29 06:00:00,42,val,0.2985,0.2669035
Selhausen,2022-12-29 07:00:00,42,val,0.296,0.26722586
Selhausen,2022-12-29 08:00:00,42,val,0.2704999999999999,0.2685074
Selhausen,2022-12-29 09:00:00,42,val,0.296,0.26967952
Selhausen,2022-12-29 10:00:00,42,val,0.2764999999999999,0.2703309
Selhausen,2022-12-29 11:00:00,42,val,0.295,0.2706114
Selhausen,2022-12-29 12:00:00,42,val,0.293,0.27091706
Selhausen,2022-12-29 13:00:00,42,val,0.295,0.27092466
Selhausen,2022-12-29 14:00:00,42,val,0.2734999999999999,0.269566
Selhausen,2022-12-29 15:00:00,42,val,0.294,0.26731125
Selhausen,2022-12-29 16:00:00,42,val,0.308,0.26576215
Selhausen,2022-12-29 17:00:00,42,val,0.298,0.2637022
Selhausen,2022-12-29 18:00:00,42,val,0.2774999999999999,0.26173013
Selhausen,2022-12-29 19:00:00,42,val,0.293,0.26033428
Selhausen,2022-12-29 20:00:00,42,val,0.291,0.25919992
Selhausen,2022-12-29 21:00:00,42,val,0.29,0.25839636
Selhausen,2022-12-29 22:00:00,42,val,0.291,0.2583022
Selhausen,2022-12-29 23:00:00,42,val,0.291,0.25860968
Selhausen,2022-12-30 00:00:00,42,val,0.291,0.2591717
Selhausen,2022-12-30 01:00:00,42,val,0.291,0.26000008
Selhausen,2022-12-30 02:00:00,42,val,0.289,0.26043946
Selhausen,2022-12-30 03:00:00,42,val,0.287,0.26028308
Selhausen,2022-12-30 04:00:00,42,val,0.288,0.25962126
Selhausen,2022-12-30 05:00:00,42,val,0.288,0.25858167
Selhausen,2022-12-30 06:00:00,42,val,0.288,0.25863028
Selhausen,2022-12-30 07:00:00,42,val,0.286,0.25862318
Selhausen,2022-12-30 08:00:00,42,val,0.287,0.25871265
Selhausen,2022-12-30 09:00:00,42,val,0.287,0.2587566
Selhausen,2022-12-30 10:00:00,42,val,0.294,0.25840938
Selhausen,2022-12-30 11:00:00,42,val,0.285,0.2591389
Selhausen,2022-12-30 12:00:00,42,val,0.291,0.25887257
Selhausen,2022-12-30 13:00:00,42,val,0.286,0.25840384
Selhausen,2022-12-30 14:00:00,42,val,0.287,0.2591805
Selhausen,2022-12-30 15:00:00,42,val,0.286,0.25671023
Selhausen,2022-12-30 16:00:00,42,val,0.29,0.25546584
Selhausen,2022-12-30 17:00:00,42,val,0.29,0.25591633
Selhausen,2022-12-30 18:00:00,42,val,0.29,0.253125
Selhausen,2022-12-30 19:00:00,42,val,0.29,0.25426322
Selhausen,2022-12-30 20:00:00,42,val,0.29,0.257103
Selhausen,2022-12-30 21:00:00,42,val,0.29,0.25665212
Selhausen,2022-12-30 22:00:00,42,val,0.286,0.258669
Selhausen,2022-12-30 23:00:00,42,val,0.292,0.25905478
Selhausen,2022-12-31 00:00:00,42,val,0.288,0.2584626
Selhausen,2022-12-31 01:00:00,42,val,0.288,0.2576001
Selhausen,2022-12-31 02:00:00,42,val,0.288,0.26040965
Selhausen,2022-12-31 03:00:00,42,val,0.289,0.26471245
Selhausen,2022-12-31 04:00:00,42,val,0.29,0.26876786
Selhausen,2022-12-31 05:00:00,42,val,0.289,0.26948294
Selhausen,2022-12-31 06:00:00,42,val,0.291,0.27113116
Selhausen,2022-12-31 07:00:00,42,val,0.293,0.2727933
Selhausen,2022-12-31 08:00:00,42,val,0.29,0.27097607
Selhausen,2022-12-31 09:00:00,42,val,0.294,0.27108926
Selhausen,2022-12-31 10:00:00,42,val,0.293,0.2694071
Selhausen,2022-12-31 11:00:00,42,val,0.296,0.269633
Selhausen,2022-12-31 12:00:00,42,val,0.295,0.27059472
Selhausen,2022-12-31 13:00:00,42,val,0.296,0.27201
Selhausen,2022-12-31 14:00:00,42,val,0.296,0.2706229
Selhausen,2022-12-31 15:00:00,42,val,0.294,0.27065128
Selhausen,2022-12-31 16:00:00,42,val,0.296,0.27304047
Selhausen,2022-12-31 17:00:00,42,val,0.298,0.27435878
Selhausen,2022-12-31 18:00:00,42,val,0.298,0.27214304
Selhausen,2022-12-31 19:00:00,42,val,0.3,0.2708103
Selhausen,2022-12-31 20:00:00,42,val,0.293,0.2697593
Selhausen,2022-12-31 21:00:00,42,val,0.298,0.2689346
Selhausen,2022-12-31 22:00:00,42,val,0.295,0.26874277
Selhausen,2022-12-31 23:00:00,42,val,0.301,0.26899612
Selhausen,2023-01-01 00:00:00,42,val,0.299,0.26933485
Selhausen,2023-01-01 01:00:00,42,val,0.293,0.27042288
Selhausen,2023-01-01 02:00:00,42,val,0.299,0.27087137
Selhausen,2023-01-01 03:00:00,42,val,0.297,0.27133715
Selhausen,2023-01-01 04:00:00,42,val,0.295,0.27133343
Selhausen,2023-01-01 05:00:00,42,val,0.295,0.27102345
Selhausen,2023-01-01 06:00:00,42,val,0.295,0.27057305
Selhausen,2023-01-01 07:00:00,42,val,0.297,0.26989847
Selhausen,2023-01-01 08:00:00,42,val,0.295,0.2699866
Selhausen,2023-01-01 09:00:00,42,val,0.297,0.269576
Selhausen,2023-01-01 10:00:00,42,val,0.293,0.27084264
Selhausen,2023-01-01 11:00:00,42,val,0.299,0.270253
Selhausen,2023-01-01 12:00:00,42,val,0.297,0.27062514
Selhausen,2023-01-01 13:00:00,42,val,0.295,0.27057552
Selhausen,2023-01-01 14:00:00,42,val,0.297,0.2693864
Selhausen,2023-01-01 15:00:00,42,val,0.296,0.26841214
Selhausen,2023-01-01 16:00:00,42,val,0.292,0.26719648
Selhausen,2023-01-01 17:00:00,42,val,0.293,0.26613152
Selhausen,2023-01-01 18:00:00,42,val,0.29,0.2652382
Selhausen,2023-01-01 19:00:00,42,val,0.294,0.2670113
Selhausen,2023-01-01 20:00:00,42,val,0.2654999999999999,0.26956138
Selhausen,2023-01-01 21:00:00,42,val,0.286,0.26923227
Selhausen,2023-01-01 22:00:00,42,val,0.286,0.27027568
Selhausen,2023-01-10 08:00:00,42,val,0.345,0.26634845
Selhausen,2023-01-10 09:00:00,42,val,0.345,0.2638686
Selhausen,2023-01-10 10:00:00,42,val,0.344,0.26502198
Selhausen,2023-01-10 11:00:00,42,val,0.344,0.26313522
Selhausen,2023-01-10 12:00:00,42,val,0.338,0.26030347
Selhausen,2023-01-10 13:00:00,42,val,0.34,0.25777775
Selhausen,2023-01-10 14:00:00,42,val,0.34,0.25627595
Selhausen,2023-01-10 15:00:00,42,val,0.338,0.25472632
Selhausen,2023-01-10 16:00:00,42,val,0.337,0.25878948
Selhausen,2023-01-10 17:00:00,42,val,0.332,0.26002464
Selhausen,2023-01-10 18:00:00,42,val,0.333,0.25888777
Selhausen,2023-01-10 19:00:00,42,val,0.333,0.25741398
Selhausen,2023-01-10 20:00:00,42,val,0.333,0.256043
Selhausen,2023-01-10 21:00:00,42,val,0.335,0.25599277
Selhausen,2023-01-10 22:00:00,42,val,0.335,0.26093656
Selhausen,2023-01-10 23:00:00,42,val,0.333,0.2673321
Selhausen,2023-01-11 00:00:00,42,val,0.335,0.26920944
Selhausen,2023-01-11 01:00:00,42,val,0.335,0.26910266
Selhausen,2023-01-11 02:00:00,42,val,0.336,0.26903215
Selhausen,2023-01-11 03:00:00,42,val,0.33,0.2689578
Selhausen,2023-01-11 04:00:00,42,val,0.331,0.26917425
Selhausen,2023-01-11 05:00:00,42,val,0.33,0.27436727
Selhausen,2023-01-11 06:00:00,42,val,0.332,0.28066298
Selhausen,2023-01-11 07:00:00,42,val,0.329,0.28686842
Selhausen,2023-01-11 08:00:00,42,val,0.327,0.28815395
Selhausen,2023-01-11 09:00:00,42,val,0.327,0.2879287
Selhausen,2023-01-11 10:00:00,42,val,0.329,0.2932224
Selhausen,2023-01-11 11:00:00,42,val,0.327,0.29979956
Selhausen,2023-01-11 12:00:00,42,val,0.323,0.3049417
Selhausen,2023-01-11 13:00:00,42,val,0.323,0.3089775
Selhausen,2023-01-11 14:00:00,42,val,0.323,0.30736932
Selhausen,2023-01-11 15:00:00,42,val,0.318,0.3025237
Selhausen,2023-01-11 16:00:00,42,val,0.317,0.29628867
Selhausen,2023-01-11 17:00:00,42,val,0.316,0.29038656
Selhausen,2023-01-11 18:00:00,42,val,0.317,0.2851711
Selhausen,2023-01-11 19:00:00,42,val,0.317,0.28119558
Selhausen,2023-01-11 20:00:00,42,val,0.321,0.27838504
Selhausen,2023-01-11 21:00:00,42,val,0.315,0.2761327
Selhausen,2023-01-11 22:00:00,42,val,0.317,0.2746848
Selhausen,2023-01-11 23:00:00,42,val,0.315,0.2737406
Selhausen,2023-01-12 00:00:00,42,val,0.313,0.27405018
Selhausen,2023-01-12 01:00:00,42,val,0.316,0.2743177
Selhausen,2023-01-12 02:00:00,42,val,0.316,0.27489623
Selhausen,2023-01-12 03:00:00,42,val,0.312,0.2757532
Selhausen,2023-01-12 04:00:00,42,val,0.308,0.2775129
Selhausen,2023-01-12 05:00:00,42,val,0.307,0.27975115
Selhausen,2023-01-12 06:00:00,42,val,0.309,0.28594628
Selhausen,2023-01-12 07:00:00,42,val,0.307,0.2921319
Selhausen,2023-01-12 08:00:00,42,val,0.308,0.29743904
Selhausen,2023-01-12 09:00:00,42,val,0.313,0.3017603
Selhausen,2023-01-12 10:00:00,42,val,0.307,0.3051892
Selhausen,2023-01-12 11:00:00,42,val,0.306,0.30743483
Selhausen,2023-01-12 12:00:00,42,val,0.318,0.30821565
Selhausen,2023-01-12 13:00:00,42,val,0.3015,0.3092777
Selhausen,2023-01-12 14:00:00,42,val,0.3375,0.3098742
Selhausen,2023-01-12 15:00:00,42,val,0.3145,0.31041387
Selhausen,2023-01-12 16:00:00,42,val,0.31,0.3104762
Selhausen,2023-01-12 17:00:00,42,val,0.332,0.30981967
Selhausen,2023-01-12 18:00:00,42,val,0.3105,0.30946875
Selhausen,2023-01-12 19:00:00,42,val,0.329,0.30925775
Selhausen,2023-01-12 20:00:00,42,val,0.327,0.3092034
Selhausen,2023-01-12 21:00:00,42,val,0.347,0.30909744
Selhausen,2023-01-12 22:00:00,42,val,0.351,0.30913457
Selhausen,2023-01-12 23:00:00,42,val,0.352,0.30863228
Selhausen,2023-01-13 00:00:00,42,val,0.349,0.30839038
Selhausen,2023-01-13 01:00:00,42,val,0.344,0.30828926
Selhausen,2023-01-13 02:00:00,42,val,0.343,0.30838248
Selhausen,2023-01-13 03:00:00,42,val,0.336,0.30744076
Selhausen,2023-01-13 04:00:00,42,val,0.337,0.30615345
Selhausen,2023-01-13 05:00:00,42,val,0.338,0.30463284
Selhausen,2023-01-13 06:00:00,42,val,0.333,0.30343816
Selhausen,2023-01-13 07:00:00,42,val,0.332,0.3022233
Selhausen,2023-01-13 08:00:00,42,val,0.332,0.30093658
Selhausen,2023-01-13 09:00:00,42,val,0.337,0.29989251
Selhausen,2023-01-13 10:00:00,42,val,0.335,0.29944587
Selhausen,2023-01-13 11:00:00,42,val,0.333,0.29929197
Selhausen,2023-01-13 12:00:00,42,val,0.338,0.2987797
Selhausen,2023-01-13 13:00:00,42,val,0.33,0.29821458
Selhausen,2023-01-13 14:00:00,42,val,0.33,0.29857516
Selhausen,2023-01-13 15:00:00,42,val,0.332,0.2974427
Selhausen,2023-01-13 16:00:00,42,val,0.329,0.29612213
Selhausen,2023-01-13 17:00:00,42,val,0.328,0.29421884
Selhausen,2023-01-13 18:00:00,42,val,0.325,0.29299158
Selhausen,2023-01-13 19:00:00,42,val,0.323,0.29192728
Selhausen,2023-01-13 20:00:00,42,val,0.321,0.2915003
Selhausen,2023-01-13 21:00:00,42,val,0.317,0.2905069
Selhausen,2023-01-13 22:00:00,42,val,0.319,0.28953177
Selhausen,2023-01-13 23:00:00,42,val,0.32,0.28825307
Selhausen,2023-01-14 00:00:00,42,val,0.318,0.28672552
Selhausen,2023-01-14 01:00:00,42,val,0.318,0.2856708
Selhausen,2023-01-14 02:00:00,42,val,0.318,0.28494647
Selhausen,2023-01-14 03:00:00,42,val,0.316,0.28407013
Selhausen,2023-01-14 04:00:00,42,val,0.316,0.2827688
Selhausen,2023-01-14 05:00:00,42,val,0.314,0.2811538
Selhausen,2023-01-14 06:00:00,42,val,0.316,0.2798121
Selhausen,2023-01-14 07:00:00,42,val,0.315,0.278608
Selhausen,2023-01-14 08:00:00,42,val,0.314,0.27771658
Selhausen,2023-01-14 09:00:00,42,val,0.312,0.2779718
Selhausen,2023-01-14 10:00:00,42,val,0.312,0.27780643
Selhausen,2023-01-14 11:00:00,42,val,0.314,0.27836946
Selhausen,2023-01-14 12:00:00,42,val,0.314,0.28166696
Selhausen,2023-01-14 13:00:00,42,val,0.314,0.2819485
Selhausen,2023-01-14 14:00:00,42,val,0.314,0.28632748
Selhausen,2023-01-14 15:00:00,42,val,0.312,0.287592
Selhausen,2023-01-14 16:00:00,42,val,0.313,0.28700775
Selhausen,2023-01-14 17:00:00,42,val,0.314,0.2889015
Selhausen,2023-01-14 18:00:00,42,val,0.313,0.28864187
Selhausen,2023-01-14 19:00:00,42,val,0.312,0.29019827
Selhausen,2023-01-14 20:00:00,42,val,0.33,0.29226226
Selhausen,2023-01-14 21:00:00,42,val,0.3045,0.29794344
Selhausen,2023-01-14 22:00:00,42,val,0.3105,0.3034119
Selhausen,2023-01-14 23:00:00,42,val,0.308,0.30798638
Selhausen,2023-01-15 00:00:00,42,val,0.332,0.31067926
Selhausen,2023-01-15 01:00:00,42,val,0.306,0.31147757
Selhausen,2023-01-15 02:00:00,42,val,0.328,0.31100094
Selhausen,2023-01-15 03:00:00,42,val,0.33,0.30948353
Selhausen,2023-01-15 04:00:00,42,val,0.326,0.30768684
Selhausen,2023-01-15 05:00:00,42,val,0.327,0.30609483
Selhausen,2023-01-15 06:00:00,42,val,0.328,0.3043838
Selhausen,2023-01-15 07:00:00,42,val,0.325,0.30268517
Selhausen,2023-01-15 08:00:00,42,val,0.325,0.30183113
Selhausen,2023-01-15 09:00:00,42,val,0.322,0.30242383
Selhausen,2023-01-15 10:00:00,42,val,0.325,0.30226275
Selhausen,2023-01-15 11:00:00,42,val,0.325,0.3018457
Selhausen,2023-01-15 12:00:00,42,val,0.325,0.3021641
Selhausen,2023-01-15 13:00:00,42,val,0.323,0.30180612
Selhausen,2023-01-15 14:00:00,42,val,0.323,0.3014107
Selhausen,2023-01-15 15:00:00,42,val,0.323,0.30132997
Selhausen,2023-01-15 16:00:00,42,val,0.321,0.30100596
Selhausen,2023-01-15 17:00:00,42,val,0.319,0.30060858
Selhausen,2023-03-23 09:00:00,42,val,0.263,0.24587888
Selhausen,2023-03-23 10:00:00,42,val,0.266,0.2469826
Selhausen,2023-03-23 11:00:00,42,val,0.264,0.24802777
Selhausen,2023-03-23 12:00:00,42,val,0.266,0.24918026
Selhausen,2023-03-23 13:00:00,42,val,0.266,0.2507489
Selhausen,2023-03-23 14:00:00,42,val,0.267,0.25066674
Selhausen,2023-03-23 15:00:00,42,val,0.265,0.25062254
Selhausen,2023-03-23 16:00:00,42,val,0.269,0.25055388
Selhausen,2023-03-23 17:00:00,42,val,0.267,0.24986678
Selhausen,2023-03-23 18:00:00,42,val,0.265,0.24906355
Selhausen,2023-03-23 19:00:00,42,val,0.266,0.24774969
Selhausen,2023-03-23 20:00:00,42,val,0.267,0.24574736
Selhausen,2023-03-23 21:00:00,42,val,0.264,0.24426211
Selhausen,2023-03-23 22:00:00,42,val,0.265,0.24308628
Selhausen,2023-03-23 23:00:00,42,val,0.2725,0.24146327
Selhausen,2023-03-24 00:00:00,42,val,0.265,0.24076748
Selhausen,2023-03-24 01:00:00,42,val,0.263,0.24109761
Selhausen,2023-03-24 02:00:00,42,val,0.263,0.24158087
Selhausen,2023-03-24 03:00:00,42,val,0.265,0.239645
Selhausen,2023-03-24 04:00:00,42,val,0.263,0.23977627
Selhausen,2023-03-24 05:00:00,42,val,0.265,0.2414249
Selhausen,2023-03-24 06:00:00,42,val,0.264,0.24160305
Selhausen,2023-03-24 07:00:00,42,val,0.251,0.24124026
Selhausen,2023-03-24 08:00:00,42,val,0.232,0.24100317
Selhausen,2023-04-14 14:00:00,42,val,0.258,0.24449712
Selhausen,2023-04-14 15:00:00,42,val,0.256,0.24398847
Selhausen,2023-04-14 16:00:00,42,val,0.27,0.24327682
Selhausen,2023-04-14 17:00:00,42,val,0.258,0.24236712
Selhausen,2023-04-14 18:00:00,42,val,0.284,0.2416011
Selhausen,2023-04-14 19:00:00,42,val,0.257,0.24084768
Selhausen,2023-04-14 20:00:00,42,val,0.257,0.23944467
Selhausen,2023-04-14 21:00:00,42,val,0.254,0.23732658
Selhausen,2023-04-14 22:00:00,42,val,0.245,0.23533413
Selhausen,2023-04-14 23:00:00,42,val,0.253,0.23340583
Selhausen,2023-04-15 00:00:00,42,val,0.2674999999999999,0.23170702
Selhausen,2023-04-15 01:00:00,42,val,0.258,0.22991268
Selhausen,2023-04-15 02:00:00,42,val,0.27,0.22891882
Selhausen,2023-04-15 03:00:00,42,val,0.265,0.22754273
Selhausen,2023-04-15 04:00:00,42,val,0.257,0.22662309
Selhausen,2023-04-15 05:00:00,42,val,0.257,0.22630864
Selhausen,2023-04-15 06:00:00,42,val,0.257,0.22682986
Selhausen,2023-04-15 07:00:00,42,val,0.264,0.2285329
Selhausen,2023-04-15 08:00:00,42,val,0.252,0.23028618
Selhausen,2023-04-15 09:00:00,42,val,0.2654999999999999,0.23258443
Selhausen,2023-04-15 10:00:00,42,val,0.261,0.23379233
Selhausen,2023-04-15 11:00:00,42,val,0.246,0.23609337
Selhausen,2023-04-15 12:00:00,42,val,0.261,0.23685147
Selhausen,2023-04-15 13:00:00,42,val,0.267,0.2369195
Selhausen,2023-04-15 14:00:00,42,val,0.263,0.23831835
Selhausen,2023-04-15 15:00:00,42,val,0.262,0.23895107
Selhausen,2023-04-15 16:00:00,42,val,0.261,0.23818544
Selhausen,2023-04-15 17:00:00,42,val,0.256,0.23777193
Selhausen,2023-04-15 18:00:00,42,val,0.259,0.23678371
Selhausen,2023-04-15 19:00:00,42,val,0.271,0.23500468
Selhausen,2023-04-15 20:00:00,42,val,0.27,0.23351094
Selhausen,2023-04-15 21:00:00,42,val,0.26,0.23349106
Selhausen,2023-04-15 22:00:00,42,val,0.257,0.23260128
Selhausen,2023-04-15 23:00:00,42,val,0.257,0.23134026
Selhausen,2023-04-16 00:00:00,42,val,0.257,0.23003033
Selhausen,2023-04-16 01:00:00,42,val,0.253,0.22851719
Selhausen,2023-04-16 02:00:00,42,val,0.257,0.2273604
Selhausen,2023-04-16 03:00:00,42,val,0.255,0.22644013
Selhausen,2023-04-16 04:00:00,42,val,0.252,0.2254133
Selhausen,2023-04-16 05:00:00,42,val,0.256,0.22505605
Selhausen,2023-04-16 06:00:00,42,val,0.254,0.22531079
Selhausen,2023-04-16 07:00:00,42,val,0.255,0.22626057
Selhausen,2023-04-16 08:00:00,42,val,0.255,0.22759508
Selhausen,2023-04-16 09:00:00,42,val,0.258,0.22870204
Selhausen,2023-04-16 10:00:00,42,val,0.255,0.23052722
Selhausen,2023-04-16 11:00:00,42,val,0.256,0.23264566
Selhausen,2023-04-16 12:00:00,42,val,0.253,0.23483811
Selhausen,2023-04-16 13:00:00,42,val,0.255,0.2366084
Selhausen,2023-04-16 14:00:00,42,val,0.253,0.2382851
Selhausen,2023-04-16 15:00:00,42,val,0.25,0.23951265
Selhausen,2023-04-16 16:00:00,42,val,0.251,0.24316972
Selhausen,2023-04-16 17:00:00,42,val,0.251,0.24491774
Selhausen,2023-04-16 18:00:00,42,val,0.25,0.24965246
Selhausen,2023-04-16 19:00:00,42,val,0.248,0.25025973
Selhausen,2023-04-16 20:00:00,42,val,0.248,0.24815962
Selhausen,2023-04-16 21:00:00,42,val,0.248,0.24448808
Selhausen,2023-04-16 22:00:00,42,val,0.246,0.23917592
Selhausen,2023-04-16 23:00:00,42,val,0.247,0.2361158
Selhausen,2023-04-17 00:00:00,42,val,0.247,0.23578274
Selhausen,2023-04-17 01:00:00,42,val,0.248,0.23533143
Selhausen,2023-04-17 02:00:00,42,val,0.249,0.2365956
Selhausen,2023-04-17 03:00:00,42,val,0.245,0.23779108
Selhausen,2023-04-17 04:00:00,42,val,0.248,0.23741381
Selhausen,2023-04-17 05:00:00,42,val,0.244,0.23626488
Selhausen,2023-04-17 06:00:00,42,val,0.247,0.23494439
Selhausen,2023-04-17 07:00:00,42,val,0.245,0.23502241
Selhausen,2023-04-17 08:00:00,42,val,0.248,0.23455215
Selhausen,2023-04-17 09:00:00,42,val,0.241,0.23588556
Selhausen,2023-04-17 10:00:00,42,val,0.24,0.23734847
Selhausen,2023-04-17 11:00:00,42,val,0.245,0.23592643
Selhausen,2023-04-17 12:00:00,42,val,0.25,0.23601423
Selhausen,2023-04-17 13:00:00,42,val,0.236,0.23795302
Selhausen,2023-04-17 14:00:00,42,val,0.245,0.23969749
Selhausen,2023-04-17 15:00:00,42,val,0.239,0.24075499
Selhausen,2023-04-17 16:00:00,42,val,0.24,0.24114235
Selhausen,2023-04-17 17:00:00,42,val,0.239,0.24022943
Selhausen,2023-04-17 18:00:00,42,val,0.234,0.23947914
Selhausen,2023-04-17 19:00:00,42,val,0.234,0.24073356
Selhausen,2023-04-17 20:00:00,42,val,0.231,0.24235742
Selhausen,2023-04-17 21:00:00,42,val,0.234,0.2422342
Selhausen,2023-04-17 22:00:00,42,val,0.234,0.24089639
Selhausen,2023-04-17 23:00:00,42,val,0.231,0.23902133
Selhausen,2023-04-18 00:00:00,42,val,0.231,0.23703457
Selhausen,2023-04-18 01:00:00,42,val,0.229,0.23443395
Selhausen,2023-04-18 02:00:00,42,val,0.227,0.23249057
Selhausen,2023-04-18 03:00:00,42,val,0.23,0.2307449
Selhausen,2023-04-18 04:00:00,42,val,0.228,0.22867574
Selhausen,2023-04-18 05:00:00,42,val,0.226,0.22768801
Selhausen,2023-04-18 06:00:00,42,val,0.229,0.22742073
Selhausen,2023-04-18 07:00:00,42,val,0.227,0.22786054
Selhausen,2023-04-18 08:00:00,42,val,0.226,0.22941875
Selhausen,2023-04-18 09:00:00,42,val,0.23,0.23148201
Selhausen,2023-04-18 10:00:00,42,val,0.229,0.23330931
Selhausen,2023-04-18 11:00:00,42,val,0.232,0.23495394
Selhausen,2023-04-18 12:00:00,42,val,0.233,0.23593752
Selhausen,2023-04-18 13:00:00,42,val,0.236,0.23669556
Selhausen,2023-04-18 14:00:00,42,val,0.232,0.2365958
Selhausen,2023-04-18 15:00:00,42,val,0.237,0.23567615
Selhausen,2023-04-18 16:00:00,42,val,0.235,0.23458326
Selhausen,2023-04-18 17:00:00,42,val,0.233,0.2337515
Selhausen,2023-04-18 18:00:00,42,val,0.246,0.23294692
Selhausen,2023-04-18 19:00:00,42,val,0.235,0.23184237
Selhausen,2023-04-18 20:00:00,42,val,0.234,0.23072827
Selhausen,2023-04-18 21:00:00,42,val,0.235,0.2297551
Selhausen,2023-04-18 22:00:00,42,val,0.236,0.22857295
Selhausen,2023-04-18 23:00:00,42,val,0.259,0.22759557
Selhausen,2023-04-19 00:00:00,42,val,0.26,0.2268182
Selhausen,2023-04-19 01:00:00,42,val,0.261,0.2263354
Selhausen,2023-05-08 18:00:00,42,val,0.344,0.27094987
Selhausen,2023-05-08 19:00:00,42,val,0.339,0.26938367
Selhausen,2023-05-08 20:00:00,42,val,0.339,0.268551
Selhausen,2023-05-08 21:00:00,42,val,0.344,0.26765198
Selhausen,2023-05-08 22:00:00,42,val,0.341,0.267718
Selhausen,2023-05-08 23:00:00,42,val,0.337,0.26844665
Selhausen,2023-05-09 00:00:00,42,val,0.336,0.26854804
Selhausen,2023-05-09 01:00:00,42,val,0.344,0.2682019
Selhausen,2023-05-09 02:00:00,42,val,0.357,0.26813102
Selhausen,2023-05-09 03:00:00,42,val,0.356,0.2684378
Selhausen,2023-05-09 04:00:00,42,val,0.352,0.2686603
Selhausen,2023-05-09 05:00:00,42,val,0.351,0.26877123
Selhausen,2023-05-09 06:00:00,42,val,0.35,0.2694705
Selhausen,2023-05-09 07:00:00,42,val,0.351,0.26965496
Selhausen,2023-05-09 08:00:00,42,val,0.347,0.269807
Selhausen,2023-05-22 17:00:00,42,val,0.221,0.22528282
Selhausen,2023-05-22 18:00:00,42,val,0.219,0.22433761
Selhausen,2023-05-22 19:00:00,42,val,0.22,0.22318599
Selhausen,2023-05-22 20:00:00,42,val,0.219,0.22274196
Selhausen,2023-05-22 21:00:00,42,val,0.219,0.22251873
Selhausen,2023-05-22 22:00:00,42,val,0.218,0.22247492
Selhausen,2023-05-22 23:00:00,42,val,0.217,0.22238833
Selhausen,2023-05-23 00:00:00,42,val,0.217,0.22187938
Selhausen,2023-05-23 01:00:00,42,val,0.214,0.22082098
Selhausen,2023-05-23 02:00:00,42,val,0.216,0.22033429
Selhausen,2023-05-23 03:00:00,42,val,0.218,0.21993552
Selhausen,2023-05-23 04:00:00,42,val,0.216,0.21986762
Selhausen,2023-05-23 05:00:00,42,val,0.216,0.22025567
Selhausen,2023-05-23 06:00:00,42,val,0.216,0.22031389
Selhausen,2023-05-23 07:00:00,42,val,0.216,0.22013713
Selhausen,2023-05-23 08:00:00,42,val,0.214,0.22031052
Selhausen,2023-05-23 09:00:00,42,val,0.217,0.22092417
Selhausen,2023-05-23 10:00:00,42,val,0.216,0.22260018
Selhausen,2023-05-23 11:00:00,42,val,0.217,0.2231338
Selhausen,2023-05-23 12:00:00,42,val,0.217,0.223885
Selhausen,2023-05-23 13:00:00,42,val,0.214,0.22433643
Selhausen,2023-05-23 14:00:00,42,val,0.215,0.2246286
Selhausen,2023-05-23 15:00:00,42,val,0.215,0.22502373
Selhausen,2023-05-23 16:00:00,42,val,0.216,0.22517686
Selhausen,2023-05-23 17:00:00,42,val,0.212,0.22487491
Selhausen,2023-05-23 18:00:00,42,val,0.217,0.22380939
Selhausen,2023-05-23 19:00:00,42,val,0.214,0.22239904
Selhausen,2023-05-23 20:00:00,42,val,0.213,0.22048092
Selhausen,2023-05-23 21:00:00,42,val,0.212,0.21863352
Selhausen,2023-05-23 22:00:00,42,val,0.208,0.2169306
Selhausen,2023-05-23 23:00:00,42,val,0.212,0.21589573
Selhausen,2023-05-24 00:00:00,42,val,0.211,0.21489342
Selhausen,2023-05-24 01:00:00,42,val,0.212,0.21364255
Selhausen,2023-05-24 02:00:00,42,val,0.211,0.21229243
Selhausen,2023-05-24 03:00:00,42,val,0.209,0.21109487
Selhausen,2023-05-24 04:00:00,42,val,0.21,0.2104706
Selhausen,2023-05-24 05:00:00,42,val,0.21,0.21024607
Selhausen,2023-05-24 06:00:00,42,val,0.21,0.21107697
Selhausen,2023-05-24 07:00:00,42,val,0.21,0.2124685
Selhausen,2023-05-24 08:00:00,42,val,0.208,0.21376348
Selhausen,2023-05-24 09:00:00,42,val,0.211,0.21442924
Selhausen,2023-05-24 10:00:00,42,val,0.208,0.21523377
Selhausen,2023-05-24 11:00:00,42,val,0.212,0.21614468
Selhausen,2023-05-24 12:00:00,42,val,0.21,0.21681729
Selhausen,2023-05-24 13:00:00,42,val,0.209,0.21767305
Selhausen,2023-05-24 14:00:00,42,val,0.214,0.21822836
Selhausen,2023-05-24 15:00:00,42,val,0.213,0.21827734
Selhausen,2023-05-24 16:00:00,42,val,0.209,0.21826959
Selhausen,2023-05-24 17:00:00,42,val,0.211,0.21808185
Selhausen,2023-05-24 18:00:00,42,val,0.206,0.2175502
Selhausen,2023-05-24 19:00:00,42,val,0.208,0.21709727
Selhausen,2023-05-24 20:00:00,42,val,0.207,0.21649496
Selhausen,2023-05-24 21:00:00,42,val,0.206,0.21574937
Selhausen,2023-05-24 22:00:00,42,val,0.205,0.2146517
Selhausen,2023-05-24 23:00:00,42,val,0.206,0.21301964
Selhausen,2023-05-25 00:00:00,42,val,0.204,0.21122313
Selhausen,2023-05-25 01:00:00,42,val,0.204,0.20938471
Selhausen,2023-05-25 02:00:00,42,val,0.205,0.20808546
Selhausen,2023-05-25 03:00:00,42,val,0.206,0.20728035
Selhausen,2023-05-25 04:00:00,42,val,0.203,0.2067158
Selhausen,2023-05-25 05:00:00,42,val,0.204,0.2065706
Selhausen,2023-05-25 06:00:00,42,val,0.2,0.20698059
Selhausen,2023-05-25 07:00:00,42,val,0.204,0.20769268
Selhausen,2023-05-25 08:00:00,42,val,0.204,0.20803374
Selhausen,2023-05-25 09:00:00,42,val,0.202,0.20877366
Selhausen,2023-05-25 10:00:00,42,val,0.203,0.20937432
Selhausen,2023-05-25 11:00:00,42,val,0.201,0.20991912
Selhausen,2023-05-25 12:00:00,42,val,0.206,0.21056154
Selhausen,2023-05-25 13:00:00,42,val,0.201,0.21095796
Selhausen,2023-05-25 14:00:00,42,val,0.206,0.2108443
Selhausen,2023-05-25 15:00:00,42,val,0.204,0.21079291
Selhausen,2023-05-25 16:00:00,42,val,0.202,0.2107186
Selhausen,2023-05-25 17:00:00,42,val,0.203,0.2097657
Selhausen,2023-05-25 18:00:00,42,val,0.203,0.20963164
Selhausen,2023-05-25 19:00:00,42,val,0.2,0.20943762
Selhausen,2023-05-25 20:00:00,42,val,0.204,0.2088912
Selhausen,2023-05-25 21:00:00,42,val,0.2,0.20793828
Selhausen,2023-05-25 22:00:00,42,val,0.199,0.2060216
Selhausen,2023-05-25 23:00:00,42,val,0.2,0.20442545
Selhausen,2023-05-26 00:00:00,42,val,0.2,0.20387681
Selhausen,2023-05-26 01:00:00,42,val,0.199,0.20376752
Selhausen,2023-05-26 02:00:00,42,val,0.2,0.20355098
Selhausen,2023-05-26 03:00:00,42,val,0.198,0.20278049
Selhausen,2023-05-26 04:00:00,42,val,0.196,0.20211789
Selhausen,2023-05-26 05:00:00,42,val,0.196,0.2016757
Selhausen,2023-05-26 06:00:00,42,val,0.195,0.20167151
Selhausen,2023-05-26 07:00:00,42,val,0.197,0.2021912
Selhausen,2023-05-26 08:00:00,42,val,0.197,0.20274962
Selhausen,2023-05-26 09:00:00,42,val,0.2,0.20376395
Selhausen,2023-05-26 10:00:00,42,val,0.191,0.20466723
Selhausen,2023-05-26 11:00:00,42,val,0.196,0.20541504
Selhausen,2023-05-26 12:00:00,42,val,0.199,0.20547065
Selhausen,2023-05-26 13:00:00,42,val,0.199,0.20559384
Selhausen,2023-05-26 14:00:00,42,val,0.194,0.20604914
Selhausen,2023-05-26 15:00:00,42,val,0.201,0.20634058
Selhausen,2023-05-26 16:00:00,42,val,0.197,0.20583539
Selhausen,2023-05-26 17:00:00,42,val,0.197,0.20568582
Selhausen,2023-05-26 18:00:00,42,val,0.2,0.20480888
Selhausen,2023-05-26 19:00:00,42,val,0.196,0.20417485
Selhausen,2023-05-26 20:00:00,42,val,0.192,0.20347096
Selhausen,2023-05-26 21:00:00,42,val,0.196,0.20251855
Selhausen,2023-05-26 22:00:00,42,val,0.194,0.20143501
Selhausen,2023-05-26 23:00:00,42,val,0.192,0.20057985
Selhausen,2023-05-27 00:00:00,42,val,0.192,0.19948684
Selhausen,2023-05-27 01:00:00,42,val,0.192,0.19844538
Selhausen,2023-05-27 02:00:00,42,val,0.193,0.19765833
Selhausen,2023-05-27 03:00:00,42,val,0.19,0.19720821
Selhausen,2023-05-27 04:00:00,42,val,0.189,0.19652504
Selhausen,2023-05-27 05:00:00,42,val,0.19,0.19623283
Selhausen,2023-05-27 06:00:00,42,val,0.187,0.1957661
Selhausen,2023-05-27 07:00:00,42,val,0.191,0.19612709
Selhausen,2023-06-03 08:00:00,42,val,0.154,0.1653674
Selhausen,2023-06-03 09:00:00,42,val,0.156,0.16624227
Selhausen,2023-06-03 10:00:00,42,val,0.156,0.16723941
Selhausen,2023-06-03 11:00:00,42,val,0.159,0.16861998
Selhausen,2023-06-03 12:00:00,42,val,0.16,0.16962361
Selhausen,2023-06-03 13:00:00,42,val,0.157,0.17121452
Selhausen,2023-06-03 14:00:00,42,val,0.161,0.1726163
Selhausen,2023-06-03 15:00:00,42,val,0.158,0.1736333
Selhausen,2023-06-03 16:00:00,42,val,0.164,0.17425643
Selhausen,2023-06-03 17:00:00,42,val,0.16,0.17368597
Selhausen,2023-06-03 18:00:00,42,val,0.16,0.17315118
Selhausen,2023-06-03 19:00:00,42,val,0.16,0.17240623
Selhausen,2023-06-03 20:00:00,42,val,0.16,0.17184262
Selhausen,2023-06-03 21:00:00,42,val,0.156,0.1710505
Selhausen,2023-06-03 22:00:00,42,val,0.154,0.1701432
Selhausen,2023-06-03 23:00:00,42,val,0.154,0.16912372
Selhausen,2023-06-04 00:00:00,42,val,0.152,0.1672247
Selhausen,2023-06-04 01:00:00,42,val,0.154,0.16490304
Selhausen,2023-06-04 02:00:00,42,val,0.152,0.16244122
Selhausen,2023-06-04 03:00:00,42,val,0.152,0.1600712
Selhausen,2023-06-04 04:00:00,42,val,0.152,0.1583674
Selhausen,2023-06-04 05:00:00,42,val,0.152,0.15770037
Selhausen,2023-06-04 06:00:00,42,val,0.149,0.15822053
Selhausen,2023-06-04 07:00:00,42,val,0.148,0.15887657
Selhausen,2023-06-04 08:00:00,42,val,0.151,0.15969782
Selhausen,2023-06-04 09:00:00,42,val,0.156,0.1609469
Selhausen,2023-06-04 10:00:00,42,val,0.155,0.1617007
Selhausen,2023-06-04 11:00:00,42,val,0.156,0.16290654
Selhausen,2023-06-04 12:00:00,42,val,0.158,0.16456945
Selhausen,2023-06-04 13:00:00,42,val,0.152,0.16606054
Selhausen,2023-06-04 14:00:00,42,val,0.156,0.16708824
Selhausen,2023-06-04 15:00:00,42,val,0.158,0.16783714
Selhausen,2023-06-04 16:00:00,42,val,0.161,0.16831839
Selhausen,2023-06-04 17:00:00,42,val,0.157,0.1691702
Selhausen,2023-06-04 18:00:00,42,val,0.157,0.16969267
Selhausen,2023-06-04 19:00:00,42,val,0.154,0.17034277
Selhausen,2023-06-04 20:00:00,42,val,0.156,0.17024916
Selhausen,2023-06-04 21:00:00,42,val,0.153,0.16966014
Selhausen,2023-06-04 22:00:00,42,val,0.157,0.16945404
Selhausen,2023-06-04 23:00:00,42,val,0.153,0.16762926
Selhausen,2023-06-05 00:00:00,42,val,0.151,0.16535352
Selhausen,2023-06-05 01:00:00,42,val,0.153,0.16264409
Selhausen,2023-06-05 02:00:00,42,val,0.152,0.15997326
Selhausen,2023-06-05 03:00:00,42,val,0.15,0.15819418
Selhausen,2023-06-05 04:00:00,42,val,0.147,0.15707088
Selhausen,2023-06-05 05:00:00,42,val,0.15,0.15702024
Selhausen,2023-06-05 06:00:00,42,val,0.149,0.1575189
Selhausen,2023-06-05 07:00:00,42,val,0.147,0.15833797
Selhausen,2023-06-05 08:00:00,42,val,0.151,0.1594437
Selhausen,2023-06-05 09:00:00,42,val,0.148,0.16061261
Selhausen,2023-06-05 10:00:00,42,val,0.151,0.16152465
Selhausen,2023-06-05 11:00:00,42,val,0.149,0.16260746
Selhausen,2023-06-05 12:00:00,42,val,0.15,0.16372998
Selhausen,2023-06-05 13:00:00,42,val,0.15,0.16392803
Selhausen,2023-06-05 14:00:00,42,val,0.156,0.16512199
Selhausen,2023-06-05 15:00:00,42,val,0.157,0.16523628
Selhausen,2023-06-05 16:00:00,42,val,0.151,0.16612257
Selhausen,2023-06-05 17:00:00,42,val,0.153,0.16703124
Selhausen,2023-06-05 18:00:00,42,val,0.152,0.16766691
Selhausen,2023-06-05 19:00:00,42,val,0.15,0.16800423
Selhausen,2023-06-05 20:00:00,42,val,0.151,0.16838987
Selhausen,2023-06-05 21:00:00,42,val,0.15,0.16766858
Selhausen,2023-06-05 22:00:00,42,val,0.147,0.16631061
Selhausen,2023-06-05 23:00:00,42,val,0.151,0.16470726
Selhausen,2023-06-06 00:00:00,42,val,0.149,0.16321667
Selhausen,2023-06-06 01:00:00,42,val,0.148,0.16197774
Selhausen,2023-06-06 02:00:00,42,val,0.147,0.1604793
Selhausen,2023-06-06 03:00:00,42,val,0.146,0.15875764
Selhausen,2023-06-06 04:00:00,42,val,0.147,0.15756007
Selhausen,2023-06-06 05:00:00,42,val,0.146,0.15713698
Selhausen,2023-06-13 06:00:00,42,val,0.128,0.14904325
Selhausen,2023-06-13 07:00:00,42,val,0.126,0.14962885
Selhausen,2023-06-13 08:00:00,42,val,0.129,0.15042827
Selhausen,2023-06-13 09:00:00,42,val,0.13,0.15110555
Selhausen,2023-06-13 10:00:00,42,val,0.129,0.15224025
Selhausen,2023-06-13 11:00:00,42,val,0.135,0.1529317
Selhausen,2023-06-13 12:00:00,42,val,0.132,0.1540002
Selhausen,2023-06-13 13:00:00,42,val,0.135,0.15511517
Selhausen,2023-06-13 14:00:00,42,val,0.138,0.15600035
Selhausen,2023-06-13 15:00:00,42,val,0.14,0.15753002
Selhausen,2023-06-13 16:00:00,42,val,0.136,0.15902317
Selhausen,2023-06-13 17:00:00,42,val,0.137,0.16003223
Selhausen,2023-06-13 18:00:00,42,val,0.136,0.1604447
Selhausen,2023-06-13 19:00:00,42,val,0.135,0.16033542
Selhausen,2023-06-13 20:00:00,42,val,0.135,0.15940905
Selhausen,2023-06-13 21:00:00,42,val,0.132,0.1582627
Selhausen,2023-06-13 22:00:00,42,val,0.131,0.15712985
Selhausen,2023-06-13 23:00:00,42,val,0.129,0.15662676
Selhausen,2023-06-14 00:00:00,42,val,0.128,0.15494484
Selhausen,2023-06-14 01:00:00,42,val,0.127,0.15271668
Selhausen,2023-06-14 02:00:00,42,val,0.127,0.1500731
Selhausen,2023-06-14 03:00:00,42,val,0.125,0.14762744
Selhausen,2023-06-14 04:00:00,42,val,0.123,0.14594576
Selhausen,2023-06-14 05:00:00,42,val,0.124,0.14512199
Selhausen,2023-06-14 06:00:00,42,val,0.124,0.14560726
Selhausen,2023-06-21 07:00:00,42,val,0.284,0.1376737
Selhausen,2023-06-21 08:00:00,42,val,0.286,0.13817637
Selhausen,2023-06-21 09:00:00,42,val,0.281,0.1389347
Selhausen,2023-06-21 10:00:00,42,val,0.283,0.14001097
Selhausen,2023-06-21 11:00:00,42,val,0.278,0.1412116
Selhausen,2023-06-21 12:00:00,42,val,0.271,0.14264217
Selhausen,2023-06-21 13:00:00,42,val,0.273,0.14488795
Selhausen,2023-06-21 14:00:00,42,val,0.269,0.14681244
Selhausen,2023-06-21 15:00:00,42,val,0.266,0.14831989
Selhausen,2023-06-21 16:00:00,42,val,0.261,0.14931759
Selhausen,2023-06-21 17:00:00,42,val,0.259,0.14944087
Selhausen,2023-06-21 18:00:00,42,val,0.253,0.14889292
Selhausen,2023-06-21 19:00:00,42,val,0.252,0.14826214
Selhausen,2023-06-21 20:00:00,42,val,0.254,0.14688648
Selhausen,2023-06-21 21:00:00,42,val,0.248,0.14548963
Selhausen,2023-06-21 22:00:00,42,val,0.247,0.14510387
Selhausen,2023-06-21 23:00:00,42,val,0.244,0.1451278
Selhausen,2023-06-22 00:00:00,42,val,0.246,0.1451327
Selhausen,2023-06-22 01:00:00,42,val,0.243,0.14493386
Selhausen,2023-06-22 02:00:00,42,val,0.244,0.14471835
Selhausen,2023-06-22 03:00:00,42,val,0.241,0.14410007
Selhausen,2023-06-22 04:00:00,42,val,0.239,0.14305934
Selhausen,2023-06-22 05:00:00,42,val,0.241,0.14222407
Selhausen,2023-06-22 06:00:00,42,val,0.238,0.14168441
Selhausen,2023-06-22 07:00:00,42,val,0.236,0.14113696
Selhausen,2023-06-22 08:00:00,42,val,0.235,0.14125937
Selhausen,2023-06-22 09:00:00,42,val,0.238,0.14195165
Selhausen,2023-06-22 10:00:00,42,val,0.243,0.14417668
Selhausen,2023-06-22 11:00:00,42,val,0.233,0.15508741
Selhausen,2023-06-22 12:00:00,42,val,0.236,0.16094407
Selhausen,2023-06-22 13:00:00,42,val,0.241,0.16018979
Selhausen,2023-06-22 14:00:00,42,val,0.232,0.1567553
Selhausen,2023-06-22 15:00:00,42,val,0.232,0.15253457
Selhausen,2023-06-22 16:00:00,42,val,0.225,0.16914159
Selhausen,2023-06-22 17:00:00,42,val,0.227,0.19155988
Selhausen,2023-06-22 18:00:00,42,val,0.228,0.20205255
Selhausen,2023-06-22 19:00:00,42,val,0.225,0.23228683
Selhausen,2023-06-22 20:00:00,42,val,0.222,0.25899708
Selhausen,2023-06-22 21:00:00,42,val,0.222,0.27548647
Selhausen,2023-06-22 22:00:00,42,val,0.217,0.28486353
Selhausen,2023-06-22 23:00:00,42,val,0.22,0.288714
Selhausen,2023-06-23 00:00:00,42,val,0.217,0.28883258
Selhausen,2023-06-23 01:00:00,42,val,0.219,0.28649983
Selhausen,2023-06-23 02:00:00,42,val,0.21,0.28272837
Selhausen,2023-06-23 03:00:00,42,val,0.215,0.27809703
Selhausen,2023-06-23 04:00:00,42,val,0.213,0.27326837
Selhausen,2023-06-23 05:00:00,42,val,0.213,0.26877457
Selhausen,2023-06-23 06:00:00,42,val,0.213,0.26474428
Selhausen,2023-06-23 07:00:00,42,val,0.212,0.2615078
Selhausen,2023-06-23 08:00:00,42,val,0.214,0.2593928
Selhausen,2023-06-23 09:00:00,42,val,0.216,0.2573788
Selhausen,2023-06-23 10:00:00,42,val,0.221,0.25591934
Selhausen,2023-06-23 11:00:00,42,val,0.212,0.25421742
Selhausen,2023-06-23 12:00:00,42,val,0.217,0.2517754
Selhausen,2023-06-23 13:00:00,42,val,0.218,0.2497286
Selhausen,2023-06-23 14:00:00,42,val,0.212,0.24763331
Selhausen,2023-06-23 15:00:00,42,val,0.212,0.24562371
Selhausen,2023-06-23 16:00:00,42,val,0.209,0.24348523
Selhausen,2023-06-23 17:00:00,42,val,0.21,0.2415222
Selhausen,2023-06-23 18:00:00,42,val,0.206,0.23945558
Selhausen,2023-06-23 19:00:00,42,val,0.204,0.23771985
Selhausen,2023-06-23 20:00:00,42,val,0.203,0.23669961
Selhausen,2023-06-23 21:00:00,42,val,0.204,0.23558177
Selhausen,2023-06-23 22:00:00,42,val,0.204,0.23470342
Selhausen,2023-06-23 23:00:00,42,val,0.201,0.23384072
Selhausen,2023-06-24 00:00:00,42,val,0.2,0.23330118
Selhausen,2023-06-24 01:00:00,42,val,0.2,0.23272593
Selhausen,2023-06-24 02:00:00,42,val,0.199,0.23248981
Selhausen,2023-06-24 03:00:00,42,val,0.197,0.23200409
Selhausen,2023-06-24 04:00:00,42,val,0.198,0.23124102
Selhausen,2023-06-24 05:00:00,42,val,0.2,0.23126514
Selhausen,2023-06-24 06:00:00,42,val,0.198,0.2313523
Selhausen,2023-06-24 07:00:00,42,val,0.195,0.23089477
Selhausen,2023-06-24 08:00:00,42,val,0.196,0.22984475
Selhausen,2023-06-24 09:00:00,42,val,0.192,0.2288423
Selhausen,2023-06-24 10:00:00,42,val,0.195,0.22871684
Selhausen,2023-06-24 11:00:00,42,val,0.202,0.22748962
Selhausen,2023-06-24 12:00:00,42,val,0.196,0.2265268
Selhausen,2023-06-24 13:00:00,42,val,0.198,0.22650775
Selhausen,2023-06-24 14:00:00,42,val,0.194,0.22568454
Selhausen,2023-06-24 15:00:00,42,val,0.197,0.22464599
Selhausen,2023-06-24 16:00:00,42,val,0.193,0.22266294
Selhausen,2023-06-24 17:00:00,42,val,0.193,0.22109747
Selhausen,2023-06-24 18:00:00,42,val,0.191,0.22035947
Selhausen,2023-06-24 19:00:00,42,val,0.192,0.21982644
Selhausen,2023-06-24 20:00:00,42,val,0.188,0.21865751
Selhausen,2023-06-24 21:00:00,42,val,0.188,0.21753791
Selhausen,2023-06-24 22:00:00,42,val,0.184,0.21608269
Selhausen,2023-06-24 23:00:00,42,val,0.186,0.21522237
Selhausen,2023-06-25 00:00:00,42,val,0.185,0.21440087
Selhausen,2023-06-25 01:00:00,42,val,0.184,0.2141747
Selhausen,2023-06-25 02:00:00,42,val,0.183,0.21289414
Selhausen,2023-06-25 03:00:00,42,val,0.182,0.2121017
Selhausen,2023-06-25 04:00:00,42,val,0.181,0.21150492
Selhausen,2023-06-25 05:00:00,42,val,0.183,0.21178079
Selhausen,2023-06-25 06:00:00,42,val,0.181,0.2125063
Selhausen,2023-06-25 07:00:00,42,val,0.184,0.21280167
Selhausen,2023-06-25 08:00:00,42,val,0.183,0.21275999
Selhausen,2023-06-25 09:00:00,42,val,0.184,0.21260892
Selhausen,2023-06-25 10:00:00,42,val,0.183,0.21300726
Selhausen,2023-06-25 11:00:00,42,val,0.185,0.21234106
Selhausen,2023-06-25 12:00:00,42,val,0.184,0.21196999
Selhausen,2023-06-25 13:00:00,42,val,0.183,0.2121275
Selhausen,2023-06-25 14:00:00,42,val,0.182,0.21180092
Selhausen,2023-06-25 15:00:00,42,val,0.182,0.21107575
Selhausen,2023-06-25 16:00:00,42,val,0.185,0.20987642
Selhausen,2023-06-25 17:00:00,42,val,0.186,0.20896928
Selhausen,2023-06-25 18:00:00,42,val,0.186,0.20797637
Selhausen,2023-06-25 19:00:00,42,val,0.183,0.20682175
Selhausen,2023-06-25 20:00:00,42,val,0.181,0.20530069
Selhausen,2023-06-25 21:00:00,42,val,0.179,0.20429984
Selhausen,2023-06-25 22:00:00,42,val,0.177,0.20393401
Selhausen,2023-06-25 23:00:00,42,val,0.18,0.20456666
Selhausen,2023-06-26 00:00:00,42,val,0.177,0.20429602
Selhausen,2023-06-26 01:00:00,42,val,0.175,0.20401087
Selhausen,2023-06-26 02:00:00,42,val,0.179,0.20381697
Selhausen,2023-06-26 03:00:00,42,val,0.178,0.20434101
Selhausen,2023-06-26 04:00:00,42,val,0.178,0.2047262
Selhausen,2023-06-26 05:00:00,42,val,0.176,0.20500283
Selhausen,2023-06-26 06:00:00,42,val,0.174,0.20487
Selhausen,2023-06-26 07:00:00,42,val,0.178,0.20410302
Selhausen,2023-06-26 08:00:00,42,val,0.179,0.20336679
Selhausen,2023-06-26 09:00:00,42,val,0.179,0.20234618
Selhausen,2023-06-26 10:00:00,42,val,0.175,0.20140763
Selhausen,2023-06-26 11:00:00,42,val,0.178,0.20178628
Selhausen,2023-06-26 12:00:00,42,val,0.18,0.20197365
Selhausen,2023-06-26 13:00:00,42,val,0.179,0.20259316
Selhausen,2023-06-26 14:00:00,42,val,0.18,0.20232667
Selhausen,2023-06-26 15:00:00,42,val,0.182,0.20211639
Selhausen,2023-06-26 16:00:00,42,val,0.179,0.20143367
Selhausen,2023-06-26 17:00:00,42,val,0.179,0.20050822
Selhausen,2023-06-26 18:00:00,42,val,0.182,0.19916451
Selhausen,2023-06-26 19:00:00,42,val,0.182,0.19805677
Selhausen,2023-06-26 20:00:00,42,val,0.179,0.19670391
Selhausen,2023-06-26 21:00:00,42,val,0.18,0.19524732
Selhausen,2023-06-26 22:00:00,42,val,0.178,0.1932975
Selhausen,2023-06-26 23:00:00,42,val,0.176,0.19163996
Selhausen,2023-06-27 00:00:00,42,val,0.179,0.19044933
Selhausen,2023-06-27 01:00:00,42,val,0.179,0.1894301
Selhausen,2023-06-27 02:00:00,42,val,0.177,0.18836498
Selhausen,2023-06-27 03:00:00,42,val,0.178,0.18750699
Selhausen,2023-06-27 04:00:00,42,val,0.176,0.1869023
Selhausen,2023-06-27 05:00:00,42,val,0.178,0.18690547
Selhausen,2023-06-27 06:00:00,42,val,0.176,0.18701787
Selhausen,2023-06-27 07:00:00,42,val,0.178,0.18744905
Selhausen,2023-06-27 08:00:00,42,val,0.177,0.18797429
Selhausen,2023-06-27 09:00:00,42,val,0.18,0.18865532
Selhausen,2023-06-27 10:00:00,42,val,0.18,0.18927717
Selhausen,2023-06-27 11:00:00,42,val,0.1875,0.19013464
Selhausen,2023-06-27 12:00:00,42,val,0.182,0.19092914
Selhausen,2023-06-27 13:00:00,42,val,0.179,0.19140598
Selhausen,2023-06-27 14:00:00,42,val,0.179,0.19145474
Selhausen,2023-06-27 15:00:00,42,val,0.178,0.19120984
Selhausen,2023-06-27 16:00:00,42,val,0.177,0.19119677
Selhausen,2023-06-27 17:00:00,42,val,0.177,0.19142923
Selhausen,2023-06-27 18:00:00,42,val,0.179,0.19169655
Selhausen,2023-06-27 19:00:00,42,val,0.177,0.19152804
Selhausen,2023-06-27 20:00:00,42,val,0.175,0.19080704
Selhausen,2023-06-27 21:00:00,42,val,0.176,0.18969995
Selhausen,2023-06-27 22:00:00,42,val,0.175,0.18826365
Selhausen,2023-06-27 23:00:00,42,val,0.178,0.18908876
Selhausen,2023-06-28 00:00:00,42,val,0.174,0.18993072
Selhausen,2023-06-28 01:00:00,42,val,0.182,0.18844533
Selhausen,2023-06-28 02:00:00,42,val,0.183,0.18679276
Selhausen,2023-06-28 03:00:00,42,val,0.183,0.1853356
Selhausen,2023-06-28 04:00:00,42,val,0.185,0.18418637
Selhausen,2023-06-28 05:00:00,42,val,0.185,0.18496008
Selhausen,2023-06-28 06:00:00,42,val,0.185,0.1844755
Selhausen,2023-06-28 07:00:00,42,val,0.186,0.18438993
Selhausen,2023-06-28 08:00:00,42,val,0.187,0.18464068
Selhausen,2023-06-28 09:00:00,42,val,0.191,0.18518095
Selhausen,2023-06-28 10:00:00,42,val,0.191,0.1854141
Selhausen,2023-06-28 11:00:00,42,val,0.192,0.1858157
Selhausen,2023-06-28 12:00:00,42,val,0.195,0.18658745
Selhausen,2023-06-28 13:00:00,42,val,0.195,0.18702446
Selhausen,2023-06-28 14:00:00,42,val,0.196,0.18729347
Selhausen,2023-06-28 15:00:00,42,val,0.196,0.18782698
Selhausen,2023-06-28 16:00:00,42,val,0.193,0.18771896
Selhausen,2023-06-28 17:00:00,42,val,0.194,0.18789509
Selhausen,2023-06-28 18:00:00,42,val,0.193,0.18804866
Selhausen,2023-06-28 19:00:00,42,val,0.195,0.18822211
Selhausen,2023-06-28 20:00:00,42,val,0.191,0.18805774
Selhausen,2023-06-28 21:00:00,42,val,0.192,0.18805802
Selhausen,2023-06-28 22:00:00,42,val,0.19,0.18778285
Selhausen,2023-06-28 23:00:00,42,val,0.19,0.18692927
Selhausen,2023-06-29 00:00:00,42,val,0.188,0.18620166
Selhausen,2023-06-29 01:00:00,42,val,0.187,0.1858091
Selhausen,2023-06-29 02:00:00,42,val,0.186,0.18543714
Selhausen,2023-06-29 03:00:00,42,val,0.185,0.18544798
Selhausen,2023-06-29 04:00:00,42,val,0.1935,0.18513095
Selhausen,2023-06-29 05:00:00,42,val,0.185,0.18528253
Selhausen,2023-06-29 06:00:00,42,val,0.188,0.1853773
Selhausen,2023-06-29 07:00:00,42,val,0.19,0.18571948
Selhausen,2023-06-29 08:00:00,42,val,0.19,0.1857512
Selhausen,2023-06-29 09:00:00,42,val,0.19,0.18616273
Selhausen,2023-06-29 10:00:00,42,val,0.187,0.18676227
Selhausen,2023-06-29 11:00:00,42,val,0.189,0.18846324
Selhausen,2023-06-29 12:00:00,42,val,0.188,0.18979633
Selhausen,2023-06-29 13:00:00,42,val,0.193,0.19054048
Selhausen,2023-06-29 14:00:00,42,val,0.194,0.19051948
Selhausen,2023-06-29 15:00:00,42,val,0.191,0.19002752
Selhausen,2023-06-29 16:00:00,42,val,0.194,0.18896681
Selhausen,2023-06-29 17:00:00,42,val,0.19,0.18763545
Selhausen,2023-06-29 18:00:00,42,val,0.195,0.18686354
Selhausen,2023-06-29 19:00:00,42,val,0.191,0.18597181
Selhausen,2023-06-29 20:00:00,42,val,0.191,0.18498354
Selhausen,2023-06-29 21:00:00,42,val,0.19,0.18435757
Selhausen,2023-06-29 22:00:00,42,val,0.189,0.18386132
Selhausen,2023-06-29 23:00:00,42,val,0.188,0.19185972
Selhausen,2023-06-30 00:00:00,42,val,0.19,0.19783702
Selhausen,2023-06-30 01:00:00,42,val,0.186,0.19920795
Selhausen,2023-06-30 02:00:00,42,val,0.19,0.197528
Selhausen,2023-06-30 03:00:00,42,val,0.19,0.194409
Selhausen,2023-06-30 04:00:00,42,val,0.185,0.19162165
Selhausen,2023-06-30 05:00:00,42,val,0.186,0.18963468
Selhausen,2023-06-30 06:00:00,42,val,0.186,0.18860376
Selhausen,2023-06-30 07:00:00,42,val,0.184,0.18860237
Selhausen,2023-06-30 08:00:00,42,val,0.184,0.18943217
Selhausen,2023-06-30 09:00:00,42,val,0.19,0.19112784
Selhausen,2023-06-30 10:00:00,42,val,0.192,0.19307932
Selhausen,2023-06-30 11:00:00,42,val,0.189,0.19491732
Selhausen,2023-06-30 12:00:00,42,val,0.189,0.19693926
Selhausen,2023-06-30 13:00:00,42,val,0.191,0.1984452
Selhausen,2023-06-30 14:00:00,42,val,0.191,0.19979554
Selhausen,2023-06-30 15:00:00,42,val,0.191,0.20054361
Selhausen,2023-06-30 16:00:00,42,val,0.195,0.20050107
Selhausen,2023-06-30 17:00:00,42,val,0.193,0.19997537
Selhausen,2023-06-30 18:00:00,42,val,0.189,0.19931683
Selhausen,2023-06-30 19:00:00,42,val,0.188,0.19879465
Selhausen,2023-06-30 20:00:00,42,val,0.19,0.19768973
Selhausen,2023-06-30 21:00:00,42,val,0.186,0.19688965
Selhausen,2023-06-30 22:00:00,42,val,0.184,0.19614734
Selhausen,2023-06-30 23:00:00,42,val,0.186,0.19577676
Selhausen,2023-07-01 00:00:00,42,val,0.182,0.1950552
Selhausen,2023-07-01 01:00:00,42,val,0.179,0.19441174
Selhausen,2023-07-01 02:00:00,42,val,0.181,0.19369501
Selhausen,2023-07-01 03:00:00,42,val,0.181,0.19269629
Selhausen,2023-07-01 04:00:00,42,val,0.179,0.19318174
Selhausen,2023-07-01 05:00:00,42,val,0.182,0.19298573
Selhausen,2023-07-01 06:00:00,42,val,0.181,0.19270504
Selhausen,2023-07-09 09:00:00,42,val,0.165,0.1776954
Selhausen,2023-07-09 10:00:00,42,val,0.167,0.1778278
Selhausen,2023-07-09 11:00:00,42,val,0.169,0.17816928
Selhausen,2023-07-09 12:00:00,42,val,0.17,0.17885375
Selhausen,2023-07-09 13:00:00,42,val,0.175,0.18004864
Selhausen,2023-07-09 14:00:00,42,val,0.177,0.18219297
Selhausen,2023-07-09 15:00:00,42,val,0.18,0.19058165
Selhausen,2023-07-09 16:00:00,42,val,0.176,0.19328642
Selhausen,2023-07-09 17:00:00,42,val,0.175,0.1920975
Selhausen,2023-07-09 18:00:00,42,val,0.177,0.18908978
Selhausen,2023-07-09 19:00:00,42,val,0.175,0.18609929
Selhausen,2023-07-09 20:00:00,42,val,0.171,0.1832383
Selhausen,2023-07-09 21:00:00,42,val,0.17,0.18123752
Selhausen,2023-07-09 22:00:00,42,val,0.169,0.18003921
Selhausen,2023-07-09 23:00:00,42,val,0.164,0.17983238
Selhausen,2023-07-10 00:00:00,42,val,0.165,0.17988816
Selhausen,2023-07-10 01:00:00,42,val,0.164,0.17978047
Selhausen,2023-07-10 02:00:00,42,val,0.161,0.1792461
Selhausen,2023-07-10 03:00:00,42,val,0.163,0.17849016
Selhausen,2023-07-10 04:00:00,42,val,0.162,0.17775074
Selhausen,2023-07-10 05:00:00,42,val,0.162,0.17698976
Selhausen,2023-07-10 06:00:00,42,val,0.16,0.17653397
Selhausen,2023-07-10 07:00:00,42,val,0.16,0.17646629
Selhausen,2023-07-10 08:00:00,42,val,0.161,0.17670497
Selhausen,2023-07-10 09:00:00,42,val,0.165,0.17654485
Selhausen,2023-07-10 10:00:00,42,val,0.162,0.176411
Selhausen,2023-07-10 11:00:00,42,val,0.165,0.17686868
Selhausen,2023-07-10 12:00:00,42,val,0.167,0.17811954
Selhausen,2023-07-10 13:00:00,42,val,0.169,0.18009877
Selhausen,2023-07-10 14:00:00,42,val,0.171,0.18189721
Selhausen,2023-07-10 15:00:00,42,val,0.171,0.18397449
Selhausen,2023-07-10 16:00:00,42,val,0.168,0.18537612
Selhausen,2023-07-10 17:00:00,42,val,0.169,0.18556586
Selhausen,2023-07-10 18:00:00,42,val,0.167,0.18533298
Selhausen,2023-07-10 19:00:00,42,val,0.164,0.18477958
Selhausen,2023-07-10 20:00:00,42,val,0.167,0.1833083
Selhausen,2023-07-10 21:00:00,42,val,0.16,0.17977795
Selhausen,2023-07-10 22:00:00,42,val,0.163,0.17748582
Selhausen,2023-07-10 23:00:00,42,val,0.16,0.17612565
Selhausen,2023-07-11 00:00:00,42,val,0.158,0.17519197
Selhausen,2023-07-11 01:00:00,42,val,0.156,0.1741153
Selhausen,2023-07-11 02:00:00,42,val,0.155,0.17290407
Selhausen,2023-07-11 03:00:00,42,val,0.154,0.1717241
Selhausen,2023-07-11 04:00:00,42,val,0.157,0.17049778
Selhausen,2023-07-11 05:00:00,42,val,0.156,0.16994108
Selhausen,2023-07-11 06:00:00,42,val,0.155,0.17046933
Selhausen,2023-07-11 07:00:00,42,val,0.155,0.171109
Selhausen,2023-07-11 08:00:00,42,val,0.156,0.17159875
Selhausen,2023-07-11 09:00:00,42,val,0.158,0.17211464
Selhausen,2023-07-11 10:00:00,42,val,0.156,0.17291056
Selhausen,2023-07-11 11:00:00,42,val,0.161,0.17428266
Selhausen,2023-07-11 12:00:00,42,val,0.161,0.17585397
Selhausen,2023-07-11 13:00:00,42,val,0.16,0.1782848
Selhausen,2023-07-11 14:00:00,42,val,0.163,0.18098806
Selhausen,2023-07-11 15:00:00,42,val,0.165,0.18352818
Selhausen,2023-07-11 16:00:00,42,val,0.163,0.18492487
Selhausen,2023-07-11 17:00:00,42,val,0.162,0.18544179
Selhausen,2023-07-11 18:00:00,42,val,0.161,0.18610907
Selhausen,2023-07-11 19:00:00,42,val,0.157,0.18628979
Selhausen,2023-07-11 20:00:00,42,val,0.159,0.18562844
Selhausen,2023-07-11 21:00:00,42,val,0.158,0.1842278
Selhausen,2023-07-11 22:00:00,42,val,0.156,0.1829825
Selhausen,2023-07-11 23:00:00,42,val,0.156,0.18110976
Selhausen,2023-07-12 00:00:00,42,val,0.154,0.17934273
Selhausen,2023-07-12 01:00:00,42,val,0.155,0.1780887
Selhausen,2023-07-12 02:00:00,42,val,0.156,0.1768522
Selhausen,2023-07-12 03:00:00,42,val,0.153,0.1758649
Selhausen,2023-07-12 04:00:00,42,val,0.151,0.17519194
Selhausen,2023-07-12 05:00:00,42,val,0.151,0.17430383
Selhausen,2023-07-12 06:00:00,42,val,0.152,0.17357793
Selhausen,2023-07-12 07:00:00,42,val,0.153,0.17297319
Selhausen,2023-07-12 08:00:00,42,val,0.151,0.17298304
Selhausen,2023-07-12 09:00:00,42,val,0.156,0.17409961
Selhausen,2023-07-12 10:00:00,42,val,0.155,0.17509204
Selhausen,2023-07-12 11:00:00,42,val,0.156,0.17622788
Selhausen,2023-07-12 12:00:00,42,val,0.16,0.17741248
Selhausen,2023-07-12 13:00:00,42,val,0.16,0.17849198
Selhausen,2023-07-12 14:00:00,42,val,0.161,0.17983112
Selhausen,2023-07-12 15:00:00,42,val,0.163,0.18111175
Selhausen,2023-07-12 16:00:00,42,val,0.162,0.18107387
Selhausen,2023-07-12 17:00:00,42,val,0.16,0.1810479
Selhausen,2023-07-12 18:00:00,42,val,0.16,0.18021233
Selhausen,2023-07-12 19:00:00,42,val,0.159,0.17874631
Selhausen,2023-07-12 20:00:00,42,val,0.158,0.17767985
Selhausen,2023-07-12 21:00:00,42,val,0.158,0.17595872
Selhausen,2023-07-12 22:00:00,42,val,0.154,0.17460339
Selhausen,2023-07-12 23:00:00,42,val,0.155,0.17293048
Selhausen,2023-07-13 00:00:00,42,val,0.152,0.17069097
Selhausen,2023-07-13 01:00:00,42,val,0.152,0.16822022
Selhausen,2023-07-13 02:00:00,42,val,0.155,0.16575992
Selhausen,2023-07-13 03:00:00,42,val,0.154,0.16381939
Selhausen,2023-07-13 04:00:00,42,val,0.15,0.16270003
Selhausen,2023-07-13 05:00:00,42,val,0.151,0.16225308
Selhausen,2023-07-13 06:00:00,42,val,0.15,0.16221538
Selhausen,2023-07-13 07:00:00,42,val,0.152,0.16255343
Selhausen,2023-07-13 08:00:00,42,val,0.152,0.16336308
Selhausen,2023-07-13 09:00:00,42,val,0.156,0.16490404
Selhausen,2023-07-13 10:00:00,42,val,0.152,0.16596285
Selhausen,2023-07-13 11:00:00,42,val,0.151,0.16772644
Selhausen,2023-07-13 12:00:00,42,val,0.152,0.17009136
Selhausen,2023-07-13 13:00:00,42,val,0.148,0.17168435
Selhausen,2023-07-13 14:00:00,42,val,0.156,0.17312899
Selhausen,2023-07-13 15:00:00,42,val,0.157,0.17452426
Selhausen,2023-07-13 16:00:00,42,val,0.155,0.17555171
Selhausen,2023-07-13 17:00:00,42,val,0.156,0.17606553
Selhausen,2023-07-13 18:00:00,42,val,0.15,0.17569044
Selhausen,2023-07-13 19:00:00,42,val,0.154,0.17441759
Selhausen,2023-07-13 20:00:00,42,val,0.152,0.17300056
Selhausen,2023-07-13 21:00:00,42,val,0.153,0.17139292
Selhausen,2023-07-13 22:00:00,42,val,0.15,0.16946883
Selhausen,2023-07-13 23:00:00,42,val,0.15,0.16802278
Selhausen,2023-07-14 00:00:00,42,val,0.15,0.166502
Selhausen,2023-07-14 01:00:00,42,val,0.147,0.16565761
Selhausen,2023-07-14 02:00:00,42,val,0.148,0.16522521
Selhausen,2023-07-14 03:00:00,42,val,0.147,0.16420548
Selhausen,2023-07-14 04:00:00,42,val,0.147,0.16233605
Selhausen,2023-07-14 05:00:00,42,val,0.149,0.16090168
Selhausen,2023-07-14 06:00:00,42,val,0.148,0.16048695
Selhausen,2023-07-14 07:00:00,42,val,0.145,0.16083708
Selhausen,2023-07-14 08:00:00,42,val,0.148,0.16126208
Selhausen,2023-07-14 09:00:00,42,val,0.146,0.16235942
Selhausen,2023-07-14 10:00:00,42,val,0.15,0.16358921
Selhausen,2023-07-14 11:00:00,42,val,0.147,0.16471899
Selhausen,2023-07-14 12:00:00,42,val,0.1619999999999999,0.166461
Selhausen,2023-07-14 13:00:00,42,val,0.1495,0.16813573
Selhausen,2023-07-14 14:00:00,42,val,0.154,0.16981032
Selhausen,2023-07-14 15:00:00,42,val,0.156,0.17163247
Selhausen,2023-07-14 16:00:00,42,val,0.1664999999999999,0.17287488
Selhausen,2023-07-14 17:00:00,42,val,0.156,0.17310736
Selhausen,2023-07-14 18:00:00,42,val,0.153,0.17304265
Selhausen,2023-07-14 19:00:00,42,val,0.151,0.17266698
Selhausen,2023-07-14 20:00:00,42,val,0.152,0.17190163
Selhausen,2023-07-14 21:00:00,42,val,0.15,0.17102504
Selhausen,2023-07-14 22:00:00,42,val,0.148,0.16945088
Selhausen,2023-07-14 23:00:00,42,val,0.147,0.16817558
Selhausen,2023-07-15 00:00:00,42,val,0.148,0.16736563
Selhausen,2023-07-15 01:00:00,42,val,0.149,0.16750652
Selhausen,2023-07-15 02:00:00,42,val,0.145,0.1681202
Selhausen,2023-07-15 03:00:00,42,val,0.146,0.16847332
Selhausen,2023-07-15 04:00:00,42,val,0.146,0.16795471
Selhausen,2023-07-15 05:00:00,42,val,0.145,0.16753505
Selhausen,2023-07-15 06:00:00,42,val,0.145,0.16717063
Selhausen,2023-07-15 07:00:00,42,val,0.144,0.16693301
Selhausen,2023-07-15 08:00:00,42,val,0.15,0.16676694
Selhausen,2023-07-15 09:00:00,42,val,0.147,0.17111313
Selhausen,2023-07-15 10:00:00,42,val,0.151,0.17455217
Selhausen,2023-07-15 11:00:00,42,val,0.152,0.1753356
Selhausen,2023-07-15 12:00:00,42,val,0.154,0.17452511
Selhausen,2023-07-15 13:00:00,42,val,0.156,0.17224027
Selhausen,2023-07-15 14:00:00,42,val,0.155,0.1708692
Selhausen,2023-07-15 15:00:00,42,val,0.156,0.16994902
Selhausen,2023-07-15 16:00:00,42,val,0.161,0.16968131
Selhausen,2023-07-15 17:00:00,42,val,0.155,0.1696579
Selhausen,2023-07-15 18:00:00,42,val,0.156,0.16922447
Selhausen,2023-07-15 19:00:00,42,val,0.151,0.17445722
Selhausen,2023-07-15 20:00:00,42,val,0.151,0.17391494
Selhausen,2023-07-15 21:00:00,42,val,0.149,0.17133251
Selhausen,2023-07-15 22:00:00,42,val,0.15,0.16827965
Selhausen,2023-07-15 23:00:00,42,val,0.151,0.16551411
Selhausen,2023-07-16 00:00:00,42,val,0.147,0.16360559
Selhausen,2023-07-16 01:00:00,42,val,0.146,0.16193722
Selhausen,2023-07-16 02:00:00,42,val,0.147,0.16053814
Selhausen,2023-07-16 03:00:00,42,val,0.142,0.15926975
Selhausen,2023-07-16 04:00:00,42,val,0.145,0.15827264
Selhausen,2023-07-16 05:00:00,42,val,0.143,0.15785268
Selhausen,2023-07-16 06:00:00,42,val,0.145,0.1578183
Selhausen,2023-07-16 07:00:00,42,val,0.144,0.1578141
Selhausen,2023-07-16 08:00:00,42,val,0.146,0.15850225
Selhausen,2023-07-16 09:00:00,42,val,0.146,0.15905274
Selhausen,2023-07-16 10:00:00,42,val,0.149,0.16044663
Selhausen,2023-07-16 11:00:00,42,val,0.149,0.1617625
Selhausen,2023-07-16 12:00:00,42,val,0.153,0.1650022
Selhausen,2023-07-16 13:00:00,42,val,0.154,0.1666118
Selhausen,2023-07-16 14:00:00,42,val,0.156,0.16786636
Selhausen,2023-07-16 15:00:00,42,val,0.158,0.1692815
Selhausen,2023-07-16 16:00:00,42,val,0.159,0.17153238
Selhausen,2023-07-16 17:00:00,42,val,0.158,0.1723535
Selhausen,2023-07-16 18:00:00,42,val,0.155,0.17157929
Selhausen,2023-07-16 19:00:00,42,val,0.155,0.16945294
Selhausen,2023-07-16 20:00:00,42,val,0.151,0.16747306
Selhausen,2023-07-16 21:00:00,42,val,0.15,0.16541263
Selhausen,2023-07-16 22:00:00,42,val,0.15,0.1630635
Selhausen,2023-07-16 23:00:00,42,val,0.147,0.16058888
Selhausen,2023-07-17 00:00:00,42,val,0.147,0.1592545
Selhausen,2023-07-17 01:00:00,42,val,0.146,0.1586543
Selhausen,2023-07-17 02:00:00,42,val,0.148,0.15771624
Selhausen,2023-07-17 03:00:00,42,val,0.147,0.15680575
Selhausen,2023-07-17 04:00:00,42,val,0.143,0.15586767
Selhausen,2023-07-17 05:00:00,42,val,0.143,0.15519169
Selhausen,2023-07-17 06:00:00,42,val,0.143,0.15507884
Selhausen,2023-07-17 07:00:00,42,val,0.146,0.15536246
Selhausen,2023-07-17 08:00:00,42,val,0.145,0.1566553
Selhausen,2023-07-17 09:00:00,42,val,0.143,0.15805347
Selhausen,2023-07-17 10:00:00,42,val,0.147,0.16011737
Selhausen,2023-07-17 11:00:00,42,val,0.146,0.16219567
Selhausen,2023-07-17 12:00:00,42,val,0.153,0.16453168
Selhausen,2023-07-17 13:00:00,42,val,0.149,0.16685253
Selhausen,2023-07-17 14:00:00,42,val,0.155,0.16847736
Selhausen,2023-07-17 15:00:00,42,val,0.158,0.16976851
Selhausen,2023-07-17 16:00:00,42,val,0.154,0.17089981
Selhausen,2023-07-17 17:00:00,42,val,0.155,0.1729635
Selhausen,2023-07-17 18:00:00,42,val,0.15,0.17305721
Selhausen,2023-07-17 19:00:00,42,val,0.152,0.17117926
Selhausen,2023-07-17 20:00:00,42,val,0.151,0.1686714
Selhausen,2023-07-17 21:00:00,42,val,0.15,0.16553947
Selhausen,2023-07-17 22:00:00,42,val,0.148,0.16289395
Selhausen,2023-07-17 23:00:00,42,val,0.145,0.16085184
Selhausen,2023-07-18 00:00:00,42,val,0.147,0.1589321
Selhausen,2023-07-18 01:00:00,42,val,0.144,0.15685466
Selhausen,2023-07-18 02:00:00,42,val,0.146,0.15494408
Selhausen,2023-07-18 03:00:00,42,val,0.142,0.15263979
Selhausen,2023-07-18 04:00:00,42,val,0.146,0.15083346
Selhausen,2023-07-18 05:00:00,42,val,0.143,0.14977834
Selhausen,2023-07-18 06:00:00,42,val,0.142,0.14988424
Selhausen,2023-07-18 07:00:00,42,val,0.144,0.1505811
Selhausen,2023-07-18 08:00:00,42,val,0.145,0.15193579
Selhausen,2023-07-18 09:00:00,42,val,0.146,0.1556374
Selhausen,2023-07-18 10:00:00,42,val,0.145,0.15808722
Selhausen,2023-07-18 11:00:00,42,val,0.146,0.15956652
Selhausen,2023-07-18 12:00:00,42,val,0.152,0.16124307
Selhausen,2023-07-18 13:00:00,42,val,0.151,0.16284806
Selhausen,2023-07-18 14:00:00,42,val,0.151,0.1645123
Selhausen,2023-07-18 15:00:00,42,val,0.15,0.16597714
Selhausen,2023-07-18 16:00:00,42,val,0.148,0.16761337
Selhausen,2023-07-18 17:00:00,42,val,0.152,0.16864814
Selhausen,2023-07-18 18:00:00,42,val,0.151,0.16886197
Selhausen,2023-07-18 19:00:00,42,val,0.148,0.16855858
Selhausen,2023-07-18 20:00:00,42,val,0.145,0.16714387
Selhausen,2023-07-18 21:00:00,42,val,0.15,0.1651159
Selhausen,2023-07-18 22:00:00,42,val,0.145,0.1631426
Selhausen,2023-07-18 23:00:00,42,val,0.144,0.16085269
Selhausen,2023-07-19 00:00:00,42,val,0.147,0.15875351
Selhausen,2023-07-19 01:00:00,42,val,0.142,0.15685722
Selhausen,2023-07-19 02:00:00,42,val,0.142,0.15560386
Selhausen,2023-07-19 03:00:00,42,val,0.14,0.15463811
Selhausen,2023-07-19 04:00:00,42,val,0.143,0.15342274
Selhausen,2023-07-19 05:00:00,42,val,0.144,0.15259445
Selhausen,2023-07-19 06:00:00,42,val,0.142,0.1523889
Selhausen,2023-07-19 07:00:00,42,val,0.142,0.15307525
Selhausen,2023-07-19 08:00:00,42,val,0.145,0.15406331
Selhausen,2023-07-19 09:00:00,42,val,0.142,0.15487188
Selhausen,2023-07-19 10:00:00,42,val,0.144,0.15615797
Selhausen,2023-07-19 11:00:00,42,val,0.143,0.157527
Selhausen,2023-07-19 12:00:00,42,val,0.144,0.15951411
Selhausen,2023-07-19 13:00:00,42,val,0.144,0.16107324
Selhausen,2023-07-19 14:00:00,42,val,0.146,0.16308923
Selhausen,2023-07-19 15:00:00,42,val,0.142,0.16614112
Selhausen,2023-07-19 16:00:00,42,val,0.143,0.16801582
Selhausen,2023-07-19 17:00:00,42,val,0.142,0.1687879
Selhausen,2023-07-19 18:00:00,42,val,0.142,0.16819695
Selhausen,2023-07-19 19:00:00,42,val,0.146,0.16714954
Selhausen,2023-07-19 20:00:00,42,val,0.141,0.16590878
Selhausen,2023-07-19 21:00:00,42,val,0.142,0.16452202
Selhausen,2023-07-19 22:00:00,42,val,0.139,0.16297908
Selhausen,2023-07-19 23:00:00,42,val,0.139,0.16134205
Selhausen,2023-07-20 00:00:00,42,val,0.138,0.16001159
Selhausen,2023-07-20 01:00:00,42,val,0.139,0.15827806
Selhausen,2023-07-20 02:00:00,42,val,0.14,0.15685105
Selhausen,2023-07-20 03:00:00,42,val,0.14,0.1552403
Selhausen,2023-07-20 04:00:00,42,val,0.136,0.15425119
Selhausen,2023-07-20 05:00:00,42,val,0.136,0.15344292
Selhausen,2023-07-20 06:00:00,42,val,0.137,0.15295912
Selhausen,2023-07-20 07:00:00,42,val,0.136,0.1531802
Selhausen,2023-07-20 08:00:00,42,val,0.139,0.15416044
Selhausen,2023-07-29 03:00:00,42,val,0.231,0.21357547
Selhausen,2023-07-29 04:00:00,42,val,0.228,0.2143876
Selhausen,2023-07-29 05:00:00,42,val,0.23,0.21429132
Selhausen,2023-07-29 06:00:00,42,val,0.228,0.21389374
Selhausen,2023-07-29 07:00:00,42,val,0.231,0.21366751
Selhausen,2023-07-29 08:00:00,42,val,0.231,0.21341284
Selhausen,2023-07-29 09:00:00,42,val,0.236,0.2135224
Selhausen,2023-07-29 10:00:00,42,val,0.232,0.21481471
Selhausen,2023-07-29 11:00:00,42,val,0.235,0.21578795
Selhausen,2023-07-29 12:00:00,42,val,0.236,0.21608712
Selhausen,2023-07-29 13:00:00,42,val,0.231,0.21607251
Selhausen,2023-07-29 14:00:00,42,val,0.235,0.22142145
Selhausen,2023-07-29 15:00:00,42,val,0.228,0.2234645
Selhausen,2023-07-29 16:00:00,42,val,0.231,0.22396727
Selhausen,2023-07-29 17:00:00,42,val,0.236,0.22479832
Selhausen,2023-07-29 18:00:00,42,val,0.236,0.22555676
Selhausen,2023-07-29 19:00:00,42,val,0.24,0.22567421
Selhausen,2023-07-29 20:00:00,42,val,0.251,0.22527659
Selhausen,2023-07-29 21:00:00,42,val,0.269,0.22473517
Selhausen,2023-07-29 22:00:00,42,val,0.265,0.22433624
Selhausen,2023-07-29 23:00:00,42,val,0.286,0.22383952
Selhausen,2023-07-30 00:00:00,42,val,0.283,0.2237314
Selhausen,2023-07-30 01:00:00,42,val,0.281,0.22353573
Selhausen,2023-07-30 02:00:00,42,val,0.32,0.22285528
Selhausen,2023-07-30 03:00:00,42,val,0.294,0.22226663
Selhausen,2023-07-30 04:00:00,42,val,0.29,0.2218853
Selhausen,2023-07-30 05:00:00,42,val,0.293,0.22053865
Selhausen,2023-07-30 06:00:00,42,val,0.287,0.2196563
Selhausen,2023-07-30 07:00:00,42,val,0.286,0.21874547
Selhausen,2023-07-30 08:00:00,42,val,0.284,0.21826263
Selhausen,2023-07-30 09:00:00,42,val,0.271,0.2176019
Selhausen,2023-07-30 10:00:00,42,val,0.26,0.21743205
Selhausen,2023-07-30 11:00:00,42,val,0.266,0.21738647
Selhausen,2023-07-30 12:00:00,42,val,0.26,0.21796058
Selhausen,2023-07-30 13:00:00,42,val,0.259,0.21833964
Selhausen,2023-07-30 14:00:00,42,val,0.255,0.21826117
Selhausen,2023-07-30 15:00:00,42,val,0.258,0.2173996
Selhausen,2023-07-30 16:00:00,42,val,0.256,0.21648124
Selhausen,2023-07-30 17:00:00,42,val,0.248,0.21533947
Selhausen,2023-07-30 18:00:00,42,val,0.249,0.2140635
Selhausen,2023-07-30 19:00:00,42,val,0.249,0.21370408
Selhausen,2023-07-30 20:00:00,42,val,0.248,0.21645483
Selhausen,2023-07-30 21:00:00,42,val,0.248,0.21785586
Selhausen,2023-07-30 22:00:00,42,val,0.251,0.21806154
Selhausen,2023-07-30 23:00:00,42,val,0.249,0.21941674
Selhausen,2023-07-31 00:00:00,42,val,0.247,0.2208792
Selhausen,2023-07-31 01:00:00,42,val,0.247,0.22164421
Selhausen,2023-07-31 02:00:00,42,val,0.248,0.22247258
Selhausen,2023-07-31 03:00:00,42,val,0.25,0.2230021
Selhausen,2023-07-31 04:00:00,42,val,0.245,0.22278722
Selhausen,2023-07-31 05:00:00,42,val,0.252,0.22249876
Selhausen,2023-07-31 06:00:00,42,val,0.248,0.2231072
Selhausen,2023-07-31 07:00:00,42,val,0.256,0.22323655
Selhausen,2023-07-31 08:00:00,42,val,0.26,0.22421125
Selhausen,2023-07-31 09:00:00,42,val,0.258,0.22521462
Selhausen,2023-07-31 10:00:00,42,val,0.266,0.2256356
Selhausen,2023-07-31 11:00:00,42,val,0.253,0.22608392
Selhausen,2023-07-31 12:00:00,42,val,0.265,0.22678699
Selhausen,2023-07-31 13:00:00,42,val,0.273,0.22683373
Selhausen,2023-07-31 14:00:00,42,val,0.268,0.22665179
Selhausen,2023-07-31 15:00:00,42,val,0.277,0.22566375
Selhausen,2023-07-31 16:00:00,42,val,0.272,0.22595751
Selhausen,2023-07-31 17:00:00,42,val,0.261,0.22733545
Selhausen,2023-07-31 18:00:00,42,val,0.283,0.22938238
Selhausen,2023-07-31 19:00:00,42,val,0.284,0.23211984
Selhausen,2023-07-31 20:00:00,42,val,0.279,0.23566385
Selhausen,2023-07-31 21:00:00,42,val,0.275,0.23955353
Selhausen,2023-07-31 22:00:00,42,val,0.277,0.24354632
Selhausen,2023-07-31 23:00:00,42,val,0.276,0.24988958
Selhausen,2023-08-01 00:00:00,42,val,0.288,0.25412124
Selhausen,2023-08-01 01:00:00,42,val,0.273,0.25780344
Selhausen,2023-08-01 02:00:00,42,val,0.28,0.26633245
Selhausen,2023-08-01 03:00:00,42,val,0.286,0.26905927
Selhausen,2023-08-01 04:00:00,42,val,0.279,0.26846045
Selhausen,2023-08-01 05:00:00,42,val,0.283,0.266797
Selhausen,2023-08-01 06:00:00,42,val,0.281,0.2644291
Selhausen,2023-08-01 07:00:00,42,val,0.278,0.2619218
Selhausen,2023-08-01 08:00:00,42,val,0.283,0.25977314
Selhausen,2023-08-01 09:00:00,42,val,0.277,0.25653493
Selhausen,2023-08-01 10:00:00,42,val,0.287,0.25209746
Selhausen,2023-08-01 11:00:00,42,val,0.2775,0.24842788
Selhausen,2023-08-01 12:00:00,42,val,0.277,0.24510142
Selhausen,2023-08-01 13:00:00,42,val,0.277,0.24241918
Selhausen,2023-08-01 14:00:00,42,val,0.275,0.24119765
Selhausen,2023-08-01 15:00:00,42,val,0.276,0.24038002
Selhausen,2023-08-01 16:00:00,42,val,0.267,0.23960106
Selhausen,2023-08-01 17:00:00,42,val,0.285,0.237891
Selhausen,2023-08-01 18:00:00,42,val,0.284,0.2361712
Selhausen,2023-08-01 19:00:00,42,val,0.283,0.23539662
Selhausen,2023-08-01 20:00:00,42,val,0.281,0.23566441
Selhausen,2023-08-01 21:00:00,42,val,0.28,0.23500846
Selhausen,2023-08-01 22:00:00,42,val,0.281,0.23482665
Selhausen,2023-08-01 23:00:00,42,val,0.276,0.23518278
Selhausen,2023-08-02 00:00:00,42,val,0.275,0.23491839
Selhausen,2023-08-02 01:00:00,42,val,0.276,0.23442437
Selhausen,2023-08-02 02:00:00,42,val,0.275,0.23408489
Selhausen,2023-08-02 03:00:00,42,val,0.277,0.23397154
Selhausen,2023-08-02 04:00:00,42,val,0.272,0.23331395
Selhausen,2023-08-02 05:00:00,42,val,0.274,0.23405631
Selhausen,2023-08-02 06:00:00,42,val,0.268,0.2359285
Selhausen,2023-08-02 07:00:00,42,val,0.267,0.23778908
Selhausen,2023-08-02 08:00:00,42,val,0.269,0.23932435
Selhausen,2023-08-02 09:00:00,42,val,0.266,0.24030985
Gevenich,2025-04-01 12:00:00,42,test,0.212,0.19996908
Gevenich,2025-04-01 13:00:00,42,test,0.213,0.2001836
Gevenich,2025-04-01 14:00:00,42,test,0.211,0.20053412
Gevenich,2025-04-01 15:00:00,42,test,0.21,0.20066503
Gevenich,2025-04-01 16:00:00,42,test,0.209,0.20090325
Gevenich,2025-04-01 17:00:00,42,test,0.208,0.20093663
Gevenich,2025-04-01 18:00:00,42,test,0.209,0.20103183
Gevenich,2025-04-01 19:00:00,42,test,0.208,0.2004698
Gevenich,2025-04-01 20:00:00,42,test,0.2065,0.1996322
Gevenich,2025-04-01 21:00:00,42,test,0.208,0.19879755
Gevenich,2025-04-01 22:00:00,42,test,0.2085,0.1986929
Gevenich,2025-04-01 23:00:00,42,test,0.2075,0.19815151
Gevenich,2025-04-02 00:00:00,42,test,0.207,0.19783469
Gevenich,2025-04-02 01:00:00,42,test,0.209,0.1968971
Gevenich,2025-04-02 02:00:00,42,test,0.2085,0.19594394
Gevenich,2025-04-02 03:00:00,42,test,0.208,0.19581105
Gevenich,2025-04-02 04:00:00,42,test,0.207,0.19522448
Gevenich,2025-04-02 05:00:00,42,test,0.2065,0.19468199
Gevenich,2025-04-02 06:00:00,42,test,0.2035,0.1944054
Gevenich,2025-04-02 07:00:00,42,test,0.208,0.19456728
Gevenich,2025-04-02 08:00:00,42,test,0.207,0.1951829
Gevenich,2025-04-02 09:00:00,42,test,0.207,0.19568972
Gevenich,2025-04-02 10:00:00,42,test,0.208,0.1961444
Gevenich,2025-04-02 11:00:00,42,test,0.208,0.19617383
Gevenich,2025-04-02 12:00:00,42,test,0.2075,0.1957587
Gevenich,2025-04-02 13:00:00,42,test,0.2045,0.19517538
Gevenich,2025-04-02 14:00:00,42,test,0.206,0.194859
Gevenich,2025-04-02 15:00:00,42,test,0.2055,0.19494952
Gevenich,2025-04-02 16:00:00,42,test,0.2035,0.19521014
Gevenich,2025-04-02 17:00:00,42,test,0.203,0.19536528
Gevenich,2025-04-02 18:00:00,42,test,0.2025,0.19541207
Gevenich,2025-04-02 19:00:00,42,test,0.2015,0.19510394
Gevenich,2025-04-02 20:00:00,42,test,0.202,0.19472069
Gevenich,2025-04-02 21:00:00,42,test,0.202,0.1939754
Gevenich,2025-04-02 22:00:00,42,test,0.2005,0.19361067
Gevenich,2025-04-02 23:00:00,42,test,0.201,0.19329691
Gevenich,2025-04-03 00:00:00,42,test,0.202,0.1932976
Gevenich,2025-04-03 01:00:00,42,test,0.2015,0.19326043
Gevenich,2025-04-03 02:00:00,42,test,0.201,0.19306949
Gevenich,2025-04-03 03:00:00,42,test,0.2005,0.19286583
Gevenich,2025-04-03 04:00:00,42,test,0.202,0.19264728
Gevenich,2025-04-03 05:00:00,42,test,0.1985,0.19241478
Gevenich,2025-04-03 06:00:00,42,test,0.2,0.19245556
Gevenich,2025-04-03 07:00:00,42,test,0.2,0.19247085
Gevenich,2025-04-03 08:00:00,42,test,0.1995,0.1922794
Gevenich,2025-04-03 09:00:00,42,test,0.2015,0.19190834
Gevenich,2025-04-03 10:00:00,42,test,0.1985,0.19147393
Gevenich,2025-04-03 11:00:00,42,test,0.1975,0.19147861
Gevenich,2025-04-03 12:00:00,42,test,0.199,0.1913431
Gevenich,2025-04-03 13:00:00,42,test,0.201,0.19134742
Gevenich,2025-04-03 14:00:00,42,test,0.201,0.1911313
Gevenich,2025-04-03 15:00:00,42,test,0.198,0.19080804
Gevenich,2025-04-03 16:00:00,42,test,0.1955,0.19041455
Gevenich,2025-04-03 17:00:00,42,test,0.1965,0.18994637
Gevenich,2025-04-03 18:00:00,42,test,0.1955,0.18961516
Gevenich,2025-04-03 19:00:00,42,test,0.194,0.18932414
Gevenich,2025-04-03 20:00:00,42,test,0.1955,0.18852948
Gevenich,2025-04-03 21:00:00,42,test,0.194,0.1883614
Gevenich,2025-04-03 22:00:00,42,test,0.1935,0.18833944
Gevenich,2025-04-03 23:00:00,42,test,0.193,0.18795048
Gevenich,2025-04-04 00:00:00,42,test,0.195,0.18724842
Gevenich,2025-04-04 01:00:00,42,test,0.193,0.18716177
Gevenich,2025-04-04 02:00:00,42,test,0.194,0.18691666
Gevenich,2025-04-04 03:00:00,42,test,0.195,0.18648988
Gevenich,2025-04-04 04:00:00,42,test,0.194,0.18560928
Gevenich,2025-04-04 05:00:00,42,test,0.1925,0.18482724
Gevenich,2025-04-04 06:00:00,42,test,0.1935,0.18404654
Gevenich,2025-04-04 07:00:00,42,test,0.1935,0.18429236
Gevenich,2025-04-04 08:00:00,42,test,0.193,0.1849235
Gevenich,2025-04-04 09:00:00,42,test,0.193,0.1855492
Gevenich,2025-04-04 10:00:00,42,test,0.1915,0.18629314
Gevenich,2025-04-04 11:00:00,42,test,0.191,0.18700543
Gevenich,2025-04-04 12:00:00,42,test,0.1905,0.18749082
Gevenich,2025-04-04 13:00:00,42,test,0.1915,0.18738854
Gevenich,2025-04-04 14:00:00,42,test,0.191,0.18726878
Gevenich,2025-04-04 15:00:00,42,test,0.19,0.18723594
Gevenich,2025-04-04 16:00:00,42,test,0.191,0.18693866
Gevenich,2025-04-04 17:00:00,42,test,0.189,0.18641299
Gevenich,2025-04-04 18:00:00,42,test,0.188,0.18552357
Gevenich,2025-04-04 19:00:00,42,test,0.1895,0.18464236
Gevenich,2025-04-04 20:00:00,42,test,0.189,0.18421188
Gevenich,2025-04-04 21:00:00,42,test,0.189,0.1840187
Gevenich,2025-04-04 22:00:00,42,test,0.189,0.18404384
Gevenich,2025-04-04 23:00:00,42,test,0.1895,0.18363655
Gevenich,2025-04-05 00:00:00,42,test,0.187,0.18397516
Gevenich,2025-04-05 01:00:00,42,test,0.188,0.18399733
Gevenich,2025-04-05 02:00:00,42,test,0.188,0.18363798
Gevenich,2025-04-05 03:00:00,42,test,0.1855,0.18266782
Gevenich,2025-04-05 04:00:00,42,test,0.188,0.18189046
Gevenich,2025-05-04 07:00:00,42,test,0.1795,0.17105198
Gevenich,2025-05-04 08:00:00,42,test,0.181,0.1714435
Gevenich,2025-05-04 09:00:00,42,test,0.181,0.17208624
Gevenich,2025-05-04 10:00:00,42,test,0.183,0.17292732
Gevenich,2025-05-04 11:00:00,42,test,0.1815,0.1738115
Gevenich,2025-05-04 12:00:00,42,test,0.1815,0.17511071
Gevenich,2025-05-04 13:00:00,42,test,0.184,0.17616823
Gevenich,2025-05-04 14:00:00,42,test,0.1835,0.17681871
Gevenich,2025-05-04 15:00:00,42,test,0.1835,0.17673218
Gevenich,2025-05-04 16:00:00,42,test,0.184,0.17699307
Gevenich,2025-05-04 17:00:00,42,test,0.1845,0.17750038
Gevenich,2025-05-04 18:00:00,42,test,0.1835,0.17778923
Gevenich,2025-05-04 19:00:00,42,test,0.1845,0.17732769
Gevenich,2025-05-04 20:00:00,42,test,0.183,0.1764924
Gevenich,2025-05-04 21:00:00,42,test,0.181,0.17578956
Gevenich,2025-05-04 22:00:00,42,test,0.18,0.1754292
Gevenich,2025-05-04 23:00:00,42,test,0.1805,0.17498061
Gevenich,2025-05-05 00:00:00,42,test,0.1805,0.17378059
Gevenich,2025-05-05 01:00:00,42,test,0.184,0.17196777
Gevenich,2025-05-05 02:00:00,42,test,0.1795,0.17030953
Gevenich,2025-05-05 03:00:00,42,test,0.181,0.16887277
Gevenich,2025-05-05 04:00:00,42,test,0.1805,0.16737808
Gevenich,2025-05-05 05:00:00,42,test,0.1805,0.16688538
Gevenich,2025-05-05 06:00:00,42,test,0.18,0.1668509
Gevenich,2025-05-05 07:00:00,42,test,0.18,0.16689508
Gevenich,2025-05-05 08:00:00,42,test,0.1815,0.16733316
Gevenich,2025-05-05 09:00:00,42,test,0.1795,0.16803186
Gevenich,2025-05-05 10:00:00,42,test,0.181,0.16860056
Gevenich,2025-05-05 11:00:00,42,test,0.18,0.17045367
Gevenich,2025-05-05 12:00:00,42,test,0.1825,0.17210267
Gevenich,2025-05-05 13:00:00,42,test,0.1835,0.17330384
Gevenich,2025-05-05 14:00:00,42,test,0.1815,0.17390311
Gevenich,2025-05-05 15:00:00,42,test,0.1825,0.17441206
Gevenich,2025-05-05 16:00:00,42,test,0.1825,0.17487642
Gevenich,2025-05-05 17:00:00,42,test,0.186,0.17527847
Gevenich,2025-05-05 18:00:00,42,test,0.1815,0.17568548
Gevenich,2025-05-05 19:00:00,42,test,0.1825,0.17560571
Gevenich,2025-05-05 20:00:00,42,test,0.183,0.17531565
Gevenich,2025-05-05 21:00:00,42,test,0.182,0.17463006
Gevenich,2025-05-05 22:00:00,42,test,0.181,0.17343016
Gevenich,2025-05-05 23:00:00,42,test,0.181,0.1721425
Gevenich,2025-05-06 00:00:00,42,test,0.1785,0.17076316
Gevenich,2025-05-06 01:00:00,42,test,0.1805,0.16941842
Gevenich,2025-05-06 02:00:00,42,test,0.1805,0.16798241
Gevenich,2025-05-06 03:00:00,42,test,0.185,0.16657335
Gevenich,2025-05-06 04:00:00,42,test,0.181,0.1654112
Gevenich,2025-05-06 05:00:00,42,test,0.18,0.16455945
Gevenich,2025-05-06 06:00:00,42,test,0.1795,0.16437958
Gevenich,2025-05-06 07:00:00,42,test,0.18,0.16447504
Gevenich,2025-05-06 08:00:00,42,test,0.1795,0.16495597
Gevenich,2025-05-06 09:00:00,42,test,0.1805,0.16553974
Gevenich,2025-05-06 10:00:00,42,test,0.18,0.16660985
Gevenich,2025-05-06 11:00:00,42,test,0.1815,0.16765246
Gevenich,2025-05-06 12:00:00,42,test,0.1805,0.16867508
Gevenich,2025-05-06 13:00:00,42,test,0.1795,0.17010632
Gevenich,2025-05-06 14:00:00,42,test,0.1845,0.1715416
Gevenich,2025-05-06 15:00:00,42,test,0.1825,0.17279682
Gevenich,2025-05-06 16:00:00,42,test,0.1835,0.17381795
Gevenich,2025-05-06 17:00:00,42,test,0.1835,0.17456046
Gevenich,2025-05-06 18:00:00,42,test,0.1815,0.17499767
Gevenich,2025-05-06 19:00:00,42,test,0.183,0.17536119
Gevenich,2025-05-06 20:00:00,42,test,0.182,0.17533922
Gevenich,2025-05-06 21:00:00,42,test,0.181,0.17432773
Gevenich,2025-05-06 22:00:00,42,test,0.1805,0.17273793
Gevenich,2025-05-06 23:00:00,42,test,0.1785,0.1711325
Gevenich,2025-05-07 00:00:00,42,test,0.179,0.1696238
Gevenich,2025-05-07 01:00:00,42,test,0.18,0.16844949
Gevenich,2025-05-07 02:00:00,42,test,0.1775,0.1673173
Gevenich,2025-05-07 03:00:00,42,test,0.1805,0.16656888
Gevenich,2025-05-07 04:00:00,42,test,0.178,0.16542652
Gevenich,2025-05-07 05:00:00,42,test,0.178,0.16475102
Gevenich,2025-05-07 06:00:00,42,test,0.179,0.16452526
Gevenich,2025-05-07 07:00:00,42,test,0.179,0.16457613
Gevenich,2025-05-07 08:00:00,42,test,0.1785,0.16493562
Gevenich,2025-05-07 09:00:00,42,test,0.179,0.16543114
Gevenich,2025-05-07 10:00:00,42,test,0.1805,0.16624883
Gevenich,2025-05-07 11:00:00,42,test,0.1815,0.16702971
Gevenich,2025-05-07 12:00:00,42,test,0.181,0.16832972
Gevenich,2025-05-07 13:00:00,42,test,0.1805,0.16990736
Gevenich,2025-05-07 14:00:00,42,test,0.182,0.17103268
Gevenich,2025-05-21 13:00:00,42,test,0.155,0.16157979
Gevenich,2025-05-21 14:00:00,42,test,0.1555,0.16284862
Gevenich,2025-05-21 15:00:00,42,test,0.155,0.16397876
Gevenich,2025-05-21 16:00:00,42,test,0.156,0.16410801
Gevenich,2025-05-21 17:00:00,42,test,0.1555,0.16405304
Gevenich,2025-05-21 18:00:00,42,test,0.155,0.16383648
Gevenich,2025-05-21 19:00:00,42,test,0.1525,0.16366896
Gevenich,2025-05-21 20:00:00,42,test,0.156,0.16333127
Gevenich,2025-05-21 21:00:00,42,test,0.153,0.16275951
Gevenich,2025-05-21 22:00:00,42,test,0.1545,0.16182838
Gevenich,2025-05-21 23:00:00,42,test,0.154,0.16051775
Gevenich,2025-05-22 00:00:00,42,test,0.15,0.15923318
Gevenich,2025-05-22 01:00:00,42,test,0.1515,0.15752153
Gevenich,2025-05-22 02:00:00,42,test,0.152,0.15613684
Gevenich,2025-05-22 03:00:00,42,test,0.151,0.15473586
Gevenich,2025-05-22 04:00:00,42,test,0.1515,0.15358895
Gevenich,2025-05-22 05:00:00,42,test,0.1515,0.1530021
Gevenich,2025-05-22 06:00:00,42,test,0.151,0.15261239
Gevenich,2025-05-22 07:00:00,42,test,0.151,0.15276644
Gevenich,2025-05-22 08:00:00,42,test,0.1525,0.15299678
Gevenich,2025-05-22 09:00:00,42,test,0.1515,0.15336014
Gevenich,2025-05-22 10:00:00,42,test,0.152,0.1541845
Gevenich,2025-05-22 11:00:00,42,test,0.152,0.1553776
Gevenich,2025-05-22 12:00:00,42,test,0.153,0.15666567
Gevenich,2025-05-22 13:00:00,42,test,0.1535,0.15769064
Gevenich,2025-05-22 14:00:00,42,test,0.153,0.15875784
Gevenich,2025-05-22 15:00:00,42,test,0.153,0.16007885
Gevenich,2025-05-22 16:00:00,42,test,0.154,0.16075099
Gevenich,2025-05-22 17:00:00,42,test,0.154,0.16148439
Gevenich,2025-05-22 18:00:00,42,test,0.154,0.16169655
Gevenich,2025-05-22 19:00:00,42,test,0.155,0.16111739
Gevenich,2025-05-22 20:00:00,42,test,0.155,0.16000143
Gevenich,2025-05-22 21:00:00,42,test,0.155,0.1585125
Gevenich,2025-05-22 22:00:00,42,test,0.1745,0.15703686
Gevenich,2025-05-22 23:00:00,42,test,0.1745,0.1555186
Gevenich,2025-05-23 00:00:00,42,test,0.155,0.15387888
Gevenich,2025-05-23 01:00:00,42,test,0.1725,0.152113
Gevenich,2025-05-23 02:00:00,42,test,0.154,0.15011433
Gevenich,2025-05-23 03:00:00,42,test,0.1735,0.14857882
Gevenich,2025-05-23 04:00:00,42,test,0.152,0.14779517
Gevenich,2025-05-23 05:00:00,42,test,0.176,0.14760047
Gevenich,2025-05-23 06:00:00,42,test,0.154,0.14791481
Gevenich,2025-05-23 07:00:00,42,test,0.1755,0.14850989
Gevenich,2025-05-23 08:00:00,42,test,0.1735,0.14887995
Gevenich,2025-05-23 09:00:00,42,test,0.153,0.14945471
Gevenich,2025-05-23 10:00:00,42,test,0.1745,0.15048593
Gevenich,2025-05-23 11:00:00,42,test,0.154,0.15192184
Gevenich,2025-06-09 07:00:00,42,test,0.234,0.20251526
Gevenich,2025-06-09 08:00:00,42,test,0.192,0.20260313
Gevenich,2025-06-09 09:00:00,42,test,0.193,0.20231195
Gevenich,2025-06-09 10:00:00,42,test,0.192,0.20196411
Gevenich,2025-06-09 11:00:00,42,test,0.1935,0.21020314
Gevenich,2025-06-09 12:00:00,42,test,0.1915,0.21262893
Gevenich,2025-06-09 13:00:00,42,test,0.233,0.21179658
Gevenich,2025-06-09 14:00:00,42,test,0.191,0.209663
Gevenich,2025-06-09 15:00:00,42,test,0.1915,0.21532066
Gevenich,2025-06-09 16:00:00,42,test,0.1905,0.21545172
Gevenich,2025-06-09 17:00:00,42,test,0.191,0.21248409
Gevenich,2025-06-09 18:00:00,42,test,0.192,0.2085952
Gevenich,2025-06-09 19:00:00,42,test,0.1905,0.20482422
Gevenich,2025-06-09 20:00:00,42,test,0.1895,0.20143966
Gevenich,2025-06-09 21:00:00,42,test,0.188,0.19854474
Gevenich,2025-06-09 22:00:00,42,test,0.1865,0.2034145
Gevenich,2025-06-09 23:00:00,42,test,0.224,0.2043149
Gevenich,2025-06-10 00:00:00,42,test,0.1875,0.2029371
Gevenich,2025-06-10 01:00:00,42,test,0.187,0.20051806
Gevenich,2025-06-10 02:00:00,42,test,0.185,0.19827956
Gevenich,2025-06-10 03:00:00,42,test,0.187,0.19650573
Gevenich,2025-06-10 04:00:00,42,test,0.1855,0.19491418
Gevenich,2025-06-10 05:00:00,42,test,0.1835,0.1937861
Gevenich,2025-06-10 06:00:00,42,test,0.186,0.19334199
Gevenich,2025-06-10 07:00:00,42,test,0.185,0.19317302
Gevenich,2025-06-10 08:00:00,42,test,0.1835,0.20012127
Gevenich,2025-06-10 09:00:00,42,test,0.1825,0.20285535
Gevenich,2025-06-10 10:00:00,42,test,0.184,0.20284532
Gevenich,2025-06-10 11:00:00,42,test,0.183,0.2016006
Gevenich,2025-06-10 12:00:00,42,test,0.182,0.20679171
Gevenich,2025-06-10 13:00:00,42,test,0.1785,0.20700547
Gevenich,2025-06-10 14:00:00,42,test,0.1795,0.20482583
Gevenich,2025-06-10 15:00:00,42,test,0.1805,0.20911439
Gevenich,2025-06-10 16:00:00,42,test,0.177,0.20894721
Gevenich,2025-06-10 17:00:00,42,test,0.1755,0.20651433
Gevenich,2025-06-10 18:00:00,42,test,0.1775,0.20302548
Gevenich,2025-06-10 19:00:00,42,test,0.174,0.19899245
Gevenich,2025-06-10 20:00:00,42,test,0.176,0.19574958
Gevenich,2025-06-10 21:00:00,42,test,0.175,0.19264594
Gevenich,2025-06-10 22:00:00,42,test,0.1755,0.19042553
Gevenich,2025-06-10 23:00:00,42,test,0.173,0.18823852
Gevenich,2025-06-11 00:00:00,42,test,0.173,0.18664016
Gevenich,2025-06-11 01:00:00,42,test,0.172,0.1914865
Gevenich,2025-06-11 02:00:00,42,test,0.1699999999999999,0.19304036
Gevenich,2025-06-11 03:00:00,42,test,0.1699999999999999,0.19268054
Gevenich,2025-06-11 04:00:00,42,test,0.1709999999999999,0.19116047
Gevenich,2025-06-11 05:00:00,42,test,0.1699999999999999,0.18967733
Gevenich,2025-06-11 06:00:00,42,test,0.1704999999999999,0.1887145
Gevenich,2025-06-11 07:00:00,42,test,0.1679999999999999,0.19394489
Gevenich,2025-06-11 08:00:00,42,test,0.1689999999999999,0.19533819
Gevenich,2025-06-11 09:00:00,42,test,0.1689999999999999,0.19463792
Gevenich,2025-06-11 10:00:00,42,test,0.1694999999999999,0.19294505
Gevenich,2025-06-11 11:00:00,42,test,0.1689999999999999,0.19141868
Gevenich,2025-06-11 12:00:00,42,test,0.1674999999999999,0.18982923
Gevenich,2025-06-11 13:00:00,42,test,0.1674999999999999,0.19506712
Gevenich,2025-06-11 14:00:00,42,test,0.1659999999999999,0.1962691
Gevenich,2025-06-11 15:00:00,42,test,0.1654999999999999,0.19532794
Gevenich,2025-06-11 16:00:00,42,test,0.1649999999999999,0.19350515
Gevenich,2025-06-11 17:00:00,42,test,0.1634999999999999,0.19152623
Gevenich,2025-06-11 18:00:00,42,test,0.1639999999999999,0.19019866
Gevenich,2025-06-11 19:00:00,42,test,0.1619999999999999,0.18899673
Gevenich,2025-06-11 20:00:00,42,test,0.1624999999999999,0.18740213
Gevenich,2025-06-11 21:00:00,42,test,0.1629999999999999,0.1858376
Gevenich,2025-06-11 22:00:00,42,test,0.159,0.18446864
Gevenich,2025-06-11 23:00:00,42,test,0.1599999999999999,0.18839386
Gevenich,2025-06-12 00:00:00,42,test,0.1604999999999999,0.18939544
Gevenich,2025-06-12 01:00:00,42,test,0.1585,0.18854249
Gevenich,2025-06-12 02:00:00,42,test,0.1585,0.18665315
Gevenich,2025-06-12 03:00:00,42,test,0.158,0.18505241
Gevenich,2025-06-12 04:00:00,42,test,0.1575,0.18348776
Gevenich,2025-06-12 05:00:00,42,test,0.1565,0.1822946
Gevenich,2025-06-12 06:00:00,42,test,0.1575,0.18208183
Gevenich,2025-06-12 07:00:00,42,test,0.1585,0.18224132
Gevenich,2025-06-12 08:00:00,42,test,0.156,0.18229914
Gevenich,2025-06-12 09:00:00,42,test,0.1575,0.18198274
Gevenich,2025-06-12 10:00:00,42,test,0.157,0.18178184
Gevenich,2025-06-12 11:00:00,42,test,0.1555,0.18156019
Gevenich,2025-06-12 12:00:00,42,test,0.1555,0.1810027
Gevenich,2025-06-12 13:00:00,42,test,0.156,0.17995979
Gevenich,2025-06-12 14:00:00,42,test,0.156,0.17916238
Gevenich,2025-06-12 15:00:00,42,test,0.1545,0.17883378
Gevenich,2025-06-12 16:00:00,42,test,0.1545,0.17837313
Gevenich,2025-06-12 17:00:00,42,test,0.1545,0.17762923
Gevenich,2025-06-12 18:00:00,42,test,0.155,0.17749664
Gevenich,2025-06-12 19:00:00,42,test,0.154,0.17705496
Gevenich,2025-06-12 20:00:00,42,test,0.153,0.17657644
Gevenich,2025-06-12 21:00:00,42,test,0.1525,0.17576565
Gevenich,2025-06-12 22:00:00,42,test,0.153,0.17558399
Gevenich,2025-06-12 23:00:00,42,test,0.151,0.1754889
Gevenich,2025-06-13 00:00:00,42,test,0.153,0.17569606
Gevenich,2025-06-13 01:00:00,42,test,0.1525,0.17574462
Gevenich,2025-06-13 02:00:00,42,test,0.151,0.17528422
Gevenich,2025-06-13 03:00:00,42,test,0.1525,0.17437047
Gevenich,2025-06-13 04:00:00,42,test,0.145,0.1736767
Gevenich,2025-06-13 05:00:00,42,test,0.145,0.1736894
Gevenich,2025-06-13 06:00:00,42,test,0.21,0.17439662
Gevenich,2025-06-13 07:00:00,42,test,0.2065,0.1747686
Gevenich,2025-06-13 08:00:00,42,test,0.2055,0.17476591
Gevenich,2025-06-13 09:00:00,42,test,0.203,0.17455982
Gevenich,2025-06-13 10:00:00,42,test,0.1995,0.17420475
Gevenich,2025-06-13 11:00:00,42,test,0.199,0.17369978
Gevenich,2025-06-13 12:00:00,42,test,0.248,0.17296317
Gevenich,2025-06-13 13:00:00,42,test,0.1975,0.17228264
Gevenich,2025-06-13 14:00:00,42,test,0.1935,0.17155923
Gevenich,2025-06-13 15:00:00,42,test,0.238,0.17103952
Gevenich,2025-06-13 16:00:00,42,test,0.1935,0.17063586
Gevenich,2025-06-13 17:00:00,42,test,0.1905,0.17024678
Gevenich,2025-06-13 18:00:00,42,test,0.189,0.17007174
Gevenich,2025-06-13 19:00:00,42,test,0.188,0.1694708
Gevenich,2025-06-13 20:00:00,42,test,0.1885,0.16915873
Gevenich,2025-06-13 21:00:00,42,test,0.1855,0.16932923
Gevenich,2025-06-13 22:00:00,42,test,0.1855,0.16937806
Gevenich,2025-06-13 23:00:00,42,test,0.1855,0.16947708
Gevenich,2025-06-14 00:00:00,42,test,0.186,0.16970171
Gevenich,2025-06-14 01:00:00,42,test,0.1845,0.16945657
Gevenich,2025-06-14 02:00:00,42,test,0.183,0.16914146
Gevenich,2025-06-14 03:00:00,42,test,0.1845,0.16903742
Gevenich,2025-06-14 04:00:00,42,test,0.184,0.16847102
Gevenich,2025-06-14 05:00:00,42,test,0.218,0.1680842
Gevenich,2025-06-14 06:00:00,42,test,0.1825,0.16830285
Gevenich,2025-06-14 07:00:00,42,test,0.183,0.16875665
Gevenich,2025-06-14 08:00:00,42,test,0.1815,0.16883329
Gevenich,2025-06-14 09:00:00,42,test,0.18,0.1686674
Gevenich,2025-06-14 10:00:00,42,test,0.1785,0.16810669
Gevenich,2025-06-14 11:00:00,42,test,0.179,0.1672236
Gevenich,2025-06-14 12:00:00,42,test,0.1805,0.16623373
Gevenich,2025-06-14 13:00:00,42,test,0.178,0.16545378
Gevenich,2025-06-14 14:00:00,42,test,0.205,0.16481619
Gevenich,2025-06-14 15:00:00,42,test,0.1755,0.16432615
Gevenich,2025-06-14 16:00:00,42,test,0.176,0.16435614
Gevenich,2025-06-14 17:00:00,42,test,0.175,0.16462436
Gevenich,2025-06-14 18:00:00,42,test,0.175,0.16514897
Gevenich,2025-06-14 19:00:00,42,test,0.1745,0.16531524
Gevenich,2025-06-14 20:00:00,42,test,0.172,0.16525082
Gevenich,2025-06-14 21:00:00,42,test,0.1725,0.16498545
Gevenich,2025-06-14 22:00:00,42,test,0.1699999999999999,0.1644376
Gevenich,2025-06-14 23:00:00,42,test,0.1694999999999999,0.16344225
Gevenich,2025-06-15 00:00:00,42,test,0.1709999999999999,0.16300482
Gevenich,2025-06-15 01:00:00,42,test,0.1689999999999999,0.162858
Gevenich,2025-06-15 02:00:00,42,test,0.1694999999999999,0.1628654
Gevenich,2025-06-15 03:00:00,42,test,0.1689999999999999,0.1659212
Gevenich,2025-06-15 04:00:00,42,test,0.1689999999999999,0.18583027
Gevenich,2025-06-15 05:00:00,42,test,0.1689999999999999,0.19044071
Gevenich,2025-06-15 06:00:00,42,test,0.1654999999999999,0.19332209
Gevenich,2025-06-15 07:00:00,42,test,0.1669999999999999,0.195857
Gevenich,2025-06-15 08:00:00,42,test,0.1684999999999999,0.198411
Gevenich,2025-06-15 09:00:00,42,test,0.1654999999999999,0.20053764
Gevenich,2025-06-15 10:00:00,42,test,0.1649999999999999,0.20169763
Gevenich,2025-06-15 11:00:00,42,test,0.1664999999999999,0.20219915
Gevenich,2025-06-15 12:00:00,42,test,0.1644999999999999,0.20906962
Gevenich,2025-06-15 13:00:00,42,test,0.1649999999999999,0.21074235
Gevenich,2025-06-15 14:00:00,42,test,0.1639999999999999,0.20901676
Gevenich,2025-06-15 15:00:00,42,test,0.1599999999999999,0.21216513
Gevenich,2025-06-15 16:00:00,42,test,0.1639999999999999,0.21065639
Gevenich,2025-06-15 17:00:00,42,test,0.1604999999999999,0.20654431
Gevenich,2025-06-15 18:00:00,42,test,0.1604999999999999,0.2016671
Gevenich,2025-06-15 19:00:00,42,test,0.159,0.19694501
Gevenich,2025-06-15 20:00:00,42,test,0.1599999999999999,0.19292241
Gevenich,2025-06-15 21:00:00,42,test,0.159,0.18969402
Gevenich,2025-06-15 22:00:00,42,test,0.158,0.1870315
Gevenich,2025-06-15 23:00:00,42,test,0.1565,0.18576713
Gevenich,2025-06-16 00:00:00,42,test,0.156,0.18507165
Gevenich,2025-06-16 01:00:00,42,test,0.1575,0.18391785
Gevenich,2025-06-16 02:00:00,42,test,0.154,0.18300939
Gevenich,2025-06-16 03:00:00,42,test,0.1555,0.18224251
Gevenich,2025-06-16 04:00:00,42,test,0.156,0.18173933
Gevenich,2025-06-16 05:00:00,42,test,0.1565,0.18668665
Gevenich,2025-06-16 06:00:00,42,test,0.155,0.18924594
Gevenich,2025-06-16 07:00:00,42,test,0.1545,0.189966
Gevenich,2025-06-16 08:00:00,42,test,0.1565,0.18937284
Gevenich,2025-06-16 09:00:00,42,test,0.154,0.18798164
Gevenich,2025-06-16 10:00:00,42,test,0.1535,0.18611069
Gevenich,2025-06-16 11:00:00,42,test,0.154,0.18431531
Gevenich,2025-06-16 12:00:00,42,test,0.154,0.18333857
Gevenich,2025-06-16 13:00:00,42,test,0.154,0.18254879
Gevenich,2025-06-16 14:00:00,42,test,0.154,0.18625371
Gevenich,2025-06-16 15:00:00,42,test,0.154,0.18708454
Gevenich,2025-06-16 16:00:00,42,test,0.153,0.18635483
Gevenich,2025-06-16 17:00:00,42,test,0.152,0.18494007
Gevenich,2025-06-16 18:00:00,42,test,0.1525,0.1833824
Gevenich,2025-06-16 19:00:00,42,test,0.15,0.1817357
Gevenich,2025-06-16 20:00:00,42,test,0.1485,0.17976601
Gevenich,2025-06-16 21:00:00,42,test,0.151,0.17809437
Gevenich,2025-06-16 22:00:00,42,test,0.151,0.17656243
Gevenich,2025-06-16 23:00:00,42,test,0.149,0.1748159
Gevenich,2025-06-17 00:00:00,42,test,0.157,0.17376125
Gevenich,2025-06-17 01:00:00,42,test,0.148,0.17307833
Gevenich,2025-06-17 02:00:00,42,test,0.1485,0.17229278
Gevenich,2025-06-17 03:00:00,42,test,0.15,0.17140815
Gevenich,2025-06-17 04:00:00,42,test,0.1455,0.17086884
Gevenich,2025-06-17 05:00:00,42,test,0.1485,0.17123356
Gevenich,2025-06-17 06:00:00,42,test,0.149,0.17178892
Gevenich,2025-06-17 07:00:00,42,test,0.1475,0.1724918
Gevenich,2025-06-17 08:00:00,42,test,0.1455,0.17325674
Gevenich,2025-06-17 09:00:00,42,test,0.1465,0.17334819
Gevenich,2025-06-17 10:00:00,42,test,0.1465,0.17285725
Gevenich,2025-06-17 11:00:00,42,test,0.1475,0.17247492
Gevenich,2025-06-17 12:00:00,42,test,0.1485,0.17212075
Gevenich,2025-06-17 13:00:00,42,test,0.1485,0.17198433
Gevenich,2025-06-17 14:00:00,42,test,0.148,0.17177823
Gevenich,2025-07-30 10:00:00,42,test,0.2405,0.18331733
Gevenich,2025-07-30 11:00:00,42,test,0.291,0.18240279
Gevenich,2025-08-09 23:00:00,42,test,0.1805,0.2063852
Gevenich,2025-08-10 00:00:00,42,test,0.18,0.20565636
Gevenich,2025-08-10 01:00:00,42,test,0.1805,0.20507695
Gevenich,2025-08-10 02:00:00,42,test,0.179,0.20451975
Gevenich,2025-08-10 03:00:00,42,test,0.1765,0.20335647
Gevenich,2025-08-10 04:00:00,42,test,0.1785,0.20181361
Gevenich,2025-08-10 05:00:00,42,test,0.177,0.20086338
Gevenich,2025-08-10 06:00:00,42,test,0.1775,0.20100585
Gevenich,2025-08-10 07:00:00,42,test,0.1765,0.20169371
Gevenich,2025-08-10 08:00:00,42,test,0.177,0.20236684
Gevenich,2025-08-10 09:00:00,42,test,0.176,0.20270492
Gevenich,2025-08-10 10:00:00,42,test,0.1745,0.20255794
Gevenich,2025-08-10 11:00:00,42,test,0.1755,0.20206358
Gevenich,2025-08-10 12:00:00,42,test,0.1735,0.20188485
Gevenich,2025-08-10 13:00:00,42,test,0.1735,0.20130952
Gevenich,2025-08-10 14:00:00,42,test,0.174,0.20076793
Gevenich,2025-08-20 18:00:00,42,test,0.1285,0.15217462
Gevenich,2025-08-20 19:00:00,42,test,0.1285,0.15151581
Gevenich,2025-08-20 20:00:00,42,test,0.1275,0.15017277
Gevenich,2025-08-20 21:00:00,42,test,0.127,0.14944726
Gevenich,2025-08-20 22:00:00,42,test,0.1275,0.1487379
Gevenich,2025-08-20 23:00:00,42,test,0.1285,0.1476641
Gevenich,2025-08-21 00:00:00,42,test,0.1265,0.14653581
Gevenich,2025-08-21 01:00:00,42,test,0.126,0.14544168
Gevenich,2025-08-21 02:00:00,42,test,0.127,0.14399165
Gevenich,2025-08-21 03:00:00,42,test,0.128,0.14237788
Gevenich,2025-08-21 04:00:00,42,test,0.1255,0.14057362
Gevenich,2025-08-21 05:00:00,42,test,0.1255,0.1394916
Gevenich,2025-08-21 06:00:00,42,test,0.1255,0.13856982
Gevenich,2025-08-21 07:00:00,42,test,0.1245,0.13830885
Gevenich,2025-08-21 08:00:00,42,test,0.1275,0.13879074
Gevenich,2025-08-21 09:00:00,42,test,0.1255,0.14006054
Gevenich,2025-08-21 10:00:00,42,test,0.132,0.14199595
Gevenich,2025-08-21 11:00:00,42,test,0.1285,0.14354575
Gevenich,2025-08-21 12:00:00,42,test,0.129,0.14540404
Gevenich,2025-08-21 13:00:00,42,test,0.1275,0.1466147
Gevenich,2025-08-21 14:00:00,42,test,0.1275,0.14774844
Gevenich,2025-08-21 15:00:00,42,test,0.129,0.14873333
Gevenich,2025-08-21 16:00:00,42,test,0.128,0.14916989
Gevenich,2025-08-21 17:00:00,42,test,0.129,0.14913797
Gevenich,2025-08-21 18:00:00,42,test,0.1275,0.14880553
Gevenich,2025-08-21 19:00:00,42,test,0.126,0.14826706
Gevenich,2025-08-21 20:00:00,42,test,0.1275,0.14734724
Gevenich,2025-08-21 21:00:00,42,test,0.1255,0.14604391
Gevenich,2025-08-21 22:00:00,42,test,0.128,0.14472023
Gevenich,2025-08-21 23:00:00,42,test,0.127,0.14322114
Gevenich,2025-08-22 00:00:00,42,test,0.1275,0.14131305
Gevenich,2025-08-22 01:00:00,42,test,0.126,0.13898554
Gevenich,2025-08-22 02:00:00,42,test,0.126,0.13731988
Gevenich,2025-08-22 03:00:00,42,test,0.1225,0.13570724
Gevenich,2025-08-22 04:00:00,42,test,0.1255,0.13429275
Gevenich,2025-08-22 05:00:00,42,test,0.124,0.13343701
Gevenich,2025-08-22 06:00:00,42,test,0.124,0.13314122
Gevenich,2025-08-22 07:00:00,42,test,0.124,0.13330787
Gevenich,2025-08-22 08:00:00,42,test,0.126,0.13436165
Gevenich,2025-08-22 09:00:00,42,test,0.1235,0.13574713
Gevenich,2025-08-22 10:00:00,42,test,0.128,0.13703644
Gevenich,2025-08-22 11:00:00,42,test,0.1245,0.13833755
Gevenich,2025-08-22 12:00:00,42,test,0.1285,0.1400442
Gevenich,2025-08-22 13:00:00,42,test,0.1285,0.14163616
Gevenich,2025-08-22 14:00:00,42,test,0.1275,0.14285806
Gevenich,2025-08-22 15:00:00,42,test,0.1285,0.14375246
Gevenich,2025-08-22 16:00:00,42,test,0.125,0.1444936
Gevenich,2025-08-22 17:00:00,42,test,0.1285,0.14534408
Gevenich,2025-08-22 18:00:00,42,test,0.1295,0.14575785
Gevenich,2025-08-22 19:00:00,42,test,0.128,0.14577952
Gevenich,2025-08-22 20:00:00,42,test,0.1265,0.14526194
Gevenich,2025-08-22 21:00:00,42,test,0.126,0.14413756
Gevenich,2025-08-22 22:00:00,42,test,0.1225,0.14308386
Gevenich,2025-08-22 23:00:00,42,test,0.1265,0.14224902
Gevenich,2025-08-23 00:00:00,42,test,0.126,0.1410096
Gevenich,2025-08-23 01:00:00,42,test,0.1225,0.13937373
Gevenich,2025-08-23 02:00:00,42,test,0.126,0.13789003
Gevenich,2025-08-23 03:00:00,42,test,0.1225,0.13677436
Gevenich,2025-08-23 04:00:00,42,test,0.124,0.13557199
Gevenich,2025-08-23 05:00:00,42,test,0.1235,0.13462688
Gevenich,2025-08-23 06:00:00,42,test,0.1215,0.1340141
Gevenich,2025-08-23 07:00:00,42,test,0.125,0.13366093
Gevenich,2025-08-23 08:00:00,42,test,0.1235,0.1342452
Gevenich,2025-08-23 09:00:00,42,test,0.1235,0.13523018
Gevenich,2025-08-23 10:00:00,42,test,0.1235,0.13748613
Gevenich,2025-08-23 11:00:00,42,test,0.1235,0.13967769
Gevenich,2025-08-23 12:00:00,42,test,0.1245,0.14170375
Gevenich,2025-08-23 13:00:00,42,test,0.124,0.14315064
Gevenich,2025-08-23 14:00:00,42,test,0.1275,0.14411594
Gevenich,2025-08-23 15:00:00,42,test,0.125,0.14492553
Gevenich,2025-08-23 16:00:00,42,test,0.1275,0.1452553
Gevenich,2025-08-23 17:00:00,42,test,0.1255,0.14546037
Gevenich,2025-08-23 18:00:00,42,test,0.1255,0.14526567
Gevenich,2025-08-23 19:00:00,42,test,0.1265,0.14443178
Gevenich,2025-08-23 20:00:00,42,test,0.1275,0.14353035
Gevenich,2025-08-23 21:00:00,42,test,0.1255,0.14206496
Gevenich,2025-08-23 22:00:00,42,test,0.1225,0.14063254
Gevenich,2025-09-21 23:00:00,42,test,0.2605,0.2561782
Gevenich,2025-09-22 00:00:00,42,test,0.2605,0.25543818
Gevenich,2025-09-22 01:00:00,42,test,0.2595,0.2534463
Gevenich,2025-09-22 02:00:00,42,test,0.2595,0.2516014
Gevenich,2025-09-22 03:00:00,42,test,0.261,0.25018996
Gevenich,2025-09-22 04:00:00,42,test,0.2595,0.24909715
Gevenich,2025-09-22 05:00:00,42,test,0.2595,0.24817595
Gevenich,2025-09-22 06:00:00,42,test,0.2595,0.2477364
Gevenich,2025-09-22 07:00:00,42,test,0.2595,0.24767628
Gevenich,2025-09-22 08:00:00,42,test,0.2625,0.24819425
Gevenich,2025-09-22 09:00:00,42,test,0.259,0.24900572
Gevenich,2025-09-22 10:00:00,42,test,0.259,0.24986719
Gevenich,2025-09-22 11:00:00,42,test,0.259,0.2508901
Gevenich,2025-09-22 12:00:00,42,test,0.259,0.2516987
Gevenich,2025-09-22 13:00:00,42,test,0.258,0.25240237
Gevenich,2025-09-22 14:00:00,42,test,0.257,0.25280586
Gevenich,2025-09-22 15:00:00,42,test,0.256,0.25327814
Gevenich,2025-09-22 16:00:00,42,test,0.256,0.25380164
Gevenich,2025-09-22 17:00:00,42,test,0.2555,0.25393802
Gevenich,2025-09-22 18:00:00,42,test,0.255,0.2539754
Gevenich,2025-09-22 19:00:00,42,test,0.2555,0.25406307
Gevenich,2025-09-22 20:00:00,42,test,0.256,0.25401345
Gevenich,2025-09-22 21:00:00,42,test,0.2545,0.25348163
Gevenich,2025-09-22 22:00:00,42,test,0.254,0.2529765
Gevenich,2025-09-22 23:00:00,42,test,0.254,0.2524542
Gevenich,2025-09-23 00:00:00,42,test,0.254,0.25163534
Gevenich,2025-09-23 01:00:00,42,test,0.254,0.25072527
Gevenich,2025-09-23 02:00:00,42,test,0.2545,0.249688
Gevenich,2025-09-23 03:00:00,42,test,0.2535,0.24880809
Gevenich,2025-09-23 04:00:00,42,test,0.254,0.2475698
Gevenich,2025-09-23 05:00:00,42,test,0.253,0.24634491
Gevenich,2025-09-23 06:00:00,42,test,0.2525,0.245419
Gevenich,2025-09-23 07:00:00,42,test,0.255,0.24530464
Gevenich,2025-09-23 08:00:00,42,test,0.253,0.24570139
Gevenich,2025-09-23 09:00:00,42,test,0.2545,0.24644192
Gevenich,2025-09-23 10:00:00,42,test,0.254,0.24752411
Gevenich,2025-09-23 11:00:00,42,test,0.254,0.24830036
Gevenich,2025-09-23 12:00:00,42,test,0.254,0.2488857
Gevenich,2025-09-23 13:00:00,42,test,0.255,0.24950486
Gevenich,2025-09-23 14:00:00,42,test,0.2535,0.24993402
Gevenich,2025-09-23 15:00:00,42,test,0.2535,0.2500782
Gevenich,2025-09-23 16:00:00,42,test,0.2545,0.2501758
Gevenich,2025-09-23 17:00:00,42,test,0.2545,0.25015917
Gevenich,2025-09-23 18:00:00,42,test,0.254,0.2501197
Gevenich,2025-09-23 19:00:00,42,test,0.2545,0.24982893
Gevenich,2025-09-23 20:00:00,42,test,0.2555,0.24938573
Gevenich,2025-09-23 21:00:00,42,test,0.254,0.24887808
Gevenich,2025-09-23 22:00:00,42,test,0.2555,0.24835816
Gevenich,2025-09-23 23:00:00,42,test,0.252,0.24769345
Gevenich,2025-09-24 00:00:00,42,test,0.2555,0.24710932
Gevenich,2025-09-24 01:00:00,42,test,0.2525,0.24624495
Gevenich,2025-09-24 02:00:00,42,test,0.254,0.2451296
Gevenich,2025-09-24 03:00:00,42,test,0.26,0.2441153
Gevenich,2025-09-24 04:00:00,42,test,0.254,0.24298812
Gevenich,2025-09-24 05:00:00,42,test,0.248,0.24192305
Gevenich,2025-09-24 06:00:00,42,test,0.253,0.2411386
Gevenich,2025-09-24 07:00:00,42,test,0.253,0.24086832
Gevenich,2025-09-24 08:00:00,42,test,0.2525,0.24171059
Gevenich,2025-09-24 09:00:00,42,test,0.2545,0.24265823
Gevenich,2025-09-24 10:00:00,42,test,0.255,0.24370258
Gevenich,2025-09-24 11:00:00,42,test,0.255,0.24478923
Gevenich,2025-09-24 12:00:00,42,test,0.2535,0.24578746
Gevenich,2025-09-24 13:00:00,42,test,0.2545,0.2465145
Gevenich,2025-09-24 14:00:00,42,test,0.2535,0.24702089
Gevenich,2025-09-24 15:00:00,42,test,0.2535,0.24726455
Gevenich,2025-09-24 16:00:00,42,test,0.2535,0.24746701
Gevenich,2025-09-24 17:00:00,42,test,0.252,0.24758191
Gevenich,2025-09-24 18:00:00,42,test,0.252,0.24754906
Gevenich,2025-09-24 19:00:00,42,test,0.2515,0.24753939
Gevenich,2025-09-24 20:00:00,42,test,0.251,0.24750796
Gevenich,2025-09-24 21:00:00,42,test,0.251,0.24710841
Gevenich,2025-09-24 22:00:00,42,test,0.251,0.2464621
Gevenich,2025-09-24 23:00:00,42,test,0.251,0.24542892
Gevenich,2025-09-25 00:00:00,42,test,0.2525,0.24451867
Gevenich,2025-09-25 01:00:00,42,test,0.2515,0.2435096
Gevenich,2025-09-25 02:00:00,42,test,0.2525,0.24252583
Gevenich,2025-09-25 03:00:00,42,test,0.2535,0.24126677
Gevenich,2025-09-25 04:00:00,42,test,0.2505,0.24020286
Gevenich,2025-09-25 05:00:00,42,test,0.251,0.24352413
Gevenich,2025-09-25 06:00:00,42,test,0.2515,0.24323365
Gevenich,2025-09-25 07:00:00,42,test,0.25,0.24219048
Gevenich,2025-09-25 08:00:00,42,test,0.25,0.2410128
Gevenich,2025-09-25 09:00:00,42,test,0.2505,0.24054402
Gevenich,2025-09-25 10:00:00,42,test,0.25,0.24070394
Gevenich,2025-09-25 11:00:00,42,test,0.2495,0.24143186
Gevenich,2025-09-25 12:00:00,42,test,0.2495,0.24245283
Gevenich,2025-09-25 13:00:00,42,test,0.2495,0.24508257
Gevenich,2025-09-25 14:00:00,42,test,0.249,0.24656543
Gevenich,2025-09-25 15:00:00,42,test,0.2465,0.24856362
Gevenich,2025-10-15 00:00:00,42,test,0.238,0.2331966
Gevenich,2025-10-15 01:00:00,42,test,0.238,0.23277192
Gevenich,2025-10-15 02:00:00,42,test,0.2385,0.23210359
Gevenich,2025-10-15 03:00:00,42,test,0.2385,0.23124942
Gevenich,2025-10-15 04:00:00,42,test,0.2395,0.23029812
Gevenich,2025-10-15 05:00:00,42,test,0.2385,0.22950056
Gevenich,2025-10-15 06:00:00,42,test,0.237,0.22889884
Gevenich,2025-10-15 07:00:00,42,test,0.2385,0.22829185
Gevenich,2025-10-15 08:00:00,42,test,0.2395,0.22832906
Gevenich,2025-10-15 09:00:00,42,test,0.2395,0.22885455
Gevenich,2025-10-15 10:00:00,42,test,0.237,0.22967862
Gevenich,2025-10-15 11:00:00,42,test,0.2395,0.23076679
Gevenich,2025-10-15 12:00:00,42,test,0.236,0.23179837
Gevenich,2025-10-15 13:00:00,42,test,0.2385,0.23253584
Gevenich,2025-10-15 14:00:00,42,test,0.237,0.23314638
Gevenich,2025-10-15 15:00:00,42,test,0.2365,0.23358217
Gevenich,2025-10-15 16:00:00,42,test,0.237,0.23394167
Gevenich,2025-10-15 17:00:00,42,test,0.237,0.23394617
Gevenich,2025-10-15 18:00:00,42,test,0.238,0.23364699
Gevenich,2025-10-15 19:00:00,42,test,0.2365,0.23308197
Gevenich,2025-10-15 20:00:00,42,test,0.2365,0.232793
Gevenich,2025-10-15 21:00:00,42,test,0.237,0.23242615
Gevenich,2025-10-15 22:00:00,42,test,0.2355,0.23193169
Gevenich,2025-10-15 23:00:00,42,test,0.2355,0.23102482
Gevenich,2025-10-16 00:00:00,42,test,0.2339999999999999,0.23130125
Gevenich,2025-10-16 01:00:00,42,test,0.2345,0.23372239
Gevenich,2025-10-16 02:00:00,42,test,0.2345,0.23294708
Gevenich,2025-10-16 03:00:00,42,test,0.236,0.23070471
Gevenich,2025-10-16 04:00:00,42,test,0.2365,0.22815956
Gevenich,2025-10-16 05:00:00,42,test,0.235,0.2255933
Gevenich,2025-10-16 06:00:00,42,test,0.2365,0.2236495
Gevenich,2025-10-16 07:00:00,42,test,0.2355,0.22356671
Gevenich,2025-10-16 08:00:00,42,test,0.2365,0.22462913
Gevenich,2025-10-16 09:00:00,42,test,0.2365,0.22492065
Gevenich,2025-10-16 10:00:00,42,test,0.235,0.22540478
Gevenich,2025-10-16 11:00:00,42,test,0.2365,0.22585358
Gevenich,2025-10-16 12:00:00,42,test,0.2339999999999999,0.22677338
Gevenich,2025-10-16 13:00:00,42,test,0.2329999999999999,0.2279411
Gevenich,2025-10-16 14:00:00,42,test,0.2334999999999999,0.22913347
Gevenich,2025-10-16 15:00:00,42,test,0.2339999999999999,0.23022577
Gevenich,2025-10-16 16:00:00,42,test,0.2329999999999999,0.23110835
Gevenich,2025-10-16 17:00:00,42,test,0.2324999999999999,0.23150596
Gevenich,2025-10-16 18:00:00,42,test,0.2324999999999999,0.23158868
Gevenich,2025-12-15 10:00:00,42,test,0.3379999999999999,0.3018037
Gevenich,2025-12-15 11:00:00,42,test,0.3389999999999999,0.30234408
Gevenich,2025-12-15 12:00:00,42,test,0.3395,0.30322516
Gevenich,2025-12-15 13:00:00,42,test,0.3395,0.30437648
Gevenich,2025-12-15 14:00:00,42,test,0.3395,0.3055809
Gevenich,2025-12-15 15:00:00,42,test,0.3399999999999999,0.30662188
Gevenich,2025-12-15 16:00:00,42,test,0.3389999999999999,0.30749437
Gevenich,2025-12-15 17:00:00,42,test,0.3399999999999999,0.3082196
Gevenich,2025-12-15 18:00:00,42,test,0.3399999999999999,0.30892083
Gevenich,2025-12-15 19:00:00,42,test,0.3399999999999999,0.30929977
Gevenich,2025-12-15 20:00:00,42,test,0.3399999999999999,0.3092804
Gevenich,2025-12-15 21:00:00,42,test,0.3399999999999999,0.30907732
Gevenich,2025-12-15 22:00:00,42,test,0.3399999999999999,0.30866337
Gevenich,2025-12-15 23:00:00,42,test,0.3399999999999999,0.3081553
Gevenich,2025-12-16 00:00:00,42,test,0.3399999999999999,0.3075828
Gevenich,2025-12-16 01:00:00,42,test,0.3399999999999999,0.30722743
Gevenich,2025-12-16 02:00:00,42,test,0.3389999999999999,0.3069981
Gevenich,2025-12-16 03:00:00,42,test,0.3375,0.30669865
Gevenich,2025-12-16 04:00:00,42,test,0.3375,0.3062272
Gevenich,2025-12-16 05:00:00,42,test,0.3389999999999999,0.3056219
Gevenich,2025-12-16 06:00:00,42,test,0.3379999999999999,0.3049829
Gevenich,2025-12-16 07:00:00,42,test,0.328,0.3042896
Gevenich,2025-12-16 08:00:00,42,test,0.3385,0.30377865
Gevenich,2025-12-16 09:00:00,42,test,0.3395,0.3033782
Gevenich,2025-12-16 10:00:00,42,test,0.3395,0.30317393
Gevenich,2025-12-16 11:00:00,42,test,0.3379999999999999,0.3031259
Gevenich,2025-12-16 12:00:00,42,test,0.3389999999999999,0.30354643
Gevenich,2025-12-16 13:00:00,42,test,0.3375,0.30425024
Gevenich,2025-12-16 14:00:00,42,test,0.3375,0.304887
Gevenich,2025-12-16 15:00:00,42,test,0.3375,0.3055005
Gevenich,2025-12-16 16:00:00,42,test,0.3375,0.3060243
Gevenich,2025-12-16 17:00:00,42,test,0.3375,0.30642098
Gevenich,2025-12-16 18:00:00,42,test,0.3379999999999999,0.30670685
Gevenich,2025-12-16 19:00:00,42,test,0.3369999999999999,0.30670685
Gevenich,2025-12-16 20:00:00,42,test,0.3359999999999999,0.3065238
Gevenich,2025-12-16 21:00:00,42,test,0.3375,0.30632287
Gevenich,2025-12-16 22:00:00,42,test,0.3355,0.30595303
Gevenich,2025-12-16 23:00:00,42,test,0.3359999999999999,0.30545768
Gevenich,2025-12-17 00:00:00,42,test,0.3359999999999999,0.3055477
Gevenich,2025-12-17 01:00:00,42,test,0.3369999999999999,0.3049662
Gevenich,2025-12-17 02:00:00,42,test,0.3375,0.303801
Gevenich,2025-12-17 03:00:00,42,test,0.3365,0.30257082
Gevenich,2025-12-17 04:00:00,42,test,0.3369999999999999,0.3013768
Gevenich,2025-12-17 05:00:00,42,test,0.3349999999999999,0.30050308
Gevenich,2025-12-17 06:00:00,42,test,0.3355,0.29981193
Gevenich,2025-12-17 07:00:00,42,test,0.3355,0.2992388
Gevenich,2025-12-17 08:00:00,42,test,0.3355,0.2990359
Gevenich,2025-12-17 09:00:00,42,test,0.3365,0.29917243
Gevenich,2025-12-17 10:00:00,42,test,0.3355,0.29943097
Gevenich,2025-12-17 11:00:00,42,test,0.3359999999999999,0.2999519
Gevenich,2025-12-17 12:00:00,42,test,0.3349999999999999,0.30082545
Gevenich,2025-12-17 13:00:00,42,test,0.3355,0.3019595
Gevenich,2025-12-17 14:00:00,42,test,0.3359999999999999,0.30318022
Gevenich,2025-12-17 15:00:00,42,test,0.3359999999999999,0.30435178
Gevenich,2025-12-17 16:00:00,42,test,0.3359999999999999,0.3052167
Gevenich,2025-12-17 17:00:00,42,test,0.3359999999999999,0.3059095
Gevenich,2025-12-17 18:00:00,42,test,0.3365,0.30645335
Gevenich,2025-12-17 19:00:00,42,test,0.3359999999999999,0.30688933
Gevenich,2025-12-17 20:00:00,42,test,0.334,0.30725124
Gevenich,2025-12-17 21:00:00,42,test,0.3349999999999999,0.3075775
Gevenich,2025-12-17 22:00:00,42,test,0.3349999999999999,0.30772185
Gevenich,2025-12-17 23:00:00,42,test,0.334,0.30788115
Merzenhausen,2023-12-19 22:00:00,42,test,0.366,0.32338136
Merzenhausen,2023-12-19 23:00:00,42,test,0.363,0.32471868
Merzenhausen,2023-12-20 00:00:00,42,test,0.363,0.32520115
Merzenhausen,2023-12-20 01:00:00,42,test,0.363,0.32472473
Merzenhausen,2023-12-20 02:00:00,42,test,0.363,0.3235729
Merzenhausen,2023-12-20 03:00:00,42,test,0.362,0.3223702
Merzenhausen,2023-12-20 04:00:00,42,test,0.362,0.32121703
Merzenhausen,2023-12-20 05:00:00,42,test,0.362,0.32045695
Merzenhausen,2023-12-20 06:00:00,42,test,0.36,0.3197931
Merzenhausen,2023-12-20 07:00:00,42,test,0.361,0.31894994
Merzenhausen,2023-12-20 08:00:00,42,test,0.363,0.31820047
Merzenhausen,2023-12-20 09:00:00,42,test,0.363,0.31771028
Merzenhausen,2023-12-20 10:00:00,42,test,0.362,0.3173976
Merzenhausen,2023-12-20 11:00:00,42,test,0.36,0.31730548
Merzenhausen,2023-12-20 12:00:00,42,test,0.362,0.31736293
Merzenhausen,2023-12-20 13:00:00,42,test,0.36,0.31750587
Merzenhausen,2023-12-20 14:00:00,42,test,0.358,0.31760705
Merzenhausen,2023-12-20 15:00:00,42,test,0.358,0.31772852
Merzenhausen,2023-12-20 16:00:00,42,test,0.358,0.3182007
Merzenhausen,2023-12-20 17:00:00,42,test,0.358,0.31751555
Merzenhausen,2023-12-20 18:00:00,42,test,0.36,0.31732017
Merzenhausen,2023-12-20 19:00:00,42,test,0.358,0.3174463
Merzenhausen,2023-12-20 20:00:00,42,test,0.358,0.31781036
Merzenhausen,2023-12-20 21:00:00,42,test,0.358,0.3181494
Merzenhausen,2023-12-20 22:00:00,42,test,0.355,0.31877255
Merzenhausen,2023-12-20 23:00:00,42,test,0.355,0.3194285
Merzenhausen,2023-12-21 00:00:00,42,test,0.353,0.31969237
Merzenhausen,2023-12-21 01:00:00,42,test,0.353,0.3197514
Merzenhausen,2023-12-21 02:00:00,42,test,0.353,0.31966114
Merzenhausen,2023-12-21 03:00:00,42,test,0.353,0.31945246
Merzenhausen,2023-12-21 04:00:00,42,test,0.353,0.31897968
Merzenhausen,2023-12-21 05:00:00,42,test,0.353,0.31859276
Merzenhausen,2023-12-21 06:00:00,42,test,0.353,0.31824642
Merzenhausen,2023-12-21 07:00:00,42,test,0.353,0.3179557
Merzenhausen,2023-12-21 08:00:00,42,test,0.353,0.3177523
Merzenhausen,2023-12-21 09:00:00,42,test,0.353,0.31847435
Merzenhausen,2023-12-21 10:00:00,42,test,0.353,0.32065505
Merzenhausen,2023-12-21 11:00:00,42,test,0.351,0.3227563
Merzenhausen,2023-12-21 12:00:00,42,test,0.351,0.32301033
Merzenhausen,2023-12-21 13:00:00,42,test,0.351,0.32257634
Merzenhausen,2023-12-21 14:00:00,42,test,0.353,0.32202888
Merzenhausen,2023-12-21 15:00:00,42,test,0.353,0.32164305
Merzenhausen,2023-12-21 16:00:00,42,test,0.351,0.32273713
Merzenhausen,2023-12-21 17:00:00,42,test,0.352,0.32266816
Merzenhausen,2023-12-21 18:00:00,42,test,0.35,0.32747608
Merzenhausen,2023-12-21 19:00:00,42,test,0.35,0.3289503
Merzenhausen,2023-12-21 20:00:00,42,test,0.35,0.3327656
Merzenhausen,2023-12-21 21:00:00,42,test,0.35,0.33792084
Merzenhausen,2023-12-21 22:00:00,42,test,0.348,0.34054235
Merzenhausen,2023-12-21 23:00:00,42,test,0.348,0.34064293
Merzenhausen,2023-12-22 00:00:00,42,test,0.35,0.3391564
Merzenhausen,2023-12-22 01:00:00,42,test,0.347,0.33784372
Merzenhausen,2023-12-22 02:00:00,42,test,0.348,0.33549282
Merzenhausen,2023-12-22 03:00:00,42,test,0.348,0.3327951
Merzenhausen,2023-12-22 04:00:00,42,test,0.348,0.33084044
Merzenhausen,2023-12-22 05:00:00,42,test,0.348,0.32901603
Merzenhausen,2023-12-22 06:00:00,42,test,0.348,0.327666
Merzenhausen,2023-12-22 07:00:00,42,test,0.348,0.33051372
Merzenhausen,2023-12-22 08:00:00,42,test,0.348,0.330811
Merzenhausen,2023-12-22 09:00:00,42,test,0.348,0.3301008
Merzenhausen,2023-12-31 12:00:00,42,test,0.347,0.31645676
Merzenhausen,2023-12-31 13:00:00,42,test,0.351,0.31861657
Merzenhausen,2023-12-31 14:00:00,42,test,0.355,0.31898618
Merzenhausen,2023-12-31 15:00:00,42,test,0.355,0.31838122
Merzenhausen,2023-12-31 16:00:00,42,test,0.354,0.317763
Merzenhausen,2023-12-31 17:00:00,42,test,0.36,0.31720817
Merzenhausen,2023-12-31 18:00:00,42,test,0.357,0.316833
Merzenhausen,2023-12-31 19:00:00,42,test,0.355,0.3166922
Merzenhausen,2023-12-31 20:00:00,42,test,0.355,0.31675282
Merzenhausen,2023-12-31 21:00:00,42,test,0.355,0.31670135
Merzenhausen,2023-12-31 22:00:00,42,test,0.355,0.31659713
Merzenhausen,2023-12-31 23:00:00,42,test,0.353,0.31649193
Merzenhausen,2024-01-01 00:00:00,42,test,0.353,0.31636697
Merzenhausen,2024-01-01 01:00:00,42,test,0.353,0.31618512
Merzenhausen,2024-01-01 02:00:00,42,test,0.351,0.31785685
Merzenhausen,2024-01-01 03:00:00,42,test,0.351,0.31907263
Merzenhausen,2024-01-01 04:00:00,42,test,0.351,0.31860954
Merzenhausen,2024-01-01 05:00:00,42,test,0.353,0.31742993
Merzenhausen,2024-01-01 06:00:00,42,test,0.353,0.3160822
Merzenhausen,2024-01-01 07:00:00,42,test,0.35,0.31485108
Merzenhausen,2024-01-01 08:00:00,42,test,0.351,0.3141576
Merzenhausen,2024-01-01 09:00:00,42,test,0.347,0.3135221
Merzenhausen,2024-01-01 10:00:00,42,test,0.352,0.31310403
Merzenhausen,2024-01-01 11:00:00,42,test,0.352,0.3129548
Merzenhausen,2024-01-01 12:00:00,42,test,0.352,0.31298912
Merzenhausen,2024-01-01 13:00:00,42,test,0.35,0.312928
Merzenhausen,2024-01-01 14:00:00,42,test,0.35,0.3128634
Merzenhausen,2024-01-01 15:00:00,42,test,0.35,0.31279472
Merzenhausen,2024-01-01 16:00:00,42,test,0.35,0.31269464
Merzenhausen,2024-01-01 17:00:00,42,test,0.35,0.3126112
Merzenhausen,2024-01-01 18:00:00,42,test,0.348,0.3125955
Merzenhausen,2024-01-01 19:00:00,42,test,0.348,0.312674
Merzenhausen,2024-01-01 20:00:00,42,test,0.348,0.31282648
Merzenhausen,2024-01-01 21:00:00,42,test,0.35,0.31299374
Merzenhausen,2024-01-01 22:00:00,42,test,0.35,0.3133207
Merzenhausen,2024-01-01 23:00:00,42,test,0.352,0.31369108
Merzenhausen,2024-01-02 00:00:00,42,test,0.357,0.31404394
Merzenhausen,2024-01-02 01:00:00,42,test,0.355,0.31671518
Merzenhausen,2024-01-02 02:00:00,42,test,0.357,0.32036915
Merzenhausen,2024-01-02 03:00:00,42,test,0.357,0.32376623
Merzenhausen,2024-01-02 04:00:00,42,test,0.352,0.32688007
Merzenhausen,2024-01-02 05:00:00,42,test,0.353,0.3279258
Merzenhausen,2024-01-02 06:00:00,42,test,0.352,0.32714015
Merzenhausen,2024-01-02 07:00:00,42,test,0.352,0.32578188
Merzenhausen,2024-01-02 08:00:00,42,test,0.351,0.3242727
Merzenhausen,2024-01-02 09:00:00,42,test,0.353,0.3229727
Merzenhausen,2024-01-02 10:00:00,42,test,0.353,0.3221252
Merzenhausen,2024-01-02 11:00:00,42,test,0.353,0.32176325
Merzenhausen,2024-01-02 12:00:00,42,test,0.353,0.32301438
Merzenhausen,2024-01-02 13:00:00,42,test,0.353,0.32614014
Merzenhausen,2024-01-02 14:00:00,42,test,0.352,0.3287295
Merzenhausen,2024-01-02 15:00:00,42,test,0.351,0.32900572
Merzenhausen,2024-01-02 16:00:00,42,test,0.351,0.32998288
Merzenhausen,2024-01-02 17:00:00,42,test,0.352,0.3320467
Merzenhausen,2024-01-02 18:00:00,42,test,0.352,0.33200178
Merzenhausen,2024-01-02 19:00:00,42,test,0.352,0.33093864
Merzenhausen,2024-01-02 20:00:00,42,test,0.352,0.33034116
Merzenhausen,2024-01-02 21:00:00,42,test,0.35,0.3302697
Merzenhausen,2024-01-02 22:00:00,42,test,0.35,0.3296834
Merzenhausen,2024-01-02 23:00:00,42,test,0.35,0.3288421
Merzenhausen,2024-01-03 00:00:00,42,test,0.35,0.32797882
Merzenhausen,2024-01-03 01:00:00,42,test,0.35,0.32719028
Merzenhausen,2024-01-03 02:00:00,42,test,0.35,0.3263482
Merzenhausen,2024-01-03 03:00:00,42,test,0.35,0.3255298
Merzenhausen,2024-01-03 04:00:00,42,test,0.348,0.32481584
Merzenhausen,2024-01-03 05:00:00,42,test,0.348,0.32498658
Merzenhausen,2024-01-03 06:00:00,42,test,0.348,0.32506362
Merzenhausen,2024-01-03 07:00:00,42,test,0.348,0.32462406
Merzenhausen,2024-01-03 08:00:00,42,test,0.349,0.32414982
Merzenhausen,2024-01-03 09:00:00,42,test,0.347,0.32344085
Merzenhausen,2024-01-03 10:00:00,42,test,0.347,0.3231954
Merzenhausen,2024-01-03 11:00:00,42,test,0.347,0.32318652
Merzenhausen,2024-01-03 12:00:00,42,test,0.347,0.32328248
Merzenhausen,2024-01-03 13:00:00,42,test,0.347,0.32321632
Merzenhausen,2024-01-03 14:00:00,42,test,0.345,0.3231637
Merzenhausen,2024-01-03 15:00:00,42,test,0.347,0.32305205
Merzenhausen,2024-01-03 16:00:00,42,test,0.347,0.3229018
Merzenhausen,2024-01-03 17:00:00,42,test,0.347,0.32277882
Merzenhausen,2024-01-03 18:00:00,42,test,0.347,0.3225207
Merzenhausen,2024-01-03 19:00:00,42,test,0.347,0.32257563
Merzenhausen,2024-01-03 20:00:00,42,test,0.347,0.32300586
Merzenhausen,2024-01-03 21:00:00,42,test,0.345,0.3231571
Merzenhausen,2024-01-03 22:00:00,42,test,0.347,0.32323253
Merzenhausen,2024-01-03 23:00:00,42,test,0.347,0.32798982
Merzenhausen,2024-01-04 00:00:00,42,test,0.347,0.33019462
Merzenhausen,2024-01-04 01:00:00,42,test,0.347,0.33058378
Merzenhausen,2024-01-04 02:00:00,42,test,0.347,0.32989284
Merzenhausen,2024-01-04 03:00:00,42,test,0.345,0.32856897
Merzenhausen,2024-01-04 04:00:00,42,test,0.347,0.32682663
Merzenhausen,2024-01-04 05:00:00,42,test,0.345,0.32581273
Merzenhausen,2024-01-04 06:00:00,42,test,0.347,0.3252017
Merzenhausen,2024-01-04 07:00:00,42,test,0.347,0.32418337
Merzenhausen,2024-01-04 08:00:00,42,test,0.347,0.3231429
Merzenhausen,2024-01-04 09:00:00,42,test,0.347,0.32251847
Merzenhausen,2024-01-04 10:00:00,42,test,0.347,0.3222499
Merzenhausen,2024-01-04 11:00:00,42,test,0.347,0.32281074
Merzenhausen,2024-01-04 12:00:00,42,test,0.347,0.3235038
Merzenhausen,2024-01-04 13:00:00,42,test,0.3399999999999999,0.32356533
Merzenhausen,2024-01-04 14:00:00,42,test,0.347,0.32327706
Merzenhausen,2024-01-04 15:00:00,42,test,0.3389999999999999,0.32282585
Merzenhausen,2024-01-04 16:00:00,42,test,0.344,0.32239586
Merzenhausen,2024-01-04 17:00:00,42,test,0.344,0.3221296
Merzenhausen,2024-01-04 18:00:00,42,test,0.344,0.32189316
Merzenhausen,2024-01-04 19:00:00,42,test,0.345,0.3217251
Merzenhausen,2024-01-04 20:00:00,42,test,0.345,0.3216721
Merzenhausen,2024-01-04 21:00:00,42,test,0.345,0.32158685
Merzenhausen,2024-01-04 22:00:00,42,test,0.344,0.3215826
Merzenhausen,2024-01-04 23:00:00,42,test,0.344,0.32276633
Merzenhausen,2024-01-05 00:00:00,42,test,0.342,0.32297763
Merzenhausen,2024-01-05 01:00:00,42,test,0.345,0.32267043
Merzenhausen,2024-01-05 02:00:00,42,test,0.342,0.32229316
Merzenhausen,2024-01-05 03:00:00,42,test,0.342,0.32165632
Merzenhausen,2024-01-05 04:00:00,42,test,0.343,0.320908
Merzenhausen,2024-01-05 05:00:00,42,test,0.343,0.32025707
Merzenhausen,2024-01-05 06:00:00,42,test,0.342,0.31974414
Merzenhausen,2024-01-05 07:00:00,42,test,0.342,0.31936783
Merzenhausen,2024-01-05 08:00:00,42,test,0.344,0.31923097
Merzenhausen,2024-01-05 09:00:00,42,test,0.343,0.319079
Merzenhausen,2024-01-05 10:00:00,42,test,0.34,0.3189756
Merzenhausen,2024-01-05 11:00:00,42,test,0.344,0.31900638
Merzenhausen,2024-01-05 12:00:00,42,test,0.34,0.31914276
Merzenhausen,2024-01-05 13:00:00,42,test,0.341,0.3192093
Merzenhausen,2024-01-05 14:00:00,42,test,0.342,0.3197301
Merzenhausen,2024-01-29 03:00:00,42,test,0.325,0.2941901
Merzenhausen,2024-01-29 04:00:00,42,test,0.325,0.2930963
Merzenhausen,2024-01-29 05:00:00,42,test,0.325,0.2922619
Merzenhausen,2024-01-29 06:00:00,42,test,0.325,0.29159144
Merzenhausen,2024-01-29 07:00:00,42,test,0.325,0.29097986
Merzenhausen,2024-01-29 08:00:00,42,test,0.325,0.29046506
Merzenhausen,2024-01-29 09:00:00,42,test,0.325,0.29020774
Merzenhausen,2024-01-29 10:00:00,42,test,0.326,0.29026863
Merzenhausen,2024-01-29 11:00:00,42,test,0.326,0.2903727
Merzenhausen,2024-01-29 12:00:00,42,test,0.326,0.29095188
Merzenhausen,2024-01-29 13:00:00,42,test,0.327,0.29170418
Merzenhausen,2024-01-29 14:00:00,42,test,0.327,0.29271558
Merzenhausen,2024-01-29 15:00:00,42,test,0.325,0.2943583
Merzenhausen,2024-01-29 16:00:00,42,test,0.327,0.2959293
Merzenhausen,2024-01-29 17:00:00,42,test,0.327,0.29720104
Merzenhausen,2024-01-29 18:00:00,42,test,0.325,0.2978624
Merzenhausen,2024-01-29 19:00:00,42,test,0.325,0.29815537
Merzenhausen,2024-01-29 20:00:00,42,test,0.325,0.29818907
Merzenhausen,2024-01-29 21:00:00,42,test,0.325,0.29790092
Merzenhausen,2024-01-29 22:00:00,42,test,0.325,0.29752085
Merzenhausen,2024-01-29 23:00:00,42,test,0.325,0.29695362
Merzenhausen,2024-01-30 00:00:00,42,test,0.325,0.29621893
Merzenhausen,2024-01-30 01:00:00,42,test,0.325,0.29522932
Merzenhausen,2024-01-30 02:00:00,42,test,0.325,0.29458874
Merzenhausen,2024-01-30 03:00:00,42,test,0.325,0.29431173
Merzenhausen,2024-01-30 04:00:00,42,test,0.325,0.29406512
Merzenhausen,2024-01-30 05:00:00,42,test,0.325,0.2936821
Merzenhausen,2024-01-30 06:00:00,42,test,0.327,0.2934186
Merzenhausen,2024-01-30 07:00:00,42,test,0.327,0.29328415
Merzenhausen,2024-01-30 08:00:00,42,test,0.329,0.2932118
Merzenhausen,2024-01-30 09:00:00,42,test,0.328,0.29317585
Merzenhausen,2024-01-30 10:00:00,42,test,0.33,0.2931215
Merzenhausen,2024-01-30 11:00:00,42,test,0.33,0.29343903
Merzenhausen,2024-01-30 12:00:00,42,test,0.33,0.29415196
Merzenhausen,2024-01-30 13:00:00,42,test,0.33,0.2950598
Merzenhausen,2024-01-30 14:00:00,42,test,0.33,0.2960483
Merzenhausen,2024-01-30 15:00:00,42,test,0.33,0.29695562
Merzenhausen,2024-01-30 16:00:00,42,test,0.33,0.29763186
Merzenhausen,2024-01-30 17:00:00,42,test,0.33,0.29799312
Merzenhausen,2024-01-30 18:00:00,42,test,0.33,0.29808363
Merzenhausen,2024-01-30 19:00:00,42,test,0.33,0.2979372
Merzenhausen,2024-01-30 20:00:00,42,test,0.329,0.29755986
Merzenhausen,2024-01-30 21:00:00,42,test,0.329,0.2971499
Merzenhausen,2024-01-30 22:00:00,42,test,0.329,0.29664567
Merzenhausen,2024-01-30 23:00:00,42,test,0.329,0.29599816
Merzenhausen,2024-01-31 00:00:00,42,test,0.329,0.29491192
Merzenhausen,2024-01-31 01:00:00,42,test,0.329,0.29374722
Merzenhausen,2024-01-31 02:00:00,42,test,0.33,0.29271656
Merzenhausen,2024-01-31 03:00:00,42,test,0.33,0.2918779
Merzenhausen,2024-01-31 04:00:00,42,test,0.33,0.291214
Merzenhausen,2024-01-31 05:00:00,42,test,0.3399999999999999,0.29065996
Merzenhausen,2024-01-31 06:00:00,42,test,0.33,0.2901451
Merzenhausen,2024-01-31 07:00:00,42,test,0.33,0.28966537
Merzenhausen,2024-01-31 08:00:00,42,test,0.33,0.28925258
Merzenhausen,2024-01-31 09:00:00,42,test,0.33,0.28893676
Merzenhausen,2024-01-31 10:00:00,42,test,0.33,0.28891516
Merzenhausen,2024-01-31 11:00:00,42,test,0.33,0.2891668
Merzenhausen,2024-01-31 12:00:00,42,test,0.328,0.28970468
Merzenhausen,2024-01-31 13:00:00,42,test,0.328,0.290488
Merzenhausen,2024-01-31 14:00:00,42,test,0.33,0.29136282
Merzenhausen,2024-01-31 15:00:00,42,test,0.327,0.29186934
Merzenhausen,2024-01-31 16:00:00,42,test,0.33,0.29245523
Merzenhausen,2024-01-31 17:00:00,42,test,0.328,0.29284763
Merzenhausen,2024-01-31 18:00:00,42,test,0.33,0.29251766
Merzenhausen,2024-01-31 19:00:00,42,test,0.328,0.2920193
Merzenhausen,2024-01-31 20:00:00,42,test,0.328,0.2917025
Merzenhausen,2024-01-31 21:00:00,42,test,0.328,0.29165423
Merzenhausen,2024-01-31 22:00:00,42,test,0.328,0.2917386
Merzenhausen,2024-01-31 23:00:00,42,test,0.328,0.29188424
Merzenhausen,2024-02-01 00:00:00,42,test,0.328,0.29208308
Merzenhausen,2024-02-01 01:00:00,42,test,0.328,0.29230732
Merzenhausen,2024-02-01 02:00:00,42,test,0.328,0.29696798
Merzenhausen,2024-02-01 03:00:00,42,test,0.328,0.30307326
Merzenhausen,2024-02-01 04:00:00,42,test,0.328,0.30565068
Merzenhausen,2024-02-01 05:00:00,42,test,0.328,0.30504465
Merzenhausen,2024-02-01 06:00:00,42,test,0.328,0.3038399
Merzenhausen,2024-02-01 07:00:00,42,test,0.328,0.30177575
Merzenhausen,2024-02-01 08:00:00,42,test,0.328,0.29986674
Merzenhausen,2024-02-01 09:00:00,42,test,0.328,0.29820347
Merzenhausen,2024-02-01 10:00:00,42,test,0.328,0.29725868
Merzenhausen,2024-02-01 11:00:00,42,test,0.328,0.29700178
Merzenhausen,2024-02-01 12:00:00,42,test,0.328,0.2972449
Merzenhausen,2024-02-01 13:00:00,42,test,0.328,0.29777652
Merzenhausen,2024-02-01 14:00:00,42,test,0.328,0.29849234
Merzenhausen,2024-02-01 15:00:00,42,test,0.328,0.29918122
Merzenhausen,2024-02-01 16:00:00,42,test,0.328,0.29982972
Merzenhausen,2024-02-01 17:00:00,42,test,0.328,0.30014384
Merzenhausen,2024-02-01 18:00:00,42,test,0.328,0.30005842
Merzenhausen,2024-02-01 19:00:00,42,test,0.328,0.2996948
Merzenhausen,2024-02-01 20:00:00,42,test,0.328,0.29895175
Merzenhausen,2024-02-01 21:00:00,42,test,0.328,0.29798645
Merzenhausen,2024-02-01 22:00:00,42,test,0.328,0.29686105
Merzenhausen,2024-02-01 23:00:00,42,test,0.328,0.29581094
Merzenhausen,2024-02-02 00:00:00,42,test,0.328,0.29499325
Merzenhausen,2024-02-02 01:00:00,42,test,0.3359999999999999,0.2944406
Merzenhausen,2024-02-02 02:00:00,42,test,0.33,0.29425395
Merzenhausen,2024-02-02 03:00:00,42,test,0.3265,0.29434386
Merzenhausen,2024-02-02 04:00:00,42,test,0.3265,0.294503
Merzenhausen,2024-02-02 05:00:00,42,test,0.3389999999999999,0.2957442
Merzenhausen,2024-02-02 06:00:00,42,test,0.3375,0.29612744
Merzenhausen,2024-02-02 07:00:00,42,test,0.3375,0.29603177
Merzenhausen,2024-02-02 08:00:00,42,test,0.327,0.2957574
Merzenhausen,2024-02-02 09:00:00,42,test,0.329,0.2954963
Merzenhausen,2024-02-02 10:00:00,42,test,0.3405,0.2954495
Merzenhausen,2024-02-02 11:00:00,42,test,0.3385,0.2956844
Merzenhausen,2024-02-02 12:00:00,42,test,0.3409999999999999,0.29592848
Merzenhausen,2024-02-02 13:00:00,42,test,0.329,0.29637215
Merzenhausen,2024-02-02 14:00:00,42,test,0.331,0.29716238
Merzenhausen,2024-02-02 15:00:00,42,test,0.3419999999999999,0.29769596
Merzenhausen,2024-02-02 16:00:00,42,test,0.3295,0.2984562
Merzenhausen,2024-02-02 17:00:00,42,test,0.356,0.29882082
Merzenhausen,2024-02-02 18:00:00,42,test,0.333,0.29921386
Merzenhausen,2024-02-02 19:00:00,42,test,0.333,0.29925027
Merzenhausen,2024-02-02 20:00:00,42,test,0.333,0.29912198
Merzenhausen,2024-02-02 21:00:00,42,test,0.333,0.29892156
Merzenhausen,2024-02-02 22:00:00,42,test,0.3419999999999999,0.29865682
Merzenhausen,2024-02-02 23:00:00,42,test,0.332,0.29835552
Merzenhausen,2024-02-12 00:00:00,42,test,0.337,0.31501752
Merzenhausen,2024-02-12 01:00:00,42,test,0.335,0.31433833
Merzenhausen,2024-02-12 02:00:00,42,test,0.335,0.31387815
Merzenhausen,2024-02-12 03:00:00,42,test,0.335,0.31323653
Merzenhausen,2024-02-12 04:00:00,42,test,0.335,0.3125942
Merzenhausen,2024-02-12 05:00:00,42,test,0.335,0.3120138
Merzenhausen,2024-02-12 06:00:00,42,test,0.335,0.3113519
Merzenhausen,2024-02-12 07:00:00,42,test,0.336,0.31077224
Merzenhausen,2024-02-12 08:00:00,42,test,0.337,0.31036848
Merzenhausen,2024-02-12 09:00:00,42,test,0.337,0.31016457
Merzenhausen,2024-02-12 10:00:00,42,test,0.337,0.31018728
Merzenhausen,2024-02-12 11:00:00,42,test,0.334,0.3103482
Merzenhausen,2024-02-12 12:00:00,42,test,0.337,0.31033924
Merzenhausen,2024-02-12 13:00:00,42,test,0.334,0.31038117
Merzenhausen,2024-02-12 14:00:00,42,test,0.334,0.31028864
Merzenhausen,2024-02-12 15:00:00,42,test,0.335,0.31025666
Merzenhausen,2024-02-12 16:00:00,42,test,0.333,0.3103395
Merzenhausen,2024-02-12 17:00:00,42,test,0.333,0.31028873
Merzenhausen,2024-02-12 18:00:00,42,test,0.333,0.3100455
Merzenhausen,2024-02-12 19:00:00,42,test,0.333,0.30990118
Merzenhausen,2024-02-12 20:00:00,42,test,0.334,0.30927348
Merzenhausen,2024-02-12 21:00:00,42,test,0.335,0.30867064
Merzenhausen,2024-02-12 22:00:00,42,test,0.335,0.30803382
Merzenhausen,2024-02-12 23:00:00,42,test,0.335,0.30729014
Merzenhausen,2024-02-13 00:00:00,42,test,0.3315,0.3064652
Merzenhausen,2024-02-13 01:00:00,42,test,0.3315,0.30530444
Merzenhausen,2024-02-13 02:00:00,42,test,0.335,0.30430233
Merzenhausen,2024-02-13 03:00:00,42,test,0.335,0.3032564
Merzenhausen,2024-02-13 04:00:00,42,test,0.3305,0.30237654
Merzenhausen,2024-02-13 05:00:00,42,test,0.335,0.30169323
Merzenhausen,2024-02-13 06:00:00,42,test,0.333,0.30122244
Merzenhausen,2024-02-13 07:00:00,42,test,0.3305,0.30098343
Merzenhausen,2024-02-13 08:00:00,42,test,0.335,0.3010168
Merzenhausen,2024-02-13 09:00:00,42,test,0.335,0.30134338
Merzenhausen,2024-02-13 10:00:00,42,test,0.333,0.3019655
Merzenhausen,2024-02-13 11:00:00,42,test,0.333,0.3027884
Merzenhausen,2024-02-13 12:00:00,42,test,0.332,0.3037601
Merzenhausen,2024-02-13 13:00:00,42,test,0.3295,0.3043023
Merzenhausen,2024-02-13 14:00:00,42,test,0.332,0.30478495
Merzenhausen,2024-02-13 15:00:00,42,test,0.332,0.30520082
Merzenhausen,2024-02-13 16:00:00,42,test,0.332,0.30559924
Merzenhausen,2024-02-13 17:00:00,42,test,0.329,0.3059016
Merzenhausen,2024-02-13 18:00:00,42,test,0.333,0.3061263
Merzenhausen,2024-02-13 19:00:00,42,test,0.333,0.30629966
Merzenhausen,2024-02-13 20:00:00,42,test,0.332,0.30641854
Merzenhausen,2024-02-13 21:00:00,42,test,0.3295,0.30648875
Merzenhausen,2024-02-13 22:00:00,42,test,0.334,0.30653143
Merzenhausen,2024-02-13 23:00:00,42,test,0.334,0.3064918
Merzenhausen,2024-02-14 00:00:00,42,test,0.334,0.30631056
Merzenhausen,2024-02-14 01:00:00,42,test,0.334,0.30587232
Merzenhausen,2024-02-14 02:00:00,42,test,0.334,0.30541125
Merzenhausen,2024-02-14 03:00:00,42,test,0.334,0.30504563
Merzenhausen,2024-02-14 04:00:00,42,test,0.332,0.30471337
Merzenhausen,2024-02-14 05:00:00,42,test,0.332,0.304467
Merzenhausen,2024-02-14 06:00:00,42,test,0.332,0.30426675
Merzenhausen,2024-02-14 07:00:00,42,test,0.332,0.30424
Merzenhausen,2024-02-14 08:00:00,42,test,0.332,0.3044797
Merzenhausen,2024-02-14 09:00:00,42,test,0.332,0.3048559
Merzenhausen,2024-02-14 10:00:00,42,test,0.332,0.30532706
Merzenhausen,2024-02-14 11:00:00,42,test,0.33,0.30559325
Merzenhausen,2024-02-14 12:00:00,42,test,0.33,0.30618748
Merzenhausen,2024-02-14 13:00:00,42,test,0.33,0.3064937
Merzenhausen,2024-02-14 14:00:00,42,test,0.33,0.3081454
Merzenhausen,2024-02-14 15:00:00,42,test,0.33,0.3089242
Merzenhausen,2024-02-14 16:00:00,42,test,0.33,0.3093459
Merzenhausen,2024-02-14 17:00:00,42,test,0.3345,0.3088333
Merzenhausen,2024-02-14 18:00:00,42,test,0.335,0.3083844
Merzenhausen,2024-02-14 19:00:00,42,test,0.3365,0.30871952
Merzenhausen,2024-02-14 20:00:00,42,test,0.334,0.30903554
Merzenhausen,2024-02-14 21:00:00,42,test,0.333,0.3087514
Merzenhausen,2024-02-14 22:00:00,42,test,0.334,0.30831087
Merzenhausen,2024-02-14 23:00:00,42,test,0.333,0.30785382
Merzenhausen,2024-02-15 00:00:00,42,test,0.333,0.3070108
Merzenhausen,2024-02-15 01:00:00,42,test,0.333,0.30611727
Merzenhausen,2024-02-15 02:00:00,42,test,0.334,0.30571246
Merzenhausen,2024-02-15 03:00:00,42,test,0.334,0.30558854
Merzenhausen,2024-02-15 04:00:00,42,test,0.335,0.3050554
Merzenhausen,2024-02-15 05:00:00,42,test,0.335,0.3048455
Merzenhausen,2024-02-15 06:00:00,42,test,0.333,0.30519673
Merzenhausen,2024-02-15 07:00:00,42,test,0.335,0.3049273
Merzenhausen,2024-02-15 08:00:00,42,test,0.335,0.30492657
Merzenhausen,2024-02-15 09:00:00,42,test,0.335,0.30508286
Merzenhausen,2024-02-15 10:00:00,42,test,0.335,0.3051831
Merzenhausen,2024-02-15 11:00:00,42,test,0.335,0.30528575
Merzenhausen,2024-02-15 12:00:00,42,test,0.335,0.30542305
Merzenhausen,2024-02-15 13:00:00,42,test,0.335,0.30536208
Merzenhausen,2024-02-15 14:00:00,42,test,0.332,0.305614
Merzenhausen,2024-02-15 15:00:00,42,test,0.3325,0.30601898
Merzenhausen,2024-02-15 16:00:00,42,test,0.334,0.30636063
Merzenhausen,2024-02-15 17:00:00,42,test,0.334,0.30621046
Merzenhausen,2024-02-15 18:00:00,42,test,0.332,0.3062537
Merzenhausen,2024-02-15 19:00:00,42,test,0.332,0.3062341
Merzenhausen,2024-02-15 20:00:00,42,test,0.332,0.30592066
Merzenhausen,2024-02-15 21:00:00,42,test,0.332,0.30506206
Merzenhausen,2024-02-15 22:00:00,42,test,0.332,0.30439574
Merzenhausen,2024-02-15 23:00:00,42,test,0.332,0.30384266
Merzenhausen,2024-02-16 00:00:00,42,test,0.332,0.30348152
Merzenhausen,2024-02-16 01:00:00,42,test,0.332,0.30311006
Merzenhausen,2024-02-16 02:00:00,42,test,0.332,0.30277038
Merzenhausen,2024-02-16 03:00:00,42,test,0.332,0.3026365
Merzenhausen,2024-02-16 04:00:00,42,test,0.332,0.30241492
Merzenhausen,2024-02-16 05:00:00,42,test,0.33,0.30218565
Merzenhausen,2024-02-16 06:00:00,42,test,0.332,0.3020684
Merzenhausen,2024-02-16 07:00:00,42,test,0.33,0.3020859
Merzenhausen,2024-02-16 08:00:00,42,test,0.33,0.3022273
Merzenhausen,2024-02-16 09:00:00,42,test,0.33,0.30253124
Merzenhausen,2024-02-16 10:00:00,42,test,0.33,0.3030062
Merzenhausen,2024-02-16 11:00:00,42,test,0.33,0.3033598
Merzenhausen,2024-02-16 12:00:00,42,test,0.33,0.3038336
Merzenhausen,2024-02-16 13:00:00,42,test,0.33,0.3044388
Merzenhausen,2024-02-16 14:00:00,42,test,0.33,0.30598706
Merzenhausen,2024-02-16 15:00:00,42,test,0.33,0.30782023
Merzenhausen,2024-02-16 16:00:00,42,test,0.33,0.31198162
Merzenhausen,2024-02-16 17:00:00,42,test,0.329,0.3128522
Merzenhausen,2024-02-16 18:00:00,42,test,0.328,0.3122736
Merzenhausen,2024-02-16 19:00:00,42,test,0.329,0.31128472
Merzenhausen,2024-02-16 20:00:00,42,test,0.331,0.30991617
Merzenhausen,2024-02-16 21:00:00,42,test,0.331,0.30844027
Merzenhausen,2024-02-16 22:00:00,42,test,0.33,0.3072077
Merzenhausen,2024-02-16 23:00:00,42,test,0.33,0.30601594
Merzenhausen,2024-02-17 00:00:00,42,test,0.333,0.3047969
Merzenhausen,2024-02-17 01:00:00,42,test,0.332,0.30372792
Merzenhausen,2024-02-17 02:00:00,42,test,0.332,0.30291653
Merzenhausen,2024-02-17 03:00:00,42,test,0.332,0.30232167
Merzenhausen,2024-02-17 04:00:00,42,test,0.332,0.30204073
Merzenhausen,2024-02-17 05:00:00,42,test,0.332,0.30196282
Merzenhausen,2024-02-17 06:00:00,42,test,0.332,0.30181375
Merzenhausen,2024-02-17 07:00:00,42,test,0.335,0.3019166
Merzenhausen,2024-02-17 08:00:00,42,test,0.332,0.3022041
Merzenhausen,2024-02-17 09:00:00,42,test,0.335,0.30264544
Merzenhausen,2024-02-17 10:00:00,42,test,0.332,0.30322433
Merzenhausen,2024-02-17 11:00:00,42,test,0.332,0.3038647
Merzenhausen,2024-02-17 12:00:00,42,test,0.332,0.304435
Merzenhausen,2024-02-17 13:00:00,42,test,0.332,0.30491838
Merzenhausen,2024-02-17 14:00:00,42,test,0.332,0.30492994
Merzenhausen,2024-02-17 15:00:00,42,test,0.335,0.30482966
Merzenhausen,2024-02-17 16:00:00,42,test,0.335,0.30491513
Merzenhausen,2024-02-17 17:00:00,42,test,0.335,0.3050074
Merzenhausen,2024-02-17 18:00:00,42,test,0.335,0.30473393
Merzenhausen,2024-02-17 19:00:00,42,test,0.334,0.3040771
Merzenhausen,2024-02-17 20:00:00,42,test,0.334,0.30331856
Merzenhausen,2024-02-17 21:00:00,42,test,0.334,0.30264917
Merzenhausen,2024-02-17 22:00:00,42,test,0.334,0.30203646
Merzenhausen,2024-02-17 23:00:00,42,test,0.334,0.30149418
Merzenhausen,2024-02-18 00:00:00,42,test,0.3325,0.30094814
Merzenhausen,2024-02-18 01:00:00,42,test,0.333,0.30050614
Merzenhausen,2024-02-18 02:00:00,42,test,0.334,0.3000567
Merzenhausen,2024-02-18 03:00:00,42,test,0.334,0.29963374
Merzenhausen,2024-02-18 04:00:00,42,test,0.334,0.29934177
Merzenhausen,2024-02-18 05:00:00,42,test,0.3325,0.29898646
Merzenhausen,2024-02-18 06:00:00,42,test,0.334,0.29891235
Merzenhausen,2024-02-18 07:00:00,42,test,0.334,0.2988066
Merzenhausen,2024-02-18 08:00:00,42,test,0.334,0.2987803
Merzenhausen,2024-02-18 09:00:00,42,test,0.334,0.29892376
Merzenhausen,2024-02-18 10:00:00,42,test,0.334,0.29923865
Merzenhausen,2024-02-18 11:00:00,42,test,0.334,0.30044472
Merzenhausen,2024-02-18 12:00:00,42,test,0.334,0.30146813
Merzenhausen,2024-02-18 13:00:00,42,test,0.334,0.3026232
Merzenhausen,2024-02-18 14:00:00,42,test,0.334,0.30361938
Merzenhausen,2024-02-18 15:00:00,42,test,0.334,0.3035115
Merzenhausen,2024-02-18 16:00:00,42,test,0.332,0.3030011
Merzenhausen,2024-02-18 17:00:00,42,test,0.33,0.30265132
Merzenhausen,2024-02-18 18:00:00,42,test,0.33,0.30266863
Merzenhausen,2024-02-18 19:00:00,42,test,0.33,0.3026237
Merzenhausen,2024-02-18 20:00:00,42,test,0.33,0.30347347
Merzenhausen,2024-02-18 21:00:00,42,test,0.331,0.30788898
Merzenhausen,2024-02-18 22:00:00,42,test,0.331,0.30833292
Merzenhausen,2024-02-18 23:00:00,42,test,0.328,0.3071114
Merzenhausen,2024-02-19 00:00:00,42,test,0.328,0.30548328
Merzenhausen,2024-02-19 01:00:00,42,test,0.328,0.30376166
Merzenhausen,2024-02-19 02:00:00,42,test,0.328,0.30226207
Merzenhausen,2024-02-19 03:00:00,42,test,0.328,0.30115685
Merzenhausen,2024-02-19 04:00:00,42,test,0.328,0.3005638
Merzenhausen,2024-02-19 05:00:00,42,test,0.33,0.30032673
Merzenhausen,2024-02-19 06:00:00,42,test,0.33,0.3004017
Merzenhausen,2024-02-19 07:00:00,42,test,0.33,0.3010447
Merzenhausen,2024-02-19 08:00:00,42,test,0.327,0.3016059
Merzenhausen,2024-02-19 09:00:00,42,test,0.327,0.3025747
Merzenhausen,2024-02-19 10:00:00,42,test,0.327,0.30328786
Merzenhausen,2024-02-19 11:00:00,42,test,0.327,0.30397904
Merzenhausen,2024-02-19 12:00:00,42,test,0.327,0.30467746
Merzenhausen,2024-02-19 13:00:00,42,test,0.327,0.30533618
Merzenhausen,2024-02-19 14:00:00,42,test,0.327,0.3058077
Merzenhausen,2024-02-19 15:00:00,42,test,0.328,0.30687216
Merzenhausen,2024-02-19 16:00:00,42,test,0.327,0.30858243
Merzenhausen,2024-02-19 17:00:00,42,test,0.327,0.31147087
Merzenhausen,2024-02-19 18:00:00,42,test,0.328,0.31435305
Merzenhausen,2024-02-19 19:00:00,42,test,0.325,0.31413907
Merzenhausen,2024-02-19 20:00:00,42,test,0.325,0.31374663
Merzenhausen,2024-02-19 21:00:00,42,test,0.325,0.3122567
Merzenhausen,2024-02-19 22:00:00,42,test,0.325,0.31039506
Merzenhausen,2024-02-19 23:00:00,42,test,0.325,0.30856037
Merzenhausen,2024-02-20 00:00:00,42,test,0.327,0.30674058
Merzenhausen,2024-02-20 01:00:00,42,test,0.33,0.30515942
Merzenhausen,2024-02-20 02:00:00,42,test,0.33,0.30400172
Merzenhausen,2024-02-20 03:00:00,42,test,0.332,0.30310914
Merzenhausen,2024-02-20 04:00:00,42,test,0.333,0.30246556
Merzenhausen,2024-02-20 05:00:00,42,test,0.335,0.301883
Merzenhausen,2024-02-20 06:00:00,42,test,0.335,0.3015863
Merzenhausen,2024-02-20 07:00:00,42,test,0.337,0.30155125
Merzenhausen,2024-02-20 08:00:00,42,test,0.336,0.3017616
Merzenhausen,2024-02-20 09:00:00,42,test,0.336,0.30215216
Merzenhausen,2024-02-20 10:00:00,42,test,0.334,0.3027113
Merzenhausen,2024-02-20 11:00:00,42,test,0.337,0.30332693
Merzenhausen,2024-02-20 12:00:00,42,test,0.335,0.30397922
Merzenhausen,2024-02-20 13:00:00,42,test,0.336,0.3044999
Merzenhausen,2024-02-20 14:00:00,42,test,0.337,0.30495787
Merzenhausen,2024-02-20 15:00:00,42,test,0.336,0.3054103
Merzenhausen,2024-02-20 16:00:00,42,test,0.336,0.30559877
Merzenhausen,2024-02-20 17:00:00,42,test,0.336,0.3053438
Merzenhausen,2024-02-20 18:00:00,42,test,0.336,0.3048932
Merzenhausen,2024-02-20 19:00:00,42,test,0.339,0.3043904
Merzenhausen,2024-02-20 20:00:00,42,test,0.34,0.3039402
Merzenhausen,2024-02-20 21:00:00,42,test,0.34,0.30368793
Merzenhausen,2024-02-20 22:00:00,42,test,0.34,0.30348796
Merzenhausen,2024-02-20 23:00:00,42,test,0.34,0.30296698
Merzenhausen,2024-02-21 00:00:00,42,test,0.34,0.3022959
Merzenhausen,2024-02-21 01:00:00,42,test,0.34,0.3015778
Merzenhausen,2024-02-21 02:00:00,42,test,0.34,0.30088687
Merzenhausen,2024-02-21 03:00:00,42,test,0.34,0.30026728
Merzenhausen,2024-02-21 04:00:00,42,test,0.34,0.29978752
Merzenhausen,2024-02-21 05:00:00,42,test,0.34,0.2997135
Merzenhausen,2024-02-21 06:00:00,42,test,0.34,0.29980955
Merzenhausen,2024-02-21 07:00:00,42,test,0.341,0.30000478
Merzenhausen,2024-02-21 08:00:00,42,test,0.339,0.2999093
Merzenhausen,2024-02-21 09:00:00,42,test,0.339,0.29979533
Merzenhausen,2024-02-21 10:00:00,42,test,0.339,0.29978988
Merzenhausen,2024-02-21 11:00:00,42,test,0.339,0.29994595
Merzenhausen,2024-02-21 12:00:00,42,test,0.339,0.30014884
Merzenhausen,2024-02-21 13:00:00,42,test,0.339,0.30029082
Merzenhausen,2024-02-21 14:00:00,42,test,0.338,0.30060473
Merzenhausen,2024-02-21 15:00:00,42,test,0.338,0.30101764
Merzenhausen,2024-02-21 16:00:00,42,test,0.339,0.3012604
Merzenhausen,2024-02-21 17:00:00,42,test,0.339,0.30133963
Merzenhausen,2024-02-21 18:00:00,42,test,0.337,0.30301303
Merzenhausen,2024-02-21 19:00:00,42,test,0.337,0.30486655
Merzenhausen,2024-02-21 20:00:00,42,test,0.337,0.30566
Merzenhausen,2024-02-21 21:00:00,42,test,0.337,0.30654037
Merzenhausen,2024-02-21 22:00:00,42,test,0.335,0.30722663
Merzenhausen,2024-02-21 23:00:00,42,test,0.336,0.30764797
Merzenhausen,2024-02-22 00:00:00,42,test,0.335,0.30770838
Merzenhausen,2024-02-22 01:00:00,42,test,0.335,0.30979508
Merzenhausen,2024-02-22 02:00:00,42,test,0.337,0.3111316
Merzenhausen,2024-02-22 03:00:00,42,test,0.334,0.3119319
Merzenhausen,2024-02-22 04:00:00,42,test,0.334,0.31196532
Merzenhausen,2024-02-22 05:00:00,42,test,0.334,0.31086183
Merzenhausen,2024-02-22 06:00:00,42,test,0.335,0.30920094
Merzenhausen,2024-02-22 07:00:00,42,test,0.332,0.30786747
Merzenhausen,2024-02-22 08:00:00,42,test,0.334,0.30690137
Merzenhausen,2024-02-22 09:00:00,42,test,0.333,0.30640152
Merzenhausen,2024-02-22 10:00:00,42,test,0.334,0.30595624
Merzenhausen,2024-02-22 11:00:00,42,test,0.334,0.30620712
Merzenhausen,2024-02-22 12:00:00,42,test,0.335,0.3065998
Merzenhausen,2024-02-22 13:00:00,42,test,0.332,0.30722088
Merzenhausen,2024-02-22 14:00:00,42,test,0.332,0.30801353
Merzenhausen,2024-02-22 15:00:00,42,test,0.332,0.3086056
Merzenhausen,2024-02-22 16:00:00,42,test,0.332,0.30898225
Merzenhausen,2024-02-22 17:00:00,42,test,0.333,0.31151026
Merzenhausen,2024-02-22 18:00:00,42,test,0.33,0.31299186
Merzenhausen,2024-02-22 19:00:00,42,test,0.33,0.32044375
Merzenhausen,2024-02-22 20:00:00,42,test,0.33,0.3216614
Merzenhausen,2024-02-22 21:00:00,42,test,0.332,0.32043192
Merzenhausen,2024-02-22 22:00:00,42,test,0.332,0.3183655
Merzenhausen,2024-02-22 23:00:00,42,test,0.332,0.31577516
Merzenhausen,2024-02-23 00:00:00,42,test,0.33,0.3130039
Merzenhausen,2024-02-23 01:00:00,42,test,0.33,0.31042066
Merzenhausen,2024-02-23 02:00:00,42,test,0.33,0.3082235
Merzenhausen,2024-02-23 03:00:00,42,test,0.329,0.30647883
Merzenhausen,2024-02-23 04:00:00,42,test,0.33,0.30532628
Merzenhausen,2024-02-23 05:00:00,42,test,0.331,0.3046661
Merzenhausen,2024-02-23 06:00:00,42,test,0.331,0.30437738
Merzenhausen,2024-02-23 07:00:00,42,test,0.329,0.30447477
Merzenhausen,2024-02-23 08:00:00,42,test,0.329,0.3046068
Merzenhausen,2024-02-23 09:00:00,42,test,0.327,0.30484706
Merzenhausen,2024-02-23 10:00:00,42,test,0.33,0.3052377
Merzenhausen,2024-02-23 11:00:00,42,test,0.33,0.30567694
Merzenhausen,2024-02-23 12:00:00,42,test,0.33,0.3062519
Merzenhausen,2024-02-23 13:00:00,42,test,0.327,0.30663016
Merzenhausen,2024-02-23 14:00:00,42,test,0.327,0.30687207
Merzenhausen,2024-02-23 15:00:00,42,test,0.327,0.30709255
Merzenhausen,2024-02-23 16:00:00,42,test,0.327,0.30736783
Merzenhausen,2024-02-23 17:00:00,42,test,0.327,0.307615
Merzenhausen,2024-02-23 18:00:00,42,test,0.329,0.30754173
Merzenhausen,2024-02-23 19:00:00,42,test,0.326,0.30731562
Merzenhausen,2024-02-23 20:00:00,42,test,0.327,0.3069495
Merzenhausen,2024-02-23 21:00:00,42,test,0.327,0.30643228
Merzenhausen,2024-02-23 22:00:00,42,test,0.327,0.30565593
Merzenhausen,2024-02-23 23:00:00,42,test,0.327,0.30509198
Merzenhausen,2024-02-24 00:00:00,42,test,0.325,0.30427325
Merzenhausen,2024-02-24 01:00:00,42,test,0.325,0.3034082
Merzenhausen,2024-02-24 02:00:00,42,test,0.325,0.3026907
Merzenhausen,2024-02-24 03:00:00,42,test,0.327,0.30184254
Merzenhausen,2024-02-24 04:00:00,42,test,0.327,0.30093345
Merzenhausen,2024-02-24 05:00:00,42,test,0.329,0.30012393
Merzenhausen,2024-02-24 06:00:00,42,test,0.332,0.2996171
Merzenhausen,2024-02-24 07:00:00,42,test,0.335,0.29899913
Merzenhausen,2024-02-24 08:00:00,42,test,0.342,0.29877
Merzenhausen,2024-02-24 09:00:00,42,test,0.349,0.29878658
Merzenhausen,2024-02-24 10:00:00,42,test,0.356,0.29919332
Merzenhausen,2024-02-24 11:00:00,42,test,0.354,0.2997742
Merzenhausen,2024-02-24 12:00:00,42,test,0.354,0.30062678
Merzenhausen,2024-02-24 13:00:00,42,test,0.356,0.30104315
Merzenhausen,2024-02-24 14:00:00,42,test,0.356,0.301274
Merzenhausen,2024-02-24 15:00:00,42,test,0.358,0.30236873
Merzenhausen,2024-02-24 16:00:00,42,test,0.354,0.3029828
Merzenhausen,2024-02-24 17:00:00,42,test,0.353,0.30307192
Merzenhausen,2024-02-24 18:00:00,42,test,0.354,0.3026325
Merzenhausen,2024-02-24 19:00:00,42,test,0.351,0.30188137
Merzenhausen,2024-02-24 20:00:00,42,test,0.353,0.3011619
Merzenhausen,2024-02-24 21:00:00,42,test,0.351,0.3008103
Merzenhausen,2024-02-24 22:00:00,42,test,0.351,0.3006475
Merzenhausen,2024-02-24 23:00:00,42,test,0.35,0.30042568
Merzenhausen,2024-02-25 00:00:00,42,test,0.351,0.29990208
Merzenhausen,2024-02-25 01:00:00,42,test,0.35,0.2993822
Merzenhausen,2024-02-25 02:00:00,42,test,0.35,0.29887602
Merzenhausen,2024-02-25 03:00:00,42,test,0.348,0.29823855
Merzenhausen,2024-02-25 04:00:00,42,test,0.348,0.2976899
Merzenhausen,2024-02-25 05:00:00,42,test,0.346,0.29736525
Merzenhausen,2024-02-25 06:00:00,42,test,0.346,0.29716885
Merzenhausen,2024-02-25 07:00:00,42,test,0.3385,0.29682565
Merzenhausen,2024-02-25 08:00:00,42,test,0.345,0.29650372
Merzenhausen,2024-02-25 09:00:00,42,test,0.345,0.296064
Merzenhausen,2024-02-25 10:00:00,42,test,0.343,0.2962038
Merzenhausen,2024-02-25 11:00:00,42,test,0.345,0.29662842
Merzenhausen,2024-02-25 12:00:00,42,test,0.342,0.29743302
Merzenhausen,2024-02-25 13:00:00,42,test,0.342,0.29854545
Merzenhausen,2024-02-25 14:00:00,42,test,0.343,0.29898602
Merzenhausen,2024-02-25 15:00:00,42,test,0.343,0.29899722
Merzenhausen,2024-02-25 16:00:00,42,test,0.34,0.29880628
Merzenhausen,2024-02-25 17:00:00,42,test,0.341,0.29865408
Merzenhausen,2024-02-25 18:00:00,42,test,0.342,0.29870898
Merzenhausen,2024-02-25 19:00:00,42,test,0.34,0.29828566
Merzenhausen,2024-02-25 20:00:00,42,test,0.338,0.2978567
Merzenhausen,2024-02-25 21:00:00,42,test,0.339,0.29746518
Merzenhausen,2024-02-25 22:00:00,42,test,0.339,0.29745144
Merzenhausen,2024-02-25 23:00:00,42,test,0.34,0.2969914
Merzenhausen,2024-02-26 00:00:00,42,test,0.337,0.29605985
Merzenhausen,2024-02-26 01:00:00,42,test,0.337,0.29633033
Merzenhausen,2024-02-26 02:00:00,42,test,0.337,0.29858062
Merzenhausen,2024-02-26 03:00:00,42,test,0.337,0.30024585
Merzenhausen,2024-02-26 04:00:00,42,test,0.336,0.30219287
Merzenhausen,2024-02-26 05:00:00,42,test,0.337,0.3042764
Merzenhausen,2024-02-26 06:00:00,42,test,0.337,0.30677676
Merzenhausen,2024-02-26 07:00:00,42,test,0.337,0.31041145
Merzenhausen,2024-02-26 08:00:00,42,test,0.337,0.3143936
Merzenhausen,2024-02-26 09:00:00,42,test,0.337,0.3190359
Merzenhausen,2024-02-26 10:00:00,42,test,0.337,0.32413864
Merzenhausen,2024-02-26 11:00:00,42,test,0.334,0.32763746
Merzenhausen,2024-02-26 12:00:00,42,test,0.335,0.32823253
Merzenhausen,2024-02-26 13:00:00,42,test,0.335,0.3274967
Merzenhausen,2024-02-26 14:00:00,42,test,0.335,0.3283313
Merzenhausen,2024-02-26 15:00:00,42,test,0.335,0.3282634
Merzenhausen,2024-02-26 16:00:00,42,test,0.335,0.32621178
Merzenhausen,2024-02-26 17:00:00,42,test,0.335,0.32374197
Merzenhausen,2024-02-26 18:00:00,42,test,0.335,0.3217128
Merzenhausen,2024-02-26 19:00:00,42,test,0.335,0.32001412
Merzenhausen,2024-02-26 20:00:00,42,test,0.333,0.3190579
Merzenhausen,2024-02-26 21:00:00,42,test,0.333,0.3184374
Merzenhausen,2024-02-26 22:00:00,42,test,0.333,0.3180848
Merzenhausen,2024-02-26 23:00:00,42,test,0.334,0.3177985
Merzenhausen,2024-02-27 00:00:00,42,test,0.334,0.31761706
Merzenhausen,2024-02-27 01:00:00,42,test,0.332,0.31737584
Merzenhausen,2024-02-27 02:00:00,42,test,0.332,0.31711483
Merzenhausen,2024-02-27 03:00:00,42,test,0.332,0.31664678
Merzenhausen,2024-02-27 04:00:00,42,test,0.332,0.316115
Merzenhausen,2024-02-27 05:00:00,42,test,0.332,0.31540307
Merzenhausen,2024-02-27 06:00:00,42,test,0.334,0.31470397
Merzenhausen,2024-02-27 07:00:00,42,test,0.331,0.3133378
Merzenhausen,2024-02-27 08:00:00,42,test,0.332,0.31259763
Merzenhausen,2024-02-27 09:00:00,42,test,0.332,0.3122361
Merzenhausen,2024-02-27 10:00:00,42,test,0.332,0.31186074
Merzenhausen,2024-02-27 11:00:00,42,test,0.332,0.31179747
Merzenhausen,2024-02-27 12:00:00,42,test,0.331,0.31154972
Merzenhausen,2024-02-27 13:00:00,42,test,0.332,0.3112703
Merzenhausen,2024-02-27 14:00:00,42,test,0.332,0.3111179
Merzenhausen,2024-02-27 15:00:00,42,test,0.329,0.3110471
Merzenhausen,2024-02-27 16:00:00,42,test,0.332,0.3106498
Merzenhausen,2024-02-27 17:00:00,42,test,0.33,0.31028777
Merzenhausen,2024-02-27 18:00:00,42,test,0.33,0.3101689
Merzenhausen,2024-02-27 19:00:00,42,test,0.33,0.30995402
Merzenhausen,2024-02-27 20:00:00,42,test,0.33,0.3094322
Merzenhausen,2024-02-27 21:00:00,42,test,0.33,0.3090446
Merzenhausen,2024-02-27 22:00:00,42,test,0.332,0.30867213
Merzenhausen,2024-02-27 23:00:00,42,test,0.329,0.3082366
Merzenhausen,2024-02-28 00:00:00,42,test,0.329,0.30744252
Merzenhausen,2024-02-28 01:00:00,42,test,0.329,0.30652604
Merzenhausen,2024-02-28 02:00:00,42,test,0.329,0.30563968
Merzenhausen,2024-02-28 03:00:00,42,test,0.329,0.3047235
Merzenhausen,2024-02-28 04:00:00,42,test,0.329,0.30403885
Merzenhausen,2024-02-28 05:00:00,42,test,0.33,0.3037549
Merzenhausen,2024-02-28 06:00:00,42,test,0.327,0.3036319
Merzenhausen,2024-02-28 07:00:00,42,test,0.328,0.30357608
Merzenhausen,2024-02-28 08:00:00,42,test,0.328,0.30366272
Merzenhausen,2024-02-28 09:00:00,42,test,0.328,0.30378294
Merzenhausen,2024-02-28 10:00:00,42,test,0.328,0.30393875
Merzenhausen,2024-02-28 11:00:00,42,test,0.328,0.30370212
Merzenhausen,2024-02-28 12:00:00,42,test,0.326,0.3035494
Merzenhausen,2024-02-28 13:00:00,42,test,0.327,0.30342725
Merzenhausen,2024-02-28 14:00:00,42,test,0.327,0.30356082
Merzenhausen,2024-02-28 15:00:00,42,test,0.327,0.30379626
Merzenhausen,2024-02-28 16:00:00,42,test,0.327,0.30421594
Merzenhausen,2024-02-28 17:00:00,42,test,0.327,0.3048076
Merzenhausen,2024-02-28 18:00:00,42,test,0.327,0.3053451
Merzenhausen,2024-02-28 19:00:00,42,test,0.327,0.30570596
Merzenhausen,2024-02-28 20:00:00,42,test,0.325,0.30570957
Merzenhausen,2024-02-28 21:00:00,42,test,0.325,0.30548763
Merzenhausen,2024-02-28 22:00:00,42,test,0.325,0.30508336
Merzenhausen,2024-02-28 23:00:00,42,test,0.323,0.30459225
Merzenhausen,2024-02-29 00:00:00,42,test,0.323,0.30396628
Merzenhausen,2024-02-29 01:00:00,42,test,0.325,0.30317637
Merzenhausen,2024-02-29 02:00:00,42,test,0.325,0.30222392
Merzenhausen,2024-02-29 03:00:00,42,test,0.325,0.30111638
Merzenhausen,2024-02-29 04:00:00,42,test,0.325,0.30004904
Merzenhausen,2024-02-29 05:00:00,42,test,0.325,0.2992028
Merzenhausen,2024-02-29 06:00:00,42,test,0.322,0.2989124
Merzenhausen,2024-02-29 07:00:00,42,test,0.323,0.29862884
Merzenhausen,2024-02-29 08:00:00,42,test,0.323,0.29862902
Merzenhausen,2024-02-29 09:00:00,42,test,0.324,0.2989191
Merzenhausen,2024-02-29 10:00:00,42,test,0.324,0.2993628
Merzenhausen,2024-02-29 11:00:00,42,test,0.322,0.29976845
Merzenhausen,2024-02-29 12:00:00,42,test,0.322,0.30015373
Merzenhausen,2024-02-29 13:00:00,42,test,0.322,0.30067566
Merzenhausen,2024-02-29 14:00:00,42,test,0.322,0.3011608
Merzenhausen,2024-02-29 15:00:00,42,test,0.322,0.30119452
Merzenhausen,2024-02-29 16:00:00,42,test,0.322,0.3016447
Merzenhausen,2024-02-29 17:00:00,42,test,0.323,0.30197766
Merzenhausen,2024-02-29 18:00:00,42,test,0.32,0.30224523
Merzenhausen,2024-02-29 19:00:00,42,test,0.32,0.30236906
Merzenhausen,2024-02-29 20:00:00,42,test,0.32,0.3024397
Merzenhausen,2024-02-29 21:00:00,42,test,0.32,0.3024171
Merzenhausen,2024-02-29 22:00:00,42,test,0.319,0.30256355
Merzenhausen,2024-02-29 23:00:00,42,test,0.32,0.30245268
Merzenhausen,2024-03-01 00:00:00,42,test,0.32,0.30213982
Merzenhausen,2024-03-01 01:00:00,42,test,0.32,0.3017107
Merzenhausen,2024-03-01 02:00:00,42,test,0.32,0.30127904
Merzenhausen,2024-03-01 03:00:00,42,test,0.32,0.30082658
Merzenhausen,2024-03-01 04:00:00,42,test,0.318,0.3003847
Merzenhausen,2024-03-01 05:00:00,42,test,0.318,0.3001105
Merzenhausen,2024-03-01 06:00:00,42,test,0.318,0.2995162
Merzenhausen,2024-03-01 07:00:00,42,test,0.319,0.29897004
Merzenhausen,2024-03-01 08:00:00,42,test,0.32,0.29858118
Merzenhausen,2024-03-01 09:00:00,42,test,0.317,0.29841784
Merzenhausen,2024-03-01 10:00:00,42,test,0.317,0.29851368
Merzenhausen,2024-03-01 11:00:00,42,test,0.317,0.29865405
Merzenhausen,2024-03-01 12:00:00,42,test,0.318,0.2986615
Merzenhausen,2024-03-01 13:00:00,42,test,0.316,0.29871634
Merzenhausen,2024-03-01 14:00:00,42,test,0.318,0.29877114
Merzenhausen,2024-03-01 15:00:00,42,test,0.318,0.29879624
Merzenhausen,2024-03-01 16:00:00,42,test,0.315,0.2989376
Merzenhausen,2024-03-01 17:00:00,42,test,0.315,0.29920727
Merzenhausen,2024-03-01 18:00:00,42,test,0.316,0.29936394
Merzenhausen,2024-03-01 19:00:00,42,test,0.316,0.29937595
Merzenhausen,2024-03-01 20:00:00,42,test,0.316,0.29897165
Merzenhausen,2024-03-01 21:00:00,42,test,0.315,0.29848617
Merzenhausen,2024-03-01 22:00:00,42,test,0.316,0.29803318
Merzenhausen,2024-03-01 23:00:00,42,test,0.316,0.29726708
Merzenhausen,2024-03-02 00:00:00,42,test,0.316,0.2964777
Merzenhausen,2024-03-02 01:00:00,42,test,0.316,0.29609177
Merzenhausen,2024-03-02 02:00:00,42,test,0.313,0.29596853
Merzenhausen,2024-03-02 03:00:00,42,test,0.314,0.2956803
Merzenhausen,2024-03-02 04:00:00,42,test,0.314,0.29528672
Merzenhausen,2024-03-02 05:00:00,42,test,0.313,0.2949747
Merzenhausen,2024-03-02 06:00:00,42,test,0.312,0.29433852
Merzenhausen,2024-03-02 07:00:00,42,test,0.313,0.2937773
Merzenhausen,2024-03-02 08:00:00,42,test,0.31,0.2934155
Merzenhausen,2024-03-02 09:00:00,42,test,0.311,0.29341483
Merzenhausen,2024-03-02 10:00:00,42,test,0.311,0.29368216
Merzenhausen,2024-03-02 11:00:00,42,test,0.312,0.2936755
Merzenhausen,2024-03-02 12:00:00,42,test,0.313,0.2938373
Merzenhausen,2024-03-02 13:00:00,42,test,0.311,0.294041
Merzenhausen,2024-03-02 14:00:00,42,test,0.311,0.29430532
Merzenhausen,2024-03-02 15:00:00,42,test,0.311,0.2945691
Merzenhausen,2024-03-02 16:00:00,42,test,0.311,0.29478177
Merzenhausen,2024-03-02 17:00:00,42,test,0.309,0.29511136
Merzenhausen,2024-03-02 18:00:00,42,test,0.309,0.2949732
Merzenhausen,2024-03-02 19:00:00,42,test,0.309,0.29467723
Merzenhausen,2024-03-02 20:00:00,42,test,0.309,0.2942245
Merzenhausen,2024-03-02 21:00:00,42,test,0.309,0.29369354
Merzenhausen,2024-03-02 22:00:00,42,test,0.311,0.29299158
Merzenhausen,2024-03-02 23:00:00,42,test,0.311,0.29247093
Merzenhausen,2024-03-03 00:00:00,42,test,0.308,0.2918318
Merzenhausen,2024-03-03 01:00:00,42,test,0.308,0.29116863
Merzenhausen,2024-03-03 02:00:00,42,test,0.309,0.29050243
Merzenhausen,2024-03-03 03:00:00,42,test,0.31,0.29007882
Merzenhausen,2024-03-03 04:00:00,42,test,0.31,0.28959352
Merzenhausen,2024-03-03 05:00:00,42,test,0.31,0.2890392
Merzenhausen,2024-03-03 06:00:00,42,test,0.31,0.2885391
Merzenhausen,2024-03-03 07:00:00,42,test,0.308,0.2883073
Merzenhausen,2024-03-03 08:00:00,42,test,0.308,0.2884524
Merzenhausen,2024-03-03 09:00:00,42,test,0.308,0.28845096
Merzenhausen,2024-03-03 10:00:00,42,test,0.308,0.28828624
Merzenhausen,2024-03-03 11:00:00,42,test,0.308,0.28809637
Merzenhausen,2024-03-03 12:00:00,42,test,0.308,0.28854287
Merzenhausen,2024-03-03 13:00:00,42,test,0.308,0.2889905
Merzenhausen,2024-03-03 14:00:00,42,test,0.308,0.28950515
Merzenhausen,2024-03-03 15:00:00,42,test,0.308,0.29005277
Merzenhausen,2024-03-03 16:00:00,42,test,0.308,0.2902419
Merzenhausen,2024-03-03 17:00:00,42,test,0.309,0.2902812
Merzenhausen,2024-03-03 18:00:00,42,test,0.307,0.29023674
Merzenhausen,2024-03-03 19:00:00,42,test,0.309,0.28992042
Merzenhausen,2024-03-03 20:00:00,42,test,0.306,0.28935474
Merzenhausen,2024-03-03 21:00:00,42,test,0.308,0.28847045
Merzenhausen,2024-03-03 22:00:00,42,test,0.308,0.28750795
Merzenhausen,2024-03-03 23:00:00,42,test,0.308,0.28652358
Merzenhausen,2024-03-04 00:00:00,42,test,0.3125,0.2854565
Merzenhausen,2024-03-04 01:00:00,42,test,0.308,0.28448564
Merzenhausen,2024-03-04 02:00:00,42,test,0.306,0.28333867
Merzenhausen,2024-03-04 03:00:00,42,test,0.306,0.2823677
Merzenhausen,2024-03-04 04:00:00,42,test,0.306,0.28161582
Merzenhausen,2024-03-04 05:00:00,42,test,0.306,0.28093278
Merzenhausen,2024-03-04 06:00:00,42,test,0.306,0.28026474
Merzenhausen,2024-03-04 07:00:00,42,test,0.307,0.27987328
Merzenhausen,2024-03-04 08:00:00,42,test,0.304,0.2793566
Merzenhausen,2024-03-04 09:00:00,42,test,0.304,0.2791824
Merzenhausen,2024-03-04 10:00:00,42,test,0.306,0.27935913
Merzenhausen,2024-03-04 11:00:00,42,test,0.304,0.28002214
Merzenhausen,2024-03-04 12:00:00,42,test,0.306,0.28104618
Merzenhausen,2024-03-04 13:00:00,42,test,0.304,0.28176045
Merzenhausen,2024-03-04 14:00:00,42,test,0.307,0.28212333
Merzenhausen,2024-03-04 15:00:00,42,test,0.306,0.28249276
Merzenhausen,2024-03-04 16:00:00,42,test,0.306,0.28284246
Merzenhausen,2024-03-04 17:00:00,42,test,0.306,0.28293794
Merzenhausen,2024-03-04 18:00:00,42,test,0.304,0.2826908
Merzenhausen,2024-03-04 19:00:00,42,test,0.304,0.2822133
Merzenhausen,2024-03-04 20:00:00,42,test,0.304,0.28162843
Merzenhausen,2024-03-04 21:00:00,42,test,0.306,0.2809684
Merzenhausen,2024-03-04 22:00:00,42,test,0.303,0.28040862
Merzenhausen,2024-03-04 23:00:00,42,test,0.304,0.27964398
Merzenhausen,2024-03-05 00:00:00,42,test,0.304,0.27832335
Merzenhausen,2024-03-05 01:00:00,42,test,0.305,0.2771029
Merzenhausen,2024-03-05 02:00:00,42,test,0.306,0.276305
Merzenhausen,2024-03-05 03:00:00,42,test,0.306,0.27600023
Merzenhausen,2024-03-05 04:00:00,42,test,0.303,0.27601394
Merzenhausen,2024-03-05 05:00:00,42,test,0.303,0.27619213
Merzenhausen,2024-03-05 06:00:00,42,test,0.304,0.27646357
Merzenhausen,2024-03-05 07:00:00,42,test,0.304,0.27652085
Merzenhausen,2024-03-05 08:00:00,42,test,0.303,0.2769827
Merzenhausen,2024-03-05 09:00:00,42,test,0.303,0.27814627
Merzenhausen,2024-03-05 10:00:00,42,test,0.303,0.27907047
Merzenhausen,2024-03-05 11:00:00,42,test,0.303,0.2795241
Merzenhausen,2024-03-05 12:00:00,42,test,0.303,0.28027415
Merzenhausen,2024-03-05 13:00:00,42,test,0.303,0.28057292
Merzenhausen,2024-03-05 14:00:00,42,test,0.303,0.2807158
Merzenhausen,2024-03-05 15:00:00,42,test,0.303,0.28077978
Merzenhausen,2024-03-05 16:00:00,42,test,0.303,0.2807482
Merzenhausen,2024-03-05 17:00:00,42,test,0.303,0.28091764
Merzenhausen,2024-03-05 18:00:00,42,test,0.304,0.2807024
Merzenhausen,2024-03-05 19:00:00,42,test,0.304,0.28054976
Merzenhausen,2024-03-05 20:00:00,42,test,0.304,0.27986193
Merzenhausen,2024-03-05 21:00:00,42,test,0.302,0.2792421
Merzenhausen,2024-03-05 22:00:00,42,test,0.301,0.27852637
Merzenhausen,2024-03-05 23:00:00,42,test,0.301,0.2775461
Merzenhausen,2024-03-06 00:00:00,42,test,0.302,0.276785
Merzenhausen,2024-03-06 01:00:00,42,test,0.301,0.27565363
Merzenhausen,2024-03-06 02:00:00,42,test,0.299,0.27397752
Merzenhausen,2024-03-06 03:00:00,42,test,0.301,0.27217
Merzenhausen,2024-03-06 04:00:00,42,test,0.301,0.27051944
Merzenhausen,2024-03-06 05:00:00,42,test,0.301,0.2691524
Merzenhausen,2024-03-06 06:00:00,42,test,0.301,0.26812035
Merzenhausen,2024-03-06 07:00:00,42,test,0.299,0.26767826
Merzenhausen,2024-03-06 08:00:00,42,test,0.299,0.26796663
Merzenhausen,2024-03-06 09:00:00,42,test,0.299,0.26832616
Merzenhausen,2024-03-06 10:00:00,42,test,0.299,0.269234
Merzenhausen,2024-03-06 11:00:00,42,test,0.299,0.2704548
Merzenhausen,2024-03-06 12:00:00,42,test,0.297,0.2720609
Merzenhausen,2024-03-06 13:00:00,42,test,0.3,0.27344355
Merzenhausen,2024-03-06 14:00:00,42,test,0.3,0.27520218
Merzenhausen,2024-03-06 15:00:00,42,test,0.297,0.27661985
Merzenhausen,2024-03-06 16:00:00,42,test,0.297,0.27772135
Merzenhausen,2024-03-06 17:00:00,42,test,0.297,0.2784862
Merzenhausen,2024-03-06 18:00:00,42,test,0.297,0.2785624
Merzenhausen,2024-03-06 19:00:00,42,test,0.299,0.27807665
Merzenhausen,2024-03-06 20:00:00,42,test,0.299,0.2771501
Merzenhausen,2024-03-06 21:00:00,42,test,0.299,0.27604324
Merzenhausen,2024-03-06 22:00:00,42,test,0.297,0.27465877
Merzenhausen,2024-03-06 23:00:00,42,test,0.297,0.2734021
Merzenhausen,2024-03-07 00:00:00,42,test,0.297,0.27217752
Merzenhausen,2024-03-07 01:00:00,42,test,0.297,0.27112857
Merzenhausen,2024-03-07 02:00:00,42,test,0.295,0.27038667
Merzenhausen,2024-03-07 03:00:00,42,test,0.296,0.26963156
Merzenhausen,2024-03-07 04:00:00,42,test,0.296,0.26847506
Merzenhausen,2024-03-07 05:00:00,42,test,0.296,0.2672888
Merzenhausen,2024-03-07 06:00:00,42,test,0.297,0.26638374
Merzenhausen,2024-03-07 07:00:00,42,test,0.294,0.2658376
Merzenhausen,2024-03-07 08:00:00,42,test,0.295,0.26559353
Merzenhausen,2024-03-07 09:00:00,42,test,0.296,0.26578104
Merzenhausen,2024-03-07 10:00:00,42,test,0.295,0.26641613
Merzenhausen,2024-03-07 11:00:00,42,test,0.295,0.2675688
Merzenhausen,2024-03-07 12:00:00,42,test,0.295,0.2689572
Merzenhausen,2024-03-07 13:00:00,42,test,0.295,0.2704273
Merzenhausen,2024-03-07 14:00:00,42,test,0.295,0.27183872
Merzenhausen,2024-03-07 15:00:00,42,test,0.295,0.2730697
Merzenhausen,2024-03-07 16:00:00,42,test,0.294,0.2739764
Merzenhausen,2024-03-07 17:00:00,42,test,0.295,0.27463347
Merzenhausen,2024-03-07 18:00:00,42,test,0.295,0.2751157
Merzenhausen,2024-03-07 19:00:00,42,test,0.295,0.27532205
Merzenhausen,2024-03-07 20:00:00,42,test,0.295,0.27526125
Merzenhausen,2024-03-07 21:00:00,42,test,0.295,0.27454096
Merzenhausen,2024-03-07 22:00:00,42,test,0.294,0.27314973
Merzenhausen,2024-03-07 23:00:00,42,test,0.294,0.2713341
Merzenhausen,2024-03-08 00:00:00,42,test,0.294,0.26946935
Merzenhausen,2024-03-08 01:00:00,42,test,0.294,0.26761067
Merzenhausen,2024-03-08 02:00:00,42,test,0.294,0.26561952
Merzenhausen,2024-03-08 03:00:00,42,test,0.294,0.26404682
Merzenhausen,2024-03-08 04:00:00,42,test,0.292,0.26291487
Merzenhausen,2024-03-08 05:00:00,42,test,0.292,0.26213107
Merzenhausen,2024-03-08 06:00:00,42,test,0.292,0.2616759
Merzenhausen,2024-03-08 07:00:00,42,test,0.292,0.26126263
Merzenhausen,2024-03-08 08:00:00,42,test,0.293,0.26110044
Merzenhausen,2024-03-08 09:00:00,42,test,0.293,0.26136434
Merzenhausen,2024-03-08 10:00:00,42,test,0.292,0.26206824
Merzenhausen,2024-03-08 11:00:00,42,test,0.292,0.26305428
Merzenhausen,2024-03-08 12:00:00,42,test,0.29,0.26403993
Merzenhausen,2024-03-08 13:00:00,42,test,0.291,0.2655566
Merzenhausen,2024-03-08 14:00:00,42,test,0.29,0.26720545
Merzenhausen,2024-03-08 15:00:00,42,test,0.29,0.2682733
Merzenhausen,2024-03-08 16:00:00,42,test,0.29,0.26903224
Merzenhausen,2024-03-08 17:00:00,42,test,0.29,0.2695415
Merzenhausen,2024-03-08 18:00:00,42,test,0.29,0.26975167
Merzenhausen,2024-03-08 19:00:00,42,test,0.29,0.2699374
Merzenhausen,2024-03-08 20:00:00,42,test,0.291,0.26986918
Merzenhausen,2024-03-08 21:00:00,42,test,0.292,0.26950854
Merzenhausen,2024-03-08 22:00:00,42,test,0.292,0.26848966
Merzenhausen,2024-03-08 23:00:00,42,test,0.29,0.26710334
Merzenhausen,2024-03-09 00:00:00,42,test,0.29,0.26550603
Merzenhausen,2024-03-09 01:00:00,42,test,0.293,0.26394776
Merzenhausen,2024-03-09 02:00:00,42,test,0.301,0.2625664
Merzenhausen,2024-03-09 03:00:00,42,test,0.311,0.2616947
Merzenhausen,2024-03-09 04:00:00,42,test,0.32,0.26112822
Merzenhausen,2024-03-09 05:00:00,42,test,0.337,0.26165584
Merzenhausen,2024-03-09 06:00:00,42,test,0.346,0.26217467
Merzenhausen,2024-03-09 07:00:00,42,test,0.344,0.2616825
Merzenhausen,2024-03-09 08:00:00,42,test,0.344,0.2610384
Merzenhausen,2024-03-09 09:00:00,42,test,0.343,0.26072568
Merzenhausen,2024-03-09 10:00:00,42,test,0.346,0.26079166
Merzenhausen,2024-03-09 11:00:00,42,test,0.346,0.26105827
Merzenhausen,2024-03-09 12:00:00,42,test,0.345,0.26146284
Merzenhausen,2024-03-09 13:00:00,42,test,0.345,0.26199633
Merzenhausen,2024-03-09 14:00:00,42,test,0.347,0.26282993
Merzenhausen,2024-03-09 15:00:00,42,test,0.347,0.26383194
Merzenhausen,2024-03-09 16:00:00,42,test,0.346,0.26464137
Merzenhausen,2024-03-09 17:00:00,42,test,0.349,0.26540446
Merzenhausen,2024-03-09 18:00:00,42,test,0.345,0.26592737
Merzenhausen,2024-03-09 19:00:00,42,test,0.345,0.26612622
Merzenhausen,2024-03-09 20:00:00,42,test,0.346,0.2660394
Merzenhausen,2024-03-09 21:00:00,42,test,0.346,0.26571304
Merzenhausen,2024-03-09 22:00:00,42,test,0.346,0.2650023
Merzenhausen,2024-03-09 23:00:00,42,test,0.343,0.26405326
Merzenhausen,2024-03-10 00:00:00,42,test,0.345,0.26319766
Merzenhausen,2024-03-10 01:00:00,42,test,0.343,0.2624842
Merzenhausen,2024-03-10 02:00:00,42,test,0.343,0.2619141
Merzenhausen,2024-03-10 03:00:00,42,test,0.345,0.26144785
Merzenhausen,2024-03-10 04:00:00,42,test,0.345,0.26076314
Merzenhausen,2024-03-10 05:00:00,42,test,0.345,0.26006037
Merzenhausen,2024-03-10 06:00:00,42,test,0.346,0.25939402
Merzenhausen,2024-03-10 07:00:00,42,test,0.344,0.25886193
Merzenhausen,2024-03-10 08:00:00,42,test,0.342,0.2586916
Merzenhausen,2024-03-10 09:00:00,42,test,0.342,0.2588177
Merzenhausen,2024-03-10 10:00:00,42,test,0.342,0.2590521
Merzenhausen,2024-03-10 11:00:00,42,test,0.342,0.25952533
Merzenhausen,2024-03-10 12:00:00,42,test,0.339,0.259785
Merzenhausen,2024-03-10 13:00:00,42,test,0.339,0.26019213
Merzenhausen,2024-03-10 14:00:00,42,test,0.339,0.26044446
Merzenhausen,2024-03-10 15:00:00,42,test,0.339,0.2608294
Merzenhausen,2024-03-10 16:00:00,42,test,0.339,0.26123503
Merzenhausen,2024-03-10 17:00:00,42,test,0.336,0.2615729
Merzenhausen,2024-03-10 18:00:00,42,test,0.336,0.2616332
Merzenhausen,2024-03-10 19:00:00,42,test,0.339,0.2613873
Merzenhausen,2024-03-10 20:00:00,42,test,0.342,0.2609799
Merzenhausen,2024-03-10 21:00:00,42,test,0.343,0.26054323
Merzenhausen,2024-03-10 22:00:00,42,test,0.3495,0.26010188
Merzenhausen,2024-03-10 23:00:00,42,test,0.351,0.2622404
Merzenhausen,2024-03-11 00:00:00,42,test,0.351,0.26718846
Merzenhausen,2024-03-11 01:00:00,42,test,0.3535,0.27298093
Merzenhausen,2024-03-11 02:00:00,42,test,0.351,0.27874267
Merzenhausen,2024-03-11 03:00:00,42,test,0.3565,0.28746474
Merzenhausen,2024-03-11 04:00:00,42,test,0.352,0.2950136
Merzenhausen,2024-03-11 05:00:00,42,test,0.351,0.30265376
Merzenhausen,2024-03-11 06:00:00,42,test,0.352,0.30925375
Merzenhausen,2024-03-11 07:00:00,42,test,0.348,0.31301996
Merzenhausen,2024-03-11 08:00:00,42,test,0.348,0.31447023
Merzenhausen,2024-03-11 09:00:00,42,test,0.348,0.31497252
Merzenhausen,2024-03-11 10:00:00,42,test,0.348,0.31581694
Merzenhausen,2024-03-11 11:00:00,42,test,0.348,0.31757098
Merzenhausen,2024-03-11 12:00:00,42,test,0.345,0.31893265
Merzenhausen,2024-03-11 13:00:00,42,test,0.344,0.3199627
Merzenhausen,2024-03-11 14:00:00,42,test,0.344,0.321136
Merzenhausen,2024-03-11 15:00:00,42,test,0.342,0.3212057
Merzenhausen,2024-03-11 16:00:00,42,test,0.345,0.3213014
Merzenhausen,2024-03-11 17:00:00,42,test,0.342,0.32088688
Merzenhausen,2024-03-11 18:00:00,42,test,0.339,0.31982878
Merzenhausen,2024-03-11 19:00:00,42,test,0.339,0.31822443
Merzenhausen,2024-03-11 20:00:00,42,test,0.339,0.3165694
Merzenhausen,2024-03-11 21:00:00,42,test,0.336,0.3161802
Merzenhausen,2024-03-11 22:00:00,42,test,0.339,0.31546414
Merzenhausen,2024-03-11 23:00:00,42,test,0.336,0.3147481
Merzenhausen,2024-03-12 00:00:00,42,test,0.336,0.314891
Merzenhausen,2024-03-12 01:00:00,42,test,0.339,0.3144684
Merzenhausen,2024-03-12 02:00:00,42,test,0.335,0.31355855
Merzenhausen,2024-03-12 03:00:00,42,test,0.336,0.3136465
Merzenhausen,2024-03-12 04:00:00,42,test,0.335,0.3140347
Merzenhausen,2024-03-12 05:00:00,42,test,0.336,0.31358087
Merzenhausen,2024-03-12 06:00:00,42,test,0.333,0.31299195
Merzenhausen,2024-03-12 07:00:00,42,test,0.333,0.31226102
Merzenhausen,2024-03-12 08:00:00,42,test,0.333,0.31144503
Merzenhausen,2024-03-12 09:00:00,42,test,0.333,0.3107339
Merzenhausen,2024-03-12 10:00:00,42,test,0.333,0.31017852
Merzenhausen,2024-03-12 11:00:00,42,test,0.333,0.30988044
Merzenhausen,2024-03-12 12:00:00,42,test,0.333,0.30930507
Merzenhausen,2024-03-12 13:00:00,42,test,0.327,0.30876267
Merzenhausen,2024-03-12 14:00:00,42,test,0.326,0.30812216
Merzenhausen,2024-03-12 15:00:00,42,test,0.329,0.30772698
Merzenhausen,2024-03-12 16:00:00,42,test,0.329,0.30750078
Merzenhausen,2024-03-12 17:00:00,42,test,0.329,0.30819422
Merzenhausen,2024-03-12 18:00:00,42,test,0.33,0.31074852
Merzenhausen,2024-03-12 19:00:00,42,test,0.326,0.3138732
Merzenhausen,2024-03-12 20:00:00,42,test,0.328,0.3167543
Merzenhausen,2024-03-12 21:00:00,42,test,0.33,0.3187679
Merzenhausen,2024-03-12 22:00:00,42,test,0.326,0.31992182
Merzenhausen,2024-03-12 23:00:00,42,test,0.327,0.3206966
Merzenhausen,2024-03-13 00:00:00,42,test,0.324,0.32221428
Merzenhausen,2024-03-13 01:00:00,42,test,0.327,0.32256216
Merzenhausen,2024-03-13 02:00:00,42,test,0.328,0.3226962
Merzenhausen,2024-03-13 03:00:00,42,test,0.324,0.3233595
Merzenhausen,2024-03-13 04:00:00,42,test,0.325,0.32278645
Merzenhausen,2024-03-13 05:00:00,42,test,0.325,0.32175523
Merzenhausen,2024-03-13 06:00:00,42,test,0.324,0.32059368
Merzenhausen,2024-03-13 07:00:00,42,test,0.322,0.31901643
Merzenhausen,2024-03-13 08:00:00,42,test,0.322,0.3175472
Merzenhausen,2024-03-13 09:00:00,42,test,0.325,0.31638926
Merzenhausen,2024-03-13 10:00:00,42,test,0.325,0.31559336
Merzenhausen,2024-03-13 11:00:00,42,test,0.325,0.315098
Merzenhausen,2024-03-13 12:00:00,42,test,0.322,0.31445846
Merzenhausen,2024-03-13 13:00:00,42,test,0.323,0.3139142
Merzenhausen,2024-03-13 14:00:00,42,test,0.323,0.31341887
Merzenhausen,2024-03-13 15:00:00,42,test,0.322,0.31276748
Merzenhausen,2024-03-13 16:00:00,42,test,0.325,0.3125432
Merzenhausen,2024-03-13 17:00:00,42,test,0.3235,0.31215307
Merzenhausen,2024-03-13 18:00:00,42,test,0.3429999999999999,0.31144172
Merzenhausen,2024-03-13 19:00:00,42,test,0.333,0.3107345
Merzenhausen,2024-03-13 20:00:00,42,test,0.336,0.31018212
Merzenhausen,2024-03-13 21:00:00,42,test,0.336,0.30947274
Merzenhausen,2024-03-13 22:00:00,42,test,0.336,0.30909595
Merzenhausen,2024-03-13 23:00:00,42,test,0.3389999999999999,0.30859727
Merzenhausen,2024-03-14 00:00:00,42,test,0.3335,0.30808938
Merzenhausen,2024-03-14 01:00:00,42,test,0.337,0.30784625
Merzenhausen,2024-03-14 02:00:00,42,test,0.336,0.3072841
Merzenhausen,2024-03-14 03:00:00,42,test,0.333,0.30666828
Merzenhausen,2024-03-14 04:00:00,42,test,0.333,0.30599588
Merzenhausen,2024-03-14 05:00:00,42,test,0.3395,0.30548558
Merzenhausen,2024-03-14 06:00:00,42,test,0.333,0.30474478
Merzenhausen,2024-03-14 07:00:00,42,test,0.348,0.30403662
Merzenhausen,2024-03-14 08:00:00,42,test,0.3415,0.30344692
Merzenhausen,2024-03-14 09:00:00,42,test,0.333,0.30293196
Merzenhausen,2024-03-14 10:00:00,42,test,0.335,0.30259255
Merzenhausen,2024-03-14 11:00:00,42,test,0.335,0.302397
Merzenhausen,2024-03-14 12:00:00,42,test,0.335,0.30224285
Merzenhausen,2024-03-14 13:00:00,42,test,0.3335,0.30132735
Merzenhausen,2024-03-14 14:00:00,42,test,0.333,0.30016717
Merzenhausen,2024-03-14 15:00:00,42,test,0.3325,0.29959783
Merzenhausen,2024-03-14 16:00:00,42,test,0.3415,0.2995861
Merzenhausen,2024-03-14 17:00:00,42,test,0.345,0.29993325
Merzenhausen,2024-03-14 18:00:00,42,test,0.332,0.30045542
Merzenhausen,2024-03-14 19:00:00,42,test,0.329,0.3003387
Merzenhausen,2024-03-14 20:00:00,42,test,0.33,0.3002377
Merzenhausen,2024-03-14 21:00:00,42,test,0.332,0.30039334
Merzenhausen,2024-03-14 22:00:00,42,test,0.333,0.3002218
Merzenhausen,2024-03-14 23:00:00,42,test,0.33,0.300049
Merzenhausen,2024-03-15 00:00:00,42,test,0.331,0.29941058
Merzenhausen,2024-03-15 01:00:00,42,test,0.327,0.29899806
Merzenhausen,2024-03-15 02:00:00,42,test,0.33,0.2989345
Merzenhausen,2024-03-15 03:00:00,42,test,0.33,0.29860282
Merzenhausen,2024-03-15 04:00:00,42,test,0.331,0.2983169
Merzenhausen,2024-03-15 05:00:00,42,test,0.327,0.29818398
Merzenhausen,2024-03-15 06:00:00,42,test,0.328,0.2980453
Merzenhausen,2024-03-15 07:00:00,42,test,0.33,0.29807684
Merzenhausen,2024-03-15 08:00:00,42,test,0.326,0.2978247
Merzenhausen,2024-03-15 09:00:00,42,test,0.327,0.29794943
Merzenhausen,2024-03-15 10:00:00,42,test,0.327,0.29826623
Merzenhausen,2024-03-15 11:00:00,42,test,0.327,0.29881072
Merzenhausen,2024-03-15 12:00:00,42,test,0.327,0.29873335
Merzenhausen,2024-03-15 13:00:00,42,test,0.328,0.29860535
Merzenhausen,2024-03-15 14:00:00,42,test,0.328,0.30011103
Merzenhausen,2024-03-15 15:00:00,42,test,0.324,0.30019146
Merzenhausen,2024-03-15 16:00:00,42,test,0.324,0.31039453
Merzenhausen,2024-03-15 17:00:00,42,test,0.324,0.31615648
Merzenhausen,2024-03-15 18:00:00,42,test,0.324,0.31747937
Merzenhausen,2024-03-15 19:00:00,42,test,0.325,0.31575194
Merzenhausen,2024-03-15 20:00:00,42,test,0.321,0.3133332
Merzenhausen,2024-03-15 21:00:00,42,test,0.322,0.3110482
Merzenhausen,2024-03-15 22:00:00,42,test,0.32,0.30922195
Merzenhausen,2024-03-15 23:00:00,42,test,0.321,0.31036246
Merzenhausen,2024-03-16 00:00:00,42,test,0.321,0.30987495
Merzenhausen,2024-03-16 01:00:00,42,test,0.322,0.30891395
Merzenhausen,2024-03-16 02:00:00,42,test,0.324,0.30787602
Merzenhausen,2024-03-16 03:00:00,42,test,0.324,0.30671906
Merzenhausen,2024-03-16 04:00:00,42,test,0.318,0.30573484
Merzenhausen,2024-03-16 05:00:00,42,test,0.321,0.30607298
Merzenhausen,2024-03-16 06:00:00,42,test,0.321,0.309156
Merzenhausen,2024-03-16 07:00:00,42,test,0.321,0.31088653
Merzenhausen,2024-03-16 08:00:00,42,test,0.322,0.31133175
Merzenhausen,2024-03-16 09:00:00,42,test,0.319,0.31032467
Merzenhausen,2024-03-16 10:00:00,42,test,0.319,0.30924946
Merzenhausen,2024-03-16 11:00:00,42,test,0.319,0.3081667
Merzenhausen,2024-03-16 12:00:00,42,test,0.319,0.30728415
Merzenhausen,2024-03-16 13:00:00,42,test,0.319,0.30648023
Merzenhausen,2024-03-16 14:00:00,42,test,0.319,0.30565456
Merzenhausen,2024-03-16 15:00:00,42,test,0.318,0.30482215
Merzenhausen,2024-03-16 16:00:00,42,test,0.315,0.3052696
Merzenhausen,2024-03-16 17:00:00,42,test,0.315,0.30643988
Merzenhausen,2024-03-16 18:00:00,42,test,0.319,0.3061734
Merzenhausen,2024-03-16 19:00:00,42,test,0.319,0.30505684
Merzenhausen,2024-03-16 20:00:00,42,test,0.315,0.30388245
Merzenhausen,2024-03-16 21:00:00,42,test,0.316,0.3030153
Merzenhausen,2024-03-16 22:00:00,42,test,0.313,0.3024804
Merzenhausen,2024-03-16 23:00:00,42,test,0.316,0.30163187
Merzenhausen,2024-03-17 00:00:00,42,test,0.317,0.30074888
Merzenhausen,2024-03-17 01:00:00,42,test,0.313,0.29951313
Merzenhausen,2024-03-17 02:00:00,42,test,0.316,0.2985938
Merzenhausen,2024-03-17 03:00:00,42,test,0.316,0.2978511
Merzenhausen,2024-03-17 04:00:00,42,test,0.314,0.2975062
Merzenhausen,2024-03-17 05:00:00,42,test,0.313,0.29690263
Merzenhausen,2024-03-17 06:00:00,42,test,0.313,0.29640275
Merzenhausen,2024-03-17 07:00:00,42,test,0.314,0.29635018
Merzenhausen,2024-03-17 08:00:00,42,test,0.314,0.29615968
Merzenhausen,2024-03-17 09:00:00,42,test,0.311,0.296108
Merzenhausen,2024-03-17 10:00:00,42,test,0.313,0.29603451
Merzenhausen,2024-03-17 11:00:00,42,test,0.311,0.29608086
Merzenhausen,2024-03-17 12:00:00,42,test,0.311,0.2963525
Merzenhausen,2024-03-17 13:00:00,42,test,0.311,0.29684675
Merzenhausen,2024-03-17 14:00:00,42,test,0.31,0.29726318
Merzenhausen,2024-03-17 15:00:00,42,test,0.311,0.2970188
Merzenhausen,2024-03-17 16:00:00,42,test,0.311,0.2968749
Merzenhausen,2024-03-17 17:00:00,42,test,0.311,0.2968287
Merzenhausen,2024-03-17 18:00:00,42,test,0.311,0.29687813
Merzenhausen,2024-03-17 19:00:00,42,test,0.31,0.29703966
Merzenhausen,2024-03-17 20:00:00,42,test,0.311,0.2967074
Merzenhausen,2024-03-17 21:00:00,42,test,0.308,0.29677212
Merzenhausen,2024-03-17 22:00:00,42,test,0.31,0.2962399
Merzenhausen,2024-03-17 23:00:00,42,test,0.311,0.2967993
Merzenhausen,2024-03-18 00:00:00,42,test,0.308,0.29715952
Merzenhausen,2024-03-18 01:00:00,42,test,0.309,0.2978115
Merzenhausen,2024-03-18 02:00:00,42,test,0.309,0.297593
Merzenhausen,2024-03-18 03:00:00,42,test,0.305,0.29704866
Merzenhausen,2024-03-18 04:00:00,42,test,0.306,0.29561093
Merzenhausen,2024-03-18 05:00:00,42,test,0.309,0.29438233
Merzenhausen,2024-03-18 06:00:00,42,test,0.309,0.29351634
Merzenhausen,2024-03-18 07:00:00,42,test,0.306,0.29302794
Merzenhausen,2024-03-18 08:00:00,42,test,0.306,0.29300493
Merzenhausen,2024-03-18 09:00:00,42,test,0.306,0.29288614
Merzenhausen,2024-03-18 10:00:00,42,test,0.306,0.2927934
Merzenhausen,2024-03-18 11:00:00,42,test,0.305,0.29290146
Merzenhausen,2024-03-18 12:00:00,42,test,0.305,0.29293296
Merzenhausen,2024-03-18 13:00:00,42,test,0.305,0.29308707
Merzenhausen,2024-03-18 14:00:00,42,test,0.305,0.29327953
Merzenhausen,2024-03-18 15:00:00,42,test,0.302,0.293242
Merzenhausen,2024-03-18 16:00:00,42,test,0.304,0.29282668
Merzenhausen,2024-03-18 17:00:00,42,test,0.305,0.29214394
Merzenhausen,2024-03-18 18:00:00,42,test,0.305,0.29213393
Merzenhausen,2024-03-18 19:00:00,42,test,0.302,0.2921022
Merzenhausen,2024-03-18 20:00:00,42,test,0.302,0.29135746
Merzenhausen,2024-03-18 21:00:00,42,test,0.306,0.29042423
Merzenhausen,2024-03-18 22:00:00,42,test,0.302,0.2891379
Merzenhausen,2024-03-18 23:00:00,42,test,0.303,0.28826752
Merzenhausen,2024-03-19 00:00:00,42,test,0.303,0.28773707
Merzenhausen,2024-03-19 01:00:00,42,test,0.303,0.28683305
Merzenhausen,2024-03-19 02:00:00,42,test,0.304,0.2861421
Merzenhausen,2024-03-19 03:00:00,42,test,0.301,0.2857899
Merzenhausen,2024-03-19 04:00:00,42,test,0.301,0.28555295
Merzenhausen,2024-03-19 05:00:00,42,test,0.301,0.28528732
Merzenhausen,2024-03-19 06:00:00,42,test,0.301,0.28508198
Merzenhausen,2024-03-19 07:00:00,42,test,0.299,0.28517836
Merzenhausen,2024-03-19 08:00:00,42,test,0.301,0.28548843
Merzenhausen,2024-03-19 09:00:00,42,test,0.301,0.28531802
Merzenhausen,2024-03-19 10:00:00,42,test,0.301,0.28544167
Merzenhausen,2024-03-19 11:00:00,42,test,0.302,0.28529996
Merzenhausen,2024-03-19 12:00:00,42,test,0.302,0.28512558
Merzenhausen,2024-03-19 13:00:00,42,test,0.301,0.2849451
Merzenhausen,2024-03-19 14:00:00,42,test,0.301,0.28474855
Merzenhausen,2024-03-19 15:00:00,42,test,0.301,0.28474665
Merzenhausen,2024-03-19 16:00:00,42,test,0.301,0.2849803
Merzenhausen,2024-03-19 17:00:00,42,test,0.298,0.28539118
Merzenhausen,2024-03-19 18:00:00,42,test,0.299,0.28573534
Merzenhausen,2024-03-19 19:00:00,42,test,0.298,0.28566125
Merzenhausen,2024-03-19 20:00:00,42,test,0.299,0.28538224
Merzenhausen,2024-03-19 21:00:00,42,test,0.301,0.28442204
Merzenhausen,2024-03-19 22:00:00,42,test,0.298,0.28336346
Merzenhausen,2024-03-19 23:00:00,42,test,0.298,0.28252387
Merzenhausen,2024-03-20 00:00:00,42,test,0.299,0.28140172
Merzenhausen,2024-03-20 01:00:00,42,test,0.299,0.28029394
Merzenhausen,2024-03-20 02:00:00,42,test,0.299,0.27933627
Merzenhausen,2024-03-20 03:00:00,42,test,0.299,0.27800018
Merzenhausen,2024-03-20 04:00:00,42,test,0.296,0.2769064
Merzenhausen,2024-03-20 05:00:00,42,test,0.296,0.27670085
Merzenhausen,2024-03-20 06:00:00,42,test,0.297,0.27695054
Merzenhausen,2024-03-20 07:00:00,42,test,0.299,0.27710754
Merzenhausen,2024-03-20 08:00:00,42,test,0.3,0.2773311
Merzenhausen,2024-03-20 09:00:00,42,test,0.3,0.27764887
Merzenhausen,2024-03-20 10:00:00,42,test,0.296,0.27786103
Merzenhausen,2024-03-20 11:00:00,42,test,0.296,0.27777642
Merzenhausen,2024-03-20 12:00:00,42,test,0.296,0.27792096
Merzenhausen,2024-03-20 13:00:00,42,test,0.296,0.27811062
Merzenhausen,2024-03-20 14:00:00,42,test,0.293,0.27843705
Merzenhausen,2024-03-20 15:00:00,42,test,0.293,0.27851045
Merzenhausen,2024-03-20 16:00:00,42,test,0.293,0.27892426
Merzenhausen,2024-03-20 17:00:00,42,test,0.294,0.27952015
Merzenhausen,2024-03-20 18:00:00,42,test,0.294,0.28001437
Merzenhausen,2024-03-20 19:00:00,42,test,0.294,0.27976868
Merzenhausen,2024-03-20 20:00:00,42,test,0.294,0.2789911
Merzenhausen,2024-03-20 21:00:00,42,test,0.293,0.27850568
Merzenhausen,2024-03-20 22:00:00,42,test,0.296,0.27741167
Merzenhausen,2024-03-20 23:00:00,42,test,0.301,0.27621797
Merzenhausen,2024-03-21 00:00:00,42,test,0.2995,0.27497354
Merzenhausen,2024-03-30 02:00:00,42,test,0.293,0.2829705
Merzenhausen,2024-03-30 03:00:00,42,test,0.294,0.2812571
Merzenhausen,2024-04-06 06:00:00,42,test,0.295,0.29044694
Merzenhausen,2024-04-06 07:00:00,42,test,0.296,0.2901156
Merzenhausen,2024-04-06 08:00:00,42,test,0.296,0.28963447
Merzenhausen,2024-04-06 09:00:00,42,test,0.295,0.2894824
Merzenhausen,2024-04-06 10:00:00,42,test,0.295,0.2891165
Merzenhausen,2024-04-06 11:00:00,42,test,0.295,0.28854942
Merzenhausen,2024-04-06 12:00:00,42,test,0.296,0.28763482
Merzenhausen,2024-04-06 13:00:00,42,test,0.295,0.28662574
Merzenhausen,2024-04-06 14:00:00,42,test,0.296,0.28620532
Merzenhausen,2024-04-06 15:00:00,42,test,0.292,0.28637514
Merzenhausen,2024-04-06 16:00:00,42,test,0.292,0.28618369
Merzenhausen,2024-04-06 17:00:00,42,test,0.292,0.2863696
Merzenhausen,2024-04-06 18:00:00,42,test,0.292,0.28619647
Merzenhausen,2024-04-06 19:00:00,42,test,0.291,0.28596658
Merzenhausen,2024-04-06 20:00:00,42,test,0.292,0.28497064
Merzenhausen,2024-04-06 21:00:00,42,test,0.293,0.28428346
Merzenhausen,2024-04-06 22:00:00,42,test,0.289,0.28302258
Merzenhausen,2024-04-06 23:00:00,42,test,0.289,0.28173006
Merzenhausen,2024-04-07 00:00:00,42,test,0.289,0.28110453
Merzenhausen,2024-04-07 01:00:00,42,test,0.289,0.28103578
Merzenhausen,2024-04-07 02:00:00,42,test,0.292,0.28141358
Merzenhausen,2024-04-07 03:00:00,42,test,0.29,0.28154406
Merzenhausen,2024-04-07 04:00:00,42,test,0.293,0.28165966
Merzenhausen,2024-04-07 05:00:00,42,test,0.289,0.28167593
Merzenhausen,2024-04-07 06:00:00,42,test,0.289,0.28162396
Merzenhausen,2024-04-07 07:00:00,42,test,0.29,0.28183973
Merzenhausen,2024-04-07 08:00:00,42,test,0.29,0.28153652
Merzenhausen,2024-04-07 09:00:00,42,test,0.293,0.2809193
Merzenhausen,2024-04-07 10:00:00,42,test,0.29,0.2807752
Merzenhausen,2024-04-07 11:00:00,42,test,0.291,0.28062576
Merzenhausen,2024-04-07 12:00:00,42,test,0.288,0.2804555
Merzenhausen,2024-04-07 13:00:00,42,test,0.288,0.2798701
Merzenhausen,2024-04-07 14:00:00,42,test,0.289,0.2792792
Merzenhausen,2024-04-07 15:00:00,42,test,0.287,0.2785648
Merzenhausen,2024-04-07 16:00:00,42,test,0.288,0.27799857
Merzenhausen,2024-04-07 17:00:00,42,test,0.285,0.2768272
Merzenhausen,2024-04-07 18:00:00,42,test,0.286,0.27568293
Merzenhausen,2024-04-07 19:00:00,42,test,0.284,0.2745052
Merzenhausen,2024-04-07 20:00:00,42,test,0.284,0.27384427
Merzenhausen,2024-04-07 21:00:00,42,test,0.284,0.2737463
Merzenhausen,2025-03-28 12:00:00,42,test,0.255,0.23476218
Merzenhausen,2025-03-28 13:00:00,42,test,0.257,0.23677582
Merzenhausen,2025-03-28 14:00:00,42,test,0.259,0.23875743
Merzenhausen,2025-03-28 15:00:00,42,test,0.261,0.24026567
Merzenhausen,2025-03-28 16:00:00,42,test,0.261,0.24123639
Merzenhausen,2025-03-28 17:00:00,42,test,0.258,0.24167724
Merzenhausen,2025-03-28 18:00:00,42,test,0.259,0.2417319
Merzenhausen,2025-03-28 19:00:00,42,test,0.259,0.24054584
Merzenhausen,2025-03-28 20:00:00,42,test,0.258,0.2388493
Merzenhausen,2025-03-28 21:00:00,42,test,0.256,0.23691426
Merzenhausen,2025-03-28 22:00:00,42,test,0.255,0.23557484
Merzenhausen,2025-03-28 23:00:00,42,test,0.256,0.23449811
Merzenhausen,2025-03-29 00:00:00,42,test,0.255,0.23357123
Merzenhausen,2025-03-29 01:00:00,42,test,0.256,0.23291065
Merzenhausen,2025-03-29 02:00:00,42,test,0.254,0.23206681
Merzenhausen,2025-03-29 03:00:00,42,test,0.252,0.23130302
Merzenhausen,2025-03-29 04:00:00,42,test,0.254,0.23074925
Merzenhausen,2025-03-29 05:00:00,42,test,0.254,0.23011331
Merzenhausen,2025-03-29 06:00:00,42,test,0.254,0.22975722
Merzenhausen,2025-03-29 07:00:00,42,test,0.255,0.22971025
Merzenhausen,2025-03-29 08:00:00,42,test,0.254,0.23007506
Merzenhausen,2025-03-29 09:00:00,42,test,0.254,0.2308463
Merzenhausen,2025-03-29 10:00:00,42,test,0.254,0.23169485
Merzenhausen,2025-03-29 11:00:00,42,test,0.253,0.23289219
Merzenhausen,2025-03-29 12:00:00,42,test,0.257,0.23430704
Merzenhausen,2025-03-29 13:00:00,42,test,0.256,0.23597026
Merzenhausen,2025-04-15 05:00:00,42,test,0.255,0.20757227
Merzenhausen,2025-04-15 06:00:00,42,test,0.257,0.20781492
Merzenhausen,2025-04-15 07:00:00,42,test,0.258,0.20814689
Merzenhausen,2025-04-15 08:00:00,42,test,0.262,0.20894194
Merzenhausen,2025-04-15 09:00:00,42,test,0.264,0.20956501
Merzenhausen,2025-04-15 10:00:00,42,test,0.266,0.2099764
Merzenhausen,2025-04-15 11:00:00,42,test,0.268,0.21054849
Merzenhausen,2025-04-15 12:00:00,42,test,0.268,0.21159442
Merzenhausen,2025-04-15 13:00:00,42,test,0.27,0.21449308
Merzenhausen,2025-04-15 14:00:00,42,test,0.271,0.21669479
Merzenhausen,2025-04-15 15:00:00,42,test,0.27,0.21764655
Merzenhausen,2025-04-15 16:00:00,42,test,0.273,0.21939532
Merzenhausen,2025-04-15 17:00:00,42,test,0.272,0.22098716
Merzenhausen,2025-04-15 18:00:00,42,test,0.272,0.2201266
Merzenhausen,2025-04-15 19:00:00,42,test,0.273,0.2174797
Merzenhausen,2025-04-15 20:00:00,42,test,0.271,0.21513037
Merzenhausen,2025-04-15 21:00:00,42,test,0.274,0.21314937
Merzenhausen,2025-04-15 22:00:00,42,test,0.273,0.21130008
Merzenhausen,2025-04-15 23:00:00,42,test,0.275,0.20973536
Merzenhausen,2025-04-16 00:00:00,42,test,0.277,0.20973943
Merzenhausen,2025-04-16 01:00:00,42,test,0.282,0.21002877
Merzenhausen,2025-04-16 02:00:00,42,test,0.319,0.2099528
Merzenhausen,2025-04-16 03:00:00,42,test,0.343,0.2093263
Merzenhausen,2025-04-16 04:00:00,42,test,0.341,0.2084757
Merzenhausen,2025-04-16 05:00:00,42,test,0.342,0.21064247
Merzenhausen,2025-04-16 06:00:00,42,test,0.342,0.21636494
Merzenhausen,2025-04-16 07:00:00,42,test,0.34,0.22327714
Merzenhausen,2025-04-16 08:00:00,42,test,0.337,0.22591981
Merzenhausen,2025-04-16 09:00:00,42,test,0.337,0.23071851
Merzenhausen,2025-04-16 10:00:00,42,test,0.335,0.23246482
Merzenhausen,2025-04-16 11:00:00,42,test,0.333,0.23882784
Merzenhausen,2025-04-16 12:00:00,42,test,0.332,0.23787734
Merzenhausen,2025-04-16 13:00:00,42,test,0.329,0.23458332
Merzenhausen,2025-04-16 14:00:00,42,test,0.325,0.22996505
Merzenhausen,2025-04-16 15:00:00,42,test,0.324,0.22647877
Merzenhausen,2025-04-16 16:00:00,42,test,0.323,0.22421758
Merzenhausen,2025-04-16 17:00:00,42,test,0.317,0.22273548
Merzenhausen,2025-04-16 18:00:00,42,test,0.319,0.21970515
Merzenhausen,2025-04-16 19:00:00,42,test,0.316,0.21694861
Merzenhausen,2025-04-16 20:00:00,42,test,0.316,0.21765031
Merzenhausen,2025-04-16 21:00:00,42,test,0.314,0.21775125
Merzenhausen,2025-04-16 22:00:00,42,test,0.313,0.22093543
Merzenhausen,2025-04-16 23:00:00,42,test,0.31,0.22325855
Merzenhausen,2025-04-17 00:00:00,42,test,0.313,0.22462028
Merzenhausen,2025-04-17 01:00:00,42,test,0.314,0.22558658
Merzenhausen,2025-04-17 02:00:00,42,test,0.313,0.22683178
Merzenhausen,2025-04-17 03:00:00,42,test,0.311,0.22762698
Merzenhausen,2025-04-17 04:00:00,42,test,0.311,0.22911108
Merzenhausen,2025-04-17 05:00:00,42,test,0.311,0.23070629
Merzenhausen,2025-04-17 06:00:00,42,test,0.308,0.2315433
Merzenhausen,2025-04-17 07:00:00,42,test,0.308,0.23232998
Merzenhausen,2025-04-17 08:00:00,42,test,0.31,0.23441409
Merzenhausen,2025-04-17 09:00:00,42,test,0.31,0.23739237
Merzenhausen,2025-04-17 10:00:00,42,test,0.31,0.24203499
Merzenhausen,2025-04-17 11:00:00,42,test,0.309,0.24749294
Merzenhausen,2025-04-17 12:00:00,42,test,0.308,0.25033772
Merzenhausen,2025-04-17 13:00:00,42,test,0.309,0.2525222
Merzenhausen,2025-04-17 14:00:00,42,test,0.306,0.25440374
Merzenhausen,2025-04-17 15:00:00,42,test,0.306,0.25501007
Merzenhausen,2025-04-17 16:00:00,42,test,0.304,0.2554583
Merzenhausen,2025-04-17 17:00:00,42,test,0.302,0.25555524
Merzenhausen,2025-04-17 18:00:00,42,test,0.299,0.25753942
Merzenhausen,2025-04-17 19:00:00,42,test,0.297,0.25933397
Merzenhausen,2025-04-17 20:00:00,42,test,0.295,0.25923514
Merzenhausen,2025-04-17 21:00:00,42,test,0.295,0.25910226
Merzenhausen,2025-04-17 22:00:00,42,test,0.293,0.25910127
Merzenhausen,2025-04-17 23:00:00,42,test,0.291,0.26153535
Merzenhausen,2025-04-18 00:00:00,42,test,0.291,0.26171765
Merzenhausen,2025-04-18 01:00:00,42,test,0.289,0.266208
Merzenhausen,2025-04-18 02:00:00,42,test,0.289,0.273509
Merzenhausen,2025-04-18 03:00:00,42,test,0.289,0.28471786
Merzenhausen,2025-04-18 04:00:00,42,test,0.289,0.29236224
Merzenhausen,2025-04-18 05:00:00,42,test,0.289,0.2976574
Merzenhausen,2025-04-18 06:00:00,42,test,0.286,0.30123568
Merzenhausen,2025-04-18 07:00:00,42,test,0.289,0.3027468
Merzenhausen,2025-04-18 08:00:00,42,test,0.289,0.3029133
Merzenhausen,2025-04-18 09:00:00,42,test,0.29,0.30249622
Merzenhausen,2025-04-18 10:00:00,42,test,0.289,0.3016735
Merzenhausen,2025-04-18 11:00:00,42,test,0.291,0.3006568
Merzenhausen,2025-04-18 12:00:00,42,test,0.294,0.29933333
Merzenhausen,2025-04-18 13:00:00,42,test,0.29,0.29767317
Merzenhausen,2025-04-18 14:00:00,42,test,0.291,0.29556587
Merzenhausen,2025-04-18 15:00:00,42,test,0.29,0.293567
Merzenhausen,2025-04-18 16:00:00,42,test,0.289,0.29183102
Merzenhausen,2025-04-18 17:00:00,42,test,0.286,0.28976318
Merzenhausen,2025-04-18 18:00:00,42,test,0.288,0.28826815
Merzenhausen,2025-04-18 19:00:00,42,test,0.29,0.28686243
Merzenhausen,2025-04-18 20:00:00,42,test,0.29,0.2858049
Merzenhausen,2025-04-18 21:00:00,42,test,0.293,0.28492287
Merzenhausen,2025-04-18 22:00:00,42,test,0.293,0.28414017
Merzenhausen,2025-04-18 23:00:00,42,test,0.293,0.28309909
Merzenhausen,2025-04-19 00:00:00,42,test,0.293,0.28255954
Merzenhausen,2025-04-19 01:00:00,42,test,0.289,0.28243324
Merzenhausen,2025-04-19 02:00:00,42,test,0.296,0.2825069
Merzenhausen,2025-04-19 03:00:00,42,test,0.296,0.28236955
Merzenhausen,2025-04-19 04:00:00,42,test,0.296,0.28215545
Merzenhausen,2025-04-19 05:00:00,42,test,0.296,0.28193897
Merzenhausen,2025-04-19 06:00:00,42,test,0.296,0.28140965
Merzenhausen,2025-04-19 07:00:00,42,test,0.296,0.2808464
Merzenhausen,2025-04-19 08:00:00,42,test,0.3,0.28066915
Merzenhausen,2025-04-19 09:00:00,42,test,0.3,0.28069118
Merzenhausen,2025-04-19 10:00:00,42,test,0.298,0.2808227
Merzenhausen,2025-04-19 11:00:00,42,test,0.297,0.28063422
Merzenhausen,2025-04-19 12:00:00,42,test,0.297,0.28022623
Merzenhausen,2025-04-19 13:00:00,42,test,0.299,0.27984983
Merzenhausen,2025-04-19 14:00:00,42,test,0.297,0.2790999
Merzenhausen,2025-04-19 15:00:00,42,test,0.298,0.2782119
Merzenhausen,2025-04-19 16:00:00,42,test,0.298,0.27709174
Merzenhausen,2025-04-19 17:00:00,42,test,0.292,0.27577436
Merzenhausen,2025-04-19 18:00:00,42,test,0.297,0.27415398
Merzenhausen,2025-04-19 19:00:00,42,test,0.304,0.27221614
Merzenhausen,2025-04-19 20:00:00,42,test,0.299,0.27003506
Merzenhausen,2025-04-19 21:00:00,42,test,0.295,0.2681337
Merzenhausen,2025-04-19 22:00:00,42,test,0.295,0.26634535
Merzenhausen,2025-04-19 23:00:00,42,test,0.296,0.26490813
Merzenhausen,2025-04-20 00:00:00,42,test,0.296,0.26377457
Merzenhausen,2025-04-20 01:00:00,42,test,0.293,0.26234332
Merzenhausen,2025-04-20 02:00:00,42,test,0.295,0.2615388
Merzenhausen,2025-04-20 03:00:00,42,test,0.295,0.2610936
Merzenhausen,2025-04-20 04:00:00,42,test,0.295,0.26068747
Merzenhausen,2025-04-20 05:00:00,42,test,0.295,0.26067957
Merzenhausen,2025-04-20 06:00:00,42,test,0.295,0.26083815
Merzenhausen,2025-04-20 07:00:00,42,test,0.295,0.2615047
Merzenhausen,2025-04-20 08:00:00,42,test,0.297,0.26238048
Merzenhausen,2025-04-20 09:00:00,42,test,0.295,0.26332006
Merzenhausen,2025-04-20 10:00:00,42,test,0.294,0.26377934
Merzenhausen,2025-04-20 11:00:00,42,test,0.296,0.26405993
Merzenhausen,2025-04-20 12:00:00,42,test,0.299,0.26448366
Merzenhausen,2025-04-20 13:00:00,42,test,0.296,0.2647027
Merzenhausen,2025-04-20 14:00:00,42,test,0.295,0.26509613
Merzenhausen,2025-04-20 15:00:00,42,test,0.298,0.2689923
Merzenhausen,2025-04-20 16:00:00,42,test,0.2995,0.2698463
Merzenhausen,2025-04-20 17:00:00,42,test,0.293,0.27854258
Merzenhausen,2025-04-20 18:00:00,42,test,0.294,0.28413653
Merzenhausen,2025-04-20 19:00:00,42,test,0.291,0.2833563
Merzenhausen,2025-04-20 20:00:00,42,test,0.288,0.27934945
Merzenhausen,2025-04-20 21:00:00,42,test,0.289,0.2746705
Merzenhausen,2025-04-20 22:00:00,42,test,0.287,0.2703449
Merzenhausen,2025-04-20 23:00:00,42,test,0.288,0.26681703
Merzenhausen,2025-04-21 00:00:00,42,test,0.286,0.26431584
Merzenhausen,2025-04-21 01:00:00,42,test,0.285,0.262177
Merzenhausen,2025-04-21 02:00:00,42,test,0.282,0.2619506
Merzenhausen,2025-04-21 03:00:00,42,test,0.285,0.2627599
Merzenhausen,2025-04-21 04:00:00,42,test,0.282,0.26392782
Merzenhausen,2025-04-21 05:00:00,42,test,0.282,0.2657185
Merzenhausen,2025-04-21 06:00:00,42,test,0.282,0.26733315
Merzenhausen,2025-04-21 07:00:00,42,test,0.286,0.26874152
Merzenhausen,2025-04-21 08:00:00,42,test,0.285,0.27030373
Merzenhausen,2025-04-21 09:00:00,42,test,0.284,0.27177715
Merzenhausen,2025-04-21 10:00:00,42,test,0.287,0.27277774
Merzenhausen,2025-04-21 11:00:00,42,test,0.289,0.27321553
Merzenhausen,2025-04-21 12:00:00,42,test,0.289,0.27348822
Merzenhausen,2025-04-21 13:00:00,42,test,0.286,0.27401686
Merzenhausen,2025-04-21 14:00:00,42,test,0.291,0.27425602
Merzenhausen,2025-04-21 15:00:00,42,test,0.292,0.27496564
Merzenhausen,2025-04-21 16:00:00,42,test,0.296,0.27519065
Merzenhausen,2025-04-21 17:00:00,42,test,0.301,0.27414736
Merzenhausen,2025-04-21 18:00:00,42,test,0.304,0.27344674
Merzenhausen,2025-04-21 19:00:00,42,test,0.304,0.2739083
Merzenhausen,2025-04-21 20:00:00,42,test,0.305,0.27379382
Merzenhausen,2025-04-21 21:00:00,42,test,0.306,0.27285522
Merzenhausen,2025-04-21 22:00:00,42,test,0.304,0.27186373
Merzenhausen,2025-04-21 23:00:00,42,test,0.306,0.27113473
Merzenhausen,2025-04-22 00:00:00,42,test,0.306,0.2708195
Merzenhausen,2025-04-22 01:00:00,42,test,0.306,0.27036753
Merzenhausen,2025-04-22 02:00:00,42,test,0.307,0.27020216
Merzenhausen,2025-04-22 03:00:00,42,test,0.306,0.27016342
Merzenhausen,2025-04-22 04:00:00,42,test,0.306,0.27010953
Merzenhausen,2025-04-22 05:00:00,42,test,0.309,0.27003363
Merzenhausen,2025-04-22 06:00:00,42,test,0.311,0.2699961
Merzenhausen,2025-04-22 07:00:00,42,test,0.31,0.27004337
Merzenhausen,2025-04-22 08:00:00,42,test,0.313,0.2704214
Merzenhausen,2025-04-22 09:00:00,42,test,0.313,0.2705961
Merzenhausen,2025-04-22 10:00:00,42,test,0.315,0.27037358
Merzenhausen,2025-04-22 11:00:00,42,test,0.316,0.2704356
Merzenhausen,2025-04-22 12:00:00,42,test,0.318,0.2708317
Merzenhausen,2025-04-22 13:00:00,42,test,0.341,0.2708815
Merzenhausen,2025-04-22 14:00:00,42,test,0.348,0.27049196
Merzenhausen,2025-04-22 15:00:00,42,test,0.354,0.27044356
Merzenhausen,2025-04-22 16:00:00,42,test,0.348,0.270628
Merzenhausen,2025-04-22 17:00:00,42,test,0.356,0.27002034
Merzenhausen,2025-04-22 18:00:00,42,test,0.356,0.2692402
Merzenhausen,2025-04-22 19:00:00,42,test,0.353,0.2680094
Merzenhausen,2025-04-22 20:00:00,42,test,0.353,0.2662131
Merzenhausen,2025-04-22 21:00:00,42,test,0.35,0.2644427
Merzenhausen,2025-04-22 22:00:00,42,test,0.356,0.26254633
Merzenhausen,2025-04-22 23:00:00,42,test,0.353,0.2612062
Merzenhausen,2025-04-23 00:00:00,42,test,0.353,0.26032376
Merzenhausen,2025-04-23 01:00:00,42,test,0.348,0.25972432
Merzenhausen,2025-04-23 02:00:00,42,test,0.348,0.2590248
Merzenhausen,2025-04-23 03:00:00,42,test,0.347,0.25946197
Merzenhausen,2025-04-23 04:00:00,42,test,0.342,0.26312655
Merzenhausen,2025-04-23 05:00:00,42,test,0.344,0.26469427
Merzenhausen,2025-04-23 06:00:00,42,test,0.344,0.26422286
Merzenhausen,2025-04-23 07:00:00,42,test,0.341,0.26361018
Merzenhausen,2025-04-23 08:00:00,42,test,0.339,0.26301798
Merzenhausen,2025-04-23 09:00:00,42,test,0.339,0.26233143
Merzenhausen,2025-04-23 10:00:00,42,test,0.337,0.26238096
Merzenhausen,2025-04-23 11:00:00,42,test,0.338,0.2723204
Merzenhausen,2025-04-23 12:00:00,42,test,0.335,0.2761864
Merzenhausen,2025-04-23 13:00:00,42,test,0.335,0.2802874
Merzenhausen,2025-04-23 14:00:00,42,test,0.335,0.2797311
Merzenhausen,2025-04-23 15:00:00,42,test,0.335,0.28313142
Merzenhausen,2025-04-23 16:00:00,42,test,0.332,0.282665
Merzenhausen,2025-04-23 17:00:00,42,test,0.332,0.28099293
Merzenhausen,2025-04-23 18:00:00,42,test,0.332,0.27954623
Merzenhausen,2025-04-23 19:00:00,42,test,0.33,0.27842358
Merzenhausen,2025-04-23 20:00:00,42,test,0.327,0.27785096
Merzenhausen,2025-04-23 21:00:00,42,test,0.327,0.27786675
Merzenhausen,2025-04-23 22:00:00,42,test,0.328,0.27790403
Merzenhausen,2025-04-23 23:00:00,42,test,0.327,0.2783369
Merzenhausen,2025-04-24 00:00:00,42,test,0.325,0.28104255
Merzenhausen,2025-04-24 01:00:00,42,test,0.325,0.28282797
Merzenhausen,2025-04-24 02:00:00,42,test,0.324,0.28480852
Merzenhausen,2025-04-24 03:00:00,42,test,0.325,0.28706825
Merzenhausen,2025-04-24 04:00:00,42,test,0.324,0.28848535
Merzenhausen,2025-04-24 05:00:00,42,test,0.324,0.28961128
Merzenhausen,2025-04-24 06:00:00,42,test,0.324,0.2886486
Merzenhausen,2025-04-24 07:00:00,42,test,0.322,0.28777915
Merzenhausen,2025-04-24 08:00:00,42,test,0.324,0.28752187
Merzenhausen,2025-04-24 09:00:00,42,test,0.324,0.28681308
Merzenhausen,2025-04-24 10:00:00,42,test,0.326,0.2864848
Merzenhausen,2025-04-24 11:00:00,42,test,0.326,0.2870781
Merzenhausen,2025-04-24 12:00:00,42,test,0.324,0.2915482
Merzenhausen,2025-04-24 13:00:00,42,test,0.321,0.30142707
Merzenhausen,2025-04-24 14:00:00,42,test,0.321,0.30829
Merzenhausen,2025-04-24 15:00:00,42,test,0.316,0.3139998
Merzenhausen,2025-04-24 16:00:00,42,test,0.317,0.31722903
Merzenhausen,2025-04-24 17:00:00,42,test,0.314,0.32234713
Merzenhausen,2025-04-24 18:00:00,42,test,0.313,0.32745504
Merzenhausen,2025-04-24 19:00:00,42,test,0.31,0.3310557
Merzenhausen,2025-04-24 20:00:00,42,test,0.31,0.3299868
Merzenhausen,2025-04-24 21:00:00,42,test,0.308,0.327837
Merzenhausen,2025-04-24 22:00:00,42,test,0.305,0.3271998
Merzenhausen,2025-04-24 23:00:00,42,test,0.305,0.32716942
Merzenhausen,2025-04-25 00:00:00,42,test,0.303,0.32738224
Merzenhausen,2025-04-25 01:00:00,42,test,0.304,0.327269
Merzenhausen,2025-04-25 02:00:00,42,test,0.301,0.32697007
Merzenhausen,2025-04-25 03:00:00,42,test,0.301,0.32651752
Merzenhausen,2025-04-25 04:00:00,42,test,0.301,0.32571167
Merzenhausen,2025-04-25 05:00:00,42,test,0.299,0.32492638
Merzenhausen,2025-04-25 06:00:00,42,test,0.301,0.324278
Merzenhausen,2025-04-25 07:00:00,42,test,0.299,0.32360876
Merzenhausen,2025-04-25 08:00:00,42,test,0.301,0.32292217
Merzenhausen,2025-04-25 09:00:00,42,test,0.3,0.3223829
Merzenhausen,2025-04-25 10:00:00,42,test,0.302,0.32183406
Merzenhausen,2025-04-25 11:00:00,42,test,0.305,0.3214899
Merzenhausen,2025-04-25 12:00:00,42,test,0.307,0.32106173
Merzenhausen,2025-04-25 13:00:00,42,test,0.306,0.32068694
Merzenhausen,2025-04-25 14:00:00,42,test,0.306,0.32030764
Merzenhausen,2025-04-25 15:00:00,42,test,0.306,0.3200097
Merzenhausen,2025-04-25 16:00:00,42,test,0.306,0.31957477
Merzenhausen,2025-04-25 17:00:00,42,test,0.303,0.31907833
Merzenhausen,2025-04-25 18:00:00,42,test,0.301,0.31882483
Merzenhausen,2025-04-25 19:00:00,42,test,0.298,0.3185688
Merzenhausen,2025-04-25 20:00:00,42,test,0.296,0.31798953
Merzenhausen,2025-04-25 21:00:00,42,test,0.294,0.31736588
Merzenhausen,2025-04-25 22:00:00,42,test,0.292,0.3168848
Merzenhausen,2025-04-25 23:00:00,42,test,0.292,0.31643876
Merzenhausen,2025-04-26 00:00:00,42,test,0.29,0.3158146
Merzenhausen,2025-05-20 14:00:00,42,test,0.223,0.21910259
Merzenhausen,2025-05-20 15:00:00,42,test,0.218,0.22045413
Merzenhausen,2025-05-20 16:00:00,42,test,0.221,0.22191608
Merzenhausen,2025-05-20 17:00:00,42,test,0.221,0.22280982
Merzenhausen,2025-05-20 18:00:00,42,test,0.223,0.22270396
Merzenhausen,2025-05-20 19:00:00,42,test,0.219,0.22238873
Merzenhausen,2025-05-20 20:00:00,42,test,0.218,0.2209407
Merzenhausen,2025-05-20 21:00:00,42,test,0.217,0.21959019
Merzenhausen,2025-05-20 22:00:00,42,test,0.212,0.2175981
Merzenhausen,2025-05-20 23:00:00,42,test,0.211,0.21513599
Merzenhausen,2025-05-21 00:00:00,42,test,0.213,0.21276353
Merzenhausen,2025-05-21 01:00:00,42,test,0.209,0.21073401
Merzenhausen,2025-05-21 02:00:00,42,test,0.21,0.2086926
Merzenhausen,2025-05-21 03:00:00,42,test,0.212,0.20703752
Merzenhausen,2025-05-21 04:00:00,42,test,0.206,0.20608139
Merzenhausen,2025-05-21 05:00:00,42,test,0.21,0.20547897
Merzenhausen,2025-05-21 06:00:00,42,test,0.21,0.20626621
Merzenhausen,2025-05-21 07:00:00,42,test,0.209,0.20760232
Merzenhausen,2025-05-21 08:00:00,42,test,0.211,0.20877379
Merzenhausen,2025-05-21 09:00:00,42,test,0.212,0.21006699
Merzenhausen,2025-05-21 10:00:00,42,test,0.212,0.21173508
Merzenhausen,2025-05-21 11:00:00,42,test,0.212,0.21306601
Merzenhausen,2025-05-21 12:00:00,42,test,0.215,0.21432455
Merzenhausen,2025-05-21 13:00:00,42,test,0.217,0.21603133
Merzenhausen,2025-05-21 14:00:00,42,test,0.216,0.21781597
Merzenhausen,2025-05-21 15:00:00,42,test,0.221,0.21951017
Merzenhausen,2025-05-21 16:00:00,42,test,0.217,0.220813
Merzenhausen,2025-05-21 17:00:00,42,test,0.22,0.22130035
Merzenhausen,2025-05-21 18:00:00,42,test,0.217,0.22074768
Merzenhausen,2025-05-21 19:00:00,42,test,0.216,0.21950068
Merzenhausen,2025-05-21 20:00:00,42,test,0.213,0.21764712
Merzenhausen,2025-05-21 21:00:00,42,test,0.212,0.2161369
Merzenhausen,2025-05-21 22:00:00,42,test,0.209,0.21449849
Merzenhausen,2025-05-21 23:00:00,42,test,0.211,0.21283285
Merzenhausen,2025-05-22 00:00:00,42,test,0.209,0.21116857
Merzenhausen,2025-05-22 01:00:00,42,test,0.208,0.20911305
Merzenhausen,2025-05-22 02:00:00,42,test,0.205,0.20725662
Merzenhausen,2025-05-22 03:00:00,42,test,0.207,0.2062239
Merzenhausen,2025-05-22 04:00:00,42,test,0.204,0.2053098
Merzenhausen,2025-05-22 05:00:00,42,test,0.206,0.20509139
Merzenhausen,2025-05-22 06:00:00,42,test,0.208,0.20560035
Merzenhausen,2025-05-22 07:00:00,42,test,0.206,0.20645756
Merzenhausen,2025-05-22 08:00:00,42,test,0.207,0.20730431
Merzenhausen,2025-05-22 09:00:00,42,test,0.207,0.20795178
Merzenhausen,2025-05-22 10:00:00,42,test,0.209,0.21030478
Merzenhausen,2025-05-22 11:00:00,42,test,0.208,0.21273187
Merzenhausen,2025-05-22 12:00:00,42,test,0.21,0.21505262
Merzenhausen,2025-05-22 13:00:00,42,test,0.211,0.21637097
Merzenhausen,2025-05-22 14:00:00,42,test,0.21,0.21767929
Merzenhausen,2025-05-22 15:00:00,42,test,0.209,0.21762165
Merzenhausen,2025-05-22 16:00:00,42,test,0.208,0.21773988
Merzenhausen,2025-05-22 17:00:00,42,test,0.207,0.21768212
Merzenhausen,2025-05-22 18:00:00,42,test,0.206,0.21792388
Merzenhausen,2025-05-22 19:00:00,42,test,0.209,0.21739769
Merzenhausen,2025-05-22 20:00:00,42,test,0.209,0.21635973
Merzenhausen,2025-05-22 21:00:00,42,test,0.211,0.21476786
Merzenhausen,2025-05-22 22:00:00,42,test,0.209,0.21168607
Merzenhausen,2025-05-22 23:00:00,42,test,0.209,0.20831954
Merzenhausen,2025-05-23 00:00:00,42,test,0.206,0.20566459
Merzenhausen,2025-05-23 01:00:00,42,test,0.21,0.203048
Merzenhausen,2025-05-23 02:00:00,42,test,0.208,0.20121981
Merzenhausen,2025-05-23 03:00:00,42,test,0.208,0.20027627
Merzenhausen,2025-05-23 04:00:00,42,test,0.207,0.19910656
Merzenhausen,2025-05-23 05:00:00,42,test,0.209,0.1992749
Merzenhausen,2025-05-23 06:00:00,42,test,0.208,0.2002933
Merzenhausen,2025-05-23 07:00:00,42,test,0.21,0.20165819
Merzenhausen,2025-05-23 08:00:00,42,test,0.211,0.20345768
Merzenhausen,2025-05-23 09:00:00,42,test,0.212,0.20536104
Merzenhausen,2025-05-23 10:00:00,42,test,0.211,0.20705913
Merzenhausen,2025-05-23 11:00:00,42,test,0.211,0.20829274
Merzenhausen,2025-05-23 12:00:00,42,test,0.212,0.21001442
Merzenhausen,2025-05-23 13:00:00,42,test,0.214,0.21210048
Merzenhausen,2025-05-23 14:00:00,42,test,0.214,0.21315935
Merzenhausen,2025-05-23 15:00:00,42,test,0.217,0.2146967
Merzenhausen,2025-05-23 16:00:00,42,test,0.241,0.21534477
Merzenhausen,2025-05-23 17:00:00,42,test,0.216,0.21597056
Merzenhausen,2025-05-23 18:00:00,42,test,0.2224999999999999,0.21592411
Merzenhausen,2025-05-23 19:00:00,42,test,0.21,0.21532683
Merzenhausen,2025-06-19 01:00:00,42,test,0.144,0.16977432
Merzenhausen,2025-06-19 02:00:00,42,test,0.143,0.1680588
Merzenhausen,2025-06-19 03:00:00,42,test,0.14,0.16674548
Merzenhausen,2025-06-19 04:00:00,42,test,0.142,0.16560823
Merzenhausen,2025-06-19 05:00:00,42,test,0.139,0.16531335
Merzenhausen,2025-06-19 06:00:00,42,test,0.139,0.16615793
Merzenhausen,2025-06-19 07:00:00,42,test,0.142,0.16730341
Merzenhausen,2025-06-19 08:00:00,42,test,0.143,0.16780001
Merzenhausen,2025-06-19 09:00:00,42,test,0.145,0.16775356
Merzenhausen,2025-06-19 10:00:00,42,test,0.146,0.16719398
Merzenhausen,2025-06-19 11:00:00,42,test,0.145,0.16691718
Merzenhausen,2025-06-19 12:00:00,42,test,0.149,0.16724035
Merzenhausen,2025-06-19 13:00:00,42,test,0.151,0.16814959
Merzenhausen,2025-06-19 14:00:00,42,test,0.153,0.1697698
Merzenhausen,2025-06-19 15:00:00,42,test,0.151,0.17122784
Merzenhausen,2025-06-19 16:00:00,42,test,0.153,0.17268966
Merzenhausen,2025-06-19 17:00:00,42,test,0.154,0.17308469
Merzenhausen,2025-06-19 18:00:00,42,test,0.151,0.17266886
Merzenhausen,2025-06-19 19:00:00,42,test,0.15,0.17187175
Merzenhausen,2025-06-19 20:00:00,42,test,0.145,0.17085335
Merzenhausen,2025-06-19 21:00:00,42,test,0.143,0.16944256
Merzenhausen,2025-06-19 22:00:00,42,test,0.142,0.16783616
Merzenhausen,2025-06-19 23:00:00,42,test,0.141,0.16634597
Merzenhausen,2025-06-20 00:00:00,42,test,0.141,0.16489743
Merzenhausen,2025-06-20 01:00:00,42,test,0.143,0.16296035
Merzenhausen,2025-06-20 02:00:00,42,test,0.138,0.16105168
Merzenhausen,2025-06-20 03:00:00,42,test,0.141,0.15902728
Merzenhausen,2025-06-20 04:00:00,42,test,0.138,0.15777779
Merzenhausen,2025-06-20 05:00:00,42,test,0.139,0.15773919
Merzenhausen,2025-06-20 06:00:00,42,test,0.139,0.15847659
Merzenhausen,2025-06-20 07:00:00,42,test,0.138,0.15916586
Merzenhausen,2025-06-20 08:00:00,42,test,0.139,0.1599935
Merzenhausen,2025-06-20 09:00:00,42,test,0.139,0.16069332
Merzenhausen,2025-06-20 10:00:00,42,test,0.142,0.16118884
Merzenhausen,2025-06-20 11:00:00,42,test,0.141,0.1618568
Merzenhausen,2025-06-20 12:00:00,42,test,0.144,0.16273484
Merzenhausen,2025-06-20 13:00:00,42,test,0.147,0.16462135
Merzenhausen,2025-06-20 14:00:00,42,test,0.15,0.16622546
Merzenhausen,2025-06-20 15:00:00,42,test,0.149,0.16711715
Merzenhausen,2025-06-20 16:00:00,42,test,0.146,0.16799197
Merzenhausen,2025-06-20 17:00:00,42,test,0.147,0.16859877
Merzenhausen,2025-06-20 18:00:00,42,test,0.144,0.1683819
Merzenhausen,2025-06-20 19:00:00,42,test,0.144,0.16722597
Merzenhausen,2025-06-20 20:00:00,42,test,0.144,0.16579708
Merzenhausen,2025-06-20 21:00:00,42,test,0.142,0.16390102
Merzenhausen,2025-06-20 22:00:00,42,test,0.138,0.16233845
Merzenhausen,2025-06-20 23:00:00,42,test,0.137,0.16080523
Merzenhausen,2025-06-21 00:00:00,42,test,0.136,0.15939024
Merzenhausen,2025-06-21 01:00:00,42,test,0.135,0.15813227
Merzenhausen,2025-06-21 02:00:00,42,test,0.136,0.15766451
Merzenhausen,2025-06-21 03:00:00,42,test,0.137,0.15613627
Merzenhausen,2025-06-21 04:00:00,42,test,0.134,0.1550003
Merzenhausen,2025-06-21 05:00:00,42,test,0.134,0.15430918
Merzenhausen,2025-06-21 06:00:00,42,test,0.136,0.1542032
Merzenhausen,2025-06-21 07:00:00,42,test,0.134,0.15487564
Merzenhausen,2025-06-21 08:00:00,42,test,0.134,0.15589823
Merzenhausen,2025-06-21 09:00:00,42,test,0.136,0.15698424
Merzenhausen,2025-06-21 10:00:00,42,test,0.135,0.15786484
Merzenhausen,2025-06-21 11:00:00,42,test,0.13,0.15808526
Merzenhausen,2025-06-21 12:00:00,42,test,0.14,0.15857053
Merzenhausen,2025-06-21 13:00:00,42,test,0.134,0.15952371
Merzenhausen,2025-06-21 14:00:00,42,test,0.137,0.16095923
Merzenhausen,2025-06-21 15:00:00,42,test,0.136,0.16223899
Merzenhausen,2025-06-21 16:00:00,42,test,0.14,0.16368802
Merzenhausen,2025-06-21 17:00:00,42,test,0.136,0.165389
Merzenhausen,2025-06-21 18:00:00,42,test,0.137,0.16647702
Merzenhausen,2025-06-21 19:00:00,42,test,0.136,0.16668952
Merzenhausen,2025-06-21 20:00:00,42,test,0.132,0.16541304
Merzenhausen,2025-06-21 21:00:00,42,test,0.13,0.16384688
Merzenhausen,2025-06-21 22:00:00,42,test,0.133,0.16233094
Merzenhausen,2025-06-21 23:00:00,42,test,0.132,0.16082215
Merzenhausen,2025-06-22 00:00:00,42,test,0.129,0.15966737
Merzenhausen,2025-06-22 01:00:00,42,test,0.131,0.1592826
Merzenhausen,2025-06-22 02:00:00,42,test,0.13,0.15828262
Merzenhausen,2025-06-22 03:00:00,42,test,0.129,0.15710448
Merzenhausen,2025-06-22 04:00:00,42,test,0.131,0.1558713
Merzenhausen,2025-06-22 05:00:00,42,test,0.129,0.15562737
Merzenhausen,2025-06-22 06:00:00,42,test,0.132,0.15636581
Merzenhausen,2025-06-22 07:00:00,42,test,0.127,0.15737875
Merzenhausen,2025-06-22 08:00:00,42,test,0.13,0.15810336
Merzenhausen,2025-06-22 09:00:00,42,test,0.129,0.15798406
Merzenhausen,2025-06-22 10:00:00,42,test,0.133,0.15757938
Merzenhausen,2025-06-22 11:00:00,42,test,0.132,0.1568431
Merzenhausen,2025-06-22 12:00:00,42,test,0.136,0.15650158
Merzenhausen,2025-06-22 13:00:00,42,test,0.136,0.15708858
Merzenhausen,2025-06-22 14:00:00,42,test,0.136,0.15867163
Merzenhausen,2025-06-22 15:00:00,42,test,0.137,0.16047925
Merzenhausen,2025-06-22 16:00:00,42,test,0.136,0.16171221
Merzenhausen,2025-06-22 17:00:00,42,test,0.136,0.16280244
Merzenhausen,2025-06-22 18:00:00,42,test,0.136,0.1632725
Merzenhausen,2025-06-22 19:00:00,42,test,0.133,0.16340014
Merzenhausen,2025-06-22 20:00:00,42,test,0.132,0.1632028
Merzenhausen,2025-06-22 21:00:00,42,test,0.132,0.1629122
Merzenhausen,2025-06-22 22:00:00,42,test,0.135,0.16216773
Merzenhausen,2025-06-22 23:00:00,42,test,0.135,0.16104107
Merzenhausen,2025-06-23 00:00:00,42,test,0.132,0.15958618
Merzenhausen,2025-06-23 01:00:00,42,test,0.132,0.15782169
Merzenhausen,2025-06-23 02:00:00,42,test,0.133,0.15695767
Merzenhausen,2025-06-23 03:00:00,42,test,0.128,0.15672505
Merzenhausen,2025-06-23 04:00:00,42,test,0.1425,0.15639445
Merzenhausen,2025-06-23 05:00:00,42,test,0.128,0.1560246
Merzenhausen,2025-06-23 06:00:00,42,test,0.128,0.15594602
Merzenhausen,2025-06-23 07:00:00,42,test,0.131,0.15573938
Merzenhausen,2025-06-23 08:00:00,42,test,0.133,0.15533754
Merzenhausen,2025-06-23 09:00:00,42,test,0.1395,0.15543962
Merzenhausen,2025-06-23 10:00:00,42,test,0.135,0.15831524
Merzenhausen,2025-06-23 11:00:00,42,test,0.137,0.16312283
Merzenhausen,2025-06-23 12:00:00,42,test,0.138,0.1639652
Merzenhausen,2025-06-23 13:00:00,42,test,0.14,0.1622558
Merzenhausen,2025-06-23 14:00:00,42,test,0.141,0.16031872
Merzenhausen,2025-06-23 15:00:00,42,test,0.14,0.15850149
Merzenhausen,2025-06-23 16:00:00,42,test,0.1355,0.1577017
Merzenhausen,2025-06-23 17:00:00,42,test,0.135,0.15705843
Merzenhausen,2025-06-23 18:00:00,42,test,0.137,0.15653037
Merzenhausen,2025-06-23 19:00:00,42,test,0.139,0.15609989
Merzenhausen,2025-06-23 20:00:00,42,test,0.139,0.15473112
Merzenhausen,2025-06-23 21:00:00,42,test,0.133,0.1523354
Merzenhausen,2025-06-23 22:00:00,42,test,0.136,0.15043122
Merzenhausen,2025-06-23 23:00:00,42,test,0.136,0.14910486
Merzenhausen,2025-06-24 00:00:00,42,test,0.133,0.14784126
Merzenhausen,2025-06-24 01:00:00,42,test,0.135,0.146857
Merzenhausen,2025-06-24 02:00:00,42,test,0.155,0.14567499
Merzenhausen,2025-06-24 03:00:00,42,test,0.129,0.14426005
Merzenhausen,2025-06-24 04:00:00,42,test,0.131,0.14324754
Merzenhausen,2025-06-24 05:00:00,42,test,0.132,0.1428026
Merzenhausen,2025-06-24 06:00:00,42,test,0.132,0.14320794
Merzenhausen,2025-06-24 07:00:00,42,test,0.131,0.14341003
Merzenhausen,2025-06-24 08:00:00,42,test,0.133,0.1439345
Merzenhausen,2025-06-24 09:00:00,42,test,0.133,0.14452383
Merzenhausen,2025-06-24 10:00:00,42,test,0.129,0.14556955
Merzenhausen,2025-06-24 11:00:00,42,test,0.131,0.14658734
Merzenhausen,2025-06-24 12:00:00,42,test,0.135,0.14812467
Merzenhausen,2025-06-24 13:00:00,42,test,0.134,0.14981738
Merzenhausen,2025-06-24 14:00:00,42,test,0.132,0.15165913
Merzenhausen,2025-06-24 15:00:00,42,test,0.135,0.15320083
Merzenhausen,2025-06-24 16:00:00,42,test,0.136,0.15425251
Merzenhausen,2025-06-24 17:00:00,42,test,0.136,0.15485154
Merzenhausen,2025-06-24 18:00:00,42,test,0.135,0.15520966
Merzenhausen,2025-06-24 19:00:00,42,test,0.132,0.15497297
Merzenhausen,2025-06-24 20:00:00,42,test,0.131,0.1545071
Merzenhausen,2025-06-24 21:00:00,42,test,0.129,0.15404996
Merzenhausen,2025-06-24 22:00:00,42,test,0.131,0.154445
Merzenhausen,2025-06-24 23:00:00,42,test,0.132,0.15513763
Merzenhausen,2025-06-25 00:00:00,42,test,0.127,0.15504889
Merzenhausen,2025-06-25 01:00:00,42,test,0.128,0.15474509
Merzenhausen,2025-06-25 02:00:00,42,test,0.128,0.15435436
Merzenhausen,2025-06-25 03:00:00,42,test,0.125,0.1530712
Merzenhausen,2025-06-25 04:00:00,42,test,0.131,0.15333834
Merzenhausen,2025-06-25 05:00:00,42,test,0.127,0.15268502
Merzenhausen,2025-06-25 06:00:00,42,test,0.128,0.15179725
Merzenhausen,2025-06-25 07:00:00,42,test,0.127,0.15130681
Merzenhausen,2025-06-25 08:00:00,42,test,0.127,0.15133038
Merzenhausen,2025-06-25 09:00:00,42,test,0.128,0.15244578
Merzenhausen,2025-06-25 10:00:00,42,test,0.129,0.15314741
Merzenhausen,2025-06-25 11:00:00,42,test,0.132,0.1537976
Merzenhausen,2025-06-25 12:00:00,42,test,0.13,0.15446252
Merzenhausen,2025-06-25 13:00:00,42,test,0.136,0.15552846
Merzenhausen,2025-06-25 14:00:00,42,test,0.134,0.1567194
Merzenhausen,2025-06-25 15:00:00,42,test,0.139,0.15766537
Merzenhausen,2025-06-25 16:00:00,42,test,0.14,0.15757369
Merzenhausen,2025-06-25 17:00:00,42,test,0.137,0.15700388
Merzenhausen,2025-06-25 18:00:00,42,test,0.136,0.15688482
Merzenhausen,2025-06-25 19:00:00,42,test,0.135,0.15728536
Merzenhausen,2025-06-25 20:00:00,42,test,0.146,0.15704112
Merzenhausen,2025-06-25 21:00:00,42,test,0.1405,0.15546316
Merzenhausen,2025-06-25 22:00:00,42,test,0.13,0.15447582
Merzenhausen,2025-06-25 23:00:00,42,test,0.132,0.15414256
Merzenhausen,2025-06-26 00:00:00,42,test,0.143,0.15414795
Merzenhausen,2025-06-26 01:00:00,42,test,0.132,0.15527578
Merzenhausen,2025-07-08 14:00:00,42,test,0.232,0.23520659
Merzenhausen,2025-07-08 15:00:00,42,test,0.231,0.23558404
Merzenhausen,2025-07-08 16:00:00,42,test,0.228,0.23943286
Merzenhausen,2025-07-08 17:00:00,42,test,0.224,0.24027146
Merzenhausen,2025-07-08 18:00:00,42,test,0.223,0.23974878
Merzenhausen,2025-07-08 19:00:00,42,test,0.225,0.23943199
Merzenhausen,2025-07-15 21:00:00,42,test,0.158,0.1768028
Merzenhausen,2025-07-15 22:00:00,42,test,0.154,0.17550996
Merzenhausen,2025-07-15 23:00:00,42,test,0.156,0.1735003
Merzenhausen,2025-07-16 00:00:00,42,test,0.153,0.17143764
Merzenhausen,2025-07-16 01:00:00,42,test,0.152,0.16995502
Merzenhausen,2025-07-16 02:00:00,42,test,0.153,0.16944878
Merzenhausen,2025-07-16 03:00:00,42,test,0.151,0.16918175
Merzenhausen,2025-07-16 04:00:00,42,test,0.152,0.16910502
Merzenhausen,2025-07-16 05:00:00,42,test,0.153,0.16966306
Merzenhausen,2025-07-16 06:00:00,42,test,0.152,0.17016506
Merzenhausen,2025-07-16 07:00:00,42,test,0.151,0.17064966
Merzenhausen,2025-07-16 08:00:00,42,test,0.156,0.17151666
Merzenhausen,2025-07-16 09:00:00,42,test,0.153,0.17257857
Merzenhausen,2025-07-16 10:00:00,42,test,0.155,0.17377947
Merzenhausen,2025-07-16 11:00:00,42,test,0.156,0.17465863
Merzenhausen,2025-07-16 12:00:00,42,test,0.154,0.17565478
Merzenhausen,2025-07-16 13:00:00,42,test,0.156,0.1769539
Merzenhausen,2025-07-16 14:00:00,42,test,0.155,0.17802319
Merzenhausen,2025-07-16 15:00:00,42,test,0.156,0.18383352
Merzenhausen,2025-07-16 16:00:00,42,test,0.156,0.18586293
Merzenhausen,2025-07-16 17:00:00,42,test,0.153,0.18487796
Merzenhausen,2025-07-16 18:00:00,42,test,0.156,0.18224308
Merzenhausen,2025-07-16 19:00:00,42,test,0.153,0.17931509
Merzenhausen,2025-07-16 20:00:00,42,test,0.153,0.17649
Merzenhausen,2025-07-16 21:00:00,42,test,0.15,0.17391838
Merzenhausen,2025-07-16 22:00:00,42,test,0.152,0.17110473
Merzenhausen,2025-07-16 23:00:00,42,test,0.147,0.1687954
Merzenhausen,2025-07-17 00:00:00,42,test,0.15,0.16671626
Merzenhausen,2025-07-17 01:00:00,42,test,0.149,0.16506267
Merzenhausen,2025-07-17 02:00:00,42,test,0.15,0.16344285
Merzenhausen,2025-07-17 03:00:00,42,test,0.149,0.16182174
Merzenhausen,2025-07-17 04:00:00,42,test,0.148,0.16112587
Merzenhausen,2025-07-17 05:00:00,42,test,0.146,0.16125575
Merzenhausen,2025-07-17 06:00:00,42,test,0.148,0.1621202
Merzenhausen,2025-07-17 07:00:00,42,test,0.149,0.1633403
Merzenhausen,2025-07-17 08:00:00,42,test,0.151,0.16452469
Merzenhausen,2025-07-17 09:00:00,42,test,0.15,0.16539972
Merzenhausen,2025-07-17 10:00:00,42,test,0.151,0.16622706
Merzenhausen,2025-07-17 11:00:00,42,test,0.149,0.16703555
Merzenhausen,2025-07-17 12:00:00,42,test,0.15,0.1678026
Merzenhausen,2025-07-17 13:00:00,42,test,0.152,0.16924518
Merzenhausen,2025-07-17 14:00:00,42,test,0.151,0.17022157
Merzenhausen,2025-07-17 15:00:00,42,test,0.151,0.17091152
Merzenhausen,2025-07-17 16:00:00,42,test,0.149,0.17174499
Merzenhausen,2025-07-17 17:00:00,42,test,0.15,0.17265716
Merzenhausen,2025-07-17 18:00:00,42,test,0.152,0.17295474
Merzenhausen,2025-07-17 19:00:00,42,test,0.149,0.17226782
Merzenhausen,2025-07-17 20:00:00,42,test,0.148,0.17039871
Merzenhausen,2025-07-17 21:00:00,42,test,0.149,0.16817349
Merzenhausen,2025-07-17 22:00:00,42,test,0.146,0.16559465
Merzenhausen,2025-07-17 23:00:00,42,test,0.147,0.16362865
Merzenhausen,2025-07-18 00:00:00,42,test,0.146,0.16165973
Merzenhausen,2025-07-18 01:00:00,42,test,0.146,0.15986563
Merzenhausen,2025-07-18 02:00:00,42,test,0.147,0.15821101
Merzenhausen,2025-07-18 03:00:00,42,test,0.145,0.15662955
Merzenhausen,2025-07-18 04:00:00,42,test,0.148,0.15580529
Merzenhausen,2025-07-18 05:00:00,42,test,0.144,0.15579057
Merzenhausen,2025-07-18 06:00:00,42,test,0.144,0.15673372
Merzenhausen,2025-07-18 07:00:00,42,test,0.148,0.15800413
Merzenhausen,2025-07-18 08:00:00,42,test,0.145,0.15987964
Merzenhausen,2025-07-18 09:00:00,42,test,0.146,0.161253
Merzenhausen,2025-07-18 10:00:00,42,test,0.145,0.16252194
Merzenhausen,2025-07-18 11:00:00,42,test,0.148,0.16393945
Merzenhausen,2025-07-18 12:00:00,42,test,0.149,0.16496791
Merzenhausen,2025-07-18 13:00:00,42,test,0.15,0.16605502
Merzenhausen,2025-07-18 14:00:00,42,test,0.149,0.16693074
Merzenhausen,2025-07-18 15:00:00,42,test,0.148,0.16773593
Merzenhausen,2025-07-18 16:00:00,42,test,0.158,0.16836548
Merzenhausen,2025-07-18 17:00:00,42,test,0.16,0.16830376
Merzenhausen,2025-07-18 18:00:00,42,test,0.16,0.1685437
Merzenhausen,2025-07-18 19:00:00,42,test,0.158,0.16823398
Merzenhausen,2025-07-18 20:00:00,42,test,0.159,0.16719754
Merzenhausen,2025-07-18 21:00:00,42,test,0.156,0.1653478
Merzenhausen,2025-07-18 22:00:00,42,test,0.158,0.16350436
Merzenhausen,2025-07-18 23:00:00,42,test,0.156,0.1611816
Merzenhausen,2025-07-19 00:00:00,42,test,0.157,0.1593644
Merzenhausen,2025-07-19 01:00:00,42,test,0.155,0.15838666
Merzenhausen,2025-07-19 02:00:00,42,test,0.152,0.15805322
Merzenhausen,2025-07-19 03:00:00,42,test,0.153,0.15779322
Merzenhausen,2025-07-19 04:00:00,42,test,0.153,0.1575031
Merzenhausen,2025-07-19 05:00:00,42,test,0.154,0.15742712
Merzenhausen,2025-07-19 06:00:00,42,test,0.154,0.15809928
Merzenhausen,2025-07-19 07:00:00,42,test,0.157,0.15929979
Merzenhausen,2025-07-19 08:00:00,42,test,0.153,0.16068998
Merzenhausen,2025-07-19 09:00:00,42,test,0.154,0.16179408
Merzenhausen,2025-07-19 10:00:00,42,test,0.155,0.16256668
Merzenhausen,2025-07-19 11:00:00,42,test,0.157,0.16291094
Merzenhausen,2025-07-19 12:00:00,42,test,0.155,0.16301978
Merzenhausen,2025-07-19 13:00:00,42,test,0.155,0.16343881
Merzenhausen,2025-07-19 14:00:00,42,test,0.155,0.16394472
Merzenhausen,2025-07-19 15:00:00,42,test,0.156,0.16454636
Merzenhausen,2025-07-19 16:00:00,42,test,0.154,0.16473435
Merzenhausen,2025-07-19 17:00:00,42,test,0.154,0.1649727
Merzenhausen,2025-07-19 18:00:00,42,test,0.151,0.16536587
Merzenhausen,2025-07-19 19:00:00,42,test,0.152,0.16515636
Merzenhausen,2025-07-19 20:00:00,42,test,0.153,0.16456772
Merzenhausen,2025-07-19 21:00:00,42,test,0.15,0.16412297
Merzenhausen,2025-07-19 22:00:00,42,test,0.15,0.16319847
Merzenhausen,2025-07-19 23:00:00,42,test,0.151,0.16236234
Merzenhausen,2025-07-20 00:00:00,42,test,0.15,0.16170767
Merzenhausen,2025-07-20 01:00:00,42,test,0.151,0.16118759
Merzenhausen,2025-07-20 02:00:00,42,test,0.15,0.16113766
Merzenhausen,2025-07-20 03:00:00,42,test,0.149,0.160849
Merzenhausen,2025-07-20 04:00:00,42,test,0.149,0.16068733
Merzenhausen,2025-07-20 05:00:00,42,test,0.15,0.16025965
Merzenhausen,2025-07-20 06:00:00,42,test,0.147,0.15990211
Merzenhausen,2025-07-20 07:00:00,42,test,0.149,0.16046862
Merzenhausen,2025-07-20 08:00:00,42,test,0.148,0.16092944
Merzenhausen,2025-07-20 09:00:00,42,test,0.149,0.16136819
Merzenhausen,2025-07-20 10:00:00,42,test,0.148,0.1614454
Merzenhausen,2025-07-20 11:00:00,42,test,0.151,0.16173059
Merzenhausen,2025-07-20 12:00:00,42,test,0.153,0.16231665
Merzenhausen,2025-07-20 13:00:00,42,test,0.152,0.16318527
Merzenhausen,2025-07-20 14:00:00,42,test,0.156,0.16397756
Merzenhausen,2025-07-20 15:00:00,42,test,0.152,0.17657994
Merzenhausen,2025-07-20 16:00:00,42,test,0.152,0.21041101
Merzenhausen,2025-07-20 17:00:00,42,test,0.152,0.21406819
Merzenhausen,2025-07-20 18:00:00,42,test,0.152,0.20608358
Merzenhausen,2025-07-20 19:00:00,42,test,0.151,0.19436069
Merzenhausen,2025-07-20 20:00:00,42,test,0.153,0.18345037
Merzenhausen,2025-07-20 21:00:00,42,test,0.151,0.17487751
Merzenhausen,2025-07-20 22:00:00,42,test,0.148,0.16931781
Merzenhausen,2025-07-20 23:00:00,42,test,0.15,0.16588089
Merzenhausen,2025-07-21 00:00:00,42,test,0.149,0.16465756
Merzenhausen,2025-07-21 01:00:00,42,test,0.147,0.16540551
Merzenhausen,2025-07-21 02:00:00,42,test,0.151,0.16543917
Merzenhausen,2025-07-21 03:00:00,42,test,0.15,0.16464862
Merzenhausen,2025-07-21 04:00:00,42,test,0.149,0.16397426
Merzenhausen,2025-07-21 05:00:00,42,test,0.148,0.16371582
Merzenhausen,2025-07-21 06:00:00,42,test,0.146,0.16394374
Merzenhausen,2025-07-21 07:00:00,42,test,0.147,0.16500911
Merzenhausen,2025-07-21 08:00:00,42,test,0.149,0.16580889
Merzenhausen,2025-07-21 09:00:00,42,test,0.147,0.16648035
Merzenhausen,2025-07-21 10:00:00,42,test,0.152,0.16721058
Merzenhausen,2025-07-21 11:00:00,42,test,0.151,0.16818018
Merzenhausen,2025-07-29 20:00:00,42,test,0.156,0.23136464
Merzenhausen,2025-07-29 21:00:00,42,test,0.156,0.22792995
Merzenhausen,2025-07-29 22:00:00,42,test,0.157,0.22513798
Merzenhausen,2025-07-29 23:00:00,42,test,0.155,0.22276334
Merzenhausen,2025-07-30 00:00:00,42,test,0.158,0.22085205
Merzenhausen,2025-07-30 01:00:00,42,test,0.158,0.21932657
Merzenhausen,2025-07-30 02:00:00,42,test,0.16,0.21855259
Merzenhausen,2025-07-30 03:00:00,42,test,0.156,0.21801038
Merzenhausen,2025-07-30 04:00:00,42,test,0.157,0.21767133
Merzenhausen,2025-07-30 05:00:00,42,test,0.154,0.217435
Merzenhausen,2025-07-30 06:00:00,42,test,0.157,0.2040849
Merzenhausen,2025-07-30 07:00:00,42,test,0.158,0.18560141
Merzenhausen,2025-07-30 08:00:00,42,test,0.158,0.16767293
Merzenhausen,2025-07-30 09:00:00,42,test,0.159,0.15401946
Merzenhausen,2025-07-30 10:00:00,42,test,0.162,0.14551744
Merzenhausen,2025-07-30 11:00:00,42,test,0.165,0.14152092
Merzenhausen,2025-07-30 12:00:00,42,test,0.165,0.14096926
Merzenhausen,2025-07-30 13:00:00,42,test,0.167,0.16067979
Merzenhausen,2025-07-30 14:00:00,42,test,0.165,0.18392587
Merzenhausen,2025-07-30 15:00:00,42,test,0.165,0.20258778
Merzenhausen,2025-07-30 16:00:00,42,test,0.164,0.2147288
Merzenhausen,2025-07-30 17:00:00,42,test,0.166,0.22084646
Merzenhausen,2025-07-30 18:00:00,42,test,0.163,0.22265935
Merzenhausen,2025-07-30 19:00:00,42,test,0.165,0.22134513
Merzenhausen,2025-07-30 20:00:00,42,test,0.165,0.21820696
Merzenhausen,2025-07-30 21:00:00,42,test,0.166,0.21468766
Merzenhausen,2025-07-30 22:00:00,42,test,0.164,0.2109605
Merzenhausen,2025-07-30 23:00:00,42,test,0.164,0.20781147
Merzenhausen,2025-07-31 00:00:00,42,test,0.166,0.20503774
Merzenhausen,2025-07-31 01:00:00,42,test,0.163,0.20339985
Merzenhausen,2025-07-31 02:00:00,42,test,0.161,0.20227809
Merzenhausen,2025-07-31 03:00:00,42,test,0.162,0.20163533
Merzenhausen,2025-07-31 04:00:00,42,test,0.159,0.20154013
Merzenhausen,2025-07-31 05:00:00,42,test,0.16,0.20184982
Merzenhausen,2025-07-31 06:00:00,42,test,0.16,0.2059844
Merzenhausen,2025-07-31 07:00:00,42,test,0.163,0.2101338
Merzenhausen,2025-07-31 08:00:00,42,test,0.164,0.21344012
Merzenhausen,2025-07-31 09:00:00,42,test,0.165,0.21547824
Merzenhausen,2025-07-31 10:00:00,42,test,0.166,0.21695444
Merzenhausen,2025-07-31 11:00:00,42,test,0.166,0.21728073
Merzenhausen,2025-07-31 12:00:00,42,test,0.169,0.21756028
Merzenhausen,2025-07-31 13:00:00,42,test,0.167,0.21671438
Merzenhausen,2025-07-31 14:00:00,42,test,0.17,0.21657267
Merzenhausen,2025-07-31 15:00:00,42,test,0.167,0.20225787
Merzenhausen,2025-07-31 16:00:00,42,test,0.172,0.18365882
Merzenhausen,2025-07-31 17:00:00,42,test,0.169,0.1722087
Merzenhausen,2025-07-31 18:00:00,42,test,0.17,0.18254972
Merzenhausen,2025-07-31 19:00:00,42,test,0.17,0.19864784
Merzenhausen,2025-07-31 20:00:00,42,test,0.171,0.21516651
Merzenhausen,2025-07-31 21:00:00,42,test,0.168,0.2119773
Merzenhausen,2025-07-31 22:00:00,42,test,0.167,0.19832858
Merzenhausen,2025-07-31 23:00:00,42,test,0.169,0.18290529
Merzenhausen,2025-08-01 00:00:00,42,test,0.165,0.1707793
Merzenhausen,2025-08-01 01:00:00,42,test,0.165,0.1629405
Merzenhausen,2025-08-01 02:00:00,42,test,0.165,0.15905258
Merzenhausen,2025-08-01 03:00:00,42,test,0.166,0.1574209
Merzenhausen,2025-08-01 04:00:00,42,test,0.168,0.15744913
Merzenhausen,2025-08-01 05:00:00,42,test,0.166,0.15807551
Merzenhausen,2025-08-01 06:00:00,42,test,0.166,0.15942867
Merzenhausen,2025-08-01 07:00:00,42,test,0.167,0.16127847
Merzenhausen,2025-08-01 08:00:00,42,test,0.17,0.16329122
Merzenhausen,2025-08-01 09:00:00,42,test,0.175,0.16530518
Merzenhausen,2025-08-01 10:00:00,42,test,0.174,0.16749518
Merzenhausen,2025-08-01 11:00:00,42,test,0.177,0.16991428
Merzenhausen,2025-08-01 12:00:00,42,test,0.175,0.17855021
Merzenhausen,2025-08-01 13:00:00,42,test,0.1845,0.18822175
Merzenhausen,2025-08-01 14:00:00,42,test,0.1845,0.19667776
Merzenhausen,2025-08-01 15:00:00,42,test,0.18,0.20200612
Merzenhausen,2025-08-01 16:00:00,42,test,0.178,0.20488879
Merzenhausen,2025-08-01 17:00:00,42,test,0.2,0.20602334
Merzenhausen,2025-08-01 18:00:00,42,test,0.175,0.20541191
Merzenhausen,2025-08-01 19:00:00,42,test,0.175,0.20422794
Merzenhausen,2025-08-01 20:00:00,42,test,0.178,0.20270342
Merzenhausen,2025-08-01 21:00:00,42,test,0.175,0.20126495
Merzenhausen,2025-08-01 22:00:00,42,test,0.177,0.19962484
Merzenhausen,2025-08-01 23:00:00,42,test,0.174,0.19831046
Merzenhausen,2025-08-02 00:00:00,42,test,0.1735,0.19752829
Merzenhausen,2025-08-02 01:00:00,42,test,0.178,0.19648494
Merzenhausen,2025-08-02 02:00:00,42,test,0.195,0.19520724
Merzenhausen,2025-08-02 03:00:00,42,test,0.176,0.19390653
Merzenhausen,2025-08-02 04:00:00,42,test,0.176,0.19232075
Merzenhausen,2025-08-02 05:00:00,42,test,0.174,0.19106682
Merzenhausen,2025-08-02 06:00:00,42,test,0.1714999999999999,0.19045001
Merzenhausen,2025-08-02 07:00:00,42,test,0.176,0.1908591
Merzenhausen,2025-08-02 08:00:00,42,test,0.175,0.19201422
Merzenhausen,2025-08-02 09:00:00,42,test,0.176,0.19364238
Merzenhausen,2025-08-02 10:00:00,42,test,0.177,0.19542816
Merzenhausen,2025-08-02 11:00:00,42,test,0.1775,0.21120219
Merzenhausen,2025-08-02 12:00:00,42,test,0.1795,0.22801906
Merzenhausen,2025-08-02 13:00:00,42,test,0.1795,0.24305305
Merzenhausen,2025-08-02 14:00:00,42,test,0.186,0.25143924
Merzenhausen,2025-08-02 15:00:00,42,test,0.173,0.25491288
Merzenhausen,2025-08-02 16:00:00,42,test,0.185,0.2559644
Merzenhausen,2025-08-02 17:00:00,42,test,0.183,0.2551713
Merzenhausen,2025-08-02 18:00:00,42,test,0.184,0.2536253
Merzenhausen,2025-08-02 19:00:00,42,test,0.184,0.2516897
Merzenhausen,2025-08-02 20:00:00,42,test,0.1905,0.24961
Merzenhausen,2025-08-02 21:00:00,42,test,0.182,0.24724628
Merzenhausen,2025-08-02 22:00:00,42,test,0.18,0.24503037
Merzenhausen,2025-08-02 23:00:00,42,test,0.163,0.23036292
Merzenhausen,2025-08-03 00:00:00,42,test,0.183,0.20999818
Merzenhausen,2025-08-03 01:00:00,42,test,0.181,0.1905456
Merzenhausen,2025-08-03 02:00:00,42,test,0.184,0.1755268
Merzenhausen,2025-08-03 03:00:00,42,test,0.181,0.1658062
Merzenhausen,2025-08-03 04:00:00,42,test,0.183,0.1610249
Merzenhausen,2025-08-03 05:00:00,42,test,0.182,0.15956387
Merzenhausen,2025-08-03 06:00:00,42,test,0.179,0.1603705
Merzenhausen,2025-08-03 07:00:00,42,test,0.179,0.16264854
Merzenhausen,2025-08-03 08:00:00,42,test,0.18,0.16593719
Merzenhausen,2025-08-03 09:00:00,42,test,0.184,0.16997129
Merzenhausen,2025-08-03 10:00:00,42,test,0.181,0.17362148
Merzenhausen,2025-08-03 11:00:00,42,test,0.185,0.17695239
Merzenhausen,2025-08-03 12:00:00,42,test,0.187,0.17935532
Merzenhausen,2025-08-03 13:00:00,42,test,0.185,0.1822439
Merzenhausen,2025-08-03 14:00:00,42,test,0.186,0.18490013
Merzenhausen,2025-08-03 15:00:00,42,test,0.185,0.18625256
Merzenhausen,2025-08-03 16:00:00,42,test,0.184,0.18652238
Merzenhausen,2025-08-03 17:00:00,42,test,0.185,0.18961386
Merzenhausen,2025-08-03 18:00:00,42,test,0.183,0.18977225
Merzenhausen,2025-08-03 19:00:00,42,test,0.184,0.18850133
Merzenhausen,2025-08-03 20:00:00,42,test,0.183,0.18730085
Merzenhausen,2025-08-03 21:00:00,42,test,0.181,0.18589583
Merzenhausen,2025-08-03 22:00:00,42,test,0.18,0.18463366
Merzenhausen,2025-08-03 23:00:00,42,test,0.18,0.18569921
Merzenhausen,2025-08-04 00:00:00,42,test,0.178,0.1848276
Merzenhausen,2025-08-04 01:00:00,42,test,0.178,0.18402518
Merzenhausen,2025-08-04 02:00:00,42,test,0.177,0.18965216
Merzenhausen,2025-08-04 03:00:00,42,test,0.179,0.19175923
Merzenhausen,2025-08-04 04:00:00,42,test,0.178,0.19058467
Merzenhausen,2025-08-04 05:00:00,42,test,0.179,0.18781368
Merzenhausen,2025-08-04 06:00:00,42,test,0.179,0.18443345
Merzenhausen,2025-08-04 07:00:00,42,test,0.178,0.18204284
Merzenhausen,2025-08-04 08:00:00,42,test,0.181,0.18063664
Merzenhausen,2025-08-04 09:00:00,42,test,0.183,0.1802624
Merzenhausen,2025-08-04 10:00:00,42,test,0.183,0.18064654
Merzenhausen,2025-08-04 11:00:00,42,test,0.186,0.18155026
Merzenhausen,2025-08-04 12:00:00,42,test,0.187,0.18273732
Merzenhausen,2025-08-04 13:00:00,42,test,0.186,0.18381399
Merzenhausen,2025-08-04 14:00:00,42,test,0.186,0.18571627
Merzenhausen,2025-08-04 15:00:00,42,test,0.179,0.18563242
Merzenhausen,2025-08-04 16:00:00,42,test,0.181,0.18644261
Merzenhausen,2025-08-04 17:00:00,42,test,0.178,0.1873032
Merzenhausen,2025-08-04 18:00:00,42,test,0.175,0.18833275
Merzenhausen,2025-08-04 19:00:00,42,test,0.173,0.18927935
Merzenhausen,2025-08-04 20:00:00,42,test,0.173,0.19111574
Merzenhausen,2025-08-04 21:00:00,42,test,0.168,0.19196819
Merzenhausen,2025-08-04 22:00:00,42,test,0.17,0.19223097
Merzenhausen,2025-08-04 23:00:00,42,test,0.167,0.19048151
Merzenhausen,2025-08-05 00:00:00,42,test,0.166,0.19500086
Merzenhausen,2025-08-05 01:00:00,42,test,0.166,0.19896062
Merzenhausen,2025-08-05 02:00:00,42,test,0.167,0.20413727
Merzenhausen,2025-08-05 03:00:00,42,test,0.168,0.21571258
Merzenhausen,2025-08-05 04:00:00,42,test,0.165,0.23385194
Merzenhausen,2025-08-05 05:00:00,42,test,0.166,0.24878308
Merzenhausen,2025-08-05 06:00:00,42,test,0.165,0.25783175
Merzenhausen,2025-08-05 07:00:00,42,test,0.167,0.2623073
Merzenhausen,2025-08-05 08:00:00,42,test,0.167,0.263743
Merzenhausen,2025-08-05 09:00:00,42,test,0.17,0.26359344
Merzenhausen,2025-08-05 10:00:00,42,test,0.171,0.2621661
Merzenhausen,2025-08-05 11:00:00,42,test,0.175,0.26055092
Merzenhausen,2025-08-05 12:00:00,42,test,0.18,0.25922385
Merzenhausen,2025-08-05 13:00:00,42,test,0.18,0.25790155
Merzenhausen,2025-08-05 14:00:00,42,test,0.179,0.25679705
Merzenhausen,2025-08-05 15:00:00,42,test,0.179,0.25575215
Merzenhausen,2025-08-05 16:00:00,42,test,0.177,0.25477263
Merzenhausen,2025-08-05 17:00:00,42,test,0.17,0.25376013
Merzenhausen,2025-08-05 18:00:00,42,test,0.17,0.25257778
Merzenhausen,2025-08-05 19:00:00,42,test,0.168,0.2513024
Merzenhausen,2025-08-05 20:00:00,42,test,0.169,0.24978666
Merzenhausen,2025-08-05 21:00:00,42,test,0.168,0.24816847
Merzenhausen,2025-08-05 22:00:00,42,test,0.167,0.24653794
Merzenhausen,2025-08-05 23:00:00,42,test,0.164,0.24512458
Merzenhausen,2025-08-06 00:00:00,42,test,0.165,0.24392581
Merzenhausen,2025-08-06 01:00:00,42,test,0.166,0.24315533
Merzenhausen,2025-08-06 02:00:00,42,test,0.161,0.24236657
Merzenhausen,2025-08-06 03:00:00,42,test,0.161,0.24185571
Merzenhausen,2025-08-06 04:00:00,42,test,0.161,0.24137153
Merzenhausen,2025-08-06 05:00:00,42,test,0.162,0.24125639
Merzenhausen,2025-08-06 06:00:00,42,test,0.162,0.2418504
Merzenhausen,2025-08-06 07:00:00,42,test,0.161,0.242853
Merzenhausen,2025-08-06 08:00:00,42,test,0.16,0.24421827
Merzenhausen,2025-08-06 09:00:00,42,test,0.163,0.24576905
Merzenhausen,2025-08-06 10:00:00,42,test,0.164,0.24716341
Merzenhausen,2025-08-06 11:00:00,42,test,0.167,0.24851859
Merzenhausen,2025-08-06 12:00:00,42,test,0.166,0.24976368
Merzenhausen,2025-08-06 13:00:00,42,test,0.166,0.25060296
Merzenhausen,2025-08-06 14:00:00,42,test,0.165,0.25106022
Merzenhausen,2025-08-06 15:00:00,42,test,0.167,0.25055203
Merzenhausen,2025-08-06 16:00:00,42,test,0.167,0.24975762
Merzenhausen,2025-08-06 17:00:00,42,test,0.166,0.24866682
Merzenhausen,2025-08-06 18:00:00,42,test,0.167,0.24714649
Merzenhausen,2025-08-06 19:00:00,42,test,0.164,0.24520066
Merzenhausen,2025-08-06 20:00:00,42,test,0.165,0.24300328
Merzenhausen,2025-08-06 21:00:00,42,test,0.162,0.24025336
Merzenhausen,2025-08-06 22:00:00,42,test,0.159,0.2378779
Merzenhausen,2025-08-06 23:00:00,42,test,0.161,0.23557979
Merzenhausen,2025-08-07 00:00:00,42,test,0.161,0.23381674
Merzenhausen,2025-08-07 01:00:00,42,test,0.158,0.23260194
Merzenhausen,2025-08-07 02:00:00,42,test,0.161,0.23207489
Merzenhausen,2025-08-07 03:00:00,42,test,0.154,0.23213464
Merzenhausen,2025-08-07 04:00:00,42,test,0.159,0.23221576
Merzenhausen,2025-08-07 05:00:00,42,test,0.1674999999999999,0.23260996
Merzenhausen,2025-08-07 06:00:00,42,test,0.156,0.2334854
Merzenhausen,2025-08-07 07:00:00,42,test,0.159,0.23476171
Merzenhausen,2025-08-07 08:00:00,42,test,0.159,0.23616566
Merzenhausen,2025-08-07 09:00:00,42,test,0.159,0.23771842
Merzenhausen,2025-08-07 10:00:00,42,test,0.166,0.23921739
Merzenhausen,2025-08-07 11:00:00,42,test,0.169,0.2408464
Merzenhausen,2025-08-07 12:00:00,42,test,0.168,0.24270526
Merzenhausen,2025-08-07 13:00:00,42,test,0.173,0.24443254
Merzenhausen,2025-08-07 14:00:00,42,test,0.168,0.24565597
Merzenhausen,2025-08-07 15:00:00,42,test,0.1505,0.24638157
Merzenhausen,2025-08-07 16:00:00,42,test,0.165,0.24650958
Merzenhausen,2025-08-07 17:00:00,42,test,0.158,0.24572268
Merzenhausen,2025-08-07 18:00:00,42,test,0.159,0.24451426
Merzenhausen,2025-08-07 19:00:00,42,test,0.155,0.24291867
Merzenhausen,2025-08-07 20:00:00,42,test,0.154,0.24136944
Merzenhausen,2025-08-07 21:00:00,42,test,0.152,0.23985526
Merzenhausen,2025-08-07 22:00:00,42,test,0.151,0.23834567
Merzenhausen,2025-08-07 23:00:00,42,test,0.149,0.23687926
Merzenhausen,2025-08-08 00:00:00,42,test,0.148,0.23604414
Merzenhausen,2025-08-08 01:00:00,42,test,0.1614999999999999,0.23560563
Merzenhausen,2025-08-08 02:00:00,42,test,0.145,0.23527619
Merzenhausen,2025-08-08 03:00:00,42,test,0.146,0.23514451
Merzenhausen,2025-08-08 04:00:00,42,test,0.145,0.23516266
Merzenhausen,2025-08-08 05:00:00,42,test,0.145,0.23541018
Merzenhausen,2025-08-08 06:00:00,42,test,0.145,0.2358821
Merzenhausen,2025-08-08 07:00:00,42,test,0.146,0.2364846
Merzenhausen,2025-08-08 08:00:00,42,test,0.147,0.23693644
Merzenhausen,2025-08-08 09:00:00,42,test,0.15,0.23756254
Merzenhausen,2025-08-08 10:00:00,42,test,0.15,0.23832783
Merzenhausen,2025-08-08 11:00:00,42,test,0.151,0.22587673
Merzenhausen,2025-08-08 12:00:00,42,test,0.154,0.20858122
Merzenhausen,2025-08-08 13:00:00,42,test,0.159,0.19221428
Merzenhausen,2025-08-08 14:00:00,42,test,0.153,0.17948987
Merzenhausen,2025-08-08 15:00:00,42,test,0.149,0.17146493
Merzenhausen,2025-08-08 16:00:00,42,test,0.149,0.16741246
Merzenhausen,2025-08-08 17:00:00,42,test,0.145,0.16612196
Merzenhausen,2025-08-08 18:00:00,42,test,0.144,0.16674435
Merzenhausen,2025-08-08 19:00:00,42,test,0.142,0.16780567
Merzenhausen,2025-08-08 20:00:00,42,test,0.139,0.16904998
Merzenhausen,2025-08-08 21:00:00,42,test,0.138,0.16986457
Merzenhausen,2025-08-08 22:00:00,42,test,0.138,0.1699105
Merzenhausen,2025-08-08 23:00:00,42,test,0.137,0.1696214
Merzenhausen,2025-08-09 00:00:00,42,test,0.131,0.1689168
Merzenhausen,2025-08-09 01:00:00,42,test,0.134,0.16781753
Merzenhausen,2025-08-09 02:00:00,42,test,0.131,0.16679513
Merzenhausen,2025-08-09 03:00:00,42,test,0.133,0.16483912
Merzenhausen,2025-08-09 04:00:00,42,test,0.132,0.16343585
Merzenhausen,2025-08-09 05:00:00,42,test,0.131,0.16399558
Merzenhausen,2025-08-09 06:00:00,42,test,0.13,0.16422951
Merzenhausen,2025-08-09 07:00:00,42,test,0.13,0.16512518
Merzenhausen,2025-08-09 08:00:00,42,test,0.13,0.1660378
Merzenhausen,2025-08-09 09:00:00,42,test,0.138,0.16679448
Merzenhausen,2025-08-09 10:00:00,42,test,0.137,0.1684199
Merzenhausen,2025-08-09 11:00:00,42,test,0.142,0.17057976
Merzenhausen,2025-08-09 12:00:00,42,test,0.142,0.17272249
Merzenhausen,2025-08-09 13:00:00,42,test,0.144,0.17536023
Merzenhausen,2025-08-09 14:00:00,42,test,0.14,0.17704195
Merzenhausen,2025-08-09 15:00:00,42,test,0.136,0.17529048
Merzenhausen,2025-08-09 16:00:00,42,test,0.133,0.1744167
Merzenhausen,2025-08-09 17:00:00,42,test,0.133,0.17310524
Merzenhausen,2025-08-09 18:00:00,42,test,0.133,0.17196271
Merzenhausen,2025-08-09 19:00:00,42,test,0.128,0.17033193
Merzenhausen,2025-08-09 20:00:00,42,test,0.127,0.16857311
Merzenhausen,2025-08-09 21:00:00,42,test,0.126,0.16663995
Merzenhausen,2025-08-09 22:00:00,42,test,0.126,0.16451603
Merzenhausen,2025-08-09 23:00:00,42,test,0.126,0.16172554
Merzenhausen,2025-08-10 00:00:00,42,test,0.126,0.15943745
Merzenhausen,2025-08-10 01:00:00,42,test,0.128,0.15918043
Merzenhausen,2025-08-10 02:00:00,42,test,0.127,0.15734279
Merzenhausen,2025-08-10 03:00:00,42,test,0.128,0.15495574
Merzenhausen,2025-08-10 04:00:00,42,test,0.126,0.15260978
Merzenhausen,2025-08-10 05:00:00,42,test,0.127,0.15077975
Merzenhausen,2025-08-10 06:00:00,42,test,0.124,0.1502209
Merzenhausen,2025-08-10 07:00:00,42,test,0.124,0.15095179
Merzenhausen,2025-08-10 08:00:00,42,test,0.127,0.15234083
Merzenhausen,2025-08-10 09:00:00,42,test,0.125,0.15427533
Merzenhausen,2025-08-10 10:00:00,42,test,0.126,0.15632653
Merzenhausen,2025-08-10 11:00:00,42,test,0.127,0.15838906
Merzenhausen,2025-08-10 12:00:00,42,test,0.128,0.16062444
Merzenhausen,2025-08-10 13:00:00,42,test,0.129,0.16343799
Merzenhausen,2025-08-10 14:00:00,42,test,0.125,0.1652416
Merzenhausen,2025-08-10 15:00:00,42,test,0.128,0.16561607
Merzenhausen,2025-08-10 16:00:00,42,test,0.126,0.16521552
Merzenhausen,2025-08-10 17:00:00,42,test,0.128,0.16398793
Merzenhausen,2025-08-10 18:00:00,42,test,0.13,0.16250794
Merzenhausen,2025-08-10 19:00:00,42,test,0.127,0.16054876
Merzenhausen,2025-08-10 20:00:00,42,test,0.125,0.1577
Merzenhausen,2025-08-10 21:00:00,42,test,0.128,0.15455183
Merzenhausen,2025-08-10 22:00:00,42,test,0.129,0.15171537
Merzenhausen,2025-08-10 23:00:00,42,test,0.142,0.14934859
Merzenhausen,2025-08-11 00:00:00,42,test,0.128,0.14673053
Merzenhausen,2025-08-11 01:00:00,42,test,0.128,0.14464602
Merzenhausen,2025-08-11 02:00:00,42,test,0.125,0.14235756
Merzenhausen,2025-08-11 03:00:00,42,test,0.124,0.14030601
Merzenhausen,2025-08-11 04:00:00,42,test,0.12,0.13856432
Merzenhausen,2025-08-11 05:00:00,42,test,0.124,0.1374971
Merzenhausen,2025-08-11 06:00:00,42,test,0.124,0.13739158
Merzenhausen,2025-08-11 07:00:00,42,test,0.124,0.13812155
Merzenhausen,2025-08-11 08:00:00,42,test,0.126,0.13918963
Merzenhausen,2025-08-11 09:00:00,42,test,0.128,0.14161482
Merzenhausen,2025-08-11 10:00:00,42,test,0.127,0.14418179
Merzenhausen,2025-08-11 11:00:00,42,test,0.124,0.14730127
Merzenhausen,2025-08-11 12:00:00,42,test,0.125,0.15038577
Merzenhausen,2025-08-11 13:00:00,42,test,0.127,0.1534966
Merzenhausen,2025-08-11 14:00:00,42,test,0.144,0.15557365
Merzenhausen,2025-08-11 15:00:00,42,test,0.129,0.15628204
Merzenhausen,2025-08-11 16:00:00,42,test,0.129,0.15564252
Merzenhausen,2025-08-11 17:00:00,42,test,0.126,0.15451172
Merzenhausen,2025-08-11 18:00:00,42,test,0.128,0.15338479
Merzenhausen,2025-08-11 19:00:00,42,test,0.125,0.15152076
Merzenhausen,2025-08-11 20:00:00,42,test,0.126,0.14936748
Merzenhausen,2025-08-11 21:00:00,42,test,0.123,0.14610516
Merzenhausen,2025-08-11 22:00:00,42,test,0.125,0.14305003
Merzenhausen,2025-08-11 23:00:00,42,test,0.124,0.14062756
Merzenhausen,2025-08-12 00:00:00,42,test,0.124,0.13891362
Merzenhausen,2025-08-12 01:00:00,42,test,0.123,0.1379737
Merzenhausen,2025-08-12 02:00:00,42,test,0.127,0.13711065
Merzenhausen,2025-08-12 03:00:00,42,test,0.124,0.13640702
Merzenhausen,2025-08-12 04:00:00,42,test,0.121,0.13544784
Merzenhausen,2025-08-12 05:00:00,42,test,0.126,0.13479567
Merzenhausen,2025-08-12 06:00:00,42,test,0.121,0.13501768
Merzenhausen,2025-08-12 07:00:00,42,test,0.123,0.13570914
Merzenhausen,2025-08-12 08:00:00,42,test,0.121,0.13710639
Merzenhausen,2025-08-12 09:00:00,42,test,0.126,0.13834748
Merzenhausen,2025-08-12 10:00:00,42,test,0.126,0.139524
Merzenhausen,2025-08-12 11:00:00,42,test,0.123,0.1407873
Merzenhausen,2025-08-12 12:00:00,42,test,0.124,0.14215487
Merzenhausen,2025-08-12 13:00:00,42,test,0.121,0.14368135
Merzenhausen,2025-08-12 14:00:00,42,test,0.125,0.14470825
Merzenhausen,2025-08-12 15:00:00,42,test,0.122,0.1459428
Merzenhausen,2025-08-12 16:00:00,42,test,0.126,0.14689146
Merzenhausen,2025-08-12 17:00:00,42,test,0.128,0.14799413
Merzenhausen,2025-08-12 18:00:00,42,test,0.124,0.1492412
Merzenhausen,2025-08-12 19:00:00,42,test,0.125,0.14918387
Merzenhausen,2025-08-12 20:00:00,42,test,0.127,0.14789796
Merzenhausen,2025-08-12 21:00:00,42,test,0.124,0.14668463
Merzenhausen,2025-08-12 22:00:00,42,test,0.121,0.14665335
Merzenhausen,2025-08-12 23:00:00,42,test,0.125,0.14884987
Merzenhausen,2025-08-13 00:00:00,42,test,0.124,0.14993972
Merzenhausen,2025-08-13 01:00:00,42,test,0.124,0.14981267
Merzenhausen,2025-08-13 02:00:00,42,test,0.123,0.14868906
Merzenhausen,2025-08-13 03:00:00,42,test,0.123,0.14820653
Merzenhausen,2025-08-13 04:00:00,42,test,0.12,0.1467128
Merzenhausen,2025-08-13 05:00:00,42,test,0.119,0.14577624
Merzenhausen,2025-08-13 06:00:00,42,test,0.123,0.14565422
Merzenhausen,2025-08-13 07:00:00,42,test,0.119,0.14606355
Merzenhausen,2025-08-13 08:00:00,42,test,0.119,0.14689302
Merzenhausen,2025-08-13 09:00:00,42,test,0.123,0.14811027
Merzenhausen,2025-08-13 10:00:00,42,test,0.12,0.14918873
Merzenhausen,2025-08-13 11:00:00,42,test,0.123,0.14968413
Merzenhausen,2025-08-13 12:00:00,42,test,0.124,0.14991072
Merzenhausen,2025-08-13 13:00:00,42,test,0.121,0.1503807
Merzenhausen,2025-08-13 14:00:00,42,test,0.123,0.15336332
Merzenhausen,2025-08-13 15:00:00,42,test,0.124,0.15499374
Merzenhausen,2025-08-13 16:00:00,42,test,0.124,0.15556909
Merzenhausen,2025-08-13 17:00:00,42,test,0.123,0.15483257
Merzenhausen,2025-08-13 18:00:00,42,test,0.123,0.15377115
Merzenhausen,2025-08-13 19:00:00,42,test,0.124,0.15192506
Merzenhausen,2025-08-13 20:00:00,42,test,0.123,0.14994353
Merzenhausen,2025-08-13 21:00:00,42,test,0.125,0.14765748
Merzenhausen,2025-08-13 22:00:00,42,test,0.12,0.14576179
Merzenhausen,2025-08-13 23:00:00,42,test,0.121,0.14455217
Merzenhausen,2025-08-14 00:00:00,42,test,0.12,0.14438742
Merzenhausen,2025-08-14 01:00:00,42,test,0.12,0.1446527
Merzenhausen,2025-08-14 02:00:00,42,test,0.119,0.14500315
Merzenhausen,2025-08-14 03:00:00,42,test,0.121,0.14485613
Merzenhausen,2025-08-14 04:00:00,42,test,0.116,0.14445233
Merzenhausen,2025-08-14 05:00:00,42,test,0.118,0.14466903
Merzenhausen,2025-08-14 06:00:00,42,test,0.118,0.14497009
Merzenhausen,2025-08-14 07:00:00,42,test,0.12,0.14550944
Merzenhausen,2025-08-14 08:00:00,42,test,0.12,0.14591655
Merzenhausen,2025-08-14 09:00:00,42,test,0.12,0.1469152
Merzenhausen,2025-08-14 10:00:00,42,test,0.12,0.14802107
Merzenhausen,2025-08-14 11:00:00,42,test,0.118,0.14850138
Merzenhausen,2025-08-14 12:00:00,42,test,0.12,0.14879265
Merzenhausen,2025-08-14 13:00:00,42,test,0.115,0.1485723
Merzenhausen,2025-08-14 14:00:00,42,test,0.12,0.14870316
Merzenhausen,2025-08-14 15:00:00,42,test,0.122,0.14855188
Merzenhausen,2025-08-14 16:00:00,42,test,0.12,0.14895171
Merzenhausen,2025-08-14 17:00:00,42,test,0.118,0.14954828
Merzenhausen,2025-08-14 18:00:00,42,test,0.122,0.14985022
Merzenhausen,2025-08-14 19:00:00,42,test,0.12,0.14956033
Merzenhausen,2025-08-14 20:00:00,42,test,0.118,0.14940086
Merzenhausen,2025-08-14 21:00:00,42,test,0.119,0.14888059
Merzenhausen,2025-08-14 22:00:00,42,test,0.121,0.14763376
Merzenhausen,2025-08-14 23:00:00,42,test,0.118,0.14648816
Merzenhausen,2025-08-15 00:00:00,42,test,0.116,0.1456922
Merzenhausen,2025-08-15 01:00:00,42,test,0.12,0.14514339
Merzenhausen,2025-08-15 02:00:00,42,test,0.115,0.14439763
Merzenhausen,2025-08-15 03:00:00,42,test,0.119,0.14334986
Merzenhausen,2025-08-15 04:00:00,42,test,0.118,0.14202997
Merzenhausen,2025-08-15 05:00:00,42,test,0.12,0.14064448
Merzenhausen,2025-08-15 06:00:00,42,test,0.117,0.14028563
Merzenhausen,2025-08-15 07:00:00,42,test,0.119,0.14019576
Merzenhausen,2025-08-15 08:00:00,42,test,0.111,0.1405489
Merzenhausen,2025-08-15 09:00:00,42,test,0.118,0.1417103
Merzenhausen,2025-08-15 10:00:00,42,test,0.114,0.142681
Merzenhausen,2025-08-15 11:00:00,42,test,0.115,0.14392206
Merzenhausen,2025-08-15 12:00:00,42,test,0.117,0.14522576
Merzenhausen,2025-08-15 13:00:00,42,test,0.12,0.14599583
Merzenhausen,2025-08-15 14:00:00,42,test,0.118,0.14660382
Merzenhausen,2025-08-15 15:00:00,42,test,0.121,0.14721718
Merzenhausen,2025-08-15 16:00:00,42,test,0.121,0.14761738
Merzenhausen,2025-08-15 17:00:00,42,test,0.116,0.14760908
Merzenhausen,2025-08-15 18:00:00,42,test,0.118,0.14730784
Merzenhausen,2025-08-15 19:00:00,42,test,0.114,0.14696091
Merzenhausen,2025-08-15 20:00:00,42,test,0.118,0.14635096
Merzenhausen,2025-08-15 21:00:00,42,test,0.119,0.14612758
Merzenhausen,2025-08-15 22:00:00,42,test,0.119,0.14519313
Merzenhausen,2025-08-15 23:00:00,42,test,0.116,0.14398812
Merzenhausen,2025-08-16 00:00:00,42,test,0.118,0.14273351
Merzenhausen,2025-08-16 01:00:00,42,test,0.12,0.14150569
Merzenhausen,2025-08-16 02:00:00,42,test,0.118,0.14045227
Merzenhausen,2025-08-16 03:00:00,42,test,0.133,0.13989744
Merzenhausen,2025-08-16 04:00:00,42,test,0.117,0.13881013
Merzenhausen,2025-08-16 05:00:00,42,test,0.1045,0.13791022
Merzenhausen,2025-08-16 06:00:00,42,test,0.118,0.13744658
Merzenhausen,2025-08-16 07:00:00,42,test,0.116,0.13768113
Merzenhausen,2025-08-16 08:00:00,42,test,0.114,0.13833812
Merzenhausen,2025-08-16 09:00:00,42,test,0.112,0.13923422
Merzenhausen,2025-08-16 10:00:00,42,test,0.118,0.14029735
Merzenhausen,2025-08-16 11:00:00,42,test,0.1225,0.14107412
Merzenhausen,2025-08-16 12:00:00,42,test,0.118,0.14195813
Merzenhausen,2025-08-16 13:00:00,42,test,0.1395,0.14202458
Merzenhausen,2025-08-16 14:00:00,42,test,0.119,0.14224066
Merzenhausen,2025-08-16 15:00:00,42,test,0.122,0.14271683
Merzenhausen,2025-08-16 16:00:00,42,test,0.123,0.14277294
Merzenhausen,2025-08-16 17:00:00,42,test,0.104,0.14218946
Merzenhausen,2025-08-16 18:00:00,42,test,0.116,0.14190033
Merzenhausen,2025-08-16 19:00:00,42,test,0.1215,0.1414253
Merzenhausen,2025-08-16 20:00:00,42,test,0.118,0.14045966
Merzenhausen,2025-08-16 21:00:00,42,test,0.116,0.13964531
Merzenhausen,2025-08-16 22:00:00,42,test,0.117,0.13921902
Merzenhausen,2025-08-16 23:00:00,42,test,0.118,0.13807783
Merzenhausen,2025-08-17 00:00:00,42,test,0.12,0.13598841
Merzenhausen,2025-08-17 01:00:00,42,test,0.113,0.1339801
Merzenhausen,2025-08-17 02:00:00,42,test,0.114,0.13119158
Merzenhausen,2025-08-17 03:00:00,42,test,0.116,0.12846878
Merzenhausen,2025-08-17 04:00:00,42,test,0.115,0.12608731
Merzenhausen,2025-08-17 05:00:00,42,test,0.119,0.12459262
Merzenhausen,2025-08-17 06:00:00,42,test,0.118,0.12395068
Merzenhausen,2025-08-17 07:00:00,42,test,0.112,0.12439232
Merzenhausen,2025-08-17 08:00:00,42,test,0.11,0.12456256
Merzenhausen,2025-08-17 09:00:00,42,test,0.115,0.1256577
Merzenhausen,2025-08-17 10:00:00,42,test,0.116,0.12681252
Merzenhausen,2025-08-17 11:00:00,42,test,0.117,0.1280796
Merzenhausen,2025-08-17 12:00:00,42,test,0.119,0.12972939
Merzenhausen,2025-08-17 13:00:00,42,test,0.118,0.13204321
Merzenhausen,2025-08-17 14:00:00,42,test,0.118,0.13394633
Merzenhausen,2025-08-17 15:00:00,42,test,0.121,0.13567704
Merzenhausen,2025-08-17 16:00:00,42,test,0.121,0.13710326
Merzenhausen,2025-08-17 17:00:00,42,test,0.119,0.13725749
Merzenhausen,2025-08-17 18:00:00,42,test,0.118,0.13706017
Merzenhausen,2025-08-17 19:00:00,42,test,0.119,0.13615146
Merzenhausen,2025-08-17 20:00:00,42,test,0.114,0.13570142
Merzenhausen,2025-08-17 21:00:00,42,test,0.115,0.13567373
Merzenhausen,2025-08-17 22:00:00,42,test,0.117,0.13592075
Merzenhausen,2025-08-17 23:00:00,42,test,0.117,0.13575876
Merzenhausen,2025-08-18 00:00:00,42,test,0.118,0.1356198
Merzenhausen,2025-08-18 01:00:00,42,test,0.115,0.13567504
Merzenhausen,2025-08-18 02:00:00,42,test,0.113,0.13537186
Merzenhausen,2025-08-18 03:00:00,42,test,0.114,0.13660595
Merzenhausen,2025-08-18 04:00:00,42,test,0.114,0.13596784
Merzenhausen,2025-08-18 05:00:00,42,test,0.118,0.13257615
Merzenhausen,2025-08-18 06:00:00,42,test,0.115,0.13094762
Merzenhausen,2025-08-18 07:00:00,42,test,0.115,0.13046548
Merzenhausen,2025-08-18 08:00:00,42,test,0.113,0.13041261
Merzenhausen,2025-08-18 09:00:00,42,test,0.113,0.13063705
Merzenhausen,2025-08-18 10:00:00,42,test,0.115,0.13183415
Merzenhausen,2025-08-18 11:00:00,42,test,0.116,0.13417527
Merzenhausen,2025-08-18 12:00:00,42,test,0.115,0.13621588
Merzenhausen,2025-08-18 13:00:00,42,test,0.114,0.1410886
Merzenhausen,2025-08-18 14:00:00,42,test,0.118,0.14365709
Merzenhausen,2025-08-18 15:00:00,42,test,0.117,0.1450125
Merzenhausen,2025-08-18 16:00:00,42,test,0.117,0.14568055
Merzenhausen,2025-08-18 17:00:00,42,test,0.119,0.14285086
Merzenhausen,2025-08-18 18:00:00,42,test,0.12,0.14061335
Merzenhausen,2025-08-18 19:00:00,42,test,0.115,0.13942379
Merzenhausen,2025-08-18 20:00:00,42,test,0.117,0.13822988
Merzenhausen,2025-08-18 21:00:00,42,test,0.116,0.13706583
Merzenhausen,2025-08-18 22:00:00,42,test,0.113,0.13537431
Merzenhausen,2025-08-18 23:00:00,42,test,0.114,0.13369939
Merzenhausen,2025-08-19 00:00:00,42,test,0.116,0.13238138
Merzenhausen,2025-08-19 01:00:00,42,test,0.115,0.13008744
Merzenhausen,2025-08-19 02:00:00,42,test,0.116,0.12757957
Merzenhausen,2025-08-19 03:00:00,42,test,0.112,0.12540847
Merzenhausen,2025-08-19 04:00:00,42,test,0.113,0.12347149
Merzenhausen,2025-08-19 05:00:00,42,test,0.113,0.12245221
Merzenhausen,2025-08-19 06:00:00,42,test,0.108,0.12272983
Merzenhausen,2025-08-19 07:00:00,42,test,0.11,0.123376444
Merzenhausen,2025-08-19 08:00:00,42,test,0.114,0.12398656
Merzenhausen,2025-08-19 09:00:00,42,test,0.113,0.12542668
Merzenhausen,2025-08-19 10:00:00,42,test,0.116,0.12734929
Merzenhausen,2025-08-19 11:00:00,42,test,0.115,0.12956047
Merzenhausen,2025-08-19 12:00:00,42,test,0.115,0.13220401
Merzenhausen,2025-08-19 13:00:00,42,test,0.116,0.13475657
Merzenhausen,2025-08-19 14:00:00,42,test,0.117,0.13708425
Merzenhausen,2025-08-19 15:00:00,42,test,0.122,0.1394118
Merzenhausen,2025-08-19 16:00:00,42,test,0.117,0.14130335
Merzenhausen,2025-08-19 17:00:00,42,test,0.117,0.14243875
Merzenhausen,2025-08-19 18:00:00,42,test,0.116,0.14265287
Merzenhausen,2025-08-19 19:00:00,42,test,0.116,0.14237961
Merzenhausen,2025-08-19 20:00:00,42,test,0.11,0.14131649
Merzenhausen,2025-08-19 21:00:00,42,test,0.116,0.14011028
Merzenhausen,2025-08-19 22:00:00,42,test,0.113,0.1390546
Merzenhausen,2025-08-19 23:00:00,42,test,0.115,0.13837536
Merzenhausen,2025-08-20 00:00:00,42,test,0.114,0.13782105
Merzenhausen,2025-08-20 01:00:00,42,test,0.115,0.13666609
Merzenhausen,2025-08-20 02:00:00,42,test,0.113,0.13497466
Merzenhausen,2025-08-20 03:00:00,42,test,0.112,0.13315202
Merzenhausen,2025-08-20 04:00:00,42,test,0.114,0.13125895
Merzenhausen,2025-08-20 05:00:00,42,test,0.111,0.13030809
Merzenhausen,2025-08-20 06:00:00,42,test,0.107,0.12969574
Merzenhausen,2025-08-20 07:00:00,42,test,0.113,0.1294624
Merzenhausen,2025-08-20 08:00:00,42,test,0.113,0.12940684
Merzenhausen,2025-08-20 09:00:00,42,test,0.111,0.1297828
Merzenhausen,2025-08-20 10:00:00,42,test,0.109,0.13071316
Merzenhausen,2025-08-20 11:00:00,42,test,0.112,0.13205923
Merzenhausen,2025-08-20 12:00:00,42,test,0.108,0.13334318
Merzenhausen,2025-08-20 13:00:00,42,test,0.111,0.13436903
Merzenhausen,2025-08-20 14:00:00,42,test,0.115,0.13573322
Merzenhausen,2025-08-20 15:00:00,42,test,0.116,0.13684492
Merzenhausen,2025-08-20 16:00:00,42,test,0.114,0.13747802
Merzenhausen,2025-08-20 17:00:00,42,test,0.112,0.13814291
Merzenhausen,2025-08-20 18:00:00,42,test,0.114,0.13873135
Merzenhausen,2025-08-20 19:00:00,42,test,0.111,0.13827744
Merzenhausen,2025-08-20 20:00:00,42,test,0.111,0.1376241
Merzenhausen,2025-08-20 21:00:00,42,test,0.108,0.13670716
Merzenhausen,2025-08-20 22:00:00,42,test,0.112,0.13440946
Merzenhausen,2025-08-20 23:00:00,42,test,0.116,0.13198116
Merzenhausen,2025-08-21 00:00:00,42,test,0.111,0.13044345
Merzenhausen,2025-08-21 01:00:00,42,test,0.109,0.12943515
Merzenhausen,2025-08-21 02:00:00,42,test,0.113,0.12837881
Merzenhausen,2025-08-21 03:00:00,42,test,0.11,0.12664431
Merzenhausen,2025-08-21 04:00:00,42,test,0.112,0.124827094
Merzenhausen,2025-08-21 05:00:00,42,test,0.108,0.123103954
Merzenhausen,2025-08-21 06:00:00,42,test,0.11,0.12146737
Merzenhausen,2025-08-21 07:00:00,42,test,0.11,0.12062787
Merzenhausen,2025-08-21 08:00:00,42,test,0.11,0.1211981
Merzenhausen,2025-08-21 09:00:00,42,test,0.11,0.12255456
Merzenhausen,2025-08-21 10:00:00,42,test,0.112,0.12475681
Merzenhausen,2025-08-21 11:00:00,42,test,0.113,0.12711348
Merzenhausen,2025-08-21 12:00:00,42,test,0.111,0.12936518
Merzenhausen,2025-08-21 13:00:00,42,test,0.107,0.1314102
Merzenhausen,2025-09-05 15:00:00,42,test,0.164,0.1663053
Merzenhausen,2025-09-05 16:00:00,42,test,0.16,0.16697164
Merzenhausen,2025-09-05 17:00:00,42,test,0.162,0.1676946
Merzenhausen,2025-09-05 18:00:00,42,test,0.1475,0.16785702
Merzenhausen,2025-09-05 19:00:00,42,test,0.161,0.16711211
Merzenhausen,2025-09-05 20:00:00,42,test,0.159,0.16591868
Merzenhausen,2025-09-05 21:00:00,42,test,0.16,0.16491336
Merzenhausen,2025-09-05 22:00:00,42,test,0.16,0.16405153
Merzenhausen,2025-09-05 23:00:00,42,test,0.161,0.1626379
Merzenhausen,2025-09-06 00:00:00,42,test,0.162,0.16126464
Merzenhausen,2025-09-06 01:00:00,42,test,0.16,0.15996565
Merzenhausen,2025-09-06 02:00:00,42,test,0.157,0.1587551
Merzenhausen,2025-09-06 03:00:00,42,test,0.159,0.15685457
Merzenhausen,2025-09-06 04:00:00,42,test,0.159,0.15509248
Merzenhausen,2025-09-06 05:00:00,42,test,0.156,0.1535939
Merzenhausen,2025-09-06 06:00:00,42,test,0.156,0.15264387
Merzenhausen,2025-09-06 07:00:00,42,test,0.156,0.15303549
Merzenhausen,2025-09-06 08:00:00,42,test,0.156,0.15405706
Merzenhausen,2025-09-06 09:00:00,42,test,0.155,0.15406919
Merzenhausen,2025-09-06 10:00:00,42,test,0.157,0.15512389
Merzenhausen,2025-09-06 11:00:00,42,test,0.158,0.15696466
Merzenhausen,2025-09-06 12:00:00,42,test,0.161,0.15810333
Merzenhausen,2025-09-06 13:00:00,42,test,0.159,0.15994005
Merzenhausen,2025-09-06 14:00:00,42,test,0.162,0.16249572
Merzenhausen,2025-09-06 15:00:00,42,test,0.162,0.16339295
Merzenhausen,2025-09-06 16:00:00,42,test,0.162,0.16506462
Merzenhausen,2025-09-06 17:00:00,42,test,0.163,0.16684029
Merzenhausen,2025-09-06 18:00:00,42,test,0.159,0.16792306
Merzenhausen,2025-09-06 19:00:00,42,test,0.16,0.16662732
Merzenhausen,2025-09-06 20:00:00,42,test,0.164,0.16622177
Merzenhausen,2025-09-06 21:00:00,42,test,0.161,0.16583169
Merzenhausen,2025-09-06 22:00:00,42,test,0.163,0.16531643
Merzenhausen,2025-09-06 23:00:00,42,test,0.162,0.16495788
Merzenhausen,2025-09-07 00:00:00,42,test,0.162,0.164195
Merzenhausen,2025-09-07 01:00:00,42,test,0.161,0.16303653
Merzenhausen,2025-09-07 02:00:00,42,test,0.266,0.16175841
Merzenhausen,2025-09-07 03:00:00,42,test,0.359,0.16077049
Merzenhausen,2025-09-07 04:00:00,42,test,0.36,0.16026655
Merzenhausen,2025-09-07 05:00:00,42,test,0.36,0.15924595
Merzenhausen,2025-09-07 06:00:00,42,test,0.365,0.15833941
Merzenhausen,2025-09-07 07:00:00,42,test,0.371,0.15792803
Merzenhausen,2025-09-07 08:00:00,42,test,0.368,0.15823159
Merzenhausen,2025-09-07 09:00:00,42,test,0.358,0.1590907
Merzenhausen,2025-09-07 10:00:00,42,test,0.348,0.16083992
Merzenhausen,2025-09-07 11:00:00,42,test,0.344,0.16260369
Merzenhausen,2025-09-07 12:00:00,42,test,0.336,0.16392663
Merzenhausen,2025-09-07 13:00:00,42,test,0.331,0.16414012
Merzenhausen,2025-09-16 23:00:00,42,test,0.258,0.2603597
Merzenhausen,2025-09-17 00:00:00,42,test,0.258,0.2601756
Merzenhausen,2025-09-17 01:00:00,42,test,0.258,0.26002598
Merzenhausen,2025-09-17 02:00:00,42,test,0.258,0.2594295
Merzenhausen,2025-09-17 03:00:00,42,test,0.255,0.258789
Merzenhausen,2025-09-17 04:00:00,42,test,0.258,0.25801265
Merzenhausen,2025-09-17 05:00:00,42,test,0.258,0.25729415
Merzenhausen,2025-09-17 06:00:00,42,test,0.258,0.2568738
Merzenhausen,2025-09-17 07:00:00,42,test,0.258,0.25663564
Merzenhausen,2025-09-17 08:00:00,42,test,0.257,0.2568517
Merzenhausen,2025-09-17 09:00:00,42,test,0.26,0.25696626
Merzenhausen,2025-09-17 10:00:00,42,test,0.259,0.25741073
Merzenhausen,2025-09-17 11:00:00,42,test,0.258,0.2580371
Merzenhausen,2025-09-17 12:00:00,42,test,0.258,0.25873342
Merzenhausen,2025-09-17 13:00:00,42,test,0.261,0.25896013
Merzenhausen,2025-09-17 14:00:00,42,test,0.257,0.2589711
Merzenhausen,2025-09-17 15:00:00,42,test,0.256,0.2586963
Merzenhausen,2025-09-17 16:00:00,42,test,0.251,0.25813752
Merzenhausen,2025-09-17 17:00:00,42,test,0.251,0.2578452
Merzenhausen,2025-09-17 18:00:00,42,test,0.251,0.25766203
Merzenhausen,2025-09-17 19:00:00,42,test,0.252,0.25749514
Merzenhausen,2025-09-17 20:00:00,42,test,0.252,0.25751078
Merzenhausen,2025-09-17 21:00:00,42,test,0.253,0.25777468
Merzenhausen,2025-09-17 22:00:00,42,test,0.25,0.25835255
Merzenhausen,2025-09-17 23:00:00,42,test,0.248,0.25891742
Merzenhausen,2025-09-18 00:00:00,42,test,0.248,0.25943696
Merzenhausen,2025-09-18 01:00:00,42,test,0.25,0.25944623
Merzenhausen,2025-09-18 02:00:00,42,test,0.251,0.25926623
Merzenhausen,2025-09-18 03:00:00,42,test,0.252,0.2592442
Merzenhausen,2025-09-18 04:00:00,42,test,0.249,0.25876018
Merzenhausen,2025-09-18 05:00:00,42,test,0.249,0.25856444
Merzenhausen,2025-09-18 06:00:00,42,test,0.25,0.25850126
Merzenhausen,2025-09-18 07:00:00,42,test,0.247,0.25807437
Merzenhausen,2025-09-18 08:00:00,42,test,0.247,0.25778678
Merzenhausen,2025-09-18 09:00:00,42,test,0.247,0.2579366
Merzenhausen,2025-09-18 10:00:00,42,test,0.25,0.2581447
Merzenhausen,2025-09-18 11:00:00,42,test,0.248,0.25831407
Merzenhausen,2025-09-18 12:00:00,42,test,0.249,0.2586788
Merzenhausen,2025-09-18 13:00:00,42,test,0.247,0.25880545
Merzenhausen,2025-09-18 14:00:00,42,test,0.247,0.25862968
Merzenhausen,2025-09-18 15:00:00,42,test,0.245,0.25881958
Merzenhausen,2025-09-18 16:00:00,42,test,0.247,0.25900716
Merzenhausen,2025-09-18 17:00:00,42,test,0.245,0.25920984
Merzenhausen,2025-09-18 18:00:00,42,test,0.246,0.25919896
Merzenhausen,2025-09-18 19:00:00,42,test,0.246,0.25875366
Merzenhausen,2025-09-18 20:00:00,42,test,0.245,0.25804722
Merzenhausen,2025-09-18 21:00:00,42,test,0.246,0.2568898
Merzenhausen,2025-09-18 22:00:00,42,test,0.247,0.2565364
Merzenhausen,2025-09-18 23:00:00,42,test,0.244,0.25650328
Merzenhausen,2025-09-19 00:00:00,42,test,0.243,0.25643742
Merzenhausen,2025-09-19 01:00:00,42,test,0.254,0.2561684
Merzenhausen,2025-09-19 02:00:00,42,test,0.261,0.2557003
Merzenhausen,2025-09-19 03:00:00,42,test,0.266,0.25452662
Merzenhausen,2025-09-19 04:00:00,42,test,0.266,0.25352782
Merzenhausen,2025-09-19 05:00:00,42,test,0.265,0.25266838
Merzenhausen,2025-09-19 06:00:00,42,test,0.263,0.2520489
Merzenhausen,2025-09-19 07:00:00,42,test,0.264,0.25199917
Merzenhausen,2025-09-19 08:00:00,42,test,0.264,0.2526612
Merzenhausen,2025-09-19 09:00:00,42,test,0.26,0.25324136
Merzenhausen,2025-09-19 10:00:00,42,test,0.26,0.2534936
Merzenhausen,2025-09-19 11:00:00,42,test,0.261,0.2534424
Merzenhausen,2025-09-19 12:00:00,42,test,0.26,0.2535617
Merzenhausen,2025-09-19 13:00:00,42,test,0.258,0.25438133
Merzenhausen,2025-09-19 14:00:00,42,test,0.258,0.25491318
Merzenhausen,2025-09-19 15:00:00,42,test,0.257,0.25543737
Merzenhausen,2025-09-19 16:00:00,42,test,0.256,0.25538558
Merzenhausen,2025-09-19 17:00:00,42,test,0.255,0.25527465
Merzenhausen,2025-09-19 18:00:00,42,test,0.255,0.25495046
Merzenhausen,2025-09-19 19:00:00,42,test,0.253,0.25437924
Merzenhausen,2025-09-19 20:00:00,42,test,0.252,0.25362894
Merzenhausen,2025-09-19 21:00:00,42,test,0.254,0.25295517
Merzenhausen,2025-09-19 22:00:00,42,test,0.252,0.25217506
Merzenhausen,2025-09-19 23:00:00,42,test,0.254,0.2512399
Merzenhausen,2025-09-20 00:00:00,42,test,0.253,0.2504413
Merzenhausen,2025-09-20 01:00:00,42,test,0.252,0.24983278
Merzenhausen,2025-09-20 02:00:00,42,test,0.269,0.24915184
Merzenhausen,2025-09-20 03:00:00,42,test,0.249,0.24865927
Merzenhausen,2025-09-20 04:00:00,42,test,0.269,0.24822363
Merzenhausen,2025-09-20 05:00:00,42,test,0.25,0.2478587
Merzenhausen,2025-09-20 06:00:00,42,test,0.249,0.24785456
Merzenhausen,2025-09-20 07:00:00,42,test,0.249,0.24774125
Merzenhausen,2025-09-20 08:00:00,42,test,0.252,0.24768205
Merzenhausen,2025-09-20 09:00:00,42,test,0.251,0.24763693
Merzenhausen,2025-09-20 10:00:00,42,test,0.251,0.2481477
Merzenhausen,2025-09-20 11:00:00,42,test,0.25,0.24853995
Merzenhausen,2025-09-20 12:00:00,42,test,0.25,0.24955317
Merzenhausen,2025-09-20 13:00:00,42,test,0.251,0.25075293
Merzenhausen,2025-09-20 14:00:00,42,test,0.248,0.25178444
Merzenhausen,2025-09-20 15:00:00,42,test,0.246,0.25221
Merzenhausen,2025-09-20 16:00:00,42,test,0.249,0.25254273
Merzenhausen,2025-09-20 17:00:00,42,test,0.247,0.25235203
Merzenhausen,2025-09-20 18:00:00,42,test,0.244,0.2520445
Merzenhausen,2025-09-20 19:00:00,42,test,0.245,0.25175044
Merzenhausen,2025-09-20 20:00:00,42,test,0.246,0.25123715
Merzenhausen,2025-09-20 21:00:00,42,test,0.244,0.2511199
Merzenhausen,2025-09-20 22:00:00,42,test,0.243,0.2514812
Merzenhausen,2025-09-20 23:00:00,42,test,0.243,0.25164095
Merzenhausen,2025-09-21 00:00:00,42,test,0.244,0.25217384
Merzenhausen,2025-09-21 01:00:00,42,test,0.241,0.26833323
Merzenhausen,2025-09-21 02:00:00,42,test,0.243,0.27611297
Merzenhausen,2025-09-21 03:00:00,42,test,0.244,0.2769638
Merzenhausen,2025-09-21 04:00:00,42,test,0.241,0.2745532
Merzenhausen,2025-09-21 05:00:00,42,test,0.242,0.27096367
Merzenhausen,2025-09-21 06:00:00,42,test,0.242,0.26709935
Merzenhausen,2025-09-21 07:00:00,42,test,0.239,0.2641197
Merzenhausen,2025-09-21 08:00:00,42,test,0.241,0.2628001
Merzenhausen,2025-09-21 09:00:00,42,test,0.243,0.2613185
Merzenhausen,2025-09-21 10:00:00,42,test,0.242,0.26002312
Merzenhausen,2025-09-21 11:00:00,42,test,0.242,0.25922185
Merzenhausen,2025-09-21 12:00:00,42,test,0.243,0.25853404
Merzenhausen,2025-09-21 13:00:00,42,test,0.241,0.25765967
Merzenhausen,2025-09-21 14:00:00,42,test,0.242,0.25675982
Merzenhausen,2025-09-21 15:00:00,42,test,0.241,0.25554916
Merzenhausen,2025-09-21 16:00:00,42,test,0.242,0.25422463
Merzenhausen,2025-09-21 17:00:00,42,test,0.24,0.2527284
Merzenhausen,2025-09-21 18:00:00,42,test,0.241,0.2513198
Merzenhausen,2025-09-21 19:00:00,42,test,0.242,0.24991667
Merzenhausen,2025-09-21 20:00:00,42,test,0.24,0.24851845
Merzenhausen,2025-09-21 21:00:00,42,test,0.239,0.24760154
Merzenhausen,2025-09-21 22:00:00,42,test,0.24,0.24676839
Merzenhausen,2025-09-21 23:00:00,42,test,0.238,0.24607193
Merzenhausen,2025-09-22 00:00:00,42,test,0.238,0.24515764
Merzenhausen,2025-09-22 01:00:00,42,test,0.241,0.24367377
Merzenhausen,2025-09-22 02:00:00,42,test,0.238,0.24470453
Merzenhausen,2025-09-22 03:00:00,42,test,0.237,0.24383067
Merzenhausen,2025-09-22 04:00:00,42,test,0.239,0.24486175
Merzenhausen,2025-09-22 05:00:00,42,test,0.24,0.24388783
Merzenhausen,2025-09-22 06:00:00,42,test,0.237,0.2419415
Merzenhausen,2025-09-22 07:00:00,42,test,0.237,0.24006991
Merzenhausen,2025-09-22 08:00:00,42,test,0.24,0.23927411
Merzenhausen,2025-09-22 09:00:00,42,test,0.237,0.2392245
Merzenhausen,2025-09-22 10:00:00,42,test,0.237,0.23959525
Merzenhausen,2025-09-22 11:00:00,42,test,0.237,0.2400939
Merzenhausen,2025-09-22 12:00:00,42,test,0.238,0.24075255
Merzenhausen,2025-09-22 13:00:00,42,test,0.237,0.24171788
Merzenhausen,2025-09-22 14:00:00,42,test,0.237,0.24227165
Merzenhausen,2025-09-22 15:00:00,42,test,0.237,0.24234073
Merzenhausen,2025-09-22 16:00:00,42,test,0.237,0.24271317
Merzenhausen,2025-09-22 17:00:00,42,test,0.237,0.24292713
Merzenhausen,2025-09-22 18:00:00,42,test,0.238,0.24259654
Merzenhausen,2025-09-22 19:00:00,42,test,0.238,0.2422207
Merzenhausen,2025-09-22 20:00:00,42,test,0.235,0.24197236
Merzenhausen,2025-09-22 21:00:00,42,test,0.236,0.24144906
Merzenhausen,2025-09-22 22:00:00,42,test,0.236,0.24063386
Merzenhausen,2025-09-22 23:00:00,42,test,0.238,0.23980963
Merzenhausen,2025-09-23 00:00:00,42,test,0.238,0.23914655
Merzenhausen,2025-09-23 01:00:00,42,test,0.233,0.23791349
Merzenhausen,2025-09-23 02:00:00,42,test,0.235,0.23674127
Merzenhausen,2025-09-23 03:00:00,42,test,0.236,0.23584242
Merzenhausen,2025-09-23 04:00:00,42,test,0.232,0.23461962
Merzenhausen,2025-09-23 05:00:00,42,test,0.234,0.23348865
Merzenhausen,2025-09-23 06:00:00,42,test,0.234,0.23270276
Merzenhausen,2025-09-23 07:00:00,42,test,0.236,0.23213047
Merzenhausen,2025-09-23 08:00:00,42,test,0.237,0.23225957
Merzenhausen,2025-09-23 09:00:00,42,test,0.237,0.23320861
Merzenhausen,2025-09-23 10:00:00,42,test,0.234,0.23429668
Merzenhausen,2025-09-23 11:00:00,42,test,0.234,0.23540118
Merzenhausen,2025-09-23 12:00:00,42,test,0.233,0.23670712
Merzenhausen,2025-09-23 13:00:00,42,test,0.234,0.23740344
Merzenhausen,2025-09-23 14:00:00,42,test,0.234,0.23812635
Merzenhausen,2025-09-23 15:00:00,42,test,0.235,0.23866531
Merzenhausen,2025-09-23 16:00:00,42,test,0.234,0.23917632
Merzenhausen,2025-09-23 17:00:00,42,test,0.232,0.23933357
Merzenhausen,2025-09-23 18:00:00,42,test,0.232,0.23944913
Merzenhausen,2025-09-23 19:00:00,42,test,0.235,0.23956266
Merzenhausen,2025-09-23 20:00:00,42,test,0.234,0.23921727
Merzenhausen,2025-09-23 21:00:00,42,test,0.235,0.23855871
Merzenhausen,2025-09-23 22:00:00,42,test,0.235,0.23804069
Merzenhausen,2025-09-23 23:00:00,42,test,0.235,0.23710878
Merzenhausen,2025-09-24 00:00:00,42,test,0.236,0.23596403
Merzenhausen,2025-09-24 01:00:00,42,test,0.235,0.2352242
Merzenhausen,2025-09-24 02:00:00,42,test,0.236,0.23404056
Merzenhausen,2025-09-24 03:00:00,42,test,0.235,0.23250787
Merzenhausen,2025-09-24 04:00:00,42,test,0.2525,0.231189
Merzenhausen,2025-09-24 05:00:00,42,test,0.236,0.23041922
Merzenhausen,2025-09-24 06:00:00,42,test,0.236,0.22965188
Merzenhausen,2025-09-24 07:00:00,42,test,0.232,0.22925963
Merzenhausen,2025-09-24 08:00:00,42,test,0.236,0.22991042
Merzenhausen,2025-09-24 09:00:00,42,test,0.254,0.23079303
Merzenhausen,2025-09-24 10:00:00,42,test,0.234,0.23181461
Merzenhausen,2025-09-24 11:00:00,42,test,0.254,0.2328529
Merzenhausen,2025-09-24 12:00:00,42,test,0.235,0.23409581
Merzenhausen,2025-09-24 13:00:00,42,test,0.2545,0.23513493
Merzenhausen,2025-09-24 14:00:00,42,test,0.253,0.236124
Merzenhausen,2025-09-24 15:00:00,42,test,0.2335,0.23696893
Merzenhausen,2025-09-24 16:00:00,42,test,0.234,0.2376571
Merzenhausen,2025-09-24 17:00:00,42,test,0.255,0.23814934
Merzenhausen,2025-09-24 18:00:00,42,test,0.236,0.23857313
Merzenhausen,2025-09-24 19:00:00,42,test,0.233,0.23885614
Merzenhausen,2025-09-24 20:00:00,42,test,0.233,0.23843817
Merzenhausen,2025-09-24 21:00:00,42,test,0.234,0.23783329
Merzenhausen,2025-09-24 22:00:00,42,test,0.237,0.23709483
Merzenhausen,2025-09-24 23:00:00,42,test,0.234,0.23636514
Merzenhausen,2025-09-25 00:00:00,42,test,0.234,0.23572335
Merzenhausen,2025-09-25 01:00:00,42,test,0.234,0.23425311
Merzenhausen,2025-09-25 02:00:00,42,test,0.235,0.23275483
Merzenhausen,2025-09-25 03:00:00,42,test,0.231,0.23309633
Merzenhausen,2025-09-25 04:00:00,42,test,0.232,0.23218255
Merzenhausen,2025-09-25 05:00:00,42,test,0.232,0.23570353
Merzenhausen,2025-09-25 06:00:00,42,test,0.232,0.2347846
Merzenhausen,2025-09-25 07:00:00,42,test,0.235,0.23278105
Merzenhausen,2025-09-25 08:00:00,42,test,0.235,0.23131345
Merzenhausen,2025-09-25 09:00:00,42,test,0.235,0.23072824
Merzenhausen,2025-09-25 10:00:00,42,test,0.231,0.23057227
Merzenhausen,2025-09-25 11:00:00,42,test,0.234,0.23092808
Merzenhausen,2025-09-25 12:00:00,42,test,0.234,0.2316692
Merzenhausen,2025-09-25 13:00:00,42,test,0.233,0.23420374
Merzenhausen,2025-09-25 14:00:00,42,test,0.234,0.23573272
Merzenhausen,2025-09-25 15:00:00,42,test,0.234,0.2389369
Merzenhausen,2025-09-25 16:00:00,42,test,0.234,0.24002145
Merzenhausen,2025-10-08 19:00:00,42,test,0.242,0.24925661
Merzenhausen,2025-10-08 20:00:00,42,test,0.249,0.24799083
Merzenhausen,2025-10-08 21:00:00,42,test,0.246,0.24924788
Merzenhausen,2025-10-08 22:00:00,42,test,0.247,0.25150213
Merzenhausen,2025-10-08 23:00:00,42,test,0.247,0.2516076
Merzenhausen,2025-10-09 00:00:00,42,test,0.248,0.25073105
Merzenhausen,2025-10-09 01:00:00,42,test,0.257,0.24940442
Merzenhausen,2025-10-09 02:00:00,42,test,0.246,0.24811211
Merzenhausen,2025-10-09 03:00:00,42,test,0.2545,0.24696848
Merzenhausen,2025-10-09 04:00:00,42,test,0.254,0.24462956
Merzenhausen,2025-10-09 05:00:00,42,test,0.249,0.24297976
Merzenhausen,2025-10-09 06:00:00,42,test,0.246,0.24213949
Merzenhausen,2025-10-09 07:00:00,42,test,0.246,0.24402466
Merzenhausen,2025-10-09 08:00:00,42,test,0.2565,0.24501047
Merzenhausen,2025-10-09 09:00:00,42,test,0.251,0.24754268
Merzenhausen,2025-10-09 10:00:00,42,test,0.251,0.248192
Merzenhausen,2025-10-09 11:00:00,42,test,0.249,0.24842486
Merzenhausen,2025-10-09 12:00:00,42,test,0.25,0.24793819
Merzenhausen,2025-10-09 13:00:00,42,test,0.2545,0.2478787
Merzenhausen,2025-10-09 14:00:00,42,test,0.252,0.24748977
Merzenhausen,2025-10-17 06:00:00,42,test,0.228,0.22660123
Merzenhausen,2025-10-17 07:00:00,42,test,0.23,0.22599709
Merzenhausen,2025-10-17 08:00:00,42,test,0.229,0.22586285
Merzenhausen,2025-10-17 09:00:00,42,test,0.24,0.22671269
Merzenhausen,2025-10-17 10:00:00,42,test,0.232,0.22767277
Merzenhausen,2025-10-17 11:00:00,42,test,0.229,0.22960179
Merzenhausen,2025-10-17 12:00:00,42,test,0.226,0.23163646
Merzenhausen,2025-10-17 13:00:00,42,test,0.227,0.23336077
Merzenhausen,2025-10-17 14:00:00,42,test,0.229,0.23479585
Merzenhausen,2025-10-17 15:00:00,42,test,0.228,0.23540244
Merzenhausen,2025-10-17 16:00:00,42,test,0.23,0.23562263
Merzenhausen,2025-10-17 17:00:00,42,test,0.232,0.23553072
Merzenhausen,2025-10-17 18:00:00,42,test,0.23,0.23485251
Merzenhausen,2025-10-17 19:00:00,42,test,0.228,0.23433237
Merzenhausen,2025-10-17 20:00:00,42,test,0.228,0.233465
Merzenhausen,2025-10-17 21:00:00,42,test,0.229,0.23246735
Merzenhausen,2025-10-17 22:00:00,42,test,0.229,0.23108079
Merzenhausen,2025-10-17 23:00:00,42,test,0.227,0.22995399
Merzenhausen,2025-10-18 00:00:00,42,test,0.226,0.22877954
Merzenhausen,2025-10-18 01:00:00,42,test,0.227,0.2277904
Merzenhausen,2025-10-18 02:00:00,42,test,0.227,0.22660768
Merzenhausen,2025-10-18 03:00:00,42,test,0.227,0.22505727
Merzenhausen,2025-10-18 04:00:00,42,test,0.227,0.22377853
Merzenhausen,2025-10-18 05:00:00,42,test,0.227,0.22281696
Merzenhausen,2025-10-18 06:00:00,42,test,0.227,0.22184369
Merzenhausen,2025-10-18 07:00:00,42,test,0.243,0.22113621
Merzenhausen,2025-10-18 08:00:00,42,test,0.227,0.2204222
Merzenhausen,2025-10-18 09:00:00,42,test,0.2445,0.22019848
Merzenhausen,2025-10-18 10:00:00,42,test,0.23,0.22088552
Merzenhausen,2025-10-18 11:00:00,42,test,0.229,0.22251835
Merzenhausen,2025-10-18 12:00:00,42,test,0.244,0.22485031
Merzenhausen,2025-10-18 13:00:00,42,test,0.2435,0.2278026
Merzenhausen,2025-10-18 14:00:00,42,test,0.231,0.22954826
Merzenhausen,2025-10-18 15:00:00,42,test,0.23,0.2308207
Merzenhausen,2025-10-18 16:00:00,42,test,0.229,0.2316124
Merzenhausen,2025-10-18 17:00:00,42,test,0.228,0.23197992
Merzenhausen,2025-10-18 18:00:00,42,test,0.228,0.2310378
Merzenhausen,2025-10-18 19:00:00,42,test,0.238,0.22913966
Merzenhausen,2025-10-18 20:00:00,42,test,0.229,0.22724575
Merzenhausen,2025-10-18 21:00:00,42,test,0.23,0.22562006
Merzenhausen,2025-10-18 22:00:00,42,test,0.228,0.22468802
Merzenhausen,2025-10-18 23:00:00,42,test,0.228,0.22416732
Merzenhausen,2025-10-19 00:00:00,42,test,0.2375,0.2233345
Merzenhausen,2025-10-19 01:00:00,42,test,0.225,0.22178765
Merzenhausen,2025-10-19 02:00:00,42,test,0.227,0.22014832
Merzenhausen,2025-10-19 03:00:00,42,test,0.229,0.2184852
Merzenhausen,2025-10-19 04:00:00,42,test,0.228,0.21695305
Merzenhausen,2025-10-19 05:00:00,42,test,0.23,0.21567358
Merzenhausen,2025-10-19 06:00:00,42,test,0.233,0.21487308
Merzenhausen,2025-10-19 07:00:00,42,test,0.234,0.21494359
Merzenhausen,2025-10-19 08:00:00,42,test,0.236,0.21551229
Merzenhausen,2025-10-19 09:00:00,42,test,0.237,0.21838154
Merzenhausen,2025-10-19 10:00:00,42,test,0.238,0.22098817
Merzenhausen,2025-10-19 11:00:00,42,test,0.238,0.22260293
Merzenhausen,2025-10-19 12:00:00,42,test,0.238,0.22315785
Merzenhausen,2025-10-19 13:00:00,42,test,0.238,0.22349681
Merzenhausen,2025-10-19 14:00:00,42,test,0.235,0.22418626
Merzenhausen,2025-10-19 15:00:00,42,test,0.238,0.22490776
Merzenhausen,2025-10-19 16:00:00,42,test,0.236,0.22585377
Merzenhausen,2025-10-19 17:00:00,42,test,0.234,0.22706084
Merzenhausen,2025-10-19 18:00:00,42,test,0.235,0.22786605
Merzenhausen,2025-10-19 19:00:00,42,test,0.236,0.22773626
Merzenhausen,2025-10-19 20:00:00,42,test,0.232,0.22763626
Merzenhausen,2025-10-19 21:00:00,42,test,0.233,0.22699764
Merzenhausen,2025-10-19 22:00:00,42,test,0.233,0.22697857
Merzenhausen,2025-10-19 23:00:00,42,test,0.234,0.22628203
Merzenhausen,2025-10-20 00:00:00,42,test,0.234,0.22525343
Merzenhausen,2025-10-20 01:00:00,42,test,0.245,0.2244901
Merzenhausen,2025-10-20 02:00:00,42,test,0.243,0.22454156
Merzenhausen,2025-12-19 11:00:00,42,test,0.3319999999999999,0.29758433
Merzenhausen,2025-12-19 12:00:00,42,test,0.308,0.30009067
Merzenhausen,2025-12-19 13:00:00,42,test,0.308,0.30028203
Merzenhausen,2025-12-19 14:00:00,42,test,0.308,0.29923514
Merzenhausen,2025-12-19 15:00:00,42,test,0.311,0.29780215
Merzenhausen,2025-12-19 16:00:00,42,test,0.307,0.29648623
Merzenhausen,2025-12-19 17:00:00,42,test,0.3295,0.29495257
Merzenhausen,2025-12-19 18:00:00,42,test,0.308,0.29355407
Merzenhausen,2025-12-19 19:00:00,42,test,0.308,0.29189396
Merzenhausen,2025-12-19 20:00:00,42,test,0.309,0.29008543
Merzenhausen,2025-12-19 21:00:00,42,test,0.31,0.28811413
Merzenhausen,2025-12-19 22:00:00,42,test,0.308,0.28618816
Merzenhausen,2025-12-19 23:00:00,42,test,0.309,0.2839913
Merzenhausen,2025-12-20 00:00:00,42,test,0.309,0.28194466
Merzenhausen,2025-12-20 01:00:00,42,test,0.31,0.27996215
Merzenhausen,2025-12-20 02:00:00,42,test,0.31,0.27846718
Merzenhausen,2025-12-20 03:00:00,42,test,0.308,0.2771528
Merzenhausen,2025-12-20 04:00:00,42,test,0.308,0.27610537
Merzenhausen,2025-12-20 05:00:00,42,test,0.307,0.27562404
Merzenhausen,2025-12-20 06:00:00,42,test,0.308,0.2753612
Merzenhausen,2025-12-20 07:00:00,42,test,0.308,0.27534983
Merzenhausen,2025-12-20 08:00:00,42,test,0.306,0.27538207
Merzenhausen,2025-12-20 09:00:00,42,test,0.307,0.27588043
Merzenhausen,2025-12-20 10:00:00,42,test,0.307,0.27672565
Merzenhausen,2025-12-20 11:00:00,42,test,0.31,0.27781215
Merzenhausen,2025-12-20 12:00:00,42,test,0.306,0.2787345
Merzenhausen,2025-12-20 13:00:00,42,test,0.308,0.2797193
Merzenhausen,2025-12-20 14:00:00,42,test,0.308,0.28044975
Merzenhausen,2025-12-20 15:00:00,42,test,0.308,0.28151113
Merzenhausen,2025-12-20 16:00:00,42,test,0.308,0.2824534
Merzenhausen,2025-12-20 17:00:00,42,test,0.305,0.28290054
Merzenhausen,2025-12-20 18:00:00,42,test,0.306,0.28365153
Merzenhausen,2025-12-20 19:00:00,42,test,0.306,0.28375977
Merzenhausen,2025-12-20 20:00:00,42,test,0.308,0.28393635
Merzenhausen,2025-12-20 21:00:00,42,test,0.308,0.28415605
Merzenhausen,2025-12-20 22:00:00,42,test,0.305,0.2837488
Merzenhausen,2025-12-20 23:00:00,42,test,0.306,0.28373522
Merzenhausen,2025-12-21 00:00:00,42,test,0.306,0.28383386
Merzenhausen,2025-12-21 01:00:00,42,test,0.305,0.28402942
Merzenhausen,2025-12-21 02:00:00,42,test,0.306,0.28426367
Merzenhausen,2025-12-21 03:00:00,42,test,0.306,0.28452018
Merzenhausen,2025-12-21 04:00:00,42,test,0.306,0.28474817
Merzenhausen,2025-12-21 05:00:00,42,test,0.306,0.28489742
Merzenhausen,2025-12-21 06:00:00,42,test,0.305,0.28529063
Merzenhausen,2025-12-21 07:00:00,42,test,0.303,0.28566828
Merzenhausen,2025-12-21 08:00:00,42,test,0.305,0.28591973
Merzenhausen,2025-12-21 09:00:00,42,test,0.304,0.2860432
Merzenhausen,2025-12-21 10:00:00,42,test,0.306,0.28594342
Merzenhausen,2025-12-21 11:00:00,42,test,0.305,0.28895596
Merzenhausen,2025-12-21 12:00:00,42,test,0.306,0.28940338
Merzenhausen,2025-12-21 13:00:00,42,test,0.306,0.28882217
Merzenhausen,2025-12-21 14:00:00,42,test,0.306,0.28786498
Merzenhausen,2025-12-21 15:00:00,42,test,0.306,0.28745922
Merzenhausen,2025-12-21 16:00:00,42,test,0.306,0.28663266
Merzenhausen,2025-12-21 17:00:00,42,test,0.303,0.28906262
Merzenhausen,2025-12-21 18:00:00,42,test,0.303,0.28892922
Merzenhausen,2025-12-21 19:00:00,42,test,0.303,0.28773135
Merzenhausen,2025-12-21 20:00:00,42,test,0.304,0.28657568
Merzenhausen,2025-12-21 21:00:00,42,test,0.303,0.2857315
Merzenhausen,2025-12-21 22:00:00,42,test,0.304,0.2850583
Merzenhausen,2025-12-21 23:00:00,42,test,0.303,0.28468937
Merzenhausen,2025-12-22 00:00:00,42,test,0.303,0.28414965
Merzenhausen,2025-12-22 01:00:00,42,test,0.303,0.28328854
Merzenhausen,2025-12-22 02:00:00,42,test,0.303,0.28221244
Merzenhausen,2025-12-22 03:00:00,42,test,0.303,0.28127638
Merzenhausen,2025-12-22 04:00:00,42,test,0.303,0.280363
Merzenhausen,2025-12-22 05:00:00,42,test,0.301,0.27940458
Merzenhausen,2025-12-22 06:00:00,42,test,0.301,0.27878195
Selhausen,2023-12-25 07:00:00,42,test,0.341,0.33035472
Selhausen,2023-12-25 08:00:00,42,test,0.341,0.3312616
Selhausen,2023-12-25 09:00:00,42,test,0.344,0.33171254
Selhausen,2023-12-25 10:00:00,42,test,0.341,0.33191663
Selhausen,2023-12-25 11:00:00,42,test,0.341,0.33195117
Selhausen,2023-12-25 12:00:00,42,test,0.343,0.33208942
Selhausen,2023-12-25 13:00:00,42,test,0.342,0.33184052
Selhausen,2023-12-25 14:00:00,42,test,0.338,0.3313128
Selhausen,2023-12-25 15:00:00,42,test,0.343,0.3307667
Selhausen,2023-12-25 16:00:00,42,test,0.343,0.33013797
Selhausen,2023-12-25 17:00:00,42,test,0.354,0.3299126
Selhausen,2023-12-25 18:00:00,42,test,0.348,0.32925597
Selhausen,2023-12-25 19:00:00,42,test,0.345,0.32901382
Selhausen,2023-12-25 20:00:00,42,test,0.3389999999999999,0.32900077
Selhausen,2023-12-25 21:00:00,42,test,0.337,0.3291301
Selhausen,2023-12-25 22:00:00,42,test,0.336,0.32969773
Selhausen,2023-12-25 23:00:00,42,test,0.354,0.329911
Selhausen,2023-12-26 00:00:00,42,test,0.347,0.32990575
Selhausen,2023-12-26 01:00:00,42,test,0.341,0.32979348
Selhausen,2023-12-26 02:00:00,42,test,0.3389999999999999,0.3294288
Selhausen,2023-12-26 03:00:00,42,test,0.3375,0.32911527
Selhausen,2023-12-26 04:00:00,42,test,0.3369999999999999,0.32937628
Selhausen,2023-12-26 05:00:00,42,test,0.359,0.32916385
Selhausen,2023-12-26 06:00:00,42,test,0.346,0.3286937
Selhausen,2023-12-26 07:00:00,42,test,0.348,0.32832605
Selhausen,2023-12-26 08:00:00,42,test,0.3349999999999999,0.3280033
Selhausen,2023-12-26 09:00:00,42,test,0.348,0.3274963
Selhausen,2023-12-26 10:00:00,42,test,0.354,0.3272267
Selhausen,2023-12-26 11:00:00,42,test,0.345,0.3273914
Selhausen,2023-12-26 12:00:00,42,test,0.347,0.32715333
Selhausen,2023-12-26 13:00:00,42,test,0.341,0.32690236
Selhausen,2023-12-26 14:00:00,42,test,0.341,0.32643995
Selhausen,2023-12-26 15:00:00,42,test,0.354,0.3260622
Selhausen,2023-12-26 16:00:00,42,test,0.343,0.32552537
Selhausen,2023-12-26 17:00:00,42,test,0.345,0.32488155
Selhausen,2023-12-26 18:00:00,42,test,0.34,0.32425538
Selhausen,2023-12-26 19:00:00,42,test,0.352,0.32358426
Selhausen,2023-12-26 20:00:00,42,test,0.345,0.32250935
Selhausen,2023-12-26 21:00:00,42,test,0.344,0.32136154
Selhausen,2023-12-26 22:00:00,42,test,0.348,0.32022855
Selhausen,2023-12-26 23:00:00,42,test,0.345,0.31925917
Selhausen,2023-12-27 00:00:00,42,test,0.347,0.31832066
Selhausen,2023-12-27 01:00:00,42,test,0.345,0.31704897
Selhausen,2023-12-27 02:00:00,42,test,0.345,0.31544346
Selhausen,2023-12-27 03:00:00,42,test,0.345,0.31424212
Selhausen,2023-12-27 04:00:00,42,test,0.347,0.3132915
Selhausen,2023-12-27 05:00:00,42,test,0.345,0.31249207
Selhausen,2023-12-27 06:00:00,42,test,0.341,0.31192505
Selhausen,2023-12-27 07:00:00,42,test,0.34,0.3116239
Selhausen,2023-12-27 08:00:00,42,test,0.343,0.31155515
Selhausen,2023-12-27 09:00:00,42,test,0.3399999999999999,0.31195992
Selhausen,2023-12-27 10:00:00,42,test,0.3645,0.31218892
Selhausen,2023-12-27 11:00:00,42,test,0.3475,0.31254345
Selhausen,2023-12-27 12:00:00,42,test,0.329,0.31316727
Selhausen,2023-12-27 13:00:00,42,test,0.36,0.31379712
Selhausen,2023-12-27 14:00:00,42,test,0.3515,0.31393003
Selhausen,2023-12-27 15:00:00,42,test,0.3675,0.31443733
Selhausen,2023-12-27 16:00:00,42,test,0.3705,0.31498307
Selhausen,2023-12-27 17:00:00,42,test,0.356,0.31648904
Selhausen,2023-12-27 18:00:00,42,test,0.3745,0.31759912
Selhausen,2023-12-27 19:00:00,42,test,0.3625,0.31819737
Selhausen,2023-12-27 20:00:00,42,test,0.352,0.31792492
Selhausen,2023-12-27 21:00:00,42,test,0.367,0.31730968
Selhausen,2023-12-27 22:00:00,42,test,0.364,0.31693
Selhausen,2023-12-27 23:00:00,42,test,0.364,0.3182977
Selhausen,2023-12-28 00:00:00,42,test,0.385,0.31932357
Selhausen,2023-12-28 01:00:00,42,test,0.371,0.31951493
Selhausen,2023-12-28 02:00:00,42,test,0.362,0.3191256
Selhausen,2023-12-28 03:00:00,42,test,0.356,0.3183593
Selhausen,2023-12-28 04:00:00,42,test,0.37,0.3175109
Selhausen,2023-12-28 05:00:00,42,test,0.3595,0.31852874
Selhausen,2023-12-28 06:00:00,42,test,0.368,0.31896037
Selhausen,2023-12-28 07:00:00,42,test,0.368,0.31919748
Selhausen,2023-12-28 08:00:00,42,test,0.354,0.3180999
Selhausen,2023-12-28 09:00:00,42,test,0.3575,0.31796485
Selhausen,2023-12-28 10:00:00,42,test,0.363,0.31890145
Selhausen,2023-12-28 11:00:00,42,test,0.3555,0.3192063
Selhausen,2023-12-28 12:00:00,42,test,0.365,0.3194784
Selhausen,2023-12-28 13:00:00,42,test,0.363,0.3192489
Selhausen,2023-12-28 14:00:00,42,test,0.365,0.31885514
Selhausen,2023-12-28 15:00:00,42,test,0.365,0.31978264
Selhausen,2023-12-28 16:00:00,42,test,0.361,0.31990838
Selhausen,2023-12-28 17:00:00,42,test,0.361,0.31984705
Selhausen,2023-12-28 18:00:00,42,test,0.36,0.31919014
Selhausen,2023-12-28 19:00:00,42,test,0.36,0.31962416
Selhausen,2023-12-28 20:00:00,42,test,0.362,0.31978253
Selhausen,2023-12-28 21:00:00,42,test,0.36,0.31982404
Selhausen,2023-12-28 22:00:00,42,test,0.361,0.32024437
Selhausen,2023-12-28 23:00:00,42,test,0.362,0.3204865
Selhausen,2023-12-29 00:00:00,42,test,0.362,0.32079083
Selhausen,2023-12-29 01:00:00,42,test,0.355,0.3208069
Selhausen,2023-12-29 02:00:00,42,test,0.357,0.3206504
Selhausen,2023-12-29 03:00:00,42,test,0.353,0.32043236
Selhausen,2023-12-29 04:00:00,42,test,0.364,0.32028496
Selhausen,2023-12-29 05:00:00,42,test,0.352,0.31997946
Selhausen,2023-12-29 06:00:00,42,test,0.355,0.31927735
Selhausen,2023-12-29 07:00:00,42,test,0.357,0.31830788
Selhausen,2023-12-29 08:00:00,42,test,0.353,0.31819975
Selhausen,2023-12-29 09:00:00,42,test,0.353,0.31848142
Selhausen,2023-12-29 10:00:00,42,test,0.355,0.32055578
Selhausen,2023-12-29 11:00:00,42,test,0.355,0.3211396
Selhausen,2023-12-29 12:00:00,42,test,0.355,0.3193785
Selhausen,2023-12-29 13:00:00,42,test,0.352,0.3202154
Selhausen,2024-02-13 11:00:00,42,test,0.343,0.3124328
Selhausen,2024-02-13 12:00:00,42,test,0.341,0.31250855
Selhausen,2024-02-13 13:00:00,42,test,0.355,0.3125142
Selhausen,2024-02-13 14:00:00,42,test,0.34,0.31286836
Selhausen,2024-02-13 15:00:00,42,test,0.327,0.31294164
Selhausen,2024-02-13 16:00:00,42,test,0.343,0.31332475
Selhausen,2024-02-13 17:00:00,42,test,0.338,0.3137616
Selhausen,2024-02-13 18:00:00,42,test,0.3355,0.31402087
Selhausen,2024-02-13 19:00:00,42,test,0.336,0.31333792
Selhausen,2024-02-13 20:00:00,42,test,0.34,0.31342608
Selhausen,2024-02-13 21:00:00,42,test,0.341,0.31362286
Selhausen,2024-02-13 22:00:00,42,test,0.336,0.313154
Selhausen,2024-02-13 23:00:00,42,test,0.334,0.31258386
Selhausen,2024-02-14 00:00:00,42,test,0.338,0.3123958
Selhausen,2024-02-14 01:00:00,42,test,0.331,0.31208026
Selhausen,2024-02-14 02:00:00,42,test,0.338,0.31197977
Selhausen,2024-02-14 03:00:00,42,test,0.336,0.31189832
Selhausen,2024-02-14 04:00:00,42,test,0.338,0.31189218
Selhausen,2024-02-14 05:00:00,42,test,0.336,0.31225532
Selhausen,2024-02-14 06:00:00,42,test,0.34,0.3126505
Selhausen,2024-02-14 07:00:00,42,test,0.338,0.3127372
Selhausen,2024-02-14 08:00:00,42,test,0.338,0.3124412
Selhausen,2024-02-14 09:00:00,42,test,0.338,0.3114975
Selhausen,2024-02-14 10:00:00,42,test,0.333,0.31074864
Selhausen,2024-02-14 11:00:00,42,test,0.338,0.31024384
Selhausen,2024-02-14 12:00:00,42,test,0.331,0.30997008
Selhausen,2024-02-14 13:00:00,42,test,0.336,0.30997264
Selhausen,2024-02-14 14:00:00,42,test,0.333,0.31002074
Selhausen,2024-02-14 15:00:00,42,test,0.331,0.3097301
Selhausen,2024-02-14 16:00:00,42,test,0.351,0.31010514
Selhausen,2024-02-14 17:00:00,42,test,0.35,0.31092158
Selhausen,2024-02-14 18:00:00,42,test,0.36,0.31044656
Selhausen,2024-02-14 19:00:00,42,test,0.346,0.31023282
Selhausen,2024-02-14 20:00:00,42,test,0.36,0.31127256
Selhausen,2024-02-14 21:00:00,42,test,0.359,0.3117246
Selhausen,2024-02-14 22:00:00,42,test,0.357,0.31137037
Selhausen,2024-02-14 23:00:00,42,test,0.361,0.31189987
Selhausen,2024-02-15 00:00:00,42,test,0.358,0.3134727
Selhausen,2024-02-15 01:00:00,42,test,0.355,0.31404746
Selhausen,2024-02-15 02:00:00,42,test,0.357,0.31260002
Selhausen,2024-02-15 03:00:00,42,test,0.353,0.31308684
Selhausen,2024-02-15 04:00:00,42,test,0.355,0.3133495
Selhausen,2024-02-15 05:00:00,42,test,0.354,0.3137071
Selhausen,2024-02-15 06:00:00,42,test,0.355,0.31374264
Selhausen,2024-02-15 07:00:00,42,test,0.352,0.31387958
Selhausen,2024-02-15 08:00:00,42,test,0.3405,0.31417492
Selhausen,2024-02-15 09:00:00,42,test,0.352,0.31227472
Selhausen,2024-02-15 10:00:00,42,test,0.35,0.31194773
Selhausen,2024-02-15 11:00:00,42,test,0.35,0.3122411
Selhausen,2024-02-15 12:00:00,42,test,0.325,0.3126574
Selhausen,2024-02-15 13:00:00,42,test,0.349,0.31466967
Selhausen,2024-02-15 14:00:00,42,test,0.322,0.31544292
Selhausen,2024-02-15 15:00:00,42,test,0.349,0.31441897
Selhausen,2024-02-15 16:00:00,42,test,0.349,0.31450596
Selhausen,2024-02-15 17:00:00,42,test,0.351,0.31439298
Selhausen,2024-02-15 18:00:00,42,test,0.344,0.31378376
Selhausen,2024-02-15 19:00:00,42,test,0.35,0.31305456
Selhausen,2024-02-15 20:00:00,42,test,0.348,0.31261992
Selhausen,2024-02-15 21:00:00,42,test,0.342,0.31242162
Selhausen,2024-02-15 22:00:00,42,test,0.342,0.31164724
Selhausen,2024-02-15 23:00:00,42,test,0.349,0.31073514
Selhausen,2024-02-16 00:00:00,42,test,0.342,0.31019205
Selhausen,2024-02-16 01:00:00,42,test,0.351,0.30914664
Selhausen,2024-02-16 02:00:00,42,test,0.338,0.3086815
Selhausen,2024-02-16 03:00:00,42,test,0.338,0.30829462
Selhausen,2024-02-16 04:00:00,42,test,0.344,0.30826885
Selhausen,2024-02-16 05:00:00,42,test,0.34,0.3082356
Selhausen,2024-02-16 06:00:00,42,test,0.344,0.30864948
Selhausen,2024-02-16 07:00:00,42,test,0.344,0.3089597
Selhausen,2024-02-16 08:00:00,42,test,0.342,0.30929315
Selhausen,2024-02-16 09:00:00,42,test,0.344,0.30965814
Selhausen,2024-02-16 10:00:00,42,test,0.34,0.30954576
Selhausen,2024-02-16 11:00:00,42,test,0.344,0.30997112
Selhausen,2024-02-16 12:00:00,42,test,0.342,0.30991912
Selhausen,2024-02-16 13:00:00,42,test,0.34,0.31036586
Selhausen,2024-02-16 14:00:00,42,test,0.345,0.3105458
Selhausen,2024-02-16 15:00:00,42,test,0.349,0.31132063
Selhausen,2024-02-16 16:00:00,42,test,0.349,0.31528443
Selhausen,2024-02-16 17:00:00,42,test,0.35,0.31768292
Selhausen,2024-02-16 18:00:00,42,test,0.347,0.3197138
Selhausen,2024-02-16 19:00:00,42,test,0.365,0.31992257
Selhausen,2024-02-16 20:00:00,42,test,0.3425,0.320648
Selhausen,2024-02-16 21:00:00,42,test,0.389,0.32132497
Selhausen,2024-02-16 22:00:00,42,test,0.379,0.32168585
Selhausen,2024-02-16 23:00:00,42,test,0.381,0.32211933
Selhausen,2024-02-17 00:00:00,42,test,0.381,0.3221952
Selhausen,2024-02-17 01:00:00,42,test,0.375,0.32181874
Selhausen,2024-02-17 02:00:00,42,test,0.38,0.32142407
Selhausen,2024-02-17 03:00:00,42,test,0.378,0.32074106
Selhausen,2024-02-17 04:00:00,42,test,0.38,0.3201814
Selhausen,2024-02-17 05:00:00,42,test,0.375,0.31967038
Selhausen,2024-02-17 06:00:00,42,test,0.367,0.31937718
Selhausen,2024-02-17 07:00:00,42,test,0.369,0.3189997
Selhausen,2024-02-17 08:00:00,42,test,0.367,0.31765103
Selhausen,2024-02-17 09:00:00,42,test,0.364,0.31723467
Selhausen,2024-02-17 10:00:00,42,test,0.366,0.31715953
Selhausen,2024-02-17 11:00:00,42,test,0.365,0.31725684
Selhausen,2024-02-17 12:00:00,42,test,0.365,0.3147844
Selhausen,2024-02-17 13:00:00,42,test,0.361,0.3143616
Selhausen,2024-02-17 14:00:00,42,test,0.36,0.3116421
Selhausen,2024-02-17 15:00:00,42,test,0.36,0.31179193
Selhausen,2024-02-17 16:00:00,42,test,0.362,0.3128333
Selhausen,2024-02-17 17:00:00,42,test,0.363,0.31424043
Selhausen,2024-02-17 18:00:00,42,test,0.363,0.3147192
Selhausen,2024-02-17 19:00:00,42,test,0.358,0.31521595
Selhausen,2024-02-17 20:00:00,42,test,0.385,0.31529307
Selhausen,2024-02-17 21:00:00,42,test,0.376,0.31475005
Selhausen,2024-02-17 22:00:00,42,test,0.373,0.3139999
Selhausen,2024-02-17 23:00:00,42,test,0.376,0.31384882
Selhausen,2024-02-18 00:00:00,42,test,0.378,0.3132391
Selhausen,2024-02-18 01:00:00,42,test,0.375,0.31319696
Selhausen,2024-02-18 02:00:00,42,test,0.373,0.3119741
Selhausen,2024-02-18 03:00:00,42,test,0.372,0.31027776
Selhausen,2024-02-18 04:00:00,42,test,0.372,0.3095188
Selhausen,2024-02-18 05:00:00,42,test,0.372,0.30892316
Selhausen,2024-02-18 06:00:00,42,test,0.367,0.30892152
Selhausen,2024-02-18 07:00:00,42,test,0.367,0.3092692
Selhausen,2024-02-18 08:00:00,42,test,0.369,0.30945885
Selhausen,2024-02-18 09:00:00,42,test,0.366,0.30982465
Selhausen,2024-02-18 10:00:00,42,test,0.369,0.30998534
Selhausen,2024-02-18 11:00:00,42,test,0.373,0.31120533
Selhausen,2024-02-18 12:00:00,42,test,0.362,0.3120541
Selhausen,2024-02-18 13:00:00,42,test,0.363,0.31203642
Selhausen,2024-02-18 14:00:00,42,test,0.325,0.3125824
Selhausen,2024-02-18 15:00:00,42,test,0.365,0.3133574
Selhausen,2024-02-18 16:00:00,42,test,0.36,0.31413972
Selhausen,2024-02-18 17:00:00,42,test,0.365,0.3148806
Selhausen,2024-02-18 18:00:00,42,test,0.36,0.31512395
Selhausen,2024-02-18 19:00:00,42,test,0.365,0.31787196
Selhausen,2024-02-18 20:00:00,42,test,0.358,0.31807706
Selhausen,2024-02-18 21:00:00,42,test,0.358,0.32397115
Selhausen,2024-02-18 22:00:00,42,test,0.362,0.3273436
Selhausen,2024-02-18 23:00:00,42,test,0.353,0.32954195
Selhausen,2024-02-19 00:00:00,42,test,0.351,0.33080196
Selhausen,2024-02-19 01:00:00,42,test,0.349,0.3311642
Selhausen,2024-02-19 02:00:00,42,test,0.35,0.3314009
Selhausen,2024-02-19 03:00:00,42,test,0.355,0.33138356
Selhausen,2024-02-19 04:00:00,42,test,0.36,0.33132884
Selhausen,2024-02-19 05:00:00,42,test,0.347,0.33098844
Selhausen,2024-02-19 06:00:00,42,test,0.348,0.33009174
Selhausen,2024-02-19 07:00:00,42,test,0.349,0.3292692
Selhausen,2024-02-19 08:00:00,42,test,0.353,0.3284736
Selhausen,2024-02-19 09:00:00,42,test,0.35,0.32762903
Selhausen,2024-02-19 10:00:00,42,test,0.352,0.32705426
Selhausen,2024-02-19 11:00:00,42,test,0.348,0.32686216
Selhausen,2024-02-19 12:00:00,42,test,0.349,0.32677275
Selhausen,2024-02-19 13:00:00,42,test,0.349,0.32642683
Selhausen,2024-02-19 14:00:00,42,test,0.344,0.3259806
Selhausen,2024-02-19 15:00:00,42,test,0.342,0.3255943
Selhausen,2024-02-19 16:00:00,42,test,0.348,0.3254588
Selhausen,2024-02-19 17:00:00,42,test,0.34,0.32553297
Selhausen,2024-02-19 18:00:00,42,test,0.348,0.32587886
Selhausen,2024-02-19 19:00:00,42,test,0.338,0.32610282
Selhausen,2024-02-19 20:00:00,42,test,0.348,0.32862228
Selhausen,2024-02-19 21:00:00,42,test,0.351,0.32996723
Selhausen,2024-02-19 22:00:00,42,test,0.351,0.33048302
Selhausen,2024-02-19 23:00:00,42,test,0.341,0.3307226
Selhausen,2024-02-20 00:00:00,42,test,0.3615,0.33088148
Selhausen,2024-04-05 03:00:00,42,test,0.304,0.3291929
Selhausen,2024-04-05 04:00:00,42,test,0.304,0.32927716
Selhausen,2024-04-05 05:00:00,42,test,0.304,0.32919273
Selhausen,2024-04-05 06:00:00,42,test,0.308,0.32908514
Selhausen,2024-04-05 07:00:00,42,test,0.309,0.3287645
Selhausen,2024-04-05 08:00:00,42,test,0.305,0.32856306
Selhausen,2024-04-05 09:00:00,42,test,0.306,0.32793725
Selhausen,2024-04-05 10:00:00,42,test,0.303,0.32731807
Selhausen,2024-04-05 11:00:00,42,test,0.3,0.32665107
Selhausen,2024-04-05 12:00:00,42,test,0.296,0.3258536
Selhausen,2024-04-05 13:00:00,42,test,0.288,0.32506484
Selhausen,2024-04-05 14:00:00,42,test,0.289,0.32487953
Selhausen,2024-04-05 15:00:00,42,test,0.291,0.3247658
Selhausen,2024-04-05 16:00:00,42,test,0.288,0.3249303
Selhausen,2024-04-05 17:00:00,42,test,0.288,0.325105
Selhausen,2024-04-05 18:00:00,42,test,0.287,0.32478017
Selhausen,2024-04-05 19:00:00,42,test,0.288,0.32456964
Selhausen,2024-04-05 20:00:00,42,test,0.287,0.32405218
Selhausen,2024-04-05 21:00:00,42,test,0.288,0.3243723
Selhausen,2024-04-05 22:00:00,42,test,0.285,0.32446676
Selhausen,2024-04-05 23:00:00,42,test,0.29,0.32462475
Selhausen,2024-04-06 00:00:00,42,test,0.31,0.32464284
Selhausen,2024-04-06 01:00:00,42,test,0.339,0.3247272
Selhausen,2024-04-06 02:00:00,42,test,0.341,0.32439584
Selhausen,2024-04-06 03:00:00,42,test,0.339,0.32375357
Selhausen,2024-04-06 04:00:00,42,test,0.337,0.32302213
Selhausen,2024-04-06 05:00:00,42,test,0.328,0.3222501
Selhausen,2024-04-06 06:00:00,42,test,0.326,0.32132772
Selhausen,2024-04-06 07:00:00,42,test,0.323,0.32043895
Selhausen,2024-04-06 08:00:00,42,test,0.323,0.3199217
Selhausen,2024-04-06 09:00:00,42,test,0.323,0.31901366
Selhausen,2024-04-06 10:00:00,42,test,0.321,0.31843925
Selhausen,2024-04-06 11:00:00,42,test,0.317,0.3173464
Selhausen,2024-04-06 12:00:00,42,test,0.313,0.31613708
Selhausen,2024-04-06 13:00:00,42,test,0.315,0.31413573
Selhausen,2024-04-06 14:00:00,42,test,0.315,0.3122933
Selhausen,2024-04-06 15:00:00,42,test,0.312,0.31056896
Selhausen,2024-04-06 16:00:00,42,test,0.31,0.30876285
Selhausen,2024-04-06 17:00:00,42,test,0.2995,0.30663374
Selhausen,2024-04-06 18:00:00,42,test,0.308,0.30497622
Selhausen,2024-04-06 19:00:00,42,test,0.308,0.30316553
Selhausen,2024-04-06 20:00:00,42,test,0.306,0.3006767
Selhausen,2024-04-06 21:00:00,42,test,0.306,0.29793268
Selhausen,2024-04-06 22:00:00,42,test,0.307,0.2959901
Selhausen,2024-04-06 23:00:00,42,test,0.307,0.29497415
Selhausen,2024-04-07 00:00:00,42,test,0.307,0.29308304
Selhausen,2024-04-07 01:00:00,42,test,0.305,0.29114836
Selhausen,2024-04-07 02:00:00,42,test,0.303,0.28942475
Selhausen,2024-04-07 03:00:00,42,test,0.305,0.28767613
Selhausen,2024-04-07 04:00:00,42,test,0.3,0.28621876
Selhausen,2024-04-07 05:00:00,42,test,0.305,0.28520754
Selhausen,2024-04-07 06:00:00,42,test,0.304,0.28501716
Selhausen,2024-04-07 07:00:00,42,test,0.301,0.28562117
Selhausen,2024-04-07 08:00:00,42,test,0.297,0.2859239
Selhausen,2024-04-07 09:00:00,42,test,0.297,0.28605723
Selhausen,2024-04-07 10:00:00,42,test,0.295,0.28582948
Selhausen,2024-04-07 11:00:00,42,test,0.293,0.28497684
Selhausen,2024-04-07 12:00:00,42,test,0.29,0.28329578
Selhausen,2024-04-07 13:00:00,42,test,0.286,0.280284
Selhausen,2024-04-07 14:00:00,42,test,0.285,0.2772948
Selhausen,2024-04-07 15:00:00,42,test,0.279,0.27505982
Selhausen,2024-04-07 16:00:00,42,test,0.277,0.2729529
Selhausen,2024-04-07 17:00:00,42,test,0.279,0.2713018
Selhausen,2024-04-07 18:00:00,42,test,0.275,0.26966858
Selhausen,2024-04-07 19:00:00,42,test,0.274,0.26836106
Selhausen,2024-04-07 20:00:00,42,test,0.273,0.26758057
Selhausen,2024-04-07 21:00:00,42,test,0.273,0.26679456
Selhausen,2024-04-07 22:00:00,42,test,0.276,0.267056
Selhausen,2024-04-07 23:00:00,42,test,0.275,0.2674352
Selhausen,2024-04-08 00:00:00,42,test,0.274,0.27195966
Selhausen,2024-04-08 01:00:00,42,test,0.276,0.279841
Selhausen,2024-04-08 02:00:00,42,test,0.276,0.28790465
Selhausen,2024-04-08 03:00:00,42,test,0.273,0.29468733
Selhausen,2024-04-08 04:00:00,42,test,0.274,0.29935682
Selhausen,2024-04-08 05:00:00,42,test,0.274,0.3016135
Selhausen,2024-04-08 06:00:00,42,test,0.277,0.30221608
Selhausen,2024-04-08 07:00:00,42,test,0.275,0.3016695
Selhausen,2024-04-08 08:00:00,42,test,0.274,0.3006524
Selhausen,2024-04-08 09:00:00,42,test,0.274,0.29954243
Selhausen,2024-04-08 10:00:00,42,test,0.273,0.29835117
Selhausen,2024-04-08 11:00:00,42,test,0.273,0.29693273
Selhausen,2024-04-08 12:00:00,42,test,0.268,0.2950862
Selhausen,2024-04-08 13:00:00,42,test,0.266,0.29389524
Selhausen,2024-04-08 14:00:00,42,test,0.264,0.29315573
Selhausen,2024-04-08 15:00:00,42,test,0.258,0.29190814
Selhausen,2024-04-08 16:00:00,42,test,0.26,0.29042768
Selhausen,2024-04-08 17:00:00,42,test,0.258,0.28767174
Selhausen,2024-04-08 18:00:00,42,test,0.256,0.28606656
Selhausen,2024-04-08 19:00:00,42,test,0.254,0.28501928
Selhausen,2024-04-08 20:00:00,42,test,0.255,0.28408492
Selhausen,2024-04-08 21:00:00,42,test,0.252,0.2834754
Selhausen,2024-04-08 22:00:00,42,test,0.255,0.28310487
Selhausen,2024-04-08 23:00:00,42,test,0.252,0.28270736
Selhausen,2024-04-09 00:00:00,42,test,0.25,0.28304023
Selhausen,2024-04-09 01:00:00,42,test,0.255,0.2829637
Selhausen,2024-04-09 02:00:00,42,test,0.253,0.2824337
Selhausen,2024-04-09 03:00:00,42,test,0.249,0.2822336
Selhausen,2024-04-09 04:00:00,42,test,0.249,0.2816229
Selhausen,2024-04-09 05:00:00,42,test,0.252,0.28154624
Selhausen,2024-04-09 06:00:00,42,test,0.254,0.2815902
Selhausen,2024-04-09 07:00:00,42,test,0.253,0.28135803
Selhausen,2024-04-09 08:00:00,42,test,0.253,0.28051028
Selhausen,2024-04-09 09:00:00,42,test,0.255,0.27963364
Selhausen,2024-04-09 10:00:00,42,test,0.252,0.2787204
Selhausen,2024-04-09 11:00:00,42,test,0.255,0.27753347
Selhausen,2024-04-09 12:00:00,42,test,0.25,0.27576372
Selhausen,2024-04-09 13:00:00,42,test,0.25,0.27340227
Selhausen,2024-04-09 14:00:00,42,test,0.251,0.27120814
Selhausen,2024-04-09 15:00:00,42,test,0.25,0.26830855
Selhausen,2024-04-09 16:00:00,42,test,0.248,0.26507372
Selhausen,2024-04-09 17:00:00,42,test,0.251,0.2627679
Selhausen,2024-04-09 18:00:00,42,test,0.248,0.2605334
Selhausen,2024-04-09 19:00:00,42,test,0.246,0.26020324
Selhausen,2024-04-09 20:00:00,42,test,0.246,0.25873
Selhausen,2024-04-09 21:00:00,42,test,0.248,0.2571886
Selhausen,2024-04-09 22:00:00,42,test,0.244,0.25628203
Selhausen,2024-04-09 23:00:00,42,test,0.245,0.25561875
Selhausen,2024-04-10 00:00:00,42,test,0.246,0.25487784
Selhausen,2024-04-10 01:00:00,42,test,0.244,0.25444645
Selhausen,2024-04-10 02:00:00,42,test,0.248,0.25402614
Selhausen,2024-04-10 03:00:00,42,test,0.248,0.2531195
Selhausen,2024-04-10 04:00:00,42,test,0.243,0.2522402
Selhausen,2024-04-10 05:00:00,42,test,0.249,0.251655
Selhausen,2024-04-10 06:00:00,42,test,0.247,0.25185734
Selhausen,2024-04-10 07:00:00,42,test,0.247,0.252337
Selhausen,2024-04-10 08:00:00,42,test,0.248,0.25282797
Selhausen,2024-04-10 09:00:00,42,test,0.249,0.25338683
Selhausen,2024-04-10 10:00:00,42,test,0.245,0.25375396
Selhausen,2024-04-10 11:00:00,42,test,0.25,0.2540574
Selhausen,2024-04-10 12:00:00,42,test,0.251,0.25348312
Selhausen,2024-04-10 13:00:00,42,test,0.248,0.2521249
Selhausen,2024-04-10 14:00:00,42,test,0.241,0.2504269
Selhausen,2024-04-10 15:00:00,42,test,0.242,0.2475101
Selhausen,2024-04-10 16:00:00,42,test,0.24,0.2452032
Selhausen,2024-04-10 17:00:00,42,test,0.238,0.24333876
Selhausen,2024-04-10 18:00:00,42,test,0.242,0.24164316
Selhausen,2024-04-10 19:00:00,42,test,0.241,0.23996171
Selhausen,2024-04-10 20:00:00,42,test,0.242,0.23819037
Selhausen,2024-04-10 21:00:00,42,test,0.237,0.23643474
Selhausen,2024-04-10 22:00:00,42,test,0.24,0.2353499
Selhausen,2024-04-10 23:00:00,42,test,0.236,0.23439208
Selhausen,2024-04-11 00:00:00,42,test,0.234,0.23298065
Selhausen,2024-04-11 01:00:00,42,test,0.232,0.23237702
Selhausen,2024-04-11 02:00:00,42,test,0.239,0.23196505
Selhausen,2024-04-11 03:00:00,42,test,0.238,0.23130786
Selhausen,2024-04-11 04:00:00,42,test,0.24,0.23094538
Selhausen,2024-04-11 05:00:00,42,test,0.237,0.2308604
Selhausen,2024-04-11 06:00:00,42,test,0.235,0.23161551
Selhausen,2024-04-11 07:00:00,42,test,0.241,0.23263465
Selhausen,2024-04-11 08:00:00,42,test,0.237,0.23375332
Selhausen,2024-04-11 09:00:00,42,test,0.239,0.2352517
Selhausen,2024-04-11 10:00:00,42,test,0.235,0.23609886
Selhausen,2024-04-11 11:00:00,42,test,0.233,0.23718688
Selhausen,2024-04-11 12:00:00,42,test,0.239,0.23753896
Selhausen,2024-04-11 13:00:00,42,test,0.24,0.23739225
Selhausen,2024-04-11 14:00:00,42,test,0.243,0.2370719
Selhausen,2024-04-11 15:00:00,42,test,0.227,0.23651461
Selhausen,2024-04-11 16:00:00,42,test,0.239,0.23563446
Selhausen,2024-04-11 17:00:00,42,test,0.235,0.23538604
Selhausen,2024-04-11 18:00:00,42,test,0.228,0.23481654
Selhausen,2024-04-11 19:00:00,42,test,0.23,0.23388419
Selhausen,2024-04-11 20:00:00,42,test,0.227,0.2329071
Selhausen,2024-04-11 21:00:00,42,test,0.231,0.232372
Selhausen,2024-04-11 22:00:00,42,test,0.226,0.23152214
Selhausen,2024-04-11 23:00:00,42,test,0.228,0.23068687
Selhausen,2024-04-12 00:00:00,42,test,0.227,0.2300884
Selhausen,2024-04-12 01:00:00,42,test,0.228,0.22937709
Selhausen,2024-04-12 02:00:00,42,test,0.224,0.2293634
Selhausen,2024-04-12 03:00:00,42,test,0.224,0.22958066
Selhausen,2024-04-12 04:00:00,42,test,0.225,0.22915
Selhausen,2024-04-12 05:00:00,42,test,0.226,0.22938347
Selhausen,2024-04-12 06:00:00,42,test,0.223,0.22971869
Selhausen,2024-04-12 07:00:00,42,test,0.225,0.23004535
Selhausen,2024-04-12 08:00:00,42,test,0.224,0.23052253
Selhausen,2025-04-23 18:00:00,42,test,0.362,0.3219712
Selhausen,2025-04-23 19:00:00,42,test,0.364,0.32197124
Selhausen,2025-04-23 20:00:00,42,test,0.36,0.3215206
Selhausen,2025-04-23 21:00:00,42,test,0.363,0.3212679
Selhausen,2025-04-23 22:00:00,42,test,0.361,0.32180083
Selhausen,2025-04-23 23:00:00,42,test,0.359,0.3218705
Selhausen,2025-04-24 00:00:00,42,test,0.36,0.3225722
Selhausen,2025-04-24 01:00:00,42,test,0.355,0.3228007
Selhausen,2025-04-24 02:00:00,42,test,0.359,0.32315224
Selhausen,2025-04-24 03:00:00,42,test,0.359,0.3233598
Selhausen,2025-04-24 04:00:00,42,test,0.356,0.32311386
Selhausen,2025-04-24 05:00:00,42,test,0.354,0.3228432
Selhausen,2025-04-24 06:00:00,42,test,0.358,0.32254225
Selhausen,2025-04-24 07:00:00,42,test,0.359,0.322286
Selhausen,2025-04-24 08:00:00,42,test,0.356,0.32188028
Selhausen,2025-04-24 09:00:00,42,test,0.355,0.32141846
Selhausen,2025-04-24 10:00:00,42,test,0.354,0.32099462
Selhausen,2025-04-24 11:00:00,42,test,0.353,0.3214718
Selhausen,2025-04-24 12:00:00,42,test,0.358,0.32291916
Selhausen,2025-04-24 13:00:00,42,test,0.355,0.32459643
Selhausen,2025-04-24 14:00:00,42,test,0.347,0.32468715
Selhausen,2025-04-24 15:00:00,42,test,0.348,0.3274179
Selhausen,2025-04-24 16:00:00,42,test,0.344,0.33022797
Selhausen,2025-04-24 17:00:00,42,test,0.347,0.33295327
Selhausen,2025-04-24 18:00:00,42,test,0.344,0.33298022
Selhausen,2025-04-24 19:00:00,42,test,0.341,0.3352977
Selhausen,2025-04-24 20:00:00,42,test,0.34,0.33481634
Selhausen,2025-04-24 21:00:00,42,test,0.338,0.3338408
Selhausen,2025-04-24 22:00:00,42,test,0.339,0.33412266
Selhausen,2025-04-24 23:00:00,42,test,0.34,0.33503398
Selhausen,2025-04-25 00:00:00,42,test,0.336,0.3341863
Selhausen,2025-04-25 01:00:00,42,test,0.34,0.33229542
Selhausen,2025-04-25 02:00:00,42,test,0.338,0.33260697
Selhausen,2025-04-25 03:00:00,42,test,0.335,0.3314113
Selhausen,2025-04-25 04:00:00,42,test,0.335,0.33213943
Selhausen,2025-04-25 05:00:00,42,test,0.336,0.33094972
Selhausen,2025-04-25 06:00:00,42,test,0.333,0.32932517
Selhausen,2025-04-25 07:00:00,42,test,0.333,0.32804638
Selhausen,2025-04-25 08:00:00,42,test,0.336,0.3265275
Selhausen,2025-04-25 09:00:00,42,test,0.34,0.3253778
Selhausen,2025-04-25 10:00:00,42,test,0.337,0.32414687
Selhausen,2025-04-25 11:00:00,42,test,0.341,0.3269263
Selhausen,2025-04-25 12:00:00,42,test,0.336,0.32933575
Selhausen,2025-07-17 23:00:00,42,test,0.227,0.23066108
Selhausen,2025-07-18 00:00:00,42,test,0.225,0.22927415
Selhausen,2025-07-18 01:00:00,42,test,0.223,0.22784063
Selhausen,2025-07-18 02:00:00,42,test,0.226,0.22577892
Selhausen,2025-07-18 03:00:00,42,test,0.224,0.2241307
Selhausen,2025-07-18 04:00:00,42,test,0.222,0.2233405
Selhausen,2025-07-18 05:00:00,42,test,0.226,0.22298512
Selhausen,2025-07-18 06:00:00,42,test,0.221,0.22330733
Selhausen,2025-07-18 07:00:00,42,test,0.226,0.22384106
Selhausen,2025-07-18 08:00:00,42,test,0.227,0.22470771
Selhausen,2025-07-18 09:00:00,42,test,0.225,0.22568312
Selhausen,2025-07-18 10:00:00,42,test,0.226,0.22604646
Selhausen,2025-07-18 11:00:00,42,test,0.23,0.22620896
Selhausen,2025-07-18 12:00:00,42,test,0.23,0.22684628
Selhausen,2025-07-18 13:00:00,42,test,0.233,0.22778699
Selhausen,2025-07-18 14:00:00,42,test,0.228,0.22841835
Selhausen,2025-07-18 15:00:00,42,test,0.228,0.22930884
Selhausen,2025-07-18 16:00:00,42,test,0.224,0.23022297
Selhausen,2025-07-18 17:00:00,42,test,0.224,0.23108986
Selhausen,2025-07-18 18:00:00,42,test,0.226,0.23144329
Selhausen,2025-07-18 19:00:00,42,test,0.228,0.23143215
Selhausen,2025-07-18 20:00:00,42,test,0.228,0.23089235
Selhausen,2025-07-18 21:00:00,42,test,0.229,0.22975232
Selhausen,2025-07-18 22:00:00,42,test,0.226,0.22837937
Selhausen,2025-07-18 23:00:00,42,test,0.223,0.22665516
Selhausen,2025-07-19 00:00:00,42,test,0.224,0.22494356
Selhausen,2025-07-19 01:00:00,42,test,0.225,0.22381479
Selhausen,2025-07-19 02:00:00,42,test,0.223,0.22294775
Selhausen,2025-07-19 03:00:00,42,test,0.229,0.22287539
Selhausen,2025-07-19 04:00:00,42,test,0.227,0.22254431
Selhausen,2025-07-19 05:00:00,42,test,0.227,0.22267102
Selhausen,2025-07-19 06:00:00,42,test,0.228,0.2227503
Selhausen,2025-07-19 07:00:00,42,test,0.23,0.2224132
Selhausen,2025-07-19 08:00:00,42,test,0.231,0.22178955
Selhausen,2025-07-19 09:00:00,42,test,0.226,0.2213709
Selhausen,2025-07-19 10:00:00,42,test,0.235,0.22165306
Selhausen,2025-07-19 11:00:00,42,test,0.235,0.22239208
Selhausen,2025-07-19 12:00:00,42,test,0.234,0.22430043
Selhausen,2025-07-19 13:00:00,42,test,0.237,0.22579317
Selhausen,2025-07-19 14:00:00,42,test,0.233,0.22639173
Selhausen,2025-07-19 15:00:00,42,test,0.233,0.22692497
Selhausen,2025-07-19 16:00:00,42,test,0.242,0.22733137
Selhausen,2025-07-19 17:00:00,42,test,0.235,0.22626887
Selhausen,2025-07-19 18:00:00,42,test,0.235,0.22612287
Selhausen,2025-07-19 19:00:00,42,test,0.234,0.2254151
Selhausen,2025-07-19 20:00:00,42,test,0.233,0.22521679
Selhausen,2025-08-06 06:00:00,42,test,0.217,0.22972825
Selhausen,2025-08-06 07:00:00,42,test,0.22,0.23887691
Selhausen,2025-08-06 08:00:00,42,test,0.22,0.25047693
Selhausen,2025-08-06 09:00:00,42,test,0.221,0.25951484
Selhausen,2025-08-06 10:00:00,42,test,0.218,0.2559014
Selhausen,2025-08-06 11:00:00,42,test,0.219,0.25853288
Selhausen,2025-08-06 12:00:00,42,test,0.22,0.25175557
Selhausen,2025-08-06 13:00:00,42,test,0.218,0.24335219
Selhausen,2025-08-06 14:00:00,42,test,0.215,0.23656967
Selhausen,2025-08-06 15:00:00,42,test,0.215,0.24221605
Selhausen,2025-08-06 16:00:00,42,test,0.217,0.25016767
Selhausen,2025-08-06 17:00:00,42,test,0.214,0.25688696
Selhausen,2025-08-06 18:00:00,42,test,0.218,0.25189957
Selhausen,2025-08-06 19:00:00,42,test,0.217,0.25352585
Selhausen,2025-08-06 20:00:00,42,test,0.214,0.24649838
Selhausen,2025-08-06 21:00:00,42,test,0.212,0.24749537
Selhausen,2025-08-27 20:00:00,42,test,0.157,0.173345
Selhausen,2025-08-27 21:00:00,42,test,0.161,0.17233962
Selhausen,2025-08-27 22:00:00,42,test,0.16,0.17124066
Selhausen,2025-08-27 23:00:00,42,test,0.157,0.16998638
Selhausen,2025-08-28 00:00:00,42,test,0.16,0.16904013
Selhausen,2025-08-28 01:00:00,42,test,0.159,0.16751614
Selhausen,2025-08-28 02:00:00,42,test,0.157,0.16679025
Selhausen,2025-08-28 03:00:00,42,test,0.156,0.1663999
Selhausen,2025-08-28 04:00:00,42,test,0.155,0.16612965
Selhausen,2025-08-28 05:00:00,42,test,0.158,0.16570503
Selhausen,2025-08-28 06:00:00,42,test,0.156,0.16585308
Selhausen,2025-08-28 07:00:00,42,test,0.157,0.16603586
Selhausen,2025-08-28 08:00:00,42,test,0.157,0.16637938
Selhausen,2025-08-28 09:00:00,42,test,0.16,0.16703738
Selhausen,2025-08-28 10:00:00,42,test,0.16,0.16745156
Selhausen,2025-08-28 11:00:00,42,test,0.163,0.16911303
Selhausen,2025-08-28 12:00:00,42,test,0.161,0.17046158
Selhausen,2025-08-28 13:00:00,42,test,0.17,0.1717054
Selhausen,2025-08-28 14:00:00,42,test,0.164,0.17227395
Selhausen,2025-08-28 15:00:00,42,test,0.168,0.17368928
Selhausen,2025-08-28 16:00:00,42,test,0.168,0.17409238
Selhausen,2025-08-28 17:00:00,42,test,0.168,0.17407057
Selhausen,2025-08-28 18:00:00,42,test,0.162,0.17336383
Selhausen,2025-08-28 19:00:00,42,test,0.167,0.17245674
Selhausen,2025-08-28 20:00:00,42,test,0.162,0.17117532
Selhausen,2025-08-28 21:00:00,42,test,0.159,0.17065246
Selhausen,2025-08-28 22:00:00,42,test,0.161,0.16951245
Selhausen,2025-08-28 23:00:00,42,test,0.157,0.16739629
Selhausen,2025-08-29 00:00:00,42,test,0.155,0.16539432
Selhausen,2025-08-29 01:00:00,42,test,0.164,0.16305114
Selhausen,2025-08-29 02:00:00,42,test,0.157,0.16050537
Selhausen,2025-08-29 03:00:00,42,test,0.162,0.15792817
Selhausen,2025-08-29 04:00:00,42,test,0.156,0.15612233
Selhausen,2025-08-29 05:00:00,42,test,0.159,0.15534073
Selhausen,2025-08-29 06:00:00,42,test,0.156,0.15524124
Selhausen,2025-08-29 07:00:00,42,test,0.158,0.15599513
Selhausen,2025-08-29 08:00:00,42,test,0.16,0.15807973
Selhausen,2025-08-29 09:00:00,42,test,0.159,0.1603781
Selhausen,2025-08-29 10:00:00,42,test,0.159,0.16287488
Selhausen,2025-08-29 11:00:00,42,test,0.162,0.16471791
Selhausen,2025-08-29 12:00:00,42,test,0.165,0.16651186
Selhausen,2025-08-29 13:00:00,42,test,0.163,0.1682189
Selhausen,2025-08-29 14:00:00,42,test,0.164,0.17204766
Selhausen,2025-08-29 15:00:00,42,test,0.166,0.1745113
Selhausen,2025-08-29 16:00:00,42,test,0.166,0.17740153
Selhausen,2025-08-29 17:00:00,42,test,0.165,0.17728165
Selhausen,2025-08-29 18:00:00,42,test,0.166,0.17535973
Selhausen,2025-08-29 19:00:00,42,test,0.16,0.17262585
Selhausen,2025-08-29 20:00:00,42,test,0.158,0.1695135
Selhausen,2025-08-29 21:00:00,42,test,0.16,0.16745552
Selhausen,2025-08-29 22:00:00,42,test,0.161,0.16611572
Selhausen,2025-08-29 23:00:00,42,test,0.161,0.1647071
Selhausen,2025-08-30 00:00:00,42,test,0.162,0.16381457
Selhausen,2025-08-30 01:00:00,42,test,0.171,0.16299626
Selhausen,2025-08-30 02:00:00,42,test,0.201,0.16173138
Selhausen,2025-08-30 03:00:00,42,test,0.217,0.16017558
Selhausen,2025-08-30 04:00:00,42,test,0.221,0.15847653
Selhausen,2025-08-30 05:00:00,42,test,0.227,0.15757097
Selhausen,2025-08-30 06:00:00,42,test,0.237,0.15726809
Selhausen,2025-08-30 07:00:00,42,test,0.239,0.1577552
Selhausen,2025-08-30 08:00:00,42,test,0.244,0.15880352
Selhausen,2025-08-30 09:00:00,42,test,0.251,0.16072308
Selhausen,2025-08-30 10:00:00,42,test,0.258,0.1626959
Selhausen,2025-08-30 11:00:00,42,test,0.252,0.16493683
Selhausen,2025-08-30 12:00:00,42,test,0.268,0.16700108
Selhausen,2025-08-30 13:00:00,42,test,0.266,0.16961962
Selhausen,2025-08-30 14:00:00,42,test,0.269,0.1712199
Selhausen,2025-08-30 15:00:00,42,test,0.242,0.17283702
Selhausen,2025-08-30 16:00:00,42,test,0.255,0.17377116
Selhausen,2025-08-30 17:00:00,42,test,0.247,0.17459568
Selhausen,2025-08-30 18:00:00,42,test,0.246,0.1736704
Selhausen,2025-08-30 19:00:00,42,test,0.25,0.1728622
Selhausen,2025-08-30 20:00:00,42,test,0.247,0.17113627
Selhausen,2025-08-30 21:00:00,42,test,0.247,0.16903499
Selhausen,2025-09-17 15:00:00,42,test,0.275,0.2607392
Selhausen,2025-09-17 16:00:00,42,test,0.271,0.26056737
Selhausen,2025-09-17 17:00:00,42,test,0.266,0.26137295
Selhausen,2025-09-17 18:00:00,42,test,0.265,0.26024935
Selhausen,2025-09-17 19:00:00,42,test,0.27,0.25904036
Selhausen,2025-09-17 20:00:00,42,test,0.265,0.25764176
Selhausen,2025-09-17 21:00:00,42,test,0.27,0.25747272
Selhausen,2025-09-17 22:00:00,42,test,0.264,0.2590414
Selhausen,2025-09-17 23:00:00,42,test,0.261,0.26129246
Selhausen,2025-09-18 00:00:00,42,test,0.259,0.26246893
Selhausen,2025-09-18 01:00:00,42,test,0.261,0.26331532
Selhausen,2025-09-18 02:00:00,42,test,0.262,0.2641814
Selhausen,2025-09-18 03:00:00,42,test,0.261,0.26408964
Selhausen,2025-09-18 04:00:00,42,test,0.255,0.26298323
Selhausen,2025-09-18 05:00:00,42,test,0.257,0.2625999
Selhausen,2025-09-18 06:00:00,42,test,0.257,0.2606455
Selhausen,2025-09-18 07:00:00,42,test,0.259,0.25865468
Selhausen,2025-09-18 08:00:00,42,test,0.257,0.25748855
Selhausen,2025-09-18 09:00:00,42,test,0.261,0.25727844
Selhausen,2025-09-18 10:00:00,42,test,0.265,0.2577651
Selhausen,2025-09-18 11:00:00,42,test,0.259,0.25849023
Selhausen,2025-09-18 12:00:00,42,test,0.265,0.2587017
Selhausen,2025-09-18 13:00:00,42,test,0.266,0.25859293
Selhausen,2025-09-18 14:00:00,42,test,0.267,0.25876245
Selhausen,2025-09-18 15:00:00,42,test,0.265,0.2574042
Selhausen,2025-09-18 16:00:00,42,test,0.263,0.25608647
Selhausen,2025-09-18 17:00:00,42,test,0.255,0.25439563
Selhausen,2025-09-18 18:00:00,42,test,0.26,0.2541325
Selhausen,2025-09-18 19:00:00,42,test,0.256,0.25471318
Selhausen,2025-09-18 20:00:00,42,test,0.262,0.2554022
Selhausen,2025-09-18 21:00:00,42,test,0.253,0.25515613
Selhausen,2025-09-18 22:00:00,42,test,0.252,0.25489372
Selhausen,2025-09-18 23:00:00,42,test,0.256,0.25414386
Selhausen,2025-09-19 00:00:00,42,test,0.256,0.25479892
Selhausen,2025-09-19 01:00:00,42,test,0.261,0.2543851
Selhausen,2025-09-19 02:00:00,42,test,0.247,0.25280693
Selhausen,2025-09-19 03:00:00,42,test,0.25,0.2510761
Selhausen,2025-09-19 04:00:00,42,test,0.268,0.2490073
Selhausen,2025-09-19 05:00:00,42,test,0.253,0.24712254
Selhausen,2025-09-19 06:00:00,42,test,0.259,0.24684587
Selhausen,2025-09-19 07:00:00,42,test,0.256,0.24699667
Selhausen,2025-09-19 08:00:00,42,test,0.258,0.24687974
Selhausen,2025-09-19 09:00:00,42,test,0.258,0.24741548
Selhausen,2025-09-19 10:00:00,42,test,0.259,0.24759297
Selhausen,2025-09-19 11:00:00,42,test,0.261,0.24775565
Selhausen,2025-09-19 12:00:00,42,test,0.262,0.24808219
Selhausen,2025-09-19 13:00:00,42,test,0.263,0.2484898
Selhausen,2025-09-19 14:00:00,42,test,0.261,0.24947116
Selhausen,2025-09-19 15:00:00,42,test,0.262,0.25162578
Selhausen,2025-09-19 16:00:00,42,test,0.263,0.2535953
Selhausen,2025-09-19 17:00:00,42,test,0.259,0.25458875
Selhausen,2025-09-19 18:00:00,42,test,0.261,0.25489143
Selhausen,2025-09-19 19:00:00,42,test,0.26,0.25528795
Selhausen,2025-09-19 20:00:00,42,test,0.261,0.25517738
Selhausen,2025-09-19 21:00:00,42,test,0.264,0.25551566
Selhausen,2025-09-19 22:00:00,42,test,0.258,0.25486684
Selhausen,2025-09-19 23:00:00,42,test,0.256,0.25332254
Selhausen,2025-09-20 00:00:00,42,test,0.258,0.25216115
Selhausen,2025-09-20 01:00:00,42,test,0.257,0.25061032
Selhausen,2025-09-20 02:00:00,42,test,0.257,0.24939498
Selhausen,2025-09-20 03:00:00,42,test,0.281,0.24879731
Selhausen,2025-09-20 04:00:00,42,test,0.255,0.24698232
Selhausen,2025-09-20 05:00:00,42,test,0.255,0.24559909
Selhausen,2025-09-20 06:00:00,42,test,0.256,0.24490055
Selhausen,2025-09-20 07:00:00,42,test,0.256,0.24493106
Selhausen,2025-09-20 08:00:00,42,test,0.2445,0.24497396
Selhausen,2025-09-20 09:00:00,42,test,0.263,0.24548447
Selhausen,2025-09-20 10:00:00,42,test,0.248,0.2464084
Selhausen,2025-09-20 11:00:00,42,test,0.262,0.2463823
Selhausen,2025-09-20 12:00:00,42,test,0.261,0.24746965
Selhausen,2025-09-20 13:00:00,42,test,0.253,0.24954157
Selhausen,2025-09-20 14:00:00,42,test,0.26,0.2518828
Selhausen,2025-09-20 15:00:00,42,test,0.265,0.25345254
Selhausen,2025-09-27 16:00:00,42,test,0.242,0.24021336
Selhausen,2025-09-27 17:00:00,42,test,0.237,0.24105172
Selhausen,2025-09-27 18:00:00,42,test,0.238,0.2405626
Selhausen,2025-09-27 19:00:00,42,test,0.237,0.23942268
Selhausen,2025-09-27 20:00:00,42,test,0.24,0.23745742
Selhausen,2025-09-27 21:00:00,42,test,0.234,0.2353679
Selhausen,2025-09-27 22:00:00,42,test,0.237,0.2341618
Selhausen,2025-09-27 23:00:00,42,test,0.236,0.23272288
Selhausen,2025-09-28 00:00:00,42,test,0.235,0.2312532
Selhausen,2025-09-28 01:00:00,42,test,0.237,0.2299625
Selhausen,2025-09-28 02:00:00,42,test,0.236,0.2285875
Selhausen,2025-09-28 03:00:00,42,test,0.236,0.22714707
Selhausen,2025-09-28 04:00:00,42,test,0.232,0.22624648
Selhausen,2025-09-28 05:00:00,42,test,0.228,0.22553608
Selhausen,2025-09-28 06:00:00,42,test,0.238,0.2254629
Selhausen,2025-09-28 07:00:00,42,test,0.234,0.22643702
Selhausen,2025-09-28 08:00:00,42,test,0.229,0.22748779
Selhausen,2025-09-28 09:00:00,42,test,0.229,0.22921863
Selhausen,2025-09-28 10:00:00,42,test,0.232,0.2313864
Selhausen,2025-09-28 11:00:00,42,test,0.235,0.23271295
Selhausen,2025-09-28 12:00:00,42,test,0.236,0.23366326
Selhausen,2025-09-28 13:00:00,42,test,0.239,0.23488054
