station,timestamp,run,seed,split,model,y_true,y_pred
Gevenich,2021-07-12 17:00:00,1,,val,arima,0.2985,0.29898809253495406
Gevenich,2021-07-12 18:00:00,1,,val,arima,0.3105,0.29872033911715934
Gevenich,2021-07-12 19:00:00,1,,val,arima,0.3235,0.29855385910647386
Gevenich,2021-07-12 20:00:00,1,,val,arima,0.3175,0.2984305613555511
Gevenich,2021-07-12 21:00:00,1,,val,arima,0.3215,0.29828120388062773
Gevenich,2021-07-12 22:00:00,1,,val,arima,0.3135,0.29814044400052775
Gevenich,2021-07-12 23:00:00,1,,val,arima,0.30900002,0.2979978105404365
Gevenich,2021-07-13 00:00:00,1,,val,arima,0.3035,0.297855506467256
Gevenich,2021-07-13 01:00:00,1,,val,arima,0.3,0.2977132906300426
Gevenich,2021-07-13 02:00:00,1,,val,arima,0.29799998,0.2975711154716577
Gevenich,2021-07-13 03:00:00,1,,val,arima,0.296,0.2974290188209361
Gevenich,2021-07-13 04:00:00,1,,val,arima,0.2935,0.297286987239885
Gevenich,2021-07-13 05:00:00,1,,val,arima,0.292,0.2971450239716287
Gevenich,2021-07-13 06:00:00,1,,val,arima,0.2905,0.29700312847397536
Gevenich,2021-07-13 07:00:00,1,,val,arima,0.2885,0.29686130071074157
Gevenich,2021-07-13 08:00:00,1,,val,arima,0.2875,0.2967195406869067
Gevenich,2021-07-13 09:00:00,1,,val,arima,0.287,0.29657784835389833
Gevenich,2021-07-13 10:00:00,1,,val,arima,0.28649998,0.2964362236839509
Gevenich,2021-07-13 11:00:00,1,,val,arima,0.28500003,0.2962946666438736
Gevenich,2021-07-13 12:00:00,1,,val,arima,0.2865,0.2961531772014411
Gevenich,2021-07-13 13:00:00,1,,val,arima,0.28149998,0.29601175532440405
Gevenich,2021-07-13 14:00:00,1,,val,arima,0.2845,0.29587040098047973
Gevenich,2021-07-13 15:00:00,1,,val,arima,0.2825,0.295729114137425
Gevenich,2021-07-13 16:00:00,1,,val,arima,0.2825,0.29558789476300484
Gevenich,2021-07-13 17:00:00,1,,val,arima,0.28149998,0.29544674282500116
Gevenich,2021-07-13 18:00:00,1,,val,arima,0.2805,0.29530565829121114
Gevenich,2021-07-13 19:00:00,1,,val,arima,0.2805,0.29516464112944724
Gevenich,2021-07-13 20:00:00,1,,val,arima,0.27899998,0.2950236913075373
Gevenich,2021-07-13 21:00:00,1,,val,arima,0.2795,0.2948828087933246
Gevenich,2021-07-13 22:00:00,1,,val,arima,0.278,0.29474199355466774
Gevenich,2021-07-13 23:00:00,1,,val,arima,0.276,0.2946012455594406
Gevenich,2021-07-14 00:00:00,1,,val,arima,0.27600002,0.2944605647755325
Gevenich,2021-07-14 01:00:00,1,,val,arima,0.2745,0.2943199511708481
Gevenich,2021-07-21 03:00:00,1,,val,arima,0.17050001,0.29417940471330717
Gevenich,2021-07-21 04:00:00,1,,val,arima,0.17,0.29403892537084514
Gevenich,2021-07-21 05:00:00,1,,val,arima,0.17,0.2938985131114126
Gevenich,2021-07-21 06:00:00,1,,val,arima,0.171,0.29375816790297526
Gevenich,2021-07-21 07:00:00,1,,val,arima,0.17500001,0.2936178897135144
Gevenich,2021-07-21 08:00:00,1,,val,arima,0.1715,0.2934776785110264
Gevenich,2021-07-21 09:00:00,1,,val,arima,0.17,0.29333753426352316
Gevenich,2021-07-21 10:00:00,1,,val,arima,0.17,0.29319745693903154
Gevenich,2021-07-21 11:00:00,1,,val,arima,0.1665,0.2930574465055939
Gevenich,2021-07-21 12:00:00,1,,val,arima,0.1665,0.29291750293126784
Gevenich,2021-07-21 13:00:00,1,,val,arima,0.167,0.29277762618412606
Gevenich,2021-07-21 14:00:00,1,,val,arima,0.163,0.2926378162322566
Gevenich,2021-07-21 15:00:00,1,,val,arima,0.161,0.29249807304376285
Gevenich,2021-07-21 16:00:00,1,,val,arima,0.162,0.29235839658676327
Gevenich,2021-07-21 17:00:00,1,,val,arima,0.16049999,0.2922187868293916
Gevenich,2021-07-21 18:00:00,1,,val,arima,0.15799999,0.2920792437397969
Gevenich,2021-07-21 19:00:00,1,,val,arima,0.1595,0.2919397672861431
Gevenich,2021-07-21 20:00:00,1,,val,arima,0.16049999,0.2918003574366098
Gevenich,2021-07-21 21:00:00,1,,val,arima,0.161,0.2916610141593915
Gevenich,2021-07-21 22:00:00,1,,val,arima,0.1615,0.29152173742269794
Gevenich,2021-07-21 23:00:00,1,,val,arima,0.161,0.2913825271947541
Gevenich,2021-07-22 00:00:00,1,,val,arima,0.159,0.2912433834438001
Gevenich,2021-07-22 01:00:00,1,,val,arima,0.16049999,0.291104306138091
Gevenich,2021-07-22 02:00:00,1,,val,arima,0.15799999,0.29096529524589754
Gevenich,2021-07-22 03:00:00,1,,val,arima,0.16,0.2908263507355051
Gevenich,2021-07-22 04:00:00,1,,val,arima,0.16,0.29068747257521454
Gevenich,2021-07-22 05:00:00,1,,val,arima,0.1595,0.2905486607333417
Gevenich,2021-08-14 23:00:00,1,,val,arima,0.15650001,0.2904099151782175
Gevenich,2021-08-15 00:00:00,1,,val,arima,0.1575,0.29027123587818815
Gevenich,2021-08-15 01:00:00,1,,val,arima,0.157,0.2901326228016149
Gevenich,2021-08-15 02:00:00,1,,val,arima,0.156,0.289994075916874
Gevenich,2021-08-15 03:00:00,1,,val,arima,0.1565,0.28985559519235693
Gevenich,2021-08-15 04:00:00,1,,val,arima,0.159,0.28971718059647034
Gevenich,2021-08-15 05:00:00,1,,val,arima,0.15799999,0.2895788320976357
Gevenich,2021-08-15 06:00:00,1,,val,arima,0.1595,0.2894405496642898
Gevenich,2021-08-15 07:00:00,1,,val,arima,0.15799999,0.2893023332648844
Gevenich,2021-08-15 08:00:00,1,,val,arima,0.16,0.2891641828678864
Gevenich,2021-08-15 09:00:00,1,,val,arima,0.161,0.2890260984417777
Gevenich,2021-08-15 10:00:00,1,,val,arima,0.1585,0.28888807995505517
Gevenich,2021-08-15 11:00:00,1,,val,arima,0.15799999,0.28875012737623085
Gevenich,2021-08-15 12:00:00,1,,val,arima,0.1585,0.28861224067383173
Gevenich,2021-08-15 13:00:00,1,,val,arima,0.1595,0.2884744198164
Gevenich,2021-08-15 14:00:00,1,,val,arima,0.15900001,0.28833666477249265
Gevenich,2021-08-15 15:00:00,1,,val,arima,0.16049999,0.28819897551068174
Gevenich,2021-08-15 16:00:00,1,,val,arima,0.16049999,0.2880613519995545
Gevenich,2021-08-15 17:00:00,1,,val,arima,0.1595,0.28792379420771297
Gevenich,2021-08-15 18:00:00,1,,val,arima,0.15900001,0.28778630210377426
Gevenich,2021-08-15 19:00:00,1,,val,arima,0.16049999,0.28764887565637043
Gevenich,2021-08-15 20:00:00,1,,val,arima,0.1615,0.2875115148341486
Gevenich,2021-08-15 21:00:00,1,,val,arima,0.1615,0.2873742196057708
Gevenich,2021-08-15 22:00:00,1,,val,arima,0.1625,0.287236989939914
Gevenich,2021-08-15 23:00:00,1,,val,arima,0.162,0.28709982580527016
Gevenich,2021-08-16 00:00:00,1,,val,arima,0.16299999,0.2869627271705463
Gevenich,2021-08-16 01:00:00,1,,val,arima,0.164,0.2868256940044641
Gevenich,2021-08-16 02:00:00,1,,val,arima,0.1615,0.2866887262757605
Gevenich,2021-08-16 03:00:00,1,,val,arima,0.164,0.2865518239531871
Gevenich,2021-09-09 06:00:00,1,,val,arima,0.1225,0.2864149870055107
Gevenich,2021-09-09 07:00:00,1,,val,arima,0.122999996,0.28627821540151277
Gevenich,2021-09-09 08:00:00,1,,val,arima,0.12450001,0.2861415091099897
Gevenich,2021-09-09 09:00:00,1,,val,arima,0.121999994,0.286004868099753
Gevenich,2021-09-09 10:00:00,1,,val,arima,0.12099999,0.28586829233962885
Gevenich,2021-09-09 11:00:00,1,,val,arima,0.120000005,0.2857317817984584
Gevenich,2021-09-09 12:00:00,1,,val,arima,0.1205,0.28559533644509766
Gevenich,2021-09-09 13:00:00,1,,val,arima,0.1205,0.28545895624841755
Gevenich,2021-09-09 14:00:00,1,,val,arima,0.1185,0.2853226411773039
Gevenich,2021-09-09 15:00:00,1,,val,arima,0.12,0.28518639120065725
Gevenich,2021-09-09 16:00:00,1,,val,arima,0.1205,0.2850502062873931
Gevenich,2021-09-09 17:00:00,1,,val,arima,0.119,0.2849140864064417
Gevenich,2021-09-09 18:00:00,1,,val,arima,0.117,0.2847780315267483
Gevenich,2021-09-09 19:00:00,1,,val,arima,0.119,0.2846420416172728
Gevenich,2021-09-09 20:00:00,1,,val,arima,0.119,0.2845061166469901
Gevenich,2021-09-09 21:00:00,1,,val,arima,0.119500004,0.28437025658488974
Gevenich,2021-09-09 22:00:00,1,,val,arima,0.119500004,0.2842344613999762
Gevenich,2021-09-09 23:00:00,1,,val,arima,0.11750001,0.2840987310612687
Gevenich,2021-09-10 00:00:00,1,,val,arima,0.118,0.2839630655378012
Gevenich,2021-09-10 01:00:00,1,,val,arima,0.120000005,0.2838274647986226
Gevenich,2021-09-10 02:00:00,1,,val,arima,0.119,0.28369192881279637
Gevenich,2021-09-10 03:00:00,1,,val,arima,0.119500004,0.283556457549401
Gevenich,2021-09-10 04:00:00,1,,val,arima,0.1175,0.28342105097752956
Gevenich,2021-09-10 05:00:00,1,,val,arima,0.1225,0.28328570906629
Gevenich,2021-09-17 07:00:00,1,,val,arima,0.1055,0.2831504317848049
Gevenich,2021-09-17 08:00:00,1,,val,arima,0.103,0.28301521910221167
Gevenich,2021-09-17 09:00:00,1,,val,arima,0.103,0.28288007098766244
Gevenich,2021-09-17 10:00:00,1,,val,arima,0.105,0.28274498741032406
Gevenich,2021-09-17 11:00:00,1,,val,arima,0.10250001,0.282609968339378
Gevenich,2021-09-17 12:00:00,1,,val,arima,0.106000006,0.28247501374402073
Gevenich,2021-09-17 13:00:00,1,,val,arima,0.106000006,0.28234012359346317
Gevenich,2021-09-17 14:00:00,1,,val,arima,0.1055,0.28220529785693105
Gevenich,2021-09-17 15:00:00,1,,val,arima,0.104499996,0.28207053650366476
Gevenich,2021-09-17 16:00:00,1,,val,arima,0.105,0.28193583950291934
Gevenich,2021-09-17 17:00:00,1,,val,arima,0.104,0.28180120682396465
Gevenich,2021-09-17 18:00:00,1,,val,arima,0.104499996,0.2816666384360851
Gevenich,2021-09-17 19:00:00,1,,val,arima,0.1035,0.2815321343085798
Gevenich,2021-09-17 20:00:00,1,,val,arima,0.100999996,0.2813976944107625
Gevenich,2021-09-17 21:00:00,1,,val,arima,0.102,0.28126331871196175
Gevenich,2021-09-17 22:00:00,1,,val,arima,0.102,0.28112900718152045
Gevenich,2021-09-17 23:00:00,1,,val,arima,0.102,0.28099475978879646
Gevenich,2021-09-18 00:00:00,1,,val,arima,0.104499996,0.28086057650316204
Gevenich,2021-09-18 01:00:00,1,,val,arima,0.1025,0.2807264572940042
Gevenich,2021-09-18 02:00:00,1,,val,arima,0.104,0.28059240213072456
Gevenich,2021-09-18 03:00:00,1,,val,arima,0.102,0.28045841098273927
Gevenich,2021-09-18 04:00:00,1,,val,arima,0.10349999,0.28032448381947916
Gevenich,2021-09-18 05:00:00,1,,val,arima,0.101,0.28019062061038963
Gevenich,2021-09-18 06:00:00,1,,val,arima,0.10250001,0.2800568213249307
Gevenich,2021-09-18 07:00:00,1,,val,arima,0.10250001,0.2799230859325769
Gevenich,2021-09-18 08:00:00,1,,val,arima,0.102,0.27978941440281746
Gevenich,2021-09-18 09:00:00,1,,val,arima,0.102,0.27965580670515605
Gevenich,2021-09-18 10:00:00,1,,val,arima,0.1025,0.27952226280911097
Gevenich,2021-09-18 11:00:00,1,,val,arima,0.1025,0.27938878268421513
Gevenich,2021-09-18 12:00:00,1,,val,arima,0.104,0.27925536630001585
Gevenich,2021-09-18 13:00:00,1,,val,arima,0.104,0.2791220136260751
Gevenich,2021-09-18 14:00:00,1,,val,arima,0.104,0.27898872463196933
Gevenich,2021-09-18 15:00:00,1,,val,arima,0.102,0.2788554992872896
Gevenich,2021-09-18 16:00:00,1,,val,arima,0.099999994,0.27872233756164133
Gevenich,2021-09-18 17:00:00,1,,val,arima,0.1025,0.27858923942464464
Gevenich,2021-09-18 18:00:00,1,,val,arima,0.102,0.27845620484593403
Gevenich,2021-09-18 19:00:00,1,,val,arima,0.102,0.27832323379515855
Gevenich,2021-09-18 20:00:00,1,,val,arima,0.101,0.2781903262419818
Gevenich,2021-09-18 21:00:00,1,,val,arima,0.101500005,0.2780574821560817
Gevenich,2021-09-18 22:00:00,1,,val,arima,0.099999994,0.2779247015071509
Gevenich,2021-09-18 23:00:00,1,,val,arima,0.099999994,0.27779198426489615
Gevenich,2021-09-19 00:00:00,1,,val,arima,0.102,0.27765933039903906
Gevenich,2021-09-19 01:00:00,1,,val,arima,0.1,0.27752673987931553
Gevenich,2021-09-19 02:00:00,1,,val,arima,0.1,0.2773942126754758
Gevenich,2021-09-19 03:00:00,1,,val,arima,0.1,0.2772617487572848
Gevenich,2021-09-19 04:00:00,1,,val,arima,0.1,0.2771293480945217
Gevenich,2021-09-19 05:00:00,1,,val,arima,0.098000005,0.2769970106569802
Gevenich,2021-09-19 06:00:00,1,,val,arima,0.0985,0.27686473641446835
Gevenich,2021-09-19 07:00:00,1,,val,arima,0.101500005,0.27673252533680864
Gevenich,2021-09-19 08:00:00,1,,val,arima,0.0995,0.2766003773938381
Gevenich,2021-09-19 09:00:00,1,,val,arima,0.1,0.27646829255540795
Gevenich,2021-09-19 10:00:00,1,,val,arima,0.1,0.2763362707913839
Gevenich,2021-09-19 11:00:00,1,,val,arima,0.099,0.27620431207164614
Gevenich,2021-09-19 12:00:00,1,,val,arima,0.100999996,0.27607241636608915
Gevenich,2021-09-19 13:00:00,1,,val,arima,0.100999996,0.2759405836446217
Gevenich,2021-09-19 14:00:00,1,,val,arima,0.106,0.27580881387716716
Gevenich,2021-09-19 15:00:00,1,,val,arima,0.0985,0.2756771070336631
Gevenich,2021-09-19 16:00:00,1,,val,arima,0.1025,0.27554546308406147
Gevenich,2021-09-19 17:00:00,1,,val,arima,0.1,0.2754138819983285
Gevenich,2021-09-19 18:00:00,1,,val,arima,0.1,0.275282363746445
Gevenich,2021-09-19 19:00:00,1,,val,arima,0.0975,0.27515090829840577
Gevenich,2021-09-19 20:00:00,1,,val,arima,0.09900001,0.2750195156242202
Gevenich,2021-09-19 21:00:00,1,,val,arima,0.097,0.274888185693912
Gevenich,2021-09-19 22:00:00,1,,val,arima,0.099,0.27475691847751904
Gevenich,2021-09-19 23:00:00,1,,val,arima,0.0965,0.2746257139450935
Gevenich,2021-09-20 00:00:00,1,,val,arima,0.0975,0.27449457206670214
Gevenich,2021-09-20 01:00:00,1,,val,arima,0.097,0.2743634928124256
Gevenich,2021-09-20 02:00:00,1,,val,arima,0.0995,0.27423247615235913
Gevenich,2021-09-20 03:00:00,1,,val,arima,0.0975,0.27410152205661215
Gevenich,2021-09-20 04:00:00,1,,val,arima,0.096499994,0.27397063049530834
Gevenich,2021-09-20 05:00:00,1,,val,arima,0.0955,0.27383980143858566
Gevenich,2021-09-20 06:00:00,1,,val,arima,0.096,0.27370903485659626
Gevenich,2021-09-20 07:00:00,1,,val,arima,0.096,0.2735783307195067
Gevenich,2021-09-20 08:00:00,1,,val,arima,0.097,0.2734476889974977
Gevenich,2021-09-20 09:00:00,1,,val,arima,0.0975,0.27331710966076417
Gevenich,2021-09-20 10:00:00,1,,val,arima,0.0975,0.2731865926795153
Gevenich,2021-09-20 11:00:00,1,,val,arima,0.0985,0.27305613802397455
Gevenich,2021-09-20 12:00:00,1,,val,arima,0.0955,0.2729257456643795
Gevenich,2021-09-20 13:00:00,1,,val,arima,0.0995,0.272795415570982
Gevenich,2021-09-20 14:00:00,1,,val,arima,0.094500005,0.27266514771404826
Gevenich,2021-09-20 15:00:00,1,,val,arima,0.099,0.2725349420638583
Gevenich,2021-09-20 16:00:00,1,,val,arima,0.0995,0.2724047985907067
Gevenich,2021-09-20 17:00:00,1,,val,arima,0.0955,0.27227471726490204
Gevenich,2021-09-20 18:00:00,1,,val,arima,0.0985,0.2721446980567672
Gevenich,2021-09-20 19:00:00,1,,val,arima,0.098,0.2720147409366391
Gevenich,2021-09-20 20:00:00,1,,val,arima,0.0945,0.2718848458748689
Gevenich,2021-09-20 21:00:00,1,,val,arima,0.0975,0.27175501284182185
Gevenich,2021-09-20 22:00:00,1,,val,arima,0.0955,0.2716252418078775
Gevenich,2021-09-20 23:00:00,1,,val,arima,0.095,0.2714955327434294
Gevenich,2021-09-21 00:00:00,1,,val,arima,0.096,0.2713658856188853
Gevenich,2021-09-21 01:00:00,1,,val,arima,0.0955,0.27123630040466706
Gevenich,2021-09-21 02:00:00,1,,val,arima,0.0965,0.27110677707121067
Gevenich,2021-09-21 03:00:00,1,,val,arima,0.097,0.27097731558896626
Gevenich,2021-09-21 04:00:00,1,,val,arima,0.094500005,0.2708479159283981
Gevenich,2021-09-21 05:00:00,1,,val,arima,0.094500005,0.27071857805998434
Gevenich,2021-09-21 06:00:00,1,,val,arima,0.094,0.2705893019542176
Gevenich,2021-09-21 07:00:00,1,,val,arima,0.097,0.2704600875816043
Gevenich,2021-09-21 08:00:00,1,,val,arima,0.0975,0.270330934912665
Gevenich,2021-09-21 09:00:00,1,,val,arima,0.0945,0.2702018439179345
Gevenich,2021-09-21 10:00:00,1,,val,arima,0.0945,0.27007281456796145
Gevenich,2021-09-21 11:00:00,1,,val,arima,0.096,0.2699438468333087
Gevenich,2021-09-21 12:00:00,1,,val,arima,0.0975,0.2698149406845531
Gevenich,2021-09-21 13:00:00,1,,val,arima,0.0975,0.2696860960922855
Gevenich,2021-09-21 14:00:00,1,,val,arima,0.095,0.26955731302711095
Gevenich,2021-09-21 15:00:00,1,,val,arima,0.0935,0.2694285914596485
Gevenich,2021-09-21 16:00:00,1,,val,arima,0.096499994,0.26929993136053104
Gevenich,2021-09-21 17:00:00,1,,val,arima,0.0975,0.2691713327004057
Gevenich,2021-09-21 18:00:00,1,,val,arima,0.094500005,0.2690427954499336
Gevenich,2021-09-21 19:00:00,1,,val,arima,0.0975,0.2689143195797897
Gevenich,2021-09-21 20:00:00,1,,val,arima,0.0955,0.26878590506066313
Gevenich,2021-09-21 21:00:00,1,,val,arima,0.0965,0.268657551863257
Gevenich,2021-09-21 22:00:00,1,,val,arima,0.0965,0.26852925995828836
Gevenich,2021-09-21 23:00:00,1,,val,arima,0.095,0.26840102931648824
Gevenich,2021-09-22 00:00:00,1,,val,arima,0.095,0.2682728599086017
Gevenich,2021-09-22 01:00:00,1,,val,arima,0.095,0.26814475170538776
Gevenich,2021-09-22 02:00:00,1,,val,arima,0.095,0.2680167046776194
Gevenich,2021-09-22 03:00:00,1,,val,arima,0.095,0.26788871879608345
Gevenich,2021-09-22 04:00:00,1,,val,arima,0.095,0.2677607940315808
Gevenich,2021-09-22 05:00:00,1,,val,arima,0.095,0.26763293035492636
Gevenich,2021-09-22 06:00:00,1,,val,arima,0.095,0.2675051277369488
Gevenich,2021-09-22 07:00:00,1,,val,arima,0.095,0.26737738614849077
Gevenich,2021-09-22 08:00:00,1,,val,arima,0.095,0.26724970556040895
Gevenich,2021-09-22 09:00:00,1,,val,arima,0.094,0.2671220859435738
Gevenich,2021-09-22 10:00:00,1,,val,arima,0.094500005,0.2669945272688698
Gevenich,2021-09-22 11:00:00,1,,val,arima,0.0965,0.26686702950719526
Gevenich,2021-09-22 12:00:00,1,,val,arima,0.0955,0.26673959262946245
Gevenich,2021-09-22 13:00:00,1,,val,arima,0.0945,0.2666122166065974
Gevenich,2021-09-22 14:00:00,1,,val,arima,0.096499994,0.26648490140954023
Gevenich,2021-09-22 15:00:00,1,,val,arima,0.0945,0.26635764700924475
Gevenich,2021-09-22 16:00:00,1,,val,arima,0.0955,0.2662304533766787
Gevenich,2021-09-22 17:00:00,1,,val,arima,0.094500005,0.2661033204828238
Gevenich,2021-09-22 18:00:00,1,,val,arima,0.094500005,0.2659762482986754
Gevenich,2021-09-22 19:00:00,1,,val,arima,0.094500005,0.2658492367952429
Gevenich,2021-09-22 20:00:00,1,,val,arima,0.094500005,0.2657222859435494
Gevenich,2021-09-22 21:00:00,1,,val,arima,0.094,0.26559539571463203
Gevenich,2021-09-22 22:00:00,1,,val,arima,0.0945,0.2654685660795415
Gevenich,2021-09-22 23:00:00,1,,val,arima,0.0965,0.2653417970093425
Gevenich,2021-09-23 00:00:00,1,,val,arima,0.094500005,0.2652150884751136
Gevenich,2021-09-23 01:00:00,1,,val,arima,0.094500005,0.26508844044794694
Gevenich,2021-09-23 02:00:00,1,,val,arima,0.091000006,0.26496185289894875
Gevenich,2021-09-23 03:00:00,1,,val,arima,0.094,0.26483532579923885
Gevenich,2021-09-23 04:00:00,1,,val,arima,0.0915,0.2647088591199509
Gevenich,2021-09-23 05:00:00,1,,val,arima,0.095,0.2645824528322324
Gevenich,2021-09-23 06:00:00,1,,val,arima,0.095,0.26445610690724464
Gevenich,2021-09-23 07:00:00,1,,val,arima,0.094,0.26432982131616256
Gevenich,2021-09-23 08:00:00,1,,val,arima,0.0935,0.26420359603017496
Gevenich,2021-09-23 09:00:00,1,,val,arima,0.095,0.26407743102048437
Gevenich,2021-09-23 10:00:00,1,,val,arima,0.094500005,0.26395132625830714
Gevenich,2021-09-23 11:00:00,1,,val,arima,0.0955,0.2638252817148732
Gevenich,2021-09-23 12:00:00,1,,val,arima,0.095,0.2636992973614264
Gevenich,2021-09-23 13:00:00,1,,val,arima,0.096,0.26357337316922425
Gevenich,2021-09-23 14:00:00,1,,val,arima,0.0955,0.26344750910953796
Gevenich,2021-09-23 15:00:00,1,,val,arima,0.0935,0.2633217051536525
Gevenich,2021-09-23 16:00:00,1,,val,arima,0.0935,0.2631959612728665
Gevenich,2021-09-23 17:00:00,1,,val,arima,0.094500005,0.2630702774384923
Gevenich,2021-09-23 18:00:00,1,,val,arima,0.0935,0.26294465362185604
Gevenich,2021-09-23 19:00:00,1,,val,arima,0.094500005,0.26281908979429747
Gevenich,2021-09-23 20:00:00,1,,val,arima,0.0955,0.26269358592717
Gevenich,2021-09-23 21:00:00,1,,val,arima,0.0955,0.2625681419918408
Gevenich,2021-09-23 22:00:00,1,,val,arima,0.094,0.26244275795969063
Gevenich,2021-09-23 23:00:00,1,,val,arima,0.0915,0.262317433802114
Gevenich,2021-09-24 00:00:00,1,,val,arima,0.0925,0.26219216949051893
Gevenich,2021-09-24 01:00:00,1,,val,arima,0.0925,0.2620669649963273
Gevenich,2021-09-24 02:00:00,1,,val,arima,0.0935,0.26194182029097457
Gevenich,2021-09-24 03:00:00,1,,val,arima,0.0925,0.26181673534590966
Gevenich,2021-09-24 04:00:00,1,,val,arima,0.092,0.2616917101325954
Gevenich,2021-09-24 05:00:00,1,,val,arima,0.0925,0.26156674462250806
Gevenich,2021-09-24 06:00:00,1,,val,arima,0.0915,0.26144183878713756
Gevenich,2021-09-24 07:00:00,1,,val,arima,0.0915,0.2613169925979876
Gevenich,2021-09-24 08:00:00,1,,val,arima,0.0955,0.2611922060265751
Gevenich,2021-09-24 09:00:00,1,,val,arima,0.0935,0.26106747904443106
Gevenich,2021-09-24 10:00:00,1,,val,arima,0.0905,0.2609428116230998
Gevenich,2021-09-24 11:00:00,1,,val,arima,0.0915,0.2608182037341392
Gevenich,2021-09-24 12:00:00,1,,val,arima,0.0965,0.2606936553491209
Gevenich,2021-09-24 13:00:00,1,,val,arima,0.0915,0.2605691664396299
Gevenich,2021-09-24 14:00:00,1,,val,arima,0.0925,0.26044473697726495
Gevenich,2021-09-24 15:00:00,1,,val,arima,0.0935,0.26032036693363825
Gevenich,2021-09-24 16:00:00,1,,val,arima,0.094500005,0.2601960562803757
Gevenich,2021-09-24 17:00:00,1,,val,arima,0.094500005,0.26007180498911653
Gevenich,2021-09-24 18:00:00,1,,val,arima,0.0965,0.2599476130315137
Gevenich,2021-09-24 19:00:00,1,,val,arima,0.0925,0.2598234803792336
Gevenich,2021-09-24 20:00:00,1,,val,arima,0.0935,0.2596994070039562
Gevenich,2021-09-24 21:00:00,1,,val,arima,0.0935,0.259575392877375
Gevenich,2021-09-24 22:00:00,1,,val,arima,0.094,0.259451437971197
Gevenich,2021-09-24 23:00:00,1,,val,arima,0.0925,0.2593275422571427
Gevenich,2021-09-25 00:00:00,1,,val,arima,0.094500005,0.2592037057069461
Gevenich,2021-09-25 01:00:00,1,,val,arima,0.0925,0.25907992829235477
Gevenich,2021-09-25 02:00:00,1,,val,arima,0.0915,0.2589562099851297
Gevenich,2021-09-25 03:00:00,1,,val,arima,0.0925,0.2588325507570453
Gevenich,2021-09-25 04:00:00,1,,val,arima,0.0925,0.25870895057988963
Gevenich,2021-09-25 05:00:00,1,,val,arima,0.0925,0.25858540942546404
Gevenich,2021-09-25 06:00:00,1,,val,arima,0.092999995,0.25846192726558354
Gevenich,2021-09-25 07:00:00,1,,val,arima,0.0925,0.25833850407207637
Gevenich,2021-09-25 08:00:00,1,,val,arima,0.0915,0.25821513981678446
Gevenich,2021-09-25 09:00:00,1,,val,arima,0.094500005,0.25809183447156303
Gevenich,2021-09-25 10:00:00,1,,val,arima,0.094,0.2579685880082808
Gevenich,2021-09-25 11:00:00,1,,val,arima,0.092,0.2578454003988199
Gevenich,2021-09-25 12:00:00,1,,val,arima,0.0935,0.2577222716150759
Gevenich,2021-09-25 13:00:00,1,,val,arima,0.094,0.2575992016289578
Gevenich,2021-09-25 14:00:00,1,,val,arima,0.0915,0.2574761904123879
Gevenich,2021-09-25 15:00:00,1,,val,arima,0.092,0.25735323793730214
Gevenich,2021-09-25 16:00:00,1,,val,arima,0.092,0.25723034417564966
Gevenich,2021-09-25 17:00:00,1,,val,arima,0.092999995,0.25710750909939306
Gevenich,2021-09-25 18:00:00,1,,val,arima,0.092999995,0.25698473268050837
Gevenich,2021-09-25 19:00:00,1,,val,arima,0.0915,0.2568620148909849
Gevenich,2021-09-25 20:00:00,1,,val,arima,0.092,0.25673935570282547
Gevenich,2021-09-25 21:00:00,1,,val,arima,0.094,0.25661675508804616
Gevenich,2021-09-25 22:00:00,1,,val,arima,0.094,0.2564942130186765
Gevenich,2021-09-25 23:00:00,1,,val,arima,0.097,0.25637172946675924
Gevenich,2021-09-26 00:00:00,1,,val,arima,0.093,0.2562493044043507
Gevenich,2021-09-26 01:00:00,1,,val,arima,0.094,0.25612693780352025
Gevenich,2021-09-26 02:00:00,1,,val,arima,0.094,0.25600462963635096
Gevenich,2021-09-26 03:00:00,1,,val,arima,0.094500005,0.2558823798749389
Gevenich,2021-09-26 04:00:00,1,,val,arima,0.0935,0.2557601884913936
Gevenich,2021-09-26 05:00:00,1,,val,arima,0.0945,0.2556380554578379
Gevenich,2021-09-26 06:00:00,1,,val,arima,0.0935,0.255515980746408
Gevenich,2021-09-26 07:00:00,1,,val,arima,0.094,0.25539396432925343
Gevenich,2021-09-26 08:00:00,1,,val,arima,0.0945,0.25527200617853685
Gevenich,2021-09-26 09:00:00,1,,val,arima,0.095,0.2551501062664343
Gevenich,2021-09-26 10:00:00,1,,val,arima,0.097,0.2550282645651352
Gevenich,2021-09-26 11:00:00,1,,val,arima,0.097,0.25490648104684216
Gevenich,2021-09-26 12:00:00,1,,val,arima,0.0965,0.25478475568377107
Gevenich,2021-09-26 13:00:00,1,,val,arima,0.096,0.25466308844815105
Gevenich,2021-09-26 14:00:00,1,,val,arima,0.096,0.2545414793122246
Gevenich,2021-09-26 15:00:00,1,,val,arima,0.097,0.25441992824824733
Gevenich,2021-09-26 16:00:00,1,,val,arima,0.094,0.2542984352284883
Gevenich,2021-09-26 17:00:00,1,,val,arima,0.094,0.2541770002252295
Gevenich,2021-09-26 18:00:00,1,,val,arima,0.095,0.25405562321076647
Gevenich,2021-09-26 19:00:00,1,,val,arima,0.095,0.2539343041574078
Gevenich,2021-09-26 20:00:00,1,,val,arima,0.095,0.2538130430374754
Gevenich,2021-09-26 21:00:00,1,,val,arima,0.095,0.2536918398233043
Gevenich,2021-09-26 22:00:00,1,,val,arima,0.095,0.2535706944872428
Gevenich,2021-09-26 23:00:00,1,,val,arima,0.095,0.2534496070016524
Gevenich,2021-10-04 01:00:00,1,,val,arima,0.089499995,0.25332857733890785
Gevenich,2021-10-04 02:00:00,1,,val,arima,0.0905,0.253207605471397
Gevenich,2021-10-04 03:00:00,1,,val,arima,0.089499995,0.25308669137152084
Gevenich,2021-10-04 04:00:00,1,,val,arima,0.091,0.2529658350116937
Gevenich,2021-10-04 05:00:00,1,,val,arima,0.0905,0.25284503636434297
Gevenich,2021-10-04 06:00:00,1,,val,arima,0.089499995,0.2527242954019093
Gevenich,2021-10-04 07:00:00,1,,val,arima,0.0935,0.2526036120968464
Gevenich,2021-10-04 08:00:00,1,,val,arima,0.089499995,0.25248298642162115
Gevenich,2021-10-04 09:00:00,1,,val,arima,0.0885,0.25236241834871365
Gevenich,2021-10-04 10:00:00,1,,val,arima,0.0885,0.25224190785061706
Gevenich,2021-10-04 11:00:00,1,,val,arima,0.0905,0.2521214548998377
Gevenich,2021-10-04 12:00:00,1,,val,arima,0.09,0.2520010594688951
Gevenich,2021-10-04 13:00:00,1,,val,arima,0.0915,0.2518807215303218
Gevenich,2021-10-04 14:00:00,1,,val,arima,0.089,0.2517604410566635
Gevenich,2021-10-04 15:00:00,1,,val,arima,0.08849999,0.251640218020479
Gevenich,2021-10-04 16:00:00,1,,val,arima,0.091,0.25152005239434017
Gevenich,2021-10-04 17:00:00,1,,val,arima,0.091,0.2513999441508321
Gevenich,2021-10-04 18:00:00,1,,val,arima,0.091,0.2512798932625528
Gevenich,2021-10-04 19:00:00,1,,val,arima,0.091,0.25115989970211355
Gevenich,2021-10-04 20:00:00,1,,val,arima,0.0905,0.2510399634421385
Gevenich,2021-10-04 21:00:00,1,,val,arima,0.088,0.25092008445526515
Gevenich,2021-10-04 22:00:00,1,,val,arima,0.0905,0.2508002627141438
Gevenich,2021-10-04 23:00:00,1,,val,arima,0.089499995,0.2506804981914379
Gevenich,2021-10-05 00:00:00,1,,val,arima,0.094,0.2505607908598241
Gevenich,2021-10-05 01:00:00,1,,val,arima,0.088,0.25044114069199175
Gevenich,2021-10-05 02:00:00,1,,val,arima,0.089,0.25032154766064363
Gevenich,2021-10-05 03:00:00,1,,val,arima,0.095,0.2502020117384953
Gevenich,2021-10-05 04:00:00,1,,val,arima,0.0915,0.25008253289827553
Gevenich,2021-10-05 05:00:00,1,,val,arima,0.09,0.2499631111127259
Gevenich,2021-10-05 06:00:00,1,,val,arima,0.0935,0.24984374635460116
Gevenich,2021-10-05 07:00:00,1,,val,arima,0.0925,0.24972443859666907
Gevenich,2021-10-05 08:00:00,1,,val,arima,0.091000006,0.24960518781171032
Gevenich,2021-10-05 09:00:00,1,,val,arima,0.089,0.24948599397251864
Gevenich,2021-10-05 11:00:00,1,,val,arima,0.094,0.24936685705190076
Gevenich,2021-10-05 13:00:00,1,,val,arima,0.094,0.24924777702267636
Gevenich,2021-10-21 13:00:00,1,,val,arima,0.182,0.24912875385767813
Gevenich,2021-10-21 14:00:00,1,,val,arima,0.182,0.24900978752975175
Gevenich,2021-10-21 15:00:00,1,,val,arima,0.1475,0.2488908780117558
Gevenich,2021-10-21 16:00:00,1,,val,arima,0.183,0.2487720252765619
Gevenich,2021-10-21 17:00:00,1,,val,arima,0.148,0.24865322929705455
Gevenich,2021-10-21 18:00:00,1,,val,arima,0.181,0.2485344900461313
Gevenich,2021-10-21 19:00:00,1,,val,arima,0.148,0.2484158074967025
Gevenich,2021-10-21 20:00:00,1,,val,arima,0.1465,0.24829718162169157
Gevenich,2021-10-21 21:00:00,1,,val,arima,0.147,0.24817861239403477
Gevenich,2021-10-21 22:00:00,1,,val,arima,0.146,0.24806009978668134
Gevenich,2021-10-21 23:00:00,1,,val,arima,0.1465,0.24794164377259342
Gevenich,2021-10-22 00:00:00,1,,val,arima,0.147,0.247823244324746
Gevenich,2021-10-22 01:00:00,1,,val,arima,0.146,0.2477049014161271
Gevenich,2021-10-22 02:00:00,1,,val,arima,0.146,0.24758661501973755
Gevenich,2021-10-22 03:00:00,1,,val,arima,0.1465,0.2474683851085911
Gevenich,2021-11-20 19:00:00,1,,val,arima,0.2105,0.24735021165571436
Gevenich,2021-11-20 20:00:00,1,,val,arima,0.21149999,0.24723209463414686
Gevenich,2021-11-20 21:00:00,1,,val,arima,0.212,0.24711403401694093
Gevenich,2021-12-19 11:00:00,1,,val,arima,0.2335,0.2469960297771619
Gevenich,2021-12-19 12:00:00,1,,val,arima,0.2335,0.24687808188788785
Gevenich,2021-12-19 13:00:00,1,,val,arima,0.234,0.24676019032220978
Gevenich,2021-12-19 14:00:00,1,,val,arima,0.234,0.24664235505323145
Gevenich,2021-12-19 15:00:00,1,,val,arima,0.234,0.24652457605406958
Gevenich,2021-12-19 16:00:00,1,,val,arima,0.233,0.24640685329785367
Gevenich,2022-02-08 13:00:00,1,,val,arima,0.29500002,0.24628918675772604
Gevenich,2022-02-08 14:00:00,1,,val,arima,0.297,0.24617157640684184
Gevenich,2022-02-08 15:00:00,1,,val,arima,0.2995,0.24605402221836908
Gevenich,2022-02-08 16:00:00,1,,val,arima,0.29900002,0.2459365241654885
Gevenich,2022-02-08 17:00:00,1,,val,arima,0.274,0.24581908222139376
Gevenich,2022-02-08 18:00:00,1,,val,arima,0.2985,0.24570169635929123
Gevenich,2022-02-08 19:00:00,1,,val,arima,0.30049998,0.2455843665524001
Gevenich,2022-02-09 00:00:00,1,,val,arima,0.3385,0.24546709277395234
Gevenich,2022-02-09 01:00:00,1,,val,arima,0.335,0.2453498749971928
Gevenich,2022-02-09 02:00:00,1,,val,arima,0.333,0.24523271319537887
Gevenich,2022-02-09 03:00:00,1,,val,arima,0.3315,0.245115607341781
Gevenich,2022-02-09 04:00:00,1,,val,arima,0.32999998,0.24499855740968218
Gevenich,2022-02-09 05:00:00,1,,val,arima,0.327,0.24488156337237832
Gevenich,2022-02-09 06:00:00,1,,val,arima,0.3265,0.24476462520317796
Gevenich,2022-02-09 07:00:00,1,,val,arima,0.326,0.24464774287540245
Gevenich,2022-02-09 08:00:00,1,,val,arima,0.324,0.24453091636238583
Gevenich,2022-02-09 09:00:00,1,,val,arima,0.322,0.24441414563747493
Gevenich,2022-02-09 10:00:00,1,,val,arima,0.323,0.24429743067402931
Gevenich,2022-02-09 11:00:00,1,,val,arima,0.32099998,0.2441807714454212
Gevenich,2022-02-09 12:00:00,1,,val,arima,0.32,0.24406416792503555
Gevenich,2022-02-09 13:00:00,1,,val,arima,0.31849998,0.24394762008627008
Gevenich,2022-02-09 14:00:00,1,,val,arima,0.3175,0.24383112790253514
Gevenich,2022-02-09 15:00:00,1,,val,arima,0.31599998,0.24371469134725382
Gevenich,2022-02-09 16:00:00,1,,val,arima,0.313,0.2435983103938619
Gevenich,2022-02-09 17:00:00,1,,val,arima,0.3135,0.24348198501580784
Gevenich,2022-02-09 18:00:00,1,,val,arima,0.313,0.2433657151865528
Gevenich,2022-02-09 19:00:00,1,,val,arima,0.31199998,0.24324950087957053
Gevenich,2022-02-09 20:00:00,1,,val,arima,0.311,0.24313334206834755
Gevenich,2022-02-09 21:00:00,1,,val,arima,0.311,0.243017238726383
Gevenich,2022-02-09 22:00:00,1,,val,arima,0.31050003,0.24290119082718867
Gevenich,2022-02-09 23:00:00,1,,val,arima,0.31050003,0.24278519834428897
Gevenich,2022-02-10 09:00:00,1,,val,arima,0.306,0.24266926125122104
Gevenich,2022-02-10 10:00:00,1,,val,arima,0.30449998,0.24255337952153455
Gevenich,2022-02-10 11:00:00,1,,val,arima,0.305,0.2424375531287919
Gevenich,2022-02-10 12:00:00,1,,val,arima,0.3055,0.242321782046568
Gevenich,2022-02-10 13:00:00,1,,val,arima,0.3055,0.2422060662484505
Gevenich,2022-02-10 14:00:00,1,,val,arima,0.305,0.2420904057080396
Gevenich,2022-02-10 15:00:00,1,,val,arima,0.30400002,0.24197480039894811
Gevenich,2022-02-10 16:00:00,1,,val,arima,0.3035,0.24185925029480143
Gevenich,2022-02-10 17:00:00,1,,val,arima,0.303,0.24174375536923762
Gevenich,2022-02-10 18:00:00,1,,val,arima,0.3035,0.24162831559590722
Gevenich,2022-02-10 19:00:00,1,,val,arima,0.303,0.24151293094847345
Gevenich,2022-03-20 13:00:00,1,,val,arima,0.18200001,0.24139760140061206
Gevenich,2022-03-20 14:00:00,1,,val,arima,0.182,0.24128232692601137
Gevenich,2022-03-20 15:00:00,1,,val,arima,0.17950001,0.24116710749837228
Gevenich,2022-03-20 16:00:00,1,,val,arima,0.1785,0.24105194309140823
Gevenich,2022-03-20 17:00:00,1,,val,arima,0.18,0.24093683367884527
Gevenich,2022-03-20 18:00:00,1,,val,arima,0.18149999,0.24082177923442188
Gevenich,2022-03-20 19:00:00,1,,val,arima,0.1805,0.24070677973188923
Gevenich,2022-03-20 20:00:00,1,,val,arima,0.17950001,0.24059183514501087
Gevenich,2022-03-20 21:00:00,1,,val,arima,0.1805,0.240476945447563
Gevenich,2022-03-20 22:00:00,1,,val,arima,0.17950001,0.2403621106133343
Gevenich,2022-03-20 23:00:00,1,,val,arima,0.1805,0.24024733061612594
Gevenich,2022-03-21 00:00:00,1,,val,arima,0.18,0.24013260542975162
Gevenich,2022-03-21 01:00:00,1,,val,arima,0.179,0.24001793502803762
Gevenich,2022-03-21 02:00:00,1,,val,arima,0.178,0.23990331938482257
Gevenich,2022-03-21 03:00:00,1,,val,arima,0.178,0.2397887584739577
Gevenich,2022-03-21 04:00:00,1,,val,arima,0.1785,0.23967425226930672
Gevenich,2022-03-21 05:00:00,1,,val,arima,0.17750001,0.23955980074474575
Gevenich,2022-03-21 06:00:00,1,,val,arima,0.178,0.2394454038741635
Gevenich,2022-03-21 07:00:00,1,,val,arima,0.179,0.239331061631461
Gevenich,2022-03-21 08:00:00,1,,val,arima,0.178,0.2392167739905519
Gevenich,2022-03-21 09:00:00,1,,val,arima,0.17750001,0.23910254092536223
Gevenich,2022-03-21 10:00:00,1,,val,arima,0.17750001,0.2389883624098304
Gevenich,2022-03-21 11:00:00,1,,val,arima,0.17750001,0.23887423841790745
Gevenich,2022-03-21 12:00:00,1,,val,arima,0.177,0.23876016892355664
Gevenich,2022-03-21 13:00:00,1,,val,arima,0.177,0.23864615390075383
Gevenich,2022-03-21 14:00:00,1,,val,arima,0.1765,0.23853219332348724
Gevenich,2022-03-21 15:00:00,1,,val,arima,0.17300001,0.23841828716575753
Gevenich,2022-03-21 16:00:00,1,,val,arima,0.1735,0.23830443540157775
Gevenich,2022-03-21 17:00:00,1,,val,arima,0.174,0.23819063800497337
Gevenich,2022-03-21 18:00:00,1,,val,arima,0.17050001,0.23807689494998227
Gevenich,2022-03-21 19:00:00,1,,val,arima,0.17199999,0.23796320621065475
Gevenich,2022-03-21 20:00:00,1,,val,arima,0.17449999,0.23784957176105348
Gevenich,2022-03-21 21:00:00,1,,val,arima,0.1715,0.2377359915752535
Gevenich,2022-03-21 22:00:00,1,,val,arima,0.17199999,0.23762246562734224
Gevenich,2022-03-21 23:00:00,1,,val,arima,0.1725,0.2375089938914195
Gevenich,2022-03-22 00:00:00,1,,val,arima,0.1725,0.23739557634159747
Gevenich,2022-03-22 01:00:00,1,,val,arima,0.17050001,0.2372822129520007
Gevenich,2022-03-22 02:00:00,1,,val,arima,0.171,0.23716890369676605
Gevenich,2022-03-22 03:00:00,1,,val,arima,0.1695,0.2370556485500428
Gevenich,2022-03-22 04:00:00,1,,val,arima,0.17050001,0.23694244748599252
Gevenich,2022-03-22 05:00:00,1,,val,arima,0.171,0.2368293004787892
Gevenich,2022-03-22 06:00:00,1,,val,arima,0.1695,0.23671620750261899
Gevenich,2022-03-22 07:00:00,1,,val,arima,0.1725,0.23660316853168056
Gevenich,2022-03-22 08:00:00,1,,val,arima,0.1695,0.23649018354018478
Gevenich,2022-03-22 09:00:00,1,,val,arima,0.17050001,0.23637725250235492
Gevenich,2022-03-22 10:00:00,1,,val,arima,0.17050001,0.23626437539242645
Gevenich,2022-03-22 11:00:00,1,,val,arima,0.169,0.23615155218464723
Gevenich,2022-03-22 12:00:00,1,,val,arima,0.1665,0.23603878285327745
Gevenich,2022-03-22 13:00:00,1,,val,arima,0.169,0.23592606737258945
Gevenich,2022-03-22 14:00:00,1,,val,arima,0.1645,0.23581340571686799
Gevenich,2022-03-22 15:00:00,1,,val,arima,0.1665,0.23570079786041004
Gevenich,2022-03-22 16:00:00,1,,val,arima,0.1655,0.2355882437775249
Gevenich,2022-03-22 17:00:00,1,,val,arima,0.1645,0.23547574344253405
Gevenich,2022-03-22 18:00:00,1,,val,arima,0.1645,0.23536329682977133
Gevenich,2022-03-22 19:00:00,1,,val,arima,0.1655,0.23525090391358278
Gevenich,2022-03-22 20:00:00,1,,val,arima,0.1625,0.2351385646683267
Gevenich,2022-03-22 21:00:00,1,,val,arima,0.163,0.2350262790683736
Gevenich,2022-03-29 23:00:00,1,,val,arima,0.113,0.23491404708810634
Gevenich,2022-03-30 01:00:00,1,,val,arima,0.115,0.23480186870191988
Gevenich,2022-03-30 02:00:00,1,,val,arima,0.114,0.23468974388422148
Gevenich,2022-03-30 05:00:00,1,,val,arima,0.18,0.2345776726094306
Gevenich,2022-03-30 07:00:00,1,,val,arima,0.119,0.23446565485197896
Gevenich,2022-03-30 08:00:00,1,,val,arima,0.122,0.2343536905863104
Gevenich,2022-03-30 09:00:00,1,,val,arima,0.1545,0.23424177978688104
Gevenich,2022-03-30 11:00:00,1,,val,arima,0.189,0.2341299224281592
Gevenich,2022-03-30 12:00:00,1,,val,arima,0.156,0.23401811848462534
Gevenich,2022-03-30 14:00:00,1,,val,arima,0.127,0.2339063679307721
Gevenich,2022-03-30 15:00:00,1,,val,arima,0.191,0.23379467074110438
Gevenich,2022-03-30 16:00:00,1,,val,arima,0.191,0.2336830268901392
Gevenich,2022-03-30 17:00:00,1,,val,arima,0.16049999,0.23357143635240576
Gevenich,2022-03-30 18:00:00,1,,val,arima,0.191,0.2334598991024454
Gevenich,2022-03-30 20:00:00,1,,val,arima,0.162,0.23334841511481166
Gevenich,2022-03-30 21:00:00,1,,val,arima,0.191,0.23323698436407017
Gevenich,2022-03-30 22:00:00,1,,val,arima,0.191,0.2331256068247988
Gevenich,2022-03-31 00:00:00,1,,val,arima,0.163,0.23301428247158745
Gevenich,2022-03-31 02:00:00,1,,val,arima,0.16499999,0.23290301127903823
Gevenich,2022-03-31 05:00:00,1,,val,arima,0.167,0.23279179322176535
Gevenich,2022-03-31 06:00:00,1,,val,arima,0.167,0.23268062827439517
Gevenich,2022-03-31 07:00:00,1,,val,arima,0.195,0.23256951641156612
Gevenich,2022-03-31 08:00:00,1,,val,arima,0.168,0.23245845760792877
Gevenich,2022-03-31 09:00:00,1,,val,arima,0.195,0.23234745183814579
Gevenich,2022-03-31 10:00:00,1,,val,arima,0.16800001,0.23223649907689198
Gevenich,2022-03-31 13:00:00,1,,val,arima,0.142,0.23212559929885415
Gevenich,2022-03-31 14:00:00,1,,val,arima,0.247,0.2320147524787313
Gevenich,2022-03-31 15:00:00,1,,val,arima,0.245,0.23190395859123442
Gevenich,2022-03-31 16:00:00,1,,val,arima,0.243,0.23179321761108662
Gevenich,2022-03-31 17:00:00,1,,val,arima,0.242,0.23168252951302315
Gevenich,2022-03-31 18:00:00,1,,val,arima,0.197,0.23157189427179117
Gevenich,2022-03-31 19:00:00,1,,val,arima,0.241,0.23146131186215008
Gevenich,2022-03-31 20:00:00,1,,val,arima,0.239,0.23135078225887112
Gevenich,2022-03-31 21:00:00,1,,val,arima,0.238,0.2312403054367378
Gevenich,2022-03-31 22:00:00,1,,val,arima,0.199,0.2311298813705455
Gevenich,2022-03-31 23:00:00,1,,val,arima,0.238,0.2310195100351017
Gevenich,2022-04-17 23:00:00,1,,val,arima,0.1125,0.23090919140522598
Gevenich,2022-04-18 00:00:00,1,,val,arima,0.116,0.23079892545574981
Gevenich,2022-04-18 01:00:00,1,,val,arima,0.116500005,0.23068871216151676
Gevenich,2022-04-18 02:00:00,1,,val,arima,0.1125,0.23057855149738243
Gevenich,2022-04-18 03:00:00,1,,val,arima,0.114,0.23046844343821438
Gevenich,2022-04-18 04:00:00,1,,val,arima,0.1155,0.23035838795889219
Gevenich,2022-04-18 05:00:00,1,,val,arima,0.113,0.23024838503430736
Gevenich,2022-04-18 06:00:00,1,,val,arima,0.112,0.23013843463936356
Gevenich,2022-04-18 07:00:00,1,,val,arima,0.1135,0.23002853674897628
Gevenich,2022-04-18 08:00:00,1,,val,arima,0.112,0.22991869133807305
Gevenich,2022-04-18 09:00:00,1,,val,arima,0.113,0.22980889838159338
Gevenich,2022-04-18 10:00:00,1,,val,arima,0.114999995,0.22969915785448874
Gevenich,2022-04-18 11:00:00,1,,val,arima,0.1135,0.22958946973172253
Gevenich,2022-04-18 12:00:00,1,,val,arima,0.111499995,0.22947983398827015
Gevenich,2022-04-18 13:00:00,1,,val,arima,0.111499995,0.22937025059911897
Gevenich,2022-04-18 14:00:00,1,,val,arima,0.108500004,0.2292607195392682
Gevenich,2022-04-18 15:00:00,1,,val,arima,0.113000005,0.2291512407837291
Gevenich,2022-04-18 16:00:00,1,,val,arima,0.112,0.2290418143075248
Gevenich,2022-04-18 17:00:00,1,,val,arima,0.1105,0.22893244008569036
Gevenich,2022-04-18 18:00:00,1,,val,arima,0.1095,0.2288231180932728
Gevenich,2022-04-18 19:00:00,1,,val,arima,0.11049999,0.22871384830533106
Gevenich,2022-04-18 20:00:00,1,,val,arima,0.1105,0.2286046306969359
Gevenich,2022-04-18 21:00:00,1,,val,arima,0.109500006,0.2284954652431701
Gevenich,2022-04-18 22:00:00,1,,val,arima,0.1095,0.22838635191912826
Gevenich,2022-04-18 23:00:00,1,,val,arima,0.1095,0.22827729069991692
Gevenich,2022-04-19 00:00:00,1,,val,arima,0.1095,0.22816828156065444
Gevenich,2022-04-19 01:00:00,1,,val,arima,0.109,0.22805932447647118
Gevenich,2022-04-19 02:00:00,1,,val,arima,0.109,0.22795041942250924
Gevenich,2022-04-19 03:00:00,1,,val,arima,0.112,0.2278415663739227
Gevenich,2022-04-19 04:00:00,1,,val,arima,0.11,0.22773276530587744
Gevenich,2022-04-19 05:00:00,1,,val,arima,0.1095,0.2276240161935512
Gevenich,2022-04-19 06:00:00,1,,val,arima,0.107999995,0.22751531901213362
Gevenich,2022-04-19 07:00:00,1,,val,arima,0.1095,0.22740667373682613
Gevenich,2022-04-19 08:00:00,1,,val,arima,0.1075,0.2272980803428421
Gevenich,2022-04-19 09:00:00,1,,val,arima,0.111,0.22718953880540657
Gevenich,2022-04-19 10:00:00,1,,val,arima,0.107,0.22708104909975657
Gevenich,2022-04-19 11:00:00,1,,val,arima,0.109,0.2269726112011409
Gevenich,2022-04-19 12:00:00,1,,val,arima,0.11,0.22686422508482013
Gevenich,2022-04-19 13:00:00,1,,val,arima,0.111,0.22675589072606672
Gevenich,2022-04-19 14:00:00,1,,val,arima,0.109,0.2266476081001649
Gevenich,2022-04-19 15:00:00,1,,val,arima,0.108,0.2265393771824107
Gevenich,2022-04-19 16:00:00,1,,val,arima,0.1065,0.22643119794811195
Gevenich,2022-04-19 17:00:00,1,,val,arima,0.11,0.2263230703725883
Gevenich,2022-04-19 18:00:00,1,,val,arima,0.107,0.22621499443117116
Gevenich,2022-04-19 19:00:00,1,,val,arima,0.1075,0.22610697009920366
Gevenich,2022-05-05 17:00:00,1,,val,arima,0.0935,0.22599899735204088
Gevenich,2022-05-05 18:00:00,1,,val,arima,0.0925,0.22589107616504944
Gevenich,2022-05-05 19:00:00,1,,val,arima,0.0925,0.2257832065136079
Gevenich,2022-05-05 20:00:00,1,,val,arima,0.092,0.2256753883731065
Gevenich,2022-05-05 21:00:00,1,,val,arima,0.0915,0.22556762171894723
Gevenich,2022-05-05 22:00:00,1,,val,arima,0.094500005,0.22545990652654385
Gevenich,2022-05-05 23:00:00,1,,val,arima,0.0925,0.22535224277132188
Gevenich,2022-05-06 00:00:00,1,,val,arima,0.0925,0.22524463042871853
Gevenich,2022-05-06 01:00:00,1,,val,arima,0.0945,0.22513706947418274
Gevenich,2022-05-06 02:00:00,1,,val,arima,0.0925,0.22502955988317522
Gevenich,2022-05-06 03:00:00,1,,val,arima,0.0925,0.22492210163116835
Gevenich,2022-05-06 04:00:00,1,,val,arima,0.09,0.2248146946936463
Gevenich,2022-05-06 05:00:00,1,,val,arima,0.09,0.2247073390461048
Gevenich,2022-05-06 06:00:00,1,,val,arima,0.0925,0.22460003466405143
Gevenich,2022-05-06 07:00:00,1,,val,arima,0.0925,0.2244927815230054
Gevenich,2022-05-06 08:00:00,1,,val,arima,0.0925,0.2243855795984976
Gevenich,2022-05-06 09:00:00,1,,val,arima,0.0925,0.2242784288660706
Gevenich,2022-05-06 10:00:00,1,,val,arima,0.0915,0.22417132930127875
Gevenich,2022-05-06 11:00:00,1,,val,arima,0.0935,0.22406428087968794
Gevenich,2022-05-06 12:00:00,1,,val,arima,0.0925,0.22395728357687578
Gevenich,2022-05-06 13:00:00,1,,val,arima,0.092,0.22385033736843157
Gevenich,2022-05-06 14:00:00,1,,val,arima,0.091,0.22374344222995624
Gevenich,2022-05-06 15:00:00,1,,val,arima,0.091,0.22363659813706235
Gevenich,2022-05-06 16:00:00,1,,val,arima,0.0935,0.22352980506537418
Gevenich,2022-05-06 17:00:00,1,,val,arima,0.092,0.22342306299052753
Gevenich,2022-05-06 18:00:00,1,,val,arima,0.092,0.22331637188816994
Gevenich,2022-05-06 19:00:00,1,,val,arima,0.0925,0.22320973173396053
Gevenich,2022-05-06 20:00:00,1,,val,arima,0.0925,0.22310314250357008
Gevenich,2022-05-06 21:00:00,1,,val,arima,0.092999995,0.22299660417268094
Gevenich,2022-05-06 22:00:00,1,,val,arima,0.0905,0.2228901167169871
Gevenich,2022-05-06 23:00:00,1,,val,arima,0.0915,0.22278368011219418
Gevenich,2022-05-07 00:00:00,1,,val,arima,0.0915,0.22267729433401934
Gevenich,2022-05-07 01:00:00,1,,val,arima,0.091000006,0.2225709593581914
Gevenich,2022-05-07 02:00:00,1,,val,arima,0.0895,0.2224646751604507
Gevenich,2022-05-07 03:00:00,1,,val,arima,0.0925,0.22235844171654928
Gevenich,2022-05-07 04:00:00,1,,val,arima,0.0885,0.22225225900225062
Gevenich,2022-05-07 05:00:00,1,,val,arima,0.0905,0.22214612699332986
Gevenich,2022-05-14 07:00:00,1,,val,arima,0.086500004,0.22204004566557367
Gevenich,2022-05-14 08:00:00,1,,val,arima,0.0855,0.22193401499478033
Gevenich,2022-05-14 09:00:00,1,,val,arima,0.089499995,0.22182803495675962
Gevenich,2022-05-14 10:00:00,1,,val,arima,0.0885,0.2217221055273329
Gevenich,2022-05-14 11:00:00,1,,val,arima,0.089499995,0.22161622668233308
Gevenich,2022-05-14 12:00:00,1,,val,arima,0.0885,0.2215103983976046
Gevenich,2022-05-14 13:00:00,1,,val,arima,0.0885,0.22140462064900346
Gevenich,2022-05-14 14:00:00,1,,val,arima,0.0895,0.22129889341239717
Gevenich,2022-05-14 15:00:00,1,,val,arima,0.091,0.2211932166636647
Gevenich,2022-05-14 16:00:00,1,,val,arima,0.0905,0.22108759037869669
Gevenich,2022-05-14 17:00:00,1,,val,arima,0.09,0.2209820145333951
Gevenich,2022-05-14 18:00:00,1,,val,arima,0.092999995,0.22087648910367363
Gevenich,2022-05-14 19:00:00,1,,val,arima,0.0915,0.22077101406545724
Gevenich,2022-05-14 20:00:00,1,,val,arima,0.089,0.22066558939468256
Gevenich,2022-05-14 21:00:00,1,,val,arima,0.0885,0.22056021506729762
Gevenich,2022-05-14 22:00:00,1,,val,arima,0.087,0.22045489105926203
Gevenich,2022-05-14 23:00:00,1,,val,arima,0.0885,0.22034961734654673
Gevenich,2022-05-15 00:00:00,1,,val,arima,0.0875,0.22024439390513428
Gevenich,2022-05-15 01:00:00,1,,val,arima,0.0875,0.2201392207110186
Gevenich,2022-05-15 02:00:00,1,,val,arima,0.088,0.22003409774020521
Gevenich,2022-05-15 03:00:00,1,,val,arima,0.089,0.21992902496871092
Gevenich,2022-05-15 04:00:00,1,,val,arima,0.09,0.21982400237256408
Gevenich,2022-05-15 05:00:00,1,,val,arima,0.09,0.2197190299278045
Gevenich,2022-05-15 06:00:00,1,,val,arima,0.088,0.21961410761048344
Gevenich,2022-05-15 07:00:00,1,,val,arima,0.087,0.21950923539666353
Gevenich,2022-05-15 08:00:00,1,,val,arima,0.0885,0.21940441326241888
Gevenich,2022-05-15 09:00:00,1,,val,arima,0.087500006,0.21929964118383505
Gevenich,2022-06-16 14:00:00,1,,val,arima,0.092,0.21919491913700892
Gevenich,2022-06-16 15:00:00,1,,val,arima,0.092,0.21909024709804892
Gevenich,2022-06-16 16:00:00,1,,val,arima,0.093,0.21898562504307478
Gevenich,2022-06-16 17:00:00,1,,val,arima,0.0925,0.2188810529482177
Gevenich,2022-06-16 18:00:00,1,,val,arima,0.094500005,0.21877653078962017
Gevenich,2022-06-16 19:00:00,1,,val,arima,0.093,0.21867205854343624
Gevenich,2022-06-16 20:00:00,1,,val,arima,0.0915,0.21856763618583125
Gevenich,2022-06-16 21:00:00,1,,val,arima,0.092,0.21846326369298188
Gevenich,2022-06-16 22:00:00,1,,val,arima,0.0905,0.21835894104107628
Gevenich,2022-06-16 23:00:00,1,,val,arima,0.093,0.21825466820631395
Gevenich,2022-06-17 00:00:00,1,,val,arima,0.091,0.21815044516490567
Gevenich,2022-06-17 01:00:00,1,,val,arima,0.091,0.21804627189307374
Gevenich,2022-06-17 02:00:00,1,,val,arima,0.0925,0.2179421483670516
Gevenich,2022-06-17 03:00:00,1,,val,arima,0.091000006,0.21783807456308424
Gevenich,2022-06-17 04:00:00,1,,val,arima,0.0895,0.21773405045742789
Gevenich,2022-06-17 05:00:00,1,,val,arima,0.0885,0.21763007602635015
Gevenich,2022-06-17 06:00:00,1,,val,arima,0.089,0.21752615124612992
Gevenich,2022-06-17 07:00:00,1,,val,arima,0.091,0.21742227609305748
Gevenich,2022-06-17 08:00:00,1,,val,arima,0.089,0.2173184505434344
Gevenich,2022-06-17 09:00:00,1,,val,arima,0.0885,0.21721467457357357
Gevenich,2022-07-03 01:00:00,1,,val,arima,0.128,0.21711094815979914
Gevenich,2022-07-03 02:00:00,1,,val,arima,0.127,0.2170072712784467
Gevenich,2022-07-03 03:00:00,1,,val,arima,0.126,0.216903643905863
Gevenich,2022-07-03 04:00:00,1,,val,arima,0.127,0.21680006601840618
Gevenich,2022-07-03 05:00:00,1,,val,arima,0.1265,0.21669653759244561
Gevenich,2022-07-03 06:00:00,1,,val,arima,0.1235,0.21659305860436195
Gevenich,2022-07-03 07:00:00,1,,val,arima,0.125,0.2164896290305472
Gevenich,2022-07-03 08:00:00,1,,val,arima,0.124,0.21638624884740454
Gevenich,2022-07-03 09:00:00,1,,val,arima,0.124,0.21628291803134847
Gevenich,2022-07-03 10:00:00,1,,val,arima,0.123,0.2161796365588048
Gevenich,2022-07-03 11:00:00,1,,val,arima,0.1215,0.2160764044062105
Gevenich,2022-07-10 13:00:00,1,,val,arima,0.094,0.21597322155001386
Gevenich,2022-07-10 14:00:00,1,,val,arima,0.096,0.2158700879666744
Gevenich,2022-07-10 15:00:00,1,,val,arima,0.092,0.21576700363266288
Gevenich,2022-07-10 16:00:00,1,,val,arima,0.091,0.2156639685244613
Gevenich,2022-07-10 17:00:00,1,,val,arima,0.091,0.21556098261856282
Gevenich,2022-07-10 18:00:00,1,,val,arima,0.091,0.21545804589147197
Gevenich,2022-07-10 19:00:00,1,,val,arima,0.089499995,0.21535515831970437
Gevenich,2022-07-10 20:00:00,1,,val,arima,0.0945,0.21525231987978694
Gevenich,2022-07-10 21:00:00,1,,val,arima,0.09,0.21514953054825772
Gevenich,2022-07-10 22:00:00,1,,val,arima,0.09,0.21504679030166607
Gevenich,2022-07-10 23:00:00,1,,val,arima,0.089,0.21494409911657242
Gevenich,2022-07-11 00:00:00,1,,val,arima,0.0905,0.2148414569695485
Gevenich,2022-07-11 01:00:00,1,,val,arima,0.0885,0.2147388638371772
Gevenich,2022-07-11 02:00:00,1,,val,arima,0.09,0.2146363196960525
Gevenich,2022-07-11 03:00:00,1,,val,arima,0.0905,0.21453382452277975
Gevenich,2022-07-11 04:00:00,1,,val,arima,0.09,0.21443137829397527
Gevenich,2022-07-11 05:00:00,1,,val,arima,0.092,0.21432898098626665
Gevenich,2022-07-11 06:00:00,1,,val,arima,0.092,0.21422663257629262
Gevenich,2022-07-11 07:00:00,1,,val,arima,0.091,0.2141243330407031
Gevenich,2022-07-11 08:00:00,1,,val,arima,0.088,0.2140220823561591
Gevenich,2022-07-11 09:00:00,1,,val,arima,0.087,0.21391988049933286
Gevenich,2022-07-11 10:00:00,1,,val,arima,0.09,0.2138177274469076
Gevenich,2022-07-11 11:00:00,1,,val,arima,0.091000006,0.21371562317557788
Gevenich,2022-07-11 12:00:00,1,,val,arima,0.087,0.21361356766204923
Gevenich,2022-07-11 13:00:00,1,,val,arima,0.091,0.21351156088303835
Gevenich,2022-07-11 14:00:00,1,,val,arima,0.093,0.21340960281527313
Gevenich,2022-07-11 15:00:00,1,,val,arima,0.089,0.2133076934354925
Gevenich,2022-07-18 17:00:00,1,,val,arima,0.0845,0.21320583272044646
Gevenich,2022-07-18 18:00:00,1,,val,arima,0.08,0.21310402064689624
Gevenich,2022-07-18 19:00:00,1,,val,arima,0.082,0.21300225719161403
Gevenich,2022-07-18 20:00:00,1,,val,arima,0.0785,0.21290054233138317
Gevenich,2022-07-18 21:00:00,1,,val,arima,0.0795,0.21279887604299813
Gevenich,2022-07-18 22:00:00,1,,val,arima,0.083000004,0.2126972583032644
Gevenich,2022-07-18 23:00:00,1,,val,arima,0.073,0.21259568908899856
Gevenich,2022-07-19 00:00:00,1,,val,arima,0.0835,0.21249416837702828
Gevenich,2022-07-19 02:00:00,1,,val,arima,0.085,0.21239269614419232
Gevenich,2022-07-19 03:00:00,1,,val,arima,0.078,0.21229127236734038
Gevenich,2022-07-19 04:00:00,1,,val,arima,0.075,0.21218989702333335
Gevenich,2022-07-19 05:00:00,1,,val,arima,0.0895,0.21208857008904314
Gevenich,2022-07-19 06:00:00,1,,val,arima,0.073,0.2119872915413526
Gevenich,2022-07-19 07:00:00,1,,val,arima,0.078,0.2118860613571558
Gevenich,2022-07-19 08:00:00,1,,val,arima,0.076,0.21178487951335767
Gevenich,2022-07-19 10:00:00,1,,val,arima,0.0965,0.21168374598687428
Gevenich,2022-07-19 11:00:00,1,,val,arima,0.079,0.2115826607546327
Gevenich,2022-07-19 12:00:00,1,,val,arima,0.079,0.21148162379357097
Gevenich,2022-07-19 14:00:00,1,,val,arima,0.249,0.2113806350806382
Gevenich,2022-07-19 15:00:00,1,,val,arima,0.243,0.2112796945927945
Gevenich,2022-08-11 17:00:00,1,,val,arima,0.08,0.21117880230701092
Gevenich,2022-08-11 18:00:00,1,,val,arima,0.077999994,0.2110779582002696
Gevenich,2022-08-11 19:00:00,1,,val,arima,0.071,0.2109771622495636
Gevenich,2022-08-11 20:00:00,1,,val,arima,0.0785,0.210876414431897
Gevenich,2022-08-11 21:00:00,1,,val,arima,0.078,0.21077571472428486
Gevenich,2022-08-11 22:00:00,1,,val,arima,0.0755,0.2106750631037532
Gevenich,2022-08-11 23:00:00,1,,val,arima,0.0785,0.21057445954733903
Gevenich,2022-08-12 00:00:00,1,,val,arima,0.075,0.21047390403209032
Gevenich,2022-08-12 01:00:00,1,,val,arima,0.077999994,0.21037339653506598
Gevenich,2022-08-12 02:00:00,1,,val,arima,0.0755,0.21027293703333588
Gevenich,2022-08-12 03:00:00,1,,val,arima,0.0765,0.2101725255039809
Gevenich,2022-08-12 04:00:00,1,,val,arima,0.0765,0.21007216192409278
Gevenich,2022-08-12 05:00:00,1,,val,arima,0.0765,0.20997184627077425
Gevenich,2022-08-12 06:00:00,1,,val,arima,0.077,0.20987157852113894
Gevenich,2022-08-12 07:00:00,1,,val,arima,0.0765,0.20977135865231145
Gevenich,2022-08-12 08:00:00,1,,val,arima,0.07,0.20967118664142725
Gevenich,2022-08-12 09:00:00,1,,val,arima,0.071,0.20957106246563278
Gevenich,2022-08-12 10:00:00,1,,val,arima,0.0765,0.20947098610208542
Gevenich,2022-08-12 11:00:00,1,,val,arima,0.07,0.20937095752795334
Gevenich,2022-08-12 12:00:00,1,,val,arima,0.07,0.20927097672041572
Gevenich,2022-08-12 13:00:00,1,,val,arima,0.0765,0.2091710436566626
Gevenich,2022-08-12 14:00:00,1,,val,arima,0.071,0.2090711583138949
Gevenich,2022-08-12 15:00:00,1,,val,arima,0.071,0.20897132066932445
Gevenich,2022-08-12 16:00:00,1,,val,arima,0.08,0.20887153070017395
Gevenich,2022-08-12 17:00:00,1,,val,arima,0.0765,0.208771788383677
Gevenich,2022-08-12 18:00:00,1,,val,arima,0.079500005,0.20867209369707804
Gevenich,2022-08-12 19:00:00,1,,val,arima,0.077,0.20857244661763236
Gevenich,2022-08-12 20:00:00,1,,val,arima,0.0775,0.20847284712260622
Gevenich,2022-08-12 21:00:00,1,,val,arima,0.078999996,0.20837329518927655
Gevenich,2022-08-12 22:00:00,1,,val,arima,0.076000005,0.20827379079493133
Gevenich,2022-08-12 23:00:00,1,,val,arima,0.078999996,0.20817433391686924
Gevenich,2022-08-13 00:00:00,1,,val,arima,0.0775,0.2080749245323999
Gevenich,2022-08-13 01:00:00,1,,val,arima,0.076000005,0.20797556261884365
Gevenich,2022-08-27 23:00:00,1,,val,arima,0.086500004,0.20787624815353178
Gevenich,2022-08-28 00:00:00,1,,val,arima,0.0885,0.20777698111380632
Gevenich,2022-08-28 01:00:00,1,,val,arima,0.0885,0.20767776147702022
Gevenich,2022-08-28 02:00:00,1,,val,arima,0.087,0.2075785892205371
Gevenich,2022-08-28 03:00:00,1,,val,arima,0.088,0.2074794643217315
Gevenich,2022-08-28 04:00:00,1,,val,arima,0.09,0.20738038675798873
Gevenich,2022-08-28 05:00:00,1,,val,arima,0.102,0.20728135650670493
Gevenich,2022-08-28 06:00:00,1,,val,arima,0.091,0.20718237354528696
Gevenich,2022-08-28 07:00:00,1,,val,arima,0.091,0.20708343785115252
Gevenich,2022-08-28 08:00:00,1,,val,arima,0.09,0.2069845494017301
Gevenich,2022-08-28 09:00:00,1,,val,arima,0.087,0.20688570817445898
Gevenich,2022-08-28 10:00:00,1,,val,arima,0.0905,0.20678691414678912
Gevenich,2022-08-28 11:00:00,1,,val,arima,0.089,0.2066881672961814
Gevenich,2022-08-28 12:00:00,1,,val,arima,0.087,0.20658946760010732
Gevenich,2022-08-28 13:00:00,1,,val,arima,0.0875,0.20649081503604927
Gevenich,2022-08-28 14:00:00,1,,val,arima,0.0905,0.20639220958150026
Gevenich,2022-08-28 15:00:00,1,,val,arima,0.0925,0.20629365121396415
Gevenich,2022-08-28 16:00:00,1,,val,arima,0.0885,0.20619513991095545
Gevenich,2022-08-28 17:00:00,1,,val,arima,0.0885,0.2060966756499995
Gevenich,2022-08-28 18:00:00,1,,val,arima,0.089,0.20599825840863234
Gevenich,2022-08-28 19:00:00,1,,val,arima,0.089,0.2058998881644007
Gevenich,2022-08-28 20:00:00,1,,val,arima,0.0895,0.20580156489486207
Gevenich,2022-08-28 21:00:00,1,,val,arima,0.0885,0.20570328857758463
Gevenich,2022-08-28 22:00:00,1,,val,arima,0.087,0.20560505919014735
Gevenich,2022-08-28 23:00:00,1,,val,arima,0.096,0.20550687671013979
Gevenich,2022-08-29 00:00:00,1,,val,arima,0.085999995,0.20540874111516227
Gevenich,2022-08-29 01:00:00,1,,val,arima,0.085999995,0.20531065238282586
Gevenich,2022-08-29 02:00:00,1,,val,arima,0.0875,0.20521261049075223
Gevenich,2022-08-29 03:00:00,1,,val,arima,0.08499999,0.20511461541657378
Gevenich,2022-09-12 23:00:00,1,,val,arima,0.22649999,0.20501666713793354
Gevenich,2022-09-13 00:00:00,1,,val,arima,0.22500001,0.20491876563248534
Gevenich,2022-09-13 01:00:00,1,,val,arima,0.22749999,0.20482091087789353
Gevenich,2022-09-13 02:00:00,1,,val,arima,0.223,0.20472310285183326
Gevenich,2022-09-13 03:00:00,1,,val,arima,0.22150001,0.20462534153199022
Gevenich,2022-09-13 04:00:00,1,,val,arima,0.221,0.20452762689606085
Gevenich,2022-09-13 05:00:00,1,,val,arima,0.21849999,0.20442995892175217
Gevenich,2022-09-13 06:00:00,1,,val,arima,0.2195,0.20433233758678193
Gevenich,2022-09-13 07:00:00,1,,val,arima,0.2155,0.20423476286887843
Gevenich,2022-09-13 08:00:00,1,,val,arima,0.216,0.20413723474578066
Gevenich,2022-09-13 09:00:00,1,,val,arima,0.215,0.2040397531952382
Gevenich,2022-09-13 10:00:00,1,,val,arima,0.21450001,0.20394231819501135
Gevenich,2022-09-13 11:00:00,1,,val,arima,0.21450001,0.20384492972287088
Gevenich,2022-09-13 12:00:00,1,,val,arima,0.214,0.2037475877565983
Gevenich,2022-09-13 13:00:00,1,,val,arima,0.2135,0.20365029227398568
Gevenich,2022-09-13 14:00:00,1,,val,arima,0.2125,0.2035530432528357
Gevenich,2022-09-13 15:00:00,1,,val,arima,0.21,0.20345584067096167
Gevenich,2022-09-13 16:00:00,1,,val,arima,0.2105,0.20335868450618744
Gevenich,2022-09-13 17:00:00,1,,val,arima,0.21200001,0.20326157473634746
Gevenich,2022-09-13 18:00:00,1,,val,arima,0.21000001,0.20316451133928679
Gevenich,2022-09-13 19:00:00,1,,val,arima,0.21149999,0.20306749429286108
Gevenich,2022-09-13 20:00:00,1,,val,arima,0.208,0.2029705235749365
Gevenich,2022-09-13 21:00:00,1,,val,arima,0.2085,0.20287359916338987
Gevenich,2022-09-13 22:00:00,1,,val,arima,0.20899999,0.20277672103610847
Gevenich,2022-09-13 23:00:00,1,,val,arima,0.20750001,0.20267988917099022
Gevenich,2022-09-14 00:00:00,1,,val,arima,0.20699999,0.2025831035459436
Gevenich,2022-09-14 01:00:00,1,,val,arima,0.206,0.2024863641388876
Gevenich,2022-09-14 02:00:00,1,,val,arima,0.205,0.20238967092775176
Gevenich,2022-09-14 03:00:00,1,,val,arima,0.204,0.20229302389047618
Gevenich,2022-09-14 04:00:00,1,,val,arima,0.2035,0.20219642300501145
Gevenich,2022-09-14 05:00:00,1,,val,arima,0.205,0.20209986824931875
Gevenich,2022-09-14 06:00:00,1,,val,arima,0.20300001,0.20200335960136973
Gevenich,2022-09-14 07:00:00,1,,val,arima,0.2035,0.2019068970391466
Gevenich,2022-09-21 09:00:00,1,,val,arima,0.198,0.20181048054064205
Gevenich,2022-09-21 10:00:00,1,,val,arima,0.199,0.2017141100838593
Gevenich,2022-09-21 11:00:00,1,,val,arima,0.2005,0.2016177856468121
Gevenich,2022-09-21 12:00:00,1,,val,arima,0.198,0.20152150720752462
Gevenich,2022-09-21 13:00:00,1,,val,arima,0.19999999,0.2014252747440316
Gevenich,2022-09-21 14:00:00,1,,val,arima,0.198,0.20132908823437823
Gevenich,2022-09-21 15:00:00,1,,val,arima,0.199,0.20123294765662023
Gevenich,2022-09-21 16:00:00,1,,val,arima,0.198,0.20113685298882372
Gevenich,2022-09-21 17:00:00,1,,val,arima,0.1995,0.20104080420906537
Gevenich,2022-09-21 18:00:00,1,,val,arima,0.1995,0.20094480129543227
Gevenich,2022-09-21 19:00:00,1,,val,arima,0.198,0.200848844226022
Gevenich,2022-09-21 20:00:00,1,,val,arima,0.1985,0.2007529329789426
Gevenich,2022-09-21 21:00:00,1,,val,arima,0.197,0.20065706753231255
Gevenich,2022-09-21 22:00:00,1,,val,arima,0.196,0.20056124786426077
Gevenich,2022-09-21 23:00:00,1,,val,arima,0.1965,0.20046547395292666
Gevenich,2022-09-22 00:00:00,1,,val,arima,0.1965,0.20036974577646002
Gevenich,2022-09-22 01:00:00,1,,val,arima,0.197,0.2002740633130211
Gevenich,2022-10-13 13:00:00,1,,val,arima,0.161,0.2001784265407806
Gevenich,2022-10-13 14:00:00,1,,val,arima,0.1815,0.20008283543791963
Gevenich,2022-10-13 15:00:00,1,,val,arima,0.201,0.19998728998262966
Gevenich,2022-10-13 18:00:00,1,,val,arima,0.171,0.1998917901531127
Gevenich,2022-10-13 19:00:00,1,,val,arima,0.21,0.19979633592758106
Gevenich,2022-10-13 20:00:00,1,,val,arima,0.171,0.19970092728425748
Gevenich,2022-10-13 21:00:00,1,,val,arima,0.191,0.19960556420137515
Gevenich,2022-10-13 22:00:00,1,,val,arima,0.211,0.1995102466571776
Gevenich,2022-10-13 23:00:00,1,,val,arima,0.193,0.19941497462991875
Gevenich,2022-10-14 00:00:00,1,,val,arima,0.19150001,0.1993197480978629
Gevenich,2022-10-14 01:00:00,1,,val,arima,0.1925,0.19922456703928482
Gevenich,2022-10-14 02:00:00,1,,val,arima,0.1925,0.19912943143246953
Gevenich,2022-10-14 03:00:00,1,,val,arima,0.19049999,0.19903434125571248
Gevenich,2022-10-14 04:00:00,1,,val,arima,0.192,0.19893929648731948
Gevenich,2022-10-14 05:00:00,1,,val,arima,0.192,0.1988442971056067
Gevenich,2022-10-14 06:00:00,1,,val,arima,0.191,0.19874934308890066
Gevenich,2022-10-14 07:00:00,1,,val,arima,0.19,0.19865443441553823
Gevenich,2022-10-14 08:00:00,1,,val,arima,0.19049999,0.19855957106386662
Gevenich,2022-10-14 09:00:00,1,,val,arima,0.19,0.19846475301224342
Gevenich,2022-10-14 10:00:00,1,,val,arima,0.1915,0.19836998023903646
Gevenich,2022-10-14 11:00:00,1,,val,arima,0.19,0.198275252722624
Gevenich,2022-10-14 12:00:00,1,,val,arima,0.19,0.1981805704413946
Gevenich,2022-10-14 13:00:00,1,,val,arima,0.18900001,0.19808593337374708
Gevenich,2022-10-14 14:00:00,1,,val,arima,0.191,0.19799134149809067
Gevenich,2022-10-14 15:00:00,1,,val,arima,0.1895,0.19789679479284483
Gevenich,2022-10-14 16:00:00,1,,val,arima,0.1895,0.19780229323643936
Gevenich,2022-10-14 17:00:00,1,,val,arima,0.1905,0.19770783680731435
Gevenich,2022-10-14 18:00:00,1,,val,arima,0.191,0.19761342548392022
Gevenich,2022-10-14 19:00:00,1,,val,arima,0.188,0.19751905924471763
Gevenich,2022-10-14 20:00:00,1,,val,arima,0.1885,0.19742473806817756
Gevenich,2022-10-14 21:00:00,1,,val,arima,0.18900001,0.19733046193278125
Gevenich,2022-10-14 22:00:00,1,,val,arima,0.1875,0.19723623081702024
Gevenich,2022-10-14 23:00:00,1,,val,arima,0.189,0.19714204469939633
Gevenich,2022-10-15 00:00:00,1,,val,arima,0.188,0.19704790355842156
Gevenich,2022-10-15 01:00:00,1,,val,arima,0.188,0.19695380737261825
Gevenich,2022-10-15 02:00:00,1,,val,arima,0.1895,0.19685975612051898
Gevenich,2022-10-15 03:00:00,1,,val,arima,0.187,0.19676574978066663
Gevenich,2022-10-15 04:00:00,1,,val,arima,0.1885,0.1966717883316142
Gevenich,2022-10-15 05:00:00,1,,val,arima,0.186,0.1965778717519251
Gevenich,2022-10-30 15:00:00,1,,val,arima,0.16749999,0.1964840000201728
Gevenich,2022-10-30 16:00:00,1,,val,arima,0.169,0.1963901731149411
Gevenich,2022-10-30 17:00:00,1,,val,arima,0.167,0.1962963910148241
Gevenich,2022-10-30 18:00:00,1,,val,arima,0.1685,0.19620265369842593
Gevenich,2022-10-30 19:00:00,1,,val,arima,0.1685,0.1961089611443611
Gevenich,2022-10-30 20:00:00,1,,val,arima,0.1655,0.19601531333125427
Gevenich,2022-10-30 21:00:00,1,,val,arima,0.167,0.1959217102377403
Gevenich,2022-10-30 22:00:00,1,,val,arima,0.16749999,0.19582815184246427
Gevenich,2022-10-30 23:00:00,1,,val,arima,0.1665,0.19573463812408146
Gevenich,2022-10-31 00:00:00,1,,val,arima,0.1665,0.19564116906125734
Gevenich,2022-10-31 01:00:00,1,,val,arima,0.16749999,0.19554774463266755
Gevenich,2022-10-31 02:00:00,1,,test,arima,0.166,0.16717604207675324
Gevenich,2022-10-31 03:00:00,1,,test,arima,0.16499999,0.16708327759396488
Gevenich,2022-10-31 04:00:00,1,,test,arima,0.1665,0.1670088018176929
Gevenich,2022-10-31 05:00:00,1,,test,arima,0.16600001,0.16690506749240586
Gevenich,2022-10-31 06:00:00,1,,test,arima,0.1645,0.16681278928837978
Gevenich,2022-10-31 07:00:00,1,,test,arima,0.1645,0.16671816491012897
Gevenich,2022-10-31 08:00:00,1,,test,arima,0.165,0.16662361946548274
Gevenich,2022-10-31 09:00:00,1,,test,arima,0.164,0.1665293360309117
Gevenich,2022-10-31 10:00:00,1,,test,arima,0.164,0.16643501068615657
Gevenich,2022-10-31 11:00:00,1,,test,arima,0.163,0.1663407621602716
Gevenich,2022-10-31 12:00:00,1,,test,arima,0.162,0.16624656530152593
Gevenich,2022-10-31 13:00:00,1,,test,arima,0.161,0.16615242040185957
Gevenich,2022-10-31 14:00:00,1,,test,arima,0.162,0.1660583295893317
Gevenich,2022-10-31 15:00:00,1,,test,arima,0.16,0.16596429184162195
Gevenich,2022-10-31 16:00:00,1,,test,arima,0.16049999,0.16587030737328756
Gevenich,2022-10-31 17:00:00,1,,test,arima,0.1615,0.165776376135931
Gevenich,2022-10-31 18:00:00,1,,test,arima,0.162,0.1656824980851227
Gevenich,2022-10-31 19:00:00,1,,test,arima,0.161,0.16558867319878492
Gevenich,2022-10-31 20:00:00,1,,test,arima,0.1595,0.1654949014445334
Gevenich,2022-10-31 21:00:00,1,,test,arima,0.161,0.16540118279255878
Gevenich,2022-10-31 22:00:00,1,,test,arima,0.16,0.16530751721287384
Gevenich,2022-10-31 23:00:00,1,,test,arima,0.16,0.16521390467536096
Gevenich,2022-11-08 01:00:00,1,,test,arima,0.15450001,0.16512034515000318
Gevenich,2022-11-08 02:00:00,1,,test,arima,0.15650001,0.16502683860677672
Gevenich,2022-11-08 03:00:00,1,,test,arima,0.155,0.16493338501567778
Gevenich,2022-11-08 04:00:00,1,,test,arima,0.15349999,0.16483998434672037
Gevenich,2022-11-08 05:00:00,1,,test,arima,0.155,0.1647466365699349
Gevenich,2022-11-08 06:00:00,1,,test,arima,0.15450001,0.1646533416553689
Gevenich,2022-11-08 07:00:00,1,,test,arima,0.15450001,0.16456009957308687
Gevenich,2022-11-08 08:00:00,1,,test,arima,0.1555,0.16446691029317023
Gevenich,2022-11-08 09:00:00,1,,test,arima,0.1555,0.16437377378571733
Gevenich,2022-11-08 10:00:00,1,,test,arima,0.153,0.1642806900208435
Gevenich,2022-11-08 11:00:00,1,,test,arima,0.155,0.16418765896868098
Gevenich,2022-11-08 12:00:00,1,,test,arima,0.154,0.1640946805993789
Gevenich,2022-11-08 13:00:00,1,,test,arima,0.1525,0.1640017548831033
Gevenich,2022-11-08 14:00:00,1,,test,arima,0.1505,0.16390888179003718
Gevenich,2022-11-08 15:00:00,1,,test,arima,0.1515,0.16381606129038032
Gevenich,2022-11-08 16:00:00,1,,test,arima,0.1515,0.16372329335434943
Gevenich,2022-11-08 17:00:00,1,,test,arima,0.153,0.16363057795217809
Gevenich,2022-11-08 18:00:00,1,,test,arima,0.15,0.16353791505411672
Gevenich,2022-11-08 19:00:00,1,,test,arima,0.153,0.1634453046304326
Gevenich,2022-11-08 20:00:00,1,,test,arima,0.1515,0.16335274665140986
Gevenich,2022-11-08 21:00:00,1,,test,arima,0.15,0.1632602410873494
Gevenich,2022-11-08 22:00:00,1,,test,arima,0.1495,0.163167787908569
Gevenich,2022-11-08 23:00:00,1,,test,arima,0.1505,0.16307538708540326
Gevenich,2022-11-09 00:00:00,1,,test,arima,0.1525,0.16298303858820348
Gevenich,2022-11-09 01:00:00,1,,test,arima,0.153,0.16289074238733786
Gevenich,2022-11-09 02:00:00,1,,test,arima,0.1505,0.16279849845319133
Gevenich,2022-11-09 03:00:00,1,,test,arima,0.1505,0.1627063067561656
Gevenich,2022-11-09 04:00:00,1,,test,arima,0.149,0.16261416726667915
Gevenich,2022-11-09 05:00:00,1,,test,arima,0.15,0.16252207995516715
Gevenich,2022-11-09 06:00:00,1,,test,arima,0.15,0.16243004479208162
Gevenich,2022-11-09 07:00:00,1,,test,arima,0.1505,0.16233806174789125
Gevenich,2022-11-09 08:00:00,1,,test,arima,0.1485,0.16224613079308142
Gevenich,2022-11-09 09:00:00,1,,test,arima,0.147,0.1621542518981543
Gevenich,2022-11-09 10:00:00,1,,test,arima,0.1505,0.16206242503362875
Gevenich,2022-11-09 11:00:00,1,,test,arima,0.1495,0.16197065017004025
Gevenich,2022-11-09 12:00:00,1,,test,arima,0.14750001,0.16187892727794104
Gevenich,2022-11-09 13:00:00,1,,test,arima,0.1505,0.1617872563279
Gevenich,2022-11-09 14:00:00,1,,test,arima,0.1505,0.1616956372905027
Gevenich,2022-11-09 15:00:00,1,,test,arima,0.15,0.1616040701363514
Gevenich,2022-11-09 16:00:00,1,,test,arima,0.1485,0.16151255483606491
Gevenich,2022-11-09 17:00:00,1,,test,arima,0.1495,0.16142109136027874
Gevenich,2022-11-09 18:00:00,1,,test,arima,0.148,0.16132967967964507
Gevenich,2022-11-09 19:00:00,1,,test,arima,0.1505,0.16123831976483258
Gevenich,2022-11-09 20:00:00,1,,test,arima,0.14750001,0.16114701158652667
Gevenich,2022-11-09 21:00:00,1,,test,arima,0.15,0.1610557551154293
Gevenich,2022-11-09 22:00:00,1,,test,arima,0.148,0.16096455032225904
Gevenich,2022-11-09 23:00:00,1,,test,arima,0.149,0.160873397177751
Gevenich,2022-11-10 00:00:00,1,,test,arima,0.1495,0.16078229565265695
Gevenich,2022-11-10 01:00:00,1,,test,arima,0.1495,0.1606912457177451
Gevenich,2023-04-13 19:00:00,1,,test,arima,0.3055,0.1606002473438003
Gevenich,2023-04-13 20:00:00,1,,test,arima,0.3055,0.1605093005016239
Gevenich,2023-04-13 21:00:00,1,,test,arima,0.306,0.16041840516203382
Gevenich,2023-04-13 22:00:00,1,,test,arima,0.30449998,0.1603275612958645
Gevenich,2023-04-13 23:00:00,1,,test,arima,0.30449998,0.16023676887396687
Gevenich,2023-04-14 00:00:00,1,,test,arima,0.308,0.16014602786720838
Gevenich,2023-04-14 01:00:00,1,,test,arima,0.306,0.16005533824647303
Gevenich,2023-04-14 02:00:00,1,,test,arima,0.307,0.15996469998266122
Gevenich,2023-04-14 03:00:00,1,,test,arima,0.307,0.15987411304668986
Gevenich,2023-04-14 04:00:00,1,,test,arima,0.30650002,0.15978357740949234
Gevenich,2023-04-14 05:00:00,1,,test,arima,0.3075,0.15969309304201854
Gevenich,2023-04-14 06:00:00,1,,test,arima,0.308,0.15960265991523473
Gevenich,2023-04-14 07:00:00,1,,test,arima,0.3075,0.15951227800012366
Gevenich,2023-04-14 08:00:00,1,,test,arima,0.30900002,0.15942194726768452
Gevenich,2023-04-14 09:00:00,1,,test,arima,0.30900002,0.15933166768893287
Gevenich,2023-04-14 10:00:00,1,,test,arima,0.30900002,0.15924143923490075
Gevenich,2023-04-14 11:00:00,1,,test,arima,0.3075,0.15915126187663658
Gevenich,2023-04-14 12:00:00,1,,test,arima,0.284,0.15906113558520513
Gevenich,2023-04-14 13:00:00,1,,test,arima,0.308,0.15897106033168762
Gevenich,2023-04-14 14:00:00,1,,test,arima,0.3085,0.15888103608718163
Gevenich,2023-04-14 15:00:00,1,,test,arima,0.308,0.1587910628228011
Gevenich,2023-04-14 16:00:00,1,,test,arima,0.287,0.15870114050967632
Gevenich,2023-04-14 18:00:00,1,,test,arima,0.372,0.1586112691189539
Gevenich,2023-04-14 19:00:00,1,,test,arima,0.365,0.1585214486217969
Gevenich,2023-04-14 20:00:00,1,,test,arima,0.303,0.1584316789893846
Gevenich,2023-04-14 21:00:00,1,,test,arima,0.334,0.1583419601929126
Gevenich,2023-04-14 22:00:00,1,,test,arima,0.364,0.15825229220359288
Gevenich,2023-04-14 23:00:00,1,,test,arima,0.3335,0.1581626749926537
Gevenich,2023-04-15 00:00:00,1,,test,arima,0.33200002,0.1580731085313396
Gevenich,2023-04-15 01:00:00,1,,test,arima,0.359,0.1579835927909114
Gevenich,2023-04-15 02:00:00,1,,test,arima,0.32950002,0.15789412774264622
Gevenich,2023-04-15 03:00:00,1,,test,arima,0.3305,0.15780471335783738
Gevenich,2023-04-15 04:00:00,1,,test,arima,0.359,0.15771534960779457
Gevenich,2023-04-15 05:00:00,1,,test,arima,0.3315,0.1576260364638436
Gevenich,2023-04-15 06:00:00,1,,test,arima,0.3305,0.15753677389732662
Gevenich,2023-04-15 07:00:00,1,,test,arima,0.358,0.15744756187960196
Gevenich,2023-04-15 08:00:00,1,,test,arima,0.32950002,0.15735840038204418
Gevenich,2023-04-15 09:00:00,1,,test,arima,0.328,0.15726928937604406
Gevenich,2023-04-15 10:00:00,1,,test,arima,0.3285,0.15718022883300853
Gevenich,2023-04-15 11:00:00,1,,test,arima,0.3285,0.1570912187243608
Gevenich,2023-04-15 12:00:00,1,,test,arima,0.3255,0.1570022590215402
Gevenich,2023-04-15 13:00:00,1,,test,arima,0.325,0.1569133496960022
Gevenich,2023-04-15 14:00:00,1,,test,arima,0.32450002,0.15682449071921856
Gevenich,2023-04-15 15:00:00,1,,test,arima,0.32099998,0.15673568206267707
Gevenich,2023-04-15 16:00:00,1,,test,arima,0.3195,0.15664692369788172
Gevenich,2023-04-15 17:00:00,1,,test,arima,0.3175,0.15655821559635263
Gevenich,2023-05-10 11:00:00,1,,test,arima,0.34149998,0.15646955772962606
Gevenich,2023-05-10 12:00:00,1,,test,arima,0.338,0.1563809500692544
Gevenich,2023-05-10 13:00:00,1,,test,arima,0.336,0.1562923925868061
Gevenich,2023-05-10 14:00:00,1,,test,arima,0.33249998,0.15620388525386572
Gevenich,2023-05-10 15:00:00,1,,test,arima,0.32999998,0.156115428042034
Gevenich,2023-05-10 16:00:00,1,,test,arima,0.328,0.15602702092292758
Gevenich,2023-05-10 17:00:00,1,,test,arima,0.3255,0.1559386638681794
Gevenich,2023-05-10 18:00:00,1,,test,arima,0.32599998,0.15585035684943827
Gevenich,2023-05-10 19:00:00,1,,test,arima,0.324,0.1557620998383692
Gevenich,2023-05-10 20:00:00,1,,test,arima,0.3215,0.1556738928066531
Gevenich,2023-05-10 21:00:00,1,,test,arima,0.3225,0.15558573572598708
Gevenich,2023-05-10 22:00:00,1,,test,arima,0.3215,0.15549762856808413
Gevenich,2023-05-10 23:00:00,1,,test,arima,0.32,0.1554095713046734
Gevenich,2023-05-11 00:00:00,1,,test,arima,0.3195,0.1553215639074999
Gevenich,2023-05-11 01:00:00,1,,test,arima,0.31849998,0.15523360634832475
Gevenich,2023-05-11 02:00:00,1,,test,arima,0.3195,0.15514569859892502
Gevenich,2023-05-11 03:00:00,1,,test,arima,0.3165,0.1550578406310938
Gevenich,2023-05-11 04:00:00,1,,test,arima,0.315,0.15497003241664004
Gevenich,2023-05-11 05:00:00,1,,test,arima,0.31599998,0.1548822739273888
Gevenich,2023-05-11 06:00:00,1,,test,arima,0.31599998,0.15479456513518103
Gevenich,2023-05-11 07:00:00,1,,test,arima,0.3165,0.1547069060118736
Gevenich,2023-05-11 08:00:00,1,,test,arima,0.31599998,0.15461929652933937
Gevenich,2023-05-11 09:00:00,1,,test,arima,0.31449997,0.15453173665946707
Gevenich,2023-05-11 10:00:00,1,,test,arima,0.3115,0.15444422637416144
Gevenich,2023-05-11 11:00:00,1,,test,arima,0.31050003,0.15435676564534304
Gevenich,2023-05-11 12:00:00,1,,test,arima,0.308,0.15426935444494833
Gevenich,2023-05-11 13:00:00,1,,test,arima,0.305,0.15418199274492977
Gevenich,2023-05-11 14:00:00,1,,test,arima,0.3025,0.15409468051725556
Gevenich,2023-05-11 15:00:00,1,,test,arima,0.2995,0.15400741773390988
Gevenich,2023-05-18 17:00:00,1,,test,arima,0.2445,0.15392020436689274
Gevenich,2023-05-18 18:00:00,1,,test,arima,0.2425,0.15383304038822
Gevenich,2023-05-18 19:00:00,1,,test,arima,0.2435,0.15374592576992335
Gevenich,2023-05-18 20:00:00,1,,test,arima,0.2435,0.15365886048405036
Gevenich,2023-05-18 21:00:00,1,,test,arima,0.24200001,0.15357184450266442
Gevenich,2023-05-18 22:00:00,1,,test,arima,0.2435,0.1534848777978447
Gevenich,2023-05-18 23:00:00,1,,test,arima,0.2425,0.15339796034168623
Gevenich,2023-05-19 00:00:00,1,,test,arima,0.243,0.15331109210629984
Gevenich,2023-05-19 01:00:00,1,,test,arima,0.243,0.1532242730638121
Gevenich,2023-05-19 02:00:00,1,,test,arima,0.243,0.15313750318636543
Gevenich,2023-05-19 03:00:00,1,,test,arima,0.243,0.15305078244611797
Gevenich,2023-05-19 04:00:00,1,,test,arima,0.243,0.1529641108152437
Gevenich,2023-05-19 05:00:00,1,,test,arima,0.24399999,0.15287748826593228
Gevenich,2023-05-19 06:00:00,1,,test,arima,0.24149999,0.15279091477038914
Gevenich,2023-05-19 07:00:00,1,,test,arima,0.2425,0.1527043903008355
Gevenich,2023-05-19 08:00:00,1,,test,arima,0.243,0.1526179148295082
Gevenich,2023-05-19 09:00:00,1,,test,arima,0.2405,0.15253148832865993
Gevenich,2023-05-19 10:00:00,1,,test,arima,0.24,0.15244511077055906
Gevenich,2023-05-19 11:00:00,1,,test,arima,0.23949999,0.15235878212748954
Gevenich,2023-05-19 12:00:00,1,,test,arima,0.237,0.15227250237175124
Gevenich,2023-05-19 13:00:00,1,,test,arima,0.237,0.15218627147565952
Gevenich,2023-05-19 14:00:00,1,,test,arima,0.2335,0.1521000894115455
Gevenich,2023-05-19 15:00:00,1,,test,arima,0.23249999,0.15201395615175597
Gevenich,2023-05-19 16:00:00,1,,test,arima,0.23500001,0.15192787166865335
Gevenich,2023-05-19 17:00:00,1,,test,arima,0.23300001,0.15184183593461575
Gevenich,2023-05-19 18:00:00,1,,test,arima,0.232,0.1517558489220369
Gevenich,2023-05-19 19:00:00,1,,test,arima,0.231,0.15166991060332613
Gevenich,2023-05-19 20:00:00,1,,test,arima,0.2315,0.15158402095090848
Gevenich,2023-05-19 21:00:00,1,,test,arima,0.22999999,0.15149817993722453
Gevenich,2023-05-19 22:00:00,1,,test,arima,0.2305,0.1514123875347305
Gevenich,2023-05-19 23:00:00,1,,test,arima,0.2325,0.15132664371589816
Gevenich,2023-05-20 00:00:00,1,,test,arima,0.2295,0.15124094845321495
Gevenich,2023-05-20 01:00:00,1,,test,arima,0.229,0.15115530171918384
Gevenich,2023-05-20 02:00:00,1,,test,arima,0.231,0.15106970348632343
Gevenich,2023-05-20 03:00:00,1,,test,arima,0.2315,0.15098415372716772
Gevenich,2023-05-20 04:00:00,1,,test,arima,0.2315,0.15089865241426648
Gevenich,2023-05-20 05:00:00,1,,test,arima,0.2315,0.15081319952018485
Gevenich,2023-05-20 06:00:00,1,,test,arima,0.2315,0.1507277950175036
Gevenich,2023-05-20 07:00:00,1,,test,arima,0.2315,0.15064243887881906
Gevenich,2023-05-20 08:00:00,1,,test,arima,0.2315,0.15055713107674296
Gevenich,2023-05-20 09:00:00,1,,test,arima,0.22999999,0.1504718715839026
Gevenich,2023-05-20 10:00:00,1,,test,arima,0.2285,0.15038666037294082
Gevenich,2023-05-20 11:00:00,1,,test,arima,0.2265,0.15030149741651588
Gevenich,2023-05-20 12:00:00,1,,test,arima,0.2295,0.1502163826873016
Gevenich,2023-05-20 13:00:00,1,,test,arima,0.229,0.1501313161579872
Gevenich,2023-05-20 14:00:00,1,,test,arima,0.229,0.1500462978012774
Gevenich,2023-05-20 15:00:00,1,,test,arima,0.22999999,0.1499613275898924
Gevenich,2023-05-20 16:00:00,1,,test,arima,0.22999999,0.14987640549656783
Gevenich,2023-05-20 17:00:00,1,,test,arima,0.227,0.14979153149405472
Gevenich,2023-05-20 18:00:00,1,,test,arima,0.2295,0.1497067055551196
Gevenich,2023-05-20 19:00:00,1,,test,arima,0.22850001,0.1496219276525444
Gevenich,2023-06-05 11:00:00,1,,test,arima,0.1815,0.14953719775912638
Gevenich,2023-06-05 12:00:00,1,,test,arima,0.1805,0.14945251584767838
Gevenich,2023-06-05 13:00:00,1,,test,arima,0.181,0.14936788189102843
Gevenich,2023-06-05 14:00:00,1,,test,arima,0.1815,0.1492832958620201
Gevenich,2023-06-05 15:00:00,1,,test,arima,0.18,0.14919875773351232
Gevenich,2023-06-05 16:00:00,1,,test,arima,0.18,0.1491142674783793
Gevenich,2023-06-05 17:00:00,1,,test,arima,0.181,0.14902982506951068
Gevenich,2023-06-05 18:00:00,1,,test,arima,0.181,0.14894543047981149
Gevenich,2023-06-05 19:00:00,1,,test,arima,0.18,0.148861083682202
Gevenich,2023-06-05 20:00:00,1,,test,arima,0.1815,0.14877678464961785
Gevenich,2023-06-05 21:00:00,1,,test,arima,0.1795,0.14869253335501012
Gevenich,2023-06-05 22:00:00,1,,test,arima,0.18,0.14860832977134503
Gevenich,2023-06-05 23:00:00,1,,test,arima,0.1805,0.14852417387160424
Gevenich,2023-06-06 00:00:00,1,,test,arima,0.18,0.14844006562878465
Gevenich,2023-06-06 01:00:00,1,,test,arima,0.181,0.14835600501589846
Gevenich,2023-06-06 02:00:00,1,,test,arima,0.181,0.14827199200597313
Gevenich,2023-06-06 03:00:00,1,,test,arima,0.18,0.1481880265720515
Gevenich,2023-06-06 04:00:00,1,,test,arima,0.1795,0.1481041086871915
Gevenich,2023-06-06 05:00:00,1,,test,arima,0.1795,0.1480202383244665
Gevenich,2023-06-06 06:00:00,1,,test,arima,0.1795,0.147936415456965
Gevenich,2023-06-06 07:00:00,1,,test,arima,0.1795,0.14785264005779078
Gevenich,2023-06-06 08:00:00,1,,test,arima,0.1795,0.14776891210006282
Gevenich,2023-06-06 09:00:00,1,,test,arima,0.1815,0.14768523155691538
Gevenich,2023-06-06 10:00:00,1,,test,arima,0.18,0.1476015984014979
Gevenich,2023-06-06 11:00:00,1,,test,arima,0.178,0.147518012606975
Gevenich,2023-06-06 12:00:00,1,,test,arima,0.1795,0.14743447414652655
Gevenich,2023-06-06 13:00:00,1,,test,arima,0.17699999,0.14735098299334756
Gevenich,2023-06-13 15:00:00,1,,test,arima,0.13100001,0.14726753912064827
Gevenich,2023-06-13 16:00:00,1,,test,arima,0.126,0.14718414250165401
Gevenich,2023-06-13 17:00:00,1,,test,arima,0.13100001,0.1471007931096054
Gevenich,2023-06-13 18:00:00,1,,test,arima,0.131,0.14701749091775806
Gevenich,2023-06-13 19:00:00,1,,test,arima,0.13,0.14693423589938287
Gevenich,2023-06-13 20:00:00,1,,test,arima,0.132,0.14685102802776584
Gevenich,2023-06-13 21:00:00,1,,test,arima,0.1325,0.146767867276208
Gevenich,2023-06-13 22:00:00,1,,test,arima,0.1305,0.14668475361802563
Gevenich,2023-06-13 23:00:00,1,,test,arima,0.13,0.14660168702655008
Gevenich,2023-06-14 00:00:00,1,,test,arima,0.128,0.14651866747512776
Gevenich,2023-06-14 01:00:00,1,,test,arima,0.128,0.1464356949371202
Gevenich,2023-06-14 02:00:00,1,,test,arima,0.1275,0.14635276938590402
Gevenich,2023-06-14 03:00:00,1,,test,arima,0.131,0.14626989079487096
Gevenich,2023-06-14 04:00:00,1,,test,arima,0.1285,0.14618705913742774
Gevenich,2023-06-14 05:00:00,1,,test,arima,0.1295,0.1461042743869962
Gevenich,2023-07-03 09:00:00,1,,test,arima,0.13949999,0.14602153651701316
Gevenich,2023-07-03 10:00:00,1,,test,arima,0.14199999,0.14593884550093061
Gevenich,2023-07-03 11:00:00,1,,test,arima,0.13999999,0.1458562013122155
Gevenich,2023-07-03 12:00:00,1,,test,arima,0.141,0.14577360392434974
Gevenich,2023-07-03 13:00:00,1,,test,arima,0.13949999,0.14569105331083038
Gevenich,2023-07-03 14:00:00,1,,test,arima,0.14050001,0.14560854944516938
Gevenich,2023-07-03 15:00:00,1,,test,arima,0.13949999,0.1455260923008938
Gevenich,2023-07-03 16:00:00,1,,test,arima,0.1385,0.1454436818515456
Gevenich,2023-07-03 17:00:00,1,,test,arima,0.139,0.14536131807068176
Gevenich,2023-07-03 18:00:00,1,,test,arima,0.139,0.14527900093187418
Gevenich,2023-07-03 19:00:00,1,,test,arima,0.141,0.14519673040870987
Gevenich,2023-07-03 20:00:00,1,,test,arima,0.136,0.14511450647479063
Gevenich,2023-07-03 21:00:00,1,,test,arima,0.13800001,0.14503232910373332
Gevenich,2023-07-03 22:00:00,1,,test,arima,0.139,0.1449501982691697
Gevenich,2023-07-03 23:00:00,1,,test,arima,0.13800001,0.14486811394474644
Gevenich,2023-07-04 00:00:00,1,,test,arima,0.1375,0.1447860761041252
Gevenich,2023-07-04 01:00:00,1,,test,arima,0.138,0.14470408472098245
Gevenich,2023-07-11 03:00:00,1,,test,arima,0.113,0.14462213976900973
Gevenich,2023-07-11 04:00:00,1,,test,arima,0.113000005,0.14454024122191328
Gevenich,2023-07-11 05:00:00,1,,test,arima,0.112,0.1444583890534144
Gevenich,2023-07-11 06:00:00,1,,test,arima,0.1125,0.14437658323724917
Gevenich,2023-07-11 07:00:00,1,,test,arima,0.112,0.14429482374716857
Gevenich,2023-07-11 08:00:00,1,,test,arima,0.115,0.14421311055693847
Gevenich,2023-07-11 09:00:00,1,,test,arima,0.113,0.14413144364033958
Gevenich,2023-07-11 10:00:00,1,,test,arima,0.1145,0.14404982297116742
Gevenich,2023-07-11 11:00:00,1,,test,arima,0.1115,0.14396824852323242
Gevenich,2023-07-11 12:00:00,1,,test,arima,0.1135,0.14388672027035979
Gevenich,2023-07-11 13:00:00,1,,test,arima,0.116,0.14380523818638954
Gevenich,2023-07-11 14:00:00,1,,test,arima,0.116500005,0.14372380224517659
Gevenich,2023-07-11 15:00:00,1,,test,arima,0.1155,0.14364241242059056
Gevenich,2023-07-11 16:00:00,1,,test,arima,0.113,0.14356106868651594
Gevenich,2023-07-11 17:00:00,1,,test,arima,0.1135,0.143479771016852
Gevenich,2023-07-11 18:00:00,1,,test,arima,0.111499995,0.14339851938551273
Gevenich,2023-07-11 19:00:00,1,,test,arima,0.1135,0.14331731376642692
Gevenich,2023-07-11 20:00:00,1,,test,arima,0.114,0.14323615413353824
Gevenich,2023-07-11 21:00:00,1,,test,arima,0.114,0.1431550404608049
Gevenich,2023-07-11 22:00:00,1,,test,arima,0.1125,0.14307397272220002
Gevenich,2023-07-11 23:00:00,1,,test,arima,0.113,0.14299295089171143
Gevenich,2023-07-12 00:00:00,1,,test,arima,0.111,0.14291197494334165
Gevenich,2023-07-12 01:00:00,1,,test,arima,0.1105,0.14283104485110795
Gevenich,2023-07-12 02:00:00,1,,test,arima,0.1125,0.1427501605890423
Gevenich,2023-07-12 03:00:00,1,,test,arima,0.113000005,0.1426693221311914
Gevenich,2023-07-27 19:00:00,1,,test,arima,0.21450001,0.14258852945161662
Gevenich,2023-07-27 20:00:00,1,,test,arima,0.21650001,0.14250778252439403
Gevenich,2023-07-27 21:00:00,1,,test,arima,0.215,0.14242708132361437
Gevenich,2023-07-27 22:00:00,1,,test,arima,0.2165,0.14234642582338308
Gevenich,2023-07-27 23:00:00,1,,test,arima,0.21599999,0.14226581599782023
Gevenich,2023-07-28 00:00:00,1,,test,arima,0.215,0.14218525182106057
Gevenich,2023-07-28 01:00:00,1,,test,arima,0.21599999,0.14210473326725348
Gevenich,2023-07-28 02:00:00,1,,test,arima,0.2135,0.14202426031056303
Gevenich,2023-07-28 03:00:00,1,,test,arima,0.216,0.14194383292516782
Gevenich,2023-07-28 04:00:00,1,,test,arima,0.216,0.14186345108526116
Gevenich,2023-07-28 05:00:00,1,,test,arima,0.2155,0.14178311476505095
Gevenich,2023-08-12 09:00:00,1,,test,arima,0.2805,0.14170282393875971
Gevenich,2023-08-12 10:00:00,1,,test,arima,0.28,0.1416225785806245
Gevenich,2023-08-12 11:00:00,1,,test,arima,0.27850002,0.141542378664897
Gevenich,2023-08-12 12:00:00,1,,test,arima,0.2755,0.14146222416584353
Gevenich,2023-08-12 13:00:00,1,,test,arima,0.2775,0.1413821150577449
Gevenich,2023-08-12 14:00:00,1,,test,arima,0.2755,0.14130205131489648
Gevenich,2023-08-12 15:00:00,1,,test,arima,0.274,0.14122203291160831
Gevenich,2023-08-12 16:00:00,1,,test,arima,0.275,0.14114205982220487
Gevenich,2023-08-12 17:00:00,1,,test,arima,0.2715,0.1410621320210252
Gevenich,2023-08-12 18:00:00,1,,test,arima,0.272,0.14098224948242288
Gevenich,2023-08-12 19:00:00,1,,test,arima,0.271,0.14090241218076605
Gevenich,2023-08-12 20:00:00,1,,test,arima,0.2685,0.14082262009043728
Gevenich,2023-08-12 21:00:00,1,,test,arima,0.26999998,0.14074287318583373
Gevenich,2023-08-12 22:00:00,1,,test,arima,0.2685,0.14066317144136703
Gevenich,2023-08-12 23:00:00,1,,test,arima,0.2685,0.1405835148314633
Gevenich,2023-08-13 00:00:00,1,,test,arima,0.268,0.14050390333056312
Gevenich,2023-08-13 01:00:00,1,,test,arima,0.2665,0.1404243369131216
Gevenich,2023-08-13 02:00:00,1,,test,arima,0.2655,0.1403448155536082
Gevenich,2023-08-13 03:00:00,1,,test,arima,0.267,0.14026533922650702
Gevenich,2023-08-13 04:00:00,1,,test,arima,0.2755,0.14018590790631644
Gevenich,2023-08-13 05:00:00,1,,test,arima,0.28100002,0.14010652156754938
Gevenich,2023-08-13 06:00:00,1,,test,arima,0.285,0.14002718018473315
Gevenich,2023-08-13 07:00:00,1,,test,arima,0.288,0.13994788373240946
Gevenich,2023-08-13 08:00:00,1,,test,arima,0.288,0.13986863218513454
Gevenich,2023-08-13 09:00:00,1,,test,arima,0.2895,0.13978942551747892
Gevenich,2023-08-13 10:00:00,1,,test,arima,0.2885,0.1397102637040276
Gevenich,2023-08-13 11:00:00,1,,test,arima,0.2875,0.13963114671937993
Gevenich,2023-08-13 12:00:00,1,,test,arima,0.287,0.13955207453814966
Gevenich,2023-08-13 13:00:00,1,,test,arima,0.2885,0.13947304713496492
Gevenich,2023-08-13 14:00:00,1,,test,arima,0.28500003,0.13939406448446817
Gevenich,2023-08-13 15:00:00,1,,test,arima,0.28350002,0.1393151265613163
Gevenich,2023-08-13 16:00:00,1,,test,arima,0.282,0.13923623334018054
Gevenich,2023-08-13 17:00:00,1,,test,arima,0.28149998,0.13915738479574638
Gevenich,2023-08-13 18:00:00,1,,test,arima,0.28100002,0.13907858090271372
Gevenich,2023-08-13 19:00:00,1,,test,arima,0.28,0.13899982163579677
Gevenich,2023-08-13 20:00:00,1,,test,arima,0.2795,0.1389211069697241
Gevenich,2023-08-13 21:00:00,1,,test,arima,0.2775,0.1388424368792385
Gevenich,2023-08-21 03:00:00,1,,test,arima,0.213,0.13876381133909715
Gevenich,2023-08-21 04:00:00,1,,test,arima,0.214,0.13868523032407148
Gevenich,2023-08-21 05:00:00,1,,test,arima,0.2135,0.1386066938089472
Gevenich,2023-08-21 06:00:00,1,,test,arima,0.215,0.13852820176852432
Gevenich,2023-08-21 07:00:00,1,,test,arima,0.213,0.13844975417761712
Gevenich,2023-08-21 08:00:00,1,,test,arima,0.2135,0.13837135101105413
Gevenich,2023-08-21 09:00:00,1,,test,arima,0.2125,0.13829299224367816
Gevenich,2023-08-21 10:00:00,1,,test,arima,0.212,0.13821467785034625
Gevenich,2023-08-21 11:00:00,1,,test,arima,0.21000001,0.13813640780592965
Gevenich,2023-08-21 12:00:00,1,,test,arima,0.207,0.13805818208531387
Gevenich,2023-08-21 13:00:00,1,,test,arima,0.207,0.13798000066339866
Gevenich,2023-08-21 14:00:00,1,,test,arima,0.20449999,0.13790186351509795
Gevenich,2023-08-21 15:00:00,1,,test,arima,0.2035,0.1378237706153399
Gevenich,2023-08-21 16:00:00,1,,test,arima,0.20199999,0.13774572193906684
Gevenich,2023-08-21 17:00:00,1,,test,arima,0.20199999,0.13766771746123532
Gevenich,2023-09-14 11:00:00,1,,test,arima,0.24900001,0.13758975715681607
Gevenich,2023-09-14 12:00:00,1,,test,arima,0.24700001,0.13751184100079394
Gevenich,2023-09-14 13:00:00,1,,test,arima,0.24450001,0.13743396896816804
Gevenich,2023-09-14 14:00:00,1,,test,arima,0.2455,0.13735614103395155
Gevenich,2023-09-14 15:00:00,1,,test,arima,0.243,0.13727835717317188
Gevenich,2023-09-21 17:00:00,1,,test,arima,0.32,0.1372006173608705
Gevenich,2023-09-21 18:00:00,1,,test,arima,0.3195,0.13712292157210304
Gevenich,2023-09-21 19:00:00,1,,test,arima,0.32,0.13704526978193932
Gevenich,2023-09-21 20:00:00,1,,test,arima,0.319,0.13696766196546317
Gevenich,2023-09-21 21:00:00,1,,test,arima,0.31849998,0.13689009809777264
Gevenich,2023-09-21 22:00:00,1,,test,arima,0.319,0.1368125781539798
Gevenich,2023-09-21 23:00:00,1,,test,arima,0.3175,0.1367351021092108
Gevenich,2023-09-22 00:00:00,1,,test,arima,0.319,0.136657669938606
Gevenich,2023-09-22 01:00:00,1,,test,arima,0.3175,0.13658028161731972
Gevenich,2023-09-22 02:00:00,1,,test,arima,0.3175,0.13650293712052036
Gevenich,2023-09-22 03:00:00,1,,test,arima,0.3165,0.13642563642339045
Gevenich,2023-09-22 04:00:00,1,,test,arima,0.3165,0.1363483795011265
Gevenich,2023-09-22 05:00:00,1,,test,arima,0.31599998,0.1362711663289391
Gevenich,2023-09-22 06:00:00,1,,test,arima,0.3155,0.13619399688205286
Gevenich,2023-09-22 07:00:00,1,,test,arima,0.3145,0.13611687113570647
Gevenich,2023-09-22 08:00:00,1,,test,arima,0.3145,0.13603978906515263
Gevenich,2023-09-22 09:00:00,1,,test,arima,0.3135,0.13596275064565794
Gevenich,2023-09-22 10:00:00,1,,test,arima,0.3135,0.13588575585250318
Gevenich,2023-09-22 11:00:00,1,,test,arima,0.3135,0.13580880466098302
Gevenich,2023-09-22 12:00:00,1,,test,arima,0.311,0.13573189704640615
Gevenich,2023-09-22 13:00:00,1,,test,arima,0.30800003,0.13565503298409526
Gevenich,2023-09-22 14:00:00,1,,test,arima,0.3055,0.13557821244938695
Gevenich,2023-09-22 15:00:00,1,,test,arima,0.3035,0.13550143541763185
Gevenich,2023-09-22 16:00:00,1,,test,arima,0.3025,0.13542470186419453
Gevenich,2023-09-22 17:00:00,1,,test,arima,0.3015,0.13534801176445352
Gevenich,2023-09-29 19:00:00,1,,test,arima,0.2335,0.13527136509380128
Gevenich,2023-09-29 20:00:00,1,,test,arima,0.2355,0.1351947618276442
Gevenich,2023-09-29 21:00:00,1,,test,arima,0.23449999,0.1351182019414026
Gevenich,2023-09-29 22:00:00,1,,test,arima,0.233,0.13504168541051073
Gevenich,2023-09-29 23:00:00,1,,test,arima,0.2335,0.13496521221041674
Gevenich,2023-09-30 00:00:00,1,,test,arima,0.232,0.13488878231658272
Gevenich,2023-09-30 01:00:00,1,,test,arima,0.2335,0.1348123957044846
Gevenich,2023-09-30 02:00:00,1,,test,arima,0.2335,0.13473605234961225
Gevenich,2023-09-30 03:00:00,1,,test,arima,0.23550001,0.13465975222746937
Gevenich,2023-09-30 04:00:00,1,,test,arima,0.2325,0.13458349531357355
Gevenich,2023-09-30 05:00:00,1,,test,arima,0.2335,0.13450728158345626
Gevenich,2023-09-30 06:00:00,1,,test,arima,0.2325,0.1344311110126628
Gevenich,2023-09-30 07:00:00,1,,test,arima,0.2325,0.13435498357675238
Gevenich,2023-09-30 08:00:00,1,,test,arima,0.2335,0.13427889925129793
Gevenich,2023-09-30 09:00:00,1,,test,arima,0.233,0.13420285801188636
Gevenich,2023-09-30 10:00:00,1,,test,arima,0.23300001,0.13412685983411832
Gevenich,2023-09-30 11:00:00,1,,test,arima,0.231,0.13405090469360825
Gevenich,2023-09-30 12:00:00,1,,test,arima,0.2295,0.1339749925659845
Gevenich,2023-09-30 13:00:00,1,,test,arima,0.22749999,0.1338991234268891
Gevenich,2023-09-30 14:00:00,1,,test,arima,0.2265,0.13382329725197795
Gevenich,2023-09-30 15:00:00,1,,test,arima,0.2245,0.13374751401692075
Gevenich,2023-09-30 16:00:00,1,,test,arima,0.2255,0.1336717736974009
Gevenich,2023-09-30 17:00:00,1,,test,arima,0.2225,0.13359607626911568
Gevenich,2023-09-30 18:00:00,1,,test,arima,0.2235,0.13352042170777603
Gevenich,2023-09-30 19:00:00,1,,test,arima,0.2235,0.13344480998910674
Gevenich,2023-09-30 20:00:00,1,,test,arima,0.2245,0.1333692410888462
Gevenich,2023-09-30 21:00:00,1,,test,arima,0.22299999,0.13329371498274672
Gevenich,2023-09-30 22:00:00,1,,test,arima,0.22299999,0.1332182316465742
Gevenich,2023-09-30 23:00:00,1,,test,arima,0.22349998,0.13314279105610835
Gevenich,2023-10-01 00:00:00,1,,test,arima,0.22349998,0.13306739318714256
Gevenich,2023-10-01 01:00:00,1,,test,arima,0.22349998,0.13299203801548387
Gevenich,2023-10-01 02:00:00,1,,test,arima,0.2225,0.13291672551695316
Gevenich,2023-10-01 03:00:00,1,,test,arima,0.22349998,0.1328414556673849
Gevenich,2023-10-08 21:00:00,1,,test,arima,0.1825,0.13276622844262725
Gevenich,2023-10-08 22:00:00,1,,test,arima,0.1805,0.1326910438185421
Gevenich,2023-10-08 23:00:00,1,,test,arima,0.181,0.13261590177100496
Gevenich,2023-10-09 00:00:00,1,,test,arima,0.17950001,0.132540802275905
Gevenich,2023-10-09 01:00:00,1,,test,arima,0.181,0.13246574530914507
Gevenich,2023-10-09 02:00:00,1,,test,arima,0.183,0.13239073084664166
Gevenich,2023-10-09 03:00:00,1,,test,arima,0.181,0.1323157588643249
Gevenich,2023-10-09 04:00:00,1,,test,arima,0.18200001,0.13224082933813852
Gevenich,2023-10-09 05:00:00,1,,test,arima,0.17899999,0.13216594224403994
Gevenich,2023-11-03 19:00:00,1,,test,arima,0.357,0.13209109755800014
Gevenich,2023-11-03 20:00:00,1,,test,arima,0.317,0.1320162952560037
Gevenich,2023-11-03 21:00:00,1,,test,arima,0.3175,0.1319415353140488
Gevenich,2023-11-03 22:00:00,1,,test,arima,0.3165,0.13186681770814732
Gevenich,2023-11-03 23:00:00,1,,test,arima,0.354,0.13179214241432455
Gevenich,2023-11-04 00:00:00,1,,test,arima,0.3155,0.13171750940861948
Gevenich,2023-11-04 01:00:00,1,,test,arima,0.3165,0.13164291866708464
Gevenich,2023-11-04 02:00:00,1,,test,arima,0.3145,0.1315683701657861
Gevenich,2023-11-04 03:00:00,1,,test,arima,0.3165,0.13149386388080347
Gevenich,2023-11-04 04:00:00,1,,test,arima,0.3165,0.13141939978823003
Gevenich,2023-11-04 05:00:00,1,,test,arima,0.3145,0.13134497786417237
Gevenich,2023-11-04 06:00:00,1,,test,arima,0.3165,0.13127059808475083
Gevenich,2023-11-04 07:00:00,1,,test,arima,0.31449997,0.13119626042609916
Gevenich,2023-11-04 08:00:00,1,,test,arima,0.315,0.13112196486436467
Gevenich,2023-11-04 09:00:00,1,,test,arima,0.315,0.13104771137570814
Gevenich,2023-11-04 10:00:00,1,,test,arima,0.31550002,0.1309734999363039
Gevenich,2023-11-04 11:00:00,1,,test,arima,0.3145,0.13089933052233965
Gevenich,2023-11-04 12:00:00,1,,test,arima,0.314,0.13082520311001677
Gevenich,2023-11-04 13:00:00,1,,test,arima,0.3125,0.13075111767554998
Gevenich,2023-11-04 14:00:00,1,,test,arima,0.30900002,0.13067707419516747
Gevenich,2023-11-04 15:00:00,1,,test,arima,0.31,0.13060307264511095
Gevenich,2023-11-04 16:00:00,1,,test,arima,0.30900002,0.13052911300163555
Gevenich,2023-11-04 17:00:00,1,,test,arima,0.31050003,0.13045519524100987
Gevenich,2023-11-04 18:00:00,1,,test,arima,0.308,0.1303813193395159
Gevenich,2023-11-04 19:00:00,1,,test,arima,0.3085,0.13030748527344915
Gevenich,2023-11-04 20:00:00,1,,test,arima,0.308,0.13023369301911847
Gevenich,2023-11-04 21:00:00,1,,test,arima,0.30900002,0.13015994255284613
Gevenich,2023-11-04 22:00:00,1,,test,arima,0.308,0.13008623385096785
Gevenich,2023-11-04 23:00:00,1,,test,arima,0.30949998,0.13001256688983273
Gevenich,2023-11-05 00:00:00,1,,test,arima,0.308,0.12993894164580327
Gevenich,2023-11-05 01:00:00,1,,test,arima,0.308,0.12986535809525537
Gevenich,2023-11-05 02:00:00,1,,test,arima,0.308,0.12979181621457828
Gevenich,2023-11-05 03:00:00,1,,test,arima,0.308,0.1297183159801746
Gevenich,2023-11-05 04:00:00,1,,test,arima,0.30699998,0.12964485736846038
Gevenich,2023-11-05 05:00:00,1,,test,arima,0.308,0.12957144035586493
Gevenich,2023-11-05 06:00:00,1,,test,arima,0.30699998,0.12949806491883098
Gevenich,2023-11-05 07:00:00,1,,test,arima,0.30650002,0.12942473103381455
Gevenich,2023-11-05 08:00:00,1,,test,arima,0.30699998,0.129351438677285
Gevenich,2025-02-13 06:00:00,1,,test,arima,0.376,0.12927818782572503
Gevenich,2025-02-13 07:00:00,1,,test,arima,0.375,0.12920497845563067
Gevenich,2025-02-13 08:00:00,1,,test,arima,0.37449998,0.12913181054351125
Gevenich,2025-02-13 09:00:00,1,,test,arima,0.37449998,0.12905868406588938
Gevenich,2025-04-01 13:00:00,1,,test,arima,0.213,0.12898559899930098
Gevenich,2025-04-01 14:00:00,1,,test,arima,0.211,0.12891255532029527
Gevenich,2025-04-01 15:00:00,1,,test,arima,0.21000001,0.12883955300543476
Gevenich,2025-04-01 16:00:00,1,,test,arima,0.20899999,0.12876659203129515
Gevenich,2025-04-01 17:00:00,1,,test,arima,0.208,0.12869367237446555
Gevenich,2025-04-01 18:00:00,1,,test,arima,0.20899999,0.12862079401154816
Gevenich,2025-04-01 19:00:00,1,,test,arima,0.208,0.12854795691915857
Gevenich,2025-04-01 20:00:00,1,,test,arima,0.2065,0.12847516107392556
Gevenich,2025-04-01 21:00:00,1,,test,arima,0.208,0.12840240645249112
Gevenich,2025-04-01 22:00:00,1,,test,arima,0.2085,0.12832969303151048
Gevenich,2025-04-01 23:00:00,1,,test,arima,0.2075,0.1282570207876521
Gevenich,2025-04-02 00:00:00,1,,test,arima,0.207,0.1281843896975977
Gevenich,2025-04-02 01:00:00,1,,test,arima,0.20899999,0.1281117997380421
Gevenich,2025-04-02 02:00:00,1,,test,arima,0.2085,0.1280392508856934
Gevenich,2025-04-02 03:00:00,1,,test,arima,0.208,0.12796674311727285
Gevenich,2025-04-02 04:00:00,1,,test,arima,0.207,0.12789427640951495
Gevenich,2025-04-02 05:00:00,1,,test,arima,0.2065,0.12782185073916724
Gevenich,2025-04-02 06:00:00,1,,test,arima,0.2035,0.12774946608299056
Gevenich,2025-04-02 07:00:00,1,,test,arima,0.208,0.12767712241775886
Gevenich,2025-04-02 08:00:00,1,,test,arima,0.207,0.12760481972025922
Gevenich,2025-04-02 09:00:00,1,,test,arima,0.207,0.1275325579672919
Gevenich,2025-04-02 10:00:00,1,,test,arima,0.208,0.12746033713567032
Gevenich,2025-04-02 11:00:00,1,,test,arima,0.208,0.12738815720222094
Gevenich,2025-04-02 12:00:00,1,,test,arima,0.20750001,0.12731601814378343
Gevenich,2025-04-02 13:00:00,1,,test,arima,0.20449999,0.12724391993721057
Gevenich,2025-04-02 14:00:00,1,,test,arima,0.206,0.12717186255936816
Gevenich,2025-04-02 15:00:00,1,,test,arima,0.2055,0.1270998459871352
Gevenich,2025-04-02 16:00:00,1,,test,arima,0.2035,0.12702787019740375
Gevenich,2025-04-02 17:00:00,1,,test,arima,0.20300001,0.12695593516707895
Gevenich,2025-04-02 18:00:00,1,,test,arima,0.20249999,0.12688404087307903
Gevenich,2025-04-02 19:00:00,1,,test,arima,0.2015,0.12681218729233523
Gevenich,2025-04-02 20:00:00,1,,test,arima,0.20199999,0.12674037440179198
Gevenich,2025-04-02 21:00:00,1,,test,arima,0.20199999,0.12666860217840664
Gevenich,2025-04-02 22:00:00,1,,test,arima,0.20050001,0.1265968705991497
Gevenich,2025-04-02 23:00:00,1,,test,arima,0.201,0.12652517964100468
Gevenich,2025-04-03 00:00:00,1,,test,arima,0.20199999,0.1264535292809681
Gevenich,2025-04-03 01:00:00,1,,test,arima,0.2015,0.1263819194960495
Gevenich,2025-04-03 02:00:00,1,,test,arima,0.201,0.12631035026327148
Gevenich,2025-04-03 03:00:00,1,,test,arima,0.2005,0.12623882155966962
Gevenich,2025-04-03 04:00:00,1,,test,arima,0.20199999,0.12616733336229252
Gevenich,2025-04-03 05:00:00,1,,test,arima,0.1985,0.12609588564820182
Gevenich,2025-04-03 06:00:00,1,,test,arima,0.2,0.12602447839447206
Gevenich,2025-04-03 07:00:00,1,,test,arima,0.2,0.12595311157819084
Gevenich,2025-04-03 08:00:00,1,,test,arima,0.1995,0.1258817851764587
Gevenich,2025-04-03 09:00:00,1,,test,arima,0.2015,0.12581049916638914
Gevenich,2025-04-03 10:00:00,1,,test,arima,0.1985,0.12573925352510862
Gevenich,2025-04-03 11:00:00,1,,test,arima,0.19749999,0.12566804822975658
Gevenich,2025-04-03 12:00:00,1,,test,arima,0.199,0.1255968832574854
Gevenich,2025-04-03 13:00:00,1,,test,arima,0.201,0.1255257585854604
Gevenich,2025-04-03 14:00:00,1,,test,arima,0.201,0.12545467419085976
Gevenich,2025-04-03 15:00:00,1,,test,arima,0.198,0.12538363005087472
Gevenich,2025-04-03 16:00:00,1,,test,arima,0.1955,0.12531262614270933
Gevenich,2025-04-03 17:00:00,1,,test,arima,0.1965,0.12524166244358056
Gevenich,2025-04-03 18:00:00,1,,test,arima,0.1955,0.12517073893071834
Gevenich,2025-04-03 19:00:00,1,,test,arima,0.194,0.12509985558136544
Gevenich,2025-04-03 20:00:00,1,,test,arima,0.1955,0.12502901237277753
Gevenich,2025-04-03 21:00:00,1,,test,arima,0.194,0.12495820928222315
Gevenich,2025-04-03 22:00:00,1,,test,arima,0.1935,0.12488744628698376
Gevenich,2025-04-03 23:00:00,1,,test,arima,0.193,0.12481672336435362
Gevenich,2025-04-04 00:00:00,1,,test,arima,0.195,0.1247460404916399
Gevenich,2025-04-04 01:00:00,1,,test,arima,0.19299999,0.12467539764616262
Gevenich,2025-04-04 02:00:00,1,,test,arima,0.194,0.12460479480525458
Gevenich,2025-04-04 03:00:00,1,,test,arima,0.195,0.12453423194626148
Gevenich,2025-04-04 04:00:00,1,,test,arima,0.194,0.12446370904654185
Gevenich,2025-04-04 05:00:00,1,,test,arima,0.1925,0.124393226083467
Gevenich,2025-04-04 06:00:00,1,,test,arima,0.1935,0.1243227830344211
Gevenich,2025-04-04 07:00:00,1,,test,arima,0.1935,0.12425237987680106
Gevenich,2025-04-04 08:00:00,1,,test,arima,0.193,0.12418201658801667
Gevenich,2025-04-04 09:00:00,1,,test,arima,0.193,0.12411169314549045
Gevenich,2025-04-04 10:00:00,1,,test,arima,0.19150001,0.12404140952665776
Gevenich,2025-04-04 11:00:00,1,,test,arima,0.19100001,0.12397116570896669
Gevenich,2025-04-04 12:00:00,1,,test,arima,0.1905,0.12390096166987813
Gevenich,2025-04-04 13:00:00,1,,test,arima,0.19150001,0.1238307973868657
Gevenich,2025-04-04 14:00:00,1,,test,arima,0.19100001,0.12376067283741585
Gevenich,2025-04-04 15:00:00,1,,test,arima,0.19,0.12369058799902768
Gevenich,2025-04-04 16:00:00,1,,test,arima,0.19100001,0.12362054284921312
Gevenich,2025-04-04 17:00:00,1,,test,arima,0.18900001,0.12355053736549677
Gevenich,2025-04-04 18:00:00,1,,test,arima,0.188,0.123480571525416
Gevenich,2025-04-04 19:00:00,1,,test,arima,0.1895,0.12341064530652088
Gevenich,2025-04-04 20:00:00,1,,test,arima,0.18900001,0.1233407586863742
Gevenich,2025-04-04 21:00:00,1,,test,arima,0.18900001,0.12327091164255145
Gevenich,2025-04-04 22:00:00,1,,test,arima,0.18900001,0.12320110415264082
Gevenich,2025-04-04 23:00:00,1,,test,arima,0.1895,0.12313133619424321
Gevenich,2025-04-05 00:00:00,1,,test,arima,0.187,0.12306160774497218
Gevenich,2025-04-05 01:00:00,1,,test,arima,0.188,0.122991918782454
Gevenich,2025-04-05 02:00:00,1,,test,arima,0.188,0.12292226928432753
Gevenich,2025-04-05 03:00:00,1,,test,arima,0.1855,0.1228526592282444
Gevenich,2025-04-05 04:00:00,1,,test,arima,0.188,0.12278308859186883
Gevenich,2025-04-05 06:00:00,1,,test,arima,0.1865,0.1227135573528777
Gevenich,2025-04-05 07:00:00,1,,test,arima,0.18599999,0.12264406548896056
Gevenich,2025-04-05 08:00:00,1,,test,arima,0.18599999,0.12257461297781955
Gevenich,2025-04-05 09:00:00,1,,test,arima,0.1855,0.12250519979716945
Gevenich,2025-04-05 10:00:00,1,,test,arima,0.185,0.12243582592473767
Gevenich,2025-04-05 11:00:00,1,,test,arima,0.1865,0.12236649133826424
Gevenich,2025-04-05 12:00:00,1,,test,arima,0.187,0.12229719601550176
Gevenich,2025-04-05 13:00:00,1,,test,arima,0.187,0.12222793993421549
Gevenich,2025-04-05 14:00:00,1,,test,arima,0.188,0.12215872307218324
Gevenich,2025-04-05 15:00:00,1,,test,arima,0.187,0.12208954540719538
Gevenich,2025-04-05 16:00:00,1,,test,arima,0.1865,0.12202040691705492
Gevenich,2025-04-05 17:00:00,1,,test,arima,0.1855,0.12195130757957738
Gevenich,2025-04-05 18:00:00,1,,test,arima,0.18599999,0.12188224737259089
Gevenich,2025-04-05 19:00:00,1,,test,arima,0.1845,0.12181322627393609
Gevenich,2025-04-05 20:00:00,1,,test,arima,0.18349999,0.12174424426146623
Gevenich,2025-04-05 21:00:00,1,,test,arima,0.184,0.12167530131304705
Gevenich,2025-04-05 22:00:00,1,,test,arima,0.1855,0.12160639740655682
Gevenich,2025-04-05 23:00:00,1,,test,arima,0.18349999,0.12153753251988639
Gevenich,2025-04-06 00:00:00,1,,test,arima,0.1855,0.12146870663093909
Gevenich,2025-04-06 01:00:00,1,,test,arima,0.183,0.12139991971763076
Gevenich,2025-04-06 02:00:00,1,,test,arima,0.18349999,0.12133117175788977
Gevenich,2025-04-06 03:00:00,1,,test,arima,0.1825,0.12126246272965696
Gevenich,2025-04-06 04:00:00,1,,test,arima,0.183,0.12119379261088568
Gevenich,2025-04-06 05:00:00,1,,test,arima,0.1815,0.12112516137954178
Gevenich,2025-04-06 06:00:00,1,,test,arima,0.18200001,0.12105656901360355
Gevenich,2025-04-06 07:00:00,1,,test,arima,0.182,0.12098801549106179
Gevenich,2025-04-06 08:00:00,1,,test,arima,0.18200001,0.12091950078991974
Gevenich,2025-04-06 09:00:00,1,,test,arima,0.1825,0.12085102488819309
Gevenich,2025-04-06 10:00:00,1,,test,arima,0.185,0.12078258776391002
Gevenich,2025-04-06 11:00:00,1,,test,arima,0.183,0.12071418939511108
Gevenich,2025-04-06 12:00:00,1,,test,arima,0.183,0.12064582975984933
Gevenich,2025-04-06 13:00:00,1,,test,arima,0.18349999,0.12057750883619023
Gevenich,2025-04-06 14:00:00,1,,test,arima,0.181,0.12050922660221164
Gevenich,2025-04-06 15:00:00,1,,test,arima,0.1815,0.12044098303600388
Gevenich,2025-04-06 16:00:00,1,,test,arima,0.181,0.12037277811566963
Gevenich,2025-04-06 17:00:00,1,,test,arima,0.18200001,0.120304611819324
Gevenich,2025-04-06 18:00:00,1,,test,arima,0.183,0.12023648412509448
Gevenich,2025-04-06 19:00:00,1,,test,arima,0.183,0.12016839501112095
Gevenich,2025-04-06 20:00:00,1,,test,arima,0.182,0.12010034445555566
Gevenich,2025-04-06 21:00:00,1,,test,arima,0.18200001,0.12003233243656326
Gevenich,2025-04-06 22:00:00,1,,test,arima,0.1805,0.11996435893232074
Gevenich,2025-04-06 23:00:00,1,,test,arima,0.181,0.11989642392101747
Gevenich,2025-04-07 00:00:00,1,,test,arima,0.1805,0.11982852738085514
Gevenich,2025-04-07 01:00:00,1,,test,arima,0.1785,0.1197606692900478
Gevenich,2025-04-07 02:00:00,1,,test,arima,0.1795,0.11969284962682186
Gevenich,2025-04-07 03:00:00,1,,test,arima,0.1805,0.119625068369416
Gevenich,2025-04-07 04:00:00,1,,test,arima,0.181,0.11955732549608131
Gevenich,2025-04-16 11:00:00,1,,test,arima,0.272,0.11948962098508109
Gevenich,2025-04-16 14:00:00,1,,test,arima,0.276,0.11942195481469106
Gevenich,2025-04-16 15:00:00,1,,test,arima,0.276,0.11935432696319917
Gevenich,2025-04-16 16:00:00,1,,test,arima,0.276,0.11928673740890569
Gevenich,2025-04-16 17:00:00,1,,test,arima,0.276,0.11921918613012315
Gevenich,2025-04-16 18:00:00,1,,test,arima,0.276,0.11915167310517642
Gevenich,2025-04-16 19:00:00,1,,test,arima,0.276,0.11908419831240259
Gevenich,2025-04-16 21:00:00,1,,test,arima,0.277,0.11901676173015104
Gevenich,2025-04-16 22:00:00,1,,test,arima,0.277,0.11894936333678341
Gevenich,2025-04-16 23:00:00,1,,test,arima,0.26,0.11888200311067357
Gevenich,2025-04-17 00:00:00,1,,test,arima,0.277,0.11881468103020769
Gevenich,2025-04-17 01:00:00,1,,test,arima,0.277,0.11874739707378414
Gevenich,2025-04-17 02:00:00,1,,test,arima,0.262,0.11868015121981351
Gevenich,2025-04-17 03:00:00,1,,test,arima,0.277,0.11861294344671866
Gevenich,2025-04-17 04:00:00,1,,test,arima,0.274,0.11854577373293464
Gevenich,2025-04-17 05:00:00,1,,test,arima,0.274,0.11847864205690872
Gevenich,2025-04-17 06:00:00,1,,test,arima,0.264,0.11841154839710036
Gevenich,2025-05-04 08:00:00,1,,test,arima,0.181,0.11834449273198124
Gevenich,2025-05-04 09:00:00,1,,test,arima,0.181,0.11827747504003522
Gevenich,2025-05-04 10:00:00,1,,test,arima,0.183,0.11821049529975836
Gevenich,2025-05-04 11:00:00,1,,test,arima,0.1815,0.11814355348965885
Gevenich,2025-05-04 12:00:00,1,,test,arima,0.1815,0.11807664958825714
Gevenich,2025-05-04 13:00:00,1,,test,arima,0.184,0.11800978357408574
Gevenich,2025-05-04 14:00:00,1,,test,arima,0.18349999,0.11794295542568939
Gevenich,2025-05-04 15:00:00,1,,test,arima,0.18349999,0.11787616512162494
Gevenich,2025-05-04 16:00:00,1,,test,arima,0.184,0.11780941264046141
Gevenich,2025-05-04 17:00:00,1,,test,arima,0.18450001,0.11774269796077995
Gevenich,2025-05-04 18:00:00,1,,test,arima,0.18349999,0.11767602106117382
Gevenich,2025-05-04 19:00:00,1,,test,arima,0.18450001,0.11760938192024843
Gevenich,2025-05-04 20:00:00,1,,test,arima,0.183,0.11754278051662129
Gevenich,2025-05-04 21:00:00,1,,test,arima,0.181,0.11747621682892201
Gevenich,2025-05-04 22:00:00,1,,test,arima,0.18,0.11740969083579232
Gevenich,2025-05-04 23:00:00,1,,test,arima,0.1805,0.11734320251588604
Gevenich,2025-05-05 00:00:00,1,,test,arima,0.1805,0.11727675184786907
Gevenich,2025-05-05 01:00:00,1,,test,arima,0.184,0.11721033881041941
Gevenich,2025-05-05 02:00:00,1,,test,arima,0.1795,0.11714396338222711
Gevenich,2025-05-05 03:00:00,1,,test,arima,0.181,0.11707762554199433
Gevenich,2025-05-05 04:00:00,1,,test,arima,0.1805,0.11701132526843522
Gevenich,2025-05-05 05:00:00,1,,test,arima,0.1805,0.11694506254027603
Gevenich,2025-05-05 06:00:00,1,,test,arima,0.18,0.11687883733625508
Gevenich,2025-05-05 07:00:00,1,,test,arima,0.18,0.11681264963512268
Gevenich,2025-05-05 08:00:00,1,,test,arima,0.1815,0.1167464994156412
Gevenich,2025-05-05 09:00:00,1,,test,arima,0.1795,0.11668038665658503
Gevenich,2025-05-05 10:00:00,1,,test,arima,0.181,0.1166143113367406
Gevenich,2025-05-05 11:00:00,1,,test,arima,0.18,0.11654827343490631
Gevenich,2025-05-05 12:00:00,1,,test,arima,0.1825,0.11648227292989262
Gevenich,2025-05-05 13:00:00,1,,test,arima,0.18349999,0.11641630980052192
Gevenich,2025-05-05 14:00:00,1,,test,arima,0.1815,0.1163503840256287
Gevenich,2025-05-05 15:00:00,1,,test,arima,0.1825,0.1162844955840593
Gevenich,2025-05-05 16:00:00,1,,test,arima,0.1825,0.11621864445467216
Gevenich,2025-05-05 17:00:00,1,,test,arima,0.18599999,0.1161528306163376
Gevenich,2025-05-05 18:00:00,1,,test,arima,0.1815,0.11608705404793798
Gevenich,2025-05-05 19:00:00,1,,test,arima,0.1825,0.11602131472836757
Gevenich,2025-05-05 20:00:00,1,,test,arima,0.183,0.11595561263653263
Gevenich,2025-05-05 21:00:00,1,,test,arima,0.18200001,0.11588994775135131
Gevenich,2025-05-05 22:00:00,1,,test,arima,0.181,0.11582432005175375
Gevenich,2025-05-05 23:00:00,1,,test,arima,0.181,0.115758729516682
Gevenich,2025-05-06 00:00:00,1,,test,arima,0.1785,0.11569317612509003
Gevenich,2025-05-06 01:00:00,1,,test,arima,0.1805,0.11562765985594375
Gevenich,2025-05-06 02:00:00,1,,test,arima,0.1805,0.11556218068822098
Gevenich,2025-05-06 03:00:00,1,,test,arima,0.185,0.11549673860091142
Gevenich,2025-05-06 04:00:00,1,,test,arima,0.181,0.11543133357301666
Gevenich,2025-05-06 05:00:00,1,,test,arima,0.18,0.11536596558355024
Gevenich,2025-05-06 06:00:00,1,,test,arima,0.1795,0.11530063461153751
Gevenich,2025-05-06 07:00:00,1,,test,arima,0.18,0.11523534063601576
Gevenich,2025-05-06 08:00:00,1,,test,arima,0.1795,0.1151700836360341
Gevenich,2025-05-06 09:00:00,1,,test,arima,0.1805,0.11510486359065356
Gevenich,2025-05-06 10:00:00,1,,test,arima,0.18,0.11503968047894698
Gevenich,2025-05-06 11:00:00,1,,test,arima,0.1815,0.1149745342799991
Gevenich,2025-05-06 12:00:00,1,,test,arima,0.1805,0.1149094249729064
Gevenich,2025-05-06 13:00:00,1,,test,arima,0.1795,0.11484435253677736
Gevenich,2025-05-06 14:00:00,1,,test,arima,0.18450001,0.11477931695073212
Gevenich,2025-05-06 15:00:00,1,,test,arima,0.1825,0.11471431819390279
Gevenich,2025-05-06 16:00:00,1,,test,arima,0.1835,0.11464935624543318
Gevenich,2025-05-06 17:00:00,1,,test,arima,0.1835,0.114584431084479
Gevenich,2025-05-06 18:00:00,1,,test,arima,0.1815,0.1145195426902077
Gevenich,2025-05-06 19:00:00,1,,test,arima,0.183,0.11445469104179858
Gevenich,2025-05-06 20:00:00,1,,test,arima,0.18200001,0.11438987611844267
Gevenich,2025-05-06 21:00:00,1,,test,arima,0.181,0.11432509789934286
Gevenich,2025-05-06 22:00:00,1,,test,arima,0.1805,0.11426035636371375
Gevenich,2025-05-06 23:00:00,1,,test,arima,0.1785,0.11419565149078174
Gevenich,2025-05-07 00:00:00,1,,test,arima,0.17899999,0.114130983259785
Gevenich,2025-05-07 01:00:00,1,,test,arima,0.18,0.11406635164997345
Gevenich,2025-05-07 02:00:00,1,,test,arima,0.1775,0.11400175664060874
Gevenich,2025-05-07 03:00:00,1,,test,arima,0.1805,0.1139371982109643
Gevenich,2025-05-07 04:00:00,1,,test,arima,0.178,0.11387267634032527
Gevenich,2025-05-07 05:00:00,1,,test,arima,0.178,0.11380819100798853
Gevenich,2025-05-07 06:00:00,1,,test,arima,0.17899999,0.11374374219326269
Gevenich,2025-05-07 07:00:00,1,,test,arima,0.17899999,0.11367932987546808
Gevenich,2025-05-07 08:00:00,1,,test,arima,0.1785,0.11361495403393672
Gevenich,2025-05-07 09:00:00,1,,test,arima,0.17899999,0.11355061464801233
Gevenich,2025-05-07 10:00:00,1,,test,arima,0.1805,0.11348631169705038
Gevenich,2025-05-07 11:00:00,1,,test,arima,0.1815,0.11342204516041798
Gevenich,2025-05-07 12:00:00,1,,test,arima,0.181,0.11335781501749395
Gevenich,2025-05-07 13:00:00,1,,test,arima,0.1805,0.11329362124766876
Gevenich,2025-05-07 14:00:00,1,,test,arima,0.18200001,0.11322946383034457
Gevenich,2025-05-21 14:00:00,1,,test,arima,0.1555,0.11316534274493523
Gevenich,2025-05-21 15:00:00,1,,test,arima,0.155,0.11310125797086618
Gevenich,2025-05-21 16:00:00,1,,test,arima,0.156,0.11303720948757456
Gevenich,2025-05-21 17:00:00,1,,test,arima,0.1555,0.11297319727450918
Gevenich,2025-05-21 18:00:00,1,,test,arima,0.155,0.1129092213111304
Gevenich,2025-05-21 19:00:00,1,,test,arima,0.1525,0.11284528157691032
Gevenich,2025-05-21 20:00:00,1,,test,arima,0.156,0.11278137805133258
Gevenich,2025-05-21 21:00:00,1,,test,arima,0.153,0.11271751071389247
Gevenich,2025-05-21 22:00:00,1,,test,arima,0.15450001,0.1126536795440969
Gevenich,2025-05-21 23:00:00,1,,test,arima,0.154,0.11258988452146437
Gevenich,2025-05-22 00:00:00,1,,test,arima,0.15,0.112526125625525
Gevenich,2025-05-22 01:00:00,1,,test,arima,0.1515,0.11246240283582046
Gevenich,2025-05-22 02:00:00,1,,test,arima,0.15200001,0.11239871613190405
Gevenich,2025-05-22 03:00:00,1,,test,arima,0.151,0.11233506549334062
Gevenich,2025-05-22 04:00:00,1,,test,arima,0.1515,0.11227145089970661
Gevenich,2025-05-22 05:00:00,1,,test,arima,0.1515,0.11220787233059001
Gevenich,2025-05-22 06:00:00,1,,test,arima,0.151,0.11214432976559038
Gevenich,2025-05-22 07:00:00,1,,test,arima,0.151,0.11208082318431885
Gevenich,2025-05-22 08:00:00,1,,test,arima,0.1525,0.11201735256639804
Gevenich,2025-05-22 09:00:00,1,,test,arima,0.1515,0.11195391789146217
Gevenich,2025-05-22 10:00:00,1,,test,arima,0.15200001,0.11189051913915696
Gevenich,2025-05-22 11:00:00,1,,test,arima,0.152,0.11182715628913968
Gevenich,2025-05-22 12:00:00,1,,test,arima,0.153,0.11176382932107909
Gevenich,2025-05-22 13:00:00,1,,test,arima,0.15349999,0.11170053821465549
Gevenich,2025-05-22 14:00:00,1,,test,arima,0.153,0.11163728294956066
Gevenich,2025-05-22 15:00:00,1,,test,arima,0.153,0.11157406350549791
Gevenich,2025-05-22 16:00:00,1,,test,arima,0.154,0.11151087986218203
Gevenich,2025-05-22 17:00:00,1,,test,arima,0.154,0.11144773199933929
Gevenich,2025-05-22 18:00:00,1,,test,arima,0.154,0.11138461989670745
Gevenich,2025-05-22 19:00:00,1,,test,arima,0.155,0.11132154353403574
Gevenich,2025-05-22 20:00:00,1,,test,arima,0.155,0.11125850289108487
Gevenich,2025-05-22 21:00:00,1,,test,arima,0.155,0.11119549794762698
Gevenich,2025-05-22 22:00:00,1,,test,arima,0.1745,0.11113252868344572
Gevenich,2025-05-22 23:00:00,1,,test,arima,0.1745,0.11106959507833614
Gevenich,2025-05-23 00:00:00,1,,test,arima,0.155,0.11100669711210473
Gevenich,2025-05-23 01:00:00,1,,test,arima,0.1725,0.11094383476456945
Gevenich,2025-05-23 02:00:00,1,,test,arima,0.154,0.11088100801555968
Gevenich,2025-05-23 03:00:00,1,,test,arima,0.1735,0.11081821684491619
Gevenich,2025-05-23 04:00:00,1,,test,arima,0.152,0.1107554612324912
Gevenich,2025-05-23 05:00:00,1,,test,arima,0.176,0.11069274115814834
Gevenich,2025-05-23 06:00:00,1,,test,arima,0.154,0.11063005660176262
Gevenich,2025-05-23 07:00:00,1,,test,arima,0.1755,0.11056740754322046
Gevenich,2025-05-23 08:00:00,1,,test,arima,0.1735,0.11050479396241969
Gevenich,2025-05-23 09:00:00,1,,test,arima,0.153,0.11044221583926947
Gevenich,2025-05-23 10:00:00,1,,test,arima,0.1745,0.11037967315369039
Gevenich,2025-05-23 11:00:00,1,,test,arima,0.154,0.1103171658856144
Gevenich,2025-05-23 13:00:00,1,,test,arima,0.1765,0.11025469401498478
Gevenich,2025-05-23 15:00:00,1,,test,arima,0.17750001,0.11019225752175621
Gevenich,2025-05-23 16:00:00,1,,test,arima,0.197,0.1101298563858947
Gevenich,2025-05-23 17:00:00,1,,test,arima,0.158,0.11006749058737762
Gevenich,2025-05-23 18:00:00,1,,test,arima,0.17750001,0.11000516010619366
Gevenich,2025-05-23 19:00:00,1,,test,arima,0.156,0.10994286492234286
Gevenich,2025-05-23 20:00:00,1,,test,arima,0.1765,0.10988060501583657
Gevenich,2025-05-23 21:00:00,1,,test,arima,0.177,0.10981838036669747
Gevenich,2025-05-23 22:00:00,1,,test,arima,0.1765,0.10975619095495953
Gevenich,2025-05-23 23:00:00,1,,test,arima,0.177,0.10969403676066808
Gevenich,2025-05-24 00:00:00,1,,test,arima,0.1765,0.10963191776387969
Gevenich,2025-05-24 01:00:00,1,,test,arima,0.195,0.10956983394466226
Gevenich,2025-05-24 02:00:00,1,,test,arima,0.175,0.10950778528309496
Gevenich,2025-05-24 03:00:00,1,,test,arima,0.174,0.10944577175926826
Gevenich,2025-05-24 04:00:00,1,,test,arima,0.1745,0.1093837933532839
Gevenich,2025-05-24 05:00:00,1,,test,arima,0.1765,0.10932185004525485
Gevenich,2025-05-24 06:00:00,1,,test,arima,0.17500001,0.1092599418153054
Gevenich,2025-05-24 07:00:00,1,,test,arima,0.174,0.10919806864357107
Gevenich,2025-05-24 08:00:00,1,,test,arima,0.174,0.10913623051019863
Gevenich,2025-05-24 09:00:00,1,,test,arima,0.193,0.10907442739534608
Gevenich,2025-05-24 10:00:00,1,,test,arima,0.174,0.10901265927918266
Gevenich,2025-05-24 11:00:00,1,,test,arima,0.19,0.10895092614188887
Gevenich,2025-05-24 12:00:00,1,,test,arima,0.1765,0.10888922796365638
Gevenich,2025-05-24 13:00:00,1,,test,arima,0.1735,0.10882756472468814
Gevenich,2025-05-24 14:00:00,1,,test,arima,0.1735,0.10876593640519827
Gevenich,2025-05-24 15:00:00,1,,test,arima,0.174,0.1087043429854121
Gevenich,2025-05-24 16:00:00,1,,test,arima,0.174,0.10864278444556615
Gevenich,2025-05-24 17:00:00,1,,test,arima,0.1735,0.10858126076590816
Gevenich,2025-05-24 18:00:00,1,,test,arima,0.1755,0.10851977192669701
Gevenich,2025-05-24 19:00:00,1,,test,arima,0.1745,0.10845831790820284
Gevenich,2025-05-24 20:00:00,1,,test,arima,0.1725,0.10839689869070687
Gevenich,2025-05-24 21:00:00,1,,test,arima,0.1715,0.10833551425450155
Gevenich,2025-05-24 22:00:00,1,,test,arima,0.1705,0.10827416457989048
Gevenich,2025-05-24 23:00:00,1,,test,arima,0.172,0.10821284964718836
Gevenich,2025-05-25 00:00:00,1,,test,arima,0.17050001,0.1081515694367211
Gevenich,2025-05-25 01:00:00,1,,test,arima,0.171,0.10809032392882575
Gevenich,2025-05-25 02:00:00,1,,test,arima,0.17199999,0.10802911310385047
Gevenich,2025-05-25 03:00:00,1,,test,arima,0.189,0.10796793694215454
Gevenich,2025-05-25 04:00:00,1,,test,arima,0.171,0.10790679542410837
Gevenich,2025-05-25 05:00:00,1,,test,arima,0.1715,0.10784568853009352
Gevenich,2025-05-25 06:00:00,1,,test,arima,0.1715,0.10778461624050262
Gevenich,2025-05-25 07:00:00,1,,test,arima,0.1695,0.10772357853573941
Gevenich,2025-05-25 08:00:00,1,,test,arima,0.1715,0.10766257539621875
Gevenich,2025-05-25 09:00:00,1,,test,arima,0.17050001,0.10760160680236658
Gevenich,2025-05-25 10:00:00,1,,test,arima,0.171,0.1075406727346199
Gevenich,2025-05-25 11:00:00,1,,test,arima,0.17050001,0.1074797731734268
Gevenich,2025-06-09 08:00:00,1,,test,arima,0.192,0.10741890809924648
Gevenich,2025-06-09 09:00:00,1,,test,arima,0.19299999,0.10735807749254916
Gevenich,2025-06-09 10:00:00,1,,test,arima,0.192,0.10729728133381614
Gevenich,2025-06-09 11:00:00,1,,test,arima,0.1935,0.10723651960353976
Gevenich,2025-06-09 12:00:00,1,,test,arima,0.19150001,0.10717579228222343
Gevenich,2025-06-09 13:00:00,1,,test,arima,0.233,0.10711509935038158
Gevenich,2025-06-09 14:00:00,1,,test,arima,0.191,0.10705444078853968
Gevenich,2025-06-09 15:00:00,1,,test,arima,0.19150001,0.10699381657723422
Gevenich,2025-06-09 16:00:00,1,,test,arima,0.19049999,0.10693322669701276
Gevenich,2025-06-09 17:00:00,1,,test,arima,0.191,0.1068726711284338
Gevenich,2025-06-09 18:00:00,1,,test,arima,0.192,0.10681214985206688
Gevenich,2025-06-09 19:00:00,1,,test,arima,0.19049999,0.10675166284849259
Gevenich,2025-06-09 20:00:00,1,,test,arima,0.1895,0.10669121009830246
Gevenich,2025-06-09 21:00:00,1,,test,arima,0.188,0.10663079158209901
Gevenich,2025-06-09 22:00:00,1,,test,arima,0.1865,0.10657040728049577
Gevenich,2025-06-09 23:00:00,1,,test,arima,0.224,0.10651005717411727
Gevenich,2025-06-10 00:00:00,1,,test,arima,0.1875,0.10644974124359896
Gevenich,2025-06-10 01:00:00,1,,test,arima,0.187,0.10638945946958726
Gevenich,2025-06-10 02:00:00,1,,test,arima,0.185,0.1063292118327396
Gevenich,2025-06-10 03:00:00,1,,test,arima,0.187,0.10626899831372434
Gevenich,2025-06-10 04:00:00,1,,test,arima,0.1855,0.10620881889322076
Gevenich,2025-06-10 05:00:00,1,,test,arima,0.18349999,0.10614867355191909
Gevenich,2025-06-10 06:00:00,1,,test,arima,0.18599999,0.10608856227052055
Gevenich,2025-06-10 07:00:00,1,,test,arima,0.185,0.1060284850297372
Gevenich,2025-06-10 08:00:00,1,,test,arima,0.18349999,0.10596844181029211
Gevenich,2025-06-10 09:00:00,1,,test,arima,0.1825,0.10590843259291918
Gevenich,2025-06-10 10:00:00,1,,test,arima,0.184,0.10584845735836329
Gevenich,2025-06-10 11:00:00,1,,test,arima,0.183,0.10578851608738021
Gevenich,2025-06-10 12:00:00,1,,test,arima,0.182,0.10572860876073656
Gevenich,2025-06-10 13:00:00,1,,test,arima,0.1785,0.10566873535920993
Gevenich,2025-06-10 14:00:00,1,,test,arima,0.1795,0.10560889586358872
Gevenich,2025-06-10 15:00:00,1,,test,arima,0.1805,0.10554909025467227
Gevenich,2025-06-10 16:00:00,1,,test,arima,0.177,0.10548931851327076
Gevenich,2025-06-10 17:00:00,1,,test,arima,0.1755,0.10542958062020522
Gevenich,2025-06-10 18:00:00,1,,test,arima,0.17750001,0.10536987655630758
Gevenich,2025-06-10 19:00:00,1,,test,arima,0.174,0.10531020630242063
Gevenich,2025-06-10 20:00:00,1,,test,arima,0.176,0.10525056983939796
Gevenich,2025-06-10 21:00:00,1,,test,arima,0.175,0.10519096714810405
Gevenich,2025-06-10 22:00:00,1,,test,arima,0.1755,0.10513139820941418
Gevenich,2025-06-10 23:00:00,1,,test,arima,0.17300001,0.10507186300421449
Gevenich,2025-06-11 00:00:00,1,,test,arima,0.173,0.10501236151340192
Gevenich,2025-06-11 01:00:00,1,,test,arima,0.17199999,0.10495289371788423
Gevenich,2025-06-11 02:00:00,1,,test,arima,0.17,0.10489345959858003
Gevenich,2025-06-11 03:00:00,1,,test,arima,0.17,0.10483405913641869
Gevenich,2025-06-11 04:00:00,1,,test,arima,0.171,0.10477469231234039
Gevenich,2025-06-11 05:00:00,1,,test,arima,0.17,0.10471535910729612
Gevenich,2025-06-11 06:00:00,1,,test,arima,0.17050001,0.10465605950224764
Gevenich,2025-06-11 07:00:00,1,,test,arima,0.16800001,0.1045967934781675
Gevenich,2025-06-11 08:00:00,1,,test,arima,0.169,0.10453756101603903
Gevenich,2025-06-11 09:00:00,1,,test,arima,0.169,0.1044783620968563
Gevenich,2025-06-11 10:00:00,1,,test,arima,0.1695,0.1044191967016242
Gevenich,2025-06-11 11:00:00,1,,test,arima,0.169,0.1043600648113583
Gevenich,2025-06-11 12:00:00,1,,test,arima,0.16749999,0.104300966407085
Gevenich,2025-06-11 13:00:00,1,,test,arima,0.16749999,0.10424190146984139
Gevenich,2025-06-11 14:00:00,1,,test,arima,0.16600001,0.1041828699806753
Gevenich,2025-06-11 15:00:00,1,,test,arima,0.1655,0.10412387192064534
Gevenich,2025-06-11 16:00:00,1,,test,arima,0.16499999,0.10406490727082081
Gevenich,2025-06-11 17:00:00,1,,test,arima,0.16350001,0.1040059760122817
Gevenich,2025-06-11 18:00:00,1,,test,arima,0.164,0.1039470781261188
Gevenich,2025-06-11 19:00:00,1,,test,arima,0.162,0.1038882135934335
Gevenich,2025-06-11 20:00:00,1,,test,arima,0.1625,0.10382938239533801
Gevenich,2025-06-11 21:00:00,1,,test,arima,0.16299999,0.10377058451295512
Gevenich,2025-06-11 22:00:00,1,,test,arima,0.15900001,0.10371181992741842
Gevenich,2025-06-11 23:00:00,1,,test,arima,0.16,0.10365308861987207
Gevenich,2025-06-12 00:00:00,1,,test,arima,0.1605,0.10359439057147102
Gevenich,2025-06-12 01:00:00,1,,test,arima,0.1585,0.10353572576338083
Gevenich,2025-06-12 02:00:00,1,,test,arima,0.1585,0.1034770941767777
Gevenich,2025-06-12 03:00:00,1,,test,arima,0.15799999,0.10341849579284856
Gevenich,2025-06-12 04:00:00,1,,test,arima,0.1575,0.10335993059279094
Gevenich,2025-06-12 05:00:00,1,,test,arima,0.1565,0.10330139855781305
Gevenich,2025-06-12 06:00:00,1,,test,arima,0.1575,0.10324289966913372
Gevenich,2025-06-12 07:00:00,1,,test,arima,0.1585,0.10318443390798242
Gevenich,2025-06-12 08:00:00,1,,test,arima,0.156,0.10312600125559926
Gevenich,2025-06-12 09:00:00,1,,test,arima,0.1575,0.10306760169323495
Gevenich,2025-06-12 10:00:00,1,,test,arima,0.157,0.10300923520215087
Gevenich,2025-06-12 11:00:00,1,,test,arima,0.1555,0.10295090176361896
Gevenich,2025-06-12 12:00:00,1,,test,arima,0.1555,0.10289260135892175
Gevenich,2025-06-12 13:00:00,1,,test,arima,0.156,0.10283433396935246
Gevenich,2025-06-12 14:00:00,1,,test,arima,0.156,0.10277609957621478
Gevenich,2025-06-12 15:00:00,1,,test,arima,0.15450001,0.1027178981608231
Gevenich,2025-06-12 16:00:00,1,,test,arima,0.15450001,0.10265972970450234
Gevenich,2025-06-12 17:00:00,1,,test,arima,0.15450001,0.10260159418858797
Gevenich,2025-06-12 18:00:00,1,,test,arima,0.155,0.10254349159442608
Gevenich,2025-06-12 19:00:00,1,,test,arima,0.154,0.1024854219033733
Gevenich,2025-06-12 20:00:00,1,,test,arima,0.153,0.10242738509679683
Gevenich,2025-06-12 21:00:00,1,,test,arima,0.1525,0.10236938115607438
Gevenich,2025-06-12 22:00:00,1,,test,arima,0.153,0.10231141006259427
Gevenich,2025-06-12 23:00:00,1,,test,arima,0.151,0.10225347179775532
Gevenich,2025-06-13 00:00:00,1,,test,arima,0.153,0.10219556634296686
Gevenich,2025-06-13 01:00:00,1,,test,arima,0.1525,0.10213769367964884
Gevenich,2025-06-13 02:00:00,1,,test,arima,0.151,0.10207985378923161
Gevenich,2025-06-13 03:00:00,1,,test,arima,0.1525,0.10202204665315615
Gevenich,2025-06-13 04:00:00,1,,test,arima,0.145,0.10196427225287384
Gevenich,2025-06-13 05:00:00,1,,test,arima,0.145,0.10190653056984667
Gevenich,2025-06-13 06:00:00,1,,test,arima,0.21000001,0.10184882158554703
Gevenich,2025-06-13 07:00:00,1,,test,arima,0.2065,0.10179114528145788
Gevenich,2025-06-13 08:00:00,1,,test,arima,0.2055,0.10173350163907263
Gevenich,2025-06-13 09:00:00,1,,test,arima,0.203,0.1016758906398952
Gevenich,2025-06-13 10:00:00,1,,test,arima,0.1995,0.10161831226543994
Gevenich,2025-06-13 11:00:00,1,,test,arima,0.199,0.10156076649723167
Gevenich,2025-06-13 12:00:00,1,,test,arima,0.248,0.10150325331680571
Gevenich,2025-06-13 13:00:00,1,,test,arima,0.19749999,0.10144577270570782
Gevenich,2025-06-13 14:00:00,1,,test,arima,0.1935,0.1013883246454942
Gevenich,2025-06-13 15:00:00,1,,test,arima,0.238,0.10133090911773152
Gevenich,2025-06-13 16:00:00,1,,test,arima,0.19350001,0.10127352610399684
Gevenich,2025-06-13 17:00:00,1,,test,arima,0.19049999,0.10121617558587771
Gevenich,2025-06-13 18:00:00,1,,test,arima,0.18900001,0.10115885754497209
Gevenich,2025-06-13 19:00:00,1,,test,arima,0.188,0.10110157196288831
Gevenich,2025-06-13 20:00:00,1,,test,arima,0.1885,0.1010443188212452
Gevenich,2025-06-13 21:00:00,1,,test,arima,0.1855,0.10098709810167193
Gevenich,2025-06-13 22:00:00,1,,test,arima,0.1855,0.10092990978580813
Gevenich,2025-06-13 23:00:00,1,,test,arima,0.1855,0.10087275385530374
Gevenich,2025-06-14 00:00:00,1,,test,arima,0.18599999,0.1008156302918192
Gevenich,2025-06-14 01:00:00,1,,test,arima,0.18450001,0.10075853907702526
Gevenich,2025-06-14 02:00:00,1,,test,arima,0.183,0.10070148019260308
Gevenich,2025-06-14 03:00:00,1,,test,arima,0.18450001,0.10064445362024421
Gevenich,2025-06-14 04:00:00,1,,test,arima,0.184,0.1005874593416505
Gevenich,2025-06-14 05:00:00,1,,test,arima,0.218,0.10053049733853425
Gevenich,2025-06-14 06:00:00,1,,test,arima,0.1825,0.10047356759261805
Gevenich,2025-06-14 07:00:00,1,,test,arima,0.183,0.10041667008563486
Gevenich,2025-06-14 08:00:00,1,,test,arima,0.1815,0.100359804799328
Gevenich,2025-06-14 09:00:00,1,,test,arima,0.18,0.10030297171545113
Gevenich,2025-06-14 10:00:00,1,,test,arima,0.1785,0.1002461708157682
Gevenich,2025-06-14 11:00:00,1,,test,arima,0.17899999,0.10018940208205354
Gevenich,2025-06-14 12:00:00,1,,test,arima,0.1805,0.10013266549609176
Gevenich,2025-06-14 13:00:00,1,,test,arima,0.178,0.10007596103967781
Gevenich,2025-06-14 14:00:00,1,,test,arima,0.205,0.10001928869461696
Gevenich,2025-06-14 15:00:00,1,,test,arima,0.1755,0.09996264844272475
Gevenich,2025-06-14 16:00:00,1,,test,arima,0.176,0.09990604026582703
Gevenich,2025-06-14 17:00:00,1,,test,arima,0.17500001,0.09984946414575996
Gevenich,2025-06-14 18:00:00,1,,test,arima,0.17500001,0.09979292006436996
Gevenich,2025-06-14 19:00:00,1,,test,arima,0.1745,0.09973640800351374
Gevenich,2025-06-14 20:00:00,1,,test,arima,0.17199999,0.0996799279450583
Gevenich,2025-06-14 21:00:00,1,,test,arima,0.1725,0.09962347987088088
Gevenich,2025-06-14 22:00:00,1,,test,arima,0.17,0.09956706376286902
Gevenich,2025-06-14 23:00:00,1,,test,arima,0.1695,0.09951067960292047
Gevenich,2025-06-15 00:00:00,1,,test,arima,0.171,0.09945432737294327
Gevenich,2025-06-15 01:00:00,1,,test,arima,0.169,0.09939800705485569
Gevenich,2025-06-15 02:00:00,1,,test,arima,0.1695,0.09934171863058625
Gevenich,2025-06-15 03:00:00,1,,test,arima,0.169,0.09928546208207367
Gevenich,2025-06-15 04:00:00,1,,test,arima,0.169,0.09922923739126695
Gevenich,2025-06-15 05:00:00,1,,test,arima,0.169,0.09917304454012527
Gevenich,2025-06-15 06:00:00,1,,test,arima,0.1655,0.09911688351061804
Gevenich,2025-06-15 07:00:00,1,,test,arima,0.167,0.09906075428472488
Gevenich,2025-06-15 08:00:00,1,,test,arima,0.1685,0.09900465684443563
Gevenich,2025-06-15 09:00:00,1,,test,arima,0.1655,0.09894859117175031
Gevenich,2025-06-15 10:00:00,1,,test,arima,0.16499999,0.09889255724867914
Gevenich,2025-06-15 11:00:00,1,,test,arima,0.1665,0.09883655505724252
Gevenich,2025-06-15 12:00:00,1,,test,arima,0.1645,0.09878058457947105
Gevenich,2025-06-15 13:00:00,1,,test,arima,0.165,0.09872464579740547
Gevenich,2025-06-15 14:00:00,1,,test,arima,0.164,0.09866873869309675
Gevenich,2025-06-15 15:00:00,1,,test,arima,0.16,0.09861286324860596
Gevenich,2025-06-15 16:00:00,1,,test,arima,0.164,0.09855701944600437
Gevenich,2025-06-15 17:00:00,1,,test,arima,0.16049999,0.09850120726737338
Gevenich,2025-06-15 18:00:00,1,,test,arima,0.16049999,0.09844542669480458
Gevenich,2025-06-15 19:00:00,1,,test,arima,0.15900001,0.09838967771039964
Gevenich,2025-06-15 20:00:00,1,,test,arima,0.16,0.0983339602962704
Gevenich,2025-06-15 21:00:00,1,,test,arima,0.15900001,0.09827827443453882
Gevenich,2025-06-15 22:00:00,1,,test,arima,0.15799999,0.09822262010733698
Gevenich,2025-06-15 23:00:00,1,,test,arima,0.1565,0.09816699729680711
Gevenich,2025-06-16 00:00:00,1,,test,arima,0.156,0.09811140598510153
Gevenich,2025-06-16 01:00:00,1,,test,arima,0.1575,0.09805584615438265
Gevenich,2025-06-16 02:00:00,1,,test,arima,0.15400001,0.098000317786823
Gevenich,2025-06-16 03:00:00,1,,test,arima,0.1555,0.09794482086460524
Gevenich,2025-06-16 04:00:00,1,,test,arima,0.156,0.09788935536992203
Gevenich,2025-06-16 05:00:00,1,,test,arima,0.15650001,0.0978339212849762
Gevenich,2025-06-16 06:00:00,1,,test,arima,0.155,0.09777851859198063
Gevenich,2025-06-16 07:00:00,1,,test,arima,0.15450001,0.09772314727315824
Gevenich,2025-06-16 08:00:00,1,,test,arima,0.15650001,0.09766780731074208
Gevenich,2025-06-16 09:00:00,1,,test,arima,0.154,0.09761249868697522
Gevenich,2025-06-16 10:00:00,1,,test,arima,0.1535,0.09755722138411077
Gevenich,2025-06-16 11:00:00,1,,test,arima,0.154,0.09750197538441194
Gevenich,2025-06-16 12:00:00,1,,test,arima,0.154,0.09744676067015194
Gevenich,2025-06-16 13:00:00,1,,test,arima,0.154,0.09739157722361405
Gevenich,2025-06-16 14:00:00,1,,test,arima,0.154,0.09733642502709156
Gevenich,2025-06-16 15:00:00,1,,test,arima,0.154,0.09728130406288779
Gevenich,2025-06-16 16:00:00,1,,test,arima,0.153,0.0972262143133161
Gevenich,2025-06-16 17:00:00,1,,test,arima,0.15200001,0.09717115576069986
Gevenich,2025-06-16 18:00:00,1,,test,arima,0.1525,0.09711612838737241
Gevenich,2025-06-16 19:00:00,1,,test,arima,0.15,0.09706113217567716
Gevenich,2025-06-16 20:00:00,1,,test,arima,0.1485,0.09700616710796749
Gevenich,2025-06-16 21:00:00,1,,test,arima,0.151,0.09695123316660675
Gevenich,2025-06-16 22:00:00,1,,test,arima,0.151,0.0968963303339683
Gevenich,2025-06-16 23:00:00,1,,test,arima,0.14899999,0.09684145859243548
Gevenich,2025-06-17 00:00:00,1,,test,arima,0.157,0.09678661792440163
Gevenich,2025-06-17 01:00:00,1,,test,arima,0.148,0.09673180831226999
Gevenich,2025-06-17 02:00:00,1,,test,arima,0.1485,0.09667702973845385
Gevenich,2025-06-17 03:00:00,1,,test,arima,0.15,0.09662228218537641
Gevenich,2025-06-17 04:00:00,1,,test,arima,0.1455,0.09656756563547082
Gevenich,2025-06-17 05:00:00,1,,test,arima,0.1485,0.09651288007118021
Gevenich,2025-06-17 06:00:00,1,,test,arima,0.149,0.09645822547495762
Gevenich,2025-06-17 07:00:00,1,,test,arima,0.14750001,0.09640360182926605
Gevenich,2025-06-17 08:00:00,1,,test,arima,0.1455,0.09634900911657843
Gevenich,2025-06-17 09:00:00,1,,test,arima,0.1465,0.09629444731937759
Gevenich,2025-06-17 10:00:00,1,,test,arima,0.14649999,0.0962399164201563
Gevenich,2025-06-17 11:00:00,1,,test,arima,0.14750001,0.09618541640141724
Gevenich,2025-06-17 12:00:00,1,,test,arima,0.1485,0.09613094724567302
Gevenich,2025-06-17 13:00:00,1,,test,arima,0.1485,0.09607650893544611
Gevenich,2025-06-17 14:00:00,1,,test,arima,0.148,0.09602210145326892
Gevenich,2025-07-30 11:00:00,1,,test,arima,0.291,0.09596772478168372
Gevenich,2025-07-30 13:00:00,1,,test,arima,0.34,0.09591337890324267
Gevenich,2025-07-30 14:00:00,1,,test,arima,0.335,0.09585906380050785
Gevenich,2025-07-30 15:00:00,1,,test,arima,0.33,0.09580477945605115
Gevenich,2025-07-30 17:00:00,1,,test,arima,0.338,0.09575052585245439
Gevenich,2025-07-30 18:00:00,1,,test,arima,0.333,0.09569630297230919
Gevenich,2025-07-30 19:00:00,1,,test,arima,0.332,0.0956421107982171
Gevenich,2025-07-30 20:00:00,1,,test,arima,0.327,0.0955879493127895
Gevenich,2025-07-30 21:00:00,1,,test,arima,0.325,0.09553381849864756
Gevenich,2025-07-30 22:00:00,1,,test,arima,0.322,0.09547971833842236
Gevenich,2025-07-30 23:00:00,1,,test,arima,0.319,0.09542564881475482
Gevenich,2025-07-31 00:00:00,1,,test,arima,0.317,0.09537160991029561
Gevenich,2025-07-31 01:00:00,1,,test,arima,0.315,0.09531760160770532
Gevenich,2025-07-31 02:00:00,1,,test,arima,0.278,0.09526362388965429
Gevenich,2025-07-31 03:00:00,1,,test,arima,0.312,0.09520967673882272
Gevenich,2025-07-31 04:00:00,1,,test,arima,0.277,0.09515576013790059
Gevenich,2025-07-31 05:00:00,1,,test,arima,0.307,0.09510187406958769
Gevenich,2025-07-31 06:00:00,1,,test,arima,0.277,0.09504801851659361
Gevenich,2025-07-31 07:00:00,1,,test,arima,0.2755,0.09499419346163773
Gevenich,2025-07-31 08:00:00,1,,test,arima,0.305,0.09494039888744922
Gevenich,2025-07-31 09:00:00,1,,test,arima,0.2755,0.09488663477676702
Gevenich,2025-07-31 10:00:00,1,,test,arima,0.27499998,0.09483290111233986
Gevenich,2025-07-31 11:00:00,1,,test,arima,0.3,0.09477919787692621
Gevenich,2025-07-31 12:00:00,1,,test,arima,0.2905,0.09472552505329435
Gevenich,2025-07-31 14:00:00,1,,test,arima,0.378,0.09467188262422227
Gevenich,2025-07-31 15:00:00,1,,test,arima,0.372,0.09461827057249775
Gevenich,2025-07-31 16:00:00,1,,test,arima,0.372,0.09456468888091829
Gevenich,2025-07-31 17:00:00,1,,test,arima,0.329,0.09451113753229115
Gevenich,2025-07-31 18:00:00,1,,test,arima,0.36,0.09445761650943332
Gevenich,2025-07-31 19:00:00,1,,test,arima,0.3275,0.09440412579517152
Gevenich,2025-07-31 20:00:00,1,,test,arima,0.3245,0.09435066537234219
Gevenich,2025-07-31 21:00:00,1,,test,arima,0.3215,0.09429723522379149
Gevenich,2025-07-31 22:00:00,1,,test,arima,0.348,0.09424383533237532
Gevenich,2025-07-31 23:00:00,1,,test,arima,0.32,0.09419046568095926
Gevenich,2025-08-01 00:00:00,1,,test,arima,0.34,0.0941371262524186
Gevenich,2025-08-01 01:00:00,1,,test,arima,0.3165,0.09408381702963833
Gevenich,2025-08-01 02:00:00,1,,test,arima,0.337,0.09403053799551311
Gevenich,2025-08-01 03:00:00,1,,test,arima,0.314,0.09397728913294734
Gevenich,2025-08-01 04:00:00,1,,test,arima,0.31199998,0.09392407042485504
Gevenich,2025-08-01 05:00:00,1,,test,arima,0.3105,0.09387088185415995
Gevenich,2025-08-01 06:00:00,1,,test,arima,0.3105,0.09381772340379546
Gevenich,2025-08-01 07:00:00,1,,test,arima,0.30949998,0.09376459505670465
Gevenich,2025-08-01 08:00:00,1,,test,arima,0.30699998,0.0937114967958402
Gevenich,2025-08-01 09:00:00,1,,test,arima,0.322,0.0936584286041645
Gevenich,2025-08-01 10:00:00,1,,test,arima,0.3035,0.09360539046464958
Gevenich,2025-08-01 11:00:00,1,,test,arima,0.302,0.09355238236027709
Gevenich,2025-08-10 00:00:00,1,,test,arima,0.18,0.09349940427403833
Gevenich,2025-08-10 01:00:00,1,,test,arima,0.1805,0.09344645618893424
Gevenich,2025-08-10 02:00:00,1,,test,arima,0.179,0.09339353808797538
Gevenich,2025-08-10 03:00:00,1,,test,arima,0.1765,0.09334064995418191
Gevenich,2025-08-10 04:00:00,1,,test,arima,0.1785,0.09328779177058365
Gevenich,2025-08-10 05:00:00,1,,test,arima,0.177,0.09323496352021998
Gevenich,2025-08-10 06:00:00,1,,test,arima,0.17750001,0.09318216518613995
Gevenich,2025-08-10 07:00:00,1,,test,arima,0.1765,0.09312939675140214
Gevenich,2025-08-10 08:00:00,1,,test,arima,0.177,0.09307665819907474
Gevenich,2025-08-10 09:00:00,1,,test,arima,0.176,0.09302394951223558
Gevenich,2025-08-10 10:00:00,1,,test,arima,0.1745,0.09297127067397201
Gevenich,2025-08-10 11:00:00,1,,test,arima,0.1755,0.09291862166738099
Gevenich,2025-08-10 12:00:00,1,,test,arima,0.1735,0.09286600247556903
Gevenich,2025-08-10 13:00:00,1,,test,arima,0.1735,0.09281341308165224
Gevenich,2025-08-10 14:00:00,1,,test,arima,0.174,0.09276085346875625
Gevenich,2025-08-20 19:00:00,1,,test,arima,0.1285,0.0927083236200163
Gevenich,2025-08-20 20:00:00,1,,test,arima,0.1275,0.0926558235185771
Gevenich,2025-08-20 21:00:00,1,,test,arima,0.127,0.092603353147593
Gevenich,2025-08-20 22:00:00,1,,test,arima,0.1275,0.09255091249022783
Gevenich,2025-08-20 23:00:00,1,,test,arima,0.1285,0.09249850152965494
Gevenich,2025-08-21 00:00:00,1,,test,arima,0.1265,0.09244612024905728
Gevenich,2025-08-21 01:00:00,1,,test,arima,0.126,0.09239376863162725
Gevenich,2025-08-21 02:00:00,1,,test,arima,0.127,0.0923414466605668
Gevenich,2025-08-21 03:00:00,1,,test,arima,0.12799999,0.09228915431908741
Gevenich,2025-08-21 04:00:00,1,,test,arima,0.1255,0.09223689159041001
Gevenich,2025-08-21 05:00:00,1,,test,arima,0.1255,0.0921846584577651
Gevenich,2025-08-21 06:00:00,1,,test,arima,0.1255,0.09213245490439265
Gevenich,2025-08-21 07:00:00,1,,test,arima,0.12450001,0.09208028091354208
Gevenich,2025-08-21 08:00:00,1,,test,arima,0.1275,0.09202813646847235
Gevenich,2025-08-21 09:00:00,1,,test,arima,0.1255,0.09197602155245191
Gevenich,2025-08-21 10:00:00,1,,test,arima,0.132,0.09192393614875861
Gevenich,2025-08-21 11:00:00,1,,test,arima,0.1285,0.09187188024067987
Gevenich,2025-08-21 12:00:00,1,,test,arima,0.12900001,0.09181985381151248
Gevenich,2025-08-21 13:00:00,1,,test,arima,0.1275,0.09176785684456273
Gevenich,2025-08-21 14:00:00,1,,test,arima,0.1275,0.0917158893231464
Gevenich,2025-08-21 15:00:00,1,,test,arima,0.12900001,0.09166395123058865
Gevenich,2025-08-21 16:00:00,1,,test,arima,0.12799999,0.09161204255022412
Gevenich,2025-08-21 17:00:00,1,,test,arima,0.12900001,0.0915601632653969
Gevenich,2025-08-21 18:00:00,1,,test,arima,0.1275,0.09150831335946047
Gevenich,2025-08-21 19:00:00,1,,test,arima,0.126,0.09145649281577778
Gevenich,2025-08-21 20:00:00,1,,test,arima,0.1275,0.09140470161772117
Gevenich,2025-08-21 21:00:00,1,,test,arima,0.1255,0.09135293974867242
Gevenich,2025-08-21 22:00:00,1,,test,arima,0.128,0.0913012071920227
Gevenich,2025-08-21 23:00:00,1,,test,arima,0.127,0.0912495039311726
Gevenich,2025-08-22 00:00:00,1,,test,arima,0.1275,0.0911978299495321
Gevenich,2025-08-22 01:00:00,1,,test,arima,0.126,0.0911461852305206
Gevenich,2025-08-22 02:00:00,1,,test,arima,0.126,0.09109456975756683
Gevenich,2025-08-22 03:00:00,1,,test,arima,0.1225,0.09104298351410899
Gevenich,2025-08-22 04:00:00,1,,test,arima,0.1255,0.09099142648359458
Gevenich,2025-08-22 05:00:00,1,,test,arima,0.124,0.09093989864948052
Gevenich,2025-08-22 06:00:00,1,,test,arima,0.124,0.09088839999523307
Gevenich,2025-08-22 07:00:00,1,,test,arima,0.124,0.0908369305043279
Gevenich,2025-08-22 08:00:00,1,,test,arima,0.126,0.09078549016024998
Gevenich,2025-08-22 09:00:00,1,,test,arima,0.123500004,0.09073407894649364
Gevenich,2025-08-22 10:00:00,1,,test,arima,0.12799999,0.09068269684656262
Gevenich,2025-08-22 11:00:00,1,,test,arima,0.12449999,0.09063134384396991
Gevenich,2025-08-22 12:00:00,1,,test,arima,0.1285,0.09058001992223792
Gevenich,2025-08-22 13:00:00,1,,test,arima,0.1285,0.09052872506489834
Gevenich,2025-08-22 14:00:00,1,,test,arima,0.1275,0.09047745925549219
Gevenich,2025-08-22 15:00:00,1,,test,arima,0.1285,0.09042622247756983
Gevenich,2025-08-22 16:00:00,1,,test,arima,0.125,0.09037501471469092
Gevenich,2025-08-22 17:00:00,1,,test,arima,0.1285,0.09032383595042445
Gevenich,2025-08-22 18:00:00,1,,test,arima,0.1295,0.09027268616834869
Gevenich,2025-08-22 19:00:00,1,,test,arima,0.12799999,0.09022156535205121
Gevenich,2025-08-22 20:00:00,1,,test,arima,0.1265,0.0901704734851289
Gevenich,2025-08-22 21:00:00,1,,test,arima,0.126,0.09011941055118791
Gevenich,2025-08-22 22:00:00,1,,test,arima,0.1225,0.0900683765338437
Gevenich,2025-08-22 23:00:00,1,,test,arima,0.1265,0.09001737141672098
Gevenich,2025-08-23 00:00:00,1,,test,arima,0.126,0.08996639518345376
Gevenich,2025-08-23 01:00:00,1,,test,arima,0.1225,0.0899154478176853
Gevenich,2025-08-23 02:00:00,1,,test,arima,0.126,0.08986452930306814
Gevenich,2025-08-23 03:00:00,1,,test,arima,0.1225,0.08981363962326407
Gevenich,2025-08-23 04:00:00,1,,test,arima,0.124,0.0897627787619441
Gevenich,2025-08-23 05:00:00,1,,test,arima,0.1235,0.08971194670278854
Gevenich,2025-08-23 06:00:00,1,,test,arima,0.1215,0.08966114342948692
Gevenich,2025-08-23 07:00:00,1,,test,arima,0.125,0.08961036892573798
Gevenich,2025-08-23 08:00:00,1,,test,arima,0.1235,0.08955962317524975
Gevenich,2025-08-23 09:00:00,1,,test,arima,0.123500004,0.08950890616173943
Gevenich,2025-08-23 10:00:00,1,,test,arima,0.1235,0.08945821786893346
Gevenich,2025-08-23 11:00:00,1,,test,arima,0.123500004,0.08940755828056751
Gevenich,2025-08-23 12:00:00,1,,test,arima,0.12449999,0.08935692738038643
Gevenich,2025-08-23 13:00:00,1,,test,arima,0.124,0.08930632515214432
Gevenich,2025-08-23 14:00:00,1,,test,arima,0.1275,0.08925575157960443
Gevenich,2025-08-23 15:00:00,1,,test,arima,0.125,0.08920520664653923
Gevenich,2025-08-23 16:00:00,1,,test,arima,0.1275,0.0891546903367304
Gevenich,2025-08-23 17:00:00,1,,test,arima,0.1255,0.08910420263396876
Gevenich,2025-08-23 18:00:00,1,,test,arima,0.1255,0.08905374352205433
Gevenich,2025-08-23 19:00:00,1,,test,arima,0.1265,0.08900331298479632
Gevenich,2025-08-23 20:00:00,1,,test,arima,0.1275,0.08895291100601309
Gevenich,2025-08-23 21:00:00,1,,test,arima,0.1255,0.08890253756953216
Gevenich,2025-08-23 22:00:00,1,,test,arima,0.1225,0.08885219265919023
Gevenich,2025-09-22 00:00:00,1,,test,arima,0.2605,0.08880187625883312
Gevenich,2025-09-22 01:00:00,1,,test,arima,0.2595,0.08875158835231584
Gevenich,2025-09-22 02:00:00,1,,test,arima,0.2595,0.08870132892350246
Gevenich,2025-09-22 03:00:00,1,,test,arima,0.26099998,0.08865109795626633
Gevenich,2025-09-22 04:00:00,1,,test,arima,0.2595,0.0886008954344898
Gevenich,2025-09-22 05:00:00,1,,test,arima,0.2595,0.08855072134206442
Gevenich,2025-09-22 06:00:00,1,,test,arima,0.2595,0.08850057566289082
Gevenich,2025-09-22 07:00:00,1,,test,arima,0.2595,0.08845045838087878
Gevenich,2025-09-22 08:00:00,1,,test,arima,0.2625,0.08840036947994717
Gevenich,2025-09-22 09:00:00,1,,test,arima,0.259,0.08835030894402399
Gevenich,2025-09-22 10:00:00,1,,test,arima,0.259,0.0883002767570463
Gevenich,2025-09-22 11:00:00,1,,test,arima,0.259,0.08825027290296031
Gevenich,2025-09-22 12:00:00,1,,test,arima,0.259,0.08820029736572127
Gevenich,2025-09-22 13:00:00,1,,test,arima,0.25800002,0.08815035012929354
Gevenich,2025-09-22 14:00:00,1,,test,arima,0.257,0.08810043117765058
Gevenich,2025-09-22 15:00:00,1,,test,arima,0.25599998,0.0880505404947749
Gevenich,2025-09-22 16:00:00,1,,test,arima,0.25599998,0.08800067806465808
Gevenich,2025-09-22 17:00:00,1,,test,arima,0.25550002,0.08795084387130078
Gevenich,2025-09-22 18:00:00,1,,test,arima,0.255,0.0879010378987127
Gevenich,2025-09-22 19:00:00,1,,test,arima,0.2555,0.08785126013091263
Gevenich,2025-09-22 20:00:00,1,,test,arima,0.25599998,0.08780151055192836
Gevenich,2025-09-22 21:00:00,1,,test,arima,0.2545,0.08775178914579676
Gevenich,2025-09-22 22:00:00,1,,test,arima,0.254,0.08770209589656375
Gevenich,2025-09-22 23:00:00,1,,test,arima,0.254,0.08765243078828425
Gevenich,2025-09-23 00:00:00,1,,test,arima,0.254,0.08760279380502223
Gevenich,2025-09-23 01:00:00,1,,test,arima,0.254,0.08755318493085068
Gevenich,2025-09-23 02:00:00,1,,test,arima,0.25449997,0.08750360414985163
Gevenich,2025-09-23 03:00:00,1,,test,arima,0.25349998,0.0874540514461161
Gevenich,2025-09-23 04:00:00,1,,test,arima,0.254,0.0874045268037441
Gevenich,2025-09-23 05:00:00,1,,test,arima,0.253,0.08735503020684468
Gevenich,2025-09-23 06:00:00,1,,test,arima,0.2525,0.08730556163953589
Gevenich,2025-09-23 07:00:00,1,,test,arima,0.255,0.08725612108594474
Gevenich,2025-09-23 08:00:00,1,,test,arima,0.253,0.08720670853020726
Gevenich,2025-09-23 09:00:00,1,,test,arima,0.2545,0.08715732395646847
Gevenich,2025-09-23 10:00:00,1,,test,arima,0.254,0.08710796734888232
Gevenich,2025-09-23 11:00:00,1,,test,arima,0.254,0.08705863869161179
Gevenich,2025-09-23 12:00:00,1,,test,arima,0.254,0.08700933796882879
Gevenich,2025-09-23 13:00:00,1,,test,arima,0.255,0.08696006516471422
Gevenich,2025-09-23 14:00:00,1,,test,arima,0.25349998,0.08691082026345791
Gevenich,2025-09-23 15:00:00,1,,test,arima,0.25349998,0.08686160324925866
Gevenich,2025-09-23 16:00:00,1,,test,arima,0.2545,0.08681241410632423
Gevenich,2025-09-23 17:00:00,1,,test,arima,0.2545,0.08676325281887132
Gevenich,2025-09-23 18:00:00,1,,test,arima,0.254,0.08671411937112553
Gevenich,2025-09-23 19:00:00,1,,test,arima,0.2545,0.08666501374732141
Gevenich,2025-09-23 20:00:00,1,,test,arima,0.2555,0.0866159359317025
Gevenich,2025-09-23 21:00:00,1,,test,arima,0.254,0.08656688590852116
Gevenich,2025-09-23 22:00:00,1,,test,arima,0.2555,0.08651786366203874
Gevenich,2025-09-23 23:00:00,1,,test,arima,0.252,0.08646886917652549
Gevenich,2025-09-24 00:00:00,1,,test,arima,0.2555,0.08641990243626055
Gevenich,2025-09-24 01:00:00,1,,test,arima,0.2525,0.08637096342553198
Gevenich,2025-09-24 02:00:00,1,,test,arima,0.254,0.08632205212863672
Gevenich,2025-09-24 03:00:00,1,,test,arima,0.26,0.08627316852988062
Gevenich,2025-09-24 04:00:00,1,,test,arima,0.254,0.08622431261357841
Gevenich,2025-09-24 05:00:00,1,,test,arima,0.248,0.08617548436405367
Gevenich,2025-09-24 06:00:00,1,,test,arima,0.253,0.08612668376563895
Gevenich,2025-09-24 07:00:00,1,,test,arima,0.253,0.08607791080267556
Gevenich,2025-09-24 08:00:00,1,,test,arima,0.2525,0.08602916545951375
Gevenich,2025-09-24 09:00:00,1,,test,arima,0.2545,0.08598044772051261
Gevenich,2025-09-24 10:00:00,1,,test,arima,0.255,0.0859317575700401
Gevenich,2025-09-24 11:00:00,1,,test,arima,0.255,0.085883094992473
Gevenich,2025-09-24 12:00:00,1,,test,arima,0.25349998,0.08583445997219696
Gevenich,2025-09-24 13:00:00,1,,test,arima,0.2545,0.0857858524936065
Gevenich,2025-09-24 14:00:00,1,,test,arima,0.25349998,0.08573727254110491
Gevenich,2025-09-24 15:00:00,1,,test,arima,0.25349998,0.08568872009910439
Gevenich,2025-09-24 16:00:00,1,,test,arima,0.25349998,0.0856401951520259
Gevenich,2025-09-24 17:00:00,1,,test,arima,0.252,0.08559169768429925
Gevenich,2025-09-24 18:00:00,1,,test,arima,0.252,0.08554322768036307
Gevenich,2025-09-24 19:00:00,1,,test,arima,0.2515,0.08549478512466482
Gevenich,2025-09-24 20:00:00,1,,test,arima,0.25100002,0.08544637000166072
Gevenich,2025-09-24 21:00:00,1,,test,arima,0.25100002,0.08539798229581586
Gevenich,2025-09-24 22:00:00,1,,test,arima,0.25100002,0.08534962199160404
Gevenich,2025-09-24 23:00:00,1,,test,arima,0.25100002,0.08530128907350791
Gevenich,2025-09-25 00:00:00,1,,test,arima,0.2525,0.0852529835260189
Gevenich,2025-09-25 01:00:00,1,,test,arima,0.2515,0.08520470533363723
Gevenich,2025-09-25 02:00:00,1,,test,arima,0.2525,0.08515645448087189
Gevenich,2025-09-25 03:00:00,1,,test,arima,0.25349998,0.08510823095224063
Gevenich,2025-09-25 04:00:00,1,,test,arima,0.2505,0.08506003473226996
Gevenich,2025-09-25 05:00:00,1,,test,arima,0.251,0.08501186580549518
Gevenich,2025-09-25 06:00:00,1,,test,arima,0.2515,0.08496372415646034
Gevenich,2025-09-25 07:00:00,1,,test,arima,0.25,0.08491560976971824
Gevenich,2025-09-25 08:00:00,1,,test,arima,0.25,0.08486752262983041
Gevenich,2025-09-25 09:00:00,1,,test,arima,0.25050002,0.08481946272136717
Gevenich,2025-09-25 10:00:00,1,,test,arima,0.25,0.08477143002890752
Gevenich,2025-09-25 11:00:00,1,,test,arima,0.2495,0.08472342453703925
Gevenich,2025-09-25 12:00:00,1,,test,arima,0.2495,0.08467544623035882
Gevenich,2025-09-25 13:00:00,1,,test,arima,0.2495,0.08462749509347145
Gevenich,2025-09-25 14:00:00,1,,test,arima,0.249,0.08457957111099107
Gevenich,2025-09-25 15:00:00,1,,test,arima,0.24649999,0.08453167426754031
Gevenich,2025-10-15 01:00:00,1,,test,arima,0.238,0.08448380454775054
Gevenich,2025-10-15 02:00:00,1,,test,arima,0.2385,0.0844359619362618
Gevenich,2025-10-15 03:00:00,1,,test,arima,0.2385,0.08438814641772283
Gevenich,2025-10-15 04:00:00,1,,test,arima,0.23949999,0.0843403579767911
Gevenich,2025-10-15 05:00:00,1,,test,arima,0.2385,0.08429259659813272
Gevenich,2025-10-15 06:00:00,1,,test,arima,0.23699999,0.08424486226642253
Gevenich,2025-10-15 07:00:00,1,,test,arima,0.2385,0.084197154966344
Gevenich,2025-10-15 08:00:00,1,,test,arima,0.23949999,0.0841494746825893
Gevenich,2025-10-15 09:00:00,1,,test,arima,0.23949999,0.0841018213998593
Gevenich,2025-10-15 10:00:00,1,,test,arima,0.23699999,0.08405419510286347
Gevenich,2025-10-15 11:00:00,1,,test,arima,0.23949999,0.08400659577631997
Gevenich,2025-10-15 12:00:00,1,,test,arima,0.236,0.08395902340495563
Gevenich,2025-10-15 13:00:00,1,,test,arima,0.2385,0.0839114779735059
Gevenich,2025-10-15 14:00:00,1,,test,arima,0.23699999,0.08386395946671488
Gevenich,2025-10-15 15:00:00,1,,test,arima,0.2365,0.08381646786933533
Gevenich,2025-10-15 16:00:00,1,,test,arima,0.237,0.08376900316612865
Gevenich,2025-10-15 17:00:00,1,,test,arima,0.237,0.08372156534186481
Gevenich,2025-10-15 18:00:00,1,,test,arima,0.238,0.08367415438132247
Gevenich,2025-10-15 19:00:00,1,,test,arima,0.2365,0.08362677026928889
Gevenich,2025-10-15 20:00:00,1,,test,arima,0.2365,0.0835794129905599
Gevenich,2025-10-15 21:00:00,1,,test,arima,0.23699999,0.08353208252994003
Gevenich,2025-10-15 22:00:00,1,,test,arima,0.23550001,0.08348477887224234
Gevenich,2025-10-15 23:00:00,1,,test,arima,0.23550001,0.08343750200228851
Gevenich,2025-10-16 00:00:00,1,,test,arima,0.234,0.08339025190490884
Gevenich,2025-10-16 01:00:00,1,,test,arima,0.23449999,0.08334302856494219
Gevenich,2025-10-16 02:00:00,1,,test,arima,0.23449999,0.083295831967236
Gevenich,2025-10-16 03:00:00,1,,test,arima,0.236,0.08324866209664633
Gevenich,2025-10-16 04:00:00,1,,test,arima,0.2365,0.08320151893803779
Gevenich,2025-10-16 05:00:00,1,,test,arima,0.235,0.08315440247628356
Gevenich,2025-10-16 06:00:00,1,,test,arima,0.2365,0.0831073126962654
Gevenich,2025-10-16 07:00:00,1,,test,arima,0.23550001,0.0830602495828736
Gevenich,2025-10-16 08:00:00,1,,test,arima,0.2365,0.08301321312100704
Gevenich,2025-10-16 09:00:00,1,,test,arima,0.2365,0.08296620329557315
Gevenich,2025-10-16 10:00:00,1,,test,arima,0.235,0.08291922009148789
Gevenich,2025-10-16 11:00:00,1,,test,arima,0.2365,0.08287226349367577
Gevenich,2025-10-16 12:00:00,1,,test,arima,0.234,0.08282533348706983
Gevenich,2025-10-16 13:00:00,1,,test,arima,0.233,0.08277843005661165
Gevenich,2025-10-16 14:00:00,1,,test,arima,0.2335,0.08273155318725134
Gevenich,2025-10-16 15:00:00,1,,test,arima,0.234,0.08268470286394752
Gevenich,2025-10-16 16:00:00,1,,test,arima,0.233,0.08263787907166736
Gevenich,2025-10-16 17:00:00,1,,test,arima,0.23249999,0.08259108179538649
Gevenich,2025-10-16 18:00:00,1,,test,arima,0.23249999,0.0825443110200891
Gevenich,2025-12-15 11:00:00,1,,test,arima,0.339,0.08249756673076786
Gevenich,2025-12-15 12:00:00,1,,test,arima,0.3395,0.08245084891242391
Gevenich,2025-12-15 13:00:00,1,,test,arima,0.3395,0.08240415755006694
Gevenich,2025-12-15 14:00:00,1,,test,arima,0.3395,0.0823574926287151
Gevenich,2025-12-15 15:00:00,1,,test,arima,0.34,0.08231085413339502
Gevenich,2025-12-15 16:00:00,1,,test,arima,0.339,0.08226424204914182
Gevenich,2025-12-15 17:00:00,1,,test,arima,0.34,0.08221765636099909
Gevenich,2025-12-15 18:00:00,1,,test,arima,0.34,0.08217109705401889
Gevenich,2025-12-15 19:00:00,1,,test,arima,0.34,0.08212456411326173
Gevenich,2025-12-15 20:00:00,1,,test,arima,0.34,0.08207805752379661
Gevenich,2025-12-15 21:00:00,1,,test,arima,0.34,0.08203157727070098
Gevenich,2025-12-15 22:00:00,1,,test,arima,0.34,0.08198512333906072
Gevenich,2025-12-15 23:00:00,1,,test,arima,0.34,0.08193869571397015
Gevenich,2025-12-16 00:00:00,1,,test,arima,0.34,0.08189229438053207
Gevenich,2025-12-16 01:00:00,1,,test,arima,0.34,0.08184591932385768
Gevenich,2025-12-16 02:00:00,1,,test,arima,0.339,0.08179957052906664
Gevenich,2025-12-16 03:00:00,1,,test,arima,0.33749998,0.08175324798128701
Gevenich,2025-12-16 04:00:00,1,,test,arima,0.33749998,0.08170695166565528
Gevenich,2025-12-16 05:00:00,1,,test,arima,0.339,0.08166068156731637
Gevenich,2025-12-16 06:00:00,1,,test,arima,0.338,0.0816144376714236
Gevenich,2025-12-16 07:00:00,1,,test,arima,0.328,0.0815682199631387
Gevenich,2025-12-16 08:00:00,1,,test,arima,0.3385,0.08152202842763182
Gevenich,2025-12-16 09:00:00,1,,test,arima,0.3395,0.08147586305008145
Gevenich,2025-12-16 10:00:00,1,,test,arima,0.3395,0.08142972381567455
Gevenich,2025-12-16 11:00:00,1,,test,arima,0.338,0.08138361070960642
Gevenich,2025-12-16 12:00:00,1,,test,arima,0.339,0.08133752371708078
Gevenich,2025-12-16 13:00:00,1,,test,arima,0.33749998,0.08129146282330968
Gevenich,2025-12-16 14:00:00,1,,test,arima,0.33749998,0.08124542801351356
Gevenich,2025-12-16 15:00:00,1,,test,arima,0.33749998,0.08119941927292128
Gevenich,2025-12-16 16:00:00,1,,test,arima,0.33749998,0.08115343658676999
Gevenich,2025-12-16 17:00:00,1,,test,arima,0.33749998,0.08110747994030525
Gevenich,2025-12-16 18:00:00,1,,test,arima,0.338,0.08106154931878096
Gevenich,2025-12-16 19:00:00,1,,test,arima,0.337,0.08101564470745937
Gevenich,2025-12-16 20:00:00,1,,test,arima,0.336,0.08096976609161106
Gevenich,2025-12-16 21:00:00,1,,test,arima,0.33749998,0.080923913456515
Gevenich,2025-12-16 22:00:00,1,,test,arima,0.3355,0.08087808678745845
Gevenich,2025-12-16 23:00:00,1,,test,arima,0.336,0.080832286069737
Gevenich,2025-12-17 00:00:00,1,,test,arima,0.336,0.0807865112886546
Gevenich,2025-12-17 01:00:00,1,,test,arima,0.337,0.08074076242952351
Gevenich,2025-12-17 02:00:00,1,,test,arima,0.33749998,0.0806950394776643
Gevenich,2025-12-17 03:00:00,1,,test,arima,0.3365,0.08064934241840582
Gevenich,2025-12-17 04:00:00,1,,test,arima,0.337,0.08060367123708533
Gevenich,2025-12-17 05:00:00,1,,test,arima,0.33499998,0.08055802591904827
Gevenich,2025-12-17 06:00:00,1,,test,arima,0.3355,0.08051240644964847
Gevenich,2025-12-17 07:00:00,1,,test,arima,0.3355,0.080466812814248
Gevenich,2025-12-17 08:00:00,1,,test,arima,0.3355,0.08042124499821726
Gevenich,2025-12-17 09:00:00,1,,test,arima,0.3365,0.08037570298693489
Gevenich,2025-12-17 10:00:00,1,,test,arima,0.3355,0.08033018676578785
Gevenich,2025-12-17 11:00:00,1,,test,arima,0.336,0.08028469632017136
Gevenich,2025-12-17 12:00:00,1,,test,arima,0.33499998,0.0802392316354889
Gevenich,2025-12-17 13:00:00,1,,test,arima,0.3355,0.08019379269715224
Gevenich,2025-12-17 14:00:00,1,,test,arima,0.336,0.08014837949058139
Gevenich,2025-12-17 15:00:00,1,,test,arima,0.336,0.08010299200120462
Gevenich,2025-12-17 16:00:00,1,,test,arima,0.336,0.08005763021445846
Gevenich,2025-12-17 17:00:00,1,,test,arima,0.336,0.08001229411578767
Gevenich,2025-12-17 18:00:00,1,,test,arima,0.3365,0.07996698369064528
Gevenich,2025-12-17 19:00:00,1,,test,arima,0.336,0.07992169892449255
Gevenich,2025-12-17 20:00:00,1,,test,arima,0.334,0.07987643980279896
Gevenich,2025-12-17 21:00:00,1,,test,arima,0.33499998,0.07983120631104221
Gevenich,2025-12-17 22:00:00,1,,test,arima,0.33499998,0.07978599843470825
Gevenich,2025-12-17 23:00:00,1,,test,arima,0.334,0.07974081615929124
Merzenhausen,2021-07-14 17:00:00,1,,val,arima,0.39,0.3850284138375308
Merzenhausen,2021-07-14 18:00:00,1,,val,arima,0.391,0.3848195022710465
Merzenhausen,2021-07-14 19:00:00,1,,val,arima,0.391,0.3846094718342141
Merzenhausen,2021-07-14 20:00:00,1,,val,arima,0.391,0.3844238743860173
Merzenhausen,2021-07-14 21:00:00,1,,val,arima,0.389,0.3842280502850147
Merzenhausen,2021-07-14 22:00:00,1,,val,arima,0.389,0.3840343152276478
Merzenhausen,2021-07-14 23:00:00,1,,val,arima,0.388,0.3838408585619771
Merzenhausen,2021-07-15 00:00:00,1,,val,arima,0.388,0.3836472222559302
Merzenhausen,2021-07-15 01:00:00,1,,val,arima,0.389,0.3834537844589294
Merzenhausen,2021-07-15 02:00:00,1,,val,arima,0.388,0.3832604287044885
Merzenhausen,2021-07-15 03:00:00,1,,val,arima,0.388,0.3830671669863909
Merzenhausen,2021-07-15 04:00:00,1,,val,arima,0.388,0.38287400576200203
Merzenhausen,2021-07-15 05:00:00,1,,val,arima,0.387,0.3826809409812143
Merzenhausen,2021-07-15 06:00:00,1,,val,arima,0.387,0.3824879736598463
Merzenhausen,2021-07-15 07:00:00,1,,val,arima,0.387,0.38229510369294184
Merzenhausen,2021-07-15 08:00:00,1,,val,arima,0.385,0.3821023309486077
Merzenhausen,2021-07-15 09:00:00,1,,val,arima,0.384,0.38190965541896194
Merzenhausen,2021-07-15 10:00:00,1,,val,arima,0.386,0.3817170770456272
Merzenhausen,2021-07-15 11:00:00,1,,val,arima,0.383,0.3815245957795025
Merzenhausen,2021-07-15 12:00:00,1,,val,arima,0.381,0.3813322115726069
Merzenhausen,2021-07-15 13:00:00,1,,val,arima,0.378,0.38113992437558625
Merzenhausen,2021-07-15 14:00:00,1,,val,arima,0.375,0.38094773413960115
Merzenhausen,2021-07-15 15:00:00,1,,val,arima,0.374,0.38075564081576685
Merzenhausen,2021-07-15 16:00:00,1,,val,arima,0.37,0.38056364435520396
Merzenhausen,2021-07-15 17:00:00,1,,val,arima,0.368,0.3803717447090731
Merzenhausen,2021-07-15 18:00:00,1,,val,arima,0.366,0.38017994182855497
Merzenhausen,2021-07-15 19:00:00,1,,val,arima,0.365,0.3799882356648551
Merzenhausen,2021-07-15 20:00:00,1,,val,arima,0.364,0.37979662616920423
Merzenhausen,2021-07-15 21:00:00,1,,val,arima,0.362,0.3796051132928572
Merzenhausen,2021-07-15 22:00:00,1,,val,arima,0.362,0.3794136969870937
Merzenhausen,2021-07-15 23:00:00,1,,val,arima,0.359,0.37922237720321794
Merzenhausen,2021-07-16 00:00:00,1,,val,arima,0.36,0.3790311538925586
Merzenhausen,2021-07-16 01:00:00,1,,val,arima,0.361,0.3788400270064689
Merzenhausen,2021-07-16 02:00:00,1,,val,arima,0.36,0.3786489964963267
Merzenhausen,2021-07-16 03:00:00,1,,val,arima,0.358,0.3784580623135343
Merzenhausen,2021-07-16 04:00:00,1,,val,arima,0.359,0.37826722440951854
Merzenhausen,2021-07-16 05:00:00,1,,val,arima,0.356,0.3780764827357308
Merzenhausen,2021-07-16 06:00:00,1,,val,arima,0.357,0.37788583724364677
Merzenhausen,2021-07-16 07:00:00,1,,val,arima,0.357,0.37769528788476675
Merzenhausen,2021-07-16 08:00:00,1,,val,arima,0.358,0.3775048346106155
Merzenhausen,2021-07-16 09:00:00,1,,val,arima,0.358,0.3773144773727422
Merzenhausen,2021-07-16 10:00:00,1,,val,arima,0.356,0.3771242161227204
Merzenhausen,2021-07-16 11:00:00,1,,val,arima,0.354,0.37693405081214815
Merzenhausen,2021-07-16 12:00:00,1,,val,arima,0.354,0.3767439813926478
Merzenhausen,2021-07-16 13:00:00,1,,val,arima,0.35,0.37655400781586623
Merzenhausen,2021-07-16 14:00:00,1,,val,arima,0.35,0.3763641300334747
Merzenhausen,2021-07-16 15:00:00,1,,val,arima,0.347,0.37617434799716865
Merzenhausen,2021-07-16 16:00:00,1,,val,arima,0.344,0.37598466165866806
Merzenhausen,2021-07-16 17:00:00,1,,val,arima,0.344,0.3757950709697173
Merzenhausen,2021-07-16 18:00:00,1,,val,arima,0.341,0.3756055758820849
Merzenhausen,2021-07-16 19:00:00,1,,val,arima,0.341,0.37541617634756375
Merzenhausen,2021-07-16 20:00:00,1,,val,arima,0.341,0.3752268723179711
Merzenhausen,2021-07-16 21:00:00,1,,val,arima,0.338,0.3750376637451485
Merzenhausen,2021-07-16 22:00:00,1,,val,arima,0.338,0.3748485505809618
Merzenhausen,2021-07-16 23:00:00,1,,val,arima,0.335,0.374659532777301
Merzenhausen,2021-07-24 01:00:00,1,,val,arima,0.248,0.3744706102860806
Merzenhausen,2021-07-24 02:00:00,1,,val,arima,0.244,0.37428178305923904
Merzenhausen,2021-07-24 03:00:00,1,,val,arima,0.245,0.37409305104873924
Merzenhausen,2021-07-24 04:00:00,1,,val,arima,0.246,0.37390441420656817
Merzenhausen,2021-07-24 05:00:00,1,,val,arima,0.247,0.3737158724847372
Merzenhausen,2021-07-24 06:00:00,1,,val,arima,0.247,0.3735274258352817
Merzenhausen,2021-07-24 07:00:00,1,,val,arima,0.247,0.37333907421026136
Merzenhausen,2021-07-24 08:00:00,1,,val,arima,0.248,0.37315081756176005
Merzenhausen,2021-07-24 09:00:00,1,,val,arima,0.246,0.37296265584188565
Merzenhausen,2021-07-24 10:00:00,1,,val,arima,0.244,0.3727745890027704
Merzenhausen,2021-07-24 11:00:00,1,,val,arima,0.244,0.3725866169965704
Merzenhausen,2021-07-24 12:00:00,1,,val,arima,0.243,0.3723987397754662
Merzenhausen,2021-07-24 13:00:00,1,,val,arima,0.243,0.3722109572916623
Merzenhausen,2021-07-24 14:00:00,1,,val,arima,0.24,0.3720232694973873
Merzenhausen,2021-07-24 15:00:00,1,,val,arima,0.241,0.37183567634489384
Merzenhausen,2021-07-24 16:00:00,1,,val,arima,0.24,0.37164817778645876
Merzenhausen,2021-07-24 17:00:00,1,,val,arima,0.241,0.3714607737743828
Merzenhausen,2021-07-24 18:00:00,1,,val,arima,0.236,0.37127346426099095
Merzenhausen,2021-07-24 19:00:00,1,,val,arima,0.237,0.3710862491986321
Merzenhausen,2021-07-24 20:00:00,1,,val,arima,0.237,0.3708991285396792
Merzenhausen,2021-07-24 21:00:00,1,,val,arima,0.234,0.37071210223652934
Merzenhausen,2021-07-24 22:00:00,1,,val,arima,0.237,0.37052517024160336
Merzenhausen,2021-07-24 23:00:00,1,,val,arima,0.237,0.37033833250734627
Merzenhausen,2021-07-25 00:00:00,1,,val,arima,0.235,0.3701515889862271
Merzenhausen,2021-07-25 01:00:00,1,,val,arima,0.237,0.3699649396307386
Merzenhausen,2021-07-25 02:00:00,1,,val,arima,0.235,0.36977838439339783
Merzenhausen,2021-07-25 03:00:00,1,,val,arima,0.236,0.3695919232267455
Merzenhausen,2021-07-25 04:00:00,1,,val,arima,0.236,0.36940555608334635
Merzenhausen,2021-07-25 05:00:00,1,,val,arima,0.235,0.36921928291578915
Merzenhausen,2021-07-25 06:00:00,1,,val,arima,0.234,0.3690331036766864
Merzenhausen,2021-07-25 07:00:00,1,,val,arima,0.236,0.36884701831867456
Merzenhausen,2021-07-25 08:00:00,1,,val,arima,0.235,0.36866102679441404
Merzenhausen,2021-07-25 09:00:00,1,,val,arima,0.235,0.36847512905658897
Merzenhausen,2021-07-25 10:00:00,1,,val,arima,0.234,0.36828932505790757
Merzenhausen,2021-07-25 11:00:00,1,,val,arima,0.232,0.36810361475110165
Merzenhausen,2021-07-25 12:00:00,1,,val,arima,0.232,0.367917998088927
Merzenhausen,2021-07-25 13:00:00,1,,val,arima,0.23,0.3677324750241633
Merzenhausen,2021-07-25 14:00:00,1,,val,arima,0.229,0.3675470455096138
Merzenhausen,2021-07-25 15:00:00,1,,val,arima,0.23,0.3673617094981058
Merzenhausen,2021-07-25 16:00:00,1,,val,arima,0.23,0.3671764669424903
Merzenhausen,2021-07-25 17:00:00,1,,val,arima,0.23,0.366991317795642
Merzenhausen,2021-07-25 18:00:00,1,,val,arima,0.23,0.36680626201045946
Merzenhausen,2021-07-25 19:00:00,1,,val,arima,0.23,0.36662129953986494
Merzenhausen,2021-07-25 20:00:00,1,,val,arima,0.231,0.3664364303368045
Merzenhausen,2021-07-25 21:00:00,1,,val,arima,0.227,0.3662516543542478
Merzenhausen,2021-07-25 22:00:00,1,,val,arima,0.228,0.36606697154518836
Merzenhausen,2021-07-25 23:00:00,1,,val,arima,0.229,0.3658823818626433
Merzenhausen,2021-07-26 00:00:00,1,,val,arima,0.228,0.3656978852596535
Merzenhausen,2021-07-26 01:00:00,1,,val,arima,0.229,0.3655134816892835
Merzenhausen,2021-07-26 02:00:00,1,,val,arima,0.229,0.36532917110462143
Merzenhausen,2021-07-26 03:00:00,1,,val,arima,0.229,0.3651449534587792
Merzenhausen,2021-08-02 05:00:00,1,,val,arima,0.198,0.3649608287048923
Merzenhausen,2021-08-02 06:00:00,1,,val,arima,0.198,0.36477679679611985
Merzenhausen,2021-08-02 07:00:00,1,,val,arima,0.197,0.36459285768564453
Merzenhausen,2021-08-02 08:00:00,1,,val,arima,0.2,0.3644090113266728
Merzenhausen,2021-08-02 09:00:00,1,,val,arima,0.197,0.36422525767243463
Merzenhausen,2021-08-02 10:00:00,1,,val,arima,0.196,0.3640415966761834
Merzenhausen,2021-08-02 11:00:00,1,,val,arima,0.199,0.36385802829119634
Merzenhausen,2021-08-02 12:00:00,1,,val,arima,0.19350001,0.36367455247077407
Merzenhausen,2021-08-02 13:00:00,1,,val,arima,0.198,0.36349116916824087
Merzenhausen,2021-08-02 14:00:00,1,,val,arima,0.199,0.3633078783369444
Merzenhausen,2021-08-02 15:00:00,1,,val,arima,0.198,0.363124679930256
Merzenhausen,2021-08-02 16:00:00,1,,val,arima,0.2,0.3629415739015704
Merzenhausen,2021-08-02 17:00:00,1,,val,arima,0.2,0.3627585602043059
Merzenhausen,2021-08-02 18:00:00,1,,val,arima,0.1925,0.36257563879190435
Merzenhausen,2021-08-02 19:00:00,1,,val,arima,0.2,0.36239280961783094
Merzenhausen,2021-08-02 20:00:00,1,,val,arima,0.197,0.36221007263557436
Merzenhausen,2021-08-02 21:00:00,1,,val,arima,0.197,0.36202742779864683
Merzenhausen,2021-08-02 22:00:00,1,,val,arima,0.197,0.36184487506058394
Merzenhausen,2021-08-02 23:00:00,1,,val,arima,0.199,0.36166241437494473
Merzenhausen,2021-08-03 00:00:00,1,,val,arima,0.1925,0.3614800456953118
Merzenhausen,2021-08-03 01:00:00,1,,val,arima,0.198,0.36129776897529076
Merzenhausen,2021-08-03 02:00:00,1,,val,arima,0.2,0.3611155841685111
Merzenhausen,2021-08-03 03:00:00,1,,val,arima,0.193,0.36093349122862534
Merzenhausen,2021-08-03 04:00:00,1,,val,arima,0.19350001,0.3607514901093095
Merzenhausen,2021-08-03 05:00:00,1,,val,arima,0.2,0.36056958076426304
Merzenhausen,2021-08-03 06:00:00,1,,val,arima,0.198,0.3603877631472086
Merzenhausen,2021-08-03 07:00:00,1,,val,arima,0.2015,0.36020603721189226
Merzenhausen,2021-08-03 08:00:00,1,,val,arima,0.207,0.36002440291208343
Merzenhausen,2021-08-03 09:00:00,1,,val,arima,0.197,0.35984286020157474
Merzenhausen,2021-08-03 10:00:00,1,,val,arima,0.188,0.3596614090341822
Merzenhausen,2021-08-03 11:00:00,1,,val,arima,0.2,0.35948004936374517
Merzenhausen,2021-08-03 12:00:00,1,,val,arima,0.193,0.35929878114412606
Merzenhausen,2021-08-03 13:00:00,1,,val,arima,0.2,0.35911760432921086
Merzenhausen,2021-08-03 14:00:00,1,,val,arima,0.198,0.35893651887290856
Merzenhausen,2021-08-03 15:00:00,1,,val,arima,0.201,0.3587555247291514
Merzenhausen,2021-08-03 16:00:00,1,,val,arima,0.21000001,0.35857462185189504
Merzenhausen,2021-08-03 17:00:00,1,,val,arima,0.2,0.35839381019511823
Merzenhausen,2021-08-03 18:00:00,1,,val,arima,0.201,0.35821308971282295
Merzenhausen,2021-08-03 19:00:00,1,,val,arima,0.194,0.35803246035903424
Merzenhausen,2021-08-03 20:00:00,1,,val,arima,0.201,0.3578519220878006
Merzenhausen,2021-08-03 21:00:00,1,,val,arima,0.199,0.3576714748531935
Merzenhausen,2021-08-03 22:00:00,1,,val,arima,0.199,0.3574911186093076
Merzenhausen,2021-08-03 23:00:00,1,,val,arima,0.2,0.35731085331026075
Merzenhausen,2021-08-04 00:00:00,1,,val,arima,0.2,0.3571306789101939
Merzenhausen,2021-08-04 01:00:00,1,,val,arima,0.2,0.3569505953632711
Merzenhausen,2021-08-04 02:00:00,1,,val,arima,0.19350001,0.35677060262367966
Merzenhausen,2021-08-04 03:00:00,1,,val,arima,0.196,0.35659070064562975
Merzenhausen,2021-08-11 05:00:00,1,,val,arima,0.208,0.35641088938335486
Merzenhausen,2021-08-11 06:00:00,1,,val,arima,0.209,0.3562311687911114
Merzenhausen,2021-08-11 07:00:00,1,,val,arima,0.209,0.3560515388231789
Merzenhausen,2021-08-11 08:00:00,1,,val,arima,0.2345,0.35587199943386
Merzenhausen,2021-08-11 09:00:00,1,,val,arima,0.208,0.3556925505774803
Merzenhausen,2021-08-11 10:00:00,1,,val,arima,0.206,0.3555131922083884
Merzenhausen,2021-08-11 11:00:00,1,,val,arima,0.208,0.3553339242809561
Merzenhausen,2021-08-11 12:00:00,1,,val,arima,0.204,0.35515474674957803
Merzenhausen,2021-08-11 13:00:00,1,,val,arima,0.206,0.3549756595686719
Merzenhausen,2021-08-11 14:00:00,1,,val,arima,0.208,0.35479666269267834
Merzenhausen,2021-08-11 15:00:00,1,,val,arima,0.204,0.35461775607606105
Merzenhausen,2021-08-11 16:00:00,1,,val,arima,0.202,0.35443893967330664
Merzenhausen,2021-08-11 17:00:00,1,,val,arima,0.202,0.35426021343892466
Merzenhausen,2021-08-11 18:00:00,1,,val,arima,0.202,0.35408157732744755
Merzenhausen,2021-08-11 19:00:00,1,,val,arima,0.203,0.3539030312934308
Merzenhausen,2021-08-11 20:00:00,1,,val,arima,0.203,0.3537245752914527
Merzenhausen,2021-08-11 21:00:00,1,,val,arima,0.206,0.35354620927611446
Merzenhausen,2021-08-11 22:00:00,1,,val,arima,0.204,0.35336793320204035
Merzenhausen,2021-08-11 23:00:00,1,,val,arima,0.205,0.3531897470238773
Merzenhausen,2021-08-12 00:00:00,1,,val,arima,0.204,0.35301165069629514
Merzenhausen,2021-08-12 01:00:00,1,,val,arima,0.205,0.35283364417398677
Merzenhausen,2021-08-12 02:00:00,1,,val,arima,0.203,0.3526557274116676
Merzenhausen,2021-08-12 03:00:00,1,,val,arima,0.203,0.3524779003640762
Merzenhausen,2021-08-12 04:00:00,1,,val,arima,0.201,0.3523001629859738
Merzenhausen,2021-08-12 05:00:00,1,,val,arima,0.201,0.35212251523214433
Merzenhausen,2021-08-12 06:00:00,1,,val,arima,0.202,0.35194495705739476
Merzenhausen,2021-08-12 07:00:00,1,,val,arima,0.202,0.3517674884165547
Merzenhausen,2021-08-12 08:00:00,1,,val,arima,0.202,0.35159010926447665
Merzenhausen,2021-08-12 09:00:00,1,,val,arima,0.199,0.35141281955603565
Merzenhausen,2021-08-12 10:00:00,1,,val,arima,0.2,0.3512356192461298
Merzenhausen,2021-08-12 11:00:00,1,,val,arima,0.198,0.35105850828967966
Merzenhausen,2021-08-12 12:00:00,1,,val,arima,0.201,0.35088148664162877
Merzenhausen,2021-08-12 13:00:00,1,,val,arima,0.198,0.35070455425694325
Merzenhausen,2021-08-12 14:00:00,1,,val,arima,0.198,0.35052771109061187
Merzenhausen,2021-08-12 15:00:00,1,,val,arima,0.198,0.3503509570976462
Merzenhausen,2021-08-12 16:00:00,1,,val,arima,0.198,0.3501742922330805
Merzenhausen,2021-08-12 17:00:00,1,,val,arima,0.196,0.34999771645197164
Merzenhausen,2021-08-12 18:00:00,1,,val,arima,0.196,0.3498212297093992
Merzenhausen,2021-08-12 19:00:00,1,,val,arima,0.197,0.3496448319604655
Merzenhausen,2021-08-12 20:00:00,1,,val,arima,0.194,0.3494685231602952
Merzenhausen,2021-08-12 21:00:00,1,,val,arima,0.197,0.3492923032640359
Merzenhausen,2021-08-12 22:00:00,1,,val,arima,0.196,0.34911617222685765
Merzenhausen,2021-08-12 23:00:00,1,,val,arima,0.197,0.34894013000395324
Merzenhausen,2021-08-13 00:00:00,1,,val,arima,0.195,0.34876417655053793
Merzenhausen,2021-08-13 01:00:00,1,,val,arima,0.196,0.3485883118218496
Merzenhausen,2021-08-13 02:00:00,1,,val,arima,0.194,0.3484125357731487
Merzenhausen,2021-08-13 03:00:00,1,,val,arima,0.195,0.34823684835971824
Merzenhausen,2021-08-13 04:00:00,1,,val,arima,0.191,0.34806124953686385
Merzenhausen,2021-08-13 05:00:00,1,,val,arima,0.194,0.3478857392599136
Merzenhausen,2021-08-13 06:00:00,1,,val,arima,0.194,0.3477103174842181
Merzenhausen,2021-08-13 07:00:00,1,,val,arima,0.194,0.3475349841651505
Merzenhausen,2021-08-29 13:00:00,1,,val,arima,0.336,0.34735973925810637
Merzenhausen,2021-08-29 14:00:00,1,,val,arima,0.333,0.34718458271850394
Merzenhausen,2021-08-29 15:00:00,1,,val,arima,0.333,0.34700951450178386
Merzenhausen,2021-08-29 16:00:00,1,,val,arima,0.333,0.3468345345634091
Merzenhausen,2021-08-29 17:00:00,1,,val,arima,0.331,0.3466596428588653
Merzenhausen,2021-08-29 18:00:00,1,,val,arima,0.33,0.3464848393436605
Merzenhausen,2021-08-29 19:00:00,1,,val,arima,0.328,0.34631012397332495
Merzenhausen,2021-08-29 20:00:00,1,,val,arima,0.328,0.3461354967034116
Merzenhausen,2021-08-29 21:00:00,1,,val,arima,0.325,0.34596095748949574
Merzenhausen,2021-08-29 22:00:00,1,,val,arima,0.327,0.345786506287175
Merzenhausen,2021-08-29 23:00:00,1,,val,arima,0.325,0.34561214305206944
Merzenhausen,2021-08-30 00:00:00,1,,val,arima,0.323,0.3454378677398215
Merzenhausen,2021-08-30 01:00:00,1,,val,arima,0.322,0.34526368030609594
Merzenhausen,2021-08-30 02:00:00,1,,val,arima,0.323,0.34508958070657997
Merzenhausen,2021-08-30 03:00:00,1,,val,arima,0.32,0.34491556889698305
Merzenhausen,2021-08-30 04:00:00,1,,val,arima,0.319,0.34474164483303704
Merzenhausen,2021-08-30 05:00:00,1,,val,arima,0.32,0.3445678084704961
Merzenhausen,2021-08-30 06:00:00,1,,val,arima,0.317,0.3443940597651367
Merzenhausen,2021-08-30 07:00:00,1,,val,arima,0.319,0.3442203986727576
Merzenhausen,2021-08-30 08:00:00,1,,val,arima,0.32,0.34404682514917984
Merzenhausen,2021-08-30 09:00:00,1,,val,arima,0.317,0.34387333915024676
Merzenhausen,2021-08-30 10:00:00,1,,val,arima,0.317,0.34369994063182396
Merzenhausen,2021-08-30 11:00:00,1,,val,arima,0.317,0.3435266295497993
Merzenhausen,2021-08-30 12:00:00,1,,val,arima,0.317,0.3433534058600829
Merzenhausen,2021-08-30 13:00:00,1,,val,arima,0.314,0.34318026951860703
Merzenhausen,2021-08-30 14:00:00,1,,val,arima,0.314,0.3430072204813263
Merzenhausen,2021-08-30 15:00:00,1,,val,arima,0.312,0.34283425870421746
Merzenhausen,2021-08-30 16:00:00,1,,val,arima,0.313,0.34266138414327946
Merzenhausen,2021-08-30 17:00:00,1,,val,arima,0.31,0.34248859675453347
Merzenhausen,2021-08-30 18:00:00,1,,val,arima,0.312,0.3423158964940227
Merzenhausen,2021-08-30 19:00:00,1,,val,arima,0.313,0.34214328331781285
Merzenhausen,2021-08-30 20:00:00,1,,val,arima,0.312,0.3419707571819913
Merzenhausen,2021-08-30 21:00:00,1,,val,arima,0.309,0.34179831804266814
Merzenhausen,2021-08-30 22:00:00,1,,val,arima,0.31,0.34162596585597504
Merzenhausen,2021-08-30 23:00:00,1,,val,arima,0.309,0.3414537005780661
Merzenhausen,2021-08-31 00:00:00,1,,val,arima,0.309,0.3412815221651176
Merzenhausen,2021-08-31 01:00:00,1,,val,arima,0.309,0.34110943057332754
Merzenhausen,2021-08-31 02:00:00,1,,val,arima,0.306,0.3409374257589165
Merzenhausen,2021-08-31 03:00:00,1,,val,arima,0.307,0.34076550767812674
Merzenhausen,2021-08-31 04:00:00,1,,val,arima,0.304,0.3405936762872228
Merzenhausen,2021-08-31 05:00:00,1,,val,arima,0.304,0.3404219315424912
Merzenhausen,2021-08-31 06:00:00,1,,val,arima,0.304,0.3402502734002404
Merzenhausen,2021-08-31 07:00:00,1,,val,arima,0.306,0.34007870181680117
Merzenhausen,2021-08-31 08:00:00,1,,val,arima,0.305,0.33990721674852603
Merzenhausen,2021-08-31 09:00:00,1,,val,arima,0.302,0.33973581815178966
Merzenhausen,2021-08-31 10:00:00,1,,val,arima,0.304,0.33956450598298865
Merzenhausen,2021-08-31 11:00:00,1,,val,arima,0.301,0.33939328019854165
Merzenhausen,2021-08-31 12:00:00,1,,val,arima,0.302,0.3392221407548892
Merzenhausen,2021-08-31 13:00:00,1,,val,arima,0.299,0.3390510876084939
Merzenhausen,2021-08-31 14:00:00,1,,val,arima,0.299,0.3388801207158403
Merzenhausen,2021-08-31 15:00:00,1,,val,arima,0.297,0.3387092400334347
Merzenhausen,2021-09-16 09:00:00,1,,val,arima,0.162,0.3385384455178057
Merzenhausen,2021-09-16 10:00:00,1,,val,arima,0.164,0.3383677371255035
Merzenhausen,2021-09-16 11:00:00,1,,val,arima,0.163,0.3381971148131002
Merzenhausen,2021-09-16 12:00:00,1,,val,arima,0.163,0.33802657853719015
Merzenhausen,2021-09-16 13:00:00,1,,val,arima,0.162,0.3378561282543892
Merzenhausen,2021-09-16 14:00:00,1,,val,arima,0.162,0.3376857639213352
Merzenhausen,2021-09-16 15:00:00,1,,val,arima,0.162,0.337515485494688
Merzenhausen,2021-09-16 16:00:00,1,,val,arima,0.162,0.33734529293112914
Merzenhausen,2021-09-16 17:00:00,1,,val,arima,0.16,0.3371751861873621
Merzenhausen,2021-09-16 18:00:00,1,,val,arima,0.163,0.33700516522011204
Merzenhausen,2021-09-16 19:00:00,1,,val,arima,0.161,0.3368352299861262
Merzenhausen,2021-09-16 20:00:00,1,,val,arima,0.158,0.3366653804421734
Merzenhausen,2021-09-16 21:00:00,1,,val,arima,0.159,0.3364956165450444
Merzenhausen,2021-09-16 22:00:00,1,,val,arima,0.161,0.33632593825155166
Merzenhausen,2021-09-16 23:00:00,1,,val,arima,0.16,0.33615634551852946
Merzenhausen,2021-09-17 00:00:00,1,,val,arima,0.158,0.33598683830283377
Merzenhausen,2021-09-17 01:00:00,1,,val,arima,0.16350001,0.33581741656134245
Merzenhausen,2021-09-17 02:00:00,1,,val,arima,0.159,0.33564808025095505
Merzenhausen,2021-09-17 03:00:00,1,,val,arima,0.159,0.3354788293285928
Merzenhausen,2021-09-17 04:00:00,1,,val,arima,0.159,0.3353096637511987
Merzenhausen,2021-09-17 05:00:00,1,,val,arima,0.159,0.3351405834757375
Merzenhausen,2021-09-17 06:00:00,1,,val,arima,0.157,0.3349715884591955
Merzenhausen,2021-09-17 07:00:00,1,,val,arima,0.159,0.3348026786585809
Merzenhausen,2021-09-17 08:00:00,1,,val,arima,0.159,0.3346338540309234
Merzenhausen,2021-09-17 09:00:00,1,,val,arima,0.158,0.3344651145332745
Merzenhausen,2021-09-17 10:00:00,1,,val,arima,0.158,0.3342964601227072
Merzenhausen,2021-09-17 11:00:00,1,,val,arima,0.161,0.3341278907563164
Merzenhausen,2021-09-17 12:00:00,1,,val,arima,0.161,0.33395940639121835
Merzenhausen,2021-09-17 13:00:00,1,,val,arima,0.161,0.3337910069845511
Merzenhausen,2021-09-17 14:00:00,1,,val,arima,0.157,0.3336226924934742
Merzenhausen,2021-09-17 15:00:00,1,,val,arima,0.157,0.333454462875169
Merzenhausen,2021-09-17 16:00:00,1,,val,arima,0.157,0.3332863180868382
Merzenhausen,2021-09-17 17:00:00,1,,val,arima,0.154,0.3331182580857062
Merzenhausen,2021-09-17 18:00:00,1,,val,arima,0.159,0.33295028282901906
Merzenhausen,2021-09-17 19:00:00,1,,val,arima,0.159,0.33278239227404416
Merzenhausen,2021-09-17 20:00:00,1,,val,arima,0.157,0.3326145863780706
Merzenhausen,2021-09-17 21:00:00,1,,val,arima,0.154,0.33244686509840915
Merzenhausen,2021-09-17 22:00:00,1,,val,arima,0.156,0.3322792283923917
Merzenhausen,2021-09-17 23:00:00,1,,val,arima,0.156,0.33211167621737203
Merzenhausen,2021-09-18 00:00:00,1,,val,arima,0.155,0.33194420853072526
Merzenhausen,2021-09-18 01:00:00,1,,val,arima,0.155,0.331776825289848
Merzenhausen,2021-09-18 02:00:00,1,,val,arima,0.156,0.3316095264521584
Merzenhausen,2021-09-18 03:00:00,1,,val,arima,0.154,0.3314423119750961
Merzenhausen,2021-09-18 04:00:00,1,,val,arima,0.155,0.3312751818161221
Merzenhausen,2021-09-18 05:00:00,1,,val,arima,0.155,0.3311081359327189
Merzenhausen,2021-09-18 06:00:00,1,,val,arima,0.152,0.3309411742823905
Merzenhausen,2021-09-18 07:00:00,1,,val,arima,0.152,0.33077429682266224
Merzenhausen,2021-09-25 09:00:00,1,,val,arima,0.139,0.3306075035110809
Merzenhausen,2021-09-25 10:00:00,1,,val,arima,0.13800001,0.3304407943052148
Merzenhausen,2021-09-25 11:00:00,1,,val,arima,0.141,0.3302741691626534
Merzenhausen,2021-09-25 12:00:00,1,,val,arima,0.14,0.33010762804100774
Merzenhausen,2021-09-25 13:00:00,1,,val,arima,0.14,0.3299411708979102
Merzenhausen,2021-09-25 14:00:00,1,,val,arima,0.14,0.3297747976910145
Merzenhausen,2021-09-25 15:00:00,1,,val,arima,0.142,0.3296085083779956
Merzenhausen,2021-09-25 16:00:00,1,,val,arima,0.14,0.3294423029165501
Merzenhausen,2021-09-25 17:00:00,1,,val,arima,0.141,0.32927618126439556
Merzenhausen,2021-09-25 18:00:00,1,,val,arima,0.143,0.32911014337927125
Merzenhausen,2021-09-25 19:00:00,1,,val,arima,0.139,0.32894418921893737
Merzenhausen,2021-09-25 20:00:00,1,,val,arima,0.14,0.3287783187411757
Merzenhausen,2021-09-25 21:00:00,1,,val,arima,0.14,0.32861253190378925
Merzenhausen,2021-09-25 22:00:00,1,,val,arima,0.141,0.3284468286646021
Merzenhausen,2021-09-25 23:00:00,1,,val,arima,0.139,0.32828120898145996
Merzenhausen,2021-09-26 00:00:00,1,,val,arima,0.142,0.3281156728122295
Merzenhausen,2021-09-26 01:00:00,1,,val,arima,0.139,0.3279502201147987
Merzenhausen,2021-09-26 02:00:00,1,,val,arima,0.14,0.32778485084707687
Merzenhausen,2021-09-26 03:00:00,1,,val,arima,0.14,0.3276195649669945
Merzenhausen,2021-09-26 04:00:00,1,,val,arima,0.14,0.32745436243250325
Merzenhausen,2021-09-26 05:00:00,1,,val,arima,0.138,0.32728924320157604
Merzenhausen,2021-09-26 06:00:00,1,,val,arima,0.138,0.32712420723220687
Merzenhausen,2021-09-26 07:00:00,1,,val,arima,0.141,0.3269592544824111
Merzenhausen,2021-09-26 08:00:00,1,,val,arima,0.141,0.32679438491022506
Merzenhausen,2021-09-26 09:00:00,1,,val,arima,0.136,0.3266295984737065
Merzenhausen,2021-09-26 10:00:00,1,,val,arima,0.139,0.326464895130934
Merzenhausen,2021-09-26 11:00:00,1,,val,arima,0.137,0.32630027484000756
Merzenhausen,2021-09-26 12:00:00,1,,val,arima,0.138,0.32613573755904823
Merzenhausen,2021-09-26 13:00:00,1,,val,arima,0.14,0.32597128324619795
Merzenhausen,2021-09-26 14:00:00,1,,val,arima,0.143,0.3258069118596202
Merzenhausen,2021-09-26 15:00:00,1,,val,arima,0.141,0.3256426233574991
Merzenhausen,2021-09-26 16:00:00,1,,val,arima,0.141,0.3254784176980402
Merzenhausen,2021-09-26 17:00:00,1,,val,arima,0.143,0.32531429483946994
Merzenhausen,2021-09-26 18:00:00,1,,val,arima,0.139,0.3251502547400359
Merzenhausen,2021-09-26 19:00:00,1,,val,arima,0.142,0.32498629735800666
Merzenhausen,2021-09-26 20:00:00,1,,val,arima,0.138,0.32482242265167194
Merzenhausen,2021-09-26 21:00:00,1,,val,arima,0.139,0.3246586305793424
Merzenhausen,2021-09-26 22:00:00,1,,val,arima,0.142,0.32449492109934974
Merzenhausen,2021-09-26 23:00:00,1,,val,arima,0.14,0.3243312941700467
Merzenhausen,2021-09-27 00:00:00,1,,val,arima,0.138,0.32416774974980694
Merzenhausen,2021-09-27 01:00:00,1,,val,arima,0.139,0.3240042877970252
Merzenhausen,2021-09-27 02:00:00,1,,val,arima,0.1355,0.32384090827011724
Merzenhausen,2021-09-27 03:00:00,1,,val,arima,0.137,0.3236776111275197
Merzenhausen,2021-10-18 01:00:00,1,,val,arima,0.161,0.3235143963276901
Merzenhausen,2021-10-18 02:00:00,1,,val,arima,0.152,0.32335126382910706
Merzenhausen,2021-10-18 03:00:00,1,,val,arima,0.1565,0.32318821359027017
Merzenhausen,2021-10-18 04:00:00,1,,val,arima,0.16499999,0.3230252455696997
Merzenhausen,2021-10-18 05:00:00,1,,val,arima,0.158,0.32286235972593713
Merzenhausen,2021-10-18 06:00:00,1,,val,arima,0.158,0.32269955601754463
Merzenhausen,2021-10-18 07:00:00,1,,val,arima,0.15349999,0.32253683440310543
Merzenhausen,2021-10-18 08:00:00,1,,val,arima,0.16,0.3223741948412235
Merzenhausen,2021-10-18 09:00:00,1,,val,arima,0.169,0.32221163729052377
Merzenhausen,2021-10-18 10:00:00,1,,val,arima,0.159,0.322049161709652
Merzenhausen,2021-10-18 11:00:00,1,,val,arima,0.1555,0.3218867680572748
Merzenhausen,2021-10-18 12:00:00,1,,val,arima,0.1555,0.3217244562920796
Merzenhausen,2021-10-18 13:00:00,1,,val,arima,0.15349999,0.32156222637277476
Merzenhausen,2021-10-18 14:00:00,1,,val,arima,0.15650001,0.3214000782580894
Merzenhausen,2021-10-18 15:00:00,1,,val,arima,0.163,0.3212380119067734
Merzenhausen,2021-10-18 16:00:00,1,,val,arima,0.163,0.3210760272775976
Merzenhausen,2021-10-18 17:00:00,1,,val,arima,0.163,0.3209141243293534
Merzenhausen,2021-10-18 18:00:00,1,,val,arima,0.159,0.3207523030208531
Merzenhausen,2021-10-18 19:00:00,1,,val,arima,0.164,0.32059056331092983
Merzenhausen,2021-10-18 20:00:00,1,,val,arima,0.164,0.32042890515843736
Merzenhausen,2021-10-18 21:00:00,1,,val,arima,0.164,0.3202673285222503
Merzenhausen,2021-10-18 22:00:00,1,,val,arima,0.164,0.32010583336126397
Merzenhausen,2021-10-18 23:00:00,1,,val,arima,0.164,0.31994441963439435
Merzenhausen,2021-10-19 00:00:00,1,,val,arima,0.164,0.31978308730057825
Merzenhausen,2021-10-19 01:00:00,1,,val,arima,0.164,0.3196218363187731
Merzenhausen,2021-10-19 02:00:00,1,,val,arima,0.161,0.31946066664795714
Merzenhausen,2021-10-19 03:00:00,1,,val,arima,0.165,0.31929957824712907
Merzenhausen,2021-10-19 04:00:00,1,,val,arima,0.162,0.3191385710753085
Merzenhausen,2021-10-19 05:00:00,1,,val,arima,0.163,0.3189776450915356
Merzenhausen,2021-10-19 06:00:00,1,,val,arima,0.163,0.31881680025487125
Merzenhausen,2021-10-19 07:00:00,1,,val,arima,0.164,0.3186560365243968
Merzenhausen,2021-10-19 08:00:00,1,,val,arima,0.161,0.31849535385921446
Merzenhausen,2021-10-19 09:00:00,1,,val,arima,0.161,0.318334752218447
Merzenhausen,2021-10-19 10:00:00,1,,val,arima,0.161,0.31817423156123764
Merzenhausen,2021-10-19 11:00:00,1,,val,arima,0.164,0.31801379184675044
Merzenhausen,2021-10-19 12:00:00,1,,val,arima,0.164,0.3178534330341699
Merzenhausen,2021-10-19 13:00:00,1,,val,arima,0.1725,0.31769315508270113
Merzenhausen,2021-10-19 14:00:00,1,,val,arima,0.194,0.3175329579515699
Merzenhausen,2021-10-19 15:00:00,1,,val,arima,0.195,0.3173728416000223
Merzenhausen,2021-10-19 16:00:00,1,,val,arima,0.198,0.3172128059873253
Merzenhausen,2021-10-19 17:00:00,1,,val,arima,0.198,0.3170528510727662
Merzenhausen,2021-10-19 18:00:00,1,,val,arima,0.196,0.31689297681565287
Merzenhausen,2021-10-19 19:00:00,1,,val,arima,0.145,0.3167331831753136
Merzenhausen,2021-10-19 20:00:00,1,,val,arima,0.196,0.3165734701110975
Merzenhausen,2021-10-19 21:00:00,1,,val,arima,0.149,0.31641383758237374
Merzenhausen,2021-10-19 22:00:00,1,,val,arima,0.1725,0.31625428554853235
Merzenhausen,2021-10-19 23:00:00,1,,val,arima,0.19600001,0.31609481396898365
Merzenhausen,2021-10-20 00:00:00,1,,val,arima,0.17199999,0.31593542280315845
Merzenhausen,2021-10-20 01:00:00,1,,val,arima,0.2225,0.31577611201050815
Merzenhausen,2021-10-20 02:00:00,1,,val,arima,0.198,0.3156168815505044
Merzenhausen,2021-10-20 03:00:00,1,,val,arima,0.1725,0.31545773138263933
Merzenhausen,2021-10-20 04:00:00,1,,val,arima,0.247,0.3152986614664256
Merzenhausen,2021-10-20 05:00:00,1,,val,arima,0.198,0.31513967176139623
Merzenhausen,2021-10-20 06:00:00,1,,val,arima,0.199,0.3149807622271046
Merzenhausen,2021-10-20 07:00:00,1,,val,arima,0.199,0.31482193282312454
Merzenhausen,2021-10-20 08:00:00,1,,val,arima,0.19749999,0.31466318350905026
Merzenhausen,2021-10-20 09:00:00,1,,val,arima,0.201,0.3145045142444963
Merzenhausen,2021-10-20 10:00:00,1,,val,arima,0.17300001,0.31434592498909775
Merzenhausen,2021-10-20 11:00:00,1,,val,arima,0.15,0.31418741570250974
Merzenhausen,2021-10-20 12:00:00,1,,val,arima,0.199,0.3140289863444079
Merzenhausen,2021-10-20 13:00:00,1,,val,arima,0.244,0.3138706368744883
Merzenhausen,2021-10-20 14:00:00,1,,val,arima,0.155,0.3137123672524672
Merzenhausen,2021-10-20 15:00:00,1,,val,arima,0.202,0.3135541774380811
Merzenhausen,2021-10-20 16:00:00,1,,val,arima,0.202,0.3133960673910871
Merzenhausen,2021-10-20 17:00:00,1,,val,arima,0.199,0.3132380370712623
Merzenhausen,2021-10-20 18:00:00,1,,val,arima,0.203,0.3130800864384042
Merzenhausen,2021-10-20 19:00:00,1,,val,arima,0.2225,0.31292221545233045
Merzenhausen,2021-10-20 20:00:00,1,,val,arima,0.202,0.3127644240728793
Merzenhausen,2021-10-20 21:00:00,1,,val,arima,0.202,0.3126067122599088
Merzenhausen,2021-10-20 22:00:00,1,,val,arima,0.2225,0.3124490799732976
Merzenhausen,2021-10-20 23:00:00,1,,val,arima,0.202,0.3122915271729444
Merzenhausen,2021-10-21 00:00:00,1,,val,arima,0.221,0.31213405381876813
Merzenhausen,2021-10-21 01:00:00,1,,val,arima,0.202,0.311976659870708
Merzenhausen,2021-10-21 02:00:00,1,,val,arima,0.221,0.31181934528872335
Merzenhausen,2021-10-21 03:00:00,1,,val,arima,0.1995,0.31166211003279387
Merzenhausen,2021-10-21 04:00:00,1,,val,arima,0.204,0.31150495406291917
Merzenhausen,2021-10-21 05:00:00,1,,val,arima,0.204,0.31134787733911923
Merzenhausen,2021-10-21 06:00:00,1,,val,arima,0.204,0.3111908798214341
Merzenhausen,2021-10-21 07:00:00,1,,val,arima,0.2215,0.311033961469924
Merzenhausen,2021-10-21 08:00:00,1,,val,arima,0.203,0.31087712224466935
Merzenhausen,2021-10-21 09:00:00,1,,val,arima,0.22049999,0.3107203621057706
Merzenhausen,2021-10-21 10:00:00,1,,val,arima,0.1985,0.3105636810133484
Merzenhausen,2021-10-21 11:00:00,1,,val,arima,0.2225,0.3104070789275435
Merzenhausen,2021-10-21 12:00:00,1,,val,arima,0.1975,0.3102505558085166
Merzenhausen,2021-10-21 13:00:00,1,,val,arima,0.199,0.31009411161644873
Merzenhausen,2021-10-21 14:00:00,1,,val,arima,0.22049999,0.30993774631154086
Merzenhausen,2021-10-21 15:00:00,1,,val,arima,0.22,0.309781459854014
Merzenhausen,2021-10-21 16:00:00,1,,val,arima,0.198,0.3096252522041093
Merzenhausen,2021-10-21 17:00:00,1,,val,arima,0.2215,0.309469123322088
Merzenhausen,2021-10-21 18:00:00,1,,val,arima,0.203,0.3093130731682312
Merzenhausen,2021-10-21 19:00:00,1,,val,arima,0.22150001,0.30915710170284016
Merzenhausen,2021-10-21 20:00:00,1,,val,arima,0.203,0.30900120888623617
Merzenhausen,2021-10-21 21:00:00,1,,val,arima,0.236,0.3088453946787605
Merzenhausen,2021-10-21 22:00:00,1,,val,arima,0.204,0.3086896590407743
Merzenhausen,2021-10-21 23:00:00,1,,val,arima,0.204,0.3085340019326589
Merzenhausen,2021-10-22 00:00:00,1,,val,arima,0.205,0.3083784233148156
Merzenhausen,2021-10-22 01:00:00,1,,val,arima,0.204,0.3082229231476654
Merzenhausen,2021-10-22 02:00:00,1,,val,arima,0.202,0.3080675013916496
Merzenhausen,2021-10-22 03:00:00,1,,val,arima,0.204,0.30791215800722926
Merzenhausen,2021-10-22 04:00:00,1,,val,arima,0.205,0.3077568929548854
Merzenhausen,2021-10-22 05:00:00,1,,val,arima,0.205,0.307601706195119
Merzenhausen,2021-10-22 06:00:00,1,,val,arima,0.205,0.30744659768845095
Merzenhausen,2021-10-22 07:00:00,1,,val,arima,0.219,0.307291567395422
Merzenhausen,2021-10-22 08:00:00,1,,val,arima,0.206,0.30713661527659286
Merzenhausen,2021-10-22 09:00:00,1,,val,arima,0.205,0.3069817412925441
Merzenhausen,2021-10-22 10:00:00,1,,val,arima,0.218,0.3068269454038761
Merzenhausen,2021-10-22 11:00:00,1,,val,arima,0.203,0.3066722275712093
Merzenhausen,2021-10-22 12:00:00,1,,val,arima,0.21849999,0.30651758775518384
Merzenhausen,2021-10-22 13:00:00,1,,val,arima,0.204,0.3063630259164597
Merzenhausen,2021-10-22 14:00:00,1,,val,arima,0.201,0.30620854201571673
Merzenhausen,2021-10-22 15:00:00,1,,val,arima,0.235,0.3060541360136546
Merzenhausen,2021-10-22 16:00:00,1,,val,arima,0.22049999,0.3058998078709929
Merzenhausen,2021-10-22 17:00:00,1,,val,arima,0.206,0.3057455575484709
Merzenhausen,2021-10-22 18:00:00,1,,val,arima,0.206,0.3055913850068477
Merzenhausen,2021-10-22 19:00:00,1,,val,arima,0.206,0.3054372902069022
Merzenhausen,2021-10-22 20:00:00,1,,val,arima,0.234,0.30528327310943304
Merzenhausen,2021-10-22 21:00:00,1,,val,arima,0.204,0.3051293336752587
Merzenhausen,2021-10-22 22:00:00,1,,val,arima,0.219,0.30497547186521734
Merzenhausen,2021-10-22 23:00:00,1,,val,arima,0.205,0.3048216876401669
Merzenhausen,2021-10-23 00:00:00,1,,val,arima,0.2175,0.30466798096098513
Merzenhausen,2021-10-23 01:00:00,1,,val,arima,0.205,0.30451435178856934
Merzenhausen,2021-10-23 02:00:00,1,,val,arima,0.21700001,0.3043608000838367
Merzenhausen,2021-10-23 03:00:00,1,,val,arima,0.206,0.30420732580772414
Merzenhausen,2021-10-23 04:00:00,1,,val,arima,0.206,0.304053928921188
Merzenhausen,2021-10-23 05:00:00,1,,val,arima,0.206,0.3039006093852047
Merzenhausen,2021-10-23 06:00:00,1,,val,arima,0.203,0.30374736716077
Merzenhausen,2021-10-23 07:00:00,1,,val,arima,0.204,0.30359420220889943
Merzenhausen,2021-10-23 08:00:00,1,,val,arima,0.204,0.3034411144906284
Merzenhausen,2021-10-23 09:00:00,1,,val,arima,0.2155,0.30328810396701156
Merzenhausen,2021-10-23 10:00:00,1,,val,arima,0.215,0.3031351705991236
Merzenhausen,2021-10-23 11:00:00,1,,val,arima,0.205,0.30298231434805856
Merzenhausen,2021-10-23 12:00:00,1,,val,arima,0.207,0.30282953517493016
Merzenhausen,2021-10-23 13:00:00,1,,val,arima,0.21700001,0.3026768330408719
Merzenhausen,2021-10-23 14:00:00,1,,val,arima,0.206,0.3025242079070366
Merzenhausen,2021-10-23 15:00:00,1,,val,arima,0.2155,0.3023716597345969
Merzenhausen,2021-10-23 16:00:00,1,,val,arima,0.215,0.3022191884847449
Merzenhausen,2021-10-23 17:00:00,1,,val,arima,0.203,0.3020667941186923
Merzenhausen,2021-10-23 18:00:00,1,,val,arima,0.206,0.30191447659767034
Merzenhausen,2021-10-23 19:00:00,1,,val,arima,0.206,0.3017622358829299
Merzenhausen,2021-10-23 20:00:00,1,,val,arima,0.206,0.3016100719357412
Merzenhausen,2021-10-23 21:00:00,1,,val,arima,0.206,0.3014579847173942
Merzenhausen,2021-10-23 22:00:00,1,,val,arima,0.206,0.30130597418919836
Merzenhausen,2021-10-23 23:00:00,1,,val,arima,0.218,0.3011540403124824
Merzenhausen,2021-10-24 00:00:00,1,,val,arima,0.206,0.30100218304859494
Merzenhausen,2021-10-24 01:00:00,1,,val,arima,0.2165,0.3008504023589037
Merzenhausen,2021-10-24 02:00:00,1,,val,arima,0.206,0.3006986982047961
Merzenhausen,2021-10-24 03:00:00,1,,val,arima,0.206,0.30054707054767904
Merzenhausen,2021-10-24 04:00:00,1,,val,arima,0.2175,0.3003955193489788
Merzenhausen,2021-10-24 05:00:00,1,,val,arima,0.206,0.3002440445701411
Merzenhausen,2021-10-24 06:00:00,1,,val,arima,0.206,0.3000926461726312
Merzenhausen,2021-10-24 07:00:00,1,,val,arima,0.206,0.2999413241179337
Merzenhausen,2021-10-24 08:00:00,1,,val,arima,0.2175,0.29979007836755267
Merzenhausen,2021-10-24 09:00:00,1,,val,arima,0.205,0.2996389088830115
Merzenhausen,2021-10-24 10:00:00,1,,val,arima,0.205,0.29948781562585314
Merzenhausen,2021-10-24 11:00:00,1,,val,arima,0.173,0.29933679855763984
Merzenhausen,2021-10-24 12:00:00,1,,val,arima,0.2195,0.2991858576399532
Merzenhausen,2021-10-24 13:00:00,1,,val,arima,0.21900001,0.2990349928343942
Merzenhausen,2021-10-24 14:00:00,1,,val,arima,0.2025,0.2988842041025833
Merzenhausen,2021-10-24 15:00:00,1,,val,arima,0.209,0.2987334914061602
Merzenhausen,2021-10-24 16:00:00,1,,val,arima,0.2185,0.2985828547067839
Merzenhausen,2021-10-24 17:00:00,1,,val,arima,0.209,0.2984322939661329
Merzenhausen,2021-10-24 18:00:00,1,,val,arima,0.209,0.29828180914590485
Merzenhausen,2021-10-24 19:00:00,1,,val,arima,0.20199999,0.2981314002078168
Merzenhausen,2021-10-24 20:00:00,1,,val,arima,0.207,0.29798106711360517
Merzenhausen,2021-10-24 21:00:00,1,,val,arima,0.207,0.2978308098250255
Merzenhausen,2021-10-24 22:00:00,1,,val,arima,0.2165,0.29768062830385283
Merzenhausen,2021-10-24 23:00:00,1,,val,arima,0.207,0.2975305225118813
Merzenhausen,2021-10-25 00:00:00,1,,val,arima,0.201,0.29738049241092435
Merzenhausen,2021-10-25 01:00:00,1,,val,arima,0.207,0.29723053796281473
Merzenhausen,2021-10-25 02:00:00,1,,val,arima,0.21700001,0.2970806591294044
Merzenhausen,2021-10-25 03:00:00,1,,val,arima,0.207,0.2969308558725645
Merzenhausen,2021-10-25 04:00:00,1,,val,arima,0.207,0.29678112815418556
Merzenhausen,2021-10-25 05:00:00,1,,val,arima,0.21700001,0.2966314759361772
Merzenhausen,2021-10-25 06:00:00,1,,val,arima,0.207,0.2964818991804683
Merzenhausen,2021-10-25 07:00:00,1,,val,arima,0.21700001,0.2963323978490068
Merzenhausen,2021-10-25 08:00:00,1,,val,arima,0.21700001,0.29618297190376003
Merzenhausen,2021-10-25 09:00:00,1,,val,arima,0.207,0.2960336213067144
Merzenhausen,2021-10-25 10:00:00,1,,val,arima,0.227,0.29588434601987545
Merzenhausen,2021-10-25 11:00:00,1,,val,arima,0.209,0.29573514600526796
Merzenhausen,2021-10-25 12:00:00,1,,val,arima,0.208,0.2955860212249358
Merzenhausen,2021-10-25 13:00:00,1,,val,arima,0.2175,0.29543697164094207
Merzenhausen,2021-10-25 14:00:00,1,,val,arima,0.208,0.29528799721536886
Merzenhausen,2021-10-25 15:00:00,1,,val,arima,0.207,0.29513909791031745
Merzenhausen,2021-10-25 16:00:00,1,,val,arima,0.207,0.2949902736879083
Merzenhausen,2021-10-25 17:00:00,1,,val,arima,0.207,0.2948415245102808
Merzenhausen,2021-10-25 18:00:00,1,,val,arima,0.208,0.2946928503395936
Merzenhausen,2021-10-25 19:00:00,1,,val,arima,0.2175,0.29454425113802435
Merzenhausen,2021-10-25 20:00:00,1,,val,arima,0.209,0.2943957268677698
Merzenhausen,2021-10-25 21:00:00,1,,val,arima,0.20050001,0.2942472774910458
Merzenhausen,2021-10-25 22:00:00,1,,val,arima,0.207,0.29409890297008706
Merzenhausen,2021-10-25 23:00:00,1,,val,arima,0.208,0.2939506032671476
Merzenhausen,2021-10-26 00:00:00,1,,val,arima,0.205,0.2938023783445003
Merzenhausen,2021-10-26 01:00:00,1,,val,arima,0.206,0.29365422816443715
Merzenhausen,2021-10-26 02:00:00,1,,val,arima,0.206,0.29350615268926905
Merzenhausen,2021-10-26 03:00:00,1,,val,arima,0.204,0.2933581518813261
Merzenhausen,2021-10-26 04:00:00,1,,val,arima,0.206,0.29321022570295713
Merzenhausen,2021-10-26 05:00:00,1,,val,arima,0.207,0.29306237411653013
Merzenhausen,2021-10-26 06:00:00,1,,val,arima,0.209,0.29291459708443207
Merzenhausen,2021-10-26 07:00:00,1,,val,arima,0.209,0.2927668945690688
Merzenhausen,2021-10-26 08:00:00,1,,val,arima,0.206,0.29261926653286524
Merzenhausen,2021-10-26 09:00:00,1,,val,arima,0.206,0.2924717129382651
Merzenhausen,2021-10-26 10:00:00,1,,val,arima,0.207,0.2923242337477312
Merzenhausen,2021-10-26 11:00:00,1,,val,arima,0.204,0.2921768289237452
Merzenhausen,2021-10-26 12:00:00,1,,val,arima,0.206,0.2920294984288076
Merzenhausen,2021-10-26 13:00:00,1,,val,arima,0.206,0.29188224222543796
Merzenhausen,2021-10-26 14:00:00,1,,val,arima,0.208,0.2917350602761747
Merzenhausen,2021-10-26 15:00:00,1,,val,arima,0.207,0.291587952543575
Merzenhausen,2021-10-26 16:00:00,1,,val,arima,0.207,0.2914409189902151
Merzenhausen,2021-10-26 17:00:00,1,,val,arima,0.207,0.2912939595786901
Merzenhausen,2021-10-26 18:00:00,1,,val,arima,0.207,0.29114707427161374
Merzenhausen,2021-10-26 19:00:00,1,,val,arima,0.208,0.29100026303161886
Merzenhausen,2021-10-26 20:00:00,1,,val,arima,0.208,0.29085352582135704
Merzenhausen,2021-10-26 21:00:00,1,,val,arima,0.206,0.2907068626034987
Merzenhausen,2021-10-26 22:00:00,1,,val,arima,0.205,0.2905602733407331
Merzenhausen,2021-10-26 23:00:00,1,,val,arima,0.206,0.29041375799576824
Merzenhausen,2021-10-27 00:00:00,1,,val,arima,0.212,0.2902673165313311
Merzenhausen,2021-10-27 01:00:00,1,,val,arima,0.203,0.29012094891016726
Merzenhausen,2021-10-27 02:00:00,1,,val,arima,0.203,0.28997465509504117
Merzenhausen,2021-10-27 03:00:00,1,,val,arima,0.2105,0.2898284350487361
Merzenhausen,2021-10-27 04:00:00,1,,val,arima,0.204,0.289682288734054
Merzenhausen,2021-10-27 05:00:00,1,,val,arima,0.206,0.2895362161138156
Merzenhausen,2021-10-27 06:00:00,1,,val,arima,0.2105,0.2893902171508604
Merzenhausen,2021-10-27 07:00:00,1,,val,arima,0.207,0.2892442918080466
Merzenhausen,2021-10-27 08:00:00,1,,val,arima,0.209,0.28909844004825125
Merzenhausen,2021-10-27 09:00:00,1,,val,arima,0.209,0.28895266183437
Merzenhausen,2021-10-27 10:00:00,1,,val,arima,0.206,0.28880695712931725
Merzenhausen,2021-10-27 11:00:00,1,,val,arima,0.212,0.28866132589602606
Merzenhausen,2021-10-27 12:00:00,1,,val,arima,0.209,0.2885157680974482
Merzenhausen,2021-10-27 13:00:00,1,,val,arima,0.211,0.28837028369655415
Merzenhausen,2021-10-27 14:00:00,1,,val,arima,0.209,0.28822487265633306
Merzenhausen,2021-10-27 15:00:00,1,,val,arima,0.209,0.2880795349397927
Merzenhausen,2021-10-27 16:00:00,1,,val,arima,0.208,0.28793427050995957
Merzenhausen,2021-10-27 17:00:00,1,,val,arima,0.209,0.2877890793298787
Merzenhausen,2021-10-27 18:00:00,1,,val,arima,0.209,0.28764396136261383
Merzenhausen,2021-10-27 19:00:00,1,,val,arima,0.21000001,0.2874989165712474
Merzenhausen,2021-10-27 20:00:00,1,,val,arima,0.206,0.2873539449188802
Merzenhausen,2021-10-27 21:00:00,1,,val,arima,0.207,0.28720904636863204
Merzenhausen,2021-10-27 22:00:00,1,,val,arima,0.207,0.2870642208836409
Merzenhausen,2021-10-27 23:00:00,1,,val,arima,0.207,0.28691946842706373
Merzenhausen,2021-10-28 00:00:00,1,,val,arima,0.207,0.28677478896207564
Merzenhausen,2021-10-28 01:00:00,1,,val,arima,0.207,0.2866301824518708
Merzenhausen,2021-10-28 02:00:00,1,,val,arima,0.207,0.28648564885966143
Merzenhausen,2021-10-28 03:00:00,1,,val,arima,0.207,0.2863411881486787
Merzenhausen,2021-10-28 04:00:00,1,,val,arima,0.197,0.2861968002821721
Merzenhausen,2021-10-28 05:00:00,1,,val,arima,0.205,0.28605248522340976
Merzenhausen,2021-10-28 06:00:00,1,,val,arima,0.205,0.2859082429356783
Merzenhausen,2021-10-28 07:00:00,1,,val,arima,0.205,0.2857640733822828
Merzenhausen,2021-10-28 08:00:00,1,,val,arima,0.205,0.2856199765265469
Merzenhausen,2021-10-28 09:00:00,1,,val,arima,0.205,0.2854759523318128
Merzenhausen,2021-10-28 10:00:00,1,,val,arima,0.205,0.285332000761441
Merzenhausen,2021-10-28 11:00:00,1,,val,arima,0.205,0.28518812177881064
Merzenhausen,2021-10-28 12:00:00,1,,val,arima,0.20899999,0.2850443153473192
Merzenhausen,2021-10-28 13:00:00,1,,val,arima,0.207,0.2849005814303828
Merzenhausen,2021-10-28 14:00:00,1,,val,arima,0.207,0.2847569199914359
Merzenhausen,2021-10-28 15:00:00,1,,val,arima,0.207,0.28461333099393127
Merzenhausen,2021-10-28 16:00:00,1,,val,arima,0.207,0.2844698144013403
Merzenhausen,2021-10-28 17:00:00,1,,val,arima,0.207,0.2843263701771527
Merzenhausen,2021-10-28 18:00:00,1,,val,arima,0.207,0.2841829982848767
Merzenhausen,2021-10-28 19:00:00,1,,val,arima,0.207,0.28403969868803874
Merzenhausen,2021-10-28 20:00:00,1,,val,arima,0.207,0.28389647135018387
Merzenhausen,2021-10-28 21:00:00,1,,val,arima,0.207,0.2837533162348754
Merzenhausen,2021-10-28 22:00:00,1,,val,arima,0.207,0.2836102333056949
Merzenhausen,2021-10-28 23:00:00,1,,val,arima,0.207,0.28346722252624257
Merzenhausen,2021-10-29 00:00:00,1,,val,arima,0.207,0.2833242838601368
Merzenhausen,2021-10-29 01:00:00,1,,val,arima,0.208,0.2831814172710143
Merzenhausen,2021-10-29 02:00:00,1,,val,arima,0.205,0.28303862272253033
Merzenhausen,2021-10-29 03:00:00,1,,val,arima,0.205,0.2828959001783581
Merzenhausen,2021-10-29 04:00:00,1,,val,arima,0.206,0.2827532496021895
Merzenhausen,2021-10-29 05:00:00,1,,val,arima,0.206,0.2826106709577345
Merzenhausen,2021-10-29 06:00:00,1,,val,arima,0.206,0.28246816420872156
Merzenhausen,2021-10-29 07:00:00,1,,val,arima,0.203,0.2823257293188972
Merzenhausen,2021-10-29 08:00:00,1,,val,arima,0.203,0.28218336625202645
Merzenhausen,2021-10-29 09:00:00,1,,val,arima,0.203,0.2820410749718924
Merzenhausen,2021-10-29 10:00:00,1,,val,arima,0.203,0.28189885544229654
Merzenhausen,2021-10-29 11:00:00,1,,val,arima,0.202,0.2817567076270586
Merzenhausen,2021-10-29 12:00:00,1,,val,arima,0.206,0.2816146314900166
Merzenhausen,2021-10-29 13:00:00,1,,val,arima,0.205,0.2814726269950266
Merzenhausen,2021-10-29 14:00:00,1,,val,arima,0.206,0.2813306941059631
Merzenhausen,2021-10-29 15:00:00,1,,val,arima,0.206,0.2811888327867187
Merzenhausen,2021-10-29 16:00:00,1,,val,arima,0.203,0.28104704300120426
Merzenhausen,2021-10-29 17:00:00,1,,val,arima,0.203,0.2809053247133488
Merzenhausen,2021-10-29 18:00:00,1,,val,arima,0.203,0.28076367788709955
Merzenhausen,2021-10-29 19:00:00,1,,val,arima,0.204,0.2806221024864219
Merzenhausen,2021-10-29 20:00:00,1,,val,arima,0.206,0.28048059847529944
Merzenhausen,2021-10-29 21:00:00,1,,val,arima,0.214,0.2803391658177339
Merzenhausen,2021-10-29 22:00:00,1,,val,arima,0.223,0.28019780447774517
Merzenhausen,2021-10-29 23:00:00,1,,val,arima,0.228,0.2800565144193713
Merzenhausen,2021-10-30 00:00:00,1,,val,arima,0.234,0.27991529560666845
Merzenhausen,2021-10-30 01:00:00,1,,val,arima,0.235,0.27977414800371087
Merzenhausen,2021-10-30 02:00:00,1,,val,arima,0.238,0.27963307157459105
Merzenhausen,2021-10-30 03:00:00,1,,val,arima,0.242,0.2794920662834194
Merzenhausen,2021-10-30 04:00:00,1,,val,arima,0.242,0.2793511320943246
Merzenhausen,2021-10-30 05:00:00,1,,val,arima,0.244,0.2792102689714533
Merzenhausen,2021-10-30 06:00:00,1,,val,arima,0.247,0.2790694768789703
Merzenhausen,2021-10-30 07:00:00,1,,val,arima,0.249,0.27892875578105847
Merzenhausen,2021-10-30 08:00:00,1,,val,arima,0.246,0.2787881056419187
Merzenhausen,2021-10-30 09:00:00,1,,val,arima,0.247,0.27864752642576995
Merzenhausen,2021-10-30 10:00:00,1,,val,arima,0.248,0.2785070180968492
Merzenhausen,2021-10-30 11:00:00,1,,val,arima,0.248,0.27836658061941144
Merzenhausen,2021-10-30 12:00:00,1,,val,arima,0.251,0.27822621395772984
Merzenhausen,2021-10-30 13:00:00,1,,val,arima,0.251,0.27808591807609545
Merzenhausen,2021-10-30 14:00:00,1,,val,arima,0.251,0.2779456929388173
Merzenhausen,2021-10-30 15:00:00,1,,val,arima,0.25,0.27780553851022255
Merzenhausen,2021-10-30 16:00:00,1,,val,arima,0.251,0.2776654547546562
Merzenhausen,2021-10-30 17:00:00,1,,val,arima,0.251,0.2775254416364813
Merzenhausen,2021-10-30 18:00:00,1,,val,arima,0.251,0.2773854991200788
Merzenhausen,2021-10-30 19:00:00,1,,val,arima,0.251,0.27724562716984785
Merzenhausen,2021-10-30 20:00:00,1,,val,arima,0.253,0.27710582575020526
Merzenhausen,2021-10-30 21:00:00,1,,val,arima,0.2515,0.27696609482558593
Merzenhausen,2021-10-30 22:00:00,1,,val,arima,0.248,0.27682643436044263
Merzenhausen,2021-10-30 23:00:00,1,,val,arima,0.248,0.2766868443192461
Merzenhausen,2021-10-31 00:00:00,1,,val,arima,0.248,0.2765473246664851
Merzenhausen,2021-10-31 01:00:00,1,,val,arima,0.252,0.276407875366666
Merzenhausen,2021-10-31 02:00:00,1,,val,arima,0.256,0.27626849638431333
Merzenhausen,2021-10-31 03:00:00,1,,val,arima,0.251,0.27612918768396943
Merzenhausen,2021-10-31 04:00:00,1,,val,arima,0.251,0.2759899492301946
Merzenhausen,2021-10-31 05:00:00,1,,val,arima,0.251,0.27585078098756677
Merzenhausen,2021-10-31 06:00:00,1,,val,arima,0.249,0.275711682920682
Merzenhausen,2021-10-31 07:00:00,1,,val,arima,0.249,0.27557265499415406
Merzenhausen,2021-10-31 08:00:00,1,,val,arima,0.247,0.27543369717261457
Merzenhausen,2021-10-31 09:00:00,1,,val,arima,0.247,0.2752948094207131
Merzenhausen,2021-10-31 10:00:00,1,,val,arima,0.2505,0.27515599170311683
Merzenhausen,2021-10-31 11:00:00,1,,val,arima,0.247,0.275017243984511
Merzenhausen,2021-10-31 12:00:00,1,,val,arima,0.252,0.27487856622959844
Merzenhausen,2021-10-31 13:00:00,1,,val,arima,0.248,0.27473995840309995
Merzenhausen,2021-10-31 14:00:00,1,,val,arima,0.25300002,0.274601420469754
Merzenhausen,2021-10-31 15:00:00,1,,val,arima,0.25,0.27446295239431695
Merzenhausen,2021-10-31 16:00:00,1,,val,arima,0.252,0.27432455414156287
Merzenhausen,2021-10-31 17:00:00,1,,val,arima,0.25349998,0.2741862256762835
Merzenhausen,2021-10-31 18:00:00,1,,val,arima,0.256,0.2740479669632885
Merzenhausen,2021-10-31 19:00:00,1,,val,arima,0.254,0.2739097779674052
Merzenhausen,2021-10-31 20:00:00,1,,val,arima,0.254,0.27377165865347863
Merzenhausen,2021-10-31 21:00:00,1,,val,arima,0.253,0.2736336089863716
Merzenhausen,2021-10-31 22:00:00,1,,val,arima,0.254,0.2734956289309647
Merzenhausen,2021-10-31 23:00:00,1,,val,arima,0.253,0.27335771845215606
Merzenhausen,2021-11-01 00:00:00,1,,val,arima,0.2515,0.27321987751486165
Merzenhausen,2021-11-01 01:00:00,1,,val,arima,0.253,0.27308210608401506
Merzenhausen,2021-11-01 02:00:00,1,,val,arima,0.252,0.27294440412456755
Merzenhausen,2021-11-01 03:00:00,1,,val,arima,0.253,0.27280677160148814
Merzenhausen,2021-11-01 04:00:00,1,,val,arima,0.253,0.27266920847976345
Merzenhausen,2021-11-01 05:00:00,1,,val,arima,0.251,0.27253171472439774
Merzenhausen,2021-11-01 06:00:00,1,,val,arima,0.253,0.272394290300413
Merzenhausen,2021-11-01 07:00:00,1,,val,arima,0.2515,0.27225693517284877
Merzenhausen,2021-11-01 08:00:00,1,,val,arima,0.251,0.27211964930676225
Merzenhausen,2021-11-01 09:00:00,1,,val,arima,0.253,0.27198243266722827
Merzenhausen,2021-11-01 10:00:00,1,,val,arima,0.25,0.27184528521933926
Merzenhausen,2021-11-01 11:00:00,1,,val,arima,0.251,0.2717082069282053
Merzenhausen,2021-11-01 12:00:00,1,,val,arima,0.251,0.27157119775895394
Merzenhausen,2021-11-01 13:00:00,1,,val,arima,0.255,0.27143425767673046
Merzenhausen,2021-11-01 14:00:00,1,,val,arima,0.263,0.27129738664669756
Merzenhausen,2021-11-01 15:00:00,1,,val,arima,0.276,0.2711605846340357
Merzenhausen,2021-11-01 16:00:00,1,,val,arima,0.287,0.2710238516039427
Merzenhausen,2021-11-01 17:00:00,1,,val,arima,0.299,0.27088718752163415
Merzenhausen,2021-11-01 18:00:00,1,,val,arima,0.312,0.27075059235234294
Merzenhausen,2021-11-01 19:00:00,1,,val,arima,0.318,0.2706140660613196
Merzenhausen,2021-11-01 20:00:00,1,,val,arima,0.323,0.27047760861383224
Merzenhausen,2021-11-01 21:00:00,1,,val,arima,0.324,0.2703412199751664
Merzenhausen,2021-11-01 22:00:00,1,,val,arima,0.323,0.2702049001106252
Merzenhausen,2021-11-01 23:00:00,1,,val,arima,0.326,0.2700686489855291
Merzenhausen,2021-11-02 00:00:00,1,,val,arima,0.326,0.2699324665652163
Merzenhausen,2021-11-02 01:00:00,1,,val,arima,0.324,0.2697963528150422
Merzenhausen,2021-11-02 02:00:00,1,,val,arima,0.325,0.26966030770037996
Merzenhausen,2021-11-02 03:00:00,1,,val,arima,0.322,0.2695243311866199
Merzenhausen,2021-11-02 04:00:00,1,,val,arima,0.324,0.26938842323917
Merzenhausen,2021-11-02 05:00:00,1,,val,arima,0.322,0.2692525838234556
Merzenhausen,2021-11-02 06:00:00,1,,val,arima,0.321,0.26911681290491957
Merzenhausen,2021-11-02 07:00:00,1,,val,arima,0.322,0.268981110449022
Merzenhausen,2021-11-02 08:00:00,1,,val,arima,0.319,0.2688454764212406
Merzenhausen,2021-11-02 09:00:00,1,,val,arima,0.32,0.2687099107870705
Merzenhausen,2021-11-02 10:00:00,1,,val,arima,0.317,0.26857441351202405
Merzenhausen,2021-11-02 11:00:00,1,,val,arima,0.319,0.26843898456163107
Merzenhausen,2021-11-02 12:00:00,1,,val,arima,0.319,0.26830362390143875
Merzenhausen,2021-11-02 13:00:00,1,,val,arima,0.2985,0.26816833149701175
Merzenhausen,2021-11-02 14:00:00,1,,val,arima,0.317,0.26803310731393204
Merzenhausen,2021-11-02 15:00:00,1,,val,arima,0.319,0.26789795131779887
Merzenhausen,2021-11-02 16:00:00,1,,val,arima,0.3215,0.26776286347422895
Merzenhausen,2021-11-02 17:00:00,1,,val,arima,0.317,0.2676278437488562
Merzenhausen,2021-11-02 18:00:00,1,,val,arima,0.3195,0.26749289210733196
Merzenhausen,2021-11-02 19:00:00,1,,val,arima,0.297,0.26735800851532493
Merzenhausen,2021-11-02 20:00:00,1,,val,arima,0.314,0.26722319293852104
Merzenhausen,2021-11-02 21:00:00,1,,val,arima,0.314,0.26708844534262355
Merzenhausen,2021-11-02 22:00:00,1,,val,arima,0.312,0.26695376569335294
Merzenhausen,2021-11-02 23:00:00,1,,val,arima,0.314,0.2668191539564472
Merzenhausen,2021-11-03 00:00:00,1,,val,arima,0.311,0.26668461009766126
Merzenhausen,2021-11-03 01:00:00,1,,val,arima,0.312,0.2665501340827676
Merzenhausen,2021-11-03 02:00:00,1,,val,arima,0.312,0.2664157258775559
Merzenhausen,2021-11-03 03:00:00,1,,val,arima,0.31800002,0.266281385447833
Merzenhausen,2021-11-03 04:00:00,1,,val,arima,0.31,0.266147112759423
Merzenhausen,2021-11-03 05:00:00,1,,val,arima,0.31800002,0.26601290777816733
Merzenhausen,2021-11-03 06:00:00,1,,val,arima,0.3165,0.2658787704699246
Merzenhausen,2021-11-03 07:00:00,1,,val,arima,0.309,0.2657447008005705
Merzenhausen,2021-11-03 08:00:00,1,,val,arima,0.309,0.26561069873599813
Merzenhausen,2021-11-03 09:00:00,1,,val,arima,0.31,0.2654767642421177
Merzenhausen,2021-11-03 10:00:00,1,,val,arima,0.307,0.2653428972848566
Merzenhausen,2021-11-03 11:00:00,1,,val,arima,0.309,0.2652090978301594
Merzenhausen,2021-11-03 12:00:00,1,,val,arima,0.307,0.2650753658439879
Merzenhausen,2021-11-03 13:00:00,1,,val,arima,0.309,0.264941701292321
Merzenhausen,2021-11-03 14:00:00,1,,val,arima,0.309,0.26480810414115474
Merzenhausen,2021-11-03 15:00:00,1,,val,arima,0.307,0.2646745743565024
Merzenhausen,2021-11-03 16:00:00,1,,val,arima,0.307,0.2645411119043942
Merzenhausen,2021-11-03 17:00:00,1,,val,arima,0.305,0.2644077167508779
Merzenhausen,2021-11-03 18:00:00,1,,val,arima,0.277,0.2642743888620178
Merzenhausen,2021-11-03 19:00:00,1,,val,arima,0.31599998,0.26414112820389585
Merzenhausen,2021-11-03 20:00:00,1,,val,arima,0.351,0.26400793474261075
Merzenhausen,2021-11-03 21:00:00,1,,val,arima,0.354,0.26387480844427846
Merzenhausen,2021-11-03 22:00:00,1,,val,arima,0.348,0.263741749275032
Merzenhausen,2021-11-03 23:00:00,1,,val,arima,0.346,0.26360875720102145
Merzenhausen,2021-11-04 00:00:00,1,,val,arima,0.3535,0.26347583218841397
Merzenhausen,2021-11-04 01:00:00,1,,val,arima,0.353,0.26334297420339375
Merzenhausen,2021-11-04 02:00:00,1,,val,arima,0.343,0.26321018321216205
Merzenhausen,2021-11-04 03:00:00,1,,val,arima,0.341,0.26307745918093717
Merzenhausen,2021-11-04 04:00:00,1,,val,arima,0.343,0.2629448020759545
Merzenhausen,2021-11-04 05:00:00,1,,val,arima,0.35000002,0.2628122118634663
Merzenhausen,2021-11-04 06:00:00,1,,val,arima,0.31599998,0.2626796885097421
Merzenhausen,2021-11-04 07:00:00,1,,val,arima,0.34,0.26254723198106816
Merzenhausen,2021-11-04 08:00:00,1,,val,arima,0.338,0.262414842243748
Merzenhausen,2021-11-04 09:00:00,1,,val,arima,0.338,0.2622825192641019
Merzenhausen,2021-11-04 10:00:00,1,,val,arima,0.337,0.2621502630084673
Merzenhausen,2021-11-04 11:00:00,1,,val,arima,0.337,0.26201807344319844
Merzenhausen,2021-11-04 12:00:00,1,,val,arima,0.338,0.26188595053466673
Merzenhausen,2021-11-04 13:00:00,1,,val,arima,0.347,0.2617538942492604
Merzenhausen,2021-11-04 14:00:00,1,,val,arima,0.335,0.26162190455338463
Merzenhausen,2021-11-04 15:00:00,1,,val,arima,0.335,0.26148998141346164
Merzenhausen,2021-11-04 16:00:00,1,,val,arima,0.333,0.26135812479593046
Merzenhausen,2021-11-04 17:00:00,1,,val,arima,0.332,0.26122633466724715
Merzenhausen,2021-11-04 18:00:00,1,,val,arima,0.3135,0.26109461099388465
Merzenhausen,2021-11-04 19:00:00,1,,val,arima,0.332,0.2609629537423327
Merzenhausen,2021-11-04 20:00:00,1,,val,arima,0.343,0.2608313628790981
Merzenhausen,2021-11-04 21:00:00,1,,val,arima,0.328,0.26069983837070443
Merzenhausen,2021-11-04 22:00:00,1,,val,arima,0.329,0.26056838018369216
Merzenhausen,2021-11-04 23:00:00,1,,val,arima,0.327,0.2604369882846187
Merzenhausen,2021-11-05 00:00:00,1,,val,arima,0.326,0.2603056626400583
Merzenhausen,2021-11-05 01:00:00,1,,val,arima,0.327,0.260174403216602
Merzenhausen,2021-11-05 02:00:00,1,,val,arima,0.325,0.2600432099808578
Merzenhausen,2021-11-05 03:00:00,1,,val,arima,0.3385,0.2599120828994504
Merzenhausen,2021-11-05 04:00:00,1,,val,arima,0.325,0.2597810219390214
Merzenhausen,2021-11-05 05:00:00,1,,val,arima,0.325,0.2596500270662293
Merzenhausen,2021-11-05 06:00:00,1,,val,arima,0.322,0.2595190982477493
Merzenhausen,2021-11-05 07:00:00,1,,val,arima,0.324,0.25938823545027345
Merzenhausen,2021-11-05 08:00:00,1,,val,arima,0.324,0.2592574386405105
Merzenhausen,2021-11-05 09:00:00,1,,val,arima,0.324,0.25912670778518615
Merzenhausen,2021-11-05 10:00:00,1,,val,arima,0.325,0.2589960428510428
Merzenhausen,2021-11-05 11:00:00,1,,val,arima,0.322,0.25886544380483956
Merzenhausen,2021-11-05 12:00:00,1,,val,arima,0.322,0.2587349106133524
Merzenhausen,2021-11-05 13:00:00,1,,val,arima,0.32,0.25860444324337406
Merzenhausen,2021-11-05 14:00:00,1,,val,arima,0.322,0.2584740416617139
Merzenhausen,2021-11-05 15:00:00,1,,val,arima,0.32,0.2583437058351981
Merzenhausen,2021-11-05 16:00:00,1,,val,arima,0.317,0.25821343573066957
Merzenhausen,2021-11-05 17:00:00,1,,val,arima,0.319,0.25808323131498795
Merzenhausen,2021-11-05 18:00:00,1,,val,arima,0.317,0.25795309255502946
Merzenhausen,2021-11-05 19:00:00,1,,val,arima,0.317,0.25782301941768726
Merzenhausen,2021-11-05 20:00:00,1,,val,arima,0.317,0.257693011869871
Merzenhausen,2021-11-05 21:00:00,1,,val,arima,0.315,0.2575630698785071
Merzenhausen,2021-11-05 22:00:00,1,,val,arima,0.315,0.2574331934105386
Merzenhausen,2021-11-05 23:00:00,1,,val,arima,0.314,0.25730338243292533
Merzenhausen,2021-11-06 00:00:00,1,,val,arima,0.314,0.25717363691264367
Merzenhausen,2021-11-06 01:00:00,1,,val,arima,0.315,0.2570439568166867
Merzenhausen,2021-11-06 02:00:00,1,,val,arima,0.312,0.2569143421120641
Merzenhausen,2021-11-06 03:00:00,1,,val,arima,0.314,0.25678479276580224
Merzenhausen,2021-11-06 04:00:00,1,,val,arima,0.312,0.2566553087449441
Merzenhausen,2021-11-06 05:00:00,1,,val,arima,0.312,0.25652589001654924
Merzenhausen,2021-11-06 06:00:00,1,,val,arima,0.312,0.2563965365476939
Merzenhausen,2021-11-06 07:00:00,1,,val,arima,0.312,0.2562672483054709
Merzenhausen,2021-11-06 08:00:00,1,,val,arima,0.31,0.25613802525698953
Merzenhausen,2021-11-06 09:00:00,1,,val,arima,0.31,0.2560088673693759
Merzenhausen,2021-11-06 10:00:00,1,,val,arima,0.312,0.25587977460977246
Merzenhausen,2021-11-06 11:00:00,1,,val,arima,0.309,0.2557507469453384
Merzenhausen,2021-11-06 12:00:00,1,,val,arima,0.31,0.25562178434324945
Merzenhausen,2021-11-06 13:00:00,1,,val,arima,0.31,0.25549288677069776
Merzenhausen,2021-11-06 14:00:00,1,,val,arima,0.307,0.25536405419489216
Merzenhausen,2021-11-06 15:00:00,1,,val,arima,0.309,0.25523528658305794
Merzenhausen,2021-11-06 16:00:00,1,,val,arima,0.307,0.255106583902437
Merzenhausen,2021-11-06 17:00:00,1,,val,arima,0.307,0.2549779461202877
Merzenhausen,2021-11-06 18:00:00,1,,val,arima,0.307,0.2548493732038848
Merzenhausen,2021-11-06 19:00:00,1,,val,arima,0.305,0.2547208651205197
Merzenhausen,2021-11-06 20:00:00,1,,val,arima,0.305,0.2545924218375004
Merzenhausen,2021-11-06 21:00:00,1,,val,arima,0.307,0.2544640433221512
Merzenhausen,2021-11-06 22:00:00,1,,val,arima,0.305,0.2543357295418129
Merzenhausen,2021-11-06 23:00:00,1,,val,arima,0.305,0.2542074804638428
Merzenhausen,2021-11-07 00:00:00,1,,val,arima,0.303,0.2540792960556146
Merzenhausen,2021-11-07 01:00:00,1,,val,arima,0.305,0.2539511762845186
Merzenhausen,2021-11-07 02:00:00,1,,val,arima,0.305,0.2538231211179614
Merzenhausen,2021-11-07 03:00:00,1,,val,arima,0.303,0.2536951305233661
Merzenhausen,2021-11-07 04:00:00,1,,val,arima,0.303,0.25356720446817227
Merzenhausen,2021-11-07 05:00:00,1,,val,arima,0.301,0.2534393429198358
Merzenhausen,2021-11-07 06:00:00,1,,val,arima,0.302,0.253311545845829
Merzenhausen,2021-11-07 07:00:00,1,,val,arima,0.303,0.25318381321364064
Merzenhausen,2021-11-07 08:00:00,1,,val,arima,0.3,0.2530561449907759
Merzenhausen,2021-11-07 09:00:00,1,,val,arima,0.301,0.25292854114475627
Merzenhausen,2021-11-07 10:00:00,1,,val,arima,0.3,0.2528010016431197
Merzenhausen,2021-11-07 11:00:00,1,,val,arima,0.3,0.25267352645342034
Merzenhausen,2021-11-07 12:00:00,1,,val,arima,0.3,0.252546115543229
Merzenhausen,2021-11-07 13:00:00,1,,val,arima,0.302,0.2524187688801325
Merzenhausen,2021-11-07 14:00:00,1,,val,arima,0.3,0.25229148643173427
Merzenhausen,2021-11-07 15:00:00,1,,val,arima,0.3,0.25216426816565396
Merzenhausen,2021-11-07 16:00:00,1,,val,arima,0.3,0.25203711404952756
Merzenhausen,2021-11-07 17:00:00,1,,val,arima,0.3,0.2519100240510074
Merzenhausen,2021-11-07 18:00:00,1,,val,arima,0.298,0.251782998137762
Merzenhausen,2021-11-07 19:00:00,1,,val,arima,0.298,0.2516560362774764
Merzenhausen,2021-11-07 20:00:00,1,,val,arima,0.298,0.2515291384378518
Merzenhausen,2021-11-07 21:00:00,1,,val,arima,0.298,0.2514023045866057
Merzenhausen,2021-11-07 22:00:00,1,,val,arima,0.298,0.25127553469147185
Merzenhausen,2021-11-07 23:00:00,1,,val,arima,0.298,0.2511488287202004
Merzenhausen,2021-11-08 00:00:00,1,,val,arima,0.295,0.2510221866405576
Merzenhausen,2021-11-08 01:00:00,1,,val,arima,0.298,0.250895608420326
Merzenhausen,2021-11-08 02:00:00,1,,val,arima,0.298,0.2507690940273045
Merzenhausen,2021-11-08 03:00:00,1,,val,arima,0.298,0.2506426434293081
Merzenhausen,2021-11-08 04:00:00,1,,val,arima,0.296,0.25051625659416815
Merzenhausen,2021-11-08 05:00:00,1,,val,arima,0.296,0.2503899334897321
Merzenhausen,2021-11-08 08:00:00,1,,val,arima,0.296,0.2502636740838637
Merzenhausen,2021-11-08 09:00:00,1,,val,arima,0.293,0.25013747834444283
Merzenhausen,2021-11-08 10:00:00,1,,val,arima,0.293,0.25001134623936566
Merzenhausen,2021-11-08 11:00:00,1,,val,arima,0.293,0.24988527773654445
Merzenhausen,2021-11-08 12:00:00,1,,val,arima,0.293,0.24975927280390775
Merzenhausen,2021-11-08 13:00:00,1,,val,arima,0.293,0.2496333314094002
Merzenhausen,2021-11-08 14:00:00,1,,val,arima,0.293,0.24950745352098264
Merzenhausen,2021-11-08 15:00:00,1,,val,arima,0.296,0.24938163910663202
Merzenhausen,2021-11-08 16:00:00,1,,val,arima,0.293,0.2492558881343415
Merzenhausen,2021-11-08 17:00:00,1,,val,arima,0.293,0.24913020057212032
Merzenhausen,2021-11-08 18:00:00,1,,val,arima,0.291,0.2490045763879939
Merzenhausen,2021-11-08 19:00:00,1,,val,arima,0.292,0.24887901555000377
Merzenhausen,2021-11-08 20:00:00,1,,val,arima,0.293,0.24875351802620754
Merzenhausen,2021-11-08 21:00:00,1,,val,arima,0.291,0.248628083784679
Merzenhausen,2021-11-08 22:00:00,1,,val,arima,0.291,0.24850271279350794
Merzenhausen,2021-11-08 23:00:00,1,,val,arima,0.292,0.24837740502080038
Merzenhausen,2021-11-09 00:00:00,1,,val,arima,0.289,0.24825216043467824
Merzenhausen,2021-11-09 01:00:00,1,,val,arima,0.289,0.24812697900327968
Merzenhausen,2021-11-09 08:00:00,1,,val,arima,0.287,0.24800186069475882
Merzenhausen,2021-11-09 09:00:00,1,,val,arima,0.287,0.2478768054772859
Merzenhausen,2021-11-09 10:00:00,1,,val,arima,0.287,0.24775181331904722
Merzenhausen,2021-11-09 11:00:00,1,,val,arima,0.287,0.24762688418824505
Merzenhausen,2021-11-09 12:00:00,1,,val,arima,0.287,0.24750201805309774
Merzenhausen,2021-11-09 13:00:00,1,,val,arima,0.287,0.24737721488183964
Merzenhausen,2021-11-09 14:00:00,1,,val,arima,0.286,0.24725247464272118
Merzenhausen,2021-11-09 15:00:00,1,,val,arima,0.289,0.24712779730400875
Merzenhausen,2021-11-09 16:00:00,1,,val,arima,0.289,0.2470031828339847
Merzenhausen,2021-11-09 17:00:00,1,,val,arima,0.289,0.2468786312009475
Merzenhausen,2021-11-09 18:00:00,1,,val,arima,0.289,0.24675414237321144
Merzenhausen,2021-11-09 19:00:00,1,,val,arima,0.289,0.24662971631910696
Merzenhausen,2021-11-09 20:00:00,1,,val,arima,0.287,0.24650535300698034
Merzenhausen,2021-11-09 21:00:00,1,,val,arima,0.287,0.24638105240519387
Merzenhausen,2021-11-09 22:00:00,1,,val,arima,0.287,0.24625681448212583
Merzenhausen,2021-11-09 23:00:00,1,,val,arima,0.287,0.24613263920617034
Merzenhausen,2021-11-10 00:00:00,1,,val,arima,0.286,0.24600852654573757
Merzenhausen,2021-11-10 01:00:00,1,,val,arima,0.287,0.24588447646925357
Merzenhausen,2021-11-10 02:00:00,1,,val,arima,0.287,0.24576048894516028
Merzenhausen,2021-11-21 07:00:00,1,,val,arima,0.306,0.2456365639419156
Merzenhausen,2021-11-21 08:00:00,1,,val,arima,0.306,0.24551270142799336
Merzenhausen,2021-11-21 09:00:00,1,,val,arima,0.304,0.24538890137188318
Merzenhausen,2021-11-21 10:00:00,1,,val,arima,0.304,0.2452651637420907
Merzenhausen,2021-11-21 11:00:00,1,,val,arima,0.306,0.24514148850713735
Merzenhausen,2021-11-21 12:00:00,1,,val,arima,0.306,0.2450178756355605
Merzenhausen,2021-11-21 13:00:00,1,,val,arima,0.305,0.24489432509591325
Merzenhausen,2021-11-21 14:00:00,1,,val,arima,0.304,0.24477083685676476
Merzenhausen,2021-11-21 15:00:00,1,,val,arima,0.304,0.2446474108866999
Merzenhausen,2021-11-21 16:00:00,1,,val,arima,0.306,0.24452404715431936
Merzenhausen,2021-11-21 17:00:00,1,,val,arima,0.306,0.2444007456282398
Merzenhausen,2021-11-21 18:00:00,1,,val,arima,0.306,0.24427750627709355
Merzenhausen,2021-11-21 19:00:00,1,,val,arima,0.306,0.24415432906952889
Merzenhausen,2021-11-21 20:00:00,1,,val,arima,0.307,0.24403121397420982
Merzenhausen,2021-11-21 21:00:00,1,,val,arima,0.307,0.2439081609598162
Merzenhausen,2021-11-21 22:00:00,1,,val,arima,0.307,0.24378516999504363
Merzenhausen,2021-11-21 23:00:00,1,,val,arima,0.306,0.2436622410486035
Merzenhausen,2021-11-22 00:00:00,1,,val,arima,0.307,0.24353937408922305
Merzenhausen,2021-11-22 01:00:00,1,,val,arima,0.306,0.24341656908564516
Merzenhausen,2021-11-22 02:00:00,1,,val,arima,0.306,0.2432938260066286
Merzenhausen,2021-11-22 03:00:00,1,,val,arima,0.306,0.24317114482094782
Merzenhausen,2021-11-22 04:00:00,1,,val,arima,0.306,0.24304852549739303
Merzenhausen,2021-11-22 05:00:00,1,,val,arima,0.306,0.24292596800477023
Merzenhausen,2021-11-22 06:00:00,1,,val,arima,0.306,0.24280347231190105
Merzenhausen,2021-11-22 07:00:00,1,,val,arima,0.307,0.24268103838762292
Merzenhausen,2021-11-22 08:00:00,1,,val,arima,0.307,0.24255866620078895
Merzenhausen,2021-11-22 09:00:00,1,,val,arima,0.304,0.24243635572026795
Merzenhausen,2021-11-22 10:00:00,1,,val,arima,0.301,0.24231410691494448
Merzenhausen,2021-11-22 11:00:00,1,,val,arima,0.306,0.2421919197537187
Merzenhausen,2021-11-22 12:00:00,1,,val,arima,0.303,0.24206979420550656
Merzenhausen,2021-11-22 13:00:00,1,,val,arima,0.306,0.2419477302392396
Merzenhausen,2021-11-22 14:00:00,1,,val,arima,0.306,0.24182572782386508
Merzenhausen,2021-11-22 15:00:00,1,,val,arima,0.306,0.24170378692834585
Merzenhausen,2021-11-22 16:00:00,1,,val,arima,0.306,0.24158190752166048
Merzenhausen,2021-11-22 17:00:00,1,,val,arima,0.304,0.24146008957280313
Merzenhausen,2021-11-22 18:00:00,1,,val,arima,0.304,0.24133833305078364
Merzenhausen,2021-11-22 19:00:00,1,,val,arima,0.304,0.2412166379246275
Merzenhausen,2021-12-02 09:00:00,1,,val,arima,0.351,0.2410950041633757
Merzenhausen,2021-12-02 10:00:00,1,,val,arima,0.354,0.240973431736085
Merzenhausen,2021-12-02 11:00:00,1,,val,arima,0.352,0.24085192061182759
Merzenhausen,2021-12-02 12:00:00,1,,val,arima,0.354,0.24073047075969142
Merzenhausen,2021-12-02 13:00:00,1,,val,arima,0.352,0.2406090821487799
Merzenhausen,2021-12-02 14:00:00,1,,val,arima,0.357,0.2404877547482121
Merzenhausen,2021-12-02 15:00:00,1,,val,arima,0.381,0.24036648852712267
Merzenhausen,2021-12-02 16:00:00,1,,val,arima,0.378,0.2402452834546617
Merzenhausen,2021-12-02 17:00:00,1,,val,arima,0.375,0.240124139499995
Merzenhausen,2021-12-02 18:00:00,1,,val,arima,0.372,0.24000305663230384
Merzenhausen,2021-12-02 19:00:00,1,,val,arima,0.372,0.23988203482078505
Merzenhausen,2021-12-02 20:00:00,1,,val,arima,0.369,0.23976107403465097
Merzenhausen,2021-12-02 21:00:00,1,,val,arima,0.367,0.23964017424312947
Merzenhausen,2021-12-02 22:00:00,1,,val,arima,0.366,0.23951933541546397
Merzenhausen,2021-12-02 23:00:00,1,,val,arima,0.365,0.23939855752091335
Merzenhausen,2021-12-03 00:00:00,1,,val,arima,0.365,0.23927784052875206
Merzenhausen,2021-12-03 01:00:00,1,,val,arima,0.365,0.23915718440827
Merzenhausen,2021-12-03 02:00:00,1,,val,arima,0.362,0.23903658912877251
Merzenhausen,2021-12-03 03:00:00,1,,val,arima,0.36,0.2389160546595805
Merzenhausen,2021-12-03 04:00:00,1,,val,arima,0.362,0.23879558097003023
Merzenhausen,2021-12-03 05:00:00,1,,val,arima,0.36,0.2386751680294736
Merzenhausen,2021-12-03 06:00:00,1,,val,arima,0.357,0.2385548158072778
Merzenhausen,2021-12-03 07:00:00,1,,val,arima,0.355,0.23843452427282555
Merzenhausen,2021-12-03 08:00:00,1,,val,arima,0.357,0.238314293395515
Merzenhausen,2021-12-03 09:00:00,1,,val,arima,0.357,0.23819412314475966
Merzenhausen,2021-12-03 10:00:00,1,,val,arima,0.355,0.23807401348998858
Merzenhausen,2021-12-03 11:00:00,1,,val,arima,0.355,0.23795396440064615
Merzenhausen,2021-12-03 12:00:00,1,,val,arima,0.354,0.23783397584619215
Merzenhausen,2021-12-03 13:00:00,1,,val,arima,0.354,0.23771404779610183
Merzenhausen,2021-12-03 14:00:00,1,,val,arima,0.354,0.2375941802198658
Merzenhausen,2021-12-03 15:00:00,1,,val,arima,0.354,0.23747437308699004
Merzenhausen,2021-12-03 16:00:00,1,,val,arima,0.354,0.23735462636699595
Merzenhausen,2021-12-03 17:00:00,1,,val,arima,0.352,0.23723494002942022
Merzenhausen,2021-12-03 18:00:00,1,,val,arima,0.354,0.23711531404381495
Merzenhausen,2021-12-03 19:00:00,1,,val,arima,0.352,0.23699574837974763
Merzenhausen,2021-12-03 20:00:00,1,,val,arima,0.354,0.236876243006801
Merzenhausen,2021-12-03 21:00:00,1,,val,arima,0.354,0.23675679789457324
Merzenhausen,2021-12-03 22:00:00,1,,val,arima,0.352,0.2366374130126778
Merzenhausen,2021-12-03 23:00:00,1,,val,arima,0.352,0.23651808833074348
Merzenhausen,2021-12-04 00:00:00,1,,val,arima,0.351,0.23639882381841434
Merzenhausen,2021-12-04 01:00:00,1,,val,arima,0.349,0.23627961944534986
Merzenhausen,2021-12-04 02:00:00,1,,val,arima,0.351,0.23616047518122468
Merzenhausen,2021-12-04 03:00:00,1,,val,arima,0.351,0.23604139099572885
Merzenhausen,2021-12-04 04:00:00,1,,val,arima,0.349,0.2359223668585676
Merzenhausen,2021-12-04 05:00:00,1,,val,arima,0.349,0.23580340273946154
Merzenhausen,2021-12-04 06:00:00,1,,val,arima,0.349,0.23568449860814647
Merzenhausen,2021-12-04 07:00:00,1,,val,arima,0.349,0.2355656544343735
Merzenhausen,2021-12-04 08:00:00,1,,val,arima,0.347,0.23544687018790894
Merzenhausen,2021-12-04 09:00:00,1,,val,arima,0.347,0.23532814583853437
Merzenhausen,2021-12-04 10:00:00,1,,val,arima,0.346,0.23520948135604666
Merzenhausen,2021-12-04 11:00:00,1,,val,arima,0.346,0.23509087671025786
Merzenhausen,2021-12-04 12:00:00,1,,val,arima,0.346,0.23497233187099523
Merzenhausen,2021-12-04 13:00:00,1,,val,arima,0.346,0.23485384680810126
Merzenhausen,2021-12-04 14:00:00,1,,val,arima,0.345,0.23473542149143367
Merzenhausen,2021-12-04 15:00:00,1,,val,arima,0.345,0.23461705589086532
Merzenhausen,2021-12-04 16:00:00,1,,val,arima,0.346,0.2344987499762843
Merzenhausen,2021-12-04 17:00:00,1,,val,arima,0.346,0.23438050371759395
Merzenhausen,2021-12-04 18:00:00,1,,val,arima,0.343,0.23426231708471265
Merzenhausen,2021-12-04 19:00:00,1,,val,arima,0.344,0.23414419004757403
Merzenhausen,2021-12-04 20:00:00,1,,val,arima,0.344,0.2340261225761269
Merzenhausen,2021-12-04 21:00:00,1,,val,arima,0.343,0.23390811464033517
Merzenhausen,2021-12-04 22:00:00,1,,val,arima,0.345,0.23379016621017795
Merzenhausen,2021-12-04 23:00:00,1,,val,arima,0.3485,0.2336722772556494
Merzenhausen,2021-12-05 01:00:00,1,,val,arima,0.377,0.2335544477467589
Merzenhausen,2021-12-05 02:00:00,1,,val,arima,0.374,0.23343667765353093
Merzenhausen,2021-12-05 03:00:00,1,,val,arima,0.37150002,0.23331896694600504
Merzenhausen,2021-12-05 04:00:00,1,,val,arima,0.37,0.23320131559423596
Merzenhausen,2021-12-05 05:00:00,1,,val,arima,0.368,0.23308372356829346
Merzenhausen,2021-12-05 06:00:00,1,,val,arima,0.366,0.23296619083826245
Merzenhausen,2021-12-05 07:00:00,1,,val,arima,0.368,0.2328487173742429
Merzenhausen,2021-12-05 08:00:00,1,,val,arima,0.367,0.23273130314634982
Merzenhausen,2021-12-05 09:00:00,1,,val,arima,0.365,0.23261394812471334
Merzenhausen,2021-12-05 10:00:00,1,,val,arima,0.365,0.23249665227947866
Merzenhausen,2021-12-05 11:00:00,1,,val,arima,0.364,0.232379415580806
Merzenhausen,2021-12-05 12:00:00,1,,val,arima,0.365,0.23226223799887064
Merzenhausen,2021-12-05 13:00:00,1,,val,arima,0.362,0.2321451195038629
Merzenhausen,2021-12-05 14:00:00,1,,val,arima,0.363,0.23202806006598814
Merzenhausen,2021-12-05 15:00:00,1,,val,arima,0.362,0.23191105965546668
Merzenhausen,2021-12-05 16:00:00,1,,val,arima,0.36,0.231794118242534
Merzenhausen,2021-12-05 17:00:00,1,,val,arima,0.36,0.23167723579744043
Merzenhausen,2021-12-05 18:00:00,1,,val,arima,0.357,0.23156041229045138
Merzenhausen,2021-12-05 19:00:00,1,,val,arima,0.355,0.23144364769184728
Merzenhausen,2021-12-05 20:00:00,1,,val,arima,0.357,0.2313269419719235
Merzenhausen,2021-12-05 21:00:00,1,,val,arima,0.356,0.23121029510099034
Merzenhausen,2021-12-05 22:00:00,1,,val,arima,0.355,0.2310937070493732
Merzenhausen,2021-12-05 23:00:00,1,,val,arima,0.354,0.23097717778741234
Merzenhausen,2021-12-06 00:00:00,1,,val,arima,0.354,0.23086070728546304
Merzenhausen,2021-12-06 01:00:00,1,,val,arima,0.352,0.23074429551389547
Merzenhausen,2021-12-06 02:00:00,1,,val,arima,0.352,0.23062794244309479
Merzenhausen,2021-12-06 03:00:00,1,,val,arima,0.351,0.23051164804346103
Merzenhausen,2021-12-06 04:00:00,1,,val,arima,0.351,0.23039541228540922
Merzenhausen,2021-12-06 05:00:00,1,,val,arima,0.352,0.23027923513936926
Merzenhausen,2021-12-06 06:00:00,1,,val,arima,0.349,0.23016311657578603
Merzenhausen,2021-12-06 07:00:00,1,,val,arima,0.351,0.2300470565651192
Merzenhausen,2021-12-06 08:00:00,1,,val,arima,0.351,0.22993105507784342
Merzenhausen,2021-12-06 09:00:00,1,,val,arima,0.349,0.22981511208444821
Merzenhausen,2021-12-06 10:00:00,1,,val,arima,0.349,0.22969922755543792
Merzenhausen,2021-12-06 11:00:00,1,,val,arima,0.349,0.22958340146133188
Merzenhausen,2021-12-06 12:00:00,1,,val,arima,0.346,0.22946763377266421
Merzenhausen,2021-12-06 13:00:00,1,,val,arima,0.347,0.2293519244599839
Merzenhausen,2021-12-06 14:00:00,1,,val,arima,0.348,0.22923627349385478
Merzenhausen,2021-12-06 15:00:00,1,,val,arima,0.344,0.22912068084485554
Merzenhausen,2021-12-06 16:00:00,1,,val,arima,0.346,0.22900514648357967
Merzenhausen,2021-12-06 17:00:00,1,,val,arima,0.346,0.22888967038063557
Merzenhausen,2021-12-06 18:00:00,1,,val,arima,0.347,0.2287742525066464
Merzenhausen,2021-12-06 19:00:00,1,,val,arima,0.348,0.22865889283225013
Merzenhausen,2021-12-06 20:00:00,1,,val,arima,0.346,0.22854359132809954
Merzenhausen,2021-12-06 21:00:00,1,,val,arima,0.346,0.22842834796486225
Merzenhausen,2021-12-06 22:00:00,1,,val,arima,0.343,0.2283131627132206
Merzenhausen,2021-12-06 23:00:00,1,,val,arima,0.344,0.2281980355438718
Merzenhausen,2021-12-14 01:00:00,1,,val,arima,0.329,0.22808296642752773
Merzenhausen,2021-12-14 02:00:00,1,,val,arima,0.329,0.22796795533491515
Merzenhausen,2021-12-14 03:00:00,1,,val,arima,0.329,0.2278530022367755
Merzenhausen,2021-12-14 04:00:00,1,,val,arima,0.326,0.22773810710386502
Merzenhausen,2021-12-14 05:00:00,1,,val,arima,0.329,0.22762326990695464
Merzenhausen,2021-12-14 06:00:00,1,,val,arima,0.326,0.2275084906168301
Merzenhausen,2021-12-14 07:00:00,1,,val,arima,0.326,0.22739376920429183
Merzenhausen,2021-12-14 08:00:00,1,,val,arima,0.327,0.22727910564015502
Merzenhausen,2021-12-14 09:00:00,1,,val,arima,0.328,0.2271644998952495
Merzenhausen,2021-12-14 10:00:00,1,,val,arima,0.329,0.2270499519404199
Merzenhausen,2021-12-14 11:00:00,1,,val,arima,0.329,0.22693546174652549
Merzenhausen,2021-12-14 12:00:00,1,,val,arima,0.329,0.22682102928444026
Merzenhausen,2021-12-14 13:00:00,1,,val,arima,0.324,0.22670665452505284
Merzenhausen,2021-12-14 14:00:00,1,,val,arima,0.328,0.22659233743926663
Merzenhausen,2021-12-14 15:00:00,1,,val,arima,0.328,0.22647807799799963
Merzenhausen,2021-12-14 16:00:00,1,,val,arima,0.328,0.2263638761721845
Merzenhausen,2021-12-14 17:00:00,1,,val,arima,0.329,0.22624973193276865
Merzenhausen,2021-12-14 18:00:00,1,,val,arima,0.324,0.22613564525071406
Merzenhausen,2021-12-14 19:00:00,1,,val,arima,0.326,0.2260216160969973
Merzenhausen,2021-12-14 20:00:00,1,,val,arima,0.326,0.2259076444426097
Merzenhausen,2021-12-14 21:00:00,1,,val,arima,0.326,0.22579373025855715
Merzenhausen,2021-12-14 22:00:00,1,,val,arima,0.326,0.22567987351586014
Merzenhausen,2021-12-14 23:00:00,1,,val,arima,0.326,0.22556607418555386
Merzenhausen,2021-12-15 00:00:00,1,,val,arima,0.326,0.22545233223868796
Merzenhausen,2021-12-15 01:00:00,1,,val,arima,0.326,0.22533864764632686
Merzenhausen,2021-12-15 02:00:00,1,,val,arima,0.326,0.22522502037954945
Merzenhausen,2021-12-15 03:00:00,1,,val,arima,0.326,0.22511145040944924
Merzenhausen,2021-12-15 04:00:00,1,,val,arima,0.326,0.22499793770713428
Merzenhausen,2021-12-15 05:00:00,1,,val,arima,0.326,0.2248844822437273
Merzenhausen,2021-12-15 06:00:00,1,,val,arima,0.324,0.2247710839903655
Merzenhausen,2021-12-15 07:00:00,1,,val,arima,0.324,0.22465774291820056
Merzenhausen,2021-12-15 08:00:00,1,,val,arima,0.324,0.22454445899839892
Merzenhausen,2021-12-15 09:00:00,1,,val,arima,0.325,0.2244312322021414
Merzenhausen,2021-12-15 10:00:00,1,,val,arima,0.326,0.22431806250062333
Merzenhausen,2021-12-15 11:00:00,1,,val,arima,0.326,0.22420494986505468
Merzenhausen,2021-12-15 12:00:00,1,,val,arima,0.326,0.22409189426665987
Merzenhausen,2021-12-15 13:00:00,1,,val,arima,0.324,0.22397889567667784
Merzenhausen,2021-12-15 14:00:00,1,,val,arima,0.326,0.223865954066362
Merzenhausen,2021-12-15 15:00:00,1,,val,arima,0.324,0.22375306940698036
Merzenhausen,2021-12-15 16:00:00,1,,val,arima,0.326,0.22364024166981528
Merzenhausen,2021-12-15 17:00:00,1,,val,arima,0.324,0.2235274708261637
Merzenhausen,2021-12-15 18:00:00,1,,val,arima,0.324,0.22341475684733703
Merzenhausen,2021-12-15 19:00:00,1,,val,arima,0.326,0.22330209970466103
Merzenhausen,2021-12-15 20:00:00,1,,val,arima,0.326,0.2231894993694761
Merzenhausen,2021-12-15 21:00:00,1,,val,arima,0.323,0.2230769558131369
Merzenhausen,2021-12-15 22:00:00,1,,val,arima,0.32099998,0.22296446900701275
Merzenhausen,2021-12-15 23:00:00,1,,val,arima,0.325,0.22285203892248723
Merzenhausen,2021-12-16 00:00:00,1,,val,arima,0.323,0.2227396655309584
Merzenhausen,2021-12-16 01:00:00,1,,val,arima,0.323,0.22262734880383875
Merzenhausen,2021-12-16 02:00:00,1,,val,arima,0.323,0.22251508871255524
Merzenhausen,2021-12-16 03:00:00,1,,val,arima,0.323,0.22240288522854912
Merzenhausen,2021-12-16 04:00:00,1,,val,arima,0.323,0.22229073832327614
Merzenhausen,2021-12-16 05:00:00,1,,val,arima,0.323,0.22217864796820644
Merzenhausen,2021-12-16 06:00:00,1,,val,arima,0.323,0.22206661413482445
Merzenhausen,2021-12-16 07:00:00,1,,val,arima,0.323,0.22195463679462907
Merzenhausen,2021-12-16 08:00:00,1,,val,arima,0.323,0.22184271591913357
Merzenhausen,2021-12-16 09:00:00,1,,val,arima,0.323,0.22173085147986557
Merzenhausen,2021-12-16 10:00:00,1,,val,arima,0.323,0.22161904344836697
Merzenhausen,2021-12-16 11:00:00,1,,val,arima,0.324,0.22150729179619416
Merzenhausen,2021-12-16 12:00:00,1,,val,arima,0.323,0.22139559649491777
Merzenhausen,2021-12-16 13:00:00,1,,val,arima,0.323,0.22128395751612281
Merzenhausen,2021-12-16 14:00:00,1,,val,arima,0.323,0.2211723748314086
Merzenhausen,2021-12-16 15:00:00,1,,val,arima,0.323,0.2210608484123888
Merzenhausen,2021-12-16 16:00:00,1,,val,arima,0.321,0.22094937823069133
Merzenhausen,2021-12-16 17:00:00,1,,val,arima,0.323,0.22083796425795849
Merzenhausen,2021-12-16 18:00:00,1,,val,arima,0.323,0.22072660646584683
Merzenhausen,2021-12-16 19:00:00,1,,val,arima,0.323,0.2206153048260272
Merzenhausen,2021-12-16 20:00:00,1,,val,arima,0.321,0.22050405931018477
Merzenhausen,2021-12-16 21:00:00,1,,val,arima,0.321,0.22039286989001897
Merzenhausen,2021-12-16 22:00:00,1,,val,arima,0.324,0.22028173653724345
Merzenhausen,2021-12-16 23:00:00,1,,val,arima,0.321,0.2201706592235862
Merzenhausen,2021-12-17 00:00:00,1,,val,arima,0.324,0.22005963792078942
Merzenhausen,2021-12-17 01:00:00,1,,val,arima,0.323,0.21994867260060957
Merzenhausen,2021-12-17 02:00:00,1,,val,arima,0.324,0.21983776323481735
Merzenhausen,2021-12-17 03:00:00,1,,val,arima,0.324,0.2197269097951977
Merzenhausen,2021-12-17 04:00:00,1,,val,arima,0.323,0.2196161122535498
Merzenhausen,2021-12-17 05:00:00,1,,val,arima,0.325,0.219505370581687
Merzenhausen,2021-12-17 06:00:00,1,,val,arima,0.321,0.21939468475143692
Merzenhausen,2021-12-17 07:00:00,1,,val,arima,0.321,0.21928405473464138
Merzenhausen,2021-12-17 08:00:00,1,,val,arima,0.321,0.21917348050315635
Merzenhausen,2021-12-17 09:00:00,1,,val,arima,0.321,0.21906296202885206
Merzenhausen,2021-12-17 10:00:00,1,,val,arima,0.324,0.21895249928361282
Merzenhausen,2021-12-17 11:00:00,1,,val,arima,0.31950003,0.2188420922393373
Merzenhausen,2021-12-17 12:00:00,1,,val,arima,0.323,0.21873174086793812
Merzenhausen,2021-12-17 13:00:00,1,,val,arima,0.324,0.2186214451413422
Merzenhausen,2021-12-17 14:00:00,1,,val,arima,0.323,0.21851120503149063
Merzenhausen,2021-12-17 15:00:00,1,,val,arima,0.323,0.21840102051033855
Merzenhausen,2021-12-17 16:00:00,1,,val,arima,0.323,0.21829089154985531
Merzenhausen,2021-12-17 17:00:00,1,,val,arima,0.31950003,0.2181808181220244
Merzenhausen,2021-12-17 18:00:00,1,,val,arima,0.323,0.21807080019884337
Merzenhausen,2021-12-17 19:00:00,1,,val,arima,0.323,0.217960837752324
Merzenhausen,2021-12-17 20:00:00,1,,val,arima,0.323,0.21785093075449208
Merzenhausen,2021-12-17 21:00:00,1,,val,arima,0.323,0.21774107917738755
Merzenhausen,2021-12-17 22:00:00,1,,val,arima,0.323,0.21763128299306445
Merzenhausen,2021-12-17 23:00:00,1,,val,arima,0.31950003,0.21752154217359093
Merzenhausen,2021-12-18 00:00:00,1,,val,arima,0.323,0.21741185669104918
Merzenhausen,2021-12-18 01:00:00,1,,val,arima,0.323,0.2173022265175355
Merzenhausen,2021-12-18 02:00:00,1,,val,arima,0.323,0.21719265162516022
Merzenhausen,2021-12-18 03:00:00,1,,val,arima,0.323,0.21708313198604778
Merzenhausen,2021-12-18 04:00:00,1,,val,arima,0.323,0.21697366757233671
Merzenhausen,2021-12-18 05:00:00,1,,val,arima,0.31950003,0.21686425835617948
Merzenhausen,2021-12-18 06:00:00,1,,val,arima,0.323,0.21675490430974265
Merzenhausen,2021-12-18 07:00:00,1,,val,arima,0.323,0.2166456054052069
Merzenhausen,2021-12-18 08:00:00,1,,val,arima,0.323,0.21653636161476675
Merzenhausen,2021-12-18 09:00:00,1,,val,arima,0.3225,0.21642717291063096
Merzenhausen,2021-12-18 10:00:00,1,,val,arima,0.323,0.2163180392650222
Merzenhausen,2021-12-18 11:00:00,1,,val,arima,0.323,0.21620896065017706
Merzenhausen,2021-12-18 12:00:00,1,,val,arima,0.323,0.2160999370383463
Merzenhausen,2021-12-18 13:00:00,1,,val,arima,0.323,0.21599096840179452
Merzenhausen,2021-12-18 14:00:00,1,,val,arima,0.323,0.21588205471280042
Merzenhausen,2021-12-18 15:00:00,1,,val,arima,0.323,0.21577319594365663
Merzenhausen,2021-12-18 16:00:00,1,,val,arima,0.323,0.2156643920666697
Merzenhausen,2021-12-18 17:00:00,1,,val,arima,0.3235,0.21555564305416028
Merzenhausen,2021-12-19 11:00:00,1,,val,arima,0.318,0.21544694887846283
Merzenhausen,2021-12-19 12:00:00,1,,val,arima,0.318,0.21533830951192587
Merzenhausen,2021-12-19 13:00:00,1,,val,arima,0.317,0.21522972492691178
Merzenhausen,2021-12-19 14:00:00,1,,val,arima,0.316,0.21512119509579697
Merzenhausen,2021-12-19 15:00:00,1,,val,arima,0.317,0.21501271999097166
Merzenhausen,2021-12-19 16:00:00,1,,val,arima,0.317,0.21490429958484009
Merzenhausen,2022-01-01 07:00:00,1,,val,arima,0.373,0.21479593384982038
Merzenhausen,2022-01-01 08:00:00,1,,val,arima,0.373,0.21468762275834455
Merzenhausen,2022-01-01 09:00:00,1,,val,arima,0.373,0.21457936628285856
Merzenhausen,2022-01-01 10:00:00,1,,val,arima,0.37,0.2144711643958222
Merzenhausen,2022-01-01 11:00:00,1,,val,arima,0.37,0.21436301706970923
Merzenhausen,2022-01-01 12:00:00,1,,val,arima,0.37,0.21425492427700718
Merzenhausen,2022-01-01 13:00:00,1,,val,arima,0.371,0.21414688599021756
Merzenhausen,2022-01-01 14:00:00,1,,val,arima,0.37,0.21403890218185567
Merzenhausen,2022-01-01 15:00:00,1,,val,arima,0.373,0.21393097282445075
Merzenhausen,2022-01-01 16:00:00,1,,val,arima,0.386,0.21382309789054582
Merzenhausen,2022-01-01 17:00:00,1,,val,arima,0.386,0.21371527735269774
Merzenhausen,2022-01-01 18:00:00,1,,val,arima,0.385,0.21360751118347726
Merzenhausen,2022-01-01 19:00:00,1,,val,arima,0.385,0.21349979935546898
Merzenhausen,2022-01-01 20:00:00,1,,val,arima,0.384,0.2133921418412712
Merzenhausen,2022-01-01 21:00:00,1,,val,arima,0.383,0.21328453861349617
Merzenhausen,2022-01-01 22:00:00,1,,val,arima,0.382,0.2131769896447699
Merzenhausen,2022-01-01 23:00:00,1,,val,arima,0.382,0.2130694949077322
Merzenhausen,2022-01-02 00:00:00,1,,val,arima,0.382,0.21296205437503668
Merzenhausen,2022-01-02 01:00:00,1,,val,arima,0.383,0.2128546680193507
Merzenhausen,2022-01-02 02:00:00,1,,val,arima,0.385,0.21274733581335553
Merzenhausen,2022-01-02 03:00:00,1,,val,arima,0.386,0.21264005772974606
Merzenhausen,2022-01-02 04:00:00,1,,val,arima,0.389,0.21253283374123103
Merzenhausen,2022-01-02 05:00:00,1,,val,arima,0.386,0.2124256638205329
Merzenhausen,2022-01-02 06:00:00,1,,val,arima,0.386,0.21231854794038796
Merzenhausen,2022-01-02 07:00:00,1,,val,arima,0.385,0.21221148607354617
Merzenhausen,2022-01-02 08:00:00,1,,val,arima,0.385,0.21210447819277128
Merzenhausen,2022-01-02 09:00:00,1,,val,arima,0.383,0.21199752427084076
Merzenhausen,2022-01-02 10:00:00,1,,val,arima,0.383,0.21189062428054578
Merzenhausen,2022-01-02 11:00:00,1,,val,arima,0.383,0.21178377819469127
Merzenhausen,2022-01-02 12:00:00,1,,val,arima,0.385,0.21167698598609586
Merzenhausen,2022-01-02 13:00:00,1,,val,arima,0.382,0.21157024762759186
Merzenhausen,2022-01-02 14:00:00,1,,val,arima,0.382,0.2114635630920253
Merzenhausen,2022-01-02 15:00:00,1,,val,arima,0.38,0.21135693235225592
Merzenhausen,2022-01-02 16:00:00,1,,val,arima,0.38,0.2112503553811571
Merzenhausen,2022-01-02 17:00:00,1,,val,arima,0.382,0.21114383215161597
Merzenhausen,2022-01-02 18:00:00,1,,val,arima,0.395,0.21103736263653328
Merzenhausen,2022-01-02 19:00:00,1,,val,arima,0.395,0.2109309468088234
Merzenhausen,2022-01-02 20:00:00,1,,val,arima,0.394,0.2108245846414145
Merzenhausen,2022-01-02 21:00:00,1,,val,arima,0.394,0.21071827610724822
Merzenhausen,2022-01-02 22:00:00,1,,val,arima,0.392,0.21061202117928002
Merzenhausen,2022-01-02 23:00:00,1,,val,arima,0.394,0.21050581983047884
Merzenhausen,2022-01-03 00:00:00,1,,val,arima,0.398,0.21039967203382737
Merzenhausen,2022-01-03 01:00:00,1,,val,arima,0.395,0.21029357776232188
Merzenhausen,2022-01-03 02:00:00,1,,val,arima,0.391,0.21018753698897225
Merzenhausen,2022-01-03 03:00:00,1,,val,arima,0.391,0.21008154968680198
Merzenhausen,2022-01-03 04:00:00,1,,val,arima,0.387,0.20997561582884816
Merzenhausen,2022-01-03 05:00:00,1,,val,arima,0.386,0.20986973538816145
Merzenhausen,2022-01-03 06:00:00,1,,val,arima,0.384,0.20976390833780617
Merzenhausen,2022-01-03 07:00:00,1,,val,arima,0.383,0.2096581346508602
Merzenhausen,2022-01-03 08:00:00,1,,val,arima,0.383,0.20955241430041494
Merzenhausen,2022-01-03 09:00:00,1,,val,arima,0.382,0.2094467472595754
Merzenhausen,2022-01-03 10:00:00,1,,val,arima,0.383,0.20934113350146022
Merzenhausen,2022-01-03 11:00:00,1,,val,arima,0.38,0.20923557299920142
Merzenhausen,2022-01-03 12:00:00,1,,val,arima,0.38,0.20913006572594478
Merzenhausen,2022-01-03 13:00:00,1,,val,arima,0.378,0.20902461165484945
Merzenhausen,2022-01-03 14:00:00,1,,val,arima,0.378,0.2089192107590882
Merzenhausen,2022-01-03 15:00:00,1,,val,arima,0.376,0.20881386301184732
Merzenhausen,2022-01-03 16:00:00,1,,val,arima,0.376,0.20870856838632657
Merzenhausen,2022-01-03 17:00:00,1,,val,arima,0.376,0.2086033268557393
Merzenhausen,2022-01-03 18:00:00,1,,val,arima,0.376,0.2084981383933123
Merzenhausen,2022-01-03 19:00:00,1,,val,arima,0.376,0.2083930029722859
Merzenhausen,2022-01-03 20:00:00,1,,val,arima,0.376,0.20828792056591394
Merzenhausen,2022-01-03 21:00:00,1,,val,arima,0.376,0.2081828911474637
Merzenhausen,2022-01-03 22:00:00,1,,val,arima,0.378,0.20807791469021597
Merzenhausen,2022-01-03 23:00:00,1,,val,arima,0.375,0.20797299116746498
Merzenhausen,2022-01-04 00:00:00,1,,val,arima,0.375,0.2078681205525185
Merzenhausen,2022-01-04 01:00:00,1,,val,arima,0.375,0.20776330281869765
Merzenhausen,2022-01-04 02:00:00,1,,val,arima,0.377,0.20765853793933708
Merzenhausen,2022-01-04 03:00:00,1,,val,arima,0.374,0.2075538258877849
Merzenhausen,2022-01-04 04:00:00,1,,val,arima,0.374,0.2074491666374026
Merzenhausen,2022-01-04 05:00:00,1,,val,arima,0.375,0.20734456016156513
Merzenhausen,2022-01-04 06:00:00,1,,val,arima,0.372,0.2072400064336609
Merzenhausen,2022-01-04 07:00:00,1,,val,arima,0.374,0.20713550542709164
Merzenhausen,2022-01-04 08:00:00,1,,val,arima,0.374,0.20703105711527262
Merzenhausen,2022-01-04 09:00:00,1,,val,arima,0.374,0.20692666147163244
Merzenhausen,2022-01-04 10:00:00,1,,val,arima,0.371,0.20682231846961308
Merzenhausen,2022-01-04 11:00:00,1,,val,arima,0.371,0.20671802808266998
Merzenhausen,2022-01-04 12:00:00,1,,val,arima,0.371,0.2066137902842719
Merzenhausen,2022-01-04 13:00:00,1,,val,arima,0.372,0.20650960504790103
Merzenhausen,2022-01-04 14:00:00,1,,val,arima,0.373,0.2064054723470529
Merzenhausen,2022-01-04 15:00:00,1,,val,arima,0.369,0.2063013921552364
Merzenhausen,2022-01-04 16:00:00,1,,val,arima,0.371,0.2061973644459738
Merzenhausen,2022-01-04 17:00:00,1,,val,arima,0.371,0.20609338919280074
Merzenhausen,2022-01-04 18:00:00,1,,val,arima,0.371,0.20598946636926613
Merzenhausen,2022-01-04 19:00:00,1,,val,arima,0.371,0.2058855959489323
Merzenhausen,2022-01-04 20:00:00,1,,val,arima,0.368,0.20578177790537489
Merzenhausen,2022-01-04 21:00:00,1,,val,arima,0.369,0.2056780122121828
Merzenhausen,2022-01-04 22:00:00,1,,val,arima,0.368,0.20557429884295836
Merzenhausen,2022-01-04 23:00:00,1,,val,arima,0.368,0.20547063777131708
Merzenhausen,2022-01-05 00:00:00,1,,val,arima,0.368,0.20536702897088793
Merzenhausen,2022-01-05 01:00:00,1,,val,arima,0.366,0.205263472415313
Merzenhausen,2022-01-05 02:00:00,1,,val,arima,0.366,0.20515996807824785
Merzenhausen,2022-01-05 03:00:00,1,,val,arima,0.366,0.20505651593336116
Merzenhausen,2022-01-05 04:00:00,1,,val,arima,0.368,0.20495311595433502
Merzenhausen,2022-01-05 05:00:00,1,,val,arima,0.368,0.20484976811486472
Merzenhausen,2022-01-05 06:00:00,1,,val,arima,0.368,0.20474647238865884
Merzenhausen,2022-01-05 07:00:00,1,,val,arima,0.366,0.2046432287494392
Merzenhausen,2022-01-05 08:00:00,1,,val,arima,0.368,0.20454003717094085
Merzenhausen,2022-01-05 09:00:00,1,,val,arima,0.368,0.20443689762691214
Merzenhausen,2022-01-05 10:00:00,1,,val,arima,0.368,0.20433381009111465
Merzenhausen,2022-01-05 11:00:00,1,,val,arima,0.365,0.20423077453732313
Merzenhausen,2022-01-05 12:00:00,1,,val,arima,0.366,0.20412779093932565
Merzenhausen,2022-01-05 13:00:00,1,,val,arima,0.366,0.20402485927092337
Merzenhausen,2022-01-05 14:00:00,1,,val,arima,0.366,0.20392197950593077
Merzenhausen,2022-01-05 15:00:00,1,,val,arima,0.366,0.2038191516181755
Merzenhausen,2022-01-05 16:00:00,1,,val,arima,0.366,0.2037163755814984
Merzenhausen,2022-01-05 17:00:00,1,,val,arima,0.367,0.2036136513697535
Merzenhausen,2022-01-05 18:00:00,1,,val,arima,0.366,0.20351097895680806
Merzenhausen,2022-01-05 19:00:00,1,,val,arima,0.367,0.20340835831654241
Merzenhausen,2022-01-05 20:00:00,1,,val,arima,0.367,0.20330578942285016
Merzenhausen,2022-01-05 21:00:00,1,,val,arima,0.365,0.20320327224963802
Merzenhausen,2022-01-05 22:00:00,1,,val,arima,0.365,0.20310080677082593
Merzenhausen,2022-01-05 23:00:00,1,,val,arima,0.365,0.20299839296034689
Merzenhausen,2022-01-06 00:00:00,1,,val,arima,0.365,0.20289603079214708
Merzenhausen,2022-01-06 01:00:00,1,,val,arima,0.365,0.20279372024018583
Merzenhausen,2022-01-06 02:00:00,1,,val,arima,0.365,0.20269146127843557
Merzenhausen,2022-01-06 03:00:00,1,,val,arima,0.365,0.20258925388088192
Merzenhausen,2022-01-06 04:00:00,1,,val,arima,0.365,0.20248709802152354
Merzenhausen,2022-01-06 05:00:00,1,,val,arima,0.365,0.2023849936743723
Merzenhausen,2022-01-06 06:00:00,1,,val,arima,0.365,0.20228294081345305
Merzenhausen,2022-01-06 07:00:00,1,,val,arima,0.365,0.2021809394128038
Merzenhausen,2022-01-06 08:00:00,1,,val,arima,0.365,0.20207898944647568
Merzenhausen,2022-01-06 09:00:00,1,,val,arima,0.365,0.20197709088853286
Merzenhausen,2022-01-06 10:00:00,1,,val,arima,0.365,0.2018752437130526
Merzenhausen,2022-01-06 11:00:00,1,,val,arima,0.364,0.20177344789412524
Merzenhausen,2022-01-06 12:00:00,1,,val,arima,0.365,0.2016717034058542
Merzenhausen,2022-01-06 13:00:00,1,,val,arima,0.363,0.20157001022235588
Merzenhausen,2022-01-06 14:00:00,1,,val,arima,0.363,0.20146836831775988
Merzenhausen,2022-01-06 15:00:00,1,,val,arima,0.363,0.2013667776662087
Merzenhausen,2022-01-06 16:00:00,1,,val,arima,0.363,0.20126523824185794
Merzenhausen,2022-01-06 17:00:00,1,,val,arima,0.364,0.2011637500188762
Merzenhausen,2022-01-06 18:00:00,1,,val,arima,0.364,0.2010623129714452
Merzenhausen,2022-01-06 19:00:00,1,,val,arima,0.363,0.20096092707375957
Merzenhausen,2022-01-06 20:00:00,1,,val,arima,0.364,0.20085959230002698
Merzenhausen,2022-01-06 21:00:00,1,,val,arima,0.365,0.20075830862446814
Merzenhausen,2022-01-06 22:00:00,1,,val,arima,0.364,0.20065707602131672
Merzenhausen,2022-01-06 23:00:00,1,,val,arima,0.365,0.20055589446481942
Merzenhausen,2022-01-07 00:00:00,1,,val,arima,0.364,0.2004547639292359
Merzenhausen,2022-01-07 01:00:00,1,,val,arima,0.365,0.20035368438883883
Merzenhausen,2022-01-07 02:00:00,1,,val,arima,0.385,0.2002526558179138
Merzenhausen,2022-01-07 03:00:00,1,,val,arima,0.392,0.20015167819075938
Merzenhausen,2022-01-07 04:00:00,1,,val,arima,0.389,0.20005075148168716
Merzenhausen,2022-01-07 05:00:00,1,,val,arima,0.387,0.19994987566502162
Merzenhausen,2022-01-07 06:00:00,1,,val,arima,0.386,0.1998490507151002
Merzenhausen,2022-01-07 07:00:00,1,,val,arima,0.384,0.1997482766062733
Merzenhausen,2022-01-07 08:00:00,1,,val,arima,0.383,0.19964755331290424
Merzenhausen,2022-01-07 09:00:00,1,,val,arima,0.383,0.19954688080936922
Merzenhausen,2022-01-07 10:00:00,1,,val,arima,0.382,0.1994462590700575
Merzenhausen,2022-01-07 11:00:00,1,,val,arima,0.38,0.19934568806937109
Merzenhausen,2022-01-07 12:00:00,1,,val,arima,0.38,0.19924516778172502
Merzenhausen,2022-01-07 13:00:00,1,,val,arima,0.378,0.19914469818154718
Merzenhausen,2022-01-07 14:00:00,1,,val,arima,0.378,0.19904427924327833
Merzenhausen,2022-01-07 15:00:00,1,,val,arima,0.378,0.19894391094137215
Merzenhausen,2022-01-07 16:00:00,1,,val,arima,0.377,0.19884359325029521
Merzenhausen,2022-01-07 17:00:00,1,,val,arima,0.377,0.19874332614452694
Merzenhausen,2022-01-07 18:00:00,1,,val,arima,0.375,0.19864310959855966
Merzenhausen,2022-01-07 19:00:00,1,,val,arima,0.377,0.1985429435868985
Merzenhausen,2022-01-07 20:00:00,1,,val,arima,0.377,0.1984428280840615
Merzenhausen,2022-01-07 21:00:00,1,,val,arima,0.374,0.19834276306457949
Merzenhausen,2022-01-07 22:00:00,1,,val,arima,0.374,0.19824274850299625
Merzenhausen,2022-01-07 23:00:00,1,,val,arima,0.373,0.19814278437386829
Merzenhausen,2022-01-08 00:00:00,1,,val,arima,0.373,0.19804287065176496
Merzenhausen,2022-01-08 01:00:00,1,,val,arima,0.373,0.19794300731126852
Merzenhausen,2022-01-08 02:00:00,1,,val,arima,0.373,0.19784319432697395
Merzenhausen,2022-01-08 03:00:00,1,,val,arima,0.373,0.19774343167348907
Merzenhausen,2022-01-08 04:00:00,1,,val,arima,0.371,0.19764371932543456
Merzenhausen,2022-01-08 05:00:00,1,,val,arima,0.372,0.1975440572574438
Merzenhausen,2022-01-08 07:00:00,1,,val,arima,0.37,0.19744444544416306
Merzenhausen,2022-01-08 08:00:00,1,,val,arima,0.37,0.19734488386025129
Merzenhausen,2022-01-08 09:00:00,1,,val,arima,0.37,0.19724537248038032
Merzenhausen,2022-01-08 10:00:00,1,,val,arima,0.368,0.19714591127923464
Merzenhausen,2022-01-08 11:00:00,1,,val,arima,0.368,0.19704650023151166
Merzenhausen,2022-01-08 12:00:00,1,,val,arima,0.368,0.1969471393119214
Merzenhausen,2022-01-08 13:00:00,1,,val,arima,0.37,0.19684782849518673
Merzenhausen,2022-01-08 14:00:00,1,,val,arima,0.368,0.1967485677560432
Merzenhausen,2022-01-08 15:00:00,1,,val,arima,0.368,0.19664935706923914
Merzenhausen,2022-01-08 16:00:00,1,,val,arima,0.368,0.19655019640953558
Merzenhausen,2022-01-08 17:00:00,1,,val,arima,0.368,0.19645108575170633
Merzenhausen,2022-01-08 18:00:00,1,,val,arima,0.368,0.1963520250705379
Merzenhausen,2022-01-09 11:00:00,1,,val,arima,0.362,0.19625301434082942
Merzenhausen,2022-01-09 12:00:00,1,,val,arima,0.362,0.1961540535373929
Merzenhausen,2022-01-09 13:00:00,1,,val,arima,0.362,0.19605514263505294
Merzenhausen,2022-01-09 14:00:00,1,,val,arima,0.362,0.19595628160864684
Merzenhausen,2022-01-09 15:00:00,1,,val,arima,0.364,0.1958574704330246
Merzenhausen,2022-01-09 16:00:00,1,,val,arima,0.364,0.19575870908304893
Merzenhausen,2022-01-09 17:00:00,1,,val,arima,0.364,0.19565999753359517
Merzenhausen,2022-01-09 18:00:00,1,,val,arima,0.364,0.19556133575955137
Merzenhausen,2022-01-09 19:00:00,1,,val,arima,0.364,0.1954627237358182
Merzenhausen,2022-01-09 20:00:00,1,,val,arima,0.364,0.19536416143730903
Merzenhausen,2022-01-09 21:00:00,1,,val,arima,0.362,0.19526564883894984
Merzenhausen,2022-01-09 22:00:00,1,,val,arima,0.362,0.1951671859156793
Merzenhausen,2022-01-09 23:00:00,1,,val,arima,0.362,0.19506877264244868
Merzenhausen,2022-01-10 00:00:00,1,,val,arima,0.362,0.19497040899422186
Merzenhausen,2022-01-10 03:00:00,1,,val,arima,0.363,0.1948720949459754
Merzenhausen,2022-01-10 05:00:00,1,,val,arima,0.362,0.19477383047269847
Merzenhausen,2022-02-02 14:00:00,1,,val,arima,0.36,0.19467561554939283
Merzenhausen,2022-02-02 15:00:00,1,,val,arima,0.36,0.19457745015107286
Merzenhausen,2022-02-02 16:00:00,1,,val,arima,0.358,0.19447933425276548
Merzenhausen,2022-02-02 17:00:00,1,,val,arima,0.36,0.19438126782951032
Merzenhausen,2022-02-02 18:00:00,1,,val,arima,0.36,0.19428325085635945
Merzenhausen,2022-02-02 19:00:00,1,,val,arima,0.36,0.1941852833083777
Merzenhausen,2022-02-02 20:00:00,1,,val,arima,0.36,0.1940873651606423
Merzenhausen,2022-02-02 21:00:00,1,,val,arima,0.36,0.19398949638824314
Merzenhausen,2022-02-02 22:00:00,1,,val,arima,0.36,0.19389167696628262
Merzenhausen,2022-02-02 23:00:00,1,,val,arima,0.36,0.1937939068698758
Merzenhausen,2022-02-03 00:00:00,1,,val,arima,0.36,0.19369618607415012
Merzenhausen,2022-02-03 01:00:00,1,,val,arima,0.357,0.19359851455424576
Merzenhausen,2022-02-03 02:00:00,1,,val,arima,0.36,0.19350089228531525
Merzenhausen,2022-02-03 03:00:00,1,,val,arima,0.357,0.19340331924252374
Merzenhausen,2022-02-03 04:00:00,1,,val,arima,0.357,0.19330579540104895
Merzenhausen,2022-02-03 05:00:00,1,,val,arima,0.357,0.19320832073608102
Merzenhausen,2022-02-03 06:00:00,1,,val,arima,0.357,0.19311089522282263
Merzenhausen,2022-02-03 07:00:00,1,,val,arima,0.357,0.19301351883648898
Merzenhausen,2022-02-03 08:00:00,1,,val,arima,0.357,0.19291619155230777
Merzenhausen,2022-02-03 09:00:00,1,,val,arima,0.357,0.1928189133455192
Merzenhausen,2022-02-03 10:00:00,1,,val,arima,0.355,0.19272168419137592
Merzenhausen,2022-02-03 11:00:00,1,,val,arima,0.357,0.1926245040651431
Merzenhausen,2022-02-03 12:00:00,1,,val,arima,0.355,0.19252737294209832
Merzenhausen,2022-02-03 13:00:00,1,,val,arima,0.355,0.1924302907975317
Merzenhausen,2022-02-03 14:00:00,1,,val,arima,0.357,0.19233325760674577
Merzenhausen,2022-02-03 15:00:00,1,,val,arima,0.357,0.19223627334505555
Merzenhausen,2022-02-03 16:00:00,1,,val,arima,0.355,0.19213933798778848
Merzenhausen,2022-02-03 17:00:00,1,,val,arima,0.355,0.19204245151028446
Merzenhausen,2022-02-03 18:00:00,1,,val,arima,0.356,0.19194561388789577
Merzenhausen,2022-02-03 19:00:00,1,,val,arima,0.354,0.19184882509598722
Merzenhausen,2022-02-03 20:00:00,1,,val,arima,0.354,0.19175208510993597
Merzenhausen,2022-02-03 21:00:00,1,,val,arima,0.354,0.1916553939051316
Merzenhausen,2022-02-03 22:00:00,1,,val,arima,0.354,0.1915587514569761
Merzenhausen,2022-02-03 23:00:00,1,,val,arima,0.352,0.19146215774088388
Merzenhausen,2022-02-04 00:00:00,1,,val,arima,0.352,0.19136561273228178
Merzenhausen,2022-02-04 01:00:00,1,,val,arima,0.352,0.19126911640660893
Merzenhausen,2022-02-04 02:00:00,1,,val,arima,0.353,0.19117266873931696
Merzenhausen,2022-02-04 03:00:00,1,,val,arima,0.352,0.19107626970586983
Merzenhausen,2022-02-04 04:00:00,1,,val,arima,0.355,0.19097991928174382
Merzenhausen,2022-02-04 05:00:00,1,,val,arima,0.354,0.19088361744242766
Merzenhausen,2022-02-04 06:00:00,1,,val,arima,0.354,0.1907873641634224
Merzenhausen,2022-02-04 07:00:00,1,,val,arima,0.355,0.19069115942024145
Merzenhausen,2022-02-04 08:00:00,1,,val,arima,0.359,0.19059500318841055
Merzenhausen,2022-02-04 09:00:00,1,,val,arima,0.366,0.19049889544346782
Merzenhausen,2022-02-04 10:00:00,1,,val,arima,0.384,0.19040283616096368
Merzenhausen,2022-02-04 11:00:00,1,,val,arima,0.389,0.1903068253164609
Merzenhausen,2022-02-04 12:00:00,1,,val,arima,0.39,0.19021086288553457
Merzenhausen,2022-02-04 13:00:00,1,,val,arima,0.387,0.19011494884377206
Merzenhausen,2022-02-04 14:00:00,1,,val,arima,0.391,0.1900190831667731
Merzenhausen,2022-02-04 15:00:00,1,,val,arima,0.39,0.18992326583014968
Merzenhausen,2022-02-04 16:00:00,1,,val,arima,0.39,0.18982749680952615
Merzenhausen,2022-02-04 17:00:00,1,,val,arima,0.387,0.1897317760805391
Merzenhausen,2022-02-04 18:00:00,1,,val,arima,0.387,0.18963610361883737
Merzenhausen,2022-02-04 19:00:00,1,,val,arima,0.394,0.1895404794000822
Merzenhausen,2022-02-04 20:00:00,1,,val,arima,0.393,0.189444903399947
Merzenhausen,2022-02-04 21:00:00,1,,val,arima,0.39,0.18934937559411746
Merzenhausen,2022-02-04 22:00:00,1,,val,arima,0.39,0.18925389595829156
Merzenhausen,2022-02-04 23:00:00,1,,val,arima,0.39,0.18915846446817952
Merzenhausen,2022-02-05 00:00:00,1,,val,arima,0.389,0.18906308109950382
Merzenhausen,2022-02-05 01:00:00,1,,val,arima,0.386,0.1889677458279992
Merzenhausen,2022-02-05 02:00:00,1,,val,arima,0.388,0.18887245862941252
Merzenhausen,2022-02-05 03:00:00,1,,val,arima,0.385,0.18877721947950302
Merzenhausen,2022-02-05 04:00:00,1,,val,arima,0.385,0.1886820283540421
Merzenhausen,2022-02-05 05:00:00,1,,val,arima,0.385,0.18858688522881337
Merzenhausen,2022-02-05 06:00:00,1,,val,arima,0.382,0.18849179007961264
Merzenhausen,2022-02-05 07:00:00,1,,val,arima,0.38,0.18839674288224795
Merzenhausen,2022-02-05 08:00:00,1,,val,arima,0.377,0.18830174361253957
Merzenhausen,2022-02-05 09:00:00,1,,val,arima,0.379,0.18820679224631987
Merzenhausen,2022-02-05 10:00:00,1,,val,arima,0.377,0.18811188875943352
Merzenhausen,2022-02-05 11:00:00,1,,val,arima,0.376,0.18801703312773727
Merzenhausen,2022-02-05 12:00:00,1,,val,arima,0.376,0.18792222532710007
Merzenhausen,2022-02-05 13:00:00,1,,val,arima,0.374,0.1878274653334031
Merzenhausen,2022-02-05 14:00:00,1,,val,arima,0.375,0.18773275312253965
Merzenhausen,2022-02-05 15:00:00,1,,val,arima,0.374,0.18763808867041515
Merzenhausen,2022-02-05 16:00:00,1,,val,arima,0.374,0.18754347195294724
Merzenhausen,2022-02-05 17:00:00,1,,val,arima,0.374,0.18744890294606562
Merzenhausen,2022-02-05 18:00:00,1,,val,arima,0.371,0.18735438162571216
Merzenhausen,2022-02-05 19:00:00,1,,val,arima,0.371,0.18725990796784095
Merzenhausen,2022-02-05 20:00:00,1,,val,arima,0.372,0.1871654819484181
Merzenhausen,2022-02-05 21:00:00,1,,val,arima,0.371,0.1870711035434218
Merzenhausen,2022-02-05 22:00:00,1,,val,arima,0.371,0.1869767727288425
Merzenhausen,2022-02-05 23:00:00,1,,val,arima,0.371,0.18688248948068267
Merzenhausen,2022-02-06 00:00:00,1,,val,arima,0.371,0.18678825377495686
Merzenhausen,2022-02-06 01:00:00,1,,val,arima,0.371,0.18669406558769175
Merzenhausen,2022-02-06 02:00:00,1,,val,arima,0.368,0.18659992489492613
Merzenhausen,2022-02-06 03:00:00,1,,val,arima,0.368,0.18650583167271084
Merzenhausen,2022-02-06 04:00:00,1,,val,arima,0.369,0.18641178589710877
Merzenhausen,2022-02-06 05:00:00,1,,val,arima,0.369,0.18631778754419492
Merzenhausen,2022-02-06 06:00:00,1,,val,arima,0.369,0.18622383659005637
Merzenhausen,2022-02-06 07:00:00,1,,val,arima,0.369,0.18612993301079223
Merzenhausen,2022-02-06 08:00:00,1,,val,arima,0.366,0.18603607678251363
Merzenhausen,2022-02-06 09:00:00,1,,val,arima,0.369,0.18594226788134383
Merzenhausen,2022-02-06 10:00:00,1,,val,arima,0.366,0.18584850628341806
Merzenhausen,2022-02-06 11:00:00,1,,val,arima,0.369,0.1857547919648836
Merzenhausen,2022-02-06 12:00:00,1,,val,arima,0.367,0.1856611249018998
Merzenhausen,2022-02-06 13:00:00,1,,val,arima,0.367,0.18556750507063793
Merzenhausen,2022-02-06 14:00:00,1,,val,arima,0.367,0.1854739324472814
Merzenhausen,2022-02-06 15:00:00,1,,val,arima,0.367,0.18538040700802555
Merzenhausen,2022-02-06 16:00:00,1,,val,arima,0.367,0.1852869287290777
Merzenhausen,2022-02-06 17:00:00,1,,val,arima,0.367,0.1851934975866573
Merzenhausen,2022-02-06 18:00:00,1,,val,arima,0.369,0.18510011355699563
Merzenhausen,2022-02-06 19:00:00,1,,val,arima,0.369,0.18500677661633608
Merzenhausen,2022-02-06 20:00:00,1,,val,arima,0.365,0.1849134867409339
Merzenhausen,2022-02-06 21:00:00,1,,val,arima,0.366,0.18482024390705648
Merzenhausen,2022-02-06 22:00:00,1,,val,arima,0.366,0.184727048090983
Merzenhausen,2022-02-06 23:00:00,1,,val,arima,0.365,0.1846338992690047
Merzenhausen,2022-02-07 00:00:00,1,,val,arima,0.366,0.18454079741742474
Merzenhausen,2022-02-07 01:00:00,1,,val,arima,0.367,0.1844477425125583
Merzenhausen,2022-02-07 02:00:00,1,,val,arima,0.367,0.18435473453073237
Merzenhausen,2022-02-07 03:00:00,1,,val,arima,0.364,0.18426177344828598
Merzenhausen,2022-02-07 04:00:00,1,,val,arima,0.364,0.18416885924157012
Merzenhausen,2022-02-07 05:00:00,1,,val,arima,0.364,0.18407599188694757
Merzenhausen,2022-02-07 06:00:00,1,,val,arima,0.364,0.18398317136079315
Merzenhausen,2022-02-07 07:00:00,1,,val,arima,0.364,0.18389039763949355
Merzenhausen,2022-02-07 08:00:00,1,,val,arima,0.366,0.18379767069944739
Merzenhausen,2022-02-07 09:00:00,1,,val,arima,0.366,0.18370499051706513
Merzenhausen,2022-02-07 10:00:00,1,,val,arima,0.364,0.18361235706876916
Merzenhausen,2022-02-07 11:00:00,1,,val,arima,0.366,0.18351977033099381
Merzenhausen,2022-02-07 12:00:00,1,,val,arima,0.366,0.1834272302801852
Merzenhausen,2022-02-07 13:00:00,1,,val,arima,0.366,0.18333473689280144
Merzenhausen,2022-02-07 14:00:00,1,,val,arima,0.364,0.18324229014531238
Merzenhausen,2022-02-07 15:00:00,1,,val,arima,0.364,0.18314989001419982
Merzenhausen,2022-02-07 16:00:00,1,,val,arima,0.364,0.1830575364759574
Merzenhausen,2022-02-07 17:00:00,1,,val,arima,0.364,0.18296522950709063
Merzenhausen,2022-02-07 18:00:00,1,,val,arima,0.364,0.18287296908411682
Merzenhausen,2022-02-07 19:00:00,1,,val,arima,0.363,0.18278075518356518
Merzenhausen,2022-02-07 20:00:00,1,,val,arima,0.361,0.18268858778197672
Merzenhausen,2022-02-07 21:00:00,1,,val,arima,0.361,0.18259646685590425
Merzenhausen,2022-02-07 22:00:00,1,,val,arima,0.363,0.18250439238191252
Merzenhausen,2022-02-07 23:00:00,1,,val,arima,0.363,0.18241236433657793
Merzenhausen,2022-02-08 00:00:00,1,,val,arima,0.36,0.18232038269648881
Merzenhausen,2022-02-08 01:00:00,1,,val,arima,0.363,0.1822284474382453
Merzenhausen,2022-02-08 02:00:00,1,,val,arima,0.36,0.18213655853845923
Merzenhausen,2022-02-08 03:00:00,1,,val,arima,0.36,0.18204471597375432
Merzenhausen,2022-02-08 04:00:00,1,,val,arima,0.361,0.1819529197207661
Merzenhausen,2022-02-08 05:00:00,1,,val,arima,0.36,0.18186116975614178
Merzenhausen,2022-02-08 06:00:00,1,,val,arima,0.362,0.18176946605654043
Merzenhausen,2022-02-08 07:00:00,1,,val,arima,0.361,0.18167780859863283
Merzenhausen,2022-02-08 08:00:00,1,,val,arima,0.361,0.1815861973591016
Merzenhausen,2022-02-08 09:00:00,1,,val,arima,0.359,0.18149463231464102
Merzenhausen,2022-02-08 10:00:00,1,,val,arima,0.362,0.1814031134419572
Merzenhausen,2022-02-08 11:00:00,1,,val,arima,0.362,0.181311640717768
Merzenhausen,2022-02-08 12:00:00,1,,val,arima,0.362,0.18122021411880293
Merzenhausen,2022-02-08 13:00:00,1,,val,arima,0.36,0.18112883362180332
Merzenhausen,2022-02-08 14:00:00,1,,val,arima,0.362,0.18103749920352222
Merzenhausen,2022-02-08 15:00:00,1,,val,arima,0.36,0.18094621084072438
Merzenhausen,2022-02-08 16:00:00,1,,val,arima,0.363,0.18085496851018623
Merzenhausen,2022-02-08 17:00:00,1,,val,arima,0.363,0.180763772188696
Merzenhausen,2022-02-08 18:00:00,1,,val,arima,0.363,0.18067262185305355
Merzenhausen,2022-02-08 19:00:00,1,,val,arima,0.362,0.18058151748007045
Merzenhausen,2022-02-08 22:00:00,1,,val,arima,0.38950002,0.18049045904657002
Merzenhausen,2022-02-08 23:00:00,1,,val,arima,0.392,0.18039944652938722
Merzenhausen,2022-02-09 00:00:00,1,,val,arima,0.389,0.18030847990536863
Merzenhausen,2022-02-09 01:00:00,1,,val,arima,0.39,0.18021755915137266
Merzenhausen,2022-02-09 02:00:00,1,,val,arima,0.385,0.18012668424426925
Merzenhausen,2022-02-09 03:00:00,1,,val,arima,0.385,0.18003585516094006
Merzenhausen,2022-02-09 04:00:00,1,,val,arima,0.382,0.1799450718782784
Merzenhausen,2022-02-09 05:00:00,1,,val,arima,0.382,0.17985433437318923
Merzenhausen,2022-02-09 06:00:00,1,,val,arima,0.382,0.17976364262258915
Merzenhausen,2022-02-09 07:00:00,1,,val,arima,0.38,0.17967299660340644
Merzenhausen,2022-02-09 08:00:00,1,,val,arima,0.38,0.17958239629258094
Merzenhausen,2022-02-09 09:00:00,1,,val,arima,0.379,0.17949184166706417
Merzenhausen,2022-02-09 10:00:00,1,,val,arima,0.379,0.1794013327038193
Merzenhausen,2022-02-09 11:00:00,1,,val,arima,0.378,0.17931086937982105
Merzenhausen,2022-02-09 12:00:00,1,,val,arima,0.379,0.17922045167205575
Merzenhausen,2022-02-09 13:00:00,1,,val,arima,0.38,0.17913007955752142
Merzenhausen,2022-02-09 14:00:00,1,,val,arima,0.379,0.17903975301322755
Merzenhausen,2022-02-09 15:00:00,1,,val,arima,0.3765,0.17894947201619538
Merzenhausen,2022-02-09 16:00:00,1,,val,arima,0.377,0.1788592365434576
Merzenhausen,2022-02-09 17:00:00,1,,val,arima,0.377,0.1787690465720585
Merzenhausen,2022-02-09 18:00:00,1,,val,arima,0.376,0.17867890207905407
Merzenhausen,2022-02-09 19:00:00,1,,val,arima,0.376,0.1785888030415117
Merzenhausen,2022-02-09 20:00:00,1,,val,arima,0.376,0.17849874943651045
Merzenhausen,2022-02-10 09:00:00,1,,val,arima,0.365,0.17840874124114092
Merzenhausen,2022-02-10 10:00:00,1,,val,arima,0.367,0.17831877843250524
Merzenhausen,2022-02-10 11:00:00,1,,val,arima,0.367,0.1782288609877171
Merzenhausen,2022-02-10 12:00:00,1,,val,arima,0.367,0.17813898888390173
Merzenhausen,2022-02-10 13:00:00,1,,val,arima,0.367,0.17804916209819588
Merzenhausen,2022-02-10 14:00:00,1,,val,arima,0.37,0.17795938060774785
Merzenhausen,2022-02-10 15:00:00,1,,val,arima,0.366,0.17786964438971747
Merzenhausen,2022-02-10 16:00:00,1,,val,arima,0.367,0.17777995342127606
Merzenhausen,2022-02-10 17:00:00,1,,val,arima,0.367,0.17769030767960647
Merzenhausen,2022-02-10 18:00:00,1,,val,arima,0.366,0.17760070714190307
Merzenhausen,2022-02-10 19:00:00,1,,val,arima,0.366,0.17751115178537166
Merzenhausen,2022-02-23 08:00:00,1,,val,arima,0.386,0.17742164158722962
Merzenhausen,2022-02-23 09:00:00,1,,val,arima,0.386,0.17733217652470576
Merzenhausen,2022-02-23 10:00:00,1,,val,arima,0.387,0.1772427565750404
Merzenhausen,2022-02-23 11:00:00,1,,val,arima,0.385,0.17715338171548534
Merzenhausen,2022-02-23 12:00:00,1,,val,arima,0.385,0.17706405192330382
Merzenhausen,2022-02-23 13:00:00,1,,val,arima,0.385,0.1769747671757706
Merzenhausen,2022-02-23 14:00:00,1,,val,arima,0.39,0.17688552745017183
Merzenhausen,2022-02-23 15:00:00,1,,val,arima,0.386,0.17679633272380518
Merzenhausen,2022-02-23 16:00:00,1,,val,arima,0.386,0.17670718297397975
Merzenhausen,2022-02-23 17:00:00,1,,val,arima,0.384,0.176618078178016
Merzenhausen,2022-02-23 18:00:00,1,,val,arima,0.384,0.17652901831324597
Merzenhausen,2022-02-23 19:00:00,1,,val,arima,0.383,0.176440003357013
Merzenhausen,2022-02-23 20:00:00,1,,val,arima,0.381,0.1763510332866719
Merzenhausen,2022-02-23 21:00:00,1,,val,arima,0.382,0.17626210807958897
Merzenhausen,2022-02-23 22:00:00,1,,val,arima,0.382,0.1761732277131418
Merzenhausen,2022-02-23 23:00:00,1,,val,arima,0.382,0.17608439216471952
Merzenhausen,2022-02-24 00:00:00,1,,val,arima,0.382,0.17599560141172255
Merzenhausen,2022-02-24 01:00:00,1,,val,arima,0.382,0.1759068554315627
Merzenhausen,2022-02-24 02:00:00,1,,val,arima,0.382,0.1758181542016633
Merzenhausen,2022-02-24 03:00:00,1,,val,arima,0.38,0.17572949769945895
Merzenhausen,2022-02-24 04:00:00,1,,val,arima,0.38,0.17564088590239563
Merzenhausen,2022-02-24 08:00:00,1,,val,arima,0.377,0.17555231878793073
Merzenhausen,2022-02-24 09:00:00,1,,val,arima,0.379,0.17546379633353304
Merzenhausen,2022-02-24 10:00:00,1,,val,arima,0.377,0.17537531851668264
Merzenhausen,2022-02-24 11:00:00,1,,val,arima,0.377,0.175286885314871
Merzenhausen,2022-02-24 12:00:00,1,,val,arima,0.378,0.17519849670560095
Merzenhausen,2022-02-24 13:00:00,1,,val,arima,0.378,0.17511015266638663
Merzenhausen,2022-02-24 14:00:00,1,,val,arima,0.376,0.17502185317475355
Merzenhausen,2022-02-24 15:00:00,1,,val,arima,0.376,0.17493359820823853
Merzenhausen,2022-03-17 07:00:00,1,,val,arima,0.3025,0.17484538774438974
Merzenhausen,2022-03-17 08:00:00,1,,val,arima,0.306,0.17475722176076666
Merzenhausen,2022-03-17 09:00:00,1,,val,arima,0.3025,0.1746691002349401
Merzenhausen,2022-03-17 10:00:00,1,,val,arima,0.307,0.17458102314449211
Merzenhausen,2022-03-17 11:00:00,1,,val,arima,0.306,0.17449299046701616
Merzenhausen,2022-03-17 12:00:00,1,,val,arima,0.307,0.17440500218011695
Merzenhausen,2022-03-17 13:00:00,1,,val,arima,0.306,0.17431705826141047
Merzenhausen,2022-03-17 14:00:00,1,,val,arima,0.306,0.174229158688524
Merzenhausen,2022-03-17 15:00:00,1,,val,arima,0.306,0.17414130343909615
Merzenhausen,2022-03-17 16:00:00,1,,val,arima,0.306,0.17405349249077673
Merzenhausen,2022-03-17 17:00:00,1,,val,arima,0.304,0.17396572582122682
Merzenhausen,2022-03-17 18:00:00,1,,val,arima,0.305,0.17387800340811888
Merzenhausen,2022-03-17 19:00:00,1,,val,arima,0.306,0.1737903252291365
Merzenhausen,2022-03-17 20:00:00,1,,val,arima,0.305,0.1737026912619746
Merzenhausen,2022-03-17 21:00:00,1,,val,arima,0.306,0.17361510148433928
Merzenhausen,2022-03-17 22:00:00,1,,val,arima,0.306,0.17352755587394797
Merzenhausen,2022-03-17 23:00:00,1,,val,arima,0.306,0.17344005440852928
Merzenhausen,2022-03-18 00:00:00,1,,val,arima,0.304,0.173352597065823
Merzenhausen,2022-03-18 01:00:00,1,,val,arima,0.304,0.1732651838235803
Merzenhausen,2022-03-18 02:00:00,1,,val,arima,0.304,0.1731778146595634
Merzenhausen,2022-03-18 03:00:00,1,,val,arima,0.305,0.17309048955154582
Merzenhausen,2022-03-25 07:00:00,1,,val,arima,0.268,0.17300320847731226
Merzenhausen,2022-03-25 08:00:00,1,,val,arima,0.27,0.17291597141465867
Merzenhausen,2022-03-25 09:00:00,1,,val,arima,0.274,0.17282877834139213
Merzenhausen,2022-03-25 10:00:00,1,,val,arima,0.275,0.17274162923533093
Merzenhausen,2022-03-25 11:00:00,1,,val,arima,0.276,0.1726545240743046
Merzenhausen,2022-03-25 12:00:00,1,,val,arima,0.275,0.17256746283615376
Merzenhausen,2022-03-25 13:00:00,1,,val,arima,0.275,0.17248044549873032
Merzenhausen,2022-03-25 14:00:00,1,,val,arima,0.275,0.17239347203989722
Merzenhausen,2022-03-25 15:00:00,1,,val,arima,0.274,0.17230654243752866
Merzenhausen,2022-03-25 16:00:00,1,,val,arima,0.275,0.17221965666950997
Merzenhausen,2022-03-25 17:00:00,1,,val,arima,0.271,0.17213281471373765
Merzenhausen,2022-03-25 18:00:00,1,,val,arima,0.271,0.17204601654811927
Merzenhausen,2022-03-25 19:00:00,1,,val,arima,0.271,0.1719592621505736
Merzenhausen,2022-03-25 20:00:00,1,,val,arima,0.271,0.17187255149903063
Merzenhausen,2022-03-25 21:00:00,1,,val,arima,0.269,0.1717858845714313
Merzenhausen,2022-03-25 22:00:00,1,,val,arima,0.269,0.17169926134572777
Merzenhausen,2022-03-25 23:00:00,1,,val,arima,0.268,0.17161268179988334
Merzenhausen,2022-03-26 00:00:00,1,,val,arima,0.267,0.17152614591187237
Merzenhausen,2022-03-26 01:00:00,1,,val,arima,0.267,0.1714396536596804
Merzenhausen,2022-03-26 02:00:00,1,,val,arima,0.268,0.1713532050213039
Merzenhausen,2022-03-26 03:00:00,1,,val,arima,0.273,0.1712667999747507
Merzenhausen,2022-03-26 04:00:00,1,,val,arima,0.273,0.1711804384980395
Merzenhausen,2022-04-14 23:00:00,1,,val,arima,0.296,0.17109412056920015
Merzenhausen,2022-04-15 00:00:00,1,,val,arima,0.294,0.17100784616627357
Merzenhausen,2022-04-15 01:00:00,1,,val,arima,0.294,0.17092161526731184
Merzenhausen,2022-04-15 02:00:00,1,,val,arima,0.295,0.17083542785037797
Merzenhausen,2022-04-15 03:00:00,1,,val,arima,0.294,0.17074928389354616
Merzenhausen,2022-04-15 04:00:00,1,,val,arima,0.294,0.17066318337490155
Merzenhausen,2022-04-15 05:00:00,1,,val,arima,0.294,0.1705771262725404
Merzenhausen,2022-04-15 06:00:00,1,,val,arima,0.296,0.17049111256457
Merzenhausen,2022-04-15 07:00:00,1,,val,arima,0.296,0.17040514222910869
Merzenhausen,2022-04-15 08:00:00,1,,val,arima,0.294,0.17031921524428584
Merzenhausen,2022-04-15 09:00:00,1,,val,arima,0.292,0.1702333315882418
Merzenhausen,2022-04-15 10:00:00,1,,val,arima,0.291,0.17014749123912803
Merzenhausen,2022-04-15 11:00:00,1,,val,arima,0.289,0.17006169417510697
Merzenhausen,2022-04-15 12:00:00,1,,val,arima,0.289,0.16997594037435199
Merzenhausen,2022-04-15 13:00:00,1,,val,arima,0.287,0.16989022981504762
Merzenhausen,2022-04-15 14:00:00,1,,val,arima,0.285,0.16980456247538928
Merzenhausen,2022-04-15 15:00:00,1,,val,arima,0.282,0.16971893833358337
Merzenhausen,2022-04-15 16:00:00,1,,val,arima,0.28,0.1696333573678474
Merzenhausen,2022-04-15 17:00:00,1,,val,arima,0.282,0.16954781955640974
Merzenhausen,2022-04-15 18:00:00,1,,val,arima,0.283,0.16946232487750984
Merzenhausen,2022-04-15 19:00:00,1,,val,arima,0.28,0.169376873309398
Merzenhausen,2022-04-15 20:00:00,1,,val,arima,0.28,0.16929146483033558
Merzenhausen,2022-04-15 21:00:00,1,,val,arima,0.28,0.1692060994185949
Merzenhausen,2022-04-15 22:00:00,1,,val,arima,0.28,0.1691207770524592
Merzenhausen,2022-04-15 23:00:00,1,,val,arima,0.279,0.1690354977102227
Merzenhausen,2022-04-16 00:00:00,1,,val,arima,0.28,0.1689502613701905
Merzenhausen,2022-04-16 01:00:00,1,,val,arima,0.278,0.16886506801067874
Merzenhausen,2022-04-16 02:00:00,1,,val,arima,0.276,0.16877991761001443
Merzenhausen,2022-04-16 03:00:00,1,,val,arima,0.276,0.16869481014653553
Merzenhausen,2022-04-16 04:00:00,1,,val,arima,0.279,0.16860974559859093
Merzenhausen,2022-04-16 05:00:00,1,,val,arima,0.279,0.16852472394454038
Merzenhausen,2022-04-16 06:00:00,1,,val,arima,0.276,0.16843974516275462
Merzenhausen,2022-04-16 07:00:00,1,,val,arima,0.279,0.16835480923161522
Merzenhausen,2022-04-16 08:00:00,1,,val,arima,0.274,0.16826991612951475
Merzenhausen,2022-04-16 09:00:00,1,,val,arima,0.274,0.1681850658348566
Merzenhausen,2022-04-16 10:00:00,1,,val,arima,0.272,0.16810025832605502
Merzenhausen,2022-04-16 11:00:00,1,,val,arima,0.272,0.16801549358153528
Merzenhausen,2022-04-16 12:00:00,1,,val,arima,0.269,0.16793077157973338
Merzenhausen,2022-04-16 13:00:00,1,,val,arima,0.271,0.16784609229909625
Merzenhausen,2022-04-16 14:00:00,1,,val,arima,0.271,0.16776145571808176
Merzenhausen,2022-04-16 15:00:00,1,,val,arima,0.266,0.1676768618151585
Merzenhausen,2022-04-16 16:00:00,1,,val,arima,0.265,0.16759231056880608
Merzenhausen,2022-04-16 17:00:00,1,,val,arima,0.263,0.1675078019575148
Merzenhausen,2022-04-16 18:00:00,1,,val,arima,0.264,0.16742333595978592
Merzenhausen,2022-04-16 19:00:00,1,,val,arima,0.265,0.16733891255413147
Merzenhausen,2022-04-16 20:00:00,1,,val,arima,0.262,0.1672545317190744
Merzenhausen,2022-04-16 21:00:00,1,,val,arima,0.262,0.16717019343314837
Merzenhausen,2022-04-16 22:00:00,1,,val,arima,0.263,0.167085897674898
Merzenhausen,2022-04-16 23:00:00,1,,val,arima,0.261,0.16700164442287863
Merzenhausen,2022-04-17 00:00:00,1,,val,arima,0.263,0.16691743365565642
Merzenhausen,2022-04-17 01:00:00,1,,val,arima,0.261,0.16683326535180842
Merzenhausen,2022-04-17 02:00:00,1,,val,arima,0.261,0.16674913948992243
Merzenhausen,2022-04-17 03:00:00,1,,val,arima,0.259,0.16666505604859697
Merzenhausen,2022-04-17 04:00:00,1,,val,arima,0.26,0.16658101500644149
Merzenhausen,2022-04-17 05:00:00,1,,val,arima,0.26,0.16649701634207612
Merzenhausen,2022-04-17 06:00:00,1,,val,arima,0.26,0.1664130600341318
Merzenhausen,2022-04-17 07:00:00,1,,val,arima,0.259,0.16632914606125032
Merzenhausen,2022-04-17 08:00:00,1,,val,arima,0.26,0.16624527440208414
Merzenhausen,2022-04-17 09:00:00,1,,val,arima,0.257,0.1661614450352965
Merzenhausen,2022-04-17 10:00:00,1,,val,arima,0.257,0.16607765793956147
Merzenhausen,2022-04-17 11:00:00,1,,val,arima,0.255,0.16599391309356382
Merzenhausen,2022-04-17 12:00:00,1,,val,arima,0.255,0.165910210475999
Merzenhausen,2022-04-17 13:00:00,1,,val,arima,0.255,0.16582655006557334
Merzenhausen,2022-04-17 14:00:00,1,,val,arima,0.253,0.16574293184100383
Merzenhausen,2022-04-17 15:00:00,1,,val,arima,0.248,0.1656593557810182
Merzenhausen,2022-04-17 16:00:00,1,,val,arima,0.246,0.16557582186435493
Merzenhausen,2022-04-17 17:00:00,1,,val,arima,0.247,0.16549233006976316
Merzenhausen,2022-04-17 18:00:00,1,,val,arima,0.246,0.16540888037600282
Merzenhausen,2022-04-17 19:00:00,1,,val,arima,0.246,0.1653254727618445
Merzenhausen,2022-04-17 20:00:00,1,,val,arima,0.243,0.16524210720606955
Merzenhausen,2022-04-17 21:00:00,1,,val,arima,0.246,0.16515878368746995
Merzenhausen,2022-04-17 22:00:00,1,,val,arima,0.244,0.1650755021848484
Merzenhausen,2022-04-17 23:00:00,1,,val,arima,0.244,0.16499226267701833
Merzenhausen,2022-04-18 00:00:00,1,,val,arima,0.247,0.1649090651428038
Merzenhausen,2022-04-18 01:00:00,1,,val,arima,0.244,0.16482590956103957
Merzenhausen,2022-04-18 02:00:00,1,,val,arima,0.244,0.16474279591057106
Merzenhausen,2022-04-18 03:00:00,1,,val,arima,0.244,0.16465972417025437
Merzenhausen,2022-04-18 04:00:00,1,,val,arima,0.244,0.16457669431895627
Merzenhausen,2022-04-18 05:00:00,1,,val,arima,0.245,0.16449370633555416
Merzenhausen,2022-04-18 06:00:00,1,,val,arima,0.245,0.16441076019893613
Merzenhausen,2022-04-18 07:00:00,1,,val,arima,0.243,0.16432785588800086
Merzenhausen,2022-04-18 08:00:00,1,,val,arima,0.244,0.1642449933816577
Merzenhausen,2022-04-18 09:00:00,1,,val,arima,0.239,0.1641621726588267
Merzenhausen,2022-04-18 10:00:00,1,,val,arima,0.24,0.16407939369843844
Merzenhausen,2022-04-18 11:00:00,1,,val,arima,0.238,0.16399665647943412
Merzenhausen,2022-04-18 12:00:00,1,,val,arima,0.238,0.16391396098076566
Merzenhausen,2022-04-18 13:00:00,1,,val,arima,0.236,0.1638313071813955
Merzenhausen,2022-04-18 14:00:00,1,,val,arima,0.236,0.1637486950602967
Merzenhausen,2022-04-18 15:00:00,1,,val,arima,0.233,0.163666124596453
Merzenhausen,2022-04-18 16:00:00,1,,val,arima,0.232,0.16358359576885864
Merzenhausen,2022-04-18 17:00:00,1,,val,arima,0.231,0.16350110855651853
Merzenhausen,2022-04-18 18:00:00,1,,val,arima,0.229,0.1634186629384481
Merzenhausen,2022-04-18 19:00:00,1,,val,arima,0.229,0.16333625889367342
Merzenhausen,2022-04-18 20:00:00,1,,val,arima,0.229,0.16325389640123109
Merzenhausen,2022-04-18 21:00:00,1,,val,arima,0.228,0.1631715754401683
Merzenhausen,2022-04-18 22:00:00,1,,val,arima,0.229,0.1630892959895428
Merzenhausen,2022-04-18 23:00:00,1,,val,arima,0.229,0.1630070580284229
Merzenhausen,2022-04-19 00:00:00,1,,val,arima,0.228,0.16292486153588753
Merzenhausen,2022-04-19 01:00:00,1,,val,arima,0.23,0.16284270649102603
Merzenhausen,2022-04-19 02:00:00,1,,val,arima,0.23,0.16276059287293843
Merzenhausen,2022-04-19 03:00:00,1,,val,arima,0.23,0.16267852066073515
Merzenhausen,2022-04-19 04:00:00,1,,val,arima,0.228,0.1625964898335373
Merzenhausen,2022-04-19 05:00:00,1,,val,arima,0.229,0.16251450037047643
Merzenhausen,2022-04-19 06:00:00,1,,val,arima,0.228,0.1624325522506946
Merzenhausen,2022-04-19 07:00:00,1,,val,arima,0.228,0.16235064545334443
Merzenhausen,2022-04-19 08:00:00,1,,val,arima,0.227,0.16226877995758907
Merzenhausen,2022-04-19 09:00:00,1,,val,arima,0.225,0.16218695574260208
Merzenhausen,2022-04-19 10:00:00,1,,val,arima,0.225,0.16210517278756764
Merzenhausen,2022-04-19 11:00:00,1,,val,arima,0.225,0.16202343107168035
Merzenhausen,2022-04-19 12:00:00,1,,val,arima,0.222,0.16194173057414532
Merzenhausen,2022-04-19 13:00:00,1,,val,arima,0.22,0.16186007127417817
Merzenhausen,2022-04-19 14:00:00,1,,val,arima,0.219,0.16177845315100498
Merzenhausen,2022-04-19 15:00:00,1,,val,arima,0.22,0.16169687618386225
Merzenhausen,2022-04-19 16:00:00,1,,val,arima,0.216,0.1616153403519971
Merzenhausen,2022-04-19 17:00:00,1,,val,arima,0.217,0.1615338456346669
Merzenhausen,2022-04-19 18:00:00,1,,val,arima,0.217,0.1614523920111397
Merzenhausen,2022-04-19 19:00:00,1,,val,arima,0.218,0.16137097946069387
Merzenhausen,2022-04-19 20:00:00,1,,val,arima,0.215,0.16128960796261826
Merzenhausen,2022-04-19 21:00:00,1,,val,arima,0.216,0.1612082774962122
Merzenhausen,2022-04-19 22:00:00,1,,val,arima,0.215,0.16112698804078535
Merzenhausen,2022-04-19 23:00:00,1,,val,arima,0.216,0.16104573957565793
Merzenhausen,2022-04-20 00:00:00,1,,val,arima,0.216,0.16096453208016054
Merzenhausen,2022-04-20 01:00:00,1,,val,arima,0.216,0.16088336553363414
Merzenhausen,2022-04-20 02:00:00,1,,val,arima,0.216,0.16080223991543025
Merzenhausen,2022-04-20 03:00:00,1,,val,arima,0.214,0.16072115520491065
Merzenhausen,2022-04-20 04:00:00,1,,val,arima,0.216,0.16064011138144763
Merzenhausen,2022-04-20 05:00:00,1,,val,arima,0.216,0.16055910842442384
Merzenhausen,2022-04-20 06:00:00,1,,val,arima,0.214,0.16047814631323232
Merzenhausen,2022-04-20 07:00:00,1,,val,arima,0.217,0.16039722502727655
Merzenhausen,2022-04-20 08:00:00,1,,val,arima,0.215,0.1603163445459703
Merzenhausen,2022-04-20 09:00:00,1,,val,arima,0.217,0.16023550484873783
Merzenhausen,2022-04-20 10:00:00,1,,val,arima,0.217,0.16015470591501368
Merzenhausen,2022-04-20 11:00:00,1,,val,arima,0.219,0.16007394772424285
Merzenhausen,2022-04-20 12:00:00,1,,val,arima,0.217,0.15999323025588064
Merzenhausen,2022-04-20 13:00:00,1,,val,arima,0.213,0.1599125534893927
Merzenhausen,2022-04-20 14:00:00,1,,val,arima,0.214,0.15983191740425512
Merzenhausen,2022-04-20 15:00:00,1,,val,arima,0.214,0.15975132197995426
Merzenhausen,2022-04-20 16:00:00,1,,val,arima,0.214,0.15967076719598683
Merzenhausen,2022-04-20 17:00:00,1,,val,arima,0.213,0.15959025303185992
Merzenhausen,2022-04-20 18:00:00,1,,val,arima,0.212,0.1595097794670909
Merzenhausen,2022-04-20 19:00:00,1,,val,arima,0.209,0.15942934648120755
Merzenhausen,2022-04-20 20:00:00,1,,val,arima,0.211,0.15934895405374785
Merzenhausen,2022-04-20 21:00:00,1,,val,arima,0.212,0.15926860216426025
Merzenhausen,2022-04-20 22:00:00,1,,val,arima,0.212,0.15918829079230337
Merzenhausen,2022-04-20 23:00:00,1,,val,arima,0.212,0.15910801991744622
Merzenhausen,2022-04-21 00:00:00,1,,val,arima,0.212,0.1590277895192681
Merzenhausen,2022-04-21 01:00:00,1,,val,arima,0.213,0.15894759957735857
Merzenhausen,2022-04-21 02:00:00,1,,val,arima,0.209,0.15886745007131753
Merzenhausen,2022-04-21 03:00:00,1,,val,arima,0.21,0.15878734098075517
Merzenhausen,2022-04-21 04:00:00,1,,val,arima,0.21,0.1587072722852919
Merzenhausen,2022-04-21 05:00:00,1,,val,arima,0.21,0.15862724396455846
Merzenhausen,2022-04-21 06:00:00,1,,val,arima,0.211,0.15854725599819586
Merzenhausen,2022-04-21 07:00:00,1,,val,arima,0.208,0.15846730836585535
Merzenhausen,2022-04-21 08:00:00,1,,val,arima,0.209,0.15838740104719845
Merzenhausen,2022-04-21 09:00:00,1,,val,arima,0.209,0.15830753402189696
Merzenhausen,2022-04-21 10:00:00,1,,val,arima,0.208,0.15822770726963292
Merzenhausen,2022-04-21 11:00:00,1,,val,arima,0.209,0.15814792077009857
Merzenhausen,2022-04-21 12:00:00,1,,val,arima,0.206,0.15806817450299643
Merzenhausen,2022-04-21 13:00:00,1,,val,arima,0.206,0.15798846844803927
Merzenhausen,2022-04-21 14:00:00,1,,val,arima,0.204,0.15790880258495005
Merzenhausen,2022-04-21 15:00:00,1,,val,arima,0.206,0.157829176893462
Merzenhausen,2022-04-21 16:00:00,1,,val,arima,0.204,0.1577495913533185
Merzenhausen,2022-04-21 17:00:00,1,,val,arima,0.203,0.15767004594427325
Merzenhausen,2022-04-21 18:00:00,1,,val,arima,0.201,0.15759054064609007
Merzenhausen,2022-04-21 19:00:00,1,,val,arima,0.203,0.15751107543854298
Merzenhausen,2022-04-21 20:00:00,1,,val,arima,0.204,0.15743165030141631
Merzenhausen,2022-04-21 21:00:00,1,,val,arima,0.202,0.1573522652145044
Merzenhausen,2022-04-21 22:00:00,1,,val,arima,0.202,0.157272920157612
Merzenhausen,2022-04-21 23:00:00,1,,val,arima,0.203,0.15719361511055382
Merzenhausen,2022-04-22 00:00:00,1,,val,arima,0.199,0.15711435005315494
Merzenhausen,2022-04-22 01:00:00,1,,val,arima,0.2,0.1570351249652505
Merzenhausen,2022-04-22 02:00:00,1,,val,arima,0.201,0.15695593982668582
Merzenhausen,2022-04-22 03:00:00,1,,val,arima,0.198,0.1568767946173164
Merzenhausen,2022-04-22 04:00:00,1,,val,arima,0.201,0.15679768931700794
Merzenhausen,2022-04-22 05:00:00,1,,val,arima,0.204,0.15671862390563618
Merzenhausen,2022-04-22 06:00:00,1,,val,arima,0.201,0.15663959836308716
Merzenhausen,2022-04-22 07:00:00,1,,val,arima,0.202,0.15656061266925692
Merzenhausen,2022-04-22 08:00:00,1,,val,arima,0.202,0.15648166680405173
Merzenhausen,2022-04-22 09:00:00,1,,val,arima,0.198,0.15640276074738796
Merzenhausen,2022-04-22 10:00:00,1,,val,arima,0.2,0.1563238944791921
Merzenhausen,2022-04-22 11:00:00,1,,val,arima,0.196,0.15624506797940074
Merzenhausen,2022-04-22 12:00:00,1,,val,arima,0.197,0.15616628122796067
Merzenhausen,2022-04-22 13:00:00,1,,val,arima,0.197,0.15608753420482874
Merzenhausen,2022-04-22 14:00:00,1,,val,arima,0.197,0.15600882688997186
Merzenhausen,2022-04-22 15:00:00,1,,val,arima,0.195,0.15593015926336712
Merzenhausen,2022-04-22 16:00:00,1,,val,arima,0.196,0.15585153130500165
Merzenhausen,2022-04-22 17:00:00,1,,val,arima,0.196,0.15577294299487274
Merzenhausen,2022-04-22 18:00:00,1,,val,arima,0.197,0.15569439431298765
Merzenhausen,2022-04-22 19:00:00,1,,val,arima,0.196,0.15561588523936387
Merzenhausen,2022-04-22 20:00:00,1,,val,arima,0.194,0.15553741575402885
Merzenhausen,2022-04-22 21:00:00,1,,val,arima,0.195,0.15545898583702014
Merzenhausen,2022-04-22 22:00:00,1,,val,arima,0.193,0.1553805954683854
Merzenhausen,2022-04-22 23:00:00,1,,val,arima,0.194,0.1553022446281823
Merzenhausen,2022-04-23 00:00:00,1,,val,arima,0.19,0.15522393329647857
Merzenhausen,2022-04-23 01:00:00,1,,val,arima,0.193,0.155145661453352
Merzenhausen,2022-04-23 02:00:00,1,,val,arima,0.193,0.1550674290788905
Merzenhausen,2022-04-23 03:00:00,1,,val,arima,0.193,0.15498923615319188
Merzenhausen,2022-04-23 04:00:00,1,,val,arima,0.193,0.15491108265636408
Merzenhausen,2022-04-23 05:00:00,1,,val,arima,0.194,0.15483296856852508
Merzenhausen,2022-04-23 06:00:00,1,,val,arima,0.195,0.15475489386980276
Merzenhausen,2022-04-23 07:00:00,1,,val,arima,0.192,0.15467685854033522
Merzenhausen,2022-04-23 08:00:00,1,,val,arima,0.192,0.1545988625602704
Merzenhausen,2022-04-23 09:00:00,1,,val,arima,0.195,0.15452090590976633
Merzenhausen,2022-04-23 10:00:00,1,,val,arima,0.194,0.15444298856899108
Merzenhausen,2022-04-23 11:00:00,1,,val,arima,0.196,0.15436511051812263
Merzenhausen,2022-04-23 12:00:00,1,,val,arima,0.195,0.15428727173734902
Merzenhausen,2022-04-23 13:00:00,1,,val,arima,0.192,0.1542094722068682
Merzenhausen,2022-04-23 14:00:00,1,,val,arima,0.194,0.15413171190688826
Merzenhausen,2022-04-23 15:00:00,1,,val,arima,0.193,0.1540539908176271
Merzenhausen,2022-04-23 16:00:00,1,,val,arima,0.193,0.15397630891931274
Merzenhausen,2022-04-23 17:00:00,1,,val,arima,0.192,0.15389866619218306
Merzenhausen,2022-04-23 18:00:00,1,,val,arima,0.191,0.15382106261648593
Merzenhausen,2022-04-23 19:00:00,1,,val,arima,0.193,0.15374349817247923
Merzenhausen,2022-04-23 20:00:00,1,,val,arima,0.19,0.15366597284043074
Merzenhausen,2022-04-23 21:00:00,1,,val,arima,0.193,0.15358848660061825
Merzenhausen,2022-04-23 22:00:00,1,,val,arima,0.194,0.1535110394333294
Merzenhausen,2022-04-23 23:00:00,1,,val,arima,0.191,0.15343363131886184
Merzenhausen,2022-04-24 00:00:00,1,,val,arima,0.192,0.15335626223752316
Merzenhausen,2022-04-24 01:00:00,1,,val,arima,0.193,0.15327893216963084
Merzenhausen,2022-04-24 02:00:00,1,,val,arima,0.193,0.15320164109551232
Merzenhausen,2022-04-24 03:00:00,1,,val,arima,0.195,0.15312438899550496
Merzenhausen,2022-04-24 04:00:00,1,,val,arima,0.195,0.153047175849956
Merzenhausen,2022-04-24 05:00:00,1,,val,arima,0.195,0.1529700016392226
Merzenhausen,2022-04-24 06:00:00,1,,val,arima,0.193,0.15289286634367188
Merzenhausen,2022-04-24 07:00:00,1,,val,arima,0.189,0.1528157699436808
Merzenhausen,2022-04-24 08:00:00,1,,val,arima,0.191,0.15273871241963616
Merzenhausen,2022-04-24 09:00:00,1,,val,arima,0.195,0.1526616937519348
Merzenhausen,2022-04-24 10:00:00,1,,val,arima,0.195,0.15258471392098333
Merzenhausen,2022-04-24 11:00:00,1,,val,arima,0.192,0.1525077729071983
Merzenhausen,2022-04-24 12:00:00,1,,val,arima,0.192,0.15243087069100608
Merzenhausen,2022-04-24 13:00:00,1,,val,arima,0.194,0.15235400725284298
Merzenhausen,2022-04-24 14:00:00,1,,val,arima,0.193,0.1522771825731551
Merzenhausen,2022-04-24 15:00:00,1,,val,arima,0.193,0.15220039663239845
Merzenhausen,2022-04-24 16:00:00,1,,val,arima,0.192,0.1521236494110389
Merzenhausen,2022-04-24 17:00:00,1,,val,arima,0.19,0.15204694088955212
Merzenhausen,2022-04-24 18:00:00,1,,val,arima,0.19,0.15197027104842364
Merzenhausen,2022-04-24 19:00:00,1,,val,arima,0.192,0.1518936398681489
Merzenhausen,2022-04-24 20:00:00,1,,val,arima,0.193,0.15181704732923307
Merzenhausen,2022-04-24 21:00:00,1,,val,arima,0.194,0.15174049341219123
Merzenhausen,2022-04-24 22:00:00,1,,val,arima,0.194,0.15166397809754822
Merzenhausen,2022-04-24 23:00:00,1,,val,arima,0.192,0.15158750136583882
Merzenhausen,2022-04-25 00:00:00,1,,val,arima,0.192,0.15151106319760743
Merzenhausen,2022-04-25 01:00:00,1,,val,arima,0.191,0.15143466357340846
Merzenhausen,2022-04-25 02:00:00,1,,val,arima,0.192,0.151358302473806
Merzenhausen,2022-04-25 03:00:00,1,,val,arima,0.193,0.15128197987937397
Merzenhausen,2022-04-25 04:00:00,1,,val,arima,0.193,0.15120569577069615
Merzenhausen,2022-04-25 05:00:00,1,,val,arima,0.194,0.15112945012836598
Merzenhausen,2022-04-25 06:00:00,1,,val,arima,0.191,0.15105324293298683
Merzenhausen,2022-04-25 07:00:00,1,,val,arima,0.191,0.15097707416517175
Merzenhausen,2022-04-25 08:00:00,1,,val,arima,0.191,0.15090094380554359
Merzenhausen,2022-04-25 09:00:00,1,,val,arima,0.191,0.15082485183473499
Merzenhausen,2022-04-25 10:00:00,1,,val,arima,0.191,0.1507487982333883
Merzenhausen,2022-04-25 11:00:00,1,,val,arima,0.1995,0.15067278298215575
Merzenhausen,2022-04-25 12:00:00,1,,val,arima,0.189,0.15059680606169923
Merzenhausen,2022-04-25 13:00:00,1,,val,arima,0.192,0.15052086745269036
Merzenhausen,2022-04-25 14:00:00,1,,val,arima,0.189,0.1504449671358106
Merzenhausen,2022-04-25 15:00:00,1,,val,arima,0.191,0.15036910509175105
Merzenhausen,2022-04-25 16:00:00,1,,val,arima,0.19,0.15029328130121267
Merzenhausen,2022-04-25 17:00:00,1,,val,arima,0.19,0.150217495744906
Merzenhausen,2022-04-25 18:00:00,1,,val,arima,0.19,0.15014174840355143
Merzenhausen,2022-04-25 19:00:00,1,,val,arima,0.191,0.15006603925787904
Merzenhausen,2022-04-25 20:00:00,1,,val,arima,0.19,0.14999036828862855
Merzenhausen,2022-04-25 21:00:00,1,,val,arima,0.189,0.14991473547654954
Merzenhausen,2022-04-25 22:00:00,1,,val,arima,0.19,0.14983914080240118
Merzenhausen,2022-04-25 23:00:00,1,,val,arima,0.188,0.14976358424695235
Merzenhausen,2022-04-26 00:00:00,1,,val,arima,0.185,0.14968806579098168
Merzenhausen,2022-04-26 01:00:00,1,,val,arima,0.188,0.14961258541527744
Merzenhausen,2022-04-26 02:00:00,1,,val,arima,0.185,0.14953714310063765
Merzenhausen,2022-04-26 03:00:00,1,,val,arima,0.19,0.14946173882786995
Merzenhausen,2022-04-26 04:00:00,1,,val,arima,0.188,0.1493863725777917
Merzenhausen,2022-04-26 05:00:00,1,,val,arima,0.189,0.14931104433122988
Merzenhausen,2022-04-26 06:00:00,1,,val,arima,0.187,0.1492357540690212
Merzenhausen,2022-04-26 07:00:00,1,,val,arima,0.186,0.149160501772012
Merzenhausen,2022-04-26 08:00:00,1,,val,arima,0.186,0.1490852874210583
Merzenhausen,2022-04-26 09:00:00,1,,val,arima,0.189,0.14901011099702577
Merzenhausen,2022-04-26 10:00:00,1,,val,arima,0.188,0.14893497248078968
Merzenhausen,2022-04-26 11:00:00,1,,val,arima,0.187,0.14885987185323502
Merzenhausen,2022-04-26 12:00:00,1,,val,arima,0.188,0.14878480909525632
Merzenhausen,2022-04-26 13:00:00,1,,val,arima,0.187,0.14870978418775788
Merzenhausen,2022-04-26 14:00:00,1,,val,arima,0.186,0.14863479711165348
Merzenhausen,2022-04-26 15:00:00,1,,val,arima,0.187,0.14855984784786663
Merzenhausen,2022-04-26 16:00:00,1,,val,arima,0.186,0.14848493637733046
Merzenhausen,2022-04-26 17:00:00,1,,val,arima,0.186,0.1484100626809876
Merzenhausen,2022-04-26 18:00:00,1,,val,arima,0.187,0.14833522673979047
Merzenhausen,2022-04-26 19:00:00,1,,val,arima,0.185,0.14826042853470092
Merzenhausen,2022-04-26 20:00:00,1,,val,arima,0.184,0.14818566804669048
Merzenhausen,2022-04-26 21:00:00,1,,val,arima,0.185,0.14811094525674035
Merzenhausen,2022-04-26 22:00:00,1,,val,arima,0.187,0.14803626014584112
Merzenhausen,2022-04-26 23:00:00,1,,val,arima,0.185,0.1479616126949932
Merzenhausen,2022-04-27 00:00:00,1,,val,arima,0.183,0.14788700288520637
Merzenhausen,2022-04-27 01:00:00,1,,val,arima,0.186,0.14781243069750014
Merzenhausen,2022-04-27 02:00:00,1,,val,arima,0.183,0.1477378961129035
Merzenhausen,2022-04-27 03:00:00,1,,val,arima,0.185,0.14766339911245507
Merzenhausen,2022-04-27 04:00:00,1,,val,arima,0.183,0.147588939677203
Merzenhausen,2022-04-27 05:00:00,1,,val,arima,0.184,0.14751451778820499
Merzenhausen,2022-04-27 06:00:00,1,,val,arima,0.184,0.14744013342652829
Merzenhausen,2022-04-27 07:00:00,1,,val,arima,0.184,0.1473657865732497
Merzenhausen,2022-04-27 08:00:00,1,,val,arima,0.183,0.1472914772094556
Merzenhausen,2022-04-27 09:00:00,1,,val,arima,0.187,0.14721720531624183
Merzenhausen,2022-04-27 10:00:00,1,,val,arima,0.184,0.14714297087471384
Merzenhausen,2022-04-27 11:00:00,1,,val,arima,0.186,0.1470687738659866
Merzenhausen,2022-04-27 12:00:00,1,,val,arima,0.185,0.14699461427118451
Merzenhausen,2022-04-27 13:00:00,1,,val,arima,0.185,0.14692049207144164
Merzenhausen,2022-04-27 14:00:00,1,,val,arima,0.184,0.1468464072479014
Merzenhausen,2022-04-27 15:00:00,1,,val,arima,0.186,0.14677235978171688
Merzenhausen,2022-04-27 16:00:00,1,,val,arima,0.186,0.1466983496540505
Merzenhausen,2022-04-27 17:00:00,1,,val,arima,0.186,0.14662437684607438
Merzenhausen,2022-04-27 18:00:00,1,,val,arima,0.186,0.14655044133896994
Merzenhausen,2022-04-27 19:00:00,1,,val,arima,0.186,0.1464765431139282
Merzenhausen,2022-04-27 20:00:00,1,,val,arima,0.184,0.14640268215214963
Merzenhausen,2022-04-27 21:00:00,1,,val,arima,0.184,0.1463288584348442
Merzenhausen,2022-04-27 22:00:00,1,,val,arima,0.185,0.14625507194323134
Merzenhausen,2022-04-27 23:00:00,1,,val,arima,0.185,0.14618132265853995
Merzenhausen,2022-04-28 00:00:00,1,,val,arima,0.185,0.14610761056200838
Merzenhausen,2022-04-28 01:00:00,1,,val,arima,0.186,0.14603393563488448
Merzenhausen,2022-04-28 02:00:00,1,,val,arima,0.184,0.14596029785842554
Merzenhausen,2022-04-28 03:00:00,1,,val,arima,0.185,0.1458866972138983
Merzenhausen,2022-04-28 04:00:00,1,,val,arima,0.183,0.1458131336825789
Merzenhausen,2022-04-28 05:00:00,1,,val,arima,0.184,0.145739607245753
Merzenhausen,2022-04-28 06:00:00,1,,val,arima,0.184,0.14566611788471565
Merzenhausen,2022-04-28 07:00:00,1,,val,arima,0.184,0.14559266558077133
Merzenhausen,2022-04-28 08:00:00,1,,val,arima,0.184,0.145519250315234
Merzenhausen,2022-04-28 09:00:00,1,,val,arima,0.184,0.14544587206942694
Merzenhausen,2022-04-28 10:00:00,1,,val,arima,0.184,0.14537253082468296
Merzenhausen,2022-04-28 11:00:00,1,,val,arima,0.183,0.14529922656234423
Merzenhausen,2022-04-28 12:00:00,1,,val,arima,0.186,0.1452259592637623
Merzenhausen,2022-04-28 13:00:00,1,,val,arima,0.183,0.14515272891029815
Merzenhausen,2022-04-28 14:00:00,1,,val,arima,0.185,0.1450795354833222
Merzenhausen,2022-04-28 15:00:00,1,,val,arima,0.184,0.1450063789642142
Merzenhausen,2022-04-28 16:00:00,1,,val,arima,0.184,0.14493325933436335
Merzenhausen,2022-04-28 17:00:00,1,,val,arima,0.184,0.14486017657516814
Merzenhausen,2022-04-28 18:00:00,1,,val,arima,0.1855,0.14478713066803656
Merzenhausen,2022-04-28 19:00:00,1,,val,arima,0.184,0.14471412159438587
Merzenhausen,2022-04-28 20:00:00,1,,val,arima,0.183,0.1446411493356428
Merzenhausen,2022-04-28 21:00:00,1,,val,arima,0.176,0.1445682138732433
Merzenhausen,2022-04-28 22:00:00,1,,val,arima,0.186,0.1444953151886329
Merzenhausen,2022-04-28 23:00:00,1,,val,arima,0.183,0.14442245326326625
Merzenhausen,2022-04-29 00:00:00,1,,val,arima,0.183,0.14434962807860752
Merzenhausen,2022-04-29 01:00:00,1,,val,arima,0.181,0.14427683961613014
Merzenhausen,2022-04-29 02:00:00,1,,val,arima,0.182,0.1442040878573169
Merzenhausen,2022-04-29 03:00:00,1,,val,arima,0.179,0.14413137278365995
Merzenhausen,2022-04-29 04:00:00,1,,val,arima,0.18,0.14405869437666077
Merzenhausen,2022-04-29 05:00:00,1,,val,arima,0.18,0.14398605261783015
Merzenhausen,2022-04-29 06:00:00,1,,val,arima,0.18,0.1439134474886882
Merzenhausen,2022-04-29 07:00:00,1,,val,arima,0.18,0.14384087897076436
Merzenhausen,2022-04-29 08:00:00,1,,val,arima,0.18,0.14376834704559738
Merzenhausen,2022-04-29 09:00:00,1,,val,arima,0.182,0.14369585169473537
Merzenhausen,2022-04-29 10:00:00,1,,val,arima,0.181,0.1436233928997356
Merzenhausen,2022-04-29 11:00:00,1,,val,arima,0.181,0.14355097064216482
Merzenhausen,2022-04-29 12:00:00,1,,val,arima,0.183,0.14347858490359894
Merzenhausen,2022-04-29 13:00:00,1,,val,arima,0.182,0.14340623566562324
Merzenhausen,2022-04-29 14:00:00,1,,val,arima,0.183,0.14333392290983224
Merzenhausen,2022-04-29 15:00:00,1,,val,arima,0.183,0.14326164661782975
Merzenhausen,2022-04-29 16:00:00,1,,val,arima,0.182,0.14318940677122888
Merzenhausen,2022-04-29 17:00:00,1,,val,arima,0.182,0.143117203351652
Merzenhausen,2022-04-29 18:00:00,1,,val,arima,0.18,0.14304503634073074
Merzenhausen,2022-04-29 19:00:00,1,,val,arima,0.181,0.14297290572010596
Merzenhausen,2022-04-29 20:00:00,1,,val,arima,0.182,0.14290081147142786
Merzenhausen,2022-04-29 21:00:00,1,,val,arima,0.181,0.14282875357635583
Merzenhausen,2022-04-29 22:00:00,1,,val,arima,0.178,0.1427567320165585
Merzenhausen,2022-04-29 23:00:00,1,,val,arima,0.179,0.1426847467737138
Merzenhausen,2022-04-30 00:00:00,1,,val,arima,0.179,0.14261279782950884
Merzenhausen,2022-04-30 01:00:00,1,,val,arima,0.18,0.14254088516564
Merzenhausen,2022-04-30 02:00:00,1,,val,arima,0.179,0.14246900876381288
Merzenhausen,2022-04-30 03:00:00,1,,val,arima,0.179,0.1423971686057423
Merzenhausen,2022-04-30 04:00:00,1,,val,arima,0.178,0.14232536467315232
Merzenhausen,2022-04-30 05:00:00,1,,val,arima,0.178,0.1422535969477762
Merzenhausen,2022-04-30 06:00:00,1,,val,arima,0.176,0.14218186541135638
Merzenhausen,2022-04-30 07:00:00,1,,val,arima,0.179,0.14211017004564458
Merzenhausen,2022-04-30 08:00:00,1,,val,arima,0.18,0.14203851083240165
Merzenhausen,2022-04-30 09:00:00,1,,val,arima,0.181,0.1419668877533977
Merzenhausen,2022-04-30 10:00:00,1,,val,arima,0.181,0.14189530079041196
Merzenhausen,2022-04-30 11:00:00,1,,val,arima,0.18,0.1418237499252329
Merzenhausen,2022-04-30 12:00:00,1,,val,arima,0.18,0.14175223513965818
Merzenhausen,2022-04-30 13:00:00,1,,val,arima,0.179,0.14168075641549457
Merzenhausen,2022-04-30 14:00:00,1,,val,arima,0.178,0.14160931373455812
Merzenhausen,2022-04-30 15:00:00,1,,val,arima,0.18,0.14153790707867395
Merzenhausen,2022-04-30 16:00:00,1,,val,arima,0.18,0.1414665364296764
Merzenhausen,2022-04-30 17:00:00,1,,val,arima,0.178,0.14139520176940898
Merzenhausen,2022-04-30 18:00:00,1,,val,arima,0.179,0.1413239030797243
Merzenhausen,2022-04-30 19:00:00,1,,val,arima,0.176,0.1412526403424842
Merzenhausen,2022-04-30 20:00:00,1,,val,arima,0.178,0.14118141353955954
Merzenhausen,2022-04-30 21:00:00,1,,val,arima,0.175,0.14111022265283046
Merzenhausen,2022-04-30 22:00:00,1,,val,arima,0.173,0.14103906766418617
Merzenhausen,2022-04-30 23:00:00,1,,val,arima,0.176,0.14096794855552502
Merzenhausen,2022-05-01 00:00:00,1,,val,arima,0.175,0.14089686530875448
Merzenhausen,2022-05-01 01:00:00,1,,val,arima,0.176,0.14082581790579113
Merzenhausen,2022-05-01 02:00:00,1,,val,arima,0.177,0.14075480632856074
Merzenhausen,2022-05-01 03:00:00,1,,val,arima,0.175,0.1406838305589981
Merzenhausen,2022-05-01 04:00:00,1,,val,arima,0.174,0.1406128905790472
Merzenhausen,2022-05-01 05:00:00,1,,val,arima,0.172,0.14054198637066104
Merzenhausen,2022-05-01 06:00:00,1,,val,arima,0.173,0.1404711179158018
Merzenhausen,2022-05-01 07:00:00,1,,val,arima,0.175,0.1404002851964407
Merzenhausen,2022-05-01 08:00:00,1,,val,arima,0.172,0.1403294881945581
Merzenhausen,2022-05-01 09:00:00,1,,val,arima,0.173,0.1402587268921434
Merzenhausen,2022-05-01 10:00:00,1,,val,arima,0.172,0.1401880012711951
Merzenhausen,2022-05-01 11:00:00,1,,val,arima,0.174,0.1401173113137208
Merzenhausen,2022-05-01 12:00:00,1,,val,arima,0.173,0.14004665700173713
Merzenhausen,2022-05-01 13:00:00,1,,val,arima,0.172,0.13997603831726985
Merzenhausen,2022-05-01 14:00:00,1,,val,arima,0.175,0.1399054552423537
Merzenhausen,2022-05-01 15:00:00,1,,val,arima,0.175,0.13983490775903257
Merzenhausen,2022-05-01 16:00:00,1,,val,arima,0.175,0.1397643958493593
Merzenhausen,2022-05-01 17:00:00,1,,val,arima,0.175,0.1396939194953959
Merzenhausen,2022-05-01 18:00:00,1,,val,arima,0.173,0.1396234786792133
Merzenhausen,2022-05-01 19:00:00,1,,val,arima,0.171,0.13955307338289158
Merzenhausen,2022-05-01 20:00:00,1,,val,arima,0.173,0.1394827035885198
Merzenhausen,2022-05-01 21:00:00,1,,val,arima,0.17,0.13941236927819606
Merzenhausen,2022-05-01 22:00:00,1,,val,arima,0.171,0.1393420704340275
Merzenhausen,2022-05-01 23:00:00,1,,val,arima,0.17,0.13927180703813025
Merzenhausen,2022-05-02 00:00:00,1,,val,arima,0.171,0.13920157907262948
Merzenhausen,2022-05-02 01:00:00,1,,val,arima,0.172,0.1391313865196594
Merzenhausen,2022-05-02 02:00:00,1,,val,arima,0.169,0.13906122936136317
Merzenhausen,2022-05-02 03:00:00,1,,val,arima,0.167,0.138991107579893
Merzenhausen,2022-05-02 04:00:00,1,,val,arima,0.166,0.13892102115741006
Merzenhausen,2022-05-02 05:00:00,1,,val,arima,0.168,0.1388509700760846
Merzenhausen,2022-05-02 06:00:00,1,,val,arima,0.17,0.13878095431809576
Merzenhausen,2022-05-02 07:00:00,1,,val,arima,0.166,0.1387109738656317
Merzenhausen,2022-05-02 08:00:00,1,,val,arima,0.165,0.1386410287008896
Merzenhausen,2022-05-02 09:00:00,1,,val,arima,0.168,0.13857111880607553
Merzenhausen,2022-05-02 10:00:00,1,,val,arima,0.167,0.13850124416340467
Merzenhausen,2022-05-02 11:00:00,1,,val,arima,0.17,0.13843140475510105
Merzenhausen,2022-05-02 12:00:00,1,,val,arima,0.17,0.1383616005633977
Merzenhausen,2022-05-02 13:00:00,1,,val,arima,0.169,0.13829183157053657
Merzenhausen,2022-05-02 14:00:00,1,,val,arima,0.168,0.13822209775876867
Merzenhausen,2022-05-02 15:00:00,1,,val,arima,0.17,0.13815239911035387
Merzenhausen,2022-05-02 16:00:00,1,,val,arima,0.17,0.138082735607561
Merzenhausen,2022-05-02 17:00:00,1,,val,arima,0.172,0.13801310723266785
Merzenhausen,2022-05-02 18:00:00,1,,val,arima,0.168,0.13794351396796112
Merzenhausen,2022-05-02 19:00:00,1,,val,arima,0.17,0.13787395579573647
Merzenhausen,2022-05-02 20:00:00,1,,val,arima,0.168,0.13780443269829848
Merzenhausen,2022-05-02 21:00:00,1,,val,arima,0.167,0.13773494465796066
Merzenhausen,2022-05-02 22:00:00,1,,val,arima,0.169,0.1376654916570454
Merzenhausen,2022-05-02 23:00:00,1,,val,arima,0.167,0.13759607367788404
Merzenhausen,2022-05-03 00:00:00,1,,val,arima,0.166,0.13752669070281684
Merzenhausen,2022-05-03 01:00:00,1,,val,arima,0.166,0.13745734271419294
Merzenhausen,2022-05-03 02:00:00,1,,val,arima,0.164,0.13738802969437036
Merzenhausen,2022-05-03 03:00:00,1,,val,arima,0.165,0.13731875162571608
Merzenhausen,2022-05-03 04:00:00,1,,val,arima,0.165,0.1372495084906059
Merzenhausen,2022-05-03 05:00:00,1,,val,arima,0.162,0.13718030027142458
Merzenhausen,2022-05-03 06:00:00,1,,val,arima,0.162,0.13711112695056568
Merzenhausen,2022-05-03 07:00:00,1,,val,arima,0.163,0.1370419885104317
Merzenhausen,2022-05-03 08:00:00,1,,val,arima,0.166,0.136972884933434
Merzenhausen,2022-05-03 09:00:00,1,,val,arima,0.165,0.13690381620199282
Merzenhausen,2022-05-03 10:00:00,1,,val,arima,0.168,0.13683478229853724
Merzenhausen,2022-05-03 11:00:00,1,,val,arima,0.166,0.1367657832055052
Merzenhausen,2022-05-03 12:00:00,1,,val,arima,0.169,0.1366968189053435
Merzenhausen,2022-05-03 13:00:00,1,,val,arima,0.168,0.1366278893805078
Merzenhausen,2022-05-03 14:00:00,1,,val,arima,0.17,0.1365589946134626
Merzenhausen,2022-05-03 15:00:00,1,,val,arima,0.166,0.13649013458668124
Merzenhausen,2022-05-03 16:00:00,1,,val,arima,0.169,0.1364213092826459
Merzenhausen,2022-05-03 17:00:00,1,,val,arima,0.167,0.13635251868384762
Merzenhausen,2022-05-03 18:00:00,1,,val,arima,0.165,0.13628376277278625
Merzenhausen,2022-05-03 19:00:00,1,,val,arima,0.166,0.13621504153197045
Merzenhausen,2022-05-03 20:00:00,1,,val,arima,0.165,0.1361463549439177
Merzenhausen,2022-05-03 21:00:00,1,,val,arima,0.166,0.13607770299115426
Merzenhausen,2022-05-03 22:00:00,1,,val,arima,0.163,0.13600908565621533
Merzenhausen,2022-05-03 23:00:00,1,,val,arima,0.162,0.13594050292164478
Merzenhausen,2022-05-04 00:00:00,1,,val,arima,0.163,0.13587195476999536
Merzenhausen,2022-05-04 01:00:00,1,,val,arima,0.162,0.1358034411838286
Merzenhausen,2022-05-04 02:00:00,1,,val,arima,0.161,0.1357349621457148
Merzenhausen,2022-05-04 03:00:00,1,,val,arima,0.161,0.13566651763823304
Merzenhausen,2022-05-04 04:00:00,1,,val,arima,0.162,0.13559810764397126
Merzenhausen,2022-05-04 05:00:00,1,,val,arima,0.16,0.1355297321455261
Merzenhausen,2022-05-04 06:00:00,1,,val,arima,0.16,0.13546139112550304
Merzenhausen,2022-05-04 07:00:00,1,,val,arima,0.161,0.13539308456651625
Merzenhausen,2022-05-04 08:00:00,1,,val,arima,0.16,0.13532481245118871
Merzenhausen,2022-05-04 09:00:00,1,,val,arima,0.163,0.13525657476215222
Merzenhausen,2022-05-04 10:00:00,1,,val,arima,0.164,0.13518837148204724
Merzenhausen,2022-05-04 11:00:00,1,,val,arima,0.165,0.13512020259352303
Merzenhausen,2022-05-04 12:00:00,1,,val,arima,0.166,0.13505206807923764
Merzenhausen,2022-05-04 13:00:00,1,,val,arima,0.166,0.13498396792185777
Merzenhausen,2022-05-04 14:00:00,1,,val,arima,0.165,0.13491590210405893
Merzenhausen,2022-05-04 15:00:00,1,,val,arima,0.168,0.13484787060852535
Merzenhausen,2022-05-04 16:00:00,1,,val,arima,0.168,0.13477987341795
Merzenhausen,2022-05-04 17:00:00,1,,val,arima,0.164,0.13471191051503453
Merzenhausen,2022-05-04 18:00:00,1,,val,arima,0.165,0.13464398188248938
Merzenhausen,2022-05-04 19:00:00,1,,val,arima,0.164,0.13457608750303368
Merzenhausen,2022-05-04 20:00:00,1,,val,arima,0.164,0.13450822735939524
Merzenhausen,2022-05-04 21:00:00,1,,val,arima,0.161,0.13444040143431066
Merzenhausen,2022-05-04 22:00:00,1,,val,arima,0.162,0.13437260971052517
Merzenhausen,2022-05-04 23:00:00,1,,val,arima,0.163,0.1343048521707927
Merzenhausen,2022-05-05 00:00:00,1,,val,arima,0.162,0.13423712879787592
Merzenhausen,2022-05-05 01:00:00,1,,val,arima,0.161,0.1341694395745462
Merzenhausen,2022-05-05 02:00:00,1,,val,arima,0.159,0.13410178448358354
Merzenhausen,2022-05-05 03:00:00,1,,val,arima,0.162,0.1340341635077767
Merzenhausen,2022-05-05 04:00:00,1,,val,arima,0.16,0.133966576629923
Merzenhausen,2022-05-05 05:00:00,1,,val,arima,0.16,0.1338990238328286
Merzenhausen,2022-05-05 06:00:00,1,,val,arima,0.16,0.13383150509930813
Merzenhausen,2022-05-05 07:00:00,1,,val,arima,0.159,0.1337640204121851
Merzenhausen,2022-05-05 08:00:00,1,,val,arima,0.161,0.1336965697542915
Merzenhausen,2022-05-05 09:00:00,1,,val,arima,0.16,0.1336291531084681
Merzenhausen,2022-05-05 10:00:00,1,,val,arima,0.162,0.13356177045756426
Merzenhausen,2022-05-05 11:00:00,1,,val,arima,0.163,0.133494421784438
Merzenhausen,2022-05-05 12:00:00,1,,val,arima,0.162,0.13342710707195599
Merzenhausen,2022-05-05 13:00:00,1,,val,arima,0.161,0.13335982630299353
Merzenhausen,2022-05-05 14:00:00,1,,val,arima,0.162,0.13329257946043457
Merzenhausen,2022-05-05 15:00:00,1,,val,arima,0.164,0.1332253665271717
Merzenhausen,2022-05-05 16:00:00,1,,val,arima,0.165,0.13315818748610608
Merzenhausen,2022-05-05 17:00:00,1,,val,arima,0.164,0.13309104232014757
Merzenhausen,2022-05-05 18:00:00,1,,val,arima,0.161,0.13302393101221457
Merzenhausen,2022-05-05 19:00:00,1,,val,arima,0.161,0.13295685354523418
Merzenhausen,2022-05-05 20:00:00,1,,val,arima,0.163,0.132889809902142
Merzenhausen,2022-05-05 21:00:00,1,,val,arima,0.162,0.13282280006588235
Merzenhausen,2022-05-05 22:00:00,1,,val,arima,0.163,0.13275582401940808
Merzenhausen,2022-05-05 23:00:00,1,,val,arima,0.158,0.13268888174568064
Merzenhausen,2022-05-06 00:00:00,1,,val,arima,0.157,0.1326219732276701
Merzenhausen,2022-05-06 01:00:00,1,,val,arima,0.159,0.1325550984483551
Merzenhausen,2022-05-06 02:00:00,1,,val,arima,0.159,0.13248825739072287
Merzenhausen,2022-05-06 03:00:00,1,,val,arima,0.159,0.1324214500377692
Merzenhausen,2022-05-06 04:00:00,1,,val,arima,0.159,0.13235467637249848
Merzenhausen,2022-05-06 05:00:00,1,,val,arima,0.162,0.13228793637792363
Merzenhausen,2022-05-06 06:00:00,1,,val,arima,0.161,0.1322212300370662
Merzenhausen,2022-05-06 07:00:00,1,,val,arima,0.157,0.13215455733295625
Merzenhausen,2022-05-06 08:00:00,1,,val,arima,0.16,0.13208791824863242
Merzenhausen,2022-05-06 09:00:00,1,,val,arima,0.16,0.13202131276714188
Merzenhausen,2022-05-06 10:00:00,1,,val,arima,0.161,0.13195474087154035
Merzenhausen,2022-05-06 11:00:00,1,,val,arima,0.16,0.13188820254489214
Merzenhausen,2022-05-06 12:00:00,1,,val,arima,0.163,0.13182169777027006
Merzenhausen,2022-05-06 13:00:00,1,,val,arima,0.162,0.13175522653075544
Merzenhausen,2022-05-06 14:00:00,1,,val,arima,0.164,0.1316887888094382
Merzenhausen,2022-05-06 15:00:00,1,,val,arima,0.166,0.13162238458941675
Merzenhausen,2022-05-06 16:00:00,1,,val,arima,0.165,0.131556013853798
Merzenhausen,2022-05-06 17:00:00,1,,val,arima,0.162,0.1314896765856974
Merzenhausen,2022-05-06 18:00:00,1,,val,arima,0.161,0.13142337276823896
Merzenhausen,2022-05-06 19:00:00,1,,val,arima,0.164,0.13135710238455509
Merzenhausen,2022-05-06 20:00:00,1,,val,arima,0.15799999,0.1312908654177868
Merzenhausen,2022-05-06 21:00:00,1,,val,arima,0.162,0.1312246618510836
Merzenhausen,2022-05-06 22:00:00,1,,val,arima,0.16,0.13115849166760346
Merzenhausen,2022-05-06 23:00:00,1,,val,arima,0.157,0.1310923548505128
Merzenhausen,2022-05-07 00:00:00,1,,val,arima,0.159,0.13102625138298662
Merzenhausen,2022-05-07 01:00:00,1,,val,arima,0.157,0.13096018124820838
Merzenhausen,2022-05-07 02:00:00,1,,val,arima,0.159,0.13089414442936997
Merzenhausen,2022-05-07 03:00:00,1,,val,arima,0.156,0.13082814090967185
Merzenhausen,2022-05-07 04:00:00,1,,val,arima,0.16,0.13076217067232282
Merzenhausen,2022-05-07 05:00:00,1,,val,arima,0.157,0.13069623370054023
Merzenhausen,2022-05-07 06:00:00,1,,val,arima,0.157,0.13063032997754992
Merzenhausen,2022-05-07 07:00:00,1,,val,arima,0.158,0.13056445948658613
Merzenhausen,2022-05-07 08:00:00,1,,val,arima,0.158,0.13049862221089156
Merzenhausen,2022-05-07 09:00:00,1,,val,arima,0.156,0.13043281813371738
Merzenhausen,2022-05-07 10:00:00,1,,val,arima,0.157,0.1303670472383232
Merzenhausen,2022-05-07 11:00:00,1,,val,arima,0.159,0.13030130950797708
Merzenhausen,2022-05-07 12:00:00,1,,val,arima,0.16,0.13023560492595548
Merzenhausen,2022-05-07 13:00:00,1,,val,arima,0.166,0.13016993347554337
Merzenhausen,2022-05-07 14:00:00,1,,val,arima,0.16,0.13010429514003405
Merzenhausen,2022-05-07 15:00:00,1,,val,arima,0.165,0.13003868990272932
Merzenhausen,2022-05-07 16:00:00,1,,val,arima,0.165,0.12997311774693937
Merzenhausen,2022-05-07 17:00:00,1,,val,arima,0.165,0.1299075786559828
Merzenhausen,2022-05-07 18:00:00,1,,val,arima,0.164,0.12984207261318664
Merzenhausen,2022-05-07 19:00:00,1,,val,arima,0.161,0.12977659960188628
Merzenhausen,2022-05-07 20:00:00,1,,val,arima,0.162,0.12971115960542562
Merzenhausen,2022-05-07 21:00:00,1,,val,arima,0.161,0.12964575260715683
Merzenhausen,2022-05-07 22:00:00,1,,val,arima,0.162,0.12958037859044055
Merzenhausen,2022-05-07 23:00:00,1,,val,arima,0.157,0.1295150375386458
Merzenhausen,2022-05-08 00:00:00,1,,val,arima,0.156,0.12944972943514998
Merzenhausen,2022-05-08 01:00:00,1,,val,arima,0.158,0.1293844542633389
Merzenhausen,2022-05-08 02:00:00,1,,val,arima,0.157,0.12931921200660668
Merzenhausen,2022-05-08 03:00:00,1,,val,arima,0.159,0.12925400264835588
Merzenhausen,2022-05-08 04:00:00,1,,val,arima,0.156,0.1291888261719974
Merzenhausen,2022-05-08 05:00:00,1,,val,arima,0.158,0.1291236825609505
Merzenhausen,2022-05-08 06:00:00,1,,val,arima,0.16,0.12905857179864283
Merzenhausen,2022-05-08 07:00:00,1,,val,arima,0.156,0.12899349386851033
Merzenhausen,2022-05-08 08:00:00,1,,val,arima,0.161,0.1289284487539974
Merzenhausen,2022-05-08 09:00:00,1,,val,arima,0.159,0.12886343643855666
Merzenhausen,2022-05-08 10:00:00,1,,val,arima,0.1555,0.1287984569056492
Merzenhausen,2022-05-08 11:00:00,1,,val,arima,0.1555,0.12873351013874434
Merzenhausen,2022-05-08 12:00:00,1,,val,arima,0.161,0.12866859612131984
Merzenhausen,2022-05-08 13:00:00,1,,val,arima,0.162,0.1286037148368617
Merzenhausen,2022-05-08 14:00:00,1,,val,arima,0.161,0.1285388662688643
Merzenhausen,2022-05-08 15:00:00,1,,val,arima,0.161,0.12847405040083032
Merzenhausen,2022-05-08 16:00:00,1,,val,arima,0.161,0.12840926721627077
Merzenhausen,2022-05-08 17:00:00,1,,val,arima,0.161,0.12834451669870497
Merzenhausen,2022-05-08 18:00:00,1,,val,arima,0.162,0.12827979883166057
Merzenhausen,2022-05-08 19:00:00,1,,val,arima,0.16,0.1282151135986735
Merzenhausen,2022-05-08 20:00:00,1,,val,arima,0.161,0.12815046098328794
Merzenhausen,2022-05-08 21:00:00,1,,val,arima,0.158,0.1280858409690565
Merzenhausen,2022-05-08 22:00:00,1,,val,arima,0.162,0.12802125353954
Merzenhausen,2022-05-08 23:00:00,1,,val,arima,0.159,0.12795669867830756
Merzenhausen,2022-05-09 00:00:00,1,,val,arima,0.157,0.12789217636893657
Merzenhausen,2022-05-09 01:00:00,1,,val,arima,0.16,0.1278276865950127
Merzenhausen,2022-05-09 02:00:00,1,,val,arima,0.158,0.12776322934012996
Merzenhausen,2022-05-09 03:00:00,1,,val,arima,0.157,0.12769880458789057
Merzenhausen,2022-05-09 04:00:00,1,,val,arima,0.155,0.127634412321905
Merzenhausen,2022-05-09 05:00:00,1,,val,arima,0.156,0.12757005252579207
Merzenhausen,2022-05-09 06:00:00,1,,val,arima,0.161,0.1275057251831788
Merzenhausen,2022-05-09 07:00:00,1,,val,arima,0.156,0.12744143027770044
Merzenhausen,2022-05-09 08:00:00,1,,val,arima,0.155,0.1273771677930006
Merzenhausen,2022-05-09 09:00:00,1,,val,arima,0.157,0.127312937712731
Merzenhausen,2022-05-09 10:00:00,1,,val,arima,0.16,0.1272487400205517
Merzenhausen,2022-05-09 11:00:00,1,,val,arima,0.158,0.12718457470013095
Merzenhausen,2022-05-09 12:00:00,1,,val,arima,0.161,0.12712044173514525
Merzenhausen,2022-05-09 13:00:00,1,,val,arima,0.158,0.12705634110927938
Merzenhausen,2022-05-09 14:00:00,1,,val,arima,0.161,0.12699227280622624
Merzenhausen,2022-05-09 15:00:00,1,,val,arima,0.159,0.12692823680968707
Merzenhausen,2022-05-09 16:00:00,1,,val,arima,0.161,0.12686423310337122
Merzenhausen,2022-05-09 17:00:00,1,,val,arima,0.161,0.12680026167099637
Merzenhausen,2022-05-09 18:00:00,1,,val,arima,0.158,0.1267363224962883
Merzenhausen,2022-05-09 19:00:00,1,,val,arima,0.16,0.12667241556298106
Merzenhausen,2022-05-09 20:00:00,1,,val,arima,0.157,0.12660854085481693
Merzenhausen,2022-05-09 21:00:00,1,,val,arima,0.158,0.12654469835554627
Merzenhausen,2022-05-09 22:00:00,1,,val,arima,0.155,0.12648088804892776
Merzenhausen,2022-05-09 23:00:00,1,,val,arima,0.159,0.1264171099187282
Merzenhausen,2022-05-10 00:00:00,1,,val,arima,0.157,0.1263533639487226
Merzenhausen,2022-05-10 01:00:00,1,,val,arima,0.158,0.12628965012269416
Merzenhausen,2022-05-10 02:00:00,1,,val,arima,0.162,0.1262259684244342
Merzenhausen,2022-05-10 03:00:00,1,,val,arima,0.157,0.12616231883774232
Merzenhausen,2022-05-10 04:00:00,1,,val,arima,0.154,0.12609870134642615
Merzenhausen,2022-05-10 05:00:00,1,,val,arima,0.155,0.1260351159343016
Merzenhausen,2022-05-10 06:00:00,1,,val,arima,0.155,0.12597156258519274
Merzenhausen,2022-05-10 07:00:00,1,,val,arima,0.155,0.1259080412829317
Merzenhausen,2022-05-10 08:00:00,1,,val,arima,0.157,0.12584455201135886
Merzenhausen,2022-05-10 09:00:00,1,,val,arima,0.152,0.12578109475432267
Merzenhausen,2022-05-10 10:00:00,1,,val,arima,0.155,0.12571766949567978
Merzenhausen,2022-05-10 11:00:00,1,,val,arima,0.155,0.12565427621929498
Merzenhausen,2022-05-10 12:00:00,1,,val,arima,0.157,0.12559091490904117
Merzenhausen,2022-05-10 13:00:00,1,,val,arima,0.156,0.1255275855487994
Merzenhausen,2022-05-10 14:00:00,1,,val,arima,0.158,0.1254642881224588
Merzenhausen,2022-05-10 15:00:00,1,,val,arima,0.158,0.12540102261391672
Merzenhausen,2022-05-10 16:00:00,1,,val,arima,0.156,0.12533778900707856
Merzenhausen,2022-05-10 17:00:00,1,,val,arima,0.157,0.12527458728585783
Merzenhausen,2022-05-10 18:00:00,1,,val,arima,0.157,0.1252114174341762
Merzenhausen,2022-05-10 19:00:00,1,,val,arima,0.156,0.12514827943596338
Merzenhausen,2022-05-10 20:00:00,1,,val,arima,0.153,0.12508517327515725
Merzenhausen,2022-05-10 21:00:00,1,,val,arima,0.154,0.12502209893570376
Merzenhausen,2022-05-10 22:00:00,1,,val,arima,0.155,0.12495905640155695
Merzenhausen,2022-05-10 23:00:00,1,,val,arima,0.152,0.12489604565667897
Merzenhausen,2022-05-11 00:00:00,1,,val,arima,0.154,0.12483306668504002
Merzenhausen,2022-05-11 01:00:00,1,,val,arima,0.153,0.12477011947061845
Merzenhausen,2022-05-11 02:00:00,1,,val,arima,0.152,0.1247072039974006
Merzenhausen,2022-05-11 03:00:00,1,,val,arima,0.152,0.12464432024938095
Merzenhausen,2022-05-11 04:00:00,1,,val,arima,0.15,0.12458146821056205
Merzenhausen,2022-05-11 05:00:00,1,,val,arima,0.15,0.12451864786495448
Merzenhausen,2022-05-11 06:00:00,1,,val,arima,0.15,0.12445585919657691
Merzenhausen,2022-05-11 07:00:00,1,,val,arima,0.154,0.12439310218945607
Merzenhausen,2022-05-11 08:00:00,1,,val,arima,0.152,0.12433037682762671
Merzenhausen,2022-05-11 09:00:00,1,,val,arima,0.155,0.12426768309513168
Merzenhausen,2022-05-11 10:00:00,1,,val,arima,0.154,0.12420502097602186
Merzenhausen,2022-05-11 11:00:00,1,,val,arima,0.152,0.12414239045435613
Merzenhausen,2022-05-11 12:00:00,1,,val,arima,0.154,0.12407979151420148
Merzenhausen,2022-05-11 13:00:00,1,,val,arima,0.156,0.12401722413963287
Merzenhausen,2022-05-11 14:00:00,1,,val,arima,0.155,0.12395468831473333
Merzenhausen,2022-05-11 15:00:00,1,,val,arima,0.156,0.12389218402359392
Merzenhausen,2022-05-11 16:00:00,1,,val,arima,0.156,0.12382971125031367
Merzenhausen,2022-05-11 17:00:00,1,,val,arima,0.158,0.12376726997899969
Merzenhausen,2022-05-11 18:00:00,1,,val,arima,0.151,0.12370486019376706
Merzenhausen,2022-05-11 19:00:00,1,,val,arima,0.153,0.1236424818787389
Merzenhausen,2022-05-11 20:00:00,1,,val,arima,0.154,0.12358013501804632
Merzenhausen,2022-05-11 21:00:00,1,,val,arima,0.154,0.12351781959582846
Merzenhausen,2022-05-11 22:00:00,1,,val,arima,0.151,0.1234555355962324
Merzenhausen,2022-05-11 23:00:00,1,,val,arima,0.152,0.12339328300341326
Merzenhausen,2022-05-12 00:00:00,1,,val,arima,0.15,0.12333106180153414
Merzenhausen,2022-05-12 01:00:00,1,,val,arima,0.149,0.12326887197476612
Merzenhausen,2022-05-12 02:00:00,1,,val,arima,0.151,0.12320671350728826
Merzenhausen,2022-05-12 03:00:00,1,,val,arima,0.148,0.12314458638328762
Merzenhausen,2022-05-12 04:00:00,1,,val,arima,0.152,0.12308249058695919
Merzenhausen,2022-05-12 05:00:00,1,,val,arima,0.151,0.12302042610250598
Merzenhausen,2022-05-12 06:00:00,1,,val,arima,0.151,0.12295839291413892
Merzenhausen,2022-05-12 07:00:00,1,,val,arima,0.15,0.12289639100607695
Merzenhausen,2022-05-12 08:00:00,1,,val,arima,0.151,0.12283442036254691
Merzenhausen,2022-05-12 09:00:00,1,,val,arima,0.151,0.12277248096778365
Merzenhausen,2022-05-12 10:00:00,1,,val,arima,0.152,0.12271057280602994
Merzenhausen,2022-05-12 11:00:00,1,,val,arima,0.154,0.12264869586153648
Merzenhausen,2022-05-12 12:00:00,1,,val,arima,0.155,0.12258685011856196
Merzenhausen,2022-05-12 13:00:00,1,,val,arima,0.155,0.12252503556137297
Merzenhausen,2022-05-12 14:00:00,1,,val,arima,0.154,0.12246325217424402
Merzenhausen,2022-05-12 15:00:00,1,,val,arima,0.153,0.1224014999414576
Merzenhausen,2022-05-12 16:00:00,1,,val,arima,0.153,0.12233977884730408
Merzenhausen,2022-05-12 17:00:00,1,,val,arima,0.153,0.1222780888760818
Merzenhausen,2022-05-12 18:00:00,1,,val,arima,0.154,0.12221643001209694
Merzenhausen,2022-05-12 19:00:00,1,,val,arima,0.153,0.12215480223966366
Merzenhausen,2022-05-12 20:00:00,1,,val,arima,0.151,0.12209320554310403
Merzenhausen,2022-05-12 21:00:00,1,,val,arima,0.154,0.12203163990674798
Merzenhausen,2022-05-12 22:00:00,1,,val,arima,0.151,0.12197010531493338
Merzenhausen,2022-05-12 23:00:00,1,,val,arima,0.152,0.12190860175200599
Merzenhausen,2022-05-13 00:00:00,1,,val,arima,0.147,0.12184712920231945
Merzenhausen,2022-05-13 01:00:00,1,,val,arima,0.148,0.12178568765023529
Merzenhausen,2022-05-13 02:00:00,1,,val,arima,0.149,0.12172427708012294
Merzenhausen,2022-05-13 03:00:00,1,,val,arima,0.147,0.12166289747635972
Merzenhausen,2022-05-13 04:00:00,1,,val,arima,0.148,0.12160154882333081
Merzenhausen,2022-05-13 05:00:00,1,,val,arima,0.15,0.12154023110542925
Merzenhausen,2022-05-13 06:00:00,1,,val,arima,0.148,0.12147894430705597
Merzenhausen,2022-05-13 07:00:00,1,,val,arima,0.148,0.12141768841261977
Merzenhausen,2022-05-13 08:00:00,1,,val,arima,0.149,0.12135646340653733
Merzenhausen,2022-05-13 09:00:00,1,,val,arima,0.148,0.12129526927323311
Merzenhausen,2022-05-13 10:00:00,1,,val,arima,0.15,0.12123410599713953
Merzenhausen,2022-05-13 11:00:00,1,,val,arima,0.151,0.12117297356269677
Merzenhausen,2022-05-13 12:00:00,1,,val,arima,0.15,0.12111187195435291
Merzenhausen,2022-05-13 13:00:00,1,,val,arima,0.15,0.12105080115656386
Merzenhausen,2022-05-13 14:00:00,1,,val,arima,0.152,0.12098976115379334
Merzenhausen,2022-05-13 15:00:00,1,,val,arima,0.152,0.12092875193051293
Merzenhausen,2022-05-13 16:00:00,1,,val,arima,0.156,0.12086777347120206
Merzenhausen,2022-05-13 17:00:00,1,,val,arima,0.151,0.12080682576034794
Merzenhausen,2022-05-13 18:00:00,1,,val,arima,0.15,0.12074590878244565
Merzenhausen,2022-05-13 19:00:00,1,,val,arima,0.152,0.12068502252199804
Merzenhausen,2022-05-13 20:00:00,1,,val,arima,0.153,0.12062416696351583
Merzenhausen,2022-05-13 21:00:00,1,,val,arima,0.151,0.12056334209151748
Merzenhausen,2022-05-13 22:00:00,1,,val,arima,0.149,0.12050254789052933
Merzenhausen,2022-05-13 23:00:00,1,,val,arima,0.148,0.12044178434508546
Merzenhausen,2022-05-14 00:00:00,1,,val,arima,0.147,0.1203810514397278
Merzenhausen,2022-05-14 01:00:00,1,,val,arima,0.15,0.12032034915900604
Merzenhausen,2022-05-14 02:00:00,1,,val,arima,0.151,0.12025967748747768
Merzenhausen,2022-05-14 03:00:00,1,,val,arima,0.149,0.120199036409708
Merzenhausen,2022-05-14 04:00:00,1,,val,arima,0.15,0.12013842591027005
Merzenhausen,2022-05-14 05:00:00,1,,val,arima,0.146,0.12007784597374468
Merzenhausen,2022-05-14 06:00:00,1,,val,arima,0.15,0.12001729658472052
Merzenhausen,2022-05-14 07:00:00,1,,val,arima,0.148,0.11995677772779395
Merzenhausen,2022-05-14 08:00:00,1,,val,arima,0.151,0.1198962893875691
Merzenhausen,2022-05-14 09:00:00,1,,val,arima,0.15,0.11983583154865793
Merzenhausen,2022-05-14 10:00:00,1,,val,arima,0.149,0.11977540419568009
Merzenhausen,2022-05-14 11:00:00,1,,val,arima,0.15,0.11971500731326301
Merzenhausen,2022-05-14 12:00:00,1,,val,arima,0.153,0.11965464088604191
Merzenhausen,2022-05-14 13:00:00,1,,val,arima,0.152,0.11959430489865969
Merzenhausen,2022-05-14 14:00:00,1,,val,arima,0.152,0.11953399933576704
Merzenhausen,2022-05-14 15:00:00,1,,val,arima,0.151,0.11947372418202237
Merzenhausen,2022-05-14 16:00:00,1,,val,arima,0.153,0.11941347942209185
Merzenhausen,2022-05-14 17:00:00,1,,val,arima,0.149,0.11935326504064935
Merzenhausen,2022-05-14 18:00:00,1,,val,arima,0.15,0.11929308102237647
Merzenhausen,2022-05-14 19:00:00,1,,val,arima,0.15,0.11923292735196259
Merzenhausen,2022-05-14 20:00:00,1,,val,arima,0.149,0.11917280401410471
Merzenhausen,2022-05-14 21:00:00,1,,val,arima,0.15,0.11911271099350765
Merzenhausen,2022-05-14 22:00:00,1,,val,arima,0.147,0.11905264827488388
Merzenhausen,2022-05-14 23:00:00,1,,val,arima,0.146,0.1189926158429536
Merzenhausen,2022-05-15 00:00:00,1,,val,arima,0.147,0.11893261368244472
Merzenhausen,2022-05-15 01:00:00,1,,val,arima,0.147,0.11887264177809281
Merzenhausen,2022-05-15 02:00:00,1,,val,arima,0.144,0.11881270011464122
Merzenhausen,2022-05-15 03:00:00,1,,val,arima,0.15,0.11875278867684089
Merzenhausen,2022-05-15 04:00:00,1,,val,arima,0.15,0.11869290744945053
Merzenhausen,2022-05-15 05:00:00,1,,val,arima,0.15,0.1186330564172365
Merzenhausen,2022-05-15 06:00:00,1,,val,arima,0.146,0.11857323556497285
Merzenhausen,2022-05-15 07:00:00,1,,val,arima,0.148,0.1185134448774413
Merzenhausen,2022-05-15 08:00:00,1,,val,arima,0.147,0.11845368433943125
Merzenhausen,2022-05-15 09:00:00,1,,val,arima,0.146,0.11839395393573979
Merzenhausen,2022-05-15 10:00:00,1,,val,arima,0.147,0.11833425365117162
Merzenhausen,2022-05-15 11:00:00,1,,val,arima,0.149,0.11827458347053917
Merzenhausen,2022-05-15 12:00:00,1,,val,arima,0.152,0.11821494337866248
Merzenhausen,2022-05-15 13:00:00,1,,val,arima,0.153,0.11815533336036926
Merzenhausen,2022-05-15 14:00:00,1,,val,arima,0.15,0.11809575340049489
Merzenhausen,2022-05-15 15:00:00,1,,val,arima,0.149,0.11803620348388236
Merzenhausen,2022-05-15 16:00:00,1,,val,arima,0.151,0.11797668359538233
Merzenhausen,2022-05-15 17:00:00,1,,val,arima,0.15,0.1179171937198531
Merzenhausen,2022-05-15 18:00:00,1,,val,arima,0.148,0.11785773384216056
Merzenhausen,2022-05-15 19:00:00,1,,val,arima,0.153,0.1177983039471783
Merzenhausen,2022-05-15 20:00:00,1,,val,arima,0.15,0.1177389040197875
Merzenhausen,2022-05-15 21:00:00,1,,val,arima,0.147,0.11767953404487694
Merzenhausen,2022-05-15 22:00:00,1,,val,arima,0.151,0.1176201940073431
Merzenhausen,2022-05-15 23:00:00,1,,val,arima,0.146,0.11756088389208998
Merzenhausen,2022-05-16 00:00:00,1,,val,arima,0.143,0.11750160368402926
Merzenhausen,2022-05-16 01:00:00,1,,val,arima,0.146,0.1174423533680802
Merzenhausen,2022-05-16 02:00:00,1,,val,arima,0.146,0.11738313292916967
Merzenhausen,2022-05-16 03:00:00,1,,val,arima,0.147,0.11732394235223212
Merzenhausen,2022-05-16 04:00:00,1,,val,arima,0.145,0.11726478162220964
Merzenhausen,2022-05-16 05:00:00,1,,val,arima,0.145,0.1172056507240519
Merzenhausen,2022-05-16 06:00:00,1,,val,arima,0.145,0.11714654964271609
Merzenhausen,2022-05-16 07:00:00,1,,val,arima,0.147,0.1170874783631671
Merzenhausen,2022-05-16 08:00:00,1,,val,arima,0.147,0.11702843687037734
Merzenhausen,2022-05-16 09:00:00,1,,val,arima,0.148,0.11696942514932678
Merzenhausen,2022-05-16 10:00:00,1,,val,arima,0.147,0.11691044318500299
Merzenhausen,2022-05-16 11:00:00,1,,val,arima,0.146,0.11685149096240113
Merzenhausen,2022-05-16 12:00:00,1,,val,arima,0.146,0.11679256846652389
Merzenhausen,2022-05-16 13:00:00,1,,val,arima,0.148,0.11673367568238152
Merzenhausen,2022-05-16 14:00:00,1,,val,arima,0.15,0.11667481259499188
Merzenhausen,2022-05-16 15:00:00,1,,val,arima,0.149,0.11661597918938033
Merzenhausen,2022-05-16 16:00:00,1,,val,arima,0.149,0.11655717545057978
Merzenhausen,2022-05-16 17:00:00,1,,val,arima,0.149,0.11649840136363074
Merzenhausen,2022-05-16 18:00:00,1,,val,arima,0.152,0.11643965691358121
Merzenhausen,2022-05-16 19:00:00,1,,val,arima,0.149,0.11638094208548676
Merzenhausen,2022-05-16 20:00:00,1,,val,arima,0.15,0.11632225686441047
Merzenhausen,2022-05-16 21:00:00,1,,val,arima,0.147,0.116263601235423
Merzenhausen,2022-05-16 22:00:00,1,,val,arima,0.146,0.11620497518360245
Merzenhausen,2022-05-16 23:00:00,1,,val,arima,0.148,0.11614637869403457
Merzenhausen,2022-05-17 00:00:00,1,,val,arima,0.147,0.11608781175181251
Merzenhausen,2022-05-17 01:00:00,1,,val,arima,0.146,0.11602927434203701
Merzenhausen,2022-05-17 02:00:00,1,,val,arima,0.146,0.1159707664498163
Merzenhausen,2022-05-17 03:00:00,1,,val,arima,0.143,0.1159122880602661
Merzenhausen,2022-05-17 04:00:00,1,,val,arima,0.145,0.11585383915850968
Merzenhausen,2022-05-17 05:00:00,1,,val,arima,0.145,0.11579541972967777
Merzenhausen,2022-05-17 06:00:00,1,,val,arima,0.145,0.11573702975890862
Merzenhausen,2022-05-17 07:00:00,1,,val,arima,0.143,0.11567866923134798
Merzenhausen,2022-05-17 08:00:00,1,,val,arima,0.146,0.11562033813214906
Merzenhausen,2022-05-17 09:00:00,1,,val,arima,0.146,0.11556203644647259
Merzenhausen,2022-05-17 10:00:00,1,,val,arima,0.148,0.11550376415948677
Merzenhausen,2022-05-17 11:00:00,1,,val,arima,0.146,0.11544552125636726
Merzenhausen,2022-05-17 12:00:00,1,,val,arima,0.148,0.11538730772229722
Merzenhausen,2022-05-17 13:00:00,1,,val,arima,0.15,0.11532912354246727
Merzenhausen,2022-05-17 14:00:00,1,,val,arima,0.145,0.11527096870207551
Merzenhausen,2022-05-17 15:00:00,1,,val,arima,0.149,0.11521284318632749
Merzenhausen,2022-05-17 16:00:00,1,,val,arima,0.146,0.11515474698043625
Merzenhausen,2022-05-17 17:00:00,1,,val,arima,0.149,0.11509668006962222
Merzenhausen,2022-05-17 18:00:00,1,,val,arima,0.146,0.11503864243911335
Merzenhausen,2022-05-17 19:00:00,1,,val,arima,0.146,0.114980634074145
Merzenhausen,2022-05-17 20:00:00,1,,val,arima,0.145,0.11492265495996
Merzenhausen,2022-05-17 21:00:00,1,,val,arima,0.145,0.1148647050818086
Merzenhausen,2022-05-17 22:00:00,1,,val,arima,0.146,0.11480678442494852
Merzenhausen,2022-05-17 23:00:00,1,,val,arima,0.146,0.11474889297464486
Merzenhausen,2022-05-18 00:00:00,1,,val,arima,0.143,0.11469103071617019
Merzenhausen,2022-05-18 01:00:00,1,,val,arima,0.142,0.1146331976348045
Merzenhausen,2022-05-18 02:00:00,1,,val,arima,0.1415,0.11457539371583522
Merzenhausen,2022-05-18 03:00:00,1,,val,arima,0.148,0.11451761894455714
Merzenhausen,2022-05-18 04:00:00,1,,val,arima,0.143,0.11445987330627252
Merzenhausen,2022-05-18 05:00:00,1,,val,arima,0.147,0.11440215678629104
Merzenhausen,2022-05-18 06:00:00,1,,val,arima,0.146,0.11434446936992972
Merzenhausen,2022-05-18 07:00:00,1,,val,arima,0.142,0.11428681104251305
Merzenhausen,2022-05-18 08:00:00,1,,val,arima,0.145,0.1142291817893729
Merzenhausen,2022-05-18 09:00:00,1,,val,arima,0.145,0.11417158159584855
Merzenhausen,2022-05-18 10:00:00,1,,val,arima,0.153,0.11411401044728661
Merzenhausen,2022-05-18 11:00:00,1,,val,arima,0.145,0.11405646832904115
Merzenhausen,2022-05-18 12:00:00,1,,val,arima,0.146,0.1139989552264736
Merzenhausen,2022-05-18 13:00:00,1,,val,arima,0.148,0.11394147112495279
Merzenhausen,2022-05-18 14:00:00,1,,val,arima,0.146,0.11388401600985487
Merzenhausen,2022-05-18 15:00:00,1,,val,arima,0.148,0.11382658986656344
Merzenhausen,2022-05-18 16:00:00,1,,val,arima,0.145,0.11376919268046941
Merzenhausen,2022-05-18 17:00:00,1,,val,arima,0.145,0.11371182443697109
Merzenhausen,2022-05-18 18:00:00,1,,val,arima,0.146,0.11365448512147414
Merzenhausen,2022-05-18 19:00:00,1,,val,arima,0.143,0.1135971747193916
Merzenhausen,2022-05-18 20:00:00,1,,val,arima,0.145,0.11353989321614383
Merzenhausen,2022-05-18 21:00:00,1,,val,arima,0.144,0.11348264059715857
Merzenhausen,2022-05-18 22:00:00,1,,val,arima,0.143,0.11342541684787089
Merzenhausen,2022-05-18 23:00:00,1,,val,arima,0.141,0.1133682219537232
Merzenhausen,2022-05-19 00:00:00,1,,val,arima,0.146,0.11331105590016528
Merzenhausen,2022-05-19 01:00:00,1,,val,arima,0.142,0.11325391867265425
Merzenhausen,2022-05-19 02:00:00,1,,val,arima,0.143,0.1131968102566545
Merzenhausen,2022-05-19 03:00:00,1,,val,arima,0.143,0.11313973063763783
Merzenhausen,2022-05-19 04:00:00,1,,val,arima,0.145,0.1130826798010833
Merzenhausen,2022-05-19 05:00:00,1,,val,arima,0.141,0.11302565773247733
Merzenhausen,2022-05-19 06:00:00,1,,val,arima,0.141,0.11296866441731367
Merzenhausen,2022-05-19 07:00:00,1,,val,arima,0.145,0.11291169984109334
Merzenhausen,2022-05-19 08:00:00,1,,val,arima,0.143,0.1128547639893247
Merzenhausen,2022-05-19 09:00:00,1,,val,arima,0.143,0.11279785684752341
Merzenhausen,2022-05-19 10:00:00,1,,val,arima,0.144,0.11274097840121246
Merzenhausen,2022-05-19 11:00:00,1,,val,arima,0.145,0.1126841286359221
Merzenhausen,2022-05-19 12:00:00,1,,val,arima,0.144,0.11262730753718989
Merzenhausen,2022-05-19 13:00:00,1,,val,arima,0.145,0.11257051509056068
Merzenhausen,2022-05-19 14:00:00,1,,val,arima,0.143,0.11251375128158664
Merzenhausen,2022-05-19 15:00:00,1,,val,arima,0.144,0.11245701609582717
Merzenhausen,2022-05-19 16:00:00,1,,val,arima,0.151,0.11240030951884901
Merzenhausen,2022-05-19 17:00:00,1,,val,arima,0.144,0.11234363153622612
Merzenhausen,2022-05-19 18:00:00,1,,val,arima,0.143,0.1122869821335398
Merzenhausen,2022-05-19 19:00:00,1,,val,arima,0.145,0.11223036129637855
Merzenhausen,2022-05-19 20:00:00,1,,val,arima,0.146,0.11217376901033818
Merzenhausen,2022-05-19 21:00:00,1,,val,arima,0.143,0.11211720526102177
Merzenhausen,2022-05-19 22:00:00,1,,val,arima,0.142,0.11206067003403963
Merzenhausen,2022-05-19 23:00:00,1,,val,arima,0.142,0.11200416331500936
Merzenhausen,2022-05-20 00:00:00,1,,val,arima,0.143,0.11194768508955577
Merzenhausen,2022-05-20 01:00:00,1,,val,arima,0.1445,0.11189123534331095
Merzenhausen,2022-05-20 02:00:00,1,,val,arima,0.143,0.11183481406191424
Merzenhausen,2022-05-20 03:00:00,1,,val,arima,0.143,0.1117784212310122
Merzenhausen,2022-05-20 04:00:00,1,,val,arima,0.141,0.11172205683625862
Merzenhausen,2022-05-20 05:00:00,1,,val,arima,0.14,0.11166572086331455
Merzenhausen,2022-05-20 06:00:00,1,,val,arima,0.1445,0.11160941329784828
Merzenhausen,2022-05-20 07:00:00,1,,val,arima,0.139,0.11155313412553527
Merzenhausen,2022-05-20 08:00:00,1,,val,arima,0.139,0.11149688333205827
Merzenhausen,2022-05-20 09:00:00,1,,val,arima,0.143,0.11144066090310722
Merzenhausen,2022-05-20 10:00:00,1,,val,arima,0.146,0.11138446682437927
Merzenhausen,2022-05-20 11:00:00,1,,val,arima,0.146,0.11132830108157878
Merzenhausen,2022-05-20 12:00:00,1,,val,arima,0.145,0.11127216366041733
Merzenhausen,2022-05-20 13:00:00,1,,val,arima,0.146,0.11121605454661371
Merzenhausen,2022-05-20 14:00:00,1,,val,arima,0.148,0.11115997372589388
Merzenhausen,2022-05-20 15:00:00,1,,val,arima,0.146,0.11110392118399104
Merzenhausen,2022-05-20 16:00:00,1,,val,arima,0.147,0.11104789690664557
Merzenhausen,2022-05-20 17:00:00,1,,val,arima,0.148,0.11099190087960503
Merzenhausen,2022-05-20 18:00:00,1,,val,arima,0.145,0.11093593308862418
Merzenhausen,2022-05-20 19:00:00,1,,val,arima,0.146,0.11087999351946493
Merzenhausen,2022-05-20 20:00:00,1,,val,arima,0.143,0.11082408215789641
Merzenhausen,2022-05-20 21:00:00,1,,val,arima,0.145,0.11076819898969491
Merzenhausen,2022-05-20 22:00:00,1,,val,arima,0.142,0.11071234400064389
Merzenhausen,2022-05-20 23:00:00,1,,val,arima,0.146,0.11065651717653399
Merzenhausen,2022-05-21 00:00:00,1,,val,arima,0.143,0.110600718503163
Merzenhausen,2022-05-21 01:00:00,1,,val,arima,0.143,0.11054494796633588
Merzenhausen,2022-05-21 02:00:00,1,,val,arima,0.145,0.11048920555186474
Merzenhausen,2022-05-21 03:00:00,1,,val,arima,0.141,0.11043349124556887
Merzenhausen,2022-05-21 04:00:00,1,,val,arima,0.142,0.11037780503327466
Merzenhausen,2022-05-21 05:00:00,1,,val,arima,0.142,0.11032214690081571
Merzenhausen,2022-05-21 06:00:00,1,,val,arima,0.142,0.11026651683403269
Merzenhausen,2022-05-21 07:00:00,1,,val,arima,0.14750001,0.11021091481877349
Merzenhausen,2022-05-21 08:00:00,1,,val,arima,0.143,0.1101553408408931
Merzenhausen,2022-05-21 09:00:00,1,,val,arima,0.144,0.1100997948862536
Merzenhausen,2022-05-21 10:00:00,1,,val,arima,0.145,0.11004427694072427
Merzenhausen,2022-05-21 11:00:00,1,,val,arima,0.146,0.1099887869901815
Merzenhausen,2022-05-21 12:00:00,1,,val,arima,0.145,0.10993332502050875
Merzenhausen,2022-05-21 13:00:00,1,,val,arima,0.149,0.10987789101759665
Merzenhausen,2022-05-21 14:00:00,1,,val,arima,0.145,0.10982248496734293
Merzenhausen,2022-05-21 15:00:00,1,,val,arima,0.148,0.10976710685565244
Merzenhausen,2022-05-21 16:00:00,1,,val,arima,0.145,0.1097117566684371
Merzenhausen,2022-05-21 17:00:00,1,,val,arima,0.148,0.109656434391616
Merzenhausen,2022-05-21 18:00:00,1,,val,arima,0.147,0.10960114001111526
Merzenhausen,2022-05-21 19:00:00,1,,val,arima,0.146,0.10954587351286815
Merzenhausen,2022-05-21 20:00:00,1,,val,arima,0.146,0.109490634882815
Merzenhausen,2022-05-21 21:00:00,1,,val,arima,0.145,0.10943542410690325
Merzenhausen,2022-05-21 22:00:00,1,,val,arima,0.145,0.10938024117108741
Merzenhausen,2022-05-21 23:00:00,1,,val,arima,0.142,0.1093250860613291
Merzenhausen,2022-05-22 00:00:00,1,,val,arima,0.146,0.10926995876359696
Merzenhausen,2022-05-22 01:00:00,1,,val,arima,0.143,0.10921485926386677
Merzenhausen,2022-05-22 02:00:00,1,,val,arima,0.145,0.10915978754812136
Merzenhausen,2022-05-22 03:00:00,1,,val,arima,0.142,0.10910474360235062
Merzenhausen,2022-05-22 04:00:00,1,,val,arima,0.146,0.1090497274125515
Merzenhausen,2022-05-22 05:00:00,1,,val,arima,0.142,0.10899473896472803
Merzenhausen,2022-05-22 06:00:00,1,,val,arima,0.146,0.10893977824489129
Merzenhausen,2022-05-22 07:00:00,1,,val,arima,0.143,0.1088848452390594
Merzenhausen,2022-05-22 08:00:00,1,,val,arima,0.146,0.10882993993325756
Merzenhausen,2022-05-22 09:00:00,1,,val,arima,0.142,0.10877506231351797
Merzenhausen,2022-05-22 10:00:00,1,,val,arima,0.144,0.10872021236587992
Merzenhausen,2022-05-22 11:00:00,1,,val,arima,0.142,0.10866539007638973
Merzenhausen,2022-05-22 12:00:00,1,,val,arima,0.145,0.10861059543110073
Merzenhausen,2022-05-22 13:00:00,1,,val,arima,0.143,0.10855582841607331
Merzenhausen,2022-05-22 14:00:00,1,,val,arima,0.144,0.10850108901737489
Merzenhausen,2022-05-22 15:00:00,1,,val,arima,0.146,0.10844637722107989
Merzenhausen,2022-05-22 16:00:00,1,,val,arima,0.146,0.10839169301326976
Merzenhausen,2022-05-22 17:00:00,1,,val,arima,0.143,0.10833703638003299
Merzenhausen,2022-05-22 18:00:00,1,,val,arima,0.143,0.10828240730746505
Merzenhausen,2022-05-22 19:00:00,1,,val,arima,0.145,0.10822780578166849
Merzenhausen,2022-05-22 20:00:00,1,,val,arima,0.142,0.10817323178875277
Merzenhausen,2022-05-22 21:00:00,1,,val,arima,0.142,0.10811868531483443
Merzenhausen,2022-05-22 22:00:00,1,,val,arima,0.143,0.10806416634603697
Merzenhausen,2022-05-22 23:00:00,1,,val,arima,0.145,0.1080096748684909
Merzenhausen,2022-05-23 00:00:00,1,,val,arima,0.142,0.10795521086833373
Merzenhausen,2022-05-23 01:00:00,1,,val,arima,0.143,0.10790077433170997
Merzenhausen,2022-05-23 02:00:00,1,,val,arima,0.141,0.10784636524477109
Merzenhausen,2022-05-23 03:00:00,1,,val,arima,0.141,0.10779198359367556
Merzenhausen,2022-05-23 04:00:00,1,,val,arima,0.14,0.10773762936458882
Merzenhausen,2022-05-23 05:00:00,1,,val,arima,0.14,0.10768330254368329
Merzenhausen,2022-05-23 06:00:00,1,,val,arima,0.14,0.10762900311713836
Merzenhausen,2022-05-23 07:00:00,1,,val,arima,0.141,0.1075747310711404
Merzenhausen,2022-05-23 08:00:00,1,,val,arima,0.143,0.10752048639188275
Merzenhausen,2022-05-23 09:00:00,1,,val,arima,0.142,0.10746626906556568
Merzenhausen,2022-05-23 10:00:00,1,,val,arima,0.143,0.10741207907839645
Merzenhausen,2022-05-23 11:00:00,1,,val,arima,0.144,0.10735791641658926
Merzenhausen,2022-05-23 12:00:00,1,,val,arima,0.145,0.10730378106636526
Merzenhausen,2022-05-23 13:00:00,1,,val,arima,0.143,0.10724967301395257
Merzenhausen,2022-05-23 14:00:00,1,,val,arima,0.146,0.10719559224558621
Merzenhausen,2022-05-23 15:00:00,1,,val,arima,0.145,0.1071415387475082
Merzenhausen,2022-05-23 16:00:00,1,,val,arima,0.146,0.10708751250596746
Merzenhausen,2022-05-23 17:00:00,1,,val,arima,0.144,0.10703351350721983
Merzenhausen,2022-05-23 18:00:00,1,,val,arima,0.143,0.10697954173752812
Merzenhausen,2022-05-23 19:00:00,1,,val,arima,0.145,0.10692559718316204
Merzenhausen,2022-05-23 20:00:00,1,,val,arima,0.142,0.10687167983039823
Merzenhausen,2022-05-23 21:00:00,1,,val,arima,0.146,0.10681778966552026
Merzenhausen,2022-05-23 22:00:00,1,,val,arima,0.142,0.1067639266748186
Merzenhausen,2022-05-23 23:00:00,1,,val,arima,0.143,0.10671009084459064
Merzenhausen,2022-05-24 00:00:00,1,,val,arima,0.143,0.1066562821611407
Merzenhausen,2022-05-24 01:00:00,1,,val,arima,0.1525,0.10660250061077996
Merzenhausen,2022-05-24 02:00:00,1,,val,arima,0.143,0.10654874617982654
Merzenhausen,2022-05-24 03:00:00,1,,val,arima,0.143,0.10649501885460544
Merzenhausen,2022-05-24 04:00:00,1,,val,arima,0.143,0.1064413186214486
Merzenhausen,2022-05-24 05:00:00,1,,val,arima,0.143,0.10638764546669477
Merzenhausen,2022-05-24 06:00:00,1,,val,arima,0.143,0.10633399937668966
Merzenhausen,2022-05-24 07:00:00,1,,val,arima,0.144,0.10628038033778583
Merzenhausen,2022-05-24 08:00:00,1,,val,arima,0.1505,0.10622678833634273
Merzenhausen,2022-05-24 09:00:00,1,,val,arima,0.1455,0.1061732233587267
Merzenhausen,2022-05-24 10:00:00,1,,val,arima,0.145,0.10611968539131095
Merzenhausen,2022-05-24 11:00:00,1,,val,arima,0.141,0.10606617442047553
Merzenhausen,2022-05-24 12:00:00,1,,val,arima,0.1515,0.10601269043260741
Merzenhausen,2022-05-24 13:00:00,1,,val,arima,0.145,0.10595923341410038
Merzenhausen,2022-05-24 14:00:00,1,,val,arima,0.143,0.10590580335135512
Merzenhausen,2022-05-24 15:00:00,1,,val,arima,0.143,0.10585240023077916
Merzenhausen,2022-05-24 16:00:00,1,,val,arima,0.143,0.10579902403878687
Merzenhausen,2022-05-24 17:00:00,1,,val,arima,0.145,0.10574567476179948
Merzenhausen,2022-05-24 18:00:00,1,,val,arima,0.142,0.10569235238624508
Merzenhausen,2022-05-24 19:00:00,1,,val,arima,0.153,0.1056390568985586
Merzenhausen,2022-05-24 20:00:00,1,,val,arima,0.144,0.10558578828518178
Merzenhausen,2022-05-24 21:00:00,1,,val,arima,0.143,0.10553254653256322
Merzenhausen,2022-05-24 22:00:00,1,,val,arima,0.14750001,0.10547933162715836
Merzenhausen,2022-05-24 23:00:00,1,,val,arima,0.1505,0.10542614355542948
Merzenhausen,2022-05-25 00:00:00,1,,val,arima,0.146,0.10537298230384565
Merzenhausen,2022-05-25 01:00:00,1,,val,arima,0.142,0.10531984785888276
Merzenhausen,2022-05-25 02:00:00,1,,val,arima,0.143,0.10526674020702359
Merzenhausen,2022-05-25 03:00:00,1,,val,arima,0.143,0.10521365933475765
Merzenhausen,2022-05-25 04:00:00,1,,val,arima,0.143,0.10516060522858132
Merzenhausen,2022-05-25 05:00:00,1,,val,arima,0.145,0.10510757787499776
Merzenhausen,2022-05-25 06:00:00,1,,val,arima,0.145,0.10505457726051695
Merzenhausen,2022-05-25 07:00:00,1,,val,arima,0.145,0.10500160337165566
Merzenhausen,2022-05-25 08:00:00,1,,val,arima,0.143,0.10494865619493747
Merzenhausen,2022-05-25 09:00:00,1,,val,arima,0.15,0.10489573571689276
Merzenhausen,2022-05-25 10:00:00,1,,val,arima,0.141,0.10484284192405867
Merzenhausen,2022-05-25 11:00:00,1,,val,arima,0.143,0.10478997480297918
Merzenhausen,2022-05-25 12:00:00,1,,val,arima,0.146,0.10473713434020501
Merzenhausen,2022-05-25 13:00:00,1,,val,arima,0.142,0.10468432052229368
Merzenhausen,2022-05-25 14:00:00,1,,val,arima,0.145,0.1046315333358095
Merzenhausen,2022-05-25 15:00:00,1,,val,arima,0.145,0.10457877276732354
Merzenhausen,2022-05-25 16:00:00,1,,val,arima,0.145,0.10452603880341363
Merzenhausen,2022-05-25 17:00:00,1,,val,arima,0.146,0.1044733314306644
Merzenhausen,2022-05-25 18:00:00,1,,val,arima,0.146,0.10442065063566722
Merzenhausen,2022-05-25 19:00:00,1,,val,arima,0.145,0.10436799640502023
Merzenhausen,2022-05-25 20:00:00,1,,val,arima,0.142,0.10431536872532832
Merzenhausen,2022-05-25 21:00:00,1,,val,arima,0.143,0.10426276758320316
Merzenhausen,2022-05-25 22:00:00,1,,val,arima,0.14,0.10421019296526313
Merzenhausen,2022-05-25 23:00:00,1,,val,arima,0.141,0.10415764485813339
Merzenhausen,2022-05-26 00:00:00,1,,val,arima,0.141,0.10410512324844583
Merzenhausen,2022-05-26 01:00:00,1,,val,arima,0.14,0.10405262812283908
Merzenhausen,2022-05-26 02:00:00,1,,val,arima,0.143,0.10400015946795854
Merzenhausen,2022-05-26 03:00:00,1,,val,arima,0.139,0.10394771727045628
Merzenhausen,2022-05-26 04:00:00,1,,val,arima,0.139,0.10389530151699115
Merzenhausen,2022-05-26 05:00:00,1,,val,arima,0.141,0.10384291219422873
Merzenhausen,2022-05-26 06:00:00,1,,val,arima,0.139,0.1037905492888413
Merzenhausen,2022-05-26 07:00:00,1,,val,arima,0.142,0.10373821278750785
Merzenhausen,2022-05-26 08:00:00,1,,val,arima,0.142,0.10368590267691413
Merzenhausen,2022-05-26 09:00:00,1,,val,arima,0.144,0.10363361894375256
Merzenhausen,2022-05-26 10:00:00,1,,val,arima,0.143,0.10358136157472231
Merzenhausen,2022-05-26 11:00:00,1,,val,arima,0.141,0.10352913055652924
Merzenhausen,2022-05-26 12:00:00,1,,val,arima,0.144,0.10347692587588589
Merzenhausen,2022-05-26 13:00:00,1,,val,arima,0.144,0.10342474751951153
Merzenhausen,2022-05-26 14:00:00,1,,val,arima,0.141,0.1033725954741321
Merzenhausen,2022-05-26 15:00:00,1,,val,arima,0.143,0.10332046972648029
Merzenhausen,2022-05-26 16:00:00,1,,val,arima,0.143,0.10326837026329541
Merzenhausen,2022-05-26 17:00:00,1,,val,arima,0.142,0.10321629707132352
Merzenhausen,2022-05-26 18:00:00,1,,val,arima,0.142,0.10316425013731728
Merzenhausen,2022-05-26 19:00:00,1,,val,arima,0.143,0.10311222944803614
Merzenhausen,2022-05-26 20:00:00,1,,val,arima,0.142,0.10306023499024611
Merzenhausen,2022-05-26 21:00:00,1,,val,arima,0.142,0.10300826675071997
Merzenhausen,2022-05-26 22:00:00,1,,val,arima,0.141,0.10295632471623714
Merzenhausen,2022-05-26 23:00:00,1,,val,arima,0.142,0.10290440887358365
Merzenhausen,2022-05-27 00:00:00,1,,val,arima,0.142,0.1028525192095523
Merzenhausen,2022-05-27 01:00:00,1,,val,arima,0.137,0.10280065571094243
Merzenhausen,2022-05-27 02:00:00,1,,val,arima,0.138,0.10274881836456012
Merzenhausen,2022-05-27 03:00:00,1,,val,arima,0.139,0.1026970071572181
Merzenhausen,2022-05-27 04:00:00,1,,val,arima,0.137,0.10264522207573572
Merzenhausen,2022-05-27 05:00:00,1,,val,arima,0.139,0.10259346310693898
Merzenhausen,2022-05-27 06:00:00,1,,val,arima,0.135,0.10254173023766053
Merzenhausen,2022-05-27 07:00:00,1,,val,arima,0.138,0.10249002345473965
Merzenhausen,2022-05-27 08:00:00,1,,val,arima,0.142,0.10243834274502228
Merzenhausen,2022-05-27 09:00:00,1,,val,arima,0.137,0.10238668809536097
Merzenhausen,2022-05-27 10:00:00,1,,val,arima,0.139,0.1023350594926149
Merzenhausen,2022-05-27 11:00:00,1,,val,arima,0.14,0.1022834569236499
Merzenhausen,2022-05-27 12:00:00,1,,val,arima,0.138,0.1022318803753384
Merzenhausen,2022-05-27 13:00:00,1,,val,arima,0.141,0.10218032983455944
Merzenhausen,2022-05-27 14:00:00,1,,val,arima,0.143,0.1021288052881987
Merzenhausen,2022-05-27 15:00:00,1,,val,arima,0.141,0.10207730672314849
Merzenhausen,2022-05-27 16:00:00,1,,val,arima,0.141,0.1020258341263077
Merzenhausen,2022-05-27 17:00:00,1,,val,arima,0.138,0.10197438748458179
Merzenhausen,2022-05-27 18:00:00,1,,val,arima,0.138,0.10192296678488291
Merzenhausen,2022-05-27 19:00:00,1,,val,arima,0.135,0.10187157201412975
Merzenhausen,2022-05-27 20:00:00,1,,val,arima,0.139,0.1018202031592476
Merzenhausen,2022-05-27 21:00:00,1,,val,arima,0.1345,0.10176886020716835
Merzenhausen,2022-05-27 22:00:00,1,,val,arima,0.138,0.1017175431448305
Merzenhausen,2022-05-27 23:00:00,1,,val,arima,0.138,0.10166625195917911
Merzenhausen,2022-05-28 00:00:00,1,,val,arima,0.14,0.10161498663716582
Merzenhausen,2022-05-28 01:00:00,1,,val,arima,0.14,0.1015637471657489
Merzenhausen,2022-05-28 02:00:00,1,,val,arima,0.139,0.1015125335318931
Merzenhausen,2022-05-28 03:00:00,1,,val,arima,0.137,0.10146134572256985
Merzenhausen,2022-05-28 04:00:00,1,,val,arima,0.138,0.10141018372475707
Merzenhausen,2022-05-28 05:00:00,1,,val,arima,0.138,0.1013590475254393
Merzenhausen,2022-05-28 06:00:00,1,,val,arima,0.14199999,0.1013079371116076
Merzenhausen,2022-05-28 07:00:00,1,,val,arima,0.137,0.10125685247025962
Merzenhausen,2022-05-28 08:00:00,1,,val,arima,0.139,0.10120579358839957
Merzenhausen,2022-05-28 09:00:00,1,,val,arima,0.14,0.10115476045303817
Merzenhausen,2022-05-28 10:00:00,1,,val,arima,0.138,0.10110375305119274
Merzenhausen,2022-05-28 11:00:00,1,,val,arima,0.139,0.1010527713698871
Merzenhausen,2022-05-28 12:00:00,1,,val,arima,0.14,0.10100181539615168
Merzenhausen,2022-05-28 13:00:00,1,,val,arima,0.141,0.10095088511702338
Merzenhausen,2022-05-28 14:00:00,1,,val,arima,0.148,0.10089998051954566
Merzenhausen,2022-05-28 15:00:00,1,,val,arima,0.14,0.10084910159076854
Merzenhausen,2022-05-28 16:00:00,1,,val,arima,0.142,0.10079824831774853
Merzenhausen,2022-05-28 17:00:00,1,,val,arima,0.144,0.1007474206875487
Merzenhausen,2022-05-28 18:00:00,1,,val,arima,0.1485,0.10069661868723863
Merzenhausen,2022-05-28 19:00:00,1,,val,arima,0.145,0.1006458423038944
Merzenhausen,2022-05-28 20:00:00,1,,val,arima,0.14,0.10059509152459864
Merzenhausen,2022-05-28 21:00:00,1,,val,arima,0.139,0.10054436633644048
Merzenhausen,2022-05-28 22:00:00,1,,val,arima,0.141,0.10049366672651555
Merzenhausen,2022-05-28 23:00:00,1,,val,arima,0.138,0.10044299268192602
Merzenhausen,2022-05-29 00:00:00,1,,val,arima,0.14,0.10039234418978053
Merzenhausen,2022-05-29 01:00:00,1,,val,arima,0.136,0.10034172123719423
Merzenhausen,2022-05-29 02:00:00,1,,val,arima,0.137,0.10029112381128877
Merzenhausen,2022-05-29 03:00:00,1,,val,arima,0.137,0.10024055189919226
Merzenhausen,2022-05-29 04:00:00,1,,val,arima,0.137,0.10019000548803939
Merzenhausen,2022-05-29 05:00:00,1,,val,arima,0.139,0.10013948456497124
Merzenhausen,2022-05-29 06:00:00,1,,val,arima,0.139,0.10008898911713543
Merzenhausen,2022-05-29 07:00:00,1,,val,arima,0.14,0.10003851913168604
Merzenhausen,2022-05-29 08:00:00,1,,val,arima,0.142,0.09998807459578364
Merzenhausen,2022-05-29 09:00:00,1,,val,arima,0.137,0.09993765549659525
Merzenhausen,2022-05-29 10:00:00,1,,val,arima,0.14,0.0998872618212944
Merzenhausen,2022-05-29 11:00:00,1,,val,arima,0.143,0.09983689355706105
Merzenhausen,2022-05-29 12:00:00,1,,val,arima,0.15,0.09978655069108167
Merzenhausen,2022-05-29 13:00:00,1,,val,arima,0.142,0.09973623321054911
Merzenhausen,2022-05-29 14:00:00,1,,val,arima,0.142,0.0996859411026628
Merzenhausen,2022-05-29 15:00:00,1,,val,arima,0.141,0.09963567435462847
Merzenhausen,2022-05-29 16:00:00,1,,val,arima,0.141,0.09958543295365846
Merzenhausen,2022-05-29 17:00:00,1,,val,arima,0.145,0.09953521688697145
Merzenhausen,2022-05-29 18:00:00,1,,val,arima,0.142,0.09948502614179258
Merzenhausen,2022-05-29 19:00:00,1,,val,arima,0.14,0.0994348607053535
Merzenhausen,2022-05-29 20:00:00,1,,val,arima,0.141,0.09938472056489221
Merzenhausen,2022-05-29 21:00:00,1,,val,arima,0.141,0.0993346057076532
Merzenhausen,2022-05-29 22:00:00,1,,val,arima,0.138,0.09928451612088739
Merzenhausen,2022-05-29 23:00:00,1,,val,arima,0.137,0.09923445179185209
Merzenhausen,2022-05-30 00:00:00,1,,val,arima,0.137,0.09918441270781106
Merzenhausen,2022-05-30 01:00:00,1,,val,arima,0.138,0.0991343988560345
Merzenhausen,2022-05-30 02:00:00,1,,val,arima,0.14,0.09908441022379902
Merzenhausen,2022-05-30 03:00:00,1,,val,arima,0.137,0.09903444679838763
Merzenhausen,2022-05-30 04:00:00,1,,val,arima,0.141,0.09898450856708974
Merzenhausen,2022-05-30 05:00:00,1,,val,arima,0.137,0.09893459551720121
Merzenhausen,2022-05-30 06:00:00,1,,val,arima,0.137,0.09888470763602428
Merzenhausen,2022-05-30 07:00:00,1,,val,arima,0.137,0.09883484491086761
Merzenhausen,2022-05-30 08:00:00,1,,val,arima,0.138,0.09878500732904624
Merzenhausen,2022-05-30 09:00:00,1,,val,arima,0.137,0.0987351948778816
Merzenhausen,2022-05-30 10:00:00,1,,val,arima,0.138,0.09868540754470155
Merzenhausen,2022-05-30 11:00:00,1,,val,arima,0.141,0.09863564531684031
Merzenhausen,2022-05-30 12:00:00,1,,val,arima,0.14,0.0985859081816385
Merzenhausen,2022-05-30 13:00:00,1,,val,arima,0.14,0.0985361961264431
Merzenhausen,2022-05-30 14:00:00,1,,val,arima,0.142,0.09848650913860751
Merzenhausen,2022-05-30 15:00:00,1,,val,arima,0.142,0.09843684720549148
Merzenhausen,2022-05-30 16:00:00,1,,val,arima,0.138,0.09838721031446113
Merzenhausen,2022-05-30 17:00:00,1,,val,arima,0.138,0.09833759845288897
Merzenhausen,2022-05-30 18:00:00,1,,val,arima,0.142,0.09828801160815387
Merzenhausen,2022-05-30 19:00:00,1,,val,arima,0.1365,0.09823844976764104
Merzenhausen,2022-05-30 20:00:00,1,,val,arima,0.141,0.0981889129187421
Merzenhausen,2022-05-30 21:00:00,1,,val,arima,0.14,0.09813940104885499
Merzenhausen,2022-05-30 22:00:00,1,,val,arima,0.137,0.09808991414538401
Merzenhausen,2022-05-30 23:00:00,1,,val,arima,0.138,0.09804045219573983
Merzenhausen,2022-05-31 00:00:00,1,,val,arima,0.139,0.09799101518733944
Merzenhausen,2022-05-31 01:00:00,1,,val,arima,0.138,0.09794160310760619
Merzenhausen,2022-05-31 02:00:00,1,,val,arima,0.138,0.09789221594396978
Merzenhausen,2022-05-31 03:00:00,1,,val,arima,0.137,0.09784285368386625
Merzenhausen,2022-05-31 04:00:00,1,,val,arima,0.135,0.09779351631473794
Merzenhausen,2022-05-31 05:00:00,1,,val,arima,0.137,0.09774420382403357
Merzenhausen,2022-05-31 06:00:00,1,,val,arima,0.137,0.09769491619920814
Merzenhausen,2022-05-31 07:00:00,1,,val,arima,0.136,0.09764565342772302
Merzenhausen,2022-05-31 08:00:00,1,,val,arima,0.138,0.0975964154970459
Merzenhausen,2022-05-31 09:00:00,1,,val,arima,0.139,0.09754720239465076
Merzenhausen,2022-05-31 10:00:00,1,,val,arima,0.138,0.0974980141080179
Merzenhausen,2022-05-31 11:00:00,1,,val,arima,0.139,0.09744885062463396
Merzenhausen,2022-05-31 12:00:00,1,,val,arima,0.142,0.09739971193199186
Merzenhausen,2022-05-31 13:00:00,1,,val,arima,0.14,0.09735059801759086
Merzenhausen,2022-05-31 14:00:00,1,,val,arima,0.141,0.09730150886893649
Merzenhausen,2022-05-31 15:00:00,1,,val,arima,0.144,0.09725244447354059
Merzenhausen,2022-05-31 16:00:00,1,,val,arima,0.142,0.09720340481892131
Merzenhausen,2022-05-31 17:00:00,1,,val,arima,0.142,0.09715438989260308
Merzenhausen,2022-05-31 18:00:00,1,,val,arima,0.139,0.09710539968211664
Merzenhausen,2022-05-31 19:00:00,1,,val,arima,0.138,0.09705643417499898
Merzenhausen,2022-05-31 20:00:00,1,,val,arima,0.14,0.09700749335879343
Merzenhausen,2022-05-31 21:00:00,1,,val,arima,0.138,0.09695857722104954
Merzenhausen,2022-05-31 22:00:00,1,,val,arima,0.136,0.09690968574932318
Merzenhausen,2022-05-31 23:00:00,1,,val,arima,0.141,0.0968608189311765
Merzenhausen,2022-06-01 00:00:00,1,,val,arima,0.141,0.09681197675417788
Merzenhausen,2022-06-01 01:00:00,1,,val,arima,0.136,0.096763159205902
Merzenhausen,2022-06-01 02:00:00,1,,val,arima,0.132,0.0967143662739298
Merzenhausen,2022-06-01 03:00:00,1,,val,arima,0.137,0.09666559794584847
Merzenhausen,2022-06-01 04:00:00,1,,val,arima,0.14,0.09661685420925151
Merzenhausen,2022-06-01 05:00:00,1,,val,arima,0.136,0.09656813505173859
Merzenhausen,2022-06-01 06:00:00,1,,val,arima,0.138,0.09651944046091569
Merzenhausen,2022-06-01 07:00:00,1,,val,arima,0.137,0.09647077042439504
Merzenhausen,2022-06-01 08:00:00,1,,val,arima,0.137,0.0964221249297951
Merzenhausen,2022-06-01 09:00:00,1,,val,arima,0.138,0.09637350396474059
Merzenhausen,2022-06-01 10:00:00,1,,val,arima,0.137,0.09632490751686246
Merzenhausen,2022-06-01 11:00:00,1,,val,arima,0.138,0.09627633557379786
Merzenhausen,2022-06-01 12:00:00,1,,val,arima,0.141,0.09622778812319026
Merzenhausen,2022-06-01 13:00:00,1,,val,arima,0.14,0.09617926515268926
Merzenhausen,2022-06-01 14:00:00,1,,val,arima,0.144,0.09613076664995078
Merzenhausen,2022-06-01 15:00:00,1,,val,arima,0.142,0.0960822926026369
Merzenhausen,2022-06-01 16:00:00,1,,val,arima,0.14,0.09603384299841597
Merzenhausen,2022-06-01 17:00:00,1,,val,arima,0.14,0.0959854178249625
Merzenhausen,2022-06-01 18:00:00,1,,val,arima,0.14,0.09593701706995728
Merzenhausen,2022-06-01 19:00:00,1,,val,arima,0.139,0.09588864072108726
Merzenhausen,2022-06-01 20:00:00,1,,val,arima,0.142,0.09584028876604561
Merzenhausen,2022-06-01 21:00:00,1,,val,arima,0.146,0.09579196119253175
Merzenhausen,2022-06-01 22:00:00,1,,val,arima,0.1425,0.09574365798825123
Merzenhausen,2022-06-01 23:00:00,1,,val,arima,0.1455,0.09569537914091586
Merzenhausen,2022-06-02 00:00:00,1,,val,arima,0.138,0.0956471246382436
Merzenhausen,2022-06-02 01:00:00,1,,val,arima,0.132,0.09559889446795865
Merzenhausen,2022-06-02 02:00:00,1,,val,arima,0.14,0.09555068861779137
Merzenhausen,2022-06-02 03:00:00,1,,val,arima,0.139,0.0955025070754783
Merzenhausen,2022-06-02 04:00:00,1,,val,arima,0.137,0.09545434982876219
Merzenhausen,2022-06-02 05:00:00,1,,val,arima,0.138,0.09540621686539197
Merzenhausen,2022-06-02 06:00:00,1,,val,arima,0.1455,0.09535810817312271
Merzenhausen,2022-06-02 07:00:00,1,,val,arima,0.137,0.09531002373971569
Merzenhausen,2022-06-02 08:00:00,1,,val,arima,0.137,0.09526196355293835
Merzenhausen,2022-06-02 09:00:00,1,,val,arima,0.14,0.0952139276005643
Merzenhausen,2022-06-02 10:00:00,1,,val,arima,0.132,0.09516591587037332
Merzenhausen,2022-06-02 11:00:00,1,,val,arima,0.14,0.09511792835015134
Merzenhausen,2022-06-02 12:00:00,1,,val,arima,0.14,0.09506996502769047
Merzenhausen,2022-06-02 13:00:00,1,,val,arima,0.14,0.09502202589078895
Merzenhausen,2022-06-02 14:00:00,1,,val,arima,0.143,0.09497411092725119
Merzenhausen,2022-06-02 15:00:00,1,,val,arima,0.141,0.09492622012488774
Merzenhausen,2022-06-02 16:00:00,1,,val,arima,0.14,0.0948783534715153
Merzenhausen,2022-06-02 17:00:00,1,,val,arima,0.141,0.0948305109549567
Merzenhausen,2022-06-02 18:00:00,1,,val,arima,0.141,0.09478269256304095
Merzenhausen,2022-06-02 19:00:00,1,,val,arima,0.14,0.09473489828360315
Merzenhausen,2022-06-02 20:00:00,1,,val,arima,0.14,0.09468712810448458
Merzenhausen,2022-06-02 21:00:00,1,,val,arima,0.13499999,0.09463938201353261
Merzenhausen,2022-06-02 22:00:00,1,,val,arima,0.138,0.09459165999860075
Merzenhausen,2022-06-02 23:00:00,1,,val,arima,0.14,0.09454396204754867
Merzenhausen,2022-06-03 00:00:00,1,,val,arima,0.141,0.09449628814824208
Merzenhausen,2022-06-03 01:00:00,1,,val,arima,0.137,0.0944486382885529
Merzenhausen,2022-06-03 02:00:00,1,,val,arima,0.135,0.09440101245635912
Merzenhausen,2022-06-03 03:00:00,1,,val,arima,0.138,0.09435341063954485
Merzenhausen,2022-06-03 04:00:00,1,,val,arima,0.138,0.0943058328260003
Merzenhausen,2022-06-03 05:00:00,1,,val,arima,0.136,0.0942582790036218
Merzenhausen,2022-06-03 06:00:00,1,,val,arima,0.136,0.09421074916031176
Merzenhausen,2022-06-03 07:00:00,1,,val,arima,0.136,0.09416324328397872
Merzenhausen,2022-06-03 08:00:00,1,,val,arima,0.138,0.09411576136253733
Merzenhausen,2022-06-03 09:00:00,1,,val,arima,0.138,0.09406830338390826
Merzenhausen,2022-06-03 10:00:00,1,,val,arima,0.138,0.09402086933601836
Merzenhausen,2022-06-03 11:00:00,1,,val,arima,0.135,0.0939734592068005
Merzenhausen,2022-06-03 12:00:00,1,,val,arima,0.137,0.09392607298419368
Merzenhausen,2022-06-03 13:00:00,1,,val,arima,0.138,0.09387871065614298
Merzenhausen,2022-06-03 14:00:00,1,,val,arima,0.236,0.09383137221059949
Merzenhausen,2022-06-03 15:00:00,1,,val,arima,0.229,0.09378405763552049
Merzenhausen,2022-06-03 16:00:00,1,,val,arima,0.229,0.09373676691886923
Merzenhausen,2022-06-03 17:00:00,1,,val,arima,0.224,0.0936895000486151
Merzenhausen,2022-06-03 18:00:00,1,,val,arima,0.225,0.09364225701273349
Merzenhausen,2022-06-03 19:00:00,1,,val,arima,0.225,0.09359503779920592
Merzenhausen,2022-06-03 20:00:00,1,,val,arima,0.223,0.09354784239601993
Merzenhausen,2022-06-03 21:00:00,1,,val,arima,0.224,0.09350067079116914
Merzenhausen,2022-06-03 22:00:00,1,,val,arima,0.22,0.09345352297265319
Merzenhausen,2022-06-03 23:00:00,1,,val,arima,0.219,0.09340639892847782
Merzenhausen,2022-06-04 00:00:00,1,,val,arima,0.219,0.09335929864665479
Merzenhausen,2022-06-04 01:00:00,1,,val,arima,0.22,0.09331222211520188
Merzenhausen,2022-06-04 02:00:00,1,,val,arima,0.219,0.09326516932214296
Merzenhausen,2022-06-04 03:00:00,1,,val,arima,0.219,0.09321814025550793
Merzenhausen,2022-06-04 04:00:00,1,,val,arima,0.216,0.09317113490333269
Merzenhausen,2022-06-04 05:00:00,1,,val,arima,0.215,0.0931241532536592
Merzenhausen,2022-06-04 06:00:00,1,,val,arima,0.216,0.09307719529453547
Merzenhausen,2022-06-04 07:00:00,1,,val,arima,0.214,0.09303026101401549
Merzenhausen,2022-06-04 08:00:00,1,,val,arima,0.212,0.09298335040015929
Merzenhausen,2022-06-04 09:00:00,1,,val,arima,0.213,0.09293646344103296
Merzenhausen,2022-06-04 10:00:00,1,,val,arima,0.212,0.09288960012470855
Merzenhausen,2022-06-04 11:00:00,1,,val,arima,0.209,0.09284276043926415
Merzenhausen,2022-06-04 12:00:00,1,,val,arima,0.209,0.09279594437278388
Merzenhausen,2022-06-04 13:00:00,1,,val,arima,0.204,0.09274915191335784
Merzenhausen,2022-06-04 14:00:00,1,,val,arima,0.204,0.09270238304908215
Merzenhausen,2022-06-04 15:00:00,1,,val,arima,0.201,0.09265563776805893
Merzenhausen,2022-06-04 16:00:00,1,,val,arima,0.203,0.0926089160583963
Merzenhausen,2022-06-04 17:00:00,1,,val,arima,0.199,0.09256221790820836
Merzenhausen,2022-06-04 18:00:00,1,,val,arima,0.202,0.09251554330561523
Merzenhausen,2022-06-04 19:00:00,1,,val,arima,0.197,0.09246889223874301
Merzenhausen,2022-06-04 20:00:00,1,,val,arima,0.196,0.09242226469572377
Merzenhausen,2022-06-04 21:00:00,1,,val,arima,0.195,0.0923756606646956
Merzenhausen,2022-06-04 22:00:00,1,,val,arima,0.197,0.09232908013380256
Merzenhausen,2022-06-04 23:00:00,1,,val,arima,0.196,0.09228252309119467
Merzenhausen,2022-06-05 00:00:00,1,,val,arima,0.196,0.09223598952502791
Merzenhausen,2022-06-05 01:00:00,1,,val,arima,0.194,0.0921894794234643
Merzenhausen,2022-06-05 02:00:00,1,,val,arima,0.19,0.09214299277467175
Merzenhausen,2022-06-05 03:00:00,1,,val,arima,0.195,0.09209652956682421
Merzenhausen,2022-06-05 04:00:00,1,,val,arima,0.192,0.09205008978810153
Merzenhausen,2022-06-05 05:00:00,1,,val,arima,0.192,0.09200367342668955
Merzenhausen,2022-06-05 06:00:00,1,,val,arima,0.193,0.09195728047078008
Merzenhausen,2022-06-05 07:00:00,1,,val,arima,0.193,0.09191091090857086
Merzenhausen,2022-06-05 08:00:00,1,,val,arima,0.191,0.09186456472826558
Merzenhausen,2022-06-05 09:00:00,1,,val,arima,0.187,0.0918182419180739
Merzenhausen,2022-06-05 10:00:00,1,,val,arima,0.188,0.09177194246621143
Merzenhausen,2022-06-05 11:00:00,1,,val,arima,0.186,0.09172566636089965
Merzenhausen,2022-06-05 12:00:00,1,,val,arima,0.186,0.0916794135903661
Merzenhausen,2022-06-05 13:00:00,1,,val,arima,0.187,0.09163318414284417
Merzenhausen,2022-06-05 14:00:00,1,,val,arima,0.186,0.0915869780065732
Merzenhausen,2022-06-05 15:00:00,1,,val,arima,0.183,0.09154079516979846
Merzenhausen,2022-06-05 16:00:00,1,,val,arima,0.183,0.09149463562077118
Merzenhausen,2022-06-05 17:00:00,1,,val,arima,0.183,0.09144849934774843
Merzenhausen,2022-06-05 18:00:00,1,,val,arima,0.185,0.09140238633899331
Merzenhausen,2022-06-05 19:00:00,1,,val,arima,0.185,0.09135629658277478
Merzenhausen,2022-06-05 20:00:00,1,,val,arima,0.187,0.09131023006736771
Merzenhausen,2022-06-05 21:00:00,1,,val,arima,0.183,0.09126418678105289
Merzenhausen,2022-06-05 22:00:00,1,,val,arima,0.184,0.09121816671211705
Merzenhausen,2022-06-05 23:00:00,1,,val,arima,0.184,0.09117216984885276
Merzenhausen,2022-06-06 00:00:00,1,,val,arima,0.182,0.09112619617955858
Merzenhausen,2022-06-06 01:00:00,1,,val,arima,0.185,0.09108024569253889
Merzenhausen,2022-06-06 02:00:00,1,,val,arima,0.179,0.09103431837610401
Merzenhausen,2022-06-06 03:00:00,1,,val,arima,0.184,0.09098841421857018
Merzenhausen,2022-06-06 04:00:00,1,,val,arima,0.182,0.09094253320825943
Merzenhausen,2022-06-06 05:00:00,1,,val,arima,0.184,0.0908966753334998
Merzenhausen,2022-06-06 06:00:00,1,,val,arima,0.184,0.09085084058262516
Merzenhausen,2022-06-06 07:00:00,1,,val,arima,0.182,0.09080502894397523
Merzenhausen,2022-06-06 08:00:00,1,,val,arima,0.182,0.09075924040589567
Merzenhausen,2022-06-06 09:00:00,1,,val,arima,0.182,0.09071347495673801
Merzenhausen,2022-06-06 10:00:00,1,,val,arima,0.182,0.09066773258485959
Merzenhausen,2022-06-06 11:00:00,1,,val,arima,0.182,0.09062201327862371
Merzenhausen,2022-06-06 12:00:00,1,,val,arima,0.18,0.09057631702639946
Merzenhausen,2022-06-06 13:00:00,1,,val,arima,0.183,0.09053064381656184
Merzenhausen,2022-06-06 14:00:00,1,,val,arima,0.183,0.09048499363749171
Merzenhausen,2022-06-06 15:00:00,1,,val,arima,0.216,0.09043936647757578
Merzenhausen,2022-06-06 16:00:00,1,,val,arima,0.307,0.0903937623252066
Merzenhausen,2022-06-06 17:00:00,1,,val,arima,0.309,0.0903481811687826
Merzenhausen,2022-06-06 18:00:00,1,,val,arima,0.312,0.09030262299670805
Merzenhausen,2022-06-06 19:00:00,1,,val,arima,0.309,0.09025708779739305
Merzenhausen,2022-06-06 20:00:00,1,,val,arima,0.306,0.09021157555925358
Merzenhausen,2022-06-06 21:00:00,1,,val,arima,0.304,0.09016608627071143
Merzenhausen,2022-06-06 22:00:00,1,,val,arima,0.302,0.09012061992019424
Merzenhausen,2022-06-06 23:00:00,1,,val,arima,0.305,0.09007517649613549
Merzenhausen,2022-06-07 00:00:00,1,,val,arima,0.301,0.09002975598697449
Merzenhausen,2022-06-07 01:00:00,1,,val,arima,0.301,0.08998435838115636
Merzenhausen,2022-06-07 02:00:00,1,,val,arima,0.299,0.08993898366713207
Merzenhausen,2022-06-07 03:00:00,1,,val,arima,0.302,0.08989363183335841
Merzenhausen,2022-06-07 04:00:00,1,,val,arima,0.302,0.08984830286829801
Merzenhausen,2022-06-07 05:00:00,1,,val,arima,0.302,0.08980299676041927
Merzenhausen,2022-06-07 06:00:00,1,,val,arima,0.3,0.08975771349819643
Merzenhausen,2022-06-07 07:00:00,1,,val,arima,0.3,0.08971245307010955
Merzenhausen,2022-06-07 08:00:00,1,,val,arima,0.299,0.0896672154646445
Merzenhausen,2022-06-07 09:00:00,1,,val,arima,0.30900002,0.08962200067029293
Merzenhausen,2022-06-07 10:00:00,1,,val,arima,0.306,0.08957680867555232
Merzenhausen,2022-06-07 11:00:00,1,,val,arima,0.303,0.08953163946892592
Merzenhausen,2022-06-07 12:00:00,1,,val,arima,0.3015,0.08948649303892284
Merzenhausen,2022-06-07 13:00:00,1,,val,arima,0.288,0.08944136937405792
Merzenhausen,2022-06-07 14:00:00,1,,val,arima,0.311,0.08939626846285179
Merzenhausen,2022-06-07 15:00:00,1,,val,arima,0.313,0.08935119029383093
Merzenhausen,2022-06-07 16:00:00,1,,val,arima,0.302,0.08930613485552755
Merzenhausen,2022-06-07 17:00:00,1,,val,arima,0.293,0.08926110213647966
Merzenhausen,2022-06-07 18:00:00,1,,val,arima,0.301,0.08921609212523104
Merzenhausen,2022-06-07 19:00:00,1,,val,arima,0.30049998,0.08917110481033128
Merzenhausen,2022-06-07 20:00:00,1,,val,arima,0.29,0.0891261401803357
Merzenhausen,2022-06-07 21:00:00,1,,val,arima,0.30049998,0.08908119822380542
Merzenhausen,2022-06-07 22:00:00,1,,val,arima,0.288,0.08903627892930732
Merzenhausen,2022-06-07 23:00:00,1,,val,arima,0.29,0.08899138228541405
Merzenhausen,2022-06-08 00:00:00,1,,val,arima,0.287,0.08894650828070401
Merzenhausen,2022-06-08 01:00:00,1,,val,arima,0.288,0.08890165690376137
Merzenhausen,2022-06-08 02:00:00,1,,val,arima,0.297,0.08885682814317604
Merzenhausen,2022-06-08 03:00:00,1,,val,arima,0.284,0.0888120219875437
Merzenhausen,2022-06-08 04:00:00,1,,val,arima,0.287,0.0887672384254658
Merzenhausen,2022-06-08 05:00:00,1,,val,arima,0.287,0.08872247744554948
Merzenhausen,2022-06-08 06:00:00,1,,val,arima,0.29549998,0.08867773903640769
Merzenhausen,2022-06-08 07:00:00,1,,val,arima,0.285,0.08863302318665908
Merzenhausen,2022-06-08 08:00:00,1,,val,arima,0.2945,0.08858832988492804
Merzenhausen,2022-06-08 09:00:00,1,,val,arima,0.283,0.08854365911984473
Merzenhausen,2022-06-08 10:00:00,1,,val,arima,0.281,0.088499010880045
Merzenhausen,2022-06-08 11:00:00,1,,val,arima,0.2885,0.08845438515417045
Merzenhausen,2022-06-08 12:00:00,1,,val,arima,0.277,0.08840978193086843
Merzenhausen,2022-06-08 13:00:00,1,,val,arima,0.272,0.08836520119879197
Merzenhausen,2022-06-08 14:00:00,1,,val,arima,0.271,0.08832064294659986
Merzenhausen,2022-06-08 15:00:00,1,,val,arima,0.277,0.08827610716295659
Merzenhausen,2022-06-08 16:00:00,1,,val,arima,0.264,0.08823159383653234
Merzenhausen,2022-06-08 17:00:00,1,,val,arima,0.273,0.08818710295600307
Merzenhausen,2022-06-08 18:00:00,1,,val,arima,0.262,0.08814263451005039
Merzenhausen,2022-06-08 19:00:00,1,,val,arima,0.263,0.08809818848736164
Merzenhausen,2022-06-08 20:00:00,1,,val,arima,0.262,0.08805376487662989
Merzenhausen,2022-06-08 21:00:00,1,,val,arima,0.26,0.08800936366655386
Merzenhausen,2022-06-08 22:00:00,1,,val,arima,0.258,0.087964984845838
Merzenhausen,2022-06-08 23:00:00,1,,val,arima,0.26,0.08792062840319245
Merzenhausen,2022-06-09 00:00:00,1,,val,arima,0.259,0.08787629432733304
Merzenhausen,2022-06-09 01:00:00,1,,val,arima,0.257,0.0878319826069813
Merzenhausen,2022-06-09 02:00:00,1,,val,arima,0.258,0.08778769323086444
Merzenhausen,2022-06-09 03:00:00,1,,val,arima,0.258,0.08774342618771534
Merzenhausen,2022-06-09 04:00:00,1,,val,arima,0.258,0.0876991814662726
Merzenhausen,2022-06-09 05:00:00,1,,val,arima,0.259,0.08765495905528047
Merzenhausen,2022-06-09 06:00:00,1,,val,arima,0.257,0.08761075894348885
Merzenhausen,2022-06-09 07:00:00,1,,val,arima,0.255,0.08756658111965337
Merzenhausen,2022-06-09 08:00:00,1,,val,arima,0.254,0.08752242557253531
Merzenhausen,2022-06-09 09:00:00,1,,val,arima,0.253,0.08747829229090158
Merzenhausen,2022-06-09 10:00:00,1,,val,arima,0.252,0.08743418126352481
Merzenhausen,2022-06-09 11:00:00,1,,val,arima,0.249,0.08739009247918325
Merzenhausen,2022-06-09 12:00:00,1,,val,arima,0.247,0.08734602592666085
Merzenhausen,2022-06-09 13:00:00,1,,val,arima,0.242,0.08730198159474716
Merzenhausen,2022-06-09 14:00:00,1,,val,arima,0.239,0.08725795947223743
Merzenhausen,2022-06-09 15:00:00,1,,val,arima,0.239,0.08721395954793254
Merzenhausen,2022-06-09 16:00:00,1,,val,arima,0.238,0.08716998181063901
Merzenhausen,2022-06-09 17:00:00,1,,val,arima,0.235,0.08712602624916903
Merzenhausen,2022-06-09 18:00:00,1,,val,arima,0.234,0.0870820928523404
Merzenhausen,2022-06-09 19:00:00,1,,val,arima,0.233,0.0870381816089766
Merzenhausen,2022-06-09 20:00:00,1,,val,arima,0.232,0.08699429250790669
Merzenhausen,2022-06-09 21:00:00,1,,val,arima,0.23,0.08695042553796542
Merzenhausen,2022-06-09 22:00:00,1,,val,arima,0.23,0.08690658068799312
Merzenhausen,2022-06-09 23:00:00,1,,val,arima,0.231,0.08686275794683579
Merzenhausen,2022-06-10 00:00:00,1,,val,arima,0.229,0.08681895730334502
Merzenhausen,2022-06-10 01:00:00,1,,val,arima,0.229,0.08677517874637805
Merzenhausen,2022-06-10 02:00:00,1,,val,arima,0.228,0.08673142226479771
Merzenhausen,2022-06-10 03:00:00,1,,val,arima,0.23,0.0866876878474725
Merzenhausen,2022-06-10 04:00:00,1,,val,arima,0.228,0.08664397548327643
Merzenhausen,2022-06-10 05:00:00,1,,val,arima,0.228,0.08660028516108924
Merzenhausen,2022-06-10 06:00:00,1,,val,arima,0.227,0.0865566168697962
Merzenhausen,2022-06-10 07:00:00,1,,val,arima,0.227,0.0865129705982882
Merzenhausen,2022-06-10 08:00:00,1,,val,arima,0.227,0.08646934633546176
Merzenhausen,2022-06-10 09:00:00,1,,val,arima,0.225,0.08642574407021897
Merzenhausen,2022-06-10 10:00:00,1,,val,arima,0.227,0.08638216379146751
Merzenhausen,2022-06-10 11:00:00,1,,val,arima,0.224,0.08633860548812067
Merzenhausen,2022-06-10 12:00:00,1,,val,arima,0.221,0.08629506914909735
Merzenhausen,2022-06-10 13:00:00,1,,val,arima,0.219,0.08625155476332198
Merzenhausen,2022-06-10 14:00:00,1,,val,arima,0.219,0.08620806231972464
Merzenhausen,2022-06-10 15:00:00,1,,val,arima,0.218,0.08616459180724095
Merzenhausen,2022-06-10 16:00:00,1,,val,arima,0.217,0.08612114321481212
Merzenhausen,2022-06-10 17:00:00,1,,val,arima,0.213,0.08607771653138493
Merzenhausen,2022-06-10 18:00:00,1,,val,arima,0.21,0.08603431174591177
Merzenhausen,2022-06-10 19:00:00,1,,val,arima,0.211,0.08599092884735055
Merzenhausen,2022-06-10 20:00:00,1,,val,arima,0.208,0.08594756782466476
Merzenhausen,2022-06-10 21:00:00,1,,val,arima,0.208,0.08590422866682348
Merzenhausen,2022-06-10 22:00:00,1,,val,arima,0.209,0.08586091136280134
Merzenhausen,2022-06-10 23:00:00,1,,val,arima,0.207,0.08581761590157852
Merzenhausen,2022-06-11 00:00:00,1,,val,arima,0.208,0.08577434227214077
Merzenhausen,2022-06-11 01:00:00,1,,val,arima,0.207,0.08573109046347938
Merzenhausen,2022-06-11 02:00:00,1,,val,arima,0.206,0.0856878604645912
Merzenhausen,2022-06-11 03:00:00,1,,val,arima,0.203,0.08564465226447865
Merzenhausen,2022-06-11 04:00:00,1,,val,arima,0.204,0.08560146585214964
Merzenhausen,2022-06-11 05:00:00,1,,val,arima,0.204,0.08555830121661767
Merzenhausen,2022-06-11 06:00:00,1,,val,arima,0.204,0.08551515834690177
Merzenhausen,2022-06-11 07:00:00,1,,val,arima,0.203,0.08547203723202648
Merzenhausen,2022-06-11 08:00:00,1,,val,arima,0.203,0.08542893786102193
Merzenhausen,2022-06-11 09:00:00,1,,val,arima,0.203,0.08538586022292373
Merzenhausen,2022-06-11 10:00:00,1,,val,arima,0.204,0.08534280430677305
Merzenhausen,2022-06-11 11:00:00,1,,val,arima,0.201,0.08529977010161655
Merzenhausen,2022-06-11 12:00:00,1,,val,arima,0.199,0.08525675759650646
Merzenhausen,2022-06-11 13:00:00,1,,val,arima,0.198,0.0852137667805005
Merzenhausen,2022-06-11 14:00:00,1,,val,arima,0.197,0.0851707976426619
Merzenhausen,2022-06-11 15:00:00,1,,val,arima,0.192,0.08512785017205944
Merzenhausen,2022-06-11 16:00:00,1,,val,arima,0.193,0.08508492435776738
Merzenhausen,2022-06-11 17:00:00,1,,val,arima,0.188,0.0850420201888655
Merzenhausen,2022-06-11 18:00:00,1,,val,arima,0.188,0.08499913765443912
Merzenhausen,2022-06-11 19:00:00,1,,val,arima,0.189,0.08495627674357899
Merzenhausen,2022-06-11 20:00:00,1,,val,arima,0.189,0.0849134374453814
Merzenhausen,2022-06-11 21:00:00,1,,val,arima,0.186,0.08487061974894819
Merzenhausen,2022-06-11 22:00:00,1,,val,arima,0.187,0.08482782364338659
Merzenhausen,2022-06-11 23:00:00,1,,val,arima,0.186,0.0847850491178094
Merzenhausen,2022-06-12 00:00:00,1,,val,arima,0.184,0.08474229616133491
Merzenhausen,2022-06-12 01:00:00,1,,val,arima,0.186,0.08469956476308685
Merzenhausen,2022-06-12 02:00:00,1,,val,arima,0.185,0.08465685491219446
Merzenhausen,2022-06-12 03:00:00,1,,val,arima,0.184,0.08461416659779247
Merzenhausen,2022-06-12 04:00:00,1,,val,arima,0.183,0.08457149980902108
Merzenhausen,2022-06-12 05:00:00,1,,val,arima,0.185,0.08452885453502597
Merzenhausen,2022-06-12 06:00:00,1,,val,arima,0.184,0.08448623076495829
Merzenhausen,2022-06-12 07:00:00,1,,val,arima,0.184,0.08444362848797464
Merzenhausen,2022-06-12 08:00:00,1,,val,arima,0.184,0.08440104769323713
Merzenhausen,2022-06-12 09:00:00,1,,val,arima,0.183,0.0843584883699133
Merzenhausen,2022-06-12 10:00:00,1,,val,arima,0.182,0.08431595050717619
Merzenhausen,2022-06-12 11:00:00,1,,val,arima,0.181,0.08427343409420424
Merzenhausen,2022-06-12 12:00:00,1,,val,arima,0.179,0.0842309391201814
Merzenhausen,2022-06-12 13:00:00,1,,val,arima,0.178,0.08418846557429707
Merzenhausen,2022-06-12 14:00:00,1,,val,arima,0.176,0.08414601344574606
Merzenhausen,2022-06-12 15:00:00,1,,val,arima,0.178,0.08410358272372867
Merzenhausen,2022-06-12 16:00:00,1,,val,arima,0.176,0.08406117339745063
Merzenhausen,2022-06-12 17:00:00,1,,val,arima,0.175,0.08401878545612311
Merzenhausen,2022-06-12 18:00:00,1,,val,arima,0.172,0.08397641888896273
Merzenhausen,2022-06-12 19:00:00,1,,val,arima,0.173,0.08393407368519154
Merzenhausen,2022-06-12 20:00:00,1,,val,arima,0.172,0.08389174983403702
Merzenhausen,2022-06-12 21:00:00,1,,val,arima,0.173,0.0838494473247321
Merzenhausen,2022-06-12 22:00:00,1,,val,arima,0.17,0.08380716614651512
Merzenhausen,2022-06-12 23:00:00,1,,val,arima,0.169,0.08376490628862987
Merzenhausen,2022-06-13 00:00:00,1,,val,arima,0.169,0.08372266774032552
Merzenhausen,2022-06-13 01:00:00,1,,val,arima,0.17,0.08368045049085672
Merzenhausen,2022-06-13 02:00:00,1,,val,arima,0.167,0.08363825452948351
Merzenhausen,2022-06-13 03:00:00,1,,val,arima,0.168,0.08359607984547131
Merzenhausen,2022-06-13 04:00:00,1,,val,arima,0.166,0.08355392642809101
Merzenhausen,2022-06-13 05:00:00,1,,val,arima,0.168,0.08351179426661888
Merzenhausen,2022-06-13 06:00:00,1,,val,arima,0.166,0.08346968335033661
Merzenhausen,2022-06-13 07:00:00,1,,val,arima,0.168,0.0834275936685313
Merzenhausen,2022-06-13 08:00:00,1,,val,arima,0.168,0.0833855252104954
Merzenhausen,2022-06-13 09:00:00,1,,val,arima,0.165,0.08334347796552685
Merzenhausen,2022-06-13 10:00:00,1,,val,arima,0.165,0.08330145192292891
Merzenhausen,2022-06-13 11:00:00,1,,val,arima,0.164,0.08325944707201027
Merzenhausen,2022-06-13 12:00:00,1,,val,arima,0.166,0.083217463402085
Merzenhausen,2022-06-13 13:00:00,1,,val,arima,0.167,0.08317550090247254
Merzenhausen,2022-06-13 14:00:00,1,,val,arima,0.167,0.08313355956249777
Merzenhausen,2022-06-13 15:00:00,1,,val,arima,0.164,0.08309163937149089
Merzenhausen,2022-06-13 16:00:00,1,,val,arima,0.16,0.08304974031878753
Merzenhausen,2022-06-13 17:00:00,1,,val,arima,0.161,0.08300786239372868
Merzenhausen,2022-06-13 18:00:00,1,,val,arima,0.16,0.08296600558566067
Merzenhausen,2022-06-13 19:00:00,1,,val,arima,0.16,0.08292416988393526
Merzenhausen,2022-06-13 20:00:00,1,,val,arima,0.161,0.08288235527790955
Merzenhausen,2022-06-13 21:00:00,1,,val,arima,0.158,0.082840561756946
Merzenhausen,2022-06-13 22:00:00,1,,val,arima,0.159,0.08279878931041246
Merzenhausen,2022-06-13 23:00:00,1,,val,arima,0.157,0.0827570379276821
Merzenhausen,2022-06-14 00:00:00,1,,val,arima,0.156,0.0827153075981335
Merzenhausen,2022-06-14 01:00:00,1,,val,arima,0.158,0.08267359831115055
Merzenhausen,2022-06-14 02:00:00,1,,val,arima,0.155,0.08263191005612253
Merzenhausen,2022-06-14 03:00:00,1,,val,arima,0.155,0.08259024282244404
Merzenhausen,2022-06-14 04:00:00,1,,val,arima,0.154,0.08254859659951504
Merzenhausen,2022-06-14 05:00:00,1,,val,arima,0.158,0.08250697137674085
Merzenhausen,2022-06-14 06:00:00,1,,val,arima,0.158,0.08246536714353209
Merzenhausen,2022-06-14 07:00:00,1,,val,arima,0.156,0.08242378388930477
Merzenhausen,2022-06-14 08:00:00,1,,val,arima,0.154,0.08238222160348022
Merzenhausen,2022-06-14 09:00:00,1,,val,arima,0.157,0.08234068027548508
Merzenhausen,2022-06-14 10:00:00,1,,val,arima,0.157,0.08229915989475137
Merzenhausen,2022-06-14 11:00:00,1,,val,arima,0.153,0.08225766045071639
Merzenhausen,2022-06-14 12:00:00,1,,val,arima,0.156,0.08221618193282278
Merzenhausen,2022-06-14 13:00:00,1,,val,arima,0.157,0.0821747243305185
Merzenhausen,2022-06-14 14:00:00,1,,val,arima,0.157,0.08213328763325689
Merzenhausen,2022-06-14 15:00:00,1,,val,arima,0.153,0.08209187183049652
Merzenhausen,2022-06-14 16:00:00,1,,val,arima,0.155,0.08205047691170131
Merzenhausen,2022-06-14 17:00:00,1,,val,arima,0.156,0.0820091028663405
Merzenhausen,2022-06-14 18:00:00,1,,val,arima,0.149,0.08196774968388866
Merzenhausen,2022-06-14 19:00:00,1,,val,arima,0.154,0.08192641735382564
Merzenhausen,2022-06-14 20:00:00,1,,val,arima,0.151,0.08188510586563656
Merzenhausen,2022-06-14 21:00:00,1,,val,arima,0.153,0.08184381520881193
Merzenhausen,2022-06-14 22:00:00,1,,val,arima,0.152,0.08180254537284748
Merzenhausen,2022-06-14 23:00:00,1,,val,arima,0.153,0.08176129634724429
Merzenhausen,2022-06-15 00:00:00,1,,val,arima,0.154,0.0817200681215087
Merzenhausen,2022-06-15 01:00:00,1,,val,arima,0.151,0.08167886068515234
Merzenhausen,2022-06-15 02:00:00,1,,val,arima,0.149,0.08163767402769218
Merzenhausen,2022-06-15 03:00:00,1,,val,arima,0.15,0.0815965081386504
Merzenhausen,2022-06-15 04:00:00,1,,val,arima,0.147,0.0815553630075545
Merzenhausen,2022-06-15 05:00:00,1,,val,arima,0.146,0.08151423862393731
Merzenhausen,2022-06-15 06:00:00,1,,val,arima,0.15,0.08147313497733685
Merzenhausen,2022-06-15 07:00:00,1,,val,arima,0.148,0.08143205205729646
Merzenhausen,2022-06-15 08:00:00,1,,val,arima,0.147,0.08139098985336476
Merzenhausen,2022-06-15 09:00:00,1,,val,arima,0.15,0.08134994835509562
Merzenhausen,2022-06-15 10:00:00,1,,val,arima,0.15,0.08130892755204819
Merzenhausen,2022-06-15 11:00:00,1,,val,arima,0.149,0.08126792743378689
Merzenhausen,2022-06-15 12:00:00,1,,val,arima,0.152,0.08122694798988137
Merzenhausen,2022-06-15 13:00:00,1,,val,arima,0.151,0.08118598920990658
Merzenhausen,2022-06-15 14:00:00,1,,val,arima,0.149,0.08114505108344272
Merzenhausen,2022-06-15 15:00:00,1,,val,arima,0.148,0.0811041336000752
Merzenhausen,2022-06-15 16:00:00,1,,val,arima,0.149,0.08106323674939475
Merzenhausen,2022-06-15 17:00:00,1,,val,arima,0.149,0.0810223605209973
Merzenhausen,2022-06-15 18:00:00,1,,val,arima,0.151,0.08098150490448404
Merzenhausen,2022-06-15 19:00:00,1,,val,arima,0.148,0.0809406698894614
Merzenhausen,2022-06-15 20:00:00,1,,val,arima,0.149,0.08089985546554106
Merzenhausen,2022-06-15 21:00:00,1,,val,arima,0.146,0.08085906162233994
Merzenhausen,2022-06-15 22:00:00,1,,val,arima,0.145,0.08081828834948018
Merzenhausen,2022-06-15 23:00:00,1,,val,arima,0.146,0.08077753563658915
Merzenhausen,2022-06-16 00:00:00,1,,val,arima,0.146,0.0807368034732995
Merzenhausen,2022-06-16 01:00:00,1,,val,arima,0.144,0.08069609184924904
Merzenhausen,2022-06-16 02:00:00,1,,val,arima,0.145,0.08065540075408084
Merzenhausen,2022-06-16 03:00:00,1,,val,arima,0.149,0.0806147301774432
Merzenhausen,2022-06-16 04:00:00,1,,val,arima,0.145,0.0805740801089896
Merzenhausen,2022-06-16 05:00:00,1,,val,arima,0.146,0.08053345053837879
Merzenhausen,2022-06-16 06:00:00,1,,val,arima,0.145,0.08049284145527472
Merzenhausen,2022-06-16 07:00:00,1,,val,arima,0.145,0.08045225284934651
Merzenhausen,2022-06-16 08:00:00,1,,val,arima,0.146,0.08041168471026855
Merzenhausen,2022-06-16 09:00:00,1,,val,arima,0.147,0.08037113702772039
Merzenhausen,2022-06-16 10:00:00,1,,val,arima,0.145,0.0803306097913868
Merzenhausen,2022-06-16 11:00:00,1,,val,arima,0.146,0.08029010299095776
Merzenhausen,2022-06-16 12:00:00,1,,val,arima,0.149,0.08024961661612845
Merzenhausen,2022-06-16 13:00:00,1,,val,arima,0.148,0.08020915065659923
Merzenhausen,2022-06-16 14:00:00,1,,val,arima,0.147,0.08016870510207566
Merzenhausen,2022-06-16 15:00:00,1,,val,arima,0.147,0.08012827994226848
Merzenhausen,2022-06-16 16:00:00,1,,val,arima,0.147,0.08008787516689367
Merzenhausen,2022-06-16 17:00:00,1,,val,arima,0.144,0.08004749076567232
Merzenhausen,2022-06-16 18:00:00,1,,val,arima,0.146,0.08000712672833075
Merzenhausen,2022-06-16 19:00:00,1,,val,arima,0.145,0.07996678304460046
Merzenhausen,2022-06-16 20:00:00,1,,val,arima,0.144,0.0799264597042181
Merzenhausen,2022-06-16 21:00:00,1,,val,arima,0.145,0.07988615669692554
Merzenhausen,2022-06-16 22:00:00,1,,val,arima,0.145,0.07984587401246979
Merzenhausen,2022-06-16 23:00:00,1,,val,arima,0.144,0.07980561164060301
Merzenhausen,2022-06-17 00:00:00,1,,val,arima,0.145,0.0797653695710826
Merzenhausen,2022-06-17 01:00:00,1,,val,arima,0.145,0.07972514779367104
Merzenhausen,2022-06-17 02:00:00,1,,val,arima,0.142,0.07968494629813602
Merzenhausen,2022-06-17 03:00:00,1,,val,arima,0.14,0.07964476507425039
Merzenhausen,2022-06-17 04:00:00,1,,val,arima,0.145,0.07960460411179214
Merzenhausen,2022-06-17 05:00:00,1,,val,arima,0.145,0.07956446340054443
Merzenhausen,2022-06-17 06:00:00,1,,val,arima,0.142,0.07952434293029556
Merzenhausen,2022-06-17 07:00:00,1,,val,arima,0.142,0.07948424269083898
Merzenhausen,2022-06-17 08:00:00,1,,val,arima,0.142,0.0794441626719733
Merzenhausen,2022-06-17 09:00:00,1,,val,arima,0.143,0.07940410286350225
Merzenhausen,2022-06-17 10:00:00,1,,val,arima,0.141,0.07936406325523472
Merzenhausen,2022-06-17 11:00:00,1,,val,arima,0.145,0.07932404383698474
Merzenhausen,2022-06-17 12:00:00,1,,val,arima,0.14,0.07928404459857147
Merzenhausen,2022-06-17 13:00:00,1,,val,arima,0.143,0.0792440655298192
Merzenhausen,2022-06-17 14:00:00,1,,val,arima,0.145,0.07920410662055738
Merzenhausen,2022-06-17 15:00:00,1,,val,arima,0.142,0.07916416786062053
Merzenhausen,2022-06-17 16:00:00,1,,val,arima,0.145,0.07912424923984834
Merzenhausen,2022-06-17 17:00:00,1,,val,arima,0.143,0.07908435074808562
Merzenhausen,2022-06-17 18:00:00,1,,val,arima,0.142,0.07904447237518229
Merzenhausen,2022-06-17 19:00:00,1,,val,arima,0.141,0.07900461411099341
Merzenhausen,2022-06-17 20:00:00,1,,val,arima,0.141,0.0789647759453791
Merzenhausen,2022-06-17 21:00:00,1,,val,arima,0.142,0.07892495786820466
Merzenhausen,2022-06-17 22:00:00,1,,val,arima,0.14,0.07888515986934047
Merzenhausen,2022-06-17 23:00:00,1,,val,arima,0.139,0.07884538193866202
Merzenhausen,2022-06-18 00:00:00,1,,val,arima,0.141,0.07880562406604989
Merzenhausen,2022-06-18 01:00:00,1,,val,arima,0.138,0.07876588624138978
Merzenhausen,2022-06-18 02:00:00,1,,val,arima,0.144,0.0787261684545725
Merzenhausen,2022-06-18 03:00:00,1,,val,arima,0.14,0.07868647069549395
Merzenhausen,2022-06-18 04:00:00,1,,val,arima,0.137,0.0786467929540551
Merzenhausen,2022-06-18 05:00:00,1,,val,arima,0.139,0.07860713522016205
Merzenhausen,2022-06-18 06:00:00,1,,val,arima,0.138,0.07856749748372596
Merzenhausen,2022-06-18 07:00:00,1,,val,arima,0.138,0.0785278797346631
Merzenhausen,2022-06-18 08:00:00,1,,val,arima,0.14,0.07848828196289481
Merzenhausen,2022-06-18 09:00:00,1,,val,arima,0.138,0.07844870415834751
Merzenhausen,2022-06-18 10:00:00,1,,val,arima,0.139,0.07840914631095271
Merzenhausen,2022-06-18 11:00:00,1,,val,arima,0.137,0.078369608410647
Merzenhausen,2022-06-18 12:00:00,1,,val,arima,0.14,0.07833009044737202
Merzenhausen,2022-06-18 13:00:00,1,,val,arima,0.141,0.07829059241107453
Merzenhausen,2022-06-18 14:00:00,1,,val,arima,0.142,0.07825111429170631
Merzenhausen,2022-06-18 15:00:00,1,,val,arima,0.141,0.07821165607922423
Merzenhausen,2022-06-18 16:00:00,1,,val,arima,0.143,0.07817221776359021
Merzenhausen,2022-06-18 17:00:00,1,,val,arima,0.14,0.07813279933477126
Merzenhausen,2022-06-18 18:00:00,1,,val,arima,0.14,0.07809340078273941
Merzenhausen,2022-06-18 19:00:00,1,,val,arima,0.141,0.07805402209747178
Merzenhausen,2022-06-18 20:00:00,1,,val,arima,0.138,0.07801466326895054
Merzenhausen,2022-06-18 21:00:00,1,,val,arima,0.141,0.07797532428716289
Merzenhausen,2022-06-18 22:00:00,1,,val,arima,0.138,0.0779360051421011
Merzenhausen,2022-06-18 23:00:00,1,,val,arima,0.14,0.07789670582376247
Merzenhausen,2022-06-19 00:00:00,1,,val,arima,0.139,0.07785742632214937
Merzenhausen,2022-06-19 01:00:00,1,,val,arima,0.14,0.07781816662726918
Merzenhausen,2022-06-19 02:00:00,1,,val,arima,0.139,0.07777892672913432
Merzenhausen,2022-06-19 03:00:00,1,,val,arima,0.137,0.07773970661776229
Merzenhausen,2022-06-19 04:00:00,1,,val,arima,0.136,0.07770050628317557
Merzenhausen,2022-06-19 05:00:00,1,,val,arima,0.138,0.0776613257154017
Merzenhausen,2022-06-19 06:00:00,1,,val,arima,0.134,0.07762216490447324
Merzenhausen,2022-06-19 07:00:00,1,,val,arima,0.137,0.07758302384042778
Merzenhausen,2022-06-19 08:00:00,1,,val,arima,0.136,0.07754390251330794
Merzenhausen,2022-06-19 09:00:00,1,,val,arima,0.137,0.07750480091316134
Merzenhausen,2022-06-19 10:00:00,1,,val,arima,0.138,0.07746571903004064
Merzenhausen,2022-06-19 11:00:00,1,,val,arima,0.138,0.0774266568540035
Merzenhausen,2022-06-19 12:00:00,1,,val,arima,0.14,0.0773876143751126
Merzenhausen,2022-06-19 13:00:00,1,,val,arima,0.138,0.07734859158343566
Merzenhausen,2022-06-19 14:00:00,1,,val,arima,0.141,0.07730958846904534
Merzenhausen,2022-06-19 15:00:00,1,,val,arima,0.141,0.07727060502201938
Merzenhausen,2022-06-19 16:00:00,1,,val,arima,0.14,0.07723164123244045
Merzenhausen,2022-06-19 17:00:00,1,,val,arima,0.139,0.07719269709039629
Merzenhausen,2022-06-19 18:00:00,1,,val,arima,0.141,0.07715377258597961
Merzenhausen,2022-06-19 19:00:00,1,,val,arima,0.138,0.0771148677092881
Merzenhausen,2022-06-19 20:00:00,1,,val,arima,0.14,0.07707598245042446
Merzenhausen,2022-06-19 21:00:00,1,,val,arima,0.139,0.0770371167994964
Merzenhausen,2022-06-19 22:00:00,1,,val,arima,0.14,0.07699827074661655
Merzenhausen,2022-06-19 23:00:00,1,,val,arima,0.14,0.07695944428190263
Merzenhausen,2022-06-20 00:00:00,1,,val,arima,0.135,0.07692063739547723
Merzenhausen,2022-06-20 01:00:00,1,,val,arima,0.14,0.07688185007746802
Merzenhausen,2022-06-20 02:00:00,1,,val,arima,0.139,0.07684308231800757
Merzenhausen,2022-06-20 03:00:00,1,,val,arima,0.137,0.07680433410723349
Merzenhausen,2022-06-20 04:00:00,1,,val,arima,0.134,0.07676560543528832
Merzenhausen,2022-06-20 05:00:00,1,,val,arima,0.136,0.07672689629231957
Merzenhausen,2022-06-20 06:00:00,1,,val,arima,0.138,0.07668820666847975
Merzenhausen,2022-06-20 07:00:00,1,,val,arima,0.137,0.07664953655392631
Merzenhausen,2022-06-20 08:00:00,1,,val,arima,0.136,0.07661088593882168
Merzenhausen,2022-06-20 09:00:00,1,,val,arima,0.1435,0.07657225481333321
Merzenhausen,2022-06-20 10:00:00,1,,val,arima,0.14,0.07653364316763328
Merzenhausen,2022-06-20 11:00:00,1,,val,arima,0.137,0.07649505099189916
Merzenhausen,2022-06-20 12:00:00,1,,val,arima,0.139,0.0764564782763131
Merzenhausen,2022-06-20 13:00:00,1,,val,arima,0.14,0.07641792501106232
Merzenhausen,2022-06-20 14:00:00,1,,val,arima,0.141,0.07637939118633894
Merzenhausen,2022-06-20 15:00:00,1,,val,arima,0.142,0.07634087679234006
Merzenhausen,2022-06-20 16:00:00,1,,val,arima,0.139,0.0763023818192677
Merzenhausen,2022-06-20 17:00:00,1,,val,arima,0.141,0.07626390625732887
Merzenhausen,2022-06-20 18:00:00,1,,val,arima,0.143,0.07622545009673545
Merzenhausen,2022-06-20 19:00:00,1,,val,arima,0.143,0.07618701332770432
Merzenhausen,2022-06-20 20:00:00,1,,val,arima,0.137,0.07614859594045724
Merzenhausen,2022-06-20 21:00:00,1,,val,arima,0.139,0.07611019792522093
Merzenhausen,2022-06-20 22:00:00,1,,val,arima,0.14,0.07607181927222703
Merzenhausen,2022-06-20 23:00:00,1,,val,arima,0.135,0.07603345997171213
Merzenhausen,2022-06-21 00:00:00,1,,val,arima,0.1375,0.07599512001391769
Merzenhausen,2022-06-21 01:00:00,1,,val,arima,0.14,0.07595679938909013
Merzenhausen,2022-06-21 02:00:00,1,,val,arima,0.137,0.07591849808748079
Merzenhausen,2022-06-21 03:00:00,1,,val,arima,0.135,0.0758802160993459
Merzenhausen,2022-06-21 04:00:00,1,,val,arima,0.144,0.07584195341494664
Merzenhausen,2022-06-21 05:00:00,1,,val,arima,0.134,0.07580371002454905
Merzenhausen,2022-06-21 06:00:00,1,,val,arima,0.138,0.07576548591842414
Merzenhausen,2022-06-21 07:00:00,1,,val,arima,0.137,0.07572728108684777
Merzenhausen,2022-06-21 08:00:00,1,,val,arima,0.136,0.07568909552010075
Merzenhausen,2022-06-21 09:00:00,1,,val,arima,0.139,0.07565092920846875
Merzenhausen,2022-06-21 10:00:00,1,,val,arima,0.138,0.07561278214224235
Merzenhausen,2022-06-21 11:00:00,1,,val,arima,0.139,0.07557465431171705
Merzenhausen,2022-06-21 12:00:00,1,,val,arima,0.143,0.07553654570719322
Merzenhausen,2022-06-21 13:00:00,1,,val,arima,0.137,0.07549845631897611
Merzenhausen,2022-06-21 14:00:00,1,,val,arima,0.143,0.0754603861373759
Merzenhausen,2022-06-21 15:00:00,1,,val,arima,0.14,0.07542233515270763
Merzenhausen,2022-06-21 16:00:00,1,,val,arima,0.14,0.07538430335529123
Merzenhausen,2022-06-21 17:00:00,1,,val,arima,0.14,0.07534629073545149
Merzenhausen,2022-06-21 18:00:00,1,,val,arima,0.138,0.0753082972835181
Merzenhausen,2022-06-21 19:00:00,1,,val,arima,0.141,0.07527032298982561
Merzenhausen,2022-06-21 20:00:00,1,,val,arima,0.14,0.07523236784471349
Merzenhausen,2022-06-21 21:00:00,1,,val,arima,0.138,0.075194431838526
Merzenhausen,2022-06-21 22:00:00,1,,val,arima,0.141,0.07515651496161237
Merzenhausen,2022-06-21 23:00:00,1,,val,arima,0.132,0.07511861720432658
Merzenhausen,2022-06-22 00:00:00,1,,val,arima,0.136,0.0750807385570276
Merzenhausen,2022-06-22 01:00:00,1,,val,arima,0.138,0.07504287901007915
Merzenhausen,2022-06-22 02:00:00,1,,val,arima,0.14,0.07500503855384988
Merzenhausen,2022-06-22 03:00:00,1,,val,arima,0.136,0.07496721717871327
Merzenhausen,2022-06-22 04:00:00,1,,val,arima,0.137,0.07492941487504765
Merzenhausen,2022-06-22 05:00:00,1,,val,arima,0.137,0.0748916316332362
Merzenhausen,2022-06-22 06:00:00,1,,val,arima,0.20449999,0.07485386744366698
Merzenhausen,2022-06-22 07:00:00,1,,val,arima,0.307,0.07481612229673287
Merzenhausen,2022-06-22 08:00:00,1,,val,arima,0.304,0.07477839618283161
Merzenhausen,2022-06-22 09:00:00,1,,val,arima,0.302,0.07474068909236575
Merzenhausen,2022-06-22 10:00:00,1,,val,arima,0.296,0.07470300101574272
Merzenhausen,2022-06-22 11:00:00,1,,val,arima,0.294,0.07466533194337474
Merzenhausen,2022-06-22 12:00:00,1,,val,arima,0.292,0.07462768186567892
Merzenhausen,2022-06-22 13:00:00,1,,val,arima,0.289,0.07459005077307718
Merzenhausen,2022-06-22 14:00:00,1,,val,arima,0.285,0.07455243865599624
Merzenhausen,2022-06-22 15:00:00,1,,val,arima,0.282,0.07451484550486769
Merzenhausen,2022-06-22 16:00:00,1,,val,arima,0.279,0.07447727131012791
Merzenhausen,2022-06-22 17:00:00,1,,val,arima,0.279,0.07443971606221814
Merzenhausen,2022-06-22 18:00:00,1,,val,arima,0.278,0.07440217975158442
Merzenhausen,2022-06-22 19:00:00,1,,val,arima,0.275,0.07436466236867759
Merzenhausen,2022-06-22 20:00:00,1,,val,arima,0.273,0.07432716390395333
Merzenhausen,2022-06-22 21:00:00,1,,val,arima,0.273,0.07428968434787211
Merzenhausen,2022-06-22 22:00:00,1,,val,arima,0.273,0.07425222369089926
Merzenhausen,2022-06-22 23:00:00,1,,val,arima,0.273,0.07421478192350486
Merzenhausen,2022-06-23 00:00:00,1,,val,arima,0.27,0.07417735903616382
Merzenhausen,2022-06-23 01:00:00,1,,val,arima,0.27,0.07413995501935586
Merzenhausen,2022-06-23 02:00:00,1,,val,arima,0.268,0.07410256986356548
Merzenhausen,2022-06-23 03:00:00,1,,val,arima,0.272,0.074065203559282
Merzenhausen,2022-06-23 04:00:00,1,,val,arima,0.269,0.07402785609699952
Merzenhausen,2022-06-23 05:00:00,1,,val,arima,0.269,0.07399052746721696
Merzenhausen,2022-06-23 06:00:00,1,,val,arima,0.266,0.07395321766043798
Merzenhausen,2022-06-23 07:00:00,1,,val,arima,0.271,0.07391592666717109
Merzenhausen,2022-06-23 08:00:00,1,,val,arima,0.265,0.07387865447792952
Merzenhausen,2022-06-23 09:00:00,1,,val,arima,0.26700002,0.07384140108323135
Merzenhausen,2022-06-23 10:00:00,1,,val,arima,0.263,0.0738041664735994
Merzenhausen,2022-06-23 11:00:00,1,,val,arima,0.257,0.07376695063956128
Merzenhausen,2022-06-23 12:00:00,1,,val,arima,0.2605,0.07372975357164938
Merzenhausen,2022-06-23 13:00:00,1,,val,arima,0.255,0.07369257526040082
Merzenhausen,2022-06-23 14:00:00,1,,val,arima,0.25599998,0.07365541569635761
Merzenhausen,2022-06-23 15:00:00,1,,val,arima,0.253,0.07361827487006638
Merzenhausen,2022-06-23 16:00:00,1,,val,arima,0.253,0.07358115277207863
Merzenhausen,2022-06-23 17:00:00,1,,val,arima,0.2515,0.07354404939295059
Merzenhausen,2022-06-23 18:00:00,1,,val,arima,0.251,0.07350696472324324
Merzenhausen,2022-06-23 19:00:00,1,,val,arima,0.248,0.07346989875352235
Merzenhausen,2022-06-23 20:00:00,1,,val,arima,0.248,0.07343285147435841
Merzenhausen,2022-06-23 21:00:00,1,,val,arima,0.246,0.0733958228763267
Merzenhausen,2022-06-23 22:00:00,1,,val,arima,0.246,0.07335881295000725
Merzenhausen,2022-06-23 23:00:00,1,,val,arima,0.26749998,0.0733218216859848
Merzenhausen,2022-06-24 00:00:00,1,,val,arima,0.283,0.07328484907484889
Merzenhausen,2022-06-24 01:00:00,1,,val,arima,0.293,0.07324789510719376
Merzenhausen,2022-06-24 02:00:00,1,,val,arima,0.23249999,0.07321095977361844
Merzenhausen,2022-06-24 03:00:00,1,,val,arima,0.2985,0.07317404306472666
Merzenhausen,2022-06-24 04:00:00,1,,val,arima,0.298,0.07313714497112689
Merzenhausen,2022-06-24 05:00:00,1,,val,arima,0.2965,0.07310026548343238
Merzenhausen,2022-06-24 06:00:00,1,,val,arima,0.296,0.07306340459226104
Merzenhausen,2022-06-24 07:00:00,1,,val,arima,0.2945,0.07302656228823559
Merzenhausen,2022-06-24 08:00:00,1,,val,arima,0.2935,0.07298973856198342
Merzenhausen,2022-06-24 09:00:00,1,,val,arima,0.292,0.07295293340413667
Merzenhausen,2022-06-24 10:00:00,1,,val,arima,0.2915,0.0729161468053322
Merzenhausen,2022-06-24 11:00:00,1,,val,arima,0.2885,0.07287937875621159
Merzenhausen,2022-06-24 12:00:00,1,,val,arima,0.289,0.07284262924742116
Merzenhausen,2022-06-24 13:00:00,1,,val,arima,0.282,0.0728058982696119
Merzenhausen,2022-06-24 14:00:00,1,,val,arima,0.28399998,0.07276918581343955
Merzenhausen,2022-06-24 15:00:00,1,,val,arima,0.28,0.07273249186956457
Merzenhausen,2022-06-24 16:00:00,1,,val,arima,0.278,0.0726958164286521
Merzenhausen,2022-06-24 17:00:00,1,,val,arima,0.278,0.072659159481372
Merzenhausen,2022-06-24 18:00:00,1,,val,arima,0.277,0.07262252101839883
Merzenhausen,2022-06-24 19:00:00,1,,val,arima,0.278,0.07258590103041188
Merzenhausen,2022-06-24 20:00:00,1,,val,arima,0.278,0.07254929950809508
Merzenhausen,2022-06-24 21:00:00,1,,val,arima,0.276,0.07251271644213714
Merzenhausen,2022-06-24 22:00:00,1,,val,arima,0.276,0.07247615182323137
Merzenhausen,2022-06-24 23:00:00,1,,val,arima,0.2755,0.07243960564207587
Merzenhausen,2022-06-25 00:00:00,1,,val,arima,0.274,0.07240307788937336
Merzenhausen,2022-06-25 01:00:00,1,,val,arima,0.2755,0.07236656855583128
Merzenhausen,2022-06-25 02:00:00,1,,val,arima,0.27499998,0.07233007763216173
Merzenhausen,2022-06-25 03:00:00,1,,val,arima,0.2735,0.07229360510908153
Merzenhausen,2022-06-25 04:00:00,1,,val,arima,0.2745,0.07225715097731217
Merzenhausen,2022-06-25 05:00:00,1,,val,arima,0.273,0.07222071522757978
Merzenhausen,2022-06-25 06:00:00,1,,val,arima,0.27499998,0.07218429785061523
Merzenhausen,2022-06-25 07:00:00,1,,val,arima,0.272,0.072147898837154
Merzenhausen,2022-06-25 08:00:00,1,,val,arima,0.274,0.07211151817793629
Merzenhausen,2022-06-25 09:00:00,1,,val,arima,0.271,0.07207515586370696
Merzenhausen,2022-06-25 10:00:00,1,,val,arima,0.2715,0.07203881188521552
Merzenhausen,2022-06-25 11:00:00,1,,val,arima,0.267,0.07200248623321615
Merzenhausen,2022-06-25 12:00:00,1,,val,arima,0.2685,0.0719661788984677
Merzenhausen,2022-06-25 13:00:00,1,,val,arima,0.2685,0.07192988987173365
Merzenhausen,2022-06-25 14:00:00,1,,val,arima,0.262,0.07189361914378221
Merzenhausen,2022-06-25 15:00:00,1,,val,arima,0.263,0.07185736670538617
Merzenhausen,2022-06-25 16:00:00,1,,val,arima,0.26,0.071821132547323
Merzenhausen,2022-06-25 17:00:00,1,,val,arima,0.26,0.07178491666037484
Merzenhausen,2022-06-25 18:00:00,1,,val,arima,0.258,0.07174871903532845
Merzenhausen,2022-06-25 19:00:00,1,,val,arima,0.2605,0.07171253966297524
Merzenhausen,2022-06-25 20:00:00,1,,val,arima,0.2595,0.07167637853411127
Merzenhausen,2022-06-25 21:00:00,1,,val,arima,0.254,0.07164023563953724
Merzenhausen,2022-06-25 22:00:00,1,,val,arima,0.259,0.07160411097005849
Merzenhausen,2022-06-25 23:00:00,1,,val,arima,0.256,0.07156800451648501
Merzenhausen,2022-06-26 00:00:00,1,,val,arima,0.257,0.07153191626963137
Merzenhausen,2022-06-26 01:00:00,1,,val,arima,0.25800002,0.07149584622031686
Merzenhausen,2022-06-26 02:00:00,1,,val,arima,0.253,0.07145979435936532
Merzenhausen,2022-06-26 03:00:00,1,,val,arima,0.255,0.07142376067760525
Merzenhausen,2022-06-26 04:00:00,1,,val,arima,0.255,0.07138774516586979
Merzenhausen,2022-06-26 05:00:00,1,,val,arima,0.254,0.07135174781499666
Merzenhausen,2022-06-26 06:00:00,1,,val,arima,0.255,0.07131576861582825
Merzenhausen,2022-06-26 07:00:00,1,,val,arima,0.25550002,0.07127980755921151
Merzenhausen,2022-06-26 08:00:00,1,,val,arima,0.253,0.07124386463599806
Merzenhausen,2022-06-26 09:00:00,1,,val,arima,0.25,0.07120793983704411
Merzenhausen,2022-06-26 10:00:00,1,,val,arima,0.247,0.07117203315321048
Merzenhausen,2022-06-26 11:00:00,1,,val,arima,0.24700001,0.0711361445753626
Merzenhausen,2022-06-26 12:00:00,1,,val,arima,0.242,0.0711002740943705
Merzenhausen,2022-06-26 13:00:00,1,,val,arima,0.238,0.07106442170110883
Merzenhausen,2022-06-26 14:00:00,1,,val,arima,0.236,0.07102858738645683
Merzenhausen,2022-06-26 15:00:00,1,,val,arima,0.229,0.07099277114129833
Merzenhausen,2022-06-26 16:00:00,1,,val,arima,0.229,0.07095697295652179
Merzenhausen,2022-06-26 17:00:00,1,,val,arima,0.224,0.07092119282302022
Merzenhausen,2022-06-26 18:00:00,1,,val,arima,0.226,0.07088543073169125
Merzenhausen,2022-06-26 19:00:00,1,,val,arima,0.224,0.07084968667343709
Merzenhausen,2022-06-26 20:00:00,1,,val,arima,0.222,0.07081396063916456
Merzenhausen,2022-06-26 21:00:00,1,,val,arima,0.223,0.07077825261978504
Merzenhausen,2022-06-26 22:00:00,1,,val,arima,0.22,0.07074256260621448
Merzenhausen,2022-06-26 23:00:00,1,,val,arima,0.224,0.07070689058937345
Merzenhausen,2022-06-27 00:00:00,1,,val,arima,0.22,0.07067123656018708
Merzenhausen,2022-06-27 01:00:00,1,,val,arima,0.221,0.07063560050958506
Merzenhausen,2022-06-27 02:00:00,1,,val,arima,0.219,0.07059998242850168
Merzenhausen,2022-06-27 03:00:00,1,,val,arima,0.222,0.07056438230787579
Merzenhausen,2022-06-27 04:00:00,1,,val,arima,0.22,0.0705288001386508
Merzenhausen,2022-06-27 05:00:00,1,,val,arima,0.22,0.07049323591177471
Merzenhausen,2022-06-27 06:00:00,1,,val,arima,0.222,0.07045768961820006
Merzenhausen,2022-06-27 07:00:00,1,,val,arima,0.22,0.07042216124888398
Merzenhausen,2022-06-27 08:00:00,1,,val,arima,0.22,0.07038665079478812
Merzenhausen,2022-06-27 09:00:00,1,,val,arima,0.219,0.07035115824687871
Merzenhausen,2022-06-27 10:00:00,1,,val,arima,0.217,0.07031568359612654
Merzenhausen,2022-06-27 11:00:00,1,,val,arima,0.214,0.07028022683350696
Merzenhausen,2022-06-27 12:00:00,1,,val,arima,0.21,0.07024478794999985
Merzenhausen,2022-06-27 13:00:00,1,,val,arima,0.208,0.07020936693658963
Merzenhausen,2022-06-27 14:00:00,1,,val,arima,0.203,0.07017396378426533
Merzenhausen,2022-06-27 15:00:00,1,,val,arima,0.2,0.07013857848402043
Merzenhausen,2022-06-27 16:00:00,1,,val,arima,0.199,0.07010321102685302
Merzenhausen,2022-06-27 17:00:00,1,,val,arima,0.195,0.07006786140376571
Merzenhausen,2022-06-27 18:00:00,1,,val,arima,0.198,0.07003252960576564
Merzenhausen,2022-06-27 19:00:00,1,,val,arima,0.199,0.06999721562386449
Merzenhausen,2022-06-27 20:00:00,1,,val,arima,0.195,0.06996191944907848
Merzenhausen,2022-06-27 21:00:00,1,,val,arima,0.195,0.06992664107242834
Merzenhausen,2022-06-27 22:00:00,1,,val,arima,0.197,0.06989138048493934
Merzenhausen,2022-06-27 23:00:00,1,,val,arima,0.195,0.06985613767764129
Merzenhausen,2022-06-28 00:00:00,1,,val,arima,0.196,0.06982091264156849
Merzenhausen,2022-06-28 01:00:00,1,,val,arima,0.197,0.0697857053677598
Merzenhausen,2022-06-28 02:00:00,1,,val,arima,0.194,0.06975051584725855
Merzenhausen,2022-06-28 03:00:00,1,,val,arima,0.195,0.06971534407111264
Merzenhausen,2022-06-28 04:00:00,1,,val,arima,0.192,0.06968019003037446
Merzenhausen,2022-06-28 05:00:00,1,,val,arima,0.194,0.06964505371610089
Merzenhausen,2022-06-28 06:00:00,1,,val,arima,0.196,0.06960993511935334
Merzenhausen,2022-06-28 07:00:00,1,,val,arima,0.195,0.06957483423119776
Merzenhausen,2022-06-28 08:00:00,1,,val,arima,0.191,0.06953975104270455
Merzenhausen,2022-06-28 09:00:00,1,,val,arima,0.192,0.06950468554494862
Merzenhausen,2022-06-28 10:00:00,1,,val,arima,0.189,0.06946963772900942
Merzenhausen,2022-06-28 11:00:00,1,,val,arima,0.188,0.06943460758597086
Merzenhausen,2022-06-28 12:00:00,1,,val,arima,0.188,0.06939959510692138
Merzenhausen,2022-06-28 13:00:00,1,,val,arima,0.187,0.06936460028295388
Merzenhausen,2022-06-28 14:00:00,1,,val,arima,0.184,0.06932962310516576
Merzenhausen,2022-06-28 15:00:00,1,,val,arima,0.185,0.06929466356465891
Merzenhausen,2022-06-28 16:00:00,1,,val,arima,0.187,0.06925972165253973
Merzenhausen,2022-06-28 17:00:00,1,,val,arima,0.20899999,0.06922479735991907
Merzenhausen,2022-06-28 18:00:00,1,,val,arima,0.323,0.06918989067791229
Merzenhausen,2022-06-28 20:00:00,1,,val,arima,0.346,0.06915500159763921
Merzenhausen,2022-06-28 21:00:00,1,,val,arima,0.343,0.06912013011022414
Merzenhausen,2022-06-28 22:00:00,1,,val,arima,0.343,0.06908527620679586
Merzenhausen,2022-06-28 23:00:00,1,,val,arima,0.325,0.06905043987848762
Merzenhausen,2022-06-29 00:00:00,1,,val,arima,0.3225,0.06901562111643716
Merzenhausen,2022-06-29 01:00:00,1,,val,arima,0.31,0.06898081991178666
Merzenhausen,2022-06-29 02:00:00,1,,val,arima,0.31,0.06894603625568278
Merzenhausen,2022-06-29 03:00:00,1,,val,arima,0.31,0.06891127013927667
Merzenhausen,2022-06-29 04:00:00,1,,val,arima,0.307,0.06887652155372388
Merzenhausen,2022-06-29 05:00:00,1,,val,arima,0.307,0.06884179049018449
Merzenhausen,2022-06-29 06:00:00,1,,val,arima,0.308,0.06880707693982299
Merzenhausen,2022-06-29 07:00:00,1,,val,arima,0.309,0.06877238089380834
Merzenhausen,2022-06-29 08:00:00,1,,val,arima,0.308,0.06873770234331396
Merzenhausen,2022-06-29 09:00:00,1,,val,arima,0.31,0.06870304127951771
Merzenhausen,2022-06-29 10:00:00,1,,val,arima,0.307,0.06866839769360189
Merzenhausen,2022-06-29 11:00:00,1,,val,arima,0.305,0.0686337715767533
Merzenhausen,2022-06-29 12:00:00,1,,val,arima,0.304,0.06859916292016309
Merzenhausen,2022-06-29 13:00:00,1,,val,arima,0.302,0.06856457171502695
Merzenhausen,2022-06-29 14:00:00,1,,val,arima,0.302,0.06852999795254493
Merzenhausen,2022-06-29 15:00:00,1,,val,arima,0.299,0.06849544162392157
Merzenhausen,2022-06-29 16:00:00,1,,val,arima,0.298,0.06846090272036583
Merzenhausen,2022-06-29 17:00:00,1,,val,arima,0.294,0.06842638123309108
Merzenhausen,2022-06-29 18:00:00,1,,val,arima,0.292,0.06839187715331517
Merzenhausen,2022-06-29 19:00:00,1,,val,arima,0.29,0.06835739047226033
Merzenhausen,2022-06-29 20:00:00,1,,val,arima,0.29,0.06832292118115324
Merzenhausen,2022-06-29 21:00:00,1,,val,arima,0.289,0.06828846927122499
Merzenhausen,2022-06-29 22:00:00,1,,val,arima,0.287,0.06825403473371112
Merzenhausen,2022-06-29 23:00:00,1,,val,arima,0.287,0.06821961755985156
Merzenhausen,2022-06-30 00:00:00,1,,val,arima,0.283,0.06818521774089066
Merzenhausen,2022-06-30 01:00:00,1,,val,arima,0.282,0.0681508352680772
Merzenhausen,2022-06-30 02:00:00,1,,val,arima,0.283,0.06811647013266438
Merzenhausen,2022-06-30 03:00:00,1,,val,arima,0.282,0.06808212232590977
Merzenhausen,2022-06-30 04:00:00,1,,val,arima,0.282,0.06804779183907539
Merzenhausen,2022-06-30 05:00:00,1,,val,arima,0.28,0.06801347866342765
Merzenhausen,2022-06-30 06:00:00,1,,val,arima,0.28,0.06797918279023736
Merzenhausen,2022-06-30 07:00:00,1,,val,arima,0.277,0.06794490421077974
Merzenhausen,2022-06-30 08:00:00,1,,val,arima,0.276,0.0679106429163344
Merzenhausen,2022-06-30 09:00:00,1,,val,arima,0.276,0.06787639889818536
Merzenhausen,2022-06-30 10:00:00,1,,val,arima,0.272,0.06784217214762103
Merzenhausen,2022-06-30 11:00:00,1,,val,arima,0.268,0.0678079626559342
Merzenhausen,2022-06-30 12:00:00,1,,val,arima,0.265,0.06777377041442208
Merzenhausen,2022-06-30 13:00:00,1,,val,arima,0.261,0.06773959541438623
Merzenhausen,2022-06-30 14:00:00,1,,val,arima,0.254,0.06770543764713263
Merzenhausen,2022-06-30 15:00:00,1,,val,arima,0.253,0.06767129710397163
Merzenhausen,2022-06-30 16:00:00,1,,val,arima,0.252,0.06763717377621795
Merzenhausen,2022-06-30 17:00:00,1,,val,arima,0.249,0.0676030676551907
Merzenhausen,2022-06-30 18:00:00,1,,val,arima,0.247,0.06756897873221339
Merzenhausen,2022-07-07 20:00:00,1,,val,arima,0.149,0.06753490699861386
Merzenhausen,2022-07-07 21:00:00,1,,val,arima,0.15,0.06750085244572436
Merzenhausen,2022-07-07 22:00:00,1,,val,arima,0.148,0.0674668150648815
Merzenhausen,2022-07-07 23:00:00,1,,val,arima,0.149,0.06743279484742626
Merzenhausen,2022-07-08 00:00:00,1,,val,arima,0.146,0.06739879178470395
Merzenhausen,2022-07-08 01:00:00,1,,val,arima,0.147,0.06736480586806431
Merzenhausen,2022-07-08 02:00:00,1,,val,arima,0.145,0.06733083708886141
Merzenhausen,2022-07-08 03:00:00,1,,val,arima,0.146,0.06729688543845366
Merzenhausen,2022-07-08 04:00:00,1,,val,arima,0.149,0.06726295090820386
Merzenhausen,2022-07-08 05:00:00,1,,val,arima,0.146,0.06722903348947913
Merzenhausen,2022-07-08 06:00:00,1,,val,arima,0.146,0.067195133173651
Merzenhausen,2022-07-08 07:00:00,1,,val,arima,0.15,0.06716124995209527
Merzenhausen,2022-07-08 08:00:00,1,,val,arima,0.149,0.06712738381619217
Merzenhausen,2022-07-08 09:00:00,1,,val,arima,0.145,0.06709353475732623
Merzenhausen,2022-07-08 10:00:00,1,,val,arima,0.149,0.06705970276688633
Merzenhausen,2022-07-08 11:00:00,1,,val,arima,0.148,0.0670258878362657
Merzenhausen,2022-07-08 12:00:00,1,,val,arima,0.146,0.0669920899568619
Merzenhausen,2022-07-08 13:00:00,1,,val,arima,0.146,0.06695830912007686
Merzenhausen,2022-07-08 14:00:00,1,,val,arima,0.146,0.06692454531731679
Merzenhausen,2022-07-08 15:00:00,1,,val,arima,0.146,0.06689079853999227
Merzenhausen,2022-07-08 16:00:00,1,,val,arima,0.146,0.06685706877951822
Merzenhausen,2022-07-08 17:00:00,1,,val,arima,0.15,0.06682335602731386
Merzenhausen,2022-07-08 18:00:00,1,,val,arima,0.148,0.06678966027480275
Merzenhausen,2022-07-08 19:00:00,1,,val,arima,0.148,0.06675598151341279
Merzenhausen,2022-07-08 20:00:00,1,,val,arima,0.145,0.06672231973457618
Merzenhausen,2022-07-08 21:00:00,1,,val,arima,0.147,0.06668867492972944
Merzenhausen,2022-07-08 22:00:00,1,,val,arima,0.145,0.06665504709031342
Merzenhausen,2022-07-08 23:00:00,1,,val,arima,0.146,0.06662143620777329
Merzenhausen,2022-07-09 00:00:00,1,,val,arima,0.142,0.06658784227355852
Merzenhausen,2022-07-09 01:00:00,1,,val,arima,0.146,0.06655426527912289
Merzenhausen,2022-07-09 02:00:00,1,,val,arima,0.148,0.06652070521592453
Merzenhausen,2022-07-09 03:00:00,1,,val,arima,0.144,0.0664871620754258
Merzenhausen,2022-07-09 04:00:00,1,,val,arima,0.145,0.06645363584909345
Merzenhausen,2022-07-09 05:00:00,1,,val,arima,0.145,0.06642012652839846
Merzenhausen,2022-07-09 06:00:00,1,,val,arima,0.145,0.06638663410481616
Merzenhausen,2022-07-09 07:00:00,1,,val,arima,0.145,0.06635315856982617
Merzenhausen,2022-07-09 08:00:00,1,,val,arima,0.145,0.06631969991491238
Merzenhausen,2022-07-09 09:00:00,1,,val,arima,0.144,0.066286258131563
Merzenhausen,2022-07-09 10:00:00,1,,val,arima,0.146,0.06625283321127053
Merzenhausen,2022-07-09 11:00:00,1,,val,arima,0.144,0.06621942514553174
Merzenhausen,2022-07-09 12:00:00,1,,val,arima,0.144,0.06618603392584771
Merzenhausen,2022-07-09 13:00:00,1,,val,arima,0.146,0.06615265954372382
Merzenhausen,2022-07-09 14:00:00,1,,val,arima,0.147,0.06611930199066968
Merzenhausen,2022-07-09 15:00:00,1,,val,arima,0.145,0.06608596125819921
Merzenhausen,2022-07-09 16:00:00,1,,val,arima,0.145,0.06605263733783065
Merzenhausen,2022-07-09 17:00:00,1,,val,arima,0.145,0.06601933022108644
Merzenhausen,2022-07-09 18:00:00,1,,val,arima,0.145,0.06598603989949335
Merzenhausen,2022-07-09 19:00:00,1,,val,arima,0.142,0.06595276636458242
Merzenhausen,2022-07-09 20:00:00,1,,val,arima,0.144,0.06591950960788891
Merzenhausen,2022-07-09 21:00:00,1,,val,arima,0.143,0.0658862696209524
Merzenhausen,2022-07-09 22:00:00,1,,val,arima,0.142,0.06585304639531674
Merzenhausen,2022-07-09 23:00:00,1,,val,arima,0.144,0.06581983992253002
Merzenhausen,2022-07-10 00:00:00,1,,val,arima,0.141,0.06578665019414456
Merzenhausen,2022-07-10 01:00:00,1,,val,arima,0.141,0.06575347720171704
Merzenhausen,2022-07-10 02:00:00,1,,val,arima,0.142,0.06572032093680828
Merzenhausen,2022-07-10 03:00:00,1,,val,arima,0.141,0.06568718139098344
Merzenhausen,2022-07-10 04:00:00,1,,val,arima,0.141,0.06565405855581188
Merzenhausen,2022-07-10 05:00:00,1,,val,arima,0.141,0.06562095242286725
Merzenhausen,2022-07-10 06:00:00,1,,val,arima,0.141,0.06558786298372743
Merzenhausen,2022-07-10 07:00:00,1,,val,arima,0.14,0.06555479022997455
Merzenhausen,2022-07-10 08:00:00,1,,val,arima,0.138,0.065521734153195
Merzenhausen,2022-07-10 09:00:00,1,,val,arima,0.144,0.06548869474497937
Merzenhausen,2022-07-10 10:00:00,1,,val,arima,0.142,0.06545567199692254
Merzenhausen,2022-07-10 11:00:00,1,,val,arima,0.145,0.06542266590062358
Merzenhausen,2022-07-10 12:00:00,1,,val,arima,0.143,0.06538967644768585
Merzenhausen,2022-07-10 13:00:00,1,,val,arima,0.145,0.0653567036297169
Merzenhausen,2022-07-10 14:00:00,1,,val,arima,0.146,0.06532374743832854
Merzenhausen,2022-07-10 15:00:00,1,,val,arima,0.144,0.0652908078651368
Merzenhausen,2022-07-10 16:00:00,1,,val,arima,0.144,0.06525788490176192
Merzenhausen,2022-07-10 17:00:00,1,,val,arima,0.146,0.0652249785398284
Merzenhausen,2022-07-10 18:00:00,1,,val,arima,0.145,0.06519208877096491
Merzenhausen,2022-07-10 19:00:00,1,,val,arima,0.143,0.0651592155868044
Merzenhausen,2022-07-10 20:00:00,1,,val,arima,0.142,0.06512635897898403
Merzenhausen,2022-07-10 21:00:00,1,,val,arima,0.144,0.06509351893914514
Merzenhausen,2022-07-10 22:00:00,1,,val,arima,0.145,0.06506069545893331
Merzenhausen,2022-07-10 23:00:00,1,,val,arima,0.143,0.06502788852999833
Merzenhausen,2022-07-11 00:00:00,1,,val,arima,0.1425,0.0649950981439942
Merzenhausen,2022-07-11 01:00:00,1,,val,arima,0.144,0.06496232429257914
Merzenhausen,2022-07-11 02:00:00,1,,val,arima,0.144,0.06492956696741556
Merzenhausen,2022-07-11 03:00:00,1,,val,arima,0.141,0.06489682616017006
Merzenhausen,2022-07-11 04:00:00,1,,val,arima,0.141,0.06486410186251348
Merzenhausen,2022-07-11 05:00:00,1,,val,arima,0.139,0.06483139406612085
Merzenhausen,2022-07-11 06:00:00,1,,val,arima,0.139,0.06479870276267136
Merzenhausen,2022-07-11 07:00:00,1,,val,arima,0.141,0.06476602794384845
Merzenhausen,2022-07-11 08:00:00,1,,val,arima,0.139,0.06473336960133971
Merzenhausen,2022-07-11 09:00:00,1,,val,arima,0.142,0.06470072772683695
Merzenhausen,2022-07-11 10:00:00,1,,val,arima,0.1495,0.06466810231203615
Merzenhausen,2022-07-11 11:00:00,1,,val,arima,0.14,0.06463549334863751
Merzenhausen,2022-07-11 12:00:00,1,,val,arima,0.144,0.06460290082834537
Merzenhausen,2022-07-11 13:00:00,1,,val,arima,0.142,0.06457032474286828
Merzenhausen,2022-07-11 14:00:00,1,,val,arima,0.144,0.06453776508391898
Merzenhausen,2022-07-11 15:00:00,1,,val,arima,0.144,0.06450522184321435
Merzenhausen,2022-07-11 16:00:00,1,,val,arima,0.142,0.06447269501247549
Merzenhausen,2022-07-11 17:00:00,1,,val,arima,0.142,0.06444018458342765
Merzenhausen,2022-07-11 18:00:00,1,,val,arima,0.143,0.06440769054780027
Merzenhausen,2022-07-11 19:00:00,1,,val,arima,0.146,0.06437521289732692
Merzenhausen,2022-07-11 20:00:00,1,,val,arima,0.144,0.06434275162374539
Merzenhausen,2022-07-11 21:00:00,1,,val,arima,0.141,0.06431030671879762
Merzenhausen,2022-07-11 22:00:00,1,,val,arima,0.14,0.0642778781742297
Merzenhausen,2022-07-11 23:00:00,1,,val,arima,0.137,0.06424546598179187
Merzenhausen,2022-07-12 00:00:00,1,,val,arima,0.141,0.06421307013323858
Merzenhausen,2022-07-12 01:00:00,1,,val,arima,0.143,0.06418069062032841
Merzenhausen,2022-07-12 02:00:00,1,,val,arima,0.14,0.06414832743482407
Merzenhausen,2022-07-12 03:00:00,1,,val,arima,0.14,0.06411598056849246
Merzenhausen,2022-07-12 04:00:00,1,,val,arima,0.137,0.06408365001310462
Merzenhausen,2022-07-12 05:00:00,1,,val,arima,0.139,0.06405133576043573
Merzenhausen,2022-07-12 06:00:00,1,,val,arima,0.141,0.06401903780226513
Merzenhausen,2022-07-12 07:00:00,1,,val,arima,0.139,0.0639867561303763
Merzenhausen,2022-07-12 08:00:00,1,,val,arima,0.137,0.06395449073655686
Merzenhausen,2022-07-12 09:00:00,1,,val,arima,0.14,0.06392224161259859
Merzenhausen,2022-07-12 10:00:00,1,,val,arima,0.14,0.06389000875029738
Merzenhausen,2022-07-12 11:00:00,1,,val,arima,0.141,0.06385779214145326
Merzenhausen,2022-07-12 12:00:00,1,,val,arima,0.14,0.06382559177787044
Merzenhausen,2022-07-12 13:00:00,1,,val,arima,0.141,0.0637934076513572
Merzenhausen,2022-07-12 14:00:00,1,,val,arima,0.142,0.063761239753726
Merzenhausen,2022-07-12 15:00:00,1,,val,arima,0.139,0.0637290880767934
Merzenhausen,2022-07-12 16:00:00,1,,val,arima,0.141,0.06369695261238008
Merzenhausen,2022-07-12 17:00:00,1,,val,arima,0.139,0.06366483335231087
Merzenhausen,2022-07-12 18:00:00,1,,val,arima,0.138,0.06363273028841471
Merzenhausen,2022-07-12 19:00:00,1,,val,arima,0.142,0.06360064341252467
Merzenhausen,2022-07-12 20:00:00,1,,val,arima,0.139,0.06356857271647792
Merzenhausen,2022-07-12 21:00:00,1,,val,arima,0.138,0.06353651819211575
Merzenhausen,2022-07-12 22:00:00,1,,val,arima,0.137,0.0635044798312836
Merzenhausen,2022-07-12 23:00:00,1,,val,arima,0.14,0.06347245762583095
Merzenhausen,2022-07-13 00:00:00,1,,val,arima,0.133,0.06344045156761147
Merzenhausen,2022-07-13 01:00:00,1,,val,arima,0.141,0.06340846164848288
Merzenhausen,2022-07-13 02:00:00,1,,val,arima,0.136,0.06337648786030702
Merzenhausen,2022-07-13 03:00:00,1,,val,arima,0.136,0.06334453019494984
Merzenhausen,2022-07-13 04:00:00,1,,val,arima,0.136,0.06331258864428141
Merzenhausen,2022-07-13 05:00:00,1,,val,arima,0.133,0.06328066320017586
Merzenhausen,2022-07-13 06:00:00,1,,val,arima,0.133,0.06324875385451145
Merzenhausen,2022-07-13 07:00:00,1,,val,arima,0.138,0.0632168605991705
Merzenhausen,2022-07-13 08:00:00,1,,val,arima,0.136,0.06318498342603948
Merzenhausen,2022-07-13 09:00:00,1,,val,arima,0.136,0.0631531223270089
Merzenhausen,2022-07-13 10:00:00,1,,val,arima,0.135,0.06312127729397338
Merzenhausen,2022-07-13 11:00:00,1,,val,arima,0.136,0.06308944831883162
Merzenhausen,2022-07-13 12:00:00,1,,val,arima,0.136,0.0630576353934864
Merzenhausen,2022-07-13 13:00:00,1,,val,arima,0.137,0.06302583850984461
Merzenhausen,2022-07-13 14:00:00,1,,val,arima,0.138,0.0629940576598172
Merzenhausen,2022-07-13 15:00:00,1,,val,arima,0.136,0.06296229283531919
Merzenhausen,2022-07-13 16:00:00,1,,val,arima,0.14,0.0629305440282697
Merzenhausen,2022-07-13 17:00:00,1,,val,arima,0.136,0.0628988112305919
Merzenhausen,2022-07-13 18:00:00,1,,val,arima,0.138,0.06286709443421307
Merzenhausen,2022-07-13 19:00:00,1,,val,arima,0.135,0.06283539363106452
Merzenhausen,2022-07-13 20:00:00,1,,val,arima,0.136,0.06280370881308164
Merzenhausen,2022-07-13 21:00:00,1,,val,arima,0.135,0.0627720399722039
Merzenhausen,2022-07-13 22:00:00,1,,val,arima,0.136,0.06274038710037484
Merzenhausen,2022-07-13 23:00:00,1,,val,arima,0.135,0.06270875018954203
Merzenhausen,2022-07-14 00:00:00,1,,val,arima,0.135,0.06267712923165712
Merzenhausen,2022-07-14 01:00:00,1,,val,arima,0.136,0.06264552421867584
Merzenhausen,2022-07-14 02:00:00,1,,val,arima,0.134,0.06261393514255792
Merzenhausen,2022-07-14 03:00:00,1,,val,arima,0.131,0.0625823619952672
Merzenhausen,2022-07-14 04:00:00,1,,val,arima,0.133,0.06255080476877156
Merzenhausen,2022-07-14 05:00:00,1,,val,arima,0.131,0.06251926345504291
Merzenhausen,2022-07-14 06:00:00,1,,val,arima,0.135,0.062487738046057215
Merzenhausen,2022-07-14 07:00:00,1,,val,arima,0.131,0.0624562285337945
Merzenhausen,2022-07-14 08:00:00,1,,val,arima,0.134,0.06242473491023881
Merzenhausen,2022-07-14 09:00:00,1,,val,arima,0.132,0.06239325716737826
Merzenhausen,2022-07-14 10:00:00,1,,val,arima,0.131,0.06236179529720498
Merzenhausen,2022-07-14 11:00:00,1,,val,arima,0.136,0.06233034929171516
Merzenhausen,2022-07-14 12:00:00,1,,val,arima,0.135,0.06229891914290901
Merzenhausen,2022-07-14 13:00:00,1,,val,arima,0.138,0.06226750484279079
Merzenhausen,2022-07-14 14:00:00,1,,val,arima,0.137,0.06223610638336877
Merzenhausen,2022-07-14 15:00:00,1,,val,arima,0.135,0.06220472375665526
Merzenhausen,2022-07-14 16:00:00,1,,val,arima,0.135,0.06217335695466661
Merzenhausen,2022-07-14 17:00:00,1,,val,arima,0.135,0.06214200596942317
Merzenhausen,2022-07-14 18:00:00,1,,val,arima,0.138,0.06211067079294934
Merzenhausen,2022-07-14 19:00:00,1,,val,arima,0.133,0.062079351417273526
Merzenhausen,2022-07-14 20:00:00,1,,val,arima,0.134,0.06204804783442816
Merzenhausen,2022-07-14 21:00:00,1,,val,arima,0.135,0.06201676003644968
Merzenhausen,2022-07-14 22:00:00,1,,val,arima,0.132,0.061985488015378565
Merzenhausen,2022-07-14 23:00:00,1,,val,arima,0.134,0.06195423176325928
Merzenhausen,2022-07-15 00:00:00,1,,val,arima,0.133,0.06192299127214032
Merzenhausen,2022-07-15 01:00:00,1,,val,arima,0.13,0.06189176653407418
Merzenhausen,2022-07-15 02:00:00,1,,val,arima,0.131,0.06186055754111736
Merzenhausen,2022-07-15 03:00:00,1,,val,arima,0.129,0.06182936428533038
Merzenhausen,2022-07-15 04:00:00,1,,val,arima,0.128,0.061798186758777754
Merzenhausen,2022-07-15 05:00:00,1,,val,arima,0.13,0.06176702495352798
Merzenhausen,2022-07-15 06:00:00,1,,val,arima,0.13,0.0617358788616536
Merzenhausen,2022-07-15 07:00:00,1,,val,arima,0.132,0.06170474847523111
Merzenhausen,2022-07-15 08:00:00,1,,val,arima,0.131,0.061673633786341026
Merzenhausen,2022-07-15 09:00:00,1,,val,arima,0.13,0.06164253478706784
Merzenhausen,2022-07-15 10:00:00,1,,val,arima,0.131,0.061611451469500055
Merzenhausen,2022-07-15 11:00:00,1,,val,arima,0.134,0.061580383825730146
Merzenhausen,2022-07-15 12:00:00,1,,val,arima,0.131,0.061549331847854584
Merzenhausen,2022-07-15 13:00:00,1,,val,arima,0.133,0.06151829552797383
Merzenhausen,2022-07-15 14:00:00,1,,val,arima,0.135,0.06148727485819232
Merzenhausen,2022-07-15 15:00:00,1,,val,arima,0.136,0.06145626983061847
Merzenhausen,2022-07-15 16:00:00,1,,val,arima,0.134,0.061425280437364685
Merzenhausen,2022-07-15 17:00:00,1,,val,arima,0.136,0.06139430667054733
Merzenhausen,2022-07-15 18:00:00,1,,val,arima,0.135,0.06136334852228677
Merzenhausen,2022-07-15 19:00:00,1,,val,arima,0.133,0.06133240598470732
Merzenhausen,2022-07-15 20:00:00,1,,val,arima,0.134,0.06130147904993729
Merzenhausen,2022-07-15 21:00:00,1,,val,arima,0.131,0.06127056771010893
Merzenhausen,2022-07-15 22:00:00,1,,val,arima,0.134,0.06123967195735849
Merzenhausen,2022-07-15 23:00:00,1,,val,arima,0.131,0.06120879178382615
Merzenhausen,2022-07-16 00:00:00,1,,val,arima,0.129,0.061177927181656086
Merzenhausen,2022-07-16 01:00:00,1,,val,arima,0.132,0.061147078142996414
Merzenhausen,2022-07-16 02:00:00,1,,val,arima,0.131,0.06111624465999922
Merzenhausen,2022-07-16 03:00:00,1,,val,arima,0.129,0.06108542672482054
Merzenhausen,2022-07-16 04:00:00,1,,val,arima,0.129,0.061054624329620374
Merzenhausen,2022-07-16 05:00:00,1,,val,arima,0.13,0.06102383746656267
Merzenhausen,2022-07-16 06:00:00,1,,val,arima,0.13,0.06099306612781531
Merzenhausen,2022-07-16 07:00:00,1,,val,arima,0.129,0.060962310305550174
Merzenhausen,2022-07-16 08:00:00,1,,val,arima,0.131,0.06093156999194303
Merzenhausen,2022-07-16 09:00:00,1,,val,arima,0.133,0.06090084517917364
Merzenhausen,2022-07-16 10:00:00,1,,val,arima,0.134,0.060870135859425675
Merzenhausen,2022-07-16 11:00:00,1,,val,arima,0.131,0.060839442024886774
Merzenhausen,2022-07-16 12:00:00,1,,val,arima,0.132,0.06080876366774849
Merzenhausen,2022-07-16 13:00:00,1,,val,arima,0.136,0.06077810078020633
Merzenhausen,2022-07-16 14:00:00,1,,val,arima,0.135,0.060747453354459746
Merzenhausen,2022-07-16 15:00:00,1,,val,arima,0.135,0.06071682138271209
Merzenhausen,2022-07-16 16:00:00,1,,val,arima,0.135,0.060686204857170675
Merzenhausen,2022-07-16 17:00:00,1,,val,arima,0.135,0.060655603770046744
Merzenhausen,2022-07-16 18:00:00,1,,val,arima,0.135,0.06062501811355544
Merzenhausen,2022-07-16 19:00:00,1,,val,arima,0.134,0.06059444787991586
Merzenhausen,2022-07-16 20:00:00,1,,val,arima,0.133,0.060563893061351015
Merzenhausen,2022-07-16 21:00:00,1,,val,arima,0.134,0.06053335365008783
Merzenhausen,2022-07-16 22:00:00,1,,val,arima,0.131,0.06050282963835716
Merzenhausen,2022-07-16 23:00:00,1,,val,arima,0.133,0.06047232101839377
Merzenhausen,2022-07-17 00:00:00,1,,val,arima,0.132,0.06044182778243634
Merzenhausen,2022-07-17 01:00:00,1,,val,arima,0.133,0.06041134992272748
Merzenhausen,2022-07-17 02:00:00,1,,val,arima,0.13,0.06038088743151369
Merzenhausen,2022-07-17 03:00:00,1,,val,arima,0.13,0.06035044030104539
Merzenhausen,2022-07-17 04:00:00,1,,val,arima,0.127,0.060320008523576905
Merzenhausen,2022-07-17 05:00:00,1,,val,arima,0.131,0.06028959209136647
Merzenhausen,2022-07-17 06:00:00,1,,val,arima,0.129,0.06025919099667623
Merzenhausen,2022-07-17 07:00:00,1,,val,arima,0.13,0.06022880523177221
Merzenhausen,2022-07-17 08:00:00,1,,val,arima,0.13,0.06019843478892435
Merzenhausen,2022-07-17 09:00:00,1,,val,arima,0.127,0.0601680796604065
Merzenhausen,2022-07-17 10:00:00,1,,val,arima,0.133,0.06013773983849637
Merzenhausen,2022-07-17 11:00:00,1,,val,arima,0.13,0.0601074153154756
Merzenhausen,2022-07-17 12:00:00,1,,val,arima,0.131,0.060077106083629706
Merzenhausen,2022-07-17 13:00:00,1,,val,arima,0.134,0.060046812135248095
Merzenhausen,2022-07-17 14:00:00,1,,val,arima,0.133,0.06001653346262406
Merzenhausen,2022-07-17 15:00:00,1,,val,arima,0.136,0.05998627005805479
Merzenhausen,2022-07-17 16:00:00,1,,val,arima,0.136,0.05995602191384135
Merzenhausen,2022-07-17 17:00:00,1,,val,arima,0.131,0.05992578902228868
Merzenhausen,2022-07-17 18:00:00,1,,val,arima,0.135,0.05989557137570561
Merzenhausen,2022-07-17 19:00:00,1,,val,arima,0.133,0.059865368966404854
Merzenhausen,2022-07-17 20:00:00,1,,val,arima,0.134,0.059835181786702996
Merzenhausen,2022-07-17 21:00:00,1,,val,arima,0.133,0.05980500982892048
Merzenhausen,2022-07-17 22:00:00,1,,val,arima,0.13,0.05977485308538165
Merzenhausen,2022-07-17 23:00:00,1,,val,arima,0.132,0.0597447115484147
Merzenhausen,2022-07-18 00:00:00,1,,val,arima,0.133,0.05971458521035171
Merzenhausen,2022-07-18 01:00:00,1,,val,arima,0.13,0.0596844740635286
Merzenhausen,2022-07-18 02:00:00,1,,val,arima,0.132,0.05965437810028518
Merzenhausen,2022-07-18 03:00:00,1,,val,arima,0.132,0.0596242973129651
Merzenhausen,2022-07-18 04:00:00,1,,val,arima,0.129,0.0595942316939159
Merzenhausen,2022-07-18 05:00:00,1,,val,arima,0.129,0.059564181235488955
Merzenhausen,2022-07-18 06:00:00,1,,val,arima,0.129,0.0595341459300395
Merzenhausen,2022-07-18 07:00:00,1,,val,arima,0.129,0.05950412576992664
Merzenhausen,2022-07-18 08:00:00,1,,val,arima,0.129,0.05947412074751332
Merzenhausen,2022-07-18 09:00:00,1,,val,arima,0.127,0.059444130855166324
Merzenhausen,2022-07-18 10:00:00,1,,val,arima,0.132,0.05941415608525631
Merzenhausen,2022-07-18 11:00:00,1,,val,arima,0.131,0.05938419643015778
Merzenhausen,2022-07-18 12:00:00,1,,val,arima,0.13,0.05935425188224905
Merzenhausen,2022-07-18 13:00:00,1,,val,arima,0.133,0.05932432243391232
Merzenhausen,2022-07-18 14:00:00,1,,val,arima,0.139,0.05929440807753362
Merzenhausen,2022-07-18 15:00:00,1,,val,arima,0.132,0.0592645088055028
Merzenhausen,2022-07-18 16:00:00,1,,val,arima,0.132,0.05923462461021356
Merzenhausen,2022-07-18 17:00:00,1,,val,arima,0.127,0.05920475548406344
Merzenhausen,2022-07-18 18:00:00,1,,val,arima,0.133,0.059174901419453814
Merzenhausen,2022-07-18 19:00:00,1,,val,arima,0.128,0.05914506240878988
Merzenhausen,2022-07-18 20:00:00,1,,val,arima,0.129,0.05911523844448067
Merzenhausen,2022-07-18 21:00:00,1,,val,arima,0.13,0.05908542951893904
Merzenhausen,2022-07-18 22:00:00,1,,val,arima,0.127,0.059055635624581666
Merzenhausen,2022-07-18 23:00:00,1,,val,arima,0.127,0.05902585675382907
Merzenhausen,2022-07-19 00:00:00,1,,val,arima,0.13,0.05899609289910558
Merzenhausen,2022-07-19 01:00:00,1,,val,arima,0.128,0.05896634405283935
Merzenhausen,2022-07-19 02:00:00,1,,val,arima,0.125,0.05893661020746233
Merzenhausen,2022-07-19 03:00:00,1,,val,arima,0.125,0.05890689135541033
Merzenhausen,2022-07-19 04:00:00,1,,val,arima,0.127,0.058877187489122934
Merzenhausen,2022-07-19 05:00:00,1,,val,arima,0.129,0.05884749860104355
Merzenhausen,2022-07-19 06:00:00,1,,val,arima,0.127,0.058817824683619416
Merzenhausen,2022-07-19 07:00:00,1,,val,arima,0.128,0.05878816572930154
Merzenhausen,2022-07-19 08:00:00,1,,val,arima,0.126,0.05875852173054478
Merzenhausen,2022-07-19 09:00:00,1,,val,arima,0.129,0.058728892679807757
Merzenhausen,2022-07-19 10:00:00,1,,val,arima,0.129,0.05869927856955294
Merzenhausen,2022-07-19 11:00:00,1,,val,arima,0.129,0.05866967939224656
Merzenhausen,2022-07-30 09:00:00,1,,val,arima,0.135,0.05864009514035866
Merzenhausen,2022-07-30 10:00:00,1,,val,arima,0.137,0.05861052580636307
Merzenhausen,2022-07-30 11:00:00,1,,val,arima,0.14,0.05858097138273745
Merzenhausen,2022-07-30 12:00:00,1,,val,arima,0.138,0.05855143186196321
Merzenhausen,2022-07-30 13:00:00,1,,val,arima,0.14,0.05852190723652558
Merzenhausen,2022-07-30 14:00:00,1,,val,arima,0.138,0.058492397498913565
Merzenhausen,2022-07-30 15:00:00,1,,val,arima,0.138,0.058462902641619977
Merzenhausen,2022-07-30 16:00:00,1,,val,arima,0.138,0.05843342265714138
Merzenhausen,2022-07-30 17:00:00,1,,val,arima,0.139,0.05840395753797815
Merzenhausen,2022-07-30 18:00:00,1,,val,arima,0.139,0.05837450727663443
Merzenhausen,2022-07-30 19:00:00,1,,val,arima,0.138,0.058345071865618145
Merzenhausen,2022-07-30 20:00:00,1,,val,arima,0.139,0.05831565129744101
Merzenhausen,2022-07-30 21:00:00,1,,val,arima,0.136,0.058286245564618505
Merzenhausen,2022-07-30 22:00:00,1,,val,arima,0.138,0.05825685465966988
Merzenhausen,2022-07-30 23:00:00,1,,val,arima,0.135,0.05822747857511816
Merzenhausen,2022-07-31 00:00:00,1,,val,arima,0.134,0.05819811730349015
Merzenhausen,2022-07-31 01:00:00,1,,val,arima,0.134,0.05816877083731642
Merzenhausen,2022-07-31 02:00:00,1,,val,arima,0.135,0.0581394391691313
Merzenhausen,2022-07-31 03:00:00,1,,val,arima,0.135,0.05811012229147289
Merzenhausen,2022-07-31 04:00:00,1,,val,arima,0.135,0.058080820196883036
Merzenhausen,2022-07-31 05:00:00,1,,val,arima,0.136,0.058051532877907375
Merzenhausen,2022-07-31 06:00:00,1,,val,arima,0.135,0.058022260327095274
Merzenhausen,2022-07-31 07:00:00,1,,val,arima,0.135,0.05799300253699988
Merzenhausen,2022-07-31 08:00:00,1,,val,arima,0.134,0.05796375950017808
Merzenhausen,2022-07-31 09:00:00,1,,val,arima,0.137,0.05793453120919052
Merzenhausen,2022-07-31 10:00:00,1,,val,arima,0.134,0.057905317656601604
Merzenhausen,2022-07-31 11:00:00,1,,val,arima,0.135,0.05787611883497947
Merzenhausen,2022-07-31 12:00:00,1,,val,arima,0.138,0.05784693473689602
Merzenhausen,2022-07-31 13:00:00,1,,val,arima,0.139,0.05781776535492688
Merzenhausen,2022-07-31 14:00:00,1,,val,arima,0.135,0.05778861068165144
Merzenhausen,2022-07-31 15:00:00,1,,val,arima,0.138,0.057759470709652816
Merzenhausen,2022-07-31 16:00:00,1,,val,arima,0.138,0.05773034543151789
Merzenhausen,2022-07-31 17:00:00,1,,val,arima,0.139,0.05770123483983726
Merzenhausen,2022-07-31 18:00:00,1,,val,arima,0.139,0.05767213892720525
Merzenhausen,2022-07-31 19:00:00,1,,val,arima,0.138,0.05764305768621994
Merzenhausen,2022-07-31 20:00:00,1,,val,arima,0.135,0.05761399110948314
Merzenhausen,2022-07-31 21:00:00,1,,val,arima,0.135,0.057584939189600386
Merzenhausen,2022-07-31 22:00:00,1,,val,arima,0.134,0.05755590191918094
Merzenhausen,2022-07-31 23:00:00,1,,val,arima,0.134,0.0575268792908378
Merzenhausen,2022-08-01 00:00:00,1,,val,arima,0.135,0.05749787129718767
Merzenhausen,2022-08-01 01:00:00,1,,val,arima,0.136,0.057468877930851
Merzenhausen,2022-08-01 02:00:00,1,,val,arima,0.134,0.057439899184451956
Merzenhausen,2022-08-01 03:00:00,1,,val,arima,0.134,0.05741093505061841
Merzenhausen,2022-08-01 04:00:00,1,,val,arima,0.131,0.057381985521981954
Merzenhausen,2022-08-01 05:00:00,1,,val,arima,0.133,0.0573530505911779
Merzenhausen,2022-08-01 06:00:00,1,,val,arima,0.131,0.05732413025084529
Merzenhausen,2022-08-01 07:00:00,1,,val,arima,0.134,0.05729522449362685
Merzenhausen,2022-08-01 08:00:00,1,,val,arima,0.134,0.05726633331216903
Merzenhausen,2022-08-01 09:00:00,1,,val,arima,0.133,0.05723745669912199
Merzenhausen,2022-08-01 10:00:00,1,,val,arima,0.134,0.057208594647139586
Merzenhausen,2022-08-01 11:00:00,1,,val,arima,0.135,0.0571797471488794
Merzenhausen,2022-08-01 12:00:00,1,,val,arima,0.137,0.05715091419700268
Merzenhausen,2022-08-01 13:00:00,1,,val,arima,0.135,0.05712209578417441
Merzenhausen,2022-08-01 14:00:00,1,,val,arima,0.138,0.057093291903063254
Merzenhausen,2022-08-01 15:00:00,1,,val,arima,0.134,0.05706450254634158
Merzenhausen,2022-08-01 16:00:00,1,,val,arima,0.136,0.05703572770668544
Merzenhausen,2022-08-01 17:00:00,1,,val,arima,0.138,0.057006967376774596
Merzenhausen,2022-08-01 18:00:00,1,,val,arima,0.139,0.05697822154929249
Merzenhausen,2022-08-01 19:00:00,1,,val,arima,0.137,0.05694949021692626
Merzenhausen,2022-08-01 20:00:00,1,,val,arima,0.134,0.056920773372366715
Merzenhausen,2022-08-01 21:00:00,1,,val,arima,0.135,0.05689207100830837
Merzenhausen,2022-08-01 22:00:00,1,,val,arima,0.136,0.05686338311744942
Merzenhausen,2022-08-01 23:00:00,1,,val,arima,0.135,0.056834709692491735
Merzenhausen,2022-08-02 00:00:00,1,,val,arima,0.135,0.05680605072614087
Merzenhausen,2022-08-02 01:00:00,1,,val,arima,0.132,0.05677740621110605
Merzenhausen,2022-08-02 02:00:00,1,,val,arima,0.131,0.05674877614010019
Merzenhausen,2022-08-02 03:00:00,1,,val,arima,0.131,0.05672016050583986
Merzenhausen,2022-08-02 04:00:00,1,,val,arima,0.135,0.05669155930104534
Merzenhausen,2022-08-02 05:00:00,1,,val,arima,0.132,0.056662972518440526
Merzenhausen,2022-08-02 06:00:00,1,,val,arima,0.132,0.05663440015075302
Merzenhausen,2022-08-02 07:00:00,1,,val,arima,0.131,0.0566058421907141
Merzenhausen,2022-08-02 08:00:00,1,,val,arima,0.131,0.056577298631058676
Merzenhausen,2022-08-02 09:00:00,1,,val,arima,0.135,0.05654876946452535
Merzenhausen,2022-08-02 10:00:00,1,,val,arima,0.134,0.056520254683856366
Merzenhausen,2022-08-02 11:00:00,1,,val,arima,0.137,0.05649175428179763
Merzenhausen,2022-08-02 12:00:00,1,,val,arima,0.137,0.056463268251098736
Merzenhausen,2022-08-02 13:00:00,1,,val,arima,0.138,0.056434796584512885
Merzenhausen,2022-08-02 14:00:00,1,,val,arima,0.134,0.05640633927479696
Merzenhausen,2022-08-02 15:00:00,1,,val,arima,0.135,0.056377896314711504
Merzenhausen,2022-08-02 16:00:00,1,,val,arima,0.137,0.05634946769702069
Merzenhausen,2022-08-02 17:00:00,1,,val,arima,0.137,0.05632105341449237
Merzenhausen,2022-08-02 18:00:00,1,,val,arima,0.133,0.056292653459897986
Merzenhausen,2022-08-02 19:00:00,1,,val,arima,0.13,0.05626426782601269
Merzenhausen,2022-08-02 20:00:00,1,,val,arima,0.134,0.05623589650561524
Merzenhausen,2022-08-02 21:00:00,1,,val,arima,0.133,0.05620753949148804
Merzenhausen,2022-08-02 22:00:00,1,,val,arima,0.133,0.05617919677641714
Merzenhausen,2022-08-02 23:00:00,1,,val,arima,0.134,0.056150868353192225
Merzenhausen,2022-08-03 00:00:00,1,,val,arima,0.134,0.056122554214606615
Merzenhausen,2022-08-03 01:00:00,1,,val,arima,0.134,0.05609425435345726
Merzenhausen,2022-08-03 02:00:00,1,,val,arima,0.131,0.05606596876254476
Merzenhausen,2022-08-03 03:00:00,1,,val,arima,0.211,0.056037697434673316
Merzenhausen,2022-08-03 04:00:00,1,,val,arima,0.207,0.05600944036265078
Merzenhausen,2022-08-03 05:00:00,1,,val,arima,0.207,0.05598119753928863
Merzenhausen,2022-08-03 06:00:00,1,,val,arima,0.204,0.055952968957401955
Merzenhausen,2022-08-03 07:00:00,1,,val,arima,0.206,0.05592475460980948
Merzenhausen,2022-08-03 08:00:00,1,,val,arima,0.2,0.05589655448933355
Merzenhausen,2022-08-03 09:00:00,1,,val,arima,0.199,0.05586836858880011
Merzenhausen,2022-08-03 10:00:00,1,,val,arima,0.202,0.05584019690103875
Merzenhausen,2022-08-03 11:00:00,1,,val,arima,0.199,0.055812039418882665
Merzenhausen,2022-08-03 12:00:00,1,,val,arima,0.197,0.05578389613516866
Merzenhausen,2022-08-03 13:00:00,1,,val,arima,0.198,0.05575576704273715
Merzenhausen,2022-08-03 14:00:00,1,,val,arima,0.195,0.055727652134432176
Merzenhausen,2022-08-03 15:00:00,1,,val,arima,0.196,0.05569955140310136
Merzenhausen,2022-08-03 16:00:00,1,,val,arima,0.193,0.05567146484159595
Merzenhausen,2022-08-03 17:00:00,1,,val,arima,0.194,0.05564339244277081
Merzenhausen,2022-08-03 18:00:00,1,,val,arima,0.191,0.05561533419948439
Merzenhausen,2022-08-03 19:00:00,1,,val,arima,0.189,0.05558729010459872
Merzenhausen,2022-08-03 20:00:00,1,,val,arima,0.188,0.05555926015097948
Merzenhausen,2022-08-03 21:00:00,1,,val,arima,0.191,0.05553124433149591
Merzenhausen,2022-08-03 22:00:00,1,,val,arima,0.19,0.05550324263902086
Merzenhausen,2022-08-03 23:00:00,1,,val,arima,0.187,0.05547525506643076
Merzenhausen,2022-08-04 00:00:00,1,,val,arima,0.186,0.05544728160660564
Merzenhausen,2022-08-04 01:00:00,1,,val,arima,0.189,0.05541932225242915
Merzenhausen,2022-08-04 02:00:00,1,,val,arima,0.186,0.05539137699678848
Merzenhausen,2022-08-04 03:00:00,1,,val,arima,0.184,0.05536344583257442
Merzenhausen,2022-08-04 04:00:00,1,,val,arima,0.18900001,0.05533552875268137
Merzenhausen,2022-08-04 05:00:00,1,,val,arima,0.186,0.055307625750007285
Merzenhausen,2022-08-04 06:00:00,1,,val,arima,0.183,0.05527973681745371
Merzenhausen,2022-08-04 07:00:00,1,,val,arima,0.185,0.05525186194792578
Merzenhausen,2022-08-04 08:00:00,1,,val,arima,0.181,0.05522400113433219
Merzenhausen,2022-08-04 09:00:00,1,,val,arima,0.181,0.05519615436958522
Merzenhausen,2022-08-04 10:00:00,1,,val,arima,0.181,0.055168321646600724
Merzenhausen,2022-08-04 11:00:00,1,,val,arima,0.181,0.05514050295829813
Merzenhausen,2022-08-04 12:00:00,1,,val,arima,0.1855,0.05511269829760043
Merzenhausen,2022-08-04 13:00:00,1,,val,arima,0.178,0.0550849076574342
Merzenhausen,2022-08-04 14:00:00,1,,val,arima,0.18450001,0.05505713103072955
Merzenhausen,2022-08-04 15:00:00,1,,val,arima,0.176,0.0550293684104202
Merzenhausen,2022-08-04 16:00:00,1,,val,arima,0.178,0.055001619789443394
Merzenhausen,2022-08-04 17:00:00,1,,val,arima,0.178,0.054973885160739956
Merzenhausen,2022-08-04 18:00:00,1,,val,arima,0.181,0.05494616451725427
Merzenhausen,2022-08-04 19:00:00,1,,val,arima,0.177,0.05491845785193428
Merzenhausen,2022-08-04 20:00:00,1,,val,arima,0.1825,0.05489076515773146
Merzenhausen,2022-08-04 21:00:00,1,,val,arima,0.176,0.05486308642760088
Merzenhausen,2022-08-04 22:00:00,1,,val,arima,0.177,0.05483542165450112
Merzenhausen,2022-08-04 23:00:00,1,,val,arima,0.178,0.05480777083139435
Merzenhausen,2022-08-05 00:00:00,1,,val,arima,0.178,0.05478013395124626
Merzenhausen,2022-08-05 01:00:00,1,,val,arima,0.176,0.05475251100702609
Merzenhausen,2022-08-05 02:00:00,1,,val,arima,0.175,0.054724901991706654
Merzenhausen,2022-08-05 03:00:00,1,,val,arima,0.176,0.05469730689826427
Merzenhausen,2022-08-05 04:00:00,1,,val,arima,0.175,0.054669725719678826
Merzenhausen,2022-08-05 05:00:00,1,,val,arima,0.175,0.054642158448933734
Merzenhausen,2022-08-05 06:00:00,1,,val,arima,0.176,0.05461460507901596
Merzenhausen,2022-08-05 07:00:00,1,,val,arima,0.176,0.054587065602915985
Merzenhausen,2022-08-05 08:00:00,1,,val,arima,0.176,0.05455954001362784
Merzenhausen,2022-08-05 09:00:00,1,,val,arima,0.173,0.05453202830414908
Merzenhausen,2022-08-05 10:00:00,1,,val,arima,0.173,0.0545045304674808
Merzenhausen,2022-08-05 11:00:00,1,,val,arima,0.173,0.054477046496627615
Merzenhausen,2022-08-05 12:00:00,1,,val,arima,0.173,0.05444957638459769
Merzenhausen,2022-08-05 13:00:00,1,,val,arima,0.172,0.05442212012440267
Merzenhausen,2022-08-05 14:00:00,1,,val,arima,0.172,0.05439467770905777
Merzenhausen,2022-08-05 15:00:00,1,,val,arima,0.171,0.05436724913158171
Merzenhausen,2022-08-05 16:00:00,1,,val,arima,0.171,0.05433983438499672
Merzenhausen,2022-08-05 17:00:00,1,,val,arima,0.171,0.05431243346232856
Merzenhausen,2022-08-05 18:00:00,1,,val,arima,0.171,0.054285046356606505
Merzenhausen,2022-08-05 19:00:00,1,,val,arima,0.172,0.05425767306086334
Merzenhausen,2022-08-05 20:00:00,1,,val,arima,0.17,0.05423031356813538
Merzenhausen,2022-08-05 21:00:00,1,,val,arima,0.171,0.05420296787146243
Merzenhausen,2022-08-05 22:00:00,1,,val,arima,0.172,0.05417563596388782
Merzenhausen,2022-08-05 23:00:00,1,,val,arima,0.17,0.05414831783845837
Merzenhausen,2022-08-06 00:00:00,1,,val,arima,0.172,0.05412101348822442
Merzenhausen,2022-08-06 01:00:00,1,,val,arima,0.171,0.054093722906239816
Merzenhausen,2022-08-06 02:00:00,1,,val,arima,0.17,0.054066446085561916
Merzenhausen,2022-08-06 03:00:00,1,,val,arima,0.169,0.05403918301925154
Merzenhausen,2022-08-06 04:00:00,1,,val,arima,0.169,0.05401193370037305
Merzenhausen,2022-08-06 05:00:00,1,,val,arima,0.169,0.05398469812199429
Merzenhausen,2022-08-06 06:00:00,1,,val,arima,0.169,0.05395747627718658
Merzenhausen,2022-08-06 07:00:00,1,,val,arima,0.169,0.05393026815902477
Merzenhausen,2022-08-06 08:00:00,1,,val,arima,0.17,0.05390307376058717
Merzenhausen,2022-08-06 09:00:00,1,,val,arima,0.168,0.053875893074955605
Merzenhausen,2022-08-06 10:00:00,1,,val,arima,0.17,0.05384872609521538
Merzenhausen,2022-08-06 11:00:00,1,,val,arima,0.169,0.053821572814455265
Merzenhausen,2022-08-06 12:00:00,1,,val,arima,0.168,0.053794433225767546
Merzenhausen,2022-08-06 13:00:00,1,,val,arima,0.168,0.05376730732224798
Merzenhausen,2022-08-06 14:00:00,1,,val,arima,0.16749999,0.0537401950969958
Merzenhausen,2022-08-06 15:00:00,1,,val,arima,0.164,0.05371309654311373
Merzenhausen,2022-08-06 16:00:00,1,,val,arima,0.165,0.05368601165370797
Merzenhausen,2022-08-06 17:00:00,1,,val,arima,0.168,0.05365894042188818
Merzenhausen,2022-08-06 18:00:00,1,,val,arima,0.167,0.05363188284076752
Merzenhausen,2022-08-06 19:00:00,1,,val,arima,0.164,0.0536048389034626
Merzenhausen,2022-08-06 20:00:00,1,,val,arima,0.166,0.05357780860309351
Merzenhausen,2022-08-06 21:00:00,1,,val,arima,0.163,0.053550791932783816
Merzenhausen,2022-08-06 22:00:00,1,,val,arima,0.164,0.05352378888566055
Merzenhausen,2022-08-06 23:00:00,1,,val,arima,0.164,0.05349679945485418
Merzenhausen,2022-08-07 00:00:00,1,,val,arima,0.163,0.0534698236334987
Merzenhausen,2022-08-07 01:00:00,1,,val,arima,0.162,0.05344286141473149
Merzenhausen,2022-08-07 02:00:00,1,,val,arima,0.16,0.053415912791693464
Merzenhausen,2022-08-07 03:00:00,1,,val,arima,0.16350001,0.053388977757528946
Merzenhausen,2022-08-07 04:00:00,1,,val,arima,0.161,0.05336205630538572
Merzenhausen,2022-08-07 05:00:00,1,,val,arima,0.161,0.05333514842841506
Merzenhausen,2022-08-07 06:00:00,1,,val,arima,0.159,0.05330825411977165
Merzenhausen,2022-08-07 07:00:00,1,,val,arima,0.161,0.053281373372613655
Merzenhausen,2022-08-07 08:00:00,1,,val,arima,0.161,0.053254506180102676
Merzenhausen,2022-08-07 09:00:00,1,,val,arima,0.161,0.05322765253540377
Merzenhausen,2022-08-07 10:00:00,1,,val,arima,0.16,0.05320081243168544
Merzenhausen,2022-08-07 11:00:00,1,,val,arima,0.16,0.05317398586211962
Merzenhausen,2022-08-07 12:00:00,1,,val,arima,0.16,0.05314717281988172
Merzenhausen,2022-08-07 13:00:00,1,,val,arima,0.16,0.053120373298150544
Merzenhausen,2022-08-07 14:00:00,1,,val,arima,0.159,0.05309358729010838
Merzenhausen,2022-08-07 15:00:00,1,,val,arima,0.159,0.05306681478894093
Merzenhausen,2022-08-07 16:00:00,1,,val,arima,0.159,0.05304005578783733
Merzenhausen,2022-08-07 17:00:00,1,,val,arima,0.159,0.05301331027999017
Merzenhausen,2022-08-07 18:00:00,1,,val,arima,0.156,0.05298657825859546
Merzenhausen,2022-08-07 19:00:00,1,,val,arima,0.156,0.05295985971685262
Merzenhausen,2022-08-07 20:00:00,1,,val,arima,0.155,0.05293315464796454
Merzenhausen,2022-08-07 21:00:00,1,,val,arima,0.156,0.05290646304513752
Merzenhausen,2022-08-07 22:00:00,1,,val,arima,0.157,0.05287978490158127
Merzenhausen,2022-08-07 23:00:00,1,,val,arima,0.152,0.05285312021050895
Merzenhausen,2022-08-08 00:00:00,1,,val,arima,0.156,0.05282646896513711
Merzenhausen,2022-08-08 01:00:00,1,,val,arima,0.157,0.052799831158685764
Merzenhausen,2022-08-08 02:00:00,1,,val,arima,0.154,0.052773206784378315
Merzenhausen,2022-08-08 03:00:00,1,,val,arima,0.152,0.052746595835441584
Merzenhausen,2022-08-08 04:00:00,1,,val,arima,0.155,0.05271999830510581
Merzenhausen,2022-08-08 05:00:00,1,,val,arima,0.153,0.052693414186604656
Merzenhausen,2022-08-08 06:00:00,1,,val,arima,0.154,0.052666843473175184
Merzenhausen,2022-08-08 07:00:00,1,,val,arima,0.153,0.05264028615805788
Merzenhausen,2022-08-08 08:00:00,1,,val,arima,0.151,0.05261374223449662
Merzenhausen,2022-08-08 09:00:00,1,,val,arima,0.153,0.052587211695738705
Merzenhausen,2022-08-08 10:00:00,1,,val,arima,0.152,0.05256069453503483
Merzenhausen,2022-08-08 11:00:00,1,,val,arima,0.153,0.05253419074563909
Merzenhausen,2022-08-08 12:00:00,1,,val,arima,0.149,0.05250770032080899
Merzenhausen,2022-08-08 13:00:00,1,,val,arima,0.152,0.05248122325380544
Merzenhausen,2022-08-08 14:00:00,1,,val,arima,0.152,0.052454759537892734
Merzenhausen,2022-08-08 15:00:00,1,,val,arima,0.152,0.052428309166338574
Merzenhausen,2022-08-08 16:00:00,1,,val,arima,0.15,0.05240187213241405
Merzenhausen,2022-08-08 17:00:00,1,,val,arima,0.149,0.052375448429393644
Merzenhausen,2022-08-08 18:00:00,1,,val,arima,0.147,0.05234903805055524
Merzenhausen,2022-08-08 19:00:00,1,,val,arima,0.152,0.052322640989180096
Merzenhausen,2022-08-08 20:00:00,1,,val,arima,0.148,0.05229625723855287
Merzenhausen,2022-08-08 21:00:00,1,,val,arima,0.147,0.05226988679196161
Merzenhausen,2022-08-08 22:00:00,1,,val,arima,0.146,0.052243529642697725
Merzenhausen,2022-08-08 23:00:00,1,,val,arima,0.145,0.052217185784056035
Merzenhausen,2022-08-09 00:00:00,1,,val,arima,0.146,0.052190855209334724
Merzenhausen,2022-08-09 01:00:00,1,,val,arima,0.144,0.052164537911835354
Merzenhausen,2022-08-09 02:00:00,1,,val,arima,0.145,0.05213823388486289
Merzenhausen,2022-08-09 03:00:00,1,,val,arima,0.145,0.05211194312172564
Merzenhausen,2022-08-09 04:00:00,1,,val,arima,0.148,0.0520856656157353
Merzenhausen,2022-08-09 05:00:00,1,,val,arima,0.145,0.05205940136020694
Merzenhausen,2022-08-09 06:00:00,1,,val,arima,0.143,0.052033150348459
Merzenhausen,2022-08-09 07:00:00,1,,val,arima,0.144,0.05200691257381329
Merzenhausen,2022-08-09 08:00:00,1,,val,arima,0.144,0.05198068802959498
Merzenhausen,2022-08-09 09:00:00,1,,val,arima,0.146,0.05195447670913263
Merzenhausen,2022-08-09 10:00:00,1,,val,arima,0.145,0.05192827860575812
Merzenhausen,2022-08-09 11:00:00,1,,val,arima,0.146,0.051902093712806734
Merzenhausen,2022-08-09 12:00:00,1,,val,arima,0.144,0.0518759220236171
Merzenhausen,2022-08-09 13:00:00,1,,val,arima,0.145,0.05184976353153121
Merzenhausen,2022-08-09 14:00:00,1,,val,arima,0.145,0.0518236182298944
Merzenhausen,2022-08-09 15:00:00,1,,val,arima,0.146,0.05179748611205538
Merzenhausen,2022-08-09 16:00:00,1,,val,arima,0.145,0.0517713671713662
Merzenhausen,2022-08-09 17:00:00,1,,val,arima,0.143,0.05174526140118227
Merzenhausen,2022-08-09 18:00:00,1,,val,arima,0.144,0.051719168794862345
Merzenhausen,2022-08-09 19:00:00,1,,val,arima,0.146,0.051693089345768536
Merzenhausen,2022-08-09 20:00:00,1,,val,arima,0.141,0.051667023047266294
Merzenhausen,2022-08-09 21:00:00,1,,val,arima,0.14,0.05164096989272442
Merzenhausen,2022-08-09 22:00:00,1,,val,arima,0.144,0.05161492987551505
Merzenhausen,2022-08-09 23:00:00,1,,val,arima,0.145,0.05158890298901368
Merzenhausen,2022-08-10 00:00:00,1,,val,arima,0.14,0.05156288922659913
Merzenhausen,2022-08-10 01:00:00,1,,val,arima,0.14,0.05153688858165357
Merzenhausen,2022-08-10 02:00:00,1,,val,arima,0.139,0.05151090104756249
Merzenhausen,2022-08-10 03:00:00,1,,val,arima,0.143,0.05148492661771474
Merzenhausen,2022-08-10 04:00:00,1,,val,arima,0.14,0.051458965285502485
Merzenhausen,2022-08-10 05:00:00,1,,val,arima,0.137,0.051433017044321225
Merzenhausen,2022-08-10 06:00:00,1,,val,arima,0.14,0.051407081887569796
Merzenhausen,2022-08-10 07:00:00,1,,val,arima,0.137,0.051381159808650365
Merzenhausen,2022-08-10 08:00:00,1,,val,arima,0.14,0.05135525080096841
Merzenhausen,2022-08-10 09:00:00,1,,val,arima,0.143,0.051329354857932746
Merzenhausen,2022-08-10 10:00:00,1,,val,arima,0.141,0.05130347197295551
Merzenhausen,2022-08-10 11:00:00,1,,val,arima,0.14,0.051277602139452164
Merzenhausen,2022-08-10 12:00:00,1,,val,arima,0.143,0.051251745350841496
Merzenhausen,2022-08-10 13:00:00,1,,val,arima,0.142,0.05122590160054559
Merzenhausen,2022-08-10 14:00:00,1,,val,arima,0.14,0.05120007088198987
Merzenhausen,2022-08-10 15:00:00,1,,val,arima,0.142,0.05117425318860307
Merzenhausen,2022-08-10 16:00:00,1,,val,arima,0.14,0.05114844851381721
Merzenhausen,2022-08-10 17:00:00,1,,val,arima,0.142,0.05112265685106768
Merzenhausen,2022-08-10 18:00:00,1,,val,arima,0.142,0.05109687819379312
Merzenhausen,2022-08-10 19:00:00,1,,val,arima,0.141,0.05107111253543552
Merzenhausen,2022-08-10 20:00:00,1,,val,arima,0.142,0.05104535986944015
Merzenhausen,2022-08-10 21:00:00,1,,val,arima,0.141,0.051019620189255606
Merzenhausen,2022-08-10 22:00:00,1,,val,arima,0.136,0.050993893488333775
Merzenhausen,2022-08-10 23:00:00,1,,val,arima,0.138,0.05096817976012984
Merzenhausen,2022-08-11 00:00:00,1,,val,arima,0.139,0.05094247899810231
Merzenhausen,2022-08-11 01:00:00,1,,val,arima,0.136,0.05091679119571297
Merzenhausen,2022-08-11 02:00:00,1,,val,arima,0.134,0.0508911163464269
Merzenhausen,2022-08-11 03:00:00,1,,val,arima,0.133,0.050865454443712495
Merzenhausen,2022-08-11 04:00:00,1,,val,arima,0.139,0.05083980548104142
Merzenhausen,2022-08-11 05:00:00,1,,val,arima,0.136,0.05081416945188866
Merzenhausen,2022-08-11 06:00:00,1,,val,arima,0.136,0.050788546349732455
Merzenhausen,2022-08-11 07:00:00,1,,val,arima,0.136,0.05076293616805436
Merzenhausen,2022-08-11 08:00:00,1,,val,arima,0.135,0.05073733890033921
Merzenhausen,2022-08-11 09:00:00,1,,val,arima,0.134,0.05071175454007512
Merzenhausen,2022-08-11 10:00:00,1,,val,arima,0.135,0.050686183080753504
Merzenhausen,2022-08-11 11:00:00,1,,val,arima,0.139,0.05066062451586904
Merzenhausen,2022-08-11 12:00:00,1,,val,arima,0.138,0.0506350788389197
Merzenhausen,2022-08-11 13:00:00,1,,val,arima,0.139,0.050609546043406714
Merzenhausen,2022-08-11 14:00:00,1,,val,arima,0.135,0.05058402612283462
Merzenhausen,2022-08-11 15:00:00,1,,val,arima,0.139,0.050558519070711204
Merzenhausen,2022-08-11 16:00:00,1,,val,arima,0.139,0.050533024880547533
Merzenhausen,2022-08-11 17:00:00,1,,val,arima,0.139,0.05050754354585796
Merzenhausen,2022-08-11 18:00:00,1,,val,arima,0.137,0.05048207506016009
Merzenhausen,2022-08-11 19:00:00,1,,val,arima,0.136,0.05045661941697481
Merzenhausen,2022-08-11 20:00:00,1,,val,arima,0.135,0.05043117660982627
Merzenhausen,2022-08-11 21:00:00,1,,val,arima,0.137,0.05040574663224187
Merzenhausen,2022-08-11 22:00:00,1,,val,arima,0.134,0.05038032947775231
Merzenhausen,2022-08-11 23:00:00,1,,val,arima,0.135,0.05035492513989151
Merzenhausen,2022-08-12 00:00:00,1,,val,arima,0.132,0.05032953361219668
Merzenhausen,2022-08-12 01:00:00,1,,val,arima,0.134,0.050304154888208275
Merzenhausen,2022-08-12 02:00:00,1,,val,arima,0.134,0.05027878896147002
Merzenhausen,2022-08-12 03:00:00,1,,val,arima,0.131,0.05025343582552888
Merzenhausen,2022-08-12 04:00:00,1,,val,arima,0.135,0.050228095473935086
Merzenhausen,2022-08-12 05:00:00,1,,val,arima,0.132,0.0502027679002421
Merzenhausen,2022-08-12 06:00:00,1,,val,arima,0.132,0.05017745309800667
Merzenhausen,2022-08-12 07:00:00,1,,val,arima,0.135,0.05015215106078877
Merzenhausen,2022-08-12 08:00:00,1,,val,arima,0.131,0.05012686178215163
Merzenhausen,2022-08-12 09:00:00,1,,val,arima,0.134,0.050101585255661704
Merzenhausen,2022-08-12 10:00:00,1,,val,arima,0.135,0.05007632147488872
Merzenhausen,2022-08-12 11:00:00,1,,val,arima,0.134,0.050051070433405634
Merzenhausen,2022-08-12 12:00:00,1,,val,arima,0.132,0.05002583212478865
Merzenhausen,2022-08-12 13:00:00,1,,val,arima,0.137,0.050000606542617204
Merzenhausen,2022-08-12 14:00:00,1,,val,arima,0.135,0.04997539368047396
Merzenhausen,2022-08-12 15:00:00,1,,val,arima,0.134,0.049950193531944846
Merzenhausen,2022-08-12 16:00:00,1,,val,arima,0.136,0.049925006090619
Merzenhausen,2022-08-12 17:00:00,1,,val,arima,0.136,0.0498998313500888
Merzenhausen,2022-08-12 18:00:00,1,,val,arima,0.135,0.04987466930394985
Merzenhausen,2022-08-12 19:00:00,1,,val,arima,0.133,0.049849519945800995
Merzenhausen,2022-08-12 20:00:00,1,,val,arima,0.134,0.04982438326924431
Merzenhausen,2022-08-12 21:00:00,1,,val,arima,0.131,0.049799259267885074
Merzenhausen,2022-08-12 22:00:00,1,,val,arima,0.138,0.0497741479353318
Merzenhausen,2022-08-12 23:00:00,1,,val,arima,0.134,0.04974904926519625
Merzenhausen,2022-08-13 00:00:00,1,,val,arima,0.134,0.04972396325109337
Merzenhausen,2022-08-13 01:00:00,1,,val,arima,0.131,0.04969888988664135
Merzenhausen,2022-08-13 02:00:00,1,,val,arima,0.1385,0.04967382916546158
Merzenhausen,2022-08-13 03:00:00,1,,val,arima,0.131,0.04964878108117868
Merzenhausen,2022-08-13 04:00:00,1,,val,arima,0.133,0.04962374562742048
Merzenhausen,2022-08-13 05:00:00,1,,val,arima,0.133,0.049598722797818025
Merzenhausen,2022-08-13 06:00:00,1,,val,arima,0.13,0.04957371258600557
Merzenhausen,2022-08-13 07:00:00,1,,val,arima,0.13,0.04954871498562058
Merzenhausen,2022-08-13 08:00:00,1,,val,arima,0.13,0.04952372999030373
Merzenhausen,2022-08-13 09:00:00,1,,val,arima,0.133,0.04949875759369889
Merzenhausen,2022-08-13 10:00:00,1,,val,arima,0.131,0.04947379778945316
Merzenhausen,2022-08-13 11:00:00,1,,val,arima,0.13949999,0.049448850571216826
Merzenhausen,2022-08-13 12:00:00,1,,val,arima,0.131,0.049423915932643364
Merzenhausen,2022-08-13 13:00:00,1,,val,arima,0.131,0.04939899386738948
Merzenhausen,2022-08-13 14:00:00,1,,val,arima,0.13,0.04937408436911507
Merzenhausen,2022-08-13 15:00:00,1,,val,arima,0.13,0.0493491874314832
Merzenhausen,2022-08-13 16:00:00,1,,val,arima,0.134,0.049324303048160156
Merzenhausen,2022-08-13 17:00:00,1,,val,arima,0.131,0.04929943121281543
Merzenhausen,2022-08-13 18:00:00,1,,val,arima,0.133,0.04927457191912167
Merzenhausen,2022-08-13 19:00:00,1,,val,arima,0.13,0.04924972516075475
Merzenhausen,2022-08-13 20:00:00,1,,val,arima,0.132,0.04922489093139371
Merzenhausen,2022-08-13 21:00:00,1,,val,arima,0.132,0.04920006922472078
Merzenhausen,2022-08-13 22:00:00,1,,val,arima,0.129,0.049175260034421395
Merzenhausen,2022-08-13 23:00:00,1,,val,arima,0.131,0.049150463354184146
Merzenhausen,2022-08-14 00:00:00,1,,val,arima,0.13,0.04912567917770082
Merzenhausen,2022-08-14 01:00:00,1,,val,arima,0.128,0.0491009074986664
Merzenhausen,2022-08-14 02:00:00,1,,val,arima,0.129,0.049076148310779014
Merzenhausen,2022-08-14 03:00:00,1,,val,arima,0.129,0.04905140160774
Merzenhausen,2022-08-14 04:00:00,1,,val,arima,0.129,0.049026667383253855
Merzenhausen,2022-08-14 05:00:00,1,,val,arima,0.129,0.04900194563102825
Merzenhausen,2022-08-14 06:00:00,1,,val,arima,0.129,0.04897723634477404
Merzenhausen,2022-08-14 07:00:00,1,,val,arima,0.129,0.048952539518205246
Merzenhausen,2022-08-14 08:00:00,1,,val,arima,0.125,0.048927855145039056
Merzenhausen,2022-08-14 09:00:00,1,,val,arima,0.13,0.048903183218995824
Merzenhausen,2022-08-14 10:00:00,1,,val,arima,0.129,0.04887852373379908
Merzenhausen,2022-08-14 11:00:00,1,,val,arima,0.13,0.0488538766831755
Merzenhausen,2022-08-14 12:00:00,1,,val,arima,0.131,0.048829242060854955
Merzenhausen,2022-08-14 13:00:00,1,,val,arima,0.13,0.04880461986057044
Merzenhausen,2022-08-14 14:00:00,1,,val,arima,0.13,0.04878001007605815
Merzenhausen,2022-08-14 15:00:00,1,,val,arima,0.13,0.048755412701057405
Merzenhausen,2022-08-14 16:00:00,1,,val,arima,0.13,0.0487308277293107
Merzenhausen,2022-08-14 17:00:00,1,,val,arima,0.13,0.04870625515456367
Merzenhausen,2022-08-14 18:00:00,1,,val,arima,0.13,0.048681694970565126
Merzenhausen,2022-08-14 19:00:00,1,,val,arima,0.131,0.04865714717106702
Merzenhausen,2022-08-14 20:00:00,1,,val,arima,0.129,0.048632611749824445
Merzenhausen,2022-08-14 21:00:00,1,,val,arima,0.128,0.04860808870059566
Merzenhausen,2022-08-14 22:00:00,1,,val,arima,0.133,0.04858357801714205
Merzenhausen,2022-08-14 23:00:00,1,,val,arima,0.129,0.048559079693228174
Merzenhausen,2022-08-15 00:00:00,1,,val,arima,0.129,0.048534593722621706
Merzenhausen,2022-08-15 01:00:00,1,,val,arima,0.13,0.04851012009909349
Merzenhausen,2022-08-15 02:00:00,1,,val,arima,0.1315,0.04848565881641749
Merzenhausen,2022-08-15 03:00:00,1,,val,arima,0.127,0.04846120986837082
Merzenhausen,2022-08-15 04:00:00,1,,val,arima,0.129,0.04843677324873373
Merzenhausen,2022-08-15 05:00:00,1,,val,arima,0.125,0.048412348951289604
Merzenhausen,2022-08-15 06:00:00,1,,val,arima,0.1205,0.04838793696982496
Merzenhausen,2022-08-15 07:00:00,1,,val,arima,0.125,0.048363537298129464
Merzenhausen,2022-08-15 08:00:00,1,,val,arima,0.127,0.048339149929995884
Merzenhausen,2022-08-15 09:00:00,1,,val,arima,0.128,0.048314774859220144
Merzenhausen,2022-08-15 10:00:00,1,,val,arima,0.128,0.04829041207960128
Merzenhausen,2022-08-15 11:00:00,1,,val,arima,0.128,0.04826606158494147
Merzenhausen,2022-08-15 12:00:00,1,,val,arima,0.128,0.04824172336904601
Merzenhausen,2022-08-15 13:00:00,1,,val,arima,0.128,0.04821739742572331
Merzenhausen,2022-08-15 14:00:00,1,,val,arima,0.128,0.04819308374878493
Merzenhausen,2022-08-15 15:00:00,1,,val,arima,0.129,0.04816878233204551
Merzenhausen,2022-08-15 16:00:00,1,,val,arima,0.129,0.048144493169322844
Merzenhausen,2022-08-15 17:00:00,1,,val,arima,0.129,0.04812021625443783
Merzenhausen,2022-08-15 18:00:00,1,,val,arima,0.129,0.04809595158121448
Merzenhausen,2022-08-15 19:00:00,1,,val,arima,0.126,0.04807169914347992
Merzenhausen,2022-08-15 20:00:00,1,,val,arima,0.128,0.04804745893506439
Merzenhausen,2022-08-15 21:00:00,1,,val,arima,0.125,0.04802323094980125
Merzenhausen,2022-08-15 22:00:00,1,,val,arima,0.13,0.04799901518152695
Merzenhausen,2022-08-15 23:00:00,1,,val,arima,0.128,0.04797481162408107
Merzenhausen,2022-08-16 00:00:00,1,,val,arima,0.125,0.04795062027130628
Merzenhausen,2022-08-16 01:00:00,1,,val,arima,0.125,0.04792644111704837
Merzenhausen,2022-08-16 02:00:00,1,,val,arima,0.127,0.047902274155156216
Merzenhausen,2022-08-16 03:00:00,1,,val,arima,0.126,0.0478781193794818
Merzenhausen,2022-08-16 04:00:00,1,,val,arima,0.126,0.04785397678388022
Merzenhausen,2022-08-16 05:00:00,1,,val,arima,0.126,0.047829846362209646
Merzenhausen,2022-08-16 06:00:00,1,,val,arima,0.126,0.04780572810833136
Merzenhausen,2022-08-16 07:00:00,1,,val,arima,0.126,0.04778162201610976
Merzenhausen,2022-08-16 08:00:00,1,,val,arima,0.127,0.0477575280794123
Merzenhausen,2022-08-16 09:00:00,1,,val,arima,0.125,0.047733446292109544
Merzenhausen,2022-08-16 10:00:00,1,,val,arima,0.128,0.04770937664807515
Merzenhausen,2022-08-16 11:00:00,1,,val,arima,0.126,0.04768531914118586
Merzenhausen,2022-08-16 12:00:00,1,,val,arima,0.127,0.0476612737653215
Merzenhausen,2022-08-16 13:00:00,1,,val,arima,0.129,0.04763724051436499
Merzenhausen,2022-08-16 14:00:00,1,,val,arima,0.129,0.04761321938220234
Merzenhausen,2022-08-16 15:00:00,1,,val,arima,0.1225,0.04758921036272262
Merzenhausen,2022-08-16 16:00:00,1,,val,arima,0.13,0.04756521344981801
Merzenhausen,2022-08-16 17:00:00,1,,val,arima,0.13,0.04754122863738375
Merzenhausen,2022-08-16 18:00:00,1,,val,arima,0.126,0.04751725591931816
Merzenhausen,2022-08-16 19:00:00,1,,val,arima,0.128,0.04749329528952265
Merzenhausen,2022-08-16 20:00:00,1,,val,arima,0.128,0.04746934674190169
Merzenhausen,2022-08-16 21:00:00,1,,val,arima,0.12100001,0.04744541027036282
Merzenhausen,2022-08-16 22:00:00,1,,val,arima,0.126,0.047421485868816685
Merzenhausen,2022-08-16 23:00:00,1,,val,arima,0.125,0.04739757353117696
Merzenhausen,2022-08-17 00:00:00,1,,val,arima,0.125,0.04737367325136042
Merzenhausen,2022-08-17 01:00:00,1,,val,arima,0.127,0.04734978502328688
Merzenhausen,2022-08-17 02:00:00,1,,val,arima,0.125,0.04732590884087924
Merzenhausen,2022-08-17 03:00:00,1,,val,arima,0.126,0.04730204469806346
Merzenhausen,2022-08-17 04:00:00,1,,val,arima,0.128,0.047278192588768565
Merzenhausen,2022-08-17 05:00:00,1,,val,arima,0.124,0.04725435250692664
Merzenhausen,2022-08-17 06:00:00,1,,val,arima,0.128,0.04723052444647281
Merzenhausen,2022-08-17 07:00:00,1,,val,arima,0.126,0.047206708401345304
Merzenhausen,2022-08-17 08:00:00,1,,val,arima,0.122,0.04718290436548536
Merzenhausen,2022-08-17 09:00:00,1,,val,arima,0.125,0.0471591123328373
Merzenhausen,2022-08-17 10:00:00,1,,val,arima,0.126,0.047135332297348495
Merzenhausen,2022-08-17 11:00:00,1,,val,arima,0.129,0.047111564252969355
Merzenhausen,2022-08-17 12:00:00,1,,val,arima,0.13,0.04708780819365335
Merzenhausen,2022-08-17 13:00:00,1,,val,arima,0.127,0.04706406411335701
Merzenhausen,2022-08-17 14:00:00,1,,val,arima,0.128,0.04704033200603988
Merzenhausen,2022-08-17 15:00:00,1,,val,arima,0.128,0.047016611865664595
Merzenhausen,2022-08-17 16:00:00,1,,val,arima,0.132,0.046992903686196796
Merzenhausen,2022-08-17 17:00:00,1,,val,arima,0.123,0.046969207461605184
Merzenhausen,2022-08-17 18:00:00,1,,val,arima,0.13499999,0.0469455231858615
Merzenhausen,2022-08-17 19:00:00,1,,val,arima,0.129,0.04692185085294053
Merzenhausen,2022-08-17 20:00:00,1,,val,arima,0.13,0.04689819045682009
Merzenhausen,2022-08-17 21:00:00,1,,val,arima,0.128,0.04687454199148103
Merzenhausen,2022-08-17 22:00:00,1,,val,arima,0.128,0.04685090545090724
Merzenhausen,2022-08-17 23:00:00,1,,val,arima,0.123500004,0.046827280829085646
Merzenhausen,2022-08-18 00:00:00,1,,val,arima,0.125,0.046803668120006206
Merzenhausen,2022-08-18 01:00:00,1,,val,arima,0.127,0.046780067317661905
Merzenhausen,2022-08-18 02:00:00,1,,val,arima,0.129,0.046756478416048755
Merzenhausen,2022-08-18 03:00:00,1,,val,arima,0.129,0.0467329014091658
Merzenhausen,2022-08-18 04:00:00,1,,val,arima,0.126,0.04670933629101511
Merzenhausen,2022-08-18 05:00:00,1,,val,arima,0.126,0.04668578305560178
Merzenhausen,2022-08-18 06:00:00,1,,val,arima,0.126,0.04666224169693393
Merzenhausen,2022-08-18 07:00:00,1,,val,arima,0.128,0.04663871220902269
Merzenhausen,2022-08-18 08:00:00,1,,val,arima,0.126,0.046615194585882216
Merzenhausen,2022-08-18 09:00:00,1,,val,arima,0.129,0.04659168882152969
Merzenhausen,2022-08-18 10:00:00,1,,val,arima,0.127,0.0465681949099853
Merzenhausen,2022-08-18 11:00:00,1,,val,arima,0.128,0.046544712845272264
Merzenhausen,2022-08-18 12:00:00,1,,val,arima,0.131,0.0465212426214168
Merzenhausen,2022-08-18 13:00:00,1,,val,arima,0.122,0.04649778423244813
Merzenhausen,2022-08-18 14:00:00,1,,val,arima,0.125,0.046474337672398516
Merzenhausen,2022-08-18 15:00:00,1,,val,arima,0.129,0.0464509029353032
Merzenhausen,2022-08-18 16:00:00,1,,val,arima,0.129,0.046427480015200445
Merzenhausen,2022-08-18 17:00:00,1,,val,arima,0.13,0.04640406890613153
Merzenhausen,2022-08-18 18:00:00,1,,val,arima,0.1245,0.04638066960214072
Merzenhausen,2022-08-18 19:00:00,1,,val,arima,0.132,0.046357282097275285
Merzenhausen,2022-08-18 20:00:00,1,,val,arima,0.12449999,0.046333906385585516
Merzenhausen,2022-08-18 21:00:00,1,,val,arima,0.126,0.04631054246112468
Merzenhausen,2022-08-18 22:00:00,1,,val,arima,0.131,0.04628719031794906
Merzenhausen,2022-08-18 23:00:00,1,,val,arima,0.125,0.04626384995011793
Merzenhausen,2022-08-19 00:00:00,1,,val,arima,0.116,0.046240521351693556
Merzenhausen,2022-08-19 01:00:00,1,,val,arima,0.126,0.0462172045167412
Merzenhausen,2022-08-19 02:00:00,1,,val,arima,0.128,0.046193899439329125
Merzenhausen,2022-08-19 03:00:00,1,,val,arima,0.127,0.04617060611352857
Merzenhausen,2022-08-19 04:00:00,1,,val,arima,0.129,0.046147324533413775
Merzenhausen,2022-08-19 05:00:00,1,,val,arima,0.126,0.04612405469306197
Merzenhausen,2022-08-19 06:00:00,1,,val,arima,0.126,0.046100796586553354
Merzenhausen,2022-08-19 07:00:00,1,,val,arima,0.125,0.046077550207971135
Merzenhausen,2022-08-19 08:00:00,1,,val,arima,0.129,0.04605431555140149
Merzenhausen,2022-08-19 09:00:00,1,,val,arima,0.128,0.04603109261093358
Merzenhausen,2022-08-19 10:00:00,1,,val,arima,0.127,0.046007881380659546
Merzenhausen,2022-08-19 11:00:00,1,,val,arima,0.129,0.045984681854674504
Merzenhausen,2022-08-19 12:00:00,1,,val,arima,0.134,0.04596149402707657
Merzenhausen,2022-08-19 13:00:00,1,,val,arima,0.131,0.0459383178919668
Merzenhausen,2022-08-19 14:00:00,1,,val,arima,0.134,0.04591515344344926
Merzenhausen,2022-08-19 15:00:00,1,,val,arima,0.131,0.045892000675630956
Merzenhausen,2022-08-19 16:00:00,1,,val,arima,0.134,0.04586885958262189
Merzenhausen,2022-08-19 17:00:00,1,,val,arima,0.131,0.045845730158535034
Merzenhausen,2022-08-19 18:00:00,1,,val,arima,0.133,0.04582261239748631
Merzenhausen,2022-08-19 19:00:00,1,,val,arima,0.133,0.04579950629359463
Merzenhausen,2022-08-19 20:00:00,1,,val,arima,0.13,0.04577641184098185
Merzenhausen,2022-08-19 21:00:00,1,,val,arima,0.143,0.0457533290337728
Merzenhausen,2022-08-19 22:00:00,1,,val,arima,0.131,0.045730257866095275
Merzenhausen,2022-08-19 23:00:00,1,,val,arima,0.131,0.04570719833208002
Merzenhausen,2022-08-20 00:00:00,1,,val,arima,0.1355,0.045684150425860756
Merzenhausen,2022-08-20 01:00:00,1,,val,arima,0.129,0.04566111414157416
Merzenhausen,2022-08-20 02:00:00,1,,val,arima,0.13,0.045638089473359844
Merzenhausen,2022-08-20 03:00:00,1,,val,arima,0.127,0.0456150764153604
Merzenhausen,2022-08-20 04:00:00,1,,val,arima,0.131,0.045592074961721366
Merzenhausen,2022-08-20 05:00:00,1,,val,arima,0.127,0.04556908510659122
Merzenhausen,2022-08-20 06:00:00,1,,val,arima,0.129,0.04554610684412141
Merzenhausen,2022-08-20 07:00:00,1,,val,arima,0.128,0.045523140168466314
Merzenhausen,2022-08-20 08:00:00,1,,val,arima,0.13,0.045500185073783284
Merzenhausen,2022-08-20 09:00:00,1,,val,arima,0.129,0.045477241554232585
Merzenhausen,2022-08-20 10:00:00,1,,val,arima,0.113,0.04545430960397745
Merzenhausen,2022-08-20 11:00:00,1,,val,arima,0.132,0.04543138921718405
Merzenhausen,2022-08-20 12:00:00,1,,val,arima,0.131,0.045408480388021505
Merzenhausen,2022-08-20 13:00:00,1,,val,arima,0.134,0.04538558311066185
Merzenhausen,2022-08-20 14:00:00,1,,val,arima,0.135,0.04536269737928009
Merzenhausen,2022-08-20 15:00:00,1,,val,arima,0.131,0.045339823188054136
Merzenhausen,2022-08-20 16:00:00,1,,val,arima,0.134,0.045316960531164865
Merzenhausen,2022-08-20 17:00:00,1,,val,arima,0.134,0.04529410940279607
Merzenhausen,2022-08-20 18:00:00,1,,val,arima,0.135,0.045271269797134486
Merzenhausen,2022-08-20 19:00:00,1,,val,arima,0.135,0.04524844170836977
Merzenhausen,2022-08-20 20:00:00,1,,val,arima,0.134,0.045225625130694516
Merzenhausen,2022-08-20 21:00:00,1,,val,arima,0.134,0.04520282005830424
Merzenhausen,2022-08-20 22:00:00,1,,val,arima,0.135,0.045180026485397394
Merzenhausen,2022-08-20 23:00:00,1,,val,arima,0.131,0.045157244406175356
Merzenhausen,2022-08-21 00:00:00,1,,val,arima,0.123500004,0.0451344738148424
Merzenhausen,2022-08-21 01:00:00,1,,val,arima,0.13,0.04511171470560577
Merzenhausen,2022-08-21 02:00:00,1,,val,arima,0.131,0.045088967072675595
Merzenhausen,2022-08-21 03:00:00,1,,val,arima,0.13749999,0.04506623091026494
Merzenhausen,2022-08-21 04:00:00,1,,val,arima,0.133,0.045043506212589776
Merzenhausen,2022-08-21 05:00:00,1,,val,arima,0.128,0.045020792973868996
Merzenhausen,2022-08-21 06:00:00,1,,val,arima,0.128,0.044998091188324416
Merzenhausen,2022-08-21 07:00:00,1,,val,arima,0.131,0.04497540085018076
Merzenhausen,2022-08-21 08:00:00,1,,val,arima,0.131,0.04495272195366565
Merzenhausen,2022-08-21 09:00:00,1,,val,arima,0.131,0.044930054493009644
Merzenhausen,2022-08-21 10:00:00,1,,val,arima,0.134,0.044907398462446194
Merzenhausen,2022-08-21 11:00:00,1,,val,arima,0.14,0.044884753856211664
Merzenhausen,2022-08-21 12:00:00,1,,val,arima,0.12650001,0.04486212066854532
Merzenhausen,2022-08-21 13:00:00,1,,val,arima,0.137,0.04483949889368935
Merzenhausen,2022-08-21 14:00:00,1,,val,arima,0.14,0.04481688852588881
Merzenhausen,2022-08-21 15:00:00,1,,val,arima,0.134,0.044794289559391694
Merzenhausen,2022-08-21 16:00:00,1,,val,arima,0.134,0.044771701988448875
Merzenhausen,2022-08-21 17:00:00,1,,val,arima,0.1435,0.04474912580731413
Merzenhausen,2022-08-21 18:00:00,1,,val,arima,0.135,0.04472656101024415
Merzenhausen,2022-08-21 19:00:00,1,,val,arima,0.134,0.04470400759149849
Merzenhausen,2022-08-21 20:00:00,1,,val,arima,0.135,0.04468146554533963
Merzenhausen,2022-08-21 21:00:00,1,,val,arima,0.135,0.04465893486603292
Merzenhausen,2022-08-21 22:00:00,1,,val,arima,0.132,0.04463641554784663
Merzenhausen,2022-08-21 23:00:00,1,,val,arima,0.13,0.044613907585051876
Merzenhausen,2022-08-22 00:00:00,1,,val,arima,0.1385,0.04459141097192271
Merzenhausen,2022-08-22 01:00:00,1,,val,arima,0.135,0.04456892570273603
Merzenhausen,2022-08-22 02:00:00,1,,val,arima,0.131,0.04454645177177166
Merzenhausen,2022-08-22 03:00:00,1,,val,arima,0.132,0.04452398917331228
Merzenhausen,2022-08-22 04:00:00,1,,val,arima,0.13,0.04450153790164346
Merzenhausen,2022-08-22 05:00:00,1,,val,arima,0.1315,0.04447909795105366
Merzenhausen,2022-08-22 06:00:00,1,,val,arima,0.129,0.04445666931583421
Merzenhausen,2022-08-22 07:00:00,1,,val,arima,0.131,0.044434251990279325
Merzenhausen,2022-08-22 08:00:00,1,,val,arima,0.132,0.04441184596868608
Merzenhausen,2022-08-22 09:00:00,1,,val,arima,0.131,0.04438945124535446
Merzenhausen,2022-08-22 10:00:00,1,,val,arima,0.134,0.0443670678145873
Merzenhausen,2022-08-22 11:00:00,1,,val,arima,0.135,0.044344695670690285
Merzenhausen,2022-08-22 12:00:00,1,,val,arima,0.134,0.044322334807972034
Merzenhausen,2022-08-22 13:00:00,1,,val,arima,0.132,0.04429998522074398
Merzenhausen,2022-08-22 14:00:00,1,,val,arima,0.133,0.04427764690332045
Merzenhausen,2022-08-22 15:00:00,1,,val,arima,0.14050001,0.044255319850018626
Merzenhausen,2022-08-22 16:00:00,1,,val,arima,0.135,0.044233004055158565
Merzenhausen,2022-08-22 17:00:00,1,,val,arima,0.138,0.044210699513063195
Merzenhausen,2022-08-22 18:00:00,1,,val,arima,0.135,0.04418840621805828
Merzenhausen,2022-08-22 19:00:00,1,,val,arima,0.132,0.04416612416447248
Merzenhausen,2022-08-22 20:00:00,1,,val,arima,0.134,0.04414385334663728
Merzenhausen,2022-08-22 21:00:00,1,,val,arima,0.133,0.04412159375888705
Merzenhausen,2022-08-22 22:00:00,1,,val,arima,0.132,0.04409934539555901
Merzenhausen,2022-08-22 23:00:00,1,,val,arima,0.13,0.044077108250993216
Merzenhausen,2022-08-23 00:00:00,1,,val,arima,0.134,0.04405488231953261
Merzenhausen,2022-08-23 01:00:00,1,,val,arima,0.131,0.04403266759552297
Merzenhausen,2022-08-23 02:00:00,1,,val,arima,0.131,0.044010464073312924
Merzenhausen,2022-08-23 03:00:00,1,,val,arima,0.132,0.04398827174725395
Merzenhausen,2022-08-23 04:00:00,1,,val,arima,0.13,0.04396609061170037
Merzenhausen,2022-08-23 05:00:00,1,,val,arima,0.127,0.04394392066100937
Merzenhausen,2022-08-23 06:00:00,1,,val,arima,0.13,0.043921761889540965
Merzenhausen,2022-08-23 07:00:00,1,,val,arima,0.131,0.04389961429165802
Merzenhausen,2022-08-23 08:00:00,1,,val,arima,0.128,0.043877477861726244
Merzenhausen,2022-08-23 09:00:00,1,,val,arima,0.131,0.04385535259411419
Merzenhausen,2022-08-23 10:00:00,1,,val,arima,0.134,0.04383323848319323
Merzenhausen,2022-08-23 11:00:00,1,,val,arima,0.132,0.043811135523337603
Merzenhausen,2022-08-23 12:00:00,1,,val,arima,0.134,0.04378904370892437
Merzenhausen,2022-08-23 13:00:00,1,,val,arima,0.132,0.043766963034333424
Merzenhausen,2022-08-23 14:00:00,1,,val,arima,0.135,0.0437448934939475
Merzenhausen,2022-08-23 15:00:00,1,,val,arima,0.134,0.04372283508215217
Merzenhausen,2022-08-23 16:00:00,1,,val,arima,0.134,0.04370078779333582
Merzenhausen,2022-08-23 17:00:00,1,,val,arima,0.135,0.04367875162188967
Merzenhausen,2022-08-23 18:00:00,1,,val,arima,0.133,0.04365672656220779
Merzenhausen,2022-08-23 19:00:00,1,,val,arima,0.13,0.04363471260868705
Merzenhausen,2022-08-23 20:00:00,1,,val,arima,0.131,0.04361270975572716
Merzenhausen,2022-08-23 21:00:00,1,,val,arima,0.131,0.04359071799773064
Merzenhausen,2022-08-23 22:00:00,1,,val,arima,0.133,0.04356873732910285
Merzenhausen,2022-08-23 23:00:00,1,,val,arima,0.13,0.043546767744251966
Merzenhausen,2022-08-24 00:00:00,1,,val,arima,0.134,0.04352480923758898
Merzenhausen,2022-08-24 01:00:00,1,,val,arima,0.13,0.0435028618035277
Merzenhausen,2022-08-24 02:00:00,1,,val,arima,0.131,0.043480925436484755
Merzenhausen,2022-08-24 03:00:00,1,,val,arima,0.134,0.04345900013087959
Merzenhausen,2022-08-24 04:00:00,1,,val,arima,0.134,0.04343708588113446
Merzenhausen,2022-08-24 05:00:00,1,,val,arima,0.131,0.043415182681674436
Merzenhausen,2022-08-24 06:00:00,1,,val,arima,0.131,0.043393290526927406
Merzenhausen,2022-08-24 07:00:00,1,,val,arima,0.131,0.043371409411324044
Merzenhausen,2022-08-24 08:00:00,1,,val,arima,0.131,0.043349539329297866
Merzenhausen,2022-08-24 09:00:00,1,,val,arima,0.131,0.04332768027528518
Merzenhausen,2022-08-24 10:00:00,1,,val,arima,0.131,0.04330583224372508
Merzenhausen,2022-08-24 11:00:00,1,,val,arima,0.131,0.04328399522905949
Merzenhausen,2022-08-24 12:00:00,1,,val,arima,0.135,0.04326216922573314
Merzenhausen,2022-08-24 13:00:00,1,,val,arima,0.135,0.04324035422819353
Merzenhausen,2022-08-24 14:00:00,1,,val,arima,0.131,0.043218550230890995
Merzenhausen,2022-08-24 15:00:00,1,,val,arima,0.131,0.04319675722827865
Merzenhausen,2022-08-24 16:00:00,1,,val,arima,0.131,0.04317497521481241
Merzenhausen,2022-08-24 17:00:00,1,,val,arima,0.134,0.04315320418495098
Merzenhausen,2022-08-24 18:00:00,1,,val,arima,0.135,0.043131444133155866
Merzenhausen,2022-08-24 19:00:00,1,,val,arima,0.131,0.043109695053891374
Merzenhausen,2022-08-24 20:00:00,1,,val,arima,0.133,0.04308795694162459
Merzenhausen,2022-08-24 21:00:00,1,,val,arima,0.13,0.04306622979082539
Merzenhausen,2022-08-24 22:00:00,1,,val,arima,0.1365,0.043044513595966435
Merzenhausen,2022-08-24 23:00:00,1,,val,arima,0.13,0.043022808351523195
Merzenhausen,2022-08-25 00:00:00,1,,val,arima,0.13,0.043001114051973904
Merzenhausen,2022-08-25 01:00:00,1,,val,arima,0.131,0.04297943069179958
Merzenhausen,2022-08-25 02:00:00,1,,val,arima,0.127,0.042957758265484036
Merzenhausen,2022-08-25 03:00:00,1,,val,arima,0.129,0.042936096767513865
Merzenhausen,2022-08-25 04:00:00,1,,val,arima,0.131,0.042914446192378435
Merzenhausen,2022-08-25 05:00:00,1,,val,arima,0.133,0.042892806534569894
Merzenhausen,2022-08-25 06:00:00,1,,val,arima,0.128,0.04287117778858316
Merzenhausen,2022-08-25 07:00:00,1,,val,arima,0.128,0.04284955994891594
Merzenhausen,2022-08-25 08:00:00,1,,val,arima,0.128,0.04282795301006872
Merzenhausen,2022-08-25 09:00:00,1,,val,arima,0.13,0.04280635696654474
Merzenhausen,2022-08-25 10:00:00,1,,val,arima,0.13,0.04278477181285001
Merzenhausen,2022-08-25 11:00:00,1,,val,arima,0.128,0.042763197543493336
Merzenhausen,2022-08-25 12:00:00,1,,val,arima,0.131,0.04274163415298628
Merzenhausen,2022-08-25 13:00:00,1,,val,arima,0.127,0.04272008163584316
Merzenhausen,2022-08-25 14:00:00,1,,val,arima,0.127,0.04269853998658108
Merzenhausen,2022-08-25 15:00:00,1,,val,arima,0.131,0.042677009199719895
Merzenhausen,2022-08-25 16:00:00,1,,val,arima,0.131,0.042655489269782215
Merzenhausen,2022-08-25 17:00:00,1,,val,arima,0.131,0.04263398019129344
Merzenhausen,2022-08-25 18:00:00,1,,val,arima,0.129,0.042612481958781714
Merzenhausen,2022-08-25 19:00:00,1,,val,arima,0.129,0.04259099456677794
Merzenhausen,2022-08-25 20:00:00,1,,val,arima,0.133,0.04256951800981576
Merzenhausen,2022-08-25 21:00:00,1,,val,arima,0.128,0.04254805228243162
Merzenhausen,2022-08-25 22:00:00,1,,val,arima,0.13,0.04252659737916468
Merzenhausen,2022-08-25 23:00:00,1,,val,arima,0.13,0.04250515329455687
Merzenhausen,2022-08-26 00:00:00,1,,val,arima,0.13,0.04248372002315286
Merzenhausen,2022-08-26 01:00:00,1,,val,arima,0.128,0.04246229755950008
Merzenhausen,2022-08-26 02:00:00,1,,val,arima,0.127,0.04244088589814873
Merzenhausen,2022-08-26 03:00:00,1,,val,arima,0.127,0.04241948503365171
Merzenhausen,2022-08-26 04:00:00,1,,val,arima,0.129,0.04239809496056472
Merzenhausen,2022-08-26 05:00:00,1,,val,arima,0.129,0.04237671567344616
Merzenhausen,2022-08-26 06:00:00,1,,val,arima,0.129,0.04235534716685721
Merzenhausen,2022-08-26 07:00:00,1,,val,arima,0.129,0.042333989435361756
Merzenhausen,2022-08-26 08:00:00,1,,val,arima,0.129,0.04231264247352645
Merzenhausen,2022-08-26 09:00:00,1,,val,arima,0.127,0.04229130627592069
Merzenhausen,2022-08-26 10:00:00,1,,val,arima,0.128,0.0422699808371166
Merzenhausen,2022-08-26 11:00:00,1,,val,arima,0.128,0.04224866615168903
Merzenhausen,2022-08-26 12:00:00,1,,val,arima,0.131,0.04222736221421558
Merzenhausen,2022-08-26 13:00:00,1,,val,arima,0.132,0.04220606901927659
Merzenhausen,2022-08-26 14:00:00,1,,val,arima,0.131,0.04218478656145512
Merzenhausen,2022-08-26 15:00:00,1,,val,arima,0.133,0.04216351483533697
Merzenhausen,2022-08-26 16:00:00,1,,val,arima,0.133,0.042142253835510665
Merzenhausen,2022-08-26 17:00:00,1,,val,arima,0.128,0.04212100355656746
Merzenhausen,2022-08-26 18:00:00,1,,val,arima,0.13,0.042099763993101336
Merzenhausen,2022-08-26 19:00:00,1,,val,arima,0.127,0.04207853513970901
Merzenhausen,2022-08-26 20:00:00,1,,val,arima,0.129,0.0420573169909899
Merzenhausen,2022-08-26 21:00:00,1,,val,arima,0.128,0.04203610954154617
Merzenhausen,2022-08-26 22:00:00,1,,val,arima,0.127,0.0420149127859827
Merzenhausen,2022-08-26 23:00:00,1,,val,arima,0.125,0.04199372671890708
Merzenhausen,2022-08-27 00:00:00,1,,val,arima,0.13,0.04197255133492965
Merzenhausen,2022-08-27 01:00:00,1,,val,arima,0.136,0.04195138662866342
Merzenhausen,2022-08-27 02:00:00,1,,val,arima,0.129,0.04193023259472416
Merzenhausen,2022-08-27 03:00:00,1,,val,arima,0.126,0.04190908922773033
Merzenhausen,2022-08-27 04:00:00,1,,val,arima,0.126,0.04188795652230311
Merzenhausen,2022-08-27 05:00:00,1,,val,arima,0.128,0.0418668344730664
Merzenhausen,2022-08-27 06:00:00,1,,val,arima,0.125,0.04184572307464679
Merzenhausen,2022-08-27 07:00:00,1,,val,arima,0.124,0.0418246223216736
Merzenhausen,2022-08-27 08:00:00,1,,val,arima,0.126,0.04180353220877886
Merzenhausen,2022-08-27 09:00:00,1,,val,arima,0.127,0.04178245273059729
Merzenhausen,2022-08-27 10:00:00,1,,val,arima,0.128,0.041761383881766326
Merzenhausen,2022-08-27 11:00:00,1,,val,arima,0.129,0.041740325656926106
Merzenhausen,2022-08-27 12:00:00,1,,val,arima,0.128,0.04171927805071947
Merzenhausen,2022-08-27 13:00:00,1,,val,arima,0.129,0.04169824105779196
Merzenhausen,2022-08-27 14:00:00,1,,val,arima,0.129,0.04167721467279181
Merzenhausen,2022-08-27 15:00:00,1,,val,arima,0.123,0.04165619889036998
Merzenhausen,2022-08-27 16:00:00,1,,val,arima,0.127,0.041635193705180096
Merzenhausen,2022-08-27 17:00:00,1,,val,arima,0.129,0.04161419911187849
Merzenhausen,2022-08-27 18:00:00,1,,val,arima,0.129,0.0415932151051242
Merzenhausen,2022-08-27 19:00:00,1,,val,arima,0.126,0.04157224167957893
Merzenhausen,2022-08-27 20:00:00,1,,val,arima,0.1345,0.04155127882990711
Merzenhausen,2022-08-27 21:00:00,1,,val,arima,0.129,0.04153032655077585
Merzenhausen,2022-08-27 22:00:00,1,,val,arima,0.125,0.041509384836854915
Merzenhausen,2022-08-27 23:00:00,1,,val,arima,0.12650001,0.04148845368281681
Merzenhausen,2022-08-28 00:00:00,1,,val,arima,0.126,0.04146753308333669
Merzenhausen,2022-08-28 01:00:00,1,,val,arima,0.128,0.04144662303309242
Merzenhausen,2022-08-28 02:00:00,1,,val,arima,0.127,0.04142572352676452
Merzenhausen,2022-08-28 03:00:00,1,,val,arima,0.129,0.04140483455903622
Merzenhausen,2022-08-28 04:00:00,1,,val,arima,0.126,0.04138395612459342
Merzenhausen,2022-08-28 05:00:00,1,,val,arima,0.129,0.041363088218124684
Merzenhausen,2022-08-28 06:00:00,1,,val,arima,0.125,0.041342230834321286
Merzenhausen,2022-08-28 07:00:00,1,,val,arima,0.128,0.04132138396787715
Merzenhausen,2022-08-28 08:00:00,1,,val,arima,0.125,0.04130054761348889
Merzenhausen,2022-08-28 09:00:00,1,,val,arima,0.128,0.04127972176585579
Merzenhausen,2022-08-28 10:00:00,1,,val,arima,0.129,0.0412589064196798
Merzenhausen,2022-08-28 11:00:00,1,,val,arima,0.127,0.041238101569665564
Merzenhausen,2022-08-28 12:00:00,1,,val,arima,0.122999996,0.04121730721052037
Merzenhausen,2022-08-28 13:00:00,1,,val,arima,0.129,0.041196523336954186
Merzenhausen,2022-08-28 14:00:00,1,,val,arima,0.132,0.041175749943679646
Merzenhausen,2022-08-28 15:00:00,1,,val,arima,0.128,0.04115498702541205
Merzenhausen,2022-08-28 16:00:00,1,,val,arima,0.128,0.04113423457686937
Merzenhausen,2022-08-28 17:00:00,1,,val,arima,0.13,0.041113492592772236
Merzenhausen,2022-08-28 18:00:00,1,,val,arima,0.127,0.04109276106784393
Merzenhausen,2022-08-28 19:00:00,1,,val,arima,0.127,0.04107203999681041
Merzenhausen,2022-08-28 20:00:00,1,,val,arima,0.13,0.04105132937440029
Merzenhausen,2022-08-28 21:00:00,1,,val,arima,0.128,0.04103062919534484
Merzenhausen,2022-08-28 22:00:00,1,,val,arima,0.144,0.04100993945437798
Merzenhausen,2022-08-28 23:00:00,1,,val,arima,0.127,0.0409892601462363
Merzenhausen,2022-08-29 00:00:00,1,,val,arima,0.125,0.04096859126565903
Merzenhausen,2022-08-29 01:00:00,1,,val,arima,0.129,0.040947932807388066
Merzenhausen,2022-08-29 02:00:00,1,,val,arima,0.126,0.04092728476616794
Merzenhausen,2022-08-29 03:00:00,1,,val,arima,0.128,0.04090664713674585
Merzenhausen,2022-08-29 04:00:00,1,,val,arima,0.125,0.04088601991387163
Merzenhausen,2022-08-29 05:00:00,1,,val,arima,0.128,0.04086540309229776
Merzenhausen,2022-08-29 06:00:00,1,,val,arima,0.129,0.040844796666779384
Merzenhausen,2022-08-29 07:00:00,1,,val,arima,0.125,0.04082420063207428
Merzenhausen,2022-08-29 08:00:00,1,,val,arima,0.125,0.04080361498294286
Merzenhausen,2022-08-29 09:00:00,1,,val,arima,0.125,0.04078303971414819
Merzenhausen,2022-08-29 10:00:00,1,,val,arima,0.125,0.04076247482045598
Merzenhausen,2022-08-29 11:00:00,1,,val,arima,0.128,0.040741920296634565
Merzenhausen,2022-08-29 12:00:00,1,,val,arima,0.124,0.040721376137454926
Merzenhausen,2022-08-29 13:00:00,1,,val,arima,0.126,0.04070084233769069
Merzenhausen,2022-08-29 14:00:00,1,,val,arima,0.125,0.040680318892118095
Merzenhausen,2022-08-29 15:00:00,1,,val,arima,0.127,0.04065980579551604
Merzenhausen,2022-08-29 16:00:00,1,,val,arima,0.127,0.040639303042666046
Merzenhausen,2022-08-29 17:00:00,1,,val,arima,0.127,0.04061881062835226
Merzenhausen,2022-08-29 18:00:00,1,,val,arima,0.125,0.04059832854736146
Merzenhausen,2022-08-29 19:00:00,1,,val,arima,0.129,0.04057785679448306
Merzenhausen,2022-08-29 20:00:00,1,,val,arima,0.126,0.0405573953645091
Merzenhausen,2022-08-29 21:00:00,1,,val,arima,0.124,0.04053694425223424
Merzenhausen,2022-08-29 22:00:00,1,,val,arima,0.128,0.04051650345245576
Merzenhausen,2022-08-29 23:00:00,1,,val,arima,0.125,0.040496072959973595
Merzenhausen,2022-08-30 00:00:00,1,,val,arima,0.127,0.04047565276959027
Merzenhausen,2022-08-30 01:00:00,1,,val,arima,0.126,0.04045524287611092
Merzenhausen,2022-08-30 02:00:00,1,,val,arima,0.126,0.04043484327434335
Merzenhausen,2022-08-30 03:00:00,1,,val,arima,0.125,0.04041445395909793
Merzenhausen,2022-08-30 04:00:00,1,,val,arima,0.125,0.04039407492518768
Merzenhausen,2022-08-30 05:00:00,1,,val,arima,0.127,0.040373706167428226
Merzenhausen,2022-08-30 06:00:00,1,,val,arima,0.125,0.0403533476806378
Merzenhausen,2022-08-30 07:00:00,1,,val,arima,0.127,0.04033299945963727
Merzenhausen,2022-08-30 08:00:00,1,,val,arima,0.125,0.04031266149925007
Merzenhausen,2022-08-30 09:00:00,1,,val,arima,0.124,0.040292333794302304
Merzenhausen,2022-08-30 10:00:00,1,,val,arima,0.122,0.04027201633962264
Merzenhausen,2022-08-30 11:00:00,1,,val,arima,0.125,0.040251709130042376
Merzenhausen,2022-08-30 12:00:00,1,,val,arima,0.126,0.04023141216039541
Merzenhausen,2022-08-30 13:00:00,1,,val,arima,0.126,0.04021112542551824
Merzenhausen,2022-08-30 14:00:00,1,,val,arima,0.126,0.04019084892024997
Merzenhausen,2022-08-30 15:00:00,1,,val,arima,0.129,0.04017058263943231
Merzenhausen,2022-08-30 16:00:00,1,,val,arima,0.127,0.04015032657790957
Merzenhausen,2022-08-30 17:00:00,1,,val,arima,0.129,0.04013008073052865
Merzenhausen,2022-08-30 18:00:00,1,,val,arima,0.125,0.04010984509213908
Merzenhausen,2022-08-30 19:00:00,1,,val,arima,0.126,0.040089619657592945
Merzenhausen,2022-08-30 20:00:00,1,,val,arima,0.128,0.04006940442174495
Merzenhausen,2022-08-30 21:00:00,1,,val,arima,0.125,0.040049199379452394
Merzenhausen,2022-08-30 22:00:00,1,,val,arima,0.127,0.04002900452557516
Merzenhausen,2022-08-30 23:00:00,1,,val,arima,0.125,0.04000881985497573
Merzenhausen,2022-08-31 00:00:00,1,,val,arima,0.125,0.03998864536251917
Merzenhausen,2022-08-31 01:00:00,1,,val,arima,0.122,0.039968481043073156
Merzenhausen,2022-08-31 02:00:00,1,,val,arima,0.126,0.039948326891507915
Merzenhausen,2022-08-31 03:00:00,1,,val,arima,0.126,0.0399281829026963
Merzenhausen,2022-08-31 04:00:00,1,,val,arima,0.128,0.03990804907151371
Merzenhausen,2022-08-31 05:00:00,1,,val,arima,0.124,0.039887925392838176
Merzenhausen,2022-08-31 06:00:00,1,,val,arima,0.124,0.039867811861550265
Merzenhausen,2022-08-31 07:00:00,1,,val,arima,0.124,0.03984770847253315
Merzenhausen,2022-08-31 08:00:00,1,,val,arima,0.126,0.03982761522067258
Merzenhausen,2022-08-31 09:00:00,1,,val,arima,0.125,0.039807532100856885
Merzenhausen,2022-08-31 10:00:00,1,,val,arima,0.12900001,0.03978745910797697
Merzenhausen,2022-08-31 11:00:00,1,,val,arima,0.126,0.03976739623692631
Merzenhausen,2022-08-31 12:00:00,1,,val,arima,0.125,0.03974734348260097
Merzenhausen,2022-08-31 13:00:00,1,,val,arima,0.125,0.039727300839899574
Merzenhausen,2022-08-31 14:00:00,1,,val,arima,0.122,0.03970726830372333
Merzenhausen,2022-08-31 15:00:00,1,,val,arima,0.13,0.039687245868976
Merzenhausen,2022-08-31 16:00:00,1,,val,arima,0.13,0.039667233530563936
Merzenhausen,2022-08-31 17:00:00,1,,val,arima,0.126,0.03964723128339605
Merzenhausen,2022-08-31 18:00:00,1,,val,arima,0.128,0.03962723912238381
Merzenhausen,2022-08-31 19:00:00,1,,val,arima,0.127,0.03960725704244128
Merzenhausen,2022-08-31 20:00:00,1,,val,arima,0.129,0.03958728503848505
Merzenhausen,2022-08-31 21:00:00,1,,val,arima,0.126,0.0395673231054343
Merzenhausen,2022-08-31 22:00:00,1,,val,arima,0.128,0.03954737123821077
Merzenhausen,2022-08-31 23:00:00,1,,val,arima,0.127,0.039527429431738745
Merzenhausen,2022-09-01 00:00:00,1,,val,arima,0.1185,0.03950749768094509
Merzenhausen,2022-09-01 01:00:00,1,,val,arima,0.1295,0.039487575980759214
Merzenhausen,2022-09-01 02:00:00,1,,val,arima,0.126,0.03946766432611308
Merzenhausen,2022-09-01 03:00:00,1,,val,arima,0.128,0.039447762711941226
Merzenhausen,2022-09-01 04:00:00,1,,val,arima,0.124,0.03942787113318072
Merzenhausen,2022-09-01 05:00:00,1,,val,arima,0.124,0.0394079895847712
Merzenhausen,2022-09-01 06:00:00,1,,val,arima,0.127,0.03938811806165485
Merzenhausen,2022-09-01 07:00:00,1,,val,arima,0.127,0.039368256558776404
Merzenhausen,2022-09-01 08:00:00,1,,val,arima,0.124,0.03934840507108315
Merzenhausen,2022-09-01 09:00:00,1,,val,arima,0.126,0.03932856359352491
Merzenhausen,2022-09-01 10:00:00,1,,val,arima,0.125,0.03930873212105407
Merzenhausen,2022-09-01 11:00:00,1,,val,arima,0.123,0.03928891064862555
Merzenhausen,2022-09-01 12:00:00,1,,val,arima,0.128,0.03926909917119682
Merzenhausen,2022-09-01 13:00:00,1,,val,arima,0.134,0.039249297683727896
Merzenhausen,2022-09-01 14:00:00,1,,val,arima,0.128,0.03922950618118131
Merzenhausen,2022-09-01 15:00:00,1,,val,arima,0.13,0.03920972465852217
Merzenhausen,2022-09-01 16:00:00,1,,val,arima,0.126,0.0391899531107181
Merzenhausen,2022-09-01 17:00:00,1,,val,arima,0.126,0.039170191532739276
Merzenhausen,2022-09-01 18:00:00,1,,val,arima,0.1345,0.0391504399195584
Merzenhausen,2022-09-01 19:00:00,1,,val,arima,0.129,0.0391306982661507
Merzenhausen,2022-09-01 20:00:00,1,,val,arima,0.129,0.03911096656749396
Merzenhausen,2022-09-01 21:00:00,1,,val,arima,0.126,0.03909124481856848
Merzenhausen,2022-09-01 22:00:00,1,,val,arima,0.128,0.039071533014357104
Merzenhausen,2022-09-01 23:00:00,1,,val,arima,0.127,0.039051831149845194
Merzenhausen,2022-09-02 00:00:00,1,,val,arima,0.125,0.03903213922002065
Merzenhausen,2022-09-02 01:00:00,1,,val,arima,0.125,0.03901245721987388
Merzenhausen,2022-09-02 02:00:00,1,,val,arima,0.126,0.03899278514439785
Merzenhausen,2022-09-02 03:00:00,1,,val,arima,0.124,0.03897312298858803
Merzenhausen,2022-09-02 04:00:00,1,,val,arima,0.124,0.03895347074744241
Merzenhausen,2022-09-02 05:00:00,1,,val,arima,0.125,0.03893382841596151
Merzenhausen,2022-09-02 06:00:00,1,,val,arima,0.123,0.03891419598914838
Merzenhausen,2022-09-02 07:00:00,1,,val,arima,0.125,0.03889457346200857
Merzenhausen,2022-09-02 08:00:00,1,,val,arima,0.126,0.038874960829550165
Merzenhausen,2022-09-02 09:00:00,1,,val,arima,0.125,0.03885535808678375
Merzenhausen,2022-09-02 10:00:00,1,,val,arima,0.128,0.03883576522872246
Merzenhausen,2022-09-02 11:00:00,1,,val,arima,0.125,0.0388161822503819
Merzenhausen,2022-09-02 12:00:00,1,,val,arima,0.126,0.038796609146780216
Merzenhausen,2022-09-02 13:00:00,1,,val,arima,0.127,0.038777045912938055
Merzenhausen,2022-09-02 14:00:00,1,,val,arima,0.127,0.03875749254387859
Merzenhausen,2022-09-02 15:00:00,1,,val,arima,0.132,0.03873794903462749
Merzenhausen,2022-09-02 16:00:00,1,,val,arima,0.123500004,0.03871841538021292
Merzenhausen,2022-09-02 17:00:00,1,,val,arima,0.127,0.0386988915756656
Merzenhausen,2022-09-02 18:00:00,1,,val,arima,0.131,0.038679377616018695
Merzenhausen,2022-09-02 19:00:00,1,,val,arima,0.13,0.03865987349630791
Merzenhausen,2022-09-02 20:00:00,1,,val,arima,0.13499999,0.03864037921157145
Merzenhausen,2022-09-02 21:00:00,1,,val,arima,0.1205,0.038620894756850016
Merzenhausen,2022-09-02 22:00:00,1,,val,arima,0.129,0.038601420127186814
Merzenhausen,2022-09-02 23:00:00,1,,val,arima,0.126,0.03858195531762755
Merzenhausen,2022-09-03 00:00:00,1,,val,arima,0.135,0.038562500323220415
Merzenhausen,2022-09-03 01:00:00,1,,val,arima,0.125,0.03854305513901611
Merzenhausen,2022-09-03 02:00:00,1,,val,arima,0.125,0.03852361976006784
Merzenhausen,2022-09-03 03:00:00,1,,val,arima,0.126,0.03850419418143128
Merzenhausen,2022-09-03 04:00:00,1,,val,arima,0.124,0.038484778398164624
Merzenhausen,2022-09-03 05:00:00,1,,val,arima,0.125,0.03846537240532853
Merzenhausen,2022-09-03 06:00:00,1,,val,arima,0.125,0.03844597619798618
Merzenhausen,2022-09-03 07:00:00,1,,val,arima,0.123,0.03842658977120322
Merzenhausen,2022-09-03 08:00:00,1,,val,arima,0.124,0.038407213120047794
Merzenhausen,2022-09-03 09:00:00,1,,val,arima,0.127,0.038387846239590524
Merzenhausen,2022-09-03 10:00:00,1,,val,arima,0.124,0.03836848912490453
Merzenhausen,2022-09-03 11:00:00,1,,val,arima,0.129,0.03834914177106541
Merzenhausen,2022-09-03 12:00:00,1,,val,arima,0.123,0.038329804173151245
Merzenhausen,2022-09-03 13:00:00,1,,val,arima,0.129,0.038310476326242605
Merzenhausen,2022-09-03 14:00:00,1,,val,arima,0.129,0.03829115822542253
Merzenhausen,2022-09-03 15:00:00,1,,val,arima,0.127,0.03827184986577653
Merzenhausen,2022-09-03 16:00:00,1,,val,arima,0.129,0.03825255124239263
Merzenhausen,2022-09-03 17:00:00,1,,val,arima,0.125,0.0382332623503613
Merzenhausen,2022-09-03 18:00:00,1,,val,arima,0.129,0.038213983184775493
Merzenhausen,2022-09-03 19:00:00,1,,val,arima,0.126,0.038194713740730635
Merzenhausen,2022-09-03 20:00:00,1,,val,arima,0.128,0.03817545401332463
Merzenhausen,2022-09-03 21:00:00,1,,val,arima,0.125,0.03815620399765786
Merzenhausen,2022-09-03 22:00:00,1,,val,arima,0.13499999,0.03813696368883315
Merzenhausen,2022-09-03 23:00:00,1,,val,arima,0.125,0.038117733081955846
Merzenhausen,2022-09-04 00:00:00,1,,val,arima,0.126,0.0380985121721337
Merzenhausen,2022-09-04 01:00:00,1,,val,arima,0.124,0.03807930095447697
Merzenhausen,2022-09-04 02:00:00,1,,val,arima,0.13350001,0.03806009942409838
Merzenhausen,2022-09-04 03:00:00,1,,val,arima,0.123,0.0380409075761131
Merzenhausen,2022-09-04 04:00:00,1,,val,arima,0.125,0.03802172540563877
Merzenhausen,2022-09-04 05:00:00,1,,val,arima,0.125,0.0380025529077955
Merzenhausen,2022-09-04 06:00:00,1,,val,arima,0.126,0.03798339007770586
Merzenhausen,2022-09-04 07:00:00,1,,val,arima,0.126,0.03796423691049486
Merzenhausen,2022-09-04 08:00:00,1,,val,arima,0.125,0.03794509340128999
Merzenhausen,2022-09-04 09:00:00,1,,val,arima,0.123,0.03792595954522119
Merzenhausen,2022-09-04 10:00:00,1,,val,arima,0.133,0.037906835337420855
Merzenhausen,2022-09-04 11:00:00,1,,val,arima,0.125,0.03788772077302384
Merzenhausen,2022-09-04 12:00:00,1,,val,arima,0.126,0.03786861584716744
Merzenhausen,2022-09-04 13:00:00,1,,val,arima,0.129,0.03784952055499141
Merzenhausen,2022-09-04 14:00:00,1,,val,arima,0.127,0.03783043489163796
Merzenhausen,2022-09-04 15:00:00,1,,val,arima,0.128,0.037811358852251745
Merzenhausen,2022-09-04 16:00:00,1,,val,arima,0.128,0.03779229243197987
Merzenhausen,2022-09-04 17:00:00,1,,val,arima,0.1315,0.03777323562597188
Merzenhausen,2022-09-04 18:00:00,1,,val,arima,0.127,0.037754188429379776
Merzenhausen,2022-09-04 19:00:00,1,,val,arima,0.126,0.037735150837358
Merzenhausen,2022-09-04 20:00:00,1,,val,arima,0.124,0.03771612284506343
Merzenhausen,2022-09-04 21:00:00,1,,val,arima,0.128,0.037697104447655394
Merzenhausen,2022-09-04 22:00:00,1,,val,arima,0.125,0.03767809564029567
Merzenhausen,2022-09-04 23:00:00,1,,val,arima,0.206,0.037659096418148456
Merzenhausen,2022-09-05 00:00:00,1,,val,arima,0.216,0.037640106776380404
Merzenhausen,2022-09-05 01:00:00,1,,val,arima,0.239,0.03762112671016059
Merzenhausen,2022-09-05 02:00:00,1,,val,arima,0.24,0.03760215621466054
Merzenhausen,2022-09-05 03:00:00,1,,val,arima,0.238,0.0375831952850542
Merzenhausen,2022-09-05 04:00:00,1,,val,arima,0.238,0.03756424391651796
Merzenhausen,2022-09-05 05:00:00,1,,val,arima,0.234,0.03754530210423065
Merzenhausen,2022-09-05 06:00:00,1,,val,arima,0.233,0.0375263698433735
Merzenhausen,2022-09-05 07:00:00,1,,val,arima,0.233,0.03750744712913021
Merzenhausen,2022-09-05 08:00:00,1,,val,arima,0.234,0.03748853395668689
Merzenhausen,2022-09-05 09:00:00,1,,val,arima,0.232,0.03746963032123205
Merzenhausen,2022-09-05 10:00:00,1,,val,arima,0.235,0.037450736217956686
Merzenhausen,2022-09-05 11:00:00,1,,val,arima,0.238,0.03743185164205416
Merzenhausen,2022-09-05 12:00:00,1,,val,arima,0.238,0.0374129765887203
Merzenhausen,2022-09-05 13:00:00,1,,val,arima,0.235,0.03739411105315334
Merzenhausen,2022-09-05 14:00:00,1,,val,arima,0.238,0.03737525503055392
Merzenhausen,2022-09-05 15:00:00,1,,val,arima,0.235,0.03735640851612512
Merzenhausen,2022-09-05 16:00:00,1,,val,arima,0.235,0.037337571505072456
Merzenhausen,2022-09-05 17:00:00,1,,val,arima,0.236,0.03731874399260381
Merzenhausen,2022-09-05 18:00:00,1,,val,arima,0.233,0.03729992597392953
Merzenhausen,2022-09-05 19:00:00,1,,val,arima,0.233,0.03728111744426235
Merzenhausen,2022-09-05 20:00:00,1,,val,arima,0.233,0.03726231839881744
Merzenhausen,2022-09-05 21:00:00,1,,val,arima,0.232,0.03724352883281235
Merzenhausen,2022-09-05 22:00:00,1,,val,arima,0.232,0.03722474874146708
Merzenhausen,2022-09-05 23:00:00,1,,val,arima,0.232,0.03720597812000401
Merzenhausen,2022-09-06 00:00:00,1,,val,arima,0.231,0.03718721696364795
Merzenhausen,2022-09-06 01:00:00,1,,val,arima,0.23,0.0371684652676261
Merzenhausen,2022-09-06 02:00:00,1,,val,arima,0.24649999,0.03714972302716808
Merzenhausen,2022-09-06 03:00:00,1,,val,arima,0.229,0.03713099023750592
Merzenhausen,2022-09-06 04:00:00,1,,val,arima,0.227,0.037112266893874035
Merzenhausen,2022-09-06 05:00:00,1,,val,arima,0.229,0.03709355299150925
Merzenhausen,2022-09-06 06:00:00,1,,val,arima,0.234,0.03707484852565081
Merzenhausen,2022-09-06 07:00:00,1,,val,arima,0.286,0.03705615349154033
Merzenhausen,2022-09-06 08:00:00,1,,val,arima,0.301,0.03703746788442186
Merzenhausen,2022-09-06 09:00:00,1,,val,arima,0.303,0.03701879169954181
Merzenhausen,2022-09-06 10:00:00,1,,val,arima,0.301,0.037000124932149006
Merzenhausen,2022-09-06 11:00:00,1,,val,arima,0.3,0.03698146757749468
Merzenhausen,2022-09-06 12:00:00,1,,val,arima,0.298,0.03696281963083245
Merzenhausen,2022-09-06 13:00:00,1,,val,arima,0.298,0.036944181087418315
Merzenhausen,2022-09-06 14:00:00,1,,val,arima,0.295,0.03692555194251068
Merzenhausen,2022-09-06 15:00:00,1,,val,arima,0.293,0.03690693219137034
Merzenhausen,2022-09-06 16:00:00,1,,val,arima,0.291,0.03688832182926048
Merzenhausen,2022-09-06 17:00:00,1,,val,arima,0.291,0.036869720851446665
Merzenhausen,2022-09-06 18:00:00,1,,val,arima,0.288,0.03685112925319685
Merzenhausen,2022-09-06 19:00:00,1,,val,arima,0.288,0.03683254702978139
Merzenhausen,2022-09-06 20:00:00,1,,val,arima,0.289,0.036813974176473
Merzenhausen,2022-09-06 21:00:00,1,,val,arima,0.287,0.03679541068854682
Merzenhausen,2022-09-06 22:00:00,1,,val,arima,0.285,0.03677685656128031
Merzenhausen,2022-09-06 23:00:00,1,,val,arima,0.287,0.03675831178995337
Merzenhausen,2022-09-07 00:00:00,1,,val,arima,0.284,0.03673977636984825
Merzenhausen,2022-09-07 01:00:00,1,,val,arima,0.285,0.036721250296249584
Merzenhausen,2022-09-07 02:00:00,1,,val,arima,0.284,0.03670273356444439
Merzenhausen,2022-09-07 03:00:00,1,,val,arima,0.285,0.036684226169722056
Merzenhausen,2022-09-07 04:00:00,1,,val,arima,0.282,0.03666572810737435
Merzenhausen,2022-09-07 05:00:00,1,,val,arima,0.282,0.0366472393726954
Merzenhausen,2022-09-07 06:00:00,1,,val,arima,0.283,0.036628759960981735
Merzenhausen,2022-09-07 07:00:00,1,,val,arima,0.279,0.03661028986753223
Merzenhausen,2022-09-07 08:00:00,1,,val,arima,0.28,0.036591829087648145
Merzenhausen,2022-09-07 09:00:00,1,,val,arima,0.28,0.036573377616633096
Merzenhausen,2022-09-07 10:00:00,1,,val,arima,0.279,0.03655493544979308
Merzenhausen,2022-09-07 11:00:00,1,,val,arima,0.28,0.03653650258243646
Merzenhausen,2022-09-07 12:00:00,1,,val,arima,0.279,0.03651807900987396
Merzenhausen,2022-09-07 13:00:00,1,,val,arima,0.279,0.03649966472741866
Merzenhausen,2022-09-07 14:00:00,1,,val,arima,0.279,0.036481259730386024
Merzenhausen,2022-09-07 15:00:00,1,,val,arima,0.279,0.03646286401409386
Merzenhausen,2022-09-07 16:00:00,1,,val,arima,0.276,0.036444477573862356
Merzenhausen,2022-09-07 17:00:00,1,,val,arima,0.279,0.03642610040501404
Merzenhausen,2022-09-07 18:00:00,1,,val,arima,0.277,0.036407732502873796
Merzenhausen,2022-09-07 19:00:00,1,,val,arima,0.277,0.03638937386276889
Merzenhausen,2022-09-07 20:00:00,1,,val,arima,0.277,0.03637102448002892
Merzenhausen,2022-09-07 21:00:00,1,,val,arima,0.278,0.03635268434998587
Merzenhausen,2022-09-07 22:00:00,1,,val,arima,0.275,0.036334353467974034
Merzenhausen,2022-09-07 23:00:00,1,,val,arima,0.274,0.03631603182933009
Merzenhausen,2022-09-08 00:00:00,1,,val,arima,0.275,0.03629771942939307
Merzenhausen,2022-09-08 01:00:00,1,,val,arima,0.272,0.036279416263504324
Merzenhausen,2022-09-08 02:00:00,1,,val,arima,0.273,0.03626112232700759
Merzenhausen,2022-09-08 03:00:00,1,,val,arima,0.276,0.03624283761524893
Merzenhausen,2022-09-08 04:00:00,1,,val,arima,0.272,0.03622456212357676
Merzenhausen,2022-09-08 05:00:00,1,,val,arima,0.273,0.03620629584734184
Merzenhausen,2022-09-08 06:00:00,1,,val,arima,0.273,0.03618803878189728
Merzenhausen,2022-09-08 07:00:00,1,,val,arima,0.27,0.03616979092259852
Merzenhausen,2022-09-08 08:00:00,1,,val,arima,0.27,0.03615155226480336
Merzenhausen,2022-09-08 09:00:00,1,,val,arima,0.269,0.03613332280387193
Merzenhausen,2022-09-08 10:00:00,1,,val,arima,0.269,0.0361151025351667
Merzenhausen,2022-09-08 11:00:00,1,,val,arima,0.269,0.036096891454052475
Merzenhausen,2022-09-08 12:00:00,1,,val,arima,0.273,0.0360786895558964
Merzenhausen,2022-09-08 13:00:00,1,,val,arima,0.275,0.03606049683606797
Merzenhausen,2022-09-08 14:00:00,1,,val,arima,0.278,0.036042313289938996
Merzenhausen,2022-09-08 15:00:00,1,,val,arima,0.28,0.03602413891288363
Merzenhausen,2022-09-08 16:00:00,1,,val,arima,0.28,0.03600597370027835
Merzenhausen,2022-09-08 17:00:00,1,,val,arima,0.287,0.03598781764750199
Merzenhausen,2022-09-08 18:00:00,1,,val,arima,0.287,0.03596967074993567
Merzenhausen,2022-09-08 19:00:00,1,,val,arima,0.29,0.03595153300296289
Merzenhausen,2022-09-08 20:00:00,1,,val,arima,0.291,0.03593340440196943
Merzenhausen,2022-09-08 21:00:00,1,,val,arima,0.291,0.03591528494234344
Merzenhausen,2022-09-08 22:00:00,1,,val,arima,0.288,0.035897174619475364
Merzenhausen,2022-09-08 23:00:00,1,,val,arima,0.289,0.035879073428757985
Merzenhausen,2022-09-09 00:00:00,1,,val,arima,0.29,0.0358609813655864
Merzenhausen,2022-09-09 01:00:00,1,,val,arima,0.289,0.035842898425358045
Merzenhausen,2022-09-09 02:00:00,1,,val,arima,0.286,0.03582482460347266
Merzenhausen,2022-09-09 03:00:00,1,,val,arima,0.286,0.0358067598953323
Merzenhausen,2022-09-09 04:00:00,1,,val,arima,0.289,0.035788704296341366
Merzenhausen,2022-09-09 05:00:00,1,,val,arima,0.286,0.03577065780190655
Merzenhausen,2022-09-09 06:00:00,1,,val,arima,0.287,0.03575262040743687
Merzenhausen,2022-09-09 07:00:00,1,,val,arima,0.287,0.03573459210834366
Merzenhausen,2022-09-09 08:00:00,1,,val,arima,0.287,0.035716572900040565
Merzenhausen,2022-09-09 09:00:00,1,,val,arima,0.287,0.035698562777943546
Merzenhausen,2022-09-09 10:00:00,1,,val,arima,0.286,0.03568056173747087
Merzenhausen,2022-09-09 11:00:00,1,,val,arima,0.286,0.03566256977404312
Merzenhausen,2022-09-09 12:00:00,1,,val,arima,0.287,0.03564458688308318
Merzenhausen,2022-09-09 13:00:00,1,,val,arima,0.286,0.03562661306001626
Merzenhausen,2022-09-09 14:00:00,1,,val,arima,0.286,0.03560864830026985
Merzenhausen,2022-09-09 15:00:00,1,,val,arima,0.283,0.03559069259927378
Merzenhausen,2022-09-09 16:00:00,1,,val,arima,0.28149998,0.03557274595246014
Merzenhausen,2022-09-09 17:00:00,1,,val,arima,0.286,0.03555480835526337
Merzenhausen,2022-09-09 18:00:00,1,,val,arima,0.284,0.035536879803120175
Merzenhausen,2022-09-09 19:00:00,1,,val,arima,0.283,0.03551896029146959
Merzenhausen,2022-09-09 20:00:00,1,,val,arima,0.281,0.03550104981575292
Merzenhausen,2022-09-09 21:00:00,1,,val,arima,0.284,0.0354831483714138
Merzenhausen,2022-09-09 22:00:00,1,,val,arima,0.282,0.03546525595389815
Merzenhausen,2022-09-09 23:00:00,1,,val,arima,0.282,0.03544737255865417
Merzenhausen,2022-09-10 00:00:00,1,,val,arima,0.279,0.03542949818113238
Merzenhausen,2022-09-10 01:00:00,1,,val,arima,0.282,0.035411632816785575
Merzenhausen,2022-09-10 02:00:00,1,,val,arima,0.279,0.03539377646106885
Merzenhausen,2022-09-10 03:00:00,1,,val,arima,0.277,0.03537592910943961
Merzenhausen,2022-09-10 04:00:00,1,,val,arima,0.275,0.03535809075735752
Merzenhausen,2022-09-10 05:00:00,1,,val,arima,0.277,0.03534026140028455
Merzenhausen,2022-09-10 06:00:00,1,,val,arima,0.274,0.035322441033684954
Merzenhausen,2022-09-10 07:00:00,1,,val,arima,0.275,0.03530462965302529
Merzenhausen,2022-09-10 08:00:00,1,,val,arima,0.274,0.03528682725377437
Merzenhausen,2022-09-10 09:00:00,1,,val,arima,0.274,0.03526903383140331
Merzenhausen,2022-09-10 10:00:00,1,,val,arima,0.274,0.03525124938138552
Merzenhausen,2022-09-10 11:00:00,1,,val,arima,0.274,0.03523347389919668
Merzenhausen,2022-09-10 12:00:00,1,,val,arima,0.274,0.03521570738031474
Merzenhausen,2022-09-10 13:00:00,1,,val,arima,0.276,0.03519794982021995
Merzenhausen,2022-09-10 14:00:00,1,,val,arima,0.276,0.03518020121439483
Merzenhausen,2022-09-10 15:00:00,1,,val,arima,0.276,0.03516246155832418
Merzenhausen,2022-09-10 16:00:00,1,,val,arima,0.277,0.03514473084749507
Merzenhausen,2022-09-10 17:00:00,1,,val,arima,0.273,0.03512700907739687
Merzenhausen,2022-09-10 18:00:00,1,,val,arima,0.274,0.03510929624352119
Merzenhausen,2022-09-10 19:00:00,1,,val,arima,0.274,0.03509159234136193
Merzenhausen,2022-09-10 20:00:00,1,,val,arima,0.271,0.035073897366415266
Merzenhausen,2022-09-10 21:00:00,1,,val,arima,0.272,0.035056211314179644
Merzenhausen,2022-09-10 22:00:00,1,,val,arima,0.271,0.035038534180155775
Merzenhausen,2022-09-10 23:00:00,1,,val,arima,0.268,0.03502086595984664
Merzenhausen,2022-09-11 00:00:00,1,,val,arima,0.27,0.03500320664875749
Merzenhausen,2022-09-11 01:00:00,1,,val,arima,0.269,0.034985556242395834
Merzenhausen,2022-09-11 02:00:00,1,,val,arima,0.27,0.034967914736271456
Merzenhausen,2022-09-11 03:00:00,1,,val,arima,0.27,0.034950282125896404
Merzenhausen,2022-09-11 04:00:00,1,,val,arima,0.267,0.034932658406784986
Merzenhausen,2022-09-11 05:00:00,1,,val,arima,0.269,0.034915043574453776
Merzenhausen,2022-09-11 06:00:00,1,,val,arima,0.269,0.0348974376244216
Merzenhausen,2022-09-11 07:00:00,1,,val,arima,0.27,0.03487984055220955
Merzenhausen,2022-09-11 08:00:00,1,,val,arima,0.27,0.03486225235334098
Merzenhausen,2022-09-11 09:00:00,1,,val,arima,0.269,0.03484467302334148
Merzenhausen,2022-09-11 10:00:00,1,,val,arima,0.266,0.03482710255773893
Merzenhausen,2022-09-11 11:00:00,1,,val,arima,0.269,0.03480954095206344
Merzenhausen,2022-09-11 12:00:00,1,,val,arima,0.269,0.03479198820184738
Merzenhausen,2022-09-11 13:00:00,1,,val,arima,0.268,0.034774444302625385
Merzenhausen,2022-09-11 14:00:00,1,,val,arima,0.269,0.034756909249934326
Merzenhausen,2022-09-11 15:00:00,1,,val,arima,0.269,0.03473938303931332
Merzenhausen,2022-09-11 16:00:00,1,,val,arima,0.266,0.03472186566630376
Merzenhausen,2022-09-11 17:00:00,1,,val,arima,0.266,0.03470435712644926
Merzenhausen,2022-09-11 18:00:00,1,,val,arima,0.269,0.034686857415295695
Merzenhausen,2022-09-11 19:00:00,1,,val,arima,0.265,0.03466936652839118
Merzenhausen,2022-09-11 20:00:00,1,,val,arima,0.269,0.03465188446128608
Merzenhausen,2022-09-11 21:00:00,1,,val,arima,0.271,0.034634411209533
Merzenhausen,2022-09-11 22:00:00,1,,val,arima,0.274,0.03461694676868679
Merzenhausen,2022-09-11 23:00:00,1,,val,arima,0.274,0.034599491134304536
Merzenhausen,2022-09-12 00:00:00,1,,val,arima,0.274,0.03458204430194557
Merzenhausen,2022-09-12 01:00:00,1,,val,arima,0.277,0.03456460626717147
Merzenhausen,2022-09-12 02:00:00,1,,val,arima,0.278,0.034547177025546036
Merzenhausen,2022-09-12 03:00:00,1,,val,arima,0.281,0.034529756572635316
Merzenhausen,2022-09-12 04:00:00,1,,val,arima,0.285,0.03451234490400759
Merzenhausen,2022-09-12 05:00:00,1,,val,arima,0.287,0.03449494201523337
Merzenhausen,2022-09-12 06:00:00,1,,val,arima,0.291,0.03447754790188541
Merzenhausen,2022-09-12 07:00:00,1,,val,arima,0.3625,0.03446016255953869
Merzenhausen,2022-09-12 08:00:00,1,,val,arima,0.37,0.034442785983770416
Merzenhausen,2022-09-12 09:00:00,1,,val,arima,0.363,0.03442541817016004
Merzenhausen,2022-09-12 10:00:00,1,,val,arima,0.363,0.034408059114289236
Merzenhausen,2022-09-12 11:00:00,1,,val,arima,0.364,0.03439070881174189
Merzenhausen,2022-09-12 12:00:00,1,,val,arima,0.363,0.034373367258104144
Merzenhausen,2022-09-12 13:00:00,1,,val,arima,0.361,0.03435603444896434
Merzenhausen,2022-09-12 14:00:00,1,,val,arima,0.357,0.03433871037991306
Merzenhausen,2022-09-12 15:00:00,1,,val,arima,0.358,0.03432139504654311
Merzenhausen,2022-09-12 16:00:00,1,,val,arima,0.358,0.0343040884444495
Merzenhausen,2022-09-12 17:00:00,1,,val,arima,0.357,0.03428679056922948
Merzenhausen,2022-09-12 18:00:00,1,,val,arima,0.354,0.03426950141648252
Merzenhausen,2022-09-12 19:00:00,1,,val,arima,0.351,0.0342522209818103
Merzenhausen,2022-09-12 20:00:00,1,,val,arima,0.349,0.034234949260816716
Merzenhausen,2022-09-12 21:00:00,1,,val,arima,0.344,0.034217686249107884
Merzenhausen,2022-09-12 22:00:00,1,,val,arima,0.346,0.03420043194229215
Merzenhausen,2022-09-12 23:00:00,1,,val,arima,0.344,0.03418318633598005
Merzenhausen,2022-09-13 00:00:00,1,,val,arima,0.341,0.034165949425784346
Merzenhausen,2022-09-13 01:00:00,1,,val,arima,0.341,0.034148721207320015
Merzenhausen,2022-09-13 02:00:00,1,,val,arima,0.339,0.03413150167620425
Merzenhausen,2022-09-13 03:00:00,1,,val,arima,0.336,0.03411429082805643
Merzenhausen,2022-09-13 04:00:00,1,,val,arima,0.336,0.03409708865849816
Merzenhausen,2022-09-13 05:00:00,1,,val,arima,0.333,0.03407989516315327
Merzenhausen,2022-09-13 06:00:00,1,,val,arima,0.333,0.03406271033764775
Merzenhausen,2022-09-13 07:00:00,1,,val,arima,0.333,0.03404553417760985
Merzenhausen,2022-09-13 08:00:00,1,,val,arima,0.331,0.034028366678669986
Merzenhausen,2022-09-13 09:00:00,1,,val,arima,0.329,0.03401120783646079
Merzenhausen,2022-09-13 10:00:00,1,,val,arima,0.33,0.033994057646617094
Merzenhausen,2022-09-13 11:00:00,1,,val,arima,0.328,0.033976916104775934
Merzenhausen,2022-09-13 12:00:00,1,,val,arima,0.329,0.033959783206576555
Merzenhausen,2022-09-13 13:00:00,1,,val,arima,0.326,0.033942658947660374
Merzenhausen,2022-09-13 14:00:00,1,,val,arima,0.326,0.03392554332367104
Merzenhausen,2022-09-13 15:00:00,1,,val,arima,0.324,0.033908436330254366
Merzenhausen,2022-09-13 16:00:00,1,,val,arima,0.324,0.033891337963058384
Merzenhausen,2022-09-13 17:00:00,1,,val,arima,0.323,0.03387424821773331
Merzenhausen,2022-09-13 18:00:00,1,,val,arima,0.326,0.033857167089931556
Merzenhausen,2022-09-13 19:00:00,1,,val,arima,0.323,0.03384009457530773
Merzenhausen,2022-09-13 20:00:00,1,,val,arima,0.321,0.033823030669518625
Merzenhausen,2022-09-13 21:00:00,1,,val,arima,0.319,0.033805975368223225
Merzenhausen,2022-09-13 22:00:00,1,,val,arima,0.321,0.033788928667082704
Merzenhausen,2022-09-13 23:00:00,1,,val,arima,0.318,0.03377189056176043
Merzenhausen,2022-09-14 00:00:00,1,,val,arima,0.316,0.03375486104792194
Merzenhausen,2022-09-14 01:00:00,1,,val,arima,0.318,0.033737840121234985
Merzenhausen,2022-09-14 02:00:00,1,,val,arima,0.316,0.03372082777736947
Merzenhausen,2022-09-14 03:00:00,1,,val,arima,0.316,0.0337038240119975
Merzenhausen,2022-09-14 04:00:00,1,,val,arima,0.314,0.033686828820793366
Merzenhausen,2022-09-14 05:00:00,1,,val,arima,0.314,0.03366984219943353
Merzenhausen,2022-09-14 06:00:00,1,,val,arima,0.313,0.03365286414359664
Merzenhausen,2022-09-14 07:00:00,1,,val,arima,0.314,0.03363589464896352
Merzenhausen,2022-09-14 08:00:00,1,,val,arima,0.313,0.03361893371121717
Merzenhausen,2022-09-14 09:00:00,1,,val,arima,0.313,0.03360198132604278
Merzenhausen,2022-09-14 10:00:00,1,,val,arima,0.313,0.033585037489127695
Merzenhausen,2022-09-14 11:00:00,1,,val,arima,0.314,0.03356810219616146
Merzenhausen,2022-09-14 12:00:00,1,,val,arima,0.311,0.03355117544283576
Merzenhausen,2022-09-14 13:00:00,1,,val,arima,0.311,0.03353425722484449
Merzenhausen,2022-09-14 14:00:00,1,,val,arima,0.314,0.033517347537883685
Merzenhausen,2022-09-14 15:00:00,1,,val,arima,0.316,0.033500446377651566
Merzenhausen,2022-09-14 16:00:00,1,,val,arima,0.32,0.03348355373984853
Merzenhausen,2022-09-14 17:00:00,1,,val,arima,0.326,0.03346666962017712
Merzenhausen,2022-09-14 18:00:00,1,,val,arima,0.324,0.03344979401434207
Merzenhausen,2022-09-14 19:00:00,1,,val,arima,0.327,0.033432926918050256
Merzenhausen,2022-09-14 20:00:00,1,,val,arima,0.327,0.03341606832701074
Merzenhausen,2022-09-14 21:00:00,1,,val,arima,0.327,0.03339921823693474
Merzenhausen,2022-09-14 22:00:00,1,,val,arima,0.326,0.03338237664353562
Merzenhausen,2022-09-14 23:00:00,1,,val,arima,0.327,0.03336554354252894
Merzenhausen,2022-09-15 00:00:00,1,,val,arima,0.324,0.0333487189296324
Merzenhausen,2022-09-15 01:00:00,1,,val,arima,0.326,0.033331902800565846
Merzenhausen,2022-09-15 02:00:00,1,,val,arima,0.326,0.03331509515105131
Merzenhausen,2022-09-15 03:00:00,1,,val,arima,0.324,0.03329829597681297
Merzenhausen,2022-09-15 04:00:00,1,,val,arima,0.325,0.03328150527357715
Merzenhausen,2022-09-15 05:00:00,1,,val,arima,0.326,0.03326472303707234
Merzenhausen,2022-09-15 06:00:00,1,,val,arima,0.323,0.03324794926302918
Merzenhausen,2022-09-15 07:00:00,1,,val,arima,0.323,0.03323118394718047
Merzenhausen,2022-09-15 08:00:00,1,,val,arima,0.323,0.03321442708526115
Merzenhausen,2022-09-15 09:00:00,1,,val,arima,0.324,0.03319767867300832
Merzenhausen,2022-09-15 10:00:00,1,,val,arima,0.321,0.03318093870616122
Merzenhausen,2022-09-15 11:00:00,1,,val,arima,0.3135,0.03316420718046126
Merzenhausen,2022-09-15 12:00:00,1,,val,arima,0.335,0.03314748409165196
Merzenhausen,2022-09-15 13:00:00,1,,val,arima,0.3285,0.03313076943547903
Merzenhausen,2022-09-15 14:00:00,1,,val,arima,0.322,0.03311406320769029
Merzenhausen,2022-09-15 15:00:00,1,,val,arima,0.319,0.033097365404035725
Merzenhausen,2022-09-15 16:00:00,1,,val,arima,0.319,0.033080676020267444
Merzenhausen,2022-09-15 17:00:00,1,,val,arima,0.321,0.03306399505213972
Merzenhausen,2022-09-15 18:00:00,1,,val,arima,0.321,0.03304732249540896
Merzenhausen,2022-09-15 19:00:00,1,,val,arima,0.319,0.0330306583458337
Merzenhausen,2022-09-15 20:00:00,1,,val,arima,0.321,0.03301400259917463
Merzenhausen,2022-09-15 21:00:00,1,,val,arima,0.319,0.03299735525119456
Merzenhausen,2022-09-15 22:00:00,1,,val,arima,0.319,0.03298071629765845
Merzenhausen,2022-09-15 23:00:00,1,,val,arima,0.316,0.03296408573433339
Merzenhausen,2022-09-16 00:00:00,1,,val,arima,0.316,0.03294746355698862
Merzenhausen,2022-09-16 01:00:00,1,,val,arima,0.317,0.032930849761395486
Merzenhausen,2022-09-16 02:00:00,1,,val,arima,0.317,0.03291424434332749
Merzenhausen,2022-09-16 03:00:00,1,,val,arima,0.314,0.03289764729856024
Merzenhausen,2022-09-16 04:00:00,1,,val,arima,0.314,0.03288105862287151
Merzenhausen,2022-09-16 05:00:00,1,,val,arima,0.315,0.032864478312041166
Merzenhausen,2022-09-16 06:00:00,1,,val,arima,0.314,0.032847906361851226
Merzenhausen,2022-09-16 07:00:00,1,,val,arima,0.314,0.03283134276808583
Merzenhausen,2022-09-16 08:00:00,1,,val,arima,0.316,0.03281478752653123
Merzenhausen,2022-09-16 09:00:00,1,,val,arima,0.316,0.03279824063297583
Merzenhausen,2022-09-16 10:00:00,1,,val,arima,0.316,0.032781702083210136
Merzenhausen,2022-09-16 11:00:00,1,,val,arima,0.313,0.03276517187302678
Merzenhausen,2022-09-16 12:00:00,1,,val,arima,0.313,0.032748649998220525
Merzenhausen,2022-09-16 13:00:00,1,,val,arima,0.313,0.03273213645458824
Merzenhausen,2022-09-16 14:00:00,1,,val,arima,0.313,0.03271563123792892
Merzenhausen,2022-09-16 15:00:00,1,,val,arima,0.336,0.03269913434404369
Merzenhausen,2022-09-16 16:00:00,1,,val,arima,0.358,0.032682645768735766
Merzenhausen,2022-09-16 17:00:00,1,,val,arima,0.375,0.03266616550781051
Merzenhausen,2022-09-16 18:00:00,1,,val,arima,0.375,0.03264969355707538
Merzenhausen,2022-09-16 19:00:00,1,,val,arima,0.378,0.03263322991233995
Merzenhausen,2022-09-16 20:00:00,1,,val,arima,0.372,0.03261677456941592
Merzenhausen,2022-09-16 21:00:00,1,,val,arima,0.371,0.03260032752411708
Merzenhausen,2022-09-16 22:00:00,1,,val,arima,0.365,0.03258388877225935
Merzenhausen,2022-09-16 23:00:00,1,,val,arima,0.361,0.032567458309660756
Merzenhausen,2022-09-17 00:00:00,1,,val,arima,0.359,0.03255103613214143
Merzenhausen,2022-09-17 01:00:00,1,,val,arima,0.355,0.0325346222355236
Merzenhausen,2022-09-17 02:00:00,1,,val,arima,0.355,0.03251821661563162
Merzenhausen,2022-09-17 03:00:00,1,,val,arima,0.352,0.03250181926829194
Merzenhausen,2022-09-17 04:00:00,1,,val,arima,0.349,0.032485430189333114
Merzenhausen,2022-09-17 05:00:00,1,,val,arima,0.348,0.032469049374585814
Merzenhausen,2022-09-17 06:00:00,1,,val,arima,0.347,0.032452676819882786
Merzenhausen,2022-09-17 07:00:00,1,,val,arima,0.346,0.0324363125210589
Merzenhausen,2022-09-17 08:00:00,1,,val,arima,0.344,0.03241995647395113
Merzenhausen,2022-09-17 09:00:00,1,,val,arima,0.343,0.03240360867439852
Merzenhausen,2022-09-17 10:00:00,1,,val,arima,0.341,0.03238726911824224
Merzenhausen,2022-09-17 11:00:00,1,,val,arima,0.341,0.03237093780132555
Merzenhausen,2022-09-17 12:00:00,1,,val,arima,0.339,0.0323546147194938
Merzenhausen,2022-09-17 13:00:00,1,,val,arima,0.34,0.03233829986859445
Merzenhausen,2022-09-17 14:00:00,1,,val,arima,0.337,0.03232199324447703
Merzenhausen,2022-09-17 15:00:00,1,,val,arima,0.338,0.03230569484299317
Merzenhausen,2022-09-17 16:00:00,1,,val,arima,0.337,0.03228940465999662
Merzenhausen,2022-09-17 17:00:00,1,,val,arima,0.336,0.032273122691343185
Merzenhausen,2022-09-17 18:00:00,1,,val,arima,0.336,0.03225684893289077
Merzenhausen,2022-09-17 19:00:00,1,,val,arima,0.334,0.03224058338049938
Merzenhausen,2022-09-17 20:00:00,1,,val,arima,0.332,0.03222432603003109
Merzenhausen,2022-09-17 21:00:00,1,,val,arima,0.332,0.032208076877350084
Merzenhausen,2022-09-17 22:00:00,1,,val,arima,0.332,0.03219183591832261
Merzenhausen,2022-09-17 23:00:00,1,,val,arima,0.332,0.03217560314881701
Merzenhausen,2022-09-18 00:00:00,1,,val,arima,0.331,0.03215937856470371
Merzenhausen,2022-09-18 01:00:00,1,,val,arima,0.331,0.03214316216185521
Merzenhausen,2022-09-18 02:00:00,1,,val,arima,0.329,0.03212695393614612
Merzenhausen,2022-09-18 03:00:00,1,,val,arima,0.329,0.03211075388345308
Merzenhausen,2022-09-18 04:00:00,1,,val,arima,0.327,0.03209456199965485
Merzenhausen,2022-09-18 05:00:00,1,,val,arima,0.327,0.03207837828063226
Merzenhausen,2022-09-18 06:00:00,1,,val,arima,0.325,0.0320622027222682
Merzenhausen,2022-09-18 07:00:00,1,,val,arima,0.327,0.03204603532044766
Merzenhausen,2022-09-18 08:00:00,1,,val,arima,0.326,0.03202987607105769
Merzenhausen,2022-09-18 09:00:00,1,,val,arima,0.326,0.032013724969987424
Merzenhausen,2022-09-18 10:00:00,1,,val,arima,0.326,0.03199758201312805
Merzenhausen,2022-09-18 11:00:00,1,,val,arima,0.327,0.03198144719637285
Merzenhausen,2022-09-18 12:00:00,1,,val,arima,0.324,0.031965320515617165
Merzenhausen,2022-09-18 13:00:00,1,,val,arima,0.324,0.031949201966758406
Merzenhausen,2022-09-18 14:00:00,1,,val,arima,0.324,0.031933091545696055
Merzenhausen,2022-09-18 15:00:00,1,,val,arima,0.322,0.03191698924833167
Merzenhausen,2022-09-18 16:00:00,1,,val,arima,0.322,0.031900895070568855
Merzenhausen,2022-09-18 17:00:00,1,,val,arima,0.322,0.031884809008313295
Merzenhausen,2022-09-18 18:00:00,1,,val,arima,0.324,0.031868731057472746
Merzenhausen,2022-09-18 19:00:00,1,,val,arima,0.322,0.031852661213957
Merzenhausen,2022-09-18 20:00:00,1,,val,arima,0.322,0.031836599473677944
Merzenhausen,2022-09-18 21:00:00,1,,val,arima,0.319,0.03182054583254951
Merzenhausen,2022-09-18 22:00:00,1,,val,arima,0.321,0.03180450028648768
Merzenhausen,2022-09-18 23:00:00,1,,val,arima,0.319,0.03178846283141053
Merzenhausen,2022-09-19 00:00:00,1,,val,arima,0.32,0.031772433463238145
Merzenhausen,2022-09-19 01:00:00,1,,val,arima,0.317,0.03175641217789272
Merzenhausen,2022-09-19 02:00:00,1,,val,arima,0.317,0.03174039897129846
Merzenhausen,2022-09-19 03:00:00,1,,val,arima,0.317,0.03172439383938166
Merzenhausen,2022-09-19 04:00:00,1,,val,arima,0.315,0.03170839677807064
Merzenhausen,2022-09-19 05:00:00,1,,val,arima,0.317,0.03169240778329581
Merzenhausen,2022-09-19 06:00:00,1,,val,arima,0.315,0.03167642685098959
Merzenhausen,2022-09-19 07:00:00,1,,val,arima,0.316,0.03166045397708647
Merzenhausen,2022-09-19 08:00:00,1,,val,arima,0.317,0.03164448915752301
Merzenhausen,2022-09-19 09:00:00,1,,val,arima,0.314,0.03162853238823778
Merzenhausen,2022-09-19 10:00:00,1,,val,arima,0.314,0.03161258366517144
Merzenhausen,2022-09-19 11:00:00,1,,val,arima,0.314,0.031596642984266655
Merzenhausen,2022-09-19 12:00:00,1,,val,arima,0.314,0.031580710341468164
Merzenhausen,2022-09-19 13:00:00,1,,val,arima,0.315,0.03156478573272274
Merzenhausen,2022-09-19 14:00:00,1,,val,arima,0.312,0.03154886915397921
Merzenhausen,2022-09-19 15:00:00,1,,val,arima,0.312,0.031532960601188424
Merzenhausen,2022-09-19 16:00:00,1,,val,arima,0.312,0.0315170600703033
Merzenhausen,2022-09-19 17:00:00,1,,val,arima,0.312,0.031501167557278775
Merzenhausen,2022-09-19 18:00:00,1,,val,arima,0.313,0.03148528305807183
Merzenhausen,2022-09-19 19:00:00,1,,val,arima,0.31,0.0314694065686415
Merzenhausen,2022-09-19 20:00:00,1,,val,arima,0.31,0.03145353808494884
Merzenhausen,2022-09-19 21:00:00,1,,val,arima,0.312,0.031437677602956945
Merzenhausen,2022-09-19 22:00:00,1,,val,arima,0.31,0.03142182511863095
Merzenhausen,2022-09-19 23:00:00,1,,val,arima,0.31,0.03140598062793803
Merzenhausen,2022-09-20 00:00:00,1,,val,arima,0.312,0.031390144126847375
Merzenhausen,2022-09-20 01:00:00,1,,val,arima,0.309,0.03137431561133023
Merzenhausen,2022-09-20 02:00:00,1,,val,arima,0.31,0.031358495077359855
Merzenhausen,2022-09-20 03:00:00,1,,val,arima,0.31,0.03134268252091155
Merzenhausen,2022-09-20 04:00:00,1,,val,arima,0.307,0.03132687793796263
Merzenhausen,2022-09-20 05:00:00,1,,val,arima,0.307,0.03131108132449245
Merzenhausen,2022-09-20 06:00:00,1,,val,arima,0.308,0.03129529267648241
Merzenhausen,2022-09-20 07:00:00,1,,val,arima,0.308,0.031279511989915895
Merzenhausen,2022-09-20 08:00:00,1,,val,arima,0.306,0.031263739260778356
Merzenhausen,2022-09-20 09:00:00,1,,val,arima,0.306,0.031247974485057235
Merzenhausen,2022-09-20 10:00:00,1,,val,arima,0.307,0.031232217658742026
Merzenhausen,2022-09-20 11:00:00,1,,val,arima,0.308,0.031216468777824226
Merzenhausen,2022-09-20 12:00:00,1,,val,arima,0.303,0.03120072783829736
Merzenhausen,2022-09-20 13:00:00,1,,val,arima,0.308,0.03118499483615697
Merzenhausen,2022-09-20 14:00:00,1,,val,arima,0.303,0.03116926976740063
Merzenhausen,2022-09-20 15:00:00,1,,val,arima,0.303,0.03115355262802791
Merzenhausen,2022-09-20 16:00:00,1,,val,arima,0.303,0.03113784341404041
Merzenhausen,2022-09-20 17:00:00,1,,val,arima,0.303,0.031122142121441754
Merzenhausen,2022-09-20 18:00:00,1,,val,arima,0.303,0.031106448746237567
Merzenhausen,2022-09-20 19:00:00,1,,val,arima,0.305,0.031090763284435496
Merzenhausen,2022-09-20 20:00:00,1,,val,arima,0.305,0.031075085732045198
Merzenhausen,2022-09-20 21:00:00,1,,val,arima,0.305,0.031059416085078347
Merzenhausen,2022-09-20 22:00:00,1,,val,arima,0.305,0.031043754339548618
Merzenhausen,2022-09-20 23:00:00,1,,val,arima,0.305,0.031028100491471707
Merzenhausen,2022-09-21 00:00:00,1,,val,arima,0.305,0.03101245453686531
Merzenhausen,2022-09-21 01:00:00,1,,val,arima,0.302,0.03099681647174914
Merzenhausen,2022-09-21 02:00:00,1,,val,arima,0.303,0.030981186292144913
Merzenhausen,2022-09-21 03:00:00,1,,val,arima,0.303,0.030965563994076347
Merzenhausen,2022-09-21 04:00:00,1,,val,arima,0.303,0.03094994957356917
Merzenhausen,2022-09-21 05:00:00,1,,val,arima,0.301,0.030934343026651115
Merzenhausen,2022-09-21 06:00:00,1,,val,arima,0.301,0.03091874434935191
Merzenhausen,2022-09-21 07:00:00,1,,val,arima,0.303,0.030903153537703298
Merzenhausen,2022-09-21 08:00:00,1,,val,arima,0.303,0.030887570587739013
Merzenhausen,2022-09-21 09:00:00,1,,val,arima,0.3,0.03087199549549479
Merzenhausen,2022-09-21 10:00:00,1,,val,arima,0.301,0.03085642825700837
Merzenhausen,2022-09-21 11:00:00,1,,val,arima,0.301,0.030840868868319486
Merzenhausen,2022-09-21 12:00:00,1,,val,arima,0.301,0.03082531732546986
Merzenhausen,2022-09-21 13:00:00,1,,val,arima,0.3,0.030809773624503226
Merzenhausen,2022-09-21 14:00:00,1,,val,arima,0.3,0.030794237761465306
Merzenhausen,2022-09-21 15:00:00,1,,val,arima,0.3,0.030778709732403813
Merzenhausen,2022-09-21 16:00:00,1,,val,arima,0.301,0.030763189533368457
Merzenhausen,2022-09-21 17:00:00,1,,val,arima,0.301,0.030747677160410943
Merzenhausen,2022-09-21 18:00:00,1,,val,arima,0.301,0.030732172609584954
Merzenhausen,2022-09-21 19:00:00,1,,val,arima,0.301,0.030716675876946174
Merzenhausen,2022-09-21 20:00:00,1,,val,arima,0.298,0.030701186958552278
Merzenhausen,2022-09-21 21:00:00,1,,val,arima,0.298,0.030685705850462916
Merzenhausen,2022-09-21 22:00:00,1,,val,arima,0.3,0.030670232548739743
Merzenhausen,2022-09-21 23:00:00,1,,val,arima,0.3,0.03065476704944638
Merzenhausen,2022-09-22 00:00:00,1,,val,arima,0.3,0.03063930934864845
Merzenhausen,2022-09-22 01:00:00,1,,val,arima,0.298,0.030623859442413554
Merzenhausen,2022-09-22 02:00:00,1,,val,arima,0.298,0.030608417326811268
Merzenhausen,2022-09-22 03:00:00,1,,val,arima,0.298,0.03059298299791316
Merzenhausen,2022-09-22 04:00:00,1,,val,arima,0.298,0.030577556451792776
Merzenhausen,2022-09-22 05:00:00,1,,val,arima,0.298,0.03056213768452564
Merzenhausen,2022-09-22 06:00:00,1,,val,arima,0.298,0.03054672669218926
Merzenhausen,2022-09-22 07:00:00,1,,val,arima,0.298,0.030531323470863115
Merzenhausen,2022-09-22 08:00:00,1,,val,arima,0.296,0.03051592801662867
Merzenhausen,2022-09-22 09:00:00,1,,val,arima,0.296,0.03050054032556935
Merzenhausen,2022-09-22 10:00:00,1,,val,arima,0.297,0.030485160393770576
Merzenhausen,2022-09-22 11:00:00,1,,val,arima,0.297,0.030469788217319722
Merzenhausen,2022-09-22 12:00:00,1,,val,arima,0.297,0.030454423792306156
Merzenhausen,2022-09-22 13:00:00,1,,val,arima,0.297,0.030439067114821198
Merzenhausen,2022-09-22 14:00:00,1,,val,arima,0.296,0.030423718180958154
Merzenhausen,2022-09-22 15:00:00,1,,val,arima,0.296,0.030408376986812286
Merzenhausen,2022-09-22 16:00:00,1,,val,arima,0.296,0.030393043528480844
Merzenhausen,2022-09-22 17:00:00,1,,val,arima,0.296,0.030377717802063026
Merzenhausen,2022-09-22 18:00:00,1,,val,arima,0.296,0.030362399803660012
Merzenhausen,2022-09-22 19:00:00,1,,val,arima,0.294,0.030347089529374933
Merzenhausen,2022-09-22 20:00:00,1,,val,arima,0.294,0.030331786975312906
Merzenhausen,2022-09-22 21:00:00,1,,val,arima,0.294,0.030316492137580992
Merzenhausen,2022-09-22 22:00:00,1,,val,arima,0.294,0.030301205012288224
Merzenhausen,2022-09-22 23:00:00,1,,val,arima,0.294,0.030285925595545594
Merzenhausen,2022-09-23 00:00:00,1,,val,arima,0.296,0.03027065388346606
Merzenhausen,2022-09-23 01:00:00,1,,val,arima,0.296,0.03025538987216454
Merzenhausen,2022-09-23 02:00:00,1,,val,arima,0.296,0.030240133557757898
Merzenhausen,2022-09-23 03:00:00,1,,val,arima,0.294,0.030224884936364976
Merzenhausen,2022-09-23 04:00:00,1,,val,arima,0.296,0.030209644004106556
Merzenhausen,2022-09-23 05:00:00,1,,val,arima,0.293,0.03019441075710539
Merzenhausen,2022-09-23 06:00:00,1,,val,arima,0.295,0.03017918519148617
Merzenhausen,2022-09-23 07:00:00,1,,val,arima,0.295,0.03016396730337556
Merzenhausen,2022-09-23 08:00:00,1,,val,arima,0.296,0.03014875708890216
Merzenhausen,2022-09-23 09:00:00,1,,val,arima,0.296,0.03013355454419654
Merzenhausen,2022-09-23 10:00:00,1,,val,arima,0.293,0.030118359665391198
Merzenhausen,2022-09-23 11:00:00,1,,val,arima,0.293,0.0301031724486206
Merzenhausen,2022-09-23 12:00:00,1,,val,arima,0.293,0.030087992890021162
Merzenhausen,2022-09-23 13:00:00,1,,val,arima,0.293,0.030072820985731236
Merzenhausen,2022-09-23 14:00:00,1,,val,arima,0.293,0.03005765673189113
Merzenhausen,2022-09-23 15:00:00,1,,val,arima,0.293,0.030042500124643094
Merzenhausen,2022-09-23 16:00:00,1,,val,arima,0.293,0.03002735116013133
Merzenhausen,2022-09-23 17:00:00,1,,val,arima,0.293,0.030012209834501976
Merzenhausen,2022-09-23 18:00:00,1,,val,arima,0.291,0.029997076143903116
Merzenhausen,2022-09-23 19:00:00,1,,val,arima,0.291,0.02998195008448478
Merzenhausen,2022-09-23 20:00:00,1,,val,arima,0.292,0.029966831652398933
Merzenhausen,2022-09-23 21:00:00,1,,val,arima,0.291,0.02995172084379949
Merzenhausen,2022-09-23 22:00:00,1,,val,arima,0.293,0.029936617654842297
Merzenhausen,2022-09-23 23:00:00,1,,val,arima,0.291,0.029921522081685137
Merzenhausen,2022-09-24 00:00:00,1,,val,arima,0.291,0.029906434120487737
Merzenhausen,2022-09-24 01:00:00,1,,val,arima,0.291,0.02989135376741176
Merzenhausen,2022-09-24 02:00:00,1,,val,arima,0.291,0.0298762810186208
Merzenhausen,2022-09-24 03:00:00,1,,val,arima,0.289,0.029861215870280386
Merzenhausen,2022-09-24 04:00:00,1,,val,arima,0.291,0.029846158318557987
Merzenhausen,2022-09-24 05:00:00,1,,val,arima,0.288,0.029831108359622993
Merzenhausen,2022-09-24 06:00:00,1,,val,arima,0.291,0.029816065989646742
Merzenhausen,2022-09-24 07:00:00,1,,val,arima,0.289,0.029801031204802483
Merzenhausen,2022-09-24 08:00:00,1,,val,arima,0.291,0.02978600400126541
Merzenhausen,2022-09-24 09:00:00,1,,val,arima,0.291,0.02977098437521264
Merzenhausen,2022-09-24 10:00:00,1,,val,arima,0.291,0.02975597232282321
Merzenhausen,2022-09-24 11:00:00,1,,val,arima,0.289,0.029740967840278108
Merzenhausen,2022-09-24 12:00:00,1,,val,arima,0.289,0.02972597092376022
Merzenhausen,2022-09-24 13:00:00,1,,val,arima,0.289,0.029710981569454366
Merzenhausen,2022-09-24 14:00:00,1,,val,arima,0.289,0.029695999773547303
Merzenhausen,2022-09-24 15:00:00,1,,val,arima,0.289,0.029681025532227692
Merzenhausen,2022-09-24 16:00:00,1,,val,arima,0.289,0.029666058841686126
Merzenhausen,2022-09-24 17:00:00,1,,val,arima,0.289,0.029651099698115115
Merzenhausen,2022-09-24 18:00:00,1,,val,arima,0.289,0.029636148097709092
Merzenhausen,2022-09-24 19:00:00,1,,val,arima,0.289,0.029621204036664406
Merzenhausen,2022-09-24 20:00:00,1,,val,arima,0.289,0.029606267511179327
Merzenhausen,2022-09-24 21:00:00,1,,val,arima,0.289,0.02959133851745404
Merzenhausen,2022-09-24 22:00:00,1,,val,arima,0.286,0.02957641705169065
Merzenhausen,2022-09-24 23:00:00,1,,val,arima,0.286,0.029561503110093167
Merzenhausen,2022-09-25 00:00:00,1,,val,arima,0.287,0.029546596688867527
Merzenhausen,2022-09-25 01:00:00,1,,val,arima,0.287,0.029531697784221572
Merzenhausen,2022-09-25 02:00:00,1,,val,arima,0.287,0.029516806392365064
Merzenhausen,2022-09-25 03:00:00,1,,val,arima,0.287,0.029501922509509663
Merzenhausen,2022-09-25 04:00:00,1,,val,arima,0.289,0.029487046131868946
Merzenhausen,2022-09-25 05:00:00,1,,val,arima,0.289,0.029472177255658406
Merzenhausen,2022-09-25 06:00:00,1,,val,arima,0.289,0.029457315877095436
Merzenhausen,2022-09-25 07:00:00,1,,val,arima,0.289,0.029442461992399332
Merzenhausen,2022-09-25 08:00:00,1,,val,arima,0.291,0.029427615597791314
Merzenhausen,2022-09-25 09:00:00,1,,val,arima,0.291,0.02941277668949449
Merzenhausen,2022-09-25 10:00:00,1,,val,arima,0.291,0.029397945263733884
Merzenhausen,2022-09-25 11:00:00,1,,val,arima,0.291,0.029383121316736413
Merzenhausen,2022-09-25 12:00:00,1,,val,arima,0.292,0.029368304844730908
Merzenhausen,2022-09-25 13:00:00,1,,val,arima,0.291,0.029353495843948092
Merzenhausen,2022-09-25 14:00:00,1,,val,arima,0.291,0.029338694310620597
Merzenhausen,2022-09-25 15:00:00,1,,val,arima,0.29,0.029323900240982945
Merzenhausen,2022-09-25 16:00:00,1,,val,arima,0.293,0.029309113631271564
Merzenhausen,2022-09-25 17:00:00,1,,val,arima,0.292,0.029294334477724775
Merzenhausen,2022-09-25 18:00:00,1,,val,arima,0.292,0.029279562776582807
Merzenhausen,2022-09-25 19:00:00,1,,val,arima,0.292,0.029264798524087768
Merzenhausen,2022-09-25 20:00:00,1,,val,arima,0.293,0.029250041716483672
Merzenhausen,2022-09-25 21:00:00,1,,val,arima,0.293,0.029235292350016425
Merzenhausen,2022-09-25 22:00:00,1,,val,arima,0.296,0.029220550420933827
Merzenhausen,2022-09-25 23:00:00,1,,val,arima,0.3,0.029205815925485566
Merzenhausen,2022-09-26 00:00:00,1,,val,arima,0.303,0.029191088859923223
Merzenhausen,2022-09-26 01:00:00,1,,val,arima,0.307,0.029176369220500268
Merzenhausen,2022-09-26 02:00:00,1,,val,arima,0.305,0.029161657003472063
Merzenhausen,2022-09-26 03:00:00,1,,val,arima,0.307,0.02914695220509586
Merzenhausen,2022-09-26 04:00:00,1,,val,arima,0.307,0.0291322548216308
Merzenhausen,2022-09-26 05:00:00,1,,val,arima,0.309,0.029117564849337894
Merzenhausen,2022-09-26 06:00:00,1,,val,arima,0.309,0.029102882284480058
Merzenhausen,2022-09-26 07:00:00,1,,val,arima,0.309,0.02908820712332208
Merzenhausen,2022-09-26 08:00:00,1,,val,arima,0.309,0.02907353936213064
Merzenhausen,2022-09-26 09:00:00,1,,val,arima,0.309,0.029058878997174294
Merzenhausen,2022-09-26 10:00:00,1,,val,arima,0.311,0.02904422602472348
Merzenhausen,2022-09-26 11:00:00,1,,val,arima,0.311,0.029029580441050525
Merzenhausen,2022-09-26 12:00:00,1,,val,arima,0.311,0.029014942242429627
Merzenhausen,2022-09-26 13:00:00,1,,val,arima,0.311,0.029000311425136864
Merzenhausen,2022-09-26 14:00:00,1,,val,arima,0.311,0.02898568798545019
Merzenhausen,2022-09-26 15:00:00,1,,val,arima,0.312,0.028971071919649448
Merzenhausen,2022-09-26 16:00:00,1,,val,arima,0.311,0.028956463224016335
Merzenhausen,2022-09-26 17:00:00,1,,val,arima,0.309,0.028941861894834445
Merzenhausen,2022-09-26 18:00:00,1,,val,arima,0.309,0.028927267928389233
Merzenhausen,2022-09-26 19:00:00,1,,val,arima,0.309,0.028912681320968033
Merzenhausen,2022-09-26 20:00:00,1,,val,arima,0.309,0.028898102068860048
Merzenhausen,2022-09-26 21:00:00,1,,val,arima,0.31,0.02888353016835635
Merzenhausen,2022-09-26 22:00:00,1,,val,arima,0.30449998,0.028868965615749892
Merzenhausen,2022-09-26 23:00:00,1,,val,arima,0.328,0.02885440840733548
Merzenhausen,2022-09-27 00:00:00,1,,val,arima,0.311,0.028839858539409804
Merzenhausen,2022-09-27 01:00:00,1,,val,arima,0.31,0.028825316008271408
Merzenhausen,2022-09-27 02:00:00,1,,val,arima,0.3165,0.02881078081022071
Merzenhausen,2022-09-27 03:00:00,1,,val,arima,0.311,0.028796252941559998
Merzenhausen,2022-09-27 04:00:00,1,,val,arima,0.31,0.028781732398593413
Merzenhausen,2022-09-27 05:00:00,1,,val,arima,0.311,0.028767219177626965
Merzenhausen,2022-09-27 06:00:00,1,,val,arima,0.311,0.028752713274968533
Merzenhausen,2022-09-27 07:00:00,1,,val,arima,0.3135,0.028738214686927846
Merzenhausen,2022-09-27 08:00:00,1,,val,arima,0.31849998,0.028723723409816503
Merzenhausen,2022-09-27 09:00:00,1,,val,arima,0.312,0.028709239439947958
Merzenhausen,2022-09-27 10:00:00,1,,val,arima,0.312,0.028694762773637528
Merzenhausen,2022-09-27 11:00:00,1,,val,arima,0.312,0.02868029340720238
Merzenhausen,2022-09-27 12:00:00,1,,val,arima,0.312,0.028665831336961548
Merzenhausen,2022-09-27 13:00:00,1,,val,arima,0.312,0.02865137655923592
Merzenhausen,2022-09-27 14:00:00,1,,val,arima,0.312,0.028636929070348233
Merzenhausen,2022-09-27 15:00:00,1,,val,arima,0.312,0.028622488866623084
Merzenhausen,2022-09-27 16:00:00,1,,val,arima,0.312,0.028608055944386923
Merzenhausen,2022-09-27 17:00:00,1,,val,arima,0.31849998,0.02859363029996805
Merzenhausen,2022-09-27 18:00:00,1,,val,arima,0.312,0.02857921192969661
Merzenhausen,2022-09-27 19:00:00,1,,val,arima,0.309,0.02856480082990462
Merzenhausen,2022-09-27 20:00:00,1,,val,arima,0.31,0.028550396996925922
Merzenhausen,2022-09-27 21:00:00,1,,val,arima,0.31,0.02853600042709622
Merzenhausen,2022-09-27 22:00:00,1,,val,arima,0.3155,0.02852161111675306
Merzenhausen,2022-09-27 23:00:00,1,,val,arima,0.312,0.028507229062235843
Merzenhausen,2022-09-28 00:00:00,1,,val,arima,0.309,0.028492854259885812
Merzenhausen,2022-09-28 01:00:00,1,,val,arima,0.309,0.028478486706046045
Merzenhausen,2022-09-28 02:00:00,1,,val,arima,0.31,0.02846412639706148
Merzenhausen,2022-09-28 03:00:00,1,,val,arima,0.31,0.02844977332927889
Merzenhausen,2022-09-28 04:00:00,1,,val,arima,0.307,0.028435427499046886
Merzenhausen,2022-09-28 05:00:00,1,,val,arima,0.307,0.028421088902715934
Merzenhausen,2022-09-28 06:00:00,1,,val,arima,0.307,0.02840675753663832
Merzenhausen,2022-09-28 07:00:00,1,,val,arima,0.308,0.028392433397168185
Merzenhausen,2022-09-28 08:00:00,1,,val,arima,0.305,0.02837811648066151
Merzenhausen,2022-09-28 09:00:00,1,,val,arima,0.305,0.028363806783476095
Merzenhausen,2022-09-28 10:00:00,1,,val,arima,0.307,0.0283495043019716
Merzenhausen,2022-09-28 11:00:00,1,,val,arima,0.305,0.02833520903250951
Merzenhausen,2022-09-28 12:00:00,1,,val,arima,0.305,0.02832092097145314
Merzenhausen,2022-09-28 13:00:00,1,,val,arima,0.306,0.02830664011516764
Merzenhausen,2022-09-28 14:00:00,1,,val,arima,0.305,0.028292366460020008
Merzenhausen,2022-09-28 15:00:00,1,,val,arima,0.305,0.028278100002379045
Merzenhausen,2022-09-28 16:00:00,1,,val,arima,0.305,0.028263840738615414
Merzenhausen,2022-09-28 17:00:00,1,,val,arima,0.305,0.02824958866510159
Merzenhausen,2022-09-28 18:00:00,1,,val,arima,0.305,0.02823534377821188
Merzenhausen,2022-09-28 19:00:00,1,,val,arima,0.305,0.028221106074322426
Merzenhausen,2022-09-28 20:00:00,1,,val,arima,0.303,0.028206875549811185
Merzenhausen,2022-09-28 21:00:00,1,,val,arima,0.305,0.028192652201057954
Merzenhausen,2022-09-28 22:00:00,1,,val,arima,0.305,0.028178436024444344
Merzenhausen,2022-09-28 23:00:00,1,,val,arima,0.307,0.028164227016353793
Merzenhausen,2022-09-29 00:00:00,1,,val,arima,0.305,0.028150025173171573
Merzenhausen,2022-09-29 01:00:00,1,,val,arima,0.305,0.028135830491284763
Merzenhausen,2022-09-29 02:00:00,1,,val,arima,0.305,0.028121642967082278
Merzenhausen,2022-09-29 03:00:00,1,,val,arima,0.305,0.028107462596954846
Merzenhausen,2022-09-29 04:00:00,1,,val,arima,0.3005,0.028093289377295015
Merzenhausen,2022-09-29 05:00:00,1,,val,arima,0.30150002,0.028079123304497154
Merzenhausen,2022-09-29 06:00:00,1,,val,arima,0.3,0.028064964374957452
Merzenhausen,2022-09-29 07:00:00,1,,val,arima,0.333,0.028050812585073914
Merzenhausen,2022-09-29 08:00:00,1,,val,arima,0.3225,0.028036667931246352
Merzenhausen,2022-09-29 09:00:00,1,,val,arima,0.333,0.028022530409876414
Merzenhausen,2022-09-29 10:00:00,1,,val,arima,0.314,0.02800840001736754
Merzenhausen,2022-09-29 11:00:00,1,,val,arima,0.314,0.027994276750124995
Merzenhausen,2022-09-29 12:00:00,1,,val,arima,0.333,0.02798016060455586
Merzenhausen,2022-09-29 13:00:00,1,,val,arima,0.316,0.027966051577069023
Merzenhausen,2022-09-29 14:00:00,1,,val,arima,0.31849998,0.02795194966407518
Merzenhausen,2022-09-29 15:00:00,1,,val,arima,0.317,0.02793785486198684
Merzenhausen,2022-09-29 16:00:00,1,,val,arima,0.317,0.027923767167218325
Merzenhausen,2022-09-29 17:00:00,1,,val,arima,0.317,0.027909686576185755
Merzenhausen,2022-09-29 18:00:00,1,,val,arima,0.314,0.02789561308530707
Merzenhausen,2022-09-29 19:00:00,1,,val,arima,0.314,0.027881546691002002
Merzenhausen,2022-09-29 20:00:00,1,,val,arima,0.314,0.0278674873896921
Merzenhausen,2022-09-29 21:00:00,1,,val,arima,0.314,0.02785343517780071
Merzenhausen,2022-09-29 22:00:00,1,,val,arima,0.314,0.027839390051752993
Merzenhausen,2022-09-29 23:00:00,1,,val,arima,0.315,0.027825352007975895
Merzenhausen,2022-09-30 00:00:00,1,,val,arima,0.312,0.027811321042898178
Merzenhausen,2022-09-30 01:00:00,1,,val,arima,0.312,0.027797297152950394
Merzenhausen,2022-09-30 02:00:00,1,,val,arima,0.312,0.02778328033456491
Merzenhausen,2022-09-30 03:00:00,1,,val,arima,0.314,0.027769270584175876
Merzenhausen,2022-09-30 04:00:00,1,,val,arima,0.313,0.02775526789821925
Merzenhausen,2022-09-30 05:00:00,1,,val,arima,0.319,0.02774127227313278
Merzenhausen,2022-09-30 06:00:00,1,,val,arima,0.313,0.027727283705356022
Merzenhausen,2022-09-30 07:00:00,1,,val,arima,0.314,0.027713302191330308
Merzenhausen,2022-09-30 08:00:00,1,,val,arima,0.312,0.027699327727498786
Merzenhausen,2022-09-30 09:00:00,1,,val,arima,0.315,0.027685360310306387
Merzenhausen,2022-09-30 10:00:00,1,,val,arima,0.315,0.02767139993619983
Merzenhausen,2022-09-30 11:00:00,1,,val,arima,0.314,0.027657446601627635
Merzenhausen,2022-09-30 12:00:00,1,,val,arima,0.317,0.02764350030304011
Merzenhausen,2022-09-30 13:00:00,1,,val,arima,0.317,0.027629561036889343
Merzenhausen,2022-09-30 14:00:00,1,,val,arima,0.315,0.02761562879962923
Merzenhausen,2022-09-30 15:00:00,1,,val,arima,0.315,0.027601703587715444
Merzenhausen,2022-09-30 16:00:00,1,,val,arima,0.315,0.027587785397605438
Merzenhausen,2022-09-30 17:00:00,1,,val,arima,0.315,0.027573874225758466
Merzenhausen,2022-09-30 18:00:00,1,,val,arima,0.315,0.027559970068635566
Merzenhausen,2022-09-30 19:00:00,1,,val,arima,0.315,0.027546072922699547
Merzenhausen,2022-09-30 20:00:00,1,,val,arima,0.315,0.027532182784415007
Merzenhausen,2022-09-30 21:00:00,1,,val,arima,0.315,0.02751829965024834
Merzenhausen,2022-09-30 22:00:00,1,,val,arima,0.314,0.027504423516667705
Merzenhausen,2022-09-30 23:00:00,1,,val,arima,0.314,0.027490554380143056
Merzenhausen,2022-10-01 00:00:00,1,,val,arima,0.315,0.02747669223714611
Merzenhausen,2022-10-01 01:00:00,1,,val,arima,0.313,0.027462837084150378
Merzenhausen,2022-10-01 02:00:00,1,,val,arima,0.313,0.027448988917631142
Merzenhausen,2022-10-01 03:00:00,1,,val,arima,0.314,0.027435147734065465
Merzenhausen,2022-10-01 04:00:00,1,,val,arima,0.312,0.027421313529932184
Merzenhausen,2022-10-01 05:00:00,1,,val,arima,0.312,0.027407486301711914
Merzenhausen,2022-10-01 06:00:00,1,,val,arima,0.312,0.02739366604588704
Merzenhausen,2022-10-01 07:00:00,1,,val,arima,0.31,0.02737985275894173
Merzenhausen,2022-10-01 08:00:00,1,,val,arima,0.31,0.02736604643736191
Merzenhausen,2022-10-01 09:00:00,1,,val,arima,0.31,0.02735224707763529
Merzenhausen,2022-10-01 10:00:00,1,,val,arima,0.31,0.02733845467625135
Merzenhausen,2022-10-01 11:00:00,1,,val,arima,0.312,0.027324669229701337
Merzenhausen,2022-10-01 12:00:00,1,,val,arima,0.309,0.027310890734478267
Merzenhausen,2022-10-01 13:00:00,1,,val,arima,0.309,0.027297119187076925
Merzenhausen,2022-10-01 14:00:00,1,,val,arima,0.31,0.027283354583993866
Merzenhausen,2022-10-01 15:00:00,1,,val,arima,0.31,0.02726959692172741
Merzenhausen,2022-10-01 16:00:00,1,,val,arima,0.31,0.02725584619677764
Merzenhausen,2022-10-01 17:00:00,1,,val,arima,0.31,0.027242102405646406
Merzenhausen,2022-10-01 18:00:00,1,,val,arima,0.31,0.027228365544837325
Merzenhausen,2022-10-01 19:00:00,1,,val,arima,0.312,0.027214635610855773
Merzenhausen,2022-10-01 20:00:00,1,,val,arima,0.312,0.02720091260020889
Merzenhausen,2022-10-01 21:00:00,1,,val,arima,0.31,0.027187196509405577
Merzenhausen,2022-10-01 22:00:00,1,,val,arima,0.31,0.02717348733495649
Merzenhausen,2022-10-01 23:00:00,1,,val,arima,0.31,0.027159785073374056
Merzenhausen,2022-10-02 00:00:00,1,,val,arima,0.311,0.027146089721172453
Merzenhausen,2022-10-02 01:00:00,1,,val,arima,0.309,0.027132401274867615
Merzenhausen,2022-10-02 02:00:00,1,,val,arima,0.305,0.027118719730977237
Merzenhausen,2022-10-02 03:00:00,1,,val,arima,0.309,0.027105045086020768
Merzenhausen,2022-10-02 04:00:00,1,,val,arima,0.309,0.027091377336519416
Merzenhausen,2022-10-02 05:00:00,1,,val,arima,0.311,0.02707771647899614
Merzenhausen,2022-10-02 06:00:00,1,,val,arima,0.313,0.02706406250997565
Merzenhausen,2022-10-02 07:00:00,1,,val,arima,0.311,0.02705041542598441
Merzenhausen,2022-10-02 08:00:00,1,,val,arima,0.313,0.027036775223550635
Merzenhausen,2022-10-02 09:00:00,1,,val,arima,0.311,0.0270231418992043
Merzenhausen,2022-10-02 10:00:00,1,,val,arima,0.306,0.027009515449477113
Merzenhausen,2022-10-02 11:00:00,1,,val,arima,0.308,0.026995895870902543
Merzenhausen,2022-10-02 12:00:00,1,,val,arima,0.305,0.026982283160015802
Merzenhausen,2022-10-02 13:00:00,1,,val,arima,0.302,0.026968677313353853
Merzenhausen,2022-10-02 14:00:00,1,,val,arima,0.301,0.0269550783274554
Merzenhausen,2022-10-02 15:00:00,1,,val,arima,0.302,0.0269414861988609
Merzenhausen,2022-10-02 16:00:00,1,,val,arima,0.304,0.026927900924112545
Merzenhausen,2022-10-02 17:00:00,1,,val,arima,0.304,0.026914322499754277
Merzenhausen,2022-10-02 18:00:00,1,,val,arima,0.3,0.02690075092233178
Merzenhausen,2022-10-02 19:00:00,1,,val,arima,0.3,0.026887186188392476
Merzenhausen,2022-10-02 20:00:00,1,,val,arima,0.299,0.026873628294485537
Merzenhausen,2022-10-02 21:00:00,1,,val,arima,0.301,0.026860077237161863
Merzenhausen,2022-10-02 22:00:00,1,,val,arima,0.299,0.0268465330129741
Merzenhausen,2022-10-02 23:00:00,1,,val,arima,0.297,0.026832995618476633
Merzenhausen,2022-10-03 00:00:00,1,,val,arima,0.296,0.02681946505022558
Merzenhausen,2022-10-03 01:00:00,1,,val,arima,0.297,0.026805941304778806
Merzenhausen,2022-10-03 02:00:00,1,,val,arima,0.303,0.026792424378695896
Merzenhausen,2022-10-03 03:00:00,1,,val,arima,0.302,0.026778914268538186
Merzenhausen,2022-10-03 04:00:00,1,,val,arima,0.303,0.02676541097086873
Merzenhausen,2022-10-03 05:00:00,1,,val,arima,0.306,0.026751914482252327
Merzenhausen,2022-10-03 06:00:00,1,,val,arima,0.306,0.026738424799255506
Merzenhausen,2022-10-03 07:00:00,1,,val,arima,0.306,0.026724941918446522
Merzenhausen,2022-10-03 08:00:00,1,,val,arima,0.306,0.026711465836395366
Merzenhausen,2022-10-03 09:00:00,1,,val,arima,0.305,0.02669799654967376
Merzenhausen,2022-10-03 10:00:00,1,,val,arima,0.305,0.026684534054855144
Merzenhausen,2022-10-03 11:00:00,1,,val,arima,0.306,0.026671078348514697
Merzenhausen,2022-10-03 12:00:00,1,,val,arima,0.306,0.026657629427229323
Merzenhausen,2022-10-03 13:00:00,1,,val,arima,0.306,0.02664418728757765
Merzenhausen,2022-10-03 14:00:00,1,,val,arima,0.307,0.026630751926140027
Merzenhausen,2022-10-03 15:00:00,1,,val,arima,0.309,0.02661732333949854
Merzenhausen,2022-10-03 16:00:00,1,,val,arima,0.308,0.02660390152423698
Merzenhausen,2022-10-03 17:00:00,1,,val,arima,0.309,0.02659048647694088
Merzenhausen,2022-10-03 18:00:00,1,,val,arima,0.308,0.02657707819419748
Merzenhausen,2022-10-03 19:00:00,1,,val,arima,0.2975,0.02656367667259575
Merzenhausen,2022-10-03 20:00:00,1,,val,arima,0.305,0.02655028190872638
Merzenhausen,2022-10-03 21:00:00,1,,val,arima,0.304,0.02653689389918177
Merzenhausen,2022-10-03 22:00:00,1,,val,arima,0.306,0.026523512640556045
Merzenhausen,2022-10-03 23:00:00,1,,val,arima,0.304,0.026510138129445047
Merzenhausen,2022-10-04 00:00:00,1,,val,arima,0.303,0.02649677036244634
Merzenhausen,2022-10-04 01:00:00,1,,val,arima,0.298,0.026483409336159187
Merzenhausen,2022-10-04 02:00:00,1,,val,arima,0.304,0.026470055047184582
Merzenhausen,2022-10-04 03:00:00,1,,val,arima,0.3,0.026456707492125232
Merzenhausen,2022-10-04 04:00:00,1,,val,arima,0.303,0.026443366667585545
Merzenhausen,2022-10-04 05:00:00,1,,val,arima,0.3,0.026430032570171652
Merzenhausen,2022-10-04 06:00:00,1,,val,arima,0.3,0.02641670519649139
Merzenhausen,2022-10-04 07:00:00,1,,val,arima,0.3,0.026403384543154315
Merzenhausen,2022-10-04 08:00:00,1,,val,arima,0.298,0.026390070606771683
Merzenhausen,2022-10-04 09:00:00,1,,val,arima,0.298,0.02637676338395646
Merzenhausen,2022-10-04 10:00:00,1,,val,arima,0.296,0.026363462871323323
Merzenhausen,2022-10-04 11:00:00,1,,val,arima,0.296,0.02635016906548866
Merzenhausen,2022-10-04 12:00:00,1,,val,arima,0.296,0.026336881963070553
Merzenhausen,2022-10-04 13:00:00,1,,val,arima,0.294,0.0263236015606888
Merzenhausen,2022-10-04 14:00:00,1,,val,arima,0.294,0.0263103278549649
Merzenhausen,2022-10-04 15:00:00,1,,val,arima,0.296,0.026297060842522056
Merzenhausen,2022-10-04 16:00:00,1,,val,arima,0.296,0.026283800519985173
Merzenhausen,2022-10-04 17:00:00,1,,val,arima,0.294,0.02627054688398086
Merzenhausen,2022-10-04 18:00:00,1,,val,arima,0.293,0.026257299931137422
Merzenhausen,2022-10-04 19:00:00,1,,val,arima,0.291,0.02624405965808487
Merzenhausen,2022-10-04 20:00:00,1,,val,arima,0.291,0.026230826061454913
Merzenhausen,2022-10-04 21:00:00,1,,val,arima,0.292,0.026217599137880954
Merzenhausen,2022-10-04 22:00:00,1,,val,arima,0.292,0.0262043788839981
Merzenhausen,2022-10-04 23:00:00,1,,val,arima,0.292,0.02619116529644315
Merzenhausen,2022-10-05 00:00:00,1,,val,arima,0.295,0.026177958371854604
Merzenhausen,2022-10-05 01:00:00,1,,val,arima,0.296,0.026164758106872646
Merzenhausen,2022-10-05 02:00:00,1,,val,arima,0.294,0.02615156449813917
Merzenhausen,2022-10-05 03:00:00,1,,val,arima,0.294,0.026138377542297753
Merzenhausen,2022-10-05 04:00:00,1,,val,arima,0.294,0.026125197235993665
Merzenhausen,2022-10-05 05:00:00,1,,val,arima,0.294,0.026112023575873868
Merzenhausen,2022-10-05 06:00:00,1,,val,arima,0.297,0.02609885655858702
Merzenhausen,2022-10-05 07:00:00,1,,val,arima,0.296,0.026085696180783463
Merzenhausen,2022-10-05 08:00:00,1,,val,arima,0.296,0.02607254243911523
Merzenhausen,2022-10-05 09:00:00,1,,val,arima,0.297,0.026059395330236046
Merzenhausen,2022-10-05 10:00:00,1,,val,arima,0.297,0.026046254850801313
Merzenhausen,2022-10-05 11:00:00,1,,val,arima,0.296,0.02603312099746813
Merzenhausen,2022-10-05 12:00:00,1,,val,arima,0.296,0.026019993766895275
Merzenhausen,2022-10-05 13:00:00,1,,val,arima,0.294,0.026006873155743217
Merzenhausen,2022-10-05 14:00:00,1,,val,arima,0.294,0.025993759160674104
Merzenhausen,2022-10-05 15:00:00,1,,val,arima,0.296,0.025980651778351772
Merzenhausen,2022-10-05 16:00:00,1,,val,arima,0.296,0.02596755100544173
Merzenhausen,2022-10-05 17:00:00,1,,val,arima,0.294,0.02595445683861118
Merzenhausen,2022-10-05 18:00:00,1,,val,arima,0.294,0.025941369274528996
Merzenhausen,2022-10-05 19:00:00,1,,val,arima,0.291,0.025928288309865738
Merzenhausen,2022-10-05 20:00:00,1,,val,arima,0.294,0.025915213941293633
Merzenhausen,2022-10-05 21:00:00,1,,val,arima,0.285,0.025902146165486604
Merzenhausen,2022-10-05 22:00:00,1,,val,arima,0.291,0.02588908497912024
Merzenhausen,2022-10-05 23:00:00,1,,val,arima,0.292,0.025876030378871803
Merzenhausen,2022-10-06 00:00:00,1,,val,arima,0.293,0.02586298236142024
Merzenhausen,2022-10-06 01:00:00,1,,val,arima,0.294,0.02584994092344617
Merzenhausen,2022-10-06 02:00:00,1,,val,arima,0.291,0.02583690606163188
Merzenhausen,2022-10-06 03:00:00,1,,val,arima,0.28399998,0.025823877772661333
Merzenhausen,2022-10-06 04:00:00,1,,val,arima,0.28399998,0.02581085605322017
Merzenhausen,2022-10-06 05:00:00,1,,val,arima,0.292,0.025797840899995695
Merzenhausen,2022-10-06 06:00:00,1,,val,arima,0.291,0.02578483230967689
Merzenhausen,2022-10-06 07:00:00,1,,val,arima,0.291,0.025771830278954397
Merzenhausen,2022-10-06 08:00:00,1,,val,arima,0.291,0.025758834804520535
Merzenhausen,2022-10-06 09:00:00,1,,val,arima,0.291,0.025745845883069288
Merzenhausen,2022-10-06 10:00:00,1,,val,arima,0.294,0.025732863511296306
Merzenhausen,2022-10-06 11:00:00,1,,val,arima,0.292,0.025719887685898904
Merzenhausen,2022-10-06 12:00:00,1,,val,arima,0.292,0.02570691840357607
Merzenhausen,2022-10-06 13:00:00,1,,val,arima,0.292,0.02569395566102845
Merzenhausen,2022-10-06 14:00:00,1,,val,arima,0.294,0.025680999454958352
Merzenhausen,2022-10-06 15:00:00,1,,val,arima,0.291,0.025668049782069755
Merzenhausen,2022-10-06 16:00:00,1,,val,arima,0.292,0.02565510663906829
Merzenhausen,2022-10-06 17:00:00,1,,val,arima,0.289,0.025642170022661254
Merzenhausen,2022-10-06 18:00:00,1,,val,arima,0.289,0.02562923992955761
Merzenhausen,2022-10-06 19:00:00,1,,val,arima,0.288,0.025616316356467966
Merzenhausen,2022-10-06 20:00:00,1,,val,arima,0.289,0.025603399300104607
Merzenhausen,2022-10-06 21:00:00,1,,val,arima,0.287,0.025590488757181458
Merzenhausen,2022-10-06 22:00:00,1,,val,arima,0.289,0.025577584724414116
Merzenhausen,2022-10-06 23:00:00,1,,val,arima,0.289,0.025564687198519825
Merzenhausen,2022-10-07 00:00:00,1,,val,arima,0.287,0.025551796176217487
Merzenhausen,2022-10-07 01:00:00,1,,val,arima,0.287,0.025538911654227656
Merzenhausen,2022-10-07 02:00:00,1,,val,arima,0.288,0.025526033629272547
Merzenhausen,2022-10-07 03:00:00,1,,val,arima,0.287,0.02551316209807602
Merzenhausen,2022-10-07 04:00:00,1,,val,arima,0.284,0.02550029705736359
Merzenhausen,2022-10-07 05:00:00,1,,val,arima,0.285,0.025487438503862425
Merzenhausen,2022-10-07 06:00:00,1,,val,arima,0.285,0.02547458643430134
Merzenhausen,2022-10-07 07:00:00,1,,val,arima,0.282,0.0254617408454108
Merzenhausen,2022-10-07 08:00:00,1,,val,arima,0.285,0.025448901733922922
Merzenhausen,2022-10-07 09:00:00,1,,val,arima,0.285,0.025436069096571465
Merzenhausen,2022-10-07 10:00:00,1,,val,arima,0.284,0.025423242930091842
Merzenhausen,2022-10-07 11:00:00,1,,val,arima,0.284,0.025410423231221106
Merzenhausen,2022-10-07 12:00:00,1,,val,arima,0.285,0.025397609996697962
Merzenhausen,2022-10-07 13:00:00,1,,val,arima,0.285,0.02538480322326275
Merzenhausen,2022-10-07 14:00:00,1,,val,arima,0.285,0.02537200290765746
Merzenhausen,2022-10-07 15:00:00,1,,val,arima,0.285,0.025359209046625725
Merzenhausen,2022-10-07 16:00:00,1,,val,arima,0.284,0.025346421636912822
Merzenhausen,2022-10-07 17:00:00,1,,val,arima,0.284,0.02533364067526566
Merzenhausen,2022-10-07 18:00:00,1,,val,arima,0.284,0.025320866158432803
Merzenhausen,2022-10-07 19:00:00,1,,val,arima,0.282,0.02530809808316444
Merzenhausen,2022-10-07 20:00:00,1,,val,arima,0.282,0.025295336446212405
Merzenhausen,2022-10-07 21:00:00,1,,val,arima,0.284,0.025282581244330173
Merzenhausen,2022-10-07 22:00:00,1,,val,arima,0.282,0.02526983247427285
Merzenhausen,2022-10-07 23:00:00,1,,val,arima,0.282,0.02525709013279718
Merzenhausen,2022-10-08 00:00:00,1,,val,arima,0.282,0.025244354216661546
Merzenhausen,2022-10-08 01:00:00,1,,val,arima,0.28,0.025231624722625964
Merzenhausen,2022-10-08 02:00:00,1,,val,arima,0.28,0.02521890164745208
Merzenhausen,2022-10-08 03:00:00,1,,val,arima,0.282,0.025206184987903175
Merzenhausen,2022-10-08 04:00:00,1,,val,arima,0.28,0.025193474740744168
Merzenhausen,2022-10-08 05:00:00,1,,val,arima,0.28,0.0251807709027416
Merzenhausen,2022-10-08 06:00:00,1,,val,arima,0.28,0.025168073470663646
Merzenhausen,2022-10-08 07:00:00,1,,val,arima,0.278,0.025155382441280114
Merzenhausen,2022-10-08 08:00:00,1,,val,arima,0.278,0.02514269781136244
Merzenhausen,2022-10-08 09:00:00,1,,val,arima,0.28,0.025130019577683682
Merzenhausen,2022-10-08 10:00:00,1,,val,arima,0.28,0.025117347737018528
Merzenhausen,2022-10-08 11:00:00,1,,val,arima,0.282,0.0251046822861433
Merzenhausen,2022-10-08 12:00:00,1,,val,arima,0.28,0.025092023221835933
Merzenhausen,2022-10-08 13:00:00,1,,val,arima,0.279,0.025079370540875993
Merzenhausen,2022-10-08 14:00:00,1,,val,arima,0.279,0.025066724240044677
Merzenhausen,2022-10-08 15:00:00,1,,val,arima,0.279,0.02505408431612479
Merzenhausen,2022-10-08 16:00:00,1,,val,arima,0.279,0.025041450765900773
Merzenhausen,2022-10-08 17:00:00,1,,val,arima,0.279,0.02502882358615868
Merzenhausen,2022-10-08 18:00:00,1,,val,arima,0.28,0.025016202773686186
Merzenhausen,2022-10-08 19:00:00,1,,val,arima,0.28,0.025003588325272594
Merzenhausen,2022-10-08 20:00:00,1,,val,arima,0.277,0.024990980237708814
Merzenhausen,2022-10-08 21:00:00,1,,val,arima,0.279,0.024978378507787384
Merzenhausen,2022-10-08 22:00:00,1,,val,arima,0.28,0.024965783132302452
Merzenhausen,2022-10-08 23:00:00,1,,val,arima,0.278,0.02495319410804979
Merzenhausen,2022-10-09 00:00:00,1,,val,arima,0.275,0.024940611431826784
Merzenhausen,2022-10-09 01:00:00,1,,val,arima,0.278,0.024928035100432427
Merzenhausen,2022-10-09 02:00:00,1,,val,arima,0.275,0.024915465110667334
Merzenhausen,2022-10-09 03:00:00,1,,val,arima,0.275,0.024902901459333736
Merzenhausen,2022-10-09 04:00:00,1,,val,arima,0.278,0.024890344143235467
Merzenhausen,2022-10-09 05:00:00,1,,val,arima,0.275,0.02487779315917798
Merzenhausen,2022-10-09 06:00:00,1,,val,arima,0.276,0.024865248503968332
Merzenhausen,2022-10-09 07:00:00,1,,val,arima,0.273,0.024852710174415198
Merzenhausen,2022-10-09 08:00:00,1,,val,arima,0.273,0.024840178167328857
Merzenhausen,2022-10-09 09:00:00,1,,val,arima,0.276,0.0248276524795212
Merzenhausen,2022-10-09 10:00:00,1,,val,arima,0.275,0.02481513310780572
Merzenhausen,2022-10-09 11:00:00,1,,val,arima,0.275,0.024802620048997526
Merzenhausen,2022-10-09 12:00:00,1,,val,arima,0.274,0.02479011329991332
Merzenhausen,2022-10-09 13:00:00,1,,val,arima,0.275,0.02477761285737142
Merzenhausen,2022-10-09 14:00:00,1,,val,arima,0.277,0.024765118718191752
Merzenhausen,2022-10-09 15:00:00,1,,val,arima,0.274,0.02475263087919583
Merzenhausen,2022-10-09 16:00:00,1,,val,arima,0.274,0.02474014933720678
Merzenhausen,2022-10-09 17:00:00,1,,val,arima,0.275,0.02472767408904933
Merzenhausen,2022-10-09 18:00:00,1,,val,arima,0.275,0.02471520513154981
Merzenhausen,2022-10-09 19:00:00,1,,val,arima,0.275,0.024702742461536146
Merzenhausen,2022-10-09 20:00:00,1,,val,arima,0.273,0.02469028607583787
Merzenhausen,2022-10-09 21:00:00,1,,val,arima,0.273,0.024677835971286102
Merzenhausen,2022-10-09 22:00:00,1,,val,arima,0.277,0.024665392144713576
Merzenhausen,2022-10-09 23:00:00,1,,val,arima,0.273,0.024652954592954607
Merzenhausen,2022-10-10 00:00:00,1,,val,arima,0.275,0.024640523312845115
Merzenhausen,2022-10-10 01:00:00,1,,val,arima,0.274,0.024628098301222617
Merzenhausen,2022-10-10 02:00:00,1,,val,arima,0.273,0.024615679554926218
Merzenhausen,2022-10-10 03:00:00,1,,val,arima,0.273,0.02460326707079662
Merzenhausen,2022-10-10 04:00:00,1,,val,arima,0.273,0.02459086084567612
Merzenhausen,2022-10-10 05:00:00,1,,val,arima,0.276,0.024578460876408602
Merzenhausen,2022-10-10 06:00:00,1,,val,arima,0.273,0.02456606715983955
Merzenhausen,2022-10-10 07:00:00,1,,val,arima,0.269,0.02455367969281603
Merzenhausen,2022-10-10 08:00:00,1,,val,arima,0.269,0.024541298472186706
Merzenhausen,2022-10-10 09:00:00,1,,val,arima,0.269,0.024528923494801822
Merzenhausen,2022-10-10 10:00:00,1,,val,arima,0.269,0.024516554757513215
Merzenhausen,2022-10-10 11:00:00,1,,val,arima,0.268,0.024504192257174314
Merzenhausen,2022-10-10 12:00:00,1,,val,arima,0.271,0.02449183599064013
Merzenhausen,2022-10-10 13:00:00,1,,val,arima,0.27,0.024479485954767254
Merzenhausen,2022-10-10 14:00:00,1,,val,arima,0.27,0.02446714214641387
Merzenhausen,2022-10-10 15:00:00,1,,val,arima,0.272,0.02445480456243975
Merzenhausen,2022-10-10 16:00:00,1,,val,arima,0.269,0.024442473199706237
Merzenhausen,2022-10-10 17:00:00,1,,val,arima,0.27,0.02443014805507627
Merzenhausen,2022-10-10 18:00:00,1,,val,arima,0.27,0.024417829125414355
Merzenhausen,2022-10-10 19:00:00,1,,val,arima,0.271,0.02440551640758659
Merzenhausen,2022-10-10 20:00:00,1,,val,arima,0.268,0.024393209898460656
Merzenhausen,2022-10-10 21:00:00,1,,val,arima,0.268,0.024380909594905804
Merzenhausen,2022-10-10 22:00:00,1,,val,arima,0.268,0.024368615493792864
Merzenhausen,2022-10-10 23:00:00,1,,val,arima,0.271,0.024356327591994256
Merzenhausen,2022-10-11 00:00:00,1,,val,arima,0.271,0.02434404588638396
Merzenhausen,2022-10-11 01:00:00,1,,val,arima,0.266,0.02433177037383755
Merzenhausen,2022-10-11 02:00:00,1,,val,arima,0.266,0.024319501051232158
Merzenhausen,2022-10-11 03:00:00,1,,val,arima,0.268,0.024307237915446506
Merzenhausen,2022-10-11 04:00:00,1,,val,arima,0.269,0.02429498096336088
Merzenhausen,2022-10-11 05:00:00,1,,val,arima,0.269,0.024282730191857144
Merzenhausen,2022-10-11 06:00:00,1,,val,arima,0.269,0.02427048559781873
Merzenhausen,2022-10-11 07:00:00,1,,val,arima,0.269,0.024258247178130646
Merzenhausen,2022-10-11 08:00:00,1,,val,arima,0.269,0.02424601492967947
Merzenhausen,2022-10-11 09:00:00,1,,val,arima,0.268,0.024233788849353347
Merzenhausen,2022-10-11 10:00:00,1,,val,arima,0.268,0.024221568934041992
Merzenhausen,2022-10-11 11:00:00,1,,val,arima,0.268,0.02420935518063669
Merzenhausen,2022-10-11 12:00:00,1,,val,arima,0.266,0.024197147586030296
Merzenhausen,2022-10-11 13:00:00,1,,val,arima,0.266,0.024184946147117227
Merzenhausen,2022-10-11 14:00:00,1,,val,arima,0.268,0.024172750860793464
Merzenhausen,2022-10-11 15:00:00,1,,val,arima,0.268,0.024160561723956565
Merzenhausen,2022-10-11 16:00:00,1,,val,arima,0.268,0.024148378733505636
Merzenhausen,2022-10-11 17:00:00,1,,val,arima,0.268,0.024136201886341357
Merzenhausen,2022-10-11 18:00:00,1,,val,arima,0.268,0.024124031179365974
Merzenhausen,2022-10-11 19:00:00,1,,val,arima,0.268,0.024111866609483286
Merzenhausen,2022-10-11 20:00:00,1,,val,arima,0.268,0.024099708173598654
Merzenhausen,2022-10-11 21:00:00,1,,val,arima,0.268,0.024087555868619007
Merzenhausen,2022-10-11 22:00:00,1,,val,arima,0.268,0.024075409691452825
Merzenhausen,2022-10-11 23:00:00,1,,val,arima,0.268,0.024063269639010156
Merzenhausen,2022-10-12 00:00:00,1,,val,arima,0.268,0.024051135708202602
Merzenhausen,2022-10-12 01:00:00,1,,val,arima,0.268,0.024039007895943314
Merzenhausen,2022-10-12 02:00:00,1,,val,arima,0.265,0.024026886199147016
Merzenhausen,2022-10-12 03:00:00,1,,val,arima,0.268,0.024014770614729973
Merzenhausen,2022-10-12 04:00:00,1,,val,arima,0.268,0.024002661139610013
Merzenhausen,2022-10-12 05:00:00,1,,val,arima,0.266,0.023990557770706515
Merzenhausen,2022-10-12 06:00:00,1,,val,arima,0.268,0.023978460504940416
Merzenhausen,2022-10-12 07:00:00,1,,val,arima,0.265,0.023966369339234198
Merzenhausen,2022-10-12 08:00:00,1,,val,arima,0.268,0.023954284270511904
Merzenhausen,2022-10-12 09:00:00,1,,val,arima,0.256,0.023942205295699116
Merzenhausen,2022-10-12 10:00:00,1,,val,arima,0.268,0.023930132411722975
Merzenhausen,2022-10-12 11:00:00,1,,val,arima,0.267,0.023918065615512175
Merzenhausen,2022-10-12 12:00:00,1,,val,arima,0.268,0.02390600490399695
Merzenhausen,2022-10-12 13:00:00,1,,val,arima,0.262,0.02389395027410908
Merzenhausen,2022-10-12 14:00:00,1,,val,arima,0.27,0.023881901722781908
Merzenhausen,2022-10-12 15:00:00,1,,val,arima,0.27,0.023869859246950304
Merzenhausen,2022-10-12 16:00:00,1,,val,arima,0.269,0.0238578228435507
Merzenhausen,2022-10-12 17:00:00,1,,val,arima,0.27,0.02384579250952106
Merzenhausen,2022-10-12 18:00:00,1,,val,arima,0.27,0.023833768241800897
Merzenhausen,2022-10-12 19:00:00,1,,val,arima,0.267,0.023821750037331273
Merzenhausen,2022-10-12 20:00:00,1,,val,arima,0.267,0.023809737893054784
Merzenhausen,2022-10-12 21:00:00,1,,val,arima,0.267,0.023797731805915566
Merzenhausen,2022-10-12 22:00:00,1,,val,arima,0.268,0.02378573177285931
Merzenhausen,2022-10-12 23:00:00,1,,val,arima,0.268,0.023773737790833232
Merzenhausen,2022-10-13 00:00:00,1,,val,arima,0.268,0.023761749856786092
Merzenhausen,2022-10-13 01:00:00,1,,val,arima,0.268,0.023749767967668194
Merzenhausen,2022-10-13 02:00:00,1,,val,arima,0.268,0.023737792120431374
Merzenhausen,2022-10-13 03:00:00,1,,val,arima,0.268,0.023725822312029007
Merzenhausen,2022-10-13 04:00:00,1,,val,arima,0.268,0.023713858539416002
Merzenhausen,2022-10-13 05:00:00,1,,val,arima,0.268,0.023701900799548807
Merzenhausen,2022-10-13 06:00:00,1,,val,arima,0.265,0.023689949089385404
Merzenhausen,2022-10-13 07:00:00,1,,val,arima,0.265,0.023678003405885308
Merzenhausen,2022-10-13 08:00:00,1,,val,arima,0.265,0.023666063746009564
Merzenhausen,2022-10-13 09:00:00,1,,val,arima,0.265,0.023654130106720753
Merzenhausen,2022-10-13 10:00:00,1,,val,arima,0.268,0.023642202484982992
Merzenhausen,2022-10-13 11:00:00,1,,val,arima,0.267,0.023630280877761922
Merzenhausen,2022-10-13 12:00:00,1,,val,arima,0.267,0.02361836528202471
Merzenhausen,2022-10-13 13:00:00,1,,val,arima,0.269,0.02360645569474007
Merzenhausen,2022-10-13 14:00:00,1,,val,arima,0.269,0.023594552112878225
Merzenhausen,2022-10-13 15:00:00,1,,val,arima,0.257,0.023582654533410935
Merzenhausen,2022-10-13 16:00:00,1,,val,arima,0.272,0.023570762953311487
Merzenhausen,2022-10-13 17:00:00,1,,val,arima,0.263,0.02355887736955469
Merzenhausen,2022-10-13 18:00:00,1,,val,arima,0.26250002,0.02354699777911689
Merzenhausen,2022-10-13 19:00:00,1,,val,arima,0.278,0.02353512417897594
Merzenhausen,2022-10-13 20:00:00,1,,val,arima,0.264,0.023523256566111227
Merzenhausen,2022-10-13 21:00:00,1,,val,arima,0.277,0.023511394937503663
Merzenhausen,2022-10-13 22:00:00,1,,val,arima,0.2625,0.02349953929013568
Merzenhausen,2022-10-13 23:00:00,1,,val,arima,0.277,0.02348768962099123
Merzenhausen,2022-10-14 00:00:00,1,,val,arima,0.277,0.02347584592705579
Merzenhausen,2022-10-14 01:00:00,1,,val,arima,0.278,0.02346400820531635
Merzenhausen,2022-10-14 02:00:00,1,,val,arima,0.278,0.023452176452761424
Merzenhausen,2022-10-14 03:00:00,1,,val,arima,0.278,0.023440350666381043
Merzenhausen,2022-10-14 04:00:00,1,,val,arima,0.278,0.02342853084316676
Merzenhausen,2022-10-14 05:00:00,1,,val,arima,0.278,0.023416716980111642
Merzenhausen,2022-10-14 06:00:00,1,,val,arima,0.277,0.02340490907421027
Merzenhausen,2022-10-14 07:00:00,1,,val,arima,0.277,0.02339310712245874
Merzenhausen,2022-10-14 08:00:00,1,,val,arima,0.277,0.023381311121854674
Merzenhausen,2022-10-14 09:00:00,1,,val,arima,0.277,0.023369521069397187
Merzenhausen,2022-10-14 10:00:00,1,,val,arima,0.278,0.023357736962086928
Merzenhausen,2022-10-14 11:00:00,1,,val,arima,0.278,0.023345958796926046
Merzenhausen,2022-10-14 12:00:00,1,,val,arima,0.278,0.02333418657091821
Merzenhausen,2022-10-14 13:00:00,1,,val,arima,0.278,0.02332242028106859
Merzenhausen,2022-10-14 14:00:00,1,,val,arima,0.275,0.023310659924383872
Merzenhausen,2022-10-14 15:00:00,1,,val,arima,0.275,0.02329890549787226
Merzenhausen,2022-10-14 16:00:00,1,,val,arima,0.262,0.023287156998543446
Merzenhausen,2022-10-14 17:00:00,1,,val,arima,0.278,0.023275414423408643
Merzenhausen,2022-10-14 18:00:00,1,,val,arima,0.277,0.023263677769480576
Merzenhausen,2022-10-14 19:00:00,1,,val,arima,0.278,0.023251947033773465
Merzenhausen,2022-10-14 20:00:00,1,,val,arima,0.277,0.023240222213303043
Merzenhausen,2022-10-14 21:00:00,1,,val,arima,0.278,0.023228503305086544
Merzenhausen,2022-10-14 22:00:00,1,,val,arima,0.278,0.023216790306142706
Merzenhausen,2022-10-14 23:00:00,1,,val,arima,0.275,0.023205083213491774
Merzenhausen,2022-10-15 00:00:00,1,,val,arima,0.275,0.02319338202415549
Merzenhausen,2022-10-15 01:00:00,1,,val,arima,0.277,0.023181686735157102
Merzenhausen,2022-10-15 02:00:00,1,,val,arima,0.275,0.023169997343521362
Merzenhausen,2022-10-15 03:00:00,1,,val,arima,0.275,0.023158313846274512
Merzenhausen,2022-10-15 04:00:00,1,,val,arima,0.276,0.0231466362404443
Merzenhausen,2022-10-15 05:00:00,1,,val,arima,0.275,0.02313496452305998
Merzenhausen,2022-10-15 06:00:00,1,,val,arima,0.276,0.023123298691152296
Merzenhausen,2022-10-15 07:00:00,1,,val,arima,0.275,0.023111638741753482
Merzenhausen,2022-10-15 08:00:00,1,,val,arima,0.276,0.023099984671897278
Merzenhausen,2022-10-15 09:00:00,1,,val,arima,0.277,0.023088336478618923
Merzenhausen,2022-10-15 10:00:00,1,,val,arima,0.277,0.023076694158955142
Merzenhausen,2022-10-15 11:00:00,1,,val,arima,0.277,0.02306505770994416
Merzenhausen,2022-10-15 12:00:00,1,,val,arima,0.275,0.023053427128625688
Merzenhausen,2022-10-15 13:00:00,1,,val,arima,0.2765,0.023041802412040943
Merzenhausen,2022-10-15 14:00:00,1,,val,arima,0.275,0.023030183557232624
Merzenhausen,2022-10-15 15:00:00,1,,val,arima,0.275,0.023018570561244924
Merzenhausen,2022-10-15 16:00:00,1,,val,arima,0.277,0.023006963421123523
Merzenhausen,2022-10-15 17:00:00,1,,val,arima,0.275,0.0229953621339156
Merzenhausen,2022-10-15 18:00:00,1,,val,arima,0.277,0.02298376669666981
Merzenhausen,2022-10-15 19:00:00,1,,val,arima,0.277,0.022972177106436308
Merzenhausen,2022-10-15 20:00:00,1,,val,arima,0.277,0.022960593360266728
Merzenhausen,2022-10-15 21:00:00,1,,val,arima,0.275,0.0229490154552142
Merzenhausen,2022-10-15 22:00:00,1,,val,arima,0.277,0.022937443388333326
Merzenhausen,2022-10-15 23:00:00,1,,val,arima,0.277,0.022925877156680208
Merzenhausen,2022-10-16 00:00:00,1,,val,arima,0.274,0.02291431675731242
Merzenhausen,2022-10-16 01:00:00,1,,val,arima,0.277,0.02290276218728903
Merzenhausen,2022-10-16 02:00:00,1,,val,arima,0.277,0.022891213443670587
Merzenhausen,2022-10-16 03:00:00,1,,val,arima,0.277,0.02287967052351911
Merzenhausen,2022-10-16 04:00:00,1,,val,arima,0.277,0.022868133423898117
Merzenhausen,2022-10-16 05:00:00,1,,val,arima,0.281,0.0228566021418726
Merzenhausen,2022-10-16 06:00:00,1,,val,arima,0.283,0.022845076674509024
Merzenhausen,2022-10-16 07:00:00,1,,val,arima,0.285,0.022833557018875343
Merzenhausen,2022-10-16 08:00:00,1,,val,arima,0.286,0.022822043172040986
Merzenhausen,2022-10-16 09:00:00,1,,val,arima,0.287,0.022810535131076858
Merzenhausen,2022-10-16 10:00:00,1,,val,arima,0.292,0.022799032893055342
Merzenhausen,2022-10-16 11:00:00,1,,val,arima,0.292,0.0227875364550503
Merzenhausen,2022-10-16 12:00:00,1,,val,arima,0.292,0.022776045814137065
Merzenhausen,2022-10-16 13:00:00,1,,val,arima,0.294,0.022764560967392447
Merzenhausen,2022-10-16 14:00:00,1,,val,arima,0.294,0.022753081911894728
Merzenhausen,2022-10-16 15:00:00,1,,val,arima,0.297,0.022741608644723674
Merzenhausen,2022-10-16 16:00:00,1,,val,arima,0.294,0.0227301411629605
Merzenhausen,2022-10-16 17:00:00,1,,val,arima,0.293,0.02271867946368792
Merzenhausen,2022-10-16 18:00:00,1,,val,arima,0.295,0.0227072235439901
Merzenhausen,2022-10-16 19:00:00,1,,val,arima,0.295,0.02269577340095269
Merzenhausen,2022-10-16 20:00:00,1,,val,arima,0.295,0.022684329031662794
Merzenhausen,2022-10-16 21:00:00,1,,val,arima,0.295,0.022672890433208998
Merzenhausen,2022-10-16 22:00:00,1,,val,arima,0.295,0.022661457602681352
Merzenhausen,2022-10-16 23:00:00,1,,val,arima,0.295,0.02265003053717137
Merzenhausen,2022-10-17 00:00:00,1,,val,arima,0.293,0.02263860923377204
Merzenhausen,2022-10-17 01:00:00,1,,val,arima,0.30650002,0.02262719368957781
Merzenhausen,2022-10-17 02:00:00,1,,val,arima,0.297,0.02261578390168459
Merzenhausen,2022-10-17 03:00:00,1,,val,arima,0.3055,0.02260437986718976
Merzenhausen,2022-10-17 04:00:00,1,,val,arima,0.2935,0.02259298158319216
Merzenhausen,2022-10-17 05:00:00,1,,val,arima,0.296,0.022581589046792104
Merzenhausen,2022-10-17 06:00:00,1,,val,arima,0.296,0.022570202255091352
Merzenhausen,2022-10-17 07:00:00,1,,val,arima,0.3035,0.022558821205193133
Merzenhausen,2022-10-17 08:00:00,1,,val,arima,0.2905,0.022547445894202142
Merzenhausen,2022-10-17 09:00:00,1,,val,arima,0.304,0.022536076319224524
Merzenhausen,2022-10-17 10:00:00,1,,val,arima,0.297,0.02252471247736789
Merzenhausen,2022-10-17 11:00:00,1,,val,arima,0.304,0.022513354365741305
Merzenhausen,2022-10-17 12:00:00,1,,val,arima,0.297,0.022502001981455296
Merzenhausen,2022-10-17 13:00:00,1,,val,arima,0.304,0.022490655321621845
Merzenhausen,2022-10-17 14:00:00,1,,val,arima,0.297,0.02247931438335439
Merzenhausen,2022-10-17 15:00:00,1,,val,arima,0.297,0.022467979163767825
Merzenhausen,2022-10-17 16:00:00,1,,val,arima,0.304,0.022456649659978498
Merzenhausen,2022-10-17 17:00:00,1,,val,arima,0.297,0.022445325869104214
Merzenhausen,2022-10-17 18:00:00,1,,val,arima,0.297,0.022434007788264224
Merzenhausen,2022-10-17 19:00:00,1,,val,arima,0.297,0.022422695414579242
Merzenhausen,2022-10-17 20:00:00,1,,val,arima,0.297,0.02241138874517143
Merzenhausen,2022-10-17 21:00:00,1,,val,arima,0.297,0.022400087777164394
Merzenhausen,2022-10-17 22:00:00,1,,val,arima,0.297,0.0223887925076832
Merzenhausen,2022-10-17 23:00:00,1,,val,arima,0.297,0.022377502933854355
Merzenhausen,2022-10-18 00:00:00,1,,val,arima,0.295,0.022366219052805825
Merzenhausen,2022-10-18 01:00:00,1,,val,arima,0.297,0.02235494086166702
Merzenhausen,2022-10-18 02:00:00,1,,val,arima,0.297,0.02234366835756879
Merzenhausen,2022-10-18 03:00:00,1,,val,arima,0.295,0.02233240153764345
Merzenhausen,2022-10-18 04:00:00,1,,val,arima,0.295,0.02232114039902474
Merzenhausen,2022-10-18 05:00:00,1,,val,arima,0.295,0.022309884938847856
Merzenhausen,2022-10-18 06:00:00,1,,val,arima,0.302,0.022298635154249437
Merzenhausen,2022-10-18 07:00:00,1,,val,arima,0.295,0.02228739104236757
Merzenhausen,2022-10-18 08:00:00,1,,val,arima,0.295,0.022276152600341777
Merzenhausen,2022-10-18 09:00:00,1,,val,arima,0.295,0.022264919825313027
Merzenhausen,2022-10-18 10:00:00,1,,val,arima,0.295,0.022253692714423734
Merzenhausen,2022-10-18 11:00:00,1,,val,arima,0.295,0.022242471264817744
Merzenhausen,2022-10-18 12:00:00,1,,val,arima,0.295,0.022231255473640354
Merzenhausen,2022-10-18 13:00:00,1,,val,arima,0.295,0.022220045338038293
Merzenhausen,2022-10-18 14:00:00,1,,val,arima,0.3015,0.022208840855159732
Merzenhausen,2022-10-18 15:00:00,1,,val,arima,0.295,0.022197642022154275
Merzenhausen,2022-10-18 16:00:00,1,,val,arima,0.295,0.02218644883617297
Merzenhausen,2022-10-18 17:00:00,1,,val,arima,0.295,0.0221752612943683
Merzenhausen,2022-10-18 18:00:00,1,,val,arima,0.295,0.022164079393894177
Merzenhausen,2022-10-18 19:00:00,1,,val,arima,0.295,0.02215290313190596
Merzenhausen,2022-10-18 20:00:00,1,,val,arima,0.295,0.02214173250556043
Merzenhausen,2022-10-18 21:00:00,1,,val,arima,0.295,0.022130567512015815
Merzenhausen,2022-10-18 22:00:00,1,,val,arima,0.295,0.022119408148431767
Merzenhausen,2022-10-18 23:00:00,1,,val,arima,0.294,0.02210825441196937
Merzenhausen,2022-10-19 00:00:00,1,,val,arima,0.2905,0.022097106299791138
Merzenhausen,2022-10-19 01:00:00,1,,val,arima,0.28399998,0.022085963809061027
Merzenhausen,2022-10-19 02:00:00,1,,val,arima,0.294,0.02207482693694441
Merzenhausen,2022-10-19 03:00:00,1,,val,arima,0.2905,0.022063695680608095
Merzenhausen,2022-10-19 04:00:00,1,,val,arima,0.297,0.02205257003722032
Merzenhausen,2022-10-19 05:00:00,1,,val,arima,0.297,0.022041450003950754
Merzenhausen,2022-10-19 06:00:00,1,,val,arima,0.297,0.02203033557797048
Merzenhausen,2022-10-19 07:00:00,1,,val,arima,0.296,0.02201922675645202
Merzenhausen,2022-10-19 08:00:00,1,,val,arima,0.297,0.022008123536569314
Merzenhausen,2022-10-19 09:00:00,1,,val,arima,0.3035,0.021997025915497737
Merzenhausen,2022-10-19 10:00:00,1,,val,arima,0.2825,0.021985933890414082
Merzenhausen,2022-10-19 11:00:00,1,,val,arima,0.295,0.021974847458496562
Merzenhausen,2022-10-19 12:00:00,1,,val,arima,0.297,0.02196376661692482
Merzenhausen,2022-10-19 13:00:00,1,,val,arima,0.305,0.021952691362879917
Merzenhausen,2022-10-19 14:00:00,1,,val,arima,0.297,0.021941621693544335
Merzenhausen,2022-10-19 15:00:00,1,,val,arima,0.295,0.021930557606101977
Merzenhausen,2022-10-19 16:00:00,1,,val,arima,0.295,0.021919499097738167
Merzenhausen,2022-10-19 17:00:00,1,,val,arima,0.28399998,0.021908446165639653
Merzenhausen,2022-10-19 18:00:00,1,,val,arima,0.297,0.021897398806994595
Merzenhausen,2022-10-19 19:00:00,1,,val,arima,0.296,0.021886357018992567
Merzenhausen,2022-10-19 20:00:00,1,,val,arima,0.296,0.021875320798824573
Merzenhausen,2022-10-19 21:00:00,1,,val,arima,0.295,0.021864290143683025
Merzenhausen,2022-10-19 22:00:00,1,,val,arima,0.294,0.02185326505076175
Merzenhausen,2022-10-19 23:00:00,1,,val,arima,0.2915,0.02184224551725599
Merzenhausen,2022-10-20 00:00:00,1,,val,arima,0.295,0.021831231540362414
Merzenhausen,2022-10-20 01:00:00,1,,val,arima,0.297,0.021820223117279082
Merzenhausen,2022-10-20 02:00:00,1,,val,arima,0.296,0.021809220245205485
Merzenhausen,2022-10-20 03:00:00,1,,val,arima,0.296,0.02179822292134252
Merzenhausen,2022-10-20 04:00:00,1,,val,arima,0.299,0.021787231142892494
Merzenhausen,2022-10-20 05:00:00,1,,val,arima,0.296,0.021776244907059126
Merzenhausen,2022-10-20 06:00:00,1,,val,arima,0.296,0.021765264211047547
Merzenhausen,2022-10-20 07:00:00,1,,val,arima,0.296,0.021754289052064293
Merzenhausen,2022-10-20 08:00:00,1,,val,arima,0.296,0.021743319427317314
Merzenhausen,2022-10-20 09:00:00,1,,val,arima,0.296,0.021732355334015963
Merzenhausen,2022-10-20 10:00:00,1,,val,arima,0.296,0.021721396769371005
Merzenhausen,2022-10-20 11:00:00,1,,val,arima,0.296,0.0217104437305946
Merzenhausen,2022-10-20 12:00:00,1,,val,arima,0.297,0.02169949621490034
Merzenhausen,2022-10-20 13:00:00,1,,val,arima,0.297,0.02168855421950319
Merzenhausen,2022-10-20 14:00:00,1,,val,arima,0.297,0.02167761774161954
Merzenhausen,2022-10-20 15:00:00,1,,val,arima,0.297,0.02166668677846717
Merzenhausen,2022-10-20 16:00:00,1,,val,arima,0.297,0.021655761327265283
Merzenhausen,2022-10-20 17:00:00,1,,val,arima,0.297,0.02164484138523446
Merzenhausen,2022-10-20 18:00:00,1,,val,arima,0.297,0.021633926949596705
Merzenhausen,2022-10-20 19:00:00,1,,val,arima,0.297,0.021623018017575407
Merzenhausen,2022-10-20 20:00:00,1,,val,arima,0.297,0.021612114586395365
Merzenhausen,2022-10-20 21:00:00,1,,val,arima,0.297,0.021601216653282768
Merzenhausen,2022-10-20 22:00:00,1,,val,arima,0.297,0.021590324215465216
Merzenhausen,2022-10-20 23:00:00,1,,val,arima,0.297,0.02157943727017169
Merzenhausen,2022-10-21 00:00:00,1,,val,arima,0.294,0.021568555814632594
Merzenhausen,2022-10-21 01:00:00,1,,val,arima,0.294,0.0215576798460797
Merzenhausen,2022-10-21 02:00:00,1,,val,arima,0.294,0.021546809361746192
Merzenhausen,2022-10-21 03:00:00,1,,val,arima,0.295,0.021535944358866653
Merzenhausen,2022-10-21 04:00:00,1,,val,arima,0.295,0.021525084834677043
Merzenhausen,2022-10-21 05:00:00,1,,val,arima,0.295,0.021514230786414734
Merzenhausen,2022-10-21 06:00:00,1,,val,arima,0.295,0.021503382211318485
Merzenhausen,2022-10-21 07:00:00,1,,val,arima,0.295,0.02149253910662844
Merzenhausen,2022-10-21 08:00:00,1,,val,arima,0.293,0.021481701469586143
Merzenhausen,2022-10-21 09:00:00,1,,val,arima,0.295,0.021470869297434525
Merzenhausen,2022-10-21 10:00:00,1,,val,arima,0.293,0.02146004258741791
Merzenhausen,2022-10-21 11:00:00,1,,val,arima,0.294,0.021449221336782013
Merzenhausen,2022-10-21 12:00:00,1,,val,arima,0.298,0.02143840554277393
Merzenhausen,2022-10-21 13:00:00,1,,val,arima,0.293,0.021427595202642154
Merzenhausen,2022-10-21 14:00:00,1,,val,arima,0.295,0.02141679031363656
Merzenhausen,2022-10-21 15:00:00,1,,val,arima,0.293,0.021405990873008415
Merzenhausen,2022-10-21 16:00:00,1,,val,arima,0.293,0.021395196878010364
Merzenhausen,2022-10-21 17:00:00,1,,val,arima,0.293,0.021384408325896442
Merzenhausen,2022-10-21 18:00:00,1,,val,arima,0.293,0.02137362521392207
Merzenhausen,2022-10-21 19:00:00,1,,val,arima,0.293,0.021362847539344053
Merzenhausen,2022-10-21 20:00:00,1,,val,arima,0.293,0.021352075299420573
Merzenhausen,2022-10-21 21:00:00,1,,val,arima,0.293,0.021341308491411207
Merzenhausen,2022-10-21 22:00:00,1,,val,arima,0.293,0.021330547112576898
Merzenhausen,2022-10-21 23:00:00,1,,val,arima,0.293,0.02131979116017998
Merzenhausen,2022-10-22 00:00:00,1,,val,arima,0.295,0.021309040631484172
Merzenhausen,2022-10-22 01:00:00,1,,val,arima,0.29,0.021298295523754562
Merzenhausen,2022-10-22 02:00:00,1,,val,arima,0.29,0.02128755583425762
Merzenhausen,2022-10-22 03:00:00,1,,val,arima,0.293,0.0212768215602612
Merzenhausen,2022-10-22 04:00:00,1,,val,arima,0.292,0.02126609269903453
Merzenhausen,2022-10-22 05:00:00,1,,val,arima,0.292,0.02125536924784821
Merzenhausen,2022-10-22 06:00:00,1,,val,arima,0.292,0.021244651203974223
Merzenhausen,2022-10-22 07:00:00,1,,val,arima,0.292,0.02123393856468593
Merzenhausen,2022-10-22 08:00:00,1,,val,arima,0.292,0.021223231327258056
Merzenhausen,2022-10-22 09:00:00,1,,val,arima,0.292,0.02121252948896671
Merzenhausen,2022-10-22 10:00:00,1,,val,arima,0.29,0.021201833047089374
Merzenhausen,2022-10-22 11:00:00,1,,val,arima,0.29,0.021191141998904896
Merzenhausen,2022-10-22 12:00:00,1,,val,arima,0.292,0.0211804563416935
Merzenhausen,2022-10-22 13:00:00,1,,val,arima,0.292,0.021169776072736787
Merzenhausen,2022-10-22 14:00:00,1,,val,arima,0.292,0.02115910118931772
Merzenhausen,2022-10-22 15:00:00,1,,val,arima,0.289,0.02114843168872063
Merzenhausen,2022-10-22 16:00:00,1,,val,arima,0.289,0.021137767568231235
Merzenhausen,2022-10-22 17:00:00,1,,val,arima,0.289,0.021127108825136603
Merzenhausen,2022-10-22 18:00:00,1,,val,arima,0.29,0.02111645545672517
Merzenhausen,2022-10-22 19:00:00,1,,val,arima,0.29,0.02110580746028676
Merzenhausen,2022-10-22 20:00:00,1,,val,arima,0.29,0.02109516483311254
Merzenhausen,2022-10-22 21:00:00,1,,val,arima,0.29,0.021084527572495057
Merzenhausen,2022-10-22 22:00:00,1,,val,arima,0.29,0.02107389567572821
Merzenhausen,2022-10-22 23:00:00,1,,val,arima,0.29,0.021063269140107282
Merzenhausen,2022-10-23 00:00:00,1,,val,arima,0.29,0.021052647962928907
Merzenhausen,2022-10-23 01:00:00,1,,val,arima,0.29,0.021042032141491078
Merzenhausen,2022-10-23 02:00:00,1,,val,arima,0.29,0.021031421673093163
Merzenhausen,2022-10-23 03:00:00,1,,val,arima,0.29,0.021020816555035883
Merzenhausen,2022-10-23 04:00:00,1,,val,arima,0.29,0.021010216784621324
Merzenhausen,2022-10-23 05:00:00,1,,val,arima,0.29,0.020999622359152932
Merzenhausen,2022-10-23 06:00:00,1,,val,arima,0.29,0.020989033275935508
Merzenhausen,2022-10-23 07:00:00,1,,val,arima,0.29,0.02097844953227522
Merzenhausen,2022-10-23 08:00:00,1,,val,arima,0.288,0.020967871125479588
Merzenhausen,2022-10-23 09:00:00,1,,val,arima,0.288,0.020957298052857492
Merzenhausen,2022-10-23 10:00:00,1,,val,arima,0.288,0.020946730311719168
Merzenhausen,2022-10-23 11:00:00,1,,val,arima,0.288,0.020936167899376214
Merzenhausen,2022-10-23 12:00:00,1,,val,arima,0.288,0.020925610813141572
Merzenhausen,2022-10-23 13:00:00,1,,val,arima,0.288,0.020915059050329553
Merzenhausen,2022-10-23 14:00:00,1,,val,arima,0.288,0.020904512608255814
Merzenhausen,2022-10-23 15:00:00,1,,val,arima,0.288,0.020893971484237363
Merzenhausen,2022-10-23 16:00:00,1,,val,arima,0.288,0.020883435675592563
Merzenhausen,2022-10-23 17:00:00,1,,val,arima,0.288,0.020872905179641136
Merzenhausen,2022-10-23 18:00:00,1,,val,arima,0.288,0.020862379993704147
Merzenhausen,2022-10-23 19:00:00,1,,val,arima,0.288,0.020851860115104016
Merzenhausen,2022-10-23 20:00:00,1,,val,arima,0.286,0.020841345541164517
Merzenhausen,2022-10-23 21:00:00,1,,val,arima,0.286,0.020830836269210763
Merzenhausen,2022-10-23 22:00:00,1,,val,arima,0.286,0.020820332296569224
Merzenhausen,2022-10-23 23:00:00,1,,val,arima,0.286,0.020809833620567715
Merzenhausen,2022-10-24 00:00:00,1,,val,arima,0.286,0.0207993402385354
Merzenhausen,2022-10-24 01:00:00,1,,val,arima,0.288,0.020788852147802787
Merzenhausen,2022-10-24 02:00:00,1,,val,arima,0.287,0.020778369345701736
Merzenhausen,2022-10-24 03:00:00,1,,val,arima,0.286,0.020767891829565448
Merzenhausen,2022-10-24 04:00:00,1,,val,arima,0.286,0.020757419596728468
Merzenhausen,2022-10-24 05:00:00,1,,val,arima,0.286,0.020746952644526688
Merzenhausen,2022-10-24 06:00:00,1,,val,arima,0.286,0.02073649097029734
Merzenhausen,2022-10-24 07:00:00,1,,val,arima,0.286,0.020726034571378997
Merzenhausen,2022-10-24 08:00:00,1,,val,arima,0.286,0.020715583445111582
Merzenhausen,2022-10-24 09:00:00,1,,val,arima,0.286,0.020705137588836353
Merzenhausen,2022-10-24 10:00:00,1,,val,arima,0.288,0.020694696999895915
Merzenhausen,2022-10-24 11:00:00,1,,val,arima,0.285,0.020684261675634204
Merzenhausen,2022-10-24 12:00:00,1,,val,arima,0.285,0.020673831613396497
Merzenhausen,2022-10-24 13:00:00,1,,val,arima,0.286,0.02066340681052942
Merzenhausen,2022-10-24 14:00:00,1,,val,arima,0.286,0.020652987264380925
Merzenhausen,2022-10-24 15:00:00,1,,val,arima,0.286,0.020642572972300308
Merzenhausen,2022-10-24 16:00:00,1,,val,arima,0.286,0.020632163931638192
Merzenhausen,2022-10-24 17:00:00,1,,val,arima,0.286,0.020621760139746554
Merzenhausen,2022-10-24 18:00:00,1,,val,arima,0.286,0.02061136159397869
Merzenhausen,2022-10-24 19:00:00,1,,val,arima,0.283,0.020600968291689236
Merzenhausen,2022-10-24 20:00:00,1,,val,arima,0.283,0.020590580230234162
Merzenhausen,2022-10-24 21:00:00,1,,val,arima,0.284,0.020580197406970775
Merzenhausen,2022-10-24 22:00:00,1,,val,arima,0.284,0.020569819819257706
Merzenhausen,2022-10-24 23:00:00,1,,val,arima,0.284,0.020559447464454927
Merzenhausen,2022-10-25 00:00:00,1,,val,arima,0.284,0.020549080339923732
Merzenhausen,2022-10-25 01:00:00,1,,val,arima,0.284,0.02053871844302676
Merzenhausen,2022-10-25 02:00:00,1,,val,arima,0.284,0.02052836177112796
Merzenhausen,2022-10-25 03:00:00,1,,val,arima,0.286,0.020518010321592624
Merzenhausen,2022-10-25 04:00:00,1,,val,arima,0.283,0.02050766409178737
Merzenhausen,2022-10-25 05:00:00,1,,val,arima,0.281,0.02049732307908015
Merzenhausen,2022-10-25 06:00:00,1,,val,arima,0.283,0.020486987280840224
Merzenhausen,2022-10-25 07:00:00,1,,val,arima,0.284,0.0204766566944382
Merzenhausen,2022-10-25 08:00:00,1,,val,arima,0.284,0.020466331317246
Merzenhausen,2022-10-25 09:00:00,1,,val,arima,0.281,0.020456011146636876
Merzenhausen,2022-10-25 10:00:00,1,,val,arima,0.283,0.0204456961799854
Merzenhausen,2022-10-25 11:00:00,1,,val,arima,0.284,0.020435386414667474
Merzenhausen,2022-10-25 12:00:00,1,,val,arima,0.281,0.020425081848060314
Merzenhausen,2022-10-25 13:00:00,1,,val,arima,0.281,0.020414782477542463
Merzenhausen,2022-10-25 14:00:00,1,,val,arima,0.281,0.020404488300493795
Merzenhausen,2022-10-25 15:00:00,1,,val,arima,0.281,0.020394199314295494
Merzenhausen,2022-10-25 16:00:00,1,,val,arima,0.281,0.020383915516330064
Merzenhausen,2022-10-25 17:00:00,1,,val,arima,0.281,0.02037363690398134
Merzenhausen,2022-10-25 18:00:00,1,,val,arima,0.281,0.020363363474634466
Merzenhausen,2022-10-25 19:00:00,1,,val,arima,0.281,0.020353095225675903
Merzenhausen,2022-10-25 20:00:00,1,,val,arima,0.281,0.02034283215449344
Merzenhausen,2022-10-25 21:00:00,1,,val,arima,0.281,0.020332574258476177
Merzenhausen,2022-10-25 22:00:00,1,,val,arima,0.281,0.02032232153501453
Merzenhausen,2022-10-25 23:00:00,1,,val,arima,0.281,0.020312073981500228
Merzenhausen,2022-10-26 00:00:00,1,,val,arima,0.281,0.02030183159532633
Merzenhausen,2022-10-26 01:00:00,1,,val,arima,0.281,0.020291594373887185
Merzenhausen,2022-10-26 02:00:00,1,,val,arima,0.281,0.02028136231457848
Merzenhausen,2022-10-26 03:00:00,1,,val,arima,0.281,0.0202711354147972
Merzenhausen,2022-10-26 04:00:00,1,,val,arima,0.281,0.02026091367194165
Merzenhausen,2022-10-26 05:00:00,1,,val,arima,0.281,0.020250697083411442
Merzenhausen,2022-10-26 06:00:00,1,,val,arima,0.281,0.020240485646607503
Merzenhausen,2022-10-26 07:00:00,1,,val,arima,0.281,0.02023027935893207
Merzenhausen,2022-10-26 08:00:00,1,,val,arima,0.278,0.020220078217788685
Merzenhausen,2022-10-26 09:00:00,1,,val,arima,0.279,0.02020988222058221
Merzenhausen,2022-10-26 10:00:00,1,,val,arima,0.279,0.020199691364718806
Merzenhausen,2022-10-26 11:00:00,1,,val,arima,0.277,0.020189505647605945
Merzenhausen,2022-10-26 12:00:00,1,,val,arima,0.277,0.020179325066652404
Merzenhausen,2022-10-26 13:00:00,1,,val,arima,0.277,0.020169149619268273
Merzenhausen,2022-10-26 14:00:00,1,,val,arima,0.275,0.02015897930286494
Merzenhausen,2022-10-26 15:00:00,1,,val,arima,0.275,0.020148814114855106
Merzenhausen,2022-10-26 16:00:00,1,,val,arima,0.275,0.020138654052652766
Merzenhausen,2022-10-26 17:00:00,1,,val,arima,0.275,0.020128499113673235
Merzenhausen,2022-10-26 18:00:00,1,,val,arima,0.275,0.020118349295333113
Merzenhausen,2022-10-26 19:00:00,1,,val,arima,0.275,0.02010820459505032
Merzenhausen,2022-10-26 20:00:00,1,,val,arima,0.275,0.020098065010244068
Merzenhausen,2022-10-26 21:00:00,1,,val,arima,0.275,0.020087930538334867
Merzenhausen,2022-10-26 22:00:00,1,,val,arima,0.275,0.020077801176744535
Merzenhausen,2022-10-26 23:00:00,1,,val,arima,0.277,0.02006767692289619
Merzenhausen,2022-10-27 00:00:00,1,,val,arima,0.277,0.02005755777421425
Merzenhausen,2022-10-27 01:00:00,1,,val,arima,0.275,0.02004744372812442
Merzenhausen,2022-10-27 02:00:00,1,,val,arima,0.277,0.02003733478205372
Merzenhausen,2022-10-27 03:00:00,1,,val,arima,0.277,0.020027230933430458
Merzenhausen,2022-10-27 04:00:00,1,,val,arima,0.277,0.02001713217968424
Merzenhausen,2022-10-27 05:00:00,1,,val,arima,0.277,0.020007038518245972
Merzenhausen,2022-10-27 06:00:00,1,,val,arima,0.277,0.019996949946547847
Merzenhausen,2022-10-27 07:00:00,1,,val,arima,0.275,0.019986866462023356
Merzenhausen,2022-10-27 08:00:00,1,,val,arima,0.276,0.01997678806210729
Merzenhausen,2022-10-27 09:00:00,1,,val,arima,0.276,0.019966714744235732
Merzenhausen,2022-10-27 10:00:00,1,,val,arima,0.277,0.019956646505846047
Merzenhausen,2022-10-27 11:00:00,1,,val,arima,0.277,0.01994658334437691
Merzenhausen,2022-10-27 12:00:00,1,,val,arima,0.274,0.019936525257268273
Merzenhausen,2022-10-27 13:00:00,1,,val,arima,0.274,0.019926472241961382
Merzenhausen,2022-10-27 14:00:00,1,,val,arima,0.274,0.01991642429589878
Merzenhausen,2022-10-27 15:00:00,1,,val,arima,0.275,0.01990638141652429
Merzenhausen,2022-10-27 16:00:00,1,,val,arima,0.275,0.019896343601283034
Merzenhausen,2022-10-27 17:00:00,1,,val,arima,0.275,0.019886310847621415
Merzenhausen,2022-10-27 18:00:00,1,,val,arima,0.274,0.019876283152987125
Merzenhausen,2022-10-27 19:00:00,1,,val,arima,0.275,0.01986626051482914
Merzenhausen,2022-10-27 20:00:00,1,,val,arima,0.275,0.019856242930597734
Merzenhausen,2022-10-27 21:00:00,1,,val,arima,0.275,0.019846230397744455
Merzenhausen,2022-10-27 22:00:00,1,,val,arima,0.272,0.01983622291372214
Merzenhausen,2022-10-27 23:00:00,1,,val,arima,0.273,0.01982622047598491
Merzenhausen,2022-10-28 00:00:00,1,,val,arima,0.274,0.01981622308198817
Merzenhausen,2022-10-28 01:00:00,1,,val,arima,0.273,0.019806230729188613
Merzenhausen,2022-10-28 02:00:00,1,,val,arima,0.273,0.0197962434150442
Merzenhausen,2022-10-28 03:00:00,1,,val,arima,0.274,0.01978626113701419
Merzenhausen,2022-10-28 04:00:00,1,,val,arima,0.273,0.019776283892559116
Merzenhausen,2022-10-28 05:00:00,1,,val,arima,0.275,0.019766311679140794
Merzenhausen,2022-10-28 06:00:00,1,,val,arima,0.275,0.01975634449422231
Merzenhausen,2022-10-28 07:00:00,1,,val,arima,0.272,0.01974638233526805
Merzenhausen,2022-10-28 08:00:00,1,,val,arima,0.273,0.019736425199743654
Merzenhausen,2022-10-28 09:00:00,1,,val,arima,0.274,0.019726473085116058
Merzenhausen,2022-10-28 10:00:00,1,,val,arima,0.272,0.019716525988853466
Merzenhausen,2022-10-28 11:00:00,1,,val,arima,0.273,0.019706583908425366
Merzenhausen,2022-10-28 12:00:00,1,,val,arima,0.27,0.019696646841302512
Merzenhausen,2022-10-28 13:00:00,1,,val,arima,0.27,0.019686714784956948
Merzenhausen,2022-10-28 14:00:00,1,,val,arima,0.268,0.019676787736861975
Merzenhausen,2022-10-28 15:00:00,1,,val,arima,0.268,0.019666865694492178
Merzenhausen,2022-10-28 16:00:00,1,,val,arima,0.268,0.01965694865532342
Merzenhausen,2022-10-28 17:00:00,1,,val,arima,0.268,0.019647036616832828
Merzenhausen,2022-10-28 18:00:00,1,,val,arima,0.268,0.019637129576498803
Merzenhausen,2022-10-28 19:00:00,1,,val,arima,0.268,0.019627227531801024
Merzenhausen,2022-10-28 20:00:00,1,,val,arima,0.268,0.019617330480220428
Merzenhausen,2022-10-28 21:00:00,1,,val,arima,0.268,0.01960743841923924
Merzenhausen,2022-10-28 22:00:00,1,,val,arima,0.269,0.019597551346340933
Merzenhausen,2022-10-28 23:00:00,1,,val,arima,0.269,0.019587669259010267
Merzenhausen,2022-10-29 00:00:00,1,,val,arima,0.269,0.019577792154733265
Merzenhausen,2022-10-29 01:00:00,1,,val,arima,0.266,0.019567920030997214
Merzenhausen,2022-10-29 02:00:00,1,,val,arima,0.266,0.019558052885290673
Merzenhausen,2022-10-29 03:00:00,1,,val,arima,0.266,0.019548190715103463
Merzenhausen,2022-10-29 04:00:00,1,,val,arima,0.268,0.019538333517926672
Merzenhausen,2022-10-29 05:00:00,1,,val,arima,0.268,0.019528481291252654
Merzenhausen,2022-10-29 06:00:00,1,,val,arima,0.268,0.019518634032575033
Merzenhausen,2022-10-29 07:00:00,1,,val,arima,0.268,0.019508791739388683
Merzenhausen,2022-10-29 08:00:00,1,,val,arima,0.268,0.019498954409189757
Merzenhausen,2022-10-29 09:00:00,1,,val,arima,0.271,0.019489122039475656
Merzenhausen,2022-10-29 10:00:00,1,,val,arima,0.268,0.01947929462774506
Merzenhausen,2022-10-29 11:00:00,1,,val,arima,0.269,0.019469472171497887
Merzenhausen,2022-10-29 12:00:00,1,,val,arima,0.269,0.01945965466823534
Merzenhausen,2022-10-29 13:00:00,1,,val,arima,0.266,0.019449842115459862
Merzenhausen,2022-10-29 14:00:00,1,,val,arima,0.267,0.01944003451067517
Merzenhausen,2022-10-29 15:00:00,1,,val,arima,0.267,0.01943023185138623
Merzenhausen,2022-10-29 16:00:00,1,,val,arima,0.267,0.01942043413509928
Merzenhausen,2022-10-29 17:00:00,1,,val,arima,0.267,0.019410641359321794
Merzenhausen,2022-10-29 18:00:00,1,,val,arima,0.267,0.019400853521562518
Merzenhausen,2022-10-29 19:00:00,1,,val,arima,0.267,0.019391070619331454
Merzenhausen,2022-10-29 20:00:00,1,,val,arima,0.264,0.019381292650139853
Merzenhausen,2022-10-29 21:00:00,1,,val,arima,0.264,0.01937151961150023
Merzenhausen,2022-10-29 22:00:00,1,,val,arima,0.264,0.01936175150092634
Merzenhausen,2022-10-29 23:00:00,1,,val,arima,0.264,0.019351988315933204
Merzenhausen,2022-10-30 00:00:00,1,,val,arima,0.264,0.019342230054037096
Merzenhausen,2022-10-30 01:00:00,1,,val,arima,0.266,0.019332476712755533
Merzenhausen,2022-10-30 02:00:00,1,,val,arima,0.265,0.019322728289607294
Merzenhausen,2022-10-30 03:00:00,1,,val,arima,0.266,0.0193129847821124
Merzenhausen,2022-10-30 04:00:00,1,,val,arima,0.264,0.019303246187792132
Merzenhausen,2022-10-30 05:00:00,1,,val,arima,0.266,0.019293512504169014
Merzenhausen,2022-10-30 06:00:00,1,,val,arima,0.264,0.019283783728766823
Merzenhausen,2022-10-30 07:00:00,1,,val,arima,0.264,0.01927405985911058
Merzenhausen,2022-10-30 08:00:00,1,,val,arima,0.264,0.01926434089272656
Merzenhausen,2022-10-30 09:00:00,1,,val,arima,0.262,0.019254626827142282
Merzenhausen,2022-10-30 10:00:00,1,,val,arima,0.263,0.01924491765988651
Merzenhausen,2022-10-30 11:00:00,1,,val,arima,0.262,0.01923521338848926
Merzenhausen,2022-10-30 12:00:00,1,,val,arima,0.26,0.019225514010481788
Merzenhausen,2022-10-30 13:00:00,1,,val,arima,0.261,0.019215819523396592
Merzenhausen,2022-10-30 14:00:00,1,,val,arima,0.258,0.019206129924767428
Merzenhausen,2022-10-30 15:00:00,1,,val,arima,0.257,0.019196445212129282
Merzenhausen,2022-10-30 16:00:00,1,,val,arima,0.26,0.019186765383018386
Merzenhausen,2022-10-30 17:00:00,1,,val,arima,0.26,0.01917709043497222
Merzenhausen,2022-10-30 18:00:00,1,,val,arima,0.261,0.019167420365529493
Merzenhausen,2022-10-30 19:00:00,1,,val,arima,0.26,0.019157755172230173
Merzenhausen,2022-10-30 20:00:00,1,,val,arima,0.258,0.019148094852615455
Merzenhausen,2022-10-30 21:00:00,1,,val,arima,0.258,0.01913843940422778
Merzenhausen,2022-10-30 22:00:00,1,,val,arima,0.258,0.019128788824610825
Merzenhausen,2022-10-30 23:00:00,1,,val,arima,0.259,0.01911914311130951
Merzenhausen,2022-10-31 00:00:00,1,,val,arima,0.259,0.019109502261869984
Merzenhausen,2022-10-31 01:00:00,1,,val,arima,0.259,0.019099866273839642
Merzenhausen,2022-10-31 02:00:00,1,,test,arima,0.26,0.258867541953204
Merzenhausen,2022-10-31 03:00:00,1,,test,arima,0.256,0.2587385329661084
Merzenhausen,2022-10-31 04:00:00,1,,test,arima,0.256,0.2586200347375157
Merzenhausen,2022-10-31 05:00:00,1,,test,arima,0.256,0.25849682779186345
Merzenhausen,2022-10-31 06:00:00,1,,test,arima,0.258,0.2583747744816358
Merzenhausen,2022-10-31 07:00:00,1,,test,arima,0.257,0.258252739147901
Merzenhausen,2022-10-31 08:00:00,1,,test,arima,0.257,0.25813068004896816
Merzenhausen,2022-10-31 09:00:00,1,,test,arima,0.258,0.2580087169487126
Merzenhausen,2022-10-31 10:00:00,1,,test,arima,0.256,0.25788680243213635
Merzenhausen,2022-10-31 11:00:00,1,,test,arima,0.254,0.25776494594208843
Merzenhausen,2022-10-31 12:00:00,1,,test,arima,0.255,0.25764314766460006
Merzenhausen,2022-10-31 13:00:00,1,,test,arima,0.252,0.2575214066309788
Merzenhausen,2022-10-31 14:00:00,1,,test,arima,0.253,0.2573997231967605
Merzenhausen,2022-10-31 15:00:00,1,,test,arima,0.25,0.2572780972559418
Merzenhausen,2022-10-31 16:00:00,1,,test,arima,0.25,0.2571565287806289
Merzenhausen,2022-10-31 17:00:00,1,,test,arima,0.25,0.2570350177510541
Merzenhausen,2022-10-31 18:00:00,1,,test,arima,0.252,0.2569135641369859
Merzenhausen,2022-10-31 19:00:00,1,,test,arima,0.253,0.25679216791194903
Merzenhausen,2022-10-31 20:00:00,1,,test,arima,0.252,0.25667082904882405
Merzenhausen,2022-10-31 21:00:00,1,,test,arima,0.252,0.2565495475204485
Merzenhausen,2022-10-31 22:00:00,1,,test,arima,0.252,0.2564283232997556
Merzenhausen,2022-10-31 23:00:00,1,,test,arima,0.253,0.2563071563596611
Merzenhausen,2022-11-01 00:00:00,1,,test,arima,0.253,0.2561860466730989
Merzenhausen,2022-11-01 01:00:00,1,,test,arima,0.25,0.2560649942130162
Merzenhausen,2022-11-01 02:00:00,1,,test,arima,0.253,0.2559439989523722
Merzenhausen,2022-11-01 03:00:00,1,,test,arima,0.25,0.2558230608641392
Merzenhausen,2022-11-01 04:00:00,1,,test,arima,0.25,0.2557021799213023
Merzenhausen,2022-11-01 05:00:00,1,,test,arima,0.251,0.25558135609685917
Merzenhausen,2022-11-01 06:00:00,1,,test,arima,0.251,0.25546058936382043
Merzenhausen,2022-11-01 07:00:00,1,,test,arima,0.251,0.2553398796952094
Merzenhausen,2022-11-01 08:00:00,1,,test,arima,0.252,0.255219227064062
Merzenhausen,2022-11-01 09:00:00,1,,test,arima,0.249,0.2550986314434272
Merzenhausen,2022-11-01 10:00:00,1,,test,arima,0.249,0.25497809280636635
Merzenhausen,2022-11-01 11:00:00,1,,test,arima,0.251,0.2548576111259538
Merzenhausen,2022-11-01 12:00:00,1,,test,arima,0.248,0.2547371863752765
Merzenhausen,2022-11-01 13:00:00,1,,test,arima,0.249,0.2546168185274341
Merzenhausen,2022-11-01 14:00:00,1,,test,arima,0.249,0.25449650755553904
Merzenhausen,2022-11-01 15:00:00,1,,test,arima,0.251,0.2543762534327164
Merzenhausen,2022-11-01 16:00:00,1,,test,arima,0.249,0.254256056132104
Merzenhausen,2022-11-01 17:00:00,1,,test,arima,0.249,0.25413591562685234
Merzenhausen,2022-11-01 18:00:00,1,,test,arima,0.249,0.25401583189012455
Merzenhausen,2022-11-01 19:00:00,1,,test,arima,0.249,0.25389580489509656
Merzenhausen,2022-11-01 20:00:00,1,,test,arima,0.248,0.2537758346149569
Merzenhausen,2022-11-01 21:00:00,1,,test,arima,0.248,0.25365592102290674
Merzenhausen,2022-11-01 22:00:00,1,,test,arima,0.248,0.25353606409215995
Merzenhausen,2022-11-01 23:00:00,1,,test,arima,0.248,0.2534162637959431
Merzenhausen,2022-11-02 00:00:00,1,,test,arima,0.248,0.25329652010749537
Merzenhausen,2022-11-02 01:00:00,1,,test,arima,0.248,0.25317683300006855
Merzenhausen,2022-11-02 02:00:00,1,,test,arima,0.248,0.2530572024469271
Merzenhausen,2022-11-02 03:00:00,1,,test,arima,0.249,0.2529376284213481
Merzenhausen,2022-11-02 04:00:00,1,,test,arima,0.249,0.2528181108966213
Merzenhausen,2022-11-02 05:00:00,1,,test,arima,0.249,0.25269864984604906
Merzenhausen,2022-11-02 06:00:00,1,,test,arima,0.248,0.25257924524294634
Merzenhausen,2022-11-02 07:00:00,1,,test,arima,0.249,0.25245989706064065
Merzenhausen,2022-11-02 08:00:00,1,,test,arima,0.248,0.25234060527247226
Merzenhausen,2022-11-02 09:00:00,1,,test,arima,0.248,0.25222136985179383
Merzenhausen,2022-11-02 10:00:00,1,,test,arima,0.248,0.25210219077197077
Merzenhausen,2022-11-02 11:00:00,1,,test,arima,0.249,0.25198306800638104
Merzenhausen,2022-11-02 12:00:00,1,,test,arima,0.249,0.2518640015284151
Merzenhausen,2022-11-02 13:00:00,1,,test,arima,0.249,0.2517449913114761
Merzenhausen,2022-11-02 14:00:00,1,,test,arima,0.251,0.2516260373289797
Merzenhausen,2022-11-02 15:00:00,1,,test,arima,0.251,0.25150713955435416
Merzenhausen,2022-11-02 16:00:00,1,,test,arima,0.249,0.2513882979610402
Merzenhausen,2022-11-02 17:00:00,1,,test,arima,0.249,0.2512695125224912
Merzenhausen,2022-11-02 18:00:00,1,,test,arima,0.248,0.25115078321217293
Merzenhausen,2022-11-02 19:00:00,1,,test,arima,0.248,0.25103211000356396
Merzenhausen,2022-11-02 20:00:00,1,,test,arima,0.248,0.25091349287015513
Merzenhausen,2022-11-02 21:00:00,1,,test,arima,0.249,0.25079493178545
Merzenhausen,2022-11-02 22:00:00,1,,test,arima,0.249,0.2506764267229644
Merzenhausen,2022-11-02 23:00:00,1,,test,arima,0.249,0.250557977656227
Merzenhausen,2022-11-03 00:00:00,1,,test,arima,0.2505,0.25043958455877874
Merzenhausen,2022-11-03 01:00:00,1,,test,arima,0.229,0.25032124740417316
Merzenhausen,2022-11-03 02:00:00,1,,test,arima,0.248,0.25020296616597626
Merzenhausen,2022-11-03 03:00:00,1,,test,arima,0.248,0.25008474081776655
Merzenhausen,2022-11-03 04:00:00,1,,test,arima,0.248,0.249966571333135
Merzenhausen,2022-11-03 05:00:00,1,,test,arima,0.249,0.2498484576856851
Merzenhausen,2022-11-03 06:00:00,1,,test,arima,0.249,0.24973039984903278
Merzenhausen,2022-11-03 07:00:00,1,,test,arima,0.249,0.24961239779680644
Merzenhausen,2022-11-03 08:00:00,1,,test,arima,0.249,0.24949445150264693
Merzenhausen,2022-11-03 09:00:00,1,,test,arima,0.247,0.24937656094020763
Merzenhausen,2022-11-03 10:00:00,1,,test,arima,0.247,0.24925872608315425
Merzenhausen,2022-11-03 11:00:00,1,,test,arima,0.244,0.24914094690516503
Merzenhausen,2022-11-03 12:00:00,1,,test,arima,0.244,0.24902322337993063
Merzenhausen,2022-11-03 13:00:00,1,,test,arima,0.245,0.24890555548115414
Merzenhausen,2022-11-03 14:00:00,1,,test,arima,0.245,0.24878794318255104
Merzenhausen,2022-11-03 15:00:00,1,,test,arima,0.245,0.24867038645784928
Merzenhausen,2022-11-03 16:00:00,1,,test,arima,0.243,0.2485528852807892
Merzenhausen,2022-11-03 17:00:00,1,,test,arima,0.243,0.24843543962512354
Merzenhausen,2022-11-03 18:00:00,1,,test,arima,0.243,0.2483180494646175
Merzenhausen,2022-11-03 19:00:00,1,,test,arima,0.243,0.2482007147730486
Merzenhausen,2022-11-03 20:00:00,1,,test,arima,0.243,0.24808343552420675
Merzenhausen,2022-11-03 21:00:00,1,,test,arima,0.243,0.2479662116918943
Merzenhausen,2022-11-03 22:00:00,1,,test,arima,0.245,0.247849043249926
Merzenhausen,2022-11-03 23:00:00,1,,test,arima,0.247,0.24773193017212886
Merzenhausen,2022-11-04 00:00:00,1,,test,arima,0.247,0.24761487243234237
Merzenhausen,2022-11-04 01:00:00,1,,test,arima,0.247,0.2474978700044183
Merzenhausen,2022-11-04 02:00:00,1,,test,arima,0.245,0.24738092286222085
Merzenhausen,2022-11-04 03:00:00,1,,test,arima,0.245,0.24726403097962651
Merzenhausen,2022-11-04 04:00:00,1,,test,arima,0.245,0.24714719433052412
Merzenhausen,2022-11-04 05:00:00,1,,test,arima,0.245,0.24703041288881494
Merzenhausen,2022-11-04 06:00:00,1,,test,arima,0.245,0.24691368662841243
Merzenhausen,2022-11-04 07:00:00,1,,test,arima,0.246,0.24679701552324246
Merzenhausen,2022-11-04 08:00:00,1,,test,arima,0.246,0.2466803995472432
Merzenhausen,2022-11-04 09:00:00,1,,test,arima,0.244,0.24656383867436515
Merzenhausen,2022-11-04 10:00:00,1,,test,arima,0.244,0.2464473328785711
Merzenhausen,2022-11-04 11:00:00,1,,test,arima,0.242,0.24633088213383614
Merzenhausen,2022-11-04 12:00:00,1,,test,arima,0.243,0.24621448641414767
Merzenhausen,2022-11-04 13:00:00,1,,test,arima,0.244,0.24609814569350535
Merzenhausen,2022-11-04 14:00:00,1,,test,arima,0.241,0.24598185994592123
Merzenhausen,2022-11-04 15:00:00,1,,test,arima,0.241,0.24586562914541948
Merzenhausen,2022-11-04 16:00:00,1,,test,arima,0.241,0.2457494532660367
Merzenhausen,2022-11-04 17:00:00,1,,test,arima,0.241,0.2456333322818216
Merzenhausen,2022-11-04 18:00:00,1,,test,arima,0.241,0.2455172661668353
Merzenhausen,2022-11-04 19:00:00,1,,test,arima,0.241,0.2454012548951511
Merzenhausen,2022-11-04 20:00:00,1,,test,arima,0.244,0.2452852984408546
Merzenhausen,2022-11-04 21:00:00,1,,test,arima,0.241,0.24516939677804353
Merzenhausen,2022-11-04 22:00:00,1,,test,arima,0.241,0.245053549880828
Merzenhausen,2022-11-04 23:00:00,1,,test,arima,0.241,0.24493775772333026
Merzenhausen,2022-11-05 00:00:00,1,,test,arima,0.241,0.24482202027968486
Merzenhausen,2022-11-05 01:00:00,1,,test,arima,0.241,0.2447063375240385
Merzenhausen,2022-11-05 02:00:00,1,,test,arima,0.241,0.24459070943055014
Merzenhausen,2022-11-05 03:00:00,1,,test,arima,0.241,0.24447513597339093
Merzenhausen,2022-11-05 04:00:00,1,,test,arima,0.241,0.24435961712674426
Merzenhausen,2022-11-05 05:00:00,1,,test,arima,0.241,0.24424415286480566
Merzenhausen,2022-11-05 06:00:00,1,,test,arima,0.241,0.2441287431617829
Merzenhausen,2022-11-05 07:00:00,1,,test,arima,0.241,0.24401338799189592
Merzenhausen,2022-11-05 08:00:00,1,,test,arima,0.243,0.24389808732937684
Merzenhausen,2022-11-05 09:00:00,1,,test,arima,0.243,0.24378284114847
Merzenhausen,2022-11-05 10:00:00,1,,test,arima,0.242,0.24366764942343178
Merzenhausen,2022-11-05 11:00:00,1,,test,arima,0.241,0.2435525121285309
Merzenhausen,2022-11-05 12:00:00,1,,test,arima,0.241,0.24343742923804812
Merzenhausen,2022-11-05 13:00:00,1,,test,arima,0.241,0.24332240072627637
Merzenhausen,2022-11-05 14:00:00,1,,test,arima,0.238,0.24320742656752078
Merzenhausen,2022-11-05 15:00:00,1,,test,arima,0.239,0.24309250673609856
Merzenhausen,2022-11-05 16:00:00,1,,test,arima,0.239,0.24297764120633908
Merzenhausen,2022-11-05 17:00:00,1,,test,arima,0.239,0.24286282995258385
Merzenhausen,2022-11-05 18:00:00,1,,test,arima,0.239,0.2427480729491865
Merzenhausen,2022-11-05 19:00:00,1,,test,arima,0.239,0.24263337017051273
Merzenhausen,2022-11-05 20:00:00,1,,test,arima,0.239,0.2425187215909404
Merzenhausen,2022-11-05 21:00:00,1,,test,arima,0.239,0.2424041271848595
Merzenhausen,2022-11-05 22:00:00,1,,test,arima,0.239,0.24228958692667213
Merzenhausen,2022-11-05 23:00:00,1,,test,arima,0.239,0.24217510079079235
Merzenhausen,2022-11-06 00:00:00,1,,test,arima,0.239,0.2420606687516465
Merzenhausen,2022-11-06 01:00:00,1,,test,arima,0.239,0.24194629078367286
Merzenhausen,2022-11-06 02:00:00,1,,test,arima,0.239,0.24183196686132186
Merzenhausen,2022-11-06 03:00:00,1,,test,arima,0.237,0.24171769695905598
Merzenhausen,2022-11-06 04:00:00,1,,test,arima,0.24,0.24160348105134974
Merzenhausen,2022-11-06 05:00:00,1,,test,arima,0.238,0.2414893191126898
Merzenhausen,2022-11-06 06:00:00,1,,test,arima,0.238,0.2413752111175748
Merzenhausen,2022-11-06 07:00:00,1,,test,arima,0.238,0.24126115704051546
Merzenhausen,2022-11-06 08:00:00,1,,test,arima,0.238,0.24114715685603455
Merzenhausen,2022-11-06 09:00:00,1,,test,arima,0.237,0.24103321053866683
Merzenhausen,2022-11-06 10:00:00,1,,test,arima,0.237,0.2409193180629592
Merzenhausen,2022-11-06 11:00:00,1,,test,arima,0.238,0.24080547940347044
Merzenhausen,2022-11-06 12:00:00,1,,test,arima,0.235,0.24069169453477152
Merzenhausen,2022-11-06 13:00:00,1,,test,arima,0.236,0.24057796343144525
Merzenhausen,2022-11-06 14:00:00,1,,test,arima,0.233,0.24046428606808656
Merzenhausen,2022-11-06 15:00:00,1,,test,arima,0.235,0.24035066241930242
Merzenhausen,2022-11-06 16:00:00,1,,test,arima,0.233,0.24023709245971164
Merzenhausen,2022-11-06 17:00:00,1,,test,arima,0.233,0.2401235761639452
Merzenhausen,2022-11-06 18:00:00,1,,test,arima,0.233,0.24001011350664594
Merzenhausen,2022-11-06 19:00:00,1,,test,arima,0.233,0.23989670446246875
Merzenhausen,2022-11-06 20:00:00,1,,test,arima,0.235,0.2397833490060805
Merzenhausen,2022-11-06 21:00:00,1,,test,arima,0.233,0.23967004711216
Merzenhausen,2022-11-06 22:00:00,1,,test,arima,0.233,0.239556798755398
Merzenhausen,2022-11-06 23:00:00,1,,test,arima,0.233,0.23944360391049727
Merzenhausen,2022-11-07 00:00:00,1,,test,arima,0.235,0.23933046255217247
Merzenhausen,2022-11-07 01:00:00,1,,test,arima,0.235,0.23921737465515028
Merzenhausen,2022-11-07 02:00:00,1,,test,arima,0.234,0.23910434019416926
Merzenhausen,2022-11-07 03:00:00,1,,test,arima,0.236,0.23899135914397995
Merzenhausen,2022-11-07 04:00:00,1,,test,arima,0.234,0.23887843147934482
Merzenhausen,2022-11-07 05:00:00,1,,test,arima,0.233,0.2387655571750382
Merzenhausen,2022-11-07 06:00:00,1,,test,arima,0.235,0.23865273620584643
Merzenhausen,2022-11-07 07:00:00,1,,test,arima,0.235,0.23853996854656767
Merzenhausen,2022-11-07 08:00:00,1,,test,arima,0.233,0.23842725417201208
Merzenhausen,2022-11-07 09:00:00,1,,test,arima,0.233,0.23831459305700164
Merzenhausen,2022-11-07 10:00:00,1,,test,arima,0.232,0.2382019851763703
Merzenhausen,2022-11-07 11:00:00,1,,test,arima,0.233,0.2380894305049639
Merzenhausen,2022-11-07 12:00:00,1,,test,arima,0.231,0.23797692901764006
Merzenhausen,2022-11-07 13:00:00,1,,test,arima,0.231,0.2378644806892684
Merzenhausen,2022-11-07 14:00:00,1,,test,arima,0.229,0.2377520854947304
Merzenhausen,2022-11-07 15:00:00,1,,test,arima,0.229,0.23763974340891933
Merzenhausen,2022-11-07 16:00:00,1,,test,arima,0.229,0.2375274544067404
Merzenhausen,2022-11-07 17:00:00,1,,test,arima,0.23,0.23741521846311064
Merzenhausen,2022-11-07 18:00:00,1,,test,arima,0.227,0.23730303555295892
Merzenhausen,2022-11-07 19:00:00,1,,test,arima,0.227,0.23719090565122602
Merzenhausen,2022-11-07 20:00:00,1,,test,arima,0.227,0.23707882873286448
Merzenhausen,2022-11-07 21:00:00,1,,test,arima,0.228,0.23696680477283877
Merzenhausen,2022-11-07 22:00:00,1,,test,arima,0.228,0.23685483374612507
Merzenhausen,2022-11-07 23:00:00,1,,test,arima,0.228,0.2367429156277115
Merzenhausen,2022-11-08 00:00:00,1,,test,arima,0.228,0.2366310503925979
Merzenhausen,2022-11-08 01:00:00,1,,test,arima,0.228,0.23651923801579605
Merzenhausen,2022-11-08 02:00:00,1,,test,arima,0.23,0.2364074784723294
Merzenhausen,2022-11-08 03:00:00,1,,test,arima,0.23,0.23629577173723326
Merzenhausen,2022-11-08 04:00:00,1,,test,arima,0.232,0.23618411778555473
Merzenhausen,2022-11-08 05:00:00,1,,test,arima,0.232,0.23607251659235273
Merzenhausen,2022-11-08 06:00:00,1,,test,arima,0.229,0.23596096813269793
Merzenhausen,2022-11-08 07:00:00,1,,test,arima,0.23,0.2358494723816728
Merzenhausen,2022-11-08 08:00:00,1,,test,arima,0.23,0.2357380293143716
Merzenhausen,2022-11-08 09:00:00,1,,test,arima,0.228,0.23562663890590024
Merzenhausen,2022-11-08 10:00:00,1,,test,arima,0.228,0.2355153011313766
Merzenhausen,2022-11-08 11:00:00,1,,test,arima,0.226,0.23540401596593014
Merzenhausen,2022-11-08 12:00:00,1,,test,arima,0.227,0.23529278338470216
Merzenhausen,2022-11-08 13:00:00,1,,test,arima,0.224,0.23518160336284566
Merzenhausen,2022-11-08 14:00:00,1,,test,arima,0.225,0.23507047587552543
Merzenhausen,2022-11-08 15:00:00,1,,test,arima,0.225,0.23495940089791797
Merzenhausen,2022-11-08 16:00:00,1,,test,arima,0.225,0.23484837840521147
Merzenhausen,2022-11-08 17:00:00,1,,test,arima,0.225,0.23473740837260593
Merzenhausen,2022-11-08 18:00:00,1,,test,arima,0.223,0.23462649077531297
Merzenhausen,2022-11-08 19:00:00,1,,test,arima,0.225,0.23451562558855601
Merzenhausen,2022-11-08 20:00:00,1,,test,arima,0.226,0.23440481278757014
Merzenhausen,2022-11-08 21:00:00,1,,test,arima,0.226,0.23429405234760212
Merzenhausen,2022-11-08 22:00:00,1,,test,arima,0.226,0.23418334424391046
Merzenhausen,2022-11-08 23:00:00,1,,test,arima,0.224,0.23407268845176535
Merzenhausen,2022-11-09 00:00:00,1,,test,arima,0.224,0.23396208494644863
Merzenhausen,2022-11-09 01:00:00,1,,test,arima,0.224,0.23385153370325387
Merzenhausen,2022-11-09 02:00:00,1,,test,arima,0.224,0.23374103469748628
Merzenhausen,2022-11-09 03:00:00,1,,test,arima,0.224,0.23363058790446276
Merzenhausen,2022-11-09 04:00:00,1,,test,arima,0.222,0.2335201932995118
Merzenhausen,2022-11-09 05:00:00,1,,test,arima,0.222,0.23340985085797367
Merzenhausen,2022-11-09 06:00:00,1,,test,arima,0.223,0.2332995605552002
Merzenhausen,2022-11-09 07:00:00,1,,test,arima,0.223,0.23318932236655493
Merzenhausen,2022-11-09 08:00:00,1,,test,arima,0.22,0.23307913626741297
Merzenhausen,2022-11-09 09:00:00,1,,test,arima,0.221,0.23296900223316114
Merzenhausen,2022-11-09 10:00:00,1,,test,arima,0.221,0.23285892023919783
Merzenhausen,2022-11-09 11:00:00,1,,test,arima,0.223,0.2327488902609331
Merzenhausen,2022-11-09 12:00:00,1,,test,arima,0.221,0.23263891227378855
Merzenhausen,2022-11-09 13:00:00,1,,test,arima,0.222,0.2325289862531975
Merzenhausen,2022-11-09 14:00:00,1,,test,arima,0.223,0.23241911217460484
Merzenhausen,2022-11-09 15:00:00,1,,test,arima,0.223,0.23230929001346703
Merzenhausen,2022-11-09 16:00:00,1,,test,arima,0.222,0.2321995197452522
Merzenhausen,2022-11-09 17:00:00,1,,test,arima,0.222,0.2320898013454399
Merzenhausen,2022-11-09 18:00:00,1,,test,arima,0.223,0.2319801347895215
Merzenhausen,2022-11-09 19:00:00,1,,test,arima,0.222,0.23187052005299985
Merzenhausen,2022-11-09 20:00:00,1,,test,arima,0.22,0.23176095711138928
Merzenhausen,2022-11-09 21:00:00,1,,test,arima,0.22,0.2316514459402158
Merzenhausen,2022-11-09 22:00:00,1,,test,arima,0.221,0.231541986515017
Merzenhausen,2022-11-09 23:00:00,1,,test,arima,0.221,0.23143257881134194
Merzenhausen,2022-11-10 00:00:00,1,,test,arima,0.219,0.2313232228047513
Merzenhausen,2022-11-10 01:00:00,1,,test,arima,0.221,0.2312139184708173
Merzenhausen,2022-11-10 02:00:00,1,,test,arima,0.221,0.23110466578512365
Merzenhausen,2022-11-10 03:00:00,1,,test,arima,0.22,0.23099546472326568
Merzenhausen,2022-11-10 04:00:00,1,,test,arima,0.221,0.23088631526085018
Merzenhausen,2022-11-10 05:00:00,1,,test,arima,0.221,0.23077721737349555
Merzenhausen,2022-11-10 06:00:00,1,,test,arima,0.219,0.23066817103683163
Merzenhausen,2022-11-10 07:00:00,1,,test,arima,0.219,0.23055917622649974
Merzenhausen,2022-11-10 08:00:00,1,,test,arima,0.219,0.23045023291815286
Merzenhausen,2022-11-10 09:00:00,1,,test,arima,0.22,0.23034134108745535
Merzenhausen,2022-11-10 10:00:00,1,,test,arima,0.22,0.2302325007100831
Merzenhausen,2022-11-10 11:00:00,1,,test,arima,0.2225,0.23012371176172353
Merzenhausen,2022-11-10 12:00:00,1,,test,arima,0.219,0.23001497421807549
Merzenhausen,2022-11-10 13:00:00,1,,test,arima,0.219,0.22990628805484936
Merzenhausen,2022-11-10 14:00:00,1,,test,arima,0.219,0.22979765324776694
Merzenhausen,2022-11-10 15:00:00,1,,test,arima,0.219,0.22968906977256157
Merzenhausen,2022-11-10 16:00:00,1,,test,arima,0.219,0.229580537604978
Merzenhausen,2022-11-10 17:00:00,1,,test,arima,0.219,0.22947205672077253
Merzenhausen,2022-11-10 18:00:00,1,,test,arima,0.219,0.22936362709571279
Merzenhausen,2022-11-10 19:00:00,1,,test,arima,0.219,0.22925524870557792
Merzenhausen,2022-11-10 20:00:00,1,,test,arima,0.219,0.2291469215261585
Merzenhausen,2022-11-10 21:00:00,1,,test,arima,0.216,0.22903864553325665
Merzenhausen,2022-11-10 22:00:00,1,,test,arima,0.217,0.22893042070268577
Merzenhausen,2022-11-10 23:00:00,1,,test,arima,0.217,0.2288222470102707
Merzenhausen,2022-11-11 00:00:00,1,,test,arima,0.217,0.22871412443184783
Merzenhausen,2022-11-11 01:00:00,1,,test,arima,0.217,0.22860605294326483
Merzenhausen,2022-11-11 02:00:00,1,,test,arima,0.217,0.2284980325203809
Merzenhausen,2022-11-11 03:00:00,1,,test,arima,0.218,0.2283900631390665
Merzenhausen,2022-11-11 04:00:00,1,,test,arima,0.215,0.2282821447752037
Merzenhausen,2022-11-11 05:00:00,1,,test,arima,0.215,0.22817427740468577
Merzenhausen,2022-11-11 06:00:00,1,,test,arima,0.216,0.22806646100341743
Merzenhausen,2022-11-11 07:00:00,1,,test,arima,0.216,0.22795869554731488
Merzenhausen,2022-11-11 08:00:00,1,,test,arima,0.216,0.2278509810123056
Merzenhausen,2022-11-11 09:00:00,1,,test,arima,0.214,0.22774331737432846
Merzenhausen,2022-11-11 10:00:00,1,,test,arima,0.218,0.2276357046093337
Merzenhausen,2022-11-11 11:00:00,1,,test,arima,0.215,0.2275281426932829
Merzenhausen,2022-11-11 12:00:00,1,,test,arima,0.215,0.22742063160214906
Merzenhausen,2022-11-11 13:00:00,1,,test,arima,0.215,0.22731317131191653
Merzenhausen,2022-11-11 14:00:00,1,,test,arima,0.213,0.22720576179858093
Merzenhausen,2022-11-11 15:00:00,1,,test,arima,0.214,0.22709840303814932
Merzenhausen,2022-11-11 16:00:00,1,,test,arima,0.214,0.22699109500664003
Merzenhausen,2022-11-11 17:00:00,1,,test,arima,0.213,0.22688383768008274
Merzenhausen,2022-11-11 18:00:00,1,,test,arima,0.21,0.22677663103451845
Merzenhausen,2022-11-11 19:00:00,1,,test,arima,0.211,0.22666947504599952
Merzenhausen,2022-11-11 20:00:00,1,,test,arima,0.211,0.22656236969058957
Merzenhausen,2022-11-11 21:00:00,1,,test,arima,0.214,0.2264553149443636
Merzenhausen,2022-11-11 22:00:00,1,,test,arima,0.214,0.22634831078340784
Merzenhausen,2022-11-11 23:00:00,1,,test,arima,0.212,0.22624135718381982
Merzenhausen,2022-11-12 00:00:00,1,,test,arima,0.212,0.2261344541217084
Merzenhausen,2022-11-12 01:00:00,1,,test,arima,0.213,0.2260276015731938
Merzenhausen,2022-11-12 02:00:00,1,,test,arima,0.211,0.22592079951440736
Merzenhausen,2022-11-12 03:00:00,1,,test,arima,0.212,0.22581404792149185
Merzenhausen,2022-11-12 04:00:00,1,,test,arima,0.212,0.22570734677060117
Merzenhausen,2022-11-12 05:00:00,1,,test,arima,0.213,0.22560069603790064
Merzenhausen,2022-11-12 06:00:00,1,,test,arima,0.213,0.22549409569956674
Merzenhausen,2022-11-12 07:00:00,1,,test,arima,0.213,0.22538754573178726
Merzenhausen,2022-11-12 08:00:00,1,,test,arima,0.211,0.2252810461107612
Merzenhausen,2022-11-12 09:00:00,1,,test,arima,0.211,0.2251745968126988
Merzenhausen,2022-11-12 10:00:00,1,,test,arima,0.211,0.2250681978138216
Merzenhausen,2022-11-12 11:00:00,1,,test,arima,0.212,0.22496184909036232
Merzenhausen,2022-11-12 12:00:00,1,,test,arima,0.211,0.224855550618565
Merzenhausen,2022-11-12 13:00:00,1,,test,arima,0.208,0.2247493023746847
Merzenhausen,2022-11-12 14:00:00,1,,test,arima,0.211,0.22464310433498796
Merzenhausen,2022-11-12 15:00:00,1,,test,arima,0.211,0.22453695647575236
Merzenhausen,2022-11-12 16:00:00,1,,test,arima,0.211,0.22443085877326674
Merzenhausen,2022-11-12 17:00:00,1,,test,arima,0.211,0.22432481120383113
Merzenhausen,2022-11-12 18:00:00,1,,test,arima,0.211,0.22421881374375682
Merzenhausen,2022-11-12 19:00:00,1,,test,arima,0.211,0.22411286636936623
Merzenhausen,2022-11-12 20:00:00,1,,test,arima,0.211,0.22400696905699297
Merzenhausen,2022-11-12 21:00:00,1,,test,arima,0.211,0.22390112178298183
Merzenhausen,2022-11-12 22:00:00,1,,test,arima,0.194,0.22379532452368883
Merzenhausen,2022-11-12 23:00:00,1,,test,arima,0.211,0.2236895772554811
Merzenhausen,2022-11-13 00:00:00,1,,test,arima,0.211,0.223583879954737
Merzenhausen,2022-11-13 01:00:00,1,,test,arima,0.21,0.22347823259784597
Merzenhausen,2022-11-13 02:00:00,1,,test,arima,0.21,0.22337263516120867
Merzenhausen,2022-11-13 03:00:00,1,,test,arima,0.1935,0.2232670876212369
Merzenhausen,2022-11-13 04:00:00,1,,test,arima,0.21,0.22316158995435362
Merzenhausen,2022-11-13 05:00:00,1,,test,arima,0.21,0.22305614213699287
Merzenhausen,2022-11-13 06:00:00,1,,test,arima,0.213,0.2229507441455999
Merzenhausen,2022-11-13 07:00:00,1,,test,arima,0.212,0.222845395956631
Merzenhausen,2022-11-13 08:00:00,1,,test,arima,0.212,0.2227400975465537
Merzenhausen,2022-11-13 09:00:00,1,,test,arima,0.212,0.22263484889184654
Merzenhausen,2022-11-13 10:00:00,1,,test,arima,0.21,0.22252964996899927
Merzenhausen,2022-11-13 11:00:00,1,,test,arima,0.21,0.22242450075451264
Merzenhausen,2022-11-13 12:00:00,1,,test,arima,0.208,0.22231940122489863
Merzenhausen,2022-11-13 13:00:00,1,,test,arima,0.208,0.22221435135668022
Merzenhausen,2022-11-13 14:00:00,1,,test,arima,0.208,0.22210935112639155
Merzenhausen,2022-11-13 15:00:00,1,,test,arima,0.208,0.22200440051057774
Merzenhausen,2022-11-13 16:00:00,1,,test,arima,0.208,0.22189949948579518
Merzenhausen,2022-11-13 17:00:00,1,,test,arima,0.208,0.22179464802861112
Merzenhausen,2022-11-13 18:00:00,1,,test,arima,0.208,0.22168984611560405
Merzenhausen,2022-11-13 19:00:00,1,,test,arima,0.208,0.22158509372336346
Merzenhausen,2022-11-13 20:00:00,1,,test,arima,0.208,0.22148039082848991
Merzenhausen,2022-11-13 21:00:00,1,,test,arima,0.208,0.221375737407595
Merzenhausen,2022-11-13 22:00:00,1,,test,arima,0.208,0.2212711334373014
Merzenhausen,2022-11-13 23:00:00,1,,test,arima,0.208,0.2211665788942428
Merzenhausen,2022-11-14 00:00:00,1,,test,arima,0.208,0.221062073755064
Merzenhausen,2022-11-14 01:00:00,1,,test,arima,0.211,0.22095761799642077
Merzenhausen,2022-11-14 02:00:00,1,,test,arima,0.211,0.22085321159497995
Merzenhausen,2022-11-14 03:00:00,1,,test,arima,0.21,0.2207488545274193
Merzenhausen,2022-11-14 04:00:00,1,,test,arima,0.21,0.22064454677042777
Merzenhausen,2022-11-14 05:00:00,1,,test,arima,0.21,0.2205402883007052
Merzenhausen,2022-11-14 06:00:00,1,,test,arima,0.21,0.22043607909496252
Merzenhausen,2022-11-14 07:00:00,1,,test,arima,0.21,0.2203319191299216
Merzenhausen,2022-11-14 08:00:00,1,,test,arima,0.21,0.2202278083823153
Merzenhausen,2022-11-14 09:00:00,1,,test,arima,0.211,0.22012374682888755
Merzenhausen,2022-11-14 10:00:00,1,,test,arima,0.207,0.22001973444639322
Merzenhausen,2022-11-14 11:00:00,1,,test,arima,0.207,0.21991577121159814
Merzenhausen,2022-11-14 12:00:00,1,,test,arima,0.208,0.2198118571012792
Merzenhausen,2022-11-14 13:00:00,1,,test,arima,0.208,0.21970799209222416
Merzenhausen,2022-11-14 14:00:00,1,,test,arima,0.208,0.21960417616123185
Merzenhausen,2022-11-14 15:00:00,1,,test,arima,0.21,0.21950040928511197
Merzenhausen,2022-11-14 16:00:00,1,,test,arima,0.21,0.21939669144068524
Merzenhausen,2022-11-14 17:00:00,1,,test,arima,0.21,0.2192930226047833
Merzenhausen,2022-11-14 18:00:00,1,,test,arima,0.21,0.2191894027542488
Merzenhausen,2022-11-14 19:00:00,1,,test,arima,0.21,0.21908583186593522
Merzenhausen,2022-11-14 20:00:00,1,,test,arima,0.211,0.21898230991670709
Merzenhausen,2022-11-14 21:00:00,1,,test,arima,0.211,0.2188788368834398
Merzenhausen,2022-11-14 22:00:00,1,,test,arima,0.211,0.21877541274301965
Merzenhausen,2022-11-14 23:00:00,1,,test,arima,0.211,0.21867203747234398
Merzenhausen,2022-11-15 00:00:00,1,,test,arima,0.211,0.21856871104832087
Merzenhausen,2022-11-15 01:00:00,1,,test,arima,0.21,0.2184654334478695
Merzenhausen,2022-11-15 02:00:00,1,,test,arima,0.21,0.21836220464791983
Merzenhausen,2022-11-15 03:00:00,1,,test,arima,0.21,0.21825902462541275
Merzenhausen,2022-11-15 04:00:00,1,,test,arima,0.21,0.21815589335730007
Merzenhausen,2022-11-15 05:00:00,1,,test,arima,0.213,0.21805281082054445
Merzenhausen,2022-11-15 06:00:00,1,,test,arima,0.213,0.21794977699211948
Merzenhausen,2022-11-15 07:00:00,1,,test,arima,0.212,0.21784679184900957
Merzenhausen,2022-11-15 08:00:00,1,,test,arima,0.212,0.2177438553682101
Merzenhausen,2022-11-15 09:00:00,1,,test,arima,0.212,0.21764096752672718
Merzenhausen,2022-11-15 10:00:00,1,,test,arima,0.212,0.21753812830157795
Merzenhausen,2022-11-15 11:00:00,1,,test,arima,0.212,0.21743533766979029
Merzenhausen,2022-11-15 12:00:00,1,,test,arima,0.212,0.217332595608403
Merzenhausen,2022-11-15 13:00:00,1,,test,arima,0.211,0.2172299020944657
Merzenhausen,2022-11-15 14:00:00,1,,test,arima,0.211,0.2171272571050388
Merzenhausen,2022-11-15 15:00:00,1,,test,arima,0.211,0.21702466061719367
Merzenhausen,2022-11-15 16:00:00,1,,test,arima,0.212,0.21692211260801242
Merzenhausen,2022-11-15 17:00:00,1,,test,arima,0.211,0.21681961305458802
Merzenhausen,2022-11-15 18:00:00,1,,test,arima,0.212,0.2167171619340243
Merzenhausen,2022-11-15 19:00:00,1,,test,arima,0.212,0.21661475922343582
Merzenhausen,2022-11-15 20:00:00,1,,test,arima,0.212,0.21651240489994805
Merzenhausen,2022-11-15 21:00:00,1,,test,arima,0.212,0.21641009894069718
Merzenhausen,2022-11-15 22:00:00,1,,test,arima,0.212,0.2163078413228303
Merzenhausen,2022-11-15 23:00:00,1,,test,arima,0.212,0.21620563202350518
Merzenhausen,2022-11-16 00:00:00,1,,test,arima,0.194,0.21610347101989053
Merzenhausen,2022-11-16 01:00:00,1,,test,arima,0.212,0.21600135828916572
Merzenhausen,2022-11-16 02:00:00,1,,test,arima,0.212,0.21589929380852096
Merzenhausen,2022-11-16 03:00:00,1,,test,arima,0.1945,0.21579727755515724
Merzenhausen,2022-11-16 04:00:00,1,,test,arima,0.1945,0.2156953095062863
Merzenhausen,2022-11-16 05:00:00,1,,test,arima,0.212,0.21559338963913066
Merzenhausen,2022-11-16 06:00:00,1,,test,arima,0.21,0.21549151793092358
Merzenhausen,2022-11-16 07:00:00,1,,test,arima,0.21,0.21538969435890915
Merzenhausen,2022-11-16 08:00:00,1,,test,arima,0.22749999,0.21528791890034216
Merzenhausen,2022-11-16 09:00:00,1,,test,arima,0.214,0.2151861915324881
Merzenhausen,2022-11-16 10:00:00,1,,test,arima,0.195,0.21508451223262331
Merzenhausen,2022-11-16 11:00:00,1,,test,arima,0.212,0.21498288097803478
Merzenhausen,2022-11-16 12:00:00,1,,test,arima,0.245,0.21488129774602027
Merzenhausen,2022-11-16 13:00:00,1,,test,arima,0.244,0.21477976251388825
Merzenhausen,2022-11-16 14:00:00,1,,test,arima,0.213,0.21467827525895794
Merzenhausen,2022-11-16 15:00:00,1,,test,arima,0.213,0.21457683595855925
Merzenhausen,2022-11-16 16:00:00,1,,test,arima,0.213,0.21447544459003282
Merzenhausen,2022-11-16 17:00:00,1,,test,arima,0.22600001,0.21437410113073
Merzenhausen,2022-11-16 18:00:00,1,,test,arima,0.215,0.21427280555801279
Merzenhausen,2022-11-16 19:00:00,1,,test,arima,0.215,0.21417155784925396
Merzenhausen,2022-11-16 20:00:00,1,,test,arima,0.215,0.21407035798183693
Merzenhausen,2022-11-16 21:00:00,1,,test,arima,0.215,0.21396920593315583
Merzenhausen,2022-11-16 22:00:00,1,,test,arima,0.215,0.2138681016806154
Merzenhausen,2022-11-16 23:00:00,1,,test,arima,0.213,0.2137670452016312
Merzenhausen,2022-11-17 00:00:00,1,,test,arima,0.22600001,0.2136660364736293
Merzenhausen,2022-11-17 01:00:00,1,,test,arima,0.216,0.21356507547404657
Merzenhausen,2022-11-17 02:00:00,1,,test,arima,0.216,0.21346416218033043
Merzenhausen,2022-11-17 03:00:00,1,,test,arima,0.24599999,0.21336329656993905
Merzenhausen,2022-11-17 04:00:00,1,,test,arima,0.213,0.2132624786203412
Merzenhausen,2022-11-17 05:00:00,1,,test,arima,0.213,0.2131617083090163
Merzenhausen,2022-11-17 06:00:00,1,,test,arima,0.214,0.21306098561345443
Merzenhausen,2022-11-17 07:00:00,1,,test,arima,0.214,0.2129603105111563
Merzenhausen,2022-11-17 08:00:00,1,,test,arima,0.214,0.21285968297963323
Merzenhausen,2022-11-17 09:00:00,1,,test,arima,0.216,0.2127591029964072
Merzenhausen,2022-11-17 10:00:00,1,,test,arima,0.214,0.2126585705390108
Merzenhausen,2022-11-17 11:00:00,1,,test,arima,0.214,0.2125580855849872
Merzenhausen,2022-11-17 12:00:00,1,,test,arima,0.214,0.21245764811189022
Merzenhausen,2022-11-17 13:00:00,1,,test,arima,0.214,0.2123572580972843
Merzenhausen,2022-11-17 14:00:00,1,,test,arima,0.217,0.21225691551874448
Merzenhausen,2022-11-17 15:00:00,1,,test,arima,0.217,0.2121566203538563
Merzenhausen,2022-11-17 16:00:00,1,,test,arima,0.217,0.21205637258021603
Merzenhausen,2022-11-17 17:00:00,1,,test,arima,0.217,0.21195617217543045
Merzenhausen,2022-11-17 18:00:00,1,,test,arima,0.217,0.2118560191171169
Merzenhausen,2022-11-17 19:00:00,1,,test,arima,0.217,0.2117559133829034
Merzenhausen,2022-11-17 20:00:00,1,,test,arima,0.217,0.2116558549504284
Merzenhausen,2022-11-17 21:00:00,1,,test,arima,0.258,0.21155584379734105
Merzenhausen,2022-11-17 22:00:00,1,,test,arima,0.1985,0.21145587990130094
Merzenhausen,2022-11-17 23:00:00,1,,test,arima,0.23950002,0.2113559632399783
Merzenhausen,2022-11-18 00:00:00,1,,test,arima,0.2595,0.21125609379105392
Merzenhausen,2022-11-18 01:00:00,1,,test,arima,0.219,0.21115627153221905
Merzenhausen,2022-11-18 02:00:00,1,,test,arima,0.199,0.21105649644117555
Merzenhausen,2022-11-18 03:00:00,1,,test,arima,0.238,0.21095676849563583
Merzenhausen,2022-11-18 04:00:00,1,,test,arima,0.20050001,0.21085708767332276
Merzenhausen,2022-11-18 05:00:00,1,,test,arima,0.221,0.21075745395196982
Merzenhausen,2022-11-18 06:00:00,1,,test,arima,0.2595,0.2106578673093209
Merzenhausen,2022-11-18 07:00:00,1,,test,arima,0.2405,0.21055832772313055
Merzenhausen,2022-11-18 08:00:00,1,,test,arima,0.221,0.2104588351711637
Merzenhausen,2022-11-18 09:00:00,1,,test,arima,0.22,0.21035938963119588
Merzenhausen,2022-11-18 10:00:00,1,,test,arima,0.23949999,0.2102599910810131
Merzenhausen,2022-11-18 11:00:00,1,,test,arima,0.222,0.2101606394984118
Merzenhausen,2022-11-18 12:00:00,1,,test,arima,0.22,0.210061334861199
Merzenhausen,2022-11-18 13:00:00,1,,test,arima,0.238,0.20996207714719217
Merzenhausen,2022-11-18 14:00:00,1,,test,arima,0.222,0.20986286633421924
Merzenhausen,2022-11-18 15:00:00,1,,test,arima,0.24000001,0.20976370240011866
Merzenhausen,2022-11-18 16:00:00,1,,test,arima,0.224,0.20966458532273932
Merzenhausen,2022-11-18 17:00:00,1,,test,arima,0.224,0.2095655150799406
Merzenhausen,2022-11-18 18:00:00,1,,test,arima,0.224,0.2094664916495923
Merzenhausen,2022-11-18 19:00:00,1,,test,arima,0.222,0.2093675150095747
Merzenhausen,2022-11-18 20:00:00,1,,test,arima,0.224,0.20926858513777857
Merzenhausen,2022-11-18 21:00:00,1,,test,arima,0.226,0.2091697020121051
Merzenhausen,2022-11-18 22:00:00,1,,test,arima,0.225,0.2090708656104659
Merzenhausen,2022-11-18 23:00:00,1,,test,arima,0.228,0.20897207591078298
Merzenhausen,2022-11-19 00:00:00,1,,test,arima,0.227,0.20887333289098892
Merzenhausen,2022-11-19 01:00:00,1,,test,arima,0.229,0.2087746365290266
Merzenhausen,2022-11-19 02:00:00,1,,test,arima,0.23,0.20867598680284938
Merzenhausen,2022-11-19 03:00:00,1,,test,arima,0.23,0.208577383690421
Merzenhausen,2022-11-19 04:00:00,1,,test,arima,0.232,0.20847882716971566
Merzenhausen,2022-11-19 05:00:00,1,,test,arima,0.232,0.20838031721871797
Merzenhausen,2022-11-19 06:00:00,1,,test,arima,0.232,0.20828185381542286
Merzenhausen,2022-11-19 07:00:00,1,,test,arima,0.233,0.20818343693783573
Merzenhausen,2022-11-19 08:00:00,1,,test,arima,0.235,0.20808506656397235
Merzenhausen,2022-11-19 09:00:00,1,,test,arima,0.235,0.2079867426718589
Merzenhausen,2022-11-19 10:00:00,1,,test,arima,0.24,0.20788846523953192
Merzenhausen,2022-11-19 11:00:00,1,,test,arima,0.236,0.20779023424503834
Merzenhausen,2022-11-19 12:00:00,1,,test,arima,0.238,0.20769204966643545
Merzenhausen,2022-11-19 13:00:00,1,,test,arima,0.315,0.20759391148179093
Merzenhausen,2022-11-19 14:00:00,1,,test,arima,0.213,0.2074958196691828
Merzenhausen,2022-11-19 15:00:00,1,,test,arima,0.187,0.20739777420669941
Merzenhausen,2022-11-19 16:00:00,1,,test,arima,0.315,0.20729977507243957
Merzenhausen,2022-11-19 17:00:00,1,,test,arima,0.243,0.20720182224451233
Merzenhausen,2022-11-19 18:00:00,1,,test,arima,0.278,0.20710391570103717
Merzenhausen,2022-11-19 19:00:00,1,,test,arima,0.189,0.20700605542014383
Merzenhausen,2022-11-19 20:00:00,1,,test,arima,0.245,0.2069082413799724
Merzenhausen,2022-11-19 21:00:00,1,,test,arima,0.27899998,0.20681047355867338
Merzenhausen,2022-11-19 22:00:00,1,,test,arima,0.245,0.20671275193440744
Merzenhausen,2022-11-19 23:00:00,1,,test,arima,0.31,0.20661507648534572
Merzenhausen,2022-11-20 00:00:00,1,,test,arima,0.247,0.2065174471896696
Merzenhausen,2022-11-20 01:00:00,1,,test,arima,0.31,0.20641986402557078
Merzenhausen,2022-11-20 02:00:00,1,,test,arima,0.247,0.2063223269712513
Merzenhausen,2022-11-20 03:00:00,1,,test,arima,0.252,0.20622483600492347
Merzenhausen,2022-11-20 04:00:00,1,,test,arima,0.247,0.20612739110480985
Merzenhausen,2022-11-20 05:00:00,1,,test,arima,0.31,0.20602999224914337
Merzenhausen,2022-11-20 06:00:00,1,,test,arima,0.249,0.20593263941616718
Merzenhausen,2022-11-20 07:00:00,1,,test,arima,0.28,0.20583533258413478
Merzenhausen,2022-11-20 08:00:00,1,,test,arima,0.249,0.20573807173130987
Merzenhausen,2022-11-20 09:00:00,1,,test,arima,0.249,0.2056408568359665
Merzenhausen,2022-11-20 10:00:00,1,,test,arima,0.31,0.20554368787638888
Merzenhausen,2022-11-20 11:00:00,1,,test,arima,0.252,0.2054465648308716
Merzenhausen,2022-11-20 12:00:00,1,,test,arima,0.28100002,0.20534948767771943
Merzenhausen,2022-11-20 13:00:00,1,,test,arima,0.251,0.20525245639524742
Merzenhausen,2022-11-20 14:00:00,1,,test,arima,0.2795,0.20515547096178086
Merzenhausen,2022-11-20 15:00:00,1,,test,arima,0.251,0.20505853135565527
Merzenhausen,2022-11-20 16:00:00,1,,test,arima,0.308,0.2049616375552164
Merzenhausen,2022-11-20 17:00:00,1,,test,arima,0.253,0.20486478953882029
Merzenhausen,2022-11-20 18:00:00,1,,test,arima,0.27899998,0.20476798728483314
Merzenhausen,2022-11-20 19:00:00,1,,test,arima,0.251,0.2046712307716314
Merzenhausen,2022-11-20 20:00:00,1,,test,arima,0.308,0.20457451997760173
Merzenhausen,2022-11-20 21:00:00,1,,test,arima,0.253,0.20447785488114104
Merzenhausen,2022-11-20 22:00:00,1,,test,arima,0.27899998,0.20438123546065637
Merzenhausen,2022-11-20 23:00:00,1,,test,arima,0.252,0.20428466169456505
Merzenhausen,2022-11-21 00:00:00,1,,test,arima,0.306,0.20418813356129456
Merzenhausen,2022-11-21 01:00:00,1,,test,arima,0.253,0.20409165103928256
Merzenhausen,2022-11-21 02:00:00,1,,test,arima,0.254,0.2039952141069769
Merzenhausen,2022-11-21 03:00:00,1,,test,arima,0.27899998,0.20389882274283572
Merzenhausen,2022-11-21 04:00:00,1,,test,arima,0.2535,0.20380247692532716
Merzenhausen,2022-11-21 05:00:00,1,,test,arima,0.255,0.20370617663292967
Merzenhausen,2022-11-21 06:00:00,1,,test,arima,0.255,0.20360992184413185
Merzenhausen,2022-11-21 07:00:00,1,,test,arima,0.27899998,0.2035137125374324
Merzenhausen,2022-11-21 08:00:00,1,,test,arima,0.255,0.2034175486913402
Merzenhausen,2022-11-21 09:00:00,1,,test,arima,0.27749997,0.20332143028437438
Merzenhausen,2022-11-21 10:00:00,1,,test,arima,0.253,0.20322535729506408
Merzenhausen,2022-11-21 11:00:00,1,,test,arima,0.254,0.2031293297019487
Merzenhausen,2022-11-21 12:00:00,1,,test,arima,0.27850002,0.20303334748357765
Merzenhausen,2022-11-21 13:00:00,1,,test,arima,0.253,0.20293741061851064
Merzenhausen,2022-11-21 14:00:00,1,,test,arima,0.253,0.2028415190853174
Merzenhausen,2022-11-21 15:00:00,1,,test,arima,0.278,0.20274567286257783
Merzenhausen,2022-11-21 16:00:00,1,,test,arima,0.255,0.2026498719288819
Merzenhausen,2022-11-21 17:00:00,1,,test,arima,0.229,0.20255411626282974
Merzenhausen,2022-11-21 19:00:00,1,,test,arima,0.205,0.2024584058430316
Merzenhausen,2022-11-21 20:00:00,1,,test,arima,0.348,0.20236274064810783
Merzenhausen,2022-11-21 21:00:00,1,,test,arima,0.2775,0.20226712065668884
Merzenhausen,2022-11-21 22:00:00,1,,test,arima,0.345,0.2021715458474152
Merzenhausen,2022-11-22 00:00:00,1,,test,arima,0.2765,0.20207601619893753
Merzenhausen,2022-11-22 01:00:00,1,,test,arima,0.3245,0.20198053168991653
Merzenhausen,2022-11-22 02:00:00,1,,test,arima,0.343,0.20188509229902307
Merzenhausen,2022-11-22 03:00:00,1,,test,arima,0.306,0.20178969800493796
Merzenhausen,2022-11-22 04:00:00,1,,test,arima,0.306,0.20169434878635217
Merzenhausen,2022-11-22 05:00:00,1,,test,arima,0.323,0.20159904462196676
Merzenhausen,2022-11-22 06:00:00,1,,test,arima,0.306,0.2015037854904928
Merzenhausen,2022-11-22 07:00:00,1,,test,arima,0.32349998,0.20140857137065146
Merzenhausen,2022-11-22 08:00:00,1,,test,arima,0.323,0.2013134022411739
Merzenhausen,2022-11-22 09:00:00,1,,test,arima,0.306,0.2012182780808014
Merzenhausen,2022-11-22 10:00:00,1,,test,arima,0.3225,0.20112319886828528
Merzenhausen,2022-11-22 11:00:00,1,,test,arima,0.32050002,0.20102816458238681
Merzenhausen,2022-11-22 12:00:00,1,,test,arima,0.2825,0.20093317520187745
Merzenhausen,2022-11-22 13:00:00,1,,test,arima,0.32050002,0.20083823070553858
Merzenhausen,2022-11-22 14:00:00,1,,test,arima,0.319,0.20074333107216158
Merzenhausen,2022-11-22 15:00:00,1,,test,arima,0.232,0.20064847628054794
Merzenhausen,2022-11-22 16:00:00,1,,test,arima,0.306,0.20055366630950916
Merzenhausen,2022-11-22 17:00:00,1,,test,arima,0.304,0.20045890113786666
Merzenhausen,2022-11-22 18:00:00,1,,test,arima,0.318,0.20036418074445198
Merzenhausen,2022-11-22 19:00:00,1,,test,arima,0.304,0.2002695051081066
Merzenhausen,2022-11-22 20:00:00,1,,test,arima,0.317,0.20017487420768199
Merzenhausen,2022-11-22 21:00:00,1,,test,arima,0.301,0.20008028802203964
Merzenhausen,2022-11-22 22:00:00,1,,test,arima,0.303,0.19998574653005102
Merzenhausen,2022-11-22 23:00:00,1,,test,arima,0.304,0.19989124971059757
Merzenhausen,2022-11-23 00:00:00,1,,test,arima,0.3165,0.1997967975425708
Merzenhausen,2022-11-23 01:00:00,1,,test,arima,0.304,0.19970239000487203
Merzenhausen,2022-11-23 02:00:00,1,,test,arima,0.304,0.19960802707641268
Merzenhausen,2022-11-23 03:00:00,1,,test,arima,0.302,0.19951370873611407
Merzenhausen,2022-11-23 04:00:00,1,,test,arima,0.314,0.1994194349629075
Merzenhausen,2022-11-23 05:00:00,1,,test,arima,0.31449997,0.19932520573573426
Merzenhausen,2022-11-23 06:00:00,1,,test,arima,0.302,0.1992310210335455
Merzenhausen,2022-11-23 07:00:00,1,,test,arima,0.302,0.19913688083530245
Merzenhausen,2022-11-23 08:00:00,1,,test,arima,0.314,0.19904278511997614
Merzenhausen,2022-11-23 09:00:00,1,,test,arima,0.3,0.19894873386654763
Merzenhausen,2022-11-23 10:00:00,1,,test,arima,0.3,0.19885472705400786
Merzenhausen,2022-11-23 11:00:00,1,,test,arima,0.298,0.19876076466135778
Merzenhausen,2022-11-23 12:00:00,1,,test,arima,0.299,0.19866684666760812
Merzenhausen,2022-11-23 13:00:00,1,,test,arima,0.3115,0.19857297305177968
Merzenhausen,2022-11-23 14:00:00,1,,test,arima,0.297,0.19847914379290305
Merzenhausen,2022-11-23 15:00:00,1,,test,arima,0.299,0.19838535887001882
Merzenhausen,2022-11-23 16:00:00,1,,test,arima,0.297,0.19829161826217745
Merzenhausen,2022-11-23 17:00:00,1,,test,arima,0.3095,0.19819792194843927
Merzenhausen,2022-12-01 00:00:00,1,,test,arima,0.308,0.1981042699078745
Merzenhausen,2022-12-01 01:00:00,1,,test,arima,0.308,0.19801066211956334
Merzenhausen,2022-12-01 02:00:00,1,,test,arima,0.308,0.19791709856259576
Merzenhausen,2022-12-01 03:00:00,1,,test,arima,0.308,0.19782357921607172
Merzenhausen,2022-12-01 04:00:00,1,,test,arima,0.308,0.19773010405910096
Merzenhausen,2022-12-01 05:00:00,1,,test,arima,0.306,0.19763667307080315
Merzenhausen,2022-12-01 06:00:00,1,,test,arima,0.306,0.1975432862303078
Merzenhausen,2022-12-01 07:00:00,1,,test,arima,0.306,0.1974499435167543
Merzenhausen,2022-12-01 08:00:00,1,,test,arima,0.306,0.19735664490929183
Merzenhausen,2022-12-01 09:00:00,1,,test,arima,0.306,0.19726339038707957
Merzenhausen,2022-12-01 10:00:00,1,,test,arima,0.307,0.19717017992928637
Merzenhausen,2022-12-01 11:00:00,1,,test,arima,0.308,0.19707701351509108
Merzenhausen,2022-12-01 12:00:00,1,,test,arima,0.308,0.19698389112368225
Merzenhausen,2022-12-01 13:00:00,1,,test,arima,0.305,0.1968908127342584
Merzenhausen,2022-12-01 14:00:00,1,,test,arima,0.305,0.19679777832602777
Merzenhausen,2022-12-01 15:00:00,1,,test,arima,0.305,0.19670478787820844
Merzenhausen,2022-12-01 16:00:00,1,,test,arima,0.305,0.1966118413700284
Merzenhausen,2022-12-01 17:00:00,1,,test,arima,0.305,0.19651893878072535
Merzenhausen,2022-12-01 18:00:00,1,,test,arima,0.306,0.19642608008954682
Merzenhausen,2022-12-01 19:00:00,1,,test,arima,0.306,0.1963332652757502
Merzenhausen,2022-12-01 20:00:00,1,,test,arima,0.306,0.19624049431860263
Merzenhausen,2022-12-01 21:00:00,1,,test,arima,0.306,0.19614776719738108
Merzenhausen,2022-12-01 22:00:00,1,,test,arima,0.306,0.19605508389137227
Merzenhausen,2022-12-01 23:00:00,1,,test,arima,0.306,0.19596244437987276
Merzenhausen,2022-12-02 00:00:00,1,,test,arima,0.304,0.19586984864218887
Merzenhausen,2022-12-02 01:00:00,1,,test,arima,0.304,0.19577729665763666
Merzenhausen,2022-12-02 02:00:00,1,,test,arima,0.304,0.19568478840554204
Merzenhausen,2022-12-02 03:00:00,1,,test,arima,0.304,0.1955923238652406
Merzenhausen,2022-12-02 04:00:00,1,,test,arima,0.304,0.19549990301607778
Merzenhausen,2022-12-02 05:00:00,1,,test,arima,0.306,0.19540752583740872
Merzenhausen,2022-12-02 06:00:00,1,,test,arima,0.306,0.19531519230859834
Merzenhausen,2022-12-02 07:00:00,1,,test,arima,0.305,0.19522290240902132
Merzenhausen,2022-12-02 08:00:00,1,,test,arima,0.304,0.19513065611806205
Merzenhausen,2022-12-02 09:00:00,1,,test,arima,0.303,0.19503845341511472
Merzenhausen,2022-12-02 10:00:00,1,,test,arima,0.303,0.19494629427958315
Merzenhausen,2022-12-02 11:00:00,1,,test,arima,0.304,0.194854178690881
Merzenhausen,2022-12-02 12:00:00,1,,test,arima,0.304,0.19476210662843163
Merzenhausen,2022-12-02 13:00:00,1,,test,arima,0.304,0.19467007807166814
Merzenhausen,2022-12-02 14:00:00,1,,test,arima,0.301,0.19457809300003326
Merzenhausen,2022-12-02 15:00:00,1,,test,arima,0.302,0.19448615139297953
Merzenhausen,2022-12-02 16:00:00,1,,test,arima,0.302,0.19439425322996914
Merzenhausen,2022-12-02 17:00:00,1,,test,arima,0.302,0.19430239849047404
Merzenhausen,2022-12-02 18:00:00,1,,test,arima,0.302,0.1942105871539758
Merzenhausen,2022-12-02 19:00:00,1,,test,arima,0.302,0.19411881919996576
Merzenhausen,2022-12-02 20:00:00,1,,test,arima,0.302,0.19402709460794493
Merzenhausen,2022-12-02 21:00:00,1,,test,arima,0.302,0.19393541335742398
Merzenhausen,2022-12-02 22:00:00,1,,test,arima,0.302,0.1938437754279233
Merzenhausen,2022-12-02 23:00:00,1,,test,arima,0.302,0.19375218079897294
Merzenhausen,2022-12-03 00:00:00,1,,test,arima,0.302,0.19366062945011261
Merzenhausen,2022-12-03 01:00:00,1,,test,arima,0.302,0.19356912136089172
Merzenhausen,2022-12-03 02:00:00,1,,test,arima,0.302,0.19347765651086926
Merzenhausen,2022-12-03 03:00:00,1,,test,arima,0.302,0.19338623487961398
Merzenhausen,2022-12-03 04:00:00,1,,test,arima,0.302,0.19329485644670427
Merzenhausen,2022-12-03 05:00:00,1,,test,arima,0.302,0.19320352119172812
Merzenhausen,2022-12-03 06:00:00,1,,test,arima,0.302,0.19311222909428316
Merzenhausen,2022-12-03 07:00:00,1,,test,arima,0.301,0.19302098013397676
Merzenhausen,2022-12-03 08:00:00,1,,test,arima,0.303,0.1929297742904258
Merzenhausen,2022-12-03 09:00:00,1,,test,arima,0.303,0.19283861154325685
Merzenhausen,2022-12-03 10:00:00,1,,test,arima,0.304,0.1927474918721061
Merzenhausen,2022-12-03 11:00:00,1,,test,arima,0.306,0.19265641525661942
Merzenhausen,2022-12-03 12:00:00,1,,test,arima,0.308,0.19256538167645218
Merzenhausen,2022-12-03 13:00:00,1,,test,arima,0.306,0.19247439111126946
Merzenhausen,2022-12-03 14:00:00,1,,test,arima,0.307,0.19238344354074588
Merzenhausen,2022-12-03 15:00:00,1,,test,arima,0.308,0.19229253894456577
Merzenhausen,2022-12-03 16:00:00,1,,test,arima,0.312,0.19220167730242294
Merzenhausen,2022-12-03 17:00:00,1,,test,arima,0.315,0.19211085859402083
Merzenhausen,2022-12-03 18:00:00,1,,test,arima,0.317,0.1920200827990725
Merzenhausen,2022-12-03 19:00:00,1,,test,arima,0.317,0.1919293498973006
Merzenhausen,2022-12-03 20:00:00,1,,test,arima,0.323,0.1918386598684373
Merzenhausen,2022-12-03 21:00:00,1,,test,arima,0.326,0.1917480126922244
Merzenhausen,2022-12-04 05:00:00,1,,test,arima,0.349,0.19165740834841333
Merzenhausen,2022-12-04 06:00:00,1,,test,arima,0.37,0.19156684681676492
Merzenhausen,2022-12-04 07:00:00,1,,test,arima,0.351,0.19147632807704973
Merzenhausen,2022-12-04 08:00:00,1,,test,arima,0.3645,0.19138585210904777
Merzenhausen,2022-12-04 09:00:00,1,,test,arima,0.357,0.19129541889254867
Merzenhausen,2022-12-04 10:00:00,1,,test,arima,0.357,0.19120502840735157
Merzenhausen,2022-12-04 11:00:00,1,,test,arima,0.3585,0.19111468063326517
Merzenhausen,2022-12-04 12:00:00,1,,test,arima,0.356,0.19102437555010773
Merzenhausen,2022-12-04 13:00:00,1,,test,arima,0.3565,0.19093411313770703
Merzenhausen,2022-12-04 14:00:00,1,,test,arima,0.357,0.19084389337590035
Merzenhausen,2022-12-04 15:00:00,1,,test,arima,0.36049998,0.19075371624453452
Merzenhausen,2022-12-04 16:00:00,1,,test,arima,0.354,0.19066358172346592
Merzenhausen,2022-12-04 17:00:00,1,,test,arima,0.354,0.19057348979256047
Merzenhausen,2022-12-04 18:00:00,1,,test,arima,0.35750002,0.1904834404316935
Merzenhausen,2022-12-04 19:00:00,1,,test,arima,0.352,0.19039343362074992
Merzenhausen,2022-12-04 20:00:00,1,,test,arima,0.35,0.19030346933962417
Merzenhausen,2022-12-04 21:00:00,1,,test,arima,0.35,0.19021354756822012
Merzenhausen,2022-12-04 22:00:00,1,,test,arima,0.349,0.19012366828645116
Merzenhausen,2022-12-04 23:00:00,1,,test,arima,0.348,0.1900338314742402
Merzenhausen,2022-12-05 00:00:00,1,,test,arima,0.349,0.18994403711151964
Merzenhausen,2022-12-05 01:00:00,1,,test,arima,0.349,0.1898542851782313
Merzenhausen,2022-12-05 02:00:00,1,,test,arima,0.349,0.18976457565432656
Merzenhausen,2022-12-05 03:00:00,1,,test,arima,0.347,0.1896749085197662
Merzenhausen,2022-12-05 04:00:00,1,,test,arima,0.347,0.18958528375452055
Merzenhausen,2022-12-05 05:00:00,1,,test,arima,0.346,0.1894957013385693
Merzenhausen,2022-12-05 06:00:00,1,,test,arima,0.346,0.18940616125190168
Merzenhausen,2022-12-05 07:00:00,1,,test,arima,0.346,0.18931666347451637
Merzenhausen,2022-12-05 08:00:00,1,,test,arima,0.344,0.18922720798642143
Merzenhausen,2022-12-05 09:00:00,1,,test,arima,0.344,0.18913779476763445
Merzenhausen,2022-12-05 10:00:00,1,,test,arima,0.344,0.18904842379818243
Merzenhausen,2022-12-05 11:00:00,1,,test,arima,0.344,0.18895909505810182
Merzenhausen,2022-12-05 12:00:00,1,,test,arima,0.344,0.18886980852743845
Merzenhausen,2022-12-05 13:00:00,1,,test,arima,0.344,0.18878056418624767
Merzenhausen,2022-12-05 14:00:00,1,,test,arima,0.344,0.1886913620145942
Merzenhausen,2022-12-05 15:00:00,1,,test,arima,0.342,0.18860220199255215
Merzenhausen,2022-12-05 16:00:00,1,,test,arima,0.342,0.1885130841002051
Merzenhausen,2022-12-05 17:00:00,1,,test,arima,0.342,0.18842400831764602
Merzenhausen,2022-12-05 18:00:00,1,,test,arima,0.34,0.1883349746249773
Merzenhausen,2022-12-05 19:00:00,1,,test,arima,0.34,0.1882459830023107
Merzenhausen,2022-12-05 20:00:00,1,,test,arima,0.34,0.18815703342976742
Merzenhausen,2022-12-05 21:00:00,1,,test,arima,0.34,0.18806812588747798
Merzenhausen,2022-12-29 07:00:00,1,,test,arima,0.338,0.18797926035558238
Merzenhausen,2022-12-29 08:00:00,1,,test,arima,0.337,0.18789043681422996
Merzenhausen,2022-12-29 09:00:00,1,,test,arima,0.338,0.18780165524357942
Merzenhausen,2022-12-29 10:00:00,1,,test,arima,0.338,0.18771291562379888
Merzenhausen,2022-12-29 11:00:00,1,,test,arima,0.338,0.18762421793506578
Merzenhausen,2022-12-29 12:00:00,1,,test,arima,0.338,0.187535562157567
Merzenhausen,2022-12-29 13:00:00,1,,test,arima,0.338,0.1874469482714987
Merzenhausen,2022-12-29 14:00:00,1,,test,arima,0.336,0.18735837625706642
Merzenhausen,2022-12-29 15:00:00,1,,test,arima,0.3305,0.1872698460944851
Merzenhausen,2022-12-29 16:00:00,1,,test,arima,0.338,0.187181357763979
Merzenhausen,2022-12-29 17:00:00,1,,test,arima,0.336,0.18709291124578173
Merzenhausen,2022-12-29 18:00:00,1,,test,arima,0.336,0.18700450652013617
Merzenhausen,2022-12-29 19:00:00,1,,test,arima,0.335,0.18691614356729466
Merzenhausen,2022-12-29 20:00:00,1,,test,arima,0.335,0.1868278223675188
Merzenhausen,2022-12-29 21:00:00,1,,test,arima,0.336,0.18673954290107947
Merzenhausen,2022-12-29 22:00:00,1,,test,arima,0.335,0.186651305148257
Merzenhausen,2022-12-29 23:00:00,1,,test,arima,0.334,0.18656310908934093
Merzenhausen,2022-12-30 00:00:00,1,,test,arima,0.335,0.18647495470463016
Merzenhausen,2022-12-30 01:00:00,1,,test,arima,0.335,0.18638684197443287
Merzenhausen,2022-12-30 02:00:00,1,,test,arima,0.333,0.18629877087906654
Merzenhausen,2022-12-30 03:00:00,1,,test,arima,0.333,0.18621074139885802
Merzenhausen,2022-12-30 04:00:00,1,,test,arima,0.333,0.18612275351414337
Merzenhausen,2022-12-30 05:00:00,1,,test,arima,0.333,0.18603480720526805
Merzenhausen,2022-12-30 06:00:00,1,,test,arima,0.332,0.18594690245258666
Merzenhausen,2022-12-30 07:00:00,1,,test,arima,0.333,0.18585903923646319
Merzenhausen,2022-12-30 08:00:00,1,,test,arima,0.333,0.18577121753727088
Merzenhausen,2022-12-30 09:00:00,1,,test,arima,0.333,0.18568343733539222
Merzenhausen,2022-12-30 10:00:00,1,,test,arima,0.333,0.185595698611219
Merzenhausen,2022-12-30 11:00:00,1,,test,arima,0.333,0.1855080013451523
Merzenhausen,2022-12-30 12:00:00,1,,test,arima,0.33,0.1854203455176024
Merzenhausen,2022-12-30 13:00:00,1,,test,arima,0.33,0.18533273110898885
Merzenhausen,2022-12-30 14:00:00,1,,test,arima,0.33,0.1852451580997405
Merzenhausen,2022-12-30 15:00:00,1,,test,arima,0.33,0.18515762647029538
Merzenhausen,2022-12-30 16:00:00,1,,test,arima,0.331,0.18507013620110083
Merzenhausen,2022-12-30 17:00:00,1,,test,arima,0.331,0.18498268727261338
Merzenhausen,2022-12-30 18:00:00,1,,test,arima,0.331,0.18489527966529884
Merzenhausen,2022-12-30 19:00:00,1,,test,arima,0.331,0.18480791335963218
Merzenhausen,2022-12-30 20:00:00,1,,test,arima,0.33,0.18472058833609764
Merzenhausen,2022-12-30 21:00:00,1,,test,arima,0.33,0.1846333045751887
Merzenhausen,2022-12-30 22:00:00,1,,test,arima,0.33,0.18454606205740803
Merzenhausen,2022-12-30 23:00:00,1,,test,arima,0.333,0.1844588607632675
Merzenhausen,2022-12-31 00:00:00,1,,test,arima,0.333,0.18437170067328826
Merzenhausen,2022-12-31 01:00:00,1,,test,arima,0.333,0.18428458176800055
Merzenhausen,2022-12-31 02:00:00,1,,test,arima,0.333,0.18419750402794388
Merzenhausen,2022-12-31 03:00:00,1,,test,arima,0.332,0.184110467433667
Merzenhausen,2022-12-31 04:00:00,1,,test,arima,0.331,0.18402347196572774
Merzenhausen,2022-12-31 05:00:00,1,,test,arima,0.333,0.1839365176046932
Merzenhausen,2022-12-31 06:00:00,1,,test,arima,0.333,0.18384960433113962
Merzenhausen,2022-12-31 07:00:00,1,,test,arima,0.333,0.18376273212565247
Merzenhausen,2022-12-31 08:00:00,1,,test,arima,0.333,0.1836759009688263
Merzenhausen,2022-12-31 09:00:00,1,,test,arima,0.335,0.18358911084126495
Merzenhausen,2022-12-31 10:00:00,1,,test,arima,0.336,0.18350236172358134
Merzenhausen,2022-12-31 11:00:00,1,,test,arima,0.337,0.18341565359639755
Merzenhausen,2022-12-31 12:00:00,1,,test,arima,0.338,0.1833289864403449
Merzenhausen,2022-12-31 13:00:00,1,,test,arima,0.338,0.18324236023606374
Merzenhausen,2022-12-31 14:00:00,1,,test,arima,0.338,0.18315577496420365
Merzenhausen,2022-12-31 15:00:00,1,,test,arima,0.338,0.18306923060542335
Merzenhausen,2022-12-31 16:00:00,1,,test,arima,0.338,0.18298272714039066
Merzenhausen,2022-12-31 17:00:00,1,,test,arima,0.34,0.18289626454978258
Merzenhausen,2022-12-31 18:00:00,1,,test,arima,0.343,0.1828098428142852
Merzenhausen,2022-12-31 19:00:00,1,,test,arima,0.35,0.18272346191459377
Merzenhausen,2022-12-31 20:00:00,1,,test,arima,0.348,0.18263712183141262
Merzenhausen,2022-12-31 21:00:00,1,,test,arima,0.351,0.18255082254545524
Merzenhausen,2022-12-31 22:00:00,1,,test,arima,0.351,0.1824645640374442
Merzenhausen,2022-12-31 23:00:00,1,,test,arima,0.351,0.18237834628811125
Merzenhausen,2023-01-01 00:00:00,1,,test,arima,0.351,0.18229216927819714
Merzenhausen,2023-01-01 01:00:00,1,,test,arima,0.351,0.18220603298845178
Merzenhausen,2023-01-01 02:00:00,1,,test,arima,0.348,0.18211993739963417
Merzenhausen,2023-01-01 03:00:00,1,,test,arima,0.35,0.1820338824925124
Merzenhausen,2023-01-01 04:00:00,1,,test,arima,0.35,0.18194786824786363
Merzenhausen,2023-01-01 05:00:00,1,,test,arima,0.348,0.18186189464647418
Merzenhausen,2023-01-01 06:00:00,1,,test,arima,0.348,0.18177596166913929
Merzenhausen,2023-01-01 07:00:00,1,,test,arima,0.349,0.18169006929666343
Merzenhausen,2023-01-01 08:00:00,1,,test,arima,0.349,0.18160421750986008
Merzenhausen,2023-01-01 09:00:00,1,,test,arima,0.347,0.1815184062895518
Merzenhausen,2023-01-01 10:00:00,1,,test,arima,0.349,0.18143263561657016
Merzenhausen,2023-01-01 11:00:00,1,,test,arima,0.347,0.18134690547175586
Merzenhausen,2023-01-01 12:00:00,1,,test,arima,0.347,0.1812612158359586
Merzenhausen,2023-01-01 13:00:00,1,,test,arima,0.347,0.1811755666900372
Merzenhausen,2023-01-01 14:00:00,1,,test,arima,0.347,0.1810899580148594
Merzenhausen,2023-01-01 15:00:00,1,,test,arima,0.347,0.1810043897913021
Merzenhausen,2023-01-01 16:00:00,1,,test,arima,0.345,0.18091886200025117
Merzenhausen,2023-01-01 17:00:00,1,,test,arima,0.345,0.18083337462260157
Merzenhausen,2023-01-01 18:00:00,1,,test,arima,0.347,0.18074792763925718
Merzenhausen,2023-01-01 19:00:00,1,,test,arima,0.347,0.18066252103113106
Merzenhausen,2023-01-01 20:00:00,1,,test,arima,0.345,0.18057715477914513
Merzenhausen,2023-01-01 21:00:00,1,,test,arima,0.345,0.18049182886423043
Merzenhausen,2023-01-01 22:00:00,1,,test,arima,0.345,0.18040654326732697
Merzenhausen,2023-01-01 23:00:00,1,,test,arima,0.345,0.1803212979693838
Merzenhausen,2023-01-02 00:00:00,1,,test,arima,0.342,0.18023609295135887
Merzenhausen,2023-01-02 01:00:00,1,,test,arima,0.343,0.18015092819421924
Merzenhausen,2023-01-02 02:00:00,1,,test,arima,0.344,0.18006580367894098
Merzenhausen,2023-01-02 03:00:00,1,,test,arima,0.344,0.17998071938650903
Merzenhausen,2023-01-02 04:00:00,1,,test,arima,0.344,0.17989567529791742
Merzenhausen,2023-01-02 05:00:00,1,,test,arima,0.344,0.17981067139416906
Merzenhausen,2023-01-02 06:00:00,1,,test,arima,0.344,0.179725707656276
Merzenhausen,2023-01-02 07:00:00,1,,test,arima,0.344,0.17964078406525907
Merzenhausen,2023-01-02 08:00:00,1,,test,arima,0.344,0.1795559006021482
Merzenhausen,2023-01-02 09:00:00,1,,test,arima,0.342,0.17947105724798224
Merzenhausen,2023-01-02 10:00:00,1,,test,arima,0.342,0.17938625398380897
Merzenhausen,2023-01-02 11:00:00,1,,test,arima,0.342,0.1793014907906852
Merzenhausen,2023-01-02 12:00:00,1,,test,arima,0.342,0.1792167676496766
Merzenhausen,2023-01-02 13:00:00,1,,test,arima,0.345,0.17913208454185786
Merzenhausen,2023-01-02 14:00:00,1,,test,arima,0.342,0.17904744144831258
Merzenhausen,2023-01-02 15:00:00,1,,test,arima,0.344,0.1789628383501333
Merzenhausen,2023-01-02 16:00:00,1,,test,arima,0.342,0.1788782752284215
Merzenhausen,2023-01-02 17:00:00,1,,test,arima,0.345,0.1787937520642876
Merzenhausen,2023-01-02 18:00:00,1,,test,arima,0.343,0.17870926883885097
Merzenhausen,2023-01-02 19:00:00,1,,test,arima,0.343,0.17862482553323977
Merzenhausen,2023-01-02 20:00:00,1,,test,arima,0.343,0.17854042212859125
Merzenhausen,2023-01-02 21:00:00,1,,test,arima,0.343,0.17845605860605146
Merzenhausen,2023-01-02 22:00:00,1,,test,arima,0.343,0.17837173494677544
Merzenhausen,2023-01-02 23:00:00,1,,test,arima,0.343,0.17828745113192704
Merzenhausen,2023-01-03 00:00:00,1,,test,arima,0.345,0.17820320714267907
Merzenhausen,2023-01-03 01:00:00,1,,test,arima,0.343,0.17811900296021324
Merzenhausen,2023-01-03 02:00:00,1,,test,arima,0.345,0.17803483856572014
Merzenhausen,2023-01-03 03:00:00,1,,test,arima,0.342,0.17795071394039924
Merzenhausen,2023-01-03 04:00:00,1,,test,arima,0.342,0.1778666290654589
Merzenhausen,2023-01-03 05:00:00,1,,test,arima,0.342,0.17778258392211632
Merzenhausen,2023-01-03 06:00:00,1,,test,arima,0.342,0.17769857849159768
Merzenhausen,2023-01-03 07:00:00,1,,test,arima,0.343,0.1776146127551379
Merzenhausen,2023-01-03 08:00:00,1,,test,arima,0.343,0.17753068669398092
Merzenhausen,2023-01-03 09:00:00,1,,test,arima,0.34,0.17744680028937937
Merzenhausen,2023-01-03 10:00:00,1,,test,arima,0.34,0.17736295352259485
Merzenhausen,2023-01-03 11:00:00,1,,test,arima,0.341,0.17727914637489778
Merzenhausen,2023-01-03 12:00:00,1,,test,arima,0.341,0.17719537882756747
Merzenhausen,2023-01-03 13:00:00,1,,test,arima,0.341,0.177111650861892
Merzenhausen,2023-01-03 14:00:00,1,,test,arima,0.341,0.17702796245916838
Merzenhausen,2023-01-03 15:00:00,1,,test,arima,0.341,0.1769443136007024
Merzenhausen,2023-01-03 16:00:00,1,,test,arima,0.338,0.17686070426780864
Merzenhausen,2023-01-03 17:00:00,1,,test,arima,0.338,0.17677713444181065
Merzenhausen,2023-01-03 18:00:00,1,,test,arima,0.338,0.17669360410404064
Merzenhausen,2023-01-03 19:00:00,1,,test,arima,0.338,0.17661011323583978
Merzenhausen,2023-01-03 20:00:00,1,,test,arima,0.341,0.17652666181855795
Merzenhausen,2023-01-03 21:00:00,1,,test,arima,0.34,0.17644324983355392
Merzenhausen,2023-01-03 22:00:00,1,,test,arima,0.34,0.17635987726219524
Merzenhausen,2023-01-03 23:00:00,1,,test,arima,0.34,0.17627654408585824
Merzenhausen,2023-01-04 00:00:00,1,,test,arima,0.343,0.17619325028592808
Merzenhausen,2023-01-04 01:00:00,1,,test,arima,0.343,0.17610999584379874
Merzenhausen,2023-01-04 02:00:00,1,,test,arima,0.342,0.17602678074087294
Merzenhausen,2023-01-04 03:00:00,1,,test,arima,0.342,0.1759436049585622
Merzenhausen,2023-01-04 04:00:00,1,,test,arima,0.342,0.17586046847828682
Merzenhausen,2023-01-04 05:00:00,1,,test,arima,0.342,0.1757773712814759
Merzenhausen,2023-01-04 06:00:00,1,,test,arima,0.342,0.1756943133495673
Merzenhausen,2023-01-04 07:00:00,1,,test,arima,0.34,0.17561129466400768
Merzenhausen,2023-01-04 08:00:00,1,,test,arima,0.34,0.17552831520625242
Merzenhausen,2023-01-04 09:00:00,1,,test,arima,0.34,0.1754453749577657
Merzenhausen,2023-01-04 10:00:00,1,,test,arima,0.34,0.1753624739000204
Merzenhausen,2023-01-04 11:00:00,1,,test,arima,0.34,0.17527961201449827
Merzenhausen,2023-01-04 12:00:00,1,,test,arima,0.34,0.17519678928268967
Merzenhausen,2023-01-04 13:00:00,1,,test,arima,0.34,0.1751140056860938
Merzenhausen,2023-01-04 14:00:00,1,,test,arima,0.34,0.1750312612062186
Merzenhausen,2023-01-04 15:00:00,1,,test,arima,0.34,0.1749485558245807
Merzenhausen,2023-01-04 16:00:00,1,,test,arima,0.34,0.1748658895227055
Merzenhausen,2023-01-04 17:00:00,1,,test,arima,0.34,0.1747832622821271
Merzenhausen,2023-01-04 18:00:00,1,,test,arima,0.3405,0.17470067408438833
Merzenhausen,2023-01-04 19:00:00,1,,test,arima,0.34,0.1746181249110408
Merzenhausen,2023-01-04 20:00:00,1,,test,arima,0.342,0.17453561474364476
Merzenhausen,2023-01-04 21:00:00,1,,test,arima,0.34,0.17445314356376926
Merzenhausen,2023-01-04 22:00:00,1,,test,arima,0.3405,0.17437071135299193
Merzenhausen,2023-01-04 23:00:00,1,,test,arima,0.34,0.17428831809289919
Merzenhausen,2023-01-05 00:00:00,1,,test,arima,0.34,0.17420596376508618
Merzenhausen,2023-01-05 01:00:00,1,,test,arima,0.34,0.17412364835115668
Merzenhausen,2023-01-05 02:00:00,1,,test,arima,0.34,0.17404137183272322
Merzenhausen,2023-01-05 03:00:00,1,,test,arima,0.34,0.17395913419140696
Merzenhausen,2023-01-05 04:00:00,1,,test,arima,0.34,0.17387693540883778
Merzenhausen,2023-01-05 05:00:00,1,,test,arima,0.34,0.17379477546665423
Merzenhausen,2023-01-05 06:00:00,1,,test,arima,0.341,0.17371265434650354
Merzenhausen,2023-01-05 07:00:00,1,,test,arima,0.34,0.17363057203004162
Merzenhausen,2023-01-05 08:00:00,1,,test,arima,0.341,0.17354852849893299
Merzenhausen,2023-01-05 09:00:00,1,,test,arima,0.338,0.17346652373485094
Merzenhausen,2023-01-05 10:00:00,1,,test,arima,0.338,0.17338455771947733
Merzenhausen,2023-01-05 11:00:00,1,,test,arima,0.338,0.17330263043450272
Merzenhausen,2023-01-05 12:00:00,1,,test,arima,0.338,0.17322074186162628
Merzenhausen,2023-01-05 13:00:00,1,,test,arima,0.338,0.1731388919825559
Merzenhausen,2023-01-05 14:00:00,1,,test,arima,0.34,0.17305708077900805
Merzenhausen,2023-01-05 15:00:00,1,,test,arima,0.34,0.17297530823270785
Merzenhausen,2023-01-05 16:00:00,1,,test,arima,0.34,0.17289357432538904
Merzenhausen,2023-01-05 17:00:00,1,,test,arima,0.338,0.17281187903879408
Merzenhausen,2023-01-05 18:00:00,1,,test,arima,0.338,0.17273022235467395
Merzenhausen,2023-01-05 19:00:00,1,,test,arima,0.338,0.17264860425478828
Merzenhausen,2023-01-05 20:00:00,1,,test,arima,0.34,0.17256702472090535
Merzenhausen,2023-01-05 21:00:00,1,,test,arima,0.338,0.17248548373480205
Merzenhausen,2023-01-05 22:00:00,1,,test,arima,0.337,0.17240398127826384
Merzenhausen,2023-01-05 23:00:00,1,,test,arima,0.337,0.17232251733308485
Merzenhausen,2023-01-06 00:00:00,1,,test,arima,0.337,0.1722410918810678
Merzenhausen,2023-01-06 01:00:00,1,,test,arima,0.337,0.17215970490402388
Merzenhausen,2023-01-06 02:00:00,1,,test,arima,0.338,0.1720783563837731
Merzenhausen,2023-01-06 03:00:00,1,,test,arima,0.335,0.1719970463021439
Merzenhausen,2023-01-06 04:00:00,1,,test,arima,0.335,0.1719157746409733
Merzenhausen,2023-01-06 05:00:00,1,,test,arima,0.335,0.17183454138210702
Merzenhausen,2023-01-06 06:00:00,1,,test,arima,0.335,0.17175334650739926
Merzenhausen,2023-01-06 07:00:00,1,,test,arima,0.335,0.1716721899987128
Merzenhausen,2023-01-06 08:00:00,1,,test,arima,0.335,0.17159107183791908
Merzenhausen,2023-01-06 09:00:00,1,,test,arima,0.335,0.17150999200689798
Merzenhausen,2023-01-06 10:00:00,1,,test,arima,0.337,0.171428950487538
Merzenhausen,2023-01-06 11:00:00,1,,test,arima,0.335,0.17134794726173624
Merzenhausen,2023-01-06 12:00:00,1,,test,arima,0.336,0.17126698231139828
Merzenhausen,2023-01-06 13:00:00,1,,test,arima,0.337,0.1711860556184383
Merzenhausen,2023-01-06 14:00:00,1,,test,arima,0.336,0.17110516716477897
Merzenhausen,2023-01-06 15:00:00,1,,test,arima,0.337,0.1710243169323516
Merzenhausen,2023-01-06 16:00:00,1,,test,arima,0.333,0.17094350490309596
Merzenhausen,2023-01-06 17:00:00,1,,test,arima,0.335,0.17086273105896033
Merzenhausen,2023-01-06 18:00:00,1,,test,arima,0.335,0.1707819953819016
Merzenhausen,2023-01-06 19:00:00,1,,test,arima,0.335,0.17070129785388516
Merzenhausen,2023-01-06 20:00:00,1,,test,arima,0.335,0.17062063845688488
Merzenhausen,2023-01-06 21:00:00,1,,test,arima,0.333,0.1705400171728832
Merzenhausen,2023-01-06 22:00:00,1,,test,arima,0.333,0.17045943398387103
Merzenhausen,2023-01-06 23:00:00,1,,test,arima,0.334,0.17037888887184782
Merzenhausen,2023-01-07 00:00:00,1,,test,arima,0.334,0.17029838181882154
Merzenhausen,2023-01-07 01:00:00,1,,test,arima,0.334,0.1702179128068086
Merzenhausen,2023-01-07 02:00:00,1,,test,arima,0.334,0.17013748181783395
Merzenhausen,2023-01-07 03:00:00,1,,test,arima,0.333,0.17005708883393106
Merzenhausen,2023-01-07 04:00:00,1,,test,arima,0.334,0.16997673383714182
Merzenhausen,2023-01-07 05:00:00,1,,test,arima,0.335,0.16989641680951667
Merzenhausen,2023-01-07 06:00:00,1,,test,arima,0.335,0.1698161377331145
Merzenhausen,2023-01-07 07:00:00,1,,test,arima,0.335,0.16973589659000266
Merzenhausen,2023-01-07 08:00:00,1,,test,arima,0.332,0.16965569336225703
Merzenhausen,2023-01-07 09:00:00,1,,test,arima,0.334,0.1695755280319619
Merzenhausen,2023-01-07 10:00:00,1,,test,arima,0.332,0.1694954005812101
Merzenhausen,2023-01-07 11:00:00,1,,test,arima,0.332,0.16941531099210277
Merzenhausen,2023-01-07 12:00:00,1,,test,arima,0.332,0.16933525924674972
Merzenhausen,2023-01-07 13:00:00,1,,test,arima,0.332,0.16925524532726904
Merzenhausen,2023-01-07 14:00:00,1,,test,arima,0.333,0.16917526921578735
Merzenhausen,2023-01-07 15:00:00,1,,test,arima,0.333,0.1690953308944397
Merzenhausen,2023-01-07 16:00:00,1,,test,arima,0.333,0.1690154303453696
Merzenhausen,2023-01-07 17:00:00,1,,test,arima,0.332,0.16893556755072892
Merzenhausen,2023-01-07 18:00:00,1,,test,arima,0.33,0.1688557424926781
Merzenhausen,2023-01-07 19:00:00,1,,test,arima,0.33,0.16877595515338584
Merzenhausen,2023-01-07 20:00:00,1,,test,arima,0.33,0.16869620551502945
Merzenhausen,2023-01-07 21:00:00,1,,test,arima,0.33,0.16861649355979452
Merzenhausen,2023-01-07 22:00:00,1,,test,arima,0.332,0.16853681926987507
Merzenhausen,2023-01-07 23:00:00,1,,test,arima,0.334,0.16845718262747364
Merzenhausen,2023-01-08 00:00:00,1,,test,arima,0.333,0.16837758361480104
Merzenhausen,2023-01-08 01:00:00,1,,test,arima,0.333,0.1682980222140766
Merzenhausen,2023-01-08 02:00:00,1,,test,arima,0.332,0.168218498407528
Merzenhausen,2023-01-08 03:00:00,1,,test,arima,0.335,0.16813901217739136
Merzenhausen,2023-01-08 04:00:00,1,,test,arima,0.335,0.16805956350591106
Merzenhausen,2023-01-08 05:00:00,1,,test,arima,0.332,0.16798015237534006
Merzenhausen,2023-01-08 06:00:00,1,,test,arima,0.335,0.16790077876793957
Merzenhausen,2023-01-08 07:00:00,1,,test,arima,0.333,0.16782144266597923
Merzenhausen,2023-01-08 08:00:00,1,,test,arima,0.333,0.16774214405173704
Merzenhausen,2023-01-08 09:00:00,1,,test,arima,0.334,0.16766288290749942
Merzenhausen,2023-01-08 10:00:00,1,,test,arima,0.332,0.16758365921556112
Merzenhausen,2023-01-08 11:00:00,1,,test,arima,0.334,0.16750447295822524
Merzenhausen,2023-01-08 12:00:00,1,,test,arima,0.333,0.16742532411780325
Merzenhausen,2023-01-08 13:00:00,1,,test,arima,0.333,0.16734621267661506
Merzenhausen,2023-01-08 14:00:00,1,,test,arima,0.335,0.16726713861698883
Merzenhausen,2023-01-08 15:00:00,1,,test,arima,0.333,0.1671881019212611
Merzenhausen,2023-01-08 16:00:00,1,,test,arima,0.334,0.16710910257177675
Merzenhausen,2023-01-08 17:00:00,1,,test,arima,0.333,0.16703014055088905
Merzenhausen,2023-01-08 18:00:00,1,,test,arima,0.333,0.16695121584095957
Merzenhausen,2023-01-08 19:00:00,1,,test,arima,0.333,0.1668723284243582
Merzenhausen,2023-01-08 20:00:00,1,,test,arima,0.333,0.1667934782834632
Merzenhausen,2023-01-08 21:00:00,1,,test,arima,0.333,0.1667146654006611
Merzenhausen,2023-01-08 22:00:00,1,,test,arima,0.334,0.1666358897583468
Merzenhausen,2023-01-08 23:00:00,1,,test,arima,0.333,0.16655715133892357
Merzenhausen,2023-01-09 00:00:00,1,,test,arima,0.333,0.1664784501248029
Merzenhausen,2023-01-09 01:00:00,1,,test,arima,0.334,0.16639978609840456
Merzenhausen,2023-01-09 02:00:00,1,,test,arima,0.333,0.16632115924215676
Merzenhausen,2023-01-09 03:00:00,1,,test,arima,0.333,0.16624256953849592
Merzenhausen,2023-01-09 04:00:00,1,,test,arima,0.333,0.16616401696986677
Merzenhausen,2023-01-09 05:00:00,1,,test,arima,0.333,0.16608550151872237
Merzenhausen,2023-01-09 06:00:00,1,,test,arima,0.335,0.16600702316752403
Merzenhausen,2023-01-09 07:00:00,1,,test,arima,0.335,0.16592858189874138
Merzenhausen,2023-01-09 08:00:00,1,,test,arima,0.34,0.16585017769485233
Merzenhausen,2023-01-09 09:00:00,1,,test,arima,0.351,0.16577181053834303
Merzenhausen,2023-01-09 10:00:00,1,,test,arima,0.353,0.16569348041170795
Merzenhausen,2023-01-09 11:00:00,1,,test,arima,0.353,0.16561518729744984
Merzenhausen,2023-01-09 12:00:00,1,,test,arima,0.353,0.16553693117807966
Merzenhausen,2023-01-09 13:00:00,1,,test,arima,0.353,0.16545871203611667
Merzenhausen,2023-01-09 14:00:00,1,,test,arima,0.353,0.1653805298540884
Merzenhausen,2023-01-09 15:00:00,1,,test,arima,0.353,0.16530238461453062
Merzenhausen,2023-01-09 16:00:00,1,,test,arima,0.351,0.16522427629998737
Merzenhausen,2023-01-09 17:00:00,1,,test,arima,0.351,0.1651462048930109
Merzenhausen,2023-01-09 18:00:00,1,,test,arima,0.35,0.16506817037616173
Merzenhausen,2023-01-09 19:00:00,1,,test,arima,0.351,0.16499017273200864
Merzenhausen,2023-01-09 20:00:00,1,,test,arima,0.35,0.1649122119431286
Merzenhausen,2023-01-09 21:00:00,1,,test,arima,0.35,0.16483428799210686
Merzenhausen,2023-01-09 22:00:00,1,,test,arima,0.35,0.16475640086153687
Merzenhausen,2023-01-09 23:00:00,1,,test,arima,0.348,0.1646785505340203
Merzenhausen,2023-01-10 00:00:00,1,,test,arima,0.349,0.1646007369921671
Merzenhausen,2023-01-10 01:00:00,1,,test,arima,0.349,0.16452296021859533
Merzenhausen,2023-01-10 02:00:00,1,,test,arima,0.349,0.16444522019593136
Merzenhausen,2023-01-10 03:00:00,1,,test,arima,0.349,0.16436751690680973
Merzenhausen,2023-01-10 04:00:00,1,,test,arima,0.349,0.16428985033387317
Merzenhausen,2023-01-10 05:00:00,1,,test,arima,0.35,0.16421222045977263
Merzenhausen,2023-01-10 06:00:00,1,,test,arima,0.363,0.16413462726716727
Merzenhausen,2023-01-10 07:00:00,1,,test,arima,0.372,0.16405707073872444
Merzenhausen,2023-01-10 08:00:00,1,,test,arima,0.379,0.16397955085711965
Merzenhausen,2023-01-10 09:00:00,1,,test,arima,0.383,0.16390206760503664
Merzenhausen,2023-01-10 10:00:00,1,,test,arima,0.383,0.1638246209651673
Merzenhausen,2023-01-10 11:00:00,1,,test,arima,0.379,0.16374721092021172
Merzenhausen,2023-01-10 12:00:00,1,,test,arima,0.376,0.1636698374528781
Merzenhausen,2023-01-10 13:00:00,1,,test,arima,0.377,0.16359250054588292
Merzenhausen,2023-01-10 14:00:00,1,,test,arima,0.379,0.16351520018195076
Merzenhausen,2023-01-10 15:00:00,1,,test,arima,0.378,0.16343793634381437
Merzenhausen,2023-01-10 16:00:00,1,,test,arima,0.378,0.16336070901421468
Merzenhausen,2023-01-10 17:00:00,1,,test,arima,0.378,0.1632835181759007
Merzenhausen,2023-01-10 18:00:00,1,,test,arima,0.376,0.1632063638116297
Merzenhausen,2023-01-10 19:00:00,1,,test,arima,0.376,0.16312924590416705
Merzenhausen,2023-01-10 20:00:00,1,,test,arima,0.382,0.16305216443628623
Merzenhausen,2023-01-10 21:00:00,1,,test,arima,0.379,0.16297511939076892
Merzenhausen,2023-01-10 22:00:00,1,,test,arima,0.379,0.16289811075040486
Merzenhausen,2023-01-10 23:00:00,1,,test,arima,0.377,0.162821138497992
Merzenhausen,2023-01-11 00:00:00,1,,test,arima,0.381,0.16274420261633638
Merzenhausen,2023-01-11 01:00:00,1,,test,arima,0.379,0.16266730308825217
Merzenhausen,2023-01-11 02:00:00,1,,test,arima,0.376,0.1625904398965617
Merzenhausen,2023-01-11 03:00:00,1,,test,arima,0.375,0.1625136130240953
Merzenhausen,2023-01-11 04:00:00,1,,test,arima,0.375,0.16243682245369157
Merzenhausen,2023-01-11 05:00:00,1,,test,arima,0.374,0.1623600681681971
Merzenhausen,2023-01-11 06:00:00,1,,test,arima,0.372,0.1622833501504666
Merzenhausen,2023-01-11 07:00:00,1,,test,arima,0.372,0.16220666838336295
Merzenhausen,2023-01-11 08:00:00,1,,test,arima,0.372,0.16213002284975708
Merzenhausen,2023-01-11 09:00:00,1,,test,arima,0.371,0.162053413532528
Merzenhausen,2023-01-11 10:00:00,1,,test,arima,0.369,0.16197684041456287
Merzenhausen,2023-01-11 11:00:00,1,,test,arima,0.367,0.16190030347875684
Merzenhausen,2023-01-11 12:00:00,1,,test,arima,0.368,0.16182380270801322
Merzenhausen,2023-01-11 13:00:00,1,,test,arima,0.368,0.1617473380852434
Merzenhausen,2023-01-11 14:00:00,1,,test,arima,0.372,0.16167090959336677
Merzenhausen,2023-01-11 15:00:00,1,,test,arima,0.375,0.16159451721531087
Merzenhausen,2023-01-11 16:00:00,1,,test,arima,0.372,0.16151816093401128
Merzenhausen,2023-01-11 17:00:00,1,,test,arima,0.371,0.16144184073241163
Merzenhausen,2023-01-11 18:00:00,1,,test,arima,0.371,0.16136555659346363
Merzenhausen,2023-01-11 19:00:00,1,,test,arima,0.369,0.16128930850012702
Merzenhausen,2023-01-11 20:00:00,1,,test,arima,0.369,0.16121309643536963
Merzenhausen,2023-01-11 21:00:00,1,,test,arima,0.369,0.16113692038216731
Merzenhausen,2023-01-11 22:00:00,1,,test,arima,0.367,0.16106078032350396
Merzenhausen,2023-01-11 23:00:00,1,,test,arima,0.368,0.1609846762423715
Merzenhausen,2023-01-12 00:00:00,1,,test,arima,0.366,0.16090860812176994
Merzenhausen,2023-01-12 01:00:00,1,,test,arima,0.366,0.16083257594470726
Merzenhausen,2023-01-12 02:00:00,1,,test,arima,0.364,0.16075657969419951
Merzenhausen,2023-01-12 03:00:00,1,,test,arima,0.365,0.16068061935327077
Merzenhausen,2023-01-12 04:00:00,1,,test,arima,0.365,0.1606046949049531
Merzenhausen,2023-01-12 05:00:00,1,,test,arima,0.365,0.1605288063322866
Merzenhausen,2023-01-12 06:00:00,1,,test,arima,0.363,0.16045295361831946
Merzenhausen,2023-01-12 07:00:00,1,,test,arima,0.363,0.1603771367461077
Merzenhausen,2023-01-12 08:00:00,1,,test,arima,0.363,0.16030135569871554
Merzenhausen,2023-01-12 09:00:00,1,,test,arima,0.363,0.16022561045921507
Merzenhausen,2023-01-12 10:00:00,1,,test,arima,0.361,0.16014990101068644
Merzenhausen,2023-01-12 11:00:00,1,,test,arima,0.361,0.16007422733621776
Merzenhausen,2023-01-12 12:00:00,1,,test,arima,0.365,0.15999858941890518
Merzenhausen,2023-01-12 13:00:00,1,,test,arima,0.366,0.15992298724185278
Merzenhausen,2023-01-12 14:00:00,1,,test,arima,0.368,0.15984742078817266
Merzenhausen,2023-01-12 15:00:00,1,,test,arima,0.369,0.1597718900409849
Merzenhausen,2023-01-12 16:00:00,1,,test,arima,0.369,0.15969639498341756
Merzenhausen,2023-01-12 17:00:00,1,,test,arima,0.369,0.15962093559860663
Merzenhausen,2023-01-12 18:00:00,1,,test,arima,0.367,0.15954551186969612
Merzenhausen,2023-01-12 19:00:00,1,,test,arima,0.367,0.159470123779838
Merzenhausen,2023-01-12 20:00:00,1,,test,arima,0.367,0.15939477131219215
Merzenhausen,2023-01-12 21:00:00,1,,test,arima,0.387,0.15931945444992646
Merzenhausen,2023-01-12 22:00:00,1,,test,arima,0.39,0.15924417317621675
Merzenhausen,2023-01-12 23:00:00,1,,test,arima,0.391,0.15916892747424677
Merzenhausen,2023-01-13 00:00:00,1,,test,arima,0.39,0.15909371732720828
Merzenhausen,2023-01-13 01:00:00,1,,test,arima,0.39,0.15901854271830093
Merzenhausen,2023-01-13 02:00:00,1,,test,arima,0.387,0.1589434036307323
Merzenhausen,2023-01-13 03:00:00,1,,test,arima,0.384,0.15886830004771796
Merzenhausen,2023-01-13 04:00:00,1,,test,arima,0.38,0.15879323195248135
Merzenhausen,2023-01-13 05:00:00,1,,test,arima,0.38,0.15871819932825387
Merzenhausen,2023-01-13 06:00:00,1,,test,arima,0.378,0.15864320215827488
Merzenhausen,2023-01-13 07:00:00,1,,test,arima,0.377,0.15856824042579154
Merzenhausen,2023-01-13 08:00:00,1,,test,arima,0.375,0.1584933141140591
Merzenhausen,2023-01-13 09:00:00,1,,test,arima,0.374,0.15841842320634053
Merzenhausen,2023-01-13 10:00:00,1,,test,arima,0.372,0.15834356768590685
Merzenhausen,2023-01-13 11:00:00,1,,test,arima,0.371,0.15826874753603692
Merzenhausen,2023-01-13 12:00:00,1,,test,arima,0.371,0.15819396274001757
Merzenhausen,2023-01-13 13:00:00,1,,test,arima,0.371,0.15811921328114342
Merzenhausen,2023-01-13 14:00:00,1,,test,arima,0.369,0.15804449914271707
Merzenhausen,2023-01-13 15:00:00,1,,test,arima,0.369,0.15796982030804896
Merzenhausen,2023-01-13 16:00:00,1,,test,arima,0.368,0.15789517676045745
Merzenhausen,2023-01-13 17:00:00,1,,test,arima,0.368,0.15782056848326875
Merzenhausen,2023-01-13 18:00:00,1,,test,arima,0.368,0.15774599545981702
Merzenhausen,2023-01-13 19:00:00,1,,test,arima,0.366,0.1576714576734442
Merzenhausen,2023-01-13 20:00:00,1,,test,arima,0.366,0.15759695510750016
Merzenhausen,2023-01-13 21:00:00,1,,test,arima,0.367,0.1575224877453426
Merzenhausen,2023-01-13 22:00:00,1,,test,arima,0.365,0.15744805557033714
Merzenhausen,2023-01-13 23:00:00,1,,test,arima,0.365,0.1573736585658572
Merzenhausen,2023-01-14 00:00:00,1,,test,arima,0.365,0.1572992967152841
Merzenhausen,2023-01-14 01:00:00,1,,test,arima,0.363,0.15722497000200691
Merzenhausen,2023-01-14 02:00:00,1,,test,arima,0.363,0.15715067840942276
Merzenhausen,2023-01-14 03:00:00,1,,test,arima,0.363,0.15707642192093646
Merzenhausen,2023-01-14 04:00:00,1,,test,arima,0.361,0.15700220051996064
Merzenhausen,2023-01-14 05:00:00,1,,test,arima,0.361,0.1569280141899159
Merzenhausen,2023-01-14 06:00:00,1,,test,arima,0.361,0.15685386291423054
Merzenhausen,2023-01-14 07:00:00,1,,test,arima,0.361,0.15677974667634081
Merzenhausen,2023-01-14 08:00:00,1,,test,arima,0.359,0.1567056654596907
Merzenhausen,2023-01-14 09:00:00,1,,test,arima,0.36,0.15663161924773206
Merzenhausen,2023-01-14 10:00:00,1,,test,arima,0.36,0.15655760802392454
Merzenhausen,2023-01-14 11:00:00,1,,test,arima,0.362,0.15648363177173563
Merzenhausen,2023-01-14 12:00:00,1,,test,arima,0.36,0.1564096904746406
Merzenhausen,2023-01-14 13:00:00,1,,test,arima,0.36,0.15633578411612256
Merzenhausen,2023-01-14 14:00:00,1,,test,arima,0.36,0.1562619126796724
Merzenhausen,2023-01-14 15:00:00,1,,test,arima,0.36,0.15618807614878885
Merzenhausen,2023-01-14 16:00:00,1,,test,arima,0.36,0.1561142745069784
Merzenhausen,2023-01-14 17:00:00,1,,test,arima,0.36,0.15604050773775532
Merzenhausen,2023-01-14 18:00:00,1,,test,arima,0.358,0.1559667758246417
Merzenhausen,2023-01-14 19:00:00,1,,test,arima,0.36,0.15589307875116742
Merzenhausen,2023-01-14 20:00:00,1,,test,arima,0.36,0.1558194165008701
Merzenhausen,2023-01-14 21:00:00,1,,test,arima,0.36,0.15574578905729525
Merzenhausen,2023-01-14 22:00:00,1,,test,arima,0.36,0.155672196403996
Merzenhausen,2023-01-14 23:00:00,1,,test,arima,0.361,0.15559863852453334
Merzenhausen,2023-01-15 00:00:00,1,,test,arima,0.361,0.15552511540247604
Merzenhausen,2023-01-15 01:00:00,1,,test,arima,0.361,0.15545162702140058
Merzenhausen,2023-01-15 02:00:00,1,,test,arima,0.361,0.15537817336489124
Merzenhausen,2023-01-15 03:00:00,1,,test,arima,0.361,0.15530475441654007
Merzenhausen,2023-01-15 04:00:00,1,,test,arima,0.361,0.15523137015994679
Merzenhausen,2023-01-15 05:00:00,1,,test,arima,0.362,0.15515802057871897
Merzenhausen,2023-01-15 06:00:00,1,,test,arima,0.36,0.15508470565647187
Merzenhausen,2023-01-15 07:00:00,1,,test,arima,0.36,0.15501142537682852
Merzenhausen,2023-01-15 08:00:00,1,,test,arima,0.36,0.15493817972341967
Merzenhausen,2023-01-15 09:00:00,1,,test,arima,0.361,0.15486496867988378
Merzenhausen,2023-01-15 10:00:00,1,,test,arima,0.361,0.1547917922298671
Merzenhausen,2023-01-15 11:00:00,1,,test,arima,0.359,0.1547186503570236
Merzenhausen,2023-01-15 12:00:00,1,,test,arima,0.359,0.15464554304501488
Merzenhausen,2023-01-15 13:00:00,1,,test,arima,0.359,0.15457247027751042
Merzenhausen,2023-01-15 14:00:00,1,,test,arima,0.359,0.15449943203818728
Merzenhausen,2023-01-15 15:00:00,1,,test,arima,0.36,0.15442642831073022
Merzenhausen,2023-01-15 16:00:00,1,,test,arima,0.357,0.15435345907883188
Merzenhausen,2023-01-15 17:00:00,1,,test,arima,0.357,0.15428052432619244
Merzenhausen,2023-01-16 10:00:00,1,,test,arima,0.35,0.15420762403651983
Merzenhausen,2023-01-16 11:00:00,1,,test,arima,0.35,0.15413475819352973
Merzenhausen,2023-01-16 12:00:00,1,,test,arima,0.35,0.15406192678094544
Merzenhausen,2023-01-16 13:00:00,1,,test,arima,0.348,0.15398912978249796
Merzenhausen,2023-01-16 14:00:00,1,,test,arima,0.349,0.15391636718192603
Merzenhausen,2023-01-16 15:00:00,1,,test,arima,0.348,0.15384363896297604
Merzenhausen,2023-01-16 16:00:00,1,,test,arima,0.348,0.15377094510940204
Merzenhausen,2023-01-16 17:00:00,1,,test,arima,0.348,0.1536982856049658
Merzenhausen,2023-01-16 18:00:00,1,,test,arima,0.348,0.15362566043343673
Merzenhausen,2023-01-16 19:00:00,1,,test,arima,0.349,0.15355306957859194
Merzenhausen,2023-01-16 20:00:00,1,,test,arima,0.349,0.15348051302421617
Merzenhausen,2023-01-16 21:00:00,1,,test,arima,0.349,0.15340799075410186
Merzenhausen,2023-01-16 22:00:00,1,,test,arima,0.347,0.15333550275204905
Merzenhausen,2023-01-16 23:00:00,1,,test,arima,0.347,0.1532630490018655
Merzenhausen,2023-01-17 00:00:00,1,,test,arima,0.349,0.15319062948736656
Merzenhausen,2023-01-17 01:00:00,1,,test,arima,0.349,0.15311824419237532
Merzenhausen,2023-01-17 02:00:00,1,,test,arima,0.349,0.15304589310072242
Merzenhausen,2023-01-17 03:00:00,1,,test,arima,0.349,0.15297357619624616
Merzenhausen,2023-01-17 04:00:00,1,,test,arima,0.349,0.15290129346279252
Merzenhausen,2023-01-17 05:00:00,1,,test,arima,0.349,0.15282904488421506
Merzenhausen,2023-01-17 06:00:00,1,,test,arima,0.349,0.152756830444375
Merzenhausen,2023-01-17 07:00:00,1,,test,arima,0.349,0.1526846501271412
Merzenhausen,2023-01-17 08:00:00,1,,test,arima,0.349,0.15261250391639009
Merzenhausen,2023-01-17 09:00:00,1,,test,arima,0.349,0.15254039179600576
Merzenhausen,2023-01-17 10:00:00,1,,test,arima,0.349,0.15246831374987993
Merzenhausen,2023-01-17 14:00:00,1,,test,arima,0.379,0.1523962697619119
Merzenhausen,2023-01-17 15:00:00,1,,test,arima,0.379,0.15232425981600856
Merzenhausen,2023-01-17 16:00:00,1,,test,arima,0.376,0.15225228389608447
Merzenhausen,2023-01-17 17:00:00,1,,test,arima,0.376,0.1521803419860617
Merzenhausen,2023-03-22 06:00:00,1,,test,arima,0.344,0.15210843406987
Merzenhausen,2023-03-22 07:00:00,1,,test,arima,0.344,0.1520365601314467
Merzenhausen,2023-03-22 08:00:00,1,,test,arima,0.344,0.15196472015473667
Merzenhausen,2023-03-22 09:00:00,1,,test,arima,0.344,0.15189291412369238
Merzenhausen,2023-03-22 10:00:00,1,,test,arima,0.342,0.15182114202227392
Merzenhausen,2023-03-22 11:00:00,1,,test,arima,0.343,0.15174940383444896
Merzenhausen,2023-03-22 12:00:00,1,,test,arima,0.342,0.1516776995441927
Merzenhausen,2023-03-22 13:00:00,1,,test,arima,0.342,0.15160602913548793
Merzenhausen,2023-03-22 14:00:00,1,,test,arima,0.344,0.15153439259232504
Merzenhausen,2023-03-22 15:00:00,1,,test,arima,0.344,0.15146278989870193
Merzenhausen,2023-03-22 16:00:00,1,,test,arima,0.342,0.15139122103862412
Merzenhausen,2023-03-22 17:00:00,1,,test,arima,0.344,0.15131968599610462
Merzenhausen,2023-03-22 18:00:00,1,,test,arima,0.343,0.15124818475516408
Merzenhausen,2023-03-22 19:00:00,1,,test,arima,0.344,0.15117671729983062
Merzenhausen,2023-03-22 20:00:00,1,,test,arima,0.344,0.15110528361413994
Merzenhausen,2023-03-22 21:00:00,1,,test,arima,0.344,0.15103388368213527
Merzenhausen,2023-03-22 22:00:00,1,,test,arima,0.341,0.15096251748786746
Merzenhausen,2023-03-22 23:00:00,1,,test,arima,0.341,0.15089118501539478
Merzenhausen,2023-03-23 00:00:00,1,,test,arima,0.341,0.1508198862487831
Merzenhausen,2023-03-23 01:00:00,1,,test,arima,0.341,0.15074862117210575
Merzenhausen,2023-03-23 02:00:00,1,,test,arima,0.341,0.15067738976944373
Merzenhausen,2023-03-23 03:00:00,1,,test,arima,0.341,0.15060619202488537
Merzenhausen,2023-03-23 04:00:00,1,,test,arima,0.341,0.15053502792252668
Merzenhausen,2023-03-23 05:00:00,1,,test,arima,0.341,0.15046389744647112
Merzenhausen,2023-03-23 06:00:00,1,,test,arima,0.341,0.15039280058082966
Merzenhausen,2023-03-23 07:00:00,1,,test,arima,0.341,0.15032173730972076
Merzenhausen,2023-03-23 08:00:00,1,,test,arima,0.341,0.1502507076172704
Merzenhausen,2023-03-23 09:00:00,1,,test,arima,0.341,0.1501797114876121
Merzenhausen,2023-03-23 10:00:00,1,,test,arima,0.341,0.15010874890488685
Merzenhausen,2023-03-23 11:00:00,1,,test,arima,0.341,0.1500378198532431
Merzenhausen,2023-03-23 12:00:00,1,,test,arima,0.341,0.14996692431683684
Merzenhausen,2023-03-23 13:00:00,1,,test,arima,0.341,0.1498960622798315
Merzenhausen,2023-03-23 14:00:00,1,,test,arima,0.333,0.14982523372639803
Merzenhausen,2023-03-23 15:00:00,1,,test,arima,0.343,0.14975443864071486
Merzenhausen,2023-03-23 16:00:00,1,,test,arima,0.33,0.14968367700696786
Merzenhausen,2023-03-23 17:00:00,1,,test,arima,0.3735,0.1496129488093504
Merzenhausen,2023-03-23 18:00:00,1,,test,arima,0.371,0.14954225403206334
Merzenhausen,2023-03-23 19:00:00,1,,test,arima,0.37,0.14947159265931495
Merzenhausen,2023-03-23 20:00:00,1,,test,arima,0.37,0.149400964675321
Merzenhausen,2023-03-23 21:00:00,1,,test,arima,0.357,0.14933037006430472
Merzenhausen,2023-03-23 22:00:00,1,,test,arima,0.3695,0.14925980881049677
Merzenhausen,2023-03-23 23:00:00,1,,test,arima,0.356,0.14918928089813527
Merzenhausen,2023-03-24 00:00:00,1,,test,arima,0.356,0.14911878631146583
Merzenhausen,2023-03-24 01:00:00,1,,test,arima,0.356,0.14904832503474144
Merzenhausen,2023-03-24 02:00:00,1,,test,arima,0.354,0.14897789705222256
Merzenhausen,2023-03-24 03:00:00,1,,test,arima,0.354,0.14890750234817712
Merzenhausen,2023-03-24 04:00:00,1,,test,arima,0.355,0.14883714090688038
Merzenhausen,2023-03-24 05:00:00,1,,test,arima,0.355,0.14876681271261516
Merzenhausen,2023-03-24 06:00:00,1,,test,arima,0.34649998,0.14869651774967163
Merzenhausen,2023-03-24 07:00:00,1,,test,arima,0.34649998,0.1486262560023474
Merzenhausen,2023-03-24 10:00:00,1,,test,arima,0.389,0.1485560274549475
Merzenhausen,2023-03-24 11:00:00,1,,test,arima,0.39,0.14848583209178437
Merzenhausen,2023-03-24 12:00:00,1,,test,arima,0.393,0.14841566989717786
Merzenhausen,2023-03-24 13:00:00,1,,test,arima,0.3875,0.14834554085545526
Merzenhausen,2023-03-24 14:00:00,1,,test,arima,0.3905,0.14827544495095124
Merzenhausen,2023-03-24 15:00:00,1,,test,arima,0.385,0.14820538216800785
Merzenhausen,2023-03-24 16:00:00,1,,test,arima,0.384,0.1481353524909746
Merzenhausen,2023-03-24 17:00:00,1,,test,arima,0.382,0.14806535590420833
Merzenhausen,2023-03-24 18:00:00,1,,test,arima,0.379,0.1479953923920733
Merzenhausen,2023-03-24 19:00:00,1,,test,arima,0.381,0.14792546193894118
Merzenhausen,2023-03-24 20:00:00,1,,test,arima,0.38,0.147855564529191
Merzenhausen,2023-03-24 21:00:00,1,,test,arima,0.378,0.14778570014720915
Merzenhausen,2023-03-24 22:00:00,1,,test,arima,0.378,0.14771586877738946
Merzenhausen,2023-03-24 23:00:00,1,,test,arima,0.375,0.14764607040413308
Merzenhausen,2023-03-25 00:00:00,1,,test,arima,0.377,0.14757630501184854
Merzenhausen,2023-03-25 01:00:00,1,,test,arima,0.375,0.14750657258495176
Merzenhausen,2023-03-25 02:00:00,1,,test,arima,0.375,0.14743687310786596
Merzenhausen,2023-03-25 03:00:00,1,,test,arima,0.374,0.14736720656502184
Merzenhausen,2023-03-25 04:00:00,1,,test,arima,0.372,0.14729757294085735
Merzenhausen,2023-03-25 05:00:00,1,,test,arima,0.372,0.14722797221981782
Merzenhausen,2023-03-25 06:00:00,1,,test,arima,0.371,0.14715840438635597
Merzenhausen,2023-03-25 07:00:00,1,,test,arima,0.372,0.1470888694249318
Merzenhausen,2023-03-25 08:00:00,1,,test,arima,0.371,0.1470193673200127
Merzenhausen,2023-03-25 09:00:00,1,,test,arima,0.371,0.1469498980560734
Merzenhausen,2023-03-25 10:00:00,1,,test,arima,0.371,0.14688046161759594
Merzenhausen,2023-03-25 11:00:00,1,,test,arima,0.371,0.14681105798906968
Merzenhausen,2023-03-25 12:00:00,1,,test,arima,0.369,0.14674168715499142
Merzenhausen,2023-03-25 13:00:00,1,,test,arima,0.369,0.1466723490998651
Merzenhausen,2023-03-25 14:00:00,1,,test,arima,0.369,0.14660304380820216
Merzenhausen,2023-03-25 15:00:00,1,,test,arima,0.367,0.14653377126452122
Merzenhausen,2023-03-25 16:00:00,1,,test,arima,0.367,0.1464645314533483
Merzenhausen,2023-03-25 17:00:00,1,,test,arima,0.369,0.14639532435921676
Merzenhausen,2023-03-25 18:00:00,1,,test,arima,0.366,0.14632614996666715
Merzenhausen,2023-03-25 19:00:00,1,,test,arima,0.366,0.1462570082602474
Merzenhausen,2023-03-25 20:00:00,1,,test,arima,0.366,0.14618789922451275
Merzenhausen,2023-03-25 21:00:00,1,,test,arima,0.366,0.14611882284402572
Merzenhausen,2023-03-25 22:00:00,1,,test,arima,0.365,0.14604977910335612
Merzenhausen,2023-03-25 23:00:00,1,,test,arima,0.365,0.14598076798708104
Merzenhausen,2023-03-26 00:00:00,1,,test,arima,0.365,0.14591178947978492
Merzenhausen,2023-03-26 01:00:00,1,,test,arima,0.365,0.1458428435660594
Merzenhausen,2023-03-26 07:00:00,1,,test,arima,0.361,0.14577393023050345
Merzenhausen,2023-04-15 17:00:00,1,,test,arima,0.348,0.14570504945772328
Merzenhausen,2023-04-15 18:00:00,1,,test,arima,0.348,0.14563620123233242
Merzenhausen,2023-04-15 19:00:00,1,,test,arima,0.3565,0.14556738553895165
Merzenhausen,2023-04-15 20:00:00,1,,test,arima,0.347,0.14549860236220905
Merzenhausen,2023-04-15 21:00:00,1,,test,arima,0.362,0.14542985168673989
Merzenhausen,2023-04-15 22:00:00,1,,test,arima,0.348,0.14536113349718674
Merzenhausen,2023-04-15 23:00:00,1,,test,arima,0.348,0.14529244777819944
Merzenhausen,2023-04-16 00:00:00,1,,test,arima,0.348,0.14522379451443507
Merzenhausen,2023-04-16 01:00:00,1,,test,arima,0.346,0.14515517369055797
Merzenhausen,2023-04-16 02:00:00,1,,test,arima,0.346,0.1450865852912397
Merzenhausen,2023-04-16 03:00:00,1,,test,arima,0.346,0.1450180293011591
Merzenhausen,2023-04-16 04:00:00,1,,test,arima,0.346,0.1449495057050022
Merzenhausen,2023-04-16 05:00:00,1,,test,arima,0.348,0.1448810144874623
Merzenhausen,2023-04-16 06:00:00,1,,test,arima,0.344,0.14481255563323994
Merzenhausen,2023-04-16 07:00:00,1,,test,arima,0.345,0.14474412912704288
Merzenhausen,2023-04-16 08:00:00,1,,test,arima,0.345,0.1446757349535861
Merzenhausen,2023-04-16 09:00:00,1,,test,arima,0.345,0.1446073730975918
Merzenhausen,2023-04-16 10:00:00,1,,test,arima,0.345,0.1445390435437894
Merzenhausen,2023-04-16 11:00:00,1,,test,arima,0.346,0.14447074627691558
Merzenhausen,2023-04-16 12:00:00,1,,test,arima,0.346,0.14440248128171412
Merzenhausen,2023-04-16 13:00:00,1,,test,arima,0.346,0.14433424854293614
Merzenhausen,2023-04-16 14:00:00,1,,test,arima,0.345,0.14426604804533988
Merzenhausen,2023-04-16 15:00:00,1,,test,arima,0.345,0.14419787977369083
Merzenhausen,2023-04-16 16:00:00,1,,test,arima,0.345,0.14412974371276163
Merzenhausen,2023-04-16 17:00:00,1,,test,arima,0.345,0.14406163984733217
Merzenhausen,2023-04-16 18:00:00,1,,test,arima,0.345,0.1439935681621895
Merzenhausen,2023-04-16 19:00:00,1,,test,arima,0.346,0.14392552864212785
Merzenhausen,2023-04-16 20:00:00,1,,test,arima,0.344,0.14385752127194865
Merzenhausen,2023-04-16 21:00:00,1,,test,arima,0.344,0.1437895460364605
Merzenhausen,2023-04-16 22:00:00,1,,test,arima,0.344,0.1437216029204792
Merzenhausen,2023-04-16 23:00:00,1,,test,arima,0.344,0.1436536919088277
Merzenhausen,2023-04-17 00:00:00,1,,test,arima,0.342,0.14358581298633616
Merzenhausen,2023-04-17 01:00:00,1,,test,arima,0.342,0.14351796613784187
Merzenhausen,2023-04-17 02:00:00,1,,test,arima,0.343,0.14345015134818928
Merzenhausen,2023-04-17 03:00:00,1,,test,arima,0.343,0.14338236860223003
Merzenhausen,2023-04-17 04:00:00,1,,test,arima,0.343,0.14331461788482291
Merzenhausen,2023-04-17 05:00:00,1,,test,arima,0.343,0.14324689918083386
Merzenhausen,2023-04-17 06:00:00,1,,test,arima,0.341,0.143179212475136
Merzenhausen,2023-04-17 07:00:00,1,,test,arima,0.341,0.14311155775260948
Merzenhausen,2023-04-17 08:00:00,1,,test,arima,0.341,0.14304393499814175
Merzenhausen,2023-04-17 09:00:00,1,,test,arima,0.341,0.14297634419662733
Merzenhausen,2023-04-17 10:00:00,1,,test,arima,0.341,0.14290878533296786
Merzenhausen,2023-04-17 11:00:00,1,,test,arima,0.342,0.14284125839207218
Merzenhausen,2023-04-17 12:00:00,1,,test,arima,0.339,0.14277376335885616
Merzenhausen,2023-04-17 13:00:00,1,,test,arima,0.339,0.14270630021824288
Merzenhausen,2023-04-17 14:00:00,1,,test,arima,0.342,0.14263886895516253
Merzenhausen,2023-04-17 15:00:00,1,,test,arima,0.34,0.14257146955455238
Merzenhausen,2023-04-17 16:00:00,1,,test,arima,0.34,0.14250410200135688
Merzenhausen,2023-04-17 17:00:00,1,,test,arima,0.34,0.14243676628052754
Merzenhausen,2023-04-17 18:00:00,1,,test,arima,0.34,0.14236946237702303
Merzenhausen,2023-04-17 19:00:00,1,,test,arima,0.337,0.14230219027580904
Merzenhausen,2023-04-17 20:00:00,1,,test,arima,0.338,0.14223494996185848
Merzenhausen,2023-04-17 21:00:00,1,,test,arima,0.337,0.14216774142015126
Merzenhausen,2023-04-17 22:00:00,1,,test,arima,0.338,0.14210056463567447
Merzenhausen,2023-04-17 23:00:00,1,,test,arima,0.338,0.14203341959342225
Merzenhausen,2023-04-18 00:00:00,1,,test,arima,0.336,0.1419663062783958
Merzenhausen,2023-04-18 01:00:00,1,,test,arima,0.336,0.14189922467560345
Merzenhausen,2023-04-18 02:00:00,1,,test,arima,0.338,0.14183217477006063
Merzenhausen,2023-04-18 03:00:00,1,,test,arima,0.335,0.1417651565467898
Merzenhausen,2023-04-18 04:00:00,1,,test,arima,0.336,0.14169816999082058
Merzenhausen,2023-04-18 05:00:00,1,,test,arima,0.336,0.1416312150871895
Merzenhausen,2023-04-18 06:00:00,1,,test,arima,0.334,0.14156429182094038
Merzenhausen,2023-04-18 07:00:00,1,,test,arima,0.333,0.14149740017712392
Merzenhausen,2023-04-18 08:00:00,1,,test,arima,0.333,0.141430540140798
Merzenhausen,2023-04-18 09:00:00,1,,test,arima,0.334,0.1413637116970275
Merzenhausen,2023-04-18 10:00:00,1,,test,arima,0.334,0.14129691483088438
Merzenhausen,2023-04-18 11:00:00,1,,test,arima,0.334,0.14123014952744767
Merzenhausen,2023-04-18 12:00:00,1,,test,arima,0.333,0.14116341577180339
Merzenhausen,2023-04-18 13:00:00,1,,test,arima,0.336,0.14109671354904468
Merzenhausen,2023-04-18 14:00:00,1,,test,arima,0.336,0.14103004284427167
Merzenhausen,2023-04-18 15:00:00,1,,test,arima,0.336,0.14096340364259155
Merzenhausen,2023-04-18 16:00:00,1,,test,arima,0.334,0.14089679592911858
Merzenhausen,2023-04-18 17:00:00,1,,test,arima,0.334,0.140830219688974
Merzenhausen,2023-04-18 18:00:00,1,,test,arima,0.334,0.14076367490728608
Merzenhausen,2023-04-18 19:00:00,1,,test,arima,0.334,0.1406971615691902
Merzenhausen,2023-04-18 20:00:00,1,,test,arima,0.336,0.14063067965982867
Merzenhausen,2023-04-18 21:00:00,1,,test,arima,0.334,0.14056422916435085
Merzenhausen,2023-04-18 22:00:00,1,,test,arima,0.336,0.1404978100679131
Merzenhausen,2023-04-18 23:00:00,1,,test,arima,0.326,0.14043142235567885
Merzenhausen,2023-04-19 00:00:00,1,,test,arima,0.326,0.1403650660128185
Merzenhausen,2023-04-19 01:00:00,1,,test,arima,0.336,0.14029874102450945
Merzenhausen,2023-04-19 02:00:00,1,,test,arima,0.327,0.14023244737593615
Merzenhausen,2023-04-19 03:00:00,1,,test,arima,0.336,0.14016618505229
Merzenhausen,2023-04-19 04:00:00,1,,test,arima,0.335,0.1400999540387694
Merzenhausen,2023-04-19 05:00:00,1,,test,arima,0.32599998,0.14003375432057977
Merzenhausen,2023-04-19 06:00:00,1,,test,arima,0.335,0.1399675858829335
Merzenhausen,2023-04-19 07:00:00,1,,test,arima,0.335,0.13990144871105
Merzenhausen,2023-04-19 08:00:00,1,,test,arima,0.335,0.1398353427901556
Merzenhausen,2023-04-19 09:00:00,1,,test,arima,0.362,0.1397692681054837
Merzenhausen,2023-04-19 10:00:00,1,,test,arima,0.336,0.1397032246422746
Merzenhausen,2023-04-19 11:00:00,1,,test,arima,0.3275,0.13963721238577564
Merzenhausen,2023-04-19 12:00:00,1,,test,arima,0.336,0.13957123132124105
Merzenhausen,2023-04-19 13:00:00,1,,test,arima,0.342,0.1395052814339321
Merzenhausen,2023-04-19 14:00:00,1,,test,arima,0.3495,0.13943936270911697
Merzenhausen,2023-04-19 15:00:00,1,,test,arima,0.337,0.13937347513207085
Merzenhausen,2023-04-19 16:00:00,1,,test,arima,0.337,0.13930761868807587
Merzenhausen,2023-04-19 17:00:00,1,,test,arima,0.337,0.1392417933624211
Merzenhausen,2023-04-19 18:00:00,1,,test,arima,0.349,0.13917599914040257
Merzenhausen,2023-04-19 19:00:00,1,,test,arima,0.337,0.13911023600732325
Merzenhausen,2023-04-19 20:00:00,1,,test,arima,0.335,0.1390445039484931
Merzenhausen,2023-04-19 21:00:00,1,,test,arima,0.328,0.13897880294922896
Merzenhausen,2023-04-19 22:00:00,1,,test,arima,0.3495,0.13891313299485464
Merzenhausen,2023-04-19 23:00:00,1,,test,arima,0.336,0.13884749407070085
Merzenhausen,2023-04-20 00:00:00,1,,test,arima,0.336,0.1387818861621053
Merzenhausen,2023-04-20 01:00:00,1,,test,arima,0.336,0.13871630925441256
Merzenhausen,2023-04-20 02:00:00,1,,test,arima,0.336,0.13865076333297416
Merzenhausen,2023-04-20 03:00:00,1,,test,arima,0.336,0.13858524838314856
Merzenhausen,2023-04-20 04:00:00,1,,test,arima,0.334,0.1385197643903011
Merzenhausen,2023-04-20 05:00:00,1,,test,arima,0.334,0.13845431133980404
Merzenhausen,2023-04-20 06:00:00,1,,test,arima,0.335,0.13838888921703663
Merzenhausen,2023-04-20 07:00:00,1,,test,arima,0.335,0.13832349800738492
Merzenhausen,2023-04-20 08:00:00,1,,test,arima,0.335,0.1382581376962419
Merzenhausen,2023-04-20 09:00:00,1,,test,arima,0.338,0.13819280826900754
Merzenhausen,2023-04-20 10:00:00,1,,test,arima,0.337,0.1381275097110886
Merzenhausen,2023-04-20 11:00:00,1,,test,arima,0.337,0.13806224200789877
Merzenhausen,2023-04-20 12:00:00,1,,test,arima,0.336,0.13799700514485866
Merzenhausen,2023-04-20 13:00:00,1,,test,arima,0.337,0.13793179910739575
Merzenhausen,2023-04-20 14:00:00,1,,test,arima,0.337,0.1378666238809444
Merzenhausen,2023-04-20 15:00:00,1,,test,arima,0.335,0.13780147945094587
Merzenhausen,2023-04-20 16:00:00,1,,test,arima,0.335,0.1377363658028483
Merzenhausen,2023-04-20 17:00:00,1,,test,arima,0.337,0.13767128292210667
Merzenhausen,2023-04-20 18:00:00,1,,test,arima,0.337,0.13760623079418288
Merzenhausen,2023-04-20 19:00:00,1,,test,arima,0.337,0.13754120940454564
Merzenhausen,2023-04-20 20:00:00,1,,test,arima,0.337,0.1374762187386706
Merzenhausen,2023-04-20 21:00:00,1,,test,arima,0.337,0.13741125878204022
Merzenhausen,2023-04-20 22:00:00,1,,test,arima,0.334,0.13734632952014383
Merzenhausen,2023-04-20 23:00:00,1,,test,arima,0.334,0.13728143093847764
Merzenhausen,2023-04-21 00:00:00,1,,test,arima,0.335,0.13721656302254467
Merzenhausen,2023-04-21 01:00:00,1,,test,arima,0.335,0.13715172575785486
Merzenhausen,2023-04-21 02:00:00,1,,test,arima,0.336,0.1370869191299249
Merzenhausen,2023-04-21 03:00:00,1,,test,arima,0.334,0.13702214312427843
Merzenhausen,2023-04-21 04:00:00,1,,test,arima,0.334,0.13695739772644583
Merzenhausen,2023-04-21 05:00:00,1,,test,arima,0.334,0.1368926829219644
Merzenhausen,2023-04-21 06:00:00,1,,test,arima,0.334,0.13682799869637824
Merzenhausen,2023-04-21 07:00:00,1,,test,arima,0.334,0.13676334503523824
Merzenhausen,2023-04-21 08:00:00,1,,test,arima,0.334,0.13669872192410218
Merzenhausen,2023-04-21 09:00:00,1,,test,arima,0.334,0.13663412934853464
Merzenhausen,2023-04-21 10:00:00,1,,test,arima,0.334,0.13656956729410702
Merzenhausen,2023-04-21 11:00:00,1,,test,arima,0.334,0.13650503574639752
Merzenhausen,2023-04-21 12:00:00,1,,test,arima,0.334,0.1364405346909912
Merzenhausen,2023-04-21 13:00:00,1,,test,arima,0.334,0.1363760641134799
Merzenhausen,2023-04-21 14:00:00,1,,test,arima,0.334,0.13631162399946226
Merzenhausen,2023-04-21 15:00:00,1,,test,arima,0.334,0.13624721433454376
Merzenhausen,2023-04-21 16:00:00,1,,test,arima,0.334,0.13618283510433662
Merzenhausen,2023-04-21 17:00:00,1,,test,arima,0.332,0.13611848629445994
Merzenhausen,2023-04-21 18:00:00,1,,test,arima,0.33,0.13605416789053956
Merzenhausen,2023-04-21 19:00:00,1,,test,arima,0.332,0.1359898798782081
Merzenhausen,2023-04-21 20:00:00,1,,test,arima,0.332,0.13592562224310503
Merzenhausen,2023-04-21 21:00:00,1,,test,arima,0.332,0.13586139497087657
Merzenhausen,2023-04-21 22:00:00,1,,test,arima,0.332,0.1357971980471757
Merzenhausen,2023-04-21 23:00:00,1,,test,arima,0.332,0.1357330314576622
Merzenhausen,2023-04-22 00:00:00,1,,test,arima,0.332,0.13566889518800263
Merzenhausen,2023-04-22 01:00:00,1,,test,arima,0.332,0.13560478922387034
Merzenhausen,2023-04-22 02:00:00,1,,test,arima,0.332,0.1355407135509454
Merzenhausen,2023-04-22 03:00:00,1,,test,arima,0.33,0.13547666815491471
Merzenhausen,2023-04-22 04:00:00,1,,test,arima,0.329,0.13541265302147187
Merzenhausen,2023-04-22 05:00:00,1,,test,arima,0.329,0.1353486681363173
Merzenhausen,2023-04-22 06:00:00,1,,test,arima,0.324,0.1352847134851581
Merzenhausen,2023-04-22 07:00:00,1,,test,arima,0.33,0.13522078905370824
Merzenhausen,2023-04-22 08:00:00,1,,test,arima,0.366,0.1351568948276883
Merzenhausen,2023-04-22 09:00:00,1,,test,arima,0.379,0.1350930307928257
Merzenhausen,2023-04-22 10:00:00,1,,test,arima,0.376,0.1350291969348546
Merzenhausen,2023-04-22 11:00:00,1,,test,arima,0.375,0.13496539323951587
Merzenhausen,2023-04-22 12:00:00,1,,test,arima,0.376,0.13490161969255712
Merzenhausen,2023-04-22 13:00:00,1,,test,arima,0.374,0.1348378762797327
Merzenhausen,2023-04-22 14:00:00,1,,test,arima,0.374,0.13477416298680372
Merzenhausen,2023-04-22 15:00:00,1,,test,arima,0.374,0.13471047979953799
Merzenhausen,2023-04-22 16:00:00,1,,test,arima,0.371,0.13464682670371003
Merzenhausen,2023-04-22 17:00:00,1,,test,arima,0.371,0.13458320368510113
Merzenhausen,2023-04-22 18:00:00,1,,test,arima,0.37,0.13451961072949925
Merzenhausen,2023-04-22 19:00:00,1,,test,arima,0.368,0.1344560478226991
Merzenhausen,2023-04-22 20:00:00,1,,test,arima,0.366,0.13439251495050206
Merzenhausen,2023-04-22 21:00:00,1,,test,arima,0.367,0.13432901209871628
Merzenhausen,2023-04-22 22:00:00,1,,test,arima,0.367,0.13426553925315654
Merzenhausen,2023-04-22 23:00:00,1,,test,arima,0.365,0.13420209639964442
Merzenhausen,2023-04-23 00:00:00,1,,test,arima,0.365,0.1341386835240081
Merzenhausen,2023-04-23 01:00:00,1,,test,arima,0.364,0.1340753006120825
Merzenhausen,2023-04-23 02:00:00,1,,test,arima,0.364,0.13401194764970928
Merzenhausen,2023-04-23 03:00:00,1,,test,arima,0.364,0.13394862462273668
Merzenhausen,2023-04-23 04:00:00,1,,test,arima,0.362,0.13388533151701976
Merzenhausen,2023-04-23 05:00:00,1,,test,arima,0.362,0.13382206831842014
Merzenhausen,2023-04-23 06:00:00,1,,test,arima,0.374,0.13375883501280617
Merzenhausen,2023-04-23 07:00:00,1,,test,arima,0.361,0.1336956315860529
Merzenhausen,2023-04-23 08:00:00,1,,test,arima,0.361,0.13363245802404208
Merzenhausen,2023-04-23 09:00:00,1,,test,arima,0.361,0.13356931431266206
Merzenhausen,2023-04-23 10:00:00,1,,test,arima,0.359,0.13350620043780786
Merzenhausen,2023-04-23 11:00:00,1,,test,arima,0.36,0.13344311638538123
Merzenhausen,2023-04-23 12:00:00,1,,test,arima,0.361,0.1333800621412905
Merzenhausen,2023-04-23 13:00:00,1,,test,arima,0.359,0.13331703769145073
Merzenhausen,2023-04-23 14:00:00,1,,test,arima,0.359,0.13325404302178362
Merzenhausen,2023-04-23 15:00:00,1,,test,arima,0.359,0.13319107811821745
Merzenhausen,2023-04-23 16:00:00,1,,test,arima,0.357,0.1331281429666873
Merzenhausen,2023-04-23 17:00:00,1,,test,arima,0.357,0.1330652375531347
Merzenhausen,2023-04-23 18:00:00,1,,test,arima,0.357,0.13300236186350803
Merzenhausen,2023-04-23 19:00:00,1,,test,arima,0.355,0.13293951588376213
Merzenhausen,2023-04-23 20:00:00,1,,test,arima,0.357,0.1328766995998586
Merzenhausen,2023-04-23 21:00:00,1,,test,arima,0.354,0.1328139129977656
Merzenhausen,2023-04-23 22:00:00,1,,test,arima,0.356,0.13275115606345794
Merzenhausen,2023-04-23 23:00:00,1,,test,arima,0.353,0.1326884287829171
Merzenhausen,2023-04-24 00:00:00,1,,test,arima,0.353,0.1326257311421311
Merzenhausen,2023-04-24 01:00:00,1,,test,arima,0.351,0.1325630631270947
Merzenhausen,2023-04-24 02:00:00,1,,test,arima,0.351,0.13250042472380913
Merzenhausen,2023-04-24 05:00:00,1,,test,arima,0.35,0.13243781591828235
Merzenhausen,2023-04-24 06:00:00,1,,test,arima,0.348,0.1323752366965289
Merzenhausen,2023-04-24 07:00:00,1,,test,arima,0.35,0.1323126870445699
Merzenhausen,2023-04-24 08:00:00,1,,test,arima,0.35,0.1322501669484331
Merzenhausen,2023-04-24 09:00:00,1,,test,arima,0.35,0.13218767639415285
Merzenhausen,2023-04-24 10:00:00,1,,test,arima,0.35,0.1321252153677701
Merzenhausen,2023-04-24 11:00:00,1,,test,arima,0.349,0.13206278385533243
Merzenhausen,2023-04-24 12:00:00,1,,test,arima,0.349,0.13200038184289392
Merzenhausen,2023-04-24 13:00:00,1,,test,arima,0.349,0.13193800931651534
Merzenhausen,2023-04-24 14:00:00,1,,test,arima,0.349,0.13187566626226394
Merzenhausen,2023-04-24 15:00:00,1,,test,arima,0.349,0.13181335266621366
Merzenhausen,2023-04-24 16:00:00,1,,test,arima,0.347,0.13175106851444499
Merzenhausen,2023-04-24 17:00:00,1,,test,arima,0.347,0.13168881379304495
Merzenhausen,2023-04-24 18:00:00,1,,test,arima,0.349,0.1316265884881072
Merzenhausen,2023-04-24 19:00:00,1,,test,arima,0.346,0.13156439258573194
Merzenhausen,2023-04-24 20:00:00,1,,test,arima,0.347,0.13150222607202589
Merzenhausen,2023-04-24 21:00:00,1,,test,arima,0.344,0.13144008893310244
Merzenhausen,2023-04-24 22:00:00,1,,test,arima,0.344,0.13137798115508142
Merzenhausen,2023-04-24 23:00:00,1,,test,arima,0.346,0.13131590272408936
Merzenhausen,2023-04-25 00:00:00,1,,test,arima,0.343,0.1312538536262592
Merzenhausen,2023-04-25 01:00:00,1,,test,arima,0.344,0.1311918338477305
Merzenhausen,2023-04-25 02:00:00,1,,test,arima,0.345,0.13112984337464942
Merzenhausen,2023-04-25 03:00:00,1,,test,arima,0.343,0.1310678821931686
Merzenhausen,2023-04-25 04:00:00,1,,test,arima,0.343,0.1310059502894472
Merzenhausen,2023-04-25 05:00:00,1,,test,arima,0.343,0.130944047649651
Merzenhausen,2023-04-25 06:00:00,1,,test,arima,0.341,0.13088217425995224
Merzenhausen,2023-04-25 07:00:00,1,,test,arima,0.341,0.13082033010652977
Merzenhausen,2023-04-25 08:00:00,1,,test,arima,0.341,0.1307585151755689
Merzenhausen,2023-04-25 09:00:00,1,,test,arima,0.339,0.1306967294532615
Merzenhausen,2023-04-25 10:00:00,1,,test,arima,0.339,0.13063497292580598
Merzenhausen,2023-04-25 11:00:00,1,,test,arima,0.339,0.13057324557940722
Merzenhausen,2023-04-25 12:00:00,1,,test,arima,0.339,0.1305115474002767
Merzenhausen,2023-04-25 13:00:00,1,,test,arima,0.342,0.13044987837463234
Merzenhausen,2023-04-25 14:00:00,1,,test,arima,0.339,0.1303882384886986
Merzenhausen,2023-04-25 15:00:00,1,,test,arima,0.342,0.13032662772870643
Merzenhausen,2023-04-25 16:00:00,1,,test,arima,0.34,0.13026504608089334
Merzenhausen,2023-04-25 17:00:00,1,,test,arima,0.34,0.1302034935315033
Merzenhausen,2023-04-25 18:00:00,1,,test,arima,0.337,0.13014197006678677
Merzenhausen,2023-04-25 19:00:00,1,,test,arima,0.337,0.13008047567300074
Merzenhausen,2023-04-25 20:00:00,1,,test,arima,0.337,0.13001901033640867
Merzenhausen,2023-04-25 21:00:00,1,,test,arima,0.339,0.1299575740432805
Merzenhausen,2023-04-25 22:00:00,1,,test,arima,0.337,0.12989616677989274
Merzenhausen,2023-04-25 23:00:00,1,,test,arima,0.338,0.12983478853252825
Merzenhausen,2023-04-26 00:00:00,1,,test,arima,0.336,0.1297734392874765
Merzenhausen,2023-04-26 01:00:00,1,,test,arima,0.336,0.12971211903103336
Merzenhausen,2023-04-26 02:00:00,1,,test,arima,0.336,0.12965082774950118
Merzenhausen,2023-05-16 07:00:00,1,,test,arima,0.339,0.1295895654291888
Merzenhausen,2023-05-16 08:00:00,1,,test,arima,0.34,0.12952833205641157
Merzenhausen,2023-05-16 09:00:00,1,,test,arima,0.341,0.12946712761749124
Merzenhausen,2023-05-16 10:00:00,1,,test,arima,0.337,0.12940595209875605
Merzenhausen,2023-05-16 11:00:00,1,,test,arima,0.339,0.12934480548654068
Merzenhausen,2023-05-29 10:00:00,1,,test,arima,0.219,0.1292836877671863
Merzenhausen,2023-05-29 11:00:00,1,,test,arima,0.219,0.12922259892704052
Merzenhausen,2023-05-29 12:00:00,1,,test,arima,0.212,0.1291615389524574
Merzenhausen,2023-05-29 13:00:00,1,,test,arima,0.215,0.12910050782979746
Merzenhausen,2023-05-29 14:00:00,1,,test,arima,0.213,0.12903950554542765
Merzenhausen,2023-05-29 15:00:00,1,,test,arima,0.21,0.12897853208572135
Merzenhausen,2023-05-29 16:00:00,1,,test,arima,0.207,0.1289175874370584
Merzenhausen,2023-05-29 17:00:00,1,,test,arima,0.208,0.12885667158582506
Merzenhausen,2023-05-29 18:00:00,1,,test,arima,0.209,0.12879578451841406
Merzenhausen,2023-05-29 19:00:00,1,,test,arima,0.203,0.1287349262212245
Merzenhausen,2023-05-29 20:00:00,1,,test,arima,0.204,0.128674096680662
Merzenhausen,2023-05-29 21:00:00,1,,test,arima,0.205,0.12861329588313847
Merzenhausen,2023-05-29 22:00:00,1,,test,arima,0.205,0.12855252381507234
Merzenhausen,2023-05-29 23:00:00,1,,test,arima,0.206,0.12849178046288845
Merzenhausen,2023-05-30 00:00:00,1,,test,arima,0.204,0.128431065813018
Merzenhausen,2023-05-30 01:00:00,1,,test,arima,0.204,0.12837037985189867
Merzenhausen,2023-05-30 02:00:00,1,,test,arima,0.201,0.1283097225659745
Merzenhausen,2023-05-30 03:00:00,1,,test,arima,0.204,0.12824909394169595
Merzenhausen,2023-05-30 04:00:00,1,,test,arima,0.201,0.1281884939655199
Merzenhausen,2023-05-30 05:00:00,1,,test,arima,0.201,0.1281279226239096
Merzenhausen,2023-05-30 06:00:00,1,,test,arima,0.202,0.1280673799033347
Merzenhausen,2023-05-30 07:00:00,1,,test,arima,0.202,0.12800686579027123
Merzenhausen,2023-05-30 08:00:00,1,,test,arima,0.202,0.1279463802712017
Merzenhausen,2023-05-30 09:00:00,1,,test,arima,0.201,0.12788592333261486
Merzenhausen,2023-05-30 10:00:00,1,,test,arima,0.201,0.127825494961006
Merzenhausen,2023-05-30 11:00:00,1,,test,arima,0.2,0.12776509514287665
Merzenhausen,2023-05-30 12:00:00,1,,test,arima,0.2,0.12770472386473486
Merzenhausen,2023-05-30 13:00:00,1,,test,arima,0.2,0.1276443811130949
Merzenhausen,2023-05-30 14:00:00,1,,test,arima,0.2,0.12758406687447751
Merzenhausen,2023-05-30 15:00:00,1,,test,arima,0.194,0.1275237811354098
Merzenhausen,2023-05-30 16:00:00,1,,test,arima,0.194,0.12746352388242524
Merzenhausen,2023-05-30 17:00:00,1,,test,arima,0.195,0.1274032951020636
Merzenhausen,2023-05-30 18:00:00,1,,test,arima,0.192,0.1273430947808711
Merzenhausen,2023-05-30 19:00:00,1,,test,arima,0.193,0.12728292290540028
Merzenhausen,2023-05-30 20:00:00,1,,test,arima,0.194,0.12722277946221
Merzenhausen,2023-05-30 21:00:00,1,,test,arima,0.195,0.12716266443786553
Merzenhausen,2023-05-30 22:00:00,1,,test,arima,0.189,0.12710257781893844
Merzenhausen,2023-05-30 23:00:00,1,,test,arima,0.194,0.1270425195920067
Merzenhausen,2023-05-31 00:00:00,1,,test,arima,0.192,0.1269824897436545
Merzenhausen,2023-05-31 01:00:00,1,,test,arima,0.189,0.12692248826047256
Merzenhausen,2023-05-31 02:00:00,1,,test,arima,0.191,0.1268625151290578
Merzenhausen,2023-05-31 03:00:00,1,,test,arima,0.192,0.12680257033601347
Merzenhausen,2023-05-31 04:00:00,1,,test,arima,0.189,0.12674265386794925
Merzenhausen,2023-05-31 05:00:00,1,,test,arima,0.19,0.12668276571148102
Merzenhausen,2023-05-31 06:00:00,1,,test,arima,0.19,0.12662290585323108
Merzenhausen,2023-05-31 07:00:00,1,,test,arima,0.19,0.126563074279828
Merzenhausen,2023-05-31 08:00:00,1,,test,arima,0.19,0.1265032709779067
Merzenhausen,2023-05-31 09:00:00,1,,test,arima,0.19,0.12644349593410842
Merzenhausen,2023-05-31 10:00:00,1,,test,arima,0.189,0.12638374913508066
Merzenhausen,2023-05-31 11:00:00,1,,test,arima,0.189,0.1263240305674773
Merzenhausen,2023-05-31 12:00:00,1,,test,arima,0.191,0.12626434021795846
Merzenhausen,2023-05-31 13:00:00,1,,test,arima,0.192,0.1262046780731906
Merzenhausen,2023-05-31 14:00:00,1,,test,arima,0.19,0.1261450441198465
Merzenhausen,2023-05-31 15:00:00,1,,test,arima,0.188,0.1260854383446052
Merzenhausen,2023-05-31 16:00:00,1,,test,arima,0.186,0.126025860734152
Merzenhausen,2023-05-31 17:00:00,1,,test,arima,0.187,0.1259663112751786
Merzenhausen,2023-05-31 18:00:00,1,,test,arima,0.187,0.1259067899543829
Merzenhausen,2023-05-31 19:00:00,1,,test,arima,0.186,0.12584729675846912
Merzenhausen,2023-05-31 20:00:00,1,,test,arima,0.185,0.12578783167414773
Merzenhausen,2023-05-31 21:00:00,1,,test,arima,0.182,0.12572839468813551
Merzenhausen,2023-05-31 22:00:00,1,,test,arima,0.183,0.12566898578715552
Merzenhausen,2023-05-31 23:00:00,1,,test,arima,0.182,0.12560960495793708
Merzenhausen,2023-06-01 00:00:00,1,,test,arima,0.185,0.12555025218721577
Merzenhausen,2023-06-01 01:00:00,1,,test,arima,0.182,0.1254909274617335
Merzenhausen,2023-06-01 02:00:00,1,,test,arima,0.183,0.12543163076823832
Merzenhausen,2023-06-01 03:00:00,1,,test,arima,0.181,0.12537236209348468
Merzenhausen,2023-06-01 04:00:00,1,,test,arima,0.18,0.1253131214242332
Merzenhausen,2023-06-01 05:00:00,1,,test,arima,0.182,0.1252539087472508
Merzenhausen,2023-06-01 06:00:00,1,,test,arima,0.182,0.1251947240493106
Merzenhausen,2023-06-01 07:00:00,1,,test,arima,0.18,0.12513556731719205
Merzenhausen,2023-06-01 08:00:00,1,,test,arima,0.182,0.12507643853768075
Merzenhausen,2023-06-01 09:00:00,1,,test,arima,0.181,0.12501733769756865
Merzenhausen,2023-06-01 10:00:00,1,,test,arima,0.182,0.12495826478365386
Merzenhausen,2023-06-01 11:00:00,1,,test,arima,0.179,0.12489921978274077
Merzenhausen,2023-06-01 12:00:00,1,,test,arima,0.178,0.12484020268163996
Merzenhausen,2023-06-01 13:00:00,1,,test,arima,0.181,0.12478121346716832
Merzenhausen,2023-06-01 14:00:00,1,,test,arima,0.179,0.12472225212614887
Merzenhausen,2023-06-01 15:00:00,1,,test,arima,0.177,0.12466331864541096
Merzenhausen,2023-06-01 16:00:00,1,,test,arima,0.177,0.12460441301179007
Merzenhausen,2023-06-01 17:00:00,1,,test,arima,0.18,0.12454553521212795
Merzenhausen,2023-06-01 18:00:00,1,,test,arima,0.175,0.12448668523327258
Merzenhausen,2023-06-01 19:00:00,1,,test,arima,0.173,0.12442786306207812
Merzenhausen,2023-06-01 20:00:00,1,,test,arima,0.174,0.12436906868540495
Merzenhausen,2023-06-01 21:00:00,1,,test,arima,0.176,0.12431030209011969
Merzenhausen,2023-06-01 22:00:00,1,,test,arima,0.177,0.12425156326309511
Merzenhausen,2023-06-01 23:00:00,1,,test,arima,0.174,0.12419285219121022
Merzenhausen,2023-06-02 00:00:00,1,,test,arima,0.171,0.12413416886135023
Merzenhausen,2023-06-02 01:00:00,1,,test,arima,0.172,0.12407551326040654
Merzenhausen,2023-06-02 02:00:00,1,,test,arima,0.171,0.12401688537527675
Merzenhausen,2023-06-02 03:00:00,1,,test,arima,0.171,0.12395828519286464
Merzenhausen,2023-06-02 04:00:00,1,,test,arima,0.17,0.12389971270008018
Merzenhausen,2023-06-02 05:00:00,1,,test,arima,0.173,0.12384116788383953
Merzenhausen,2023-06-02 06:00:00,1,,test,arima,0.173,0.12378265073106504
Merzenhausen,2023-06-02 07:00:00,1,,test,arima,0.174,0.12372416122868524
Merzenhausen,2023-06-02 08:00:00,1,,test,arima,0.172,0.12366569936363478
Merzenhausen,2023-06-02 09:00:00,1,,test,arima,0.175,0.12360726512285458
Merzenhausen,2023-06-02 10:00:00,1,,test,arima,0.174,0.12354885849329166
Merzenhausen,2023-06-02 11:00:00,1,,test,arima,0.172,0.12349047946189921
Merzenhausen,2023-06-02 12:00:00,1,,test,arima,0.174,0.12343212801563665
Merzenhausen,2023-06-02 13:00:00,1,,test,arima,0.173,0.12337380414146949
Merzenhausen,2023-06-02 14:00:00,1,,test,arima,0.172,0.12331550782636942
Merzenhausen,2023-06-02 15:00:00,1,,test,arima,0.172,0.1232572390573143
Merzenhausen,2023-06-02 16:00:00,1,,test,arima,0.17,0.12319899782128813
Merzenhausen,2023-06-02 17:00:00,1,,test,arima,0.173,0.12314078410528106
Merzenhausen,2023-06-02 18:00:00,1,,test,arima,0.171,0.12308259789628942
Merzenhausen,2023-06-02 19:00:00,1,,test,arima,0.172,0.12302443918131561
Merzenhausen,2023-06-02 20:00:00,1,,test,arima,0.169,0.12296630794736826
Merzenhausen,2023-06-02 21:00:00,1,,test,arima,0.168,0.12290820418146207
Merzenhausen,2023-06-02 22:00:00,1,,test,arima,0.169,0.12285012787061791
Merzenhausen,2023-06-02 23:00:00,1,,test,arima,0.166,0.12279207900186279
Merzenhausen,2023-06-03 00:00:00,1,,test,arima,0.165,0.12273405756222981
Merzenhausen,2023-06-03 01:00:00,1,,test,arima,0.166,0.12267606353875823
Merzenhausen,2023-06-03 02:00:00,1,,test,arima,0.165,0.12261809691849344
Merzenhausen,2023-06-03 03:00:00,1,,test,arima,0.163,0.12256015768848694
Merzenhausen,2023-06-03 04:00:00,1,,test,arima,0.164,0.12250224583579632
Merzenhausen,2023-06-03 05:00:00,1,,test,arima,0.165,0.12244436134748532
Merzenhausen,2023-06-03 06:00:00,1,,test,arima,0.164,0.1223865042106238
Merzenhausen,2023-06-03 07:00:00,1,,test,arima,0.167,0.1223286744122877
Merzenhausen,2023-06-03 08:00:00,1,,test,arima,0.165,0.1222708719395591
Merzenhausen,2023-06-03 09:00:00,1,,test,arima,0.166,0.12221309677952613
Merzenhausen,2023-06-03 10:00:00,1,,test,arima,0.167,0.12215534891928309
Merzenhausen,2023-06-03 11:00:00,1,,test,arima,0.166,0.12209762834593033
Merzenhausen,2023-06-03 12:00:00,1,,test,arima,0.165,0.12203993504657432
Merzenhausen,2023-06-03 13:00:00,1,,test,arima,0.166,0.12198226900832759
Merzenhausen,2023-06-03 14:00:00,1,,test,arima,0.167,0.1219246302183088
Merzenhausen,2023-06-03 15:00:00,1,,test,arima,0.165,0.12186701866364266
Merzenhausen,2023-06-03 16:00:00,1,,test,arima,0.167,0.12180943433146
Merzenhausen,2023-06-03 17:00:00,1,,test,arima,0.164,0.12175187720889771
Merzenhausen,2023-06-03 18:00:00,1,,test,arima,0.165,0.12169434728309875
Merzenhausen,2023-06-03 19:00:00,1,,test,arima,0.165,0.12163684454121217
Merzenhausen,2023-06-03 20:00:00,1,,test,arima,0.164,0.12157936897039309
Merzenhausen,2023-06-03 21:00:00,1,,test,arima,0.164,0.1215219205578027
Merzenhausen,2023-06-03 22:00:00,1,,test,arima,0.163,0.12146449929060825
Merzenhausen,2023-06-03 23:00:00,1,,test,arima,0.161,0.12140710515598306
Merzenhausen,2023-06-04 00:00:00,1,,test,arima,0.16,0.1213497381411065
Merzenhausen,2023-06-04 01:00:00,1,,test,arima,0.161,0.12129239823316403
Merzenhausen,2023-06-04 02:00:00,1,,test,arima,0.159,0.12123508541934712
Merzenhausen,2023-06-04 03:00:00,1,,test,arima,0.162,0.12117779968685333
Merzenhausen,2023-06-04 04:00:00,1,,test,arima,0.161,0.12112054102288625
Merzenhausen,2023-06-04 05:00:00,1,,test,arima,0.158,0.1210633094146555
Merzenhausen,2023-06-04 06:00:00,1,,test,arima,0.161,0.1210061048493768
Merzenhausen,2023-06-04 07:00:00,1,,test,arima,0.16,0.12094892731427184
Merzenhausen,2023-06-04 08:00:00,1,,test,arima,0.16,0.1208917767965684
Merzenhausen,2023-06-04 09:00:00,1,,test,arima,0.161,0.12083465328350027
Merzenhausen,2023-06-04 10:00:00,1,,test,arima,0.16,0.12077755676230728
Merzenhausen,2023-06-04 11:00:00,1,,test,arima,0.162,0.1207204872202353
Merzenhausen,2023-06-04 12:00:00,1,,test,arima,0.161,0.12066344464453621
Merzenhausen,2023-06-04 13:00:00,1,,test,arima,0.161,0.12060642902246793
Merzenhausen,2023-06-04 14:00:00,1,,test,arima,0.162,0.12054944034129436
Merzenhausen,2023-06-04 15:00:00,1,,test,arima,0.162,0.12049247858828549
Merzenhausen,2023-06-04 16:00:00,1,,test,arima,0.16,0.12043554375071724
Merzenhausen,2023-06-04 17:00:00,1,,test,arima,0.164,0.12037863581587162
Merzenhausen,2023-06-04 18:00:00,1,,test,arima,0.163,0.12032175477103658
Merzenhausen,2023-06-04 19:00:00,1,,test,arima,0.158,0.12026490060350617
Merzenhausen,2023-06-04 20:00:00,1,,test,arima,0.159,0.12020807330058032
Merzenhausen,2023-06-04 21:00:00,1,,test,arima,0.158,0.12015127284956507
Merzenhausen,2023-06-04 22:00:00,1,,test,arima,0.158,0.1200944992377724
Merzenhausen,2023-06-04 23:00:00,1,,test,arima,0.156,0.12003775245252032
Merzenhausen,2023-06-05 00:00:00,1,,test,arima,0.156,0.11998103248113279
Merzenhausen,2023-06-05 01:00:00,1,,test,arima,0.157,0.11992433931093978
Merzenhausen,2023-06-05 02:00:00,1,,test,arima,0.159,0.11986767292927726
Merzenhausen,2023-06-05 03:00:00,1,,test,arima,0.152,0.11981103332348716
Merzenhausen,2023-06-05 04:00:00,1,,test,arima,0.156,0.11975442048091742
Merzenhausen,2023-06-05 05:00:00,1,,test,arima,0.156,0.11969783438892194
Merzenhausen,2023-06-05 06:00:00,1,,test,arima,0.157,0.11964127503486059
Merzenhausen,2023-06-05 07:00:00,1,,test,arima,0.156,0.11958474240609923
Merzenhausen,2023-06-05 08:00:00,1,,test,arima,0.157,0.11952823649000968
Merzenhausen,2023-06-05 09:00:00,1,,test,arima,0.158,0.11947175727396973
Merzenhausen,2023-06-05 10:00:00,1,,test,arima,0.156,0.11941530474536312
Merzenhausen,2023-06-05 11:00:00,1,,test,arima,0.16,0.11935887889157959
Merzenhausen,2023-06-05 12:00:00,1,,test,arima,0.156,0.11930247970001477
Merzenhausen,2023-06-05 13:00:00,1,,test,arima,0.157,0.11924610715807032
Merzenhausen,2023-06-05 14:00:00,1,,test,arima,0.158,0.11918976125315381
Merzenhausen,2023-06-05 15:00:00,1,,test,arima,0.16,0.11913344197267878
Merzenhausen,2023-06-05 16:00:00,1,,test,arima,0.158,0.11907714930406468
Merzenhausen,2023-06-05 17:00:00,1,,test,arima,0.158,0.11902088323473699
Merzenhausen,2023-06-05 18:00:00,1,,test,arima,0.158,0.11896464375212701
Merzenhausen,2023-06-05 19:00:00,1,,test,arima,0.155,0.11890843084367209
Merzenhausen,2023-06-05 20:00:00,1,,test,arima,0.157,0.11885224449681543
Merzenhausen,2023-06-05 21:00:00,1,,test,arima,0.156,0.11879608469900624
Merzenhausen,2023-06-05 22:00:00,1,,test,arima,0.155,0.11873995143769961
Merzenhausen,2023-06-05 23:00:00,1,,test,arima,0.154,0.11868384470035656
Merzenhausen,2023-06-06 00:00:00,1,,test,arima,0.154,0.11862776447444405
Merzenhausen,2023-06-06 01:00:00,1,,test,arima,0.153,0.11857171074743497
Merzenhausen,2023-06-06 02:00:00,1,,test,arima,0.154,0.11851568350680809
Merzenhausen,2023-06-06 03:00:00,1,,test,arima,0.154,0.11845968274004817
Merzenhausen,2023-06-06 04:00:00,1,,test,arima,0.153,0.11840370843464579
Merzenhausen,2023-06-06 05:00:00,1,,test,arima,0.155,0.11834776057809751
Merzenhausen,2023-06-06 06:00:00,1,,test,arima,0.153,0.11829183915790578
Merzenhausen,2023-06-06 07:00:00,1,,test,arima,0.154,0.11823594416157894
Merzenhausen,2023-06-06 08:00:00,1,,test,arima,0.153,0.11818007557663127
Merzenhausen,2023-06-06 09:00:00,1,,test,arima,0.163,0.11812423339058287
Merzenhausen,2023-06-06 10:00:00,1,,test,arima,0.152,0.11806841759095983
Merzenhausen,2023-06-06 11:00:00,1,,test,arima,0.155,0.11801262816529412
Merzenhausen,2023-06-06 12:00:00,1,,test,arima,0.154,0.11795686510112352
Merzenhausen,2023-06-06 13:00:00,1,,test,arima,0.155,0.11790112838599179
Merzenhausen,2023-06-06 14:00:00,1,,test,arima,0.157,0.11784541800744852
Merzenhausen,2023-06-06 15:00:00,1,,test,arima,0.157,0.11778973395304923
Merzenhausen,2023-06-06 16:00:00,1,,test,arima,0.156,0.11773407621035528
Merzenhausen,2023-06-06 17:00:00,1,,test,arima,0.155,0.11767844476693393
Merzenhausen,2023-06-06 18:00:00,1,,test,arima,0.155,0.11762283961035827
Merzenhausen,2023-06-06 19:00:00,1,,test,arima,0.157,0.11756726072820736
Merzenhausen,2023-06-06 20:00:00,1,,test,arima,0.154,0.11751170810806602
Merzenhausen,2023-06-06 21:00:00,1,,test,arima,0.155,0.11745618173752499
Merzenhausen,2023-06-06 22:00:00,1,,test,arima,0.156,0.11740068160418088
Merzenhausen,2023-06-06 23:00:00,1,,test,arima,0.154,0.11734520769563615
Merzenhausen,2023-06-07 00:00:00,1,,test,arima,0.152,0.11728975999949909
Merzenhausen,2023-06-07 01:00:00,1,,test,arima,0.154,0.11723433850338391
Merzenhausen,2023-06-07 02:00:00,1,,test,arima,0.153,0.11717894319491061
Merzenhausen,2023-06-07 03:00:00,1,,test,arima,0.152,0.11712357406170507
Merzenhausen,2023-06-07 04:00:00,1,,test,arima,0.153,0.117068231091399
Merzenhausen,2023-06-07 05:00:00,1,,test,arima,0.15,0.11701291427162998
Merzenhausen,2023-06-07 06:00:00,1,,test,arima,0.152,0.11695762359004142
Merzenhausen,2023-06-07 07:00:00,1,,test,arima,0.151,0.11690235903428255
Merzenhausen,2023-06-07 08:00:00,1,,test,arima,0.154,0.11684712059200847
Merzenhausen,2023-06-07 09:00:00,1,,test,arima,0.154,0.11679190825088007
Merzenhausen,2023-06-07 10:00:00,1,,test,arima,0.153,0.1167367219985641
Merzenhausen,2023-06-07 11:00:00,1,,test,arima,0.157,0.11668156182273315
Merzenhausen,2023-06-07 12:00:00,1,,test,arima,0.154,0.1166264277110656
Merzenhausen,2023-06-07 13:00:00,1,,test,arima,0.154,0.11657131965124568
Merzenhausen,2023-06-07 14:00:00,1,,test,arima,0.153,0.11651623763096342
Merzenhausen,2023-06-07 15:00:00,1,,test,arima,0.153,0.11646118163791469
Merzenhausen,2023-06-07 16:00:00,1,,test,arima,0.156,0.11640615165980113
Merzenhausen,2023-06-07 17:00:00,1,,test,arima,0.153,0.11635114768433025
Merzenhausen,2023-06-07 18:00:00,1,,test,arima,0.153,0.11629616969921534
Merzenhausen,2023-06-07 19:00:00,1,,test,arima,0.154,0.11624121769217548
Merzenhausen,2023-06-07 20:00:00,1,,test,arima,0.151,0.11618629165093558
Merzenhausen,2023-06-07 21:00:00,1,,test,arima,0.15,0.11613139156322631
Merzenhausen,2023-06-07 22:00:00,1,,test,arima,0.151,0.11607651741678421
Merzenhausen,2023-06-07 23:00:00,1,,test,arima,0.152,0.11602166919935153
Merzenhausen,2023-06-08 00:00:00,1,,test,arima,0.151,0.11596684689867638
Merzenhausen,2023-06-08 01:00:00,1,,test,arima,0.151,0.11591205050251262
Merzenhausen,2023-06-08 02:00:00,1,,test,arima,0.15,0.11585727999861992
Merzenhausen,2023-06-08 03:00:00,1,,test,arima,0.151,0.11580253537476368
Merzenhausen,2023-06-08 04:00:00,1,,test,arima,0.151,0.11574781661871518
Merzenhausen,2023-06-08 05:00:00,1,,test,arima,0.151,0.11569312371825138
Merzenhausen,2023-06-08 06:00:00,1,,test,arima,0.152,0.11563845666115508
Merzenhausen,2023-06-08 07:00:00,1,,test,arima,0.15,0.11558381543521482
Merzenhausen,2023-06-08 08:00:00,1,,test,arima,0.15,0.11552920002822492
Merzenhausen,2023-06-08 09:00:00,1,,test,arima,0.148,0.11547461042798546
Merzenhausen,2023-06-08 10:00:00,1,,test,arima,0.15,0.1154200466223023
Merzenhausen,2023-06-08 11:00:00,1,,test,arima,0.151,0.11536550859898705
Merzenhausen,2023-06-08 12:00:00,1,,test,arima,0.15,0.11531099634585709
Merzenhausen,2023-06-08 13:00:00,1,,test,arima,0.155,0.11525650985073554
Merzenhausen,2023-06-08 14:00:00,1,,test,arima,0.151,0.11520204910145129
Merzenhausen,2023-06-08 15:00:00,1,,test,arima,0.153,0.11514761408583898
Merzenhausen,2023-06-08 16:00:00,1,,test,arima,0.151,0.11509320479173898
Merzenhausen,2023-06-08 17:00:00,1,,test,arima,0.149,0.11503882120699743
Merzenhausen,2023-06-08 18:00:00,1,,test,arima,0.15,0.1149844633194662
Merzenhausen,2023-06-08 19:00:00,1,,test,arima,0.152,0.11493013111700288
Merzenhausen,2023-06-08 20:00:00,1,,test,arima,0.15,0.11487582458747085
Merzenhausen,2023-06-08 21:00:00,1,,test,arima,0.15,0.11482154371873918
Merzenhausen,2023-06-08 22:00:00,1,,test,arima,0.149,0.11476728849868267
Merzenhausen,2023-06-08 23:00:00,1,,test,arima,0.148,0.11471305891518188
Merzenhausen,2023-06-09 00:00:00,1,,test,arima,0.148,0.1146588549561231
Merzenhausen,2023-06-09 01:00:00,1,,test,arima,0.147,0.11460467660939828
Merzenhausen,2023-06-09 02:00:00,1,,test,arima,0.146,0.11455052386290518
Merzenhausen,2023-06-09 03:00:00,1,,test,arima,0.146,0.11449639670454723
Merzenhausen,2023-06-09 04:00:00,1,,test,arima,0.148,0.11444229512223356
Merzenhausen,2023-06-09 05:00:00,1,,test,arima,0.147,0.11438821910387904
Merzenhausen,2023-06-09 06:00:00,1,,test,arima,0.149,0.11433416863740425
Merzenhausen,2023-06-09 07:00:00,1,,test,arima,0.149,0.11428014371073549
Merzenhausen,2023-06-09 08:00:00,1,,test,arima,0.148,0.11422614431180472
Merzenhausen,2023-06-09 09:00:00,1,,test,arima,0.147,0.11417217042854964
Merzenhausen,2023-06-09 10:00:00,1,,test,arima,0.15,0.11411822204891364
Merzenhausen,2023-06-09 11:00:00,1,,test,arima,0.151,0.11406429916084582
Merzenhausen,2023-06-09 12:00:00,1,,test,arima,0.15,0.11401040175230093
Merzenhausen,2023-06-09 13:00:00,1,,test,arima,0.147,0.11395652981123947
Merzenhausen,2023-06-09 14:00:00,1,,test,arima,0.15,0.11390268332562759
Merzenhausen,2023-06-09 15:00:00,1,,test,arima,0.152,0.11384886228343713
Merzenhausen,2023-06-09 16:00:00,1,,test,arima,0.148,0.11379506667264565
Merzenhausen,2023-06-09 17:00:00,1,,test,arima,0.149,0.11374129648123635
Merzenhausen,2023-06-09 18:00:00,1,,test,arima,0.149,0.1136875516971981
Merzenhausen,2023-06-09 19:00:00,1,,test,arima,0.15,0.11363383230852549
Merzenhausen,2023-06-09 20:00:00,1,,test,arima,0.147,0.11358013830321874
Merzenhausen,2023-06-09 21:00:00,1,,test,arima,0.148,0.11352646966928376
Merzenhausen,2023-06-09 22:00:00,1,,test,arima,0.147,0.11347282639473215
Merzenhausen,2023-06-09 23:00:00,1,,test,arima,0.146,0.1134192084675811
Merzenhausen,2023-06-10 00:00:00,1,,test,arima,0.147,0.11336561587585357
Merzenhausen,2023-06-10 01:00:00,1,,test,arima,0.143,0.1133120486075781
Merzenhausen,2023-06-10 02:00:00,1,,test,arima,0.144,0.1132585066507889
Merzenhausen,2023-06-10 03:00:00,1,,test,arima,0.143,0.11320498999352585
Merzenhausen,2023-06-10 04:00:00,1,,test,arima,0.142,0.11315149862383447
Merzenhausen,2023-06-10 05:00:00,1,,test,arima,0.142,0.11309803252976594
Merzenhausen,2023-06-10 06:00:00,1,,test,arima,0.142,0.11304459169937708
Merzenhausen,2023-06-10 07:00:00,1,,test,arima,0.144,0.11299117612073035
Merzenhausen,2023-06-10 08:00:00,1,,test,arima,0.147,0.11293778578189384
Merzenhausen,2023-06-10 09:00:00,1,,test,arima,0.146,0.11288442067094132
Merzenhausen,2023-06-10 10:00:00,1,,test,arima,0.143,0.11283108077595214
Merzenhausen,2023-06-10 11:00:00,1,,test,arima,0.144,0.1127777660850113
Merzenhausen,2023-06-10 12:00:00,1,,test,arima,0.147,0.11272447658620949
Merzenhausen,2023-06-10 13:00:00,1,,test,arima,0.146,0.11267121226764293
Merzenhausen,2023-06-10 14:00:00,1,,test,arima,0.145,0.11261797311741352
Merzenhausen,2023-06-10 15:00:00,1,,test,arima,0.145,0.11256475912362877
Merzenhausen,2023-06-10 16:00:00,1,,test,arima,0.149,0.11251157027440184
Merzenhausen,2023-06-10 17:00:00,1,,test,arima,0.146,0.11245840655785144
Merzenhausen,2023-06-10 18:00:00,1,,test,arima,0.146,0.11240526796210197
Merzenhausen,2023-06-10 19:00:00,1,,test,arima,0.145,0.11235215447528339
Merzenhausen,2023-06-10 20:00:00,1,,test,arima,0.146,0.11229906608553128
Merzenhausen,2023-06-10 21:00:00,1,,test,arima,0.142,0.11224600278098684
Merzenhausen,2023-06-10 22:00:00,1,,test,arima,0.142,0.11219296454979685
Merzenhausen,2023-06-10 23:00:00,1,,test,arima,0.143,0.11213995138011372
Merzenhausen,2023-06-11 00:00:00,1,,test,arima,0.142,0.11208696326009543
Merzenhausen,2023-06-11 01:00:00,1,,test,arima,0.143,0.11203400017790557
Merzenhausen,2023-06-11 02:00:00,1,,test,arima,0.141,0.11198106212171333
Merzenhausen,2023-06-11 03:00:00,1,,test,arima,0.138,0.11192814907969346
Merzenhausen,2023-06-11 04:00:00,1,,test,arima,0.139,0.11187526104002635
Merzenhausen,2023-06-11 05:00:00,1,,test,arima,0.142,0.11182239799089791
Merzenhausen,2023-06-11 06:00:00,1,,test,arima,0.139,0.1117695599204997
Merzenhausen,2023-06-11 07:00:00,1,,test,arima,0.142,0.11171674681702881
Merzenhausen,2023-06-11 08:00:00,1,,test,arima,0.142,0.11166395866868792
Merzenhausen,2023-06-11 09:00:00,1,,test,arima,0.143,0.11161119546368528
Merzenhausen,2023-06-11 10:00:00,1,,test,arima,0.14,0.11155845719023474
Merzenhausen,2023-06-11 11:00:00,1,,test,arima,0.143,0.1115057438365557
Merzenhausen,2023-06-11 12:00:00,1,,test,arima,0.142,0.11145305539087311
Merzenhausen,2023-06-11 13:00:00,1,,test,arima,0.143,0.11140039184141748
Merzenhausen,2023-06-11 14:00:00,1,,test,arima,0.142,0.11134775317642495
Merzenhausen,2023-06-11 15:00:00,1,,test,arima,0.142,0.11129513938413713
Merzenhausen,2023-06-11 16:00:00,1,,test,arima,0.144,0.11124255045280124
Merzenhausen,2023-06-11 17:00:00,1,,test,arima,0.144,0.11118998637067003
Merzenhausen,2023-06-11 18:00:00,1,,test,arima,0.141,0.11113744712600182
Merzenhausen,2023-06-11 19:00:00,1,,test,arima,0.142,0.11108493270706046
Merzenhausen,2023-06-11 20:00:00,1,,test,arima,0.144,0.11103244310211535
Merzenhausen,2023-06-11 21:00:00,1,,test,arima,0.141,0.11097997829944145
Merzenhausen,2023-06-11 22:00:00,1,,test,arima,0.143,0.11092753828731923
Merzenhausen,2023-06-11 23:00:00,1,,test,arima,0.138,0.11087512305403473
Merzenhausen,2023-06-12 00:00:00,1,,test,arima,0.139,0.11082273258787949
Merzenhausen,2023-06-12 01:00:00,1,,test,arima,0.141,0.11077036687715061
Merzenhausen,2023-06-12 02:00:00,1,,test,arima,0.136,0.11071802591015072
Merzenhausen,2023-06-12 03:00:00,1,,test,arima,0.137,0.11066570967518795
Merzenhausen,2023-06-12 04:00:00,1,,test,arima,0.137,0.11061341816057599
Merzenhausen,2023-06-12 05:00:00,1,,test,arima,0.138,0.11056115135463401
Merzenhausen,2023-06-12 06:00:00,1,,test,arima,0.136,0.11050890924568676
Merzenhausen,2023-06-12 07:00:00,1,,test,arima,0.137,0.11045669182206447
Merzenhausen,2023-06-12 08:00:00,1,,test,arima,0.135,0.11040449907210284
Merzenhausen,2023-06-12 09:00:00,1,,test,arima,0.136,0.11035233098414317
Merzenhausen,2023-06-12 10:00:00,1,,test,arima,0.137,0.1103001875465322
Merzenhausen,2023-06-12 11:00:00,1,,test,arima,0.138,0.11024806874762222
Merzenhausen,2023-06-12 12:00:00,1,,test,arima,0.14,0.11019597457577099
Merzenhausen,2023-06-12 13:00:00,1,,test,arima,0.138,0.1101439050193418
Merzenhausen,2023-06-12 14:00:00,1,,test,arima,0.139,0.11009186006670342
Merzenhausen,2023-06-12 15:00:00,1,,test,arima,0.144,0.11003983970623013
Merzenhausen,2023-06-12 16:00:00,1,,test,arima,0.139,0.10998784392630168
Merzenhausen,2023-06-12 17:00:00,1,,test,arima,0.141,0.10993587271530333
Merzenhausen,2023-06-12 18:00:00,1,,test,arima,0.142,0.10988392606162584
Merzenhausen,2023-06-12 19:00:00,1,,test,arima,0.138,0.10983200395366541
Merzenhausen,2023-06-12 20:00:00,1,,test,arima,0.138,0.10978010637982379
Merzenhausen,2023-06-12 21:00:00,1,,test,arima,0.137,0.10972823332850813
Merzenhausen,2023-06-12 22:00:00,1,,test,arima,0.138,0.10967638478813116
Merzenhausen,2023-06-12 23:00:00,1,,test,arima,0.138,0.10962456074711095
Merzenhausen,2023-06-13 00:00:00,1,,test,arima,0.139,0.10957276119387117
Merzenhausen,2023-06-13 01:00:00,1,,test,arima,0.134,0.10952098611684091
Merzenhausen,2023-06-13 02:00:00,1,,test,arima,0.135,0.1094692355044547
Merzenhausen,2023-06-13 03:00:00,1,,test,arima,0.133,0.10941750934515257
Merzenhausen,2023-06-13 04:00:00,1,,test,arima,0.136,0.10936580762738002
Merzenhausen,2023-06-13 05:00:00,1,,test,arima,0.133,0.10931413033958796
Merzenhausen,2023-06-13 06:00:00,1,,test,arima,0.132,0.10926247747023282
Merzenhausen,2023-06-13 07:00:00,1,,test,arima,0.134,0.10921084900777644
Merzenhausen,2023-06-13 08:00:00,1,,test,arima,0.137,0.10915924494068613
Merzenhausen,2023-06-13 09:00:00,1,,test,arima,0.135,0.10910766525743465
Merzenhausen,2023-06-13 10:00:00,1,,test,arima,0.137,0.1090561099465002
Merzenhausen,2023-06-13 11:00:00,1,,test,arima,0.136,0.10900457899636641
Merzenhausen,2023-06-13 12:00:00,1,,test,arima,0.137,0.1089530723955224
Merzenhausen,2023-06-13 13:00:00,1,,test,arima,0.136,0.10890159013246269
Merzenhausen,2023-06-13 14:00:00,1,,test,arima,0.139,0.10885013219568723
Merzenhausen,2023-06-13 15:00:00,1,,test,arima,0.137,0.10879869857370142
Merzenhausen,2023-06-13 16:00:00,1,,test,arima,0.137,0.10874728925501609
Merzenhausen,2023-06-13 17:00:00,1,,test,arima,0.138,0.10869590422814751
Merzenhausen,2023-06-13 18:00:00,1,,test,arima,0.136,0.10864454348161735
Merzenhausen,2023-06-13 19:00:00,1,,test,arima,0.135,0.10859320700395274
Merzenhausen,2023-06-13 20:00:00,1,,test,arima,0.134,0.10854189478368619
Merzenhausen,2023-06-13 21:00:00,1,,test,arima,0.133,0.10849060680935566
Merzenhausen,2023-06-13 22:00:00,1,,test,arima,0.134,0.1084393430695045
Merzenhausen,2023-06-13 23:00:00,1,,test,arima,0.132,0.10838810355268151
Merzenhausen,2023-06-14 00:00:00,1,,test,arima,0.133,0.10833688824744085
Merzenhausen,2023-06-14 01:00:00,1,,test,arima,0.136,0.10828569714234215
Merzenhausen,2023-06-14 02:00:00,1,,test,arima,0.132,0.10823453022595039
Merzenhausen,2023-06-14 03:00:00,1,,test,arima,0.131,0.10818338748683598
Merzenhausen,2023-06-14 04:00:00,1,,test,arima,0.13,0.10813226891357472
Merzenhausen,2023-06-14 05:00:00,1,,test,arima,0.133,0.10808117449474783
Merzenhausen,2023-06-14 06:00:00,1,,test,arima,0.132,0.10803010421894191
Merzenhausen,2023-06-14 07:00:00,1,,test,arima,0.132,0.10797905807474895
Merzenhausen,2023-06-14 08:00:00,1,,test,arima,0.134,0.10792803605076631
Merzenhausen,2023-06-14 09:00:00,1,,test,arima,0.132,0.10787703813559679
Merzenhausen,2023-06-14 10:00:00,1,,test,arima,0.133,0.10782606431784855
Merzenhausen,2023-06-14 11:00:00,1,,test,arima,0.132,0.10777511458613512
Merzenhausen,2023-06-14 12:00:00,1,,test,arima,0.133,0.10772418892907541
Merzenhausen,2023-06-14 13:00:00,1,,test,arima,0.135,0.10767328733529374
Merzenhausen,2023-06-14 14:00:00,1,,test,arima,0.135,0.10762240979341978
Merzenhausen,2023-06-14 15:00:00,1,,test,arima,0.136,0.10757155629208856
Merzenhausen,2023-06-14 16:00:00,1,,test,arima,0.138,0.10752072681994052
Merzenhausen,2023-06-14 17:00:00,1,,test,arima,0.137,0.10746992136562142
Merzenhausen,2023-06-14 18:00:00,1,,test,arima,0.135,0.10741913991778242
Merzenhausen,2023-06-14 19:00:00,1,,test,arima,0.136,0.10736838246508001
Merzenhausen,2023-06-14 20:00:00,1,,test,arima,0.135,0.1073176489961761
Merzenhausen,2023-06-14 21:00:00,1,,test,arima,0.133,0.1072669394997379
Merzenhausen,2023-06-14 22:00:00,1,,test,arima,0.134,0.10721625396443799
Merzenhausen,2023-06-14 23:00:00,1,,test,arima,0.132,0.10716559237895432
Merzenhausen,2023-06-15 00:00:00,1,,test,arima,0.131,0.10711495473197015
Merzenhausen,2023-06-15 01:00:00,1,,test,arima,0.131,0.10706434101217413
Merzenhausen,2023-06-15 02:00:00,1,,test,arima,0.129,0.10701375120826026
Merzenhausen,2023-06-15 03:00:00,1,,test,arima,0.131,0.10696318530892782
Merzenhausen,2023-06-15 04:00:00,1,,test,arima,0.13,0.1069126433028815
Merzenhausen,2023-06-15 05:00:00,1,,test,arima,0.129,0.10686212517883129
Merzenhausen,2023-06-15 06:00:00,1,,test,arima,0.129,0.1068116309254925
Merzenhausen,2023-06-15 07:00:00,1,,test,arima,0.129,0.10676116053158582
Merzenhausen,2023-06-15 08:00:00,1,,test,arima,0.131,0.10671071398583726
Merzenhausen,2023-06-15 09:00:00,1,,test,arima,0.132,0.1066602912769781
Merzenhausen,2023-06-15 10:00:00,1,,test,arima,0.133,0.106609892393745
Merzenhausen,2023-06-15 11:00:00,1,,test,arima,0.132,0.10655951732487995
Merzenhausen,2023-06-15 12:00:00,1,,test,arima,0.133,0.10650916605913022
Merzenhausen,2023-06-15 13:00:00,1,,test,arima,0.135,0.10645883858524842
Merzenhausen,2023-06-15 14:00:00,1,,test,arima,0.133,0.10640853489199245
Merzenhausen,2023-06-15 15:00:00,1,,test,arima,0.132,0.10635825496812558
Merzenhausen,2023-06-15 16:00:00,1,,test,arima,0.134,0.10630799880241631
Merzenhausen,2023-06-15 17:00:00,1,,test,arima,0.133,0.10625776638363854
Merzenhausen,2023-06-15 18:00:00,1,,test,arima,0.131,0.10620755770057136
Merzenhausen,2023-06-15 19:00:00,1,,test,arima,0.133,0.10615737274199927
Merzenhausen,2023-06-15 20:00:00,1,,test,arima,0.131,0.10610721149671201
Merzenhausen,2023-06-15 21:00:00,1,,test,arima,0.134,0.10605707395350464
Merzenhausen,2023-06-15 22:00:00,1,,test,arima,0.131,0.1060069601011775
Merzenhausen,2023-06-15 23:00:00,1,,test,arima,0.129,0.1059568699285362
Merzenhausen,2023-06-16 00:00:00,1,,test,arima,0.13,0.10590680342439171
Merzenhausen,2023-06-16 01:00:00,1,,test,arima,0.129,0.10585676057756022
Merzenhausen,2023-06-16 02:00:00,1,,test,arima,0.132,0.10580674137686324
Merzenhausen,2023-06-16 03:00:00,1,,test,arima,0.131,0.10575674581112755
Merzenhausen,2023-06-16 04:00:00,1,,test,arima,0.13,0.10570677386918521
Merzenhausen,2023-06-16 05:00:00,1,,test,arima,0.128,0.10565682553987356
Merzenhausen,2023-06-16 06:00:00,1,,test,arima,0.132,0.1056069008120352
Merzenhausen,2023-06-16 07:00:00,1,,test,arima,0.13,0.10555699967451804
Merzenhausen,2023-06-16 08:00:00,1,,test,arima,0.128,0.1055071221161752
Merzenhausen,2023-06-16 09:00:00,1,,test,arima,0.129,0.10545726812586513
Merzenhausen,2023-06-16 10:00:00,1,,test,arima,0.133,0.1054074376924515
Merzenhausen,2023-06-16 11:00:00,1,,test,arima,0.133,0.10535763080480326
Merzenhausen,2023-06-16 12:00:00,1,,test,arima,0.134,0.10530784745179463
Merzenhausen,2023-06-16 13:00:00,1,,test,arima,0.133,0.10525808762230505
Merzenhausen,2023-06-16 14:00:00,1,,test,arima,0.131,0.10520835130521927
Merzenhausen,2023-06-16 15:00:00,1,,test,arima,0.13,0.10515863848942723
Merzenhausen,2023-06-16 16:00:00,1,,test,arima,0.13,0.10510894916382418
Merzenhausen,2023-06-16 17:00:00,1,,test,arima,0.133,0.10505928331731057
Merzenhausen,2023-06-16 18:00:00,1,,test,arima,0.129,0.10500964093879211
Merzenhausen,2023-06-16 19:00:00,1,,test,arima,0.131,0.10496002201717977
Merzenhausen,2023-06-16 20:00:00,1,,test,arima,0.133,0.10491042654138974
Merzenhausen,2023-06-16 21:00:00,1,,test,arima,0.129,0.10486085450034344
Merzenhausen,2023-06-16 22:00:00,1,,test,arima,0.13,0.10481130588296754
Merzenhausen,2023-06-16 23:00:00,1,,test,arima,0.13,0.10476178067819394
Merzenhausen,2023-06-17 00:00:00,1,,test,arima,0.131,0.10471227887495979
Merzenhausen,2023-06-17 01:00:00,1,,test,arima,0.132,0.10466280046220744
Merzenhausen,2023-06-17 02:00:00,1,,test,arima,0.133,0.10461334542888445
Merzenhausen,2023-06-17 03:00:00,1,,test,arima,0.129,0.10456391376394364
Merzenhausen,2023-06-17 04:00:00,1,,test,arima,0.13,0.10451450545634303
Merzenhausen,2023-06-17 05:00:00,1,,test,arima,0.126,0.10446512049504586
Merzenhausen,2023-06-17 06:00:00,1,,test,arima,0.13049999,0.1044157588690206
Merzenhausen,2023-06-17 07:00:00,1,,test,arima,0.131,0.10436642056724091
Merzenhausen,2023-06-17 08:00:00,1,,test,arima,0.131,0.10431710557868566
Merzenhausen,2023-06-17 09:00:00,1,,test,arima,0.129,0.10426781389233895
Merzenhausen,2023-06-17 10:00:00,1,,test,arima,0.132,0.10421854549719006
Merzenhausen,2023-06-17 11:00:00,1,,test,arima,0.131,0.10416930038223352
Merzenhausen,2023-06-17 12:00:00,1,,test,arima,0.132,0.10412007853646897
Merzenhausen,2023-06-17 13:00:00,1,,test,arima,0.133,0.10407087994890135
Merzenhausen,2023-06-17 14:00:00,1,,test,arima,0.131,0.10402170460854072
Merzenhausen,2023-06-17 15:00:00,1,,test,arima,0.1355,0.10397255250440238
Merzenhausen,2023-06-17 16:00:00,1,,test,arima,0.134,0.10392342362550677
Merzenhausen,2023-06-17 17:00:00,1,,test,arima,0.132,0.10387431796087959
Merzenhausen,2023-06-17 18:00:00,1,,test,arima,0.132,0.10382523549955167
Merzenhausen,2023-06-17 19:00:00,1,,test,arima,0.1345,0.10377617623055904
Merzenhausen,2023-06-17 20:00:00,1,,test,arima,0.133,0.1037271401429429
Merzenhausen,2023-06-17 21:00:00,1,,test,arima,0.1355,0.10367812722574965
Merzenhausen,2023-06-17 22:00:00,1,,test,arima,0.13,0.10362913746803086
Merzenhausen,2023-06-17 23:00:00,1,,test,arima,0.129,0.10358017085884325
Merzenhausen,2023-06-18 00:00:00,1,,test,arima,0.12799999,0.10353122738724872
Merzenhausen,2023-06-18 01:00:00,1,,test,arima,0.13,0.10348230704231437
Merzenhausen,2023-06-18 02:00:00,1,,test,arima,0.13,0.10343340981311243
Merzenhausen,2023-06-18 03:00:00,1,,test,arima,0.128,0.1033845356887203
Merzenhausen,2023-06-18 04:00:00,1,,test,arima,0.13,0.10333568465822057
Merzenhausen,2023-06-18 05:00:00,1,,test,arima,0.13,0.10328685671070095
Merzenhausen,2023-06-18 06:00:00,1,,test,arima,0.132,0.10323805183525431
Merzenhausen,2023-06-18 07:00:00,1,,test,arima,0.132,0.10318927002097869
Merzenhausen,2023-06-18 08:00:00,1,,test,arima,0.132,0.10314051125697729
Merzenhausen,2023-06-18 09:00:00,1,,test,arima,0.13,0.10309177553235843
Merzenhausen,2023-06-18 10:00:00,1,,test,arima,0.13,0.10304306283623563
Merzenhausen,2023-06-18 11:00:00,1,,test,arima,0.13,0.10299437315772746
Merzenhausen,2023-06-18 12:00:00,1,,test,arima,0.1365,0.10294570648595772
Merzenhausen,2023-06-18 13:00:00,1,,test,arima,0.13,0.10289706281005531
Merzenhausen,2023-06-18 14:00:00,1,,test,arima,0.132,0.10284844211915428
Merzenhausen,2023-06-18 15:00:00,1,,test,arima,0.132,0.10279984440239381
Merzenhausen,2023-06-18 16:00:00,1,,test,arima,0.134,0.1027512696489182
Merzenhausen,2023-06-18 17:00:00,1,,test,arima,0.132,0.1027027178478769
Merzenhausen,2023-06-18 18:00:00,1,,test,arima,0.133,0.10265418898842447
Merzenhausen,2023-06-18 19:00:00,1,,test,arima,0.133,0.10260568305972062
Merzenhausen,2023-06-18 20:00:00,1,,test,arima,0.129,0.10255720005093012
Merzenhausen,2023-06-18 21:00:00,1,,test,arima,0.134,0.10250873995122295
Merzenhausen,2023-06-18 22:00:00,1,,test,arima,0.132,0.10246030274977413
Merzenhausen,2023-06-18 23:00:00,1,,test,arima,0.129,0.10241188843576385
Merzenhausen,2023-06-19 00:00:00,1,,test,arima,0.129,0.10236349699837737
Merzenhausen,2023-06-19 01:00:00,1,,test,arima,0.132,0.10231512842680507
Merzenhausen,2023-06-19 02:00:00,1,,test,arima,0.132,0.10226678271024248
Merzenhausen,2023-06-19 03:00:00,1,,test,arima,0.129,0.10221845983789017
Merzenhausen,2023-06-19 04:00:00,1,,test,arima,0.127,0.10217015979895386
Merzenhausen,2023-06-19 05:00:00,1,,test,arima,0.128,0.10212188258264436
Merzenhausen,2023-06-19 06:00:00,1,,test,arima,0.128,0.10207362817817756
Merzenhausen,2023-06-19 07:00:00,1,,test,arima,0.128,0.10202539657477447
Merzenhausen,2023-06-19 08:00:00,1,,test,arima,0.127,0.10197718776166118
Merzenhausen,2023-06-19 09:00:00,1,,test,arima,0.129,0.10192900172806887
Merzenhausen,2023-06-19 10:00:00,1,,test,arima,0.132,0.1018808384632338
Merzenhausen,2023-06-19 11:00:00,1,,test,arima,0.13,0.10183269795639735
Merzenhausen,2023-06-19 12:00:00,1,,test,arima,0.13,0.10178458019680595
Merzenhausen,2023-06-19 13:00:00,1,,test,arima,0.13,0.10173648517371112
Merzenhausen,2023-06-19 14:00:00,1,,test,arima,0.131,0.10168841287636946
Merzenhausen,2023-06-19 15:00:00,1,,test,arima,0.133,0.10164036329404265
Merzenhausen,2023-06-19 16:00:00,1,,test,arima,0.132,0.10159233641599745
Merzenhausen,2023-06-19 17:00:00,1,,test,arima,0.133,0.10154433223150568
Merzenhausen,2023-06-19 18:00:00,1,,test,arima,0.133,0.10149635072984423
Merzenhausen,2023-06-19 19:00:00,1,,test,arima,0.133,0.10144839190029506
Merzenhausen,2023-06-19 20:00:00,1,,test,arima,0.13,0.10140045573214519
Merzenhausen,2023-06-19 21:00:00,1,,test,arima,0.133,0.1013525422146867
Merzenhausen,2023-06-19 22:00:00,1,,test,arima,0.132,0.10130465133721675
Merzenhausen,2023-06-19 23:00:00,1,,test,arima,0.129,0.10125678308903754
Merzenhausen,2023-06-20 00:00:00,1,,test,arima,0.13,0.10120893745945633
Merzenhausen,2023-06-20 01:00:00,1,,test,arima,0.13,0.10116111443778543
Merzenhausen,2023-06-20 02:00:00,1,,test,arima,0.13,0.1011133140133422
Merzenhausen,2023-06-20 03:00:00,1,,test,arima,0.13,0.10106553617544903
Merzenhausen,2023-06-20 04:00:00,1,,test,arima,0.134,0.1010177809134334
Merzenhausen,2023-06-20 05:00:00,1,,test,arima,0.129,0.1009700482166278
Merzenhausen,2023-06-20 06:00:00,1,,test,arima,0.129,0.10092233807436976
Merzenhausen,2023-06-20 07:00:00,1,,test,arima,0.13499999,0.10087465047600186
Merzenhausen,2023-06-20 08:00:00,1,,test,arima,0.129,0.1008269854108717
Merzenhausen,2023-06-20 09:00:00,1,,test,arima,0.132,0.10077934286833196
Merzenhausen,2023-06-20 10:00:00,1,,test,arima,0.131,0.10073172283774026
Merzenhausen,2023-06-20 11:00:00,1,,test,arima,0.131,0.10068412530845935
Merzenhausen,2023-06-20 12:00:00,1,,test,arima,0.13,0.10063655026985695
Merzenhausen,2023-06-20 13:00:00,1,,test,arima,0.129,0.10058899771130579
Merzenhausen,2023-06-20 14:00:00,1,,test,arima,0.132,0.10054146762218369
Merzenhausen,2023-06-20 15:00:00,1,,test,arima,0.13,0.10049395999187341
Merzenhausen,2023-06-20 16:00:00,1,,test,arima,0.379,0.10044647480976276
Merzenhausen,2023-06-20 17:00:00,1,,test,arima,0.336,0.1003990120652446
Merzenhausen,2023-06-20 18:00:00,1,,test,arima,0.341,0.10035157174771675
Merzenhausen,2023-06-20 19:00:00,1,,test,arima,0.384,0.10030415384658205
Merzenhausen,2023-06-20 20:00:00,1,,test,arima,0.371,0.10025675835124837
Merzenhausen,2023-06-20 21:00:00,1,,test,arima,0.369,0.10020938525112856
Merzenhausen,2023-06-20 22:00:00,1,,test,arima,0.364,0.10016203453564049
Merzenhausen,2023-06-20 23:00:00,1,,test,arima,0.363,0.10011470619420701
Merzenhausen,2023-06-21 00:00:00,1,,test,arima,0.36,0.100067400216256
Merzenhausen,2023-06-21 01:00:00,1,,test,arima,0.356,0.10002011659122031
Merzenhausen,2023-06-21 02:00:00,1,,test,arima,0.356,0.0999728553085378
Merzenhausen,2023-06-21 03:00:00,1,,test,arima,0.354,0.09992561635765129
Merzenhausen,2023-06-21 04:00:00,1,,test,arima,0.353,0.09987839972800863
Merzenhausen,2023-06-21 05:00:00,1,,test,arima,0.353,0.09983120540906262
Merzenhausen,2023-06-21 06:00:00,1,,test,arima,0.35,0.09978403339027109
Merzenhausen,2023-06-21 07:00:00,1,,test,arima,0.35,0.09973688366109677
Merzenhausen,2023-06-21 08:00:00,1,,test,arima,0.35,0.09968975621100745
Merzenhausen,2023-06-21 09:00:00,1,,test,arima,0.351,0.09964265102947586
Merzenhausen,2023-06-21 10:00:00,1,,test,arima,0.35,0.09959556810597972
Merzenhausen,2023-06-21 11:00:00,1,,test,arima,0.348,0.09954850743000171
Merzenhausen,2023-06-21 12:00:00,1,,test,arima,0.348,0.09950146899102948
Merzenhausen,2023-06-21 13:00:00,1,,test,arima,0.344,0.09945445277855564
Merzenhausen,2023-06-21 14:00:00,1,,test,arima,0.342,0.09940745878207778
Merzenhausen,2023-06-21 15:00:00,1,,test,arima,0.342,0.09936048699109847
Merzenhausen,2023-06-21 16:00:00,1,,test,arima,0.338,0.09931353739512518
Merzenhausen,2023-06-21 17:00:00,1,,test,arima,0.336,0.0992666099836704
Merzenhausen,2023-06-21 18:00:00,1,,test,arima,0.336,0.09921970474625155
Merzenhausen,2023-06-21 19:00:00,1,,test,arima,0.332,0.09917282167239097
Merzenhausen,2023-06-21 20:00:00,1,,test,arima,0.33,0.09912596075161603
Merzenhausen,2023-06-21 21:00:00,1,,test,arima,0.333,0.099079121973459
Merzenhausen,2023-06-21 22:00:00,1,,test,arima,0.332,0.09903230532745708
Merzenhausen,2023-06-21 23:00:00,1,,test,arima,0.33,0.09898551080315242
Merzenhausen,2023-06-22 00:00:00,1,,test,arima,0.328,0.09893873839009215
Merzenhausen,2023-06-22 01:00:00,1,,test,arima,0.326,0.09889198807782831
Merzenhausen,2023-06-22 02:00:00,1,,test,arima,0.327,0.09884525985591788
Merzenhausen,2023-06-22 03:00:00,1,,test,arima,0.327,0.09879855371392277
Merzenhausen,2023-06-22 04:00:00,1,,test,arima,0.325,0.09875186964140983
Merzenhausen,2023-06-22 05:00:00,1,,test,arima,0.325,0.09870520762795085
Merzenhausen,2023-06-22 06:00:00,1,,test,arima,0.324,0.0986585676631225
Merzenhausen,2023-06-22 07:00:00,1,,test,arima,0.325,0.09861194973650644
Merzenhausen,2023-06-22 08:00:00,1,,test,arima,0.323,0.09856535383768923
Merzenhausen,2023-06-22 09:00:00,1,,test,arima,0.321,0.09851877995626232
Merzenhausen,2023-06-22 10:00:00,1,,test,arima,0.322,0.09847222808182213
Merzenhausen,2023-06-22 11:00:00,1,,test,arima,0.32,0.09842569820396993
Merzenhausen,2023-06-22 12:00:00,1,,test,arima,0.318,0.09837919031231196
Merzenhausen,2023-06-22 13:00:00,1,,test,arima,0.316,0.09833270439645936
Merzenhausen,2023-06-22 14:00:00,1,,test,arima,0.317,0.09828624044602816
Merzenhausen,2023-06-22 15:00:00,1,,test,arima,0.314,0.09823979845063932
Merzenhausen,2023-06-22 16:00:00,1,,test,arima,0.314,0.09819337839991868
Merzenhausen,2023-06-22 17:00:00,1,,test,arima,0.312,0.098146980283497
Merzenhausen,2023-06-22 18:00:00,1,,test,arima,0.308,0.09810060409100993
Merzenhausen,2023-06-22 19:00:00,1,,test,arima,0.31,0.09805424981209802
Merzenhausen,2023-06-22 20:00:00,1,,test,arima,0.309,0.09800791743640673
Merzenhausen,2023-06-22 21:00:00,1,,test,arima,0.308,0.09796160695358638
Merzenhausen,2023-06-22 22:00:00,1,,test,arima,0.306,0.09791531835329223
Merzenhausen,2023-06-22 23:00:00,1,,test,arima,0.304,0.09786905162518436
Merzenhausen,2023-06-23 00:00:00,1,,test,arima,0.306,0.0978228067589278
Merzenhausen,2023-06-23 01:00:00,1,,test,arima,0.303,0.0977765837441924
Merzenhausen,2023-06-23 02:00:00,1,,test,arima,0.301,0.09773038257065297
Merzenhausen,2023-06-23 03:00:00,1,,test,arima,0.301,0.09768420322798915
Merzenhausen,2023-06-23 04:00:00,1,,test,arima,0.301,0.09763804570588545
Merzenhausen,2023-06-23 05:00:00,1,,test,arima,0.3,0.09759190999403128
Merzenhausen,2023-06-23 06:00:00,1,,test,arima,0.301,0.09754579608212088
Merzenhausen,2023-06-23 07:00:00,1,,test,arima,0.301,0.09749970395985343
Merzenhausen,2023-06-23 08:00:00,1,,test,arima,0.298,0.0974536336169329
Merzenhausen,2023-06-23 09:00:00,1,,test,arima,0.301,0.09740758504306819
Merzenhausen,2023-06-23 10:00:00,1,,test,arima,0.298,0.09736155822797302
Merzenhausen,2023-06-23 11:00:00,1,,test,arima,0.299,0.09731555316136599
Merzenhausen,2023-06-23 12:00:00,1,,test,arima,0.299,0.09726956983297054
Merzenhausen,2023-06-23 13:00:00,1,,test,arima,0.296,0.097223608232515
Merzenhausen,2023-06-23 14:00:00,1,,test,arima,0.293,0.09717766834973252
Merzenhausen,2023-06-23 15:00:00,1,,test,arima,0.294,0.09713175017436111
Merzenhausen,2023-06-23 16:00:00,1,,test,arima,0.294,0.09708585369614364
Merzenhausen,2023-06-23 17:00:00,1,,test,arima,0.293,0.09703997890482782
Merzenhausen,2023-06-23 18:00:00,1,,test,arima,0.288,0.0969941257901662
Merzenhausen,2023-06-23 19:00:00,1,,test,arima,0.291,0.09694829434191617
Merzenhausen,2023-06-23 20:00:00,1,,test,arima,0.288,0.09690248454983996
Merzenhausen,2023-06-23 21:00:00,1,,test,arima,0.288,0.09685669640370467
Merzenhausen,2023-06-23 22:00:00,1,,test,arima,0.286,0.09681092989328219
Merzenhausen,2023-06-23 23:00:00,1,,test,arima,0.287,0.09676518500834927
Merzenhausen,2023-06-24 00:00:00,1,,test,arima,0.286,0.09671946173868745
Merzenhausen,2023-06-24 01:00:00,1,,test,arima,0.287,0.09667376007408318
Merzenhausen,2023-06-24 02:00:00,1,,test,arima,0.284,0.09662808000432765
Merzenhausen,2023-06-24 03:00:00,1,,test,arima,0.285,0.09658242151921693
Merzenhausen,2023-06-24 04:00:00,1,,test,arima,0.284,0.09653678460855189
Merzenhausen,2023-06-24 05:00:00,1,,test,arima,0.285,0.0964911692621382
Merzenhausen,2023-06-24 06:00:00,1,,test,arima,0.283,0.0964455754697864
Merzenhausen,2023-06-24 07:00:00,1,,test,arima,0.285,0.09640000322131179
Merzenhausen,2023-06-24 08:00:00,1,,test,arima,0.283,0.0963544525065345
Merzenhausen,2023-06-24 09:00:00,1,,test,arima,0.285,0.09630892331527949
Merzenhausen,2023-06-24 10:00:00,1,,test,arima,0.282,0.0962634156373765
Merzenhausen,2023-06-24 11:00:00,1,,test,arima,0.282,0.09621792946266011
Merzenhausen,2023-06-24 12:00:00,1,,test,arima,0.279,0.09617246478096966
Merzenhausen,2023-06-24 13:00:00,1,,test,arima,0.28,0.09612702158214934
Merzenhausen,2023-06-24 14:00:00,1,,test,arima,0.278,0.09608159985604808
Merzenhausen,2023-06-24 15:00:00,1,,test,arima,0.276,0.09603619959251966
Merzenhausen,2023-06-24 16:00:00,1,,test,arima,0.277,0.09599082078142263
Merzenhausen,2023-06-24 17:00:00,1,,test,arima,0.277,0.09594546341262031
Merzenhausen,2023-06-24 18:00:00,1,,test,arima,0.274,0.09590012747598087
Merzenhausen,2023-06-24 19:00:00,1,,test,arima,0.272,0.09585481296137723
Merzenhausen,2023-06-24 20:00:00,1,,test,arima,0.274,0.09580951985868706
Merzenhausen,2023-06-24 21:00:00,1,,test,arima,0.273,0.09576424815779289
Merzenhausen,2023-06-24 22:00:00,1,,test,arima,0.274,0.09571899784858198
Merzenhausen,2023-06-24 23:00:00,1,,test,arima,0.273,0.09567376892094638
Merzenhausen,2023-06-25 00:00:00,1,,test,arima,0.271,0.09562856136478291
Merzenhausen,2023-06-25 01:00:00,1,,test,arima,0.27,0.09558337516999318
Merzenhausen,2023-06-25 02:00:00,1,,test,arima,0.271,0.09553821032648355
Merzenhausen,2023-06-25 03:00:00,1,,test,arima,0.27,0.09549306682416515
Merzenhausen,2023-06-25 04:00:00,1,,test,arima,0.271,0.09544794465295392
Merzenhausen,2023-06-25 05:00:00,1,,test,arima,0.269,0.0954028438027705
Merzenhausen,2023-06-25 06:00:00,1,,test,arima,0.269,0.09535776426354034
Merzenhausen,2023-06-25 07:00:00,1,,test,arima,0.27,0.09531270602519365
Merzenhausen,2023-06-25 08:00:00,1,,test,arima,0.269,0.09526766907766536
Merzenhausen,2023-06-25 09:00:00,1,,test,arima,0.269,0.0952226534108952
Merzenhausen,2023-06-25 10:00:00,1,,test,arima,0.269,0.09517765901482761
Merzenhausen,2023-06-25 11:00:00,1,,test,arima,0.266,0.09513268587941182
Merzenhausen,2023-06-25 12:00:00,1,,test,arima,0.266,0.0950877339946018
Merzenhausen,2023-06-25 13:00:00,1,,test,arima,0.264,0.09504280335035625
Merzenhausen,2023-06-25 14:00:00,1,,test,arima,0.264,0.09499789393663863
Merzenhausen,2023-06-25 15:00:00,1,,test,arima,0.264,0.09495300574341714
Merzenhausen,2023-06-25 16:00:00,1,,test,arima,0.264,0.09490813876066471
Merzenhausen,2023-06-25 17:00:00,1,,test,arima,0.261,0.09486329297835903
Merzenhausen,2023-06-25 18:00:00,1,,test,arima,0.261,0.0948184683864825
Merzenhausen,2023-06-25 19:00:00,1,,test,arima,0.26,0.09477366497502228
Merzenhausen,2023-06-25 20:00:00,1,,test,arima,0.259,0.09472888273397023
Merzenhausen,2023-06-25 21:00:00,1,,test,arima,0.26,0.09468412165332296
Merzenhausen,2023-06-25 22:00:00,1,,test,arima,0.259,0.09463938172308181
Merzenhausen,2023-06-25 23:00:00,1,,test,arima,0.259,0.09459466293325283
Merzenhausen,2023-06-26 00:00:00,1,,test,arima,0.259,0.09454996527384679
Merzenhausen,2023-06-26 01:00:00,1,,test,arima,0.257,0.09450528873487922
Merzenhausen,2023-06-26 02:00:00,1,,test,arima,0.257,0.0944606333063703
Merzenhausen,2023-06-26 03:00:00,1,,test,arima,0.257,0.094415998978345
Merzenhausen,2023-06-26 04:00:00,1,,test,arima,0.257,0.09437138574083295
Merzenhausen,2023-06-26 05:00:00,1,,test,arima,0.259,0.0943267935838685
Merzenhausen,2023-06-26 06:00:00,1,,test,arima,0.257,0.09428222249749073
Merzenhausen,2023-06-26 07:00:00,1,,test,arima,0.257,0.09423767247174339
Merzenhausen,2023-06-26 08:00:00,1,,test,arima,0.257,0.09419314349667499
Merzenhausen,2023-06-26 09:00:00,1,,test,arima,0.257,0.09414863556233868
Merzenhausen,2023-06-26 10:00:00,1,,test,arima,0.257,0.09410414865879238
Merzenhausen,2023-06-26 11:00:00,1,,test,arima,0.257,0.09405968277609864
Merzenhausen,2023-06-26 12:00:00,1,,test,arima,0.257,0.09401523790432471
Merzenhausen,2023-06-26 13:00:00,1,,test,arima,0.256,0.0939708140335426
Merzenhausen,2023-06-26 14:00:00,1,,test,arima,0.256,0.09392641115382894
Merzenhausen,2023-06-26 15:00:00,1,,test,arima,0.255,0.09388202925526509
Merzenhausen,2023-06-26 16:00:00,1,,test,arima,0.256,0.0938376683279371
Merzenhausen,2023-06-26 17:00:00,1,,test,arima,0.254,0.09379332836193566
Merzenhausen,2023-06-26 18:00:00,1,,test,arima,0.255,0.09374900934735618
Merzenhausen,2023-06-26 19:00:00,1,,test,arima,0.255,0.09370471127429875
Merzenhausen,2023-06-26 20:00:00,1,,test,arima,0.253,0.0936604341328681
Merzenhausen,2023-06-26 21:00:00,1,,test,arima,0.253,0.09361617791317371
Merzenhausen,2023-06-26 22:00:00,1,,test,arima,0.253,0.09357194260532967
Merzenhausen,2023-06-26 23:00:00,1,,test,arima,0.253,0.09352772819945473
Merzenhausen,2023-06-27 00:00:00,1,,test,arima,0.253,0.09348353468567237
Merzenhausen,2023-06-27 01:00:00,1,,test,arima,0.253,0.09343936205411069
Merzenhausen,2023-06-27 02:00:00,1,,test,arima,0.251,0.09339521029490247
Merzenhausen,2023-06-27 03:00:00,1,,test,arima,0.25,0.09335107939818515
Merzenhausen,2023-06-27 04:00:00,1,,test,arima,0.25,0.09330696935410085
Merzenhausen,2023-06-27 05:00:00,1,,test,arima,0.251,0.09326288015279632
Merzenhausen,2023-06-27 06:00:00,1,,test,arima,0.251,0.09321881178442298
Merzenhausen,2023-06-27 07:00:00,1,,test,arima,0.249,0.0931747642391369
Merzenhausen,2023-06-27 08:00:00,1,,test,arima,0.251,0.09313073750709878
Merzenhausen,2023-06-27 09:00:00,1,,test,arima,0.251,0.09308673157847401
Merzenhausen,2023-06-27 10:00:00,1,,test,arima,0.249,0.0930427464434326
Merzenhausen,2023-06-27 11:00:00,1,,test,arima,0.249,0.09299878209214923
Merzenhausen,2023-06-27 12:00:00,1,,test,arima,0.25,0.09295483851480318
Merzenhausen,2023-06-27 13:00:00,1,,test,arima,0.25,0.09291091570157842
Merzenhausen,2023-06-27 14:00:00,1,,test,arima,0.249,0.0928670136426635
Merzenhausen,2023-06-27 15:00:00,1,,test,arima,0.249,0.09282313232825168
Merzenhausen,2023-06-27 16:00:00,1,,test,arima,0.247,0.09277927174854078
Merzenhausen,2023-06-27 17:00:00,1,,test,arima,0.247,0.09273543189373332
Merzenhausen,2023-06-27 18:00:00,1,,test,arima,0.247,0.09269161275403637
Merzenhausen,2023-06-27 19:00:00,1,,test,arima,0.246,0.09264781431966171
Merzenhausen,2023-06-27 20:00:00,1,,test,arima,0.247,0.0926040365808257
Merzenhausen,2023-06-27 21:00:00,1,,test,arima,0.246,0.09256027952774931
Merzenhausen,2023-06-27 22:00:00,1,,test,arima,0.246,0.09251654315065816
Merzenhausen,2023-06-27 23:00:00,1,,test,arima,0.246,0.0924728274397825
Merzenhausen,2023-06-28 00:00:00,1,,test,arima,0.245,0.09242913238535715
Merzenhausen,2023-06-28 01:00:00,1,,test,arima,0.245,0.09238545797762157
Merzenhausen,2023-06-28 02:00:00,1,,test,arima,0.246,0.09234180420681987
Merzenhausen,2023-06-28 03:00:00,1,,test,arima,0.242,0.09229817106320068
Merzenhausen,2023-06-28 04:00:00,1,,test,arima,0.243,0.09225455853701733
Merzenhausen,2023-06-28 05:00:00,1,,test,arima,0.245,0.09221096661852769
Merzenhausen,2023-06-28 06:00:00,1,,test,arima,0.243,0.09216739529799428
Merzenhausen,2023-06-28 07:00:00,1,,test,arima,0.245,0.09212384456568418
Merzenhausen,2023-06-28 08:00:00,1,,test,arima,0.243,0.09208031441186909
Merzenhausen,2023-06-28 09:00:00,1,,test,arima,0.243,0.09203680482682532
Merzenhausen,2023-06-28 10:00:00,1,,test,arima,0.245,0.09199331580083374
Merzenhausen,2023-06-28 11:00:00,1,,test,arima,0.245,0.09194984732417985
Merzenhausen,2023-06-28 12:00:00,1,,test,arima,0.243,0.09190639938715371
Merzenhausen,2023-06-28 13:00:00,1,,test,arima,0.244,0.09186297198005
Merzenhausen,2023-06-28 14:00:00,1,,test,arima,0.244,0.09181956509316794
Merzenhausen,2023-06-28 15:00:00,1,,test,arima,0.244,0.09177617871681137
Merzenhausen,2023-06-28 16:00:00,1,,test,arima,0.243,0.09173281284128872
Merzenhausen,2023-06-28 17:00:00,1,,test,arima,0.243,0.09168946745691296
Merzenhausen,2023-06-28 18:00:00,1,,test,arima,0.24,0.09164614255400166
Merzenhausen,2023-06-28 19:00:00,1,,test,arima,0.242,0.09160283812287699
Merzenhausen,2023-06-28 20:00:00,1,,test,arima,0.241,0.09155955415386564
Merzenhausen,2023-06-28 21:00:00,1,,test,arima,0.24,0.09151629063729891
Merzenhausen,2023-06-28 22:00:00,1,,test,arima,0.24,0.09147304756351265
Merzenhausen,2023-06-28 23:00:00,1,,test,arima,0.241,0.09142982492284729
Merzenhausen,2023-06-29 00:00:00,1,,test,arima,0.241,0.0913866227056478
Merzenhausen,2023-06-29 01:00:00,1,,test,arima,0.241,0.09134344090226376
Merzenhausen,2023-06-29 02:00:00,1,,test,arima,0.239,0.09130027950304925
Merzenhausen,2023-06-29 03:00:00,1,,test,arima,0.238,0.09125713849836295
Merzenhausen,2023-06-29 04:00:00,1,,test,arima,0.238,0.09121401787856809
Merzenhausen,2023-06-29 05:00:00,1,,test,arima,0.239,0.09117091763403243
Merzenhausen,2023-06-29 06:00:00,1,,test,arima,0.239,0.09112783775512831
Merzenhausen,2023-06-29 07:00:00,1,,test,arima,0.241,0.0910847782322326
Merzenhausen,2023-06-29 08:00:00,1,,test,arima,0.239,0.09104173905572673
Merzenhausen,2023-06-29 09:00:00,1,,test,arima,0.239,0.09099872021599666
Merzenhausen,2023-06-29 10:00:00,1,,test,arima,0.236,0.09095572170343291
Merzenhausen,2023-06-29 11:00:00,1,,test,arima,0.238,0.09091274350843054
Merzenhausen,2023-06-29 12:00:00,1,,test,arima,0.239,0.09086978562138912
Merzenhausen,2023-06-29 13:00:00,1,,test,arima,0.239,0.09082684803271279
Merzenhausen,2023-06-29 14:00:00,1,,test,arima,0.239,0.09078393073281021
Merzenhausen,2023-06-29 15:00:00,1,,test,arima,0.236,0.09074103371209459
Merzenhausen,2023-06-29 16:00:00,1,,test,arima,0.236,0.09069815696098363
Merzenhausen,2023-06-29 17:00:00,1,,test,arima,0.236,0.09065530046989959
Merzenhausen,2023-06-29 18:00:00,1,,test,arima,0.236,0.09061246422926925
Merzenhausen,2023-06-29 19:00:00,1,,test,arima,0.234,0.0905696482295239
Merzenhausen,2023-06-29 20:00:00,1,,test,arima,0.234,0.09052685246109937
Merzenhausen,2023-06-29 21:00:00,1,,test,arima,0.237,0.09048407691443602
Merzenhausen,2023-06-29 22:00:00,1,,test,arima,0.233,0.09044132157997868
Merzenhausen,2023-06-29 23:00:00,1,,test,arima,0.234,0.09039858644817673
Merzenhausen,2023-06-30 00:00:00,1,,test,arima,0.234,0.09035587150948407
Merzenhausen,2023-06-30 01:00:00,1,,test,arima,0.235,0.0903131767543591
Merzenhausen,2023-06-30 02:00:00,1,,test,arima,0.232,0.09027050217326468
Merzenhausen,2023-06-30 03:00:00,1,,test,arima,0.233,0.09022784775666828
Merzenhausen,2023-06-30 04:00:00,1,,test,arima,0.235,0.09018521349504179
Merzenhausen,2023-06-30 05:00:00,1,,test,arima,0.235,0.09014259937886163
Merzenhausen,2023-06-30 06:00:00,1,,test,arima,0.236,0.0901000053986087
Merzenhausen,2023-06-30 07:00:00,1,,test,arima,0.235,0.09005743154476845
Merzenhausen,2023-06-30 08:00:00,1,,test,arima,0.235,0.09001487780783077
Merzenhausen,2023-06-30 09:00:00,1,,test,arima,0.232,0.08997234417829007
Merzenhausen,2023-06-30 10:00:00,1,,test,arima,0.233,0.08992983064664525
Merzenhausen,2023-06-30 11:00:00,1,,test,arima,0.23,0.08988733720339971
Merzenhausen,2023-06-30 12:00:00,1,,test,arima,0.23,0.08984486383906132
Merzenhausen,2023-06-30 13:00:00,1,,test,arima,0.228,0.08980241054414241
Merzenhausen,2023-06-30 14:00:00,1,,test,arima,0.227,0.08975997730915986
Merzenhausen,2023-06-30 15:00:00,1,,test,arima,0.226,0.08971756412463497
Merzenhausen,2023-06-30 16:00:00,1,,test,arima,0.227,0.08967517098109354
Merzenhausen,2023-06-30 17:00:00,1,,test,arima,0.225,0.08963279786906587
Merzenhausen,2023-06-30 18:00:00,1,,test,arima,0.223,0.0895904447790867
Merzenhausen,2023-06-30 19:00:00,1,,test,arima,0.225,0.08954811170169527
Merzenhausen,2023-06-30 20:00:00,1,,test,arima,0.223,0.08950579862743527
Merzenhausen,2023-06-30 21:00:00,1,,test,arima,0.225,0.08946350554685484
Merzenhausen,2023-06-30 22:00:00,1,,test,arima,0.223,0.08942123245050665
Merzenhausen,2023-06-30 23:00:00,1,,test,arima,0.221,0.08937897932894776
Merzenhausen,2023-07-01 00:00:00,1,,test,arima,0.222,0.08933674617273976
Merzenhausen,2023-07-01 01:00:00,1,,test,arima,0.22,0.08929453297244865
Merzenhausen,2023-07-01 02:00:00,1,,test,arima,0.22,0.08925233971864491
Merzenhausen,2023-07-01 03:00:00,1,,test,arima,0.221,0.08921016640190343
Merzenhausen,2023-07-01 04:00:00,1,,test,arima,0.22,0.08916801301280367
Merzenhausen,2023-07-01 05:00:00,1,,test,arima,0.222,0.08912587954192941
Merzenhausen,2023-07-01 06:00:00,1,,test,arima,0.22,0.08908376597986895
Merzenhausen,2023-07-01 07:00:00,1,,test,arima,0.219,0.08904167231721502
Merzenhausen,2023-07-01 08:00:00,1,,test,arima,0.218,0.0889995985445648
Merzenhausen,2023-07-01 09:00:00,1,,test,arima,0.218,0.0889575446525199
Merzenhausen,2023-07-01 10:00:00,1,,test,arima,0.217,0.0889155106316864
Merzenhausen,2023-07-01 11:00:00,1,,test,arima,0.218,0.08887349647267477
Merzenhausen,2023-07-01 12:00:00,1,,test,arima,0.216,0.08883150216609997
Merzenhausen,2023-07-01 13:00:00,1,,test,arima,0.216,0.08878952770258136
Merzenhausen,2023-07-01 14:00:00,1,,test,arima,0.217,0.08874757307274275
Merzenhausen,2023-07-01 15:00:00,1,,test,arima,0.214,0.08870563826721238
Merzenhausen,2023-07-01 16:00:00,1,,test,arima,0.212,0.0886637232766229
Merzenhausen,2023-07-01 17:00:00,1,,test,arima,0.212,0.0886218280916114
Merzenhausen,2023-07-01 18:00:00,1,,test,arima,0.212,0.0885799527028194
Merzenhausen,2023-07-01 19:00:00,1,,test,arima,0.209,0.08853809710089283
Merzenhausen,2023-07-01 20:00:00,1,,test,arima,0.21,0.08849626127648204
Merzenhausen,2023-07-01 21:00:00,1,,test,arima,0.21,0.0884544452202418
Merzenhausen,2023-07-01 22:00:00,1,,test,arima,0.208,0.08841264892283132
Merzenhausen,2023-07-01 23:00:00,1,,test,arima,0.209,0.08837087237491417
Merzenhausen,2023-07-02 00:00:00,1,,test,arima,0.207,0.08832911556715839
Merzenhausen,2023-07-02 01:00:00,1,,test,arima,0.208,0.08828737849023638
Merzenhausen,2023-07-02 02:00:00,1,,test,arima,0.206,0.08824566113482499
Merzenhausen,2023-07-02 03:00:00,1,,test,arima,0.206,0.08820396349160545
Merzenhausen,2023-07-02 04:00:00,1,,test,arima,0.207,0.08816228555126338
Merzenhausen,2023-07-02 05:00:00,1,,test,arima,0.205,0.08812062730448884
Merzenhausen,2023-07-02 06:00:00,1,,test,arima,0.205,0.08807898874197627
Merzenhausen,2023-07-02 07:00:00,1,,test,arima,0.206,0.08803736985442451
Merzenhausen,2023-07-02 08:00:00,1,,test,arima,0.204,0.08799577063253677
Merzenhausen,2023-07-02 09:00:00,1,,test,arima,0.207,0.08795419106702071
Merzenhausen,2023-07-02 10:00:00,1,,test,arima,0.205,0.0879126311485883
Merzenhausen,2023-07-02 11:00:00,1,,test,arima,0.202,0.08787109086795597
Merzenhausen,2023-07-02 12:00:00,1,,test,arima,0.203,0.08782957021584452
Merzenhausen,2023-07-02 13:00:00,1,,test,arima,0.203,0.0877880691829791
Merzenhausen,2023-07-02 14:00:00,1,,test,arima,0.2,0.08774658776008928
Merzenhausen,2023-07-02 15:00:00,1,,test,arima,0.203,0.08770512593790901
Merzenhausen,2023-07-02 16:00:00,1,,test,arima,0.202,0.08766368370717659
Merzenhausen,2023-07-02 17:00:00,1,,test,arima,0.198,0.08762226105863472
Merzenhausen,2023-07-02 18:00:00,1,,test,arima,0.2,0.08758085798303045
Merzenhausen,2023-07-02 19:00:00,1,,test,arima,0.2,0.08753947447111524
Merzenhausen,2023-07-02 20:00:00,1,,test,arima,0.199,0.0874981105136449
Merzenhausen,2023-07-02 21:00:00,1,,test,arima,0.196,0.08745676610137959
Merzenhausen,2023-07-02 22:00:00,1,,test,arima,0.197,0.08741544122508388
Merzenhausen,2023-07-02 23:00:00,1,,test,arima,0.199,0.08737413587552664
Merzenhausen,2023-07-03 00:00:00,1,,test,arima,0.197,0.08733285004348117
Merzenhausen,2023-07-03 01:00:00,1,,test,arima,0.197,0.08729158371972509
Merzenhausen,2023-07-03 02:00:00,1,,test,arima,0.199,0.08725033689504037
Merzenhausen,2023-07-03 03:00:00,1,,test,arima,0.195,0.08720910956021338
Merzenhausen,2023-07-03 04:00:00,1,,test,arima,0.199,0.0871679017060348
Merzenhausen,2023-07-03 05:00:00,1,,test,arima,0.199,0.08712671332329969
Merzenhausen,2023-07-03 06:00:00,1,,test,arima,0.2,0.08708554440280743
Merzenhausen,2023-07-03 07:00:00,1,,test,arima,0.197,0.08704439493536176
Merzenhausen,2023-07-03 08:00:00,1,,test,arima,0.199,0.0870032649117708
Merzenhausen,2023-07-03 09:00:00,1,,test,arima,0.197,0.08696215432284694
Merzenhausen,2023-07-03 10:00:00,1,,test,arima,0.198,0.08692106315940701
Merzenhausen,2023-07-03 11:00:00,1,,test,arima,0.196,0.08687999141227207
Merzenhausen,2023-07-03 12:00:00,1,,test,arima,0.196,0.08683893907226758
Merzenhausen,2023-07-03 13:00:00,1,,test,arima,0.196,0.08679790613022337
Merzenhausen,2023-07-03 14:00:00,1,,test,arima,0.193,0.08675689257697351
Merzenhausen,2023-07-03 15:00:00,1,,test,arima,0.193,0.08671589840335647
Merzenhausen,2023-07-03 16:00:00,1,,test,arima,0.195,0.08667492360021503
Merzenhausen,2023-07-03 17:00:00,1,,test,arima,0.196,0.0866339681583963
Merzenhausen,2023-07-03 18:00:00,1,,test,arima,0.196,0.0865930320687517
Merzenhausen,2023-07-03 19:00:00,1,,test,arima,0.196,0.08655211532213698
Merzenhausen,2023-07-03 20:00:00,1,,test,arima,0.194,0.08651121790941224
Merzenhausen,2023-07-03 21:00:00,1,,test,arima,0.195,0.08647033982144184
Merzenhausen,2023-11-23 06:00:00,1,,test,arima,0.355,0.08642948104909451
Merzenhausen,2023-11-23 07:00:00,1,,test,arima,0.353,0.08638864158324328
Merzenhausen,2023-11-23 08:00:00,1,,test,arima,0.352,0.08634782141476546
Merzenhausen,2023-11-23 09:00:00,1,,test,arima,0.352,0.08630702053454273
Merzenhausen,2023-11-23 10:00:00,1,,test,arima,0.354,0.08626623893346103
Merzenhausen,2023-11-23 11:00:00,1,,test,arima,0.352,0.08622547660241062
Merzenhausen,2023-11-23 12:00:00,1,,test,arima,0.352,0.08618473353228608
Merzenhausen,2023-11-23 13:00:00,1,,test,arima,0.35,0.08614400971398627
Merzenhausen,2023-11-23 14:00:00,1,,test,arima,0.35,0.08610330513841435
Merzenhausen,2023-11-23 15:00:00,1,,test,arima,0.35,0.08606261979647783
Merzenhausen,2023-11-23 16:00:00,1,,test,arima,0.349,0.08602195367908844
Merzenhausen,2023-11-23 17:00:00,1,,test,arima,0.349,0.08598130677716224
Merzenhausen,2023-11-23 18:00:00,1,,test,arima,0.347,0.0859406790816196
Merzenhausen,2023-11-23 19:00:00,1,,test,arima,0.348,0.08590007058338517
Merzenhausen,2023-11-23 20:00:00,1,,test,arima,0.345,0.08585948127338784
Merzenhausen,2023-11-23 21:00:00,1,,test,arima,0.347,0.08581891114256086
Merzenhausen,2023-11-23 22:00:00,1,,test,arima,0.347,0.08577836018184173
Merzenhausen,2023-11-23 23:00:00,1,,test,arima,0.345,0.08573782838217223
Merzenhausen,2023-11-24 00:00:00,1,,test,arima,0.345,0.0856973157344984
Merzenhausen,2023-11-24 01:00:00,1,,test,arima,0.343,0.08565682222977061
Merzenhausen,2023-11-24 02:00:00,1,,test,arima,0.343,0.08561634785894347
Merzenhausen,2023-11-24 03:00:00,1,,test,arima,0.341,0.08557589261297588
Merzenhausen,2023-11-24 04:00:00,1,,test,arima,0.342,0.08553545648283098
Merzenhausen,2023-11-24 05:00:00,1,,test,arima,0.342,0.08549503945947623
Merzenhausen,2023-11-24 06:00:00,1,,test,arima,0.34,0.08545464153388331
Merzenhausen,2023-11-24 07:00:00,1,,test,arima,0.342,0.0854142626970282
Merzenhausen,2023-11-24 08:00:00,1,,test,arima,0.342,0.08537390293989114
Merzenhausen,2023-11-24 09:00:00,1,,test,arima,0.342,0.0853335622534566
Merzenhausen,2023-12-19 23:00:00,1,,test,arima,0.363,0.08529324062871337
Merzenhausen,2023-12-20 00:00:00,1,,test,arima,0.363,0.08525293805665442
Merzenhausen,2023-12-20 01:00:00,1,,test,arima,0.363,0.08521265452827706
Merzenhausen,2023-12-20 02:00:00,1,,test,arima,0.363,0.08517239003458277
Merzenhausen,2023-12-20 03:00:00,1,,test,arima,0.362,0.08513214456657736
Merzenhausen,2023-12-20 04:00:00,1,,test,arima,0.362,0.08509191811527084
Merzenhausen,2023-12-20 05:00:00,1,,test,arima,0.362,0.08505171067167747
Merzenhausen,2023-12-20 06:00:00,1,,test,arima,0.36,0.08501152222681578
Merzenhausen,2023-12-20 07:00:00,1,,test,arima,0.361,0.08497135277170853
Merzenhausen,2023-12-20 08:00:00,1,,test,arima,0.363,0.08493120229738274
Merzenhausen,2023-12-20 09:00:00,1,,test,arima,0.363,0.08489107079486963
Merzenhausen,2023-12-20 10:00:00,1,,test,arima,0.362,0.08485095825520468
Merzenhausen,2023-12-20 11:00:00,1,,test,arima,0.36,0.08481086466942762
Merzenhausen,2023-12-20 12:00:00,1,,test,arima,0.362,0.0847707900285824
Merzenhausen,2023-12-20 13:00:00,1,,test,arima,0.36,0.0847307343237172
Merzenhausen,2023-12-20 14:00:00,1,,test,arima,0.358,0.08469069754588443
Merzenhausen,2023-12-20 15:00:00,1,,test,arima,0.358,0.08465067968614073
Merzenhausen,2023-12-20 16:00:00,1,,test,arima,0.358,0.08461068073554698
Merzenhausen,2023-12-20 17:00:00,1,,test,arima,0.358,0.08457070068516825
Merzenhausen,2023-12-20 18:00:00,1,,test,arima,0.36,0.08453073952607387
Merzenhausen,2023-12-20 19:00:00,1,,test,arima,0.358,0.08449079724933736
Merzenhausen,2023-12-20 20:00:00,1,,test,arima,0.358,0.0844508738460365
Merzenhausen,2023-12-20 21:00:00,1,,test,arima,0.358,0.08441096930725323
Merzenhausen,2023-12-20 22:00:00,1,,test,arima,0.355,0.08437108362407371
Merzenhausen,2023-12-20 23:00:00,1,,test,arima,0.355,0.08433121678758837
Merzenhausen,2023-12-21 00:00:00,1,,test,arima,0.353,0.08429136878889179
Merzenhausen,2023-12-21 01:00:00,1,,test,arima,0.353,0.0842515396190828
Merzenhausen,2023-12-21 02:00:00,1,,test,arima,0.353,0.08421172926926437
Merzenhausen,2023-12-21 03:00:00,1,,test,arima,0.353,0.08417193773054378
Merzenhausen,2023-12-21 04:00:00,1,,test,arima,0.353,0.08413216499403242
Merzenhausen,2023-12-21 05:00:00,1,,test,arima,0.353,0.08409241105084592
Merzenhausen,2023-12-21 06:00:00,1,,test,arima,0.353,0.08405267589210409
Merzenhausen,2023-12-21 07:00:00,1,,test,arima,0.353,0.08401295950893095
Merzenhausen,2023-12-21 08:00:00,1,,test,arima,0.353,0.08397326189245471
Merzenhausen,2023-12-21 09:00:00,1,,test,arima,0.353,0.0839335830338078
Merzenhausen,2023-12-21 10:00:00,1,,test,arima,0.353,0.08389392292412676
Merzenhausen,2023-12-21 11:00:00,1,,test,arima,0.351,0.0838542815545524
Merzenhausen,2023-12-21 12:00:00,1,,test,arima,0.351,0.0838146589162297
Merzenhausen,2023-12-21 13:00:00,1,,test,arima,0.351,0.0837750550003078
Merzenhausen,2023-12-21 14:00:00,1,,test,arima,0.353,0.08373546979794001
Merzenhausen,2023-12-21 15:00:00,1,,test,arima,0.353,0.08369590330028387
Merzenhausen,2023-12-21 16:00:00,1,,test,arima,0.351,0.08365635549850106
Merzenhausen,2023-12-21 17:00:00,1,,test,arima,0.352,0.08361682638375745
Merzenhausen,2023-12-21 18:00:00,1,,test,arima,0.35,0.08357731594722309
Merzenhausen,2023-12-21 19:00:00,1,,test,arima,0.35,0.08353782418007218
Merzenhausen,2023-12-21 20:00:00,1,,test,arima,0.35,0.0834983510734831
Merzenhausen,2023-12-21 21:00:00,1,,test,arima,0.35,0.08345889661863842
Merzenhausen,2023-12-21 22:00:00,1,,test,arima,0.348,0.08341946080672485
Merzenhausen,2023-12-21 23:00:00,1,,test,arima,0.348,0.08338004362893328
Merzenhausen,2023-12-22 00:00:00,1,,test,arima,0.35,0.08334064507645876
Merzenhausen,2023-12-22 01:00:00,1,,test,arima,0.347,0.08330126514050049
Merzenhausen,2023-12-22 02:00:00,1,,test,arima,0.348,0.08326190381226181
Merzenhausen,2023-12-22 03:00:00,1,,test,arima,0.348,0.08322256108295029
Merzenhausen,2023-12-22 04:00:00,1,,test,arima,0.348,0.08318323694377758
Merzenhausen,2023-12-22 05:00:00,1,,test,arima,0.348,0.0831439313859595
Merzenhausen,2023-12-22 06:00:00,1,,test,arima,0.348,0.08310464440071605
Merzenhausen,2023-12-22 07:00:00,1,,test,arima,0.348,0.08306537597927136
Merzenhausen,2023-12-22 08:00:00,1,,test,arima,0.348,0.08302612611285368
Merzenhausen,2023-12-22 09:00:00,1,,test,arima,0.348,0.08298689479269544
Merzenhausen,2023-12-22 10:00:00,1,,test,arima,0.345,0.08294768201003322
Merzenhausen,2023-12-22 11:00:00,1,,test,arima,0.348,0.08290848775610771
Merzenhausen,2023-12-22 12:00:00,1,,test,arima,0.352,0.08286931202216374
Merzenhausen,2023-12-22 13:00:00,1,,test,arima,0.35,0.08283015479945033
Merzenhausen,2023-12-22 14:00:00,1,,test,arima,0.35,0.08279101607922054
Merzenhausen,2023-12-22 15:00:00,1,,test,arima,0.35,0.08275189585273167
Merzenhausen,2023-12-22 16:00:00,1,,test,arima,0.352,0.08271279411124506
Merzenhausen,2023-12-22 17:00:00,1,,test,arima,0.352,0.08267371084602623
Merzenhausen,2023-12-22 18:00:00,1,,test,arima,0.351,0.08263464604834483
Merzenhausen,2023-12-22 19:00:00,1,,test,arima,0.35,0.08259559970947461
Merzenhausen,2023-12-22 20:00:00,1,,test,arima,0.353,0.08255657182069345
Merzenhausen,2023-12-22 21:00:00,1,,test,arima,0.35,0.08251756237328335
Merzenhausen,2023-12-22 22:00:00,1,,test,arima,0.35,0.08247857135853044
Merzenhausen,2023-12-22 23:00:00,1,,test,arima,0.35,0.08243959876772497
Merzenhausen,2023-12-23 00:00:00,1,,test,arima,0.35,0.08240064459216129
Merzenhausen,2023-12-23 01:00:00,1,,test,arima,0.351,0.08236170882313787
Merzenhausen,2023-12-23 02:00:00,1,,test,arima,0.351,0.08232279145195728
Merzenhausen,2023-12-23 03:00:00,1,,test,arima,0.351,0.08228389246992625
Merzenhausen,2023-12-23 04:00:00,1,,test,arima,0.351,0.08224501186835553
Merzenhausen,2023-12-23 05:00:00,1,,test,arima,0.351,0.08220614963856007
Merzenhausen,2023-12-23 06:00:00,1,,test,arima,0.35,0.08216730577185885
Merzenhausen,2023-12-23 07:00:00,1,,test,arima,0.351,0.082128480259575
Merzenhausen,2023-12-23 08:00:00,1,,test,arima,0.35,0.08208967309303573
Merzenhausen,2023-12-23 09:00:00,1,,test,arima,0.353,0.08205088426357234
Merzenhausen,2023-12-23 10:00:00,1,,test,arima,0.352,0.08201211376252024
Merzenhausen,2023-12-23 11:00:00,1,,test,arima,0.35,0.08197336158121893
Merzenhausen,2023-12-23 12:00:00,1,,test,arima,0.35,0.08193462771101201
Merzenhausen,2023-12-23 13:00:00,1,,test,arima,0.35,0.08189591214324715
Merzenhausen,2023-12-23 14:00:00,1,,test,arima,0.35,0.08185721486927613
Merzenhausen,2023-12-23 15:00:00,1,,test,arima,0.35,0.08181853588045479
Merzenhausen,2023-12-23 16:00:00,1,,test,arima,0.35,0.0817798751681431
Merzenhausen,2023-12-23 17:00:00,1,,test,arima,0.35,0.08174123272370507
Merzenhausen,2023-12-23 18:00:00,1,,test,arima,0.35,0.08170260853850879
Merzenhausen,2023-12-23 19:00:00,1,,test,arima,0.35,0.08166400260392646
Merzenhausen,2023-12-23 20:00:00,1,,test,arima,0.35,0.08162541491133435
Merzenhausen,2023-12-23 21:00:00,1,,test,arima,0.351,0.08158684545211277
Merzenhausen,2023-12-23 22:00:00,1,,test,arima,0.351,0.08154829421764614
Merzenhausen,2023-12-23 23:00:00,1,,test,arima,0.35,0.08150976119932296
Merzenhausen,2023-12-24 00:00:00,1,,test,arima,0.35,0.08147124638853576
Merzenhausen,2023-12-24 01:00:00,1,,test,arima,0.35,0.08143274977668113
Merzenhausen,2023-12-24 02:00:00,1,,test,arima,0.35,0.08139427135515981
Merzenhausen,2023-12-24 03:00:00,1,,test,arima,0.35,0.08135581111537649
Merzenhausen,2023-12-24 04:00:00,1,,test,arima,0.35,0.08131736904874
Merzenhausen,2023-12-24 05:00:00,1,,test,arima,0.35,0.0812789451466632
Merzenhausen,2023-12-24 06:00:00,1,,test,arima,0.35,0.08124053940056303
Merzenhausen,2023-12-24 07:00:00,1,,test,arima,0.35,0.08120215180186044
Merzenhausen,2023-12-24 08:00:00,1,,test,arima,0.351,0.08116378234198046
Merzenhausen,2023-12-24 09:00:00,1,,test,arima,0.351,0.08112543101235221
Merzenhausen,2023-12-31 13:00:00,1,,test,arima,0.351,0.0810870978044088
Merzenhausen,2023-12-31 14:00:00,1,,test,arima,0.355,0.08104878270958742
Merzenhausen,2023-12-31 15:00:00,1,,test,arima,0.355,0.08101048571932928
Merzenhausen,2023-12-31 16:00:00,1,,test,arima,0.354,0.08097220682507968
Merzenhausen,2023-12-31 17:00:00,1,,test,arima,0.36,0.0809339460182879
Merzenhausen,2023-12-31 18:00:00,1,,test,arima,0.357,0.08089570329040732
Merzenhausen,2023-12-31 19:00:00,1,,test,arima,0.355,0.08085747863289533
Merzenhausen,2023-12-31 20:00:00,1,,test,arima,0.355,0.08081927203721335
Merzenhausen,2023-12-31 21:00:00,1,,test,arima,0.355,0.08078108349482686
Merzenhausen,2023-12-31 22:00:00,1,,test,arima,0.355,0.08074291299720535
Merzenhausen,2023-12-31 23:00:00,1,,test,arima,0.353,0.08070476053582235
Merzenhausen,2024-01-01 00:00:00,1,,test,arima,0.353,0.08066662610215539
Merzenhausen,2024-01-01 01:00:00,1,,test,arima,0.353,0.08062850968768609
Merzenhausen,2024-01-01 02:00:00,1,,test,arima,0.351,0.08059041128390004
Merzenhausen,2024-01-01 03:00:00,1,,test,arima,0.351,0.08055233088228689
Merzenhausen,2024-01-01 04:00:00,1,,test,arima,0.351,0.08051426847434026
Merzenhausen,2024-01-01 05:00:00,1,,test,arima,0.353,0.08047622405155785
Merzenhausen,2024-01-01 06:00:00,1,,test,arima,0.353,0.08043819760544135
Merzenhausen,2024-01-01 07:00:00,1,,test,arima,0.35,0.08040018912749647
Merzenhausen,2024-01-01 08:00:00,1,,test,arima,0.351,0.08036219860923291
Merzenhausen,2024-01-01 09:00:00,1,,test,arima,0.347,0.08032422604216441
Merzenhausen,2024-01-01 10:00:00,1,,test,arima,0.352,0.08028627141780871
Merzenhausen,2024-01-01 11:00:00,1,,test,arima,0.352,0.08024833472768757
Merzenhausen,2024-01-01 12:00:00,1,,test,arima,0.352,0.08021041596332673
Merzenhausen,2024-01-01 13:00:00,1,,test,arima,0.35,0.08017251511625595
Merzenhausen,2024-01-01 14:00:00,1,,test,arima,0.35,0.08013463217800901
Merzenhausen,2024-01-01 15:00:00,1,,test,arima,0.35,0.08009676714012365
Merzenhausen,2024-01-01 16:00:00,1,,test,arima,0.35,0.08005891999414164
Merzenhausen,2024-01-01 17:00:00,1,,test,arima,0.35,0.08002109073160875
Merzenhausen,2024-01-01 18:00:00,1,,test,arima,0.348,0.0799832793440747
Merzenhausen,2024-01-01 19:00:00,1,,test,arima,0.348,0.07994548582309328
Merzenhausen,2024-01-01 20:00:00,1,,test,arima,0.348,0.0799077101602222
Merzenhausen,2024-01-01 21:00:00,1,,test,arima,0.35,0.07986995234702318
Merzenhausen,2024-01-01 22:00:00,1,,test,arima,0.35,0.07983221237506195
Merzenhausen,2024-01-01 23:00:00,1,,test,arima,0.352,0.0797944902359082
Merzenhausen,2024-01-02 00:00:00,1,,test,arima,0.357,0.07975678592113561
Merzenhausen,2024-01-02 01:00:00,1,,test,arima,0.355,0.07971909942232185
Merzenhausen,2024-01-02 02:00:00,1,,test,arima,0.357,0.07968143073104855
Merzenhausen,2024-01-02 03:00:00,1,,test,arima,0.357,0.07964377983890134
Merzenhausen,2024-01-02 04:00:00,1,,test,arima,0.352,0.07960614673746981
Merzenhausen,2024-01-02 05:00:00,1,,test,arima,0.353,0.07956853141834755
Merzenhausen,2024-01-02 06:00:00,1,,test,arima,0.352,0.07953093387313206
Merzenhausen,2024-01-02 07:00:00,1,,test,arima,0.352,0.07949335409342491
Merzenhausen,2024-01-02 08:00:00,1,,test,arima,0.351,0.07945579207083153
Merzenhausen,2024-01-02 09:00:00,1,,test,arima,0.353,0.07941824779696141
Merzenhausen,2024-01-02 10:00:00,1,,test,arima,0.353,0.07938072126342793
Merzenhausen,2024-01-02 11:00:00,1,,test,arima,0.353,0.0793432124618485
Merzenhausen,2024-01-02 12:00:00,1,,test,arima,0.353,0.07930572138384442
Merzenhausen,2024-01-02 13:00:00,1,,test,arima,0.353,0.07926824802104102
Merzenhausen,2024-01-02 14:00:00,1,,test,arima,0.352,0.07923079236506751
Merzenhausen,2024-01-02 15:00:00,1,,test,arima,0.351,0.07919335440755713
Merzenhausen,2024-01-02 16:00:00,1,,test,arima,0.351,0.07915593414014704
Merzenhausen,2024-01-02 17:00:00,1,,test,arima,0.352,0.07911853155447834
Merzenhausen,2024-01-02 18:00:00,1,,test,arima,0.352,0.07908114664219612
Merzenhausen,2024-01-02 19:00:00,1,,test,arima,0.352,0.07904377939494936
Merzenhausen,2024-01-02 20:00:00,1,,test,arima,0.352,0.07900642980439103
Merzenhausen,2024-01-02 21:00:00,1,,test,arima,0.35,0.07896909786217801
Merzenhausen,2024-01-02 22:00:00,1,,test,arima,0.35,0.07893178355997119
Merzenhausen,2024-01-02 23:00:00,1,,test,arima,0.35,0.0788944868894353
Merzenhausen,2024-01-03 00:00:00,1,,test,arima,0.35,0.0788572078422391
Merzenhausen,2024-01-03 01:00:00,1,,test,arima,0.35,0.07881994641005524
Merzenhausen,2024-01-03 02:00:00,1,,test,arima,0.35,0.0787827025845603
Merzenhausen,2024-01-03 03:00:00,1,,test,arima,0.35,0.07874547635743484
Merzenhausen,2024-01-03 04:00:00,1,,test,arima,0.348,0.07870826772036327
Merzenhausen,2024-01-03 05:00:00,1,,test,arima,0.348,0.078671076665034
Merzenhausen,2024-01-03 06:00:00,1,,test,arima,0.348,0.07863390318313937
Merzenhausen,2024-01-03 07:00:00,1,,test,arima,0.348,0.07859674726637558
Merzenhausen,2024-01-03 08:00:00,1,,test,arima,0.349,0.07855960890644281
Merzenhausen,2024-01-03 09:00:00,1,,test,arima,0.347,0.07852248809504514
Merzenhausen,2024-01-03 10:00:00,1,,test,arima,0.347,0.07848538482389059
Merzenhausen,2024-01-03 11:00:00,1,,test,arima,0.347,0.07844829908469106
Merzenhausen,2024-01-03 12:00:00,1,,test,arima,0.347,0.07841123086916241
Merzenhausen,2024-01-03 13:00:00,1,,test,arima,0.347,0.0783741801690244
Merzenhausen,2024-01-03 14:00:00,1,,test,arima,0.345,0.07833714697600067
Merzenhausen,2024-01-03 15:00:00,1,,test,arima,0.347,0.07830013128181881
Merzenhausen,2024-01-03 16:00:00,1,,test,arima,0.347,0.07826313307821031
Merzenhausen,2024-01-03 17:00:00,1,,test,arima,0.347,0.07822615235691056
Merzenhausen,2024-01-03 18:00:00,1,,test,arima,0.347,0.07818918910965886
Merzenhausen,2024-01-03 19:00:00,1,,test,arima,0.347,0.07815224332819841
Merzenhausen,2024-01-03 20:00:00,1,,test,arima,0.347,0.07811531500427632
Merzenhausen,2024-01-03 21:00:00,1,,test,arima,0.345,0.07807840412964356
Merzenhausen,2024-01-03 22:00:00,1,,test,arima,0.347,0.07804151069605508
Merzenhausen,2024-01-03 23:00:00,1,,test,arima,0.347,0.07800463469526965
Merzenhausen,2024-01-04 00:00:00,1,,test,arima,0.347,0.07796777611904995
Merzenhausen,2024-01-04 01:00:00,1,,test,arima,0.347,0.07793093495916259
Merzenhausen,2024-01-04 02:00:00,1,,test,arima,0.347,0.07789411120737803
Merzenhausen,2024-01-04 03:00:00,1,,test,arima,0.345,0.07785730485547064
Merzenhausen,2024-01-04 04:00:00,1,,test,arima,0.347,0.07782051589521866
Merzenhausen,2024-01-04 05:00:00,1,,test,arima,0.345,0.07778374431840421
Merzenhausen,2024-01-04 06:00:00,1,,test,arima,0.347,0.07774699011681334
Merzenhausen,2024-01-04 07:00:00,1,,test,arima,0.347,0.07771025328223592
Merzenhausen,2024-01-04 08:00:00,1,,test,arima,0.347,0.07767353380646574
Merzenhausen,2024-01-04 09:00:00,1,,test,arima,0.347,0.07763683168130046
Merzenhausen,2024-01-04 10:00:00,1,,test,arima,0.347,0.07760014689854161
Merzenhausen,2024-01-04 11:00:00,1,,test,arima,0.347,0.07756347944999457
Merzenhausen,2024-01-04 12:00:00,1,,test,arima,0.347,0.07752682932746865
Merzenhausen,2024-01-04 13:00:00,1,,test,arima,0.34,0.07749019652277697
Merzenhausen,2024-01-04 14:00:00,1,,test,arima,0.347,0.07745358102773657
Merzenhausen,2024-01-04 15:00:00,1,,test,arima,0.339,0.07741698283416831
Merzenhausen,2024-01-04 16:00:00,1,,test,arima,0.344,0.07738040193389695
Merzenhausen,2024-01-04 17:00:00,1,,test,arima,0.344,0.0773438383187511
Merzenhausen,2024-01-04 18:00:00,1,,test,arima,0.344,0.07730729198056323
Merzenhausen,2024-01-04 19:00:00,1,,test,arima,0.345,0.07727076291116966
Merzenhausen,2024-01-04 20:00:00,1,,test,arima,0.345,0.0772342511024106
Merzenhausen,2024-01-04 21:00:00,1,,test,arima,0.345,0.07719775654613006
Merzenhausen,2024-01-04 22:00:00,1,,test,arima,0.344,0.07716127923417598
Merzenhausen,2024-01-04 23:00:00,1,,test,arima,0.344,0.07712481915840008
Merzenhausen,2024-01-05 00:00:00,1,,test,arima,0.342,0.07708837631065796
Merzenhausen,2024-01-05 01:00:00,1,,test,arima,0.345,0.07705195068280907
Merzenhausen,2024-01-05 02:00:00,1,,test,arima,0.342,0.07701554226671671
Merzenhausen,2024-01-05 03:00:00,1,,test,arima,0.342,0.07697915105424802
Merzenhausen,2024-01-05 04:00:00,1,,test,arima,0.343,0.07694277703727398
Merzenhausen,2024-01-05 05:00:00,1,,test,arima,0.343,0.07690642020766941
Merzenhausen,2024-01-05 06:00:00,1,,test,arima,0.342,0.07687008055731298
Merzenhausen,2024-01-05 07:00:00,1,,test,arima,0.342,0.07683375807808718
Merzenhausen,2024-01-05 08:00:00,1,,test,arima,0.344,0.07679745276187835
Merzenhausen,2024-01-05 09:00:00,1,,test,arima,0.343,0.07676116460057666
Merzenhausen,2024-01-05 10:00:00,1,,test,arima,0.34,0.07672489358607612
Merzenhausen,2024-01-05 11:00:00,1,,test,arima,0.344,0.07668863971027454
Merzenhausen,2024-01-05 12:00:00,1,,test,arima,0.34,0.07665240296507358
Merzenhausen,2024-01-05 13:00:00,1,,test,arima,0.341,0.07661618334237877
Merzenhausen,2024-01-05 14:00:00,1,,test,arima,0.342,0.07657998083409936
Merzenhausen,2024-01-29 04:00:00,1,,test,arima,0.325,0.07654379543214854
Merzenhausen,2024-01-29 05:00:00,1,,test,arima,0.325,0.07650762712844322
Merzenhausen,2024-01-29 06:00:00,1,,test,arima,0.325,0.07647147591490422
Merzenhausen,2024-01-29 07:00:00,1,,test,arima,0.325,0.0764353417834561
Merzenhausen,2024-01-29 08:00:00,1,,test,arima,0.325,0.07639922472602728
Merzenhausen,2024-01-29 09:00:00,1,,test,arima,0.325,0.07636312473454998
Merzenhausen,2024-01-29 10:00:00,1,,test,arima,0.326,0.07632704180096023
Merzenhausen,2024-01-29 11:00:00,1,,test,arima,0.326,0.07629097591719788
Merzenhausen,2024-01-29 12:00:00,1,,test,arima,0.326,0.07625492707520659
Merzenhausen,2024-01-29 13:00:00,1,,test,arima,0.327,0.07621889526693382
Merzenhausen,2024-01-29 14:00:00,1,,test,arima,0.327,0.0761828804843308
Merzenhausen,2024-01-29 15:00:00,1,,test,arima,0.325,0.07614688271935266
Merzenhausen,2024-01-29 16:00:00,1,,test,arima,0.327,0.07611090196395823
Merzenhausen,2024-01-29 17:00:00,1,,test,arima,0.327,0.07607493821011017
Merzenhausen,2024-01-29 18:00:00,1,,test,arima,0.325,0.07603899144977498
Merzenhausen,2024-01-29 19:00:00,1,,test,arima,0.325,0.0760030616749229
Merzenhausen,2024-01-29 20:00:00,1,,test,arima,0.325,0.075967148877528
Merzenhausen,2024-01-29 21:00:00,1,,test,arima,0.325,0.07593125304956813
Merzenhausen,2024-01-29 22:00:00,1,,test,arima,0.325,0.07589537418302492
Merzenhausen,2024-01-29 23:00:00,1,,test,arima,0.325,0.0758595122698838
Merzenhausen,2024-01-30 00:00:00,1,,test,arima,0.325,0.075823667302134
Merzenhausen,2024-01-30 01:00:00,1,,test,arima,0.325,0.07578783927176849
Merzenhausen,2024-01-30 02:00:00,1,,test,arima,0.325,0.07575202817078408
Merzenhausen,2024-01-30 03:00:00,1,,test,arima,0.325,0.07571623399118134
Merzenhausen,2024-01-30 04:00:00,1,,test,arima,0.325,0.07568045672496461
Merzenhausen,2024-01-30 05:00:00,1,,test,arima,0.325,0.075644696364142
Merzenhausen,2024-01-30 06:00:00,1,,test,arima,0.327,0.07560895290072545
Merzenhausen,2024-01-30 07:00:00,1,,test,arima,0.327,0.0755732263267306
Merzenhausen,2024-01-30 08:00:00,1,,test,arima,0.329,0.0755375166341769
Merzenhausen,2024-01-30 09:00:00,1,,test,arima,0.328,0.07550182381508758
Merzenhausen,2024-01-30 10:00:00,1,,test,arima,0.33,0.07546614786148963
Merzenhausen,2024-01-30 11:00:00,1,,test,arima,0.33,0.0754304887654138
Merzenhausen,2024-01-30 12:00:00,1,,test,arima,0.33,0.07539484651889461
Merzenhausen,2024-01-30 13:00:00,1,,test,arima,0.33,0.07535922111397035
Merzenhausen,2024-01-30 14:00:00,1,,test,arima,0.33,0.07532361254268305
Merzenhausen,2024-01-30 15:00:00,1,,test,arima,0.33,0.07528802079707855
Merzenhausen,2024-01-30 16:00:00,1,,test,arima,0.33,0.07525244586920639
Merzenhausen,2024-01-30 17:00:00,1,,test,arima,0.33,0.0752168877511199
Merzenhausen,2024-01-30 18:00:00,1,,test,arima,0.33,0.07518134643487616
Merzenhausen,2024-01-30 19:00:00,1,,test,arima,0.33,0.07514582191253599
Merzenhausen,2024-01-30 20:00:00,1,,test,arima,0.329,0.07511031417616398
Merzenhausen,2024-01-30 21:00:00,1,,test,arima,0.329,0.07507482321782848
Merzenhausen,2024-01-30 22:00:00,1,,test,arima,0.329,0.07503934902960153
Merzenhausen,2024-01-30 23:00:00,1,,test,arima,0.329,0.075003891603559
Merzenhausen,2024-01-31 00:00:00,1,,test,arima,0.329,0.07496845093178042
Merzenhausen,2024-01-31 01:00:00,1,,test,arima,0.329,0.07493302700634913
Merzenhausen,2024-01-31 02:00:00,1,,test,arima,0.33,0.07489761981935217
Merzenhausen,2024-01-31 03:00:00,1,,test,arima,0.33,0.07486222936288034
Merzenhausen,2024-01-31 04:00:00,1,,test,arima,0.33,0.07482685562902815
Merzenhausen,2024-01-31 05:00:00,1,,test,arima,0.34,0.0747914986098939
Merzenhausen,2024-01-31 06:00:00,1,,test,arima,0.33,0.07475615829757953
Merzenhausen,2024-01-31 07:00:00,1,,test,arima,0.33,0.07472083468419084
Merzenhausen,2024-01-31 08:00:00,1,,test,arima,0.33,0.07468552776183725
Merzenhausen,2024-01-31 09:00:00,1,,test,arima,0.33,0.07465023752263197
Merzenhausen,2024-01-31 10:00:00,1,,test,arima,0.33,0.0746149639586919
Merzenhausen,2024-01-31 11:00:00,1,,test,arima,0.33,0.07457970706213768
Merzenhausen,2024-01-31 12:00:00,1,,test,arima,0.328,0.07454446682509369
Merzenhausen,2024-01-31 13:00:00,1,,test,arima,0.328,0.074509243239688
Merzenhausen,2024-01-31 14:00:00,1,,test,arima,0.33,0.07447403629805241
Merzenhausen,2024-01-31 15:00:00,1,,test,arima,0.327,0.07443884599232246
Merzenhausen,2024-01-31 16:00:00,1,,test,arima,0.33,0.07440367231463739
Merzenhausen,2024-01-31 17:00:00,1,,test,arima,0.328,0.07436851525714014
Merzenhausen,2024-01-31 18:00:00,1,,test,arima,0.33,0.07433337481197738
Merzenhausen,2024-01-31 19:00:00,1,,test,arima,0.328,0.0742982509712995
Merzenhausen,2024-01-31 20:00:00,1,,test,arima,0.328,0.07426314372726056
Merzenhausen,2024-01-31 21:00:00,1,,test,arima,0.328,0.07422805307201837
Merzenhausen,2024-01-31 22:00:00,1,,test,arima,0.328,0.07419297899773442
Merzenhausen,2024-01-31 23:00:00,1,,test,arima,0.328,0.07415792149657391
Merzenhausen,2024-02-01 00:00:00,1,,test,arima,0.328,0.07412288056070576
Merzenhausen,2024-02-01 01:00:00,1,,test,arima,0.328,0.07408785618230257
Merzenhausen,2024-02-01 02:00:00,1,,test,arima,0.328,0.07405284835354065
Merzenhausen,2024-02-01 03:00:00,1,,test,arima,0.328,0.07401785706659998
Merzenhausen,2024-02-01 04:00:00,1,,test,arima,0.328,0.07398288231366427
Merzenhausen,2024-02-01 05:00:00,1,,test,arima,0.328,0.07394792408692091
Merzenhausen,2024-02-01 06:00:00,1,,test,arima,0.328,0.07391298237856098
Merzenhausen,2024-02-01 07:00:00,1,,test,arima,0.328,0.07387805718077924
Merzenhausen,2024-02-01 08:00:00,1,,test,arima,0.328,0.07384314848577415
Merzenhausen,2024-02-01 09:00:00,1,,test,arima,0.328,0.07380825628574787
Merzenhausen,2024-02-01 10:00:00,1,,test,arima,0.328,0.07377338057290622
Merzenhausen,2024-02-01 11:00:00,1,,test,arima,0.328,0.07373852133945871
Merzenhausen,2024-02-01 12:00:00,1,,test,arima,0.328,0.07370367857761853
Merzenhausen,2024-02-01 13:00:00,1,,test,arima,0.328,0.07366885227960257
Merzenhausen,2024-02-01 14:00:00,1,,test,arima,0.328,0.07363404243763136
Merzenhausen,2024-02-01 15:00:00,1,,test,arima,0.328,0.07359924904392913
Merzenhausen,2024-02-01 16:00:00,1,,test,arima,0.328,0.07356447209072378
Merzenhausen,2024-02-01 17:00:00,1,,test,arima,0.328,0.0735297115702469
Merzenhausen,2024-02-01 18:00:00,1,,test,arima,0.328,0.07349496747473372
Merzenhausen,2024-02-01 19:00:00,1,,test,arima,0.328,0.07346023979642316
Merzenhausen,2024-02-01 20:00:00,1,,test,arima,0.328,0.07342552852755778
Merzenhausen,2024-02-01 21:00:00,1,,test,arima,0.328,0.07339083366038385
Merzenhausen,2024-02-01 22:00:00,1,,test,arima,0.328,0.07335615518715126
Merzenhausen,2024-02-01 23:00:00,1,,test,arima,0.328,0.0733214931001136
Merzenhausen,2024-02-02 00:00:00,1,,test,arima,0.328,0.07328684739152808
Merzenhausen,2024-02-02 01:00:00,1,,test,arima,0.336,0.0732522180536556
Merzenhausen,2024-02-02 02:00:00,1,,test,arima,0.33,0.07321760507876073
Merzenhausen,2024-02-02 03:00:00,1,,test,arima,0.3265,0.07318300845911163
Merzenhausen,2024-02-02 04:00:00,1,,test,arima,0.3265,0.0731484281869802
Merzenhausen,2024-02-02 05:00:00,1,,test,arima,0.339,0.0731138642546419
Merzenhausen,2024-02-02 06:00:00,1,,test,arima,0.33749998,0.07307931665437593
Merzenhausen,2024-02-02 07:00:00,1,,test,arima,0.33749998,0.07304478537846508
Merzenhausen,2024-02-02 08:00:00,1,,test,arima,0.32700002,0.07301027041919579
Merzenhausen,2024-02-02 09:00:00,1,,test,arima,0.329,0.07297577176885817
Merzenhausen,2024-02-02 10:00:00,1,,test,arima,0.3405,0.07294128941974595
Merzenhausen,2024-02-02 11:00:00,1,,test,arima,0.3385,0.07290682336415652
Merzenhausen,2024-02-02 12:00:00,1,,test,arima,0.34100002,0.07287237359439092
Merzenhausen,2024-02-02 13:00:00,1,,test,arima,0.329,0.07283794010275377
Merzenhausen,2024-02-02 14:00:00,1,,test,arima,0.331,0.07280352288155338
Merzenhausen,2024-02-02 15:00:00,1,,test,arima,0.342,0.0727691219231017
Merzenhausen,2024-02-02 16:00:00,1,,test,arima,0.32950002,0.07273473721971425
Merzenhausen,2024-02-02 17:00:00,1,,test,arima,0.356,0.07270036876371026
Merzenhausen,2024-02-02 18:00:00,1,,test,arima,0.333,0.07266601654741255
Merzenhausen,2024-02-02 19:00:00,1,,test,arima,0.333,0.07263168056314755
Merzenhausen,2024-02-02 20:00:00,1,,test,arima,0.333,0.07259736080324534
Merzenhausen,2024-02-02 21:00:00,1,,test,arima,0.333,0.07256305726003964
Merzenhausen,2024-02-02 22:00:00,1,,test,arima,0.342,0.07252876992586776
Merzenhausen,2024-02-02 23:00:00,1,,test,arima,0.332,0.07249449879307064
Merzenhausen,2024-02-03 01:00:00,1,,test,arima,0.335,0.07246024385399284
Merzenhausen,2024-02-03 02:00:00,1,,test,arima,0.335,0.07242600510098254
Merzenhausen,2024-02-03 03:00:00,1,,test,arima,0.335,0.07239178252639156
Merzenhausen,2024-02-03 04:00:00,1,,test,arima,0.335,0.07235757612257528
Merzenhausen,2024-02-03 05:00:00,1,,test,arima,0.335,0.07232338588189273
Merzenhausen,2024-02-03 06:00:00,1,,test,arima,0.3455,0.07228921179670654
Merzenhausen,2024-02-03 07:00:00,1,,test,arima,0.335,0.07225505385938297
Merzenhausen,2024-02-03 08:00:00,1,,test,arima,0.335,0.07222091206229184
Merzenhausen,2024-02-03 09:00:00,1,,test,arima,0.3455,0.07218678639780662
Merzenhausen,2024-02-03 10:00:00,1,,test,arima,0.335,0.07215267685830436
Merzenhausen,2024-02-03 11:00:00,1,,test,arima,0.335,0.07211858343616571
Merzenhausen,2024-02-03 12:00:00,1,,test,arima,0.335,0.07208450612377496
Merzenhausen,2024-02-03 13:00:00,1,,test,arima,0.335,0.07205044491351993
Merzenhausen,2024-02-03 14:00:00,1,,test,arima,0.3445,0.0720163997977921
Merzenhausen,2024-02-03 15:00:00,1,,test,arima,0.332,0.07198237076898652
Merzenhausen,2024-02-03 16:00:00,1,,test,arima,0.332,0.07194835781950182
Merzenhausen,2024-02-03 17:00:00,1,,test,arima,0.333,0.07191436094174025
Merzenhausen,2024-02-03 18:00:00,1,,test,arima,0.333,0.07188038012810763
Merzenhausen,2024-02-03 19:00:00,1,,test,arima,0.333,0.07184641537101336
Merzenhausen,2024-02-03 20:00:00,1,,test,arima,0.333,0.07181246666287046
Merzenhausen,2024-02-03 21:00:00,1,,test,arima,0.333,0.07177853399609549
Merzenhausen,2024-02-03 22:00:00,1,,test,arima,0.333,0.07174461736310864
Merzenhausen,2024-02-03 23:00:00,1,,test,arima,0.333,0.07171071675633367
Merzenhausen,2024-02-04 00:00:00,1,,test,arima,0.333,0.07167683216819788
Merzenhausen,2024-02-04 01:00:00,1,,test,arima,0.33,0.0716429635911322
Merzenhausen,2024-02-04 02:00:00,1,,test,arima,0.33,0.07160911101757111
Merzenhausen,2024-02-04 03:00:00,1,,test,arima,0.33,0.07157527443995267
Merzenhausen,2024-02-04 04:00:00,1,,test,arima,0.33,0.0715414538507185
Merzenhausen,2024-02-04 05:00:00,1,,test,arima,0.33,0.07150764924231381
Merzenhausen,2024-02-04 06:00:00,1,,test,arima,0.33,0.07147386060718738
Merzenhausen,2024-02-04 07:00:00,1,,test,arima,0.331,0.07144008793779157
Merzenhausen,2024-02-04 08:00:00,1,,test,arima,0.331,0.07140633122658224
Merzenhausen,2024-02-04 09:00:00,1,,test,arima,0.331,0.07137259046601892
Merzenhausen,2024-02-04 10:00:00,1,,test,arima,0.331,0.0713388656485646
Merzenhausen,2024-02-04 11:00:00,1,,test,arima,0.331,0.07130515676668592
Merzenhausen,2024-02-04 12:00:00,1,,test,arima,0.331,0.07127146381285299
Merzenhausen,2024-02-04 13:00:00,1,,test,arima,0.328,0.07123778677953956
Merzenhausen,2024-02-04 14:00:00,1,,test,arima,0.328,0.07120412565922288
Merzenhausen,2024-02-04 15:00:00,1,,test,arima,0.328,0.07117048044438379
Merzenhausen,2024-02-04 16:00:00,1,,test,arima,0.328,0.07113685112750667
Merzenhausen,2024-02-04 17:00:00,1,,test,arima,0.328,0.07110323770107946
Merzenhausen,2024-02-04 18:00:00,1,,test,arima,0.328,0.07106964015759361
Merzenhausen,2024-02-04 19:00:00,1,,test,arima,0.328,0.07103605848954417
Merzenhausen,2024-02-04 20:00:00,1,,test,arima,0.328,0.07100249268942971
Merzenhausen,2024-02-04 21:00:00,1,,test,arima,0.33,0.07096894274975235
Merzenhausen,2024-02-04 22:00:00,1,,test,arima,0.33,0.07093540866301774
Merzenhausen,2024-02-04 23:00:00,1,,test,arima,0.33,0.0709018904217351
Merzenhausen,2024-02-12 01:00:00,1,,test,arima,0.335,0.07086838801841716
Merzenhausen,2024-02-12 02:00:00,1,,test,arima,0.335,0.0708349014455802
Merzenhausen,2024-02-12 03:00:00,1,,test,arima,0.335,0.07080143069574406
Merzenhausen,2024-02-12 04:00:00,1,,test,arima,0.335,0.07076797576143205
Merzenhausen,2024-02-12 05:00:00,1,,test,arima,0.335,0.07073453663517108
Merzenhausen,2024-02-12 06:00:00,1,,test,arima,0.335,0.07070111330949157
Merzenhausen,2024-02-12 07:00:00,1,,test,arima,0.336,0.07066770577692745
Merzenhausen,2024-02-12 08:00:00,1,,test,arima,0.337,0.07063431403001619
Merzenhausen,2024-02-12 09:00:00,1,,test,arima,0.337,0.0706009380612988
Merzenhausen,2024-02-12 10:00:00,1,,test,arima,0.337,0.0705675778633198
Merzenhausen,2024-02-12 11:00:00,1,,test,arima,0.334,0.07053423342862723
Merzenhausen,2024-02-12 12:00:00,1,,test,arima,0.337,0.07050090474977266
Merzenhausen,2024-02-12 13:00:00,1,,test,arima,0.334,0.0704675918193112
Merzenhausen,2024-02-12 14:00:00,1,,test,arima,0.334,0.07043429462980141
Merzenhausen,2024-02-12 15:00:00,1,,test,arima,0.335,0.07040101317380544
Merzenhausen,2024-02-12 16:00:00,1,,test,arima,0.333,0.07036774744388892
Merzenhausen,2024-02-12 17:00:00,1,,test,arima,0.333,0.07033449743262099
Merzenhausen,2024-02-12 18:00:00,1,,test,arima,0.333,0.07030126313257433
Merzenhausen,2024-02-12 19:00:00,1,,test,arima,0.333,0.07026804453632507
Merzenhausen,2024-02-12 20:00:00,1,,test,arima,0.334,0.07023484163645292
Merzenhausen,2024-02-12 21:00:00,1,,test,arima,0.335,0.07020165442554106
Merzenhausen,2024-02-12 22:00:00,1,,test,arima,0.335,0.07016848289617617
Merzenhausen,2024-02-12 23:00:00,1,,test,arima,0.335,0.07013532704094844
Merzenhausen,2024-02-13 00:00:00,1,,test,arima,0.3315,0.07010218685245156
Merzenhausen,2024-02-13 01:00:00,1,,test,arima,0.3315,0.07006906232328272
Merzenhausen,2024-02-13 02:00:00,1,,test,arima,0.335,0.07003595344604262
Merzenhausen,2024-02-13 03:00:00,1,,test,arima,0.335,0.07000286021333543
Merzenhausen,2024-02-13 04:00:00,1,,test,arima,0.3305,0.06996978261776884
Merzenhausen,2024-02-13 05:00:00,1,,test,arima,0.335,0.06993672065195404
Merzenhausen,2024-02-13 06:00:00,1,,test,arima,0.333,0.06990367430850566
Merzenhausen,2024-02-13 07:00:00,1,,test,arima,0.3305,0.06987064358004189
Merzenhausen,2024-02-13 08:00:00,1,,test,arima,0.335,0.06983762845918433
Merzenhausen,2024-02-13 09:00:00,1,,test,arima,0.335,0.06980462893855814
Merzenhausen,2024-02-13 10:00:00,1,,test,arima,0.333,0.06977164501079193
Merzenhausen,2024-02-13 11:00:00,1,,test,arima,0.333,0.06973867666851778
Merzenhausen,2024-02-13 12:00:00,1,,test,arima,0.332,0.0697057239043713
Merzenhausen,2024-02-13 13:00:00,1,,test,arima,0.3295,0.0696727867109915
Merzenhausen,2024-02-13 14:00:00,1,,test,arima,0.332,0.06963986508102096
Merzenhausen,2024-02-13 15:00:00,1,,test,arima,0.332,0.06960695900710567
Merzenhausen,2024-02-13 16:00:00,1,,test,arima,0.332,0.06957406848189512
Merzenhausen,2024-02-13 17:00:00,1,,test,arima,0.329,0.06954119349804228
Merzenhausen,2024-02-13 18:00:00,1,,test,arima,0.333,0.06950833404820358
Merzenhausen,2024-02-13 19:00:00,1,,test,arima,0.333,0.06947549012503892
Merzenhausen,2024-02-13 20:00:00,1,,test,arima,0.332,0.06944266172121166
Merzenhausen,2024-02-13 21:00:00,1,,test,arima,0.3295,0.06940984882938867
Merzenhausen,2024-02-13 22:00:00,1,,test,arima,0.334,0.0693770514422402
Merzenhausen,2024-02-13 23:00:00,1,,test,arima,0.334,0.06934426955244005
Merzenhausen,2024-02-14 00:00:00,1,,test,arima,0.334,0.06931150315266545
Merzenhausen,2024-02-14 01:00:00,1,,test,arima,0.334,0.06927875223559707
Merzenhausen,2024-02-14 02:00:00,1,,test,arima,0.334,0.06924601679391908
Merzenhausen,2024-02-14 03:00:00,1,,test,arima,0.334,0.06921329682031906
Merzenhausen,2024-02-14 04:00:00,1,,test,arima,0.332,0.06918059230748808
Merzenhausen,2024-02-14 05:00:00,1,,test,arima,0.332,0.06914790324812065
Merzenhausen,2024-02-14 06:00:00,1,,test,arima,0.332,0.06911522963491472
Merzenhausen,2024-02-14 07:00:00,1,,test,arima,0.332,0.06908257146057173
Merzenhausen,2024-02-14 08:00:00,1,,test,arima,0.332,0.06904992871779653
Merzenhausen,2024-02-14 09:00:00,1,,test,arima,0.332,0.06901730139929742
Merzenhausen,2024-02-14 10:00:00,1,,test,arima,0.332,0.06898468949778616
Merzenhausen,2024-02-14 11:00:00,1,,test,arima,0.33,0.06895209300597796
Merzenhausen,2024-02-14 12:00:00,1,,test,arima,0.33,0.06891951191659146
Merzenhausen,2024-02-14 13:00:00,1,,test,arima,0.33,0.06888694622234874
Merzenhausen,2024-02-14 14:00:00,1,,test,arima,0.33,0.06885439591597532
Merzenhausen,2024-02-14 15:00:00,1,,test,arima,0.33,0.06882186099020016
Merzenhausen,2024-02-14 16:00:00,1,,test,arima,0.33,0.06878934143775564
Merzenhausen,2024-02-14 17:00:00,1,,test,arima,0.3345,0.0687568372513776
Merzenhausen,2024-02-14 18:00:00,1,,test,arima,0.335,0.06872434842380531
Merzenhausen,2024-02-14 19:00:00,1,,test,arima,0.3365,0.06869187494778145
Merzenhausen,2024-02-14 20:00:00,1,,test,arima,0.334,0.06865941681605214
Merzenhausen,2024-02-14 21:00:00,1,,test,arima,0.333,0.06862697402136693
Merzenhausen,2024-02-14 22:00:00,1,,test,arima,0.334,0.06859454655647879
Merzenhausen,2024-02-14 23:00:00,1,,test,arima,0.333,0.06856213441414412
Merzenhausen,2024-02-15 00:00:00,1,,test,arima,0.333,0.06852973758712275
Merzenhausen,2024-02-15 01:00:00,1,,test,arima,0.333,0.0684973560681779
Merzenhausen,2024-02-15 02:00:00,1,,test,arima,0.334,0.06846498985007626
Merzenhausen,2024-02-15 03:00:00,1,,test,arima,0.334,0.0684326389255879
Merzenhausen,2024-02-15 04:00:00,1,,test,arima,0.335,0.06840030328748631
Merzenhausen,2024-02-15 05:00:00,1,,test,arima,0.335,0.0683679829285484
Merzenhausen,2024-02-15 06:00:00,1,,test,arima,0.333,0.0683356778415545
Merzenhausen,2024-02-15 07:00:00,1,,test,arima,0.335,0.06830338801928834
Merzenhausen,2024-02-15 08:00:00,1,,test,arima,0.335,0.06827111345453707
Merzenhausen,2024-02-15 09:00:00,1,,test,arima,0.335,0.06823885414009123
Merzenhausen,2024-02-15 10:00:00,1,,test,arima,0.335,0.0682066100687448
Merzenhausen,2024-02-15 11:00:00,1,,test,arima,0.335,0.06817438123329514
Merzenhausen,2024-02-15 12:00:00,1,,test,arima,0.335,0.068142167626543
Merzenhausen,2024-02-15 13:00:00,1,,test,arima,0.335,0.06810996924129256
Merzenhausen,2024-02-15 14:00:00,1,,test,arima,0.332,0.0680777860703514
Merzenhausen,2024-02-15 15:00:00,1,,test,arima,0.3325,0.06804561810653048
Merzenhausen,2024-02-15 16:00:00,1,,test,arima,0.334,0.06801346534264417
Merzenhausen,2024-02-15 17:00:00,1,,test,arima,0.334,0.06798132777151022
Merzenhausen,2024-02-15 18:00:00,1,,test,arima,0.332,0.0679492053859498
Merzenhausen,2024-02-15 19:00:00,1,,test,arima,0.332,0.06791709817878744
Merzenhausen,2024-02-15 20:00:00,1,,test,arima,0.332,0.06788500614285109
Merzenhausen,2024-02-15 21:00:00,1,,test,arima,0.332,0.06785292927097206
Merzenhausen,2024-02-15 22:00:00,1,,test,arima,0.332,0.06782086755598507
Merzenhausen,2024-02-15 23:00:00,1,,test,arima,0.332,0.06778882099072825
Merzenhausen,2024-02-16 00:00:00,1,,test,arima,0.332,0.06775678956804304
Merzenhausen,2024-02-16 01:00:00,1,,test,arima,0.332,0.06772477328077432
Merzenhausen,2024-02-16 02:00:00,1,,test,arima,0.332,0.06769277212177036
Merzenhausen,2024-02-16 03:00:00,1,,test,arima,0.332,0.06766078608388273
Merzenhausen,2024-02-16 04:00:00,1,,test,arima,0.332,0.0676288151599665
Merzenhausen,2024-02-16 05:00:00,1,,test,arima,0.33,0.06759685934288
Merzenhausen,2024-02-16 06:00:00,1,,test,arima,0.332,0.06756491862548501
Merzenhausen,2024-02-16 07:00:00,1,,test,arima,0.33,0.06753299300064666
Merzenhausen,2024-02-16 08:00:00,1,,test,arima,0.33,0.06750108246123343
Merzenhausen,2024-02-16 09:00:00,1,,test,arima,0.33,0.0674691870001172
Merzenhausen,2024-02-16 10:00:00,1,,test,arima,0.33,0.0674373066101732
Merzenhausen,2024-02-16 11:00:00,1,,test,arima,0.33,0.06740544128428005
Merzenhausen,2024-02-16 12:00:00,1,,test,arima,0.33,0.0673735910153197
Merzenhausen,2024-02-16 13:00:00,1,,test,arima,0.33,0.06734175579617749
Merzenhausen,2024-02-16 14:00:00,1,,test,arima,0.33,0.0673099356197421
Merzenhausen,2024-02-16 15:00:00,1,,test,arima,0.33,0.0672781304789056
Merzenhausen,2024-02-16 16:00:00,1,,test,arima,0.33,0.0672463403665634
Merzenhausen,2024-02-16 17:00:00,1,,test,arima,0.329,0.06721456527561427
Merzenhausen,2024-02-16 18:00:00,1,,test,arima,0.328,0.06718280519896033
Merzenhausen,2024-02-16 19:00:00,1,,test,arima,0.329,0.06715106012950706
Merzenhausen,2024-02-16 20:00:00,1,,test,arima,0.331,0.0671193300601633
Merzenhausen,2024-02-16 21:00:00,1,,test,arima,0.331,0.06708761498384122
Merzenhausen,2024-02-16 22:00:00,1,,test,arima,0.33,0.06705591489345634
Merzenhausen,2024-02-16 23:00:00,1,,test,arima,0.33,0.06702422978192757
Merzenhausen,2024-02-17 00:00:00,1,,test,arima,0.333,0.0669925596421771
Merzenhausen,2024-02-17 01:00:00,1,,test,arima,0.332,0.06696090446713052
Merzenhausen,2024-02-17 02:00:00,1,,test,arima,0.332,0.06692926424971674
Merzenhausen,2024-02-17 03:00:00,1,,test,arima,0.332,0.066897638982868
Merzenhausen,2024-02-17 04:00:00,1,,test,arima,0.332,0.0668660286595199
Merzenhausen,2024-02-17 05:00:00,1,,test,arima,0.332,0.06683443327261139
Merzenhausen,2024-02-17 06:00:00,1,,test,arima,0.332,0.0668028528150847
Merzenhausen,2024-02-17 07:00:00,1,,test,arima,0.335,0.06677128727988547
Merzenhausen,2024-02-17 08:00:00,1,,test,arima,0.332,0.0667397366599626
Merzenhausen,2024-02-17 09:00:00,1,,test,arima,0.335,0.06670820094826838
Merzenhausen,2024-02-17 10:00:00,1,,test,arima,0.332,0.0666766801377584
Merzenhausen,2024-02-17 11:00:00,1,,test,arima,0.332,0.06664517422139159
Merzenhausen,2024-02-17 12:00:00,1,,test,arima,0.332,0.06661368319213018
Merzenhausen,2024-02-17 13:00:00,1,,test,arima,0.332,0.06658220704293978
Merzenhausen,2024-02-17 14:00:00,1,,test,arima,0.332,0.06655074576678928
Merzenhausen,2024-02-17 15:00:00,1,,test,arima,0.335,0.06651929935665091
Merzenhausen,2024-02-17 16:00:00,1,,test,arima,0.335,0.06648786780550019
Merzenhausen,2024-02-17 17:00:00,1,,test,arima,0.335,0.066456451106316
Merzenhausen,2024-02-17 18:00:00,1,,test,arima,0.335,0.06642504925208054
Merzenhausen,2024-02-17 19:00:00,1,,test,arima,0.334,0.06639366223577928
Merzenhausen,2024-02-17 20:00:00,1,,test,arima,0.334,0.06636229005040103
Merzenhausen,2024-02-17 21:00:00,1,,test,arima,0.334,0.06633093268893796
Merzenhausen,2024-02-17 22:00:00,1,,test,arima,0.334,0.06629959014438545
Merzenhausen,2024-02-17 23:00:00,1,,test,arima,0.334,0.06626826240974228
Merzenhausen,2024-02-18 00:00:00,1,,test,arima,0.33249998,0.0662369494780105
Merzenhausen,2024-02-18 01:00:00,1,,test,arima,0.333,0.06620565134219547
Merzenhausen,2024-02-18 02:00:00,1,,test,arima,0.334,0.06617436799530585
Merzenhausen,2024-02-18 03:00:00,1,,test,arima,0.334,0.06614309943035361
Merzenhausen,2024-02-18 04:00:00,1,,test,arima,0.334,0.06611184564035402
Merzenhausen,2024-02-18 05:00:00,1,,test,arima,0.33249998,0.06608060661832568
Merzenhausen,2024-02-18 06:00:00,1,,test,arima,0.334,0.06604938235729042
Merzenhausen,2024-02-18 07:00:00,1,,test,arima,0.334,0.06601817285027343
Merzenhausen,2024-02-18 08:00:00,1,,test,arima,0.334,0.06598697809030318
Merzenhausen,2024-02-18 09:00:00,1,,test,arima,0.334,0.06595579807041142
Merzenhausen,2024-02-18 10:00:00,1,,test,arima,0.334,0.0659246327836332
Merzenhausen,2024-02-18 11:00:00,1,,test,arima,0.334,0.06589348222300687
Merzenhausen,2024-02-18 12:00:00,1,,test,arima,0.334,0.06586234638157404
Merzenhausen,2024-02-18 13:00:00,1,,test,arima,0.334,0.06583122525237965
Merzenhausen,2024-02-18 14:00:00,1,,test,arima,0.334,0.06580011882847189
Merzenhausen,2024-02-18 15:00:00,1,,test,arima,0.334,0.06576902710290228
Merzenhausen,2024-02-18 16:00:00,1,,test,arima,0.332,0.06573795006872557
Merzenhausen,2024-02-18 17:00:00,1,,test,arima,0.33,0.06570688771899982
Merzenhausen,2024-02-18 18:00:00,1,,test,arima,0.33,0.06567584004678637
Merzenhausen,2024-02-18 19:00:00,1,,test,arima,0.33,0.06564480704514983
Merzenhausen,2024-02-18 20:00:00,1,,test,arima,0.33,0.06561378870715809
Merzenhausen,2024-02-18 21:00:00,1,,test,arima,0.331,0.06558278502588231
Merzenhausen,2024-02-18 22:00:00,1,,test,arima,0.331,0.06555179599439695
Merzenhausen,2024-02-18 23:00:00,1,,test,arima,0.328,0.06552082160577971
Merzenhausen,2024-02-19 00:00:00,1,,test,arima,0.328,0.06548986185311159
Merzenhausen,2024-02-19 01:00:00,1,,test,arima,0.328,0.06545891672947683
Merzenhausen,2024-02-19 02:00:00,1,,test,arima,0.328,0.06542798622796295
Merzenhausen,2024-02-19 03:00:00,1,,test,arima,0.328,0.06539707034166074
Merzenhausen,2024-02-19 04:00:00,1,,test,arima,0.328,0.06536616906366427
Merzenhausen,2024-02-19 05:00:00,1,,test,arima,0.33,0.06533528238707083
Merzenhausen,2024-02-19 06:00:00,1,,test,arima,0.33,0.065304410304981
Merzenhausen,2024-02-19 07:00:00,1,,test,arima,0.33,0.06527355281049865
Merzenhausen,2024-02-19 08:00:00,1,,test,arima,0.327,0.06524270989673084
Merzenhausen,2024-02-19 09:00:00,1,,test,arima,0.327,0.06521188155678795
Merzenhausen,2024-02-19 10:00:00,1,,test,arima,0.327,0.06518106778378356
Merzenhausen,2024-02-19 11:00:00,1,,test,arima,0.327,0.06515026857083456
Merzenhausen,2024-02-19 12:00:00,1,,test,arima,0.327,0.06511948391106104
Merzenhausen,2024-02-19 13:00:00,1,,test,arima,0.327,0.06508871379758639
Merzenhausen,2024-02-19 14:00:00,1,,test,arima,0.327,0.06505795822353722
Merzenhausen,2024-02-19 15:00:00,1,,test,arima,0.328,0.06502721718204338
Merzenhausen,2024-02-19 16:00:00,1,,test,arima,0.327,0.06499649066623797
Merzenhausen,2024-02-19 17:00:00,1,,test,arima,0.327,0.06496577866925737
Merzenhausen,2024-02-19 18:00:00,1,,test,arima,0.328,0.06493508118424118
Merzenhausen,2024-02-19 19:00:00,1,,test,arima,0.325,0.06490439820433222
Merzenhausen,2024-02-19 20:00:00,1,,test,arima,0.325,0.06487372972267658
Merzenhausen,2024-02-19 21:00:00,1,,test,arima,0.325,0.06484307573242357
Merzenhausen,2024-02-19 22:00:00,1,,test,arima,0.325,0.06481243622672574
Merzenhausen,2024-02-19 23:00:00,1,,test,arima,0.325,0.0647818111987389
Merzenhausen,2024-02-20 00:00:00,1,,test,arima,0.327,0.06475120064162204
Merzenhausen,2024-02-20 01:00:00,1,,test,arima,0.33,0.06472060454853747
Merzenhausen,2024-02-20 02:00:00,1,,test,arima,0.33,0.06469002291265064
Merzenhausen,2024-02-20 03:00:00,1,,test,arima,0.332,0.06465945572713026
Merzenhausen,2024-02-20 04:00:00,1,,test,arima,0.333,0.0646289029851483
Merzenhausen,2024-02-20 05:00:00,1,,test,arima,0.335,0.06459836467987992
Merzenhausen,2024-02-20 06:00:00,1,,test,arima,0.335,0.0645678408045035
Merzenhausen,2024-02-20 07:00:00,1,,test,arima,0.337,0.0645373313522007
Merzenhausen,2024-02-20 08:00:00,1,,test,arima,0.336,0.06450683631615634
Merzenhausen,2024-02-20 09:00:00,1,,test,arima,0.336,0.06447635568955846
Merzenhausen,2024-02-20 10:00:00,1,,test,arima,0.334,0.06444588946559837
Merzenhausen,2024-02-20 11:00:00,1,,test,arima,0.337,0.06441543763747057
Merzenhausen,2024-02-20 12:00:00,1,,test,arima,0.335,0.06438500019837273
Merzenhausen,2024-02-20 13:00:00,1,,test,arima,0.336,0.06435457714150583
Merzenhausen,2024-02-20 14:00:00,1,,test,arima,0.337,0.064324168460074
Merzenhausen,2024-02-20 15:00:00,1,,test,arima,0.336,0.06429377414728456
Merzenhausen,2024-02-20 16:00:00,1,,test,arima,0.336,0.06426339419634809
Merzenhausen,2024-02-20 17:00:00,1,,test,arima,0.336,0.06423302860047837
Merzenhausen,2024-02-20 18:00:00,1,,test,arima,0.336,0.06420267735289237
Merzenhausen,2024-02-20 19:00:00,1,,test,arima,0.339,0.06417234044681025
Merzenhausen,2024-02-20 20:00:00,1,,test,arima,0.34,0.06414201787545543
Merzenhausen,2024-02-20 21:00:00,1,,test,arima,0.34,0.06411170963205447
Merzenhausen,2024-02-20 22:00:00,1,,test,arima,0.34,0.06408141570983716
Merzenhausen,2024-02-20 23:00:00,1,,test,arima,0.34,0.06405113610203651
Merzenhausen,2024-02-21 00:00:00,1,,test,arima,0.34,0.06402087080188867
Merzenhausen,2024-02-21 01:00:00,1,,test,arima,0.34,0.06399061980263304
Merzenhausen,2024-02-21 02:00:00,1,,test,arima,0.34,0.0639603830975122
Merzenhausen,2024-02-21 03:00:00,1,,test,arima,0.34,0.06393016067977189
Merzenhausen,2024-02-21 04:00:00,1,,test,arima,0.34,0.06389995254266109
Merzenhausen,2024-02-21 05:00:00,1,,test,arima,0.34,0.06386975867943195
Merzenhausen,2024-02-21 06:00:00,1,,test,arima,0.34,0.0638395790833398
Merzenhausen,2024-02-21 07:00:00,1,,test,arima,0.341,0.06380941374764318
Merzenhausen,2024-02-21 08:00:00,1,,test,arima,0.339,0.06377926266560377
Merzenhausen,2024-02-21 09:00:00,1,,test,arima,0.339,0.06374912583048647
Merzenhausen,2024-02-21 10:00:00,1,,test,arima,0.339,0.06371900323555939
Merzenhausen,2024-02-21 11:00:00,1,,test,arima,0.339,0.06368889487409375
Merzenhausen,2024-02-21 12:00:00,1,,test,arima,0.339,0.063658800739364
Merzenhausen,2024-02-21 13:00:00,1,,test,arima,0.339,0.06362872082464775
Merzenhausen,2024-02-21 14:00:00,1,,test,arima,0.338,0.0635986551232258
Merzenhausen,2024-02-21 15:00:00,1,,test,arima,0.338,0.0635686036283821
Merzenhausen,2024-02-21 16:00:00,1,,test,arima,0.339,0.06353856633340381
Merzenhausen,2024-02-21 17:00:00,1,,test,arima,0.339,0.06350854323158123
Merzenhausen,2024-02-21 18:00:00,1,,test,arima,0.337,0.06347853431620784
Merzenhausen,2024-02-21 19:00:00,1,,test,arima,0.337,0.0634485395805803
Merzenhausen,2024-02-21 20:00:00,1,,test,arima,0.337,0.06341855901799842
Merzenhausen,2024-02-21 21:00:00,1,,test,arima,0.337,0.06338859262176519
Merzenhausen,2024-02-21 22:00:00,1,,test,arima,0.335,0.06335864038518674
Merzenhausen,2024-02-21 23:00:00,1,,test,arima,0.336,0.06332870230157239
Merzenhausen,2024-02-22 00:00:00,1,,test,arima,0.335,0.06329877836423463
Merzenhausen,2024-02-22 01:00:00,1,,test,arima,0.335,0.06326886856648908
Merzenhausen,2024-02-22 02:00:00,1,,test,arima,0.337,0.06323897290165453
Merzenhausen,2024-02-22 03:00:00,1,,test,arima,0.334,0.06320909136305294
Merzenhausen,2024-02-22 04:00:00,1,,test,arima,0.334,0.06317922394400939
Merzenhausen,2024-02-22 05:00:00,1,,test,arima,0.334,0.06314937063785217
Merzenhausen,2024-02-22 06:00:00,1,,test,arima,0.335,0.06311953143791266
Merzenhausen,2024-02-22 07:00:00,1,,test,arima,0.332,0.06308970633752543
Merzenhausen,2024-02-22 08:00:00,1,,test,arima,0.334,0.0630598953300282
Merzenhausen,2024-02-22 09:00:00,1,,test,arima,0.333,0.06303009840876184
Merzenhausen,2024-02-22 10:00:00,1,,test,arima,0.334,0.06300031556707031
Merzenhausen,2024-02-22 11:00:00,1,,test,arima,0.334,0.0629705467983008
Merzenhausen,2024-02-22 12:00:00,1,,test,arima,0.335,0.06294079209580361
Merzenhausen,2024-02-22 13:00:00,1,,test,arima,0.332,0.06291105145293215
Merzenhausen,2024-02-22 14:00:00,1,,test,arima,0.332,0.06288132486304301
Merzenhausen,2024-02-22 15:00:00,1,,test,arima,0.332,0.0628516123194959
Merzenhausen,2024-02-22 16:00:00,1,,test,arima,0.332,0.06282191381565369
Merzenhausen,2024-02-22 17:00:00,1,,test,arima,0.333,0.06279222934488235
Merzenhausen,2024-02-22 18:00:00,1,,test,arima,0.33,0.06276255890055102
Merzenhausen,2024-02-22 19:00:00,1,,test,arima,0.33,0.06273290247603194
Merzenhausen,2024-02-22 20:00:00,1,,test,arima,0.33,0.0627032600647005
Merzenhausen,2024-02-22 21:00:00,1,,test,arima,0.332,0.06267363165993525
Merzenhausen,2024-02-22 22:00:00,1,,test,arima,0.332,0.06264401725511781
Merzenhausen,2024-02-22 23:00:00,1,,test,arima,0.332,0.06261441684363296
Merzenhausen,2024-02-23 00:00:00,1,,test,arima,0.33,0.06258483041886861
Merzenhausen,2024-02-23 01:00:00,1,,test,arima,0.33,0.0625552579742158
Merzenhausen,2024-02-23 02:00:00,1,,test,arima,0.33,0.06252569950306863
Merzenhausen,2024-02-23 03:00:00,1,,test,arima,0.329,0.06249615499882442
Merzenhausen,2024-02-23 04:00:00,1,,test,arima,0.33,0.06246662445488353
Merzenhausen,2024-02-23 05:00:00,1,,test,arima,0.331,0.06243710786464948
Merzenhausen,2024-02-23 06:00:00,1,,test,arima,0.331,0.0624076052215289
Merzenhausen,2024-02-23 07:00:00,1,,test,arima,0.329,0.06237811651893152
Merzenhausen,2024-02-23 08:00:00,1,,test,arima,0.329,0.0623486417502702
Merzenhausen,2024-02-23 09:00:00,1,,test,arima,0.327,0.06231918090896092
Merzenhausen,2024-02-23 10:00:00,1,,test,arima,0.33,0.062289733988422746
Merzenhausen,2024-02-23 11:00:00,1,,test,arima,0.33,0.062260300982077854
Merzenhausen,2024-02-23 12:00:00,1,,test,arima,0.33,0.06223088188335156
Merzenhausen,2024-02-23 13:00:00,1,,test,arima,0.327,0.06220147668567227
Merzenhausen,2024-02-23 14:00:00,1,,test,arima,0.327,0.06217208538247147
Merzenhausen,2024-02-23 15:00:00,1,,test,arima,0.327,0.0621427079671838
Merzenhausen,2024-02-23 16:00:00,1,,test,arima,0.327,0.06211334443324694
Merzenhausen,2024-02-23 17:00:00,1,,test,arima,0.327,0.062083994774101744
Merzenhausen,2024-02-23 18:00:00,1,,test,arima,0.329,0.062054658983192096
Merzenhausen,2024-02-23 19:00:00,1,,test,arima,0.326,0.06202533705396502
Merzenhausen,2024-02-23 20:00:00,1,,test,arima,0.327,0.061996028979870624
Merzenhausen,2024-02-23 21:00:00,1,,test,arima,0.327,0.06196673475436211
Merzenhausen,2024-02-23 22:00:00,1,,test,arima,0.327,0.061937454370895775
Merzenhausen,2024-02-23 23:00:00,1,,test,arima,0.327,0.06190818782293101
Merzenhausen,2024-02-24 00:00:00,1,,test,arima,0.325,0.0618789351039303
Merzenhausen,2024-02-24 01:00:00,1,,test,arima,0.325,0.061849696207359195
Merzenhausen,2024-02-24 02:00:00,1,,test,arima,0.325,0.06182047112668637
Merzenhausen,2024-02-24 03:00:00,1,,test,arima,0.327,0.06179125985538357
Merzenhausen,2024-02-24 04:00:00,1,,test,arima,0.327,0.0617620623869256
Merzenhausen,2024-02-24 05:00:00,1,,test,arima,0.329,0.06173287871479039
Merzenhausen,2024-02-24 06:00:00,1,,test,arima,0.332,0.06170370883245893
Merzenhausen,2024-02-24 07:00:00,1,,test,arima,0.335,0.06167455273341528
Merzenhausen,2024-02-24 08:00:00,1,,test,arima,0.342,0.061645410411146614
Merzenhausen,2024-02-24 09:00:00,1,,test,arima,0.349,0.06161628185914314
Merzenhausen,2024-02-24 10:00:00,1,,test,arima,0.356,0.061587167070898174
Merzenhausen,2024-02-24 11:00:00,1,,test,arima,0.354,0.061558066039908085
Merzenhausen,2024-02-24 12:00:00,1,,test,arima,0.354,0.06152897875967234
Merzenhausen,2024-02-24 13:00:00,1,,test,arima,0.356,0.061499905223693446
Merzenhausen,2024-02-24 14:00:00,1,,test,arima,0.356,0.06147084542547701
Merzenhausen,2024-02-24 15:00:00,1,,test,arima,0.358,0.0614417993585317
Merzenhausen,2024-02-24 16:00:00,1,,test,arima,0.354,0.06141276701636924
Merzenhausen,2024-02-24 17:00:00,1,,test,arima,0.353,0.06138374839250442
Merzenhausen,2024-02-24 18:00:00,1,,test,arima,0.354,0.06135474348045511
Merzenhausen,2024-02-24 19:00:00,1,,test,arima,0.351,0.06132575227374222
Merzenhausen,2024-02-24 20:00:00,1,,test,arima,0.353,0.06129677476588975
Merzenhausen,2024-02-24 21:00:00,1,,test,arima,0.351,0.06126781095042474
Merzenhausen,2024-02-24 22:00:00,1,,test,arima,0.351,0.06123886082087729
Merzenhausen,2024-02-24 23:00:00,1,,test,arima,0.35,0.06120992437078056
Merzenhausen,2024-02-25 00:00:00,1,,test,arima,0.351,0.06118100159367078
Merzenhausen,2024-02-25 01:00:00,1,,test,arima,0.35,0.0611520924830872
Merzenhausen,2024-02-25 02:00:00,1,,test,arima,0.35,0.06112319703257216
Merzenhausen,2024-02-25 03:00:00,1,,test,arima,0.348,0.06109431523567102
Merzenhausen,2024-02-25 04:00:00,1,,test,arima,0.348,0.061065447085932215
Merzenhausen,2024-02-25 05:00:00,1,,test,arima,0.346,0.06103659257690722
Merzenhausen,2024-02-25 06:00:00,1,,test,arima,0.346,0.06100775170215055
Merzenhausen,2024-02-25 07:00:00,1,,test,arima,0.3385,0.060978924455219775
Merzenhausen,2024-02-25 08:00:00,1,,test,arima,0.345,0.060950110829675504
Merzenhausen,2024-02-25 09:00:00,1,,test,arima,0.345,0.060921310819081385
Merzenhausen,2024-02-25 10:00:00,1,,test,arima,0.343,0.060892524417004115
Merzenhausen,2024-02-25 11:00:00,1,,test,arima,0.345,0.060863751617013434
Merzenhausen,2024-02-25 12:00:00,1,,test,arima,0.342,0.06083499241268211
Merzenhausen,2024-02-25 13:00:00,1,,test,arima,0.342,0.06080624679758594
Merzenhausen,2024-02-25 14:00:00,1,,test,arima,0.343,0.0607775147653038
Merzenhausen,2024-02-25 15:00:00,1,,test,arima,0.343,0.060748796309417534
Merzenhausen,2024-02-25 16:00:00,1,,test,arima,0.34,0.06072009142351207
Merzenhausen,2024-02-25 17:00:00,1,,test,arima,0.341,0.06069140010117535
Merzenhausen,2024-02-25 18:00:00,1,,test,arima,0.342,0.060662722335998356
Merzenhausen,2024-02-25 19:00:00,1,,test,arima,0.34,0.060634058121575074
Merzenhausen,2024-02-25 20:00:00,1,,test,arima,0.338,0.06060540745150254
Merzenhausen,2024-02-25 21:00:00,1,,test,arima,0.339,0.0605767703193808
Merzenhausen,2024-02-25 22:00:00,1,,test,arima,0.339,0.06054814671881294
Merzenhausen,2024-02-25 23:00:00,1,,test,arima,0.34,0.06051953664340505
Merzenhausen,2024-02-26 00:00:00,1,,test,arima,0.337,0.06049094008676627
Merzenhausen,2024-02-26 01:00:00,1,,test,arima,0.337,0.06046235704250872
Merzenhausen,2024-02-26 02:00:00,1,,test,arima,0.337,0.06043378750424758
Merzenhausen,2024-02-26 03:00:00,1,,test,arima,0.337,0.060405231465601006
Merzenhausen,2024-02-26 04:00:00,1,,test,arima,0.336,0.06037668892019021
Merzenhausen,2024-02-26 05:00:00,1,,test,arima,0.337,0.06034815986163938
Merzenhausen,2024-02-26 06:00:00,1,,test,arima,0.337,0.06031964428357575
Merzenhausen,2024-02-26 07:00:00,1,,test,arima,0.337,0.06029114217962954
Merzenhausen,2024-02-26 08:00:00,1,,test,arima,0.337,0.060262653543434
Merzenhausen,2024-02-26 09:00:00,1,,test,arima,0.337,0.060234178368625366
Merzenhausen,2024-02-26 10:00:00,1,,test,arima,0.337,0.0602057166488429
Merzenhausen,2024-02-26 11:00:00,1,,test,arima,0.334,0.06017726837772887
Merzenhausen,2024-02-26 12:00:00,1,,test,arima,0.335,0.060148833548928526
Merzenhausen,2024-02-26 13:00:00,1,,test,arima,0.335,0.06012041215609015
Merzenhausen,2024-02-26 14:00:00,1,,test,arima,0.335,0.060092004192865006
Merzenhausen,2024-02-26 15:00:00,1,,test,arima,0.335,0.06006360965290736
Merzenhausen,2024-02-26 16:00:00,1,,test,arima,0.335,0.06003522852987448
Merzenhausen,2024-02-26 17:00:00,1,,test,arima,0.335,0.060006860817426635
Merzenhausen,2024-02-26 18:00:00,1,,test,arima,0.335,0.059978506509227085
Merzenhausen,2024-02-26 19:00:00,1,,test,arima,0.335,0.059950165598942076
Merzenhausen,2024-02-26 20:00:00,1,,test,arima,0.333,0.05992183808024087
Merzenhausen,2024-02-26 21:00:00,1,,test,arima,0.333,0.05989352394679569
Merzenhausen,2024-02-26 22:00:00,1,,test,arima,0.333,0.05986522319228177
Merzenhausen,2024-02-26 23:00:00,1,,test,arima,0.334,0.05983693581037733
Merzenhausen,2024-02-27 00:00:00,1,,test,arima,0.334,0.059808661794763573
Merzenhausen,2024-02-27 01:00:00,1,,test,arima,0.332,0.05978040113912469
Merzenhausen,2024-02-27 02:00:00,1,,test,arima,0.332,0.05975215383714785
Merzenhausen,2024-02-27 03:00:00,1,,test,arima,0.332,0.05972391988252323
Merzenhausen,2024-02-27 04:00:00,1,,test,arima,0.332,0.05969569926894394
Merzenhausen,2024-02-27 05:00:00,1,,test,arima,0.332,0.059667491990106125
Merzenhausen,2024-02-27 06:00:00,1,,test,arima,0.334,0.05963929803970886
Merzenhausen,2024-02-27 07:00:00,1,,test,arima,0.331,0.05961111741145424
Merzenhausen,2024-02-27 08:00:00,1,,test,arima,0.332,0.059582950099047294
Merzenhausen,2024-02-27 09:00:00,1,,test,arima,0.332,0.059554796096196065
Merzenhausen,2024-02-27 10:00:00,1,,test,arima,0.332,0.05952665539661155
Merzenhausen,2024-02-27 11:00:00,1,,test,arima,0.332,0.05949852799400771
Merzenhausen,2024-02-27 12:00:00,1,,test,arima,0.331,0.0594704138821015
Merzenhausen,2024-02-27 13:00:00,1,,test,arima,0.332,0.05944231305461281
Merzenhausen,2024-02-27 14:00:00,1,,test,arima,0.332,0.05941422550526453
Merzenhausen,2024-02-27 15:00:00,1,,test,arima,0.329,0.0593861512277825
Merzenhausen,2024-02-27 16:00:00,1,,test,arima,0.332,0.059358090215895526
Merzenhausen,2024-02-27 17:00:00,1,,test,arima,0.33,0.05933004246333538
Merzenhausen,2024-02-27 18:00:00,1,,test,arima,0.33,0.05930200796383679
Merzenhausen,2024-02-27 19:00:00,1,,test,arima,0.33,0.059273986711137455
Merzenhausen,2024-02-27 20:00:00,1,,test,arima,0.33,0.059245978698978026
Merzenhausen,2024-02-27 21:00:00,1,,test,arima,0.33,0.05921798392110211
Merzenhausen,2024-02-27 22:00:00,1,,test,arima,0.332,0.05919000237125627
Merzenhausen,2024-02-27 23:00:00,1,,test,arima,0.329,0.05916203404319004
Merzenhausen,2024-02-28 00:00:00,1,,test,arima,0.329,0.059134078930655865
Merzenhausen,2024-02-28 01:00:00,1,,test,arima,0.329,0.0591061370274092
Merzenhausen,2024-02-28 02:00:00,1,,test,arima,0.329,0.05907820832720842
Merzenhausen,2024-02-28 03:00:00,1,,test,arima,0.329,0.05905029282381484
Merzenhausen,2024-02-28 04:00:00,1,,test,arima,0.329,0.059022390510992735
Merzenhausen,2024-02-28 05:00:00,1,,test,arima,0.33,0.058994501382509335
Merzenhausen,2024-02-28 06:00:00,1,,test,arima,0.327,0.058966625432134795
Merzenhausen,2024-02-28 07:00:00,1,,test,arima,0.328,0.05893876265364222
Merzenhausen,2024-02-28 08:00:00,1,,test,arima,0.328,0.05891091304080768
Merzenhausen,2024-02-28 09:00:00,1,,test,arima,0.328,0.058883076587410155
Merzenhausen,2024-02-28 10:00:00,1,,test,arima,0.328,0.05885525328723158
Merzenhausen,2024-02-28 11:00:00,1,,test,arima,0.328,0.05882744313405682
Merzenhausen,2024-02-28 12:00:00,1,,test,arima,0.326,0.058799646121673696
Merzenhausen,2024-02-28 13:00:00,1,,test,arima,0.327,0.05877186224387293
Merzenhausen,2024-02-28 14:00:00,1,,test,arima,0.327,0.05874409149444822
Merzenhausen,2024-02-28 15:00:00,1,,test,arima,0.327,0.05871633386719616
Merzenhausen,2024-02-28 16:00:00,1,,test,arima,0.327,0.058688589355916296
Merzenhausen,2024-02-28 17:00:00,1,,test,arima,0.327,0.05866085795441109
Merzenhausen,2024-02-28 18:00:00,1,,test,arima,0.327,0.05863313965648595
Merzenhausen,2024-02-28 19:00:00,1,,test,arima,0.327,0.05860543445594921
Merzenhausen,2024-02-28 20:00:00,1,,test,arima,0.325,0.0585777423466121
Merzenhausen,2024-02-28 21:00:00,1,,test,arima,0.325,0.05855006332228881
Merzenhausen,2024-02-28 22:00:00,1,,test,arima,0.325,0.05852239737679644
Merzenhausen,2024-02-28 23:00:00,1,,test,arima,0.323,0.05849474450395499
Merzenhausen,2024-02-29 00:00:00,1,,test,arima,0.323,0.058467104697587424
Merzenhausen,2024-02-29 01:00:00,1,,test,arima,0.325,0.05843947795151959
Merzenhausen,2024-02-29 02:00:00,1,,test,arima,0.325,0.05841186425958026
Merzenhausen,2024-02-29 03:00:00,1,,test,arima,0.325,0.05838426361560113
Merzenhausen,2024-02-29 04:00:00,1,,test,arima,0.325,0.05835667601341682
Merzenhausen,2024-02-29 05:00:00,1,,test,arima,0.325,0.05832910144686483
Merzenhausen,2024-02-29 06:00:00,1,,test,arima,0.322,0.05830153990978561
Merzenhausen,2024-02-29 07:00:00,1,,test,arima,0.323,0.05827399139602249
Merzenhausen,2024-02-29 08:00:00,1,,test,arima,0.323,0.05824645589942172
Merzenhausen,2024-02-29 09:00:00,1,,test,arima,0.324,0.05821893341383247
Merzenhausen,2024-02-29 10:00:00,1,,test,arima,0.324,0.05819142393310679
Merzenhausen,2024-02-29 11:00:00,1,,test,arima,0.322,0.058163927451099676
Merzenhausen,2024-02-29 12:00:00,1,,test,arima,0.322,0.05813644396166898
Merzenhausen,2024-02-29 13:00:00,1,,test,arima,0.322,0.05810897345867549
Merzenhausen,2024-02-29 14:00:00,1,,test,arima,0.322,0.058081515935982875
Merzenhausen,2024-02-29 15:00:00,1,,test,arima,0.322,0.05805407138745772
Merzenhausen,2024-02-29 16:00:00,1,,test,arima,0.322,0.058026639806969496
Merzenhausen,2024-02-29 17:00:00,1,,test,arima,0.323,0.05799922118839058
Merzenhausen,2024-02-29 18:00:00,1,,test,arima,0.32,0.05797181552559623
Merzenhausen,2024-02-29 19:00:00,1,,test,arima,0.32,0.05794442281246462
Merzenhausen,2024-02-29 20:00:00,1,,test,arima,0.32,0.057917043042876794
Merzenhausen,2024-02-29 21:00:00,1,,test,arima,0.32,0.057889676210716695
Merzenhausen,2024-02-29 22:00:00,1,,test,arima,0.319,0.05786232230987118
Merzenhausen,2024-02-29 23:00:00,1,,test,arima,0.32,0.05783498133422994
Merzenhausen,2024-03-01 00:00:00,1,,test,arima,0.32,0.05780765327768562
Merzenhausen,2024-03-01 01:00:00,1,,test,arima,0.32,0.0577803381341337
Merzenhausen,2024-03-01 02:00:00,1,,test,arima,0.32,0.05775303589747255
Merzenhausen,2024-03-01 03:00:00,1,,test,arima,0.32,0.05772574656160345
Merzenhausen,2024-03-01 04:00:00,1,,test,arima,0.318,0.057698470120430556
Merzenhausen,2024-03-01 05:00:00,1,,test,arima,0.318,0.05767120656786087
Merzenhausen,2024-03-01 06:00:00,1,,test,arima,0.318,0.05764395589780432
Merzenhausen,2024-03-01 07:00:00,1,,test,arima,0.319,0.05761671810417368
Merzenhausen,2024-03-01 08:00:00,1,,test,arima,0.32,0.057589493180884604
Merzenhausen,2024-03-01 09:00:00,1,,test,arima,0.317,0.05756228112185564
Merzenhausen,2024-03-01 10:00:00,1,,test,arima,0.317,0.05753508192100819
Merzenhausen,2024-03-01 11:00:00,1,,test,arima,0.317,0.05750789557226652
Merzenhausen,2024-03-01 12:00:00,1,,test,arima,0.318,0.05748072206955781
Merzenhausen,2024-03-01 13:00:00,1,,test,arima,0.316,0.05745356140681206
Merzenhausen,2024-03-01 14:00:00,1,,test,arima,0.318,0.057426413577962174
Merzenhausen,2024-03-01 15:00:00,1,,test,arima,0.318,0.05739927857694389
Merzenhausen,2024-03-01 16:00:00,1,,test,arima,0.315,0.057372156397695856
Merzenhausen,2024-03-01 17:00:00,1,,test,arima,0.315,0.05734504703415953
Merzenhausen,2024-03-01 18:00:00,1,,test,arima,0.316,0.057317950480279274
Merzenhausen,2024-03-01 19:00:00,1,,test,arima,0.316,0.05729086673000229
Merzenhausen,2024-03-01 20:00:00,1,,test,arima,0.316,0.057263795777278664
Merzenhausen,2024-03-01 21:00:00,1,,test,arima,0.315,0.05723673761606131
Merzenhausen,2024-03-01 22:00:00,1,,test,arima,0.316,0.05720969224030602
Merzenhausen,2024-03-01 23:00:00,1,,test,arima,0.316,0.05718265964397143
Merzenhausen,2024-03-02 00:00:00,1,,test,arima,0.316,0.05715563982101904
Merzenhausen,2024-03-02 01:00:00,1,,test,arima,0.316,0.057128632765413204
Merzenhausen,2024-03-02 02:00:00,1,,test,arima,0.313,0.057101638471121124
Merzenhausen,2024-03-02 03:00:00,1,,test,arima,0.314,0.05707465693211285
Merzenhausen,2024-03-02 04:00:00,1,,test,arima,0.314,0.057047688142361275
Merzenhausen,2024-03-02 05:00:00,1,,test,arima,0.313,0.05702073209584216
Merzenhausen,2024-03-02 06:00:00,1,,test,arima,0.312,0.0569937887865341
Merzenhausen,2024-03-02 07:00:00,1,,test,arima,0.313,0.05696685820841853
Merzenhausen,2024-03-02 08:00:00,1,,test,arima,0.31,0.056939940355479744
Merzenhausen,2024-03-02 09:00:00,1,,test,arima,0.311,0.056913035221704864
Merzenhausen,2024-03-02 10:00:00,1,,test,arima,0.311,0.05688614280108386
Merzenhausen,2024-03-02 11:00:00,1,,test,arima,0.312,0.056859263087609545
Merzenhausen,2024-03-02 12:00:00,1,,test,arima,0.313,0.056832396075277555
Merzenhausen,2024-03-02 13:00:00,1,,test,arima,0.311,0.056805541758086386
Merzenhausen,2024-03-02 14:00:00,1,,test,arima,0.311,0.05677870013003736
Merzenhausen,2024-03-02 15:00:00,1,,test,arima,0.311,0.05675187118513462
Merzenhausen,2024-03-02 16:00:00,1,,test,arima,0.311,0.05672505491738516
Merzenhausen,2024-03-02 17:00:00,1,,test,arima,0.309,0.056698251320798795
Merzenhausen,2024-03-02 18:00:00,1,,test,arima,0.309,0.05667146038938818
Merzenhausen,2024-03-02 19:00:00,1,,test,arima,0.309,0.056644682117168804
Merzenhausen,2024-03-02 20:00:00,1,,test,arima,0.309,0.05661791649815896
Merzenhausen,2024-03-02 21:00:00,1,,test,arima,0.309,0.05659116352637979
Merzenhausen,2024-03-02 22:00:00,1,,test,arima,0.311,0.056564423195855244
Merzenhausen,2024-03-02 23:00:00,1,,test,arima,0.311,0.056537695500612106
Merzenhausen,2024-03-03 00:00:00,1,,test,arima,0.308,0.05651098043467999
Merzenhausen,2024-03-03 01:00:00,1,,test,arima,0.308,0.05648427799209132
Merzenhausen,2024-03-03 02:00:00,1,,test,arima,0.309,0.05645758816688133
Merzenhausen,2024-03-03 03:00:00,1,,test,arima,0.31,0.056430910953088095
Merzenhausen,2024-03-03 04:00:00,1,,test,arima,0.31,0.056404246344752496
Merzenhausen,2024-03-03 05:00:00,1,,test,arima,0.31,0.05637759433591823
Merzenhausen,2024-03-03 06:00:00,1,,test,arima,0.31,0.0563509549206318
Merzenhausen,2024-03-03 07:00:00,1,,test,arima,0.308,0.05632432809294255
Merzenhausen,2024-03-03 08:00:00,1,,test,arima,0.308,0.056297713846902596
Merzenhausen,2024-03-03 09:00:00,1,,test,arima,0.308,0.0562711121765669
Merzenhausen,2024-03-03 10:00:00,1,,test,arima,0.308,0.05624452307599321
Merzenhausen,2024-03-03 11:00:00,1,,test,arima,0.308,0.056217946539242086
Merzenhausen,2024-03-03 12:00:00,1,,test,arima,0.308,0.05619138256037691
Merzenhausen,2024-03-03 13:00:00,1,,test,arima,0.308,0.05616483113346385
Merzenhausen,2024-03-03 14:00:00,1,,test,arima,0.308,0.05613829225257189
Merzenhausen,2024-03-03 15:00:00,1,,test,arima,0.308,0.05611176591177281
Merzenhausen,2024-03-03 16:00:00,1,,test,arima,0.308,0.056085252105141196
Merzenhausen,2024-03-03 17:00:00,1,,test,arima,0.309,0.05605875082675442
Merzenhausen,2024-03-03 18:00:00,1,,test,arima,0.307,0.05603226207069268
Merzenhausen,2024-03-03 19:00:00,1,,test,arima,0.309,0.05600578583103895
Merzenhausen,2024-03-03 20:00:00,1,,test,arima,0.306,0.05597932210187899
Merzenhausen,2024-03-03 21:00:00,1,,test,arima,0.308,0.055952870877301386
Merzenhausen,2024-03-03 22:00:00,1,,test,arima,0.308,0.0559264321513975
Merzenhausen,2024-03-03 23:00:00,1,,test,arima,0.308,0.05590000591826147
Merzenhausen,2024-03-04 00:00:00,1,,test,arima,0.3125,0.05587359217199027
Merzenhausen,2024-03-04 01:00:00,1,,test,arima,0.308,0.0558471909066836
Merzenhausen,2024-03-04 02:00:00,1,,test,arima,0.306,0.05582080211644401
Merzenhausen,2024-03-04 03:00:00,1,,test,arima,0.306,0.0557944257953768
Merzenhausen,2024-03-04 04:00:00,1,,test,arima,0.306,0.05576806193759006
Merzenhausen,2024-03-04 05:00:00,1,,test,arima,0.306,0.05574171053719468
Merzenhausen,2024-03-04 06:00:00,1,,test,arima,0.306,0.0557153715883043
Merzenhausen,2024-03-04 07:00:00,1,,test,arima,0.307,0.05568904508503539
Merzenhausen,2024-03-04 08:00:00,1,,test,arima,0.304,0.05566273102150715
Merzenhausen,2024-03-04 09:00:00,1,,test,arima,0.304,0.055636429391841595
Merzenhausen,2024-03-04 10:00:00,1,,test,arima,0.306,0.0556101401901635
Merzenhausen,2024-03-04 11:00:00,1,,test,arima,0.304,0.05558386341060041
Merzenhausen,2024-03-04 12:00:00,1,,test,arima,0.306,0.05555759904728267
Merzenhausen,2024-03-04 13:00:00,1,,test,arima,0.304,0.055531347094343375
Merzenhausen,2024-03-04 14:00:00,1,,test,arima,0.307,0.055505107545918406
Merzenhausen,2024-03-04 15:00:00,1,,test,arima,0.306,0.0554788803961464
Merzenhausen,2024-03-04 16:00:00,1,,test,arima,0.306,0.055452665639168786
Merzenhausen,2024-03-04 17:00:00,1,,test,arima,0.306,0.05542646326912974
Merzenhausen,2024-03-04 18:00:00,1,,test,arima,0.304,0.055400273280176215
Merzenhausen,2024-03-04 19:00:00,1,,test,arima,0.304,0.05537409566645793
Merzenhausen,2024-03-04 20:00:00,1,,test,arima,0.304,0.05534793042212736
Merzenhausen,2024-03-04 21:00:00,1,,test,arima,0.306,0.05532177754133976
Merzenhausen,2024-03-04 22:00:00,1,,test,arima,0.303,0.05529563701825312
Merzenhausen,2024-03-04 23:00:00,1,,test,arima,0.304,0.055269508847028234
Merzenhausen,2024-03-05 00:00:00,1,,test,arima,0.304,0.055243393021828596
Merzenhausen,2024-03-05 01:00:00,1,,test,arima,0.305,0.055217289536820514
Merzenhausen,2024-03-05 02:00:00,1,,test,arima,0.306,0.05519119838617301
Merzenhausen,2024-03-05 03:00:00,1,,test,arima,0.306,0.055165119564057896
Merzenhausen,2024-03-05 04:00:00,1,,test,arima,0.303,0.05513905306464971
Merzenhausen,2024-03-05 05:00:00,1,,test,arima,0.303,0.05511299888212576
Merzenhausen,2024-03-05 06:00:00,1,,test,arima,0.304,0.05508695701066609
Merzenhausen,2024-03-05 07:00:00,1,,test,arima,0.304,0.055060927444453525
Merzenhausen,2024-03-05 08:00:00,1,,test,arima,0.303,0.05503491017767359
Merzenhausen,2024-03-05 09:00:00,1,,test,arima,0.303,0.0550089052045146
Merzenhausen,2024-03-05 10:00:00,1,,test,arima,0.303,0.05498291251916759
Merzenhausen,2024-03-05 11:00:00,1,,test,arima,0.303,0.05495693211582637
Merzenhausen,2024-03-05 12:00:00,1,,test,arima,0.303,0.05493096398868745
Merzenhausen,2024-03-05 13:00:00,1,,test,arima,0.303,0.05490500813195012
Merzenhausen,2024-03-05 14:00:00,1,,test,arima,0.303,0.054879064539816405
Merzenhausen,2024-03-05 15:00:00,1,,test,arima,0.303,0.054853133206491045
Merzenhausen,2024-03-05 16:00:00,1,,test,arima,0.303,0.05482721412618155
Merzenhausen,2024-03-05 17:00:00,1,,test,arima,0.303,0.054801307293098137
Merzenhausen,2024-03-05 18:00:00,1,,test,arima,0.304,0.05477541270145378
Merzenhausen,2024-03-05 19:00:00,1,,test,arima,0.304,0.05474953034546418
Merzenhausen,2024-03-05 20:00:00,1,,test,arima,0.304,0.05472366021934778
Merzenhausen,2024-03-05 21:00:00,1,,test,arima,0.302,0.05469780231732574
Merzenhausen,2024-03-05 22:00:00,1,,test,arima,0.301,0.05467195663362197
Merzenhausen,2024-03-05 23:00:00,1,,test,arima,0.301,0.05464612316246308
Merzenhausen,2024-03-06 00:00:00,1,,test,arima,0.302,0.05462030189807844
Merzenhausen,2024-03-06 01:00:00,1,,test,arima,0.301,0.05459449283470012
Merzenhausen,2024-03-06 02:00:00,1,,test,arima,0.299,0.05456869596656294
Merzenhausen,2024-03-06 03:00:00,1,,test,arima,0.301,0.05454291128790442
Merzenhausen,2024-03-06 04:00:00,1,,test,arima,0.301,0.054517138792964825
Merzenhausen,2024-03-06 05:00:00,1,,test,arima,0.301,0.05449137847598713
Merzenhausen,2024-03-06 06:00:00,1,,test,arima,0.301,0.05446563033121703
Merzenhausen,2024-03-06 07:00:00,1,,test,arima,0.299,0.05443989435290293
Merzenhausen,2024-03-06 08:00:00,1,,test,arima,0.299,0.054414170535295986
Merzenhausen,2024-03-06 09:00:00,1,,test,arima,0.299,0.05438845887265002
Merzenhausen,2024-03-06 10:00:00,1,,test,arima,0.299,0.05436275935922162
Merzenhausen,2024-03-06 11:00:00,1,,test,arima,0.299,0.054337071989270055
Merzenhausen,2024-03-06 12:00:00,1,,test,arima,0.297,0.05431139675705732
Merzenhausen,2024-03-06 13:00:00,1,,test,arima,0.3,0.054285733656848106
Merzenhausen,2024-03-06 14:00:00,1,,test,arima,0.3,0.05426008268290984
Merzenhausen,2024-03-06 15:00:00,1,,test,arima,0.297,0.05423444382951263
Merzenhausen,2024-03-06 16:00:00,1,,test,arima,0.297,0.05420881709092932
Merzenhausen,2024-03-06 17:00:00,1,,test,arima,0.297,0.05418320246143543
Merzenhausen,2024-03-06 18:00:00,1,,test,arima,0.297,0.05415759993530922
Merzenhausen,2024-03-06 19:00:00,1,,test,arima,0.299,0.05413200950683161
Merzenhausen,2024-03-06 20:00:00,1,,test,arima,0.299,0.05410643117028627
Merzenhausen,2024-03-06 21:00:00,1,,test,arima,0.299,0.05408086491995953
Merzenhausen,2024-03-06 22:00:00,1,,test,arima,0.297,0.05405531075014044
Merzenhausen,2024-03-06 23:00:00,1,,test,arima,0.297,0.05402976865512075
Merzenhausen,2024-03-07 00:00:00,1,,test,arima,0.297,0.0540042386291949
Merzenhausen,2024-03-07 01:00:00,1,,test,arima,0.297,0.05397872066666003
Merzenhausen,2024-03-07 02:00:00,1,,test,arima,0.295,0.053953214761815964
Merzenhausen,2024-03-07 03:00:00,1,,test,arima,0.296,0.05392772090896524
Merzenhausen,2024-03-07 04:00:00,1,,test,arima,0.296,0.05390223910241308
Merzenhausen,2024-03-07 05:00:00,1,,test,arima,0.296,0.05387676933646739
Merzenhausen,2024-03-07 06:00:00,1,,test,arima,0.297,0.053851311605438754
Merzenhausen,2024-03-07 07:00:00,1,,test,arima,0.294,0.05382586590364048
Merzenhausen,2024-03-07 08:00:00,1,,test,arima,0.295,0.053800432225388536
Merzenhausen,2024-03-07 09:00:00,1,,test,arima,0.296,0.053775010565001585
Merzenhausen,2024-03-07 10:00:00,1,,test,arima,0.295,0.05374960091680096
Merzenhausen,2024-03-07 11:00:00,1,,test,arima,0.295,0.05372420327511071
Merzenhausen,2024-03-07 12:00:00,1,,test,arima,0.295,0.05369881763425753
Merzenhausen,2024-03-07 13:00:00,1,,test,arima,0.295,0.05367344398857082
Merzenhausen,2024-03-07 14:00:00,1,,test,arima,0.295,0.053648082332382635
Merzenhausen,2024-03-07 15:00:00,1,,test,arima,0.295,0.05362273266002775
Merzenhausen,2024-03-07 16:00:00,1,,test,arima,0.294,0.053597394965843564
Merzenhausen,2024-03-07 17:00:00,1,,test,arima,0.295,0.0535720692441702
Merzenhausen,2024-03-07 18:00:00,1,,test,arima,0.295,0.053546755489350416
Merzenhausen,2024-03-07 19:00:00,1,,test,arima,0.295,0.05352145369572968
Merzenhausen,2024-03-07 20:00:00,1,,test,arima,0.295,0.05349616385765609
Merzenhausen,2024-03-07 21:00:00,1,,test,arima,0.295,0.05347088596948045
Merzenhausen,2024-03-07 22:00:00,1,,test,arima,0.294,0.05344562002555622
Merzenhausen,2024-03-07 23:00:00,1,,test,arima,0.294,0.05342036602023954
Merzenhausen,2024-03-08 00:00:00,1,,test,arima,0.294,0.05339512394788919
Merzenhausen,2024-03-08 01:00:00,1,,test,arima,0.294,0.05336989380286664
Merzenhausen,2024-03-08 02:00:00,1,,test,arima,0.294,0.05334467557953601
Merzenhausen,2024-03-08 03:00:00,1,,test,arima,0.294,0.053319469272264094
Merzenhausen,2024-03-08 04:00:00,1,,test,arima,0.292,0.053294274875420336
Merzenhausen,2024-03-08 05:00:00,1,,test,arima,0.292,0.05326909238337685
Merzenhausen,2024-03-08 06:00:00,1,,test,arima,0.292,0.05324392179050841
Merzenhausen,2024-03-08 07:00:00,1,,test,arima,0.292,0.05321876309119244
Merzenhausen,2024-03-08 08:00:00,1,,test,arima,0.293,0.05319361627980902
Merzenhausen,2024-03-08 09:00:00,1,,test,arima,0.293,0.053168481350740905
Merzenhausen,2024-03-08 10:00:00,1,,test,arima,0.292,0.05314335829837348
Merzenhausen,2024-03-08 11:00:00,1,,test,arima,0.292,0.05311824711709479
Merzenhausen,2024-03-08 12:00:00,1,,test,arima,0.29,0.053093147801295544
Merzenhausen,2024-03-08 13:00:00,1,,test,arima,0.291,0.05306806034536908
Merzenhausen,2024-03-08 14:00:00,1,,test,arima,0.29,0.05304298474371141
Merzenhausen,2024-03-08 15:00:00,1,,test,arima,0.29,0.053017920990721175
Merzenhausen,2024-03-08 16:00:00,1,,test,arima,0.29,0.05299286908079967
Merzenhausen,2024-03-08 17:00:00,1,,test,arima,0.29,0.05296782900835083
Merzenhausen,2024-03-08 18:00:00,1,,test,arima,0.29,0.052942800767781246
Merzenhausen,2024-03-08 19:00:00,1,,test,arima,0.29,0.05291778435350014
Merzenhausen,2024-03-08 20:00:00,1,,test,arima,0.291,0.05289277975991939
Merzenhausen,2024-03-08 21:00:00,1,,test,arima,0.292,0.05286778698145349
Merzenhausen,2024-03-08 22:00:00,1,,test,arima,0.292,0.0528428060125196
Merzenhausen,2024-03-08 23:00:00,1,,test,arima,0.29,0.0528178368475375
Merzenhausen,2024-03-09 00:00:00,1,,test,arima,0.29,0.052792879480929616
Merzenhausen,2024-03-09 01:00:00,1,,test,arima,0.293,0.052767933907121006
Merzenhausen,2024-03-09 02:00:00,1,,test,arima,0.301,0.05274300012053936
Merzenhausen,2024-03-09 03:00:00,1,,test,arima,0.311,0.052718078115615005
Merzenhausen,2024-03-09 04:00:00,1,,test,arima,0.32,0.0526931678867809
Merzenhausen,2024-03-09 05:00:00,1,,test,arima,0.337,0.052668269428472636
Merzenhausen,2024-03-09 06:00:00,1,,test,arima,0.346,0.052643382735128426
Merzenhausen,2024-03-09 07:00:00,1,,test,arima,0.344,0.05261850780118912
Merzenhausen,2024-03-09 08:00:00,1,,test,arima,0.344,0.05259364462109818
Merzenhausen,2024-03-09 09:00:00,1,,test,arima,0.343,0.052568793189301716
Merzenhausen,2024-03-09 10:00:00,1,,test,arima,0.346,0.052543953500248444
Merzenhausen,2024-03-09 11:00:00,1,,test,arima,0.346,0.05251912554838971
Merzenhausen,2024-03-09 12:00:00,1,,test,arima,0.345,0.05249430932817947
Merzenhausen,2024-03-09 13:00:00,1,,test,arima,0.345,0.05246950483407434
Merzenhausen,2024-03-09 14:00:00,1,,test,arima,0.347,0.0524447120605335
Merzenhausen,2024-03-09 15:00:00,1,,test,arima,0.347,0.05241993100201878
Merzenhausen,2024-03-09 16:00:00,1,,test,arima,0.346,0.052395161652994626
Merzenhausen,2024-03-09 17:00:00,1,,test,arima,0.349,0.0523704040079281
Merzenhausen,2024-03-09 18:00:00,1,,test,arima,0.345,0.052345658061288866
Merzenhausen,2024-03-09 19:00:00,1,,test,arima,0.345,0.05232092380754921
Merzenhausen,2024-03-09 20:00:00,1,,test,arima,0.346,0.05229620124118404
Merzenhausen,2024-03-09 21:00:00,1,,test,arima,0.346,0.05227149035667085
Merzenhausen,2024-03-09 22:00:00,1,,test,arima,0.346,0.05224679114848976
Merzenhausen,2024-03-09 23:00:00,1,,test,arima,0.343,0.052222103611123505
Merzenhausen,2024-03-10 00:00:00,1,,test,arima,0.345,0.05219742773905742
Merzenhausen,2024-03-10 01:00:00,1,,test,arima,0.343,0.05217276352677942
Merzenhausen,2024-03-10 02:00:00,1,,test,arima,0.343,0.05214811096878007
Merzenhausen,2024-03-10 03:00:00,1,,test,arima,0.345,0.05212347005955251
Merzenhausen,2024-03-10 04:00:00,1,,test,arima,0.345,0.05209884079359248
Merzenhausen,2024-03-10 05:00:00,1,,test,arima,0.345,0.05207422316539834
Merzenhausen,2024-03-10 06:00:00,1,,test,arima,0.346,0.05204961716947103
Merzenhausen,2024-03-10 07:00:00,1,,test,arima,0.344,0.052025022800314104
Merzenhausen,2024-03-10 08:00:00,1,,test,arima,0.342,0.052000440052433705
Merzenhausen,2024-03-10 09:00:00,1,,test,arima,0.342,0.05197586892033858
Merzenhausen,2024-03-10 10:00:00,1,,test,arima,0.342,0.05195130939854005
Merzenhausen,2024-03-10 11:00:00,1,,test,arima,0.342,0.05192676148155205
Merzenhausen,2024-03-10 12:00:00,1,,test,arima,0.339,0.051902225163891105
Merzenhausen,2024-03-10 13:00:00,1,,test,arima,0.339,0.05187770044007632
Merzenhausen,2024-03-10 14:00:00,1,,test,arima,0.339,0.0518531873046294
Merzenhausen,2024-03-10 15:00:00,1,,test,arima,0.339,0.05182868575207464
Merzenhausen,2024-03-10 16:00:00,1,,test,arima,0.339,0.051804195776938906
Merzenhausen,2024-03-10 17:00:00,1,,test,arima,0.336,0.05177971737375167
Merzenhausen,2024-03-10 18:00:00,1,,test,arima,0.336,0.05175525053704498
Merzenhausen,2024-03-10 19:00:00,1,,test,arima,0.339,0.05173079526135346
Merzenhausen,2024-03-10 20:00:00,1,,test,arima,0.342,0.05170635154121435
Merzenhausen,2024-03-10 21:00:00,1,,test,arima,0.343,0.05168191937116741
Merzenhausen,2024-03-10 22:00:00,1,,test,arima,0.3495,0.051657498745755044
Merzenhausen,2024-03-10 23:00:00,1,,test,arima,0.351,0.051633089659522194
Merzenhausen,2024-03-11 00:00:00,1,,test,arima,0.351,0.05160869210701639
Merzenhausen,2024-03-11 01:00:00,1,,test,arima,0.3535,0.05158430608278776
Merzenhausen,2024-03-11 02:00:00,1,,test,arima,0.351,0.05155993158138897
Merzenhausen,2024-03-11 03:00:00,1,,test,arima,0.3565,0.05153556859737528
Merzenhausen,2024-03-11 04:00:00,1,,test,arima,0.352,0.05151121712530453
Merzenhausen,2024-03-11 05:00:00,1,,test,arima,0.351,0.05148687715973711
Merzenhausen,2024-03-11 06:00:00,1,,test,arima,0.352,0.051462548695236005
Merzenhausen,2024-03-11 07:00:00,1,,test,arima,0.348,0.051438231726366745
Merzenhausen,2024-03-11 08:00:00,1,,test,arima,0.348,0.051413926247697445
Merzenhausen,2024-03-11 09:00:00,1,,test,arima,0.348,0.05138963225379879
Merzenhausen,2024-03-11 10:00:00,1,,test,arima,0.348,0.051365349739244004
Merzenhausen,2024-03-11 11:00:00,1,,test,arima,0.348,0.051341078698608905
Merzenhausen,2024-03-11 12:00:00,1,,test,arima,0.345,0.05131681912647186
Merzenhausen,2024-03-11 13:00:00,1,,test,arima,0.344,0.0512925710174138
Merzenhausen,2024-03-11 14:00:00,1,,test,arima,0.344,0.051268334366018214
Merzenhausen,2024-03-11 15:00:00,1,,test,arima,0.342,0.05124410916687116
Merzenhausen,2024-03-11 16:00:00,1,,test,arima,0.345,0.051219895414561234
Merzenhausen,2024-03-11 17:00:00,1,,test,arima,0.342,0.05119569310367962
Merzenhausen,2024-03-11 18:00:00,1,,test,arima,0.339,0.051171502228820026
Merzenhausen,2024-03-11 19:00:00,1,,test,arima,0.339,0.05114732278457873
Merzenhausen,2024-03-11 20:00:00,1,,test,arima,0.339,0.05112315476555457
Merzenhausen,2024-03-11 21:00:00,1,,test,arima,0.336,0.05109899816634891
Merzenhausen,2024-03-11 22:00:00,1,,test,arima,0.339,0.05107485298156571
Merzenhausen,2024-03-11 23:00:00,1,,test,arima,0.336,0.05105071920581142
Merzenhausen,2024-03-12 00:00:00,1,,test,arima,0.336,0.0510265968336951
Merzenhausen,2024-03-12 01:00:00,1,,test,arima,0.339,0.051002485859828306
Merzenhausen,2024-03-12 02:00:00,1,,test,arima,0.335,0.050978386278825186
Merzenhausen,2024-03-12 03:00:00,1,,test,arima,0.336,0.050954298085302385
Merzenhausen,2024-03-12 04:00:00,1,,test,arima,0.335,0.05093022127387914
Merzenhausen,2024-03-12 05:00:00,1,,test,arima,0.336,0.05090615583917718
Merzenhausen,2024-03-12 06:00:00,1,,test,arima,0.333,0.05088210177582082
Merzenhausen,2024-03-12 07:00:00,1,,test,arima,0.333,0.0508580590784369
Merzenhausen,2024-03-12 08:00:00,1,,test,arima,0.333,0.05083402774165478
Merzenhausen,2024-03-12 09:00:00,1,,test,arima,0.333,0.0508100077601064
Merzenhausen,2024-03-12 10:00:00,1,,test,arima,0.333,0.05078599912842618
Merzenhausen,2024-03-12 11:00:00,1,,test,arima,0.333,0.05076200184125112
Merzenhausen,2024-03-12 12:00:00,1,,test,arima,0.333,0.05073801589322074
Merzenhausen,2024-03-12 13:00:00,1,,test,arima,0.327,0.050714041278977086
Merzenhausen,2024-03-12 14:00:00,1,,test,arima,0.326,0.050690077993164745
Merzenhausen,2024-03-12 15:00:00,1,,test,arima,0.329,0.050666126030430844
Merzenhausen,2024-03-12 16:00:00,1,,test,arima,0.329,0.05064218538542502
Merzenhausen,2024-03-12 17:00:00,1,,test,arima,0.329,0.05061825605279943
Merzenhausen,2024-03-12 18:00:00,1,,test,arima,0.33,0.05059433802720879
Merzenhausen,2024-03-12 19:00:00,1,,test,arima,0.326,0.05057043130331033
Merzenhausen,2024-03-12 20:00:00,1,,test,arima,0.328,0.050546535875763784
Merzenhausen,2024-03-12 21:00:00,1,,test,arima,0.33,0.050522651739231435
Merzenhausen,2024-03-12 22:00:00,1,,test,arima,0.326,0.050498778888378074
Merzenhausen,2024-03-12 23:00:00,1,,test,arima,0.327,0.050474917317871015
Merzenhausen,2024-03-13 00:00:00,1,,test,arima,0.324,0.0504510670223801
Merzenhausen,2024-03-13 01:00:00,1,,test,arima,0.327,0.05042722799657768
Merzenhausen,2024-03-13 02:00:00,1,,test,arima,0.328,0.05040340023513863
Merzenhausen,2024-03-13 03:00:00,1,,test,arima,0.324,0.05037958373274033
Merzenhausen,2024-03-13 04:00:00,1,,test,arima,0.325,0.050355778484062697
Merzenhausen,2024-03-13 05:00:00,1,,test,arima,0.325,0.05033198448378813
Merzenhausen,2024-03-13 06:00:00,1,,test,arima,0.324,0.05030820172660158
Merzenhausen,2024-03-13 07:00:00,1,,test,arima,0.322,0.050284430207190464
Merzenhausen,2024-03-13 08:00:00,1,,test,arima,0.322,0.05026066992024475
Merzenhausen,2024-03-13 09:00:00,1,,test,arima,0.325,0.05023692086045689
Merzenhausen,2024-03-13 10:00:00,1,,test,arima,0.325,0.05021318302252187
Merzenhausen,2024-03-13 11:00:00,1,,test,arima,0.325,0.05018945640113713
Merzenhausen,2024-03-13 12:00:00,1,,test,arima,0.322,0.05016574099100268
Merzenhausen,2024-03-13 13:00:00,1,,test,arima,0.323,0.050142036786821005
Merzenhausen,2024-03-13 14:00:00,1,,test,arima,0.323,0.050118343783297076
Merzenhausen,2024-03-13 15:00:00,1,,test,arima,0.322,0.0500946619751384
Merzenhausen,2024-03-13 16:00:00,1,,test,arima,0.325,0.050070991357054964
Merzenhausen,2024-03-13 17:00:00,1,,test,arima,0.3235,0.05004733192375925
Merzenhausen,2024-03-13 18:00:00,1,,test,arima,0.343,0.05002368366996625
Merzenhausen,2024-03-13 19:00:00,1,,test,arima,0.333,0.05000004659039345
Merzenhausen,2024-03-13 20:00:00,1,,test,arima,0.336,0.04997642067976084
Merzenhausen,2024-03-13 21:00:00,1,,test,arima,0.336,0.04995280593279089
Merzenhausen,2024-03-13 22:00:00,1,,test,arima,0.336,0.04992920234420858
Merzenhausen,2024-03-13 23:00:00,1,,test,arima,0.339,0.049905609908741363
Merzenhausen,2024-03-14 00:00:00,1,,test,arima,0.3335,0.04988202862111919
Merzenhausen,2024-03-14 01:00:00,1,,test,arima,0.337,0.04985845847607452
Merzenhausen,2024-03-14 02:00:00,1,,test,arima,0.336,0.049834899468342284
Merzenhausen,2024-03-14 03:00:00,1,,test,arima,0.333,0.0498113515926599
Merzenhausen,2024-03-14 04:00:00,1,,test,arima,0.333,0.04978781484376727
Merzenhausen,2024-03-14 05:00:00,1,,test,arima,0.3395,0.0497642892164068
Merzenhausen,2024-03-14 06:00:00,1,,test,arima,0.333,0.04974077470532336
Merzenhausen,2024-03-14 07:00:00,1,,test,arima,0.348,0.049717271305264314
Merzenhausen,2024-03-14 08:00:00,1,,test,arima,0.34149998,0.049693779010979516
Merzenhausen,2024-03-14 09:00:00,1,,test,arima,0.333,0.04967029781722127
Merzenhausen,2024-03-14 10:00:00,1,,test,arima,0.335,0.0496468277187444
Merzenhausen,2024-03-14 11:00:00,1,,test,arima,0.335,0.049623368710306176
Merzenhausen,2024-03-14 12:00:00,1,,test,arima,0.335,0.04959992078666636
Merzenhausen,2024-03-14 13:00:00,1,,test,arima,0.3335,0.04957648394258719
Merzenhausen,2024-03-14 14:00:00,1,,test,arima,0.333,0.04955305817283338
Merzenhausen,2024-03-14 15:00:00,1,,test,arima,0.33249998,0.049529643472172105
Merzenhausen,2024-03-14 16:00:00,1,,test,arima,0.34149998,0.04950623983537303
Merzenhausen,2024-03-14 17:00:00,1,,test,arima,0.345,0.04948284725720827
Merzenhausen,2024-03-14 18:00:00,1,,test,arima,0.332,0.04945946573245244
Merzenhausen,2024-03-14 19:00:00,1,,test,arima,0.329,0.049436095255882606
Merzenhausen,2024-03-14 20:00:00,1,,test,arima,0.33,0.049412735822278286
Merzenhausen,2024-03-14 21:00:00,1,,test,arima,0.332,0.049389387426421516
Merzenhausen,2024-03-14 22:00:00,1,,test,arima,0.333,0.04936605006309673
Merzenhausen,2024-03-14 23:00:00,1,,test,arima,0.33,0.04934272372709088
Merzenhausen,2024-03-15 00:00:00,1,,test,arima,0.331,0.04931940841319336
Merzenhausen,2024-03-15 01:00:00,1,,test,arima,0.327,0.04929610411619602
Merzenhausen,2024-03-15 02:00:00,1,,test,arima,0.33,0.04927281083089318
Merzenhausen,2024-03-15 03:00:00,1,,test,arima,0.33,0.04924952855208163
Merzenhausen,2024-03-15 04:00:00,1,,test,arima,0.331,0.04922625727456059
Merzenhausen,2024-03-15 05:00:00,1,,test,arima,0.327,0.04920299699313177
Merzenhausen,2024-03-15 06:00:00,1,,test,arima,0.328,0.04917974770259932
Merzenhausen,2024-03-15 07:00:00,1,,test,arima,0.33,0.04915650939776983
Merzenhausen,2024-03-15 08:00:00,1,,test,arima,0.326,0.04913328207345238
Merzenhausen,2024-03-15 09:00:00,1,,test,arima,0.327,0.049110065724458474
Merzenhausen,2024-03-15 10:00:00,1,,test,arima,0.327,0.04908686034560207
Merzenhausen,2024-03-15 11:00:00,1,,test,arima,0.327,0.0490636659316996
Merzenhausen,2024-03-15 12:00:00,1,,test,arima,0.327,0.04904048247756991
Merzenhausen,2024-03-15 13:00:00,1,,test,arima,0.328,0.04901730997803433
Merzenhausen,2024-03-15 14:00:00,1,,test,arima,0.328,0.048994148427916606
Merzenhausen,2024-03-15 15:00:00,1,,test,arima,0.324,0.04897099782204295
Merzenhausen,2024-03-15 16:00:00,1,,test,arima,0.324,0.04894785815524201
Merzenhausen,2024-03-15 17:00:00,1,,test,arima,0.324,0.048924729422344874
Merzenhausen,2024-03-15 18:00:00,1,,test,arima,0.324,0.04890161161818509
Merzenhausen,2024-03-15 19:00:00,1,,test,arima,0.325,0.048878504737598624
Merzenhausen,2024-03-15 20:00:00,1,,test,arima,0.321,0.0488554087754239
Merzenhausen,2024-03-15 21:00:00,1,,test,arima,0.322,0.04883232372650177
Merzenhausen,2024-03-15 22:00:00,1,,test,arima,0.32,0.048809249585675535
Merzenhausen,2024-03-15 23:00:00,1,,test,arima,0.321,0.04878618634779092
Merzenhausen,2024-03-16 00:00:00,1,,test,arima,0.321,0.0487631340076961
Merzenhausen,2024-03-16 01:00:00,1,,test,arima,0.322,0.048740092560241664
Merzenhausen,2024-03-16 02:00:00,1,,test,arima,0.324,0.048717062000280656
Merzenhausen,2024-03-16 03:00:00,1,,test,arima,0.324,0.04869404232266853
Merzenhausen,2024-03-16 04:00:00,1,,test,arima,0.318,0.04867103352226319
Merzenhausen,2024-03-16 05:00:00,1,,test,arima,0.321,0.04864803559392497
Merzenhausen,2024-03-16 06:00:00,1,,test,arima,0.321,0.04862504853251662
Merzenhausen,2024-03-16 07:00:00,1,,test,arima,0.321,0.04860207233290331
Merzenhausen,2024-03-16 08:00:00,1,,test,arima,0.322,0.04857910698995266
Merzenhausen,2024-03-16 09:00:00,1,,test,arima,0.319,0.048556152498534705
Merzenhausen,2024-03-16 10:00:00,1,,test,arima,0.319,0.0485332088535219
Merzenhausen,2024-03-16 11:00:00,1,,test,arima,0.319,0.04851027604978912
Merzenhausen,2024-03-16 12:00:00,1,,test,arima,0.319,0.04848735408221368
Merzenhausen,2024-03-16 13:00:00,1,,test,arima,0.319,0.048464442945675285
Merzenhausen,2024-03-16 14:00:00,1,,test,arima,0.319,0.0484415426350561
Merzenhausen,2024-03-16 15:00:00,1,,test,arima,0.318,0.04841865314524067
Merzenhausen,2024-03-16 16:00:00,1,,test,arima,0.315,0.04839577447111598
Merzenhausen,2024-03-16 17:00:00,1,,test,arima,0.315,0.048372906607571424
Merzenhausen,2024-03-16 18:00:00,1,,test,arima,0.319,0.048350049549498814
Merzenhausen,2024-03-16 19:00:00,1,,test,arima,0.319,0.04832720329179236
Merzenhausen,2024-03-16 20:00:00,1,,test,arima,0.315,0.0483043678293487
Merzenhausen,2024-03-16 21:00:00,1,,test,arima,0.316,0.0482815431570669
Merzenhausen,2024-03-16 22:00:00,1,,test,arima,0.313,0.04825872926984839
Merzenhausen,2024-03-16 23:00:00,1,,test,arima,0.316,0.048235926162597045
Merzenhausen,2024-03-17 00:00:00,1,,test,arima,0.317,0.04821313383021915
Merzenhausen,2024-03-17 01:00:00,1,,test,arima,0.313,0.048190352267623374
Merzenhausen,2024-03-17 02:00:00,1,,test,arima,0.316,0.048167581469720805
Merzenhausen,2024-03-17 03:00:00,1,,test,arima,0.316,0.048144821431424935
Merzenhausen,2024-03-17 04:00:00,1,,test,arima,0.314,0.04812207214765166
Merzenhausen,2024-03-17 05:00:00,1,,test,arima,0.313,0.04809933361331928
Merzenhausen,2024-03-17 06:00:00,1,,test,arima,0.313,0.04807660582334848
Merzenhausen,2024-03-17 07:00:00,1,,test,arima,0.314,0.048053888772662375
Merzenhausen,2024-03-17 08:00:00,1,,test,arima,0.314,0.048031182456186455
Merzenhausen,2024-03-17 09:00:00,1,,test,arima,0.311,0.04800848686884861
Merzenhausen,2024-03-17 10:00:00,1,,test,arima,0.313,0.04798580200557914
Merzenhausen,2024-03-17 11:00:00,1,,test,arima,0.311,0.047963127861310725
Merzenhausen,2024-03-17 12:00:00,1,,test,arima,0.311,0.04794046443097845
Merzenhausen,2024-03-17 13:00:00,1,,test,arima,0.311,0.047917811709519795
Merzenhausen,2024-03-17 14:00:00,1,,test,arima,0.31,0.047895169691874614
Merzenhausen,2024-03-17 15:00:00,1,,test,arima,0.311,0.04787253837298518
Merzenhausen,2024-03-17 16:00:00,1,,test,arima,0.311,0.04784991774779613
Merzenhausen,2024-03-17 17:00:00,1,,test,arima,0.311,0.0478273078112545
Merzenhausen,2024-03-17 18:00:00,1,,test,arima,0.311,0.04780470855830972
Merzenhausen,2024-03-17 19:00:00,1,,test,arima,0.31,0.0477821199839136
Merzenhausen,2024-03-17 20:00:00,1,,test,arima,0.311,0.04775954208302033
Merzenhausen,2024-03-17 21:00:00,1,,test,arima,0.308,0.0477369748505865
Merzenhausen,2024-03-17 22:00:00,1,,test,arima,0.31,0.04771441828157107
Merzenhausen,2024-03-17 23:00:00,1,,test,arima,0.311,0.047691872370935376
Merzenhausen,2024-03-18 00:00:00,1,,test,arima,0.308,0.047669337113643157
Merzenhausen,2024-03-18 01:00:00,1,,test,arima,0.309,0.047646812504660505
Merzenhausen,2024-03-18 02:00:00,1,,test,arima,0.309,0.04762429853895592
Merzenhausen,2024-03-18 03:00:00,1,,test,arima,0.305,0.04760179521150025
Merzenhausen,2024-03-18 04:00:00,1,,test,arima,0.306,0.04757930251726675
Merzenhausen,2024-03-18 05:00:00,1,,test,arima,0.309,0.04755682045123102
Merzenhausen,2024-03-18 06:00:00,1,,test,arima,0.309,0.047534349008371043
Merzenhausen,2024-03-18 07:00:00,1,,test,arima,0.306,0.047511888183667195
Merzenhausen,2024-03-18 08:00:00,1,,test,arima,0.306,0.0474894379721022
Merzenhausen,2024-03-18 09:00:00,1,,test,arima,0.306,0.04746699836866116
Merzenhausen,2024-03-18 10:00:00,1,,test,arima,0.306,0.04744456936833155
Merzenhausen,2024-03-18 11:00:00,1,,test,arima,0.305,0.04742215096610322
Merzenhausen,2024-03-18 12:00:00,1,,test,arima,0.305,0.04739974315696836
Merzenhausen,2024-03-18 13:00:00,1,,test,arima,0.305,0.047377345935921564
Merzenhausen,2024-03-18 14:00:00,1,,test,arima,0.305,0.047354959297959756
Merzenhausen,2024-03-18 15:00:00,1,,test,arima,0.302,0.04733258323808225
Merzenhausen,2024-03-18 16:00:00,1,,test,arima,0.304,0.04731021775129072
Merzenhausen,2024-03-18 17:00:00,1,,test,arima,0.305,0.04728786283258918
Merzenhausen,2024-03-18 18:00:00,1,,test,arima,0.305,0.04726551847698403
Merzenhausen,2024-03-18 19:00:00,1,,test,arima,0.302,0.04724318467948402
Merzenhausen,2024-03-18 20:00:00,1,,test,arima,0.302,0.04722086143510024
Merzenhausen,2024-03-18 21:00:00,1,,test,arima,0.306,0.04719854873884618
Merzenhausen,2024-03-18 22:00:00,1,,test,arima,0.302,0.047176246585737644
Merzenhausen,2024-03-18 23:00:00,1,,test,arima,0.303,0.04715395497079281
Merzenhausen,2024-03-19 00:00:00,1,,test,arima,0.303,0.04713167388903222
Merzenhausen,2024-03-19 01:00:00,1,,test,arima,0.303,0.04710940333547874
Merzenhausen,2024-03-19 02:00:00,1,,test,arima,0.304,0.04708714330515762
Merzenhausen,2024-03-19 03:00:00,1,,test,arima,0.301,0.04706489379309644
Merzenhausen,2024-03-19 04:00:00,1,,test,arima,0.301,0.04704265479432514
Merzenhausen,2024-03-19 05:00:00,1,,test,arima,0.301,0.047020426303875984
Merzenhausen,2024-03-19 06:00:00,1,,test,arima,0.301,0.04699820831678363
Merzenhausen,2024-03-19 07:00:00,1,,test,arima,0.299,0.046976000828085035
Merzenhausen,2024-03-19 08:00:00,1,,test,arima,0.301,0.04695380383281954
Merzenhausen,2024-03-19 09:00:00,1,,test,arima,0.301,0.046931617326028796
Merzenhausen,2024-03-19 10:00:00,1,,test,arima,0.301,0.046909441302756816
Merzenhausen,2024-03-19 11:00:00,1,,test,arima,0.302,0.04688727575804995
Merzenhausen,2024-03-19 12:00:00,1,,test,arima,0.302,0.04686512068695689
Merzenhausen,2024-03-19 13:00:00,1,,test,arima,0.301,0.04684297608452868
Merzenhausen,2024-03-19 14:00:00,1,,test,arima,0.301,0.04682084194581867
Merzenhausen,2024-03-19 15:00:00,1,,test,arima,0.301,0.046798718265882576
Merzenhausen,2024-03-19 16:00:00,1,,test,arima,0.301,0.04677660503977844
Merzenhausen,2024-03-19 17:00:00,1,,test,arima,0.298,0.04675450226256665
Merzenhausen,2024-03-19 18:00:00,1,,test,arima,0.299,0.04673240992930991
Merzenhausen,2024-03-19 19:00:00,1,,test,arima,0.298,0.04671032803507326
Merzenhausen,2024-03-19 20:00:00,1,,test,arima,0.299,0.04668825657492409
Merzenhausen,2024-03-19 21:00:00,1,,test,arima,0.301,0.0466661955439321
Merzenhausen,2024-03-19 22:00:00,1,,test,arima,0.298,0.046644144937169334
Merzenhausen,2024-03-19 23:00:00,1,,test,arima,0.298,0.04662210474971015
Merzenhausen,2024-03-20 00:00:00,1,,test,arima,0.299,0.04660007497663125
Merzenhausen,2024-03-20 01:00:00,1,,test,arima,0.299,0.04657805561301165
Merzenhausen,2024-03-20 02:00:00,1,,test,arima,0.299,0.046556046653932696
Merzenhausen,2024-03-20 03:00:00,1,,test,arima,0.299,0.04653404809447806
Merzenhausen,2024-03-20 04:00:00,1,,test,arima,0.296,0.04651205992973373
Merzenhausen,2024-03-20 05:00:00,1,,test,arima,0.296,0.046490082154788025
Merzenhausen,2024-03-20 06:00:00,1,,test,arima,0.297,0.046468114764731575
Merzenhausen,2024-03-20 07:00:00,1,,test,arima,0.299,0.04644615775465734
Merzenhausen,2024-03-20 08:00:00,1,,test,arima,0.3,0.046424211119660594
Merzenhausen,2024-03-20 09:00:00,1,,test,arima,0.3,0.04640227485483893
Merzenhausen,2024-03-20 10:00:00,1,,test,arima,0.296,0.04638034895529225
Merzenhausen,2024-03-20 11:00:00,1,,test,arima,0.296,0.04635843341612278
Merzenhausen,2024-03-20 12:00:00,1,,test,arima,0.296,0.04633652823243506
Merzenhausen,2024-03-20 13:00:00,1,,test,arima,0.296,0.04631463339933593
Merzenhausen,2024-03-20 14:00:00,1,,test,arima,0.293,0.04629274891193458
Merzenhausen,2024-03-20 15:00:00,1,,test,arima,0.293,0.04627087476534245
Merzenhausen,2024-03-20 16:00:00,1,,test,arima,0.293,0.04624901095467335
Merzenhausen,2024-03-20 17:00:00,1,,test,arima,0.294,0.04622715747504336
Merzenhausen,2024-03-20 18:00:00,1,,test,arima,0.294,0.04620531432157088
Merzenhausen,2024-03-20 19:00:00,1,,test,arima,0.294,0.04618348148937662
Merzenhausen,2024-03-20 20:00:00,1,,test,arima,0.294,0.0461616589735836
Merzenhausen,2024-03-20 21:00:00,1,,test,arima,0.293,0.04613984676931712
Merzenhausen,2024-03-20 22:00:00,1,,test,arima,0.296,0.046118044871704816
Merzenhausen,2024-03-20 23:00:00,1,,test,arima,0.301,0.0460962532758766
Merzenhausen,2024-03-21 00:00:00,1,,test,arima,0.2995,0.04607447197696471
Merzenhausen,2024-03-21 03:00:00,1,,test,arima,0.348,0.04605270097010365
Merzenhausen,2024-03-21 04:00:00,1,,test,arima,0.348,0.046030940250430266
Merzenhausen,2024-03-21 05:00:00,1,,test,arima,0.331,0.04600918981308366
Merzenhausen,2024-03-21 06:00:00,1,,test,arima,0.331,0.04598744965320525
Merzenhausen,2024-03-21 07:00:00,1,,test,arima,0.33,0.04596571976593877
Merzenhausen,2024-03-21 08:00:00,1,,test,arima,0.33,0.045944000146430214
Merzenhausen,2024-03-21 09:00:00,1,,test,arima,0.328,0.045922290789827874
Merzenhausen,2024-03-21 10:00:00,1,,test,arima,0.328,0.04590059169128236
Merzenhausen,2024-03-21 11:00:00,1,,test,arima,0.328,0.045878902845946555
Merzenhausen,2024-03-21 12:00:00,1,,test,arima,0.328,0.045857224248975634
Merzenhausen,2024-03-21 13:00:00,1,,test,arima,0.329,0.045835555895527055
Merzenhausen,2024-03-21 14:00:00,1,,test,arima,0.325,0.04581389778076059
Merzenhausen,2024-03-21 15:00:00,1,,test,arima,0.3265,0.04579224989983825
Merzenhausen,2024-03-21 16:00:00,1,,test,arima,0.32599998,0.04577061224792439
Merzenhausen,2024-03-21 17:00:00,1,,test,arima,0.3345,0.04574898482018561
Merzenhausen,2024-03-21 18:00:00,1,,test,arima,0.3175,0.04572736761179081
Merzenhausen,2024-03-21 19:00:00,1,,test,arima,0.325,0.045705760617911165
Merzenhausen,2024-03-21 20:00:00,1,,test,arima,0.325,0.045684163833720134
Merzenhausen,2024-03-21 21:00:00,1,,test,arima,0.3315,0.04566257725439346
Merzenhausen,2024-03-21 22:00:00,1,,test,arima,0.312,0.04564100087510916
Merzenhausen,2024-03-21 23:00:00,1,,test,arima,0.325,0.04561943469104754
Merzenhausen,2024-03-22 00:00:00,1,,test,arima,0.325,0.04559787869739116
Merzenhausen,2024-03-22 01:00:00,1,,test,arima,0.325,0.04557633288932489
Merzenhausen,2024-03-22 02:00:00,1,,test,arima,0.32700002,0.04555479726203585
Merzenhausen,2024-03-22 03:00:00,1,,test,arima,0.326,0.04553327181071344
Merzenhausen,2024-03-22 04:00:00,1,,test,arima,0.325,0.04551175653054935
Merzenhausen,2024-03-22 05:00:00,1,,test,arima,0.331,0.0454902514167375
Merzenhausen,2024-03-22 06:00:00,1,,test,arima,0.334,0.045468756464474125
Merzenhausen,2024-03-22 07:00:00,1,,test,arima,0.334,0.04544727166895772
Merzenhausen,2024-03-22 08:00:00,1,,test,arima,0.3305,0.04542579702538903
Merzenhausen,2024-03-22 09:00:00,1,,test,arima,0.334,0.045404332528971074
Merzenhausen,2024-03-22 10:00:00,1,,test,arima,0.3315,0.04538287817490916
Merzenhausen,2024-03-22 11:00:00,1,,test,arima,0.332,0.04536143395841083
Merzenhausen,2024-03-22 12:00:00,1,,test,arima,0.333,0.045339999874685906
Merzenhausen,2024-03-22 13:00:00,1,,test,arima,0.334,0.045318575918946474
Merzenhausen,2024-03-22 14:00:00,1,,test,arima,0.334,0.04529716208640689
Merzenhausen,2024-03-22 15:00:00,1,,test,arima,0.33600003,0.04527575837228376
Merzenhausen,2024-03-22 16:00:00,1,,test,arima,0.331,0.04525436477179594
Merzenhausen,2024-03-22 17:00:00,1,,test,arima,0.332,0.045232981280164564
Merzenhausen,2024-03-22 18:00:00,1,,test,arima,0.331,0.04521160789261302
Merzenhausen,2024-03-22 19:00:00,1,,test,arima,0.331,0.04519024460436695
Merzenhausen,2024-03-22 20:00:00,1,,test,arima,0.3365,0.04516889141065425
Merzenhausen,2024-03-22 21:00:00,1,,test,arima,0.329,0.04514754830670508
Merzenhausen,2024-03-22 22:00:00,1,,test,arima,0.329,0.04512621528775184
Merzenhausen,2024-03-22 23:00:00,1,,test,arima,0.331,0.045104892349029195
Merzenhausen,2024-03-23 00:00:00,1,,test,arima,0.328,0.04508357948577406
Merzenhausen,2024-03-30 03:00:00,1,,test,arima,0.294,0.045062276693225586
Merzenhausen,2024-04-06 07:00:00,1,,test,arima,0.296,0.04504098396662519
Merzenhausen,2024-04-06 08:00:00,1,,test,arima,0.296,0.04501970130121654
Merzenhausen,2024-04-06 09:00:00,1,,test,arima,0.295,0.04499842869224554
Merzenhausen,2024-04-06 10:00:00,1,,test,arima,0.295,0.04497716613496034
Merzenhausen,2024-04-06 11:00:00,1,,test,arima,0.295,0.04495591362461135
Merzenhausen,2024-04-06 12:00:00,1,,test,arima,0.296,0.044934671156451195
Merzenhausen,2024-04-06 13:00:00,1,,test,arima,0.295,0.04491343872573478
Merzenhausen,2024-04-06 14:00:00,1,,test,arima,0.296,0.044892216327719225
Merzenhausen,2024-04-06 15:00:00,1,,test,arima,0.292,0.044871003957663906
Merzenhausen,2024-04-06 16:00:00,1,,test,arima,0.292,0.044849801610830436
Merzenhausen,2024-04-06 17:00:00,1,,test,arima,0.292,0.044828609282482654
Merzenhausen,2024-04-06 18:00:00,1,,test,arima,0.292,0.04480742696788666
Merzenhausen,2024-04-06 19:00:00,1,,test,arima,0.291,0.044786254662310766
Merzenhausen,2024-04-06 20:00:00,1,,test,arima,0.292,0.04476509236102554
Merzenhausen,2024-04-06 21:00:00,1,,test,arima,0.293,0.04474394005930378
Merzenhausen,2024-04-06 22:00:00,1,,test,arima,0.289,0.04472279775242051
Merzenhausen,2024-04-06 23:00:00,1,,test,arima,0.289,0.04470166543565299
Merzenhausen,2024-04-07 00:00:00,1,,test,arima,0.289,0.04468054310428071
Merzenhausen,2024-04-07 01:00:00,1,,test,arima,0.289,0.0446594307535854
Merzenhausen,2024-04-07 02:00:00,1,,test,arima,0.292,0.04463832837885101
Merzenhausen,2024-04-07 03:00:00,1,,test,arima,0.29,0.044617235975363725
Merzenhausen,2024-04-07 04:00:00,1,,test,arima,0.293,0.04459615353841194
Merzenhausen,2024-04-07 05:00:00,1,,test,arima,0.289,0.0445750810632863
Merzenhausen,2024-04-07 06:00:00,1,,test,arima,0.289,0.04455401854527967
Merzenhausen,2024-04-07 07:00:00,1,,test,arima,0.29,0.04453296597968713
Merzenhausen,2024-04-07 08:00:00,1,,test,arima,0.29,0.04451192336180598
Merzenhausen,2024-04-07 09:00:00,1,,test,arima,0.293,0.04449089068693576
Merzenhausen,2024-04-07 10:00:00,1,,test,arima,0.29,0.04446986795037822
Merzenhausen,2024-04-07 11:00:00,1,,test,arima,0.291,0.04444885514743732
Merzenhausen,2024-04-07 12:00:00,1,,test,arima,0.288,0.04442785227341926
Merzenhausen,2024-04-07 13:00:00,1,,test,arima,0.288,0.04440685932363245
Merzenhausen,2024-04-07 14:00:00,1,,test,arima,0.289,0.0443858762933875
Merzenhausen,2024-04-07 15:00:00,1,,test,arima,0.287,0.04436490317799725
Merzenhausen,2024-04-07 16:00:00,1,,test,arima,0.288,0.044343939972776775
Merzenhausen,2024-04-07 17:00:00,1,,test,arima,0.285,0.04432298667304334
Merzenhausen,2024-04-07 18:00:00,1,,test,arima,0.286,0.04430204327411641
Merzenhausen,2024-04-07 19:00:00,1,,test,arima,0.284,0.04428110977131768
Merzenhausen,2024-04-07 20:00:00,1,,test,arima,0.284,0.04426018615997107
Merzenhausen,2024-04-07 21:00:00,1,,test,arima,0.284,0.04423927243540268
Merzenhausen,2025-03-28 13:00:00,1,,test,arima,0.257,0.044218368592940836
Merzenhausen,2025-03-28 14:00:00,1,,test,arima,0.259,0.04419747462791607
Merzenhausen,2025-03-28 15:00:00,1,,test,arima,0.261,0.0441765905356611
Merzenhausen,2025-03-28 16:00:00,1,,test,arima,0.261,0.044155716311510884
Merzenhausen,2025-03-28 17:00:00,1,,test,arima,0.258,0.044134851950802564
Merzenhausen,2025-03-28 18:00:00,1,,test,arima,0.259,0.044113997448875494
Merzenhausen,2025-03-28 19:00:00,1,,test,arima,0.259,0.044093152801071206
Merzenhausen,2025-03-28 20:00:00,1,,test,arima,0.258,0.04407231800273347
Merzenhausen,2025-03-28 21:00:00,1,,test,arima,0.256,0.04405149304920824
Merzenhausen,2025-03-28 22:00:00,1,,test,arima,0.255,0.04403067793584365
Merzenhausen,2025-03-28 23:00:00,1,,test,arima,0.256,0.04400987265799006
Merzenhausen,2025-03-29 00:00:00,1,,test,arima,0.255,0.04398907721100001
Merzenhausen,2025-03-29 01:00:00,1,,test,arima,0.256,0.043968291590228255
Merzenhausen,2025-03-29 02:00:00,1,,test,arima,0.254,0.04394751579103172
Merzenhausen,2025-03-29 03:00:00,1,,test,arima,0.252,0.04392674980876954
Merzenhausen,2025-03-29 04:00:00,1,,test,arima,0.254,0.04390599363880304
Merzenhausen,2025-03-29 05:00:00,1,,test,arima,0.254,0.04388524727649574
Merzenhausen,2025-03-29 06:00:00,1,,test,arima,0.254,0.04386451071721334
Merzenhausen,2025-03-29 07:00:00,1,,test,arima,0.255,0.04384378395632374
Merzenhausen,2025-03-29 08:00:00,1,,test,arima,0.254,0.043823066989197024
Merzenhausen,2025-03-29 09:00:00,1,,test,arima,0.254,0.04380235981120546
Merzenhausen,2025-03-29 10:00:00,1,,test,arima,0.254,0.043781662417723514
Merzenhausen,2025-03-29 11:00:00,1,,test,arima,0.253,0.04376097480412783
Merzenhausen,2025-03-29 12:00:00,1,,test,arima,0.257,0.04374029696579724
Merzenhausen,2025-03-29 13:00:00,1,,test,arima,0.256,0.04371962889811275
Merzenhausen,2025-03-29 14:00:00,1,,test,arima,0.257,0.04369897059645757
Merzenhausen,2025-03-29 15:00:00,1,,test,arima,0.261,0.04367832205621706
Merzenhausen,2025-03-29 16:00:00,1,,test,arima,0.262,0.04365768327277879
Merzenhausen,2025-03-29 17:00:00,1,,test,arima,0.26,0.0436370542415325
Merzenhausen,2025-03-29 18:00:00,1,,test,arima,0.256,0.04361643495787009
Merzenhausen,2025-03-29 19:00:00,1,,test,arima,0.257,0.043595825417185666
Merzenhausen,2025-03-29 20:00:00,1,,test,arima,0.254,0.04357522561487549
Merzenhausen,2025-03-29 21:00:00,1,,test,arima,0.255,0.043554635546338025
Merzenhausen,2025-03-29 22:00:00,1,,test,arima,0.254,0.04353405520697387
Merzenhausen,2025-03-29 23:00:00,1,,test,arima,0.254,0.04351348459218583
Merzenhausen,2025-03-30 00:00:00,1,,test,arima,0.251,0.043492923697378866
Merzenhausen,2025-03-30 01:00:00,1,,test,arima,0.254,0.043472372517960114
Merzenhausen,2025-03-30 02:00:00,1,,test,arima,0.252,0.043451831049338877
Merzenhausen,2025-03-30 03:00:00,1,,test,arima,0.252,0.043431299286926635
Merzenhausen,2025-03-30 04:00:00,1,,test,arima,0.255,0.04341077722613703
Merzenhausen,2025-03-30 05:00:00,1,,test,arima,0.252,0.043390264862385876
Merzenhausen,2025-03-30 06:00:00,1,,test,arima,0.252,0.04336976219109115
Merzenhausen,2025-03-30 07:00:00,1,,test,arima,0.252,0.043349269207672986
Merzenhausen,2025-03-30 08:00:00,1,,test,arima,0.254,0.043328785907553694
Merzenhausen,2025-03-30 09:00:00,1,,test,arima,0.255,0.04330831228615775
Merzenhausen,2025-03-30 10:00:00,1,,test,arima,0.254,0.04328784833891178
Merzenhausen,2025-03-30 11:00:00,1,,test,arima,0.256,0.04326739406124458
Merzenhausen,2025-03-30 12:00:00,1,,test,arima,0.257,0.04324694944858709
Merzenhausen,2025-03-30 13:00:00,1,,test,arima,0.258,0.04322651449637244
Merzenhausen,2025-03-30 14:00:00,1,,test,arima,0.258,0.04320608920003588
Merzenhausen,2025-03-30 15:00:00,1,,test,arima,0.257,0.04318567355501485
Merzenhausen,2025-03-30 16:00:00,1,,test,arima,0.257,0.04316526755674892
Merzenhausen,2025-03-30 17:00:00,1,,test,arima,0.258,0.043144871200679835
Merzenhausen,2025-03-30 18:00:00,1,,test,arima,0.256,0.043124484482251486
Merzenhausen,2025-03-30 19:00:00,1,,test,arima,0.251,0.04310410739690991
Merzenhausen,2025-03-30 20:00:00,1,,test,arima,0.252,0.04308373994010331
Merzenhausen,2025-03-30 21:00:00,1,,test,arima,0.251,0.04306338210728203
Merzenhausen,2025-03-30 22:00:00,1,,test,arima,0.25,0.04304303389389856
Merzenhausen,2025-03-30 23:00:00,1,,test,arima,0.25,0.04302269529540756
Merzenhausen,2025-03-31 00:00:00,1,,test,arima,0.25,0.043002366307265796
Merzenhausen,2025-03-31 01:00:00,1,,test,arima,0.247,0.04298204692493224
Merzenhausen,2025-03-31 02:00:00,1,,test,arima,0.246,0.042961737143867945
Merzenhausen,2025-03-31 03:00:00,1,,test,arima,0.25,0.042941436959536165
Merzenhausen,2025-03-31 04:00:00,1,,test,arima,0.247,0.042921146367402255
Merzenhausen,2025-03-31 05:00:00,1,,test,arima,0.248,0.04290086536293375
Merzenhausen,2025-03-31 06:00:00,1,,test,arima,0.248,0.04288059394160029
Merzenhausen,2025-03-31 07:00:00,1,,test,arima,0.248,0.04286033209887369
Merzenhausen,2025-03-31 08:00:00,1,,test,arima,0.248,0.042840079830227876
Merzenhausen,2025-03-31 09:00:00,1,,test,arima,0.249,0.04281983713113892
Merzenhausen,2025-03-31 10:00:00,1,,test,arima,0.25,0.042799603997085045
Merzenhausen,2025-03-31 11:00:00,1,,test,arima,0.251,0.042779380423546606
Merzenhausen,2025-03-31 12:00:00,1,,test,arima,0.255,0.04275916640600608
Merzenhausen,2025-03-31 13:00:00,1,,test,arima,0.255,0.0427389619399481
Merzenhausen,2025-04-15 06:00:00,1,,test,arima,0.257,0.0427187670208594
Merzenhausen,2025-04-15 07:00:00,1,,test,arima,0.258,0.04269858164422889
Merzenhausen,2025-04-15 08:00:00,1,,test,arima,0.262,0.04267840580554758
Merzenhausen,2025-04-15 09:00:00,1,,test,arima,0.264,0.04265823950030862
Merzenhausen,2025-04-15 10:00:00,1,,test,arima,0.266,0.04263808272400729
Merzenhausen,2025-04-15 11:00:00,1,,test,arima,0.268,0.042617935472140996
Merzenhausen,2025-04-15 12:00:00,1,,test,arima,0.268,0.04259779774020927
Merzenhausen,2025-04-15 13:00:00,1,,test,arima,0.27,0.04257766952371378
Merzenhausen,2025-04-15 14:00:00,1,,test,arima,0.271,0.042557550818158305
Merzenhausen,2025-04-15 15:00:00,1,,test,arima,0.27,0.042537441619048766
Merzenhausen,2025-04-15 16:00:00,1,,test,arima,0.273,0.04251734192189319
Merzenhausen,2025-04-15 17:00:00,1,,test,arima,0.272,0.04249725172220174
Merzenhausen,2025-04-15 18:00:00,1,,test,arima,0.272,0.04247717101548669
Merzenhausen,2025-04-15 19:00:00,1,,test,arima,0.273,0.04245709979726245
Merzenhausen,2025-04-15 20:00:00,1,,test,arima,0.271,0.04243703806304553
Merzenhausen,2025-04-15 21:00:00,1,,test,arima,0.274,0.042416985808354575
Merzenhausen,2025-04-15 22:00:00,1,,test,arima,0.273,0.04239694302871033
Merzenhausen,2025-04-15 23:00:00,1,,test,arima,0.275,0.04237690971963569
Merzenhausen,2025-04-16 00:00:00,1,,test,arima,0.277,0.04235688587665561
Merzenhausen,2025-04-16 01:00:00,1,,test,arima,0.282,0.04233687149529722
Merzenhausen,2025-04-16 02:00:00,1,,test,arima,0.319,0.04231686657108972
Merzenhausen,2025-04-16 03:00:00,1,,test,arima,0.343,0.04229687109956444
Merzenhausen,2025-04-16 04:00:00,1,,test,arima,0.341,0.04227688507625483
Merzenhausen,2025-04-16 05:00:00,1,,test,arima,0.342,0.04225690849669643
Merzenhausen,2025-04-16 06:00:00,1,,test,arima,0.342,0.0422369413564269
Merzenhausen,2025-04-16 07:00:00,1,,test,arima,0.33999997,0.042216983650986015
Merzenhausen,2025-04-16 08:00:00,1,,test,arima,0.337,0.04219703537591564
Merzenhausen,2025-04-16 09:00:00,1,,test,arima,0.337,0.04217709652675977
Merzenhausen,2025-04-16 10:00:00,1,,test,arima,0.335,0.04215716709906448
Merzenhausen,2025-04-16 11:00:00,1,,test,arima,0.333,0.042137247088377974
Merzenhausen,2025-04-16 12:00:00,1,,test,arima,0.332,0.04211733649025054
Merzenhausen,2025-04-16 13:00:00,1,,test,arima,0.329,0.042097435300234576
Merzenhausen,2025-04-16 14:00:00,1,,test,arima,0.325,0.0420775435138846
Merzenhausen,2025-04-16 15:00:00,1,,test,arima,0.324,0.042057661126757184
Merzenhausen,2025-04-16 16:00:00,1,,test,arima,0.323,0.042037788134411044
Merzenhausen,2025-04-16 17:00:00,1,,test,arima,0.317,0.04201792453240698
Merzenhausen,2025-04-16 18:00:00,1,,test,arima,0.319,0.04199807031630788
Merzenhausen,2025-04-16 19:00:00,1,,test,arima,0.316,0.04197822548167875
Merzenhausen,2025-04-16 20:00:00,1,,test,arima,0.316,0.041958390024086675
Merzenhausen,2025-04-16 21:00:00,1,,test,arima,0.314,0.04193856393910083
Merzenhausen,2025-04-16 22:00:00,1,,test,arima,0.313,0.041918747222292496
Merzenhausen,2025-04-16 23:00:00,1,,test,arima,0.31,0.04189893986923505
Merzenhausen,2025-04-17 00:00:00,1,,test,arima,0.313,0.04187914187550394
Merzenhausen,2025-04-17 01:00:00,1,,test,arima,0.314,0.04185935323667673
Merzenhausen,2025-04-17 02:00:00,1,,test,arima,0.31300002,0.041839573948333056
Merzenhausen,2025-04-17 03:00:00,1,,test,arima,0.311,0.041819804006054645
Merzenhausen,2025-04-17 04:00:00,1,,test,arima,0.311,0.04180004340542533
Merzenhausen,2025-04-17 05:00:00,1,,test,arima,0.311,0.041780292142030995
Merzenhausen,2025-04-17 06:00:00,1,,test,arima,0.308,0.041760550211459635
Merzenhausen,2025-04-17 07:00:00,1,,test,arima,0.308,0.041740817609301345
Merzenhausen,2025-04-17 08:00:00,1,,test,arima,0.31,0.04172109433114826
Merzenhausen,2025-04-17 09:00:00,1,,test,arima,0.31,0.04170138037259463
Merzenhausen,2025-04-17 10:00:00,1,,test,arima,0.31,0.04168167572923678
Merzenhausen,2025-04-17 11:00:00,1,,test,arima,0.309,0.04166198039667312
Merzenhausen,2025-04-17 12:00:00,1,,test,arima,0.308,0.041642294370504124
Merzenhausen,2025-04-17 13:00:00,1,,test,arima,0.309,0.04162261764633236
Merzenhausen,2025-04-17 14:00:00,1,,test,arima,0.306,0.04160295021976247
Merzenhausen,2025-04-17 15:00:00,1,,test,arima,0.306,0.04158329208640117
Merzenhausen,2025-04-17 16:00:00,1,,test,arima,0.304,0.041563643241857254
Merzenhausen,2025-04-17 17:00:00,1,,test,arima,0.302,0.0415440036817416
Merzenhausen,2025-04-17 18:00:00,1,,test,arima,0.299,0.04152437340166713
Merzenhausen,2025-04-17 19:00:00,1,,test,arima,0.297,0.04150475239724888
Merzenhausen,2025-04-17 20:00:00,1,,test,arima,0.295,0.04148514066410393
Merzenhausen,2025-04-17 21:00:00,1,,test,arima,0.295,0.041465538197851426
Merzenhausen,2025-04-17 22:00:00,1,,test,arima,0.293,0.04144594499411262
Merzenhausen,2025-04-17 23:00:00,1,,test,arima,0.291,0.04142636104851079
Merzenhausen,2025-04-18 00:00:00,1,,test,arima,0.291,0.04140678635667132
Merzenhausen,2025-04-18 01:00:00,1,,test,arima,0.289,0.04138722091422162
Merzenhausen,2025-04-18 02:00:00,1,,test,arima,0.289,0.04136766471679121
Merzenhausen,2025-04-18 03:00:00,1,,test,arima,0.289,0.04134811776001164
Merzenhausen,2025-04-18 04:00:00,1,,test,arima,0.289,0.041328580039516546
Merzenhausen,2025-04-18 05:00:00,1,,test,arima,0.289,0.041309051550941625
Merzenhausen,2025-04-18 06:00:00,1,,test,arima,0.286,0.041289532289924616
Merzenhausen,2025-04-18 07:00:00,1,,test,arima,0.289,0.04127002225210534
Merzenhausen,2025-04-18 08:00:00,1,,test,arima,0.289,0.04125052143312567
Merzenhausen,2025-04-18 09:00:00,1,,test,arima,0.29,0.041231029828629556
Merzenhausen,2025-04-18 10:00:00,1,,test,arima,0.289,0.04121154743426297
Merzenhausen,2025-04-18 11:00:00,1,,test,arima,0.291,0.04119207424567397
Merzenhausen,2025-04-18 12:00:00,1,,test,arima,0.294,0.04117261025851266
Merzenhausen,2025-04-18 13:00:00,1,,test,arima,0.29,0.04115315546843121
Merzenhausen,2025-04-18 14:00:00,1,,test,arima,0.291,0.04113370987108382
Merzenhausen,2025-04-18 15:00:00,1,,test,arima,0.29,0.04111427346212678
Merzenhausen,2025-04-18 16:00:00,1,,test,arima,0.289,0.0410948462372184
Merzenhausen,2025-04-18 17:00:00,1,,test,arima,0.286,0.041075428192019064
Merzenhausen,2025-04-18 18:00:00,1,,test,arima,0.288,0.04105601932219118
Merzenhausen,2025-04-18 19:00:00,1,,test,arima,0.29,0.04103661962339924
Merzenhausen,2025-04-18 20:00:00,1,,test,arima,0.29,0.041017229091309754
Merzenhausen,2025-04-18 21:00:00,1,,test,arima,0.293,0.04099784772159129
Merzenhausen,2025-04-18 22:00:00,1,,test,arima,0.293,0.04097847550991448
Merzenhausen,2025-04-18 23:00:00,1,,test,arima,0.293,0.04095911245195197
Merzenhausen,2025-04-19 00:00:00,1,,test,arima,0.293,0.040939758543378474
Merzenhausen,2025-04-19 01:00:00,1,,test,arima,0.289,0.04092041377987075
Merzenhausen,2025-04-19 02:00:00,1,,test,arima,0.296,0.040901078157107584
Merzenhausen,2025-04-19 03:00:00,1,,test,arima,0.296,0.04088175167076981
Merzenhausen,2025-04-19 04:00:00,1,,test,arima,0.296,0.04086243431654031
Merzenhausen,2025-04-19 05:00:00,1,,test,arima,0.296,0.040843126090104
Merzenhausen,2025-04-19 06:00:00,1,,test,arima,0.296,0.04082382698714783
Merzenhausen,2025-04-19 07:00:00,1,,test,arima,0.296,0.0408045370033608
Merzenhausen,2025-04-19 08:00:00,1,,test,arima,0.3,0.04078525613443393
Merzenhausen,2025-04-19 09:00:00,1,,test,arima,0.3,0.0407659843760603
Merzenhausen,2025-04-19 10:00:00,1,,test,arima,0.298,0.04074672172393501
Merzenhausen,2025-04-19 11:00:00,1,,test,arima,0.297,0.04072746817375518
Merzenhausen,2025-04-19 12:00:00,1,,test,arima,0.297,0.04070822372122
Merzenhausen,2025-04-19 13:00:00,1,,test,arima,0.299,0.040688988362030665
Merzenhausen,2025-04-19 14:00:00,1,,test,arima,0.297,0.0406697620918904
Merzenhausen,2025-04-19 15:00:00,1,,test,arima,0.298,0.04065054490650448
Merzenhausen,2025-04-19 16:00:00,1,,test,arima,0.298,0.04063133680158018
Merzenhausen,2025-04-19 17:00:00,1,,test,arima,0.292,0.04061213777282684
Merzenhausen,2025-04-19 18:00:00,1,,test,arima,0.297,0.040592947815955786
Merzenhausen,2025-04-19 19:00:00,1,,test,arima,0.304,0.04057376692668041
Merzenhausen,2025-04-19 20:00:00,1,,test,arima,0.299,0.0405545951007161
Merzenhausen,2025-04-19 21:00:00,1,,test,arima,0.295,0.04053543233378029
Merzenhausen,2025-04-19 22:00:00,1,,test,arima,0.295,0.04051627862159243
Merzenhausen,2025-04-19 23:00:00,1,,test,arima,0.296,0.040497133959873984
Merzenhausen,2025-04-20 00:00:00,1,,test,arima,0.296,0.04047799834434844
Merzenhausen,2025-04-20 01:00:00,1,,test,arima,0.293,0.040458871770741325
Merzenhausen,2025-04-20 02:00:00,1,,test,arima,0.295,0.04043975423478016
Merzenhausen,2025-04-20 03:00:00,1,,test,arima,0.295,0.040420645732194505
Merzenhausen,2025-04-20 04:00:00,1,,test,arima,0.295,0.04040154625871592
Merzenhausen,2025-04-20 05:00:00,1,,test,arima,0.295,0.040382455810077995
Merzenhausen,2025-04-20 06:00:00,1,,test,arima,0.295,0.040363374382016336
Merzenhausen,2025-04-20 07:00:00,1,,test,arima,0.295,0.04034430197026856
Merzenhausen,2025-04-20 08:00:00,1,,test,arima,0.297,0.040325238570574296
Merzenhausen,2025-04-20 09:00:00,1,,test,arima,0.295,0.04030618417867519
Merzenhausen,2025-04-20 10:00:00,1,,test,arima,0.294,0.04028713879031489
Merzenhausen,2025-04-20 11:00:00,1,,test,arima,0.296,0.04026810240123908
Merzenhausen,2025-04-20 12:00:00,1,,test,arima,0.299,0.04024907500719542
Merzenhausen,2025-04-20 13:00:00,1,,test,arima,0.296,0.04023005660393361
Merzenhausen,2025-04-20 14:00:00,1,,test,arima,0.295,0.04021104718720535
Merzenhausen,2025-04-20 15:00:00,1,,test,arima,0.298,0.04019204675276433
Merzenhausen,2025-04-20 16:00:00,1,,test,arima,0.2995,0.04017305529636627
Merzenhausen,2025-04-20 17:00:00,1,,test,arima,0.293,0.04015407281376888
Merzenhausen,2025-04-20 18:00:00,1,,test,arima,0.294,0.04013509930073188
Merzenhausen,2025-04-20 19:00:00,1,,test,arima,0.291,0.040116134753016994
Merzenhausen,2025-04-20 20:00:00,1,,test,arima,0.288,0.04009717916638794
Merzenhausen,2025-04-20 21:00:00,1,,test,arima,0.289,0.04007823253661047
Merzenhausen,2025-04-20 22:00:00,1,,test,arima,0.287,0.04005929485945228
Merzenhausen,2025-04-20 23:00:00,1,,test,arima,0.288,0.040040366130683125
Merzenhausen,2025-04-21 00:00:00,1,,test,arima,0.286,0.04002144634607472
Merzenhausen,2025-04-21 01:00:00,1,,test,arima,0.285,0.04000253550140079
Merzenhausen,2025-04-21 02:00:00,1,,test,arima,0.282,0.039983633592437055
Merzenhausen,2025-04-21 03:00:00,1,,test,arima,0.285,0.03996474061496124
Merzenhausen,2025-04-21 04:00:00,1,,test,arima,0.282,0.03994585656475305
Merzenhausen,2025-04-21 05:00:00,1,,test,arima,0.282,0.039926981437594204
Merzenhausen,2025-04-21 06:00:00,1,,test,arima,0.282,0.03990811522926839
Merzenhausen,2025-04-21 07:00:00,1,,test,arima,0.286,0.03988925793556131
Merzenhausen,2025-04-21 08:00:00,1,,test,arima,0.285,0.03987040955226065
Merzenhausen,2025-04-21 09:00:00,1,,test,arima,0.284,0.03985157007515608
Merzenhausen,2025-04-21 10:00:00,1,,test,arima,0.287,0.03983273950003926
Merzenhausen,2025-04-21 11:00:00,1,,test,arima,0.289,0.03981391782270385
Merzenhausen,2025-04-21 12:00:00,1,,test,arima,0.289,0.03979510503894548
Merzenhausen,2025-04-21 13:00:00,1,,test,arima,0.286,0.03977630114456179
Merzenhausen,2025-04-21 14:00:00,1,,test,arima,0.291,0.03975750613535238
Merzenhausen,2025-04-21 15:00:00,1,,test,arima,0.292,0.03973872000711886
Merzenhausen,2025-04-21 16:00:00,1,,test,arima,0.296,0.039719942755664796
Merzenhausen,2025-04-21 17:00:00,1,,test,arima,0.301,0.03970117437679577
Merzenhausen,2025-04-21 18:00:00,1,,test,arima,0.304,0.03968241486631931
Merzenhausen,2025-04-21 19:00:00,1,,test,arima,0.304,0.03966366422004495
Merzenhausen,2025-04-21 20:00:00,1,,test,arima,0.305,0.0396449224337842
Merzenhausen,2025-04-21 21:00:00,1,,test,arima,0.306,0.03962618950335055
Merzenhausen,2025-04-21 22:00:00,1,,test,arima,0.304,0.03960746542455945
Merzenhausen,2025-04-21 23:00:00,1,,test,arima,0.306,0.039588750193228356
Merzenhausen,2025-04-22 00:00:00,1,,test,arima,0.306,0.039570043805176675
Merzenhausen,2025-04-22 01:00:00,1,,test,arima,0.306,0.039551346256225806
Merzenhausen,2025-04-22 02:00:00,1,,test,arima,0.307,0.03953265754219912
Merzenhausen,2025-04-22 03:00:00,1,,test,arima,0.306,0.03951397765892195
Merzenhausen,2025-04-22 04:00:00,1,,test,arima,0.306,0.039495306602221614
Merzenhausen,2025-04-22 05:00:00,1,,test,arima,0.309,0.0394766443679274
Merzenhausen,2025-04-22 06:00:00,1,,test,arima,0.311,0.03945799095187056
Merzenhausen,2025-04-22 07:00:00,1,,test,arima,0.31,0.03943934634988432
Merzenhausen,2025-04-22 08:00:00,1,,test,arima,0.313,0.039420710557803884
Merzenhausen,2025-04-22 09:00:00,1,,test,arima,0.313,0.0394020835714664
Merzenhausen,2025-04-22 10:00:00,1,,test,arima,0.315,0.03938346538671101
Merzenhausen,2025-04-22 11:00:00,1,,test,arima,0.316,0.039364855999378806
Merzenhausen,2025-04-22 12:00:00,1,,test,arima,0.318,0.03934625540531285
Merzenhausen,2025-04-22 13:00:00,1,,test,arima,0.341,0.039327663600358165
Merzenhausen,2025-04-22 14:00:00,1,,test,arima,0.348,0.03930908058036174
Merzenhausen,2025-04-22 15:00:00,1,,test,arima,0.354,0.039290506341172524
Merzenhausen,2025-04-22 16:00:00,1,,test,arima,0.348,0.03927194087864144
Merzenhausen,2025-04-22 17:00:00,1,,test,arima,0.356,0.03925338418862136
Merzenhausen,2025-04-22 18:00:00,1,,test,arima,0.356,0.039234836266967096
Merzenhausen,2025-04-22 19:00:00,1,,test,arima,0.353,0.03921629710953546
Merzenhausen,2025-04-22 20:00:00,1,,test,arima,0.353,0.039197766712185195
Merzenhausen,2025-04-22 21:00:00,1,,test,arima,0.35,0.03917924507077701
Merzenhausen,2025-04-22 22:00:00,1,,test,arima,0.356,0.03916073218117356
Merzenhausen,2025-04-22 23:00:00,1,,test,arima,0.353,0.03914222803923946
Merzenhausen,2025-04-23 00:00:00,1,,test,arima,0.353,0.03912373264084129
Merzenhausen,2025-04-23 01:00:00,1,,test,arima,0.348,0.03910524598184757
Merzenhausen,2025-04-23 02:00:00,1,,test,arima,0.348,0.03908676805812878
Merzenhausen,2025-04-23 03:00:00,1,,test,arima,0.347,0.039068298865557335
Merzenhausen,2025-04-23 04:00:00,1,,test,arima,0.342,0.03904983840000763
Merzenhausen,2025-04-23 05:00:00,1,,test,arima,0.344,0.039031386657355976
Merzenhausen,2025-04-23 06:00:00,1,,test,arima,0.344,0.03901294363348066
Merzenhausen,2025-04-23 07:00:00,1,,test,arima,0.341,0.0389945093242619
Merzenhausen,2025-04-23 08:00:00,1,,test,arima,0.339,0.03897608372558187
Merzenhausen,2025-04-23 09:00:00,1,,test,arima,0.339,0.038957666833324675
Merzenhausen,2025-04-23 10:00:00,1,,test,arima,0.337,0.03893925864337639
Merzenhausen,2025-04-23 11:00:00,1,,test,arima,0.338,0.038920859151625006
Merzenhausen,2025-04-23 12:00:00,1,,test,arima,0.335,0.03890246835396048
Merzenhausen,2025-04-23 13:00:00,1,,test,arima,0.335,0.0388840862462747
Merzenhausen,2025-04-23 14:00:00,1,,test,arima,0.335,0.038865712824461496
Merzenhausen,2025-04-23 15:00:00,1,,test,arima,0.335,0.03884734808441663
Merzenhausen,2025-04-23 16:00:00,1,,test,arima,0.332,0.03882899202203783
Merzenhausen,2025-04-23 17:00:00,1,,test,arima,0.332,0.03881064463322473
Merzenhausen,2025-04-23 18:00:00,1,,test,arima,0.332,0.03879230591387892
Merzenhausen,2025-04-23 19:00:00,1,,test,arima,0.33,0.03877397585990393
Merzenhausen,2025-04-23 20:00:00,1,,test,arima,0.327,0.038755654467205206
Merzenhausen,2025-04-23 21:00:00,1,,test,arima,0.327,0.03873734173169015
Merzenhausen,2025-04-23 22:00:00,1,,test,arima,0.328,0.03871903764926808
Merzenhausen,2025-04-23 23:00:00,1,,test,arima,0.327,0.038700742215850265
Merzenhausen,2025-04-24 00:00:00,1,,test,arima,0.325,0.03868245542734989
Merzenhausen,2025-04-24 01:00:00,1,,test,arima,0.325,0.03866417727968208
Merzenhausen,2025-04-24 02:00:00,1,,test,arima,0.324,0.03864590776876389
Merzenhausen,2025-04-24 03:00:00,1,,test,arima,0.325,0.0386276468905143
Merzenhausen,2025-04-24 04:00:00,1,,test,arima,0.324,0.03860939464085422
Merzenhausen,2025-04-24 05:00:00,1,,test,arima,0.324,0.038591151015706496
Merzenhausen,2025-04-24 06:00:00,1,,test,arima,0.324,0.038572916010995884
Merzenhausen,2025-04-24 07:00:00,1,,test,arima,0.322,0.038554689622649074
Merzenhausen,2025-04-24 08:00:00,1,,test,arima,0.324,0.038536471846594686
Merzenhausen,2025-04-24 09:00:00,1,,test,arima,0.324,0.03851826267876325
Merzenhausen,2025-04-24 10:00:00,1,,test,arima,0.326,0.03850006211508725
Merzenhausen,2025-04-24 11:00:00,1,,test,arima,0.326,0.03848187015150104
Merzenhausen,2025-04-24 12:00:00,1,,test,arima,0.324,0.038463686783940944
Merzenhausen,2025-04-24 13:00:00,1,,test,arima,0.321,0.03844551200834519
Merzenhausen,2025-04-24 14:00:00,1,,test,arima,0.321,0.038427345820653894
Merzenhausen,2025-04-24 15:00:00,1,,test,arima,0.316,0.03840918821680915
Merzenhausen,2025-04-24 16:00:00,1,,test,arima,0.317,0.038391039192754925
Merzenhausen,2025-04-24 17:00:00,1,,test,arima,0.314,0.03837289874443711
Merzenhausen,2025-04-24 18:00:00,1,,test,arima,0.313,0.038354766867803536
Merzenhausen,2025-04-24 19:00:00,1,,test,arima,0.31,0.03833664355880391
Merzenhausen,2025-04-24 20:00:00,1,,test,arima,0.31,0.03831852881338988
Merzenhausen,2025-04-24 21:00:00,1,,test,arima,0.308,0.038300422627515
Merzenhausen,2025-04-24 22:00:00,1,,test,arima,0.305,0.038282324997134735
Merzenhausen,2025-04-24 23:00:00,1,,test,arima,0.305,0.03826423591820646
Merzenhausen,2025-04-25 00:00:00,1,,test,arima,0.303,0.038246155386689476
Merzenhausen,2025-04-25 01:00:00,1,,test,arima,0.304,0.03822808339854496
Merzenhausen,2025-04-25 02:00:00,1,,test,arima,0.301,0.038210019949736024
Merzenhausen,2025-04-25 03:00:00,1,,test,arima,0.301,0.03819196503622768
Merzenhausen,2025-04-25 04:00:00,1,,test,arima,0.301,0.03817391865398685
Merzenhausen,2025-04-25 05:00:00,1,,test,arima,0.299,0.038155880798982356
Merzenhausen,2025-04-25 06:00:00,1,,test,arima,0.301,0.03813785146718492
Merzenhausen,2025-04-25 07:00:00,1,,test,arima,0.299,0.038119830654567186
Merzenhausen,2025-04-25 08:00:00,1,,test,arima,0.301,0.03810181835710369
Merzenhausen,2025-04-25 09:00:00,1,,test,arima,0.3,0.038083814570770855
Merzenhausen,2025-04-25 10:00:00,1,,test,arima,0.302,0.03806581929154704
Merzenhausen,2025-04-25 11:00:00,1,,test,arima,0.305,0.03804783251541247
Merzenhausen,2025-04-25 12:00:00,1,,test,arima,0.307,0.0380298542383493
Merzenhausen,2025-04-25 13:00:00,1,,test,arima,0.306,0.03801188445634156
Merzenhausen,2025-04-25 14:00:00,1,,test,arima,0.306,0.03799392316537517
Merzenhausen,2025-04-25 15:00:00,1,,test,arima,0.306,0.03797597036143799
Merzenhausen,2025-04-25 16:00:00,1,,test,arima,0.306,0.037958026040519725
Merzenhausen,2025-04-25 17:00:00,1,,test,arima,0.303,0.03794009019861201
Merzenhausen,2025-04-25 18:00:00,1,,test,arima,0.301,0.037922162831708364
Merzenhausen,2025-04-25 19:00:00,1,,test,arima,0.298,0.03790424393580419
Merzenhausen,2025-04-25 20:00:00,1,,test,arima,0.296,0.03788633350689678
Merzenhausen,2025-04-25 21:00:00,1,,test,arima,0.294,0.03786843154098535
Merzenhausen,2025-04-25 22:00:00,1,,test,arima,0.292,0.03785053803407097
Merzenhausen,2025-04-25 23:00:00,1,,test,arima,0.292,0.03783265298215662
Merzenhausen,2025-04-26 00:00:00,1,,test,arima,0.29,0.03781477638124715
Merzenhausen,2025-04-26 01:00:00,1,,test,arima,0.261,0.03779690822734933
Merzenhausen,2025-04-26 02:00:00,1,,test,arima,0.262,0.03777904851647178
Merzenhausen,2025-04-26 03:00:00,1,,test,arima,0.264,0.03776119724462503
Merzenhausen,2025-04-26 04:00:00,1,,test,arima,0.267,0.03774335440782149
Merzenhausen,2025-04-26 05:00:00,1,,test,arima,0.266,0.03772552000207545
Merzenhausen,2025-04-26 06:00:00,1,,test,arima,0.268,0.037707694023403085
Merzenhausen,2025-04-26 07:00:00,1,,test,arima,0.267,0.037689876467822445
Merzenhausen,2025-04-26 08:00:00,1,,test,arima,0.268,0.037672067331353476
Merzenhausen,2025-04-26 09:00:00,1,,test,arima,0.265,0.03765426661001801
Merzenhausen,2025-04-26 10:00:00,1,,test,arima,0.264,0.037636474299839726
Merzenhausen,2025-04-26 11:00:00,1,,test,arima,0.265,0.037618690396844214
Merzenhausen,2025-04-26 12:00:00,1,,test,arima,0.264,0.03760091489705893
Merzenhausen,2025-04-26 13:00:00,1,,test,arima,0.26,0.03758314779651321
Merzenhausen,2025-04-26 14:00:00,1,,test,arima,0.26,0.03756538909123826
Merzenhausen,2025-04-26 15:00:00,1,,test,arima,0.262,0.03754763877726716
Merzenhausen,2025-04-26 16:00:00,1,,test,arima,0.26,0.03752989685063488
Merzenhausen,2025-04-26 17:00:00,1,,test,arima,0.259,0.03751216330737825
Merzenhausen,2025-04-26 18:00:00,1,,test,arima,0.256,0.03749443814353598
Merzenhausen,2025-04-26 19:00:00,1,,test,arima,0.259,0.03747672135514864
Merzenhausen,2025-04-26 20:00:00,1,,test,arima,0.257,0.03745901293825868
Merzenhausen,2025-04-26 21:00:00,1,,test,arima,0.256,0.03744131288891042
Merzenhausen,2025-04-26 22:00:00,1,,test,arima,0.258,0.037423621203150056
Merzenhausen,2025-04-26 23:00:00,1,,test,arima,0.258,0.03740593787702563
Merzenhausen,2025-04-27 00:00:00,1,,test,arima,0.257,0.037388262906587075
Merzenhausen,2025-04-27 01:00:00,1,,test,arima,0.261,0.03737059628788618
Merzenhausen,2025-04-27 02:00:00,1,,test,arima,0.26,0.037352938016976596
Merzenhausen,2025-04-27 03:00:00,1,,test,arima,0.264,0.03733528808991385
Merzenhausen,2025-04-27 04:00:00,1,,test,arima,0.265,0.03731764650275531
Merzenhausen,2025-04-27 05:00:00,1,,test,arima,0.267,0.037300013251560245
Merzenhausen,2025-04-27 06:00:00,1,,test,arima,0.271,0.037282388332389754
Merzenhausen,2025-04-27 07:00:00,1,,test,arima,0.269,0.03726477174130681
Merzenhausen,2025-04-27 08:00:00,1,,test,arima,0.269,0.03724716347437623
Merzenhausen,2025-04-27 09:00:00,1,,test,arima,0.268,0.037229563527664725
Merzenhausen,2025-04-27 10:00:00,1,,test,arima,0.266,0.037211971897240834
Merzenhausen,2025-04-27 11:00:00,1,,test,arima,0.263,0.03719438857917495
Merzenhausen,2025-04-27 12:00:00,1,,test,arima,0.261,0.03717681356953936
Merzenhausen,2025-04-27 13:00:00,1,,test,arima,0.262,0.03715924686440818
Merzenhausen,2025-04-27 14:00:00,1,,test,arima,0.258,0.03714168845985737
Merzenhausen,2025-04-27 15:00:00,1,,test,arima,0.261,0.03712413835196476
Merzenhausen,2025-04-27 16:00:00,1,,test,arima,0.261,0.03710659653681003
Merzenhausen,2025-04-27 17:00:00,1,,test,arima,0.257,0.03708906301047473
Merzenhausen,2025-04-27 18:00:00,1,,test,arima,0.26,0.037071537769042234
Merzenhausen,2025-04-27 19:00:00,1,,test,arima,0.257,0.03705402080859778
Merzenhausen,2025-04-27 20:00:00,1,,test,arima,0.256,0.037036512125228446
Merzenhausen,2025-04-27 21:00:00,1,,test,arima,0.257,0.037019011715023184
Merzenhausen,2025-04-27 22:00:00,1,,test,arima,0.254,0.037001519574072765
Merzenhausen,2025-04-27 23:00:00,1,,test,arima,0.256,0.03698403569846982
Merzenhausen,2025-04-28 00:00:00,1,,test,arima,0.259,0.03696656008430883
Merzenhausen,2025-05-20 15:00:00,1,,test,arima,0.218,0.03694909272768611
Merzenhausen,2025-05-20 16:00:00,1,,test,arima,0.221,0.03693163362469983
Merzenhausen,2025-05-20 17:00:00,1,,test,arima,0.221,0.036914182771450005
Merzenhausen,2025-05-20 18:00:00,1,,test,arima,0.223,0.03689674016403848
Merzenhausen,2025-05-20 19:00:00,1,,test,arima,0.219,0.036879305798568955
Merzenhausen,2025-05-20 20:00:00,1,,test,arima,0.218,0.036861879671146965
Merzenhausen,2025-05-20 21:00:00,1,,test,arima,0.217,0.03684446177787988
Merzenhausen,2025-05-20 22:00:00,1,,test,arima,0.212,0.036827052114876926
Merzenhausen,2025-05-20 23:00:00,1,,test,arima,0.211,0.03680965067824915
Merzenhausen,2025-05-21 00:00:00,1,,test,arima,0.213,0.03679225746410945
Merzenhausen,2025-05-21 01:00:00,1,,test,arima,0.209,0.03677487246857254
Merzenhausen,2025-05-21 02:00:00,1,,test,arima,0.21,0.036757495687755
Merzenhausen,2025-05-21 03:00:00,1,,test,arima,0.212,0.03674012711777522
Merzenhausen,2025-05-21 04:00:00,1,,test,arima,0.206,0.03672276675475344
Merzenhausen,2025-05-21 05:00:00,1,,test,arima,0.21,0.03670541459481172
Merzenhausen,2025-05-21 06:00:00,1,,test,arima,0.21,0.03668807063407396
Merzenhausen,2025-05-21 07:00:00,1,,test,arima,0.209,0.03667073486866589
Merzenhausen,2025-05-21 08:00:00,1,,test,arima,0.211,0.03665340729471508
Merzenhausen,2025-05-21 09:00:00,1,,test,arima,0.212,0.036636087908350906
Merzenhausen,2025-05-21 10:00:00,1,,test,arima,0.212,0.0366187767057046
Merzenhausen,2025-05-21 11:00:00,1,,test,arima,0.212,0.0366014736829092
Merzenhausen,2025-05-21 12:00:00,1,,test,arima,0.215,0.03658417883609959
Merzenhausen,2025-05-21 13:00:00,1,,test,arima,0.217,0.03656689216141246
Merzenhausen,2025-05-21 14:00:00,1,,test,arima,0.216,0.03654961365498635
Merzenhausen,2025-05-21 15:00:00,1,,test,arima,0.221,0.03653234331296161
Merzenhausen,2025-05-21 16:00:00,1,,test,arima,0.217,0.03651508113148041
Merzenhausen,2025-05-21 17:00:00,1,,test,arima,0.22,0.036497827106686746
Merzenhausen,2025-05-21 18:00:00,1,,test,arima,0.217,0.036480581234726445
Merzenhausen,2025-05-21 19:00:00,1,,test,arima,0.216,0.03646334351174714
Merzenhausen,2025-05-21 20:00:00,1,,test,arima,0.213,0.0364461139338983
Merzenhausen,2025-05-21 21:00:00,1,,test,arima,0.212,0.03642889249733121
Merzenhausen,2025-05-21 22:00:00,1,,test,arima,0.209,0.03641167919819896
Merzenhausen,2025-05-21 23:00:00,1,,test,arima,0.211,0.03639447403265647
Merzenhausen,2025-05-22 00:00:00,1,,test,arima,0.209,0.036377276996860476
Merzenhausen,2025-05-22 01:00:00,1,,test,arima,0.208,0.03636008808696953
Merzenhausen,2025-05-22 02:00:00,1,,test,arima,0.205,0.03634290729914399
Merzenhausen,2025-05-22 03:00:00,1,,test,arima,0.207,0.03632573462954604
Merzenhausen,2025-05-22 04:00:00,1,,test,arima,0.204,0.03630857007433967
Merzenhausen,2025-05-22 05:00:00,1,,test,arima,0.206,0.0362914136296907
Merzenhausen,2025-05-22 06:00:00,1,,test,arima,0.208,0.03627426529176673
Merzenhausen,2025-05-22 07:00:00,1,,test,arima,0.206,0.0362571250567372
Merzenhausen,2025-05-22 08:00:00,1,,test,arima,0.207,0.03623999292077334
Merzenhausen,2025-05-22 09:00:00,1,,test,arima,0.207,0.036222868880048206
Merzenhausen,2025-05-22 10:00:00,1,,test,arima,0.209,0.03620575293073665
Merzenhausen,2025-05-22 11:00:00,1,,test,arima,0.208,0.03618864506901533
Merzenhausen,2025-05-22 12:00:00,1,,test,arima,0.21,0.036171545291062715
Merzenhausen,2025-05-22 13:00:00,1,,test,arima,0.211,0.03615445359305909
Merzenhausen,2025-05-22 14:00:00,1,,test,arima,0.21,0.036137369971186536
Merzenhausen,2025-05-22 15:00:00,1,,test,arima,0.209,0.03612029442162893
Merzenhausen,2025-05-22 16:00:00,1,,test,arima,0.208,0.03610322694057196
Merzenhausen,2025-05-22 17:00:00,1,,test,arima,0.207,0.03608616752420313
Merzenhausen,2025-05-22 18:00:00,1,,test,arima,0.206,0.03606911616871171
Merzenhausen,2025-05-22 19:00:00,1,,test,arima,0.209,0.036052072870288804
Merzenhausen,2025-05-22 20:00:00,1,,test,arima,0.209,0.0360350376251273
Merzenhausen,2025-05-22 21:00:00,1,,test,arima,0.211,0.0360180104294219
Merzenhausen,2025-05-22 22:00:00,1,,test,arima,0.209,0.03600099127936908
Merzenhausen,2025-05-22 23:00:00,1,,test,arima,0.209,0.03598398017116713
Merzenhausen,2025-05-23 00:00:00,1,,test,arima,0.206,0.03596697710101613
Merzenhausen,2025-05-23 01:00:00,1,,test,arima,0.21,0.035949982065117965
Merzenhausen,2025-05-23 02:00:00,1,,test,arima,0.208,0.0359329950596763
Merzenhausen,2025-05-23 03:00:00,1,,test,arima,0.208,0.035916016080896604
Merzenhausen,2025-05-23 04:00:00,1,,test,arima,0.207,0.03589904512498614
Merzenhausen,2025-05-23 05:00:00,1,,test,arima,0.209,0.03588208218815396
Merzenhausen,2025-05-23 06:00:00,1,,test,arima,0.208,0.0358651272666109
Merzenhausen,2025-05-23 07:00:00,1,,test,arima,0.21,0.0358481803565696
Merzenhausen,2025-05-23 08:00:00,1,,test,arima,0.211,0.03583124145424448
Merzenhausen,2025-05-23 09:00:00,1,,test,arima,0.212,0.035814310555851755
Merzenhausen,2025-05-23 10:00:00,1,,test,arima,0.211,0.035797387657609425
Merzenhausen,2025-05-23 11:00:00,1,,test,arima,0.211,0.03578047275573727
Merzenhausen,2025-05-23 12:00:00,1,,test,arima,0.212,0.035763565846456874
Merzenhausen,2025-05-23 13:00:00,1,,test,arima,0.214,0.035746666925991585
Merzenhausen,2025-05-23 14:00:00,1,,test,arima,0.214,0.03572977599056655
Merzenhausen,2025-05-23 15:00:00,1,,test,arima,0.217,0.03571289303640869
Merzenhausen,2025-05-23 16:00:00,1,,test,arima,0.241,0.035696018059746724
Merzenhausen,2025-05-23 17:00:00,1,,test,arima,0.216,0.03567915105681114
Merzenhausen,2025-05-23 18:00:00,1,,test,arima,0.2225,0.035662292023834204
Merzenhausen,2025-05-23 19:00:00,1,,test,arima,0.21000001,0.035645440957049974
Merzenhausen,2025-05-23 22:00:00,1,,test,arima,0.213,0.03562859785269429
Merzenhausen,2025-05-23 23:00:00,1,,test,arima,0.21,0.03561176270700475
Merzenhausen,2025-05-24 00:00:00,1,,test,arima,0.224,0.035594935516220755
Merzenhausen,2025-05-24 01:00:00,1,,test,arima,0.206,0.03557811627658346
Merzenhausen,2025-05-24 02:00:00,1,,test,arima,0.21,0.03556130498433581
Merzenhausen,2025-05-24 03:00:00,1,,test,arima,0.211,0.03554450163572252
Merzenhausen,2025-05-24 04:00:00,1,,test,arima,0.212,0.03552770622699009
Merzenhausen,2025-05-24 05:00:00,1,,test,arima,0.208,0.03551091875438678
Merzenhausen,2025-05-24 06:00:00,1,,test,arima,0.208,0.035494139214162626
Merzenhausen,2025-05-24 07:00:00,1,,test,arima,0.209,0.035477367602569435
Merzenhausen,2025-05-24 08:00:00,1,,test,arima,0.21,0.0354606039158608
Merzenhausen,2025-05-24 09:00:00,1,,test,arima,0.2235,0.035443848150292064
Merzenhausen,2025-05-24 10:00:00,1,,test,arima,0.213,0.035427100302120346
Merzenhausen,2025-05-24 11:00:00,1,,test,arima,0.214,0.035410360367604546
Merzenhausen,2025-05-24 12:00:00,1,,test,arima,0.218,0.0353936283430053
Merzenhausen,2025-05-24 13:00:00,1,,test,arima,0.218,0.03537690422458505
Merzenhausen,2025-05-24 14:00:00,1,,test,arima,0.218,0.03536018800860799
Merzenhausen,2025-05-24 15:00:00,1,,test,arima,0.221,0.03534347969134005
Merzenhausen,2025-05-24 16:00:00,1,,test,arima,0.218,0.03532677926904898
Merzenhausen,2025-05-24 17:00:00,1,,test,arima,0.223,0.03531008673800424
Merzenhausen,2025-05-24 18:00:00,1,,test,arima,0.217,0.03529340209447709
Merzenhausen,2025-05-24 19:00:00,1,,test,arima,0.219,0.03527672533474052
Merzenhausen,2025-05-24 20:00:00,1,,test,arima,0.217,0.03526005645506932
Merzenhausen,2025-05-24 21:00:00,1,,test,arima,0.216,0.03524339545174001
Merzenhausen,2025-05-24 22:00:00,1,,test,arima,0.213,0.035226742321030874
Merzenhausen,2025-05-24 23:00:00,1,,test,arima,0.215,0.03521009705922197
Merzenhausen,2025-05-25 00:00:00,1,,test,arima,0.212,0.03519345966259509
Merzenhausen,2025-05-25 01:00:00,1,,test,arima,0.212,0.035176830127433806
Merzenhausen,2025-05-25 02:00:00,1,,test,arima,0.216,0.035160208450023434
Merzenhausen,2025-05-25 03:00:00,1,,test,arima,0.214,0.03514359462665104
Merzenhausen,2025-05-25 04:00:00,1,,test,arima,0.211,0.03512698865360546
Merzenhausen,2025-05-25 05:00:00,1,,test,arima,0.212,0.035110390527177265
Merzenhausen,2025-05-25 06:00:00,1,,test,arima,0.212,0.035093800243658796
Merzenhausen,2025-05-25 07:00:00,1,,test,arima,0.211,0.03507721779934414
Merzenhausen,2025-05-25 08:00:00,1,,test,arima,0.214,0.03506064319052914
Merzenhausen,2025-05-25 09:00:00,1,,test,arima,0.213,0.035044076413511364
Merzenhausen,2025-05-25 10:00:00,1,,test,arima,0.225,0.035027517464590166
Merzenhausen,2025-05-25 11:00:00,1,,test,arima,0.214,0.03501096634006662
Merzenhausen,2025-05-25 12:00:00,1,,test,arima,0.217,0.03499442303624357
Merzenhausen,2025-05-25 13:00:00,1,,test,arima,0.219,0.03497788754942559
Merzenhausen,2025-05-25 14:00:00,1,,test,arima,0.215,0.034961359875918994
Merzenhausen,2025-05-25 15:00:00,1,,test,arima,0.215,0.03494484001203187
Merzenhausen,2025-05-25 16:00:00,1,,test,arima,0.219,0.03492832795407404
Merzenhausen,2025-05-25 17:00:00,1,,test,arima,0.216,0.03491182369835704
Merzenhausen,2025-05-25 18:00:00,1,,test,arima,0.216,0.03489532724119419
Merzenhausen,2025-05-25 19:00:00,1,,test,arima,0.215,0.034878838578900534
Merzenhausen,2025-06-19 02:00:00,1,,test,arima,0.143,0.03486235770779285
Merzenhausen,2025-06-19 03:00:00,1,,test,arima,0.14,0.03484588462418967
Merzenhausen,2025-06-19 04:00:00,1,,test,arima,0.142,0.03482941932441126
Merzenhausen,2025-06-19 05:00:00,1,,test,arima,0.139,0.03481296180477962
Merzenhausen,2025-06-19 06:00:00,1,,test,arima,0.139,0.0347965120616185
Merzenhausen,2025-06-19 07:00:00,1,,test,arima,0.142,0.03478007009125337
Merzenhausen,2025-06-19 08:00:00,1,,test,arima,0.143,0.03476363589001145
Merzenhausen,2025-06-19 09:00:00,1,,test,arima,0.145,0.03474720945422169
Merzenhausen,2025-06-19 10:00:00,1,,test,arima,0.146,0.03473079078021478
Merzenhausen,2025-06-19 11:00:00,1,,test,arima,0.145,0.03471437986432313
Merzenhausen,2025-06-19 12:00:00,1,,test,arima,0.149,0.034697976702880905
Merzenhausen,2025-06-19 13:00:00,1,,test,arima,0.151,0.034681581292223984
Merzenhausen,2025-06-19 14:00:00,1,,test,arima,0.153,0.034665193628689986
Merzenhausen,2025-06-19 15:00:00,1,,test,arima,0.151,0.03464881370861825
Merzenhausen,2025-06-19 16:00:00,1,,test,arima,0.153,0.034632441528349864
Merzenhausen,2025-06-19 17:00:00,1,,test,arima,0.154,0.03461607708422762
Merzenhausen,2025-06-19 18:00:00,1,,test,arima,0.151,0.034599720372596066
Merzenhausen,2025-06-19 19:00:00,1,,test,arima,0.15,0.03458337138980145
Merzenhausen,2025-06-19 20:00:00,1,,test,arima,0.145,0.03456703013219177
Merzenhausen,2025-06-19 21:00:00,1,,test,arima,0.143,0.034550696596116724
Merzenhausen,2025-06-19 22:00:00,1,,test,arima,0.142,0.034534370777927766
Merzenhausen,2025-06-19 23:00:00,1,,test,arima,0.141,0.03451805267397805
Merzenhausen,2025-06-20 00:00:00,1,,test,arima,0.141,0.03450174228062246
Merzenhausen,2025-06-20 01:00:00,1,,test,arima,0.143,0.0344854395942176
Merzenhausen,2025-06-20 02:00:00,1,,test,arima,0.138,0.03446914461112181
Merzenhausen,2025-06-20 03:00:00,1,,test,arima,0.141,0.03445285732769513
Merzenhausen,2025-06-20 04:00:00,1,,test,arima,0.138,0.03443657774029933
Merzenhausen,2025-06-20 05:00:00,1,,test,arima,0.139,0.034420305845297906
Merzenhausen,2025-06-20 06:00:00,1,,test,arima,0.139,0.03440404163905606
Merzenhausen,2025-06-20 07:00:00,1,,test,arima,0.138,0.03438778511794072
Merzenhausen,2025-06-20 08:00:00,1,,test,arima,0.139,0.034371536278320514
Merzenhausen,2025-06-20 09:00:00,1,,test,arima,0.139,0.034355295116565814
Merzenhausen,2025-06-20 10:00:00,1,,test,arima,0.142,0.034339061629048685
Merzenhausen,2025-06-20 11:00:00,1,,test,arima,0.141,0.03432283581214292
Merzenhausen,2025-06-20 12:00:00,1,,test,arima,0.144,0.03430661766222401
Merzenhausen,2025-06-20 13:00:00,1,,test,arima,0.147,0.03429040717566917
Merzenhausen,2025-06-20 14:00:00,1,,test,arima,0.15,0.03427420434885733
Merzenhausen,2025-06-20 15:00:00,1,,test,arima,0.149,0.03425800917816912
Merzenhausen,2025-06-20 16:00:00,1,,test,arima,0.146,0.03424182165998688
Merzenhausen,2025-06-20 17:00:00,1,,test,arima,0.147,0.03422564179069468
Merzenhausen,2025-06-20 18:00:00,1,,test,arima,0.144,0.034209469566678266
Merzenhausen,2025-06-20 19:00:00,1,,test,arima,0.144,0.03419330498432513
Merzenhausen,2025-06-20 20:00:00,1,,test,arima,0.144,0.03417714804002443
Merzenhausen,2025-06-20 21:00:00,1,,test,arima,0.142,0.034160998730167064
Merzenhausen,2025-06-20 22:00:00,1,,test,arima,0.138,0.034144857051145616
Merzenhausen,2025-06-20 23:00:00,1,,test,arima,0.137,0.03412872299935438
Merzenhausen,2025-06-21 00:00:00,1,,test,arima,0.136,0.034112596571189355
Merzenhausen,2025-06-21 01:00:00,1,,test,arima,0.135,0.03409647776304824
Merzenhausen,2025-06-21 02:00:00,1,,test,arima,0.136,0.03408036657133044
Merzenhausen,2025-06-21 03:00:00,1,,test,arima,0.137,0.03406426299243707
Merzenhausen,2025-06-21 04:00:00,1,,test,arima,0.134,0.034048167022770914
Merzenhausen,2025-06-21 05:00:00,1,,test,arima,0.134,0.034032078658736496
Merzenhausen,2025-06-21 06:00:00,1,,test,arima,0.136,0.03401599789674001
Merzenhausen,2025-06-21 07:00:00,1,,test,arima,0.134,0.03399992473318936
Merzenhausen,2025-06-21 08:00:00,1,,test,arima,0.134,0.033983859164494146
Merzenhausen,2025-06-21 09:00:00,1,,test,arima,0.136,0.03396780118706566
Merzenhausen,2025-06-21 10:00:00,1,,test,arima,0.135,0.0339517507973169
Merzenhausen,2025-06-21 11:00:00,1,,test,arima,0.13,0.03393570799166255
Merzenhausen,2025-06-21 12:00:00,1,,test,arima,0.14,0.033919672766519
Merzenhausen,2025-06-21 13:00:00,1,,test,arima,0.134,0.03390364511830431
Merzenhausen,2025-06-21 14:00:00,1,,test,arima,0.137,0.033887625043438244
Merzenhausen,2025-06-21 15:00:00,1,,test,arima,0.136,0.03387161253834227
Merzenhausen,2025-06-21 16:00:00,1,,test,arima,0.14,0.03385560759943953
Merzenhausen,2025-06-21 17:00:00,1,,test,arima,0.136,0.03383961022315487
Merzenhausen,2025-06-21 18:00:00,1,,test,arima,0.137,0.033823620405914814
Merzenhausen,2025-06-21 19:00:00,1,,test,arima,0.136,0.033807638144147584
Merzenhausen,2025-06-21 20:00:00,1,,test,arima,0.132,0.03379166343428308
Merzenhausen,2025-06-21 21:00:00,1,,test,arima,0.13,0.03377569627275289
Merzenhausen,2025-06-21 22:00:00,1,,test,arima,0.133,0.0337597366559903
Merzenhausen,2025-06-21 23:00:00,1,,test,arima,0.132,0.03374378458043027
Merzenhausen,2025-06-22 00:00:00,1,,test,arima,0.129,0.03372784004250945
Merzenhausen,2025-06-22 01:00:00,1,,test,arima,0.131,0.03371190303866617
Merzenhausen,2025-06-22 02:00:00,1,,test,arima,0.13,0.033695973565340445
Merzenhausen,2025-06-22 03:00:00,1,,test,arima,0.129,0.03368005161897397
Merzenhausen,2025-06-22 04:00:00,1,,test,arima,0.131,0.03366413719601012
Merzenhausen,2025-06-22 05:00:00,1,,test,arima,0.129,0.03364823029289396
Merzenhausen,2025-06-22 06:00:00,1,,test,arima,0.132,0.033632330906072226
Merzenhausen,2025-06-22 07:00:00,1,,test,arima,0.127,0.033616439031993336
Merzenhausen,2025-06-22 08:00:00,1,,test,arima,0.13,0.03360055466710738
Merzenhausen,2025-06-22 09:00:00,1,,test,arima,0.129,0.03358467780786614
Merzenhausen,2025-06-22 10:00:00,1,,test,arima,0.133,0.03356880845072306
Merzenhausen,2025-06-22 11:00:00,1,,test,arima,0.132,0.033552946592133266
Merzenhausen,2025-06-22 12:00:00,1,,test,arima,0.136,0.033537092228553556
Merzenhausen,2025-06-22 13:00:00,1,,test,arima,0.136,0.03352124535644241
Merzenhausen,2025-06-22 14:00:00,1,,test,arima,0.136,0.03350540597225997
Merzenhausen,2025-06-22 15:00:00,1,,test,arima,0.137,0.03348957407246806
Merzenhausen,2025-06-22 16:00:00,1,,test,arima,0.136,0.03347374965353017
Merzenhausen,2025-06-22 17:00:00,1,,test,arima,0.136,0.03345793271191147
Merzenhausen,2025-06-22 18:00:00,1,,test,arima,0.136,0.03344212324407879
Merzenhausen,2025-06-22 19:00:00,1,,test,arima,0.133,0.03342632124650063
Merzenhausen,2025-06-22 20:00:00,1,,test,arima,0.132,0.03341052671564716
Merzenhausen,2025-06-22 21:00:00,1,,test,arima,0.132,0.033394739647990224
Merzenhausen,2025-06-22 22:00:00,1,,test,arima,0.135,0.03337896004000333
Merzenhausen,2025-06-22 23:00:00,1,,test,arima,0.135,0.03336318788816166
Merzenhausen,2025-06-23 00:00:00,1,,test,arima,0.132,0.03334742318894203
Merzenhausen,2025-06-23 01:00:00,1,,test,arima,0.132,0.03333166593882297
Merzenhausen,2025-06-23 02:00:00,1,,test,arima,0.133,0.033315916134284626
Merzenhausen,2025-06-23 03:00:00,1,,test,arima,0.12799999,0.03330017377180884
Merzenhausen,2025-06-23 04:00:00,1,,test,arima,0.1425,0.0332844388478791
Merzenhausen,2025-06-23 05:00:00,1,,test,arima,0.128,0.03326871135898057
Merzenhausen,2025-06-23 06:00:00,1,,test,arima,0.128,0.033252991301600046
Merzenhausen,2025-06-23 07:00:00,1,,test,arima,0.131,0.03323727867222603
Merzenhausen,2025-06-23 08:00:00,1,,test,arima,0.133,0.033221573467348636
Merzenhausen,2025-06-23 09:00:00,1,,test,arima,0.13949999,0.03320587568345967
Merzenhausen,2025-06-23 10:00:00,1,,test,arima,0.135,0.033190185317052576
Merzenhausen,2025-06-23 11:00:00,1,,test,arima,0.137,0.033174502364622466
Merzenhausen,2025-06-23 12:00:00,1,,test,arima,0.138,0.033158826822666104
Merzenhausen,2025-06-23 13:00:00,1,,test,arima,0.14,0.0331431586876819
Merzenhausen,2025-06-23 14:00:00,1,,test,arima,0.141,0.03312749795616994
Merzenhausen,2025-06-23 15:00:00,1,,test,arima,0.14,0.03311184462463195
Merzenhausen,2025-06-23 16:00:00,1,,test,arima,0.1355,0.03309619868957131
Merzenhausen,2025-06-23 17:00:00,1,,test,arima,0.13499999,0.03308056014749305
Merzenhausen,2025-06-23 18:00:00,1,,test,arima,0.137,0.03306492899490385
Merzenhausen,2025-06-23 19:00:00,1,,test,arima,0.139,0.03304930522831205
Merzenhausen,2025-06-23 20:00:00,1,,test,arima,0.139,0.03303368884422764
Merzenhausen,2025-06-23 21:00:00,1,,test,arima,0.133,0.033018079839162245
Merzenhausen,2025-06-23 22:00:00,1,,test,arima,0.136,0.03300247820962916
Merzenhausen,2025-06-23 23:00:00,1,,test,arima,0.136,0.0329868839521433
Merzenhausen,2025-06-24 00:00:00,1,,test,arima,0.133,0.03297129706322126
Merzenhausen,2025-06-24 01:00:00,1,,test,arima,0.135,0.032955717539381243
Merzenhausen,2025-06-24 02:00:00,1,,test,arima,0.155,0.032940145377143126
Merzenhausen,2025-06-24 03:00:00,1,,test,arima,0.129,0.032924580573028425
Merzenhausen,2025-06-24 04:00:00,1,,test,arima,0.131,0.03290902312356028
Merzenhausen,2025-06-24 05:00:00,1,,test,arima,0.132,0.03289347302526351
Merzenhausen,2025-06-24 06:00:00,1,,test,arima,0.132,0.03287793027466455
Merzenhausen,2025-06-24 07:00:00,1,,test,arima,0.131,0.03286239486829147
Merzenhausen,2025-06-24 08:00:00,1,,test,arima,0.133,0.032846866802674006
Merzenhausen,2025-06-24 09:00:00,1,,test,arima,0.133,0.032831346074343515
Merzenhausen,2025-06-24 10:00:00,1,,test,arima,0.129,0.032815832679833006
Merzenhausen,2025-06-24 11:00:00,1,,test,arima,0.131,0.03280032661567711
Merzenhausen,2025-06-24 12:00:00,1,,test,arima,0.135,0.03278482787841211
Merzenhausen,2025-06-24 13:00:00,1,,test,arima,0.134,0.032769336464575916
Merzenhausen,2025-06-24 14:00:00,1,,test,arima,0.132,0.032753852370708075
Merzenhausen,2025-06-24 15:00:00,1,,test,arima,0.135,0.03273837559334977
Merzenhausen,2025-06-24 16:00:00,1,,test,arima,0.136,0.032722906129043834
Merzenhausen,2025-06-24 17:00:00,1,,test,arima,0.136,0.03270744397433471
Merzenhausen,2025-06-24 18:00:00,1,,test,arima,0.135,0.032691989125768484
Merzenhausen,2025-06-24 19:00:00,1,,test,arima,0.132,0.03267654157989288
Merzenhausen,2025-06-24 20:00:00,1,,test,arima,0.131,0.03266110133325723
Merzenhausen,2025-06-24 21:00:00,1,,test,arima,0.129,0.032645668382412535
Merzenhausen,2025-06-24 22:00:00,1,,test,arima,0.131,0.03263024272391139
Merzenhausen,2025-06-24 23:00:00,1,,test,arima,0.132,0.03261482435430804
Merzenhausen,2025-06-25 00:00:00,1,,test,arima,0.127,0.03259941327015835
Merzenhausen,2025-06-25 01:00:00,1,,test,arima,0.128,0.03258400946801981
Merzenhausen,2025-06-25 02:00:00,1,,test,arima,0.128,0.032568612944451535
Merzenhausen,2025-06-25 03:00:00,1,,test,arima,0.125,0.03255322369601429
Merzenhausen,2025-06-25 04:00:00,1,,test,arima,0.131,0.032537841719270426
Merzenhausen,2025-06-25 05:00:00,1,,test,arima,0.127,0.03252246701078395
Merzenhausen,2025-06-25 06:00:00,1,,test,arima,0.128,0.03250709956712047
Merzenhausen,2025-06-25 07:00:00,1,,test,arima,0.127,0.03249173938484725
Merzenhausen,2025-06-25 08:00:00,1,,test,arima,0.127,0.032476386460533135
Merzenhausen,2025-06-25 09:00:00,1,,test,arima,0.128,0.032461040790748616
Merzenhausen,2025-06-25 10:00:00,1,,test,arima,0.129,0.0324457023720658
Merzenhausen,2025-06-25 11:00:00,1,,test,arima,0.132,0.03243037120105841
Merzenhausen,2025-06-25 12:00:00,1,,test,arima,0.13,0.03241504727430179
Merzenhausen,2025-06-25 13:00:00,1,,test,arima,0.136,0.032399730588372914
Merzenhausen,2025-06-25 14:00:00,1,,test,arima,0.134,0.03238442113985035
Merzenhausen,2025-06-25 15:00:00,1,,test,arima,0.139,0.03236911892531429
Merzenhausen,2025-06-25 16:00:00,1,,test,arima,0.14,0.03235382394134657
Merzenhausen,2025-06-25 17:00:00,1,,test,arima,0.137,0.032338536184530586
Merzenhausen,2025-06-25 18:00:00,1,,test,arima,0.136,0.0323232556514514
Merzenhausen,2025-06-25 19:00:00,1,,test,arima,0.135,0.032307982338695675
Merzenhausen,2025-06-25 20:00:00,1,,test,arima,0.146,0.03229271624285166
Merzenhausen,2025-06-25 21:00:00,1,,test,arima,0.14050001,0.03227745736050925
Merzenhausen,2025-06-25 22:00:00,1,,test,arima,0.13,0.03226220568825994
Merzenhausen,2025-06-25 23:00:00,1,,test,arima,0.132,0.03224696122269681
Merzenhausen,2025-06-26 00:00:00,1,,test,arima,0.143,0.0322317239604146
Merzenhausen,2025-06-26 01:00:00,1,,test,arima,0.132,0.03221649389800962
Merzenhausen,2025-07-08 15:00:00,1,,test,arima,0.231,0.032201271032079794
Merzenhausen,2025-07-08 16:00:00,1,,test,arima,0.228,0.03218605535922467
Merzenhausen,2025-07-08 17:00:00,1,,test,arima,0.224,0.03217084687604539
Merzenhausen,2025-07-08 18:00:00,1,,test,arima,0.223,0.0321556455791447
Merzenhausen,2025-07-08 19:00:00,1,,test,arima,0.225,0.03214045146512696
Merzenhausen,2025-07-15 22:00:00,1,,test,arima,0.154,0.03212526453059813
Merzenhausen,2025-07-15 23:00:00,1,,test,arima,0.156,0.032110084772165766
Merzenhausen,2025-07-16 00:00:00,1,,test,arima,0.153,0.03209491218643905
Merzenhausen,2025-07-16 01:00:00,1,,test,arima,0.152,0.032079746770028734
Merzenhausen,2025-07-16 02:00:00,1,,test,arima,0.153,0.0320645885195472
Merzenhausen,2025-07-16 03:00:00,1,,test,arima,0.151,0.032049437431608416
Merzenhausen,2025-07-16 04:00:00,1,,test,arima,0.152,0.03203429350282795
Merzenhausen,2025-07-16 05:00:00,1,,test,arima,0.153,0.03201915672982299
Merzenhausen,2025-07-16 06:00:00,1,,test,arima,0.152,0.032004027109212276
Merzenhausen,2025-07-16 07:00:00,1,,test,arima,0.151,0.031988904637616195
Merzenhausen,2025-07-16 08:00:00,1,,test,arima,0.156,0.0319737893116567
Merzenhausen,2025-07-16 09:00:00,1,,test,arima,0.153,0.03195868112795737
Merzenhausen,2025-07-16 10:00:00,1,,test,arima,0.155,0.03194358008314334
Merzenhausen,2025-07-16 11:00:00,1,,test,arima,0.156,0.031928486173841364
Merzenhausen,2025-07-16 12:00:00,1,,test,arima,0.154,0.03191339939667979
Merzenhausen,2025-07-16 13:00:00,1,,test,arima,0.156,0.031898319748288544
Merzenhausen,2025-07-16 14:00:00,1,,test,arima,0.155,0.03188324722529917
Merzenhausen,2025-07-16 15:00:00,1,,test,arima,0.156,0.03186818182434478
Merzenhausen,2025-07-16 16:00:00,1,,test,arima,0.156,0.031853123542060095
Merzenhausen,2025-07-16 17:00:00,1,,test,arima,0.153,0.031838072375081405
Merzenhausen,2025-07-16 18:00:00,1,,test,arima,0.156,0.03182302832004661
Merzenhausen,2025-07-16 19:00:00,1,,test,arima,0.153,0.03180799137359518
Merzenhausen,2025-07-16 20:00:00,1,,test,arima,0.153,0.0317929615323682
Merzenhausen,2025-07-16 21:00:00,1,,test,arima,0.15,0.03177793879300831
Merzenhausen,2025-07-16 22:00:00,1,,test,arima,0.152,0.031762923152159755
Merzenhausen,2025-07-16 23:00:00,1,,test,arima,0.147,0.03174791460646837
Merzenhausen,2025-07-17 00:00:00,1,,test,arima,0.15,0.03173291315258156
Merzenhausen,2025-07-17 01:00:00,1,,test,arima,0.149,0.03171791878714832
Merzenhausen,2025-07-17 02:00:00,1,,test,arima,0.15,0.031702931506819236
Merzenhausen,2025-07-17 03:00:00,1,,test,arima,0.149,0.03168795130824647
Merzenhausen,2025-07-17 04:00:00,1,,test,arima,0.148,0.031672978188083754
Merzenhausen,2025-07-17 05:00:00,1,,test,arima,0.146,0.03165801214298643
Merzenhausen,2025-07-17 06:00:00,1,,test,arima,0.148,0.03164305316961139
Merzenhausen,2025-07-17 07:00:00,1,,test,arima,0.149,0.03162810126461713
Merzenhausen,2025-07-17 08:00:00,1,,test,arima,0.151,0.03161315642466371
Merzenhausen,2025-07-17 09:00:00,1,,test,arima,0.15,0.031598218646412775
Merzenhausen,2025-07-17 10:00:00,1,,test,arima,0.151,0.03158328792652754
Merzenhausen,2025-07-17 11:00:00,1,,test,arima,0.149,0.0315683642616728
Merzenhausen,2025-07-17 12:00:00,1,,test,arima,0.15,0.03155344764851494
Merzenhausen,2025-07-17 13:00:00,1,,test,arima,0.152,0.031538538083721895
Merzenhausen,2025-07-17 14:00:00,1,,test,arima,0.151,0.0315236355639632
Merzenhausen,2025-07-17 15:00:00,1,,test,arima,0.151,0.03150874008590994
Merzenhausen,2025-07-17 16:00:00,1,,test,arima,0.149,0.03149385164623479
Merzenhausen,2025-07-17 17:00:00,1,,test,arima,0.15,0.03147897024161199
Merzenhausen,2025-07-17 18:00:00,1,,test,arima,0.152,0.031464095868717346
Merzenhausen,2025-07-17 19:00:00,1,,test,arima,0.149,0.031449228524228254
Merzenhausen,2025-07-17 20:00:00,1,,test,arima,0.148,0.031434368204823655
Merzenhausen,2025-07-17 21:00:00,1,,test,arima,0.149,0.03141951490718408
Merzenhausen,2025-07-17 22:00:00,1,,test,arima,0.146,0.03140466862799162
Merzenhausen,2025-07-17 23:00:00,1,,test,arima,0.147,0.03138982936392993
Merzenhausen,2025-07-18 00:00:00,1,,test,arima,0.146,0.03137499711168423
Merzenhausen,2025-07-18 01:00:00,1,,test,arima,0.146,0.031360171867941336
Merzenhausen,2025-07-18 02:00:00,1,,test,arima,0.147,0.031345353629389575
Merzenhausen,2025-07-18 03:00:00,1,,test,arima,0.145,0.03133054239271889
Merzenhausen,2025-07-18 04:00:00,1,,test,arima,0.148,0.03131573815462076
Merzenhausen,2025-07-18 05:00:00,1,,test,arima,0.144,0.03130094091178824
Merzenhausen,2025-07-18 06:00:00,1,,test,arima,0.144,0.031286150660915946
Merzenhausen,2025-07-18 07:00:00,1,,test,arima,0.148,0.03127136739870004
Merzenhausen,2025-07-18 08:00:00,1,,test,arima,0.145,0.03125659112183826
Merzenhausen,2025-07-18 09:00:00,1,,test,arima,0.146,0.031241821827029916
Merzenhausen,2025-07-18 10:00:00,1,,test,arima,0.145,0.03122705951097585
Merzenhausen,2025-07-18 11:00:00,1,,test,arima,0.148,0.031212304170378485
Merzenhausen,2025-07-18 12:00:00,1,,test,arima,0.149,0.031197555801941786
Merzenhausen,2025-07-18 13:00:00,1,,test,arima,0.15,0.031182814402371285
Merzenhausen,2025-07-18 14:00:00,1,,test,arima,0.149,0.031168079968374073
Merzenhausen,2025-07-18 15:00:00,1,,test,arima,0.148,0.03115335249665879
Merzenhausen,2025-07-18 16:00:00,1,,test,arima,0.158,0.031138631983935634
Merzenhausen,2025-07-18 17:00:00,1,,test,arima,0.16,0.03112391842691636
Merzenhausen,2025-07-18 18:00:00,1,,test,arima,0.16,0.03110921182231427
Merzenhausen,2025-07-18 19:00:00,1,,test,arima,0.158,0.031094512166844224
Merzenhausen,2025-07-18 20:00:00,1,,test,arima,0.159,0.031079819457222636
Merzenhausen,2025-07-18 21:00:00,1,,test,arima,0.156,0.03106513369016747
Merzenhausen,2025-07-18 22:00:00,1,,test,arima,0.158,0.031050454862398238
Merzenhausen,2025-07-18 23:00:00,1,,test,arima,0.156,0.031035782970636003
Merzenhausen,2025-07-19 00:00:00,1,,test,arima,0.157,0.031021118011603382
Merzenhausen,2025-07-19 01:00:00,1,,test,arima,0.155,0.03100645998202453
Merzenhausen,2025-07-19 02:00:00,1,,test,arima,0.152,0.03099180887862517
Merzenhausen,2025-07-19 03:00:00,1,,test,arima,0.153,0.030977164698132546
Merzenhausen,2025-07-19 04:00:00,1,,test,arima,0.153,0.030962527437275466
Merzenhausen,2025-07-19 05:00:00,1,,test,arima,0.154,0.03094789709278428
Merzenhausen,2025-07-19 06:00:00,1,,test,arima,0.154,0.03093327366139088
Merzenhausen,2025-07-19 07:00:00,1,,test,arima,0.157,0.030918657139828706
Merzenhausen,2025-07-19 08:00:00,1,,test,arima,0.153,0.030904047524832744
Merzenhausen,2025-07-19 09:00:00,1,,test,arima,0.154,0.030889444813139513
Merzenhausen,2025-07-19 10:00:00,1,,test,arima,0.155,0.03087484900148708
Merzenhausen,2025-07-19 11:00:00,1,,test,arima,0.157,0.030860260086615056
Merzenhausen,2025-07-19 12:00:00,1,,test,arima,0.155,0.03084567806526459
Merzenhausen,2025-07-19 13:00:00,1,,test,arima,0.155,0.030831102934178366
Merzenhausen,2025-07-19 14:00:00,1,,test,arima,0.155,0.030816534690100615
Merzenhausen,2025-07-19 15:00:00,1,,test,arima,0.156,0.030801973329777105
Merzenhausen,2025-07-19 16:00:00,1,,test,arima,0.154,0.030787418849955138
Merzenhausen,2025-07-19 17:00:00,1,,test,arima,0.154,0.03077287124738355
Merzenhausen,2025-07-19 18:00:00,1,,test,arima,0.151,0.03075833051881273
Merzenhausen,2025-07-19 19:00:00,1,,test,arima,0.152,0.030743796660994575
Merzenhausen,2025-07-19 20:00:00,1,,test,arima,0.153,0.03072926967068254
Merzenhausen,2025-07-19 21:00:00,1,,test,arima,0.15,0.03071474954463161
Merzenhausen,2025-07-19 22:00:00,1,,test,arima,0.15,0.030700236279598295
Merzenhausen,2025-07-19 23:00:00,1,,test,arima,0.151,0.030685729872340643
Merzenhausen,2025-07-20 00:00:00,1,,test,arima,0.15,0.030671230319618232
Merzenhausen,2025-07-20 01:00:00,1,,test,arima,0.151,0.030656737618192174
Merzenhausen,2025-07-20 02:00:00,1,,test,arima,0.15,0.030642251764825112
Merzenhausen,2025-07-20 03:00:00,1,,test,arima,0.149,0.030627772756281212
Merzenhausen,2025-07-20 04:00:00,1,,test,arima,0.149,0.030613300589326174
Merzenhausen,2025-07-20 05:00:00,1,,test,arima,0.15,0.03059883526072723
Merzenhausen,2025-07-20 06:00:00,1,,test,arima,0.147,0.030584376767253126
Merzenhausen,2025-07-20 07:00:00,1,,test,arima,0.149,0.030569925105674155
Merzenhausen,2025-07-20 08:00:00,1,,test,arima,0.148,0.030555480272762118
Merzenhausen,2025-07-20 09:00:00,1,,test,arima,0.149,0.03054104226529035
Merzenhausen,2025-07-20 10:00:00,1,,test,arima,0.148,0.03052661108003371
Merzenhausen,2025-07-20 11:00:00,1,,test,arima,0.151,0.030512186713768583
Merzenhausen,2025-07-20 12:00:00,1,,test,arima,0.153,0.03049776916327287
Merzenhausen,2025-07-20 13:00:00,1,,test,arima,0.152,0.030483358425325995
Merzenhausen,2025-07-20 14:00:00,1,,test,arima,0.156,0.030468954496708917
Merzenhausen,2025-07-20 15:00:00,1,,test,arima,0.152,0.030454557374204105
Merzenhausen,2025-07-20 16:00:00,1,,test,arima,0.152,0.030440167054595544
Merzenhausen,2025-07-20 17:00:00,1,,test,arima,0.152,0.030425783534668748
Merzenhausen,2025-07-20 18:00:00,1,,test,arima,0.152,0.030411406811210746
Merzenhausen,2025-07-20 19:00:00,1,,test,arima,0.151,0.030397036881010087
Merzenhausen,2025-07-20 20:00:00,1,,test,arima,0.153,0.030382673740856837
Merzenhausen,2025-07-20 21:00:00,1,,test,arima,0.151,0.030368317387542573
Merzenhausen,2025-07-20 22:00:00,1,,test,arima,0.148,0.0303539678178604
Merzenhausen,2025-07-20 23:00:00,1,,test,arima,0.15,0.030339625028604926
Merzenhausen,2025-07-21 00:00:00,1,,test,arima,0.149,0.030325289016572284
Merzenhausen,2025-07-21 01:00:00,1,,test,arima,0.147,0.030310959778560107
Merzenhausen,2025-07-21 02:00:00,1,,test,arima,0.151,0.030296637311367555
Merzenhausen,2025-07-21 03:00:00,1,,test,arima,0.15,0.030282321611795296
Merzenhausen,2025-07-21 04:00:00,1,,test,arima,0.149,0.030268012676645507
Merzenhausen,2025-07-21 05:00:00,1,,test,arima,0.148,0.030253710502721885
Merzenhausen,2025-07-21 06:00:00,1,,test,arima,0.146,0.030239415086829622
Merzenhausen,2025-07-21 07:00:00,1,,test,arima,0.147,0.03022512642577543
Merzenhausen,2025-07-21 08:00:00,1,,test,arima,0.149,0.030210844516367533
Merzenhausen,2025-07-21 09:00:00,1,,test,arima,0.147,0.03019656935541565
Merzenhausen,2025-07-21 10:00:00,1,,test,arima,0.152,0.030182300939731024
Merzenhausen,2025-07-21 11:00:00,1,,test,arima,0.151,0.030168039266126392
Merzenhausen,2025-07-29 21:00:00,1,,test,arima,0.156,0.030153784331416
Merzenhausen,2025-07-29 22:00:00,1,,test,arima,0.157,0.0301395361324156
Merzenhausen,2025-07-29 23:00:00,1,,test,arima,0.155,0.030125294665942458
Merzenhausen,2025-07-30 00:00:00,1,,test,arima,0.158,0.030111059928815326
Merzenhausen,2025-07-30 01:00:00,1,,test,arima,0.158,0.03009683191785447
Merzenhausen,2025-07-30 02:00:00,1,,test,arima,0.16,0.030082610629881663
Merzenhausen,2025-07-30 03:00:00,1,,test,arima,0.156,0.030068396061720168
Merzenhausen,2025-07-30 04:00:00,1,,test,arima,0.157,0.030054188210194753
Merzenhausen,2025-07-30 05:00:00,1,,test,arima,0.154,0.030039987072131694
Merzenhausen,2025-07-30 06:00:00,1,,test,arima,0.157,0.03002579264435875
Merzenhausen,2025-07-30 07:00:00,1,,test,arima,0.158,0.030011604923705203
Merzenhausen,2025-07-30 08:00:00,1,,test,arima,0.158,0.02999742390700181
Merzenhausen,2025-07-30 09:00:00,1,,test,arima,0.159,0.02998324959108084
Merzenhausen,2025-07-30 10:00:00,1,,test,arima,0.162,0.029969081972776056
Merzenhausen,2025-07-30 11:00:00,1,,test,arima,0.165,0.029954921048922716
Merzenhausen,2025-07-30 12:00:00,1,,test,arima,0.165,0.029940766816357562
Merzenhausen,2025-07-30 13:00:00,1,,test,arima,0.167,0.029926619271918857
Merzenhausen,2025-07-30 14:00:00,1,,test,arima,0.165,0.02991247841244633
Merzenhausen,2025-07-30 15:00:00,1,,test,arima,0.165,0.02989834423478122
Merzenhausen,2025-07-30 16:00:00,1,,test,arima,0.164,0.029884216735766255
Merzenhausen,2025-07-30 17:00:00,1,,test,arima,0.166,0.029870095912245653
Merzenhausen,2025-07-30 18:00:00,1,,test,arima,0.163,0.029855981761065124
Merzenhausen,2025-07-30 19:00:00,1,,test,arima,0.165,0.029841874279071874
Merzenhausen,2025-07-30 20:00:00,1,,test,arima,0.165,0.029827773463114587
Merzenhausen,2025-07-30 21:00:00,1,,test,arima,0.166,0.02981367931004344
Merzenhausen,2025-07-30 22:00:00,1,,test,arima,0.164,0.029799591816710113
Merzenhausen,2025-07-30 23:00:00,1,,test,arima,0.164,0.02978551097996775
Merzenhausen,2025-07-31 00:00:00,1,,test,arima,0.166,0.029771436796671
Merzenhausen,2025-07-31 01:00:00,1,,test,arima,0.163,0.029757369263675983
Merzenhausen,2025-07-31 02:00:00,1,,test,arima,0.161,0.029743308377840325
Merzenhausen,2025-07-31 03:00:00,1,,test,arima,0.162,0.02972925413602312
Merzenhausen,2025-07-31 04:00:00,1,,test,arima,0.159,0.029715206535084946
Merzenhausen,2025-07-31 05:00:00,1,,test,arima,0.16,0.02970116557188788
Merzenhausen,2025-07-31 06:00:00,1,,test,arima,0.16,0.02968713124329546
Merzenhausen,2025-07-31 07:00:00,1,,test,arima,0.163,0.029673103546172724
Merzenhausen,2025-07-31 08:00:00,1,,test,arima,0.164,0.029659082477386182
Merzenhausen,2025-07-31 09:00:00,1,,test,arima,0.165,0.02964506803380383
Merzenhausen,2025-07-31 10:00:00,1,,test,arima,0.166,0.02963106021229514
Merzenhausen,2025-07-31 11:00:00,1,,test,arima,0.166,0.02961705900973107
Merzenhausen,2025-07-31 12:00:00,1,,test,arima,0.169,0.029603064422984042
Merzenhausen,2025-07-31 13:00:00,1,,test,arima,0.167,0.02958907644892797
Merzenhausen,2025-07-31 14:00:00,1,,test,arima,0.17,0.029575095084438237
Merzenhausen,2025-07-31 15:00:00,1,,test,arima,0.167,0.02956112032639171
Merzenhausen,2025-07-31 16:00:00,1,,test,arima,0.172,0.029547152171666723
Merzenhausen,2025-07-31 17:00:00,1,,test,arima,0.169,0.029533190617143087
Merzenhausen,2025-07-31 18:00:00,1,,test,arima,0.17,0.029519235659702096
Merzenhausen,2025-07-31 19:00:00,1,,test,arima,0.17,0.029505287296226507
Merzenhausen,2025-07-31 20:00:00,1,,test,arima,0.171,0.029491345523600557
Merzenhausen,2025-07-31 21:00:00,1,,test,arima,0.168,0.02947741033870995
Merzenhausen,2025-07-31 22:00:00,1,,test,arima,0.167,0.029463481738441866
Merzenhausen,2025-07-31 23:00:00,1,,test,arima,0.169,0.02944955971968495
Merzenhausen,2025-08-01 00:00:00,1,,test,arima,0.165,0.029435644279329327
Merzenhausen,2025-08-01 01:00:00,1,,test,arima,0.165,0.02942173541426658
Merzenhausen,2025-08-01 02:00:00,1,,test,arima,0.165,0.029407833121389775
Merzenhausen,2025-08-01 03:00:00,1,,test,arima,0.166,0.029393937397593425
Merzenhausen,2025-08-01 04:00:00,1,,test,arima,0.168,0.02938004823977353
Merzenhausen,2025-08-01 05:00:00,1,,test,arima,0.166,0.029366165644827545
Merzenhausen,2025-08-01 06:00:00,1,,test,arima,0.166,0.0293522896096544
Merzenhausen,2025-08-01 07:00:00,1,,test,arima,0.167,0.029338420131154487
Merzenhausen,2025-08-01 08:00:00,1,,test,arima,0.17,0.029324557206229656
Merzenhausen,2025-08-01 09:00:00,1,,test,arima,0.175,0.029310700831783228
Merzenhausen,2025-08-01 10:00:00,1,,test,arima,0.174,0.029296851004719987
Merzenhausen,2025-08-01 11:00:00,1,,test,arima,0.177,0.029283007721946176
Merzenhausen,2025-08-01 12:00:00,1,,test,arima,0.175,0.02926917098036951
Merzenhausen,2025-08-01 13:00:00,1,,test,arima,0.18450001,0.029255340776899143
Merzenhausen,2025-08-01 14:00:00,1,,test,arima,0.1845,0.029241517108445716
Merzenhausen,2025-08-01 15:00:00,1,,test,arima,0.18,0.02922769997192131
Merzenhausen,2025-08-01 16:00:00,1,,test,arima,0.178,0.02921388936423948
Merzenhausen,2025-08-01 17:00:00,1,,test,arima,0.2,0.02920008528231522
Merzenhausen,2025-08-01 18:00:00,1,,test,arima,0.175,0.029186287723065002
Merzenhausen,2025-08-01 19:00:00,1,,test,arima,0.175,0.029172496683406744
Merzenhausen,2025-08-01 20:00:00,1,,test,arima,0.178,0.029158712160259823
Merzenhausen,2025-08-01 21:00:00,1,,test,arima,0.175,0.029144934150545074
Merzenhausen,2025-08-01 22:00:00,1,,test,arima,0.177,0.029131162651184782
Merzenhausen,2025-08-01 23:00:00,1,,test,arima,0.174,0.029117397659102692
Merzenhausen,2025-08-02 00:00:00,1,,test,arima,0.1735,0.029103639171223994
Merzenhausen,2025-08-02 01:00:00,1,,test,arima,0.178,0.02908988718447534
Merzenhausen,2025-08-02 02:00:00,1,,test,arima,0.195,0.029076141695784832
Merzenhausen,2025-08-02 03:00:00,1,,test,arima,0.176,0.02906240270208202
Merzenhausen,2025-08-02 04:00:00,1,,test,arima,0.176,0.029048670200297905
Merzenhausen,2025-08-02 05:00:00,1,,test,arima,0.174,0.029034944187364943
Merzenhausen,2025-08-02 06:00:00,1,,test,arima,0.1715,0.02902122466021704
Merzenhausen,2025-08-02 07:00:00,1,,test,arima,0.176,0.029007511615789537
Merzenhausen,2025-08-02 08:00:00,1,,test,arima,0.175,0.028993805051019242
Merzenhausen,2025-08-02 09:00:00,1,,test,arima,0.176,0.028980104962844398
Merzenhausen,2025-08-02 10:00:00,1,,test,arima,0.177,0.0289664113482047
Merzenhausen,2025-08-02 11:00:00,1,,test,arima,0.17750001,0.028952724204041286
Merzenhausen,2025-08-02 12:00:00,1,,test,arima,0.1795,0.028939043527296742
Merzenhausen,2025-08-02 13:00:00,1,,test,arima,0.1795,0.0289253693149151
Merzenhausen,2025-08-02 14:00:00,1,,test,arima,0.186,0.028911701563841825
Merzenhausen,2025-08-02 15:00:00,1,,test,arima,0.17300001,0.02889804027102385
Merzenhausen,2025-08-02 16:00:00,1,,test,arima,0.185,0.028884385433409515
Merzenhausen,2025-08-02 17:00:00,1,,test,arima,0.183,0.02887073704794864
Merzenhausen,2025-08-02 18:00:00,1,,test,arima,0.184,0.02885709511159245
Merzenhausen,2025-08-02 19:00:00,1,,test,arima,0.184,0.028843459621293643
Merzenhausen,2025-08-02 20:00:00,1,,test,arima,0.19049999,0.028829830574006336
Merzenhausen,2025-08-02 21:00:00,1,,test,arima,0.182,0.028816207966686096
Merzenhausen,2025-08-02 22:00:00,1,,test,arima,0.18,0.02880259179628992
Merzenhausen,2025-08-02 23:00:00,1,,test,arima,0.163,0.028788982059776244
Merzenhausen,2025-08-03 00:00:00,1,,test,arima,0.183,0.02877537875410495
Merzenhausen,2025-08-03 01:00:00,1,,test,arima,0.181,0.028761781876237347
Merzenhausen,2025-08-03 02:00:00,1,,test,arima,0.184,0.028748191423136185
Merzenhausen,2025-08-03 03:00:00,1,,test,arima,0.181,0.02873460739176565
Merzenhausen,2025-08-03 04:00:00,1,,test,arima,0.183,0.028721029779091356
Merzenhausen,2025-08-03 05:00:00,1,,test,arima,0.182,0.028707458582080358
Merzenhausen,2025-08-03 06:00:00,1,,test,arima,0.179,0.02869389379770114
Merzenhausen,2025-08-03 07:00:00,1,,test,arima,0.179,0.028680335422923618
Merzenhausen,2025-08-03 08:00:00,1,,test,arima,0.18,0.02866678345471914
Merzenhausen,2025-08-03 09:00:00,1,,test,arima,0.184,0.02865323789006049
Merzenhausen,2025-08-03 10:00:00,1,,test,arima,0.181,0.028639698725921876
Merzenhausen,2025-08-03 11:00:00,1,,test,arima,0.185,0.028626165959278943
Merzenhausen,2025-08-03 12:00:00,1,,test,arima,0.187,0.02861263958710876
Merzenhausen,2025-08-03 13:00:00,1,,test,arima,0.185,0.028599119606389823
Merzenhausen,2025-08-03 14:00:00,1,,test,arima,0.186,0.028585606014102056
Merzenhausen,2025-08-03 15:00:00,1,,test,arima,0.185,0.028572098807226814
Merzenhausen,2025-08-03 16:00:00,1,,test,arima,0.184,0.028558597982746875
Merzenhausen,2025-08-03 17:00:00,1,,test,arima,0.185,0.028545103537646443
Merzenhausen,2025-08-03 18:00:00,1,,test,arima,0.183,0.02853161546891115
Merzenhausen,2025-08-03 19:00:00,1,,test,arima,0.184,0.028518133773528048
Merzenhausen,2025-08-03 20:00:00,1,,test,arima,0.183,0.02850465844848562
Merzenhausen,2025-08-03 21:00:00,1,,test,arima,0.181,0.02849118949077376
Merzenhausen,2025-08-03 22:00:00,1,,test,arima,0.18,0.028477726897383794
Merzenhausen,2025-08-03 23:00:00,1,,test,arima,0.18,0.028464270665308468
Merzenhausen,2025-08-04 00:00:00,1,,test,arima,0.178,0.028450820791541945
Merzenhausen,2025-08-04 01:00:00,1,,test,arima,0.178,0.028437377273079815
Merzenhausen,2025-08-04 02:00:00,1,,test,arima,0.177,0.02842394010691908
Merzenhausen,2025-08-04 03:00:00,1,,test,arima,0.179,0.028410509290058165
Merzenhausen,2025-08-04 04:00:00,1,,test,arima,0.178,0.028397084819496914
Merzenhausen,2025-08-04 05:00:00,1,,test,arima,0.179,0.02838366669223659
Merzenhausen,2025-08-04 06:00:00,1,,test,arima,0.179,0.028370254905279866
Merzenhausen,2025-08-04 07:00:00,1,,test,arima,0.178,0.02835684945563084
Merzenhausen,2025-08-04 08:00:00,1,,test,arima,0.181,0.028343450340295014
Merzenhausen,2025-08-04 09:00:00,1,,test,arima,0.183,0.028330057556279323
Merzenhausen,2025-08-04 10:00:00,1,,test,arima,0.183,0.0283166711005921
Merzenhausen,2025-08-04 11:00:00,1,,test,arima,0.186,0.0283032909702431
Merzenhausen,2025-08-04 12:00:00,1,,test,arima,0.187,0.02828991716224348
Merzenhausen,2025-08-04 13:00:00,1,,test,arima,0.186,0.02827654967360583
Merzenhausen,2025-08-04 14:00:00,1,,test,arima,0.186,0.02826318850134413
Merzenhausen,2025-08-04 15:00:00,1,,test,arima,0.179,0.028249833642473784
Merzenhausen,2025-08-04 16:00:00,1,,test,arima,0.181,0.028236485094011603
Merzenhausen,2025-08-04 17:00:00,1,,test,arima,0.178,0.028223142852975808
Merzenhausen,2025-08-04 18:00:00,1,,test,arima,0.175,0.02820980691638602
Merzenhausen,2025-08-04 19:00:00,1,,test,arima,0.173,0.028196477281263288
Merzenhausen,2025-08-04 20:00:00,1,,test,arima,0.173,0.028183153944630043
Merzenhausen,2025-08-04 21:00:00,1,,test,arima,0.168,0.02816983690351015
Merzenhausen,2025-08-04 22:00:00,1,,test,arima,0.17,0.02815652615492886
Merzenhausen,2025-08-04 23:00:00,1,,test,arima,0.167,0.028143221695912837
Merzenhausen,2025-08-05 00:00:00,1,,test,arima,0.166,0.028129923523490148
Merzenhausen,2025-08-05 01:00:00,1,,test,arima,0.166,0.028116631634690272
Merzenhausen,2025-08-05 02:00:00,1,,test,arima,0.167,0.02810334602654408
Merzenhausen,2025-08-05 03:00:00,1,,test,arima,0.168,0.028090066696083858
Merzenhausen,2025-08-05 04:00:00,1,,test,arima,0.165,0.028076793640343278
Merzenhausen,2025-08-05 05:00:00,1,,test,arima,0.166,0.02806352685635743
Merzenhausen,2025-08-05 06:00:00,1,,test,arima,0.165,0.028050266341162804
Merzenhausen,2025-08-05 07:00:00,1,,test,arima,0.167,0.02803701209179727
Merzenhausen,2025-08-05 08:00:00,1,,test,arima,0.167,0.028023764105300126
Merzenhausen,2025-08-05 09:00:00,1,,test,arima,0.17,0.028010522378712047
Merzenhausen,2025-08-05 10:00:00,1,,test,arima,0.171,0.027997286909075117
Merzenhausen,2025-08-05 11:00:00,1,,test,arima,0.175,0.027984057693432818
Merzenhausen,2025-08-05 12:00:00,1,,test,arima,0.18,0.027970834728830024
Merzenhausen,2025-08-05 13:00:00,1,,test,arima,0.18,0.02795761801231301
Merzenhausen,2025-08-05 14:00:00,1,,test,arima,0.179,0.027944407540929438
Merzenhausen,2025-08-05 15:00:00,1,,test,arima,0.179,0.027931203311728377
Merzenhausen,2025-08-05 16:00:00,1,,test,arima,0.177,0.027918005321760284
Merzenhausen,2025-08-05 17:00:00,1,,test,arima,0.17,0.027904813568077013
Merzenhausen,2025-08-05 18:00:00,1,,test,arima,0.17,0.027891628047731803
Merzenhausen,2025-08-05 19:00:00,1,,test,arima,0.168,0.027878448757779298
Merzenhausen,2025-08-05 20:00:00,1,,test,arima,0.169,0.027865275695275516
Merzenhausen,2025-08-05 21:00:00,1,,test,arima,0.168,0.027852108857277888
Merzenhausen,2025-08-05 22:00:00,1,,test,arima,0.167,0.027838948240845218
Merzenhausen,2025-08-05 23:00:00,1,,test,arima,0.164,0.027825793843037704
Merzenhausen,2025-08-06 00:00:00,1,,test,arima,0.165,0.027812645660916943
Merzenhausen,2025-08-06 01:00:00,1,,test,arima,0.166,0.027799503691545907
Merzenhausen,2025-08-06 02:00:00,1,,test,arima,0.161,0.027786367931988964
Merzenhausen,2025-08-06 03:00:00,1,,test,arima,0.161,0.027773238379311865
Merzenhausen,2025-08-06 04:00:00,1,,test,arima,0.161,0.027760115030581747
Merzenhausen,2025-08-06 05:00:00,1,,test,arima,0.162,0.027746997882867136
Merzenhausen,2025-08-06 06:00:00,1,,test,arima,0.162,0.027733886933237945
Merzenhausen,2025-08-06 07:00:00,1,,test,arima,0.161,0.027720782178765467
Merzenhausen,2025-08-06 08:00:00,1,,test,arima,0.16,0.02770768361652238
Merzenhausen,2025-08-06 09:00:00,1,,test,arima,0.163,0.027694591243582742
Merzenhausen,2025-08-06 10:00:00,1,,test,arima,0.164,0.027681505057022
Merzenhausen,2025-08-06 11:00:00,1,,test,arima,0.167,0.027668425053916982
Merzenhausen,2025-08-06 12:00:00,1,,test,arima,0.166,0.027655351231345895
Merzenhausen,2025-08-06 13:00:00,1,,test,arima,0.166,0.027642283586388323
Merzenhausen,2025-08-06 14:00:00,1,,test,arima,0.165,0.027629222116125236
Merzenhausen,2025-08-06 15:00:00,1,,test,arima,0.167,0.027616166817638982
Merzenhausen,2025-08-06 16:00:00,1,,test,arima,0.167,0.02760311768801329
Merzenhausen,2025-08-06 17:00:00,1,,test,arima,0.166,0.027590074724333256
Merzenhausen,2025-08-06 18:00:00,1,,test,arima,0.167,0.027577037923685366
Merzenhausen,2025-08-06 19:00:00,1,,test,arima,0.164,0.027564007283157478
Merzenhausen,2025-08-06 20:00:00,1,,test,arima,0.165,0.027550982799838822
Merzenhausen,2025-08-06 21:00:00,1,,test,arima,0.162,0.027537964470820013
Merzenhausen,2025-08-06 22:00:00,1,,test,arima,0.159,0.02752495229319303
Merzenhausen,2025-08-06 23:00:00,1,,test,arima,0.161,0.027511946264051235
Merzenhausen,2025-08-07 00:00:00,1,,test,arima,0.161,0.02749894638048936
Merzenhausen,2025-08-07 01:00:00,1,,test,arima,0.158,0.0274859526396035
Merzenhausen,2025-08-07 02:00:00,1,,test,arima,0.161,0.027472965038491143
Merzenhausen,2025-08-07 03:00:00,1,,test,arima,0.154,0.02745998357425113
Merzenhausen,2025-08-07 04:00:00,1,,test,arima,0.159,0.02744700824398368
Merzenhausen,2025-08-07 05:00:00,1,,test,arima,0.1675,0.027434039044790384
Merzenhausen,2025-08-07 06:00:00,1,,test,arima,0.156,0.027421075973774196
Merzenhausen,2025-08-07 07:00:00,1,,test,arima,0.159,0.027408119028039454
Merzenhausen,2025-08-07 08:00:00,1,,test,arima,0.159,0.027395168204691844
Merzenhausen,2025-08-07 09:00:00,1,,test,arima,0.159,0.027382223500838434
Merzenhausen,2025-08-07 10:00:00,1,,test,arima,0.166,0.027369284913587654
Merzenhausen,2025-08-07 11:00:00,1,,test,arima,0.169,0.027356352440049296
Merzenhausen,2025-08-07 12:00:00,1,,test,arima,0.168,0.027343426077334528
Merzenhausen,2025-08-07 13:00:00,1,,test,arima,0.173,0.027330505822555872
Merzenhausen,2025-08-07 14:00:00,1,,test,arima,0.168,0.02731759167282722
Merzenhausen,2025-08-07 15:00:00,1,,test,arima,0.1505,0.027304683625263837
Merzenhausen,2025-08-07 16:00:00,1,,test,arima,0.165,0.02729178167698233
Merzenhausen,2025-08-07 17:00:00,1,,test,arima,0.158,0.027278885825100685
Merzenhausen,2025-08-07 18:00:00,1,,test,arima,0.159,0.02726599606673824
Merzenhausen,2025-08-07 19:00:00,1,,test,arima,0.155,0.027253112399015705
Merzenhausen,2025-08-07 20:00:00,1,,test,arima,0.154,0.027240234819055145
Merzenhausen,2025-08-07 21:00:00,1,,test,arima,0.152,0.02722736332397998
Merzenhausen,2025-08-07 22:00:00,1,,test,arima,0.151,0.027214497910914993
Merzenhausen,2025-08-07 23:00:00,1,,test,arima,0.149,0.027201638576986327
Merzenhausen,2025-08-08 00:00:00,1,,test,arima,0.148,0.027188785319321486
Merzenhausen,2025-08-08 01:00:00,1,,test,arima,0.1615,0.027175938135049323
Merzenhausen,2025-08-08 02:00:00,1,,test,arima,0.145,0.027163097021300053
Merzenhausen,2025-08-08 03:00:00,1,,test,arima,0.146,0.02715026197520525
Merzenhausen,2025-08-08 04:00:00,1,,test,arima,0.145,0.02713743299389783
Merzenhausen,2025-08-08 05:00:00,1,,test,arima,0.145,0.027124610074512084
Merzenhausen,2025-08-08 06:00:00,1,,test,arima,0.145,0.027111793214183638
Merzenhausen,2025-08-08 07:00:00,1,,test,arima,0.146,0.02709898241004948
Merzenhausen,2025-08-08 08:00:00,1,,test,arima,0.147,0.027086177659247958
Merzenhausen,2025-08-08 09:00:00,1,,test,arima,0.15,0.02707337895891876
Merzenhausen,2025-08-08 10:00:00,1,,test,arima,0.15,0.02706058630620293
Merzenhausen,2025-08-08 11:00:00,1,,test,arima,0.151,0.027047799698242864
Merzenhausen,2025-08-08 12:00:00,1,,test,arima,0.154,0.027035019132182307
Merzenhausen,2025-08-08 13:00:00,1,,test,arima,0.159,0.027022244605166355
Merzenhausen,2025-08-08 14:00:00,1,,test,arima,0.153,0.02700947611434145
Merzenhausen,2025-08-08 15:00:00,1,,test,arima,0.149,0.026996713656855388
Merzenhausen,2025-08-08 16:00:00,1,,test,arima,0.149,0.026983957229857306
Merzenhausen,2025-08-08 17:00:00,1,,test,arima,0.145,0.026971206830497692
Merzenhausen,2025-08-08 18:00:00,1,,test,arima,0.144,0.02695846245592838
Merzenhausen,2025-08-08 19:00:00,1,,test,arima,0.142,0.02694572410330255
Merzenhausen,2025-08-08 20:00:00,1,,test,arima,0.139,0.026932991769774726
Merzenhausen,2025-08-08 21:00:00,1,,test,arima,0.138,0.02692026545250078
Merzenhausen,2025-08-08 22:00:00,1,,test,arima,0.138,0.02690754514863792
Merzenhausen,2025-08-08 23:00:00,1,,test,arima,0.137,0.026894830855344703
Merzenhausen,2025-08-09 00:00:00,1,,test,arima,0.131,0.026882122569781033
Merzenhausen,2025-08-09 01:00:00,1,,test,arima,0.134,0.026869420289108145
Merzenhausen,2025-08-09 02:00:00,1,,test,arima,0.131,0.02685672401048863
Merzenhausen,2025-08-09 03:00:00,1,,test,arima,0.133,0.026844033731086403
Merzenhausen,2025-08-09 04:00:00,1,,test,arima,0.132,0.026831349448066727
Merzenhausen,2025-08-09 05:00:00,1,,test,arima,0.131,0.026818671158596208
Merzenhausen,2025-08-09 06:00:00,1,,test,arima,0.13,0.02680599885984279
Merzenhausen,2025-08-09 07:00:00,1,,test,arima,0.13,0.026793332548975746
Merzenhausen,2025-08-09 08:00:00,1,,test,arima,0.13,0.0267806722231657
Merzenhausen,2025-08-09 09:00:00,1,,test,arima,0.138,0.0267680178795846
Merzenhausen,2025-08-09 10:00:00,1,,test,arima,0.137,0.02675536951540574
Merzenhausen,2025-08-09 11:00:00,1,,test,arima,0.142,0.026742727127803748
Merzenhausen,2025-08-09 12:00:00,1,,test,arima,0.142,0.02673009071395458
Merzenhausen,2025-08-09 13:00:00,1,,test,arima,0.144,0.02671746027103554
Merzenhausen,2025-08-09 14:00:00,1,,test,arima,0.14,0.02670483579622525
Merzenhausen,2025-08-09 15:00:00,1,,test,arima,0.136,0.026692217286703672
Merzenhausen,2025-08-09 16:00:00,1,,test,arima,0.133,0.026679604739652106
Merzenhausen,2025-08-09 17:00:00,1,,test,arima,0.133,0.026666998152253173
Merzenhausen,2025-08-09 18:00:00,1,,test,arima,0.133,0.02665439752169084
Merzenhausen,2025-08-09 19:00:00,1,,test,arima,0.128,0.026641802845150386
Merzenhausen,2025-08-09 20:00:00,1,,test,arima,0.127,0.026629214119818438
Merzenhausen,2025-08-09 21:00:00,1,,test,arima,0.126,0.02661663134288294
Merzenhausen,2025-08-09 22:00:00,1,,test,arima,0.126,0.026604054511533165
Merzenhausen,2025-08-09 23:00:00,1,,test,arima,0.126,0.026591483622959728
Merzenhausen,2025-08-10 00:00:00,1,,test,arima,0.126,0.02657891867435455
Merzenhausen,2025-08-10 01:00:00,1,,test,arima,0.128,0.026566359662910904
Merzenhausen,2025-08-10 02:00:00,1,,test,arima,0.127,0.026553806585823365
Merzenhausen,2025-08-10 03:00:00,1,,test,arima,0.128,0.026541259440287845
Merzenhausen,2025-08-10 04:00:00,1,,test,arima,0.126,0.026528718223501585
Merzenhausen,2025-08-10 05:00:00,1,,test,arima,0.127,0.026516182932663147
Merzenhausen,2025-08-10 06:00:00,1,,test,arima,0.124,0.026503653564972408
Merzenhausen,2025-08-10 07:00:00,1,,test,arima,0.124,0.02649113011763058
Merzenhausen,2025-08-10 08:00:00,1,,test,arima,0.127,0.026478612587840192
Merzenhausen,2025-08-10 09:00:00,1,,test,arima,0.125,0.026466100972805096
Merzenhausen,2025-08-10 10:00:00,1,,test,arima,0.126,0.026453595269730464
Merzenhausen,2025-08-10 11:00:00,1,,test,arima,0.127,0.026441095475822796
Merzenhausen,2025-08-10 12:00:00,1,,test,arima,0.128,0.026428601588289895
Merzenhausen,2025-08-10 13:00:00,1,,test,arima,0.129,0.0264161136043409
Merzenhausen,2025-08-10 14:00:00,1,,test,arima,0.125,0.026403631521186265
Merzenhausen,2025-08-10 15:00:00,1,,test,arima,0.128,0.026391155336037753
Merzenhausen,2025-08-10 16:00:00,1,,test,arima,0.126,0.026378685046108456
Merzenhausen,2025-08-10 17:00:00,1,,test,arima,0.128,0.026366220648612777
Merzenhausen,2025-08-10 18:00:00,1,,test,arima,0.13,0.026353762140766436
Merzenhausen,2025-08-10 19:00:00,1,,test,arima,0.127,0.02634130951978647
Merzenhausen,2025-08-10 20:00:00,1,,test,arima,0.125,0.02632886278289123
Merzenhausen,2025-08-10 21:00:00,1,,test,arima,0.128,0.02631642192730038
Merzenhausen,2025-08-10 22:00:00,1,,test,arima,0.129,0.0263039869502349
Merzenhausen,2025-08-10 23:00:00,1,,test,arima,0.142,0.026291557848917083
Merzenhausen,2025-08-11 00:00:00,1,,test,arima,0.128,0.02627913462057053
Merzenhausen,2025-08-11 01:00:00,1,,test,arima,0.128,0.026266717262420164
Merzenhausen,2025-08-11 02:00:00,1,,test,arima,0.125,0.02625430577169221
Merzenhausen,2025-08-11 03:00:00,1,,test,arima,0.124,0.026241900145614203
Merzenhausen,2025-08-11 04:00:00,1,,test,arima,0.12,0.026229500381415
Merzenhausen,2025-08-11 05:00:00,1,,test,arima,0.124,0.02621710647632475
Merzenhausen,2025-08-11 06:00:00,1,,test,arima,0.124,0.02620471842757493
Merzenhausen,2025-08-11 07:00:00,1,,test,arima,0.124,0.026192336232398302
Merzenhausen,2025-08-11 08:00:00,1,,test,arima,0.126,0.02617995988802896
Merzenhausen,2025-08-11 09:00:00,1,,test,arima,0.128,0.026167589391702287
Merzenhausen,2025-08-11 10:00:00,1,,test,arima,0.127,0.02615522474065498
Merzenhausen,2025-08-11 11:00:00,1,,test,arima,0.124,0.026142865932125045
Merzenhausen,2025-08-11 12:00:00,1,,test,arima,0.125,0.026130512963351782
Merzenhausen,2025-08-11 13:00:00,1,,test,arima,0.127,0.026118165831575807
Merzenhausen,2025-08-11 14:00:00,1,,test,arima,0.144,0.026105824534039035
Merzenhausen,2025-08-11 15:00:00,1,,test,arima,0.129,0.026093489067984685
Merzenhausen,2025-08-11 16:00:00,1,,test,arima,0.129,0.026081159430657273
Merzenhausen,2025-08-11 17:00:00,1,,test,arima,0.126,0.026068835619302625
Merzenhausen,2025-08-11 18:00:00,1,,test,arima,0.128,0.026056517631167866
Merzenhausen,2025-08-11 19:00:00,1,,test,arima,0.125,0.026044205463501422
Merzenhausen,2025-08-11 20:00:00,1,,test,arima,0.126,0.026031899113553015
Merzenhausen,2025-08-11 21:00:00,1,,test,arima,0.123,0.026019598578573673
Merzenhausen,2025-08-11 22:00:00,1,,test,arima,0.125,0.026007303855815716
Merzenhausen,2025-08-11 23:00:00,1,,test,arima,0.124,0.025995014942532767
Merzenhausen,2025-08-12 00:00:00,1,,test,arima,0.124,0.025982731835979753
Merzenhausen,2025-08-12 01:00:00,1,,test,arima,0.123,0.02597045453341288
Merzenhausen,2025-08-12 02:00:00,1,,test,arima,0.127,0.025958183032089667
Merzenhausen,2025-08-12 03:00:00,1,,test,arima,0.124,0.025945917329268924
Merzenhausen,2025-08-12 04:00:00,1,,test,arima,0.121,0.02593365742221075
Merzenhausen,2025-08-12 05:00:00,1,,test,arima,0.126,0.025921403308176556
Merzenhausen,2025-08-12 06:00:00,1,,test,arima,0.121,0.025909154984429025
Merzenhausen,2025-08-12 07:00:00,1,,test,arima,0.123,0.025896912448232143
Merzenhausen,2025-08-12 08:00:00,1,,test,arima,0.121,0.025884675696851194
Merzenhausen,2025-08-12 09:00:00,1,,test,arima,0.126,0.02587244472755275
Merzenhausen,2025-08-12 10:00:00,1,,test,arima,0.126,0.025860219537604673
Merzenhausen,2025-08-12 11:00:00,1,,test,arima,0.123,0.025848000124276113
Merzenhausen,2025-08-12 12:00:00,1,,test,arima,0.124,0.025835786484837524
Merzenhausen,2025-08-12 13:00:00,1,,test,arima,0.121,0.025823578616560632
Merzenhausen,2025-08-12 14:00:00,1,,test,arima,0.125,0.025811376516718464
Merzenhausen,2025-08-12 15:00:00,1,,test,arima,0.122,0.02579918018258533
Merzenhausen,2025-08-12 16:00:00,1,,test,arima,0.126,0.025786989611436835
Merzenhausen,2025-08-12 17:00:00,1,,test,arima,0.128,0.025774804800549857
Merzenhausen,2025-08-12 18:00:00,1,,test,arima,0.124,0.025762625747202582
Merzenhausen,2025-08-12 19:00:00,1,,test,arima,0.125,0.02575045244867446
Merzenhausen,2025-08-12 20:00:00,1,,test,arima,0.127,0.025738284902246243
Merzenhausen,2025-08-12 21:00:00,1,,test,arima,0.124,0.025726123105199956
Merzenhausen,2025-08-12 22:00:00,1,,test,arima,0.121,0.025713967054818918
Merzenhausen,2025-08-12 23:00:00,1,,test,arima,0.125,0.02570181674838773
Merzenhausen,2025-08-13 00:00:00,1,,test,arima,0.124,0.025689672183192267
Merzenhausen,2025-08-13 01:00:00,1,,test,arima,0.124,0.025677533356519698
Merzenhausen,2025-08-13 02:00:00,1,,test,arima,0.123,0.02566540026565847
Merzenhausen,2025-08-13 03:00:00,1,,test,arima,0.123,0.025653272907898303
Merzenhausen,2025-08-13 04:00:00,1,,test,arima,0.12,0.02564115128053021
Merzenhausen,2025-08-13 05:00:00,1,,test,arima,0.119,0.02562903538084648
Merzenhausen,2025-08-13 06:00:00,1,,test,arima,0.123,0.02561692520614068
Merzenhausen,2025-08-13 07:00:00,1,,test,arima,0.119,0.025604820753707652
Merzenhausen,2025-08-13 08:00:00,1,,test,arima,0.119,0.025592722020843527
Merzenhausen,2025-08-13 09:00:00,1,,test,arima,0.123,0.0255806290048457
Merzenhausen,2025-08-13 10:00:00,1,,test,arima,0.12,0.025568541703012856
Merzenhausen,2025-08-13 11:00:00,1,,test,arima,0.123,0.025556460112644945
Merzenhausen,2025-08-13 12:00:00,1,,test,arima,0.124,0.025544384231043202
Merzenhausen,2025-08-13 13:00:00,1,,test,arima,0.121,0.02553231405551013
Merzenhausen,2025-08-13 14:00:00,1,,test,arima,0.123,0.025520249583349516
Merzenhausen,2025-08-13 15:00:00,1,,test,arima,0.124,0.025508190811866414
Merzenhausen,2025-08-13 16:00:00,1,,test,arima,0.124,0.025496137738367147
Merzenhausen,2025-08-13 17:00:00,1,,test,arima,0.123,0.02548409036015932
Merzenhausen,2025-08-13 18:00:00,1,,test,arima,0.123,0.025472048674551807
Merzenhausen,2025-08-13 19:00:00,1,,test,arima,0.124,0.025460012678854754
Merzenhausen,2025-08-13 20:00:00,1,,test,arima,0.123,0.025447982370379575
Merzenhausen,2025-08-13 21:00:00,1,,test,arima,0.125,0.025435957746438958
Merzenhausen,2025-08-13 22:00:00,1,,test,arima,0.12,0.025423938804346857
Merzenhausen,2025-08-13 23:00:00,1,,test,arima,0.121,0.025411925541418502
Merzenhausen,2025-08-14 00:00:00,1,,test,arima,0.12,0.02539991795497038
Merzenhausen,2025-08-14 01:00:00,1,,test,arima,0.12,0.025387916042320262
Merzenhausen,2025-08-14 02:00:00,1,,test,arima,0.119,0.025375919800787176
Merzenhausen,2025-08-14 03:00:00,1,,test,arima,0.121,0.02536392922769141
Merzenhausen,2025-08-14 04:00:00,1,,test,arima,0.116,0.025351944320354536
Merzenhausen,2025-08-14 05:00:00,1,,test,arima,0.118,0.025339965076099376
Merzenhausen,2025-08-14 06:00:00,1,,test,arima,0.118,0.025327991492250027
Merzenhausen,2025-08-14 07:00:00,1,,test,arima,0.12,0.025316023566131846
Merzenhausen,2025-08-14 08:00:00,1,,test,arima,0.12,0.025304061295071456
Merzenhausen,2025-08-14 09:00:00,1,,test,arima,0.12,0.02529210467639674
Merzenhausen,2025-08-14 10:00:00,1,,test,arima,0.12,0.025280153707436845
Merzenhausen,2025-08-14 11:00:00,1,,test,arima,0.118,0.025268208385522177
Merzenhausen,2025-08-14 12:00:00,1,,test,arima,0.12,0.025256268707984413
Merzenhausen,2025-08-14 13:00:00,1,,test,arima,0.115,0.025244334672156477
Merzenhausen,2025-08-14 14:00:00,1,,test,arima,0.12,0.02523240627537257
Merzenhausen,2025-08-14 15:00:00,1,,test,arima,0.122,0.02522048351496814
Merzenhausen,2025-08-14 16:00:00,1,,test,arima,0.12,0.025208566388279896
Merzenhausen,2025-08-14 17:00:00,1,,test,arima,0.118,0.025196654892645803
Merzenhausen,2025-08-14 18:00:00,1,,test,arima,0.122,0.0251847490254051
Merzenhausen,2025-08-14 19:00:00,1,,test,arima,0.12,0.02517284878389826
Merzenhausen,2025-08-14 20:00:00,1,,test,arima,0.118,0.025160954165467028
Merzenhausen,2025-08-14 21:00:00,1,,test,arima,0.119,0.0251490651674544
Merzenhausen,2025-08-14 22:00:00,1,,test,arima,0.121,0.025137181787204626
Merzenhausen,2025-08-14 23:00:00,1,,test,arima,0.118,0.025125304022063217
Merzenhausen,2025-08-15 00:00:00,1,,test,arima,0.116,0.025113431869376934
Merzenhausen,2025-08-15 01:00:00,1,,test,arima,0.12,0.02510156532649379
Merzenhausen,2025-08-15 02:00:00,1,,test,arima,0.115,0.025089704390763055
Merzenhausen,2025-08-15 03:00:00,1,,test,arima,0.119,0.02507784905953525
Merzenhausen,2025-08-15 04:00:00,1,,test,arima,0.118,0.02506599933016215
Merzenhausen,2025-08-15 05:00:00,1,,test,arima,0.12,0.02505415519999677
Merzenhausen,2025-08-15 06:00:00,1,,test,arima,0.117,0.025042316666393397
Merzenhausen,2025-08-15 07:00:00,1,,test,arima,0.119,0.025030483726707548
Merzenhausen,2025-08-15 08:00:00,1,,test,arima,0.111,0.025018656378296
Merzenhausen,2025-08-15 09:00:00,1,,test,arima,0.118,0.025006834618516778
Merzenhausen,2025-08-15 10:00:00,1,,test,arima,0.114,0.02499501844472915
Merzenhausen,2025-08-15 11:00:00,1,,test,arima,0.115,0.024983207854293636
Merzenhausen,2025-08-15 12:00:00,1,,test,arima,0.117,0.024971402844572006
Merzenhausen,2025-08-15 13:00:00,1,,test,arima,0.12,0.024959603412927273
Merzenhausen,2025-08-15 14:00:00,1,,test,arima,0.118,0.024947809556723696
Merzenhausen,2025-08-15 15:00:00,1,,test,arima,0.121,0.02493602127332678
Merzenhausen,2025-08-15 16:00:00,1,,test,arima,0.121,0.024924238560103278
Merzenhausen,2025-08-15 17:00:00,1,,test,arima,0.116,0.024912461414421175
Merzenhausen,2025-08-15 18:00:00,1,,test,arima,0.118,0.02490068983364972
Merzenhausen,2025-08-15 19:00:00,1,,test,arima,0.114,0.024888923815159385
Merzenhausen,2025-08-15 20:00:00,1,,test,arima,0.118,0.024877163356321896
Merzenhausen,2025-08-15 21:00:00,1,,test,arima,0.119,0.02486540845451022
Merzenhausen,2025-08-15 22:00:00,1,,test,arima,0.119,0.02485365910709856
Merzenhausen,2025-08-15 23:00:00,1,,test,arima,0.116,0.02484191531146237
Merzenhausen,2025-08-16 00:00:00,1,,test,arima,0.118,0.02483017706497833
Merzenhausen,2025-08-16 01:00:00,1,,test,arima,0.12,0.024818444365024367
Merzenhausen,2025-08-16 02:00:00,1,,test,arima,0.118,0.024806717208979655
Merzenhausen,2025-08-16 03:00:00,1,,test,arima,0.133,0.024794995594224593
Merzenhausen,2025-08-16 04:00:00,1,,test,arima,0.117,0.02478327951814082
Merzenhausen,2025-08-16 05:00:00,1,,test,arima,0.1045,0.02477156897811122
Merzenhausen,2025-08-16 06:00:00,1,,test,arima,0.118,0.02475986397151991
Merzenhausen,2025-08-16 07:00:00,1,,test,arima,0.116,0.02474816449575224
Merzenhausen,2025-08-16 08:00:00,1,,test,arima,0.114,0.024736470548194795
Merzenhausen,2025-08-16 09:00:00,1,,test,arima,0.112,0.0247247821262354
Merzenhausen,2025-08-16 10:00:00,1,,test,arima,0.118,0.024713099227263113
Merzenhausen,2025-08-16 11:00:00,1,,test,arima,0.1225,0.024701421848668227
Merzenhausen,2025-08-16 12:00:00,1,,test,arima,0.118,0.024689749987842256
Merzenhausen,2025-08-16 13:00:00,1,,test,arima,0.1395,0.024678083642177964
Merzenhausen,2025-08-16 14:00:00,1,,test,arima,0.119,0.024666422809069336
Merzenhausen,2025-08-16 15:00:00,1,,test,arima,0.122,0.024654767485911597
Merzenhausen,2025-08-16 16:00:00,1,,test,arima,0.123,0.024643117670101185
Merzenhausen,2025-08-16 17:00:00,1,,test,arima,0.104,0.024631473359035788
Merzenhausen,2025-08-16 18:00:00,1,,test,arima,0.116,0.024619834550114322
Merzenhausen,2025-08-16 19:00:00,1,,test,arima,0.1215,0.02460820124073692
Merzenhausen,2025-08-16 20:00:00,1,,test,arima,0.118,0.024596573428304947
Merzenhausen,2025-08-16 21:00:00,1,,test,arima,0.116,0.024584951110221003
Merzenhausen,2025-08-16 22:00:00,1,,test,arima,0.117,0.024573334283888908
Merzenhausen,2025-08-16 23:00:00,1,,test,arima,0.118,0.024561722946713715
Merzenhausen,2025-08-17 00:00:00,1,,test,arima,0.12,0.0245501170961017
Merzenhausen,2025-08-17 01:00:00,1,,test,arima,0.113,0.02453851672946036
Merzenhausen,2025-08-17 02:00:00,1,,test,arima,0.114,0.024526921844198427
Merzenhausen,2025-08-17 03:00:00,1,,test,arima,0.116,0.024515332437725842
Merzenhausen,2025-08-17 04:00:00,1,,test,arima,0.115,0.024503748507453793
Merzenhausen,2025-08-17 05:00:00,1,,test,arima,0.119,0.024492170050794668
Merzenhausen,2025-08-17 06:00:00,1,,test,arima,0.118,0.02448059706516209
Merzenhausen,2025-08-17 07:00:00,1,,test,arima,0.112,0.024469029547970905
Merzenhausen,2025-08-17 08:00:00,1,,test,arima,0.11,0.024457467496637172
Merzenhausen,2025-08-17 09:00:00,1,,test,arima,0.115,0.02444591090857818
Merzenhausen,2025-08-17 10:00:00,1,,test,arima,0.116,0.024434359781212438
Merzenhausen,2025-08-17 11:00:00,1,,test,arima,0.117,0.024422814111959658
Merzenhausen,2025-08-17 12:00:00,1,,test,arima,0.119,0.024411273898240802
Merzenhausen,2025-08-17 13:00:00,1,,test,arima,0.118,0.024399739137478022
Merzenhausen,2025-08-17 14:00:00,1,,test,arima,0.118,0.024388209827094703
Merzenhausen,2025-08-17 15:00:00,1,,test,arima,0.121,0.024376685964515442
Merzenhausen,2025-08-17 16:00:00,1,,test,arima,0.121,0.024365167547166056
Merzenhausen,2025-08-17 17:00:00,1,,test,arima,0.119,0.024353654572473578
Merzenhausen,2025-08-17 18:00:00,1,,test,arima,0.118,0.024342147037866253
Merzenhausen,2025-08-17 19:00:00,1,,test,arima,0.119,0.024330644940773548
Merzenhausen,2025-08-17 20:00:00,1,,test,arima,0.114,0.024319148278626135
Merzenhausen,2025-08-17 21:00:00,1,,test,arima,0.115,0.024307657048855916
Merzenhausen,2025-08-17 22:00:00,1,,test,arima,0.117,0.024296171248895986
Merzenhausen,2025-08-17 23:00:00,1,,test,arima,0.117,0.024284690876180667
Merzenhausen,2025-08-18 00:00:00,1,,test,arima,0.118,0.024273215928145492
Merzenhausen,2025-08-18 01:00:00,1,,test,arima,0.115,0.024261746402227197
Merzenhausen,2025-08-18 02:00:00,1,,test,arima,0.113,0.02425028229586374
Merzenhausen,2025-08-18 03:00:00,1,,test,arima,0.114,0.024238823606494285
Merzenhausen,2025-08-18 04:00:00,1,,test,arima,0.114,0.024227370331559202
Merzenhausen,2025-08-18 05:00:00,1,,test,arima,0.118,0.02421592246850008
Merzenhausen,2025-08-18 06:00:00,1,,test,arima,0.115,0.024204480014759708
Merzenhausen,2025-08-18 07:00:00,1,,test,arima,0.115,0.02419304296778209
Merzenhausen,2025-08-18 08:00:00,1,,test,arima,0.113,0.02418161132501243
Merzenhausen,2025-08-18 09:00:00,1,,test,arima,0.113,0.024170185083897143
Merzenhausen,2025-08-18 10:00:00,1,,test,arima,0.115,0.02415876424188386
Merzenhausen,2025-08-18 11:00:00,1,,test,arima,0.116,0.0241473487964214
Merzenhausen,2025-08-18 12:00:00,1,,test,arima,0.115,0.0241359387449598
Merzenhausen,2025-08-18 13:00:00,1,,test,arima,0.114,0.024124534084950303
Merzenhausen,2025-08-18 14:00:00,1,,test,arima,0.118,0.024113134813845347
Merzenhausen,2025-08-18 15:00:00,1,,test,arima,0.117,0.02410174092909858
Merzenhausen,2025-08-18 16:00:00,1,,test,arima,0.117,0.02409035242816485
Merzenhausen,2025-08-18 17:00:00,1,,test,arima,0.119,0.024078969308500214
Merzenhausen,2025-08-18 18:00:00,1,,test,arima,0.12,0.02406759156756192
Merzenhausen,2025-08-18 19:00:00,1,,test,arima,0.115,0.024056219202808433
Merzenhausen,2025-08-18 20:00:00,1,,test,arima,0.117,0.024044852211699407
Merzenhausen,2025-08-18 21:00:00,1,,test,arima,0.116,0.024033490591695694
Merzenhausen,2025-08-18 22:00:00,1,,test,arima,0.113,0.024022134340259356
Merzenhausen,2025-08-18 23:00:00,1,,test,arima,0.114,0.02401078345485365
Merzenhausen,2025-08-19 00:00:00,1,,test,arima,0.116,0.023999437932943027
Merzenhausen,2025-08-19 01:00:00,1,,test,arima,0.115,0.023988097771993146
Merzenhausen,2025-08-19 02:00:00,1,,test,arima,0.116,0.023976762969470856
Merzenhausen,2025-08-19 03:00:00,1,,test,arima,0.112,0.023965433522844203
Merzenhausen,2025-08-19 04:00:00,1,,test,arima,0.113,0.023954109429582433
Merzenhausen,2025-08-19 05:00:00,1,,test,arima,0.113,0.023942790687155983
Merzenhausen,2025-08-19 06:00:00,1,,test,arima,0.108,0.02393147729303649
Merzenhausen,2025-08-19 07:00:00,1,,test,arima,0.11,0.02392016924469679
Merzenhausen,2025-08-19 08:00:00,1,,test,arima,0.114,0.023908866539610895
Merzenhausen,2025-08-19 09:00:00,1,,test,arima,0.113,0.023897569175254034
Merzenhausen,2025-08-19 10:00:00,1,,test,arima,0.116,0.02388627714910261
Merzenhausen,2025-08-19 11:00:00,1,,test,arima,0.115,0.023874990458634227
Merzenhausen,2025-08-19 12:00:00,1,,test,arima,0.115,0.02386370910132768
Merzenhausen,2025-08-19 13:00:00,1,,test,arima,0.116,0.02385243307466296
Merzenhausen,2025-08-19 14:00:00,1,,test,arima,0.117,0.023841162376121237
Merzenhausen,2025-08-19 15:00:00,1,,test,arima,0.122,0.023829897003184886
Merzenhausen,2025-08-19 16:00:00,1,,test,arima,0.117,0.023818636953337455
Merzenhausen,2025-08-19 17:00:00,1,,test,arima,0.117,0.0238073822240637
Merzenhausen,2025-08-19 18:00:00,1,,test,arima,0.116,0.023796132812849542
Merzenhausen,2025-08-19 19:00:00,1,,test,arima,0.116,0.023784888717182116
Merzenhausen,2025-08-19 20:00:00,1,,test,arima,0.11,0.02377364993454973
Merzenhausen,2025-08-19 21:00:00,1,,test,arima,0.116,0.023762416462441874
Merzenhausen,2025-08-19 22:00:00,1,,test,arima,0.113,0.023751188298349237
Merzenhausen,2025-08-19 23:00:00,1,,test,arima,0.115,0.023739965439763682
Merzenhausen,2025-08-20 00:00:00,1,,test,arima,0.114,0.023728747884178267
Merzenhausen,2025-08-20 01:00:00,1,,test,arima,0.115,0.023717535629087225
Merzenhausen,2025-08-20 02:00:00,1,,test,arima,0.113,0.023706328671985986
Merzenhausen,2025-08-20 03:00:00,1,,test,arima,0.112,0.02369512701037115
Merzenhausen,2025-08-20 04:00:00,1,,test,arima,0.114,0.023683930641740507
Merzenhausen,2025-08-20 05:00:00,1,,test,arima,0.111,0.023672739563593028
Merzenhausen,2025-08-20 06:00:00,1,,test,arima,0.107,0.023661553773428864
Merzenhausen,2025-08-20 07:00:00,1,,test,arima,0.113,0.02365037326874935
Merzenhausen,2025-08-20 08:00:00,1,,test,arima,0.113,0.023639198047057004
Merzenhausen,2025-08-20 09:00:00,1,,test,arima,0.111,0.023628028105855518
Merzenhausen,2025-08-20 10:00:00,1,,test,arima,0.109,0.023616863442649762
Merzenhausen,2025-08-20 11:00:00,1,,test,arima,0.112,0.023605704054945796
Merzenhausen,2025-08-20 12:00:00,1,,test,arima,0.108,0.02359454994025085
Merzenhausen,2025-08-20 13:00:00,1,,test,arima,0.111,0.02358340109607333
Merzenhausen,2025-08-20 14:00:00,1,,test,arima,0.115,0.023572257519922826
Merzenhausen,2025-08-20 15:00:00,1,,test,arima,0.116,0.023561119209310102
Merzenhausen,2025-08-20 16:00:00,1,,test,arima,0.114,0.023549986161747097
Merzenhausen,2025-08-20 17:00:00,1,,test,arima,0.112,0.023538858374746924
Merzenhausen,2025-08-20 18:00:00,1,,test,arima,0.114,0.023527735845823877
Merzenhausen,2025-08-20 19:00:00,1,,test,arima,0.111,0.023516618572493417
Merzenhausen,2025-08-20 20:00:00,1,,test,arima,0.111,0.02350550655227219
Merzenhausen,2025-08-20 21:00:00,1,,test,arima,0.108,0.023494399782677998
Merzenhausen,2025-08-20 22:00:00,1,,test,arima,0.112,0.023483298261229836
Merzenhausen,2025-08-20 23:00:00,1,,test,arima,0.116,0.023472201985447857
Merzenhausen,2025-08-21 00:00:00,1,,test,arima,0.111,0.023461110952853394
Merzenhausen,2025-08-21 01:00:00,1,,test,arima,0.109,0.023450025160968946
Merzenhausen,2025-08-21 02:00:00,1,,test,arima,0.113,0.02343894460731818
Merzenhausen,2025-08-21 03:00:00,1,,test,arima,0.11,0.023427869289425945
Merzenhausen,2025-08-21 04:00:00,1,,test,arima,0.112,0.023416799204818248
Merzenhausen,2025-08-21 05:00:00,1,,test,arima,0.108,0.02340573435102227
Merzenhausen,2025-08-21 06:00:00,1,,test,arima,0.11,0.023394674725566358
Merzenhausen,2025-08-21 07:00:00,1,,test,arima,0.11,0.02338362032598003
Merzenhausen,2025-08-21 08:00:00,1,,test,arima,0.11,0.02337257114979397
Merzenhausen,2025-08-21 09:00:00,1,,test,arima,0.11,0.02336152719454003
Merzenhausen,2025-08-21 10:00:00,1,,test,arima,0.112,0.02335048845775122
Merzenhausen,2025-08-21 11:00:00,1,,test,arima,0.113,0.02333945493696173
Merzenhausen,2025-08-21 12:00:00,1,,test,arima,0.111,0.023328426629706904
Merzenhausen,2025-08-21 13:00:00,1,,test,arima,0.107,0.023317403533523254
Merzenhausen,2025-09-05 16:00:00,1,,test,arima,0.16,0.02330638564594846
Merzenhausen,2025-09-05 17:00:00,1,,test,arima,0.162,0.023295372964521357
Merzenhausen,2025-09-05 18:00:00,1,,test,arima,0.1475,0.02328436548678195
Merzenhausen,2025-09-05 19:00:00,1,,test,arima,0.161,0.023273363210271403
Merzenhausen,2025-09-05 20:00:00,1,,test,arima,0.159,0.02326236613253204
Merzenhausen,2025-09-05 21:00:00,1,,test,arima,0.16,0.023251374251107355
Merzenhausen,2025-09-05 22:00:00,1,,test,arima,0.16,0.023240387563541996
Merzenhausen,2025-09-05 23:00:00,1,,test,arima,0.161,0.02322940606738177
Merzenhausen,2025-09-06 00:00:00,1,,test,arima,0.162,0.02321842976017365
Merzenhausen,2025-09-06 01:00:00,1,,test,arima,0.16,0.02320745863946576
Merzenhausen,2025-09-06 02:00:00,1,,test,arima,0.157,0.023196492702807384
Merzenhausen,2025-09-06 03:00:00,1,,test,arima,0.159,0.023185531947748972
Merzenhausen,2025-09-06 04:00:00,1,,test,arima,0.159,0.023174576371842122
Merzenhausen,2025-09-06 05:00:00,1,,test,arima,0.156,0.023163625972639594
Merzenhausen,2025-09-06 06:00:00,1,,test,arima,0.156,0.023152680747695303
Merzenhausen,2025-09-06 07:00:00,1,,test,arima,0.156,0.023141740694564324
Merzenhausen,2025-09-06 08:00:00,1,,test,arima,0.156,0.02313080581080288
Merzenhausen,2025-09-06 09:00:00,1,,test,arima,0.155,0.02311987609396835
Merzenhausen,2025-09-06 10:00:00,1,,test,arima,0.157,0.023108951541619273
Merzenhausen,2025-09-06 11:00:00,1,,test,arima,0.158,0.023098032151315333
Merzenhausen,2025-09-06 12:00:00,1,,test,arima,0.161,0.023087117920617378
Merzenhausen,2025-09-06 13:00:00,1,,test,arima,0.159,0.023076208847087394
Merzenhausen,2025-09-06 14:00:00,1,,test,arima,0.162,0.023065304928288538
Merzenhausen,2025-09-06 15:00:00,1,,test,arima,0.162,0.0230544061617851
Merzenhausen,2025-09-06 16:00:00,1,,test,arima,0.162,0.02304351254514253
Merzenhausen,2025-09-06 17:00:00,1,,test,arima,0.163,0.023032624075927433
Merzenhausen,2025-09-06 18:00:00,1,,test,arima,0.159,0.023021740751707553
Merzenhausen,2025-09-06 19:00:00,1,,test,arima,0.16,0.02301086257005179
Merzenhausen,2025-09-06 20:00:00,1,,test,arima,0.164,0.02299998952853019
Merzenhausen,2025-09-06 21:00:00,1,,test,arima,0.161,0.02298912162471395
Merzenhausen,2025-09-06 22:00:00,1,,test,arima,0.163,0.02297825885617541
Merzenhausen,2025-09-06 23:00:00,1,,test,arima,0.162,0.02296740122048806
Merzenhausen,2025-09-07 00:00:00,1,,test,arima,0.162,0.022956548715226538
Merzenhausen,2025-09-07 01:00:00,1,,test,arima,0.161,0.022945701337966626
Merzenhausen,2025-09-07 02:00:00,1,,test,arima,0.266,0.02293485908628525
Merzenhausen,2025-09-07 03:00:00,1,,test,arima,0.359,0.02292402195776049
Merzenhausen,2025-09-07 04:00:00,1,,test,arima,0.36,0.02291318994997156
Merzenhausen,2025-09-07 05:00:00,1,,test,arima,0.36,0.02290236306049882
Merzenhausen,2025-09-07 06:00:00,1,,test,arima,0.365,0.022891541286923774
Merzenhausen,2025-09-07 07:00:00,1,,test,arima,0.371,0.022880724626829073
Merzenhausen,2025-09-07 08:00:00,1,,test,arima,0.368,0.022869913077798502
Merzenhausen,2025-09-07 09:00:00,1,,test,arima,0.358,0.022859106637416998
Merzenhausen,2025-09-07 10:00:00,1,,test,arima,0.348,0.022848305303270627
Merzenhausen,2025-09-07 11:00:00,1,,test,arima,0.344,0.022837509072946606
Merzenhausen,2025-09-07 12:00:00,1,,test,arima,0.336,0.022826717944033285
Merzenhausen,2025-09-07 13:00:00,1,,test,arima,0.331,0.022815931914120163
Merzenhausen,2025-09-17 00:00:00,1,,test,arima,0.258,0.022805150980797866
Merzenhausen,2025-09-17 01:00:00,1,,test,arima,0.258,0.02279437514165817
Merzenhausen,2025-09-17 02:00:00,1,,test,arima,0.258,0.022783604394293975
Merzenhausen,2025-09-17 03:00:00,1,,test,arima,0.255,0.02277283873629933
Merzenhausen,2025-09-17 04:00:00,1,,test,arima,0.258,0.022762078165269425
Merzenhausen,2025-09-17 05:00:00,1,,test,arima,0.258,0.02275132267880057
Merzenhausen,2025-09-17 06:00:00,1,,test,arima,0.258,0.02274057227449022
Merzenhausen,2025-09-17 07:00:00,1,,test,arima,0.258,0.022729826949936964
Merzenhausen,2025-09-17 08:00:00,1,,test,arima,0.257,0.022719086702740532
Merzenhausen,2025-09-17 09:00:00,1,,test,arima,0.26,0.022708351530501783
Merzenhausen,2025-09-17 10:00:00,1,,test,arima,0.259,0.0226976214308227
Merzenhausen,2025-09-17 11:00:00,1,,test,arima,0.258,0.02268689640130642
Merzenhausen,2025-09-17 12:00:00,1,,test,arima,0.258,0.022676176439557195
Merzenhausen,2025-09-17 13:00:00,1,,test,arima,0.261,0.02266546154318041
Merzenhausen,2025-09-17 14:00:00,1,,test,arima,0.257,0.022654751709782598
Merzenhausen,2025-09-17 15:00:00,1,,test,arima,0.256,0.022644046936971404
Merzenhausen,2025-09-17 16:00:00,1,,test,arima,0.251,0.02263334722235561
Merzenhausen,2025-09-17 17:00:00,1,,test,arima,0.251,0.022622652563545134
Merzenhausen,2025-09-17 18:00:00,1,,test,arima,0.251,0.022611962958151013
Merzenhausen,2025-09-17 19:00:00,1,,test,arima,0.252,0.02260127840378542
Merzenhausen,2025-09-17 20:00:00,1,,test,arima,0.252,0.022590598898061656
Merzenhausen,2025-09-17 21:00:00,1,,test,arima,0.253,0.02257992443859415
Merzenhausen,2025-09-17 22:00:00,1,,test,arima,0.25,0.022569255022998447
Merzenhausen,2025-09-17 23:00:00,1,,test,arima,0.248,0.022558590648891236
Merzenhausen,2025-09-18 00:00:00,1,,test,arima,0.248,0.02254793131389032
Merzenhausen,2025-09-18 01:00:00,1,,test,arima,0.25,0.022537277015614636
Merzenhausen,2025-09-18 02:00:00,1,,test,arima,0.251,0.022526627751684236
Merzenhausen,2025-09-18 03:00:00,1,,test,arima,0.252,0.02251598351972031
Merzenhausen,2025-09-18 04:00:00,1,,test,arima,0.249,0.022505344317345154
Merzenhausen,2025-09-18 05:00:00,1,,test,arima,0.249,0.022494710142182208
Merzenhausen,2025-09-18 06:00:00,1,,test,arima,0.25,0.02248408099185602
Merzenhausen,2025-09-18 07:00:00,1,,test,arima,0.247,0.02247345686399227
Merzenhausen,2025-09-18 08:00:00,1,,test,arima,0.247,0.022462837756217748
Merzenhausen,2025-09-18 09:00:00,1,,test,arima,0.247,0.022452223666160374
Merzenhausen,2025-09-18 10:00:00,1,,test,arima,0.25,0.022441614591449194
Merzenhausen,2025-09-18 11:00:00,1,,test,arima,0.248,0.022431010529714357
Merzenhausen,2025-09-18 12:00:00,1,,test,arima,0.249,0.022420411478587154
Merzenhausen,2025-09-18 13:00:00,1,,test,arima,0.247,0.022409817435699975
Merzenhausen,2025-09-18 14:00:00,1,,test,arima,0.247,0.022399228398686345
Merzenhausen,2025-09-18 15:00:00,1,,test,arima,0.245,0.02238864436518089
Merzenhausen,2025-09-18 16:00:00,1,,test,arima,0.247,0.02237806533281938
Merzenhausen,2025-09-18 17:00:00,1,,test,arima,0.245,0.022367491299238665
Merzenhausen,2025-09-18 18:00:00,1,,test,arima,0.246,0.02235692226207675
Merzenhausen,2025-09-18 19:00:00,1,,test,arima,0.246,0.022346358218972726
Merzenhausen,2025-09-18 20:00:00,1,,test,arima,0.245,0.022335799167566818
Merzenhausen,2025-09-18 21:00:00,1,,test,arima,0.246,0.02232524510550036
Merzenhausen,2025-09-18 22:00:00,1,,test,arima,0.247,0.022314696030415797
Merzenhausen,2025-09-18 23:00:00,1,,test,arima,0.244,0.022304151939956694
Merzenhausen,2025-09-19 00:00:00,1,,test,arima,0.243,0.022293612831767725
Merzenhausen,2025-09-19 01:00:00,1,,test,arima,0.254,0.022283078703494684
Merzenhausen,2025-09-19 02:00:00,1,,test,arima,0.261,0.022272549552784467
Merzenhausen,2025-09-19 03:00:00,1,,test,arima,0.266,0.022262025377285083
Merzenhausen,2025-09-19 04:00:00,1,,test,arima,0.266,0.022251506174645667
Merzenhausen,2025-09-19 05:00:00,1,,test,arima,0.265,0.02224099194251645
Merzenhausen,2025-09-19 06:00:00,1,,test,arima,0.263,0.022230482678548772
Merzenhausen,2025-09-19 07:00:00,1,,test,arima,0.264,0.022219978380395095
Merzenhausen,2025-09-19 08:00:00,1,,test,arima,0.264,0.022209479045708982
Merzenhausen,2025-09-19 09:00:00,1,,test,arima,0.26,0.02219898467214511
Merzenhausen,2025-09-19 10:00:00,1,,test,arima,0.26,0.02218849525735925
Merzenhausen,2025-09-19 11:00:00,1,,test,arima,0.261,0.022178010799008302
Merzenhausen,2025-09-19 12:00:00,1,,test,arima,0.26,0.022167531294750256
Merzenhausen,2025-09-19 13:00:00,1,,test,arima,0.258,0.02215705674224422
Merzenhausen,2025-09-19 14:00:00,1,,test,arima,0.258,0.0221465871391504
Merzenhausen,2025-09-19 15:00:00,1,,test,arima,0.257,0.02213612248313011
Merzenhausen,2025-09-19 16:00:00,1,,test,arima,0.256,0.022125662771845772
Merzenhausen,2025-09-19 17:00:00,1,,test,arima,0.255,0.02211520800296091
Merzenhausen,2025-09-19 18:00:00,1,,test,arima,0.255,0.02210475817414015
Merzenhausen,2025-09-19 19:00:00,1,,test,arima,0.253,0.022094313283049227
Merzenhausen,2025-09-19 20:00:00,1,,test,arima,0.252,0.022083873327354973
Merzenhausen,2025-09-19 21:00:00,1,,test,arima,0.254,0.02207343830472533
Merzenhausen,2025-09-19 22:00:00,1,,test,arima,0.252,0.022063008212829333
Merzenhausen,2025-09-19 23:00:00,1,,test,arima,0.254,0.022052583049337125
Merzenhausen,2025-09-20 00:00:00,1,,test,arima,0.253,0.022042162811919945
Merzenhausen,2025-09-20 01:00:00,1,,test,arima,0.252,0.02203174749825014
Merzenhausen,2025-09-20 02:00:00,1,,test,arima,0.269,0.022021337106001147
Merzenhausen,2025-09-20 03:00:00,1,,test,arima,0.249,0.022010931632847508
Merzenhausen,2025-09-20 04:00:00,1,,test,arima,0.269,0.022000531076464866
Merzenhausen,2025-09-20 05:00:00,1,,test,arima,0.25,0.021990135434529955
Merzenhausen,2025-09-20 06:00:00,1,,test,arima,0.249,0.021979744704720614
Merzenhausen,2025-09-20 07:00:00,1,,test,arima,0.249,0.021969358884715778
Merzenhausen,2025-09-20 08:00:00,1,,test,arima,0.252,0.02195897797219547
Merzenhausen,2025-09-20 09:00:00,1,,test,arima,0.251,0.021948601964840823
Merzenhausen,2025-09-20 10:00:00,1,,test,arima,0.251,0.021938230860334057
Merzenhausen,2025-09-20 11:00:00,1,,test,arima,0.25,0.021927864656358494
Merzenhausen,2025-09-20 12:00:00,1,,test,arima,0.25,0.021917503350598534
Merzenhausen,2025-09-20 13:00:00,1,,test,arima,0.251,0.021907146940739697
Merzenhausen,2025-09-20 14:00:00,1,,test,arima,0.248,0.021896795424468575
Merzenhausen,2025-09-20 15:00:00,1,,test,arima,0.246,0.02188644879947286
Merzenhausen,2025-09-20 16:00:00,1,,test,arima,0.249,0.02187610706344134
Merzenhausen,2025-09-20 17:00:00,1,,test,arima,0.247,0.02186577021406389
Merzenhausen,2025-09-20 18:00:00,1,,test,arima,0.244,0.021855438249031484
Merzenhausen,2025-09-20 19:00:00,1,,test,arima,0.245,0.021845111166036178
Merzenhausen,2025-09-20 20:00:00,1,,test,arima,0.246,0.021834788962771124
Merzenhausen,2025-09-20 21:00:00,1,,test,arima,0.244,0.021824471636930562
Merzenhausen,2025-09-20 22:00:00,1,,test,arima,0.243,0.021814159186209825
Merzenhausen,2025-09-20 23:00:00,1,,test,arima,0.243,0.02180385160830533
Merzenhausen,2025-09-21 00:00:00,1,,test,arima,0.244,0.021793548900914582
Merzenhausen,2025-09-21 01:00:00,1,,test,arima,0.241,0.021783251061736182
Merzenhausen,2025-09-21 02:00:00,1,,test,arima,0.243,0.02177295808846981
Merzenhausen,2025-09-21 03:00:00,1,,test,arima,0.244,0.021762669978816235
Merzenhausen,2025-09-21 04:00:00,1,,test,arima,0.241,0.021752386730477316
Merzenhausen,2025-09-21 05:00:00,1,,test,arima,0.242,0.021742108341155995
Merzenhausen,2025-09-21 06:00:00,1,,test,arima,0.242,0.0217318348085563
Merzenhausen,2025-09-21 07:00:00,1,,test,arima,0.239,0.021721566130383344
Merzenhausen,2025-09-21 08:00:00,1,,test,arima,0.241,0.021711302304343323
Merzenhausen,2025-09-21 09:00:00,1,,test,arima,0.243,0.021701043328143516
Merzenhausen,2025-09-21 10:00:00,1,,test,arima,0.242,0.021690789199492293
Merzenhausen,2025-09-21 11:00:00,1,,test,arima,0.242,0.021680539916099095
Merzenhausen,2025-09-21 12:00:00,1,,test,arima,0.243,0.021670295475674454
Merzenhausen,2025-09-21 13:00:00,1,,test,arima,0.241,0.021660055875929986
Merzenhausen,2025-09-21 14:00:00,1,,test,arima,0.242,0.021649821114578374
Merzenhausen,2025-09-21 15:00:00,1,,test,arima,0.241,0.0216395911893334
Merzenhausen,2025-09-21 16:00:00,1,,test,arima,0.242,0.021629366097909913
Merzenhausen,2025-09-21 17:00:00,1,,test,arima,0.24,0.021619145838023844
Merzenhausen,2025-09-21 18:00:00,1,,test,arima,0.241,0.021608930407392216
Merzenhausen,2025-09-21 19:00:00,1,,test,arima,0.242,0.02159871980373311
Merzenhausen,2025-09-21 20:00:00,1,,test,arima,0.24,0.0215885140247657
Merzenhausen,2025-09-21 21:00:00,1,,test,arima,0.239,0.02157831306821023
Merzenhausen,2025-09-21 22:00:00,1,,test,arima,0.24,0.02156811693178803
Merzenhausen,2025-09-21 23:00:00,1,,test,arima,0.238,0.0215579256132215
Merzenhausen,2025-09-22 00:00:00,1,,test,arima,0.238,0.021547739110234117
Merzenhausen,2025-09-22 01:00:00,1,,test,arima,0.241,0.021537557420550434
Merzenhausen,2025-09-22 02:00:00,1,,test,arima,0.238,0.021527380541896075
Merzenhausen,2025-09-22 03:00:00,1,,test,arima,0.237,0.02151720847199775
Merzenhausen,2025-09-22 04:00:00,1,,test,arima,0.239,0.02150704120858323
Merzenhausen,2025-09-22 05:00:00,1,,test,arima,0.24,0.021496878749381373
Merzenhausen,2025-09-22 06:00:00,1,,test,arima,0.237,0.0214867210921221
Merzenhausen,2025-09-22 07:00:00,1,,test,arima,0.237,0.021476568234536406
Merzenhausen,2025-09-22 08:00:00,1,,test,arima,0.24,0.021466420174356363
Merzenhausen,2025-09-22 09:00:00,1,,test,arima,0.237,0.021456276909315106
Merzenhausen,2025-09-22 10:00:00,1,,test,arima,0.237,0.021446138437146853
Merzenhausen,2025-09-22 11:00:00,1,,test,arima,0.237,0.021436004755586886
Merzenhausen,2025-09-22 12:00:00,1,,test,arima,0.238,0.021425875862371553
Merzenhausen,2025-09-22 13:00:00,1,,test,arima,0.237,0.021415751755238282
Merzenhausen,2025-09-22 14:00:00,1,,test,arima,0.237,0.02140563243192556
Merzenhausen,2025-09-22 15:00:00,1,,test,arima,0.237,0.021395517890172945
Merzenhausen,2025-09-22 16:00:00,1,,test,arima,0.237,0.02138540812772107
Merzenhausen,2025-09-22 17:00:00,1,,test,arima,0.237,0.021375303142311626
Merzenhausen,2025-09-22 18:00:00,1,,test,arima,0.238,0.021365202931687376
Merzenhausen,2025-09-22 19:00:00,1,,test,arima,0.238,0.02135510749359215
Merzenhausen,2025-09-22 20:00:00,1,,test,arima,0.235,0.02134501682577085
Merzenhausen,2025-09-22 21:00:00,1,,test,arima,0.236,0.021334930925969425
Merzenhausen,2025-09-22 22:00:00,1,,test,arima,0.236,0.021324849791934906
Merzenhausen,2025-09-22 23:00:00,1,,test,arima,0.238,0.021314773421415384
Merzenhausen,2025-09-23 00:00:00,1,,test,arima,0.238,0.021304701812160015
Merzenhausen,2025-09-23 01:00:00,1,,test,arima,0.233,0.021294634961919016
Merzenhausen,2025-09-23 02:00:00,1,,test,arima,0.235,0.021284572868443666
Merzenhausen,2025-09-23 03:00:00,1,,test,arima,0.236,0.02127451552948631
Merzenhausen,2025-09-23 04:00:00,1,,test,arima,0.232,0.021264462942800356
Merzenhausen,2025-09-23 05:00:00,1,,test,arima,0.234,0.02125441510614027
Merzenhausen,2025-09-23 06:00:00,1,,test,arima,0.234,0.021244372017261575
Merzenhausen,2025-09-23 07:00:00,1,,test,arima,0.236,0.021234333673920868
Merzenhausen,2025-09-23 08:00:00,1,,test,arima,0.237,0.021224300073875796
Merzenhausen,2025-09-23 09:00:00,1,,test,arima,0.237,0.021214271214885064
Merzenhausen,2025-09-23 10:00:00,1,,test,arima,0.234,0.02120424709470844
Merzenhausen,2025-09-23 11:00:00,1,,test,arima,0.234,0.021194227711106753
Merzenhausen,2025-09-23 12:00:00,1,,test,arima,0.233,0.021184213061841886
Merzenhausen,2025-09-23 13:00:00,1,,test,arima,0.234,0.02117420314467678
Merzenhausen,2025-09-23 14:00:00,1,,test,arima,0.234,0.021164197957375435
Merzenhausen,2025-09-23 15:00:00,1,,test,arima,0.235,0.021154197497702906
Merzenhausen,2025-09-23 16:00:00,1,,test,arima,0.234,0.021144201763425303
Merzenhausen,2025-09-23 17:00:00,1,,test,arima,0.232,0.021134210752309795
Merzenhausen,2025-09-23 18:00:00,1,,test,arima,0.232,0.0211242244621246
Merzenhausen,2025-09-23 19:00:00,1,,test,arima,0.235,0.021114242890639
Merzenhausen,2025-09-23 20:00:00,1,,test,arima,0.234,0.02110426603562332
Merzenhausen,2025-09-23 21:00:00,1,,test,arima,0.235,0.021094293894848952
Merzenhausen,2025-09-23 22:00:00,1,,test,arima,0.235,0.021084326466088325
Merzenhausen,2025-09-23 23:00:00,1,,test,arima,0.235,0.02107436374711493
Merzenhausen,2025-09-24 00:00:00,1,,test,arima,0.236,0.021064405735703316
Merzenhausen,2025-09-24 01:00:00,1,,test,arima,0.235,0.02105445242962907
Merzenhausen,2025-09-24 02:00:00,1,,test,arima,0.236,0.021044503826668837
Merzenhausen,2025-09-24 03:00:00,1,,test,arima,0.235,0.021034559924600314
Merzenhausen,2025-09-24 04:00:00,1,,test,arima,0.2525,0.021024620721202245
Merzenhausen,2025-09-24 05:00:00,1,,test,arima,0.236,0.021014686214254424
Merzenhausen,2025-09-24 06:00:00,1,,test,arima,0.236,0.02100475640153769
Merzenhausen,2025-09-24 07:00:00,1,,test,arima,0.232,0.02099483128083395
Merzenhausen,2025-09-24 08:00:00,1,,test,arima,0.236,0.020984910849926132
Merzenhausen,2025-09-24 09:00:00,1,,test,arima,0.254,0.020974995106598227
Merzenhausen,2025-09-24 10:00:00,1,,test,arima,0.234,0.02096508404863527
Merzenhausen,2025-09-24 11:00:00,1,,test,arima,0.254,0.020955177673823343
Merzenhausen,2025-09-24 12:00:00,1,,test,arima,0.235,0.020945275979949572
Merzenhausen,2025-09-24 13:00:00,1,,test,arima,0.2545,0.02093537896480214
Merzenhausen,2025-09-24 14:00:00,1,,test,arima,0.25300002,0.02092548662617025
Merzenhausen,2025-09-24 15:00:00,1,,test,arima,0.2335,0.020915598961844178
Merzenhausen,2025-09-24 16:00:00,1,,test,arima,0.234,0.020905715969615227
Merzenhausen,2025-09-24 17:00:00,1,,test,arima,0.255,0.020895837647275747
Merzenhausen,2025-09-24 18:00:00,1,,test,arima,0.236,0.020885963992619137
Merzenhausen,2025-09-24 19:00:00,1,,test,arima,0.233,0.020876095003439826
Merzenhausen,2025-09-24 20:00:00,1,,test,arima,0.233,0.0208662306775333
Merzenhausen,2025-09-24 21:00:00,1,,test,arima,0.234,0.020856371012696075
Merzenhausen,2025-09-24 22:00:00,1,,test,arima,0.237,0.020846516006725716
Merzenhausen,2025-09-24 23:00:00,1,,test,arima,0.234,0.020836665657420823
Merzenhausen,2025-09-25 00:00:00,1,,test,arima,0.234,0.020826819962581046
Merzenhausen,2025-09-25 01:00:00,1,,test,arima,0.234,0.020816978920007057
Merzenhausen,2025-09-25 02:00:00,1,,test,arima,0.235,0.020807142527500586
Merzenhausen,2025-09-25 03:00:00,1,,test,arima,0.231,0.020797310782864387
Merzenhausen,2025-09-25 04:00:00,1,,test,arima,0.232,0.020787483683902264
Merzenhausen,2025-09-25 05:00:00,1,,test,arima,0.232,0.02077766122841905
Merzenhausen,2025-09-25 06:00:00,1,,test,arima,0.232,0.02076784341422062
Merzenhausen,2025-09-25 07:00:00,1,,test,arima,0.235,0.020758030239113885
Merzenhausen,2025-09-25 08:00:00,1,,test,arima,0.235,0.02074822170090679
Merzenhausen,2025-09-25 09:00:00,1,,test,arima,0.235,0.020738417797408322
Merzenhausen,2025-09-25 10:00:00,1,,test,arima,0.231,0.020728618526428495
Merzenhausen,2025-09-25 11:00:00,1,,test,arima,0.234,0.020718823885778358
Merzenhausen,2025-09-25 12:00:00,1,,test,arima,0.234,0.020709033873270007
Merzenhausen,2025-09-25 13:00:00,1,,test,arima,0.233,0.020699248486716552
Merzenhausen,2025-09-25 14:00:00,1,,test,arima,0.234,0.020689467723932157
Merzenhausen,2025-09-25 15:00:00,1,,test,arima,0.234,0.020679691582732005
Merzenhausen,2025-09-25 16:00:00,1,,test,arima,0.234,0.020669920060932316
Merzenhausen,2025-10-08 20:00:00,1,,test,arima,0.249,0.020660153156350336
Merzenhausen,2025-10-08 21:00:00,1,,test,arima,0.246,0.020650390866804355
Merzenhausen,2025-10-08 22:00:00,1,,test,arima,0.247,0.020640633190113684
Merzenhausen,2025-10-08 23:00:00,1,,test,arima,0.247,0.020630880124098666
Merzenhausen,2025-10-09 00:00:00,1,,test,arima,0.248,0.020621131666580673
Merzenhausen,2025-10-09 01:00:00,1,,test,arima,0.257,0.02061138781538211
Merzenhausen,2025-10-09 02:00:00,1,,test,arima,0.246,0.020601648568326414
Merzenhausen,2025-10-09 03:00:00,1,,test,arima,0.2545,0.020591913923238038
Merzenhausen,2025-10-09 04:00:00,1,,test,arima,0.254,0.020582183877942473
Merzenhausen,2025-10-09 05:00:00,1,,test,arima,0.249,0.020572458430266238
Merzenhausen,2025-10-09 06:00:00,1,,test,arima,0.246,0.020562737578036873
Merzenhausen,2025-10-09 07:00:00,1,,test,arima,0.246,0.02055302131908295
Merzenhausen,2025-10-09 08:00:00,1,,test,arima,0.2565,0.020543309651234062
Merzenhausen,2025-10-09 09:00:00,1,,test,arima,0.251,0.020533602572320835
Merzenhausen,2025-10-09 10:00:00,1,,test,arima,0.251,0.020523900080174906
Merzenhausen,2025-10-09 11:00:00,1,,test,arima,0.249,0.02051420217262896
Merzenhausen,2025-10-09 12:00:00,1,,test,arima,0.25,0.020504508847516676
Merzenhausen,2025-10-09 13:00:00,1,,test,arima,0.2545,0.020494820102672784
Merzenhausen,2025-10-09 14:00:00,1,,test,arima,0.252,0.020485135935933024
Merzenhausen,2025-10-17 07:00:00,1,,test,arima,0.23,0.02047545634513416
Merzenhausen,2025-10-17 08:00:00,1,,test,arima,0.229,0.020465781328113976
Merzenhausen,2025-10-17 09:00:00,1,,test,arima,0.24,0.020456110882711282
Merzenhausen,2025-10-17 10:00:00,1,,test,arima,0.232,0.020446445006765908
Merzenhausen,2025-10-17 11:00:00,1,,test,arima,0.229,0.020436783698118702
Merzenhausen,2025-10-17 12:00:00,1,,test,arima,0.226,0.020427126954611536
Merzenhausen,2025-10-17 13:00:00,1,,test,arima,0.227,0.0204174747740873
Merzenhausen,2025-10-17 14:00:00,1,,test,arima,0.229,0.020407827154389904
Merzenhausen,2025-10-17 15:00:00,1,,test,arima,0.228,0.020398184093364274
Merzenhausen,2025-10-17 16:00:00,1,,test,arima,0.23,0.02038854558885636
Merzenhausen,2025-10-17 17:00:00,1,,test,arima,0.232,0.02037891163871313
Merzenhausen,2025-10-17 18:00:00,1,,test,arima,0.23,0.020369282240782556
Merzenhausen,2025-10-17 19:00:00,1,,test,arima,0.228,0.020359657392913642
Merzenhausen,2025-10-17 20:00:00,1,,test,arima,0.228,0.0203500370929564
Merzenhausen,2025-10-17 21:00:00,1,,test,arima,0.229,0.020340421338761867
Merzenhausen,2025-10-17 22:00:00,1,,test,arima,0.229,0.02033081012818208
Merzenhausen,2025-10-17 23:00:00,1,,test,arima,0.227,0.02032120345907011
Merzenhausen,2025-10-18 00:00:00,1,,test,arima,0.226,0.02031160132928003
Merzenhausen,2025-10-18 01:00:00,1,,test,arima,0.227,0.020302003736666928
Merzenhausen,2025-10-18 02:00:00,1,,test,arima,0.227,0.020292410679086905
Merzenhausen,2025-10-18 03:00:00,1,,test,arima,0.227,0.02028282215439708
Merzenhausen,2025-10-18 04:00:00,1,,test,arima,0.227,0.020273238160455585
Merzenhausen,2025-10-18 05:00:00,1,,test,arima,0.227,0.020263658695121554
Merzenhausen,2025-10-18 06:00:00,1,,test,arima,0.227,0.020254083756255148
Merzenhausen,2025-10-18 07:00:00,1,,test,arima,0.243,0.02024451334171752
Merzenhausen,2025-10-18 08:00:00,1,,test,arima,0.227,0.020234947449370853
Merzenhausen,2025-10-18 09:00:00,1,,test,arima,0.24450001,0.020225386077078328
Merzenhausen,2025-10-18 10:00:00,1,,test,arima,0.23,0.020215829222704138
Merzenhausen,2025-10-18 11:00:00,1,,test,arima,0.229,0.020206276884113486
Merzenhausen,2025-10-18 12:00:00,1,,test,arima,0.244,0.020196729059172587
Merzenhausen,2025-10-18 13:00:00,1,,test,arima,0.2435,0.02018718574574866
Merzenhausen,2025-10-18 14:00:00,1,,test,arima,0.231,0.020177646941709933
Merzenhausen,2025-10-18 15:00:00,1,,test,arima,0.23,0.020168112644925643
Merzenhausen,2025-10-18 16:00:00,1,,test,arima,0.229,0.02015858285326603
Merzenhausen,2025-10-18 17:00:00,1,,test,arima,0.228,0.020149057564602342
Merzenhausen,2025-10-18 18:00:00,1,,test,arima,0.228,0.020139536776806834
Merzenhausen,2025-10-18 19:00:00,1,,test,arima,0.238,0.020130020487752767
Merzenhausen,2025-10-18 20:00:00,1,,test,arima,0.229,0.020120508695314406
Merzenhausen,2025-10-18 21:00:00,1,,test,arima,0.23,0.020111001397367018
Merzenhausen,2025-10-18 22:00:00,1,,test,arima,0.228,0.020101498591786875
Merzenhausen,2025-10-18 23:00:00,1,,test,arima,0.228,0.020092000276451256
Merzenhausen,2025-10-19 00:00:00,1,,test,arima,0.2375,0.020082506449238445
Merzenhausen,2025-10-19 01:00:00,1,,test,arima,0.225,0.020073017108027717
Merzenhausen,2025-10-19 02:00:00,1,,test,arima,0.227,0.02006353225069936
Merzenhausen,2025-10-19 03:00:00,1,,test,arima,0.229,0.020054051875134656
Merzenhausen,2025-10-19 04:00:00,1,,test,arima,0.228,0.020044575979215898
Merzenhausen,2025-10-19 05:00:00,1,,test,arima,0.23,0.02003510456082637
Merzenhausen,2025-10-19 06:00:00,1,,test,arima,0.233,0.02002563761785036
Merzenhausen,2025-10-19 07:00:00,1,,test,arima,0.234,0.02001617514817316
Merzenhausen,2025-10-19 08:00:00,1,,test,arima,0.236,0.020006717149681046
Merzenhausen,2025-10-19 09:00:00,1,,test,arima,0.237,0.019997263620261316
Merzenhausen,2025-10-19 10:00:00,1,,test,arima,0.238,0.019987814557802245
Merzenhausen,2025-10-19 11:00:00,1,,test,arima,0.238,0.01997836996019312
Merzenhausen,2025-10-19 12:00:00,1,,test,arima,0.238,0.019968929825324215
Merzenhausen,2025-10-19 13:00:00,1,,test,arima,0.238,0.01995949415108681
Merzenhausen,2025-10-19 14:00:00,1,,test,arima,0.235,0.01995006293537318
Merzenhausen,2025-10-19 15:00:00,1,,test,arima,0.238,0.019940636176076585
Merzenhausen,2025-10-19 16:00:00,1,,test,arima,0.236,0.019931213871091296
Merzenhausen,2025-10-19 17:00:00,1,,test,arima,0.234,0.019921796018312565
Merzenhausen,2025-10-19 18:00:00,1,,test,arima,0.235,0.019912382615636652
Merzenhausen,2025-10-19 19:00:00,1,,test,arima,0.236,0.019902973660960804
Merzenhausen,2025-10-19 20:00:00,1,,test,arima,0.232,0.01989356915218326
Merzenhausen,2025-10-19 21:00:00,1,,test,arima,0.233,0.01988416908720325
Merzenhausen,2025-10-19 22:00:00,1,,test,arima,0.233,0.019874773463921004
Merzenhausen,2025-10-19 23:00:00,1,,test,arima,0.234,0.019865382280237744
Merzenhausen,2025-10-20 00:00:00,1,,test,arima,0.234,0.019855995534055676
Merzenhausen,2025-10-20 01:00:00,1,,test,arima,0.245,0.019846613223278006
Merzenhausen,2025-10-20 02:00:00,1,,test,arima,0.243,0.019837235345808925
Merzenhausen,2025-10-20 04:00:00,1,,test,arima,0.244,0.019827861899553614
Merzenhausen,2025-10-20 05:00:00,1,,test,arima,0.24,0.019818492882418246
Merzenhausen,2025-10-20 06:00:00,1,,test,arima,0.2535,0.019809128292309984
Merzenhausen,2025-10-20 07:00:00,1,,test,arima,0.229,0.019799768127136977
Merzenhausen,2025-10-20 08:00:00,1,,test,arima,0.253,0.019790412384808366
Merzenhausen,2025-10-20 09:00:00,1,,test,arima,0.249,0.01978106106323428
Merzenhausen,2025-10-20 10:00:00,1,,test,arima,0.247,0.019771714160325835
Merzenhausen,2025-10-20 11:00:00,1,,test,arima,0.247,0.01976237167399513
Merzenhausen,2025-10-20 12:00:00,1,,test,arima,0.241,0.019753033602155252
Merzenhausen,2025-10-20 13:00:00,1,,test,arima,0.249,0.01974369994272028
Merzenhausen,2025-10-20 14:00:00,1,,test,arima,0.25599998,0.01973437069360527
Merzenhausen,2025-10-20 15:00:00,1,,test,arima,0.247,0.019725045852726275
Merzenhausen,2025-10-20 16:00:00,1,,test,arima,0.247,0.01971572541800032
Merzenhausen,2025-10-20 17:00:00,1,,test,arima,0.245,0.019706409387345414
Merzenhausen,2025-10-20 18:00:00,1,,test,arima,0.246,0.01969709775868056
Merzenhausen,2025-10-20 19:00:00,1,,test,arima,0.241,0.019687790529925742
Merzenhausen,2025-10-20 20:00:00,1,,test,arima,0.241,0.01967848769900192
Merzenhausen,2025-10-20 21:00:00,1,,test,arima,0.242,0.019669189263831044
Merzenhausen,2025-10-20 22:00:00,1,,test,arima,0.243,0.019659895222336042
Merzenhausen,2025-10-20 23:00:00,1,,test,arima,0.243,0.019650605572440822
Merzenhausen,2025-10-21 00:00:00,1,,test,arima,0.242,0.019641320312070276
Merzenhausen,2025-10-21 01:00:00,1,,test,arima,0.246,0.01963203943915028
Merzenhausen,2025-10-21 02:00:00,1,,test,arima,0.25,0.019622762951607677
Merzenhausen,2025-10-21 03:00:00,1,,test,arima,0.267,0.019613490847370303
Merzenhausen,2025-10-21 04:00:00,1,,test,arima,0.267,0.019604223124366972
Merzenhausen,2025-10-21 05:00:00,1,,test,arima,0.27,0.019594959780527468
Merzenhausen,2025-10-21 06:00:00,1,,test,arima,0.277,0.01958570081378256
Merzenhausen,2025-10-21 07:00:00,1,,test,arima,0.277,0.01957644622206399
Merzenhausen,2025-10-21 08:00:00,1,,test,arima,0.28,0.019567196003304484
Merzenhausen,2025-10-21 09:00:00,1,,test,arima,0.283,0.019557950155437744
Merzenhausen,2025-10-21 10:00:00,1,,test,arima,0.283,0.019548708676398435
Merzenhausen,2025-10-21 11:00:00,1,,test,arima,0.281,0.019539471564122217
Merzenhausen,2025-10-21 12:00:00,1,,test,arima,0.277,0.01953023881654572
Merzenhausen,2025-10-21 13:00:00,1,,test,arima,0.279,0.019521010431606534
Merzenhausen,2025-10-21 14:00:00,1,,test,arima,0.279,0.019511786407243242
Merzenhausen,2025-10-21 15:00:00,1,,test,arima,0.28,0.0195025667413954
Merzenhausen,2025-10-21 16:00:00,1,,test,arima,0.283,0.019493351432003522
Merzenhausen,2025-10-21 17:00:00,1,,test,arima,0.29,0.01948414047700911
Merzenhausen,2025-10-21 18:00:00,1,,test,arima,0.297,0.019474933874354634
Merzenhausen,2025-10-21 19:00:00,1,,test,arima,0.301,0.019465731621983534
Merzenhausen,2025-10-21 20:00:00,1,,test,arima,0.304,0.019456533717840226
Merzenhausen,2025-10-21 21:00:00,1,,test,arima,0.301,0.019447340159870097
Merzenhausen,2025-10-21 22:00:00,1,,test,arima,0.3,0.019438150946019497
Merzenhausen,2025-10-21 23:00:00,1,,test,arima,0.297,0.019428966074235755
Merzenhausen,2025-10-22 00:00:00,1,,test,arima,0.297,0.01941978554246717
Merzenhausen,2025-10-22 01:00:00,1,,test,arima,0.302,0.019410609348663004
Merzenhausen,2025-10-22 02:00:00,1,,test,arima,0.347,0.019401437490773492
Merzenhausen,2025-12-19 12:00:00,1,,test,arima,0.308,0.019392269966749837
Merzenhausen,2025-12-19 13:00:00,1,,test,arima,0.308,0.019383106774544214
Merzenhausen,2025-12-19 14:00:00,1,,test,arima,0.308,0.019373947912109758
Merzenhausen,2025-12-19 15:00:00,1,,test,arima,0.311,0.01936479337740058
Merzenhausen,2025-12-19 16:00:00,1,,test,arima,0.307,0.019355643168371746
Merzenhausen,2025-12-19 17:00:00,1,,test,arima,0.3295,0.019346497282979304
Merzenhausen,2025-12-19 18:00:00,1,,test,arima,0.308,0.01933735571918025
Merzenhausen,2025-12-19 19:00:00,1,,test,arima,0.308,0.01932821847493256
Merzenhausen,2025-12-19 20:00:00,1,,test,arima,0.309,0.019319085548195166
Merzenhausen,2025-12-19 21:00:00,1,,test,arima,0.31,0.01930995693692797
Merzenhausen,2025-12-19 22:00:00,1,,test,arima,0.308,0.019300832639091832
Merzenhausen,2025-12-19 23:00:00,1,,test,arima,0.309,0.019291712652648584
Merzenhausen,2025-12-20 00:00:00,1,,test,arima,0.309,0.019282596975561013
Merzenhausen,2025-12-20 01:00:00,1,,test,arima,0.31,0.019273485605792874
Merzenhausen,2025-12-20 02:00:00,1,,test,arima,0.31,0.019264378541308882
Merzenhausen,2025-12-20 03:00:00,1,,test,arima,0.308,0.019255275780074712
Merzenhausen,2025-12-20 04:00:00,1,,test,arima,0.308,0.019246177320057005
Merzenhausen,2025-12-20 05:00:00,1,,test,arima,0.307,0.019237083159223352
Merzenhausen,2025-12-20 06:00:00,1,,test,arima,0.308,0.01922799329554232
Merzenhausen,2025-12-20 07:00:00,1,,test,arima,0.308,0.019218907726983425
Merzenhausen,2025-12-20 08:00:00,1,,test,arima,0.306,0.01920982645151715
Merzenhausen,2025-12-20 09:00:00,1,,test,arima,0.307,0.019200749467114926
Merzenhausen,2025-12-20 10:00:00,1,,test,arima,0.307,0.01919167677174915
Merzenhausen,2025-12-20 11:00:00,1,,test,arima,0.31,0.01918260836339318
Merzenhausen,2025-12-20 12:00:00,1,,test,arima,0.306,0.019173544240021323
Merzenhausen,2025-12-20 13:00:00,1,,test,arima,0.308,0.019164484399608852
Merzenhausen,2025-12-20 14:00:00,1,,test,arima,0.308,0.019155428840131987
Merzenhausen,2025-12-20 15:00:00,1,,test,arima,0.308,0.01914637755956792
Merzenhausen,2025-12-20 16:00:00,1,,test,arima,0.308,0.019137330555894776
Merzenhausen,2025-12-20 17:00:00,1,,test,arima,0.305,0.019128287827091656
Merzenhausen,2025-12-20 18:00:00,1,,test,arima,0.306,0.019119249371138604
Merzenhausen,2025-12-20 19:00:00,1,,test,arima,0.306,0.019110215186016626
Merzenhausen,2025-12-20 20:00:00,1,,test,arima,0.308,0.01910118526970768
Merzenhausen,2025-12-20 21:00:00,1,,test,arima,0.308,0.01909215962019467
Merzenhausen,2025-12-20 22:00:00,1,,test,arima,0.305,0.019083138235461462
Merzenhausen,2025-12-20 23:00:00,1,,test,arima,0.306,0.019074121113492874
Merzenhausen,2025-12-21 00:00:00,1,,test,arima,0.306,0.019065108252274667
Merzenhausen,2025-12-21 01:00:00,1,,test,arima,0.305,0.019056099649793566
Merzenhausen,2025-12-21 02:00:00,1,,test,arima,0.306,0.019047095304037247
Merzenhausen,2025-12-21 03:00:00,1,,test,arima,0.306,0.01903809521299432
Merzenhausen,2025-12-21 04:00:00,1,,test,arima,0.306,0.019029099374654367
Merzenhausen,2025-12-21 05:00:00,1,,test,arima,0.306,0.019020107787007905
Merzenhausen,2025-12-21 06:00:00,1,,test,arima,0.305,0.01901112044804641
Merzenhausen,2025-12-21 07:00:00,1,,test,arima,0.303,0.019002137355762297
Merzenhausen,2025-12-21 08:00:00,1,,test,arima,0.305,0.018993158508148943
Merzenhausen,2025-12-21 09:00:00,1,,test,arima,0.304,0.018984183903200662
Merzenhausen,2025-12-21 10:00:00,1,,test,arima,0.306,0.018975213538912714
Merzenhausen,2025-12-21 11:00:00,1,,test,arima,0.305,0.018966247413281317
Merzenhausen,2025-12-21 12:00:00,1,,test,arima,0.306,0.018957285524303633
Merzenhausen,2025-12-21 13:00:00,1,,test,arima,0.306,0.018948327869977764
Merzenhausen,2025-12-21 14:00:00,1,,test,arima,0.306,0.01893937444830276
Merzenhausen,2025-12-21 15:00:00,1,,test,arima,0.306,0.018930425257278626
Merzenhausen,2025-12-21 16:00:00,1,,test,arima,0.306,0.018921480294906298
Merzenhausen,2025-12-21 17:00:00,1,,test,arima,0.303,0.01891253955918766
Merzenhausen,2025-12-21 18:00:00,1,,test,arima,0.303,0.01890360304812555
Merzenhausen,2025-12-21 19:00:00,1,,test,arima,0.303,0.018894670759723738
Merzenhausen,2025-12-21 20:00:00,1,,test,arima,0.304,0.018885742691986944
Merzenhausen,2025-12-21 21:00:00,1,,test,arima,0.303,0.01887681884292083
Merzenhausen,2025-12-21 22:00:00,1,,test,arima,0.304,0.018867899210531995
Merzenhausen,2025-12-21 23:00:00,1,,test,arima,0.303,0.01885898379282799
Merzenhausen,2025-12-22 00:00:00,1,,test,arima,0.303,0.018850072587817297
Merzenhausen,2025-12-22 01:00:00,1,,test,arima,0.303,0.018841165593509346
Merzenhausen,2025-12-22 02:00:00,1,,test,arima,0.303,0.0188322628079145
Merzenhausen,2025-12-22 03:00:00,1,,test,arima,0.303,0.018823364229044074
Merzenhausen,2025-12-22 04:00:00,1,,test,arima,0.303,0.018814469854910313
Merzenhausen,2025-12-22 05:00:00,1,,test,arima,0.301,0.018805579683526405
Merzenhausen,2025-12-22 06:00:00,1,,test,arima,0.301,0.018796693712906473
Merzenhausen,2025-12-22 09:00:00,1,,test,arima,0.302,0.018787811941065585
Merzenhausen,2025-12-22 10:00:00,1,,test,arima,0.301,0.01877893436601974
Merzenhausen,2025-12-22 11:00:00,1,,test,arima,0.302,0.01877006098578588
Merzenhausen,2025-12-22 12:00:00,1,,test,arima,0.302,0.018761191798381885
Merzenhausen,2025-12-22 13:00:00,1,,test,arima,0.302,0.018752326801826563
Merzenhausen,2025-12-22 14:00:00,1,,test,arima,0.301,0.018743465994139664
Merzenhausen,2025-12-22 15:00:00,1,,test,arima,0.301,0.018734609373341878
Merzenhausen,2025-12-23 13:00:00,1,,test,arima,0.295,0.01872575693745482
Merzenhausen,2025-12-23 14:00:00,1,,test,arima,0.296,0.018716908684501044
