station,timestamp,seed,split,y_true,y_pred
Gevenich,2021-10-04 00:00:00,42,val,0.0895,0.1027061
Gevenich,2021-10-04 01:00:00,42,val,0.0895,0.10232917
Gevenich,2021-10-04 02:00:00,42,val,0.0905,0.101918
Gevenich,2021-10-04 03:00:00,42,val,0.0895,0.10144173
Gevenich,2021-10-04 04:00:00,42,val,0.091,0.100799225
Gevenich,2021-10-04 05:00:00,42,val,0.0905,0.10019109
Gevenich,2021-10-04 06:00:00,42,val,0.0895,0.09935685
Gevenich,2021-10-04 07:00:00,42,val,0.0935,0.09846982
Gevenich,2021-10-04 08:00:00,42,val,0.0895,0.09745003
Gevenich,2021-10-04 09:00:00,42,val,0.0885,0.09627
Gevenich,2021-10-04 10:00:00,42,val,0.0885,0.09503334
Gevenich,2021-10-04 11:00:00,42,val,0.0905,0.09400367
Gevenich,2021-10-04 12:00:00,42,val,0.09,0.093219504
Gevenich,2021-10-04 13:00:00,42,val,0.0915,0.09281827
Gevenich,2021-10-04 14:00:00,42,val,0.089,0.09276455
Gevenich,2021-10-04 15:00:00,42,val,0.0885,0.09305408
Gevenich,2021-10-04 16:00:00,42,val,0.091,0.09365107
Gevenich,2021-10-04 17:00:00,42,val,0.091,0.09439763
Gevenich,2021-10-04 18:00:00,42,val,0.091,0.09525875
Gevenich,2021-10-04 19:00:00,42,val,0.091,0.096232586
Gevenich,2021-10-04 20:00:00,42,val,0.0905,0.09726969
Gevenich,2021-10-04 21:00:00,42,val,0.088,0.09854344
Gevenich,2021-10-04 22:00:00,42,val,0.0905,0.09958359
Gevenich,2021-10-04 23:00:00,42,val,0.0895,0.10044701
Gevenich,2021-10-05 00:00:00,42,val,0.094,0.101170756
Gevenich,2021-10-05 01:00:00,42,val,0.088,0.10164451
Gevenich,2021-10-05 02:00:00,42,val,0.089,0.10177074
Gevenich,2021-10-05 03:00:00,42,val,0.095,0.101400286
Gevenich,2021-10-05 04:00:00,42,val,0.0915,0.10066814
Gevenich,2021-10-05 05:00:00,42,val,0.09,0.099740274
Gevenich,2021-10-05 06:00:00,42,val,0.0935,0.098672286
Gevenich,2021-10-05 07:00:00,42,val,0.0925,0.097372346
Gevenich,2021-10-05 08:00:00,42,val,0.091,0.095668405
Gevenich,2021-10-05 09:00:00,42,val,0.089,0.09399712
Gevenich,2021-11-20 18:00:00,42,val,0.213,0.20397814
Gevenich,2021-11-20 19:00:00,42,val,0.2105,0.20315342
Gevenich,2021-11-20 20:00:00,42,val,0.2115,0.20199265
Gevenich,2021-11-20 21:00:00,42,val,0.212,0.20073888
Gevenich,2022-02-08 12:00:00,42,val,0.295,0.27842164
Gevenich,2022-02-08 13:00:00,42,val,0.295,0.27835634
Gevenich,2022-02-08 14:00:00,42,val,0.297,0.27824092
Gevenich,2022-02-08 15:00:00,42,val,0.2995,0.27796054
Gevenich,2022-02-08 16:00:00,42,val,0.299,0.27749646
Gevenich,2022-02-08 17:00:00,42,val,0.274,0.27677336
Gevenich,2022-02-08 18:00:00,42,val,0.2985,0.27590212
Gevenich,2022-02-08 19:00:00,42,val,0.3005,0.27491722
Gevenich,2022-03-20 12:00:00,42,val,0.1835,0.16629599
Gevenich,2022-03-20 13:00:00,42,val,0.182,0.16639434
Gevenich,2022-03-20 14:00:00,42,val,0.182,0.16677845
Gevenich,2022-03-20 15:00:00,42,val,0.1795,0.16744263
Gevenich,2022-03-20 16:00:00,42,val,0.1785,0.16820279
Gevenich,2022-03-20 17:00:00,42,val,0.18,0.16908334
Gevenich,2022-03-20 18:00:00,42,val,0.1815,0.16977233
Gevenich,2022-03-20 19:00:00,42,val,0.1805,0.17010875
Gevenich,2022-03-20 20:00:00,42,val,0.1795,0.17008542
Gevenich,2022-03-20 21:00:00,42,val,0.1805,0.16970038
Gevenich,2022-03-20 22:00:00,42,val,0.1795,0.16906856
Gevenich,2022-03-20 23:00:00,42,val,0.1805,0.16817625
Gevenich,2022-03-21 00:00:00,42,val,0.18,0.16724162
Gevenich,2022-03-21 01:00:00,42,val,0.179,0.16632238
Gevenich,2022-03-21 02:00:00,42,val,0.178,0.16540788
Gevenich,2022-03-21 03:00:00,42,val,0.178,0.16463214
Gevenich,2022-03-21 04:00:00,42,val,0.1785,0.16414005
Gevenich,2022-03-21 05:00:00,42,val,0.1775,0.16379711
Gevenich,2022-03-21 06:00:00,42,val,0.178,0.16356194
Gevenich,2022-03-21 07:00:00,42,val,0.179,0.16337183
Gevenich,2022-03-21 08:00:00,42,val,0.178,0.16324216
Gevenich,2022-03-21 09:00:00,42,val,0.1775,0.16306478
Gevenich,2022-03-21 10:00:00,42,val,0.1775,0.16275996
Gevenich,2022-03-21 11:00:00,42,val,0.1775,0.16238056
Gevenich,2022-03-21 12:00:00,42,val,0.177,0.16209799
Gevenich,2022-03-21 13:00:00,42,val,0.177,0.16197792
Gevenich,2022-03-21 14:00:00,42,val,0.1765,0.16216864
Gevenich,2022-03-21 15:00:00,42,val,0.173,0.16266319
Gevenich,2022-03-21 16:00:00,42,val,0.1735,0.1634317
Gevenich,2022-03-21 17:00:00,42,val,0.174,0.16432399
Gevenich,2022-03-21 18:00:00,42,val,0.1704999999999999,0.16507816
Gevenich,2022-03-21 19:00:00,42,val,0.172,0.16544382
Gevenich,2022-03-21 20:00:00,42,val,0.1745,0.1653612
Gevenich,2022-03-21 21:00:00,42,val,0.1714999999999999,0.16474809
Gevenich,2022-03-21 22:00:00,42,val,0.172,0.1638067
Gevenich,2022-03-21 23:00:00,42,val,0.1725,0.16265938
Gevenich,2022-03-22 00:00:00,42,val,0.1725,0.16147798
Gevenich,2022-03-22 01:00:00,42,val,0.1704999999999999,0.1603738
Gevenich,2022-03-22 02:00:00,42,val,0.1709999999999999,0.15942469
Gevenich,2022-03-22 03:00:00,42,val,0.1694999999999999,0.158753
Gevenich,2022-03-22 04:00:00,42,val,0.1704999999999999,0.15829347
Gevenich,2022-03-22 05:00:00,42,val,0.1709999999999999,0.15806532
Gevenich,2022-03-22 06:00:00,42,val,0.1694999999999999,0.15800019
Gevenich,2022-03-22 07:00:00,42,val,0.1725,0.15813565
Gevenich,2022-03-22 08:00:00,42,val,0.1694999999999999,0.1583387
Gevenich,2022-03-22 09:00:00,42,val,0.1704999999999999,0.15842327
Gevenich,2022-03-22 10:00:00,42,val,0.1704999999999999,0.15840569
Gevenich,2022-03-22 11:00:00,42,val,0.1689999999999999,0.15824537
Gevenich,2022-03-22 12:00:00,42,val,0.1664999999999999,0.1580354
Gevenich,2022-03-22 13:00:00,42,val,0.1689999999999999,0.1578641
Gevenich,2022-03-22 14:00:00,42,val,0.1644999999999999,0.15791696
Gevenich,2022-03-22 15:00:00,42,val,0.1664999999999999,0.15814583
Gevenich,2022-03-22 16:00:00,42,val,0.1654999999999999,0.15849364
Gevenich,2022-03-22 17:00:00,42,val,0.1644999999999999,0.15900543
Gevenich,2022-03-22 18:00:00,42,val,0.1644999999999999,0.15957424
Gevenich,2022-03-22 19:00:00,42,val,0.1654999999999999,0.15990037
Gevenich,2022-03-22 20:00:00,42,val,0.1625,0.15983108
Gevenich,2022-03-22 21:00:00,42,val,0.163,0.15939644
Gevenich,2022-03-29 22:00:00,42,val,0.115,0.12805772
Gevenich,2022-03-29 23:00:00,42,val,0.113,0.1277827
Gevenich,2022-04-17 22:00:00,42,val,0.1144999999999999,0.12791303
Gevenich,2022-04-17 23:00:00,42,val,0.1125,0.12682384
Gevenich,2022-04-18 00:00:00,42,val,0.1159999999999999,0.12588921
Gevenich,2022-04-18 01:00:00,42,val,0.1164999999999999,0.12505871
Gevenich,2022-04-18 02:00:00,42,val,0.1125,0.12441994
Gevenich,2022-04-18 03:00:00,42,val,0.1139999999999999,0.12397941
Gevenich,2022-04-18 04:00:00,42,val,0.1154999999999999,0.123769596
Gevenich,2022-04-18 05:00:00,42,val,0.1129999999999999,0.1236189
Gevenich,2022-04-18 06:00:00,42,val,0.112,0.12349406
Gevenich,2022-04-18 07:00:00,42,val,0.1134999999999999,0.12325436
Gevenich,2022-04-18 08:00:00,42,val,0.112,0.12267369
Gevenich,2022-04-18 09:00:00,42,val,0.1129999999999999,0.12182751
Gevenich,2022-04-18 10:00:00,42,val,0.1149999999999999,0.12073398
Gevenich,2022-04-18 11:00:00,42,val,0.1135,0.11960911
Gevenich,2022-04-18 12:00:00,42,val,0.1114999999999999,0.11850976
Gevenich,2022-04-18 13:00:00,42,val,0.1115,0.117607646
Gevenich,2022-04-18 14:00:00,42,val,0.1085,0.11714871
Gevenich,2022-04-18 15:00:00,42,val,0.1129999999999999,0.11707147
Gevenich,2022-04-18 16:00:00,42,val,0.112,0.11725119
Gevenich,2022-04-18 17:00:00,42,val,0.1105,0.1176394
Gevenich,2022-04-18 18:00:00,42,val,0.1095,0.11788595
Gevenich,2022-04-18 19:00:00,42,val,0.1105,0.11796194
Gevenich,2022-04-18 20:00:00,42,val,0.1105,0.11775102
Gevenich,2022-04-18 21:00:00,42,val,0.1095,0.117416315
Gevenich,2022-04-18 22:00:00,42,val,0.1095,0.116949804
Gevenich,2022-04-18 23:00:00,42,val,0.1095,0.11636437
Gevenich,2022-04-19 00:00:00,42,val,0.1095,0.11578666
Gevenich,2022-04-19 01:00:00,42,val,0.109,0.115214184
Gevenich,2022-04-19 02:00:00,42,val,0.109,0.11467047
Gevenich,2022-04-19 03:00:00,42,val,0.112,0.11426736
Gevenich,2022-04-19 04:00:00,42,val,0.11,0.11401209
Gevenich,2022-04-19 05:00:00,42,val,0.1095,0.113854334
Gevenich,2022-04-19 06:00:00,42,val,0.108,0.11373431
Gevenich,2022-04-19 07:00:00,42,val,0.1095,0.113566026
Gevenich,2022-04-19 08:00:00,42,val,0.1075,0.113205716
Gevenich,2022-04-19 09:00:00,42,val,0.111,0.1125135
Gevenich,2022-04-19 10:00:00,42,val,0.107,0.111545384
Gevenich,2022-04-19 11:00:00,42,val,0.109,0.11050764
Gevenich,2022-04-19 12:00:00,42,val,0.11,0.10953998
Gevenich,2022-04-19 13:00:00,42,val,0.111,0.10880401
Gevenich,2022-04-19 14:00:00,42,val,0.109,0.10839527
Gevenich,2022-04-19 15:00:00,42,val,0.108,0.108393945
Gevenich,2022-04-19 16:00:00,42,val,0.1065,0.10873685
Gevenich,2022-04-19 17:00:00,42,val,0.11,0.1093581
Gevenich,2022-04-19 18:00:00,42,val,0.107,0.11006048
Gevenich,2022-04-19 19:00:00,42,val,0.1075,0.11065799
Gevenich,2022-05-05 16:00:00,42,val,0.0955,0.08962602
Gevenich,2022-05-05 17:00:00,42,val,0.0935,0.09005987
Gevenich,2022-05-05 18:00:00,42,val,0.0925,0.09081504
Gevenich,2022-05-05 19:00:00,42,val,0.0925,0.09173854
Gevenich,2022-05-05 20:00:00,42,val,0.092,0.092672855
Gevenich,2022-05-05 21:00:00,42,val,0.0915,0.09360712
Gevenich,2022-05-05 22:00:00,42,val,0.0945,0.094446324
Gevenich,2022-05-05 23:00:00,42,val,0.0925,0.095206775
Gevenich,2022-05-06 00:00:00,42,val,0.0925,0.09588039
Gevenich,2022-05-06 01:00:00,42,val,0.0945,0.096529216
Gevenich,2022-05-06 02:00:00,42,val,0.0925,0.097010076
Gevenich,2022-05-06 03:00:00,42,val,0.0925,0.09741733
Gevenich,2022-05-06 04:00:00,42,val,0.09,0.097683735
Gevenich,2022-05-06 05:00:00,42,val,0.09,0.09780767
Gevenich,2022-05-06 06:00:00,42,val,0.0925,0.09776933
Gevenich,2022-05-06 07:00:00,42,val,0.0925,0.0974499
Gevenich,2022-05-06 08:00:00,42,val,0.0925,0.09682043
Gevenich,2022-05-06 09:00:00,42,val,0.0925,0.09575708
Gevenich,2022-05-06 10:00:00,42,val,0.0915,0.094368905
Gevenich,2022-05-06 11:00:00,42,val,0.0935,0.09287507
Gevenich,2022-05-06 12:00:00,42,val,0.0925,0.09129018
Gevenich,2022-05-06 13:00:00,42,val,0.092,0.0899075
Gevenich,2022-05-06 14:00:00,42,val,0.091,0.0889771
Gevenich,2022-05-06 15:00:00,42,val,0.091,0.08856478
Gevenich,2022-05-06 16:00:00,42,val,0.0935,0.08866817
Gevenich,2022-05-06 17:00:00,42,val,0.092,0.08909616
Gevenich,2022-05-06 18:00:00,42,val,0.092,0.08981749
Gevenich,2022-05-06 19:00:00,42,val,0.0925,0.090532765
Gevenich,2022-05-06 20:00:00,42,val,0.0925,0.09131976
Gevenich,2022-05-06 21:00:00,42,val,0.093,0.09205229
Gevenich,2022-05-06 22:00:00,42,val,0.0905,0.092713796
Gevenich,2022-05-06 23:00:00,42,val,0.0915,0.09333426
Gevenich,2022-05-07 00:00:00,42,val,0.0915,0.09402931
Gevenich,2022-05-07 01:00:00,42,val,0.091,0.09483517
Gevenich,2022-05-07 02:00:00,42,val,0.0895,0.09550606
Gevenich,2022-05-07 03:00:00,42,val,0.0925,0.09603151
Gevenich,2022-05-07 04:00:00,42,val,0.0885,0.09633604
Gevenich,2022-05-07 05:00:00,42,val,0.0905,0.096421294
Gevenich,2022-05-14 06:00:00,42,val,0.0885,0.09432927
Gevenich,2022-05-14 07:00:00,42,val,0.0865,0.09386023
Gevenich,2022-05-14 08:00:00,42,val,0.0854999999999999,0.09303325
Gevenich,2022-05-14 09:00:00,42,val,0.0895,0.09187822
Gevenich,2022-05-14 10:00:00,42,val,0.0885,0.090416014
Gevenich,2022-05-14 11:00:00,42,val,0.0895,0.088850826
Gevenich,2022-05-14 12:00:00,42,val,0.0885,0.08758874
Gevenich,2022-05-14 13:00:00,42,val,0.0885,0.086611986
Gevenich,2022-05-14 14:00:00,42,val,0.0895,0.08603369
Gevenich,2022-05-14 15:00:00,42,val,0.091,0.08594704
Gevenich,2022-05-14 16:00:00,42,val,0.0905,0.08617501
Gevenich,2022-05-14 17:00:00,42,val,0.09,0.08670035
Gevenich,2022-05-14 18:00:00,42,val,0.093,0.08738023
Gevenich,2022-05-14 19:00:00,42,val,0.0915,0.08801359
Gevenich,2022-05-14 20:00:00,42,val,0.089,0.08848192
Gevenich,2022-05-14 21:00:00,42,val,0.0885,0.088867605
Gevenich,2022-05-14 22:00:00,42,val,0.087,0.089165896
Gevenich,2022-05-14 23:00:00,42,val,0.0885,0.08936183
Gevenich,2022-05-15 00:00:00,42,val,0.0875,0.08976243
Gevenich,2022-05-15 01:00:00,42,val,0.0875,0.09023318
Gevenich,2022-05-15 02:00:00,42,val,0.088,0.09079443
Gevenich,2022-05-15 03:00:00,42,val,0.089,0.09144945
Gevenich,2022-05-15 04:00:00,42,val,0.09,0.09201079
Gevenich,2022-05-15 05:00:00,42,val,0.09,0.09236058
Gevenich,2022-05-15 06:00:00,42,val,0.088,0.09242414
Gevenich,2022-05-15 07:00:00,42,val,0.087,0.09216381
Gevenich,2022-05-15 08:00:00,42,val,0.0885,0.091539815
Gevenich,2022-05-15 09:00:00,42,val,0.0875,0.09058619
Gevenich,2022-06-16 13:00:00,42,val,0.09,0.10333088
Gevenich,2022-06-16 14:00:00,42,val,0.092,0.103109226
Gevenich,2022-06-16 15:00:00,42,val,0.092,0.103013046
Gevenich,2022-06-16 16:00:00,42,val,0.093,0.10305464
Gevenich,2022-06-16 17:00:00,42,val,0.0925,0.10293719
Gevenich,2022-06-16 18:00:00,42,val,0.0945,0.1027349
Gevenich,2022-06-16 19:00:00,42,val,0.093,0.10242595
Gevenich,2022-06-16 20:00:00,42,val,0.0915,0.1019331
Gevenich,2022-06-16 21:00:00,42,val,0.092,0.10138361
Gevenich,2022-06-16 22:00:00,42,val,0.0905,0.10113588
Gevenich,2022-06-16 23:00:00,42,val,0.093,0.10093253
Gevenich,2022-06-17 00:00:00,42,val,0.091,0.100869
Gevenich,2022-06-17 01:00:00,42,val,0.091,0.101037376
Gevenich,2022-06-17 02:00:00,42,val,0.0925,0.101448745
Gevenich,2022-06-17 03:00:00,42,val,0.091,0.1018727
Gevenich,2022-06-17 04:00:00,42,val,0.0895,0.10242939
Gevenich,2022-06-17 05:00:00,42,val,0.0885,0.10276641
Gevenich,2022-06-17 06:00:00,42,val,0.089,0.10292781
Gevenich,2022-06-17 07:00:00,42,val,0.091,0.10293026
Gevenich,2022-06-17 08:00:00,42,val,0.089,0.10271751
Gevenich,2022-06-17 09:00:00,42,val,0.0885,0.10237546
Gevenich,2022-07-03 00:00:00,42,val,0.1275,0.16525298
Gevenich,2022-07-03 01:00:00,42,val,0.128,0.16456985
Gevenich,2022-07-03 02:00:00,42,val,0.127,0.1641993
Gevenich,2022-07-03 03:00:00,42,val,0.126,0.16423316
Gevenich,2022-07-03 04:00:00,42,val,0.127,0.16438931
Gevenich,2022-07-03 05:00:00,42,val,0.1265,0.16467358
Gevenich,2022-07-03 06:00:00,42,val,0.1235,0.16510382
Gevenich,2022-07-03 07:00:00,42,val,0.125,0.16550125
Gevenich,2022-07-03 08:00:00,42,val,0.124,0.16566211
Gevenich,2022-07-03 09:00:00,42,val,0.124,0.16552672
Gevenich,2022-07-03 10:00:00,42,val,0.123,0.16508949
Gevenich,2022-07-03 11:00:00,42,val,0.1215,0.16445436
Gevenich,2022-07-10 12:00:00,42,val,0.0895,0.09874284
Gevenich,2022-07-10 13:00:00,42,val,0.094,0.09790794
Gevenich,2022-07-10 14:00:00,42,val,0.096,0.09734719
Gevenich,2022-07-10 15:00:00,42,val,0.092,0.09706714
Gevenich,2022-07-10 16:00:00,42,val,0.091,0.09718676
Gevenich,2022-07-10 17:00:00,42,val,0.091,0.09730124
Gevenich,2022-07-10 18:00:00,42,val,0.091,0.09760008
Gevenich,2022-07-10 19:00:00,42,val,0.0895,0.09772503
Gevenich,2022-07-10 20:00:00,42,val,0.0945,0.097814165
Gevenich,2022-07-10 21:00:00,42,val,0.09,0.09795633
Gevenich,2022-07-10 22:00:00,42,val,0.09,0.098203376
Gevenich,2022-07-10 23:00:00,42,val,0.089,0.09855028
Gevenich,2022-07-11 00:00:00,42,val,0.0905,0.09906103
Gevenich,2022-07-11 01:00:00,42,val,0.0885,0.09962194
Gevenich,2022-07-11 02:00:00,42,val,0.09,0.100141875
Gevenich,2022-07-11 03:00:00,42,val,0.0905,0.10086603
Gevenich,2022-07-11 04:00:00,42,val,0.09,0.10160544
Gevenich,2022-07-11 05:00:00,42,val,0.092,0.10227885
Gevenich,2022-07-11 06:00:00,42,val,0.092,0.102890484
Gevenich,2022-07-11 07:00:00,42,val,0.091,0.1034167
Gevenich,2022-07-11 08:00:00,42,val,0.088,0.10347366
Gevenich,2022-07-11 09:00:00,42,val,0.087,0.10293545
Gevenich,2022-07-11 10:00:00,42,val,0.09,0.10208596
Gevenich,2022-07-11 11:00:00,42,val,0.091,0.10111383
Gevenich,2022-07-11 12:00:00,42,val,0.087,0.100124426
Gevenich,2022-07-11 13:00:00,42,val,0.091,0.09926243
Gevenich,2022-07-11 14:00:00,42,val,0.093,0.09862178
Gevenich,2022-07-11 15:00:00,42,val,0.089,0.09839869
Gevenich,2022-07-18 16:00:00,42,val,0.0824999999999999,0.09720321
Gevenich,2022-07-18 17:00:00,42,val,0.0844999999999999,0.0978606
Gevenich,2022-07-18 18:00:00,42,val,0.0799999999999999,0.0980739
Gevenich,2022-07-18 19:00:00,42,val,0.0819999999999999,0.09808164
Gevenich,2022-07-18 20:00:00,42,val,0.0785,0.09756966
Gevenich,2022-07-18 21:00:00,42,val,0.0795,0.09686456
Gevenich,2022-07-18 22:00:00,42,val,0.0829999999999999,0.096001
Gevenich,2022-07-18 23:00:00,42,val,0.073,0.09519142
Gevenich,2022-07-19 00:00:00,42,val,0.0834999999999999,0.09481232
Gevenich,2022-08-11 16:00:00,42,val,0.0829999999999999,0.09518045
Gevenich,2022-08-11 17:00:00,42,val,0.08,0.095115244
Gevenich,2022-08-11 18:00:00,42,val,0.078,0.094596386
Gevenich,2022-08-11 19:00:00,42,val,0.071,0.09375083
Gevenich,2022-08-11 20:00:00,42,val,0.0785,0.09259092
Gevenich,2022-08-11 21:00:00,42,val,0.078,0.0912264
Gevenich,2022-08-11 22:00:00,42,val,0.0755,0.08998824
Gevenich,2022-08-11 23:00:00,42,val,0.0785,0.08910403
Gevenich,2022-08-12 00:00:00,42,val,0.075,0.088518485
Gevenich,2022-08-12 01:00:00,42,val,0.078,0.08841361
Gevenich,2022-08-12 02:00:00,42,val,0.0755,0.088715896
Gevenich,2022-08-12 03:00:00,42,val,0.0765,0.08924897
Gevenich,2022-08-12 04:00:00,42,val,0.0765,0.08979781
Gevenich,2022-08-12 05:00:00,42,val,0.0765,0.09032782
Gevenich,2022-08-12 06:00:00,42,val,0.077,0.09057972
Gevenich,2022-08-12 07:00:00,42,val,0.0765,0.09071176
Gevenich,2022-08-12 08:00:00,42,val,0.07,0.09068506
Gevenich,2022-08-12 09:00:00,42,val,0.071,0.0905867
Gevenich,2022-08-12 10:00:00,42,val,0.0765,0.0905119
Gevenich,2022-08-12 11:00:00,42,val,0.07,0.090501346
Gevenich,2022-08-12 12:00:00,42,val,0.07,0.09042151
Gevenich,2022-08-12 13:00:00,42,val,0.0765,0.0906885
Gevenich,2022-08-12 14:00:00,42,val,0.071,0.09102966
Gevenich,2022-08-12 15:00:00,42,val,0.071,0.09152274
Gevenich,2022-08-12 16:00:00,42,val,0.08,0.092026934
Gevenich,2022-08-12 17:00:00,42,val,0.0765,0.09217171
Gevenich,2022-08-12 18:00:00,42,val,0.0795,0.0919581
Gevenich,2022-08-12 19:00:00,42,val,0.077,0.09129876
Gevenich,2022-08-12 20:00:00,42,val,0.0775,0.090564094
Gevenich,2022-08-12 21:00:00,42,val,0.0789999999999999,0.08967158
Gevenich,2022-08-12 22:00:00,42,val,0.076,0.088670805
Gevenich,2022-08-12 23:00:00,42,val,0.079,0.08810188
Gevenich,2022-08-13 00:00:00,42,val,0.0775,0.087641194
Gevenich,2022-08-13 01:00:00,42,val,0.076,0.08754815
Gevenich,2022-08-27 22:00:00,42,val,0.0905,0.10137643
Gevenich,2022-08-27 23:00:00,42,val,0.0865,0.10131957
Gevenich,2022-08-28 00:00:00,42,val,0.0885,0.10148746
Gevenich,2022-08-28 01:00:00,42,val,0.0885,0.10190469
Gevenich,2022-08-28 02:00:00,42,val,0.087,0.102639444
Gevenich,2022-08-28 03:00:00,42,val,0.088,0.103431836
Gevenich,2022-08-28 04:00:00,42,val,0.09,0.10411213
Gevenich,2022-08-28 05:00:00,42,val,0.102,0.10463202
Gevenich,2022-08-28 06:00:00,42,val,0.091,0.10481427
Gevenich,2022-08-28 07:00:00,42,val,0.091,0.10469109
Gevenich,2022-08-28 08:00:00,42,val,0.09,0.10434817
Gevenich,2022-08-28 09:00:00,42,val,0.087,0.103790574
Gevenich,2022-08-28 10:00:00,42,val,0.0905,0.10306481
Gevenich,2022-08-28 11:00:00,42,val,0.089,0.10228939
Gevenich,2022-08-28 12:00:00,42,val,0.087,0.1017104
Gevenich,2022-08-28 13:00:00,42,val,0.0875,0.10139596
Gevenich,2022-08-28 14:00:00,42,val,0.0905,0.101469584
Gevenich,2022-08-28 15:00:00,42,val,0.0925,0.10163932
Gevenich,2022-08-28 16:00:00,42,val,0.0885,0.10176625
Gevenich,2022-08-28 17:00:00,42,val,0.0885,0.10167569
Gevenich,2022-08-28 18:00:00,42,val,0.089,0.10128261
Gevenich,2022-08-28 19:00:00,42,val,0.089,0.10087582
Gevenich,2022-08-28 20:00:00,42,val,0.0895,0.1002386
Gevenich,2022-08-28 21:00:00,42,val,0.0885,0.09958219
Gevenich,2022-08-28 22:00:00,42,val,0.087,0.09896989
Gevenich,2022-08-28 23:00:00,42,val,0.096,0.0985157
Gevenich,2022-08-29 00:00:00,42,val,0.086,0.09837564
Gevenich,2022-08-29 01:00:00,42,val,0.086,0.09854911
Gevenich,2022-08-29 02:00:00,42,val,0.0875,0.09880676
Gevenich,2022-08-29 03:00:00,42,val,0.0849999999999999,0.09904747
Gevenich,2022-09-12 22:00:00,42,val,0.227,0.17714326
Gevenich,2022-09-12 23:00:00,42,val,0.2265,0.17611414
Gevenich,2022-09-13 00:00:00,42,val,0.225,0.17517738
Gevenich,2022-09-13 01:00:00,42,val,0.2275,0.1743728
Gevenich,2022-09-13 02:00:00,42,val,0.223,0.17382124
Gevenich,2022-09-13 03:00:00,42,val,0.2215,0.17358063
Gevenich,2022-09-13 04:00:00,42,val,0.221,0.17364825
Gevenich,2022-09-13 05:00:00,42,val,0.2185,0.17389756
Gevenich,2022-09-13 06:00:00,42,val,0.2195,0.17418346
Gevenich,2022-09-13 07:00:00,42,val,0.2155,0.1759069
Gevenich,2022-09-13 08:00:00,42,val,0.216,0.17702399
Gevenich,2022-09-13 09:00:00,42,val,0.215,0.17783204
Gevenich,2022-09-13 10:00:00,42,val,0.2145,0.1783461
Gevenich,2022-09-13 11:00:00,42,val,0.2145,0.17870338
Gevenich,2022-09-13 12:00:00,42,val,0.214,0.17919935
Gevenich,2022-09-13 13:00:00,42,val,0.2135,0.17974427
Gevenich,2022-09-13 14:00:00,42,val,0.2125,0.180329
Gevenich,2022-09-13 15:00:00,42,val,0.21,0.1807942
Gevenich,2022-09-13 16:00:00,42,val,0.2105,0.18107247
Gevenich,2022-09-13 17:00:00,42,val,0.212,0.18080029
Gevenich,2022-09-13 18:00:00,42,val,0.21,0.18080828
Gevenich,2022-09-13 19:00:00,42,val,0.2115,0.18063565
Gevenich,2022-09-13 20:00:00,42,val,0.208,0.18075654
Gevenich,2022-09-13 21:00:00,42,val,0.2085,0.1811103
Gevenich,2022-09-13 22:00:00,42,val,0.209,0.18128788
Gevenich,2022-09-13 23:00:00,42,val,0.2075,0.18186209
Gevenich,2022-09-14 00:00:00,42,val,0.207,0.18259591
Gevenich,2022-09-14 01:00:00,42,val,0.206,0.1835554
Gevenich,2022-09-14 02:00:00,42,val,0.205,0.18466562
Gevenich,2022-09-14 03:00:00,42,val,0.204,0.18593253
Gevenich,2022-09-14 04:00:00,42,val,0.2035,0.18721688
Gevenich,2022-09-14 05:00:00,42,val,0.205,0.18856706
Gevenich,2022-09-14 06:00:00,42,val,0.203,0.19105932
Gevenich,2022-09-14 07:00:00,42,val,0.2035,0.19561659
Gevenich,2022-09-21 08:00:00,42,val,0.1995,0.2025487
Gevenich,2022-09-21 09:00:00,42,val,0.198,0.20316169
Gevenich,2022-09-21 10:00:00,42,val,0.199,0.20400748
Gevenich,2022-09-21 11:00:00,42,val,0.2005,0.20505762
Gevenich,2022-09-21 12:00:00,42,val,0.198,0.20630541
Gevenich,2022-09-21 13:00:00,42,val,0.2,0.20792972
Gevenich,2022-09-21 14:00:00,42,val,0.198,0.20971029
Gevenich,2022-09-21 15:00:00,42,val,0.199,0.21136099
Gevenich,2022-09-21 16:00:00,42,val,0.198,0.21262717
Gevenich,2022-09-21 17:00:00,42,val,0.1995,0.21324521
Gevenich,2022-09-21 18:00:00,42,val,0.1995,0.21315712
Gevenich,2022-09-21 19:00:00,42,val,0.198,0.21232057
Gevenich,2022-09-21 20:00:00,42,val,0.1985,0.21085814
Gevenich,2022-09-21 21:00:00,42,val,0.197,0.2090917
Gevenich,2022-09-21 22:00:00,42,val,0.196,0.20713104
Gevenich,2022-09-21 23:00:00,42,val,0.1965,0.20511727
Gevenich,2022-09-22 00:00:00,42,val,0.1965,0.20322661
Gevenich,2022-09-22 01:00:00,42,val,0.197,0.20147677
Gevenich,2022-10-13 12:00:00,42,val,0.162,0.1725227
Gevenich,2022-10-13 13:00:00,42,val,0.161,0.17361945
Gevenich,2022-10-13 14:00:00,42,val,0.1815,0.17505376
Gevenich,2022-10-13 15:00:00,42,val,0.201,0.17641003
Gevenich,2022-10-30 14:00:00,42,val,0.1684999999999999,0.17810437
Gevenich,2022-10-30 15:00:00,42,val,0.1674999999999999,0.17960742
Gevenich,2022-10-30 16:00:00,42,val,0.1689999999999999,0.18071528
Gevenich,2022-10-30 17:00:00,42,val,0.1669999999999999,0.18116647
Gevenich,2022-10-30 18:00:00,42,val,0.1684999999999999,0.18098515
Gevenich,2022-10-30 19:00:00,42,val,0.1684999999999999,0.18004821
Gevenich,2022-10-30 20:00:00,42,val,0.1654999999999999,0.17856048
Gevenich,2022-10-30 21:00:00,42,val,0.1669999999999999,0.17662352
Gevenich,2022-10-30 22:00:00,42,val,0.1674999999999999,0.17446393
Gevenich,2022-10-30 23:00:00,42,val,0.1664999999999999,0.17237487
Gevenich,2022-10-31 00:00:00,42,val,0.1664999999999999,0.17065743
Gevenich,2022-10-31 01:00:00,42,val,0.1674999999999999,0.1694466
Gevenich,2022-10-31 02:00:00,42,val,0.1659999999999999,0.16852057
Gevenich,2022-10-31 03:00:00,42,val,0.1649999999999999,0.16779962
Gevenich,2022-10-31 04:00:00,42,val,0.1664999999999999,0.16726989
Gevenich,2022-10-31 05:00:00,42,val,0.1659999999999999,0.16691852
Gevenich,2022-10-31 06:00:00,42,val,0.1644999999999999,0.16672374
Gevenich,2022-10-31 07:00:00,42,val,0.1644999999999999,0.16662231
Gevenich,2022-10-31 08:00:00,42,val,0.1649999999999999,0.16665328
Gevenich,2022-10-31 09:00:00,42,val,0.1639999999999999,0.16683479
Gevenich,2022-10-31 10:00:00,42,val,0.1639999999999999,0.1671753
Gevenich,2022-10-31 11:00:00,42,val,0.1629999999999999,0.16760445
Gevenich,2022-10-31 12:00:00,42,val,0.1619999999999999,0.16819721
Gevenich,2022-10-31 13:00:00,42,val,0.1609999999999999,0.16906914
Gevenich,2022-10-31 14:00:00,42,val,0.1619999999999999,0.17013109
Gevenich,2022-10-31 15:00:00,42,val,0.1599999999999999,0.17108868
Gevenich,2022-10-31 16:00:00,42,val,0.1604999999999999,0.17188507
Gevenich,2022-10-31 17:00:00,42,val,0.1614999999999999,0.17242184
Gevenich,2022-10-31 18:00:00,42,val,0.1619999999999999,0.17251083
Gevenich,2022-10-31 19:00:00,42,val,0.1609999999999999,0.17215213
Gevenich,2022-10-31 20:00:00,42,val,0.1594999999999999,0.1713652
Gevenich,2022-10-31 21:00:00,42,val,0.1609999999999999,0.17027205
Gevenich,2022-10-31 22:00:00,42,val,0.1599999999999999,0.16898867
Gevenich,2022-10-31 23:00:00,42,val,0.1599999999999999,0.16782217
Gevenich,2022-11-08 00:00:00,42,val,0.156,0.15417328
Gevenich,2022-11-08 01:00:00,42,val,0.1545,0.1531409
Gevenich,2022-11-08 02:00:00,42,val,0.1565,0.15225172
Gevenich,2022-11-08 03:00:00,42,val,0.155,0.1515896
Gevenich,2022-11-08 04:00:00,42,val,0.1535,0.15118757
Gevenich,2022-11-08 05:00:00,42,val,0.155,0.15096335
Gevenich,2022-11-08 06:00:00,42,val,0.1545,0.15097573
Gevenich,2022-11-08 07:00:00,42,val,0.1545,0.15110841
Gevenich,2022-11-08 08:00:00,42,val,0.1555,0.15141834
Gevenich,2022-11-08 09:00:00,42,val,0.1555,0.15190065
Gevenich,2022-11-08 10:00:00,42,val,0.153,0.15232895
Gevenich,2022-11-08 11:00:00,42,val,0.155,0.15267862
Gevenich,2022-11-08 12:00:00,42,val,0.154,0.15312573
Gevenich,2022-11-08 13:00:00,42,val,0.1525,0.1536623
Gevenich,2022-11-08 14:00:00,42,val,0.1505,0.15433246
Gevenich,2022-11-08 15:00:00,42,val,0.1515,0.15515125
Gevenich,2022-11-08 16:00:00,42,val,0.1515,0.15601024
Gevenich,2022-11-08 17:00:00,42,val,0.153,0.15666923
Gevenich,2022-11-08 18:00:00,42,val,0.15,0.15695621
Gevenich,2022-11-08 19:00:00,42,val,0.153,0.156685
Gevenich,2022-11-08 20:00:00,42,val,0.1515,0.15614486
Gevenich,2022-11-08 21:00:00,42,val,0.15,0.15524335
Gevenich,2022-11-08 22:00:00,42,val,0.1495,0.15403931
Gevenich,2022-11-08 23:00:00,42,val,0.1505,0.15284309
Gevenich,2022-11-09 00:00:00,42,val,0.1525,0.15177938
Gevenich,2022-11-09 01:00:00,42,val,0.153,0.15084618
Gevenich,2022-11-09 02:00:00,42,val,0.1505,0.15015373
Gevenich,2022-11-09 03:00:00,42,val,0.1505,0.14969698
Gevenich,2022-11-09 04:00:00,42,val,0.149,0.14944643
Gevenich,2022-11-09 05:00:00,42,val,0.15,0.14963375
Gevenich,2022-11-09 06:00:00,42,val,0.15,0.15004691
Gevenich,2022-11-09 07:00:00,42,val,0.1505,0.15059607
Gevenich,2022-11-09 08:00:00,42,val,0.1485,0.15127674
Gevenich,2022-11-09 09:00:00,42,val,0.147,0.15201452
Gevenich,2022-11-09 10:00:00,42,val,0.1505,0.1526368
Gevenich,2022-11-09 11:00:00,42,val,0.1495,0.15310173
Gevenich,2022-11-09 12:00:00,42,val,0.1475,0.15359117
Gevenich,2022-11-09 13:00:00,42,val,0.1505,0.15412715
Gevenich,2022-11-09 14:00:00,42,val,0.1505,0.15459917
Gevenich,2022-11-09 15:00:00,42,val,0.15,0.15508987
Gevenich,2022-11-09 16:00:00,42,val,0.1485,0.15559517
Gevenich,2022-11-09 17:00:00,42,val,0.1495,0.15572526
Gevenich,2022-11-09 18:00:00,42,val,0.148,0.15556213
Gevenich,2022-11-09 19:00:00,42,val,0.1505,0.15494247
Gevenich,2022-11-09 20:00:00,42,val,0.1475,0.15404211
Gevenich,2022-11-09 21:00:00,42,val,0.15,0.15299281
Gevenich,2022-11-09 22:00:00,42,val,0.148,0.15188181
Gevenich,2022-11-09 23:00:00,42,val,0.149,0.15075082
Gevenich,2022-11-10 00:00:00,42,val,0.1495,0.14966312
Gevenich,2022-11-10 01:00:00,42,val,0.1495,0.14861251
Gevenich,2023-04-13 18:00:00,42,val,0.3045,0.29116195
Gevenich,2023-04-13 19:00:00,42,val,0.3055,0.28949404
Gevenich,2023-04-13 20:00:00,42,val,0.3055,0.2879317
Gevenich,2023-04-13 21:00:00,42,val,0.306,0.2865517
Gevenich,2023-04-13 22:00:00,42,val,0.3045,0.28546196
Gevenich,2023-04-13 23:00:00,42,val,0.3045,0.28440374
Gevenich,2023-04-14 00:00:00,42,val,0.308,0.2834622
Gevenich,2023-04-14 01:00:00,42,val,0.306,0.2824334
Gevenich,2023-04-14 02:00:00,42,val,0.307,0.28132543
Gevenich,2023-04-14 03:00:00,42,val,0.307,0.28032953
Gevenich,2023-04-14 04:00:00,42,val,0.3065,0.2794861
Gevenich,2023-04-14 05:00:00,42,val,0.3075,0.27875057
Gevenich,2023-04-14 06:00:00,42,val,0.308,0.27826828
Gevenich,2023-04-14 07:00:00,42,val,0.3075,0.2783491
Gevenich,2023-04-14 08:00:00,42,val,0.309,0.27900064
Gevenich,2023-04-14 09:00:00,42,val,0.309,0.2800953
Gevenich,2023-04-14 10:00:00,42,val,0.309,0.28148574
Gevenich,2023-04-14 11:00:00,42,val,0.3075,0.28297418
Gevenich,2023-04-14 12:00:00,42,val,0.284,0.2843842
Gevenich,2023-04-14 13:00:00,42,val,0.308,0.28548545
Gevenich,2023-04-14 14:00:00,42,val,0.3085,0.28616995
Gevenich,2023-04-14 15:00:00,42,val,0.308,0.28640276
Gevenich,2023-04-14 16:00:00,42,val,0.287,0.2861352
Gevenich,2023-05-10 10:00:00,42,val,0.345,0.25928652
Gevenich,2023-05-10 11:00:00,42,val,0.3415,0.26202238
Gevenich,2023-05-10 12:00:00,42,val,0.3379999999999999,0.2645669
Gevenich,2023-05-10 13:00:00,42,val,0.3359999999999999,0.26681167
Gevenich,2023-05-10 14:00:00,42,val,0.3325,0.2685373
Gevenich,2023-05-10 15:00:00,42,val,0.3299999999999999,0.26963705
Gevenich,2023-05-10 16:00:00,42,val,0.3279999999999999,0.27006143
Gevenich,2023-05-10 17:00:00,42,val,0.3255,0.26989084
Gevenich,2023-05-10 18:00:00,42,val,0.3259999999999999,0.26928747
Gevenich,2023-05-10 19:00:00,42,val,0.3239999999999999,0.26838627
Gevenich,2023-05-10 20:00:00,42,val,0.3215,0.2673611
Gevenich,2023-05-10 21:00:00,42,val,0.3225,0.2663409
Gevenich,2023-05-10 22:00:00,42,val,0.3215,0.26542068
Gevenich,2023-05-10 23:00:00,42,val,0.3199999999999999,0.26464313
Gevenich,2023-05-11 00:00:00,42,val,0.3195,0.26389745
Gevenich,2023-05-11 01:00:00,42,val,0.3185,0.2651739
Gevenich,2023-05-11 02:00:00,42,val,0.3195,0.26608294
Gevenich,2023-05-11 03:00:00,42,val,0.3165,0.2666514
Gevenich,2023-05-11 04:00:00,42,val,0.315,0.26695067
Gevenich,2023-05-11 05:00:00,42,val,0.316,0.26711094
Gevenich,2023-05-11 06:00:00,42,val,0.316,0.26720014
Gevenich,2023-05-11 07:00:00,42,val,0.3165,0.26724827
Gevenich,2023-05-11 08:00:00,42,val,0.316,0.26725194
Gevenich,2023-05-11 09:00:00,42,val,0.3145,0.2671929
Gevenich,2023-05-11 10:00:00,42,val,0.3115,0.26710835
Gevenich,2023-05-11 11:00:00,42,val,0.3105,0.26853615
Gevenich,2023-05-11 12:00:00,42,val,0.308,0.27111506
Gevenich,2023-05-11 13:00:00,42,val,0.305,0.27273384
Gevenich,2023-05-11 14:00:00,42,val,0.3025,0.27333954
Gevenich,2023-05-11 15:00:00,42,val,0.2995,0.27461246
Gevenich,2023-05-18 16:00:00,42,val,0.244,0.25981382
Gevenich,2023-05-18 17:00:00,42,val,0.2445,0.25883996
Gevenich,2023-05-18 18:00:00,42,val,0.2425,0.25755975
Gevenich,2023-05-18 19:00:00,42,val,0.2435,0.25606987
Gevenich,2023-05-18 20:00:00,42,val,0.2435,0.25455272
Gevenich,2023-05-18 21:00:00,42,val,0.242,0.2531045
Gevenich,2023-05-18 22:00:00,42,val,0.2435,0.2518083
Gevenich,2023-05-18 23:00:00,42,val,0.2425,0.25065884
Gevenich,2023-05-19 00:00:00,42,val,0.243,0.2495209
Gevenich,2023-05-19 01:00:00,42,val,0.243,0.24845256
Gevenich,2023-05-19 02:00:00,42,val,0.243,0.24737072
Gevenich,2023-05-19 03:00:00,42,val,0.243,0.2464582
Gevenich,2023-05-19 04:00:00,42,val,0.243,0.24574195
Gevenich,2023-05-19 05:00:00,42,val,0.244,0.24533048
Gevenich,2023-05-19 06:00:00,42,val,0.2415,0.24537529
Gevenich,2023-05-19 07:00:00,42,val,0.2425,0.2458756
Gevenich,2023-05-19 08:00:00,42,val,0.243,0.2466332
Gevenich,2023-05-19 09:00:00,42,val,0.2405,0.24753278
Gevenich,2023-05-19 10:00:00,42,val,0.24,0.24842542
Gevenich,2023-05-19 11:00:00,42,val,0.2395,0.24911663
Gevenich,2023-05-19 12:00:00,42,val,0.237,0.24958476
Gevenich,2023-05-19 13:00:00,42,val,0.237,0.24976453
Gevenich,2023-05-19 14:00:00,42,val,0.2334999999999999,0.24959913
Gevenich,2023-05-19 15:00:00,42,val,0.2324999999999999,0.24905923
Gevenich,2023-05-19 16:00:00,42,val,0.235,0.24804318
Gevenich,2023-05-19 17:00:00,42,val,0.2329999999999999,0.24665488
Gevenich,2023-05-19 18:00:00,42,val,0.2319999999999999,0.24489078
Gevenich,2023-05-19 19:00:00,42,val,0.2309999999999999,0.24287775
Gevenich,2023-05-19 20:00:00,42,val,0.2314999999999999,0.24105242
Gevenich,2023-05-19 21:00:00,42,val,0.2299999999999999,0.23950349
Gevenich,2023-05-19 22:00:00,42,val,0.2304999999999999,0.23810956
Gevenich,2023-05-19 23:00:00,42,val,0.2324999999999999,0.2370537
Gevenich,2023-05-20 00:00:00,42,val,0.2294999999999999,0.23622267
Gevenich,2023-05-20 01:00:00,42,val,0.2289999999999999,0.23557214
Gevenich,2023-05-20 02:00:00,42,val,0.2309999999999999,0.235093
Gevenich,2023-05-20 03:00:00,42,val,0.2314999999999999,0.23492171
Gevenich,2023-05-20 04:00:00,42,val,0.2314999999999999,0.23497252
Gevenich,2023-05-20 05:00:00,42,val,0.2314999999999999,0.2353333
Gevenich,2023-05-20 06:00:00,42,val,0.2314999999999999,0.23596248
Gevenich,2023-05-20 07:00:00,42,val,0.2314999999999999,0.23678531
Gevenich,2023-05-20 08:00:00,42,val,0.2314999999999999,0.23764025
Gevenich,2023-05-20 09:00:00,42,val,0.2299999999999999,0.23843712
Gevenich,2023-05-20 10:00:00,42,val,0.2284999999999999,0.23901731
Gevenich,2023-05-20 11:00:00,42,val,0.2264999999999999,0.2393829
Gevenich,2023-05-20 12:00:00,42,val,0.2294999999999999,0.23956344
Gevenich,2023-05-20 13:00:00,42,val,0.2289999999999999,0.23951903
Gevenich,2023-05-20 14:00:00,42,val,0.2289999999999999,0.23910634
Gevenich,2023-05-20 15:00:00,42,val,0.2299999999999999,0.23836528
Gevenich,2023-05-20 16:00:00,42,val,0.2299999999999999,0.23726568
Gevenich,2023-05-20 17:00:00,42,val,0.2269999999999999,0.2358945
Gevenich,2023-05-20 18:00:00,42,val,0.2294999999999999,0.23423447
Gevenich,2023-05-20 19:00:00,42,val,0.2284999999999999,0.23238462
Gevenich,2023-06-05 10:00:00,42,val,0.1805,0.18979836
Gevenich,2023-06-05 11:00:00,42,val,0.1815,0.19050184
Gevenich,2023-06-05 12:00:00,42,val,0.1805,0.19112453
Gevenich,2023-06-05 13:00:00,42,val,0.181,0.19158243
Gevenich,2023-06-05 14:00:00,42,val,0.1815,0.19191986
Gevenich,2023-06-05 15:00:00,42,val,0.18,0.192063
Gevenich,2023-06-05 16:00:00,42,val,0.18,0.19185491
Gevenich,2023-06-05 17:00:00,42,val,0.181,0.19119547
Gevenich,2023-06-05 18:00:00,42,val,0.181,0.19018836
Gevenich,2023-06-05 19:00:00,42,val,0.18,0.18889461
Gevenich,2023-06-05 20:00:00,42,val,0.1815,0.18749854
Gevenich,2023-06-05 21:00:00,42,val,0.1795,0.18607308
Gevenich,2023-06-05 22:00:00,42,val,0.18,0.18477385
Gevenich,2023-06-05 23:00:00,42,val,0.1805,0.18365873
Gevenich,2023-06-06 00:00:00,42,val,0.18,0.18278661
Gevenich,2023-06-06 01:00:00,42,val,0.181,0.18210503
Gevenich,2023-06-06 02:00:00,42,val,0.181,0.18165463
Gevenich,2023-06-06 03:00:00,42,val,0.18,0.18146148
Gevenich,2023-06-06 04:00:00,42,val,0.1795,0.18145455
Gevenich,2023-06-06 05:00:00,42,val,0.1795,0.18171594
Gevenich,2023-06-06 06:00:00,42,val,0.1795,0.18228018
Gevenich,2023-06-06 07:00:00,42,val,0.1795,0.18307334
Gevenich,2023-06-06 08:00:00,42,val,0.1795,0.18379836
Gevenich,2023-06-06 09:00:00,42,val,0.1815,0.18443608
Gevenich,2023-06-06 10:00:00,42,val,0.18,0.18503363
Gevenich,2023-06-06 11:00:00,42,val,0.178,0.18559654
Gevenich,2023-06-06 12:00:00,42,val,0.1795,0.1860175
Gevenich,2023-06-06 13:00:00,42,val,0.177,0.18572639
Gevenich,2023-06-13 14:00:00,42,val,0.125,0.15594727
Gevenich,2023-06-13 15:00:00,42,val,0.131,0.15571493
Gevenich,2023-06-13 16:00:00,42,val,0.126,0.1551532
Gevenich,2023-06-13 17:00:00,42,val,0.131,0.15424615
Gevenich,2023-06-13 18:00:00,42,val,0.131,0.1529019
Gevenich,2023-06-13 19:00:00,42,val,0.13,0.15127337
Gevenich,2023-06-13 20:00:00,42,val,0.132,0.14938182
Gevenich,2023-06-13 21:00:00,42,val,0.1325,0.14757007
Gevenich,2023-06-13 22:00:00,42,val,0.1305,0.14595604
Gevenich,2023-06-13 23:00:00,42,val,0.13,0.14475532
Gevenich,2023-06-14 00:00:00,42,val,0.128,0.14387709
Gevenich,2023-06-14 01:00:00,42,val,0.128,0.14343575
Gevenich,2023-06-14 02:00:00,42,val,0.1275,0.14313754
Gevenich,2023-06-14 03:00:00,42,val,0.131,0.14313716
Gevenich,2023-06-14 04:00:00,42,val,0.1285,0.14330244
Gevenich,2023-06-14 05:00:00,42,val,0.1295,0.14379784
Gevenich,2023-07-03 08:00:00,42,val,0.1425,0.16259113
Gevenich,2023-07-03 09:00:00,42,val,0.1395,0.162877
Gevenich,2023-07-03 10:00:00,42,val,0.142,0.16295381
Gevenich,2023-07-03 11:00:00,42,val,0.14,0.16298115
Gevenich,2023-07-03 12:00:00,42,val,0.141,0.16296113
Gevenich,2023-07-03 13:00:00,42,val,0.1395,0.16301006
Gevenich,2023-07-03 14:00:00,42,val,0.1405,0.16321267
Gevenich,2023-07-03 15:00:00,42,val,0.1395,0.16335465
Gevenich,2023-07-03 16:00:00,42,val,0.1385,0.1632931
Gevenich,2023-07-03 17:00:00,42,val,0.139,0.16291213
Gevenich,2023-07-03 18:00:00,42,val,0.139,0.16228527
Gevenich,2023-07-03 19:00:00,42,val,0.141,0.1614222
Gevenich,2023-07-03 20:00:00,42,val,0.136,0.16034049
Gevenich,2023-07-03 21:00:00,42,val,0.138,0.15912297
Gevenich,2023-07-03 22:00:00,42,val,0.139,0.15805827
Gevenich,2023-07-03 23:00:00,42,val,0.138,0.15700132
Gevenich,2023-07-04 00:00:00,42,val,0.1375,0.15595192
Gevenich,2023-07-04 01:00:00,42,val,0.138,0.15524869
Gevenich,2023-07-11 02:00:00,42,val,0.1124999999999999,0.12565278
Gevenich,2023-07-11 03:00:00,42,val,0.1129999999999999,0.1259534
Gevenich,2023-07-11 04:00:00,42,val,0.1129999999999999,0.1263999
Gevenich,2023-07-11 05:00:00,42,val,0.1119999999999999,0.12705722
Gevenich,2023-07-11 06:00:00,42,val,0.1124999999999999,0.12799051
Gevenich,2023-07-11 07:00:00,42,val,0.1119999999999999,0.12902474
Gevenich,2023-07-11 08:00:00,42,val,0.1149999999999999,0.12982917
Gevenich,2023-07-11 09:00:00,42,val,0.1129999999999999,0.13043666
Gevenich,2023-07-11 10:00:00,42,val,0.1144999999999999,0.13074023
Gevenich,2023-07-11 11:00:00,42,val,0.1114999999999999,0.13080211
Gevenich,2023-07-11 12:00:00,42,val,0.1134999999999999,0.13084868
Gevenich,2023-07-11 13:00:00,42,val,0.1159999999999999,0.13041931
Gevenich,2023-07-11 14:00:00,42,val,0.1164999999999999,0.13021535
Gevenich,2023-07-11 15:00:00,42,val,0.1154999999999999,0.1295776
Gevenich,2023-07-11 16:00:00,42,val,0.1129999999999999,0.12906775
Gevenich,2023-07-11 17:00:00,42,val,0.1134999999999999,0.12842397
Gevenich,2023-07-11 18:00:00,42,val,0.1115,0.12760468
Gevenich,2023-07-11 19:00:00,42,val,0.1134999999999999,0.12663817
Gevenich,2023-07-11 20:00:00,42,val,0.1139999999999999,0.12554748
Gevenich,2023-07-11 21:00:00,42,val,0.1139999999999999,0.12448623
Gevenich,2023-07-11 22:00:00,42,val,0.1124999999999999,0.12357475
Gevenich,2023-07-11 23:00:00,42,val,0.1129999999999999,0.12289336
Gevenich,2023-07-12 00:00:00,42,val,0.111,0.122593895
Gevenich,2023-07-12 01:00:00,42,val,0.1104999999999999,0.12322577
Gevenich,2023-07-12 02:00:00,42,val,0.1124999999999999,0.12380362
Gevenich,2023-07-12 03:00:00,42,val,0.1129999999999999,0.124615416
Gevenich,2023-07-27 18:00:00,42,val,0.169,0.17709804
Gevenich,2023-07-27 19:00:00,42,val,0.2145,0.17845616
Gevenich,2023-07-27 20:00:00,42,val,0.2165,0.1802386
Gevenich,2023-07-27 21:00:00,42,val,0.215,0.18090978
Gevenich,2023-07-27 22:00:00,42,val,0.2165,0.1808923
Gevenich,2023-07-27 23:00:00,42,val,0.216,0.18114421
Gevenich,2023-07-28 00:00:00,42,val,0.215,0.18086325
Gevenich,2023-07-28 01:00:00,42,val,0.216,0.18065666
Gevenich,2023-07-28 02:00:00,42,val,0.2135,0.18077454
Gevenich,2023-07-28 03:00:00,42,val,0.216,0.1813727
Gevenich,2023-07-28 04:00:00,42,val,0.216,0.18205085
Gevenich,2023-07-28 05:00:00,42,val,0.2155,0.18307766
Gevenich,2023-08-12 08:00:00,42,val,0.2815,0.28132424
Gevenich,2023-08-12 09:00:00,42,val,0.2804999999999999,0.28695387
Gevenich,2023-08-12 10:00:00,42,val,0.28,0.29095605
Gevenich,2023-08-12 11:00:00,42,val,0.2784999999999999,0.2938699
Gevenich,2023-08-12 12:00:00,42,val,0.2754999999999999,0.2959483
Gevenich,2023-08-12 13:00:00,42,val,0.2774999999999999,0.29868123
Gevenich,2023-08-12 14:00:00,42,val,0.2754999999999999,0.30070776
Gevenich,2023-08-12 15:00:00,42,val,0.274,0.30163836
Gevenich,2023-08-12 16:00:00,42,val,0.275,0.30164233
Gevenich,2023-08-12 17:00:00,42,val,0.2714999999999999,0.30085388
Gevenich,2023-08-12 18:00:00,42,val,0.272,0.29944593
Gevenich,2023-08-12 19:00:00,42,val,0.271,0.2976452
Gevenich,2023-08-12 20:00:00,42,val,0.2684999999999999,0.29577208
Gevenich,2023-08-12 21:00:00,42,val,0.27,0.29394403
Gevenich,2023-08-12 22:00:00,42,val,0.2684999999999999,0.29221612
Gevenich,2023-08-12 23:00:00,42,val,0.2684999999999999,0.29065245
Gevenich,2023-08-13 00:00:00,42,val,0.268,0.28927526
Gevenich,2023-08-13 01:00:00,42,val,0.2664999999999999,0.2880172
Gevenich,2023-08-13 02:00:00,42,val,0.2655,0.2867898
Gevenich,2023-08-13 03:00:00,42,val,0.267,0.2855082
Gevenich,2023-08-13 04:00:00,42,val,0.2754999999999999,0.28423473
Gevenich,2023-08-13 05:00:00,42,val,0.281,0.28297728
Gevenich,2023-08-13 06:00:00,42,val,0.285,0.2821009
Gevenich,2023-08-13 07:00:00,42,val,0.288,0.28161174
Gevenich,2023-08-13 08:00:00,42,val,0.288,0.2815984
Gevenich,2023-08-13 09:00:00,42,val,0.2895,0.28180927
Gevenich,2023-08-13 10:00:00,42,val,0.2885,0.28207368
Gevenich,2023-08-13 11:00:00,42,val,0.2875,0.28235364
Gevenich,2023-08-13 12:00:00,42,val,0.287,0.28244922
Gevenich,2023-08-13 13:00:00,42,val,0.2885,0.28247172
Gevenich,2023-08-13 14:00:00,42,val,0.285,0.28229493
Gevenich,2023-08-13 15:00:00,42,val,0.2835,0.28187454
Gevenich,2023-08-13 16:00:00,42,val,0.282,0.28112295
Gevenich,2023-08-13 17:00:00,42,val,0.2815,0.28002676
Gevenich,2023-08-13 18:00:00,42,val,0.281,0.27868354
Gevenich,2023-08-13 19:00:00,42,val,0.28,0.2772334
Gevenich,2023-08-13 20:00:00,42,val,0.2794999999999999,0.27591875
Gevenich,2023-08-13 21:00:00,42,val,0.2774999999999999,0.27475682
Gevenich,2023-08-21 02:00:00,42,val,0.215,0.23889641
Gevenich,2023-08-21 03:00:00,42,val,0.213,0.23843648
Gevenich,2023-08-21 04:00:00,42,val,0.214,0.23788223
Gevenich,2023-08-21 05:00:00,42,val,0.2135,0.23740533
Gevenich,2023-08-21 06:00:00,42,val,0.215,0.23709199
Gevenich,2023-08-21 07:00:00,42,val,0.213,0.23704128
Gevenich,2023-08-21 08:00:00,42,val,0.2135,0.23714468
Gevenich,2023-08-21 09:00:00,42,val,0.2125,0.2373853
Gevenich,2023-08-21 10:00:00,42,val,0.212,0.23773092
Gevenich,2023-08-21 11:00:00,42,val,0.21,0.23808369
Gevenich,2023-08-21 12:00:00,42,val,0.207,0.23841004
Gevenich,2023-08-21 13:00:00,42,val,0.207,0.23848428
Gevenich,2023-08-21 14:00:00,42,val,0.2045,0.23830768
Gevenich,2023-08-21 15:00:00,42,val,0.2035,0.23792972
Gevenich,2023-08-21 16:00:00,42,val,0.202,0.23708734
Gevenich,2023-08-21 17:00:00,42,val,0.202,0.23582263
Gevenich,2023-09-14 10:00:00,42,val,0.25,0.26445735
Gevenich,2023-09-14 11:00:00,42,val,0.249,0.26459944
Gevenich,2023-09-14 12:00:00,42,val,0.247,0.26482686
Gevenich,2023-09-14 13:00:00,42,val,0.2445,0.26496398
Gevenich,2023-09-14 14:00:00,42,val,0.2455,0.26610273
Gevenich,2023-09-14 15:00:00,42,val,0.243,0.2665364
Gevenich,2023-09-21 16:00:00,42,val,0.3209999999999999,0.28075057
Gevenich,2023-09-21 17:00:00,42,val,0.3199999999999999,0.28809914
Gevenich,2023-09-21 18:00:00,42,val,0.3195,0.29430723
Gevenich,2023-09-21 19:00:00,42,val,0.3199999999999999,0.29935172
Gevenich,2023-09-21 20:00:00,42,val,0.3189999999999999,0.30318815
Gevenich,2023-09-21 21:00:00,42,val,0.3185,0.3058368
Gevenich,2023-09-21 22:00:00,42,val,0.3189999999999999,0.307426
Gevenich,2023-09-21 23:00:00,42,val,0.3175,0.30811962
Gevenich,2023-09-22 00:00:00,42,val,0.3189999999999999,0.30809036
Gevenich,2023-09-22 01:00:00,42,val,0.3175,0.30749348
Gevenich,2023-09-22 02:00:00,42,val,0.3175,0.30642515
Gevenich,2023-09-22 03:00:00,42,val,0.3165,0.30499083
Gevenich,2023-09-22 04:00:00,42,val,0.3165,0.3033747
Gevenich,2023-09-22 05:00:00,42,val,0.3159999999999999,0.3017423
Gevenich,2023-09-22 06:00:00,42,val,0.3155,0.30019808
Gevenich,2023-09-22 07:00:00,42,val,0.3145,0.29890245
Gevenich,2023-09-22 08:00:00,42,val,0.3145,0.29810867
Gevenich,2023-09-22 09:00:00,42,val,0.3135,0.2976464
Gevenich,2023-09-22 10:00:00,42,val,0.3135,0.29743117
Gevenich,2023-09-22 11:00:00,42,val,0.3135,0.29737583
Gevenich,2023-09-22 12:00:00,42,val,0.311,0.29722157
Gevenich,2023-09-22 13:00:00,42,val,0.308,0.29691112
Gevenich,2023-09-22 14:00:00,42,val,0.3055,0.29625633
Gevenich,2023-09-22 15:00:00,42,val,0.3035,0.2960213
Gevenich,2023-09-22 16:00:00,42,val,0.3025,0.29699063
Gevenich,2023-09-22 17:00:00,42,val,0.3015,0.29783472
Gevenich,2023-09-29 18:00:00,42,val,0.2335,0.2521865
Gevenich,2023-09-29 19:00:00,42,val,0.2335,0.2506429
Gevenich,2023-09-29 20:00:00,42,val,0.2355,0.24890605
Gevenich,2023-09-29 21:00:00,42,val,0.2345,0.2471885
Gevenich,2023-09-29 22:00:00,42,val,0.233,0.24551786
Gevenich,2023-09-29 23:00:00,42,val,0.2335,0.24379052
Gevenich,2023-09-30 00:00:00,42,val,0.232,0.24214435
Gevenich,2023-09-30 01:00:00,42,val,0.2335,0.2405953
Gevenich,2023-09-30 02:00:00,42,val,0.2335,0.23906937
Gevenich,2023-09-30 03:00:00,42,val,0.2355,0.2375572
Gevenich,2023-09-30 04:00:00,42,val,0.2325,0.23606835
Gevenich,2023-09-30 05:00:00,42,val,0.2335,0.23475315
Gevenich,2023-09-30 06:00:00,42,val,0.2325,0.23366077
Gevenich,2023-09-30 07:00:00,42,val,0.2325,0.23300977
Gevenich,2023-09-30 08:00:00,42,val,0.2335,0.23290366
Gevenich,2023-09-30 09:00:00,42,val,0.233,0.23336142
Gevenich,2023-09-30 10:00:00,42,val,0.233,0.23439121
Gevenich,2023-09-30 11:00:00,42,val,0.231,0.23574463
Gevenich,2023-09-30 12:00:00,42,val,0.2295,0.23714073
Gevenich,2023-09-30 13:00:00,42,val,0.2275,0.23857844
Gevenich,2023-09-30 14:00:00,42,val,0.2265,0.239736
Gevenich,2023-09-30 15:00:00,42,val,0.2245,0.24046358
Gevenich,2023-09-30 16:00:00,42,val,0.2255,0.24064477
Gevenich,2023-09-30 17:00:00,42,val,0.2225,0.24044022
Gevenich,2023-09-30 18:00:00,42,val,0.2235,0.23984757
Gevenich,2023-09-30 19:00:00,42,val,0.2235,0.23890208
Gevenich,2023-09-30 20:00:00,42,val,0.2245,0.23776369
Gevenich,2023-09-30 21:00:00,42,val,0.223,0.23652218
Gevenich,2023-09-30 22:00:00,42,val,0.223,0.23511665
Gevenich,2023-09-30 23:00:00,42,val,0.2235,0.23369458
Gevenich,2023-10-01 00:00:00,42,val,0.2235,0.23228033
Gevenich,2023-10-01 01:00:00,42,val,0.2235,0.23091899
Gevenich,2023-10-01 02:00:00,42,val,0.2225,0.2297673
Gevenich,2023-10-01 03:00:00,42,val,0.2235,0.22879024
Gevenich,2023-10-08 20:00:00,42,val,0.181,0.19225544
Gevenich,2023-10-08 21:00:00,42,val,0.1825,0.19063461
Gevenich,2023-10-08 22:00:00,42,val,0.1805,0.1888996
Gevenich,2023-10-08 23:00:00,42,val,0.181,0.18711716
Gevenich,2023-10-09 00:00:00,42,val,0.1795,0.18551427
Gevenich,2023-10-09 01:00:00,42,val,0.181,0.1841265
Gevenich,2023-10-09 02:00:00,42,val,0.183,0.18306136
Gevenich,2023-10-09 03:00:00,42,val,0.181,0.18226814
Gevenich,2023-10-09 04:00:00,42,val,0.182,0.18211001
Gevenich,2023-10-09 05:00:00,42,val,0.179,0.18234958
Merzenhausen,2021-10-18 00:00:00,42,val,0.16,0.15777011
Merzenhausen,2021-10-18 01:00:00,42,val,0.161,0.15742213
Merzenhausen,2021-10-18 02:00:00,42,val,0.152,0.15678255
Merzenhausen,2021-10-18 03:00:00,42,val,0.1565,0.15583509
Merzenhausen,2021-10-18 04:00:00,42,val,0.165,0.15478265
Merzenhausen,2021-10-18 05:00:00,42,val,0.158,0.15338862
Merzenhausen,2021-10-18 06:00:00,42,val,0.158,0.15208015
Merzenhausen,2021-10-18 07:00:00,42,val,0.1535,0.15078877
Merzenhausen,2021-10-18 08:00:00,42,val,0.16,0.14973702
Merzenhausen,2021-10-18 09:00:00,42,val,0.169,0.14898965
Merzenhausen,2021-10-18 10:00:00,42,val,0.159,0.14798945
Merzenhausen,2021-10-18 11:00:00,42,val,0.1555,0.14746605
Merzenhausen,2021-10-18 12:00:00,42,val,0.1555,0.14728253
Merzenhausen,2021-10-18 13:00:00,42,val,0.1535,0.14768568
Merzenhausen,2021-10-18 14:00:00,42,val,0.1565,0.14861654
Merzenhausen,2021-10-18 15:00:00,42,val,0.163,0.14935249
Merzenhausen,2021-10-18 16:00:00,42,val,0.163,0.15035996
Merzenhausen,2021-10-18 17:00:00,42,val,0.163,0.1515227
Merzenhausen,2021-10-18 18:00:00,42,val,0.1589999999999999,0.15240154
Merzenhausen,2021-10-18 19:00:00,42,val,0.164,0.15304966
Merzenhausen,2021-10-18 20:00:00,42,val,0.164,0.15352046
Merzenhausen,2021-10-18 21:00:00,42,val,0.164,0.15397736
Merzenhausen,2021-10-18 22:00:00,42,val,0.164,0.15410787
Merzenhausen,2021-10-18 23:00:00,42,val,0.164,0.15405042
Merzenhausen,2021-10-19 00:00:00,42,val,0.164,0.15383229
Merzenhausen,2021-10-19 01:00:00,42,val,0.164,0.15380767
Merzenhausen,2021-10-19 02:00:00,42,val,0.161,0.15523477
Merzenhausen,2021-10-19 03:00:00,42,val,0.165,0.15563296
Merzenhausen,2021-10-19 04:00:00,42,val,0.162,0.15552452
Merzenhausen,2021-10-19 05:00:00,42,val,0.163,0.15537131
Merzenhausen,2021-10-19 06:00:00,42,val,0.163,0.15497851
Merzenhausen,2021-10-19 07:00:00,42,val,0.164,0.15462837
Merzenhausen,2021-10-19 08:00:00,42,val,0.161,0.15392676
Merzenhausen,2021-10-19 09:00:00,42,val,0.161,0.15331554
Merzenhausen,2021-10-19 10:00:00,42,val,0.161,0.15285742
Merzenhausen,2021-10-19 11:00:00,42,val,0.164,0.15265566
Merzenhausen,2021-10-19 12:00:00,42,val,0.164,0.15277168
Merzenhausen,2021-10-19 13:00:00,42,val,0.1725,0.1531663
Merzenhausen,2021-10-19 14:00:00,42,val,0.194,0.15387128
Merzenhausen,2021-10-19 15:00:00,42,val,0.195,0.1546308
Merzenhausen,2021-10-19 16:00:00,42,val,0.198,0.15537849
Merzenhausen,2021-10-19 17:00:00,42,val,0.198,0.15612899
Merzenhausen,2021-10-19 18:00:00,42,val,0.196,0.15634201
Merzenhausen,2021-10-19 19:00:00,42,val,0.145,0.15597172
Merzenhausen,2021-10-19 20:00:00,42,val,0.196,0.15522121
Merzenhausen,2021-10-19 21:00:00,42,val,0.149,0.15436673
Merzenhausen,2021-10-19 22:00:00,42,val,0.1725,0.1535343
Merzenhausen,2021-10-19 23:00:00,42,val,0.196,0.15281272
Merzenhausen,2021-10-20 00:00:00,42,val,0.172,0.15233392
Merzenhausen,2021-10-20 01:00:00,42,val,0.2225,0.15207575
Merzenhausen,2021-10-20 02:00:00,42,val,0.198,0.15164162
Merzenhausen,2021-10-20 03:00:00,42,val,0.1725,0.15139487
Merzenhausen,2021-10-20 04:00:00,42,val,0.247,0.15174414
Merzenhausen,2021-10-20 05:00:00,42,val,0.198,0.15229678
Merzenhausen,2021-10-20 06:00:00,42,val,0.199,0.15297024
Merzenhausen,2021-10-20 07:00:00,42,val,0.199,0.15346819
Merzenhausen,2021-10-20 08:00:00,42,val,0.1975,0.15413523
Merzenhausen,2021-10-20 09:00:00,42,val,0.201,0.15525666
Merzenhausen,2021-10-20 10:00:00,42,val,0.173,0.15608498
Merzenhausen,2021-10-20 11:00:00,42,val,0.15,0.1565379
Merzenhausen,2021-10-20 12:00:00,42,val,0.199,0.15676278
Merzenhausen,2021-10-20 13:00:00,42,val,0.244,0.1567428
Merzenhausen,2021-10-20 14:00:00,42,val,0.155,0.15681742
Merzenhausen,2021-10-20 15:00:00,42,val,0.202,0.15724605
Merzenhausen,2021-10-20 16:00:00,42,val,0.202,0.15781443
Merzenhausen,2021-10-20 17:00:00,42,val,0.199,0.15826216
Merzenhausen,2021-10-20 18:00:00,42,val,0.203,0.1582225
Merzenhausen,2021-10-20 19:00:00,42,val,0.2225,0.15802008
Merzenhausen,2021-10-20 20:00:00,42,val,0.202,0.15759683
Merzenhausen,2021-10-20 21:00:00,42,val,0.202,0.15704346
Merzenhausen,2021-10-20 22:00:00,42,val,0.2225,0.15642977
Merzenhausen,2021-10-20 23:00:00,42,val,0.202,0.1559448
Merzenhausen,2021-10-21 00:00:00,42,val,0.221,0.15562081
Merzenhausen,2021-10-21 01:00:00,42,val,0.202,0.15649994
Merzenhausen,2021-10-21 02:00:00,42,val,0.221,0.15671116
Merzenhausen,2021-10-21 03:00:00,42,val,0.1995,0.15688622
Merzenhausen,2021-10-21 04:00:00,42,val,0.204,0.15693559
Merzenhausen,2021-10-21 05:00:00,42,val,0.204,0.15701944
Merzenhausen,2021-10-21 06:00:00,42,val,0.204,0.15764084
Merzenhausen,2021-10-21 07:00:00,42,val,0.2215,0.15928806
Merzenhausen,2021-10-21 08:00:00,42,val,0.203,0.15988326
Merzenhausen,2021-10-21 09:00:00,42,val,0.2205,0.15966815
Merzenhausen,2021-10-21 10:00:00,42,val,0.1985,0.15896757
Merzenhausen,2021-10-21 11:00:00,42,val,0.2224999999999999,0.15826353
Merzenhausen,2021-10-21 12:00:00,42,val,0.1975,0.15949845
Merzenhausen,2021-10-21 13:00:00,42,val,0.199,0.16378449
Merzenhausen,2021-10-21 14:00:00,42,val,0.2204999999999999,0.16775967
Merzenhausen,2021-10-21 15:00:00,42,val,0.22,0.17184818
Merzenhausen,2021-10-21 16:00:00,42,val,0.198,0.17601654
Merzenhausen,2021-10-21 17:00:00,42,val,0.2215,0.18087463
Merzenhausen,2021-10-21 18:00:00,42,val,0.203,0.18467331
Merzenhausen,2021-10-21 19:00:00,42,val,0.2214999999999999,0.18493506
Merzenhausen,2021-10-21 20:00:00,42,val,0.203,0.18526758
Merzenhausen,2021-10-21 21:00:00,42,val,0.236,0.18344082
Merzenhausen,2021-10-21 22:00:00,42,val,0.204,0.18125513
Merzenhausen,2021-10-21 23:00:00,42,val,0.204,0.18008538
Merzenhausen,2021-10-22 00:00:00,42,val,0.205,0.17851976
Merzenhausen,2021-10-22 01:00:00,42,val,0.204,0.17886421
Merzenhausen,2021-10-22 02:00:00,42,val,0.202,0.17950994
Merzenhausen,2021-10-22 03:00:00,42,val,0.204,0.17903996
Merzenhausen,2021-10-22 04:00:00,42,val,0.205,0.1810069
Merzenhausen,2021-10-22 05:00:00,42,val,0.205,0.18272132
Merzenhausen,2021-10-22 06:00:00,42,val,0.205,0.18415192
Merzenhausen,2021-10-22 07:00:00,42,val,0.219,0.18538944
Merzenhausen,2021-10-22 08:00:00,42,val,0.206,0.18640536
Merzenhausen,2021-10-22 09:00:00,42,val,0.205,0.18741064
Merzenhausen,2021-10-22 10:00:00,42,val,0.218,0.1870116
Merzenhausen,2021-10-22 11:00:00,42,val,0.203,0.18449424
Merzenhausen,2021-10-22 12:00:00,42,val,0.2185,0.18327443
Merzenhausen,2021-10-22 13:00:00,42,val,0.204,0.18559974
Merzenhausen,2021-10-22 14:00:00,42,val,0.201,0.1857755
Merzenhausen,2021-10-22 15:00:00,42,val,0.235,0.1869288
Merzenhausen,2021-10-22 16:00:00,42,val,0.2204999999999999,0.18868153
Merzenhausen,2021-10-22 17:00:00,42,val,0.206,0.1903779
Merzenhausen,2021-10-22 18:00:00,42,val,0.206,0.19210905
Merzenhausen,2021-10-22 19:00:00,42,val,0.206,0.19464862
Merzenhausen,2021-10-22 20:00:00,42,val,0.234,0.19624959
Merzenhausen,2021-10-22 21:00:00,42,val,0.204,0.1971448
Merzenhausen,2021-10-22 22:00:00,42,val,0.219,0.19840921
Merzenhausen,2021-10-22 23:00:00,42,val,0.205,0.19902939
Merzenhausen,2021-10-23 00:00:00,42,val,0.2175,0.19988807
Merzenhausen,2021-10-23 01:00:00,42,val,0.205,0.20011999
Merzenhausen,2021-10-23 02:00:00,42,val,0.217,0.20061384
Merzenhausen,2021-10-23 03:00:00,42,val,0.206,0.20038861
Merzenhausen,2021-10-23 04:00:00,42,val,0.206,0.19981456
Merzenhausen,2021-10-23 05:00:00,42,val,0.206,0.19913052
Merzenhausen,2021-10-23 06:00:00,42,val,0.203,0.19842717
Merzenhausen,2021-10-23 07:00:00,42,val,0.204,0.19858472
Merzenhausen,2021-10-23 08:00:00,42,val,0.204,0.19857195
Merzenhausen,2021-10-23 09:00:00,42,val,0.2155,0.19921182
Merzenhausen,2021-10-23 10:00:00,42,val,0.215,0.19925831
Merzenhausen,2021-10-23 11:00:00,42,val,0.205,0.20013571
Merzenhausen,2021-10-23 12:00:00,42,val,0.207,0.20042199
Merzenhausen,2021-10-23 13:00:00,42,val,0.217,0.20047529
Merzenhausen,2021-10-23 14:00:00,42,val,0.206,0.20156161
Merzenhausen,2021-10-23 15:00:00,42,val,0.2155,0.20334601
Merzenhausen,2021-10-23 16:00:00,42,val,0.215,0.20422193
Merzenhausen,2021-10-23 17:00:00,42,val,0.203,0.20551452
Merzenhausen,2021-10-23 18:00:00,42,val,0.206,0.20588352
Merzenhausen,2021-10-23 19:00:00,42,val,0.206,0.20636468
Merzenhausen,2021-10-23 20:00:00,42,val,0.206,0.20598167
Merzenhausen,2021-10-23 21:00:00,42,val,0.206,0.20645334
Merzenhausen,2021-10-23 22:00:00,42,val,0.206,0.20623219
Merzenhausen,2021-10-23 23:00:00,42,val,0.218,0.2054035
Merzenhausen,2021-10-24 00:00:00,42,val,0.206,0.20421384
Merzenhausen,2021-10-24 01:00:00,42,val,0.2165,0.20268352
Merzenhausen,2021-10-24 02:00:00,42,val,0.206,0.200831
Merzenhausen,2021-10-24 03:00:00,42,val,0.206,0.19894844
Merzenhausen,2021-10-24 04:00:00,42,val,0.2175,0.19722533
Merzenhausen,2021-10-24 05:00:00,42,val,0.206,0.19571675
Merzenhausen,2021-10-24 06:00:00,42,val,0.206,0.1945368
Merzenhausen,2021-10-24 07:00:00,42,val,0.206,0.19429287
Merzenhausen,2021-10-24 08:00:00,42,val,0.2175,0.19430484
Merzenhausen,2021-10-24 09:00:00,42,val,0.205,0.19452387
Merzenhausen,2021-10-24 10:00:00,42,val,0.205,0.19549967
Merzenhausen,2021-10-24 11:00:00,42,val,0.173,0.19645621
Merzenhausen,2021-10-24 12:00:00,42,val,0.2195,0.19808485
Merzenhausen,2021-10-24 13:00:00,42,val,0.219,0.19947831
Merzenhausen,2021-10-24 14:00:00,42,val,0.2025,0.20053092
Merzenhausen,2021-10-24 15:00:00,42,val,0.209,0.2030392
Merzenhausen,2021-10-24 16:00:00,42,val,0.2185,0.20564431
Merzenhausen,2021-10-24 17:00:00,42,val,0.209,0.20729217
Merzenhausen,2021-10-24 18:00:00,42,val,0.209,0.20793842
Merzenhausen,2021-10-24 19:00:00,42,val,0.202,0.2076528
Merzenhausen,2021-10-24 20:00:00,42,val,0.207,0.20810255
Merzenhausen,2021-10-24 21:00:00,42,val,0.207,0.20781223
Merzenhausen,2021-10-24 22:00:00,42,val,0.2165,0.20754963
Merzenhausen,2021-10-24 23:00:00,42,val,0.207,0.20684929
Merzenhausen,2021-10-25 00:00:00,42,val,0.201,0.2062078
Merzenhausen,2021-10-25 01:00:00,42,val,0.207,0.20513248
Merzenhausen,2021-10-25 02:00:00,42,val,0.217,0.20426843
Merzenhausen,2021-10-25 03:00:00,42,val,0.207,0.20313792
Merzenhausen,2021-10-25 04:00:00,42,val,0.207,0.20176728
Merzenhausen,2021-10-25 05:00:00,42,val,0.217,0.20035644
Merzenhausen,2021-10-25 06:00:00,42,val,0.207,0.19893864
Merzenhausen,2021-10-25 07:00:00,42,val,0.217,0.1977349
Merzenhausen,2021-10-25 08:00:00,42,val,0.217,0.19695917
Merzenhausen,2021-10-25 09:00:00,42,val,0.207,0.19709429
Merzenhausen,2021-10-25 10:00:00,42,val,0.227,0.19786133
Merzenhausen,2021-10-25 11:00:00,42,val,0.209,0.19848087
Merzenhausen,2021-10-25 12:00:00,42,val,0.208,0.1991113
Merzenhausen,2021-10-25 13:00:00,42,val,0.2175,0.20036937
Merzenhausen,2021-10-25 14:00:00,42,val,0.208,0.20155172
Merzenhausen,2021-10-25 15:00:00,42,val,0.207,0.20299284
Merzenhausen,2021-10-25 16:00:00,42,val,0.207,0.20529597
Merzenhausen,2021-10-25 17:00:00,42,val,0.207,0.20617947
Merzenhausen,2021-10-25 18:00:00,42,val,0.208,0.2060617
Merzenhausen,2021-10-25 19:00:00,42,val,0.2175,0.20516413
Merzenhausen,2021-10-25 20:00:00,42,val,0.209,0.20383169
Merzenhausen,2021-10-25 21:00:00,42,val,0.2005,0.20231603
Merzenhausen,2021-10-25 22:00:00,42,val,0.207,0.20087321
Merzenhausen,2021-10-25 23:00:00,42,val,0.208,0.20013809
Merzenhausen,2021-10-26 00:00:00,42,val,0.205,0.19966124
Merzenhausen,2021-10-26 01:00:00,42,val,0.206,0.19961637
Merzenhausen,2021-10-26 02:00:00,42,val,0.206,0.19948024
Merzenhausen,2021-10-26 03:00:00,42,val,0.204,0.19929385
Merzenhausen,2021-10-26 04:00:00,42,val,0.206,0.19965
Merzenhausen,2021-10-26 05:00:00,42,val,0.207,0.19995542
Merzenhausen,2021-10-26 06:00:00,42,val,0.209,0.20019121
Merzenhausen,2021-10-26 07:00:00,42,val,0.209,0.20040794
Merzenhausen,2021-10-26 08:00:00,42,val,0.206,0.20113581
Merzenhausen,2021-10-26 09:00:00,42,val,0.206,0.20152871
Merzenhausen,2021-10-26 10:00:00,42,val,0.207,0.20165065
Merzenhausen,2021-10-26 11:00:00,42,val,0.204,0.19985606
Merzenhausen,2021-10-26 12:00:00,42,val,0.206,0.19930734
Merzenhausen,2021-10-26 13:00:00,42,val,0.206,0.19981036
Merzenhausen,2021-10-26 14:00:00,42,val,0.208,0.20024203
Merzenhausen,2021-10-26 15:00:00,42,val,0.207,0.20093319
Merzenhausen,2021-10-26 16:00:00,42,val,0.207,0.20212248
Merzenhausen,2021-10-26 17:00:00,42,val,0.207,0.2028685
Merzenhausen,2021-10-26 18:00:00,42,val,0.207,0.20299877
Merzenhausen,2021-10-26 19:00:00,42,val,0.208,0.2022111
Merzenhausen,2021-10-26 20:00:00,42,val,0.208,0.20105441
Merzenhausen,2021-10-26 21:00:00,42,val,0.206,0.19974962
Merzenhausen,2021-10-26 22:00:00,42,val,0.205,0.19901082
Merzenhausen,2021-10-26 23:00:00,42,val,0.206,0.19839069
Merzenhausen,2021-10-27 00:00:00,42,val,0.212,0.19762698
Merzenhausen,2021-10-27 01:00:00,42,val,0.203,0.1971182
Merzenhausen,2021-10-27 02:00:00,42,val,0.203,0.19730659
Merzenhausen,2021-10-27 03:00:00,42,val,0.2105,0.19750176
Merzenhausen,2021-10-27 04:00:00,42,val,0.204,0.19768655
Merzenhausen,2021-10-27 05:00:00,42,val,0.206,0.19848381
Merzenhausen,2021-10-27 06:00:00,42,val,0.2105,0.19923101
Merzenhausen,2021-10-27 07:00:00,42,val,0.207,0.20034604
Merzenhausen,2021-10-27 08:00:00,42,val,0.209,0.2016923
Merzenhausen,2021-10-27 09:00:00,42,val,0.209,0.20259328
Merzenhausen,2021-10-27 10:00:00,42,val,0.206,0.20412442
Merzenhausen,2021-10-27 11:00:00,42,val,0.212,0.20511745
Merzenhausen,2021-10-27 12:00:00,42,val,0.209,0.20568109
Merzenhausen,2021-10-27 13:00:00,42,val,0.211,0.20652914
Merzenhausen,2021-10-27 14:00:00,42,val,0.209,0.20705122
Merzenhausen,2021-10-27 15:00:00,42,val,0.209,0.2072683
Merzenhausen,2021-10-27 16:00:00,42,val,0.208,0.20716141
Merzenhausen,2021-10-27 17:00:00,42,val,0.209,0.20658383
Merzenhausen,2021-10-27 18:00:00,42,val,0.209,0.20553061
Merzenhausen,2021-10-27 19:00:00,42,val,0.21,0.20458618
Merzenhausen,2021-10-27 20:00:00,42,val,0.206,0.20328814
Merzenhausen,2021-10-27 21:00:00,42,val,0.207,0.20144215
Merzenhausen,2021-10-27 22:00:00,42,val,0.207,0.19976681
Merzenhausen,2021-10-27 23:00:00,42,val,0.207,0.19837183
Merzenhausen,2021-10-28 00:00:00,42,val,0.207,0.19708814
Merzenhausen,2021-10-28 01:00:00,42,val,0.207,0.19591908
Merzenhausen,2021-10-28 02:00:00,42,val,0.207,0.19486126
Merzenhausen,2021-10-28 03:00:00,42,val,0.207,0.19379663
Merzenhausen,2021-10-28 04:00:00,42,val,0.197,0.19289273
Merzenhausen,2021-10-28 05:00:00,42,val,0.205,0.19222105
Merzenhausen,2021-10-28 06:00:00,42,val,0.205,0.19200397
Merzenhausen,2021-10-28 07:00:00,42,val,0.205,0.1921364
Merzenhausen,2021-10-28 08:00:00,42,val,0.205,0.1924288
Merzenhausen,2021-10-28 09:00:00,42,val,0.205,0.19288145
Merzenhausen,2021-10-28 10:00:00,42,val,0.205,0.19347553
Merzenhausen,2021-10-28 11:00:00,42,val,0.205,0.19402333
Merzenhausen,2021-10-28 12:00:00,42,val,0.209,0.19467174
Merzenhausen,2021-10-28 13:00:00,42,val,0.207,0.19547075
Merzenhausen,2021-10-28 14:00:00,42,val,0.207,0.19655444
Merzenhausen,2021-10-28 15:00:00,42,val,0.207,0.19773117
Merzenhausen,2021-10-28 16:00:00,42,val,0.207,0.1988646
Merzenhausen,2021-10-28 17:00:00,42,val,0.207,0.19972219
Merzenhausen,2021-10-28 18:00:00,42,val,0.207,0.20004496
Merzenhausen,2021-10-28 19:00:00,42,val,0.207,0.19986793
Merzenhausen,2021-10-28 20:00:00,42,val,0.207,0.1993687
Merzenhausen,2021-10-28 21:00:00,42,val,0.207,0.1985934
Merzenhausen,2021-10-28 22:00:00,42,val,0.207,0.19775707
Merzenhausen,2021-10-28 23:00:00,42,val,0.207,0.19701311
Merzenhausen,2021-10-29 00:00:00,42,val,0.207,0.1966205
Merzenhausen,2021-10-29 01:00:00,42,val,0.208,0.19615135
Merzenhausen,2021-10-29 02:00:00,42,val,0.205,0.19552445
Merzenhausen,2021-10-29 03:00:00,42,val,0.205,0.19516386
Merzenhausen,2021-10-29 04:00:00,42,val,0.206,0.19477226
Merzenhausen,2021-10-29 05:00:00,42,val,0.206,0.19447935
Merzenhausen,2021-10-29 06:00:00,42,val,0.206,0.19460225
Merzenhausen,2021-10-29 07:00:00,42,val,0.203,0.1949494
Merzenhausen,2021-10-29 08:00:00,42,val,0.203,0.19545993
Merzenhausen,2021-10-29 09:00:00,42,val,0.203,0.19602382
Merzenhausen,2021-10-29 10:00:00,42,val,0.203,0.19651304
Merzenhausen,2021-10-29 11:00:00,42,val,0.202,0.19726461
Merzenhausen,2021-10-29 12:00:00,42,val,0.206,0.19806536
Merzenhausen,2021-10-29 13:00:00,42,val,0.205,0.19917285
Merzenhausen,2021-10-29 14:00:00,42,val,0.206,0.20033509
Merzenhausen,2021-10-29 15:00:00,42,val,0.206,0.20145704
Merzenhausen,2021-10-29 16:00:00,42,val,0.203,0.20232864
Merzenhausen,2021-10-29 17:00:00,42,val,0.203,0.20279345
Merzenhausen,2021-10-29 18:00:00,42,val,0.203,0.20272797
Merzenhausen,2021-10-29 19:00:00,42,val,0.204,0.2021675
Merzenhausen,2021-10-29 20:00:00,42,val,0.206,0.20113239
Merzenhausen,2021-10-29 21:00:00,42,val,0.214,0.2001003
Merzenhausen,2021-10-29 22:00:00,42,val,0.223,0.19904777
Merzenhausen,2021-10-29 23:00:00,42,val,0.228,0.19815806
Merzenhausen,2021-10-30 00:00:00,42,val,0.234,0.19748147
Merzenhausen,2021-10-30 01:00:00,42,val,0.235,0.19700609
Merzenhausen,2021-10-30 02:00:00,42,val,0.238,0.19672188
Merzenhausen,2021-10-30 03:00:00,42,val,0.242,0.1966806
Merzenhausen,2021-10-30 04:00:00,42,val,0.242,0.1967047
Merzenhausen,2021-10-30 05:00:00,42,val,0.244,0.1971364
Merzenhausen,2021-10-30 06:00:00,42,val,0.247,0.19751975
Merzenhausen,2021-10-30 07:00:00,42,val,0.249,0.19788781
Merzenhausen,2021-10-30 08:00:00,42,val,0.246,0.1982249
Merzenhausen,2021-10-30 09:00:00,42,val,0.247,0.19855045
Merzenhausen,2021-10-30 10:00:00,42,val,0.248,0.19869797
Merzenhausen,2021-10-30 11:00:00,42,val,0.248,0.19872975
Merzenhausen,2021-10-30 12:00:00,42,val,0.251,0.19905968
Merzenhausen,2021-10-30 13:00:00,42,val,0.251,0.19959304
Merzenhausen,2021-10-30 14:00:00,42,val,0.251,0.20028326
Merzenhausen,2021-10-30 15:00:00,42,val,0.25,0.20102954
Merzenhausen,2021-10-30 16:00:00,42,val,0.251,0.20162626
Merzenhausen,2021-10-30 17:00:00,42,val,0.251,0.20184815
Merzenhausen,2021-10-30 18:00:00,42,val,0.251,0.20153897
Merzenhausen,2021-10-30 19:00:00,42,val,0.251,0.20112422
Merzenhausen,2021-10-30 20:00:00,42,val,0.253,0.20065631
Merzenhausen,2021-10-30 21:00:00,42,val,0.2515,0.19974749
Merzenhausen,2021-10-30 22:00:00,42,val,0.248,0.1987309
Merzenhausen,2021-10-30 23:00:00,42,val,0.248,0.19778696
Merzenhausen,2021-10-31 00:00:00,42,val,0.248,0.19698478
Merzenhausen,2021-10-31 01:00:00,42,val,0.252,0.1963351
Merzenhausen,2021-10-31 02:00:00,42,val,0.256,0.19570598
Merzenhausen,2021-10-31 03:00:00,42,val,0.251,0.19512032
Merzenhausen,2021-10-31 04:00:00,42,val,0.251,0.19473025
Merzenhausen,2021-10-31 05:00:00,42,val,0.251,0.1945234
Merzenhausen,2021-10-31 06:00:00,42,val,0.249,0.19451489
Merzenhausen,2021-10-31 07:00:00,42,val,0.249,0.19450603
Merzenhausen,2021-10-31 08:00:00,42,val,0.247,0.19446063
Merzenhausen,2021-10-31 09:00:00,42,val,0.247,0.19442745
Merzenhausen,2021-10-31 10:00:00,42,val,0.2505,0.19437914
Merzenhausen,2021-10-31 11:00:00,42,val,0.247,0.19433351
Merzenhausen,2021-10-31 12:00:00,42,val,0.252,0.19457652
Merzenhausen,2021-10-31 13:00:00,42,val,0.248,0.19510348
Merzenhausen,2021-10-31 14:00:00,42,val,0.253,0.19599056
Merzenhausen,2021-10-31 15:00:00,42,val,0.25,0.19707447
Merzenhausen,2021-10-31 16:00:00,42,val,0.252,0.19791214
Merzenhausen,2021-10-31 17:00:00,42,val,0.2535,0.19841239
Merzenhausen,2021-10-31 18:00:00,42,val,0.256,0.19834054
Merzenhausen,2021-10-31 19:00:00,42,val,0.254,0.20067276
Merzenhausen,2021-10-31 20:00:00,42,val,0.254,0.20359601
Merzenhausen,2021-10-31 21:00:00,42,val,0.253,0.20457713
Merzenhausen,2021-10-31 22:00:00,42,val,0.254,0.20506832
Merzenhausen,2021-10-31 23:00:00,42,val,0.253,0.2055859
Merzenhausen,2021-11-01 00:00:00,42,val,0.2515,0.20644979
Merzenhausen,2021-11-01 01:00:00,42,val,0.253,0.20762365
Merzenhausen,2021-11-01 02:00:00,42,val,0.252,0.20910935
Merzenhausen,2021-11-01 03:00:00,42,val,0.253,0.21099873
Merzenhausen,2021-11-01 04:00:00,42,val,0.253,0.21322227
Merzenhausen,2021-11-01 05:00:00,42,val,0.251,0.21561861
Merzenhausen,2021-11-01 06:00:00,42,val,0.253,0.21820807
Merzenhausen,2021-11-01 07:00:00,42,val,0.2515,0.22096694
Merzenhausen,2021-11-01 08:00:00,42,val,0.251,0.22361839
Merzenhausen,2021-11-01 09:00:00,42,val,0.253,0.22612882
Merzenhausen,2021-11-01 10:00:00,42,val,0.25,0.22846772
Merzenhausen,2021-11-01 11:00:00,42,val,0.251,0.23064151
Merzenhausen,2021-11-01 12:00:00,42,val,0.251,0.23284511
Merzenhausen,2021-11-01 13:00:00,42,val,0.255,0.23504986
Merzenhausen,2021-11-01 14:00:00,42,val,0.263,0.23716375
Merzenhausen,2021-11-01 15:00:00,42,val,0.276,0.23891471
Merzenhausen,2021-11-01 16:00:00,42,val,0.287,0.24019365
Merzenhausen,2021-11-01 17:00:00,42,val,0.299,0.24086179
Merzenhausen,2021-11-01 18:00:00,42,val,0.312,0.24088347
Merzenhausen,2021-11-01 19:00:00,42,val,0.318,0.24038231
Merzenhausen,2021-11-01 20:00:00,42,val,0.323,0.23964944
Merzenhausen,2021-11-01 21:00:00,42,val,0.324,0.2387552
Merzenhausen,2021-11-01 22:00:00,42,val,0.323,0.23767783
Merzenhausen,2021-11-01 23:00:00,42,val,0.326,0.23653163
Merzenhausen,2021-11-02 00:00:00,42,val,0.326,0.23540452
Merzenhausen,2021-11-02 01:00:00,42,val,0.324,0.23444523
Merzenhausen,2021-11-02 02:00:00,42,val,0.325,0.23378174
Merzenhausen,2021-11-02 03:00:00,42,val,0.322,0.23311773
Merzenhausen,2021-11-02 04:00:00,42,val,0.324,0.23249489
Merzenhausen,2021-11-02 05:00:00,42,val,0.322,0.23193203
Merzenhausen,2021-11-02 06:00:00,42,val,0.321,0.23143348
Merzenhausen,2021-11-02 07:00:00,42,val,0.322,0.23115659
Merzenhausen,2021-11-02 08:00:00,42,val,0.319,0.23112726
Merzenhausen,2021-11-02 09:00:00,42,val,0.32,0.23138732
Merzenhausen,2021-11-02 10:00:00,42,val,0.317,0.23203158
Merzenhausen,2021-11-02 11:00:00,42,val,0.319,0.23284362
Merzenhausen,2021-11-02 12:00:00,42,val,0.319,0.23402481
Merzenhausen,2021-11-02 13:00:00,42,val,0.2985,0.23530522
Merzenhausen,2021-11-02 14:00:00,42,val,0.317,0.23748864
Merzenhausen,2021-11-02 15:00:00,42,val,0.319,0.23916681
Merzenhausen,2021-11-02 16:00:00,42,val,0.3215,0.24036427
Merzenhausen,2021-11-02 17:00:00,42,val,0.317,0.24105296
Merzenhausen,2021-11-02 18:00:00,42,val,0.3195,0.24133712
Merzenhausen,2021-11-02 19:00:00,42,val,0.297,0.24114424
Merzenhausen,2021-11-02 20:00:00,42,val,0.314,0.2406186
Merzenhausen,2021-11-02 21:00:00,42,val,0.314,0.23986754
Merzenhausen,2021-11-02 22:00:00,42,val,0.312,0.23905328
Merzenhausen,2021-11-02 23:00:00,42,val,0.314,0.2381868
Merzenhausen,2021-11-03 00:00:00,42,val,0.311,0.23718601
Merzenhausen,2021-11-03 01:00:00,42,val,0.312,0.23613633
Merzenhausen,2021-11-03 02:00:00,42,val,0.312,0.23504163
Merzenhausen,2021-11-03 03:00:00,42,val,0.318,0.23398842
Merzenhausen,2021-11-03 04:00:00,42,val,0.31,0.2331156
Merzenhausen,2021-11-03 05:00:00,42,val,0.318,0.23248193
Merzenhausen,2021-11-03 06:00:00,42,val,0.3165,0.23215942
Merzenhausen,2021-11-03 07:00:00,42,val,0.309,0.23209453
Merzenhausen,2021-11-03 08:00:00,42,val,0.309,0.23224427
Merzenhausen,2021-11-03 09:00:00,42,val,0.31,0.23271398
Merzenhausen,2021-11-03 10:00:00,42,val,0.307,0.23334987
Merzenhausen,2021-11-03 11:00:00,42,val,0.309,0.23490442
Merzenhausen,2021-11-03 12:00:00,42,val,0.307,0.23707741
Merzenhausen,2021-11-03 13:00:00,42,val,0.309,0.2396883
Merzenhausen,2021-11-03 14:00:00,42,val,0.309,0.24268751
Merzenhausen,2021-11-03 15:00:00,42,val,0.307,0.24559005
Merzenhausen,2021-11-03 16:00:00,42,val,0.307,0.24869862
Merzenhausen,2021-11-03 17:00:00,42,val,0.305,0.25230265
Merzenhausen,2021-11-03 18:00:00,42,val,0.277,0.2560207
Merzenhausen,2021-11-03 19:00:00,42,val,0.316,0.2597719
Merzenhausen,2021-11-03 20:00:00,42,val,0.351,0.2634474
Merzenhausen,2021-11-03 21:00:00,42,val,0.354,0.2668926
Merzenhausen,2021-11-03 22:00:00,42,val,0.348,0.26994863
Merzenhausen,2021-11-03 23:00:00,42,val,0.346,0.27274978
Merzenhausen,2021-11-04 00:00:00,42,val,0.3535,0.27521586
Merzenhausen,2021-11-04 01:00:00,42,val,0.353,0.27730808
Merzenhausen,2021-11-04 02:00:00,42,val,0.343,0.2791083
Merzenhausen,2021-11-04 03:00:00,42,val,0.341,0.28054205
Merzenhausen,2021-11-04 04:00:00,42,val,0.343,0.28173
Merzenhausen,2021-11-04 05:00:00,42,val,0.35,0.28271812
Merzenhausen,2021-11-04 06:00:00,42,val,0.316,0.28353733
Merzenhausen,2021-11-04 07:00:00,42,val,0.34,0.2843132
Merzenhausen,2021-11-04 08:00:00,42,val,0.338,0.28500038
Merzenhausen,2021-11-04 09:00:00,42,val,0.338,0.28573045
Merzenhausen,2021-11-04 10:00:00,42,val,0.337,0.28648448
Merzenhausen,2021-11-04 11:00:00,42,val,0.337,0.2874388
Merzenhausen,2021-11-04 12:00:00,42,val,0.338,0.28840598
Merzenhausen,2021-11-04 13:00:00,42,val,0.347,0.2885759
Merzenhausen,2021-11-04 14:00:00,42,val,0.335,0.2885825
Merzenhausen,2021-11-04 15:00:00,42,val,0.335,0.2884087
Merzenhausen,2021-11-04 16:00:00,42,val,0.333,0.2880829
Merzenhausen,2021-11-04 17:00:00,42,val,0.332,0.28739455
Merzenhausen,2021-11-04 18:00:00,42,val,0.3135,0.2864922
Merzenhausen,2021-11-04 19:00:00,42,val,0.332,0.28482005
Merzenhausen,2021-11-04 20:00:00,42,val,0.3429999999999999,0.2831852
Merzenhausen,2021-11-04 21:00:00,42,val,0.328,0.28174156
Merzenhausen,2021-11-04 22:00:00,42,val,0.329,0.28048974
Merzenhausen,2021-11-04 23:00:00,42,val,0.327,0.27956083
Merzenhausen,2021-11-05 00:00:00,42,val,0.326,0.2789092
Merzenhausen,2021-11-05 01:00:00,42,val,0.327,0.2786206
Merzenhausen,2021-11-05 02:00:00,42,val,0.325,0.27857816
Merzenhausen,2021-11-05 03:00:00,42,val,0.3385,0.27886325
Merzenhausen,2021-11-05 04:00:00,42,val,0.325,0.27913716
Merzenhausen,2021-11-05 05:00:00,42,val,0.325,0.27957195
Merzenhausen,2021-11-05 06:00:00,42,val,0.322,0.28017333
Merzenhausen,2021-11-05 07:00:00,42,val,0.324,0.2806275
Merzenhausen,2021-11-05 08:00:00,42,val,0.324,0.28109267
Merzenhausen,2021-11-05 09:00:00,42,val,0.324,0.2816708
Merzenhausen,2021-11-05 10:00:00,42,val,0.325,0.28236556
Merzenhausen,2021-11-05 11:00:00,42,val,0.322,0.28311092
Merzenhausen,2021-11-05 12:00:00,42,val,0.322,0.28378552
Merzenhausen,2021-11-05 13:00:00,42,val,0.32,0.28440028
Merzenhausen,2021-11-05 14:00:00,42,val,0.322,0.28478423
Merzenhausen,2021-11-05 15:00:00,42,val,0.32,0.28477508
Merzenhausen,2021-11-05 16:00:00,42,val,0.317,0.28428876
Merzenhausen,2021-11-05 17:00:00,42,val,0.319,0.284177
Merzenhausen,2021-11-05 18:00:00,42,val,0.317,0.2831545
Merzenhausen,2021-11-05 19:00:00,42,val,0.317,0.28200316
Merzenhausen,2021-11-05 20:00:00,42,val,0.317,0.28201446
Merzenhausen,2021-11-05 21:00:00,42,val,0.315,0.28293872
Merzenhausen,2021-11-05 22:00:00,42,val,0.315,0.2842552
Merzenhausen,2021-11-05 23:00:00,42,val,0.314,0.28578937
Merzenhausen,2021-11-06 00:00:00,42,val,0.314,0.28747755
Merzenhausen,2021-11-06 01:00:00,42,val,0.315,0.28927103
Merzenhausen,2021-11-06 02:00:00,42,val,0.312,0.2907218
Merzenhausen,2021-11-06 03:00:00,42,val,0.314,0.29183012
Merzenhausen,2021-11-06 04:00:00,42,val,0.312,0.2928347
Merzenhausen,2021-11-06 05:00:00,42,val,0.312,0.29389262
Merzenhausen,2021-11-06 06:00:00,42,val,0.312,0.29420555
Merzenhausen,2021-11-06 07:00:00,42,val,0.312,0.2945041
Merzenhausen,2021-11-06 08:00:00,42,val,0.31,0.29497904
Merzenhausen,2021-11-06 09:00:00,42,val,0.31,0.2956394
Merzenhausen,2021-11-06 10:00:00,42,val,0.312,0.29641747
Merzenhausen,2021-11-06 11:00:00,42,val,0.309,0.297331
Merzenhausen,2021-11-06 12:00:00,42,val,0.31,0.29826358
Merzenhausen,2021-11-06 13:00:00,42,val,0.31,0.29936904
Merzenhausen,2021-11-06 14:00:00,42,val,0.307,0.29998702
Merzenhausen,2021-11-06 15:00:00,42,val,0.309,0.30007988
Merzenhausen,2021-11-06 16:00:00,42,val,0.307,0.29958442
Merzenhausen,2021-11-06 17:00:00,42,val,0.307,0.29859725
Merzenhausen,2021-11-06 18:00:00,42,val,0.307,0.29675382
Merzenhausen,2021-11-06 19:00:00,42,val,0.305,0.29485148
Merzenhausen,2021-11-06 20:00:00,42,val,0.305,0.29344648
Merzenhausen,2021-11-06 21:00:00,42,val,0.307,0.2921278
Merzenhausen,2021-11-06 22:00:00,42,val,0.305,0.29103318
Merzenhausen,2021-11-06 23:00:00,42,val,0.305,0.29019904
Merzenhausen,2021-11-07 00:00:00,42,val,0.303,0.28967577
Merzenhausen,2021-11-07 01:00:00,42,val,0.305,0.2894181
Merzenhausen,2021-11-07 02:00:00,42,val,0.305,0.28932968
Merzenhausen,2021-11-07 03:00:00,42,val,0.303,0.28978
Merzenhausen,2021-11-07 04:00:00,42,val,0.303,0.2903031
Merzenhausen,2021-11-07 05:00:00,42,val,0.301,0.29083428
Merzenhausen,2021-11-07 06:00:00,42,val,0.302,0.29131708
Merzenhausen,2021-11-07 07:00:00,42,val,0.303,0.2917763
Merzenhausen,2021-11-07 08:00:00,42,val,0.3,0.29232582
Merzenhausen,2021-11-07 09:00:00,42,val,0.301,0.29291236
Merzenhausen,2021-11-07 10:00:00,42,val,0.3,0.29352164
Merzenhausen,2021-11-07 11:00:00,42,val,0.3,0.2940481
Merzenhausen,2021-11-07 12:00:00,42,val,0.3,0.29447204
Merzenhausen,2021-11-07 13:00:00,42,val,0.302,0.29467165
Merzenhausen,2021-11-07 14:00:00,42,val,0.3,0.2946301
Merzenhausen,2021-11-07 15:00:00,42,val,0.3,0.2942167
Merzenhausen,2021-11-07 16:00:00,42,val,0.3,0.29324985
Merzenhausen,2021-11-07 17:00:00,42,val,0.3,0.2919137
Merzenhausen,2021-11-07 18:00:00,42,val,0.298,0.29025987
Merzenhausen,2021-11-07 19:00:00,42,val,0.298,0.28848362
Merzenhausen,2021-11-07 20:00:00,42,val,0.298,0.28673872
Merzenhausen,2021-11-07 21:00:00,42,val,0.298,0.28511092
Merzenhausen,2021-11-07 22:00:00,42,val,0.298,0.28366572
Merzenhausen,2021-11-07 23:00:00,42,val,0.298,0.28249288
Merzenhausen,2021-11-08 00:00:00,42,val,0.295,0.2816959
Merzenhausen,2021-11-08 01:00:00,42,val,0.298,0.28119254
Merzenhausen,2021-11-08 02:00:00,42,val,0.298,0.28093225
Merzenhausen,2021-11-08 03:00:00,42,val,0.298,0.28091565
Merzenhausen,2021-11-08 04:00:00,42,val,0.296,0.2810158
Merzenhausen,2021-11-08 05:00:00,42,val,0.296,0.28118098
Merzenhausen,2021-12-02 08:00:00,42,val,0.351,0.30746856
Merzenhausen,2021-12-02 09:00:00,42,val,0.351,0.30805594
Merzenhausen,2021-12-02 10:00:00,42,val,0.354,0.3085326
Merzenhausen,2021-12-02 11:00:00,42,val,0.352,0.30889207
Merzenhausen,2021-12-02 12:00:00,42,val,0.354,0.30907628
Merzenhausen,2021-12-02 13:00:00,42,val,0.352,0.30904126
Merzenhausen,2021-12-02 14:00:00,42,val,0.357,0.30880412
Merzenhausen,2021-12-02 15:00:00,42,val,0.381,0.30828157
Merzenhausen,2021-12-02 16:00:00,42,val,0.378,0.30740052
Merzenhausen,2021-12-02 17:00:00,42,val,0.375,0.30609995
Merzenhausen,2021-12-02 18:00:00,42,val,0.372,0.30458692
Merzenhausen,2021-12-02 19:00:00,42,val,0.372,0.30295426
Merzenhausen,2021-12-02 20:00:00,42,val,0.369,0.30135345
Merzenhausen,2021-12-02 21:00:00,42,val,0.367,0.29988673
Merzenhausen,2021-12-02 22:00:00,42,val,0.366,0.29868802
Merzenhausen,2021-12-02 23:00:00,42,val,0.365,0.2976791
Merzenhausen,2021-12-03 00:00:00,42,val,0.365,0.29704463
Merzenhausen,2021-12-03 01:00:00,42,val,0.365,0.29675803
Merzenhausen,2021-12-03 02:00:00,42,val,0.362,0.2968427
Merzenhausen,2021-12-03 03:00:00,42,val,0.36,0.2972049
Merzenhausen,2021-12-03 04:00:00,42,val,0.362,0.29777002
Merzenhausen,2021-12-03 05:00:00,42,val,0.36,0.29847768
Merzenhausen,2021-12-03 06:00:00,42,val,0.357,0.29922262
Merzenhausen,2021-12-03 07:00:00,42,val,0.355,0.29990977
Merzenhausen,2021-12-03 08:00:00,42,val,0.357,0.30058613
Merzenhausen,2021-12-03 09:00:00,42,val,0.357,0.30119327
Merzenhausen,2021-12-03 10:00:00,42,val,0.355,0.30172408
Merzenhausen,2021-12-03 11:00:00,42,val,0.355,0.30224812
Merzenhausen,2021-12-03 12:00:00,42,val,0.354,0.3026247
Merzenhausen,2021-12-03 13:00:00,42,val,0.354,0.30281147
Merzenhausen,2021-12-03 14:00:00,42,val,0.354,0.30272347
Merzenhausen,2021-12-03 15:00:00,42,val,0.354,0.30227605
Merzenhausen,2021-12-03 16:00:00,42,val,0.354,0.3015011
Merzenhausen,2021-12-03 17:00:00,42,val,0.352,0.30044866
Merzenhausen,2021-12-03 18:00:00,42,val,0.354,0.29921663
Merzenhausen,2021-12-03 19:00:00,42,val,0.352,0.29787275
Merzenhausen,2021-12-03 20:00:00,42,val,0.354,0.29655918
Merzenhausen,2021-12-03 21:00:00,42,val,0.354,0.2954082
Merzenhausen,2021-12-03 22:00:00,42,val,0.352,0.29453617
Merzenhausen,2021-12-03 23:00:00,42,val,0.352,0.29404747
Merzenhausen,2021-12-04 00:00:00,42,val,0.351,0.2939941
Merzenhausen,2021-12-04 01:00:00,42,val,0.349,0.29434782
Merzenhausen,2021-12-04 02:00:00,42,val,0.351,0.29550153
Merzenhausen,2021-12-04 03:00:00,42,val,0.351,0.29700524
Merzenhausen,2021-12-04 04:00:00,42,val,0.349,0.2985147
Merzenhausen,2021-12-04 05:00:00,42,val,0.349,0.2998859
Merzenhausen,2021-12-04 06:00:00,42,val,0.349,0.30109268
Merzenhausen,2021-12-04 07:00:00,42,val,0.349,0.30222437
Merzenhausen,2021-12-04 08:00:00,42,val,0.347,0.30326542
Merzenhausen,2021-12-04 09:00:00,42,val,0.347,0.30422544
Merzenhausen,2021-12-04 10:00:00,42,val,0.346,0.30512562
Merzenhausen,2021-12-04 11:00:00,42,val,0.346,0.30591953
Merzenhausen,2021-12-04 12:00:00,42,val,0.346,0.30661145
Merzenhausen,2021-12-04 13:00:00,42,val,0.346,0.30738297
Merzenhausen,2021-12-04 14:00:00,42,val,0.345,0.30806804
Merzenhausen,2021-12-04 15:00:00,42,val,0.345,0.30947876
Merzenhausen,2021-12-04 16:00:00,42,val,0.346,0.31091198
Merzenhausen,2021-12-04 17:00:00,42,val,0.346,0.31198418
Merzenhausen,2021-12-04 18:00:00,42,val,0.343,0.31257015
Merzenhausen,2021-12-04 19:00:00,42,val,0.344,0.31283045
Merzenhausen,2021-12-04 20:00:00,42,val,0.344,0.31288338
Merzenhausen,2021-12-04 21:00:00,42,val,0.343,0.3128037
Merzenhausen,2021-12-04 22:00:00,42,val,0.345,0.3127604
Merzenhausen,2021-12-04 23:00:00,42,val,0.3485,0.3129355
Merzenhausen,2021-12-14 00:00:00,42,val,0.329,0.30580503
Merzenhausen,2021-12-14 01:00:00,42,val,0.329,0.30624074
Merzenhausen,2021-12-14 02:00:00,42,val,0.329,0.30668816
Merzenhausen,2021-12-14 03:00:00,42,val,0.329,0.30713174
Merzenhausen,2021-12-14 04:00:00,42,val,0.326,0.3074587
Merzenhausen,2021-12-14 05:00:00,42,val,0.329,0.30763775
Merzenhausen,2021-12-14 06:00:00,42,val,0.326,0.30768445
Merzenhausen,2021-12-14 07:00:00,42,val,0.326,0.30760884
Merzenhausen,2021-12-14 08:00:00,42,val,0.327,0.3074451
Merzenhausen,2021-12-14 09:00:00,42,val,0.328,0.30722082
Merzenhausen,2021-12-14 10:00:00,42,val,0.329,0.30692527
Merzenhausen,2021-12-14 11:00:00,42,val,0.329,0.30668455
Merzenhausen,2021-12-14 12:00:00,42,val,0.329,0.30652884
Merzenhausen,2021-12-14 13:00:00,42,val,0.324,0.30638906
Merzenhausen,2021-12-14 14:00:00,42,val,0.328,0.30625328
Merzenhausen,2021-12-14 15:00:00,42,val,0.328,0.30591616
Merzenhausen,2021-12-14 16:00:00,42,val,0.328,0.3053719
Merzenhausen,2021-12-14 17:00:00,42,val,0.329,0.3047235
Merzenhausen,2021-12-14 18:00:00,42,val,0.324,0.3040552
Merzenhausen,2021-12-14 19:00:00,42,val,0.326,0.30346352
Merzenhausen,2021-12-14 20:00:00,42,val,0.326,0.30304313
Merzenhausen,2021-12-14 21:00:00,42,val,0.326,0.30286512
Merzenhausen,2021-12-14 22:00:00,42,val,0.326,0.30291113
Merzenhausen,2021-12-14 23:00:00,42,val,0.326,0.3031823
Merzenhausen,2021-12-15 00:00:00,42,val,0.326,0.3036369
Merzenhausen,2021-12-15 01:00:00,42,val,0.326,0.30419338
Merzenhausen,2021-12-15 02:00:00,42,val,0.326,0.30477569
Merzenhausen,2021-12-15 03:00:00,42,val,0.326,0.3053202
Merzenhausen,2021-12-15 04:00:00,42,val,0.326,0.30580735
Merzenhausen,2021-12-15 05:00:00,42,val,0.326,0.30624136
Merzenhausen,2021-12-15 06:00:00,42,val,0.324,0.30654675
Merzenhausen,2021-12-15 07:00:00,42,val,0.324,0.30667293
Merzenhausen,2021-12-15 08:00:00,42,val,0.324,0.3067175
Merzenhausen,2021-12-15 09:00:00,42,val,0.325,0.30663997
Merzenhausen,2021-12-15 10:00:00,42,val,0.326,0.30651376
Merzenhausen,2021-12-15 11:00:00,42,val,0.326,0.30634204
Merzenhausen,2021-12-15 12:00:00,42,val,0.326,0.30613735
Merzenhausen,2021-12-15 13:00:00,42,val,0.324,0.30593413
Merzenhausen,2021-12-15 14:00:00,42,val,0.326,0.30563593
Merzenhausen,2021-12-15 15:00:00,42,val,0.324,0.30518678
Merzenhausen,2021-12-15 16:00:00,42,val,0.326,0.3046045
Merzenhausen,2021-12-15 17:00:00,42,val,0.324,0.30393797
Merzenhausen,2021-12-15 18:00:00,42,val,0.324,0.30321592
Merzenhausen,2021-12-15 19:00:00,42,val,0.326,0.30257112
Merzenhausen,2021-12-15 20:00:00,42,val,0.326,0.30203092
Merzenhausen,2021-12-15 21:00:00,42,val,0.323,0.3016822
Merzenhausen,2021-12-15 22:00:00,42,val,0.321,0.3015539
Merzenhausen,2021-12-15 23:00:00,42,val,0.325,0.30168924
Merzenhausen,2021-12-16 00:00:00,42,val,0.323,0.30200666
Merzenhausen,2021-12-16 01:00:00,42,val,0.323,0.3024543
Merzenhausen,2021-12-16 02:00:00,42,val,0.323,0.3029897
Merzenhausen,2021-12-16 03:00:00,42,val,0.323,0.30351526
Merzenhausen,2021-12-16 04:00:00,42,val,0.323,0.30394867
Merzenhausen,2021-12-16 05:00:00,42,val,0.323,0.30432564
Merzenhausen,2021-12-16 06:00:00,42,val,0.323,0.30451718
Merzenhausen,2021-12-16 07:00:00,42,val,0.323,0.30452174
Merzenhausen,2021-12-16 08:00:00,42,val,0.323,0.30435896
Merzenhausen,2021-12-16 09:00:00,42,val,0.323,0.30416226
Merzenhausen,2021-12-16 10:00:00,42,val,0.323,0.30402437
Merzenhausen,2021-12-16 11:00:00,42,val,0.324,0.30396545
Merzenhausen,2021-12-16 12:00:00,42,val,0.323,0.30395088
Merzenhausen,2021-12-16 13:00:00,42,val,0.323,0.30379534
Merzenhausen,2021-12-16 14:00:00,42,val,0.323,0.30360967
Merzenhausen,2021-12-16 15:00:00,42,val,0.323,0.3033213
Merzenhausen,2021-12-16 16:00:00,42,val,0.321,0.30288872
Merzenhausen,2021-12-16 17:00:00,42,val,0.323,0.3023607
Merzenhausen,2021-12-16 18:00:00,42,val,0.323,0.30162022
Merzenhausen,2021-12-16 19:00:00,42,val,0.323,0.30087343
Merzenhausen,2021-12-16 20:00:00,42,val,0.321,0.30025342
Merzenhausen,2021-12-16 21:00:00,42,val,0.321,0.29984987
Merzenhausen,2021-12-16 22:00:00,42,val,0.324,0.2997039
Merzenhausen,2021-12-16 23:00:00,42,val,0.321,0.2998218
Merzenhausen,2021-12-17 00:00:00,42,val,0.324,0.30011773
Merzenhausen,2021-12-17 01:00:00,42,val,0.323,0.3005528
Merzenhausen,2021-12-17 02:00:00,42,val,0.324,0.30103973
Merzenhausen,2021-12-17 03:00:00,42,val,0.324,0.30155432
Merzenhausen,2021-12-17 04:00:00,42,val,0.323,0.30207103
Merzenhausen,2021-12-17 05:00:00,42,val,0.325,0.3025165
Merzenhausen,2021-12-17 06:00:00,42,val,0.321,0.30282086
Merzenhausen,2021-12-17 07:00:00,42,val,0.321,0.30295745
Merzenhausen,2021-12-17 08:00:00,42,val,0.321,0.30293608
Merzenhausen,2021-12-17 09:00:00,42,val,0.321,0.30282912
Merzenhausen,2021-12-17 10:00:00,42,val,0.324,0.30271393
Merzenhausen,2021-12-17 11:00:00,42,val,0.3195,0.3026177
Merzenhausen,2021-12-17 12:00:00,42,val,0.323,0.30254242
Merzenhausen,2021-12-17 13:00:00,42,val,0.324,0.30241445
Merzenhausen,2021-12-17 14:00:00,42,val,0.323,0.30222756
Merzenhausen,2021-12-17 15:00:00,42,val,0.323,0.30186054
Merzenhausen,2021-12-17 16:00:00,42,val,0.323,0.30135
Merzenhausen,2021-12-17 17:00:00,42,val,0.3195,0.3006233
Merzenhausen,2021-12-17 18:00:00,42,val,0.323,0.29976645
Merzenhausen,2021-12-17 19:00:00,42,val,0.323,0.29890984
Merzenhausen,2021-12-17 20:00:00,42,val,0.323,0.2981292
Merzenhausen,2021-12-17 21:00:00,42,val,0.323,0.29735848
Merzenhausen,2021-12-17 22:00:00,42,val,0.323,0.29658145
Merzenhausen,2021-12-17 23:00:00,42,val,0.3195,0.29591125
Merzenhausen,2021-12-18 00:00:00,42,val,0.323,0.29529166
Merzenhausen,2021-12-18 01:00:00,42,val,0.323,0.29490352
Merzenhausen,2021-12-18 02:00:00,42,val,0.323,0.29472858
Merzenhausen,2021-12-18 03:00:00,42,val,0.323,0.29476038
Merzenhausen,2021-12-18 04:00:00,42,val,0.323,0.29493508
Merzenhausen,2021-12-18 05:00:00,42,val,0.3195,0.29519898
Merzenhausen,2021-12-18 06:00:00,42,val,0.323,0.2954917
Merzenhausen,2021-12-18 07:00:00,42,val,0.323,0.29574895
Merzenhausen,2021-12-18 08:00:00,42,val,0.323,0.29594493
Merzenhausen,2021-12-18 09:00:00,42,val,0.3225,0.29608366
Merzenhausen,2021-12-18 10:00:00,42,val,0.323,0.29620105
Merzenhausen,2021-12-18 11:00:00,42,val,0.323,0.2963564
Merzenhausen,2021-12-18 12:00:00,42,val,0.323,0.2965155
Merzenhausen,2021-12-18 13:00:00,42,val,0.323,0.2966472
Merzenhausen,2021-12-18 14:00:00,42,val,0.323,0.2966832
Merzenhausen,2021-12-18 15:00:00,42,val,0.323,0.29658458
Merzenhausen,2021-12-18 16:00:00,42,val,0.323,0.29622832
Merzenhausen,2021-12-18 17:00:00,42,val,0.3235,0.2957731
Merzenhausen,2022-01-01 06:00:00,42,val,0.373,0.32768846
Merzenhausen,2022-01-01 07:00:00,42,val,0.373,0.3274836
Merzenhausen,2022-01-01 08:00:00,42,val,0.373,0.3273332
Merzenhausen,2022-01-01 09:00:00,42,val,0.373,0.32726973
Merzenhausen,2022-01-01 10:00:00,42,val,0.37,0.32724738
Merzenhausen,2022-01-01 11:00:00,42,val,0.37,0.32735345
Merzenhausen,2022-01-01 12:00:00,42,val,0.37,0.32742304
Merzenhausen,2022-01-01 13:00:00,42,val,0.371,0.32741502
Merzenhausen,2022-01-01 14:00:00,42,val,0.37,0.32728812
Merzenhausen,2022-01-01 15:00:00,42,val,0.373,0.32700324
Merzenhausen,2022-01-01 16:00:00,42,val,0.386,0.32659405
Merzenhausen,2022-01-01 17:00:00,42,val,0.386,0.32605124
Merzenhausen,2022-01-01 18:00:00,42,val,0.385,0.3254213
Merzenhausen,2022-01-01 19:00:00,42,val,0.385,0.32479456
Merzenhausen,2022-01-01 20:00:00,42,val,0.384,0.3243706
Merzenhausen,2022-01-01 21:00:00,42,val,0.383,0.32412225
Merzenhausen,2022-01-01 22:00:00,42,val,0.382,0.32407233
Merzenhausen,2022-01-01 23:00:00,42,val,0.382,0.32415253
Merzenhausen,2022-01-02 00:00:00,42,val,0.382,0.32431465
Merzenhausen,2022-01-02 01:00:00,42,val,0.383,0.324454
Merzenhausen,2022-01-02 02:00:00,42,val,0.385,0.3245297
Merzenhausen,2022-01-02 03:00:00,42,val,0.386,0.32455483
Merzenhausen,2022-01-02 04:00:00,42,val,0.389,0.32453158
Merzenhausen,2022-01-02 05:00:00,42,val,0.386,0.32445812
Merzenhausen,2022-01-02 06:00:00,42,val,0.386,0.32436225
Merzenhausen,2022-01-02 07:00:00,42,val,0.385,0.32429564
Merzenhausen,2022-01-02 08:00:00,42,val,0.385,0.32421654
Merzenhausen,2022-01-02 09:00:00,42,val,0.383,0.32416245
Merzenhausen,2022-01-02 10:00:00,42,val,0.383,0.32414922
Merzenhausen,2022-01-02 11:00:00,42,val,0.383,0.3242774
Merzenhausen,2022-01-02 12:00:00,42,val,0.385,0.32450688
Merzenhausen,2022-01-02 13:00:00,42,val,0.382,0.3246909
Merzenhausen,2022-01-02 14:00:00,42,val,0.382,0.324731
Merzenhausen,2022-01-02 15:00:00,42,val,0.38,0.32458633
Merzenhausen,2022-01-02 16:00:00,42,val,0.38,0.3242575
Merzenhausen,2022-01-02 17:00:00,42,val,0.382,0.32378054
Merzenhausen,2022-01-02 18:00:00,42,val,0.395,0.3234416
Merzenhausen,2022-01-02 19:00:00,42,val,0.395,0.32451496
Merzenhausen,2022-01-02 20:00:00,42,val,0.394,0.32650763
Merzenhausen,2022-01-02 21:00:00,42,val,0.394,0.32878503
Merzenhausen,2022-01-02 22:00:00,42,val,0.392,0.33110142
Merzenhausen,2022-01-02 23:00:00,42,val,0.394,0.33288038
Merzenhausen,2022-01-03 00:00:00,42,val,0.398,0.33406833
Merzenhausen,2022-01-03 01:00:00,42,val,0.395,0.33471647
Merzenhausen,2022-01-03 02:00:00,42,val,0.391,0.3349715
Merzenhausen,2022-01-03 03:00:00,42,val,0.391,0.3349434
Merzenhausen,2022-01-03 04:00:00,42,val,0.387,0.3347193
Merzenhausen,2022-01-03 05:00:00,42,val,0.386,0.33441585
Merzenhausen,2022-01-03 06:00:00,42,val,0.384,0.3340994
Merzenhausen,2022-01-03 07:00:00,42,val,0.383,0.33384
Merzenhausen,2022-01-03 08:00:00,42,val,0.383,0.3338096
Merzenhausen,2022-01-03 09:00:00,42,val,0.382,0.33391708
Merzenhausen,2022-01-03 10:00:00,42,val,0.383,0.3341089
Merzenhausen,2022-01-03 11:00:00,42,val,0.38,0.33436045
Merzenhausen,2022-01-03 12:00:00,42,val,0.38,0.33462384
Merzenhausen,2022-01-03 13:00:00,42,val,0.378,0.33484268
Merzenhausen,2022-01-03 14:00:00,42,val,0.378,0.3350012
Merzenhausen,2022-01-03 15:00:00,42,val,0.376,0.3351336
Merzenhausen,2022-01-03 16:00:00,42,val,0.376,0.3355997
Merzenhausen,2022-01-03 17:00:00,42,val,0.376,0.33600745
Merzenhausen,2022-01-03 18:00:00,42,val,0.376,0.3363005
Merzenhausen,2022-01-03 19:00:00,42,val,0.376,0.3364229
Merzenhausen,2022-01-03 20:00:00,42,val,0.376,0.33645564
Merzenhausen,2022-01-03 21:00:00,42,val,0.376,0.33651167
Merzenhausen,2022-01-03 22:00:00,42,val,0.378,0.33660138
Merzenhausen,2022-01-03 23:00:00,42,val,0.375,0.3367324
Merzenhausen,2022-01-04 00:00:00,42,val,0.375,0.33684352
Merzenhausen,2022-01-04 01:00:00,42,val,0.375,0.33689553
Merzenhausen,2022-01-04 02:00:00,42,val,0.377,0.33686817
Merzenhausen,2022-01-04 03:00:00,42,val,0.374,0.3367949
Merzenhausen,2022-01-04 04:00:00,42,val,0.374,0.33669376
Merzenhausen,2022-01-04 05:00:00,42,val,0.375,0.33651587
Merzenhausen,2022-01-04 06:00:00,42,val,0.372,0.3363232
Merzenhausen,2022-01-04 07:00:00,42,val,0.374,0.33621383
Merzenhausen,2022-01-04 08:00:00,42,val,0.374,0.33623677
Merzenhausen,2022-01-04 09:00:00,42,val,0.374,0.3364089
Merzenhausen,2022-01-04 10:00:00,42,val,0.371,0.33675295
Merzenhausen,2022-01-04 11:00:00,42,val,0.371,0.33719876
Merzenhausen,2022-01-04 12:00:00,42,val,0.371,0.3377059
Merzenhausen,2022-01-04 13:00:00,42,val,0.372,0.33806932
Merzenhausen,2022-01-04 14:00:00,42,val,0.373,0.33820188
Merzenhausen,2022-01-04 15:00:00,42,val,0.369,0.33804685
Merzenhausen,2022-01-04 16:00:00,42,val,0.371,0.33772987
Merzenhausen,2022-01-04 17:00:00,42,val,0.371,0.33740938
Merzenhausen,2022-01-04 18:00:00,42,val,0.371,0.33753005
Merzenhausen,2022-01-04 19:00:00,42,val,0.371,0.33785644
Merzenhausen,2022-01-04 20:00:00,42,val,0.368,0.3383182
Merzenhausen,2022-01-04 21:00:00,42,val,0.369,0.33869874
Merzenhausen,2022-01-04 22:00:00,42,val,0.368,0.33893025
Merzenhausen,2022-01-04 23:00:00,42,val,0.368,0.33905792
Merzenhausen,2022-01-05 00:00:00,42,val,0.368,0.3390739
Merzenhausen,2022-01-05 01:00:00,42,val,0.366,0.33875892
Merzenhausen,2022-01-05 02:00:00,42,val,0.366,0.3381612
Merzenhausen,2022-01-05 03:00:00,42,val,0.366,0.33739036
Merzenhausen,2022-01-05 04:00:00,42,val,0.368,0.33650368
Merzenhausen,2022-01-05 05:00:00,42,val,0.368,0.33561015
Merzenhausen,2022-01-05 06:00:00,42,val,0.368,0.33478698
Merzenhausen,2022-01-05 07:00:00,42,val,0.366,0.33409053
Merzenhausen,2022-01-05 08:00:00,42,val,0.368,0.33359835
Merzenhausen,2022-01-05 09:00:00,42,val,0.368,0.333319
Merzenhausen,2022-01-05 10:00:00,42,val,0.368,0.33330885
Merzenhausen,2022-01-05 11:00:00,42,val,0.365,0.33342576
Merzenhausen,2022-01-05 12:00:00,42,val,0.366,0.33361477
Merzenhausen,2022-01-05 13:00:00,42,val,0.366,0.33375025
Merzenhausen,2022-01-05 14:00:00,42,val,0.366,0.3337413
Merzenhausen,2022-01-05 15:00:00,42,val,0.366,0.33352175
Merzenhausen,2022-01-05 16:00:00,42,val,0.366,0.3331483
Merzenhausen,2022-01-05 17:00:00,42,val,0.367,0.33269623
Merzenhausen,2022-01-05 18:00:00,42,val,0.366,0.33221918
Merzenhausen,2022-01-05 19:00:00,42,val,0.367,0.3318652
Merzenhausen,2022-01-05 20:00:00,42,val,0.367,0.33157277
Merzenhausen,2022-01-05 21:00:00,42,val,0.365,0.33138928
Merzenhausen,2022-01-05 22:00:00,42,val,0.365,0.33136678
Merzenhausen,2022-01-05 23:00:00,42,val,0.365,0.331318
Merzenhausen,2022-01-06 00:00:00,42,val,0.365,0.33127096
Merzenhausen,2022-01-06 01:00:00,42,val,0.365,0.33114696
Merzenhausen,2022-01-06 02:00:00,42,val,0.365,0.33097938
Merzenhausen,2022-01-06 03:00:00,42,val,0.365,0.330676
Merzenhausen,2022-01-06 04:00:00,42,val,0.365,0.3302914
Merzenhausen,2022-01-06 05:00:00,42,val,0.365,0.3299022
Merzenhausen,2022-01-06 06:00:00,42,val,0.365,0.32950172
Merzenhausen,2022-01-06 07:00:00,42,val,0.365,0.32919616
Merzenhausen,2022-01-06 08:00:00,42,val,0.365,0.3289792
Merzenhausen,2022-01-06 09:00:00,42,val,0.365,0.3289224
Merzenhausen,2022-01-06 10:00:00,42,val,0.365,0.3289996
Merzenhausen,2022-01-06 11:00:00,42,val,0.364,0.32922536
Merzenhausen,2022-01-06 12:00:00,42,val,0.365,0.3295434
Merzenhausen,2022-01-06 13:00:00,42,val,0.363,0.3298845
Merzenhausen,2022-01-06 14:00:00,42,val,0.363,0.33016545
Merzenhausen,2022-01-06 15:00:00,42,val,0.363,0.33017862
Merzenhausen,2022-01-06 16:00:00,42,val,0.363,0.32999086
Merzenhausen,2022-01-06 17:00:00,42,val,0.364,0.3296223
Merzenhausen,2022-01-06 18:00:00,42,val,0.364,0.32914865
Merzenhausen,2022-01-06 19:00:00,42,val,0.363,0.3286653
Merzenhausen,2022-01-06 20:00:00,42,val,0.364,0.32818538
Merzenhausen,2022-01-06 21:00:00,42,val,0.365,0.32776144
Merzenhausen,2022-01-06 22:00:00,42,val,0.364,0.32737863
Merzenhausen,2022-01-06 23:00:00,42,val,0.365,0.3270282
Merzenhausen,2022-01-07 00:00:00,42,val,0.364,0.32673484
Merzenhausen,2022-01-07 01:00:00,42,val,0.365,0.3264672
Merzenhausen,2022-01-07 02:00:00,42,val,0.385,0.32623878
Merzenhausen,2022-01-07 03:00:00,42,val,0.392,0.32607433
Merzenhausen,2022-01-07 04:00:00,42,val,0.389,0.32603136
Merzenhausen,2022-01-07 05:00:00,42,val,0.387,0.3260575
Merzenhausen,2022-01-07 06:00:00,42,val,0.386,0.3261749
Merzenhausen,2022-01-07 07:00:00,42,val,0.384,0.32628435
Merzenhausen,2022-01-07 08:00:00,42,val,0.383,0.32652187
Merzenhausen,2022-01-07 09:00:00,42,val,0.383,0.32683632
Merzenhausen,2022-01-07 10:00:00,42,val,0.382,0.32723594
Merzenhausen,2022-01-07 11:00:00,42,val,0.38,0.32764697
Merzenhausen,2022-01-07 12:00:00,42,val,0.38,0.32812756
Merzenhausen,2022-01-07 13:00:00,42,val,0.378,0.32851732
Merzenhausen,2022-01-07 14:00:00,42,val,0.378,0.328743
Merzenhausen,2022-01-07 15:00:00,42,val,0.378,0.32874778
Merzenhausen,2022-01-07 16:00:00,42,val,0.377,0.32857418
Merzenhausen,2022-01-07 17:00:00,42,val,0.377,0.3282094
Merzenhausen,2022-01-07 18:00:00,42,val,0.375,0.32774445
Merzenhausen,2022-01-07 19:00:00,42,val,0.377,0.32727182
Merzenhausen,2022-01-07 20:00:00,42,val,0.377,0.32694742
Merzenhausen,2022-01-07 21:00:00,42,val,0.374,0.3266544
Merzenhausen,2022-01-07 22:00:00,42,val,0.374,0.3264658
Merzenhausen,2022-01-07 23:00:00,42,val,0.373,0.32633144
Merzenhausen,2022-01-08 00:00:00,42,val,0.373,0.32627544
Merzenhausen,2022-01-08 01:00:00,42,val,0.373,0.32624412
Merzenhausen,2022-01-08 02:00:00,42,val,0.373,0.32603607
Merzenhausen,2022-01-08 03:00:00,42,val,0.373,0.32571882
Merzenhausen,2022-01-08 04:00:00,42,val,0.371,0.3254928
Merzenhausen,2022-01-08 05:00:00,42,val,0.372,0.3251747
Merzenhausen,2022-02-02 13:00:00,42,val,0.36,0.33239153
Merzenhausen,2022-02-02 14:00:00,42,val,0.36,0.3322095
Merzenhausen,2022-02-02 15:00:00,42,val,0.36,0.33178896
Merzenhausen,2022-02-02 16:00:00,42,val,0.358,0.3311686
Merzenhausen,2022-02-02 17:00:00,42,val,0.36,0.3303941
Merzenhausen,2022-02-02 18:00:00,42,val,0.36,0.32954818
Merzenhausen,2022-02-02 19:00:00,42,val,0.36,0.32878238
Merzenhausen,2022-02-02 20:00:00,42,val,0.36,0.32819757
Merzenhausen,2022-02-02 21:00:00,42,val,0.36,0.32788572
Merzenhausen,2022-02-02 22:00:00,42,val,0.36,0.327882
Merzenhausen,2022-02-02 23:00:00,42,val,0.36,0.32816646
Merzenhausen,2022-02-03 00:00:00,42,val,0.36,0.32857454
Merzenhausen,2022-02-03 01:00:00,42,val,0.357,0.32904765
Merzenhausen,2022-02-03 02:00:00,42,val,0.36,0.32942975
Merzenhausen,2022-02-03 03:00:00,42,val,0.357,0.32966605
Merzenhausen,2022-02-03 04:00:00,42,val,0.357,0.32975867
Merzenhausen,2022-02-03 05:00:00,42,val,0.357,0.32971436
Merzenhausen,2022-02-03 06:00:00,42,val,0.357,0.32958955
Merzenhausen,2022-02-03 07:00:00,42,val,0.357,0.32946998
Merzenhausen,2022-02-03 08:00:00,42,val,0.357,0.329328
Merzenhausen,2022-02-03 09:00:00,42,val,0.357,0.32930264
Merzenhausen,2022-02-03 10:00:00,42,val,0.355,0.32934877
Merzenhausen,2022-02-03 11:00:00,42,val,0.357,0.32947144
Merzenhausen,2022-02-03 12:00:00,42,val,0.355,0.32963282
Merzenhausen,2022-02-03 13:00:00,42,val,0.355,0.32972395
Merzenhausen,2022-02-03 14:00:00,42,val,0.357,0.32965583
Merzenhausen,2022-02-03 15:00:00,42,val,0.357,0.32934454
Merzenhausen,2022-02-03 16:00:00,42,val,0.355,0.32880968
Merzenhausen,2022-02-03 17:00:00,42,val,0.355,0.32811671
Merzenhausen,2022-02-03 18:00:00,42,val,0.356,0.32736814
Merzenhausen,2022-02-03 19:00:00,42,val,0.354,0.32670265
Merzenhausen,2022-02-03 20:00:00,42,val,0.354,0.32621354
Merzenhausen,2022-02-03 21:00:00,42,val,0.354,0.32594514
Merzenhausen,2022-02-03 22:00:00,42,val,0.354,0.3259185
Merzenhausen,2022-02-03 23:00:00,42,val,0.352,0.32607815
Merzenhausen,2022-02-04 00:00:00,42,val,0.352,0.32628638
Merzenhausen,2022-02-04 01:00:00,42,val,0.352,0.3264936
Merzenhausen,2022-02-04 02:00:00,42,val,0.353,0.32663745
Merzenhausen,2022-02-04 03:00:00,42,val,0.352,0.3266959
Merzenhausen,2022-02-04 04:00:00,42,val,0.355,0.32665995
Merzenhausen,2022-02-04 05:00:00,42,val,0.354,0.32655853
Merzenhausen,2022-02-04 06:00:00,42,val,0.354,0.32644975
Merzenhausen,2022-02-04 07:00:00,42,val,0.355,0.3263377
Merzenhausen,2022-02-04 08:00:00,42,val,0.359,0.32629335
Merzenhausen,2022-02-04 09:00:00,42,val,0.366,0.32636368
Merzenhausen,2022-02-04 10:00:00,42,val,0.384,0.32654002
Merzenhausen,2022-02-04 11:00:00,42,val,0.389,0.32681152
Merzenhausen,2022-02-04 12:00:00,42,val,0.39,0.32713625
Merzenhausen,2022-02-04 13:00:00,42,val,0.387,0.32738835
Merzenhausen,2022-02-04 14:00:00,42,val,0.391,0.32745957
Merzenhausen,2022-02-04 15:00:00,42,val,0.39,0.3272809
Merzenhausen,2022-02-04 16:00:00,42,val,0.39,0.32690257
Merzenhausen,2022-02-04 17:00:00,42,val,0.387,0.32654297
Merzenhausen,2022-02-04 18:00:00,42,val,0.387,0.32602447
Merzenhausen,2022-02-04 19:00:00,42,val,0.394,0.32547927
Merzenhausen,2022-02-04 20:00:00,42,val,0.393,0.32497308
Merzenhausen,2022-02-04 21:00:00,42,val,0.39,0.3245607
Merzenhausen,2022-02-04 22:00:00,42,val,0.39,0.32428616
Merzenhausen,2022-02-04 23:00:00,42,val,0.39,0.32411566
Merzenhausen,2022-02-05 00:00:00,42,val,0.389,0.32399452
Merzenhausen,2022-02-05 01:00:00,42,val,0.386,0.32374722
Merzenhausen,2022-02-05 02:00:00,42,val,0.388,0.3234798
Merzenhausen,2022-02-05 03:00:00,42,val,0.385,0.32309055
Merzenhausen,2022-02-05 04:00:00,42,val,0.385,0.32262075
Merzenhausen,2022-02-05 05:00:00,42,val,0.385,0.32214385
Merzenhausen,2022-02-05 06:00:00,42,val,0.382,0.32171944
Merzenhausen,2022-02-05 07:00:00,42,val,0.38,0.32138106
Merzenhausen,2022-02-05 08:00:00,42,val,0.377,0.3211689
Merzenhausen,2022-02-05 09:00:00,42,val,0.379,0.32115054
Merzenhausen,2022-02-05 10:00:00,42,val,0.377,0.32128942
Merzenhausen,2022-02-05 11:00:00,42,val,0.376,0.32166266
Merzenhausen,2022-02-05 12:00:00,42,val,0.376,0.3221282
Merzenhausen,2022-02-05 13:00:00,42,val,0.374,0.32256243
Merzenhausen,2022-02-05 14:00:00,42,val,0.375,0.3229516
Merzenhausen,2022-02-05 15:00:00,42,val,0.374,0.32314986
Merzenhausen,2022-02-05 16:00:00,42,val,0.374,0.32304826
Merzenhausen,2022-02-05 17:00:00,42,val,0.374,0.3227286
Merzenhausen,2022-02-05 18:00:00,42,val,0.371,0.3223165
Merzenhausen,2022-02-05 19:00:00,42,val,0.371,0.3218762
Merzenhausen,2022-02-05 20:00:00,42,val,0.372,0.32155162
Merzenhausen,2022-02-05 21:00:00,42,val,0.371,0.32141626
Merzenhausen,2022-02-05 22:00:00,42,val,0.371,0.32151052
Merzenhausen,2022-02-05 23:00:00,42,val,0.371,0.32175523
Merzenhausen,2022-02-06 00:00:00,42,val,0.371,0.32214817
Merzenhausen,2022-02-06 01:00:00,42,val,0.371,0.32252848
Merzenhausen,2022-02-06 02:00:00,42,val,0.368,0.32288986
Merzenhausen,2022-02-06 03:00:00,42,val,0.368,0.32316115
Merzenhausen,2022-02-06 04:00:00,42,val,0.369,0.32349768
Merzenhausen,2022-02-06 05:00:00,42,val,0.369,0.32378542
Merzenhausen,2022-02-06 06:00:00,42,val,0.369,0.32399562
Merzenhausen,2022-02-06 07:00:00,42,val,0.369,0.32412165
Merzenhausen,2022-02-06 08:00:00,42,val,0.366,0.3243478
Merzenhausen,2022-02-06 09:00:00,42,val,0.369,0.32487988
Merzenhausen,2022-02-06 10:00:00,42,val,0.366,0.32616585
Merzenhausen,2022-02-06 11:00:00,42,val,0.369,0.32812196
Merzenhausen,2022-02-06 12:00:00,42,val,0.367,0.33043528
Merzenhausen,2022-02-06 13:00:00,42,val,0.367,0.33252692
Merzenhausen,2022-02-06 14:00:00,42,val,0.367,0.33454803
Merzenhausen,2022-02-06 15:00:00,42,val,0.367,0.33603266
Merzenhausen,2022-02-06 16:00:00,42,val,0.367,0.33694205
Merzenhausen,2022-02-06 17:00:00,42,val,0.367,0.33717528
Merzenhausen,2022-02-06 18:00:00,42,val,0.369,0.33703354
Merzenhausen,2022-02-06 19:00:00,42,val,0.369,0.33708602
Merzenhausen,2022-02-06 20:00:00,42,val,0.365,0.33708254
Merzenhausen,2022-02-06 21:00:00,42,val,0.366,0.33704218
Merzenhausen,2022-02-06 22:00:00,42,val,0.366,0.33698884
Merzenhausen,2022-02-06 23:00:00,42,val,0.365,0.33696324
Merzenhausen,2022-02-07 00:00:00,42,val,0.366,0.33695015
Merzenhausen,2022-02-07 01:00:00,42,val,0.367,0.3369099
Merzenhausen,2022-02-07 02:00:00,42,val,0.367,0.33681127
Merzenhausen,2022-02-07 03:00:00,42,val,0.364,0.33657134
Merzenhausen,2022-02-07 04:00:00,42,val,0.364,0.33622646
Merzenhausen,2022-02-07 05:00:00,42,val,0.364,0.33586138
Merzenhausen,2022-02-07 06:00:00,42,val,0.364,0.33548588
Merzenhausen,2022-02-07 07:00:00,42,val,0.364,0.33513686
Merzenhausen,2022-02-07 08:00:00,42,val,0.366,0.3348388
Merzenhausen,2022-02-07 09:00:00,42,val,0.366,0.33468762
Merzenhausen,2022-02-07 10:00:00,42,val,0.364,0.3346176
Merzenhausen,2022-02-07 11:00:00,42,val,0.366,0.33462897
Merzenhausen,2022-02-07 12:00:00,42,val,0.366,0.33466983
Merzenhausen,2022-02-07 13:00:00,42,val,0.366,0.33462626
Merzenhausen,2022-02-07 14:00:00,42,val,0.364,0.33442503
Merzenhausen,2022-02-07 15:00:00,42,val,0.364,0.33402568
Merzenhausen,2022-02-07 16:00:00,42,val,0.364,0.3334428
Merzenhausen,2022-02-07 17:00:00,42,val,0.364,0.3327042
Merzenhausen,2022-02-07 18:00:00,42,val,0.364,0.33184063
Merzenhausen,2022-02-07 19:00:00,42,val,0.363,0.33102188
Merzenhausen,2022-02-07 20:00:00,42,val,0.361,0.3303617
Merzenhausen,2022-02-07 21:00:00,42,val,0.361,0.32991764
Merzenhausen,2022-02-07 22:00:00,42,val,0.363,0.32973215
Merzenhausen,2022-02-07 23:00:00,42,val,0.363,0.3297552
Merzenhausen,2022-02-08 00:00:00,42,val,0.36,0.32995456
Merzenhausen,2022-02-08 01:00:00,42,val,0.363,0.33019766
Merzenhausen,2022-02-08 02:00:00,42,val,0.36,0.330373
Merzenhausen,2022-02-08 03:00:00,42,val,0.36,0.3305074
Merzenhausen,2022-02-08 04:00:00,42,val,0.361,0.3305889
Merzenhausen,2022-02-08 05:00:00,42,val,0.36,0.33063856
Merzenhausen,2022-02-08 06:00:00,42,val,0.362,0.33067578
Merzenhausen,2022-02-08 07:00:00,42,val,0.361,0.33073518
Merzenhausen,2022-02-08 08:00:00,42,val,0.361,0.33076417
Merzenhausen,2022-02-08 09:00:00,42,val,0.359,0.3308828
Merzenhausen,2022-02-08 10:00:00,42,val,0.362,0.33103597
Merzenhausen,2022-02-08 11:00:00,42,val,0.362,0.33126912
Merzenhausen,2022-02-08 12:00:00,42,val,0.362,0.33147284
Merzenhausen,2022-02-08 13:00:00,42,val,0.36,0.3315642
Merzenhausen,2022-02-08 14:00:00,42,val,0.362,0.33144847
Merzenhausen,2022-02-08 15:00:00,42,val,0.36,0.33110934
Merzenhausen,2022-02-08 16:00:00,42,val,0.363,0.33052218
Merzenhausen,2022-02-08 17:00:00,42,val,0.363,0.32978964
Merzenhausen,2022-02-08 18:00:00,42,val,0.363,0.32903817
Merzenhausen,2022-02-08 19:00:00,42,val,0.362,0.3284178
Merzenhausen,2022-04-14 22:00:00,42,val,0.296,0.28507286
Merzenhausen,2022-04-14 23:00:00,42,val,0.296,0.28484064
Merzenhausen,2022-04-15 00:00:00,42,val,0.294,0.28476578
Merzenhausen,2022-04-15 01:00:00,42,val,0.294,0.2846164
Merzenhausen,2022-04-15 02:00:00,42,val,0.295,0.28439373
Merzenhausen,2022-04-15 03:00:00,42,val,0.294,0.284191
Merzenhausen,2022-04-15 04:00:00,42,val,0.294,0.28397256
Merzenhausen,2022-04-15 05:00:00,42,val,0.294,0.28387326
Merzenhausen,2022-04-15 06:00:00,42,val,0.296,0.28416172
Merzenhausen,2022-04-15 07:00:00,42,val,0.296,0.284842
Merzenhausen,2022-04-15 08:00:00,42,val,0.294,0.28572002
Merzenhausen,2022-04-15 09:00:00,42,val,0.292,0.28671283
Merzenhausen,2022-04-15 10:00:00,42,val,0.291,0.28775507
Merzenhausen,2022-04-15 11:00:00,42,val,0.289,0.28883064
Merzenhausen,2022-04-15 12:00:00,42,val,0.289,0.28980887
Merzenhausen,2022-04-15 13:00:00,42,val,0.287,0.2904736
Merzenhausen,2022-04-15 14:00:00,42,val,0.285,0.29072163
Merzenhausen,2022-04-15 15:00:00,42,val,0.282,0.29043356
Merzenhausen,2022-04-15 16:00:00,42,val,0.28,0.2896476
Merzenhausen,2022-04-15 17:00:00,42,val,0.282,0.28840837
Merzenhausen,2022-04-15 18:00:00,42,val,0.283,0.2869801
Merzenhausen,2022-04-15 19:00:00,42,val,0.28,0.2856048
Merzenhausen,2022-04-15 20:00:00,42,val,0.28,0.28427765
Merzenhausen,2022-04-15 21:00:00,42,val,0.28,0.28311914
Merzenhausen,2022-04-15 22:00:00,42,val,0.28,0.28208122
Merzenhausen,2022-04-15 23:00:00,42,val,0.279,0.2812268
Merzenhausen,2022-04-16 00:00:00,42,val,0.28,0.2804249
Merzenhausen,2022-04-16 01:00:00,42,val,0.278,0.27964166
Merzenhausen,2022-04-16 02:00:00,42,val,0.276,0.27879775
Merzenhausen,2022-04-16 03:00:00,42,val,0.276,0.2780082
Merzenhausen,2022-04-16 04:00:00,42,val,0.279,0.27721927
Merzenhausen,2022-04-16 05:00:00,42,val,0.279,0.2765895
Merzenhausen,2022-04-16 06:00:00,42,val,0.276,0.2764713
Merzenhausen,2022-04-16 07:00:00,42,val,0.279,0.27701288
Merzenhausen,2022-04-16 08:00:00,42,val,0.274,0.27796417
Merzenhausen,2022-04-16 09:00:00,42,val,0.274,0.27915585
Merzenhausen,2022-04-16 10:00:00,42,val,0.272,0.28033188
Merzenhausen,2022-04-16 11:00:00,42,val,0.272,0.28140655
Merzenhausen,2022-04-16 12:00:00,42,val,0.269,0.28219682
Merzenhausen,2022-04-16 13:00:00,42,val,0.271,0.28258336
Merzenhausen,2022-04-16 14:00:00,42,val,0.271,0.28254017
Merzenhausen,2022-04-16 15:00:00,42,val,0.266,0.28196567
Merzenhausen,2022-04-16 16:00:00,42,val,0.265,0.28080234
Merzenhausen,2022-04-16 17:00:00,42,val,0.263,0.27925748
Merzenhausen,2022-04-16 18:00:00,42,val,0.264,0.27758318
Merzenhausen,2022-04-16 19:00:00,42,val,0.265,0.2759953
Merzenhausen,2022-04-16 20:00:00,42,val,0.262,0.27460864
Merzenhausen,2022-04-16 21:00:00,42,val,0.262,0.27349323
Merzenhausen,2022-04-16 22:00:00,42,val,0.263,0.2725374
Merzenhausen,2022-04-16 23:00:00,42,val,0.261,0.271705
Merzenhausen,2022-04-17 00:00:00,42,val,0.263,0.27086207
Merzenhausen,2022-04-17 01:00:00,42,val,0.261,0.26989585
Merzenhausen,2022-04-17 02:00:00,42,val,0.261,0.26891136
Merzenhausen,2022-04-17 03:00:00,42,val,0.259,0.26802963
Merzenhausen,2022-04-17 04:00:00,42,val,0.26,0.26725847
Merzenhausen,2022-04-17 05:00:00,42,val,0.26,0.26673353
Merzenhausen,2022-04-17 06:00:00,42,val,0.26,0.26672858
Merzenhausen,2022-04-17 07:00:00,42,val,0.259,0.2672702
Merzenhausen,2022-04-17 08:00:00,42,val,0.26,0.26822302
Merzenhausen,2022-04-17 09:00:00,42,val,0.257,0.2693466
Merzenhausen,2022-04-17 10:00:00,42,val,0.257,0.27044395
Merzenhausen,2022-04-17 11:00:00,42,val,0.255,0.2713073
Merzenhausen,2022-04-17 12:00:00,42,val,0.255,0.27183467
Merzenhausen,2022-04-17 13:00:00,42,val,0.255,0.27189183
Merzenhausen,2022-04-17 14:00:00,42,val,0.253,0.27137688
Merzenhausen,2022-04-17 15:00:00,42,val,0.248,0.2702023
Merzenhausen,2022-04-17 16:00:00,42,val,0.246,0.26840505
Merzenhausen,2022-04-17 17:00:00,42,val,0.247,0.26632893
Merzenhausen,2022-04-17 18:00:00,42,val,0.246,0.26426244
Merzenhausen,2022-04-17 19:00:00,42,val,0.246,0.26237163
Merzenhausen,2022-04-17 20:00:00,42,val,0.243,0.26074046
Merzenhausen,2022-04-17 21:00:00,42,val,0.246,0.2594108
Merzenhausen,2022-04-17 22:00:00,42,val,0.244,0.25832683
Merzenhausen,2022-04-17 23:00:00,42,val,0.244,0.25727314
Merzenhausen,2022-04-18 00:00:00,42,val,0.247,0.25636476
Merzenhausen,2022-04-18 01:00:00,42,val,0.244,0.25551078
Merzenhausen,2022-04-18 02:00:00,42,val,0.244,0.25459072
Merzenhausen,2022-04-18 03:00:00,42,val,0.244,0.25353706
Merzenhausen,2022-04-18 04:00:00,42,val,0.244,0.25259957
Merzenhausen,2022-04-18 05:00:00,42,val,0.245,0.2519454
Merzenhausen,2022-04-18 06:00:00,42,val,0.245,0.25180894
Merzenhausen,2022-04-18 07:00:00,42,val,0.243,0.2523463
Merzenhausen,2022-04-18 08:00:00,42,val,0.244,0.25315025
Merzenhausen,2022-04-18 09:00:00,42,val,0.239,0.25409585
Merzenhausen,2022-04-18 10:00:00,42,val,0.24,0.25492644
Merzenhausen,2022-04-18 11:00:00,42,val,0.238,0.25550961
Merzenhausen,2022-04-18 12:00:00,42,val,0.238,0.25565928
Merzenhausen,2022-04-18 13:00:00,42,val,0.236,0.25548074
Merzenhausen,2022-04-18 14:00:00,42,val,0.236,0.2549786
Merzenhausen,2022-04-18 15:00:00,42,val,0.233,0.2538756
Merzenhausen,2022-04-18 16:00:00,42,val,0.232,0.25225854
Merzenhausen,2022-04-18 17:00:00,42,val,0.231,0.25018933
Merzenhausen,2022-04-18 18:00:00,42,val,0.229,0.24802288
Merzenhausen,2022-04-18 19:00:00,42,val,0.229,0.24611865
Merzenhausen,2022-04-18 20:00:00,42,val,0.229,0.24443093
Merzenhausen,2022-04-18 21:00:00,42,val,0.228,0.2430281
Merzenhausen,2022-04-18 22:00:00,42,val,0.229,0.241861
Merzenhausen,2022-04-18 23:00:00,42,val,0.229,0.24071375
Merzenhausen,2022-04-19 00:00:00,42,val,0.228,0.23961037
Merzenhausen,2022-04-19 01:00:00,42,val,0.23,0.23840165
Merzenhausen,2022-04-19 02:00:00,42,val,0.23,0.23720396
Merzenhausen,2022-04-19 03:00:00,42,val,0.23,0.23596773
Merzenhausen,2022-04-19 04:00:00,42,val,0.228,0.23492192
Merzenhausen,2022-04-19 05:00:00,42,val,0.229,0.23422648
Merzenhausen,2022-04-19 06:00:00,42,val,0.228,0.23421088
Merzenhausen,2022-04-19 07:00:00,42,val,0.228,0.23484968
Merzenhausen,2022-04-19 08:00:00,42,val,0.227,0.23596251
Merzenhausen,2022-04-19 09:00:00,42,val,0.225,0.23716234
Merzenhausen,2022-04-19 10:00:00,42,val,0.225,0.2382814
Merzenhausen,2022-04-19 11:00:00,42,val,0.225,0.23907642
Merzenhausen,2022-04-19 12:00:00,42,val,0.222,0.23954354
Merzenhausen,2022-04-19 13:00:00,42,val,0.22,0.23969454
Merzenhausen,2022-04-19 14:00:00,42,val,0.219,0.23943987
Merzenhausen,2022-04-19 15:00:00,42,val,0.22,0.23858212
Merzenhausen,2022-04-19 16:00:00,42,val,0.216,0.23717844
Merzenhausen,2022-04-19 17:00:00,42,val,0.217,0.23546849
Merzenhausen,2022-04-19 18:00:00,42,val,0.217,0.23357753
Merzenhausen,2022-04-19 19:00:00,42,val,0.218,0.23163301
Merzenhausen,2022-04-19 20:00:00,42,val,0.215,0.229609
Merzenhausen,2022-04-19 21:00:00,42,val,0.216,0.22780938
Merzenhausen,2022-04-19 22:00:00,42,val,0.215,0.22616379
Merzenhausen,2022-04-19 23:00:00,42,val,0.216,0.2246705
Merzenhausen,2022-04-20 00:00:00,42,val,0.216,0.22348094
Merzenhausen,2022-04-20 01:00:00,42,val,0.216,0.22244178
Merzenhausen,2022-04-20 02:00:00,42,val,0.216,0.22156438
Merzenhausen,2022-04-20 03:00:00,42,val,0.214,0.2209287
Merzenhausen,2022-04-20 04:00:00,42,val,0.216,0.22048673
Merzenhausen,2022-04-20 05:00:00,42,val,0.216,0.2203226
Merzenhausen,2022-04-20 06:00:00,42,val,0.214,0.22066374
Merzenhausen,2022-04-20 07:00:00,42,val,0.217,0.22137468
Merzenhausen,2022-04-20 08:00:00,42,val,0.215,0.22236821
Merzenhausen,2022-04-20 09:00:00,42,val,0.217,0.22329369
Merzenhausen,2022-04-20 10:00:00,42,val,0.217,0.22412798
Merzenhausen,2022-04-20 11:00:00,42,val,0.219,0.22475572
Merzenhausen,2022-04-20 12:00:00,42,val,0.217,0.22520736
Merzenhausen,2022-04-20 13:00:00,42,val,0.213,0.22533053
Merzenhausen,2022-04-20 14:00:00,42,val,0.214,0.22520676
Merzenhausen,2022-04-20 15:00:00,42,val,0.214,0.2246102
Merzenhausen,2022-04-20 16:00:00,42,val,0.214,0.22358008
Merzenhausen,2022-04-20 17:00:00,42,val,0.213,0.22216143
Merzenhausen,2022-04-20 18:00:00,42,val,0.212,0.22041653
Merzenhausen,2022-04-20 19:00:00,42,val,0.209,0.21849595
Merzenhausen,2022-04-20 20:00:00,42,val,0.211,0.21653326
Merzenhausen,2022-04-20 21:00:00,42,val,0.212,0.21453099
Merzenhausen,2022-04-20 22:00:00,42,val,0.212,0.21268035
Merzenhausen,2022-04-20 23:00:00,42,val,0.212,0.21095392
Merzenhausen,2022-04-21 00:00:00,42,val,0.212,0.20930547
Merzenhausen,2022-04-21 01:00:00,42,val,0.213,0.20790431
Merzenhausen,2022-04-21 02:00:00,42,val,0.209,0.20680764
Merzenhausen,2022-04-21 03:00:00,42,val,0.21,0.20613652
Merzenhausen,2022-04-21 04:00:00,42,val,0.21,0.20559044
Merzenhausen,2022-04-21 05:00:00,42,val,0.21,0.2053311
Merzenhausen,2022-04-21 06:00:00,42,val,0.211,0.20552912
Merzenhausen,2022-04-21 07:00:00,42,val,0.208,0.20628579
Merzenhausen,2022-04-21 08:00:00,42,val,0.209,0.20720302
Merzenhausen,2022-04-21 09:00:00,42,val,0.209,0.20816016
Merzenhausen,2022-04-21 10:00:00,42,val,0.208,0.2090264
Merzenhausen,2022-04-21 11:00:00,42,val,0.209,0.20981221
Merzenhausen,2022-04-21 12:00:00,42,val,0.206,0.21041496
Merzenhausen,2022-04-21 13:00:00,42,val,0.206,0.21076177
Merzenhausen,2022-04-21 14:00:00,42,val,0.204,0.21085925
Merzenhausen,2022-04-21 15:00:00,42,val,0.206,0.21069458
Merzenhausen,2022-04-21 16:00:00,42,val,0.204,0.21014652
Merzenhausen,2022-04-21 17:00:00,42,val,0.203,0.20929308
Merzenhausen,2022-04-21 18:00:00,42,val,0.201,0.20816542
Merzenhausen,2022-04-21 19:00:00,42,val,0.203,0.20685846
Merzenhausen,2022-04-21 20:00:00,42,val,0.204,0.20528346
Merzenhausen,2022-04-21 21:00:00,42,val,0.202,0.20361324
Merzenhausen,2022-04-21 22:00:00,42,val,0.202,0.20183372
Merzenhausen,2022-04-21 23:00:00,42,val,0.203,0.20002355
Merzenhausen,2022-04-22 00:00:00,42,val,0.199,0.19824223
Merzenhausen,2022-04-22 01:00:00,42,val,0.2,0.19659394
Merzenhausen,2022-04-22 02:00:00,42,val,0.201,0.19520622
Merzenhausen,2022-04-22 03:00:00,42,val,0.198,0.19414525
Merzenhausen,2022-04-22 04:00:00,42,val,0.201,0.1934445
Merzenhausen,2022-04-22 05:00:00,42,val,0.204,0.19320121
Merzenhausen,2022-04-22 06:00:00,42,val,0.201,0.19338484
Merzenhausen,2022-04-22 07:00:00,42,val,0.202,0.1940419
Merzenhausen,2022-04-22 08:00:00,42,val,0.202,0.19492611
Merzenhausen,2022-04-22 09:00:00,42,val,0.198,0.19598293
Merzenhausen,2022-04-22 10:00:00,42,val,0.2,0.19716506
Merzenhausen,2022-04-22 11:00:00,42,val,0.196,0.19859812
Merzenhausen,2022-04-22 12:00:00,42,val,0.197,0.20009036
Merzenhausen,2022-04-22 13:00:00,42,val,0.197,0.20138034
Merzenhausen,2022-04-22 14:00:00,42,val,0.197,0.20245385
Merzenhausen,2022-04-22 15:00:00,42,val,0.195,0.2033352
Merzenhausen,2022-04-22 16:00:00,42,val,0.196,0.20394431
Merzenhausen,2022-04-22 17:00:00,42,val,0.196,0.20412488
Merzenhausen,2022-04-22 18:00:00,42,val,0.197,0.20378098
Merzenhausen,2022-04-22 19:00:00,42,val,0.196,0.2028498
Merzenhausen,2022-04-22 20:00:00,42,val,0.194,0.20159145
Merzenhausen,2022-04-22 21:00:00,42,val,0.195,0.2001219
Merzenhausen,2022-04-22 22:00:00,42,val,0.193,0.19852537
Merzenhausen,2022-04-22 23:00:00,42,val,0.194,0.19688378
Merzenhausen,2022-04-23 00:00:00,42,val,0.19,0.19528137
Merzenhausen,2022-04-23 01:00:00,42,val,0.193,0.19385391
Merzenhausen,2022-04-23 02:00:00,42,val,0.193,0.19250762
Merzenhausen,2022-04-23 03:00:00,42,val,0.193,0.19140027
Merzenhausen,2022-04-23 04:00:00,42,val,0.193,0.19064297
Merzenhausen,2022-04-23 05:00:00,42,val,0.194,0.19028902
Merzenhausen,2022-04-23 06:00:00,42,val,0.195,0.19043022
Merzenhausen,2022-04-23 07:00:00,42,val,0.192,0.19082914
Merzenhausen,2022-04-23 08:00:00,42,val,0.192,0.19140778
Merzenhausen,2022-04-23 09:00:00,42,val,0.195,0.19209938
Merzenhausen,2022-04-23 10:00:00,42,val,0.194,0.1927931
Merzenhausen,2022-04-23 11:00:00,42,val,0.196,0.19354764
Merzenhausen,2022-04-23 12:00:00,42,val,0.195,0.19418515
Merzenhausen,2022-04-23 13:00:00,42,val,0.192,0.19471364
Merzenhausen,2022-04-23 14:00:00,42,val,0.194,0.19513097
Merzenhausen,2022-04-23 15:00:00,42,val,0.193,0.195477
Merzenhausen,2022-04-23 16:00:00,42,val,0.193,0.19564278
Merzenhausen,2022-04-23 17:00:00,42,val,0.192,0.19550727
Merzenhausen,2022-04-23 18:00:00,42,val,0.191,0.1949388
Merzenhausen,2022-04-23 19:00:00,42,val,0.193,0.19406539
Merzenhausen,2022-04-23 20:00:00,42,val,0.19,0.19295211
Merzenhausen,2022-04-23 21:00:00,42,val,0.193,0.19154508
Merzenhausen,2022-04-23 22:00:00,42,val,0.194,0.18996027
Merzenhausen,2022-04-23 23:00:00,42,val,0.191,0.18834028
Merzenhausen,2022-04-24 00:00:00,42,val,0.192,0.18658607
Merzenhausen,2022-04-24 01:00:00,42,val,0.193,0.1848425
Merzenhausen,2022-04-24 02:00:00,42,val,0.193,0.18333332
Merzenhausen,2022-04-24 03:00:00,42,val,0.195,0.1820281
Merzenhausen,2022-04-24 04:00:00,42,val,0.195,0.18116887
Merzenhausen,2022-04-24 05:00:00,42,val,0.195,0.18087645
Merzenhausen,2022-04-24 06:00:00,42,val,0.193,0.1810184
Merzenhausen,2022-04-24 07:00:00,42,val,0.189,0.18152887
Merzenhausen,2022-04-24 08:00:00,42,val,0.191,0.18235594
Merzenhausen,2022-04-24 09:00:00,42,val,0.195,0.18316525
Merzenhausen,2022-04-24 10:00:00,42,val,0.195,0.18413785
Merzenhausen,2022-04-24 11:00:00,42,val,0.192,0.1849754
Merzenhausen,2022-04-24 12:00:00,42,val,0.192,0.18573676
Merzenhausen,2022-04-24 13:00:00,42,val,0.194,0.18641874
Merzenhausen,2022-04-24 14:00:00,42,val,0.193,0.1870573
Merzenhausen,2022-04-24 15:00:00,42,val,0.193,0.18751456
Merzenhausen,2022-04-24 16:00:00,42,val,0.192,0.18782388
Merzenhausen,2022-04-24 17:00:00,42,val,0.19,0.18790796
Merzenhausen,2022-04-24 18:00:00,42,val,0.19,0.18779936
Merzenhausen,2022-04-24 19:00:00,42,val,0.192,0.18735048
Merzenhausen,2022-04-24 20:00:00,42,val,0.193,0.18644238
Merzenhausen,2022-04-24 21:00:00,42,val,0.194,0.18518019
Merzenhausen,2022-04-24 22:00:00,42,val,0.194,0.18360095
Merzenhausen,2022-04-24 23:00:00,42,val,0.192,0.1818504
Merzenhausen,2022-04-25 00:00:00,42,val,0.192,0.17976223
Merzenhausen,2022-04-25 01:00:00,42,val,0.191,0.1777687
Merzenhausen,2022-04-25 02:00:00,42,val,0.192,0.17609261
Merzenhausen,2022-04-25 03:00:00,42,val,0.193,0.17510945
Merzenhausen,2022-04-25 04:00:00,42,val,0.193,0.17435339
Merzenhausen,2022-04-25 05:00:00,42,val,0.194,0.1738776
Merzenhausen,2022-04-25 06:00:00,42,val,0.191,0.17377658
Merzenhausen,2022-04-25 07:00:00,42,val,0.191,0.17406201
Merzenhausen,2022-04-25 08:00:00,42,val,0.191,0.17457616
Merzenhausen,2022-04-25 09:00:00,42,val,0.191,0.17538434
Merzenhausen,2022-04-25 10:00:00,42,val,0.191,0.17643316
Merzenhausen,2022-04-25 11:00:00,42,val,0.1995,0.17780665
Merzenhausen,2022-04-25 12:00:00,42,val,0.189,0.17940146
Merzenhausen,2022-04-25 13:00:00,42,val,0.192,0.18109918
Merzenhausen,2022-04-25 14:00:00,42,val,0.189,0.18301962
Merzenhausen,2022-04-25 15:00:00,42,val,0.191,0.18494293
Merzenhausen,2022-04-25 16:00:00,42,val,0.19,0.18668662
Merzenhausen,2022-04-25 17:00:00,42,val,0.19,0.18803361
Merzenhausen,2022-04-25 18:00:00,42,val,0.19,0.18884334
Merzenhausen,2022-04-25 19:00:00,42,val,0.191,0.1891683
Merzenhausen,2022-04-25 20:00:00,42,val,0.19,0.1888284
Merzenhausen,2022-04-25 21:00:00,42,val,0.189,0.1879641
Merzenhausen,2022-04-25 22:00:00,42,val,0.19,0.1866682
Merzenhausen,2022-04-25 23:00:00,42,val,0.188,0.18487975
Merzenhausen,2022-04-26 00:00:00,42,val,0.185,0.18283135
Merzenhausen,2022-04-26 01:00:00,42,val,0.188,0.18076308
Merzenhausen,2022-04-26 02:00:00,42,val,0.185,0.17886367
Merzenhausen,2022-04-26 03:00:00,42,val,0.19,0.17739862
Merzenhausen,2022-04-26 04:00:00,42,val,0.188,0.17666289
Merzenhausen,2022-04-26 05:00:00,42,val,0.189,0.1768722
Merzenhausen,2022-04-26 06:00:00,42,val,0.187,0.17692985
Merzenhausen,2022-04-26 07:00:00,42,val,0.186,0.17685318
Merzenhausen,2022-04-26 08:00:00,42,val,0.186,0.17682451
Merzenhausen,2022-04-26 09:00:00,42,val,0.189,0.17706572
Merzenhausen,2022-04-26 10:00:00,42,val,0.188,0.17762218
Merzenhausen,2022-04-26 11:00:00,42,val,0.187,0.17841108
Merzenhausen,2022-04-26 12:00:00,42,val,0.188,0.17950974
Merzenhausen,2022-04-26 13:00:00,42,val,0.187,0.18099594
Merzenhausen,2022-04-26 14:00:00,42,val,0.186,0.18271011
Merzenhausen,2022-04-26 15:00:00,42,val,0.187,0.18443269
Merzenhausen,2022-04-26 16:00:00,42,val,0.186,0.18592227
Merzenhausen,2022-04-26 17:00:00,42,val,0.186,0.18695402
Merzenhausen,2022-04-26 18:00:00,42,val,0.187,0.1875442
Merzenhausen,2022-04-26 19:00:00,42,val,0.185,0.18784425
Merzenhausen,2022-04-26 20:00:00,42,val,0.184,0.18769652
Merzenhausen,2022-04-26 21:00:00,42,val,0.185,0.1870319
Merzenhausen,2022-04-26 22:00:00,42,val,0.187,0.18588029
Merzenhausen,2022-04-26 23:00:00,42,val,0.185,0.1842502
Merzenhausen,2022-04-27 00:00:00,42,val,0.183,0.18230036
Merzenhausen,2022-04-27 01:00:00,42,val,0.186,0.18026057
Merzenhausen,2022-04-27 02:00:00,42,val,0.183,0.17830545
Merzenhausen,2022-04-27 03:00:00,42,val,0.185,0.17670612
Merzenhausen,2022-04-27 04:00:00,42,val,0.183,0.17547882
Merzenhausen,2022-04-27 05:00:00,42,val,0.184,0.17473286
Merzenhausen,2022-04-27 06:00:00,42,val,0.184,0.17438586
Merzenhausen,2022-04-27 07:00:00,42,val,0.184,0.17446142
Merzenhausen,2022-04-27 08:00:00,42,val,0.183,0.1748337
Merzenhausen,2022-04-27 09:00:00,42,val,0.187,0.17540193
Merzenhausen,2022-04-27 10:00:00,42,val,0.184,0.1761091
Merzenhausen,2022-04-27 11:00:00,42,val,0.186,0.17732692
Merzenhausen,2022-04-27 12:00:00,42,val,0.185,0.17851712
Merzenhausen,2022-04-27 13:00:00,42,val,0.185,0.17977573
Merzenhausen,2022-04-27 14:00:00,42,val,0.184,0.18096492
Merzenhausen,2022-04-27 15:00:00,42,val,0.186,0.18205713
Merzenhausen,2022-04-27 16:00:00,42,val,0.186,0.1829823
Merzenhausen,2022-04-27 17:00:00,42,val,0.186,0.18357933
Merzenhausen,2022-04-27 18:00:00,42,val,0.186,0.18379967
Merzenhausen,2022-04-27 19:00:00,42,val,0.186,0.18367875
Merzenhausen,2022-04-27 20:00:00,42,val,0.184,0.18313774
Merzenhausen,2022-04-27 21:00:00,42,val,0.184,0.18210344
Merzenhausen,2022-04-27 22:00:00,42,val,0.185,0.18075521
Merzenhausen,2022-04-27 23:00:00,42,val,0.185,0.17904729
Merzenhausen,2022-04-28 00:00:00,42,val,0.185,0.17698407
Merzenhausen,2022-04-28 01:00:00,42,val,0.186,0.1749363
Merzenhausen,2022-04-28 02:00:00,42,val,0.184,0.1729838
Merzenhausen,2022-04-28 03:00:00,42,val,0.185,0.17149423
Merzenhausen,2022-04-28 04:00:00,42,val,0.183,0.17039394
Merzenhausen,2022-04-28 05:00:00,42,val,0.184,0.16973832
Merzenhausen,2022-04-28 06:00:00,42,val,0.184,0.1695952
Merzenhausen,2022-04-28 07:00:00,42,val,0.184,0.16976854
Merzenhausen,2022-04-28 08:00:00,42,val,0.184,0.17015442
Merzenhausen,2022-04-28 09:00:00,42,val,0.184,0.17086327
Merzenhausen,2022-04-28 10:00:00,42,val,0.184,0.17174429
Merzenhausen,2022-04-28 11:00:00,42,val,0.183,0.17271754
Merzenhausen,2022-04-28 12:00:00,42,val,0.186,0.17385015
Merzenhausen,2022-04-28 13:00:00,42,val,0.183,0.17503318
Merzenhausen,2022-04-28 14:00:00,42,val,0.185,0.17619053
Merzenhausen,2022-04-28 15:00:00,42,val,0.184,0.17732161
Merzenhausen,2022-04-28 16:00:00,42,val,0.184,0.17824599
Merzenhausen,2022-04-28 17:00:00,42,val,0.184,0.17888418
Merzenhausen,2022-04-28 18:00:00,42,val,0.1855,0.17922121
Merzenhausen,2022-04-28 19:00:00,42,val,0.184,0.17911215
Merzenhausen,2022-04-28 20:00:00,42,val,0.183,0.17848796
Merzenhausen,2022-04-28 21:00:00,42,val,0.176,0.17748329
Merzenhausen,2022-04-28 22:00:00,42,val,0.186,0.17625946
Merzenhausen,2022-04-28 23:00:00,42,val,0.183,0.17477527
Merzenhausen,2022-04-29 00:00:00,42,val,0.183,0.17300782
Merzenhausen,2022-04-29 01:00:00,42,val,0.181,0.17131276
Merzenhausen,2022-04-29 02:00:00,42,val,0.182,0.16968739
Merzenhausen,2022-04-29 03:00:00,42,val,0.179,0.16838205
Merzenhausen,2022-04-29 04:00:00,42,val,0.18,0.16733836
Merzenhausen,2022-04-29 05:00:00,42,val,0.18,0.16669391
Merzenhausen,2022-04-29 06:00:00,42,val,0.18,0.16647422
Merzenhausen,2022-04-29 07:00:00,42,val,0.18,0.16661127
Merzenhausen,2022-04-29 08:00:00,42,val,0.18,0.16695532
Merzenhausen,2022-04-29 09:00:00,42,val,0.182,0.16768523
Merzenhausen,2022-04-29 10:00:00,42,val,0.181,0.16856414
Merzenhausen,2022-04-29 11:00:00,42,val,0.181,0.1696912
Merzenhausen,2022-04-29 12:00:00,42,val,0.183,0.17104158
Merzenhausen,2022-04-29 13:00:00,42,val,0.182,0.17258526
Merzenhausen,2022-04-29 14:00:00,42,val,0.183,0.1742567
Merzenhausen,2022-04-29 15:00:00,42,val,0.183,0.17602612
Merzenhausen,2022-04-29 16:00:00,42,val,0.182,0.17776516
Merzenhausen,2022-04-29 17:00:00,42,val,0.182,0.17927279
Merzenhausen,2022-04-29 18:00:00,42,val,0.18,0.18037619
Merzenhausen,2022-04-29 19:00:00,42,val,0.181,0.18091002
Merzenhausen,2022-04-29 20:00:00,42,val,0.182,0.18078136
Merzenhausen,2022-04-29 21:00:00,42,val,0.181,0.1799577
Merzenhausen,2022-04-29 22:00:00,42,val,0.178,0.17859939
Merzenhausen,2022-04-29 23:00:00,42,val,0.179,0.17687891
Merzenhausen,2022-04-30 00:00:00,42,val,0.179,0.17493606
Merzenhausen,2022-04-30 01:00:00,42,val,0.18,0.17301553
Merzenhausen,2022-04-30 02:00:00,42,val,0.179,0.17128392
Merzenhausen,2022-04-30 03:00:00,42,val,0.179,0.16982351
Merzenhausen,2022-04-30 04:00:00,42,val,0.178,0.16865104
Merzenhausen,2022-04-30 05:00:00,42,val,0.178,0.16781585
Merzenhausen,2022-04-30 06:00:00,42,val,0.176,0.16740113
Merzenhausen,2022-04-30 07:00:00,42,val,0.179,0.16740845
Merzenhausen,2022-04-30 08:00:00,42,val,0.18,0.16762005
Merzenhausen,2022-04-30 09:00:00,42,val,0.181,0.16810633
Merzenhausen,2022-04-30 10:00:00,42,val,0.181,0.16880438
Merzenhausen,2022-04-30 11:00:00,42,val,0.18,0.16966394
Merzenhausen,2022-04-30 12:00:00,42,val,0.18,0.1709534
Merzenhausen,2022-04-30 13:00:00,42,val,0.179,0.17237999
Merzenhausen,2022-04-30 14:00:00,42,val,0.178,0.1740424
Merzenhausen,2022-04-30 15:00:00,42,val,0.18,0.17576855
Merzenhausen,2022-04-30 16:00:00,42,val,0.18,0.17737097
Merzenhausen,2022-04-30 17:00:00,42,val,0.178,0.17872013
Merzenhausen,2022-04-30 18:00:00,42,val,0.179,0.17972332
Merzenhausen,2022-04-30 19:00:00,42,val,0.176,0.18016793
Merzenhausen,2022-04-30 20:00:00,42,val,0.178,0.1799566
Merzenhausen,2022-04-30 21:00:00,42,val,0.175,0.17876005
Merzenhausen,2022-04-30 22:00:00,42,val,0.173,0.17732236
Merzenhausen,2022-04-30 23:00:00,42,val,0.176,0.17554036
Merzenhausen,2022-05-01 00:00:00,42,val,0.175,0.17359206
Merzenhausen,2022-05-01 01:00:00,42,val,0.176,0.17157853
Merzenhausen,2022-05-01 02:00:00,42,val,0.177,0.16975707
Merzenhausen,2022-05-01 03:00:00,42,val,0.175,0.1680906
Merzenhausen,2022-05-01 04:00:00,42,val,0.174,0.16673936
Merzenhausen,2022-05-01 05:00:00,42,val,0.172,0.16575892
Merzenhausen,2022-05-01 06:00:00,42,val,0.173,0.16514067
Merzenhausen,2022-05-01 07:00:00,42,val,0.175,0.16487092
Merzenhausen,2022-05-01 08:00:00,42,val,0.172,0.16490628
Merzenhausen,2022-05-01 09:00:00,42,val,0.173,0.16525167
Merzenhausen,2022-05-01 10:00:00,42,val,0.172,0.1658021
Merzenhausen,2022-05-01 11:00:00,42,val,0.174,0.1665307
Merzenhausen,2022-05-01 12:00:00,42,val,0.173,0.16760054
Merzenhausen,2022-05-01 13:00:00,42,val,0.172,0.16896075
Merzenhausen,2022-05-01 14:00:00,42,val,0.175,0.17066927
Merzenhausen,2022-05-01 15:00:00,42,val,0.175,0.17252743
Merzenhausen,2022-05-01 16:00:00,42,val,0.175,0.17427802
Merzenhausen,2022-05-01 17:00:00,42,val,0.175,0.17565593
Merzenhausen,2022-05-01 18:00:00,42,val,0.173,0.17651059
Merzenhausen,2022-05-01 19:00:00,42,val,0.171,0.17691427
Merzenhausen,2022-05-01 20:00:00,42,val,0.173,0.17681766
Merzenhausen,2022-05-01 21:00:00,42,val,0.17,0.17611915
Merzenhausen,2022-05-01 22:00:00,42,val,0.171,0.17474432
Merzenhausen,2022-05-01 23:00:00,42,val,0.17,0.17298478
Merzenhausen,2022-05-02 00:00:00,42,val,0.171,0.17107826
Merzenhausen,2022-05-02 01:00:00,42,val,0.172,0.16914591
Merzenhausen,2022-05-02 02:00:00,42,val,0.169,0.16737297
Merzenhausen,2022-05-02 03:00:00,42,val,0.167,0.16591294
Merzenhausen,2022-05-02 04:00:00,42,val,0.166,0.16476345
Merzenhausen,2022-05-02 05:00:00,42,val,0.168,0.1640003
Merzenhausen,2022-05-02 06:00:00,42,val,0.17,0.16349529
Merzenhausen,2022-05-02 07:00:00,42,val,0.166,0.16337009
Merzenhausen,2022-05-02 08:00:00,42,val,0.165,0.16359812
Merzenhausen,2022-05-02 09:00:00,42,val,0.168,0.16412662
Merzenhausen,2022-05-02 10:00:00,42,val,0.167,0.16477951
Merzenhausen,2022-05-02 11:00:00,42,val,0.17,0.16550778
Merzenhausen,2022-05-02 12:00:00,42,val,0.17,0.16632774
Merzenhausen,2022-05-02 13:00:00,42,val,0.169,0.167239
Merzenhausen,2022-05-02 14:00:00,42,val,0.168,0.16824539
Merzenhausen,2022-05-02 15:00:00,42,val,0.17,0.16933766
Merzenhausen,2022-05-02 16:00:00,42,val,0.17,0.17032628
Merzenhausen,2022-05-02 17:00:00,42,val,0.172,0.1709961
Merzenhausen,2022-05-02 18:00:00,42,val,0.168,0.17134665
Merzenhausen,2022-05-02 19:00:00,42,val,0.17,0.17113876
Merzenhausen,2022-05-02 20:00:00,42,val,0.168,0.17049627
Merzenhausen,2022-05-02 21:00:00,42,val,0.167,0.16927637
Merzenhausen,2022-05-02 22:00:00,42,val,0.169,0.16761565
Merzenhausen,2022-05-02 23:00:00,42,val,0.167,0.16583118
Merzenhausen,2022-05-03 00:00:00,42,val,0.166,0.16402094
Merzenhausen,2022-05-03 01:00:00,42,val,0.166,0.1623586
Merzenhausen,2022-05-03 02:00:00,42,val,0.164,0.16101497
Merzenhausen,2022-05-03 03:00:00,42,val,0.165,0.15995117
Merzenhausen,2022-05-03 04:00:00,42,val,0.165,0.15911031
Merzenhausen,2022-05-03 05:00:00,42,val,0.162,0.15852733
Merzenhausen,2022-05-03 06:00:00,42,val,0.162,0.15832071
Merzenhausen,2022-05-03 07:00:00,42,val,0.163,0.15848958
Merzenhausen,2022-05-03 08:00:00,42,val,0.166,0.15884504
Merzenhausen,2022-05-03 09:00:00,42,val,0.165,0.1592879
Merzenhausen,2022-05-03 10:00:00,42,val,0.168,0.15970841
Merzenhausen,2022-05-03 11:00:00,42,val,0.166,0.16024737
Merzenhausen,2022-05-03 12:00:00,42,val,0.169,0.16090868
Merzenhausen,2022-05-03 13:00:00,42,val,0.168,0.16169958
Merzenhausen,2022-05-03 14:00:00,42,val,0.17,0.16270974
Merzenhausen,2022-05-03 15:00:00,42,val,0.166,0.1639097
Merzenhausen,2022-05-03 16:00:00,42,val,0.169,0.16511649
Merzenhausen,2022-05-03 17:00:00,42,val,0.167,0.1660754
Merzenhausen,2022-05-03 18:00:00,42,val,0.165,0.16665347
Merzenhausen,2022-05-03 19:00:00,42,val,0.166,0.16666603
Merzenhausen,2022-05-03 20:00:00,42,val,0.165,0.16629595
Merzenhausen,2022-05-03 21:00:00,42,val,0.166,0.16538543
Merzenhausen,2022-05-03 22:00:00,42,val,0.163,0.16411635
Merzenhausen,2022-05-03 23:00:00,42,val,0.162,0.16259915
Merzenhausen,2022-05-04 00:00:00,42,val,0.163,0.16105373
Merzenhausen,2022-05-04 01:00:00,42,val,0.162,0.15962858
Merzenhausen,2022-05-04 02:00:00,42,val,0.161,0.1583231
Merzenhausen,2022-05-04 03:00:00,42,val,0.161,0.15712252
Merzenhausen,2022-05-04 04:00:00,42,val,0.162,0.15609628
Merzenhausen,2022-05-04 05:00:00,42,val,0.16,0.15538499
Merzenhausen,2022-05-04 06:00:00,42,val,0.16,0.1551454
Merzenhausen,2022-05-04 07:00:00,42,val,0.161,0.15509759
Merzenhausen,2022-05-04 08:00:00,42,val,0.16,0.15512343
Merzenhausen,2022-05-04 09:00:00,42,val,0.163,0.15533444
Merzenhausen,2022-05-04 10:00:00,42,val,0.164,0.15560178
Merzenhausen,2022-05-04 11:00:00,42,val,0.165,0.15619995
Merzenhausen,2022-05-04 12:00:00,42,val,0.166,0.15702567
Merzenhausen,2022-05-04 13:00:00,42,val,0.166,0.1580807
Merzenhausen,2022-05-04 14:00:00,42,val,0.165,0.15920863
Merzenhausen,2022-05-04 15:00:00,42,val,0.168,0.16045365
Merzenhausen,2022-05-04 16:00:00,42,val,0.168,0.16168906
Merzenhausen,2022-05-04 17:00:00,42,val,0.164,0.16282344
Merzenhausen,2022-05-04 18:00:00,42,val,0.165,0.1634801
Merzenhausen,2022-05-04 19:00:00,42,val,0.164,0.16378383
Merzenhausen,2022-05-04 20:00:00,42,val,0.164,0.16360363
Merzenhausen,2022-05-04 21:00:00,42,val,0.161,0.16294368
Merzenhausen,2022-05-04 22:00:00,42,val,0.162,0.16200534
Merzenhausen,2022-05-04 23:00:00,42,val,0.163,0.16077375
Merzenhausen,2022-05-05 00:00:00,42,val,0.162,0.15933701
Merzenhausen,2022-05-05 01:00:00,42,val,0.161,0.1578394
Merzenhausen,2022-05-05 02:00:00,42,val,0.159,0.15637471
Merzenhausen,2022-05-05 03:00:00,42,val,0.162,0.15504454
Merzenhausen,2022-05-05 04:00:00,42,val,0.16,0.15398002
Merzenhausen,2022-05-05 05:00:00,42,val,0.16,0.15314962
Merzenhausen,2022-05-05 06:00:00,42,val,0.16,0.15267666
Merzenhausen,2022-05-05 07:00:00,42,val,0.159,0.15244752
Merzenhausen,2022-05-05 08:00:00,42,val,0.161,0.15259726
Merzenhausen,2022-05-05 09:00:00,42,val,0.16,0.15280952
Merzenhausen,2022-05-05 10:00:00,42,val,0.162,0.15324658
Merzenhausen,2022-05-05 11:00:00,42,val,0.163,0.15376076
Merzenhausen,2022-05-05 12:00:00,42,val,0.162,0.15452039
Merzenhausen,2022-05-05 13:00:00,42,val,0.161,0.15550452
Merzenhausen,2022-05-05 14:00:00,42,val,0.162,0.15677063
Merzenhausen,2022-05-05 15:00:00,42,val,0.164,0.15797852
Merzenhausen,2022-05-05 16:00:00,42,val,0.165,0.15926582
Merzenhausen,2022-05-05 17:00:00,42,val,0.164,0.16032103
Merzenhausen,2022-05-05 18:00:00,42,val,0.161,0.16095136
Merzenhausen,2022-05-05 19:00:00,42,val,0.161,0.16119851
Merzenhausen,2022-05-05 20:00:00,42,val,0.163,0.16088942
Merzenhausen,2022-05-05 21:00:00,42,val,0.162,0.16025218
Merzenhausen,2022-05-05 22:00:00,42,val,0.163,0.15917042
Merzenhausen,2022-05-05 23:00:00,42,val,0.158,0.15773728
Merzenhausen,2022-05-06 00:00:00,42,val,0.157,0.15621918
Merzenhausen,2022-05-06 01:00:00,42,val,0.159,0.15470043
Merzenhausen,2022-05-06 02:00:00,42,val,0.159,0.1532809
Merzenhausen,2022-05-06 03:00:00,42,val,0.159,0.15199208
Merzenhausen,2022-05-06 04:00:00,42,val,0.159,0.15104853
Merzenhausen,2022-05-06 05:00:00,42,val,0.162,0.15037006
Merzenhausen,2022-05-06 06:00:00,42,val,0.161,0.14999484
Merzenhausen,2022-05-06 07:00:00,42,val,0.157,0.14981472
Merzenhausen,2022-05-06 08:00:00,42,val,0.16,0.1498202
Merzenhausen,2022-05-06 09:00:00,42,val,0.16,0.15013728
Merzenhausen,2022-05-06 10:00:00,42,val,0.161,0.15063241
Merzenhausen,2022-05-06 11:00:00,42,val,0.16,0.15132475
Merzenhausen,2022-05-06 12:00:00,42,val,0.163,0.15216969
Merzenhausen,2022-05-06 13:00:00,42,val,0.162,0.15321857
Merzenhausen,2022-05-06 14:00:00,42,val,0.164,0.15437321
Merzenhausen,2022-05-06 15:00:00,42,val,0.166,0.15573084
Merzenhausen,2022-05-06 16:00:00,42,val,0.165,0.15709329
Merzenhausen,2022-05-06 17:00:00,42,val,0.162,0.15800507
Merzenhausen,2022-05-06 18:00:00,42,val,0.161,0.15859029
Merzenhausen,2022-05-06 19:00:00,42,val,0.164,0.15867274
Merzenhausen,2022-05-06 20:00:00,42,val,0.158,0.158317
Merzenhausen,2022-05-06 21:00:00,42,val,0.162,0.1574734
Merzenhausen,2022-05-06 22:00:00,42,val,0.16,0.15636635
Merzenhausen,2022-05-06 23:00:00,42,val,0.157,0.15513095
Merzenhausen,2022-05-07 00:00:00,42,val,0.159,0.153849
Merzenhausen,2022-05-07 01:00:00,42,val,0.157,0.15257555
Merzenhausen,2022-05-07 02:00:00,42,val,0.159,0.15133494
Merzenhausen,2022-05-07 03:00:00,42,val,0.156,0.15042213
Merzenhausen,2022-05-07 04:00:00,42,val,0.16,0.14973678
Merzenhausen,2022-05-07 05:00:00,42,val,0.157,0.14930871
Merzenhausen,2022-05-07 06:00:00,42,val,0.157,0.14932877
Merzenhausen,2022-05-07 07:00:00,42,val,0.158,0.14960323
Merzenhausen,2022-05-07 08:00:00,42,val,0.158,0.1498944
Merzenhausen,2022-05-07 09:00:00,42,val,0.156,0.15014058
Merzenhausen,2022-05-07 10:00:00,42,val,0.157,0.1504354
Merzenhausen,2022-05-07 11:00:00,42,val,0.159,0.15082502
Merzenhausen,2022-05-07 12:00:00,42,val,0.16,0.15120924
Merzenhausen,2022-05-07 13:00:00,42,val,0.166,0.15165892
Merzenhausen,2022-05-07 14:00:00,42,val,0.16,0.15233
Merzenhausen,2022-05-07 15:00:00,42,val,0.165,0.15559408
Merzenhausen,2022-05-07 16:00:00,42,val,0.165,0.15813819
Merzenhausen,2022-05-07 17:00:00,42,val,0.165,0.15969385
Merzenhausen,2022-05-07 18:00:00,42,val,0.164,0.16027445
Merzenhausen,2022-05-07 19:00:00,42,val,0.161,0.16005081
Merzenhausen,2022-05-07 20:00:00,42,val,0.162,0.15932815
Merzenhausen,2022-05-07 21:00:00,42,val,0.161,0.15818015
Merzenhausen,2022-05-07 22:00:00,42,val,0.162,0.15688677
Merzenhausen,2022-05-07 23:00:00,42,val,0.157,0.15528974
Merzenhausen,2022-05-08 00:00:00,42,val,0.156,0.15351108
Merzenhausen,2022-05-08 01:00:00,42,val,0.158,0.15184796
Merzenhausen,2022-05-08 02:00:00,42,val,0.157,0.15049621
Merzenhausen,2022-05-08 03:00:00,42,val,0.159,0.14953306
Merzenhausen,2022-05-08 04:00:00,42,val,0.156,0.14889944
Merzenhausen,2022-05-08 05:00:00,42,val,0.158,0.1487222
Merzenhausen,2022-05-08 06:00:00,42,val,0.16,0.14880905
Merzenhausen,2022-05-08 07:00:00,42,val,0.156,0.14896369
Merzenhausen,2022-05-08 08:00:00,42,val,0.161,0.149176
Merzenhausen,2022-05-08 09:00:00,42,val,0.159,0.14947766
Merzenhausen,2022-05-08 10:00:00,42,val,0.1555,0.14988157
Merzenhausen,2022-05-08 11:00:00,42,val,0.1555,0.15035903
Merzenhausen,2022-05-08 12:00:00,42,val,0.161,0.15105383
Merzenhausen,2022-05-08 13:00:00,42,val,0.162,0.15195453
Merzenhausen,2022-05-08 14:00:00,42,val,0.161,0.15308386
Merzenhausen,2022-05-08 15:00:00,42,val,0.161,0.15440054
Merzenhausen,2022-05-08 16:00:00,42,val,0.161,0.15571436
Merzenhausen,2022-05-08 17:00:00,42,val,0.161,0.15664448
Merzenhausen,2022-05-08 18:00:00,42,val,0.162,0.15712483
Merzenhausen,2022-05-08 19:00:00,42,val,0.16,0.15738222
Merzenhausen,2022-05-08 20:00:00,42,val,0.161,0.15700789
Merzenhausen,2022-05-08 21:00:00,42,val,0.158,0.15637907
Merzenhausen,2022-05-08 22:00:00,42,val,0.162,0.1554381
Merzenhausen,2022-05-08 23:00:00,42,val,0.159,0.15420423
Merzenhausen,2022-05-09 00:00:00,42,val,0.157,0.15298045
Merzenhausen,2022-05-09 01:00:00,42,val,0.16,0.15166405
Merzenhausen,2022-05-09 02:00:00,42,val,0.158,0.15053624
Merzenhausen,2022-05-09 03:00:00,42,val,0.157,0.149468
Merzenhausen,2022-05-09 04:00:00,42,val,0.155,0.14876431
Merzenhausen,2022-05-09 05:00:00,42,val,0.156,0.14828211
Merzenhausen,2022-05-09 06:00:00,42,val,0.161,0.1481606
Merzenhausen,2022-05-09 07:00:00,42,val,0.156,0.14824706
Merzenhausen,2022-05-09 08:00:00,42,val,0.155,0.14854094
Merzenhausen,2022-05-09 09:00:00,42,val,0.157,0.1487391
Merzenhausen,2022-05-09 10:00:00,42,val,0.16,0.14885499
Merzenhausen,2022-05-09 11:00:00,42,val,0.158,0.14899662
Merzenhausen,2022-05-09 12:00:00,42,val,0.161,0.14927745
Merzenhausen,2022-05-09 13:00:00,42,val,0.158,0.15002137
Merzenhausen,2022-05-09 14:00:00,42,val,0.161,0.1507338
Merzenhausen,2022-05-09 15:00:00,42,val,0.159,0.15176679
Merzenhausen,2022-05-09 16:00:00,42,val,0.161,0.15290833
Merzenhausen,2022-05-09 17:00:00,42,val,0.161,0.15398097
Merzenhausen,2022-05-09 18:00:00,42,val,0.158,0.15474546
Merzenhausen,2022-05-09 19:00:00,42,val,0.16,0.15498559
Merzenhausen,2022-05-09 20:00:00,42,val,0.157,0.15471514
Merzenhausen,2022-05-09 21:00:00,42,val,0.158,0.15410027
Merzenhausen,2022-05-09 22:00:00,42,val,0.155,0.15335819
Merzenhausen,2022-05-09 23:00:00,42,val,0.159,0.1523336
Merzenhausen,2022-05-10 00:00:00,42,val,0.157,0.15118241
Merzenhausen,2022-05-10 01:00:00,42,val,0.158,0.15016219
Merzenhausen,2022-05-10 02:00:00,42,val,0.162,0.14926527
Merzenhausen,2022-05-10 03:00:00,42,val,0.157,0.14869104
Merzenhausen,2022-05-10 04:00:00,42,val,0.154,0.14830637
Merzenhausen,2022-05-10 05:00:00,42,val,0.155,0.14816429
Merzenhausen,2022-05-10 06:00:00,42,val,0.155,0.14837724
Merzenhausen,2022-05-10 07:00:00,42,val,0.155,0.14900295
Merzenhausen,2022-05-10 08:00:00,42,val,0.157,0.14985499
Merzenhausen,2022-05-10 09:00:00,42,val,0.152,0.15050524
Merzenhausen,2022-05-10 10:00:00,42,val,0.155,0.15078327
Merzenhausen,2022-05-10 11:00:00,42,val,0.155,0.15081312
Merzenhausen,2022-05-10 12:00:00,42,val,0.157,0.15093753
Merzenhausen,2022-05-10 13:00:00,42,val,0.156,0.1513195
Merzenhausen,2022-05-10 14:00:00,42,val,0.158,0.15187238
Merzenhausen,2022-05-10 15:00:00,42,val,0.158,0.15251698
Merzenhausen,2022-05-10 16:00:00,42,val,0.156,0.1532073
Merzenhausen,2022-05-10 17:00:00,42,val,0.157,0.15371472
Merzenhausen,2022-05-10 18:00:00,42,val,0.157,0.15409507
Merzenhausen,2022-05-10 19:00:00,42,val,0.156,0.15404373
Merzenhausen,2022-05-10 20:00:00,42,val,0.153,0.15371686
Merzenhausen,2022-05-10 21:00:00,42,val,0.154,0.1530825
Merzenhausen,2022-05-10 22:00:00,42,val,0.155,0.15241167
Merzenhausen,2022-05-10 23:00:00,42,val,0.152,0.15168542
Merzenhausen,2022-05-11 00:00:00,42,val,0.154,0.15093505
Merzenhausen,2022-05-11 01:00:00,42,val,0.153,0.15048774
Merzenhausen,2022-05-11 02:00:00,42,val,0.152,0.15012644
Merzenhausen,2022-05-11 03:00:00,42,val,0.152,0.14988399
Merzenhausen,2022-05-11 04:00:00,42,val,0.15,0.14969179
Merzenhausen,2022-05-11 05:00:00,42,val,0.15,0.14961705
Merzenhausen,2022-05-11 06:00:00,42,val,0.15,0.15006772
Merzenhausen,2022-05-11 07:00:00,42,val,0.154,0.15071568
Merzenhausen,2022-05-11 08:00:00,42,val,0.152,0.15113246
Merzenhausen,2022-05-11 09:00:00,42,val,0.155,0.15135458
Merzenhausen,2022-05-11 10:00:00,42,val,0.154,0.15155597
Merzenhausen,2022-05-11 11:00:00,42,val,0.152,0.15169062
Merzenhausen,2022-05-11 12:00:00,42,val,0.154,0.15198787
Merzenhausen,2022-05-11 13:00:00,42,val,0.156,0.15230969
Merzenhausen,2022-05-11 14:00:00,42,val,0.155,0.1527152
Merzenhausen,2022-05-11 15:00:00,42,val,0.156,0.15307526
Merzenhausen,2022-05-11 16:00:00,42,val,0.156,0.153476
Merzenhausen,2022-05-11 17:00:00,42,val,0.158,0.1537756
Merzenhausen,2022-05-11 18:00:00,42,val,0.151,0.15374768
Merzenhausen,2022-05-11 19:00:00,42,val,0.153,0.15346278
Merzenhausen,2022-05-11 20:00:00,42,val,0.154,0.15283865
Merzenhausen,2022-05-11 21:00:00,42,val,0.154,0.15206856
Merzenhausen,2022-05-11 22:00:00,42,val,0.151,0.15106449
Merzenhausen,2022-05-11 23:00:00,42,val,0.152,0.15027684
Merzenhausen,2022-05-12 00:00:00,42,val,0.15,0.15012464
Merzenhausen,2022-05-12 01:00:00,42,val,0.149,0.15001924
Merzenhausen,2022-05-12 02:00:00,42,val,0.151,0.15021841
Merzenhausen,2022-05-12 03:00:00,42,val,0.148,0.15029527
Merzenhausen,2022-05-12 04:00:00,42,val,0.152,0.15016341
Merzenhausen,2022-05-12 05:00:00,42,val,0.151,0.15014768
Merzenhausen,2022-05-12 06:00:00,42,val,0.151,0.15028241
Merzenhausen,2022-05-12 07:00:00,42,val,0.15,0.15045258
Merzenhausen,2022-05-12 08:00:00,42,val,0.151,0.15062776
Merzenhausen,2022-05-12 09:00:00,42,val,0.151,0.15059346
Merzenhausen,2022-05-12 10:00:00,42,val,0.152,0.15040949
Merzenhausen,2022-05-12 11:00:00,42,val,0.154,0.150152
Merzenhausen,2022-05-12 12:00:00,42,val,0.155,0.14999351
Merzenhausen,2022-05-12 13:00:00,42,val,0.155,0.1499779
Merzenhausen,2022-05-12 14:00:00,42,val,0.154,0.15023708
Merzenhausen,2022-05-12 15:00:00,42,val,0.153,0.15071802
Merzenhausen,2022-05-12 16:00:00,42,val,0.153,0.15118769
Merzenhausen,2022-05-12 17:00:00,42,val,0.153,0.151586
Merzenhausen,2022-05-12 18:00:00,42,val,0.154,0.15187064
Merzenhausen,2022-05-12 19:00:00,42,val,0.153,0.15194945
Merzenhausen,2022-05-12 20:00:00,42,val,0.151,0.1517052
Merzenhausen,2022-05-12 21:00:00,42,val,0.154,0.15136582
Merzenhausen,2022-05-12 22:00:00,42,val,0.151,0.15101641
Merzenhausen,2022-05-12 23:00:00,42,val,0.152,0.15041715
Merzenhausen,2022-05-13 00:00:00,42,val,0.147,0.14980668
Merzenhausen,2022-05-13 01:00:00,42,val,0.148,0.14911547
Merzenhausen,2022-05-13 02:00:00,42,val,0.149,0.14842662
Merzenhausen,2022-05-13 03:00:00,42,val,0.147,0.14785254
Merzenhausen,2022-05-13 04:00:00,42,val,0.148,0.14724082
Merzenhausen,2022-05-13 05:00:00,42,val,0.15,0.14679238
Merzenhausen,2022-05-13 06:00:00,42,val,0.148,0.14644945
Merzenhausen,2022-05-13 07:00:00,42,val,0.148,0.14634782
Merzenhausen,2022-05-13 08:00:00,42,val,0.149,0.14634919
Merzenhausen,2022-05-13 09:00:00,42,val,0.148,0.14653401
Merzenhausen,2022-05-13 10:00:00,42,val,0.15,0.14679927
Merzenhausen,2022-05-13 11:00:00,42,val,0.151,0.14698277
Merzenhausen,2022-05-13 12:00:00,42,val,0.15,0.14723511
Merzenhausen,2022-05-13 13:00:00,42,val,0.15,0.14770898
Merzenhausen,2022-05-13 14:00:00,42,val,0.152,0.14832792
Merzenhausen,2022-05-13 15:00:00,42,val,0.152,0.14916196
Merzenhausen,2022-05-13 16:00:00,42,val,0.156,0.15009493
Merzenhausen,2022-05-13 17:00:00,42,val,0.151,0.15112612
Merzenhausen,2022-05-13 18:00:00,42,val,0.15,0.15165141
Merzenhausen,2022-05-13 19:00:00,42,val,0.152,0.15187652
Merzenhausen,2022-05-13 20:00:00,42,val,0.153,0.15191424
Merzenhausen,2022-05-13 21:00:00,42,val,0.151,0.1518224
Merzenhausen,2022-05-13 22:00:00,42,val,0.149,0.15139142
Merzenhausen,2022-05-13 23:00:00,42,val,0.148,0.15084334
Merzenhausen,2022-05-14 00:00:00,42,val,0.147,0.15011603
Merzenhausen,2022-05-14 01:00:00,42,val,0.15,0.14927351
Merzenhausen,2022-05-14 02:00:00,42,val,0.151,0.14846307
Merzenhausen,2022-05-14 03:00:00,42,val,0.149,0.14757827
Merzenhausen,2022-05-14 04:00:00,42,val,0.15,0.1468655
Merzenhausen,2022-05-14 05:00:00,42,val,0.146,0.14639097
Merzenhausen,2022-05-14 06:00:00,42,val,0.15,0.14623398
Merzenhausen,2022-05-14 07:00:00,42,val,0.148,0.1462314
Merzenhausen,2022-05-14 08:00:00,42,val,0.151,0.14628106
Merzenhausen,2022-05-14 09:00:00,42,val,0.15,0.14631791
Merzenhausen,2022-05-14 10:00:00,42,val,0.149,0.14630559
Merzenhausen,2022-05-14 11:00:00,42,val,0.15,0.14634106
Merzenhausen,2022-05-14 12:00:00,42,val,0.153,0.14651689
Merzenhausen,2022-05-14 13:00:00,42,val,0.152,0.14685011
Merzenhausen,2022-05-14 14:00:00,42,val,0.152,0.14730756
Merzenhausen,2022-05-14 15:00:00,42,val,0.151,0.14774907
Merzenhausen,2022-05-14 16:00:00,42,val,0.153,0.14818324
Merzenhausen,2022-05-14 17:00:00,42,val,0.149,0.14850608
Merzenhausen,2022-05-14 18:00:00,42,val,0.15,0.14869061
Merzenhausen,2022-05-14 19:00:00,42,val,0.15,0.14864641
Merzenhausen,2022-05-14 20:00:00,42,val,0.149,0.14834449
Merzenhausen,2022-05-14 21:00:00,42,val,0.15,0.14806318
Merzenhausen,2022-05-14 22:00:00,42,val,0.147,0.14767781
Merzenhausen,2022-05-14 23:00:00,42,val,0.146,0.14732906
Merzenhausen,2022-05-15 00:00:00,42,val,0.147,0.1468272
Merzenhausen,2022-05-15 01:00:00,42,val,0.147,0.14622298
Merzenhausen,2022-05-15 02:00:00,42,val,0.144,0.14560944
Merzenhausen,2022-05-15 03:00:00,42,val,0.15,0.14493579
Merzenhausen,2022-05-15 04:00:00,42,val,0.15,0.14431082
Merzenhausen,2022-05-15 05:00:00,42,val,0.15,0.14400075
Merzenhausen,2022-05-15 06:00:00,42,val,0.146,0.14396797
Merzenhausen,2022-05-15 07:00:00,42,val,0.148,0.14413711
Merzenhausen,2022-05-15 08:00:00,42,val,0.147,0.14434361
Merzenhausen,2022-05-15 09:00:00,42,val,0.146,0.14437342
Merzenhausen,2022-05-15 10:00:00,42,val,0.147,0.14428586
Merzenhausen,2022-05-15 11:00:00,42,val,0.149,0.14416918
Merzenhausen,2022-05-15 12:00:00,42,val,0.152,0.14403431
Merzenhausen,2022-05-15 13:00:00,42,val,0.153,0.14401403
Merzenhausen,2022-05-15 14:00:00,42,val,0.15,0.14423355
Merzenhausen,2022-05-15 15:00:00,42,val,0.149,0.14465034
Merzenhausen,2022-05-15 16:00:00,42,val,0.151,0.14532578
Merzenhausen,2022-05-15 17:00:00,42,val,0.15,0.14579675
Merzenhausen,2022-05-15 18:00:00,42,val,0.148,0.14596774
Merzenhausen,2022-05-15 19:00:00,42,val,0.153,0.14593434
Merzenhausen,2022-05-15 20:00:00,42,val,0.15,0.14577897
Merzenhausen,2022-05-15 21:00:00,42,val,0.147,0.14544873
Merzenhausen,2022-05-15 22:00:00,42,val,0.151,0.14503288
Merzenhausen,2022-05-15 23:00:00,42,val,0.146,0.14460877
Merzenhausen,2022-05-16 00:00:00,42,val,0.143,0.1442484
Merzenhausen,2022-05-16 01:00:00,42,val,0.146,0.14420637
Merzenhausen,2022-05-16 02:00:00,42,val,0.146,0.1444426
Merzenhausen,2022-05-16 03:00:00,42,val,0.147,0.14471568
Merzenhausen,2022-05-16 04:00:00,42,val,0.145,0.14506558
Merzenhausen,2022-05-16 05:00:00,42,val,0.145,0.14554374
Merzenhausen,2022-05-16 06:00:00,42,val,0.145,0.14608133
Merzenhausen,2022-05-16 07:00:00,42,val,0.147,0.14663729
Merzenhausen,2022-05-16 08:00:00,42,val,0.147,0.14734675
Merzenhausen,2022-05-16 09:00:00,42,val,0.148,0.14795181
Merzenhausen,2022-05-16 10:00:00,42,val,0.147,0.14816931
Merzenhausen,2022-05-16 11:00:00,42,val,0.146,0.14814462
Merzenhausen,2022-05-16 12:00:00,42,val,0.146,0.14800045
Merzenhausen,2022-05-16 13:00:00,42,val,0.148,0.14790013
Merzenhausen,2022-05-16 14:00:00,42,val,0.15,0.14783402
Merzenhausen,2022-05-16 15:00:00,42,val,0.149,0.14781222
Merzenhausen,2022-05-16 16:00:00,42,val,0.149,0.14791161
Merzenhausen,2022-05-16 17:00:00,42,val,0.149,0.14778517
Merzenhausen,2022-05-16 18:00:00,42,val,0.152,0.14751425
Merzenhausen,2022-05-16 19:00:00,42,val,0.149,0.14716874
Merzenhausen,2022-05-16 20:00:00,42,val,0.15,0.14671059
Merzenhausen,2022-05-16 21:00:00,42,val,0.147,0.14627486
Merzenhausen,2022-05-16 22:00:00,42,val,0.146,0.14576924
Merzenhausen,2022-05-16 23:00:00,42,val,0.148,0.14528444
Merzenhausen,2022-05-17 00:00:00,42,val,0.147,0.14484483
Merzenhausen,2022-05-17 01:00:00,42,val,0.146,0.1444823
Merzenhausen,2022-05-17 02:00:00,42,val,0.146,0.14400324
Merzenhausen,2022-05-17 03:00:00,42,val,0.143,0.1437447
Merzenhausen,2022-05-17 04:00:00,42,val,0.145,0.14375386
Merzenhausen,2022-05-17 05:00:00,42,val,0.145,0.14403474
Merzenhausen,2022-05-17 06:00:00,42,val,0.145,0.14438619
Merzenhausen,2022-05-17 07:00:00,42,val,0.143,0.14491123
Merzenhausen,2022-05-17 08:00:00,42,val,0.146,0.14532743
Merzenhausen,2022-05-17 09:00:00,42,val,0.146,0.14545739
Merzenhausen,2022-05-17 10:00:00,42,val,0.148,0.14535955
Merzenhausen,2022-05-17 11:00:00,42,val,0.146,0.14513811
Merzenhausen,2022-05-17 12:00:00,42,val,0.148,0.14514093
Merzenhausen,2022-05-17 13:00:00,42,val,0.15,0.14538431
Merzenhausen,2022-05-17 14:00:00,42,val,0.145,0.1457412
Merzenhausen,2022-05-17 15:00:00,42,val,0.149,0.14611569
Merzenhausen,2022-05-17 16:00:00,42,val,0.146,0.14644037
Merzenhausen,2022-05-17 17:00:00,42,val,0.149,0.14661488
Merzenhausen,2022-05-17 18:00:00,42,val,0.146,0.14644864
Merzenhausen,2022-05-17 19:00:00,42,val,0.146,0.1462892
Merzenhausen,2022-05-17 20:00:00,42,val,0.145,0.14596015
Merzenhausen,2022-05-17 21:00:00,42,val,0.145,0.14543484
Merzenhausen,2022-05-17 22:00:00,42,val,0.146,0.14506549
Merzenhausen,2022-05-17 23:00:00,42,val,0.146,0.14460482
Merzenhausen,2022-05-18 00:00:00,42,val,0.143,0.1440283
Merzenhausen,2022-05-18 01:00:00,42,val,0.142,0.14363292
Merzenhausen,2022-05-18 02:00:00,42,val,0.1415,0.14338338
Merzenhausen,2022-05-18 03:00:00,42,val,0.148,0.14339635
Merzenhausen,2022-05-18 04:00:00,42,val,0.143,0.14343882
Merzenhausen,2022-05-18 05:00:00,42,val,0.147,0.14369032
Merzenhausen,2022-05-18 06:00:00,42,val,0.146,0.14436749
Merzenhausen,2022-05-18 07:00:00,42,val,0.142,0.14525491
Merzenhausen,2022-05-18 08:00:00,42,val,0.145,0.1461722
Merzenhausen,2022-05-18 09:00:00,42,val,0.145,0.14683071
Merzenhausen,2022-05-18 10:00:00,42,val,0.153,0.14712799
Merzenhausen,2022-05-18 11:00:00,42,val,0.145,0.14708647
Merzenhausen,2022-05-18 12:00:00,42,val,0.146,0.14689387
Merzenhausen,2022-05-18 13:00:00,42,val,0.148,0.14692461
Merzenhausen,2022-05-18 14:00:00,42,val,0.146,0.1471424
Merzenhausen,2022-05-18 15:00:00,42,val,0.148,0.14739321
Merzenhausen,2022-05-18 16:00:00,42,val,0.145,0.14759445
Merzenhausen,2022-05-18 17:00:00,42,val,0.145,0.1475711
Merzenhausen,2022-05-18 18:00:00,42,val,0.146,0.14749396
Merzenhausen,2022-05-18 19:00:00,42,val,0.143,0.14705642
Merzenhausen,2022-05-18 20:00:00,42,val,0.145,0.14646107
Merzenhausen,2022-05-18 21:00:00,42,val,0.144,0.14559929
Merzenhausen,2022-05-18 22:00:00,42,val,0.143,0.14470479
Merzenhausen,2022-05-18 23:00:00,42,val,0.141,0.144034
Merzenhausen,2022-05-19 00:00:00,42,val,0.146,0.14361873
Merzenhausen,2022-05-19 01:00:00,42,val,0.142,0.14361443
Merzenhausen,2022-05-19 02:00:00,42,val,0.143,0.14373806
Merzenhausen,2022-05-19 03:00:00,42,val,0.143,0.14393634
Merzenhausen,2022-05-19 04:00:00,42,val,0.145,0.14432889
Merzenhausen,2022-05-19 05:00:00,42,val,0.141,0.14491466
Merzenhausen,2022-05-19 06:00:00,42,val,0.141,0.14574978
Merzenhausen,2022-05-19 07:00:00,42,val,0.145,0.14642817
Merzenhausen,2022-05-19 08:00:00,42,val,0.143,0.14708954
Merzenhausen,2022-05-19 09:00:00,42,val,0.143,0.14762121
Merzenhausen,2022-05-19 10:00:00,42,val,0.144,0.14789541
Merzenhausen,2022-05-19 11:00:00,42,val,0.145,0.14796764
Merzenhausen,2022-05-19 12:00:00,42,val,0.144,0.14807273
Merzenhausen,2022-05-19 13:00:00,42,val,0.145,0.14784017
Merzenhausen,2022-05-19 14:00:00,42,val,0.143,0.14734042
Merzenhausen,2022-05-19 15:00:00,42,val,0.144,0.1469788
Merzenhausen,2022-05-19 16:00:00,42,val,0.151,0.1465495
Merzenhausen,2022-05-19 17:00:00,42,val,0.144,0.14630175
Merzenhausen,2022-05-19 18:00:00,42,val,0.143,0.1459567
Merzenhausen,2022-05-19 19:00:00,42,val,0.145,0.14557977
Merzenhausen,2022-05-19 20:00:00,42,val,0.146,0.14503336
Merzenhausen,2022-05-19 21:00:00,42,val,0.143,0.14449924
Merzenhausen,2022-05-19 22:00:00,42,val,0.142,0.14412993
Merzenhausen,2022-05-19 23:00:00,42,val,0.142,0.1439517
Merzenhausen,2022-05-20 00:00:00,42,val,0.143,0.1437282
Merzenhausen,2022-05-20 01:00:00,42,val,0.1445,0.14347067
Merzenhausen,2022-05-20 02:00:00,42,val,0.143,0.14316814
Merzenhausen,2022-05-20 03:00:00,42,val,0.143,0.14321741
Merzenhausen,2022-05-20 04:00:00,42,val,0.141,0.14336914
Merzenhausen,2022-05-20 05:00:00,42,val,0.14,0.14380865
Merzenhausen,2022-05-20 06:00:00,42,val,0.1445,0.14449418
Merzenhausen,2022-05-20 07:00:00,42,val,0.139,0.14510037
Merzenhausen,2022-05-20 08:00:00,42,val,0.139,0.14561602
Merzenhausen,2022-05-20 09:00:00,42,val,0.143,0.14597774
Merzenhausen,2022-05-20 10:00:00,42,val,0.146,0.146548
Merzenhausen,2022-05-20 11:00:00,42,val,0.146,0.14681336
Merzenhausen,2022-05-20 12:00:00,42,val,0.145,0.1467543
Merzenhausen,2022-05-20 13:00:00,42,val,0.146,0.14731736
Merzenhausen,2022-05-20 14:00:00,42,val,0.148,0.147515
Merzenhausen,2022-05-20 15:00:00,42,val,0.146,0.14916193
Merzenhausen,2022-05-20 16:00:00,42,val,0.147,0.15030447
Merzenhausen,2022-05-20 17:00:00,42,val,0.148,0.1505475
Merzenhausen,2022-05-20 18:00:00,42,val,0.145,0.15027782
Merzenhausen,2022-05-20 19:00:00,42,val,0.146,0.14951813
Merzenhausen,2022-05-20 20:00:00,42,val,0.143,0.14866076
Merzenhausen,2022-05-20 21:00:00,42,val,0.145,0.1476912
Merzenhausen,2022-05-20 22:00:00,42,val,0.142,0.14676857
Merzenhausen,2022-05-20 23:00:00,42,val,0.146,0.1458039
Merzenhausen,2022-05-21 00:00:00,42,val,0.143,0.14508039
Merzenhausen,2022-05-21 01:00:00,42,val,0.143,0.14440626
Merzenhausen,2022-05-21 02:00:00,42,val,0.145,0.14381787
Merzenhausen,2022-05-21 03:00:00,42,val,0.141,0.14331767
Merzenhausen,2022-05-21 04:00:00,42,val,0.142,0.14313973
Merzenhausen,2022-05-21 05:00:00,42,val,0.142,0.1429815
Merzenhausen,2022-05-21 06:00:00,42,val,0.142,0.14286427
Merzenhausen,2022-05-21 07:00:00,42,val,0.1475,0.14292355
Merzenhausen,2022-05-21 08:00:00,42,val,0.143,0.1430053
Merzenhausen,2022-05-21 09:00:00,42,val,0.144,0.14308295
Merzenhausen,2022-05-21 10:00:00,42,val,0.145,0.14297768
Merzenhausen,2022-05-21 11:00:00,42,val,0.146,0.14286157
Merzenhausen,2022-05-21 12:00:00,42,val,0.145,0.1427553
Merzenhausen,2022-05-21 13:00:00,42,val,0.149,0.14281096
Merzenhausen,2022-05-21 14:00:00,42,val,0.145,0.14298144
Merzenhausen,2022-05-21 15:00:00,42,val,0.148,0.14332223
Merzenhausen,2022-05-21 16:00:00,42,val,0.145,0.14412943
Merzenhausen,2022-05-21 17:00:00,42,val,0.148,0.14479181
Merzenhausen,2022-05-21 18:00:00,42,val,0.147,0.14510399
Merzenhausen,2022-05-21 19:00:00,42,val,0.146,0.14527097
Merzenhausen,2022-05-21 20:00:00,42,val,0.146,0.1454862
Merzenhausen,2022-05-21 21:00:00,42,val,0.145,0.14549047
Merzenhausen,2022-05-21 22:00:00,42,val,0.145,0.14533162
Merzenhausen,2022-05-21 23:00:00,42,val,0.142,0.14509621
Merzenhausen,2022-05-22 00:00:00,42,val,0.146,0.14480117
Merzenhausen,2022-05-22 01:00:00,42,val,0.143,0.14451501
Merzenhausen,2022-05-22 02:00:00,42,val,0.145,0.14412801
Merzenhausen,2022-05-22 03:00:00,42,val,0.142,0.14366971
Merzenhausen,2022-05-22 04:00:00,42,val,0.146,0.14310512
Merzenhausen,2022-05-22 05:00:00,42,val,0.142,0.14252222
Merzenhausen,2022-05-22 06:00:00,42,val,0.146,0.14225686
Merzenhausen,2022-05-22 07:00:00,42,val,0.143,0.1421811
Merzenhausen,2022-05-22 08:00:00,42,val,0.146,0.14203422
Merzenhausen,2022-05-22 09:00:00,42,val,0.142,0.14191195
Merzenhausen,2022-05-22 10:00:00,42,val,0.144,0.14184809
Merzenhausen,2022-05-22 11:00:00,42,val,0.142,0.14181432
Merzenhausen,2022-05-22 12:00:00,42,val,0.145,0.1417727
Merzenhausen,2022-05-22 13:00:00,42,val,0.143,0.14183722
Merzenhausen,2022-05-22 14:00:00,42,val,0.144,0.14214766
Merzenhausen,2022-05-22 15:00:00,42,val,0.146,0.14259475
Merzenhausen,2022-05-22 16:00:00,42,val,0.146,0.14307186
Merzenhausen,2022-05-22 17:00:00,42,val,0.143,0.14350659
Merzenhausen,2022-05-22 18:00:00,42,val,0.143,0.14367905
Merzenhausen,2022-05-22 19:00:00,42,val,0.145,0.14373851
Merzenhausen,2022-05-22 20:00:00,42,val,0.142,0.14350867
Merzenhausen,2022-05-22 21:00:00,42,val,0.142,0.14324531
Merzenhausen,2022-05-22 22:00:00,42,val,0.143,0.14286363
Merzenhausen,2022-05-22 23:00:00,42,val,0.145,0.14275311
Merzenhausen,2022-05-23 00:00:00,42,val,0.142,0.1427019
Merzenhausen,2022-05-23 01:00:00,42,val,0.143,0.14268851
Merzenhausen,2022-05-23 02:00:00,42,val,0.141,0.14289092
Merzenhausen,2022-05-23 03:00:00,42,val,0.141,0.14311646
Merzenhausen,2022-05-23 04:00:00,42,val,0.14,0.14339662
Merzenhausen,2022-05-23 05:00:00,42,val,0.14,0.14379954
Merzenhausen,2022-05-23 06:00:00,42,val,0.14,0.14422783
Merzenhausen,2022-05-23 07:00:00,42,val,0.141,0.14483932
Merzenhausen,2022-05-23 08:00:00,42,val,0.143,0.145349
Merzenhausen,2022-05-23 09:00:00,42,val,0.142,0.14559177
Merzenhausen,2022-05-23 10:00:00,42,val,0.143,0.14567617
Merzenhausen,2022-05-23 11:00:00,42,val,0.144,0.14560592
Merzenhausen,2022-05-23 12:00:00,42,val,0.145,0.14542082
Merzenhausen,2022-05-23 13:00:00,42,val,0.143,0.14568073
Merzenhausen,2022-05-23 14:00:00,42,val,0.146,0.14670031
Merzenhausen,2022-05-23 15:00:00,42,val,0.145,0.14736468
Merzenhausen,2022-05-23 16:00:00,42,val,0.146,0.14808473
Merzenhausen,2022-05-23 17:00:00,42,val,0.144,0.14838757
Merzenhausen,2022-05-23 18:00:00,42,val,0.143,0.14953703
Merzenhausen,2022-05-23 19:00:00,42,val,0.145,0.14988627
Merzenhausen,2022-05-23 20:00:00,42,val,0.142,0.14966242
Merzenhausen,2022-05-23 21:00:00,42,val,0.146,0.14905748
Merzenhausen,2022-05-23 22:00:00,42,val,0.142,0.14829917
Merzenhausen,2022-05-23 23:00:00,42,val,0.143,0.14736986
Merzenhausen,2022-05-24 00:00:00,42,val,0.143,0.14661759
Merzenhausen,2022-05-24 01:00:00,42,val,0.1525,0.14593136
Merzenhausen,2022-05-24 02:00:00,42,val,0.143,0.1454496
Merzenhausen,2022-05-24 03:00:00,42,val,0.143,0.14497977
Merzenhausen,2022-05-24 04:00:00,42,val,0.143,0.14477915
Merzenhausen,2022-05-24 05:00:00,42,val,0.143,0.14477515
Merzenhausen,2022-05-24 06:00:00,42,val,0.143,0.14508061
Merzenhausen,2022-05-24 07:00:00,42,val,0.144,0.14509018
Merzenhausen,2022-05-24 08:00:00,42,val,0.1505,0.14506266
Merzenhausen,2022-05-24 09:00:00,42,val,0.1455,0.14481065
Merzenhausen,2022-05-24 10:00:00,42,val,0.145,0.14442793
Merzenhausen,2022-05-24 11:00:00,42,val,0.141,0.14386371
Merzenhausen,2022-05-24 12:00:00,42,val,0.1515,0.1435051
Merzenhausen,2022-05-24 13:00:00,42,val,0.145,0.14329684
Merzenhausen,2022-05-24 14:00:00,42,val,0.143,0.14342046
Merzenhausen,2022-05-24 15:00:00,42,val,0.143,0.14486866
Merzenhausen,2022-05-24 16:00:00,42,val,0.143,0.14621937
Merzenhausen,2022-05-24 17:00:00,42,val,0.145,0.14727163
Merzenhausen,2022-05-24 18:00:00,42,val,0.142,0.14809972
Merzenhausen,2022-05-24 19:00:00,42,val,0.153,0.14875358
Merzenhausen,2022-05-24 20:00:00,42,val,0.144,0.14921367
Merzenhausen,2022-05-24 21:00:00,42,val,0.143,0.14936456
Merzenhausen,2022-05-24 22:00:00,42,val,0.1475,0.14929509
Merzenhausen,2022-05-24 23:00:00,42,val,0.1505,0.14905965
Merzenhausen,2022-05-25 00:00:00,42,val,0.146,0.14859374
Merzenhausen,2022-05-25 01:00:00,42,val,0.142,0.14791705
Merzenhausen,2022-05-25 02:00:00,42,val,0.143,0.14707157
Merzenhausen,2022-05-25 03:00:00,42,val,0.143,0.14613852
Merzenhausen,2022-05-25 04:00:00,42,val,0.143,0.14520007
Merzenhausen,2022-05-25 05:00:00,42,val,0.145,0.14435805
Merzenhausen,2022-05-25 06:00:00,42,val,0.145,0.14369678
Merzenhausen,2022-05-25 07:00:00,42,val,0.145,0.14326735
Merzenhausen,2022-05-25 08:00:00,42,val,0.143,0.14298145
Merzenhausen,2022-05-25 09:00:00,42,val,0.15,0.14268905
Merzenhausen,2022-05-25 10:00:00,42,val,0.141,0.14237241
Merzenhausen,2022-05-25 11:00:00,42,val,0.143,0.14208236
Merzenhausen,2022-05-25 12:00:00,42,val,0.146,0.14187646
Merzenhausen,2022-05-25 13:00:00,42,val,0.142,0.14180456
Merzenhausen,2022-05-25 14:00:00,42,val,0.145,0.14215213
Merzenhausen,2022-05-25 15:00:00,42,val,0.145,0.14268915
Merzenhausen,2022-05-25 16:00:00,42,val,0.145,0.14341864
Merzenhausen,2022-05-25 17:00:00,42,val,0.146,0.14411055
Merzenhausen,2022-05-25 18:00:00,42,val,0.146,0.14465913
Merzenhausen,2022-05-25 19:00:00,42,val,0.145,0.14515817
Merzenhausen,2022-05-25 20:00:00,42,val,0.142,0.14541826
Merzenhausen,2022-05-25 21:00:00,42,val,0.143,0.14559671
Merzenhausen,2022-05-25 22:00:00,42,val,0.14,0.14548308
Merzenhausen,2022-05-25 23:00:00,42,val,0.141,0.14528692
Merzenhausen,2022-05-26 00:00:00,42,val,0.141,0.14499068
Merzenhausen,2022-05-26 01:00:00,42,val,0.14,0.14518182
Merzenhausen,2022-05-26 02:00:00,42,val,0.143,0.14534819
Merzenhausen,2022-05-26 03:00:00,42,val,0.139,0.14548343
Merzenhausen,2022-05-26 04:00:00,42,val,0.139,0.14565447
Merzenhausen,2022-05-26 05:00:00,42,val,0.141,0.14586267
Merzenhausen,2022-05-26 06:00:00,42,val,0.139,0.14608541
Merzenhausen,2022-05-26 07:00:00,42,val,0.142,0.14624266
Merzenhausen,2022-05-26 08:00:00,42,val,0.142,0.14654768
Merzenhausen,2022-05-26 09:00:00,42,val,0.144,0.14661184
Merzenhausen,2022-05-26 10:00:00,42,val,0.143,0.14641455
Merzenhausen,2022-05-26 11:00:00,42,val,0.141,0.14581238
Merzenhausen,2022-05-26 12:00:00,42,val,0.144,0.1455544
Merzenhausen,2022-05-26 13:00:00,42,val,0.144,0.14532632
Merzenhausen,2022-05-26 14:00:00,42,val,0.141,0.14502671
Merzenhausen,2022-05-26 15:00:00,42,val,0.143,0.14473645
Merzenhausen,2022-05-26 16:00:00,42,val,0.143,0.14449957
Merzenhausen,2022-05-26 17:00:00,42,val,0.142,0.14434935
Merzenhausen,2022-05-26 18:00:00,42,val,0.142,0.14402333
Merzenhausen,2022-05-26 19:00:00,42,val,0.143,0.1441805
Merzenhausen,2022-05-26 20:00:00,42,val,0.142,0.14412096
Merzenhausen,2022-05-26 21:00:00,42,val,0.142,0.14390278
Merzenhausen,2022-05-26 22:00:00,42,val,0.141,0.14380944
Merzenhausen,2022-05-26 23:00:00,42,val,0.142,0.1440072
Merzenhausen,2022-05-27 00:00:00,42,val,0.142,0.14423808
Merzenhausen,2022-05-27 01:00:00,42,val,0.137,0.14433858
Merzenhausen,2022-05-27 02:00:00,42,val,0.138,0.14445733
Merzenhausen,2022-05-27 03:00:00,42,val,0.139,0.1447081
Merzenhausen,2022-05-27 04:00:00,42,val,0.137,0.14483985
Merzenhausen,2022-05-27 05:00:00,42,val,0.139,0.14520845
Merzenhausen,2022-05-27 06:00:00,42,val,0.135,0.14603359
Merzenhausen,2022-05-27 07:00:00,42,val,0.138,0.14665915
Merzenhausen,2022-05-27 08:00:00,42,val,0.142,0.14684676
Merzenhausen,2022-05-27 09:00:00,42,val,0.137,0.14692405
Merzenhausen,2022-05-27 10:00:00,42,val,0.139,0.14656325
Merzenhausen,2022-05-27 11:00:00,42,val,0.14,0.14590222
Merzenhausen,2022-05-27 12:00:00,42,val,0.138,0.14530726
Merzenhausen,2022-05-27 13:00:00,42,val,0.141,0.1446669
Merzenhausen,2022-05-27 14:00:00,42,val,0.143,0.14434436
Merzenhausen,2022-05-27 15:00:00,42,val,0.141,0.1442077
Merzenhausen,2022-05-27 16:00:00,42,val,0.141,0.14427057
Merzenhausen,2022-05-27 17:00:00,42,val,0.138,0.14447263
Merzenhausen,2022-05-27 18:00:00,42,val,0.138,0.14475763
Merzenhausen,2022-05-27 19:00:00,42,val,0.135,0.14500073
Merzenhausen,2022-05-27 20:00:00,42,val,0.139,0.1451408
Merzenhausen,2022-05-27 21:00:00,42,val,0.1345,0.14536059
Merzenhausen,2022-05-27 22:00:00,42,val,0.138,0.14532077
Merzenhausen,2022-05-27 23:00:00,42,val,0.138,0.14511558
Merzenhausen,2022-05-28 00:00:00,42,val,0.14,0.14470583
Merzenhausen,2022-05-28 01:00:00,42,val,0.14,0.1441688
Merzenhausen,2022-05-28 02:00:00,42,val,0.139,0.14360784
Merzenhausen,2022-05-28 03:00:00,42,val,0.137,0.14298871
Merzenhausen,2022-05-28 04:00:00,42,val,0.138,0.14231497
Merzenhausen,2022-05-28 05:00:00,42,val,0.138,0.14183956
Merzenhausen,2022-05-28 06:00:00,42,val,0.142,0.14148632
Merzenhausen,2022-05-28 07:00:00,42,val,0.137,0.14133584
Merzenhausen,2022-05-28 08:00:00,42,val,0.139,0.14114894
Merzenhausen,2022-05-28 09:00:00,42,val,0.14,0.14104426
Merzenhausen,2022-05-28 10:00:00,42,val,0.138,0.14091477
Merzenhausen,2022-05-28 11:00:00,42,val,0.139,0.14071459
Merzenhausen,2022-05-28 12:00:00,42,val,0.14,0.14077407
Merzenhausen,2022-05-28 13:00:00,42,val,0.141,0.14099209
Merzenhausen,2022-05-28 14:00:00,42,val,0.148,0.1413942
Merzenhausen,2022-05-28 15:00:00,42,val,0.14,0.14199911
Merzenhausen,2022-05-28 16:00:00,42,val,0.142,0.14271492
Merzenhausen,2022-05-28 17:00:00,42,val,0.144,0.1434845
Merzenhausen,2022-05-28 18:00:00,42,val,0.1485,0.14410913
Merzenhausen,2022-05-28 19:00:00,42,val,0.145,0.14476897
Merzenhausen,2022-05-28 20:00:00,42,val,0.14,0.14528269
Merzenhausen,2022-05-28 21:00:00,42,val,0.139,0.14562443
Merzenhausen,2022-05-28 22:00:00,42,val,0.141,0.14569151
Merzenhausen,2022-05-28 23:00:00,42,val,0.138,0.14560865
Merzenhausen,2022-05-29 00:00:00,42,val,0.14,0.14541699
Merzenhausen,2022-05-29 01:00:00,42,val,0.136,0.14483312
Merzenhausen,2022-05-29 02:00:00,42,val,0.137,0.14405498
Merzenhausen,2022-05-29 03:00:00,42,val,0.137,0.14319405
Merzenhausen,2022-05-29 04:00:00,42,val,0.137,0.14227657
Merzenhausen,2022-05-29 05:00:00,42,val,0.139,0.1414869
Merzenhausen,2022-05-29 06:00:00,42,val,0.139,0.14070791
Merzenhausen,2022-05-29 07:00:00,42,val,0.14,0.14002548
Merzenhausen,2022-05-29 08:00:00,42,val,0.142,0.13960329
Merzenhausen,2022-05-29 09:00:00,42,val,0.137,0.13912988
Merzenhausen,2022-05-29 10:00:00,42,val,0.14,0.13874319
Merzenhausen,2022-05-29 11:00:00,42,val,0.143,0.13848498
Merzenhausen,2022-05-29 12:00:00,42,val,0.15,0.13833117
Merzenhausen,2022-05-29 13:00:00,42,val,0.142,0.13869993
Merzenhausen,2022-05-29 14:00:00,42,val,0.142,0.1399884
Merzenhausen,2022-05-29 15:00:00,42,val,0.141,0.14170459
Merzenhausen,2022-05-29 16:00:00,42,val,0.141,0.1444692
Merzenhausen,2022-05-29 17:00:00,42,val,0.145,0.1465374
Merzenhausen,2022-05-29 18:00:00,42,val,0.142,0.14819673
Merzenhausen,2022-05-29 19:00:00,42,val,0.14,0.15108621
Merzenhausen,2022-05-29 20:00:00,42,val,0.141,0.15252355
Merzenhausen,2022-05-29 21:00:00,42,val,0.141,0.153034
Merzenhausen,2022-05-29 22:00:00,42,val,0.138,0.15281147
Merzenhausen,2022-05-29 23:00:00,42,val,0.137,0.15201926
Merzenhausen,2022-05-30 00:00:00,42,val,0.137,0.15094149
Merzenhausen,2022-05-30 01:00:00,42,val,0.138,0.14970179
Merzenhausen,2022-05-30 02:00:00,42,val,0.14,0.1484569
Merzenhausen,2022-05-30 03:00:00,42,val,0.137,0.14712167
Merzenhausen,2022-05-30 04:00:00,42,val,0.141,0.14582755
Merzenhausen,2022-05-30 05:00:00,42,val,0.137,0.14468664
Merzenhausen,2022-05-30 06:00:00,42,val,0.137,0.14391044
Merzenhausen,2022-05-30 07:00:00,42,val,0.137,0.14316556
Merzenhausen,2022-05-30 08:00:00,42,val,0.138,0.14242166
Merzenhausen,2022-05-30 09:00:00,42,val,0.137,0.14169359
Merzenhausen,2022-05-30 10:00:00,42,val,0.138,0.14096905
Merzenhausen,2022-05-30 11:00:00,42,val,0.141,0.140261
Merzenhausen,2022-05-30 12:00:00,42,val,0.14,0.13981012
Merzenhausen,2022-05-30 13:00:00,42,val,0.14,0.13965023
Merzenhausen,2022-05-30 14:00:00,42,val,0.142,0.14021543
Merzenhausen,2022-05-30 15:00:00,42,val,0.142,0.14100459
Merzenhausen,2022-05-30 16:00:00,42,val,0.138,0.14195895
Merzenhausen,2022-05-30 17:00:00,42,val,0.138,0.14318682
Merzenhausen,2022-05-30 18:00:00,42,val,0.142,0.14453888
Merzenhausen,2022-05-30 19:00:00,42,val,0.1365,0.1457865
Merzenhausen,2022-05-30 20:00:00,42,val,0.141,0.14664307
Merzenhausen,2022-05-30 21:00:00,42,val,0.14,0.14708197
Merzenhausen,2022-05-30 22:00:00,42,val,0.137,0.14727576
Merzenhausen,2022-05-30 23:00:00,42,val,0.138,0.14706992
Merzenhausen,2022-05-31 00:00:00,42,val,0.139,0.14657313
Merzenhausen,2022-05-31 01:00:00,42,val,0.138,0.14576028
Merzenhausen,2022-05-31 02:00:00,42,val,0.138,0.14481212
Merzenhausen,2022-05-31 03:00:00,42,val,0.137,0.14386247
Merzenhausen,2022-05-31 04:00:00,42,val,0.135,0.14296108
Merzenhausen,2022-05-31 05:00:00,42,val,0.137,0.14234017
Merzenhausen,2022-05-31 06:00:00,42,val,0.137,0.14178768
Merzenhausen,2022-05-31 07:00:00,42,val,0.136,0.14146483
Merzenhausen,2022-05-31 08:00:00,42,val,0.138,0.14114335
Merzenhausen,2022-05-31 09:00:00,42,val,0.139,0.14060286
Merzenhausen,2022-05-31 10:00:00,42,val,0.138,0.13999319
Merzenhausen,2022-05-31 11:00:00,42,val,0.139,0.13950133
Merzenhausen,2022-05-31 12:00:00,42,val,0.142,0.13948384
Merzenhausen,2022-05-31 13:00:00,42,val,0.14,0.13952112
Merzenhausen,2022-05-31 14:00:00,42,val,0.141,0.13971631
Merzenhausen,2022-05-31 15:00:00,42,val,0.144,0.14013399
Merzenhausen,2022-05-31 16:00:00,42,val,0.142,0.14052163
Merzenhausen,2022-05-31 17:00:00,42,val,0.142,0.14116895
Merzenhausen,2022-05-31 18:00:00,42,val,0.139,0.14177854
Merzenhausen,2022-05-31 19:00:00,42,val,0.138,0.14224656
Merzenhausen,2022-05-31 20:00:00,42,val,0.14,0.14252946
Merzenhausen,2022-05-31 21:00:00,42,val,0.138,0.14277656
Merzenhausen,2022-05-31 22:00:00,42,val,0.136,0.14270246
Merzenhausen,2022-05-31 23:00:00,42,val,0.141,0.14240861
Merzenhausen,2022-06-01 00:00:00,42,val,0.141,0.14192168
Merzenhausen,2022-06-01 01:00:00,42,val,0.136,0.14138883
Merzenhausen,2022-06-01 02:00:00,42,val,0.132,0.1408925
Merzenhausen,2022-06-01 03:00:00,42,val,0.137,0.14040422
Merzenhausen,2022-06-01 04:00:00,42,val,0.14,0.14008851
Merzenhausen,2022-06-01 05:00:00,42,val,0.136,0.13971707
Merzenhausen,2022-06-01 06:00:00,42,val,0.138,0.13939512
Merzenhausen,2022-06-01 07:00:00,42,val,0.137,0.13902268
Merzenhausen,2022-06-01 08:00:00,42,val,0.137,0.138679
Merzenhausen,2022-06-01 09:00:00,42,val,0.138,0.13816422
Merzenhausen,2022-06-01 10:00:00,42,val,0.137,0.13751581
Merzenhausen,2022-06-01 11:00:00,42,val,0.138,0.13696964
Merzenhausen,2022-06-01 12:00:00,42,val,0.141,0.13662177
Merzenhausen,2022-06-01 13:00:00,42,val,0.14,0.13639498
Merzenhausen,2022-06-01 14:00:00,42,val,0.144,0.13681218
Merzenhausen,2022-06-01 15:00:00,42,val,0.142,0.13757494
Merzenhausen,2022-06-01 16:00:00,42,val,0.14,0.13836907
Merzenhausen,2022-06-01 17:00:00,42,val,0.14,0.1391736
Merzenhausen,2022-06-01 18:00:00,42,val,0.14,0.14005299
Merzenhausen,2022-06-01 19:00:00,42,val,0.139,0.14072682
Merzenhausen,2022-06-01 20:00:00,42,val,0.142,0.14144921
Merzenhausen,2022-06-01 21:00:00,42,val,0.146,0.14206246
Merzenhausen,2022-06-01 22:00:00,42,val,0.1425,0.14235729
Merzenhausen,2022-06-01 23:00:00,42,val,0.1455,0.14240637
Merzenhausen,2022-06-02 00:00:00,42,val,0.138,0.14231554
Merzenhausen,2022-06-02 01:00:00,42,val,0.132,0.14206026
Merzenhausen,2022-06-02 02:00:00,42,val,0.14,0.14166307
Merzenhausen,2022-06-02 03:00:00,42,val,0.139,0.1410738
Merzenhausen,2022-06-02 04:00:00,42,val,0.137,0.14035076
Merzenhausen,2022-06-02 05:00:00,42,val,0.138,0.13966389
Merzenhausen,2022-06-02 06:00:00,42,val,0.1455,0.13914293
Merzenhausen,2022-06-02 07:00:00,42,val,0.137,0.13864288
Merzenhausen,2022-06-02 08:00:00,42,val,0.137,0.13823159
Merzenhausen,2022-06-02 09:00:00,42,val,0.14,0.13777274
Merzenhausen,2022-06-02 10:00:00,42,val,0.132,0.13722919
Merzenhausen,2022-06-02 11:00:00,42,val,0.14,0.1366077
Merzenhausen,2022-06-02 12:00:00,42,val,0.14,0.13622463
Merzenhausen,2022-06-02 13:00:00,42,val,0.14,0.13597114
Merzenhausen,2022-06-02 14:00:00,42,val,0.143,0.1360488
Merzenhausen,2022-06-02 15:00:00,42,val,0.141,0.13648662
Merzenhausen,2022-06-02 16:00:00,42,val,0.14,0.13711861
Merzenhausen,2022-06-02 17:00:00,42,val,0.141,0.1377914
Merzenhausen,2022-06-02 18:00:00,42,val,0.141,0.13817397
Merzenhausen,2022-06-02 19:00:00,42,val,0.14,0.13823745
Merzenhausen,2022-06-02 20:00:00,42,val,0.14,0.13833897
Merzenhausen,2022-06-02 21:00:00,42,val,0.135,0.1381894
Merzenhausen,2022-06-02 22:00:00,42,val,0.138,0.13783921
Merzenhausen,2022-06-02 23:00:00,42,val,0.14,0.1377148
Merzenhausen,2022-06-03 00:00:00,42,val,0.141,0.13781312
Merzenhausen,2022-06-03 01:00:00,42,val,0.137,0.13775714
Merzenhausen,2022-06-03 02:00:00,42,val,0.135,0.13741216
Merzenhausen,2022-06-03 03:00:00,42,val,0.138,0.13706562
Merzenhausen,2022-06-03 04:00:00,42,val,0.138,0.13691106
Merzenhausen,2022-06-03 05:00:00,42,val,0.136,0.13681906
Merzenhausen,2022-06-03 06:00:00,42,val,0.136,0.13685805
Merzenhausen,2022-06-03 07:00:00,42,val,0.136,0.13689789
Merzenhausen,2022-06-03 08:00:00,42,val,0.138,0.13683829
Merzenhausen,2022-06-03 09:00:00,42,val,0.138,0.13656628
Merzenhausen,2022-06-03 10:00:00,42,val,0.138,0.13600582
Merzenhausen,2022-06-03 11:00:00,42,val,0.135,0.13530317
Merzenhausen,2022-06-03 12:00:00,42,val,0.137,0.13481809
Merzenhausen,2022-06-03 13:00:00,42,val,0.138,0.13458186
Merzenhausen,2022-06-03 14:00:00,42,val,0.236,0.13480079
Merzenhausen,2022-06-03 15:00:00,42,val,0.229,0.13527131
Merzenhausen,2022-06-03 16:00:00,42,val,0.229,0.13580477
Merzenhausen,2022-06-03 17:00:00,42,val,0.224,0.13628845
Merzenhausen,2022-06-03 18:00:00,42,val,0.225,0.13652903
Merzenhausen,2022-06-03 19:00:00,42,val,0.225,0.13650563
Merzenhausen,2022-06-03 20:00:00,42,val,0.223,0.13644722
Merzenhausen,2022-06-03 21:00:00,42,val,0.224,0.13665293
Merzenhausen,2022-06-03 22:00:00,42,val,0.22,0.13685021
Merzenhausen,2022-06-03 23:00:00,42,val,0.219,0.13729288
Merzenhausen,2022-06-04 00:00:00,42,val,0.219,0.13764423
Merzenhausen,2022-06-04 01:00:00,42,val,0.22,0.13772058
Merzenhausen,2022-06-04 02:00:00,42,val,0.219,0.13805062
Merzenhausen,2022-06-04 03:00:00,42,val,0.219,0.13850309
Merzenhausen,2022-06-04 04:00:00,42,val,0.216,0.1388919
Merzenhausen,2022-06-04 05:00:00,42,val,0.215,0.13925602
Merzenhausen,2022-06-04 06:00:00,42,val,0.216,0.13996309
Merzenhausen,2022-06-04 07:00:00,42,val,0.214,0.14041483
Merzenhausen,2022-06-04 08:00:00,42,val,0.212,0.14052272
Merzenhausen,2022-06-04 09:00:00,42,val,0.213,0.14023985
Merzenhausen,2022-06-04 10:00:00,42,val,0.212,0.13935865
Merzenhausen,2022-06-04 11:00:00,42,val,0.209,0.13852262
Merzenhausen,2022-06-04 12:00:00,42,val,0.209,0.13774344
Merzenhausen,2022-06-04 13:00:00,42,val,0.204,0.13717413
Merzenhausen,2022-06-04 14:00:00,42,val,0.204,0.1370183
Merzenhausen,2022-06-04 15:00:00,42,val,0.201,0.13719958
Merzenhausen,2022-06-04 16:00:00,42,val,0.203,0.13745435
Merzenhausen,2022-06-04 17:00:00,42,val,0.199,0.13764131
Merzenhausen,2022-06-04 18:00:00,42,val,0.202,0.13763466
Merzenhausen,2022-06-04 19:00:00,42,val,0.197,0.1373504
Merzenhausen,2022-06-04 20:00:00,42,val,0.196,0.13692473
Merzenhausen,2022-06-04 21:00:00,42,val,0.195,0.13620144
Merzenhausen,2022-06-04 22:00:00,42,val,0.197,0.13559744
Merzenhausen,2022-06-04 23:00:00,42,val,0.196,0.13535956
Merzenhausen,2022-06-05 00:00:00,42,val,0.196,0.13556045
Merzenhausen,2022-06-05 01:00:00,42,val,0.194,0.13600524
Merzenhausen,2022-06-05 02:00:00,42,val,0.19,0.13660538
Merzenhausen,2022-06-05 03:00:00,42,val,0.195,0.13743253
Merzenhausen,2022-06-05 04:00:00,42,val,0.192,0.13829073
Merzenhausen,2022-06-05 05:00:00,42,val,0.192,0.13917851
Merzenhausen,2022-06-05 06:00:00,42,val,0.193,0.13998094
Merzenhausen,2022-06-05 07:00:00,42,val,0.193,0.14054015
Merzenhausen,2022-06-05 08:00:00,42,val,0.191,0.14087452
Merzenhausen,2022-06-05 09:00:00,42,val,0.187,0.1411567
Merzenhausen,2022-06-05 10:00:00,42,val,0.188,0.14114639
Merzenhausen,2022-06-05 11:00:00,42,val,0.186,0.14054412
Merzenhausen,2022-06-05 12:00:00,42,val,0.186,0.13975863
Merzenhausen,2022-06-05 13:00:00,42,val,0.187,0.13910994
Merzenhausen,2022-06-05 14:00:00,42,val,0.186,0.1538352
Merzenhausen,2022-06-05 15:00:00,42,val,0.183,0.164675
Merzenhausen,2022-06-05 16:00:00,42,val,0.183,0.17521149
Merzenhausen,2022-06-05 17:00:00,42,val,0.183,0.18458629
Merzenhausen,2022-06-05 18:00:00,42,val,0.185,0.19279723
Merzenhausen,2022-06-05 19:00:00,42,val,0.185,0.19970757
Merzenhausen,2022-06-05 20:00:00,42,val,0.187,0.20515765
Merzenhausen,2022-06-05 21:00:00,42,val,0.183,0.2093746
Merzenhausen,2022-06-05 22:00:00,42,val,0.184,0.21230574
Merzenhausen,2022-06-05 23:00:00,42,val,0.184,0.21415794
Merzenhausen,2022-06-06 00:00:00,42,val,0.182,0.2151926
Merzenhausen,2022-06-06 01:00:00,42,val,0.185,0.21579586
Merzenhausen,2022-06-06 02:00:00,42,val,0.179,0.21607848
Merzenhausen,2022-06-06 03:00:00,42,val,0.184,0.21624193
Merzenhausen,2022-06-06 04:00:00,42,val,0.182,0.21621153
Merzenhausen,2022-06-06 05:00:00,42,val,0.184,0.21600722
Merzenhausen,2022-06-06 06:00:00,42,val,0.184,0.21580099
Merzenhausen,2022-06-06 07:00:00,42,val,0.182,0.2155436
Merzenhausen,2022-06-06 08:00:00,42,val,0.182,0.21507777
Merzenhausen,2022-06-06 09:00:00,42,val,0.182,0.21439432
Merzenhausen,2022-06-06 10:00:00,42,val,0.182,0.21352778
Merzenhausen,2022-06-06 11:00:00,42,val,0.182,0.21252418
Merzenhausen,2022-06-06 12:00:00,42,val,0.18,0.21144722
Merzenhausen,2022-06-06 13:00:00,42,val,0.183,0.21017215
Merzenhausen,2022-06-06 14:00:00,42,val,0.183,0.20875315
Merzenhausen,2022-06-06 15:00:00,42,val,0.216,0.20714132
Merzenhausen,2022-06-06 16:00:00,42,val,0.307,0.205438
Merzenhausen,2022-06-06 17:00:00,42,val,0.309,0.20350704
Merzenhausen,2022-06-06 18:00:00,42,val,0.312,0.20159326
Merzenhausen,2022-06-06 19:00:00,42,val,0.309,0.19953054
Merzenhausen,2022-06-06 20:00:00,42,val,0.306,0.19739981
Merzenhausen,2022-06-06 21:00:00,42,val,0.304,0.19530022
Merzenhausen,2022-06-06 22:00:00,42,val,0.302,0.19347733
Merzenhausen,2022-06-06 23:00:00,42,val,0.305,0.19186255
Merzenhausen,2022-06-07 00:00:00,42,val,0.301,0.19039737
Merzenhausen,2022-06-07 01:00:00,42,val,0.301,0.18904145
Merzenhausen,2022-06-07 02:00:00,42,val,0.299,0.18771335
Merzenhausen,2022-06-07 03:00:00,42,val,0.302,0.18675493
Merzenhausen,2022-06-07 04:00:00,42,val,0.302,0.18608458
Merzenhausen,2022-06-07 05:00:00,42,val,0.302,0.18591909
Merzenhausen,2022-06-07 06:00:00,42,val,0.3,0.18630546
Merzenhausen,2022-06-07 07:00:00,42,val,0.3,0.18696518
Merzenhausen,2022-06-07 08:00:00,42,val,0.299,0.18754146
Merzenhausen,2022-06-07 09:00:00,42,val,0.309,0.18779829
Merzenhausen,2022-06-07 10:00:00,42,val,0.306,0.18774275
Merzenhausen,2022-06-07 11:00:00,42,val,0.303,0.18734853
Merzenhausen,2022-06-07 12:00:00,42,val,0.3015,0.186927
Merzenhausen,2022-06-07 13:00:00,42,val,0.288,0.18667267
Merzenhausen,2022-06-07 14:00:00,42,val,0.311,0.18652147
Merzenhausen,2022-06-07 15:00:00,42,val,0.313,0.18630868
Merzenhausen,2022-06-07 16:00:00,42,val,0.302,0.18906333
Merzenhausen,2022-06-07 17:00:00,42,val,0.293,0.19023609
Merzenhausen,2022-06-07 18:00:00,42,val,0.301,0.19061698
Merzenhausen,2022-06-07 19:00:00,42,val,0.3005,0.19026944
Merzenhausen,2022-06-07 20:00:00,42,val,0.29,0.18943019
Merzenhausen,2022-06-07 21:00:00,42,val,0.3005,0.1879821
Merzenhausen,2022-06-07 22:00:00,42,val,0.288,0.18628114
Merzenhausen,2022-06-07 23:00:00,42,val,0.29,0.18455441
Merzenhausen,2022-06-08 00:00:00,42,val,0.287,0.18288064
Merzenhausen,2022-06-08 01:00:00,42,val,0.288,0.18155567
Merzenhausen,2022-06-08 02:00:00,42,val,0.297,0.18031868
Merzenhausen,2022-06-08 03:00:00,42,val,0.284,0.1794757
Merzenhausen,2022-06-08 04:00:00,42,val,0.287,0.17903684
Merzenhausen,2022-06-08 05:00:00,42,val,0.287,0.17925145
Merzenhausen,2022-06-08 06:00:00,42,val,0.2955,0.17979428
Merzenhausen,2022-06-08 07:00:00,42,val,0.285,0.1804011
Merzenhausen,2022-06-08 08:00:00,42,val,0.2945,0.1809456
Merzenhausen,2022-06-08 09:00:00,42,val,0.283,0.18123616
Merzenhausen,2022-06-08 10:00:00,42,val,0.281,0.18120956
Merzenhausen,2022-06-08 11:00:00,42,val,0.2885,0.18138762
Merzenhausen,2022-06-08 12:00:00,42,val,0.277,0.18198745
Merzenhausen,2022-06-08 13:00:00,42,val,0.272,0.18342221
Merzenhausen,2022-06-08 14:00:00,42,val,0.271,0.18675911
Merzenhausen,2022-06-08 15:00:00,42,val,0.277,0.1922373
Merzenhausen,2022-06-08 16:00:00,42,val,0.264,0.20254505
Merzenhausen,2022-06-08 17:00:00,42,val,0.273,0.21399263
Merzenhausen,2022-06-08 18:00:00,42,val,0.262,0.22586249
Merzenhausen,2022-06-08 19:00:00,42,val,0.263,0.23678643
Merzenhausen,2022-06-08 20:00:00,42,val,0.262,0.24624455
Merzenhausen,2022-06-08 21:00:00,42,val,0.26,0.25388375
Merzenhausen,2022-06-08 22:00:00,42,val,0.258,0.2597248
Merzenhausen,2022-06-08 23:00:00,42,val,0.26,0.26410922
Merzenhausen,2022-06-09 00:00:00,42,val,0.259,0.26708972
Merzenhausen,2022-06-09 01:00:00,42,val,0.257,0.26909983
Merzenhausen,2022-06-09 02:00:00,42,val,0.258,0.2705856
Merzenhausen,2022-06-09 03:00:00,42,val,0.258,0.2715569
Merzenhausen,2022-06-09 04:00:00,42,val,0.258,0.2722019
Merzenhausen,2022-06-09 05:00:00,42,val,0.259,0.27261516
Merzenhausen,2022-06-09 06:00:00,42,val,0.257,0.27280602
Merzenhausen,2022-06-09 07:00:00,42,val,0.255,0.27291036
Merzenhausen,2022-06-09 08:00:00,42,val,0.254,0.2729777
Merzenhausen,2022-06-09 09:00:00,42,val,0.253,0.27330992
Merzenhausen,2022-06-09 10:00:00,42,val,0.252,0.27391398
Merzenhausen,2022-06-09 11:00:00,42,val,0.249,0.27457577
Merzenhausen,2022-06-09 12:00:00,42,val,0.247,0.27523294
Merzenhausen,2022-06-09 13:00:00,42,val,0.242,0.27605826
Merzenhausen,2022-06-09 14:00:00,42,val,0.239,0.27690846
Merzenhausen,2022-06-09 15:00:00,42,val,0.239,0.27777454
Merzenhausen,2022-06-09 16:00:00,42,val,0.238,0.27816248
Merzenhausen,2022-06-09 17:00:00,42,val,0.235,0.27775314
Merzenhausen,2022-06-09 18:00:00,42,val,0.234,0.27691546
Merzenhausen,2022-06-09 19:00:00,42,val,0.233,0.27587503
Merzenhausen,2022-06-09 20:00:00,42,val,0.232,0.2742693
Merzenhausen,2022-06-09 21:00:00,42,val,0.23,0.27278522
Merzenhausen,2022-06-09 22:00:00,42,val,0.23,0.27110913
Merzenhausen,2022-06-09 23:00:00,42,val,0.231,0.26943147
Merzenhausen,2022-06-10 00:00:00,42,val,0.229,0.26781705
Merzenhausen,2022-06-10 01:00:00,42,val,0.229,0.26632372
Merzenhausen,2022-06-10 02:00:00,42,val,0.228,0.26530057
Merzenhausen,2022-06-10 03:00:00,42,val,0.23,0.2642822
Merzenhausen,2022-06-10 04:00:00,42,val,0.228,0.26358926
Merzenhausen,2022-06-10 05:00:00,42,val,0.228,0.263201
Merzenhausen,2022-06-10 06:00:00,42,val,0.227,0.26337725
Merzenhausen,2022-06-10 07:00:00,42,val,0.227,0.263684
Merzenhausen,2022-06-10 08:00:00,42,val,0.227,0.26419964
Merzenhausen,2022-06-10 09:00:00,42,val,0.225,0.2645492
Merzenhausen,2022-06-10 10:00:00,42,val,0.227,0.26478145
Merzenhausen,2022-06-10 11:00:00,42,val,0.224,0.2651068
Merzenhausen,2022-06-10 12:00:00,42,val,0.221,0.26507312
Merzenhausen,2022-06-10 13:00:00,42,val,0.219,0.26455474
Merzenhausen,2022-06-10 14:00:00,42,val,0.219,0.26353502
Merzenhausen,2022-06-10 15:00:00,42,val,0.218,0.2622815
Merzenhausen,2022-06-10 16:00:00,42,val,0.217,0.26038465
Merzenhausen,2022-06-10 17:00:00,42,val,0.213,0.25842088
Merzenhausen,2022-06-10 18:00:00,42,val,0.21,0.25601476
Merzenhausen,2022-06-10 19:00:00,42,val,0.211,0.25346616
Merzenhausen,2022-06-10 20:00:00,42,val,0.208,0.25105584
Merzenhausen,2022-06-10 21:00:00,42,val,0.208,0.24889076
Merzenhausen,2022-06-10 22:00:00,42,val,0.209,0.24705152
Merzenhausen,2022-06-10 23:00:00,42,val,0.207,0.24573499
Merzenhausen,2022-06-11 00:00:00,42,val,0.208,0.24485178
Merzenhausen,2022-06-11 01:00:00,42,val,0.207,0.2442917
Merzenhausen,2022-06-11 02:00:00,42,val,0.206,0.24400279
Merzenhausen,2022-06-11 03:00:00,42,val,0.203,0.24375173
Merzenhausen,2022-06-11 04:00:00,42,val,0.204,0.24376173
Merzenhausen,2022-06-11 05:00:00,42,val,0.204,0.2441101
Merzenhausen,2022-06-11 06:00:00,42,val,0.204,0.24468118
Merzenhausen,2022-06-11 07:00:00,42,val,0.203,0.24518898
Merzenhausen,2022-06-11 08:00:00,42,val,0.203,0.245478
Merzenhausen,2022-06-11 09:00:00,42,val,0.203,0.2455369
Merzenhausen,2022-06-11 10:00:00,42,val,0.204,0.24526042
Merzenhausen,2022-06-11 11:00:00,42,val,0.201,0.24458927
Merzenhausen,2022-06-11 12:00:00,42,val,0.199,0.2436624
Merzenhausen,2022-06-11 13:00:00,42,val,0.198,0.24237108
Merzenhausen,2022-06-11 14:00:00,42,val,0.197,0.24069217
Merzenhausen,2022-06-11 15:00:00,42,val,0.192,0.23865916
Merzenhausen,2022-06-11 16:00:00,42,val,0.193,0.23633498
Merzenhausen,2022-06-11 17:00:00,42,val,0.188,0.23376405
Merzenhausen,2022-06-11 18:00:00,42,val,0.188,0.23108807
Merzenhausen,2022-06-11 19:00:00,42,val,0.189,0.22852683
Merzenhausen,2022-06-11 20:00:00,42,val,0.189,0.22625437
Merzenhausen,2022-06-11 21:00:00,42,val,0.186,0.22429892
Merzenhausen,2022-06-11 22:00:00,42,val,0.187,0.22276452
Merzenhausen,2022-06-11 23:00:00,42,val,0.186,0.22170116
Merzenhausen,2022-06-12 00:00:00,42,val,0.184,0.22094622
Merzenhausen,2022-06-12 01:00:00,42,val,0.186,0.22034954
Merzenhausen,2022-06-12 02:00:00,42,val,0.185,0.21984269
Merzenhausen,2022-06-12 03:00:00,42,val,0.184,0.21962409
Merzenhausen,2022-06-12 04:00:00,42,val,0.183,0.2195202
Merzenhausen,2022-06-12 05:00:00,42,val,0.185,0.21972768
Merzenhausen,2022-06-12 06:00:00,42,val,0.184,0.22029565
Merzenhausen,2022-06-12 07:00:00,42,val,0.184,0.2210407
Merzenhausen,2022-06-12 08:00:00,42,val,0.184,0.22175385
Merzenhausen,2022-06-12 09:00:00,42,val,0.183,0.22228476
Merzenhausen,2022-06-12 10:00:00,42,val,0.182,0.2226428
Merzenhausen,2022-06-12 11:00:00,42,val,0.181,0.22272786
Merzenhausen,2022-06-12 12:00:00,42,val,0.179,0.22239302
Merzenhausen,2022-06-12 13:00:00,42,val,0.178,0.22169262
Merzenhausen,2022-06-12 14:00:00,42,val,0.176,0.22073472
Merzenhausen,2022-06-12 15:00:00,42,val,0.178,0.21959203
Merzenhausen,2022-06-12 16:00:00,42,val,0.176,0.2182344
Merzenhausen,2022-06-12 17:00:00,42,val,0.175,0.21645977
Merzenhausen,2022-06-12 18:00:00,42,val,0.172,0.21429865
Merzenhausen,2022-06-12 19:00:00,42,val,0.173,0.21209136
Merzenhausen,2022-06-12 20:00:00,42,val,0.172,0.20985605
Merzenhausen,2022-06-12 21:00:00,42,val,0.173,0.20778239
Merzenhausen,2022-06-12 22:00:00,42,val,0.17,0.20602927
Merzenhausen,2022-06-12 23:00:00,42,val,0.169,0.20445368
Merzenhausen,2022-06-13 00:00:00,42,val,0.169,0.20309605
Merzenhausen,2022-06-13 01:00:00,42,val,0.17,0.20186737
Merzenhausen,2022-06-13 02:00:00,42,val,0.167,0.2007319
Merzenhausen,2022-06-13 03:00:00,42,val,0.168,0.19956243
Merzenhausen,2022-06-13 04:00:00,42,val,0.166,0.19869615
Merzenhausen,2022-06-13 05:00:00,42,val,0.168,0.19835624
Merzenhausen,2022-06-13 06:00:00,42,val,0.166,0.1985879
Merzenhausen,2022-06-13 07:00:00,42,val,0.168,0.19900952
Merzenhausen,2022-06-13 08:00:00,42,val,0.168,0.1995512
Merzenhausen,2022-06-13 09:00:00,42,val,0.165,0.20000911
Merzenhausen,2022-06-13 10:00:00,42,val,0.165,0.20034808
Merzenhausen,2022-06-13 11:00:00,42,val,0.164,0.2004486
Merzenhausen,2022-06-13 12:00:00,42,val,0.166,0.20040457
Merzenhausen,2022-06-13 13:00:00,42,val,0.167,0.20024262
Merzenhausen,2022-06-13 14:00:00,42,val,0.167,0.2000229
Merzenhausen,2022-06-13 15:00:00,42,val,0.164,0.1994806
Merzenhausen,2022-06-13 16:00:00,42,val,0.16,0.19871257
Merzenhausen,2022-06-13 17:00:00,42,val,0.161,0.19744444
Merzenhausen,2022-06-13 18:00:00,42,val,0.16,0.19584195
Merzenhausen,2022-06-13 19:00:00,42,val,0.16,0.19412945
Merzenhausen,2022-06-13 20:00:00,42,val,0.161,0.19248661
Merzenhausen,2022-06-13 21:00:00,42,val,0.158,0.19076669
Merzenhausen,2022-06-13 22:00:00,42,val,0.159,0.18901587
Merzenhausen,2022-06-13 23:00:00,42,val,0.157,0.18724035
Merzenhausen,2022-06-14 00:00:00,42,val,0.156,0.18539847
Merzenhausen,2022-06-14 01:00:00,42,val,0.158,0.18365464
Merzenhausen,2022-06-14 02:00:00,42,val,0.155,0.18208571
Merzenhausen,2022-06-14 03:00:00,42,val,0.155,0.18066125
Merzenhausen,2022-06-14 04:00:00,42,val,0.154,0.17944074
Merzenhausen,2022-06-14 05:00:00,42,val,0.158,0.17873317
Merzenhausen,2022-06-14 06:00:00,42,val,0.158,0.1786178
Merzenhausen,2022-06-14 07:00:00,42,val,0.156,0.17899467
Merzenhausen,2022-06-14 08:00:00,42,val,0.154,0.17959058
Merzenhausen,2022-06-14 09:00:00,42,val,0.157,0.1800503
Merzenhausen,2022-06-14 10:00:00,42,val,0.157,0.18028386
Merzenhausen,2022-06-14 11:00:00,42,val,0.153,0.1803547
Merzenhausen,2022-06-14 12:00:00,42,val,0.156,0.180265
Merzenhausen,2022-06-14 13:00:00,42,val,0.157,0.18014601
Merzenhausen,2022-06-14 14:00:00,42,val,0.157,0.1799189
Merzenhausen,2022-06-14 15:00:00,42,val,0.153,0.17959999
Merzenhausen,2022-06-14 16:00:00,42,val,0.155,0.17910524
Merzenhausen,2022-06-14 17:00:00,42,val,0.156,0.17835185
Merzenhausen,2022-06-14 18:00:00,42,val,0.149,0.17712374
Merzenhausen,2022-06-14 19:00:00,42,val,0.154,0.17569159
Merzenhausen,2022-06-14 20:00:00,42,val,0.151,0.17419925
Merzenhausen,2022-06-14 21:00:00,42,val,0.153,0.1728202
Merzenhausen,2022-06-14 22:00:00,42,val,0.152,0.17150651
Merzenhausen,2022-06-14 23:00:00,42,val,0.153,0.17015111
Merzenhausen,2022-06-15 00:00:00,42,val,0.154,0.16888317
Merzenhausen,2022-06-15 01:00:00,42,val,0.151,0.16778994
Merzenhausen,2022-06-15 02:00:00,42,val,0.149,0.16668238
Merzenhausen,2022-06-15 03:00:00,42,val,0.15,0.16571184
Merzenhausen,2022-06-15 04:00:00,42,val,0.147,0.16485864
Merzenhausen,2022-06-15 05:00:00,42,val,0.146,0.16444317
Merzenhausen,2022-06-15 06:00:00,42,val,0.15,0.16458514
Merzenhausen,2022-06-15 07:00:00,42,val,0.148,0.1650865
Merzenhausen,2022-06-15 08:00:00,42,val,0.147,0.16567859
Merzenhausen,2022-06-15 09:00:00,42,val,0.15,0.16589557
Merzenhausen,2022-06-15 10:00:00,42,val,0.15,0.16586024
Merzenhausen,2022-06-15 11:00:00,42,val,0.149,0.16545732
Merzenhausen,2022-06-15 12:00:00,42,val,0.152,0.16497366
Merzenhausen,2022-06-15 13:00:00,42,val,0.151,0.16464496
Merzenhausen,2022-06-15 14:00:00,42,val,0.149,0.16439801
Merzenhausen,2022-06-15 15:00:00,42,val,0.148,0.16411072
Merzenhausen,2022-06-15 16:00:00,42,val,0.149,0.16347264
Merzenhausen,2022-06-15 17:00:00,42,val,0.149,0.16264234
Merzenhausen,2022-06-15 18:00:00,42,val,0.151,0.16151786
Merzenhausen,2022-06-15 19:00:00,42,val,0.148,0.1603144
Merzenhausen,2022-06-15 20:00:00,42,val,0.149,0.15910378
Merzenhausen,2022-06-15 21:00:00,42,val,0.146,0.15787676
Merzenhausen,2022-06-15 22:00:00,42,val,0.145,0.1568824
Merzenhausen,2022-06-15 23:00:00,42,val,0.146,0.15609205
Merzenhausen,2022-06-16 00:00:00,42,val,0.146,0.1554918
Merzenhausen,2022-06-16 01:00:00,42,val,0.144,0.15527368
Merzenhausen,2022-06-16 02:00:00,42,val,0.145,0.15528087
Merzenhausen,2022-06-16 03:00:00,42,val,0.149,0.15542075
Merzenhausen,2022-06-16 04:00:00,42,val,0.145,0.15555888
Merzenhausen,2022-06-16 05:00:00,42,val,0.146,0.15601678
Merzenhausen,2022-06-16 06:00:00,42,val,0.145,0.15674888
Merzenhausen,2022-06-16 07:00:00,42,val,0.145,0.1575302
Merzenhausen,2022-06-16 08:00:00,42,val,0.146,0.1580232
Merzenhausen,2022-06-16 09:00:00,42,val,0.147,0.15826827
Merzenhausen,2022-06-16 10:00:00,42,val,0.145,0.15828355
Merzenhausen,2022-06-16 11:00:00,42,val,0.146,0.15791042
Merzenhausen,2022-06-16 12:00:00,42,val,0.149,0.15750708
Merzenhausen,2022-06-16 13:00:00,42,val,0.148,0.15731324
Merzenhausen,2022-06-16 14:00:00,42,val,0.147,0.15721634
Merzenhausen,2022-06-16 15:00:00,42,val,0.147,0.15701714
Merzenhausen,2022-06-16 16:00:00,42,val,0.147,0.15677604
Merzenhausen,2022-06-16 17:00:00,42,val,0.144,0.15641999
Merzenhausen,2022-06-16 18:00:00,42,val,0.146,0.15545723
Merzenhausen,2022-06-16 19:00:00,42,val,0.145,0.15442581
Merzenhausen,2022-06-16 20:00:00,42,val,0.144,0.15329964
Merzenhausen,2022-06-16 21:00:00,42,val,0.145,0.15229651
Merzenhausen,2022-06-16 22:00:00,42,val,0.145,0.15138282
Merzenhausen,2022-06-16 23:00:00,42,val,0.144,0.15068436
Merzenhausen,2022-06-17 00:00:00,42,val,0.145,0.15027058
Merzenhausen,2022-06-17 01:00:00,42,val,0.145,0.14998055
Merzenhausen,2022-06-17 02:00:00,42,val,0.142,0.1497246
Merzenhausen,2022-06-17 03:00:00,42,val,0.14,0.14955506
Merzenhausen,2022-06-17 04:00:00,42,val,0.145,0.149346
Merzenhausen,2022-06-17 05:00:00,42,val,0.145,0.1493066
Merzenhausen,2022-06-17 06:00:00,42,val,0.142,0.14966905
Merzenhausen,2022-06-17 07:00:00,42,val,0.142,0.15015513
Merzenhausen,2022-06-17 08:00:00,42,val,0.142,0.15051207
Merzenhausen,2022-06-17 09:00:00,42,val,0.143,0.15073755
Merzenhausen,2022-06-17 10:00:00,42,val,0.141,0.15067285
Merzenhausen,2022-06-17 11:00:00,42,val,0.145,0.15040794
Merzenhausen,2022-06-17 12:00:00,42,val,0.14,0.1501898
Merzenhausen,2022-06-17 13:00:00,42,val,0.143,0.1500898
Merzenhausen,2022-06-17 14:00:00,42,val,0.145,0.14998594
Merzenhausen,2022-06-17 15:00:00,42,val,0.142,0.14986545
Merzenhausen,2022-06-17 16:00:00,42,val,0.145,0.14969143
Merzenhausen,2022-06-17 17:00:00,42,val,0.143,0.14942077
Merzenhausen,2022-06-17 18:00:00,42,val,0.142,0.14907417
Merzenhausen,2022-06-17 19:00:00,42,val,0.141,0.14846665
Merzenhausen,2022-06-17 20:00:00,42,val,0.141,0.14771962
Merzenhausen,2022-06-17 21:00:00,42,val,0.142,0.14678529
Merzenhausen,2022-06-17 22:00:00,42,val,0.14,0.14578843
Merzenhausen,2022-06-17 23:00:00,42,val,0.139,0.14506319
Merzenhausen,2022-06-18 00:00:00,42,val,0.141,0.14482382
Merzenhausen,2022-06-18 01:00:00,42,val,0.138,0.14492714
Merzenhausen,2022-06-18 02:00:00,42,val,0.144,0.14545903
Merzenhausen,2022-06-18 03:00:00,42,val,0.14,0.14653274
Merzenhausen,2022-06-18 04:00:00,42,val,0.137,0.14776304
Merzenhausen,2022-06-18 05:00:00,42,val,0.139,0.14912337
Merzenhausen,2022-06-18 06:00:00,42,val,0.138,0.1506753
Merzenhausen,2022-06-18 07:00:00,42,val,0.138,0.15210964
Merzenhausen,2022-06-18 08:00:00,42,val,0.14,0.15310013
Merzenhausen,2022-06-18 09:00:00,42,val,0.138,0.15365946
Merzenhausen,2022-06-18 10:00:00,42,val,0.139,0.15373166
Merzenhausen,2022-06-18 11:00:00,42,val,0.137,0.15357283
Merzenhausen,2022-06-18 12:00:00,42,val,0.14,0.15344438
Merzenhausen,2022-06-18 13:00:00,42,val,0.141,0.15341713
Merzenhausen,2022-06-18 14:00:00,42,val,0.142,0.15342148
Merzenhausen,2022-06-18 15:00:00,42,val,0.141,0.15340292
Merzenhausen,2022-06-18 16:00:00,42,val,0.143,0.15312882
Merzenhausen,2022-06-18 17:00:00,42,val,0.14,0.15239678
Merzenhausen,2022-06-18 18:00:00,42,val,0.14,0.15141584
Merzenhausen,2022-06-18 19:00:00,42,val,0.141,0.15016729
Merzenhausen,2022-06-18 20:00:00,42,val,0.138,0.14865494
Merzenhausen,2022-06-18 21:00:00,42,val,0.141,0.14712214
Merzenhausen,2022-06-18 22:00:00,42,val,0.138,0.14585294
Merzenhausen,2022-06-18 23:00:00,42,val,0.14,0.14488302
Merzenhausen,2022-06-19 00:00:00,42,val,0.139,0.14449611
Merzenhausen,2022-06-19 01:00:00,42,val,0.14,0.14471552
Merzenhausen,2022-06-19 02:00:00,42,val,0.139,0.14528345
Merzenhausen,2022-06-19 03:00:00,42,val,0.137,0.14598295
Merzenhausen,2022-06-19 04:00:00,42,val,0.136,0.14691266
Merzenhausen,2022-06-19 05:00:00,42,val,0.138,0.14792489
Merzenhausen,2022-06-19 06:00:00,42,val,0.134,0.14881964
Merzenhausen,2022-06-19 07:00:00,42,val,0.137,0.14949292
Merzenhausen,2022-06-19 08:00:00,42,val,0.136,0.14978151
Merzenhausen,2022-06-19 09:00:00,42,val,0.137,0.1497262
Merzenhausen,2022-06-19 10:00:00,42,val,0.138,0.1492089
Merzenhausen,2022-06-19 11:00:00,42,val,0.138,0.14868261
Merzenhausen,2022-06-19 12:00:00,42,val,0.14,0.14804652
Merzenhausen,2022-06-19 13:00:00,42,val,0.138,0.1475004
Merzenhausen,2022-06-19 14:00:00,42,val,0.141,0.14729932
Merzenhausen,2022-06-19 15:00:00,42,val,0.141,0.14713454
Merzenhausen,2022-06-19 16:00:00,42,val,0.14,0.1471679
Merzenhausen,2022-06-19 17:00:00,42,val,0.139,0.14701778
Merzenhausen,2022-06-19 18:00:00,42,val,0.141,0.14668562
Merzenhausen,2022-06-19 19:00:00,42,val,0.138,0.1461541
Merzenhausen,2022-06-19 20:00:00,42,val,0.14,0.14553374
Merzenhausen,2022-06-19 21:00:00,42,val,0.139,0.14495564
Merzenhausen,2022-06-19 22:00:00,42,val,0.14,0.14431375
Merzenhausen,2022-06-19 23:00:00,42,val,0.14,0.14371178
Merzenhausen,2022-06-20 00:00:00,42,val,0.135,0.14326519
Merzenhausen,2022-06-20 01:00:00,42,val,0.14,0.14322934
Merzenhausen,2022-06-20 02:00:00,42,val,0.139,0.14616862
Merzenhausen,2022-06-20 03:00:00,42,val,0.137,0.14712596
Merzenhausen,2022-06-20 04:00:00,42,val,0.134,0.14747186
Merzenhausen,2022-06-20 05:00:00,42,val,0.136,0.14781876
Merzenhausen,2022-06-20 06:00:00,42,val,0.138,0.14754543
Merzenhausen,2022-06-20 07:00:00,42,val,0.137,0.1470846
Merzenhausen,2022-06-20 08:00:00,42,val,0.136,0.14640483
Merzenhausen,2022-06-20 09:00:00,42,val,0.1435,0.14551833
Merzenhausen,2022-06-20 10:00:00,42,val,0.14,0.14452437
Merzenhausen,2022-06-20 11:00:00,42,val,0.137,0.14345537
Merzenhausen,2022-06-20 12:00:00,42,val,0.139,0.14265859
Merzenhausen,2022-06-20 13:00:00,42,val,0.14,0.14219949
Merzenhausen,2022-06-20 14:00:00,42,val,0.141,0.1421441
Merzenhausen,2022-06-20 15:00:00,42,val,0.142,0.14240947
Merzenhausen,2022-06-20 16:00:00,42,val,0.139,0.14290288
Merzenhausen,2022-06-20 17:00:00,42,val,0.141,0.14320809
Merzenhausen,2022-06-20 18:00:00,42,val,0.143,0.14327997
Merzenhausen,2022-06-20 19:00:00,42,val,0.143,0.14327118
Merzenhausen,2022-06-20 20:00:00,42,val,0.137,0.14309478
Merzenhausen,2022-06-20 21:00:00,42,val,0.139,0.14295158
Merzenhausen,2022-06-20 22:00:00,42,val,0.14,0.14260988
Merzenhausen,2022-06-20 23:00:00,42,val,0.135,0.14238355
Merzenhausen,2022-06-21 00:00:00,42,val,0.1375,0.14213412
Merzenhausen,2022-06-21 01:00:00,42,val,0.14,0.14188433
Merzenhausen,2022-06-21 02:00:00,42,val,0.137,0.14161107
Merzenhausen,2022-06-21 03:00:00,42,val,0.135,0.1412772
Merzenhausen,2022-06-21 04:00:00,42,val,0.144,0.14085132
Merzenhausen,2022-06-21 05:00:00,42,val,0.134,0.14056969
Merzenhausen,2022-06-21 06:00:00,42,val,0.138,0.14029345
Merzenhausen,2022-06-21 07:00:00,42,val,0.137,0.140181
Merzenhausen,2022-06-21 08:00:00,42,val,0.136,0.13997746
Merzenhausen,2022-06-21 09:00:00,42,val,0.139,0.13956979
Merzenhausen,2022-06-21 10:00:00,42,val,0.138,0.13904835
Merzenhausen,2022-06-21 11:00:00,42,val,0.139,0.13850056
Merzenhausen,2022-06-21 12:00:00,42,val,0.143,0.13820529
Merzenhausen,2022-06-21 13:00:00,42,val,0.137,0.13813633
Merzenhausen,2022-06-21 14:00:00,42,val,0.143,0.13841107
Merzenhausen,2022-06-21 15:00:00,42,val,0.14,0.13907471
Merzenhausen,2022-06-21 16:00:00,42,val,0.14,0.13979122
Merzenhausen,2022-06-21 17:00:00,42,val,0.14,0.1403419
Merzenhausen,2022-06-21 18:00:00,42,val,0.138,0.14084038
Merzenhausen,2022-06-21 19:00:00,42,val,0.141,0.1410292
Merzenhausen,2022-06-21 20:00:00,42,val,0.14,0.14114067
Merzenhausen,2022-06-21 21:00:00,42,val,0.138,0.1411877
Merzenhausen,2022-06-21 22:00:00,42,val,0.141,0.14111765
Merzenhausen,2022-06-21 23:00:00,42,val,0.132,0.1411606
Merzenhausen,2022-06-22 00:00:00,42,val,0.136,0.140966
Merzenhausen,2022-06-22 01:00:00,42,val,0.138,0.14089644
Merzenhausen,2022-06-22 02:00:00,42,val,0.14,0.14081152
Merzenhausen,2022-06-22 03:00:00,42,val,0.136,0.14061669
Merzenhausen,2022-06-22 04:00:00,42,val,0.137,0.14029887
Merzenhausen,2022-06-22 05:00:00,42,val,0.137,0.14004451
Merzenhausen,2022-06-22 06:00:00,42,val,0.2045,0.13999861
Merzenhausen,2022-06-22 07:00:00,42,val,0.307,0.14014623
Merzenhausen,2022-06-22 08:00:00,42,val,0.304,0.14018089
Merzenhausen,2022-06-22 09:00:00,42,val,0.302,0.14021164
Merzenhausen,2022-06-22 10:00:00,42,val,0.296,0.14010021
Merzenhausen,2022-06-22 11:00:00,42,val,0.294,0.13970351
Merzenhausen,2022-06-22 12:00:00,42,val,0.292,0.13932773
Merzenhausen,2022-06-22 13:00:00,42,val,0.289,0.13923608
Merzenhausen,2022-06-22 14:00:00,42,val,0.285,0.13953766
Merzenhausen,2022-06-22 15:00:00,42,val,0.282,0.1401627
Merzenhausen,2022-06-22 16:00:00,42,val,0.279,0.1406213
Merzenhausen,2022-06-22 17:00:00,42,val,0.279,0.14101164
Merzenhausen,2022-06-22 18:00:00,42,val,0.278,0.14128003
Merzenhausen,2022-06-22 19:00:00,42,val,0.275,0.14145988
Merzenhausen,2022-06-22 20:00:00,42,val,0.273,0.14111128
Merzenhausen,2022-06-22 21:00:00,42,val,0.273,0.14052537
Merzenhausen,2022-06-22 22:00:00,42,val,0.273,0.13988104
Merzenhausen,2022-06-22 23:00:00,42,val,0.273,0.13916229
Merzenhausen,2022-06-23 00:00:00,42,val,0.27,0.13870183
Merzenhausen,2022-06-23 01:00:00,42,val,0.27,0.1386171
Merzenhausen,2022-06-23 02:00:00,42,val,0.268,0.13871309
Merzenhausen,2022-06-23 03:00:00,42,val,0.272,0.13882476
Merzenhausen,2022-06-23 04:00:00,42,val,0.269,0.13948661
Merzenhausen,2022-06-23 05:00:00,42,val,0.269,0.14015985
Merzenhausen,2022-06-23 06:00:00,42,val,0.266,0.14106907
Merzenhausen,2022-06-23 07:00:00,42,val,0.271,0.14203326
Merzenhausen,2022-06-23 08:00:00,42,val,0.265,0.1426756
Merzenhausen,2022-06-23 09:00:00,42,val,0.267,0.14301753
Merzenhausen,2022-06-23 10:00:00,42,val,0.263,0.14300853
Merzenhausen,2022-06-23 11:00:00,42,val,0.257,0.14294708
Merzenhausen,2022-06-23 12:00:00,42,val,0.2605,0.1430983
Merzenhausen,2022-06-23 13:00:00,42,val,0.255,0.14322677
Merzenhausen,2022-06-23 14:00:00,42,val,0.256,0.14367239
Merzenhausen,2022-06-23 15:00:00,42,val,0.253,0.14400741
Merzenhausen,2022-06-23 16:00:00,42,val,0.253,0.14419404
Merzenhausen,2022-06-23 17:00:00,42,val,0.2515,0.14406389
Merzenhausen,2022-06-23 18:00:00,42,val,0.251,0.14341372
Merzenhausen,2022-06-23 19:00:00,42,val,0.248,0.14258349
Merzenhausen,2022-06-23 20:00:00,42,val,0.248,0.14162333
Merzenhausen,2022-06-23 21:00:00,42,val,0.246,0.14384404
Merzenhausen,2022-06-23 22:00:00,42,val,0.246,0.1443286
Merzenhausen,2022-06-23 23:00:00,42,val,0.2674999999999999,0.14401092
Merzenhausen,2022-06-24 00:00:00,42,val,0.283,0.14480674
Merzenhausen,2022-06-24 01:00:00,42,val,0.293,0.14510658
Merzenhausen,2022-06-24 02:00:00,42,val,0.2324999999999999,0.14585823
Merzenhausen,2022-06-24 03:00:00,42,val,0.2985,0.14658998
Merzenhausen,2022-06-24 04:00:00,42,val,0.298,0.14720105
Merzenhausen,2022-06-24 05:00:00,42,val,0.2965,0.1478434
Merzenhausen,2022-06-24 06:00:00,42,val,0.296,0.16151679
Merzenhausen,2022-06-24 07:00:00,42,val,0.2945,0.17549494
Merzenhausen,2022-06-24 08:00:00,42,val,0.2935,0.188679
Merzenhausen,2022-06-24 09:00:00,42,val,0.292,0.20140034
Merzenhausen,2022-06-24 10:00:00,42,val,0.2915,0.21317965
Merzenhausen,2022-06-24 11:00:00,42,val,0.2885,0.22362882
Merzenhausen,2022-06-24 12:00:00,42,val,0.289,0.2328896
Merzenhausen,2022-06-24 13:00:00,42,val,0.282,0.24068658
Merzenhausen,2022-06-24 14:00:00,42,val,0.284,0.24690878
Merzenhausen,2022-06-24 15:00:00,42,val,0.28,0.252021
Merzenhausen,2022-06-24 16:00:00,42,val,0.278,0.25566068
Merzenhausen,2022-06-24 17:00:00,42,val,0.278,0.2580267
Merzenhausen,2022-06-24 18:00:00,42,val,0.277,0.25934184
Merzenhausen,2022-06-24 19:00:00,42,val,0.278,0.2597456
Merzenhausen,2022-06-24 20:00:00,42,val,0.278,0.25949597
Merzenhausen,2022-06-24 21:00:00,42,val,0.276,0.25882018
Merzenhausen,2022-06-24 22:00:00,42,val,0.276,0.25792527
Merzenhausen,2022-06-24 23:00:00,42,val,0.2755,0.25703952
Merzenhausen,2022-06-25 00:00:00,42,val,0.274,0.25617936
Merzenhausen,2022-06-25 01:00:00,42,val,0.2755,0.25537246
Merzenhausen,2022-06-25 02:00:00,42,val,0.275,0.2546161
Merzenhausen,2022-06-25 03:00:00,42,val,0.2735,0.25401318
Merzenhausen,2022-06-25 04:00:00,42,val,0.2745,0.2535339
Merzenhausen,2022-06-25 05:00:00,42,val,0.273,0.25332427
Merzenhausen,2022-06-25 06:00:00,42,val,0.275,0.25330737
Merzenhausen,2022-06-25 07:00:00,42,val,0.272,0.25340462
Merzenhausen,2022-06-25 08:00:00,42,val,0.274,0.25335893
Merzenhausen,2022-06-25 09:00:00,42,val,0.271,0.25316292
Merzenhausen,2022-06-25 10:00:00,42,val,0.2715,0.25279534
Merzenhausen,2022-06-25 11:00:00,42,val,0.267,0.25198784
Merzenhausen,2022-06-25 12:00:00,42,val,0.2685,0.2511389
Merzenhausen,2022-06-25 13:00:00,42,val,0.2685,0.25018692
Merzenhausen,2022-06-25 14:00:00,42,val,0.262,0.24915649
Merzenhausen,2022-06-25 15:00:00,42,val,0.263,0.2480404
Merzenhausen,2022-06-25 16:00:00,42,val,0.26,0.24676944
Merzenhausen,2022-06-25 17:00:00,42,val,0.26,0.24534085
Merzenhausen,2022-06-25 18:00:00,42,val,0.258,0.2437733
Merzenhausen,2022-06-25 19:00:00,42,val,0.2605,0.2421102
Merzenhausen,2022-06-25 20:00:00,42,val,0.2595,0.2405335
Merzenhausen,2022-06-25 21:00:00,42,val,0.254,0.23918492
Merzenhausen,2022-06-25 22:00:00,42,val,0.259,0.2381444
Merzenhausen,2022-06-25 23:00:00,42,val,0.256,0.2408865
Merzenhausen,2022-06-26 00:00:00,42,val,0.257,0.24388579
Merzenhausen,2022-06-26 01:00:00,42,val,0.258,0.24692973
Merzenhausen,2022-06-26 02:00:00,42,val,0.253,0.24790736
Merzenhausen,2022-06-26 03:00:00,42,val,0.255,0.249664
Merzenhausen,2022-06-26 04:00:00,42,val,0.255,0.25196737
Merzenhausen,2022-06-26 05:00:00,42,val,0.254,0.2544275
Merzenhausen,2022-06-26 06:00:00,42,val,0.255,0.25677603
Merzenhausen,2022-06-26 07:00:00,42,val,0.2555,0.25890273
Merzenhausen,2022-06-26 08:00:00,42,val,0.253,0.2607643
Merzenhausen,2022-06-26 09:00:00,42,val,0.25,0.2623604
Merzenhausen,2022-06-26 10:00:00,42,val,0.247,0.26367095
Merzenhausen,2022-06-26 11:00:00,42,val,0.247,0.26469323
Merzenhausen,2022-06-26 12:00:00,42,val,0.242,0.2656479
Merzenhausen,2022-06-26 13:00:00,42,val,0.238,0.26619655
Merzenhausen,2022-06-26 14:00:00,42,val,0.236,0.2665356
Merzenhausen,2022-06-26 15:00:00,42,val,0.229,0.2665503
Merzenhausen,2022-06-26 16:00:00,42,val,0.229,0.26623505
Merzenhausen,2022-06-26 17:00:00,42,val,0.224,0.26563576
Merzenhausen,2022-06-26 18:00:00,42,val,0.226,0.2647118
Merzenhausen,2022-06-26 19:00:00,42,val,0.224,0.26364374
Merzenhausen,2022-06-26 20:00:00,42,val,0.222,0.26248133
Merzenhausen,2022-06-26 21:00:00,42,val,0.223,0.26124352
Merzenhausen,2022-06-26 22:00:00,42,val,0.22,0.26002544
Merzenhausen,2022-06-26 23:00:00,42,val,0.224,0.25888628
Merzenhausen,2022-06-27 00:00:00,42,val,0.22,0.2578581
Merzenhausen,2022-06-27 01:00:00,42,val,0.221,0.2570572
Merzenhausen,2022-06-27 02:00:00,42,val,0.219,0.25643536
Merzenhausen,2022-06-27 03:00:00,42,val,0.222,0.25593215
Merzenhausen,2022-06-27 04:00:00,42,val,0.22,0.25555974
Merzenhausen,2022-06-27 05:00:00,42,val,0.22,0.2552844
Merzenhausen,2022-06-27 06:00:00,42,val,0.222,0.25510985
Merzenhausen,2022-06-27 07:00:00,42,val,0.22,0.2550016
Merzenhausen,2022-06-27 08:00:00,42,val,0.22,0.25491098
Merzenhausen,2022-06-27 09:00:00,42,val,0.219,0.25484478
Merzenhausen,2022-06-27 10:00:00,42,val,0.217,0.25484374
Merzenhausen,2022-06-27 11:00:00,42,val,0.214,0.25482187
Merzenhausen,2022-06-27 12:00:00,42,val,0.21,0.2548474
Merzenhausen,2022-06-27 13:00:00,42,val,0.208,0.25490692
Merzenhausen,2022-06-27 14:00:00,42,val,0.203,0.2546593
Merzenhausen,2022-06-27 15:00:00,42,val,0.2,0.25469512
Merzenhausen,2022-06-27 16:00:00,42,val,0.199,0.2545057
Merzenhausen,2022-06-27 17:00:00,42,val,0.195,0.25402072
Merzenhausen,2022-06-27 18:00:00,42,val,0.198,0.25312373
Merzenhausen,2022-06-27 19:00:00,42,val,0.199,0.25205398
Merzenhausen,2022-06-27 20:00:00,42,val,0.195,0.2509091
Merzenhausen,2022-06-27 21:00:00,42,val,0.195,0.2494397
Merzenhausen,2022-06-27 22:00:00,42,val,0.197,0.24794441
Merzenhausen,2022-06-27 23:00:00,42,val,0.195,0.24641177
Merzenhausen,2022-06-28 00:00:00,42,val,0.196,0.24488126
Merzenhausen,2022-06-28 01:00:00,42,val,0.197,0.24353577
Merzenhausen,2022-06-28 02:00:00,42,val,0.194,0.24214867
Merzenhausen,2022-06-28 03:00:00,42,val,0.195,0.24090327
Merzenhausen,2022-06-28 04:00:00,42,val,0.192,0.23991382
Merzenhausen,2022-06-28 05:00:00,42,val,0.194,0.23929371
Merzenhausen,2022-06-28 06:00:00,42,val,0.196,0.23923074
Merzenhausen,2022-06-28 07:00:00,42,val,0.195,0.23950216
Merzenhausen,2022-06-28 08:00:00,42,val,0.191,0.23983465
Merzenhausen,2022-06-28 09:00:00,42,val,0.192,0.24010092
Merzenhausen,2022-06-28 10:00:00,42,val,0.189,0.24016419
Merzenhausen,2022-06-28 11:00:00,42,val,0.188,0.23999959
Merzenhausen,2022-06-28 12:00:00,42,val,0.188,0.23958792
Merzenhausen,2022-06-28 13:00:00,42,val,0.187,0.23885353
Merzenhausen,2022-06-28 14:00:00,42,val,0.184,0.23781492
Merzenhausen,2022-06-28 15:00:00,42,val,0.185,0.23624831
Merzenhausen,2022-06-28 16:00:00,42,val,0.187,0.23436782
Merzenhausen,2022-06-28 17:00:00,42,val,0.209,0.2320331
Merzenhausen,2022-06-28 18:00:00,42,val,0.323,0.22953172
Merzenhausen,2022-07-07 19:00:00,42,val,0.149,0.17243959
Merzenhausen,2022-07-07 20:00:00,42,val,0.149,0.17169559
Merzenhausen,2022-07-07 21:00:00,42,val,0.15,0.17066827
Merzenhausen,2022-07-07 22:00:00,42,val,0.148,0.16934228
Merzenhausen,2022-07-07 23:00:00,42,val,0.149,0.16810219
Merzenhausen,2022-07-08 00:00:00,42,val,0.146,0.16696239
Merzenhausen,2022-07-08 01:00:00,42,val,0.147,0.16607279
Merzenhausen,2022-07-08 02:00:00,42,val,0.145,0.16544855
Merzenhausen,2022-07-08 03:00:00,42,val,0.146,0.16501522
Merzenhausen,2022-07-08 04:00:00,42,val,0.149,0.1648275
Merzenhausen,2022-07-08 05:00:00,42,val,0.146,0.16477461
Merzenhausen,2022-07-08 06:00:00,42,val,0.146,0.16497229
Merzenhausen,2022-07-08 07:00:00,42,val,0.15,0.16527236
Merzenhausen,2022-07-08 08:00:00,42,val,0.149,0.16549556
Merzenhausen,2022-07-08 09:00:00,42,val,0.145,0.16555603
Merzenhausen,2022-07-08 10:00:00,42,val,0.149,0.1652406
Merzenhausen,2022-07-08 11:00:00,42,val,0.148,0.16477141
Merzenhausen,2022-07-08 12:00:00,42,val,0.146,0.16421948
Merzenhausen,2022-07-08 13:00:00,42,val,0.146,0.1639694
Merzenhausen,2022-07-08 14:00:00,42,val,0.146,0.16400284
Merzenhausen,2022-07-08 15:00:00,42,val,0.146,0.16408348
Merzenhausen,2022-07-08 16:00:00,42,val,0.146,0.16410322
Merzenhausen,2022-07-08 17:00:00,42,val,0.15,0.16377775
Merzenhausen,2022-07-08 18:00:00,42,val,0.148,0.163092
Merzenhausen,2022-07-08 19:00:00,42,val,0.148,0.1621618
Merzenhausen,2022-07-08 20:00:00,42,val,0.145,0.16106713
Merzenhausen,2022-07-08 21:00:00,42,val,0.147,0.16002172
Merzenhausen,2022-07-08 22:00:00,42,val,0.145,0.15894273
Merzenhausen,2022-07-08 23:00:00,42,val,0.146,0.15785208
Merzenhausen,2022-07-09 00:00:00,42,val,0.142,0.15693837
Merzenhausen,2022-07-09 01:00:00,42,val,0.146,0.15640432
Merzenhausen,2022-07-09 02:00:00,42,val,0.148,0.1561927
Merzenhausen,2022-07-09 03:00:00,42,val,0.144,0.15613751
Merzenhausen,2022-07-09 04:00:00,42,val,0.145,0.15617505
Merzenhausen,2022-07-09 05:00:00,42,val,0.145,0.15643278
Merzenhausen,2022-07-09 06:00:00,42,val,0.145,0.15697858
Merzenhausen,2022-07-09 07:00:00,42,val,0.145,0.15758747
Merzenhausen,2022-07-09 08:00:00,42,val,0.145,0.15788935
Merzenhausen,2022-07-09 09:00:00,42,val,0.144,0.15802331
Merzenhausen,2022-07-09 10:00:00,42,val,0.146,0.15792938
Merzenhausen,2022-07-09 11:00:00,42,val,0.144,0.15765722
Merzenhausen,2022-07-09 12:00:00,42,val,0.144,0.15732653
Merzenhausen,2022-07-09 13:00:00,42,val,0.146,0.15710452
Merzenhausen,2022-07-09 14:00:00,42,val,0.147,0.15717882
Merzenhausen,2022-07-09 15:00:00,42,val,0.145,0.15737242
Merzenhausen,2022-07-09 16:00:00,42,val,0.145,0.15744588
Merzenhausen,2022-07-09 17:00:00,42,val,0.145,0.15723133
Merzenhausen,2022-07-09 18:00:00,42,val,0.145,0.15671161
Merzenhausen,2022-07-09 19:00:00,42,val,0.142,0.15582588
Merzenhausen,2022-07-09 20:00:00,42,val,0.144,0.15486827
Merzenhausen,2022-07-09 21:00:00,42,val,0.143,0.15390226
Merzenhausen,2022-07-09 22:00:00,42,val,0.142,0.15298855
Merzenhausen,2022-07-09 23:00:00,42,val,0.144,0.15218616
Merzenhausen,2022-07-10 00:00:00,42,val,0.141,0.15137832
Merzenhausen,2022-07-10 01:00:00,42,val,0.141,0.15071721
Merzenhausen,2022-07-10 02:00:00,42,val,0.142,0.15009218
Merzenhausen,2022-07-10 03:00:00,42,val,0.141,0.14970216
Merzenhausen,2022-07-10 04:00:00,42,val,0.141,0.14970028
Merzenhausen,2022-07-10 05:00:00,42,val,0.141,0.14985198
Merzenhausen,2022-07-10 06:00:00,42,val,0.141,0.15014425
Merzenhausen,2022-07-10 07:00:00,42,val,0.14,0.15062486
Merzenhausen,2022-07-10 08:00:00,42,val,0.138,0.15105084
Merzenhausen,2022-07-10 09:00:00,42,val,0.144,0.15110978
Merzenhausen,2022-07-10 10:00:00,42,val,0.142,0.15104952
Merzenhausen,2022-07-10 11:00:00,42,val,0.145,0.15083158
Merzenhausen,2022-07-10 12:00:00,42,val,0.143,0.15064672
Merzenhausen,2022-07-10 13:00:00,42,val,0.145,0.15059862
Merzenhausen,2022-07-10 14:00:00,42,val,0.146,0.15073927
Merzenhausen,2022-07-10 15:00:00,42,val,0.144,0.15097961
Merzenhausen,2022-07-10 16:00:00,42,val,0.144,0.1512691
Merzenhausen,2022-07-10 17:00:00,42,val,0.146,0.15169108
Merzenhausen,2022-07-10 18:00:00,42,val,0.145,0.15192452
Merzenhausen,2022-07-10 19:00:00,42,val,0.143,0.15192628
Merzenhausen,2022-07-10 20:00:00,42,val,0.142,0.15163043
Merzenhausen,2022-07-10 21:00:00,42,val,0.144,0.1511495
Merzenhausen,2022-07-10 22:00:00,42,val,0.145,0.15040612
Merzenhausen,2022-07-10 23:00:00,42,val,0.143,0.14980032
Merzenhausen,2022-07-11 00:00:00,42,val,0.1425,0.14922777
Merzenhausen,2022-07-11 01:00:00,42,val,0.144,0.14902666
Merzenhausen,2022-07-11 02:00:00,42,val,0.144,0.14930795
Merzenhausen,2022-07-11 03:00:00,42,val,0.141,0.1497505
Merzenhausen,2022-07-11 04:00:00,42,val,0.141,0.1503885
Merzenhausen,2022-07-11 05:00:00,42,val,0.139,0.15114093
Merzenhausen,2022-07-11 06:00:00,42,val,0.139,0.1518322
Merzenhausen,2022-07-11 07:00:00,42,val,0.141,0.15238771
Merzenhausen,2022-07-11 08:00:00,42,val,0.139,0.15267564
Merzenhausen,2022-07-11 09:00:00,42,val,0.142,0.15257566
Merzenhausen,2022-07-11 10:00:00,42,val,0.1495,0.15223417
Merzenhausen,2022-07-11 11:00:00,42,val,0.14,0.15160722
Merzenhausen,2022-07-11 12:00:00,42,val,0.144,0.15095505
Merzenhausen,2022-07-11 13:00:00,42,val,0.142,0.15053011
Merzenhausen,2022-07-11 14:00:00,42,val,0.144,0.15041973
Merzenhausen,2022-07-11 15:00:00,42,val,0.144,0.15049605
Merzenhausen,2022-07-11 16:00:00,42,val,0.142,0.15052769
Merzenhausen,2022-07-11 17:00:00,42,val,0.142,0.15047401
Merzenhausen,2022-07-11 18:00:00,42,val,0.143,0.15020984
Merzenhausen,2022-07-11 19:00:00,42,val,0.146,0.14957255
Merzenhausen,2022-07-11 20:00:00,42,val,0.144,0.14896953
Merzenhausen,2022-07-11 21:00:00,42,val,0.141,0.14832078
Merzenhausen,2022-07-11 22:00:00,42,val,0.14,0.14751098
Merzenhausen,2022-07-11 23:00:00,42,val,0.137,0.14683503
Merzenhausen,2022-07-12 00:00:00,42,val,0.141,0.14622416
Merzenhausen,2022-07-12 01:00:00,42,val,0.143,0.1457728
Merzenhausen,2022-07-12 02:00:00,42,val,0.14,0.14543793
Merzenhausen,2022-07-12 03:00:00,42,val,0.14,0.1452461
Merzenhausen,2022-07-12 04:00:00,42,val,0.137,0.14517286
Merzenhausen,2022-07-12 05:00:00,42,val,0.139,0.14525409
Merzenhausen,2022-07-12 06:00:00,42,val,0.141,0.14550768
Merzenhausen,2022-07-12 07:00:00,42,val,0.139,0.14584082
Merzenhausen,2022-07-12 08:00:00,42,val,0.137,0.14595251
Merzenhausen,2022-07-12 09:00:00,42,val,0.14,0.14599323
Merzenhausen,2022-07-12 10:00:00,42,val,0.14,0.14582554
Merzenhausen,2022-07-12 11:00:00,42,val,0.141,0.14565273
Merzenhausen,2022-07-12 12:00:00,42,val,0.14,0.14546204
Merzenhausen,2022-07-12 13:00:00,42,val,0.141,0.14550248
Merzenhausen,2022-07-12 14:00:00,42,val,0.142,0.14580871
Merzenhausen,2022-07-12 15:00:00,42,val,0.139,0.14621976
Merzenhausen,2022-07-12 16:00:00,42,val,0.141,0.14653906
Merzenhausen,2022-07-12 17:00:00,42,val,0.139,0.14673562
Merzenhausen,2022-07-12 18:00:00,42,val,0.138,0.1467482
Merzenhausen,2022-07-12 19:00:00,42,val,0.142,0.14641242
Merzenhausen,2022-07-12 20:00:00,42,val,0.139,0.14574705
Merzenhausen,2022-07-12 21:00:00,42,val,0.138,0.14505059
Merzenhausen,2022-07-12 22:00:00,42,val,0.137,0.14456542
Merzenhausen,2022-07-12 23:00:00,42,val,0.14,0.14430219
Merzenhausen,2022-07-13 00:00:00,42,val,0.133,0.14437515
Merzenhausen,2022-07-13 01:00:00,42,val,0.141,0.1449066
Merzenhausen,2022-07-13 02:00:00,42,val,0.136,0.14587454
Merzenhausen,2022-07-13 03:00:00,42,val,0.136,0.14696874
Merzenhausen,2022-07-13 04:00:00,42,val,0.136,0.14820877
Merzenhausen,2022-07-13 05:00:00,42,val,0.133,0.14938605
Merzenhausen,2022-07-13 06:00:00,42,val,0.133,0.15048313
Merzenhausen,2022-07-13 07:00:00,42,val,0.138,0.15155429
Merzenhausen,2022-07-13 08:00:00,42,val,0.136,0.1520828
Merzenhausen,2022-07-13 09:00:00,42,val,0.136,0.15226649
Merzenhausen,2022-07-13 10:00:00,42,val,0.135,0.1524705
Merzenhausen,2022-07-13 11:00:00,42,val,0.136,0.1522782
Merzenhausen,2022-07-13 12:00:00,42,val,0.136,0.1521017
Merzenhausen,2022-07-13 13:00:00,42,val,0.137,0.15190302
Merzenhausen,2022-07-13 14:00:00,42,val,0.138,0.15180656
Merzenhausen,2022-07-13 15:00:00,42,val,0.136,0.15175234
Merzenhausen,2022-07-13 16:00:00,42,val,0.14,0.151438
Merzenhausen,2022-07-13 17:00:00,42,val,0.136,0.15069002
Merzenhausen,2022-07-13 18:00:00,42,val,0.138,0.14966255
Merzenhausen,2022-07-13 19:00:00,42,val,0.135,0.14868912
Merzenhausen,2022-07-13 20:00:00,42,val,0.136,0.1476756
Merzenhausen,2022-07-13 21:00:00,42,val,0.135,0.1465823
Merzenhausen,2022-07-13 22:00:00,42,val,0.136,0.14553443
Merzenhausen,2022-07-13 23:00:00,42,val,0.135,0.14457972
Merzenhausen,2022-07-14 00:00:00,42,val,0.135,0.1441637
Merzenhausen,2022-07-14 01:00:00,42,val,0.136,0.14439029
Merzenhausen,2022-07-14 02:00:00,42,val,0.134,0.14491457
Merzenhausen,2022-07-14 03:00:00,42,val,0.131,0.14561674
Merzenhausen,2022-07-14 04:00:00,42,val,0.133,0.14634176
Merzenhausen,2022-07-14 05:00:00,42,val,0.131,0.14709558
Merzenhausen,2022-07-14 06:00:00,42,val,0.135,0.14783378
Merzenhausen,2022-07-14 07:00:00,42,val,0.131,0.14839247
Merzenhausen,2022-07-14 08:00:00,42,val,0.134,0.1485925
Merzenhausen,2022-07-14 09:00:00,42,val,0.132,0.14860898
Merzenhausen,2022-07-14 10:00:00,42,val,0.131,0.14836493
Merzenhausen,2022-07-14 11:00:00,42,val,0.136,0.14809759
Merzenhausen,2022-07-14 12:00:00,42,val,0.135,0.1477933
Merzenhausen,2022-07-14 13:00:00,42,val,0.138,0.14760387
Merzenhausen,2022-07-14 14:00:00,42,val,0.137,0.14762297
Merzenhausen,2022-07-14 15:00:00,42,val,0.135,0.14758213
Merzenhausen,2022-07-14 16:00:00,42,val,0.135,0.14750199
Merzenhausen,2022-07-14 17:00:00,42,val,0.135,0.14696887
Merzenhausen,2022-07-14 18:00:00,42,val,0.138,0.14610252
Merzenhausen,2022-07-14 19:00:00,42,val,0.133,0.14528254
Merzenhausen,2022-07-14 20:00:00,42,val,0.134,0.14431524
Merzenhausen,2022-07-14 21:00:00,42,val,0.135,0.14333162
Merzenhausen,2022-07-14 22:00:00,42,val,0.132,0.14239323
Merzenhausen,2022-07-14 23:00:00,42,val,0.134,0.14176804
Merzenhausen,2022-07-15 00:00:00,42,val,0.133,0.1411192
Merzenhausen,2022-07-15 01:00:00,42,val,0.13,0.1408624
Merzenhausen,2022-07-15 02:00:00,42,val,0.131,0.14074296
Merzenhausen,2022-07-15 03:00:00,42,val,0.129,0.14080948
Merzenhausen,2022-07-15 04:00:00,42,val,0.128,0.14105093
Merzenhausen,2022-07-15 05:00:00,42,val,0.13,0.14112498
Merzenhausen,2022-07-15 06:00:00,42,val,0.13,0.14116465
Merzenhausen,2022-07-15 07:00:00,42,val,0.132,0.14143108
Merzenhausen,2022-07-15 08:00:00,42,val,0.131,0.14156517
Merzenhausen,2022-07-15 09:00:00,42,val,0.13,0.14151122
Merzenhausen,2022-07-15 10:00:00,42,val,0.131,0.14119872
Merzenhausen,2022-07-15 11:00:00,42,val,0.134,0.14085923
Merzenhausen,2022-07-15 12:00:00,42,val,0.131,0.1404993
Merzenhausen,2022-07-15 13:00:00,42,val,0.133,0.1403218
Merzenhausen,2022-07-15 14:00:00,42,val,0.135,0.1403935
Merzenhausen,2022-07-15 15:00:00,42,val,0.136,0.14066151
Merzenhausen,2022-07-15 16:00:00,42,val,0.134,0.1412424
Merzenhausen,2022-07-15 17:00:00,42,val,0.136,0.14147794
Merzenhausen,2022-07-15 18:00:00,42,val,0.135,0.14154965
Merzenhausen,2022-07-15 19:00:00,42,val,0.133,0.14128147
Merzenhausen,2022-07-15 20:00:00,42,val,0.134,0.14094618
Merzenhausen,2022-07-15 21:00:00,42,val,0.131,0.14043784
Merzenhausen,2022-07-15 22:00:00,42,val,0.134,0.13984594
Merzenhausen,2022-07-15 23:00:00,42,val,0.131,0.13932285
Merzenhausen,2022-07-16 00:00:00,42,val,0.129,0.13887405
Merzenhausen,2022-07-16 01:00:00,42,val,0.132,0.1386268
Merzenhausen,2022-07-16 02:00:00,42,val,0.131,0.1384652
Merzenhausen,2022-07-16 03:00:00,42,val,0.129,0.13818955
Merzenhausen,2022-07-16 04:00:00,42,val,0.129,0.13801217
Merzenhausen,2022-07-16 05:00:00,42,val,0.13,0.13791355
Merzenhausen,2022-07-16 06:00:00,42,val,0.13,0.13809896
Merzenhausen,2022-07-16 07:00:00,42,val,0.129,0.13824165
Merzenhausen,2022-07-16 08:00:00,42,val,0.131,0.13840172
Merzenhausen,2022-07-16 09:00:00,42,val,0.133,0.13832447
Merzenhausen,2022-07-16 10:00:00,42,val,0.134,0.13795461
Merzenhausen,2022-07-16 11:00:00,42,val,0.131,0.13771091
Merzenhausen,2022-07-16 12:00:00,42,val,0.132,0.13755016
Merzenhausen,2022-07-16 13:00:00,42,val,0.136,0.13774624
Merzenhausen,2022-07-16 14:00:00,42,val,0.135,0.13826525
Merzenhausen,2022-07-16 15:00:00,42,val,0.135,0.13891628
Merzenhausen,2022-07-16 16:00:00,42,val,0.135,0.13950685
Merzenhausen,2022-07-16 17:00:00,42,val,0.135,0.13984354
Merzenhausen,2022-07-16 18:00:00,42,val,0.135,0.1400527
Merzenhausen,2022-07-16 19:00:00,42,val,0.134,0.13975315
Merzenhausen,2022-07-16 20:00:00,42,val,0.133,0.13928652
Merzenhausen,2022-07-16 21:00:00,42,val,0.134,0.13882193
Merzenhausen,2022-07-16 22:00:00,42,val,0.131,0.13827991
Merzenhausen,2022-07-16 23:00:00,42,val,0.133,0.13779008
Merzenhausen,2022-07-17 00:00:00,42,val,0.132,0.1374309
Merzenhausen,2022-07-17 01:00:00,42,val,0.133,0.13696793
Merzenhausen,2022-07-17 02:00:00,42,val,0.13,0.13656044
Merzenhausen,2022-07-17 03:00:00,42,val,0.13,0.13609204
Merzenhausen,2022-07-17 04:00:00,42,val,0.127,0.13554388
Merzenhausen,2022-07-17 05:00:00,42,val,0.131,0.13507544
Merzenhausen,2022-07-17 06:00:00,42,val,0.129,0.1347456
Merzenhausen,2022-07-17 07:00:00,42,val,0.13,0.13468853
Merzenhausen,2022-07-17 08:00:00,42,val,0.13,0.13458374
Merzenhausen,2022-07-17 09:00:00,42,val,0.127,0.13431011
Merzenhausen,2022-07-17 10:00:00,42,val,0.133,0.13392885
Merzenhausen,2022-07-17 11:00:00,42,val,0.13,0.13370848
Merzenhausen,2022-07-17 12:00:00,42,val,0.131,0.13346863
Merzenhausen,2022-07-17 13:00:00,42,val,0.134,0.13352042
Merzenhausen,2022-07-17 14:00:00,42,val,0.133,0.13399032
Merzenhausen,2022-07-17 15:00:00,42,val,0.136,0.13480428
Merzenhausen,2022-07-17 16:00:00,42,val,0.136,0.13561428
Merzenhausen,2022-07-17 17:00:00,42,val,0.131,0.1363475
Merzenhausen,2022-07-17 18:00:00,42,val,0.135,0.13673599
Merzenhausen,2022-07-17 19:00:00,42,val,0.133,0.13671142
Merzenhausen,2022-07-17 20:00:00,42,val,0.134,0.13652737
Merzenhausen,2022-07-17 21:00:00,42,val,0.133,0.1361203
Merzenhausen,2022-07-17 22:00:00,42,val,0.13,0.13571766
Merzenhausen,2022-07-17 23:00:00,42,val,0.132,0.13529953
Merzenhausen,2022-07-18 00:00:00,42,val,0.133,0.13487864
Merzenhausen,2022-07-18 01:00:00,42,val,0.13,0.13472167
Merzenhausen,2022-07-18 02:00:00,42,val,0.132,0.134713
Merzenhausen,2022-07-18 03:00:00,42,val,0.132,0.13475052
Merzenhausen,2022-07-18 04:00:00,42,val,0.129,0.1347521
Merzenhausen,2022-07-18 05:00:00,42,val,0.129,0.13492148
Merzenhausen,2022-07-18 06:00:00,42,val,0.129,0.1352679
Merzenhausen,2022-07-18 07:00:00,42,val,0.129,0.13568118
Merzenhausen,2022-07-18 08:00:00,42,val,0.129,0.13610838
Merzenhausen,2022-07-18 09:00:00,42,val,0.127,0.13649741
Merzenhausen,2022-07-18 10:00:00,42,val,0.132,0.13684547
Merzenhausen,2022-07-18 11:00:00,42,val,0.131,0.13696176
Merzenhausen,2022-07-18 12:00:00,42,val,0.13,0.13706866
Merzenhausen,2022-07-18 13:00:00,42,val,0.133,0.1375213
Merzenhausen,2022-07-18 14:00:00,42,val,0.139,0.13822722
Merzenhausen,2022-07-18 15:00:00,42,val,0.132,0.13910992
Merzenhausen,2022-07-18 16:00:00,42,val,0.132,0.13989694
Merzenhausen,2022-07-18 17:00:00,42,val,0.127,0.14042865
Merzenhausen,2022-07-18 18:00:00,42,val,0.133,0.14062947
Merzenhausen,2022-07-18 19:00:00,42,val,0.128,0.14042675
Merzenhausen,2022-07-18 20:00:00,42,val,0.129,0.13973272
Merzenhausen,2022-07-18 21:00:00,42,val,0.13,0.13865781
Merzenhausen,2022-07-18 22:00:00,42,val,0.127,0.13734925
Merzenhausen,2022-07-18 23:00:00,42,val,0.127,0.13636327
Merzenhausen,2022-07-19 00:00:00,42,val,0.13,0.13573706
Merzenhausen,2022-07-19 01:00:00,42,val,0.128,0.1356704
Merzenhausen,2022-07-19 02:00:00,42,val,0.125,0.13584693
Merzenhausen,2022-07-19 03:00:00,42,val,0.125,0.13619146
Merzenhausen,2022-07-19 04:00:00,42,val,0.127,0.13650012
Merzenhausen,2022-07-19 05:00:00,42,val,0.129,0.13704616
Merzenhausen,2022-07-19 06:00:00,42,val,0.127,0.13783592
Merzenhausen,2022-07-19 07:00:00,42,val,0.128,0.13878615
Merzenhausen,2022-07-19 08:00:00,42,val,0.126,0.13971184
Merzenhausen,2022-07-19 09:00:00,42,val,0.129,0.14023629
Merzenhausen,2022-07-19 10:00:00,42,val,0.129,0.14062974
Merzenhausen,2022-07-19 11:00:00,42,val,0.129,0.14081444
Merzenhausen,2022-07-30 08:00:00,42,val,0.139,0.14836273
Merzenhausen,2022-07-30 09:00:00,42,val,0.135,0.14833444
Merzenhausen,2022-07-30 10:00:00,42,val,0.137,0.14822242
Merzenhausen,2022-07-30 11:00:00,42,val,0.14,0.14797923
Merzenhausen,2022-07-30 12:00:00,42,val,0.138,0.14783385
Merzenhausen,2022-07-30 13:00:00,42,val,0.14,0.1479092
Merzenhausen,2022-07-30 14:00:00,42,val,0.138,0.14810985
Merzenhausen,2022-07-30 15:00:00,42,val,0.138,0.14832067
Merzenhausen,2022-07-30 16:00:00,42,val,0.138,0.14843807
Merzenhausen,2022-07-30 17:00:00,42,val,0.139,0.14831118
Merzenhausen,2022-07-30 18:00:00,42,val,0.139,0.14777392
Merzenhausen,2022-07-30 19:00:00,42,val,0.138,0.14688924
Merzenhausen,2022-07-30 20:00:00,42,val,0.139,0.14587745
Merzenhausen,2022-07-30 21:00:00,42,val,0.136,0.14482099
Merzenhausen,2022-07-30 22:00:00,42,val,0.138,0.14403634
Merzenhausen,2022-07-30 23:00:00,42,val,0.135,0.1435535
Merzenhausen,2022-07-31 00:00:00,42,val,0.134,0.14323774
Merzenhausen,2022-07-31 01:00:00,42,val,0.134,0.14329863
Merzenhausen,2022-07-31 02:00:00,42,val,0.135,0.14370981
Merzenhausen,2022-07-31 03:00:00,42,val,0.135,0.14456084
Merzenhausen,2022-07-31 04:00:00,42,val,0.135,0.14559501
Merzenhausen,2022-07-31 05:00:00,42,val,0.136,0.14676027
Merzenhausen,2022-07-31 06:00:00,42,val,0.135,0.14788105
Merzenhausen,2022-07-31 07:00:00,42,val,0.135,0.14868909
Merzenhausen,2022-07-31 08:00:00,42,val,0.134,0.14909023
Merzenhausen,2022-07-31 09:00:00,42,val,0.137,0.14917874
Merzenhausen,2022-07-31 10:00:00,42,val,0.134,0.14907691
Merzenhausen,2022-07-31 11:00:00,42,val,0.135,0.14884344
Merzenhausen,2022-07-31 12:00:00,42,val,0.138,0.14883246
Merzenhausen,2022-07-31 13:00:00,42,val,0.139,0.14894891
Merzenhausen,2022-07-31 14:00:00,42,val,0.135,0.14900205
Merzenhausen,2022-07-31 15:00:00,42,val,0.138,0.14911082
Merzenhausen,2022-07-31 16:00:00,42,val,0.138,0.14896879
Merzenhausen,2022-07-31 17:00:00,42,val,0.139,0.14867824
Merzenhausen,2022-07-31 18:00:00,42,val,0.139,0.14799479
Merzenhausen,2022-07-31 19:00:00,42,val,0.138,0.14696679
Merzenhausen,2022-07-31 20:00:00,42,val,0.135,0.14577882
Merzenhausen,2022-07-31 21:00:00,42,val,0.135,0.14462218
Merzenhausen,2022-07-31 22:00:00,42,val,0.134,0.14353108
Merzenhausen,2022-07-31 23:00:00,42,val,0.134,0.14281178
Merzenhausen,2022-08-01 00:00:00,42,val,0.135,0.14245129
Merzenhausen,2022-08-01 01:00:00,42,val,0.136,0.14251052
Merzenhausen,2022-08-01 02:00:00,42,val,0.134,0.14285953
Merzenhausen,2022-08-01 03:00:00,42,val,0.134,0.14364594
Merzenhausen,2022-08-01 04:00:00,42,val,0.131,0.14482616
Merzenhausen,2022-08-01 05:00:00,42,val,0.133,0.14617348
Merzenhausen,2022-08-01 06:00:00,42,val,0.131,0.14832498
Merzenhausen,2022-08-01 07:00:00,42,val,0.134,0.1497692
Merzenhausen,2022-08-01 08:00:00,42,val,0.134,0.1505156
Merzenhausen,2022-08-01 09:00:00,42,val,0.133,0.1506733
Merzenhausen,2022-08-01 10:00:00,42,val,0.134,0.15039033
Merzenhausen,2022-08-01 11:00:00,42,val,0.135,0.15004054
Merzenhausen,2022-08-01 12:00:00,42,val,0.137,0.14963342
Merzenhausen,2022-08-01 13:00:00,42,val,0.135,0.14937577
Merzenhausen,2022-08-01 14:00:00,42,val,0.138,0.14912497
Merzenhausen,2022-08-01 15:00:00,42,val,0.134,0.1487143
Merzenhausen,2022-08-01 16:00:00,42,val,0.136,0.14813873
Merzenhausen,2022-08-01 17:00:00,42,val,0.138,0.14738266
Merzenhausen,2022-08-01 18:00:00,42,val,0.139,0.1464506
Merzenhausen,2022-08-01 19:00:00,42,val,0.137,0.1453628
Merzenhausen,2022-08-01 20:00:00,42,val,0.134,0.14431056
Merzenhausen,2022-08-01 21:00:00,42,val,0.135,0.14322864
Merzenhausen,2022-08-01 22:00:00,42,val,0.136,0.14221269
Merzenhausen,2022-08-01 23:00:00,42,val,0.135,0.14115602
Merzenhausen,2022-08-02 00:00:00,42,val,0.135,0.14020965
Merzenhausen,2022-08-02 01:00:00,42,val,0.132,0.13936767
Merzenhausen,2022-08-02 02:00:00,42,val,0.131,0.13880065
Merzenhausen,2022-08-02 03:00:00,42,val,0.131,0.13853703
Merzenhausen,2022-08-02 04:00:00,42,val,0.135,0.1384559
Merzenhausen,2022-08-02 05:00:00,42,val,0.132,0.13857983
Merzenhausen,2022-08-02 06:00:00,42,val,0.132,0.13881002
Merzenhausen,2022-08-02 07:00:00,42,val,0.131,0.1392412
Merzenhausen,2022-08-02 08:00:00,42,val,0.131,0.1397714
Merzenhausen,2022-08-02 09:00:00,42,val,0.135,0.14028749
Merzenhausen,2022-08-02 10:00:00,42,val,0.134,0.14053363
Merzenhausen,2022-08-02 11:00:00,42,val,0.137,0.14075941
Merzenhausen,2022-08-02 12:00:00,42,val,0.137,0.14121357
Merzenhausen,2022-08-02 13:00:00,42,val,0.138,0.14189821
Merzenhausen,2022-08-02 14:00:00,42,val,0.134,0.14259711
Merzenhausen,2022-08-02 15:00:00,42,val,0.135,0.14329374
Merzenhausen,2022-08-02 16:00:00,42,val,0.137,0.1438918
Merzenhausen,2022-08-02 17:00:00,42,val,0.137,0.14423826
Merzenhausen,2022-08-02 18:00:00,42,val,0.133,0.14425483
Merzenhausen,2022-08-02 19:00:00,42,val,0.13,0.14390826
Merzenhausen,2022-08-02 20:00:00,42,val,0.134,0.14305633
Merzenhausen,2022-08-02 21:00:00,42,val,0.133,0.14198528
Merzenhausen,2022-08-02 22:00:00,42,val,0.133,0.14083435
Merzenhausen,2022-08-02 23:00:00,42,val,0.134,0.13987674
Merzenhausen,2022-08-03 00:00:00,42,val,0.134,0.13925652
Merzenhausen,2022-08-03 01:00:00,42,val,0.134,0.1391189
Merzenhausen,2022-08-03 02:00:00,42,val,0.131,0.13935593
Merzenhausen,2022-08-03 03:00:00,42,val,0.211,0.13983536
Merzenhausen,2022-08-03 04:00:00,42,val,0.207,0.14032775
Merzenhausen,2022-08-03 05:00:00,42,val,0.207,0.1408988
Merzenhausen,2022-08-03 06:00:00,42,val,0.204,0.14152648
Merzenhausen,2022-08-03 07:00:00,42,val,0.206,0.14233896
Merzenhausen,2022-08-03 08:00:00,42,val,0.2,0.14311922
Merzenhausen,2022-08-03 09:00:00,42,val,0.199,0.14371458
Merzenhausen,2022-08-03 10:00:00,42,val,0.202,0.1440891
Merzenhausen,2022-08-03 11:00:00,42,val,0.199,0.14441197
Merzenhausen,2022-08-03 12:00:00,42,val,0.197,0.14483158
Merzenhausen,2022-08-03 13:00:00,42,val,0.198,0.14531258
Merzenhausen,2022-08-03 14:00:00,42,val,0.195,0.14600703
Merzenhausen,2022-08-03 15:00:00,42,val,0.196,0.14652483
Merzenhausen,2022-08-03 16:00:00,42,val,0.193,0.14683527
Merzenhausen,2022-08-03 17:00:00,42,val,0.194,0.14687425
Merzenhausen,2022-08-03 18:00:00,42,val,0.191,0.1466006
Merzenhausen,2022-08-03 19:00:00,42,val,0.189,0.14592105
Merzenhausen,2022-08-03 20:00:00,42,val,0.188,0.1447591
Merzenhausen,2022-08-03 21:00:00,42,val,0.191,0.14336774
Merzenhausen,2022-08-03 22:00:00,42,val,0.19,0.14214033
Merzenhausen,2022-08-03 23:00:00,42,val,0.187,0.14113826
Merzenhausen,2022-08-04 00:00:00,42,val,0.186,0.14054798
Merzenhausen,2022-08-04 01:00:00,42,val,0.189,0.14020473
Merzenhausen,2022-08-04 02:00:00,42,val,0.186,0.14009193
Merzenhausen,2022-08-04 03:00:00,42,val,0.184,0.14021726
Merzenhausen,2022-08-04 04:00:00,42,val,0.189,0.14067127
Merzenhausen,2022-08-04 05:00:00,42,val,0.186,0.14116369
Merzenhausen,2022-08-04 06:00:00,42,val,0.183,0.1418029
Merzenhausen,2022-08-04 07:00:00,42,val,0.185,0.14254531
Merzenhausen,2022-08-04 08:00:00,42,val,0.181,0.14333999
Merzenhausen,2022-08-04 09:00:00,42,val,0.181,0.14412656
Merzenhausen,2022-08-04 10:00:00,42,val,0.181,0.14466134
Merzenhausen,2022-08-04 11:00:00,42,val,0.181,0.14513005
Merzenhausen,2022-08-04 12:00:00,42,val,0.1855,0.14554837
Merzenhausen,2022-08-04 13:00:00,42,val,0.178,0.1460456
Merzenhausen,2022-08-04 14:00:00,42,val,0.1845,0.14634451
Merzenhausen,2022-08-04 15:00:00,42,val,0.176,0.14639007
Merzenhausen,2022-08-04 16:00:00,42,val,0.178,0.1462076
Merzenhausen,2022-08-04 17:00:00,42,val,0.178,0.14576441
Merzenhausen,2022-08-04 18:00:00,42,val,0.181,0.14479762
Merzenhausen,2022-08-04 19:00:00,42,val,0.177,0.14339015
Merzenhausen,2022-08-04 20:00:00,42,val,0.1825,0.14199789
Merzenhausen,2022-08-04 21:00:00,42,val,0.176,0.14061196
Merzenhausen,2022-08-04 22:00:00,42,val,0.177,0.13947323
Merzenhausen,2022-08-04 23:00:00,42,val,0.178,0.138657
Merzenhausen,2022-08-05 00:00:00,42,val,0.178,0.13828093
Merzenhausen,2022-08-05 01:00:00,42,val,0.176,0.13834184
Merzenhausen,2022-08-05 02:00:00,42,val,0.175,0.13863924
Merzenhausen,2022-08-05 03:00:00,42,val,0.176,0.15169683
Merzenhausen,2022-08-05 04:00:00,42,val,0.175,0.15967633
Merzenhausen,2022-08-05 05:00:00,42,val,0.175,0.16737887
Merzenhausen,2022-08-05 06:00:00,42,val,0.176,0.17434007
Merzenhausen,2022-08-05 07:00:00,42,val,0.176,0.18057433
Merzenhausen,2022-08-05 08:00:00,42,val,0.176,0.18567778
Merzenhausen,2022-08-05 09:00:00,42,val,0.173,0.18973432
Merzenhausen,2022-08-05 10:00:00,42,val,0.173,0.1932289
Merzenhausen,2022-08-05 11:00:00,42,val,0.173,0.1960768
Merzenhausen,2022-08-05 12:00:00,42,val,0.173,0.19842929
Merzenhausen,2022-08-05 13:00:00,42,val,0.172,0.20043474
Merzenhausen,2022-08-05 14:00:00,42,val,0.172,0.20207164
Merzenhausen,2022-08-05 15:00:00,42,val,0.171,0.20325091
Merzenhausen,2022-08-05 16:00:00,42,val,0.171,0.20381896
Merzenhausen,2022-08-05 17:00:00,42,val,0.171,0.20376007
Merzenhausen,2022-08-05 18:00:00,42,val,0.171,0.20305663
Merzenhausen,2022-08-05 19:00:00,42,val,0.172,0.20179766
Merzenhausen,2022-08-05 20:00:00,42,val,0.17,0.20012939
Merzenhausen,2022-08-05 21:00:00,42,val,0.171,0.19836327
Merzenhausen,2022-08-05 22:00:00,42,val,0.172,0.19652031
Merzenhausen,2022-08-05 23:00:00,42,val,0.17,0.19449551
Merzenhausen,2022-08-06 00:00:00,42,val,0.172,0.19244674
Merzenhausen,2022-08-06 01:00:00,42,val,0.171,0.19059306
Merzenhausen,2022-08-06 02:00:00,42,val,0.17,0.18876559
Merzenhausen,2022-08-06 03:00:00,42,val,0.169,0.1870459
Merzenhausen,2022-08-06 04:00:00,42,val,0.169,0.18569231
Merzenhausen,2022-08-06 05:00:00,42,val,0.169,0.18466151
Merzenhausen,2022-08-06 06:00:00,42,val,0.169,0.18394212
Merzenhausen,2022-08-06 07:00:00,42,val,0.169,0.18368526
Merzenhausen,2022-08-06 08:00:00,42,val,0.17,0.18345611
Merzenhausen,2022-08-06 09:00:00,42,val,0.168,0.18325554
Merzenhausen,2022-08-06 10:00:00,42,val,0.17,0.18309893
Merzenhausen,2022-08-06 11:00:00,42,val,0.169,0.18302129
Merzenhausen,2022-08-06 12:00:00,42,val,0.168,0.18334699
Merzenhausen,2022-08-06 13:00:00,42,val,0.168,0.18371958
Merzenhausen,2022-08-06 14:00:00,42,val,0.1675,0.18441787
Merzenhausen,2022-08-06 15:00:00,42,val,0.164,0.1848222
Merzenhausen,2022-08-06 16:00:00,42,val,0.165,0.18505919
Merzenhausen,2022-08-06 17:00:00,42,val,0.168,0.18503685
Merzenhausen,2022-08-06 18:00:00,42,val,0.167,0.18474948
Merzenhausen,2022-08-06 19:00:00,42,val,0.164,0.1842096
Merzenhausen,2022-08-06 20:00:00,42,val,0.166,0.18372199
Merzenhausen,2022-08-06 21:00:00,42,val,0.163,0.1828197
Merzenhausen,2022-08-06 22:00:00,42,val,0.164,0.18173812
Merzenhausen,2022-08-06 23:00:00,42,val,0.164,0.1807963
Merzenhausen,2022-08-07 00:00:00,42,val,0.163,0.17978445
Merzenhausen,2022-08-07 01:00:00,42,val,0.162,0.17872399
Merzenhausen,2022-08-07 02:00:00,42,val,0.16,0.17767109
Merzenhausen,2022-08-07 03:00:00,42,val,0.1635,0.17668742
Merzenhausen,2022-08-07 04:00:00,42,val,0.161,0.17586258
Merzenhausen,2022-08-07 05:00:00,42,val,0.161,0.17521493
Merzenhausen,2022-08-07 06:00:00,42,val,0.159,0.17496744
Merzenhausen,2022-08-07 07:00:00,42,val,0.161,0.17506813
Merzenhausen,2022-08-07 08:00:00,42,val,0.161,0.17533067
Merzenhausen,2022-08-07 09:00:00,42,val,0.161,0.17544414
Merzenhausen,2022-08-07 10:00:00,42,val,0.16,0.17546023
Merzenhausen,2022-08-07 11:00:00,42,val,0.16,0.17538063
Merzenhausen,2022-08-07 12:00:00,42,val,0.16,0.17534474
Merzenhausen,2022-08-07 13:00:00,42,val,0.16,0.17542352
Merzenhausen,2022-08-07 14:00:00,42,val,0.159,0.17565092
Merzenhausen,2022-08-07 15:00:00,42,val,0.159,0.17590225
Merzenhausen,2022-08-07 16:00:00,42,val,0.159,0.1760237
Merzenhausen,2022-08-07 17:00:00,42,val,0.159,0.17599788
Merzenhausen,2022-08-07 18:00:00,42,val,0.156,0.17568773
Merzenhausen,2022-08-07 19:00:00,42,val,0.156,0.175192
Merzenhausen,2022-08-07 20:00:00,42,val,0.155,0.17446223
Merzenhausen,2022-08-07 21:00:00,42,val,0.156,0.17368856
Merzenhausen,2022-08-07 22:00:00,42,val,0.157,0.17296918
Merzenhausen,2022-08-07 23:00:00,42,val,0.152,0.1722542
Merzenhausen,2022-08-08 00:00:00,42,val,0.156,0.1718134
Merzenhausen,2022-08-08 01:00:00,42,val,0.157,0.17153978
Merzenhausen,2022-08-08 02:00:00,42,val,0.154,0.17134336
Merzenhausen,2022-08-08 03:00:00,42,val,0.152,0.1711681
Merzenhausen,2022-08-08 04:00:00,42,val,0.155,0.17099655
Merzenhausen,2022-08-08 05:00:00,42,val,0.153,0.17088813
Merzenhausen,2022-08-08 06:00:00,42,val,0.154,0.1709903
Merzenhausen,2022-08-08 07:00:00,42,val,0.153,0.17124091
Merzenhausen,2022-08-08 08:00:00,42,val,0.151,0.17155617
Merzenhausen,2022-08-08 09:00:00,42,val,0.153,0.17175151
Merzenhausen,2022-08-08 10:00:00,42,val,0.152,0.17184208
Merzenhausen,2022-08-08 11:00:00,42,val,0.153,0.17189062
Merzenhausen,2022-08-08 12:00:00,42,val,0.149,0.1719675
Merzenhausen,2022-08-08 13:00:00,42,val,0.152,0.17218399
Merzenhausen,2022-08-08 14:00:00,42,val,0.152,0.17255329
Merzenhausen,2022-08-08 15:00:00,42,val,0.152,0.17271876
Merzenhausen,2022-08-08 16:00:00,42,val,0.15,0.17271748
Merzenhausen,2022-08-08 17:00:00,42,val,0.149,0.17253743
Merzenhausen,2022-08-08 18:00:00,42,val,0.147,0.17216152
Merzenhausen,2022-08-08 19:00:00,42,val,0.152,0.17132965
Merzenhausen,2022-08-08 20:00:00,42,val,0.148,0.17031544
Merzenhausen,2022-08-08 21:00:00,42,val,0.147,0.16906366
Merzenhausen,2022-08-08 22:00:00,42,val,0.146,0.16789937
Merzenhausen,2022-08-08 23:00:00,42,val,0.145,0.16694266
Merzenhausen,2022-08-09 00:00:00,42,val,0.146,0.16622375
Merzenhausen,2022-08-09 01:00:00,42,val,0.144,0.16570932
Merzenhausen,2022-08-09 02:00:00,42,val,0.145,0.16543189
Merzenhausen,2022-08-09 03:00:00,42,val,0.145,0.16544586
Merzenhausen,2022-08-09 04:00:00,42,val,0.148,0.16553298
Merzenhausen,2022-08-09 05:00:00,42,val,0.145,0.16558735
Merzenhausen,2022-08-09 06:00:00,42,val,0.143,0.16575399
Merzenhausen,2022-08-09 07:00:00,42,val,0.144,0.1660722
Merzenhausen,2022-08-09 08:00:00,42,val,0.144,0.1663979
Merzenhausen,2022-08-09 09:00:00,42,val,0.146,0.16656855
Merzenhausen,2022-08-09 10:00:00,42,val,0.145,0.16654237
Merzenhausen,2022-08-09 11:00:00,42,val,0.146,0.16640855
Merzenhausen,2022-08-09 12:00:00,42,val,0.144,0.16624272
Merzenhausen,2022-08-09 13:00:00,42,val,0.145,0.16624555
Merzenhausen,2022-08-09 14:00:00,42,val,0.145,0.1663833
Merzenhausen,2022-08-09 15:00:00,42,val,0.146,0.16640425
Merzenhausen,2022-08-09 16:00:00,42,val,0.145,0.16623849
Merzenhausen,2022-08-09 17:00:00,42,val,0.143,0.16581808
Merzenhausen,2022-08-09 18:00:00,42,val,0.144,0.1649457
Merzenhausen,2022-08-09 19:00:00,42,val,0.146,0.16374096
Merzenhausen,2022-08-09 20:00:00,42,val,0.141,0.16227809
Merzenhausen,2022-08-09 21:00:00,42,val,0.14,0.1608276
Merzenhausen,2022-08-09 22:00:00,42,val,0.144,0.15967202
Merzenhausen,2022-08-09 23:00:00,42,val,0.145,0.15860036
Merzenhausen,2022-08-10 00:00:00,42,val,0.14,0.15796939
Merzenhausen,2022-08-10 01:00:00,42,val,0.14,0.15786517
Merzenhausen,2022-08-10 02:00:00,42,val,0.139,0.15796205
Merzenhausen,2022-08-10 03:00:00,42,val,0.143,0.15806234
Merzenhausen,2022-08-10 04:00:00,42,val,0.14,0.15833092
Merzenhausen,2022-08-10 05:00:00,42,val,0.137,0.15849572
Merzenhausen,2022-08-10 06:00:00,42,val,0.14,0.15886149
Merzenhausen,2022-08-10 07:00:00,42,val,0.137,0.15932655
Merzenhausen,2022-08-10 08:00:00,42,val,0.14,0.15968522
Merzenhausen,2022-08-10 09:00:00,42,val,0.143,0.15995224
Merzenhausen,2022-08-10 10:00:00,42,val,0.141,0.15999052
Merzenhausen,2022-08-10 11:00:00,42,val,0.14,0.15992554
Merzenhausen,2022-08-10 12:00:00,42,val,0.143,0.15966853
Merzenhausen,2022-08-10 13:00:00,42,val,0.142,0.15956876
Merzenhausen,2022-08-10 14:00:00,42,val,0.14,0.1594929
Merzenhausen,2022-08-10 15:00:00,42,val,0.142,0.15944174
Merzenhausen,2022-08-10 16:00:00,42,val,0.14,0.15913658
Merzenhausen,2022-08-10 17:00:00,42,val,0.142,0.15847217
Merzenhausen,2022-08-10 18:00:00,42,val,0.142,0.15736727
Merzenhausen,2022-08-10 19:00:00,42,val,0.141,0.15621747
Merzenhausen,2022-08-10 20:00:00,42,val,0.142,0.15486434
Merzenhausen,2022-08-10 21:00:00,42,val,0.141,0.1534245
Merzenhausen,2022-08-10 22:00:00,42,val,0.136,0.15201819
Merzenhausen,2022-08-10 23:00:00,42,val,0.138,0.15077454
Merzenhausen,2022-08-11 00:00:00,42,val,0.139,0.15001981
Merzenhausen,2022-08-11 01:00:00,42,val,0.136,0.14952073
Merzenhausen,2022-08-11 02:00:00,42,val,0.134,0.14932033
Merzenhausen,2022-08-11 03:00:00,42,val,0.133,0.14926249
Merzenhausen,2022-08-11 04:00:00,42,val,0.139,0.14941767
Merzenhausen,2022-08-11 05:00:00,42,val,0.136,0.14956391
Merzenhausen,2022-08-11 06:00:00,42,val,0.136,0.14980695
Merzenhausen,2022-08-11 07:00:00,42,val,0.136,0.1502625
Merzenhausen,2022-08-11 08:00:00,42,val,0.135,0.15071847
Merzenhausen,2022-08-11 09:00:00,42,val,0.134,0.15119001
Merzenhausen,2022-08-11 10:00:00,42,val,0.135,0.15149596
Merzenhausen,2022-08-11 11:00:00,42,val,0.139,0.15181217
Merzenhausen,2022-08-11 12:00:00,42,val,0.138,0.15205523
Merzenhausen,2022-08-11 13:00:00,42,val,0.139,0.15231836
Merzenhausen,2022-08-11 14:00:00,42,val,0.135,0.15262032
Merzenhausen,2022-08-11 15:00:00,42,val,0.139,0.15286237
Merzenhausen,2022-08-11 16:00:00,42,val,0.139,0.15290023
Merzenhausen,2022-08-11 17:00:00,42,val,0.139,0.15251479
Merzenhausen,2022-08-11 18:00:00,42,val,0.137,0.15176727
Merzenhausen,2022-08-11 19:00:00,42,val,0.136,0.15080291
Merzenhausen,2022-08-11 20:00:00,42,val,0.135,0.14947024
Merzenhausen,2022-08-11 21:00:00,42,val,0.137,0.14792053
Merzenhausen,2022-08-11 22:00:00,42,val,0.134,0.14667001
Merzenhausen,2022-08-11 23:00:00,42,val,0.135,0.1459492
Merzenhausen,2022-08-12 00:00:00,42,val,0.132,0.14537556
Merzenhausen,2022-08-12 01:00:00,42,val,0.134,0.14502557
Merzenhausen,2022-08-12 02:00:00,42,val,0.134,0.1447761
Merzenhausen,2022-08-12 03:00:00,42,val,0.131,0.14482117
Merzenhausen,2022-08-12 04:00:00,42,val,0.135,0.1449301
Merzenhausen,2022-08-12 05:00:00,42,val,0.132,0.14490049
Merzenhausen,2022-08-12 06:00:00,42,val,0.132,0.14508432
Merzenhausen,2022-08-12 07:00:00,42,val,0.135,0.14537105
Merzenhausen,2022-08-12 08:00:00,42,val,0.131,0.14576009
Merzenhausen,2022-08-12 09:00:00,42,val,0.134,0.14623606
Merzenhausen,2022-08-12 10:00:00,42,val,0.135,0.1466592
Merzenhausen,2022-08-12 11:00:00,42,val,0.134,0.14711916
Merzenhausen,2022-08-12 12:00:00,42,val,0.132,0.14768682
Merzenhausen,2022-08-12 13:00:00,42,val,0.137,0.14821148
Merzenhausen,2022-08-12 14:00:00,42,val,0.135,0.1486222
Merzenhausen,2022-08-12 15:00:00,42,val,0.134,0.14896998
Merzenhausen,2022-08-12 16:00:00,42,val,0.136,0.14897045
Merzenhausen,2022-08-12 17:00:00,42,val,0.136,0.1486886
Merzenhausen,2022-08-12 18:00:00,42,val,0.135,0.14810449
Merzenhausen,2022-08-12 19:00:00,42,val,0.133,0.14725415
Merzenhausen,2022-08-12 20:00:00,42,val,0.134,0.14627683
Merzenhausen,2022-08-12 21:00:00,42,val,0.131,0.14514163
Merzenhausen,2022-08-12 22:00:00,42,val,0.138,0.14382273
Merzenhausen,2022-08-12 23:00:00,42,val,0.134,0.14274076
Merzenhausen,2022-08-13 00:00:00,42,val,0.134,0.14203289
Merzenhausen,2022-08-13 01:00:00,42,val,0.131,0.14159182
Merzenhausen,2022-08-13 02:00:00,42,val,0.1385,0.14137962
Merzenhausen,2022-08-13 03:00:00,42,val,0.131,0.1412546
Merzenhausen,2022-08-13 04:00:00,42,val,0.133,0.14144051
Merzenhausen,2022-08-13 05:00:00,42,val,0.133,0.14161417
Merzenhausen,2022-08-13 06:00:00,42,val,0.13,0.14189921
Merzenhausen,2022-08-13 07:00:00,42,val,0.13,0.14238107
Merzenhausen,2022-08-13 08:00:00,42,val,0.13,0.14292166
Merzenhausen,2022-08-13 09:00:00,42,val,0.133,0.14332348
Merzenhausen,2022-08-13 10:00:00,42,val,0.131,0.14360678
Merzenhausen,2022-08-13 11:00:00,42,val,0.1395,0.14396456
Merzenhausen,2022-08-13 12:00:00,42,val,0.131,0.14441448
Merzenhausen,2022-08-13 13:00:00,42,val,0.131,0.14495787
Merzenhausen,2022-08-13 14:00:00,42,val,0.13,0.1452798
Merzenhausen,2022-08-13 15:00:00,42,val,0.13,0.14570192
Merzenhausen,2022-08-13 16:00:00,42,val,0.134,0.1460021
Merzenhausen,2022-08-13 17:00:00,42,val,0.131,0.14595261
Merzenhausen,2022-08-13 18:00:00,42,val,0.133,0.14545968
Merzenhausen,2022-08-13 19:00:00,42,val,0.13,0.14450626
Merzenhausen,2022-08-13 20:00:00,42,val,0.132,0.14312749
Merzenhausen,2022-08-13 21:00:00,42,val,0.132,0.14165452
Merzenhausen,2022-08-13 22:00:00,42,val,0.129,0.14016435
Merzenhausen,2022-08-13 23:00:00,42,val,0.131,0.13895133
Merzenhausen,2022-08-14 00:00:00,42,val,0.13,0.13803728
Merzenhausen,2022-08-14 01:00:00,42,val,0.128,0.13746962
Merzenhausen,2022-08-14 02:00:00,42,val,0.129,0.1373593
Merzenhausen,2022-08-14 03:00:00,42,val,0.129,0.13748488
Merzenhausen,2022-08-14 04:00:00,42,val,0.129,0.13795564
Merzenhausen,2022-08-14 05:00:00,42,val,0.129,0.13846475
Merzenhausen,2022-08-14 06:00:00,42,val,0.129,0.13909209
Merzenhausen,2022-08-14 07:00:00,42,val,0.129,0.13995299
Merzenhausen,2022-08-14 08:00:00,42,val,0.125,0.14065328
Merzenhausen,2022-08-14 09:00:00,42,val,0.13,0.1413323
Merzenhausen,2022-08-14 10:00:00,42,val,0.129,0.14204675
Merzenhausen,2022-08-14 11:00:00,42,val,0.13,0.14265232
Merzenhausen,2022-08-14 12:00:00,42,val,0.131,0.14302823
Merzenhausen,2022-08-14 13:00:00,42,val,0.13,0.14358002
Merzenhausen,2022-08-14 14:00:00,42,val,0.13,0.14402679
Merzenhausen,2022-08-14 15:00:00,42,val,0.13,0.14433676
Merzenhausen,2022-08-14 16:00:00,42,val,0.13,0.14441106
Merzenhausen,2022-08-14 17:00:00,42,val,0.13,0.1441525
Merzenhausen,2022-08-14 18:00:00,42,val,0.13,0.14345118
Merzenhausen,2022-08-14 19:00:00,42,val,0.131,0.14232662
Merzenhausen,2022-08-14 20:00:00,42,val,0.129,0.14098623
Merzenhausen,2022-08-14 21:00:00,42,val,0.128,0.13947608
Merzenhausen,2022-08-14 22:00:00,42,val,0.133,0.13851568
Merzenhausen,2022-08-14 23:00:00,42,val,0.129,0.13793382
Merzenhausen,2022-08-15 00:00:00,42,val,0.129,0.13791713
Merzenhausen,2022-08-15 01:00:00,42,val,0.13,0.138275
Merzenhausen,2022-08-15 02:00:00,42,val,0.1315,0.13936925
Merzenhausen,2022-08-15 03:00:00,42,val,0.127,0.14061072
Merzenhausen,2022-08-15 04:00:00,42,val,0.129,0.14207906
Merzenhausen,2022-08-15 05:00:00,42,val,0.125,0.14358479
Merzenhausen,2022-08-15 06:00:00,42,val,0.1205,0.14478368
Merzenhausen,2022-08-15 07:00:00,42,val,0.125,0.14557193
Merzenhausen,2022-08-15 08:00:00,42,val,0.127,0.14591014
Merzenhausen,2022-08-15 09:00:00,42,val,0.128,0.14600237
Merzenhausen,2022-08-15 10:00:00,42,val,0.128,0.14573288
Merzenhausen,2022-08-15 11:00:00,42,val,0.128,0.14574945
Merzenhausen,2022-08-15 12:00:00,42,val,0.128,0.1456314
Merzenhausen,2022-08-15 13:00:00,42,val,0.128,0.14521866
Merzenhausen,2022-08-15 14:00:00,42,val,0.128,0.14462325
Merzenhausen,2022-08-15 15:00:00,42,val,0.129,0.14374061
Merzenhausen,2022-08-15 16:00:00,42,val,0.129,0.14285558
Merzenhausen,2022-08-15 17:00:00,42,val,0.129,0.14159769
Merzenhausen,2022-08-15 18:00:00,42,val,0.129,0.14019598
Merzenhausen,2022-08-15 19:00:00,42,val,0.126,0.13870335
Merzenhausen,2022-08-15 20:00:00,42,val,0.128,0.13730551
Merzenhausen,2022-08-15 21:00:00,42,val,0.125,0.13603416
Merzenhausen,2022-08-15 22:00:00,42,val,0.13,0.1348049
Merzenhausen,2022-08-15 23:00:00,42,val,0.128,0.13383311
Merzenhausen,2022-08-16 00:00:00,42,val,0.125,0.13320881
Merzenhausen,2022-08-16 01:00:00,42,val,0.125,0.13283205
Merzenhausen,2022-08-16 02:00:00,42,val,0.127,0.1328465
Merzenhausen,2022-08-16 03:00:00,42,val,0.126,0.13310283
Merzenhausen,2022-08-16 04:00:00,42,val,0.126,0.13359052
Merzenhausen,2022-08-16 05:00:00,42,val,0.126,0.134079
Merzenhausen,2022-08-16 06:00:00,42,val,0.126,0.13462484
Merzenhausen,2022-08-16 07:00:00,42,val,0.126,0.13515955
Merzenhausen,2022-08-16 08:00:00,42,val,0.127,0.13543457
Merzenhausen,2022-08-16 09:00:00,42,val,0.125,0.13581866
Merzenhausen,2022-08-16 10:00:00,42,val,0.128,0.13616943
Merzenhausen,2022-08-16 11:00:00,42,val,0.126,0.13653135
Merzenhausen,2022-08-16 12:00:00,42,val,0.127,0.13704783
Merzenhausen,2022-08-16 13:00:00,42,val,0.129,0.13760452
Merzenhausen,2022-08-16 14:00:00,42,val,0.129,0.1382632
Merzenhausen,2022-08-16 15:00:00,42,val,0.1225,0.13871667
Merzenhausen,2022-08-16 16:00:00,42,val,0.13,0.138841
Merzenhausen,2022-08-16 17:00:00,42,val,0.13,0.13867882
Merzenhausen,2022-08-16 18:00:00,42,val,0.126,0.13810626
Merzenhausen,2022-08-16 19:00:00,42,val,0.128,0.13716933
Merzenhausen,2022-08-16 20:00:00,42,val,0.128,0.13597047
Merzenhausen,2022-08-16 21:00:00,42,val,0.121,0.13472119
Merzenhausen,2022-08-16 22:00:00,42,val,0.126,0.1338327
Merzenhausen,2022-08-16 23:00:00,42,val,0.125,0.13323328
Merzenhausen,2022-08-17 00:00:00,42,val,0.125,0.13288274
Merzenhausen,2022-08-17 01:00:00,42,val,0.127,0.13288125
Merzenhausen,2022-08-17 02:00:00,42,val,0.125,0.13329631
Merzenhausen,2022-08-17 03:00:00,42,val,0.126,0.13374743
Merzenhausen,2022-08-17 04:00:00,42,val,0.128,0.13439572
Merzenhausen,2022-08-17 05:00:00,42,val,0.124,0.13498484
Merzenhausen,2022-08-17 06:00:00,42,val,0.128,0.13531604
Merzenhausen,2022-08-17 07:00:00,42,val,0.126,0.13554317
Merzenhausen,2022-08-17 08:00:00,42,val,0.122,0.13570705
Merzenhausen,2022-08-17 09:00:00,42,val,0.125,0.13579804
Merzenhausen,2022-08-17 10:00:00,42,val,0.126,0.13623938
Merzenhausen,2022-08-17 11:00:00,42,val,0.129,0.1366545
Merzenhausen,2022-08-17 12:00:00,42,val,0.13,0.13666719
Merzenhausen,2022-08-17 13:00:00,42,val,0.127,0.13700436
Merzenhausen,2022-08-17 14:00:00,42,val,0.128,0.13718367
Merzenhausen,2022-08-17 15:00:00,42,val,0.128,0.1371327
Merzenhausen,2022-08-17 16:00:00,42,val,0.132,0.13690224
Merzenhausen,2022-08-17 17:00:00,42,val,0.123,0.13651597
Merzenhausen,2022-08-17 18:00:00,42,val,0.135,0.13582039
Merzenhausen,2022-08-17 19:00:00,42,val,0.129,0.13472173
Merzenhausen,2022-08-17 20:00:00,42,val,0.13,0.1335302
Merzenhausen,2022-08-17 21:00:00,42,val,0.128,0.13227756
Merzenhausen,2022-08-17 22:00:00,42,val,0.128,0.13121924
Merzenhausen,2022-08-17 23:00:00,42,val,0.1235,0.13037583
Merzenhausen,2022-08-18 00:00:00,42,val,0.125,0.12966715
Merzenhausen,2022-08-18 01:00:00,42,val,0.127,0.12914634
Merzenhausen,2022-08-18 02:00:00,42,val,0.129,0.1289602
Merzenhausen,2022-08-18 03:00:00,42,val,0.129,0.1288904
Merzenhausen,2022-08-18 04:00:00,42,val,0.126,0.12901613
Merzenhausen,2022-08-18 05:00:00,42,val,0.126,0.12928717
Merzenhausen,2022-08-18 06:00:00,42,val,0.126,0.1296415
Merzenhausen,2022-08-18 07:00:00,42,val,0.128,0.12988473
Merzenhausen,2022-08-18 08:00:00,42,val,0.126,0.13007732
Merzenhausen,2022-08-18 09:00:00,42,val,0.129,0.13006344
Merzenhausen,2022-08-18 10:00:00,42,val,0.127,0.13008463
Merzenhausen,2022-08-18 11:00:00,42,val,0.128,0.13008659
Merzenhausen,2022-08-18 12:00:00,42,val,0.131,0.1302331
Merzenhausen,2022-08-18 13:00:00,42,val,0.122,0.13056314
Merzenhausen,2022-08-18 14:00:00,42,val,0.125,0.13103881
Merzenhausen,2022-08-18 15:00:00,42,val,0.129,0.13112041
Merzenhausen,2022-08-18 16:00:00,42,val,0.129,0.13137896
Merzenhausen,2022-08-18 17:00:00,42,val,0.13,0.13157168
Merzenhausen,2022-08-18 18:00:00,42,val,0.1245,0.131388
Merzenhausen,2022-08-18 19:00:00,42,val,0.132,0.1310086
Merzenhausen,2022-08-18 20:00:00,42,val,0.1245,0.13057026
Merzenhausen,2022-08-18 21:00:00,42,val,0.126,0.12969498
Merzenhausen,2022-08-18 22:00:00,42,val,0.131,0.12885267
Merzenhausen,2022-08-18 23:00:00,42,val,0.125,0.12807155
Merzenhausen,2022-08-19 00:00:00,42,val,0.116,0.12758818
Merzenhausen,2022-08-19 01:00:00,42,val,0.126,0.1274378
Merzenhausen,2022-08-19 02:00:00,42,val,0.128,0.12751323
Merzenhausen,2022-08-19 03:00:00,42,val,0.127,0.12781197
Merzenhausen,2022-08-19 04:00:00,42,val,0.129,0.12834978
Merzenhausen,2022-08-19 05:00:00,42,val,0.126,0.12884828
Merzenhausen,2022-08-19 06:00:00,42,val,0.126,0.12950331
Merzenhausen,2022-08-19 07:00:00,42,val,0.125,0.1300666
Merzenhausen,2022-08-19 08:00:00,42,val,0.129,0.13033119
Merzenhausen,2022-08-19 09:00:00,42,val,0.128,0.13049123
Merzenhausen,2022-08-19 10:00:00,42,val,0.127,0.13053942
Merzenhausen,2022-08-19 11:00:00,42,val,0.129,0.13080621
Merzenhausen,2022-08-19 12:00:00,42,val,0.134,0.13130274
Merzenhausen,2022-08-19 13:00:00,42,val,0.131,0.13194194
Merzenhausen,2022-08-19 14:00:00,42,val,0.134,0.13270566
Merzenhausen,2022-08-19 15:00:00,42,val,0.131,0.13331448
Merzenhausen,2022-08-19 16:00:00,42,val,0.134,0.133942
Merzenhausen,2022-08-19 17:00:00,42,val,0.131,0.13381195
Merzenhausen,2022-08-19 18:00:00,42,val,0.133,0.13383052
Merzenhausen,2022-08-19 19:00:00,42,val,0.133,0.13348022
Merzenhausen,2022-08-19 20:00:00,42,val,0.13,0.13301945
Merzenhausen,2022-08-19 21:00:00,42,val,0.143,0.13230391
Merzenhausen,2022-08-19 22:00:00,42,val,0.131,0.13159177
Merzenhausen,2022-08-19 23:00:00,42,val,0.131,0.13229011
Merzenhausen,2022-08-20 00:00:00,42,val,0.1355,0.13525929
Merzenhausen,2022-08-20 01:00:00,42,val,0.129,0.1359658
Merzenhausen,2022-08-20 02:00:00,42,val,0.13,0.13623002
Merzenhausen,2022-08-20 03:00:00,42,val,0.127,0.1369336
Merzenhausen,2022-08-20 04:00:00,42,val,0.131,0.13735613
Merzenhausen,2022-08-20 05:00:00,42,val,0.127,0.13752422
Merzenhausen,2022-08-20 06:00:00,42,val,0.129,0.13745558
Merzenhausen,2022-08-20 07:00:00,42,val,0.128,0.13723215
Merzenhausen,2022-08-20 08:00:00,42,val,0.13,0.13673565
Merzenhausen,2022-08-20 09:00:00,42,val,0.129,0.13619101
Merzenhausen,2022-08-20 10:00:00,42,val,0.113,0.13557649
Merzenhausen,2022-08-20 11:00:00,42,val,0.132,0.13502176
Merzenhausen,2022-08-20 12:00:00,42,val,0.131,0.1347817
Merzenhausen,2022-08-20 13:00:00,42,val,0.134,0.13429855
Merzenhausen,2022-08-20 14:00:00,42,val,0.135,0.13398826
Merzenhausen,2022-08-20 15:00:00,42,val,0.131,0.13386269
Merzenhausen,2022-08-20 16:00:00,42,val,0.134,0.13375896
Merzenhausen,2022-08-20 17:00:00,42,val,0.134,0.13355011
Merzenhausen,2022-08-20 18:00:00,42,val,0.135,0.13285333
Merzenhausen,2022-08-20 19:00:00,42,val,0.135,0.13229972
Merzenhausen,2022-08-20 20:00:00,42,val,0.134,0.13133222
Merzenhausen,2022-08-20 21:00:00,42,val,0.134,0.13035648
Merzenhausen,2022-08-20 22:00:00,42,val,0.135,0.12971619
Merzenhausen,2022-08-20 23:00:00,42,val,0.131,0.12898019
Merzenhausen,2022-08-21 00:00:00,42,val,0.1235,0.1279318
Merzenhausen,2022-08-21 01:00:00,42,val,0.13,0.12733722
Merzenhausen,2022-08-21 02:00:00,42,val,0.131,0.12702797
Merzenhausen,2022-08-21 03:00:00,42,val,0.1375,0.12690143
Merzenhausen,2022-08-21 04:00:00,42,val,0.133,0.12703538
Merzenhausen,2022-08-21 05:00:00,42,val,0.128,0.12717572
Merzenhausen,2022-08-21 06:00:00,42,val,0.128,0.12723799
Merzenhausen,2022-08-21 07:00:00,42,val,0.131,0.12718749
Merzenhausen,2022-08-21 08:00:00,42,val,0.131,0.12730539
Merzenhausen,2022-08-21 09:00:00,42,val,0.131,0.12748572
Merzenhausen,2022-08-21 10:00:00,42,val,0.134,0.12770692
Merzenhausen,2022-08-21 11:00:00,42,val,0.14,0.12808834
Merzenhausen,2022-08-21 12:00:00,42,val,0.1265,0.12895134
Merzenhausen,2022-08-21 13:00:00,42,val,0.137,0.13005935
Merzenhausen,2022-08-21 14:00:00,42,val,0.14,0.1315554
Merzenhausen,2022-08-21 15:00:00,42,val,0.134,0.13279319
Merzenhausen,2022-08-21 16:00:00,42,val,0.134,0.13387462
Merzenhausen,2022-08-21 17:00:00,42,val,0.1435,0.1346289
Merzenhausen,2022-08-21 18:00:00,42,val,0.135,0.13495928
Merzenhausen,2022-08-21 19:00:00,42,val,0.134,0.13495058
Merzenhausen,2022-08-21 20:00:00,42,val,0.135,0.13464004
Merzenhausen,2022-08-21 21:00:00,42,val,0.135,0.13475698
Merzenhausen,2022-08-21 22:00:00,42,val,0.132,0.13447261
Merzenhausen,2022-08-21 23:00:00,42,val,0.13,0.13419157
Merzenhausen,2022-08-22 00:00:00,42,val,0.1385,0.13422129
Merzenhausen,2022-08-22 01:00:00,42,val,0.135,0.13408338
Merzenhausen,2022-08-22 02:00:00,42,val,0.131,0.13399813
Merzenhausen,2022-08-22 03:00:00,42,val,0.132,0.1337643
Merzenhausen,2022-08-22 04:00:00,42,val,0.13,0.13363814
Merzenhausen,2022-08-22 05:00:00,42,val,0.1315,0.13340268
Merzenhausen,2022-08-22 06:00:00,42,val,0.129,0.13310868
Merzenhausen,2022-08-22 07:00:00,42,val,0.131,0.13280275
Merzenhausen,2022-08-22 08:00:00,42,val,0.132,0.13269907
Merzenhausen,2022-08-22 09:00:00,42,val,0.131,0.13259679
Merzenhausen,2022-08-22 10:00:00,42,val,0.134,0.13173312
Merzenhausen,2022-08-22 11:00:00,42,val,0.135,0.13140312
Merzenhausen,2022-08-22 12:00:00,42,val,0.134,0.13142553
Merzenhausen,2022-08-22 13:00:00,42,val,0.132,0.13197657
Merzenhausen,2022-08-22 14:00:00,42,val,0.133,0.1329352
Merzenhausen,2022-08-22 15:00:00,42,val,0.1405,0.13381389
Merzenhausen,2022-08-22 16:00:00,42,val,0.135,0.13468887
Merzenhausen,2022-08-22 17:00:00,42,val,0.138,0.13531879
Merzenhausen,2022-08-22 18:00:00,42,val,0.135,0.135669
Merzenhausen,2022-08-22 19:00:00,42,val,0.132,0.1358147
Merzenhausen,2022-08-22 20:00:00,42,val,0.134,0.13565913
Merzenhausen,2022-08-22 21:00:00,42,val,0.133,0.13526285
Merzenhausen,2022-08-22 22:00:00,42,val,0.132,0.13497992
Merzenhausen,2022-08-22 23:00:00,42,val,0.13,0.13463263
Merzenhausen,2022-08-23 00:00:00,42,val,0.134,0.13402276
Merzenhausen,2022-08-23 01:00:00,42,val,0.131,0.13363275
Merzenhausen,2022-08-23 02:00:00,42,val,0.131,0.13345711
Merzenhausen,2022-08-23 03:00:00,42,val,0.132,0.13383722
Merzenhausen,2022-08-23 04:00:00,42,val,0.13,0.13427547
Merzenhausen,2022-08-23 05:00:00,42,val,0.127,0.13449374
Merzenhausen,2022-08-23 06:00:00,42,val,0.13,0.13465795
Merzenhausen,2022-08-23 07:00:00,42,val,0.131,0.13496289
Merzenhausen,2022-08-23 08:00:00,42,val,0.128,0.13534912
Merzenhausen,2022-08-23 09:00:00,42,val,0.131,0.13571006
Merzenhausen,2022-08-23 10:00:00,42,val,0.134,0.13618109
Merzenhausen,2022-08-23 11:00:00,42,val,0.132,0.1371264
Merzenhausen,2022-08-23 12:00:00,42,val,0.134,0.13772598
Merzenhausen,2022-08-23 13:00:00,42,val,0.132,0.13867444
Merzenhausen,2022-08-23 14:00:00,42,val,0.135,0.14000662
Merzenhausen,2022-08-23 15:00:00,42,val,0.134,0.14109191
Merzenhausen,2022-08-23 16:00:00,42,val,0.134,0.14180535
Merzenhausen,2022-08-23 17:00:00,42,val,0.135,0.1426318
Merzenhausen,2022-08-23 18:00:00,42,val,0.133,0.14276329
Merzenhausen,2022-08-23 19:00:00,42,val,0.13,0.14221801
Merzenhausen,2022-08-23 20:00:00,42,val,0.131,0.14119433
Merzenhausen,2022-08-23 21:00:00,42,val,0.131,0.13992932
Merzenhausen,2022-08-23 22:00:00,42,val,0.133,0.13852222
Merzenhausen,2022-08-23 23:00:00,42,val,0.13,0.13716953
Merzenhausen,2022-08-24 00:00:00,42,val,0.134,0.13657212
Merzenhausen,2022-08-24 01:00:00,42,val,0.13,0.13638301
Merzenhausen,2022-08-24 02:00:00,42,val,0.131,0.13634056
Merzenhausen,2022-08-24 03:00:00,42,val,0.134,0.13647756
Merzenhausen,2022-08-24 04:00:00,42,val,0.134,0.13662463
Merzenhausen,2022-08-24 05:00:00,42,val,0.131,0.13667512
Merzenhausen,2022-08-24 06:00:00,42,val,0.131,0.1366841
Merzenhausen,2022-08-24 07:00:00,42,val,0.131,0.13684091
Merzenhausen,2022-08-24 08:00:00,42,val,0.131,0.1371508
Merzenhausen,2022-08-24 09:00:00,42,val,0.131,0.13752793
Merzenhausen,2022-08-24 10:00:00,42,val,0.131,0.13801527
Merzenhausen,2022-08-24 11:00:00,42,val,0.131,0.13876186
Merzenhausen,2022-08-24 12:00:00,42,val,0.135,0.13954517
Merzenhausen,2022-08-24 13:00:00,42,val,0.135,0.14033066
Merzenhausen,2022-08-24 14:00:00,42,val,0.131,0.14102843
Merzenhausen,2022-08-24 15:00:00,42,val,0.131,0.14199412
Merzenhausen,2022-08-24 16:00:00,42,val,0.131,0.14261836
Merzenhausen,2022-08-24 17:00:00,42,val,0.134,0.14297411
Merzenhausen,2022-08-24 18:00:00,42,val,0.135,0.14272384
Merzenhausen,2022-08-24 19:00:00,42,val,0.131,0.14187372
Merzenhausen,2022-08-24 20:00:00,42,val,0.133,0.14068979
Merzenhausen,2022-08-24 21:00:00,42,val,0.13,0.13927457
Merzenhausen,2022-08-24 22:00:00,42,val,0.1365,0.13782723
Merzenhausen,2022-08-24 23:00:00,42,val,0.13,0.1365012
Merzenhausen,2022-08-25 00:00:00,42,val,0.13,0.13568717
Merzenhausen,2022-08-25 01:00:00,42,val,0.131,0.13528705
Merzenhausen,2022-08-25 02:00:00,42,val,0.127,0.1352786
Merzenhausen,2022-08-25 03:00:00,42,val,0.129,0.1356426
Merzenhausen,2022-08-25 04:00:00,42,val,0.131,0.13616231
Merzenhausen,2022-08-25 05:00:00,42,val,0.133,0.13646951
Merzenhausen,2022-08-25 06:00:00,42,val,0.128,0.13684636
Merzenhausen,2022-08-25 07:00:00,42,val,0.128,0.137337
Merzenhausen,2022-08-25 08:00:00,42,val,0.128,0.1377294
Merzenhausen,2022-08-25 09:00:00,42,val,0.13,0.13821068
Merzenhausen,2022-08-25 10:00:00,42,val,0.13,0.1389572
Merzenhausen,2022-08-25 11:00:00,42,val,0.128,0.1397427
Merzenhausen,2022-08-25 12:00:00,42,val,0.131,0.14059082
Merzenhausen,2022-08-25 13:00:00,42,val,0.127,0.14139313
Merzenhausen,2022-08-25 14:00:00,42,val,0.127,0.142205
Merzenhausen,2022-08-25 15:00:00,42,val,0.131,0.14284742
Merzenhausen,2022-08-25 16:00:00,42,val,0.131,0.14319834
Merzenhausen,2022-08-25 17:00:00,42,val,0.131,0.14322299
Merzenhausen,2022-08-25 18:00:00,42,val,0.129,0.14270435
Merzenhausen,2022-08-25 19:00:00,42,val,0.129,0.14154251
Merzenhausen,2022-08-25 20:00:00,42,val,0.133,0.13995117
Merzenhausen,2022-08-25 21:00:00,42,val,0.128,0.13819075
Merzenhausen,2022-08-25 22:00:00,42,val,0.13,0.13666612
Merzenhausen,2022-08-25 23:00:00,42,val,0.13,0.1355069
Merzenhausen,2022-08-26 00:00:00,42,val,0.13,0.13503966
Merzenhausen,2022-08-26 01:00:00,42,val,0.128,0.13495523
Merzenhausen,2022-08-26 02:00:00,42,val,0.127,0.13532352
Merzenhausen,2022-08-26 03:00:00,42,val,0.127,0.13627711
Merzenhausen,2022-08-26 04:00:00,42,val,0.129,0.13755806
Merzenhausen,2022-08-26 05:00:00,42,val,0.129,0.13881335
Merzenhausen,2022-08-26 06:00:00,42,val,0.129,0.13992405
Merzenhausen,2022-08-26 07:00:00,42,val,0.129,0.14076436
Merzenhausen,2022-08-26 08:00:00,42,val,0.129,0.14123088
Merzenhausen,2022-08-26 09:00:00,42,val,0.127,0.14132765
Merzenhausen,2022-08-26 10:00:00,42,val,0.128,0.14113888
Merzenhausen,2022-08-26 11:00:00,42,val,0.128,0.1408017
Merzenhausen,2022-08-26 12:00:00,42,val,0.131,0.14060313
Merzenhausen,2022-08-26 13:00:00,42,val,0.132,0.14053056
Merzenhausen,2022-08-26 14:00:00,42,val,0.131,0.14032397
Merzenhausen,2022-08-26 15:00:00,42,val,0.133,0.14006056
Merzenhausen,2022-08-26 16:00:00,42,val,0.133,0.13961962
Merzenhausen,2022-08-26 17:00:00,42,val,0.128,0.13909587
Merzenhausen,2022-08-26 18:00:00,42,val,0.13,0.13853025
Merzenhausen,2022-08-26 19:00:00,42,val,0.127,0.13767797
Merzenhausen,2022-08-26 20:00:00,42,val,0.129,0.136778
Merzenhausen,2022-08-26 21:00:00,42,val,0.128,0.13571525
Merzenhausen,2022-08-26 22:00:00,42,val,0.127,0.13503277
Merzenhausen,2022-08-26 23:00:00,42,val,0.125,0.13429148
Merzenhausen,2022-08-27 00:00:00,42,val,0.13,0.13374093
Merzenhausen,2022-08-27 01:00:00,42,val,0.136,0.13341308
Merzenhausen,2022-08-27 02:00:00,42,val,0.129,0.13326752
Merzenhausen,2022-08-27 03:00:00,42,val,0.126,0.1333077
Merzenhausen,2022-08-27 04:00:00,42,val,0.126,0.1336288
Merzenhausen,2022-08-27 05:00:00,42,val,0.128,0.13417828
Merzenhausen,2022-08-27 06:00:00,42,val,0.125,0.13452846
Merzenhausen,2022-08-27 07:00:00,42,val,0.124,0.13466546
Merzenhausen,2022-08-27 08:00:00,42,val,0.126,0.13455307
Merzenhausen,2022-08-27 09:00:00,42,val,0.127,0.13423024
Merzenhausen,2022-08-27 10:00:00,42,val,0.128,0.13372478
Merzenhausen,2022-08-27 11:00:00,42,val,0.129,0.1331201
Merzenhausen,2022-08-27 12:00:00,42,val,0.128,0.13279283
Merzenhausen,2022-08-27 13:00:00,42,val,0.129,0.13258941
Merzenhausen,2022-08-27 14:00:00,42,val,0.129,0.13253509
Merzenhausen,2022-08-27 15:00:00,42,val,0.123,0.13276355
Merzenhausen,2022-08-27 16:00:00,42,val,0.127,0.1330511
Merzenhausen,2022-08-27 17:00:00,42,val,0.129,0.13325357
Merzenhausen,2022-08-27 18:00:00,42,val,0.129,0.13317433
Merzenhausen,2022-08-27 19:00:00,42,val,0.126,0.13288078
Merzenhausen,2022-08-27 20:00:00,42,val,0.1345,0.13254464
Merzenhausen,2022-08-27 21:00:00,42,val,0.129,0.1319354
Merzenhausen,2022-08-27 22:00:00,42,val,0.125,0.13132778
Merzenhausen,2022-08-27 23:00:00,42,val,0.1265,0.13085449
Merzenhausen,2022-08-28 00:00:00,42,val,0.126,0.13058572
Merzenhausen,2022-08-28 01:00:00,42,val,0.128,0.13055822
Merzenhausen,2022-08-28 02:00:00,42,val,0.127,0.1306704
Merzenhausen,2022-08-28 03:00:00,42,val,0.129,0.13094385
Merzenhausen,2022-08-28 04:00:00,42,val,0.126,0.13135515
Merzenhausen,2022-08-28 05:00:00,42,val,0.129,0.13185608
Merzenhausen,2022-08-28 06:00:00,42,val,0.125,0.13224162
Merzenhausen,2022-08-28 07:00:00,42,val,0.128,0.13247979
Merzenhausen,2022-08-28 08:00:00,42,val,0.125,0.13261193
Merzenhausen,2022-08-28 09:00:00,42,val,0.128,0.13254036
Merzenhausen,2022-08-28 10:00:00,42,val,0.129,0.13242695
Merzenhausen,2022-08-28 11:00:00,42,val,0.127,0.13230106
Merzenhausen,2022-08-28 12:00:00,42,val,0.123,0.13242188
Merzenhausen,2022-08-28 13:00:00,42,val,0.129,0.13286711
Merzenhausen,2022-08-28 14:00:00,42,val,0.132,0.13341734
Merzenhausen,2022-08-28 15:00:00,42,val,0.128,0.1341528
Merzenhausen,2022-08-28 16:00:00,42,val,0.128,0.13481048
Merzenhausen,2022-08-28 17:00:00,42,val,0.13,0.13492608
Merzenhausen,2022-08-28 18:00:00,42,val,0.127,0.13463882
Merzenhausen,2022-08-28 19:00:00,42,val,0.127,0.13384593
Merzenhausen,2022-08-28 20:00:00,42,val,0.13,0.13289842
Merzenhausen,2022-08-28 21:00:00,42,val,0.128,0.13186648
Merzenhausen,2022-08-28 22:00:00,42,val,0.144,0.13090974
Merzenhausen,2022-08-28 23:00:00,42,val,0.127,0.12996401
Merzenhausen,2022-08-29 00:00:00,42,val,0.125,0.12949708
Merzenhausen,2022-08-29 01:00:00,42,val,0.129,0.12960966
Merzenhausen,2022-08-29 02:00:00,42,val,0.126,0.12975183
Merzenhausen,2022-08-29 03:00:00,42,val,0.128,0.1296381
Merzenhausen,2022-08-29 04:00:00,42,val,0.125,0.12942192
Merzenhausen,2022-08-29 05:00:00,42,val,0.128,0.12909952
Merzenhausen,2022-08-29 06:00:00,42,val,0.129,0.12844701
Merzenhausen,2022-08-29 07:00:00,42,val,0.125,0.12760232
Merzenhausen,2022-08-29 08:00:00,42,val,0.125,0.12677902
Merzenhausen,2022-08-29 09:00:00,42,val,0.125,0.12622362
Merzenhausen,2022-08-29 10:00:00,42,val,0.125,0.12586014
Merzenhausen,2022-08-29 11:00:00,42,val,0.128,0.1257914
Merzenhausen,2022-08-29 12:00:00,42,val,0.124,0.1261006
Merzenhausen,2022-08-29 13:00:00,42,val,0.126,0.12668003
Merzenhausen,2022-08-29 14:00:00,42,val,0.125,0.12753484
Merzenhausen,2022-08-29 15:00:00,42,val,0.127,0.12815154
Merzenhausen,2022-08-29 16:00:00,42,val,0.127,0.1286865
Merzenhausen,2022-08-29 17:00:00,42,val,0.127,0.12913488
Merzenhausen,2022-08-29 18:00:00,42,val,0.125,0.1293789
Merzenhausen,2022-08-29 19:00:00,42,val,0.129,0.12925246
Merzenhausen,2022-08-29 20:00:00,42,val,0.126,0.12928316
Merzenhausen,2022-08-29 21:00:00,42,val,0.124,0.12917851
Merzenhausen,2022-08-29 22:00:00,42,val,0.128,0.12884891
Merzenhausen,2022-08-29 23:00:00,42,val,0.125,0.12849031
Merzenhausen,2022-08-30 00:00:00,42,val,0.127,0.12818524
Merzenhausen,2022-08-30 01:00:00,42,val,0.126,0.1281986
Merzenhausen,2022-08-30 02:00:00,42,val,0.126,0.12839259
Merzenhausen,2022-08-30 03:00:00,42,val,0.125,0.1288507
Merzenhausen,2022-08-30 04:00:00,42,val,0.125,0.12927975
Merzenhausen,2022-08-30 05:00:00,42,val,0.127,0.12976545
Merzenhausen,2022-08-30 06:00:00,42,val,0.125,0.12998328
Merzenhausen,2022-08-30 07:00:00,42,val,0.127,0.13021731
Merzenhausen,2022-08-30 08:00:00,42,val,0.125,0.13036165
Merzenhausen,2022-08-30 09:00:00,42,val,0.124,0.13053785
Merzenhausen,2022-08-30 10:00:00,42,val,0.122,0.13078044
Merzenhausen,2022-08-30 11:00:00,42,val,0.125,0.13109422
Merzenhausen,2022-08-30 12:00:00,42,val,0.126,0.13125783
Merzenhausen,2022-08-30 13:00:00,42,val,0.126,0.13168946
Merzenhausen,2022-08-30 14:00:00,42,val,0.126,0.13246077
Merzenhausen,2022-08-30 15:00:00,42,val,0.129,0.13308606
Merzenhausen,2022-08-30 16:00:00,42,val,0.127,0.13351935
Merzenhausen,2022-08-30 17:00:00,42,val,0.129,0.13371618
Merzenhausen,2022-08-30 18:00:00,42,val,0.125,0.13332385
Merzenhausen,2022-08-30 19:00:00,42,val,0.126,0.1325565
Merzenhausen,2022-08-30 20:00:00,42,val,0.128,0.13170987
Merzenhausen,2022-08-30 21:00:00,42,val,0.125,0.13074148
Merzenhausen,2022-08-30 22:00:00,42,val,0.127,0.13076955
Merzenhausen,2022-08-30 23:00:00,42,val,0.125,0.13067874
Merzenhausen,2022-08-31 00:00:00,42,val,0.125,0.13152128
Merzenhausen,2022-08-31 01:00:00,42,val,0.122,0.13182287
Merzenhausen,2022-08-31 02:00:00,42,val,0.126,0.13193408
Merzenhausen,2022-08-31 03:00:00,42,val,0.126,0.13333675
Merzenhausen,2022-08-31 04:00:00,42,val,0.128,0.1337857
Merzenhausen,2022-08-31 05:00:00,42,val,0.124,0.13391909
Merzenhausen,2022-08-31 06:00:00,42,val,0.124,0.13405478
Merzenhausen,2022-08-31 07:00:00,42,val,0.124,0.13376737
Merzenhausen,2022-08-31 08:00:00,42,val,0.126,0.13437231
Merzenhausen,2022-08-31 09:00:00,42,val,0.125,0.13512915
Merzenhausen,2022-08-31 10:00:00,42,val,0.129,0.13476321
Merzenhausen,2022-08-31 11:00:00,42,val,0.126,0.1340493
Merzenhausen,2022-08-31 12:00:00,42,val,0.125,0.1331237
Merzenhausen,2022-08-31 13:00:00,42,val,0.125,0.13227624
Merzenhausen,2022-08-31 14:00:00,42,val,0.122,0.1315303
Merzenhausen,2022-08-31 15:00:00,42,val,0.13,0.1309961
Merzenhausen,2022-08-31 16:00:00,42,val,0.13,0.1305274
Merzenhausen,2022-08-31 17:00:00,42,val,0.126,0.12997907
Merzenhausen,2022-08-31 18:00:00,42,val,0.128,0.1292859
Merzenhausen,2022-08-31 19:00:00,42,val,0.127,0.12864503
Merzenhausen,2022-08-31 20:00:00,42,val,0.129,0.12790108
Merzenhausen,2022-08-31 21:00:00,42,val,0.126,0.1270237
Merzenhausen,2022-08-31 22:00:00,42,val,0.128,0.12646763
Merzenhausen,2022-08-31 23:00:00,42,val,0.127,0.12601182
Merzenhausen,2022-09-01 00:00:00,42,val,0.1185,0.12594222
Merzenhausen,2022-09-01 01:00:00,42,val,0.1295,0.12598884
Merzenhausen,2022-09-01 02:00:00,42,val,0.126,0.1263054
Merzenhausen,2022-09-01 03:00:00,42,val,0.128,0.12662286
Merzenhausen,2022-09-01 04:00:00,42,val,0.124,0.1269145
Merzenhausen,2022-09-01 05:00:00,42,val,0.124,0.12711632
Merzenhausen,2022-09-01 06:00:00,42,val,0.127,0.12714598
Merzenhausen,2022-09-01 07:00:00,42,val,0.127,0.12714517
Merzenhausen,2022-09-01 08:00:00,42,val,0.124,0.12708414
Merzenhausen,2022-09-01 09:00:00,42,val,0.126,0.12690826
Merzenhausen,2022-09-01 10:00:00,42,val,0.125,0.12662101
Merzenhausen,2022-09-01 11:00:00,42,val,0.123,0.12653881
Merzenhausen,2022-09-01 12:00:00,42,val,0.128,0.12665695
Merzenhausen,2022-09-01 13:00:00,42,val,0.134,0.12703878
Merzenhausen,2022-09-01 14:00:00,42,val,0.128,0.1274997
Merzenhausen,2022-09-01 15:00:00,42,val,0.13,0.12817003
Merzenhausen,2022-09-01 16:00:00,42,val,0.126,0.12872022
Merzenhausen,2022-09-01 17:00:00,42,val,0.126,0.12913394
Merzenhausen,2022-09-01 18:00:00,42,val,0.1345,0.12910606
Merzenhausen,2022-09-01 19:00:00,42,val,0.129,0.12882867
Merzenhausen,2022-09-01 20:00:00,42,val,0.129,0.12841378
Merzenhausen,2022-09-01 21:00:00,42,val,0.126,0.12776065
Merzenhausen,2022-09-01 22:00:00,42,val,0.128,0.12715492
Merzenhausen,2022-09-01 23:00:00,42,val,0.127,0.12662561
Merzenhausen,2022-09-02 00:00:00,42,val,0.125,0.12641351
Merzenhausen,2022-09-02 01:00:00,42,val,0.125,0.1264117
Merzenhausen,2022-09-02 02:00:00,42,val,0.126,0.12677541
Merzenhausen,2022-09-02 03:00:00,42,val,0.124,0.12745543
Merzenhausen,2022-09-02 04:00:00,42,val,0.124,0.12833968
Merzenhausen,2022-09-02 05:00:00,42,val,0.125,0.12914042
Merzenhausen,2022-09-02 06:00:00,42,val,0.123,0.12986663
Merzenhausen,2022-09-02 07:00:00,42,val,0.125,0.13037089
Merzenhausen,2022-09-02 08:00:00,42,val,0.126,0.13073358
Merzenhausen,2022-09-02 09:00:00,42,val,0.125,0.1309831
Merzenhausen,2022-09-02 10:00:00,42,val,0.128,0.13134399
Merzenhausen,2022-09-02 11:00:00,42,val,0.125,0.13170195
Merzenhausen,2022-09-02 12:00:00,42,val,0.126,0.13196024
Merzenhausen,2022-09-02 13:00:00,42,val,0.127,0.13218418
Merzenhausen,2022-09-02 14:00:00,42,val,0.127,0.13224393
Merzenhausen,2022-09-02 15:00:00,42,val,0.132,0.13252568
Merzenhausen,2022-09-02 16:00:00,42,val,0.1235,0.13274944
Merzenhausen,2022-09-02 17:00:00,42,val,0.127,0.13254434
Merzenhausen,2022-09-02 18:00:00,42,val,0.131,0.1320382
Merzenhausen,2022-09-02 19:00:00,42,val,0.13,0.13127723
Merzenhausen,2022-09-02 20:00:00,42,val,0.135,0.13045698
Merzenhausen,2022-09-02 21:00:00,42,val,0.1205,0.12944852
Merzenhausen,2022-09-02 22:00:00,42,val,0.129,0.12867072
Merzenhausen,2022-09-02 23:00:00,42,val,0.126,0.12814978
Merzenhausen,2022-09-03 00:00:00,42,val,0.135,0.12745161
Merzenhausen,2022-09-03 01:00:00,42,val,0.125,0.1273463
Merzenhausen,2022-09-03 02:00:00,42,val,0.125,0.12754184
Merzenhausen,2022-09-03 03:00:00,42,val,0.126,0.1279906
Merzenhausen,2022-09-03 04:00:00,42,val,0.124,0.12845613
Merzenhausen,2022-09-03 05:00:00,42,val,0.125,0.12892058
Merzenhausen,2022-09-03 06:00:00,42,val,0.125,0.12942226
Merzenhausen,2022-09-03 07:00:00,42,val,0.123,0.12985224
Merzenhausen,2022-09-03 08:00:00,42,val,0.124,0.13004622
Merzenhausen,2022-09-03 09:00:00,42,val,0.127,0.13011149
Merzenhausen,2022-09-03 10:00:00,42,val,0.124,0.13010654
Merzenhausen,2022-09-03 11:00:00,42,val,0.129,0.12994382
Merzenhausen,2022-09-03 12:00:00,42,val,0.123,0.13014233
Merzenhausen,2022-09-03 13:00:00,42,val,0.129,0.13095264
Merzenhausen,2022-09-03 14:00:00,42,val,0.129,0.1317782
Merzenhausen,2022-09-03 15:00:00,42,val,0.127,0.1325455
Merzenhausen,2022-09-03 16:00:00,42,val,0.129,0.1328876
Merzenhausen,2022-09-03 17:00:00,42,val,0.125,0.13282603
Merzenhausen,2022-09-03 18:00:00,42,val,0.129,0.1328481
Merzenhausen,2022-09-03 19:00:00,42,val,0.126,0.1324908
Merzenhausen,2022-09-03 20:00:00,42,val,0.128,0.1318849
Merzenhausen,2022-09-03 21:00:00,42,val,0.125,0.13103795
Merzenhausen,2022-09-03 22:00:00,42,val,0.135,0.1302599
Merzenhausen,2022-09-03 23:00:00,42,val,0.125,0.1296036
Merzenhausen,2022-09-04 00:00:00,42,val,0.126,0.1289551
Merzenhausen,2022-09-04 01:00:00,42,val,0.124,0.12844478
Merzenhausen,2022-09-04 02:00:00,42,val,0.1335,0.12810704
Merzenhausen,2022-09-04 03:00:00,42,val,0.123,0.12786041
Merzenhausen,2022-09-04 04:00:00,42,val,0.125,0.1276724
Merzenhausen,2022-09-04 05:00:00,42,val,0.125,0.1275332
Merzenhausen,2022-09-04 06:00:00,42,val,0.126,0.12725195
Merzenhausen,2022-09-04 07:00:00,42,val,0.126,0.12708375
Merzenhausen,2022-09-04 08:00:00,42,val,0.125,0.12716158
Merzenhausen,2022-09-04 09:00:00,42,val,0.123,0.12733312
Merzenhausen,2022-09-04 10:00:00,42,val,0.133,0.12775415
Merzenhausen,2022-09-04 11:00:00,42,val,0.125,0.12818375
Merzenhausen,2022-09-04 12:00:00,42,val,0.126,0.12881729
Merzenhausen,2022-09-04 13:00:00,42,val,0.129,0.12967129
Merzenhausen,2022-09-04 14:00:00,42,val,0.127,0.13058725
Merzenhausen,2022-09-04 15:00:00,42,val,0.128,0.1317235
Merzenhausen,2022-09-04 16:00:00,42,val,0.128,0.1322276
Merzenhausen,2022-09-04 17:00:00,42,val,0.1315,0.13235223
Merzenhausen,2022-09-04 18:00:00,42,val,0.127,0.13237904
Merzenhausen,2022-09-04 19:00:00,42,val,0.126,0.13206527
Merzenhausen,2022-09-04 20:00:00,42,val,0.124,0.13173203
Merzenhausen,2022-09-04 21:00:00,42,val,0.128,0.1307256
Merzenhausen,2022-09-04 22:00:00,42,val,0.125,0.12985338
Merzenhausen,2022-09-04 23:00:00,42,val,0.206,0.12908122
Merzenhausen,2022-09-05 00:00:00,42,val,0.216,0.12900132
Merzenhausen,2022-09-05 01:00:00,42,val,0.239,0.12882084
Merzenhausen,2022-09-05 02:00:00,42,val,0.24,0.1286321
Merzenhausen,2022-09-05 03:00:00,42,val,0.238,0.1285722
Merzenhausen,2022-09-05 04:00:00,42,val,0.238,0.12840983
Merzenhausen,2022-09-05 05:00:00,42,val,0.234,0.12823366
Merzenhausen,2022-09-05 06:00:00,42,val,0.233,0.12797998
Merzenhausen,2022-09-05 07:00:00,42,val,0.233,0.12761468
Merzenhausen,2022-09-05 08:00:00,42,val,0.234,0.12736797
Merzenhausen,2022-09-05 09:00:00,42,val,0.232,0.12739411
Merzenhausen,2022-09-05 10:00:00,42,val,0.235,0.12754773
Merzenhausen,2022-09-05 11:00:00,42,val,0.238,0.12818661
Merzenhausen,2022-09-05 12:00:00,42,val,0.238,0.12882787
Merzenhausen,2022-09-05 13:00:00,42,val,0.235,0.12982792
Merzenhausen,2022-09-05 14:00:00,42,val,0.238,0.13092442
Merzenhausen,2022-09-05 15:00:00,42,val,0.235,0.13183264
Merzenhausen,2022-09-05 16:00:00,42,val,0.235,0.13251987
Merzenhausen,2022-09-05 17:00:00,42,val,0.236,0.13263783
Merzenhausen,2022-09-05 18:00:00,42,val,0.233,0.13236548
Merzenhausen,2022-09-05 19:00:00,42,val,0.233,0.13156137
Merzenhausen,2022-09-05 20:00:00,42,val,0.233,0.13060373
Merzenhausen,2022-09-05 21:00:00,42,val,0.232,0.12950048
Merzenhausen,2022-09-05 22:00:00,42,val,0.232,0.12900141
Merzenhausen,2022-09-05 23:00:00,42,val,0.232,0.12858692
Merzenhausen,2022-09-06 00:00:00,42,val,0.231,0.12843616
Merzenhausen,2022-09-06 01:00:00,42,val,0.23,0.12891838
Merzenhausen,2022-09-06 02:00:00,42,val,0.2465,0.12965307
Merzenhausen,2022-09-06 03:00:00,42,val,0.229,0.13012606
Merzenhausen,2022-09-06 04:00:00,42,val,0.227,0.13052607
Merzenhausen,2022-09-06 05:00:00,42,val,0.229,0.13078758
Merzenhausen,2022-09-06 06:00:00,42,val,0.234,0.13097358
Merzenhausen,2022-09-06 07:00:00,42,val,0.286,0.13112566
Merzenhausen,2022-09-06 08:00:00,42,val,0.301,0.13124493
Merzenhausen,2022-09-06 09:00:00,42,val,0.303,0.13128196
Merzenhausen,2022-09-06 10:00:00,42,val,0.301,0.1318711
Merzenhausen,2022-09-06 11:00:00,42,val,0.3,0.13236272
Merzenhausen,2022-09-06 12:00:00,42,val,0.298,0.1329539
Merzenhausen,2022-09-06 13:00:00,42,val,0.298,0.13376218
Merzenhausen,2022-09-06 14:00:00,42,val,0.295,0.13448426
Merzenhausen,2022-09-06 15:00:00,42,val,0.293,0.13513803
Merzenhausen,2022-09-06 16:00:00,42,val,0.291,0.13545781
Merzenhausen,2022-09-06 17:00:00,42,val,0.291,0.13559212
Merzenhausen,2022-09-06 18:00:00,42,val,0.288,0.13511477
Merzenhausen,2022-09-06 19:00:00,42,val,0.288,0.1340849
Merzenhausen,2022-09-06 20:00:00,42,val,0.289,0.13255551
Merzenhausen,2022-09-06 21:00:00,42,val,0.287,0.1311326
Merzenhausen,2022-09-06 22:00:00,42,val,0.285,0.12982154
Merzenhausen,2022-09-06 23:00:00,42,val,0.287,0.14102712
Merzenhausen,2022-09-07 00:00:00,42,val,0.284,0.15257254
Merzenhausen,2022-09-07 01:00:00,42,val,0.285,0.16397294
Merzenhausen,2022-09-07 02:00:00,42,val,0.284,0.17485252
Merzenhausen,2022-09-07 03:00:00,42,val,0.285,0.18481268
Merzenhausen,2022-09-07 04:00:00,42,val,0.282,0.19361399
Merzenhausen,2022-09-07 05:00:00,42,val,0.282,0.20112492
Merzenhausen,2022-09-07 06:00:00,42,val,0.283,0.20730303
Merzenhausen,2022-09-07 07:00:00,42,val,0.279,0.21241076
Merzenhausen,2022-09-07 08:00:00,42,val,0.28,0.21765651
Merzenhausen,2022-09-07 09:00:00,42,val,0.28,0.2212682
Merzenhausen,2022-09-07 10:00:00,42,val,0.279,0.22410877
Merzenhausen,2022-09-07 11:00:00,42,val,0.28,0.22652234
Merzenhausen,2022-09-07 12:00:00,42,val,0.279,0.22866856
Merzenhausen,2022-09-07 13:00:00,42,val,0.279,0.23044309
Merzenhausen,2022-09-07 14:00:00,42,val,0.279,0.23201722
Merzenhausen,2022-09-07 15:00:00,42,val,0.279,0.2331749
Merzenhausen,2022-09-07 16:00:00,42,val,0.276,0.23389594
Merzenhausen,2022-09-07 17:00:00,42,val,0.279,0.23421487
Merzenhausen,2022-09-07 18:00:00,42,val,0.277,0.2340162
Merzenhausen,2022-09-07 19:00:00,42,val,0.277,0.23339716
Merzenhausen,2022-09-07 20:00:00,42,val,0.277,0.23244165
Merzenhausen,2022-09-07 21:00:00,42,val,0.278,0.2312266
Merzenhausen,2022-09-07 22:00:00,42,val,0.275,0.22989462
Merzenhausen,2022-09-07 23:00:00,42,val,0.274,0.22858071
Merzenhausen,2022-09-08 00:00:00,42,val,0.275,0.22743122
Merzenhausen,2022-09-08 01:00:00,42,val,0.272,0.22639799
Merzenhausen,2022-09-08 02:00:00,42,val,0.273,0.22625397
Merzenhausen,2022-09-08 03:00:00,42,val,0.276,0.22616048
Merzenhausen,2022-09-08 04:00:00,42,val,0.272,0.22786522
Merzenhausen,2022-09-08 05:00:00,42,val,0.273,0.22913118
Merzenhausen,2022-09-08 06:00:00,42,val,0.273,0.23076685
Merzenhausen,2022-09-08 07:00:00,42,val,0.27,0.23420233
Merzenhausen,2022-09-08 08:00:00,42,val,0.27,0.23803551
Merzenhausen,2022-09-08 09:00:00,42,val,0.269,0.24229904
Merzenhausen,2022-09-08 10:00:00,42,val,0.269,0.24682081
Merzenhausen,2022-09-08 11:00:00,42,val,0.269,0.251338
Merzenhausen,2022-09-08 12:00:00,42,val,0.273,0.2556762
Merzenhausen,2022-09-08 13:00:00,42,val,0.275,0.25965083
Merzenhausen,2022-09-08 14:00:00,42,val,0.278,0.2631659
Merzenhausen,2022-09-08 15:00:00,42,val,0.28,0.26603746
Merzenhausen,2022-09-08 16:00:00,42,val,0.28,0.26818582
Merzenhausen,2022-09-08 17:00:00,42,val,0.287,0.26966363
Merzenhausen,2022-09-08 18:00:00,42,val,0.287,0.27030772
Merzenhausen,2022-09-08 19:00:00,42,val,0.29,0.27025968
Merzenhausen,2022-09-08 20:00:00,42,val,0.291,0.26972538
Merzenhausen,2022-09-08 21:00:00,42,val,0.291,0.26884228
Merzenhausen,2022-09-08 22:00:00,42,val,0.288,0.26775217
Merzenhausen,2022-09-08 23:00:00,42,val,0.289,0.267021
Merzenhausen,2022-09-09 00:00:00,42,val,0.29,0.26587164
Merzenhausen,2022-09-09 01:00:00,42,val,0.289,0.26456195
Merzenhausen,2022-09-09 02:00:00,42,val,0.286,0.26330483
Merzenhausen,2022-09-09 03:00:00,42,val,0.286,0.26224932
Merzenhausen,2022-09-09 04:00:00,42,val,0.289,0.26121312
Merzenhausen,2022-09-09 05:00:00,42,val,0.286,0.26030666
Merzenhausen,2022-09-09 06:00:00,42,val,0.287,0.25958675
Merzenhausen,2022-09-09 07:00:00,42,val,0.287,0.25904942
Merzenhausen,2022-09-09 08:00:00,42,val,0.287,0.25863585
Merzenhausen,2022-09-09 09:00:00,42,val,0.287,0.25845656
Merzenhausen,2022-09-09 10:00:00,42,val,0.286,0.25848696
Merzenhausen,2022-09-09 11:00:00,42,val,0.286,0.2587343
Merzenhausen,2022-09-09 12:00:00,42,val,0.287,0.25920194
Merzenhausen,2022-09-09 13:00:00,42,val,0.286,0.25985038
Merzenhausen,2022-09-09 14:00:00,42,val,0.286,0.26074314
Merzenhausen,2022-09-09 15:00:00,42,val,0.283,0.26160896
Merzenhausen,2022-09-09 16:00:00,42,val,0.2815,0.2621959
Merzenhausen,2022-09-09 17:00:00,42,val,0.286,0.26255313
Merzenhausen,2022-09-09 18:00:00,42,val,0.284,0.26317358
Merzenhausen,2022-09-09 19:00:00,42,val,0.283,0.26303464
Merzenhausen,2022-09-09 20:00:00,42,val,0.281,0.26238886
Merzenhausen,2022-09-09 21:00:00,42,val,0.284,0.26146376
Merzenhausen,2022-09-09 22:00:00,42,val,0.282,0.26029018
Merzenhausen,2022-09-09 23:00:00,42,val,0.282,0.25894928
Merzenhausen,2022-09-10 00:00:00,42,val,0.279,0.25767046
Merzenhausen,2022-09-10 01:00:00,42,val,0.282,0.2564008
Merzenhausen,2022-09-10 02:00:00,42,val,0.279,0.25523275
Merzenhausen,2022-09-10 03:00:00,42,val,0.277,0.25432998
Merzenhausen,2022-09-10 04:00:00,42,val,0.275,0.25355786
Merzenhausen,2022-09-10 05:00:00,42,val,0.277,0.25307363
Merzenhausen,2022-09-10 06:00:00,42,val,0.274,0.25273663
Merzenhausen,2022-09-10 07:00:00,42,val,0.275,0.25243452
Merzenhausen,2022-09-10 08:00:00,42,val,0.274,0.25234225
Merzenhausen,2022-09-10 09:00:00,42,val,0.274,0.25236005
Merzenhausen,2022-09-10 10:00:00,42,val,0.274,0.2525107
Merzenhausen,2022-09-10 11:00:00,42,val,0.274,0.2527837
Merzenhausen,2022-09-10 12:00:00,42,val,0.274,0.25361463
Merzenhausen,2022-09-10 13:00:00,42,val,0.276,0.25558138
Merzenhausen,2022-09-10 14:00:00,42,val,0.276,0.25724617
Merzenhausen,2022-09-10 15:00:00,42,val,0.276,0.25878078
Merzenhausen,2022-09-10 16:00:00,42,val,0.277,0.2608215
Merzenhausen,2022-09-10 17:00:00,42,val,0.273,0.26233378
Merzenhausen,2022-09-10 18:00:00,42,val,0.274,0.2633034
Merzenhausen,2022-09-10 19:00:00,42,val,0.274,0.2638586
Merzenhausen,2022-09-10 20:00:00,42,val,0.271,0.26409185
Merzenhausen,2022-09-10 21:00:00,42,val,0.272,0.26413924
Merzenhausen,2022-09-10 22:00:00,42,val,0.271,0.2639732
Merzenhausen,2022-09-10 23:00:00,42,val,0.268,0.26363826
Merzenhausen,2022-09-11 00:00:00,42,val,0.27,0.26325443
Merzenhausen,2022-09-11 01:00:00,42,val,0.269,0.2628113
Merzenhausen,2022-09-11 02:00:00,42,val,0.27,0.2622683
Merzenhausen,2022-09-11 03:00:00,42,val,0.27,0.26176372
Merzenhausen,2022-09-11 04:00:00,42,val,0.267,0.2613665
Merzenhausen,2022-09-11 05:00:00,42,val,0.269,0.26098907
Merzenhausen,2022-09-11 06:00:00,42,val,0.269,0.26075545
Merzenhausen,2022-09-11 07:00:00,42,val,0.27,0.2606692
Merzenhausen,2022-09-11 08:00:00,42,val,0.27,0.2607359
Merzenhausen,2022-09-11 09:00:00,42,val,0.269,0.26105788
Merzenhausen,2022-09-11 10:00:00,42,val,0.266,0.26153862
Merzenhausen,2022-09-11 11:00:00,42,val,0.269,0.26227573
Merzenhausen,2022-09-11 12:00:00,42,val,0.269,0.2631226
Merzenhausen,2022-09-11 13:00:00,42,val,0.268,0.26405537
Merzenhausen,2022-09-11 14:00:00,42,val,0.269,0.26502848
Merzenhausen,2022-09-11 15:00:00,42,val,0.269,0.2658128
Merzenhausen,2022-09-11 16:00:00,42,val,0.266,0.26627138
Merzenhausen,2022-09-11 17:00:00,42,val,0.266,0.26648518
Merzenhausen,2022-09-11 18:00:00,42,val,0.269,0.26627842
Merzenhausen,2022-09-11 19:00:00,42,val,0.265,0.26564905
Merzenhausen,2022-09-11 20:00:00,42,val,0.269,0.26466522
Merzenhausen,2022-09-11 21:00:00,42,val,0.271,0.2635377
Merzenhausen,2022-09-11 22:00:00,42,val,0.274,0.2623277
Merzenhausen,2022-09-11 23:00:00,42,val,0.274,0.26110318
Merzenhausen,2022-09-12 00:00:00,42,val,0.274,0.25982526
Merzenhausen,2022-09-12 01:00:00,42,val,0.277,0.25868657
Merzenhausen,2022-09-12 02:00:00,42,val,0.278,0.25764865
Merzenhausen,2022-09-12 03:00:00,42,val,0.281,0.25651214
Merzenhausen,2022-09-12 04:00:00,42,val,0.285,0.25541118
Merzenhausen,2022-09-12 05:00:00,42,val,0.287,0.2544503
Merzenhausen,2022-09-12 06:00:00,42,val,0.291,0.25366575
Merzenhausen,2022-09-12 07:00:00,42,val,0.3625,0.25324345
Merzenhausen,2022-09-12 08:00:00,42,val,0.37,0.2533312
Merzenhausen,2022-09-12 09:00:00,42,val,0.363,0.2536827
Merzenhausen,2022-09-12 10:00:00,42,val,0.363,0.25423136
Merzenhausen,2022-09-12 11:00:00,42,val,0.364,0.2548523
Merzenhausen,2022-09-12 12:00:00,42,val,0.363,0.25550616
Merzenhausen,2022-09-12 13:00:00,42,val,0.361,0.2562193
Merzenhausen,2022-09-12 14:00:00,42,val,0.357,0.25697547
Merzenhausen,2022-09-12 15:00:00,42,val,0.358,0.2576347
Merzenhausen,2022-09-12 16:00:00,42,val,0.358,0.2582158
Merzenhausen,2022-09-12 17:00:00,42,val,0.357,0.25844932
Merzenhausen,2022-09-12 18:00:00,42,val,0.354,0.25839862
Merzenhausen,2022-09-12 19:00:00,42,val,0.351,0.25809154
Merzenhausen,2022-09-12 20:00:00,42,val,0.349,0.2574315
Merzenhausen,2022-09-12 21:00:00,42,val,0.344,0.25665906
Merzenhausen,2022-09-12 22:00:00,42,val,0.346,0.25579906
Merzenhausen,2022-09-12 23:00:00,42,val,0.344,0.25486806
Merzenhausen,2022-09-13 00:00:00,42,val,0.341,0.2540727
Merzenhausen,2022-09-13 01:00:00,42,val,0.341,0.25345168
Merzenhausen,2022-09-13 02:00:00,42,val,0.339,0.25297353
Merzenhausen,2022-09-13 03:00:00,42,val,0.336,0.25268394
Merzenhausen,2022-09-13 04:00:00,42,val,0.336,0.2523585
Merzenhausen,2022-09-13 05:00:00,42,val,0.333,0.2521725
Merzenhausen,2022-09-13 06:00:00,42,val,0.333,0.25207946
Merzenhausen,2022-09-13 07:00:00,42,val,0.333,0.25215042
Merzenhausen,2022-09-13 08:00:00,42,val,0.331,0.25242645
Merzenhausen,2022-09-13 09:00:00,42,val,0.329,0.25281107
Merzenhausen,2022-09-13 10:00:00,42,val,0.33,0.25310704
Merzenhausen,2022-09-13 11:00:00,42,val,0.328,0.25345504
Merzenhausen,2022-09-13 12:00:00,42,val,0.329,0.25392956
Merzenhausen,2022-09-13 13:00:00,42,val,0.326,0.25445193
Merzenhausen,2022-09-13 14:00:00,42,val,0.326,0.25503275
Merzenhausen,2022-09-13 15:00:00,42,val,0.324,0.25561965
Merzenhausen,2022-09-13 16:00:00,42,val,0.324,0.25602534
Merzenhausen,2022-09-13 17:00:00,42,val,0.323,0.2562615
Merzenhausen,2022-09-13 18:00:00,42,val,0.326,0.25660068
Merzenhausen,2022-09-13 19:00:00,42,val,0.323,0.2569941
Merzenhausen,2022-09-13 20:00:00,42,val,0.321,0.25744733
Merzenhausen,2022-09-13 21:00:00,42,val,0.319,0.2575193
Merzenhausen,2022-09-13 22:00:00,42,val,0.321,0.25792357
Merzenhausen,2022-09-13 23:00:00,42,val,0.318,0.25856936
Merzenhausen,2022-09-14 00:00:00,42,val,0.316,0.25867134
Merzenhausen,2022-09-14 01:00:00,42,val,0.318,0.25851387
Merzenhausen,2022-09-14 02:00:00,42,val,0.316,0.2584721
Merzenhausen,2022-09-14 03:00:00,42,val,0.316,0.25871694
Merzenhausen,2022-09-14 04:00:00,42,val,0.314,0.2589753
Merzenhausen,2022-09-14 05:00:00,42,val,0.314,0.25971773
Merzenhausen,2022-09-14 06:00:00,42,val,0.313,0.2617137
Merzenhausen,2022-09-14 07:00:00,42,val,0.314,0.2664145
Merzenhausen,2022-09-14 08:00:00,42,val,0.313,0.27216792
Merzenhausen,2022-09-14 09:00:00,42,val,0.313,0.2771312
Merzenhausen,2022-09-14 10:00:00,42,val,0.313,0.28231204
Merzenhausen,2022-09-14 11:00:00,42,val,0.314,0.28711534
Merzenhausen,2022-09-14 12:00:00,42,val,0.311,0.29123175
Merzenhausen,2022-09-14 13:00:00,42,val,0.311,0.29469708
Merzenhausen,2022-09-14 14:00:00,42,val,0.314,0.2977999
Merzenhausen,2022-09-14 15:00:00,42,val,0.316,0.30019125
Merzenhausen,2022-09-14 16:00:00,42,val,0.32,0.30171603
Merzenhausen,2022-09-14 17:00:00,42,val,0.326,0.30245215
Merzenhausen,2022-09-14 18:00:00,42,val,0.324,0.30245647
Merzenhausen,2022-09-14 19:00:00,42,val,0.327,0.30181208
Merzenhausen,2022-09-14 20:00:00,42,val,0.327,0.30071867
Merzenhausen,2022-09-14 21:00:00,42,val,0.327,0.29927886
Merzenhausen,2022-09-14 22:00:00,42,val,0.326,0.29771695
Merzenhausen,2022-09-14 23:00:00,42,val,0.327,0.29613048
Merzenhausen,2022-09-15 00:00:00,42,val,0.324,0.29461777
Merzenhausen,2022-09-15 01:00:00,42,val,0.326,0.2931942
Merzenhausen,2022-09-15 02:00:00,42,val,0.326,0.29181296
Merzenhausen,2022-09-15 03:00:00,42,val,0.324,0.29041332
Merzenhausen,2022-09-15 04:00:00,42,val,0.325,0.28906843
Merzenhausen,2022-09-15 05:00:00,42,val,0.326,0.28781453
Merzenhausen,2022-09-15 06:00:00,42,val,0.323,0.28675485
Merzenhausen,2022-09-15 07:00:00,42,val,0.323,0.28599873
Merzenhausen,2022-09-15 08:00:00,42,val,0.323,0.2855291
Merzenhausen,2022-09-15 09:00:00,42,val,0.324,0.2853673
Merzenhausen,2022-09-15 10:00:00,42,val,0.321,0.28554586
Merzenhausen,2022-09-15 11:00:00,42,val,0.3135,0.2860578
Merzenhausen,2022-09-15 12:00:00,42,val,0.335,0.28673702
Merzenhausen,2022-09-15 13:00:00,42,val,0.3285,0.28736654
Merzenhausen,2022-09-15 14:00:00,42,val,0.322,0.28786695
Merzenhausen,2022-09-15 15:00:00,42,val,0.319,0.2882008
Merzenhausen,2022-09-15 16:00:00,42,val,0.319,0.28838798
Merzenhausen,2022-09-15 17:00:00,42,val,0.321,0.2881563
Merzenhausen,2022-09-15 18:00:00,42,val,0.321,0.28760415
Merzenhausen,2022-09-15 19:00:00,42,val,0.319,0.2866908
Merzenhausen,2022-09-15 20:00:00,42,val,0.321,0.2854922
Merzenhausen,2022-09-15 21:00:00,42,val,0.319,0.2842065
Merzenhausen,2022-09-15 22:00:00,42,val,0.319,0.2829321
Merzenhausen,2022-09-15 23:00:00,42,val,0.316,0.2816996
Merzenhausen,2022-09-16 00:00:00,42,val,0.316,0.2804413
Merzenhausen,2022-09-16 01:00:00,42,val,0.317,0.2793482
Merzenhausen,2022-09-16 02:00:00,42,val,0.317,0.2783091
Merzenhausen,2022-09-16 03:00:00,42,val,0.314,0.27745816
Merzenhausen,2022-09-16 04:00:00,42,val,0.314,0.27666354
Merzenhausen,2022-09-16 05:00:00,42,val,0.315,0.27598354
Merzenhausen,2022-09-16 06:00:00,42,val,0.314,0.27538106
Merzenhausen,2022-09-16 07:00:00,42,val,0.314,0.27499887
Merzenhausen,2022-09-16 08:00:00,42,val,0.316,0.27484533
Merzenhausen,2022-09-16 09:00:00,42,val,0.316,0.2750114
Merzenhausen,2022-09-16 10:00:00,42,val,0.316,0.27544698
Merzenhausen,2022-09-16 11:00:00,42,val,0.313,0.27620396
Merzenhausen,2022-09-16 12:00:00,42,val,0.313,0.27742365
Merzenhausen,2022-09-16 13:00:00,42,val,0.313,0.28009787
Merzenhausen,2022-09-16 14:00:00,42,val,0.313,0.2818564
Merzenhausen,2022-09-16 15:00:00,42,val,0.336,0.2837032
Merzenhausen,2022-09-16 16:00:00,42,val,0.358,0.28472462
Merzenhausen,2022-09-16 17:00:00,42,val,0.375,0.2851789
Merzenhausen,2022-09-16 18:00:00,42,val,0.375,0.28515178
Merzenhausen,2022-09-16 19:00:00,42,val,0.378,0.28479058
Merzenhausen,2022-09-16 20:00:00,42,val,0.372,0.2842035
Merzenhausen,2022-09-16 21:00:00,42,val,0.371,0.2835132
Merzenhausen,2022-09-16 22:00:00,42,val,0.365,0.28274935
Merzenhausen,2022-09-16 23:00:00,42,val,0.361,0.28193307
Merzenhausen,2022-09-17 00:00:00,42,val,0.359,0.28110045
Merzenhausen,2022-09-17 01:00:00,42,val,0.355,0.28032255
Merzenhausen,2022-09-17 02:00:00,42,val,0.355,0.2795949
Merzenhausen,2022-09-17 03:00:00,42,val,0.352,0.2789028
Merzenhausen,2022-09-17 04:00:00,42,val,0.349,0.27832538
Merzenhausen,2022-09-17 05:00:00,42,val,0.348,0.2779414
Merzenhausen,2022-09-17 06:00:00,42,val,0.347,0.27767482
Merzenhausen,2022-09-17 07:00:00,42,val,0.346,0.2776775
Merzenhausen,2022-09-17 08:00:00,42,val,0.344,0.27792746
Merzenhausen,2022-09-17 09:00:00,42,val,0.343,0.27857593
Merzenhausen,2022-09-17 10:00:00,42,val,0.341,0.2794271
Merzenhausen,2022-09-17 11:00:00,42,val,0.341,0.28030866
Merzenhausen,2022-09-17 12:00:00,42,val,0.339,0.28154725
Merzenhausen,2022-09-17 13:00:00,42,val,0.34,0.28299463
Merzenhausen,2022-09-17 14:00:00,42,val,0.337,0.28422308
Merzenhausen,2022-09-17 15:00:00,42,val,0.338,0.2850865
Merzenhausen,2022-09-17 16:00:00,42,val,0.337,0.28546205
Merzenhausen,2022-09-17 17:00:00,42,val,0.336,0.28536317
Merzenhausen,2022-09-17 18:00:00,42,val,0.336,0.28478473
Merzenhausen,2022-09-17 19:00:00,42,val,0.334,0.2838819
Merzenhausen,2022-09-17 20:00:00,42,val,0.332,0.28286046
Merzenhausen,2022-09-17 21:00:00,42,val,0.332,0.28176466
Merzenhausen,2022-09-17 22:00:00,42,val,0.332,0.28065878
Merzenhausen,2022-09-17 23:00:00,42,val,0.332,0.2795343
Merzenhausen,2022-09-18 00:00:00,42,val,0.331,0.27855158
Merzenhausen,2022-09-18 01:00:00,42,val,0.331,0.27768126
Merzenhausen,2022-09-18 02:00:00,42,val,0.329,0.2769723
Merzenhausen,2022-09-18 03:00:00,42,val,0.329,0.27635136
Merzenhausen,2022-09-18 04:00:00,42,val,0.327,0.27575338
Merzenhausen,2022-09-18 05:00:00,42,val,0.327,0.2753173
Merzenhausen,2022-09-18 06:00:00,42,val,0.325,0.27498996
Merzenhausen,2022-09-18 07:00:00,42,val,0.327,0.27486584
Merzenhausen,2022-09-18 08:00:00,42,val,0.326,0.27532786
Merzenhausen,2022-09-18 09:00:00,42,val,0.326,0.27592665
Merzenhausen,2022-09-18 10:00:00,42,val,0.326,0.27669907
Merzenhausen,2022-09-18 11:00:00,42,val,0.327,0.27763274
Merzenhausen,2022-09-18 12:00:00,42,val,0.324,0.27888578
Merzenhausen,2022-09-18 13:00:00,42,val,0.324,0.2800304
Merzenhausen,2022-09-18 14:00:00,42,val,0.324,0.2812625
Merzenhausen,2022-09-18 15:00:00,42,val,0.322,0.28437516
Merzenhausen,2022-09-18 16:00:00,42,val,0.322,0.28746703
Merzenhausen,2022-09-18 17:00:00,42,val,0.322,0.29088235
Merzenhausen,2022-09-18 18:00:00,42,val,0.324,0.2937218
Merzenhausen,2022-09-18 19:00:00,42,val,0.322,0.2966293
Merzenhausen,2022-09-18 20:00:00,42,val,0.322,0.29875985
Merzenhausen,2022-09-18 21:00:00,42,val,0.319,0.30029842
Merzenhausen,2022-09-18 22:00:00,42,val,0.321,0.301297
Merzenhausen,2022-09-18 23:00:00,42,val,0.319,0.3018546
Merzenhausen,2022-09-19 00:00:00,42,val,0.32,0.30211627
Merzenhausen,2022-09-19 01:00:00,42,val,0.317,0.30209032
Merzenhausen,2022-09-19 02:00:00,42,val,0.317,0.30187052
Merzenhausen,2022-09-19 03:00:00,42,val,0.317,0.30151856
Merzenhausen,2022-09-19 04:00:00,42,val,0.315,0.30104208
Merzenhausen,2022-09-19 05:00:00,42,val,0.317,0.30065587
Merzenhausen,2022-09-19 06:00:00,42,val,0.315,0.30041146
Merzenhausen,2022-09-19 07:00:00,42,val,0.316,0.30037355
Merzenhausen,2022-09-19 08:00:00,42,val,0.317,0.3006879
Merzenhausen,2022-09-19 09:00:00,42,val,0.314,0.3012051
Merzenhausen,2022-09-19 10:00:00,42,val,0.314,0.3018921
Merzenhausen,2022-09-19 11:00:00,42,val,0.314,0.30264583
Merzenhausen,2022-09-19 12:00:00,42,val,0.314,0.30332446
Merzenhausen,2022-09-19 13:00:00,42,val,0.315,0.3035801
Merzenhausen,2022-09-19 14:00:00,42,val,0.312,0.3036073
Merzenhausen,2022-09-19 15:00:00,42,val,0.312,0.30327713
Merzenhausen,2022-09-19 16:00:00,42,val,0.312,0.30246317
Merzenhausen,2022-09-19 17:00:00,42,val,0.312,0.30126324
Merzenhausen,2022-09-19 18:00:00,42,val,0.313,0.29982775
Merzenhausen,2022-09-19 19:00:00,42,val,0.31,0.29829222
Merzenhausen,2022-09-19 20:00:00,42,val,0.31,0.29675472
Merzenhausen,2022-09-19 21:00:00,42,val,0.312,0.2953252
Merzenhausen,2022-09-19 22:00:00,42,val,0.31,0.2941565
Merzenhausen,2022-09-19 23:00:00,42,val,0.31,0.29322734
Merzenhausen,2022-09-20 00:00:00,42,val,0.312,0.29247266
Merzenhausen,2022-09-20 01:00:00,42,val,0.309,0.29183543
Merzenhausen,2022-09-20 02:00:00,42,val,0.31,0.29128116
Merzenhausen,2022-09-20 03:00:00,42,val,0.31,0.29079
Merzenhausen,2022-09-20 04:00:00,42,val,0.307,0.29031056
Merzenhausen,2022-09-20 05:00:00,42,val,0.307,0.28996146
Merzenhausen,2022-09-20 06:00:00,42,val,0.308,0.2897329
Merzenhausen,2022-09-20 07:00:00,42,val,0.308,0.28986743
Merzenhausen,2022-09-20 08:00:00,42,val,0.306,0.29023966
Merzenhausen,2022-09-20 09:00:00,42,val,0.306,0.2909818
Merzenhausen,2022-09-20 10:00:00,42,val,0.307,0.29191375
Merzenhausen,2022-09-20 11:00:00,42,val,0.308,0.29299366
Merzenhausen,2022-09-20 12:00:00,42,val,0.303,0.29390338
Merzenhausen,2022-09-20 13:00:00,42,val,0.308,0.29451075
Merzenhausen,2022-09-20 14:00:00,42,val,0.303,0.2948966
Merzenhausen,2022-09-20 15:00:00,42,val,0.303,0.29474992
Merzenhausen,2022-09-20 16:00:00,42,val,0.303,0.29411674
Merzenhausen,2022-09-20 17:00:00,42,val,0.303,0.2930801
Merzenhausen,2022-09-20 18:00:00,42,val,0.303,0.2918499
Merzenhausen,2022-09-20 19:00:00,42,val,0.305,0.29053074
Merzenhausen,2022-09-20 20:00:00,42,val,0.305,0.2892177
Merzenhausen,2022-09-20 21:00:00,42,val,0.305,0.28788668
Merzenhausen,2022-09-20 22:00:00,42,val,0.305,0.28668234
Merzenhausen,2022-09-20 23:00:00,42,val,0.305,0.2854608
Merzenhausen,2022-09-21 00:00:00,42,val,0.305,0.284303
Merzenhausen,2022-09-21 01:00:00,42,val,0.302,0.2830943
Merzenhausen,2022-09-21 02:00:00,42,val,0.303,0.2818495
Merzenhausen,2022-09-21 03:00:00,42,val,0.303,0.2807337
Merzenhausen,2022-09-21 04:00:00,42,val,0.303,0.27955425
Merzenhausen,2022-09-21 05:00:00,42,val,0.301,0.27862424
Merzenhausen,2022-09-21 06:00:00,42,val,0.301,0.27812317
Merzenhausen,2022-09-21 07:00:00,42,val,0.303,0.27821022
Merzenhausen,2022-09-21 08:00:00,42,val,0.303,0.27910048
Merzenhausen,2022-09-21 09:00:00,42,val,0.3,0.28032213
Merzenhausen,2022-09-21 10:00:00,42,val,0.301,0.28172925
Merzenhausen,2022-09-21 11:00:00,42,val,0.301,0.28317606
Merzenhausen,2022-09-21 12:00:00,42,val,0.301,0.28445777
Merzenhausen,2022-09-21 13:00:00,42,val,0.3,0.28551874
Merzenhausen,2022-09-21 14:00:00,42,val,0.3,0.28609905
Merzenhausen,2022-09-21 15:00:00,42,val,0.3,0.28625587
Merzenhausen,2022-09-21 16:00:00,42,val,0.301,0.28591907
Merzenhausen,2022-09-21 17:00:00,42,val,0.301,0.28521523
Merzenhausen,2022-09-21 18:00:00,42,val,0.301,0.28427726
Merzenhausen,2022-09-21 19:00:00,42,val,0.301,0.2832177
Merzenhausen,2022-09-21 20:00:00,42,val,0.298,0.28213167
Merzenhausen,2022-09-21 21:00:00,42,val,0.298,0.28113022
Merzenhausen,2022-09-21 22:00:00,42,val,0.3,0.28006738
Merzenhausen,2022-09-21 23:00:00,42,val,0.3,0.27896255
Merzenhausen,2022-09-22 00:00:00,42,val,0.3,0.2779524
Merzenhausen,2022-09-22 01:00:00,42,val,0.298,0.276867
Merzenhausen,2022-09-22 02:00:00,42,val,0.298,0.2757637
Merzenhausen,2022-09-22 03:00:00,42,val,0.298,0.27476183
Merzenhausen,2022-09-22 04:00:00,42,val,0.298,0.2738574
Merzenhausen,2022-09-22 05:00:00,42,val,0.298,0.27302003
Merzenhausen,2022-09-22 06:00:00,42,val,0.298,0.2725567
Merzenhausen,2022-09-22 07:00:00,42,val,0.298,0.27281517
Merzenhausen,2022-09-22 08:00:00,42,val,0.296,0.27368307
Merzenhausen,2022-09-22 09:00:00,42,val,0.296,0.27510077
Merzenhausen,2022-09-22 10:00:00,42,val,0.297,0.2768156
Merzenhausen,2022-09-22 11:00:00,42,val,0.297,0.27851945
Merzenhausen,2022-09-22 12:00:00,42,val,0.297,0.27989936
Merzenhausen,2022-09-22 13:00:00,42,val,0.297,0.28104246
Merzenhausen,2022-09-22 14:00:00,42,val,0.296,0.28164297
Merzenhausen,2022-09-22 15:00:00,42,val,0.296,0.28167495
Merzenhausen,2022-09-22 16:00:00,42,val,0.296,0.28126442
Merzenhausen,2022-09-22 17:00:00,42,val,0.296,0.2805056
Merzenhausen,2022-09-22 18:00:00,42,val,0.296,0.27950245
Merzenhausen,2022-09-22 19:00:00,42,val,0.294,0.27855426
Merzenhausen,2022-09-22 20:00:00,42,val,0.294,0.27768922
Merzenhausen,2022-09-22 21:00:00,42,val,0.294,0.27698615
Merzenhausen,2022-09-22 22:00:00,42,val,0.294,0.27632093
Merzenhausen,2022-09-22 23:00:00,42,val,0.294,0.2757312
Merzenhausen,2022-09-23 00:00:00,42,val,0.296,0.2753029
Merzenhausen,2022-09-23 01:00:00,42,val,0.296,0.27482334
Merzenhausen,2022-09-23 02:00:00,42,val,0.296,0.2742823
Merzenhausen,2022-09-23 03:00:00,42,val,0.294,0.27373576
Merzenhausen,2022-09-23 04:00:00,42,val,0.296,0.27318797
Merzenhausen,2022-09-23 05:00:00,42,val,0.293,0.27272218
Merzenhausen,2022-09-23 06:00:00,42,val,0.295,0.27237675
Merzenhausen,2022-09-23 07:00:00,42,val,0.295,0.2727406
Merzenhausen,2022-09-23 08:00:00,42,val,0.296,0.27359894
Merzenhausen,2022-09-23 09:00:00,42,val,0.296,0.27484518
Merzenhausen,2022-09-23 10:00:00,42,val,0.293,0.2762466
Merzenhausen,2022-09-23 11:00:00,42,val,0.293,0.27758664
Merzenhausen,2022-09-23 12:00:00,42,val,0.293,0.2787707
Merzenhausen,2022-09-23 13:00:00,42,val,0.293,0.27965602
Merzenhausen,2022-09-23 14:00:00,42,val,0.293,0.28017908
Merzenhausen,2022-09-23 15:00:00,42,val,0.293,0.28023386
Merzenhausen,2022-09-23 16:00:00,42,val,0.293,0.2799038
Merzenhausen,2022-09-23 17:00:00,42,val,0.293,0.2792165
Merzenhausen,2022-09-23 18:00:00,42,val,0.291,0.27831346
Merzenhausen,2022-09-23 19:00:00,42,val,0.291,0.27733564
Merzenhausen,2022-09-23 20:00:00,42,val,0.292,0.27630082
Merzenhausen,2022-09-23 21:00:00,42,val,0.291,0.275356
Merzenhausen,2022-09-23 22:00:00,42,val,0.293,0.27464303
Merzenhausen,2022-09-23 23:00:00,42,val,0.291,0.2741414
Merzenhausen,2022-09-24 00:00:00,42,val,0.291,0.2738247
Merzenhausen,2022-09-24 01:00:00,42,val,0.291,0.2735632
Merzenhausen,2022-09-24 02:00:00,42,val,0.291,0.27329963
Merzenhausen,2022-09-24 03:00:00,42,val,0.289,0.27310407
Merzenhausen,2022-09-24 04:00:00,42,val,0.291,0.27304238
Merzenhausen,2022-09-24 05:00:00,42,val,0.288,0.27308035
Merzenhausen,2022-09-24 06:00:00,42,val,0.291,0.27322805
Merzenhausen,2022-09-24 07:00:00,42,val,0.289,0.2736993
Merzenhausen,2022-09-24 08:00:00,42,val,0.291,0.2744016
Merzenhausen,2022-09-24 09:00:00,42,val,0.291,0.27534822
Merzenhausen,2022-09-24 10:00:00,42,val,0.291,0.2763196
Merzenhausen,2022-09-24 11:00:00,42,val,0.289,0.2773192
Merzenhausen,2022-09-24 12:00:00,42,val,0.289,0.27828518
Merzenhausen,2022-09-24 13:00:00,42,val,0.289,0.27906466
Merzenhausen,2022-09-24 14:00:00,42,val,0.289,0.27950627
Merzenhausen,2022-09-24 15:00:00,42,val,0.289,0.27948135
Merzenhausen,2022-09-24 16:00:00,42,val,0.289,0.2789829
Merzenhausen,2022-09-24 17:00:00,42,val,0.289,0.27805734
Merzenhausen,2022-09-24 18:00:00,42,val,0.289,0.2768653
Merzenhausen,2022-09-24 19:00:00,42,val,0.289,0.27552068
Merzenhausen,2022-09-24 20:00:00,42,val,0.289,0.27442437
Merzenhausen,2022-09-24 21:00:00,42,val,0.289,0.27336717
Merzenhausen,2022-09-24 22:00:00,42,val,0.286,0.27247638
Merzenhausen,2022-09-24 23:00:00,42,val,0.286,0.27176794
Merzenhausen,2022-09-25 00:00:00,42,val,0.287,0.2713617
Merzenhausen,2022-09-25 01:00:00,42,val,0.287,0.2711604
Merzenhausen,2022-09-25 02:00:00,42,val,0.287,0.27109638
Merzenhausen,2022-09-25 03:00:00,42,val,0.287,0.27107668
Merzenhausen,2022-09-25 04:00:00,42,val,0.289,0.27121466
Merzenhausen,2022-09-25 05:00:00,42,val,0.289,0.27137005
Merzenhausen,2022-09-25 06:00:00,42,val,0.289,0.27164117
Merzenhausen,2022-09-25 07:00:00,42,val,0.289,0.27205366
Merzenhausen,2022-09-25 08:00:00,42,val,0.291,0.27274135
Merzenhausen,2022-09-25 09:00:00,42,val,0.291,0.2737279
Merzenhausen,2022-09-25 10:00:00,42,val,0.291,0.2747245
Merzenhausen,2022-09-25 11:00:00,42,val,0.291,0.27582613
Merzenhausen,2022-09-25 12:00:00,42,val,0.292,0.2768641
Merzenhausen,2022-09-25 13:00:00,42,val,0.291,0.2776638
Merzenhausen,2022-09-25 14:00:00,42,val,0.291,0.2781193
Merzenhausen,2022-09-25 15:00:00,42,val,0.29,0.27814025
Merzenhausen,2022-09-25 16:00:00,42,val,0.293,0.27767223
Merzenhausen,2022-09-25 17:00:00,42,val,0.292,0.27676025
Merzenhausen,2022-09-25 18:00:00,42,val,0.292,0.27546793
Merzenhausen,2022-09-25 19:00:00,42,val,0.292,0.27399832
Merzenhausen,2022-09-25 20:00:00,42,val,0.293,0.27251202
Merzenhausen,2022-09-25 21:00:00,42,val,0.293,0.2711367
Merzenhausen,2022-09-25 22:00:00,42,val,0.296,0.26993304
Merzenhausen,2022-09-25 23:00:00,42,val,0.3,0.26881033
Merzenhausen,2022-09-26 00:00:00,42,val,0.303,0.26797047
Merzenhausen,2022-09-26 01:00:00,42,val,0.307,0.26732373
Merzenhausen,2022-09-26 02:00:00,42,val,0.305,0.26685256
Merzenhausen,2022-09-26 03:00:00,42,val,0.307,0.26650026
Merzenhausen,2022-09-26 04:00:00,42,val,0.307,0.26632836
Merzenhausen,2022-09-26 05:00:00,42,val,0.309,0.26624778
Merzenhausen,2022-09-26 06:00:00,42,val,0.309,0.26644236
Merzenhausen,2022-09-26 07:00:00,42,val,0.309,0.26685885
Merzenhausen,2022-09-26 08:00:00,42,val,0.309,0.26758572
Merzenhausen,2022-09-26 09:00:00,42,val,0.309,0.26850536
Merzenhausen,2022-09-26 10:00:00,42,val,0.311,0.26962423
Merzenhausen,2022-09-26 11:00:00,42,val,0.311,0.27078584
Merzenhausen,2022-09-26 12:00:00,42,val,0.311,0.27187702
Merzenhausen,2022-09-26 13:00:00,42,val,0.311,0.2728161
Merzenhausen,2022-09-26 14:00:00,42,val,0.311,0.27342075
Merzenhausen,2022-09-26 15:00:00,42,val,0.312,0.27356842
Merzenhausen,2022-09-26 16:00:00,42,val,0.311,0.27319282
Merzenhausen,2022-09-26 17:00:00,42,val,0.309,0.27245143
Merzenhausen,2022-09-26 18:00:00,42,val,0.309,0.27142972
Merzenhausen,2022-09-26 19:00:00,42,val,0.309,0.2702425
Merzenhausen,2022-09-26 20:00:00,42,val,0.309,0.26935408
Merzenhausen,2022-09-26 21:00:00,42,val,0.31,0.26843697
Merzenhausen,2022-09-26 22:00:00,42,val,0.3045,0.26760742
Merzenhausen,2022-09-26 23:00:00,42,val,0.328,0.2671576
Merzenhausen,2022-09-27 00:00:00,42,val,0.311,0.26680166
Merzenhausen,2022-09-27 01:00:00,42,val,0.31,0.26633224
Merzenhausen,2022-09-27 02:00:00,42,val,0.3165,0.26594135
Merzenhausen,2022-09-27 03:00:00,42,val,0.311,0.26543522
Merzenhausen,2022-09-27 04:00:00,42,val,0.31,0.2649783
Merzenhausen,2022-09-27 05:00:00,42,val,0.311,0.26466808
Merzenhausen,2022-09-27 06:00:00,42,val,0.311,0.26456928
Merzenhausen,2022-09-27 07:00:00,42,val,0.3135,0.26471445
Merzenhausen,2022-09-27 08:00:00,42,val,0.3185,0.2652516
Merzenhausen,2022-09-27 09:00:00,42,val,0.312,0.26611048
Merzenhausen,2022-09-27 10:00:00,42,val,0.312,0.26721135
Merzenhausen,2022-09-27 11:00:00,42,val,0.312,0.26856923
Merzenhausen,2022-09-27 12:00:00,42,val,0.312,0.270005
Merzenhausen,2022-09-27 13:00:00,42,val,0.312,0.27121073
Merzenhausen,2022-09-27 14:00:00,42,val,0.312,0.27214578
Merzenhausen,2022-09-27 15:00:00,42,val,0.312,0.27277878
Merzenhausen,2022-09-27 16:00:00,42,val,0.312,0.27293074
Merzenhausen,2022-09-27 17:00:00,42,val,0.3185,0.27261376
Merzenhausen,2022-09-27 18:00:00,42,val,0.312,0.27209836
Merzenhausen,2022-09-27 19:00:00,42,val,0.309,0.2712929
Merzenhausen,2022-09-27 20:00:00,42,val,0.31,0.2705206
Merzenhausen,2022-09-27 21:00:00,42,val,0.31,0.2710227
Merzenhausen,2022-09-27 22:00:00,42,val,0.3155,0.27091745
Merzenhausen,2022-09-27 23:00:00,42,val,0.312,0.27080023
Merzenhausen,2022-09-28 00:00:00,42,val,0.309,0.27061394
Merzenhausen,2022-09-28 01:00:00,42,val,0.309,0.2705904
Merzenhausen,2022-09-28 02:00:00,42,val,0.31,0.27056503
Merzenhausen,2022-09-28 03:00:00,42,val,0.31,0.2707086
Merzenhausen,2022-09-28 04:00:00,42,val,0.307,0.27100646
Merzenhausen,2022-09-28 05:00:00,42,val,0.307,0.27144116
Merzenhausen,2022-09-28 06:00:00,42,val,0.307,0.27213115
Merzenhausen,2022-09-28 07:00:00,42,val,0.308,0.2731086
Merzenhausen,2022-09-28 08:00:00,42,val,0.305,0.27437586
Merzenhausen,2022-09-28 09:00:00,42,val,0.305,0.2758974
Merzenhausen,2022-09-28 10:00:00,42,val,0.307,0.27764934
Merzenhausen,2022-09-28 11:00:00,42,val,0.305,0.27951205
Merzenhausen,2022-09-28 12:00:00,42,val,0.305,0.2812583
Merzenhausen,2022-09-28 13:00:00,42,val,0.306,0.28271228
Merzenhausen,2022-09-28 14:00:00,42,val,0.305,0.28376007
Merzenhausen,2022-09-28 15:00:00,42,val,0.305,0.28431228
Merzenhausen,2022-09-28 16:00:00,42,val,0.305,0.28470868
Merzenhausen,2022-09-28 17:00:00,42,val,0.305,0.28448546
Merzenhausen,2022-09-28 18:00:00,42,val,0.305,0.28377873
Merzenhausen,2022-09-28 19:00:00,42,val,0.305,0.28277797
Merzenhausen,2022-09-28 20:00:00,42,val,0.303,0.28169304
Merzenhausen,2022-09-28 21:00:00,42,val,0.305,0.28125143
Merzenhausen,2022-09-28 22:00:00,42,val,0.305,0.2803568
Merzenhausen,2022-09-28 23:00:00,42,val,0.307,0.27990633
Merzenhausen,2022-09-29 00:00:00,42,val,0.305,0.2793399
Merzenhausen,2022-09-29 01:00:00,42,val,0.305,0.27857327
Merzenhausen,2022-09-29 02:00:00,42,val,0.305,0.27784944
Merzenhausen,2022-09-29 03:00:00,42,val,0.305,0.27705175
Merzenhausen,2022-09-29 04:00:00,42,val,0.3005,0.27630216
Merzenhausen,2022-09-29 05:00:00,42,val,0.3015,0.2755916
Merzenhausen,2022-09-29 06:00:00,42,val,0.3,0.27513856
Merzenhausen,2022-09-29 07:00:00,42,val,0.333,0.275337
Merzenhausen,2022-09-29 08:00:00,42,val,0.3225,0.27631673
Merzenhausen,2022-09-29 09:00:00,42,val,0.333,0.27789593
Merzenhausen,2022-09-29 10:00:00,42,val,0.314,0.27959794
Merzenhausen,2022-09-29 11:00:00,42,val,0.314,0.28136927
Merzenhausen,2022-09-29 12:00:00,42,val,0.333,0.28274012
Merzenhausen,2022-09-29 13:00:00,42,val,0.316,0.2838498
Merzenhausen,2022-09-29 14:00:00,42,val,0.3185,0.28454643
Merzenhausen,2022-09-29 15:00:00,42,val,0.317,0.2848037
Merzenhausen,2022-09-29 16:00:00,42,val,0.317,0.28461123
Merzenhausen,2022-09-29 17:00:00,42,val,0.317,0.28422177
Merzenhausen,2022-09-29 18:00:00,42,val,0.314,0.28352425
Merzenhausen,2022-09-29 19:00:00,42,val,0.314,0.28257197
Merzenhausen,2022-09-29 20:00:00,42,val,0.314,0.2815238
Merzenhausen,2022-09-29 21:00:00,42,val,0.314,0.28048933
Merzenhausen,2022-09-29 22:00:00,42,val,0.314,0.2796505
Merzenhausen,2022-09-29 23:00:00,42,val,0.315,0.27885288
Merzenhausen,2022-09-30 00:00:00,42,val,0.312,0.2779679
Merzenhausen,2022-09-30 01:00:00,42,val,0.312,0.27698636
Merzenhausen,2022-09-30 02:00:00,42,val,0.312,0.27600765
Merzenhausen,2022-09-30 03:00:00,42,val,0.314,0.27512446
Merzenhausen,2022-09-30 04:00:00,42,val,0.313,0.27431595
Merzenhausen,2022-09-30 05:00:00,42,val,0.319,0.27357185
Merzenhausen,2022-09-30 06:00:00,42,val,0.313,0.27308017
Merzenhausen,2022-09-30 07:00:00,42,val,0.314,0.27324685
Merzenhausen,2022-09-30 08:00:00,42,val,0.312,0.2740869
Merzenhausen,2022-09-30 09:00:00,42,val,0.315,0.27537954
Merzenhausen,2022-09-30 10:00:00,42,val,0.315,0.2768738
Merzenhausen,2022-09-30 11:00:00,42,val,0.314,0.27824065
Merzenhausen,2022-09-30 12:00:00,42,val,0.317,0.27948615
Merzenhausen,2022-09-30 13:00:00,42,val,0.317,0.2804275
Merzenhausen,2022-09-30 14:00:00,42,val,0.315,0.28098726
Merzenhausen,2022-09-30 15:00:00,42,val,0.315,0.2811069
Merzenhausen,2022-09-30 16:00:00,42,val,0.315,0.28078252
Merzenhausen,2022-09-30 17:00:00,42,val,0.315,0.28011292
Merzenhausen,2022-09-30 18:00:00,42,val,0.315,0.27927238
Merzenhausen,2022-09-30 19:00:00,42,val,0.315,0.2783904
Merzenhausen,2022-09-30 20:00:00,42,val,0.315,0.27750486
Merzenhausen,2022-09-30 21:00:00,42,val,0.315,0.2768096
Merzenhausen,2022-09-30 22:00:00,42,val,0.314,0.27639014
Merzenhausen,2022-09-30 23:00:00,42,val,0.314,0.27632064
Merzenhausen,2022-10-01 00:00:00,42,val,0.315,0.27645934
Merzenhausen,2022-10-01 01:00:00,42,val,0.313,0.27695414
Merzenhausen,2022-10-01 02:00:00,42,val,0.313,0.27752233
Merzenhausen,2022-10-01 03:00:00,42,val,0.314,0.27851203
Merzenhausen,2022-10-01 04:00:00,42,val,0.312,0.27948943
Merzenhausen,2022-10-01 05:00:00,42,val,0.312,0.28013188
Merzenhausen,2022-10-01 06:00:00,42,val,0.312,0.28047425
Merzenhausen,2022-10-01 07:00:00,42,val,0.31,0.28171217
Merzenhausen,2022-10-01 08:00:00,42,val,0.31,0.28332654
Merzenhausen,2022-10-01 09:00:00,42,val,0.31,0.285502
Merzenhausen,2022-10-01 10:00:00,42,val,0.31,0.28753793
Merzenhausen,2022-10-01 11:00:00,42,val,0.312,0.28929856
Merzenhausen,2022-10-01 12:00:00,42,val,0.309,0.29126605
Merzenhausen,2022-10-01 13:00:00,42,val,0.309,0.29262483
Merzenhausen,2022-10-01 14:00:00,42,val,0.31,0.2934643
Merzenhausen,2022-10-01 15:00:00,42,val,0.31,0.29370028
Merzenhausen,2022-10-01 16:00:00,42,val,0.31,0.29330832
Merzenhausen,2022-10-01 17:00:00,42,val,0.31,0.29246116
Merzenhausen,2022-10-01 18:00:00,42,val,0.31,0.29123282
Merzenhausen,2022-10-01 19:00:00,42,val,0.312,0.28984135
Merzenhausen,2022-10-01 20:00:00,42,val,0.312,0.2884221
Merzenhausen,2022-10-01 21:00:00,42,val,0.31,0.28723425
Merzenhausen,2022-10-01 22:00:00,42,val,0.31,0.28631496
Merzenhausen,2022-10-01 23:00:00,42,val,0.31,0.2857807
Merzenhausen,2022-10-02 00:00:00,42,val,0.311,0.28550315
Merzenhausen,2022-10-02 01:00:00,42,val,0.309,0.28546837
Merzenhausen,2022-10-02 02:00:00,42,val,0.305,0.28560263
Merzenhausen,2022-10-02 03:00:00,42,val,0.309,0.28590423
Merzenhausen,2022-10-02 04:00:00,42,val,0.309,0.286664
Merzenhausen,2022-10-02 05:00:00,42,val,0.311,0.28753775
Merzenhausen,2022-10-02 06:00:00,42,val,0.313,0.2883647
Merzenhausen,2022-10-02 07:00:00,42,val,0.311,0.2890993
Merzenhausen,2022-10-02 08:00:00,42,val,0.313,0.2898314
Merzenhausen,2022-10-02 09:00:00,42,val,0.311,0.29065114
Merzenhausen,2022-10-02 10:00:00,42,val,0.306,0.29150093
Merzenhausen,2022-10-02 11:00:00,42,val,0.308,0.29231346
Merzenhausen,2022-10-02 12:00:00,42,val,0.305,0.2931191
Merzenhausen,2022-10-02 13:00:00,42,val,0.302,0.2936898
Merzenhausen,2022-10-02 14:00:00,42,val,0.301,0.29387403
Merzenhausen,2022-10-02 15:00:00,42,val,0.302,0.29361597
Merzenhausen,2022-10-02 16:00:00,42,val,0.304,0.29290247
Merzenhausen,2022-10-02 17:00:00,42,val,0.304,0.29177067
Merzenhausen,2022-10-02 18:00:00,42,val,0.3,0.29043332
Merzenhausen,2022-10-02 19:00:00,42,val,0.3,0.2890799
Merzenhausen,2022-10-02 20:00:00,42,val,0.299,0.28781182
Merzenhausen,2022-10-02 21:00:00,42,val,0.301,0.2866946
Merzenhausen,2022-10-02 22:00:00,42,val,0.299,0.28576148
Merzenhausen,2022-10-02 23:00:00,42,val,0.297,0.28496182
Merzenhausen,2022-10-03 00:00:00,42,val,0.296,0.28435674
Merzenhausen,2022-10-03 01:00:00,42,val,0.297,0.28378674
Merzenhausen,2022-10-03 02:00:00,42,val,0.303,0.28313723
Merzenhausen,2022-10-03 03:00:00,42,val,0.302,0.28265345
Merzenhausen,2022-10-03 04:00:00,42,val,0.303,0.2823441
Merzenhausen,2022-10-03 05:00:00,42,val,0.306,0.28222212
Merzenhausen,2022-10-03 06:00:00,42,val,0.306,0.28225014
Merzenhausen,2022-10-03 07:00:00,42,val,0.306,0.2825387
Merzenhausen,2022-10-03 08:00:00,42,val,0.306,0.28312784
Merzenhausen,2022-10-03 09:00:00,42,val,0.305,0.2839414
Merzenhausen,2022-10-03 10:00:00,42,val,0.305,0.28483176
Merzenhausen,2022-10-03 11:00:00,42,val,0.306,0.28586552
Merzenhausen,2022-10-03 12:00:00,42,val,0.306,0.2867589
Merzenhausen,2022-10-03 13:00:00,42,val,0.306,0.28737858
Merzenhausen,2022-10-03 14:00:00,42,val,0.307,0.28769743
Merzenhausen,2022-10-03 15:00:00,42,val,0.309,0.28762048
Merzenhausen,2022-10-03 16:00:00,42,val,0.308,0.28719035
Merzenhausen,2022-10-03 17:00:00,42,val,0.309,0.28644556
Merzenhausen,2022-10-03 18:00:00,42,val,0.308,0.28551403
Merzenhausen,2022-10-03 19:00:00,42,val,0.2975,0.28459108
Merzenhausen,2022-10-03 20:00:00,42,val,0.305,0.2837711
Merzenhausen,2022-10-03 21:00:00,42,val,0.304,0.28300086
Merzenhausen,2022-10-03 22:00:00,42,val,0.306,0.28230453
Merzenhausen,2022-10-03 23:00:00,42,val,0.304,0.28170526
Merzenhausen,2022-10-04 00:00:00,42,val,0.303,0.28124744
Merzenhausen,2022-10-04 01:00:00,42,val,0.298,0.28081185
Merzenhausen,2022-10-04 02:00:00,42,val,0.304,0.280247
Merzenhausen,2022-10-04 03:00:00,42,val,0.3,0.27973622
Merzenhausen,2022-10-04 04:00:00,42,val,0.303,0.27932173
Merzenhausen,2022-10-04 05:00:00,42,val,0.3,0.27911523
Merzenhausen,2022-10-04 06:00:00,42,val,0.3,0.2791787
Merzenhausen,2022-10-04 07:00:00,42,val,0.3,0.27954245
Merzenhausen,2022-10-04 08:00:00,42,val,0.298,0.28035563
Merzenhausen,2022-10-04 09:00:00,42,val,0.298,0.2816492
Merzenhausen,2022-10-04 10:00:00,42,val,0.296,0.2830041
Merzenhausen,2022-10-04 11:00:00,42,val,0.296,0.2843027
Merzenhausen,2022-10-04 12:00:00,42,val,0.296,0.2852608
Merzenhausen,2022-10-04 13:00:00,42,val,0.294,0.28573868
Merzenhausen,2022-10-04 14:00:00,42,val,0.294,0.2856709
Merzenhausen,2022-10-04 15:00:00,42,val,0.296,0.28517693
Merzenhausen,2022-10-04 16:00:00,42,val,0.296,0.28437543
Merzenhausen,2022-10-04 17:00:00,42,val,0.294,0.2833882
Merzenhausen,2022-10-04 18:00:00,42,val,0.293,0.2821367
Merzenhausen,2022-10-04 19:00:00,42,val,0.291,0.2808305
Merzenhausen,2022-10-04 20:00:00,42,val,0.291,0.2795763
Merzenhausen,2022-10-04 21:00:00,42,val,0.292,0.27847835
Merzenhausen,2022-10-04 22:00:00,42,val,0.292,0.27751514
Merzenhausen,2022-10-04 23:00:00,42,val,0.292,0.27668166
Merzenhausen,2022-10-05 00:00:00,42,val,0.295,0.27590492
Merzenhausen,2022-10-05 01:00:00,42,val,0.296,0.2754236
Merzenhausen,2022-10-05 02:00:00,42,val,0.294,0.27533042
Merzenhausen,2022-10-05 03:00:00,42,val,0.294,0.27555895
Merzenhausen,2022-10-05 04:00:00,42,val,0.294,0.2760225
Merzenhausen,2022-10-05 05:00:00,42,val,0.294,0.27671945
Merzenhausen,2022-10-05 06:00:00,42,val,0.297,0.27764916
Merzenhausen,2022-10-05 07:00:00,42,val,0.296,0.27880555
Merzenhausen,2022-10-05 08:00:00,42,val,0.296,0.2802332
Merzenhausen,2022-10-05 09:00:00,42,val,0.297,0.2816847
Merzenhausen,2022-10-05 10:00:00,42,val,0.297,0.28312582
Merzenhausen,2022-10-05 11:00:00,42,val,0.296,0.28454703
Merzenhausen,2022-10-05 12:00:00,42,val,0.296,0.28581563
Merzenhausen,2022-10-05 13:00:00,42,val,0.294,0.28679407
Merzenhausen,2022-10-05 14:00:00,42,val,0.294,0.2874202
Merzenhausen,2022-10-05 15:00:00,42,val,0.296,0.28767693
Merzenhausen,2022-10-05 16:00:00,42,val,0.296,0.28751004
Merzenhausen,2022-10-05 17:00:00,42,val,0.294,0.2870496
Merzenhausen,2022-10-05 18:00:00,42,val,0.294,0.28638998
Merzenhausen,2022-10-05 19:00:00,42,val,0.291,0.28530014
Merzenhausen,2022-10-05 20:00:00,42,val,0.294,0.28435367
Merzenhausen,2022-10-05 21:00:00,42,val,0.285,0.2836576
Merzenhausen,2022-10-05 22:00:00,42,val,0.291,0.28327662
Merzenhausen,2022-10-05 23:00:00,42,val,0.292,0.28316522
Merzenhausen,2022-10-06 00:00:00,42,val,0.293,0.28320327
Merzenhausen,2022-10-06 01:00:00,42,val,0.294,0.2830935
Merzenhausen,2022-10-06 02:00:00,42,val,0.291,0.28305724
Merzenhausen,2022-10-06 03:00:00,42,val,0.284,0.28300136
Merzenhausen,2022-10-06 04:00:00,42,val,0.284,0.28292072
Merzenhausen,2022-10-06 05:00:00,42,val,0.292,0.28267816
Merzenhausen,2022-10-06 06:00:00,42,val,0.291,0.28243318
Merzenhausen,2022-10-06 07:00:00,42,val,0.291,0.28238404
Merzenhausen,2022-10-06 08:00:00,42,val,0.291,0.28252655
Merzenhausen,2022-10-06 09:00:00,42,val,0.291,0.28279835
Merzenhausen,2022-10-06 10:00:00,42,val,0.294,0.2831231
Merzenhausen,2022-10-06 11:00:00,42,val,0.292,0.28345093
Merzenhausen,2022-10-06 12:00:00,42,val,0.292,0.28369528
Merzenhausen,2022-10-06 13:00:00,42,val,0.292,0.28372058
Merzenhausen,2022-10-06 14:00:00,42,val,0.294,0.283413
Merzenhausen,2022-10-06 15:00:00,42,val,0.291,0.282796
Merzenhausen,2022-10-06 16:00:00,42,val,0.292,0.28185102
Merzenhausen,2022-10-06 17:00:00,42,val,0.289,0.28055444
Merzenhausen,2022-10-06 18:00:00,42,val,0.289,0.27897447
Merzenhausen,2022-10-06 19:00:00,42,val,0.288,0.27718467
Merzenhausen,2022-10-06 20:00:00,42,val,0.289,0.27535346
Merzenhausen,2022-10-06 21:00:00,42,val,0.287,0.27360532
Merzenhausen,2022-10-06 22:00:00,42,val,0.289,0.271987
Merzenhausen,2022-10-06 23:00:00,42,val,0.289,0.27059042
Merzenhausen,2022-10-07 00:00:00,42,val,0.287,0.2694763
Merzenhausen,2022-10-07 01:00:00,42,val,0.287,0.2685242
Merzenhausen,2022-10-07 02:00:00,42,val,0.288,0.26773417
Merzenhausen,2022-10-07 03:00:00,42,val,0.287,0.26701584
Merzenhausen,2022-10-07 04:00:00,42,val,0.284,0.26650578
Merzenhausen,2022-10-07 05:00:00,42,val,0.285,0.26620027
Merzenhausen,2022-10-07 06:00:00,42,val,0.285,0.26619065
Merzenhausen,2022-10-07 07:00:00,42,val,0.282,0.26673505
Merzenhausen,2022-10-07 08:00:00,42,val,0.285,0.26805824
Merzenhausen,2022-10-07 09:00:00,42,val,0.285,0.2697621
Merzenhausen,2022-10-07 10:00:00,42,val,0.284,0.2716092
Merzenhausen,2022-10-07 11:00:00,42,val,0.284,0.27333033
Merzenhausen,2022-10-07 12:00:00,42,val,0.285,0.27488005
Merzenhausen,2022-10-07 13:00:00,42,val,0.285,0.27608025
Merzenhausen,2022-10-07 14:00:00,42,val,0.285,0.2768501
Merzenhausen,2022-10-07 15:00:00,42,val,0.285,0.27724624
Merzenhausen,2022-10-07 16:00:00,42,val,0.284,0.27722266
Merzenhausen,2022-10-07 17:00:00,42,val,0.284,0.27677974
Merzenhausen,2022-10-07 18:00:00,42,val,0.284,0.27603725
Merzenhausen,2022-10-07 19:00:00,42,val,0.282,0.2749501
Merzenhausen,2022-10-07 20:00:00,42,val,0.282,0.2738735
Merzenhausen,2022-10-07 21:00:00,42,val,0.284,0.27251884
Merzenhausen,2022-10-07 22:00:00,42,val,0.282,0.271264
Merzenhausen,2022-10-07 23:00:00,42,val,0.282,0.2702384
Merzenhausen,2022-10-08 00:00:00,42,val,0.282,0.26951444
Merzenhausen,2022-10-08 01:00:00,42,val,0.28,0.26903087
Merzenhausen,2022-10-08 02:00:00,42,val,0.28,0.2687359
Merzenhausen,2022-10-08 03:00:00,42,val,0.282,0.26851267
Merzenhausen,2022-10-08 04:00:00,42,val,0.28,0.26831773
Merzenhausen,2022-10-08 05:00:00,42,val,0.28,0.26851648
Merzenhausen,2022-10-08 06:00:00,42,val,0.28,0.26891676
Merzenhausen,2022-10-08 07:00:00,42,val,0.278,0.2695453
Merzenhausen,2022-10-08 08:00:00,42,val,0.278,0.2704303
Merzenhausen,2022-10-08 09:00:00,42,val,0.28,0.27144042
Merzenhausen,2022-10-08 10:00:00,42,val,0.28,0.27263948
Merzenhausen,2022-10-08 11:00:00,42,val,0.282,0.27391934
Merzenhausen,2022-10-08 12:00:00,42,val,0.28,0.27509835
Merzenhausen,2022-10-08 13:00:00,42,val,0.279,0.27605253
Merzenhausen,2022-10-08 14:00:00,42,val,0.279,0.27673498
Merzenhausen,2022-10-08 15:00:00,42,val,0.279,0.2769167
Merzenhausen,2022-10-08 16:00:00,42,val,0.279,0.2765712
Merzenhausen,2022-10-08 17:00:00,42,val,0.279,0.27567735
Merzenhausen,2022-10-08 18:00:00,42,val,0.28,0.27439255
Merzenhausen,2022-10-08 19:00:00,42,val,0.28,0.27284187
Merzenhausen,2022-10-08 20:00:00,42,val,0.277,0.27121603
Merzenhausen,2022-10-08 21:00:00,42,val,0.279,0.26956606
Merzenhausen,2022-10-08 22:00:00,42,val,0.28,0.26805186
Merzenhausen,2022-10-08 23:00:00,42,val,0.278,0.26669866
Merzenhausen,2022-10-09 00:00:00,42,val,0.275,0.26533815
Merzenhausen,2022-10-09 01:00:00,42,val,0.278,0.26400644
Merzenhausen,2022-10-09 02:00:00,42,val,0.275,0.2627256
Merzenhausen,2022-10-09 03:00:00,42,val,0.275,0.2614846
Merzenhausen,2022-10-09 04:00:00,42,val,0.278,0.26040035
Merzenhausen,2022-10-09 05:00:00,42,val,0.275,0.25955334
Merzenhausen,2022-10-09 06:00:00,42,val,0.276,0.25884673
Merzenhausen,2022-10-09 07:00:00,42,val,0.273,0.25868198
Merzenhausen,2022-10-09 08:00:00,42,val,0.273,0.25930765
Merzenhausen,2022-10-09 09:00:00,42,val,0.276,0.26044253
Merzenhausen,2022-10-09 10:00:00,42,val,0.275,0.26186907
Merzenhausen,2022-10-09 11:00:00,42,val,0.275,0.26338342
Merzenhausen,2022-10-09 12:00:00,42,val,0.274,0.26480553
Merzenhausen,2022-10-09 13:00:00,42,val,0.275,0.26596993
Merzenhausen,2022-10-09 14:00:00,42,val,0.277,0.2667778
Merzenhausen,2022-10-09 15:00:00,42,val,0.274,0.2671488
Merzenhausen,2022-10-09 16:00:00,42,val,0.274,0.26706523
Merzenhausen,2022-10-09 17:00:00,42,val,0.275,0.26660305
Merzenhausen,2022-10-09 18:00:00,42,val,0.275,0.26589102
Merzenhausen,2022-10-09 19:00:00,42,val,0.275,0.26495734
Merzenhausen,2022-10-09 20:00:00,42,val,0.273,0.2639395
Merzenhausen,2022-10-09 21:00:00,42,val,0.273,0.2630125
Merzenhausen,2022-10-09 22:00:00,42,val,0.277,0.26215646
Merzenhausen,2022-10-09 23:00:00,42,val,0.273,0.26133776
Merzenhausen,2022-10-10 00:00:00,42,val,0.275,0.26065463
Merzenhausen,2022-10-10 01:00:00,42,val,0.274,0.25995076
Merzenhausen,2022-10-10 02:00:00,42,val,0.273,0.25926533
Merzenhausen,2022-10-10 03:00:00,42,val,0.273,0.25870752
Merzenhausen,2022-10-10 04:00:00,42,val,0.273,0.25818786
Merzenhausen,2022-10-10 05:00:00,42,val,0.276,0.25780648
Merzenhausen,2022-10-10 06:00:00,42,val,0.273,0.2576294
Merzenhausen,2022-10-10 07:00:00,42,val,0.269,0.2580042
Merzenhausen,2022-10-10 08:00:00,42,val,0.269,0.258791
Merzenhausen,2022-10-10 09:00:00,42,val,0.269,0.26013774
Merzenhausen,2022-10-10 10:00:00,42,val,0.269,0.2615513
Merzenhausen,2022-10-10 11:00:00,42,val,0.268,0.26291415
Merzenhausen,2022-10-10 12:00:00,42,val,0.271,0.2640623
Merzenhausen,2022-10-10 13:00:00,42,val,0.27,0.26495287
Merzenhausen,2022-10-10 14:00:00,42,val,0.27,0.2655503
Merzenhausen,2022-10-10 15:00:00,42,val,0.272,0.26582018
Merzenhausen,2022-10-10 16:00:00,42,val,0.269,0.26568514
Merzenhausen,2022-10-10 17:00:00,42,val,0.27,0.2651625
Merzenhausen,2022-10-10 18:00:00,42,val,0.27,0.26438138
Merzenhausen,2022-10-10 19:00:00,42,val,0.271,0.26347795
Merzenhausen,2022-10-10 20:00:00,42,val,0.268,0.26246914
Merzenhausen,2022-10-10 21:00:00,42,val,0.268,0.26154217
Merzenhausen,2022-10-10 22:00:00,42,val,0.268,0.26072165
Merzenhausen,2022-10-10 23:00:00,42,val,0.271,0.25986686
Merzenhausen,2022-10-11 00:00:00,42,val,0.271,0.25895768
Merzenhausen,2022-10-11 01:00:00,42,val,0.266,0.25803965
Merzenhausen,2022-10-11 02:00:00,42,val,0.266,0.256961
Merzenhausen,2022-10-11 03:00:00,42,val,0.268,0.255974
Merzenhausen,2022-10-11 04:00:00,42,val,0.269,0.2551413
Merzenhausen,2022-10-11 05:00:00,42,val,0.269,0.2544
Merzenhausen,2022-10-11 06:00:00,42,val,0.269,0.25395668
Merzenhausen,2022-10-11 07:00:00,42,val,0.269,0.2539015
Merzenhausen,2022-10-11 08:00:00,42,val,0.269,0.25442788
Merzenhausen,2022-10-11 09:00:00,42,val,0.268,0.2555027
Merzenhausen,2022-10-11 10:00:00,42,val,0.268,0.25674298
Merzenhausen,2022-10-11 11:00:00,42,val,0.268,0.25791347
Merzenhausen,2022-10-11 12:00:00,42,val,0.266,0.25901827
Merzenhausen,2022-10-11 13:00:00,42,val,0.266,0.25993377
Merzenhausen,2022-10-11 14:00:00,42,val,0.268,0.26065263
Merzenhausen,2022-10-11 15:00:00,42,val,0.268,0.26096398
Merzenhausen,2022-10-11 16:00:00,42,val,0.268,0.26078308
Merzenhausen,2022-10-11 17:00:00,42,val,0.268,0.26019368
Merzenhausen,2022-10-11 18:00:00,42,val,0.268,0.25936246
Merzenhausen,2022-10-11 19:00:00,42,val,0.268,0.25835022
Merzenhausen,2022-10-11 20:00:00,42,val,0.268,0.25715625
Merzenhausen,2022-10-11 21:00:00,42,val,0.268,0.25590587
Merzenhausen,2022-10-11 22:00:00,42,val,0.268,0.2548104
Merzenhausen,2022-10-11 23:00:00,42,val,0.268,0.25373492
Merzenhausen,2022-10-12 00:00:00,42,val,0.268,0.25275803
Merzenhausen,2022-10-12 01:00:00,42,val,0.268,0.25177187
Merzenhausen,2022-10-12 02:00:00,42,val,0.265,0.25082955
Merzenhausen,2022-10-12 03:00:00,42,val,0.268,0.24998589
Merzenhausen,2022-10-12 04:00:00,42,val,0.268,0.24930425
Merzenhausen,2022-10-12 05:00:00,42,val,0.266,0.24890319
Merzenhausen,2022-10-12 06:00:00,42,val,0.268,0.24877882
Merzenhausen,2022-10-12 07:00:00,42,val,0.265,0.24895105
Merzenhausen,2022-10-12 08:00:00,42,val,0.268,0.24957818
Merzenhausen,2022-10-12 09:00:00,42,val,0.256,0.25056985
Merzenhausen,2022-10-12 10:00:00,42,val,0.268,0.2517589
Merzenhausen,2022-10-12 11:00:00,42,val,0.267,0.25293684
Merzenhausen,2022-10-12 12:00:00,42,val,0.268,0.2539988
Merzenhausen,2022-10-12 13:00:00,42,val,0.262,0.25486982
Merzenhausen,2022-10-12 14:00:00,42,val,0.27,0.25547338
Merzenhausen,2022-10-12 15:00:00,42,val,0.27,0.2558004
Merzenhausen,2022-10-12 16:00:00,42,val,0.269,0.2556973
Merzenhausen,2022-10-12 17:00:00,42,val,0.27,0.2552734
Merzenhausen,2022-10-12 18:00:00,42,val,0.27,0.25460252
Merzenhausen,2022-10-12 19:00:00,42,val,0.267,0.2538298
Merzenhausen,2022-10-12 20:00:00,42,val,0.267,0.25287655
Merzenhausen,2022-10-12 21:00:00,42,val,0.267,0.2518823
Merzenhausen,2022-10-12 22:00:00,42,val,0.268,0.25093442
Merzenhausen,2022-10-12 23:00:00,42,val,0.268,0.25028417
Merzenhausen,2022-10-13 00:00:00,42,val,0.268,0.2500416
Merzenhausen,2022-10-13 01:00:00,42,val,0.268,0.24994561
Merzenhausen,2022-10-13 02:00:00,42,val,0.268,0.25001818
Merzenhausen,2022-10-13 03:00:00,42,val,0.268,0.2503817
Merzenhausen,2022-10-13 04:00:00,42,val,0.268,0.25100043
Merzenhausen,2022-10-13 05:00:00,42,val,0.268,0.25182137
Merzenhausen,2022-10-13 06:00:00,42,val,0.265,0.25275642
Merzenhausen,2022-10-13 07:00:00,42,val,0.265,0.2538523
Merzenhausen,2022-10-13 08:00:00,42,val,0.265,0.25504792
Merzenhausen,2022-10-13 09:00:00,42,val,0.265,0.2562234
Merzenhausen,2022-10-13 10:00:00,42,val,0.268,0.25722194
Merzenhausen,2022-10-13 11:00:00,42,val,0.267,0.25813025
Merzenhausen,2022-10-13 12:00:00,42,val,0.267,0.25895187
Merzenhausen,2022-10-13 13:00:00,42,val,0.269,0.25957614
Merzenhausen,2022-10-13 14:00:00,42,val,0.269,0.26020455
Merzenhausen,2022-10-13 15:00:00,42,val,0.257,0.26032567
Merzenhausen,2022-10-13 16:00:00,42,val,0.272,0.2598441
Merzenhausen,2022-10-13 17:00:00,42,val,0.263,0.25882193
Merzenhausen,2022-10-13 18:00:00,42,val,0.2625,0.2573766
Merzenhausen,2022-10-13 19:00:00,42,val,0.278,0.25572228
Merzenhausen,2022-10-13 20:00:00,42,val,0.264,0.25406587
Merzenhausen,2022-10-13 21:00:00,42,val,0.277,0.25263715
Merzenhausen,2022-10-13 22:00:00,42,val,0.2625,0.2515556
Merzenhausen,2022-10-13 23:00:00,42,val,0.277,0.25088748
Merzenhausen,2022-10-14 00:00:00,42,val,0.277,0.25065938
Merzenhausen,2022-10-14 01:00:00,42,val,0.278,0.25081915
Merzenhausen,2022-10-14 02:00:00,42,val,0.278,0.25123572
Merzenhausen,2022-10-14 03:00:00,42,val,0.278,0.2519105
Merzenhausen,2022-10-14 04:00:00,42,val,0.278,0.2527855
Merzenhausen,2022-10-14 05:00:00,42,val,0.278,0.253718
Merzenhausen,2022-10-14 06:00:00,42,val,0.277,0.25475186
Merzenhausen,2022-10-14 07:00:00,42,val,0.277,0.25567108
Merzenhausen,2022-10-14 08:00:00,42,val,0.277,0.25662202
Merzenhausen,2022-10-14 09:00:00,42,val,0.277,0.25706244
Merzenhausen,2022-10-14 10:00:00,42,val,0.278,0.25761282
Merzenhausen,2022-10-14 11:00:00,42,val,0.278,0.25825536
Merzenhausen,2022-10-14 12:00:00,42,val,0.278,0.25903875
Merzenhausen,2022-10-14 13:00:00,42,val,0.278,0.2595809
Merzenhausen,2022-10-14 14:00:00,42,val,0.275,0.26003277
Merzenhausen,2022-10-14 15:00:00,42,val,0.275,0.26021135
Merzenhausen,2022-10-14 16:00:00,42,val,0.262,0.25988933
Merzenhausen,2022-10-14 17:00:00,42,val,0.278,0.2591415
Merzenhausen,2022-10-14 18:00:00,42,val,0.277,0.2580413
Merzenhausen,2022-10-14 19:00:00,42,val,0.278,0.25662625
Merzenhausen,2022-10-14 20:00:00,42,val,0.277,0.25513062
Merzenhausen,2022-10-14 21:00:00,42,val,0.278,0.25378653
Merzenhausen,2022-10-14 22:00:00,42,val,0.278,0.2527818
Merzenhausen,2022-10-14 23:00:00,42,val,0.275,0.25215352
Merzenhausen,2022-10-15 00:00:00,42,val,0.275,0.25197423
Merzenhausen,2022-10-15 01:00:00,42,val,0.277,0.25203335
Merzenhausen,2022-10-15 02:00:00,42,val,0.275,0.25246572
Merzenhausen,2022-10-15 03:00:00,42,val,0.275,0.25316313
Merzenhausen,2022-10-15 04:00:00,42,val,0.276,0.2540203
Merzenhausen,2022-10-15 05:00:00,42,val,0.275,0.25494224
Merzenhausen,2022-10-15 06:00:00,42,val,0.276,0.25573355
Merzenhausen,2022-10-15 07:00:00,42,val,0.275,0.25653026
Merzenhausen,2022-10-15 08:00:00,42,val,0.276,0.25724697
Merzenhausen,2022-10-15 09:00:00,42,val,0.277,0.25794548
Merzenhausen,2022-10-15 10:00:00,42,val,0.277,0.25874665
Merzenhausen,2022-10-15 11:00:00,42,val,0.277,0.25958723
Merzenhausen,2022-10-15 12:00:00,42,val,0.275,0.2603254
Merzenhausen,2022-10-15 13:00:00,42,val,0.2765,0.26104087
Merzenhausen,2022-10-15 14:00:00,42,val,0.275,0.26154438
Merzenhausen,2022-10-15 15:00:00,42,val,0.275,0.26336816
Merzenhausen,2022-10-15 16:00:00,42,val,0.277,0.26455918
Merzenhausen,2022-10-15 17:00:00,42,val,0.275,0.26435667
Merzenhausen,2022-10-15 18:00:00,42,val,0.277,0.2630382
Merzenhausen,2022-10-15 19:00:00,42,val,0.277,0.26166898
Merzenhausen,2022-10-15 20:00:00,42,val,0.277,0.2598744
Merzenhausen,2022-10-15 21:00:00,42,val,0.275,0.25848347
Merzenhausen,2022-10-15 22:00:00,42,val,0.277,0.25690132
Merzenhausen,2022-10-15 23:00:00,42,val,0.277,0.25606158
Merzenhausen,2022-10-16 00:00:00,42,val,0.274,0.25587937
Merzenhausen,2022-10-16 01:00:00,42,val,0.277,0.2562132
Merzenhausen,2022-10-16 02:00:00,42,val,0.277,0.2570124
Merzenhausen,2022-10-16 03:00:00,42,val,0.277,0.25796974
Merzenhausen,2022-10-16 04:00:00,42,val,0.277,0.25903165
Merzenhausen,2022-10-16 05:00:00,42,val,0.281,0.26018253
Merzenhausen,2022-10-16 06:00:00,42,val,0.283,0.26121157
Merzenhausen,2022-10-16 07:00:00,42,val,0.285,0.2623651
Merzenhausen,2022-10-16 08:00:00,42,val,0.286,0.26363146
Merzenhausen,2022-10-16 09:00:00,42,val,0.287,0.26488918
Merzenhausen,2022-10-16 10:00:00,42,val,0.292,0.26609457
Merzenhausen,2022-10-16 11:00:00,42,val,0.292,0.26726118
Merzenhausen,2022-10-16 12:00:00,42,val,0.292,0.26833448
Merzenhausen,2022-10-16 13:00:00,42,val,0.294,0.26925126
Merzenhausen,2022-10-16 14:00:00,42,val,0.294,0.26970837
Merzenhausen,2022-10-16 15:00:00,42,val,0.297,0.2696655
Merzenhausen,2022-10-16 16:00:00,42,val,0.294,0.2685595
Merzenhausen,2022-10-16 17:00:00,42,val,0.293,0.26730788
Merzenhausen,2022-10-16 18:00:00,42,val,0.295,0.2659092
Merzenhausen,2022-10-16 19:00:00,42,val,0.295,0.2645408
Merzenhausen,2022-10-16 20:00:00,42,val,0.295,0.2632851
Merzenhausen,2022-10-16 21:00:00,42,val,0.295,0.26229572
Merzenhausen,2022-10-16 22:00:00,42,val,0.295,0.26167285
Merzenhausen,2022-10-16 23:00:00,42,val,0.295,0.26132244
Merzenhausen,2022-10-17 00:00:00,42,val,0.293,0.26128882
Merzenhausen,2022-10-17 01:00:00,42,val,0.3065,0.26155326
Merzenhausen,2022-10-17 02:00:00,42,val,0.297,0.2620362
Merzenhausen,2022-10-17 03:00:00,42,val,0.3055,0.26262602
Merzenhausen,2022-10-17 04:00:00,42,val,0.2935,0.26358858
Merzenhausen,2022-10-17 05:00:00,42,val,0.296,0.26471123
Merzenhausen,2022-10-17 06:00:00,42,val,0.296,0.26580897
Merzenhausen,2022-10-17 07:00:00,42,val,0.3035,0.26687235
Merzenhausen,2022-10-17 08:00:00,42,val,0.2905,0.26789725
Merzenhausen,2022-10-17 09:00:00,42,val,0.304,0.26885727
Merzenhausen,2022-10-17 10:00:00,42,val,0.297,0.2697611
Merzenhausen,2022-10-17 11:00:00,42,val,0.304,0.27066013
Merzenhausen,2022-10-17 12:00:00,42,val,0.297,0.27147907
Merzenhausen,2022-10-17 13:00:00,42,val,0.304,0.2721709
Merzenhausen,2022-10-17 14:00:00,42,val,0.297,0.27254504
Merzenhausen,2022-10-17 15:00:00,42,val,0.297,0.27250308
Merzenhausen,2022-10-17 16:00:00,42,val,0.304,0.27247864
Merzenhausen,2022-10-17 17:00:00,42,val,0.297,0.2721078
Merzenhausen,2022-10-17 18:00:00,42,val,0.297,0.27119005
Merzenhausen,2022-10-17 19:00:00,42,val,0.297,0.27000633
Merzenhausen,2022-10-17 20:00:00,42,val,0.297,0.26890075
Merzenhausen,2022-10-17 21:00:00,42,val,0.297,0.26778686
Merzenhausen,2022-10-17 22:00:00,42,val,0.297,0.26672038
Merzenhausen,2022-10-17 23:00:00,42,val,0.297,0.2658585
Merzenhausen,2022-10-18 00:00:00,42,val,0.295,0.26518974
Merzenhausen,2022-10-18 01:00:00,42,val,0.297,0.26490098
Merzenhausen,2022-10-18 02:00:00,42,val,0.297,0.26523662
Merzenhausen,2022-10-18 03:00:00,42,val,0.295,0.2666021
Merzenhausen,2022-10-18 04:00:00,42,val,0.295,0.26767898
Merzenhausen,2022-10-18 05:00:00,42,val,0.295,0.26858315
Merzenhausen,2022-10-18 06:00:00,42,val,0.302,0.26939303
Merzenhausen,2022-10-18 07:00:00,42,val,0.295,0.2702649
Merzenhausen,2022-10-18 08:00:00,42,val,0.295,0.2712224
Merzenhausen,2022-10-18 09:00:00,42,val,0.295,0.2722726
Merzenhausen,2022-10-18 10:00:00,42,val,0.295,0.27362117
Merzenhausen,2022-10-18 11:00:00,42,val,0.295,0.27513614
Merzenhausen,2022-10-18 12:00:00,42,val,0.295,0.27672243
Merzenhausen,2022-10-18 13:00:00,42,val,0.295,0.2783219
Merzenhausen,2022-10-18 14:00:00,42,val,0.3015,0.2796379
Merzenhausen,2022-10-18 15:00:00,42,val,0.295,0.2805478
Merzenhausen,2022-10-18 16:00:00,42,val,0.295,0.2807997
Merzenhausen,2022-10-18 17:00:00,42,val,0.295,0.28037035
Merzenhausen,2022-10-18 18:00:00,42,val,0.295,0.2795029
Merzenhausen,2022-10-18 19:00:00,42,val,0.295,0.27835184
Merzenhausen,2022-10-18 20:00:00,42,val,0.295,0.27708715
Merzenhausen,2022-10-18 21:00:00,42,val,0.295,0.27576375
Merzenhausen,2022-10-18 22:00:00,42,val,0.295,0.27449268
Merzenhausen,2022-10-18 23:00:00,42,val,0.294,0.27326572
Merzenhausen,2022-10-19 00:00:00,42,val,0.2905,0.27211735
Merzenhausen,2022-10-19 01:00:00,42,val,0.284,0.2715492
Merzenhausen,2022-10-19 02:00:00,42,val,0.294,0.27111846
Merzenhausen,2022-10-19 03:00:00,42,val,0.2905,0.27084324
Merzenhausen,2022-10-19 04:00:00,42,val,0.297,0.27042988
Merzenhausen,2022-10-19 05:00:00,42,val,0.297,0.27003533
Merzenhausen,2022-10-19 06:00:00,42,val,0.297,0.26964158
Merzenhausen,2022-10-19 07:00:00,42,val,0.296,0.26987723
Merzenhausen,2022-10-19 08:00:00,42,val,0.297,0.27022365
Merzenhausen,2022-10-19 09:00:00,42,val,0.3035,0.2711343
Merzenhausen,2022-10-19 10:00:00,42,val,0.2825,0.27222952
Merzenhausen,2022-10-19 11:00:00,42,val,0.295,0.27367723
Merzenhausen,2022-10-19 12:00:00,42,val,0.297,0.27516878
Merzenhausen,2022-10-19 13:00:00,42,val,0.305,0.2767114
Merzenhausen,2022-10-19 14:00:00,42,val,0.297,0.2777748
Merzenhausen,2022-10-19 15:00:00,42,val,0.295,0.27830166
Merzenhausen,2022-10-19 16:00:00,42,val,0.295,0.27850306
Merzenhausen,2022-10-19 17:00:00,42,val,0.284,0.27815157
Merzenhausen,2022-10-19 18:00:00,42,val,0.297,0.27741125
Merzenhausen,2022-10-19 19:00:00,42,val,0.296,0.27647376
Merzenhausen,2022-10-19 20:00:00,42,val,0.296,0.27555498
Merzenhausen,2022-10-19 21:00:00,42,val,0.295,0.2747687
Merzenhausen,2022-10-19 22:00:00,42,val,0.294,0.27416834
Merzenhausen,2022-10-19 23:00:00,42,val,0.2915,0.2737928
Merzenhausen,2022-10-20 00:00:00,42,val,0.295,0.27358076
Merzenhausen,2022-10-20 01:00:00,42,val,0.297,0.27358094
Merzenhausen,2022-10-20 02:00:00,42,val,0.296,0.27376166
Merzenhausen,2022-10-20 03:00:00,42,val,0.296,0.2740112
Merzenhausen,2022-10-20 04:00:00,42,val,0.299,0.27428982
Merzenhausen,2022-10-20 05:00:00,42,val,0.296,0.2746216
Merzenhausen,2022-10-20 06:00:00,42,val,0.296,0.27523595
Merzenhausen,2022-10-20 07:00:00,42,val,0.296,0.27588218
Merzenhausen,2022-10-20 08:00:00,42,val,0.296,0.2765988
Merzenhausen,2022-10-20 09:00:00,42,val,0.296,0.27737582
Merzenhausen,2022-10-20 10:00:00,42,val,0.296,0.27817088
Merzenhausen,2022-10-20 11:00:00,42,val,0.296,0.2792781
Merzenhausen,2022-10-20 12:00:00,42,val,0.297,0.28050503
Merzenhausen,2022-10-20 13:00:00,42,val,0.297,0.28137904
Merzenhausen,2022-10-20 14:00:00,42,val,0.297,0.28201592
Merzenhausen,2022-10-20 15:00:00,42,val,0.297,0.28200832
Merzenhausen,2022-10-20 16:00:00,42,val,0.297,0.2813893
Merzenhausen,2022-10-20 17:00:00,42,val,0.297,0.28027785
Merzenhausen,2022-10-20 18:00:00,42,val,0.297,0.27888528
Merzenhausen,2022-10-20 19:00:00,42,val,0.297,0.27741897
Merzenhausen,2022-10-20 20:00:00,42,val,0.297,0.27607426
Merzenhausen,2022-10-20 21:00:00,42,val,0.297,0.275018
Merzenhausen,2022-10-20 22:00:00,42,val,0.297,0.27436805
Merzenhausen,2022-10-20 23:00:00,42,val,0.297,0.2746238
Merzenhausen,2022-10-21 00:00:00,42,val,0.294,0.274875
Merzenhausen,2022-10-21 01:00:00,42,val,0.294,0.27481863
Merzenhausen,2022-10-21 02:00:00,42,val,0.294,0.2748974
Merzenhausen,2022-10-21 03:00:00,42,val,0.295,0.27523342
Merzenhausen,2022-10-21 04:00:00,42,val,0.295,0.27565762
Merzenhausen,2022-10-21 05:00:00,42,val,0.295,0.27638993
Merzenhausen,2022-10-21 06:00:00,42,val,0.295,0.27710065
Merzenhausen,2022-10-21 07:00:00,42,val,0.295,0.27808243
Merzenhausen,2022-10-21 08:00:00,42,val,0.293,0.2792458
Merzenhausen,2022-10-21 09:00:00,42,val,0.295,0.2805975
Merzenhausen,2022-10-21 10:00:00,42,val,0.293,0.2813866
Merzenhausen,2022-10-21 11:00:00,42,val,0.294,0.28219497
Merzenhausen,2022-10-21 12:00:00,42,val,0.298,0.28314066
Merzenhausen,2022-10-21 13:00:00,42,val,0.293,0.28420344
Merzenhausen,2022-10-21 14:00:00,42,val,0.295,0.28485954
Merzenhausen,2022-10-21 15:00:00,42,val,0.293,0.284969
Merzenhausen,2022-10-21 16:00:00,42,val,0.293,0.2845328
Merzenhausen,2022-10-21 17:00:00,42,val,0.293,0.28318402
Merzenhausen,2022-10-21 18:00:00,42,val,0.293,0.2817137
Merzenhausen,2022-10-21 19:00:00,42,val,0.293,0.28023028
Merzenhausen,2022-10-21 20:00:00,42,val,0.293,0.278872
Merzenhausen,2022-10-21 21:00:00,42,val,0.293,0.27772737
Merzenhausen,2022-10-21 22:00:00,42,val,0.293,0.27677664
Merzenhausen,2022-10-21 23:00:00,42,val,0.293,0.27601585
Merzenhausen,2022-10-22 00:00:00,42,val,0.295,0.275553
Merzenhausen,2022-10-22 01:00:00,42,val,0.29,0.27543983
Merzenhausen,2022-10-22 02:00:00,42,val,0.29,0.27547738
Merzenhausen,2022-10-22 03:00:00,42,val,0.293,0.27554843
Merzenhausen,2022-10-22 04:00:00,42,val,0.292,0.27597085
Merzenhausen,2022-10-22 05:00:00,42,val,0.292,0.27661565
Merzenhausen,2022-10-22 06:00:00,42,val,0.292,0.27724326
Merzenhausen,2022-10-22 07:00:00,42,val,0.292,0.27802354
Merzenhausen,2022-10-22 08:00:00,42,val,0.292,0.27892953
Merzenhausen,2022-10-22 09:00:00,42,val,0.292,0.2798472
Merzenhausen,2022-10-22 10:00:00,42,val,0.29,0.28077838
Merzenhausen,2022-10-22 11:00:00,42,val,0.29,0.2817039
Merzenhausen,2022-10-22 12:00:00,42,val,0.292,0.2826501
Merzenhausen,2022-10-22 13:00:00,42,val,0.292,0.28345585
Merzenhausen,2022-10-22 14:00:00,42,val,0.292,0.28397763
Merzenhausen,2022-10-22 15:00:00,42,val,0.289,0.28406626
Merzenhausen,2022-10-22 16:00:00,42,val,0.289,0.2836595
Merzenhausen,2022-10-22 17:00:00,42,val,0.289,0.28281966
Merzenhausen,2022-10-22 18:00:00,42,val,0.29,0.28169692
Merzenhausen,2022-10-22 19:00:00,42,val,0.29,0.28045854
Merzenhausen,2022-10-22 20:00:00,42,val,0.29,0.27923337
Merzenhausen,2022-10-22 21:00:00,42,val,0.29,0.27820295
Merzenhausen,2022-10-22 22:00:00,42,val,0.29,0.27739832
Merzenhausen,2022-10-22 23:00:00,42,val,0.29,0.27684742
Merzenhausen,2022-10-23 00:00:00,42,val,0.29,0.27634883
Merzenhausen,2022-10-23 01:00:00,42,val,0.29,0.27588323
Merzenhausen,2022-10-23 02:00:00,42,val,0.29,0.2756679
Merzenhausen,2022-10-23 03:00:00,42,val,0.29,0.2757321
Merzenhausen,2022-10-23 04:00:00,42,val,0.29,0.27600002
Merzenhausen,2022-10-23 05:00:00,42,val,0.29,0.27634272
Merzenhausen,2022-10-23 06:00:00,42,val,0.29,0.27682626
Merzenhausen,2022-10-23 07:00:00,42,val,0.29,0.27736267
Merzenhausen,2022-10-23 08:00:00,42,val,0.288,0.27797744
Merzenhausen,2022-10-23 09:00:00,42,val,0.288,0.27877265
Merzenhausen,2022-10-23 10:00:00,42,val,0.288,0.27952424
Merzenhausen,2022-10-23 11:00:00,42,val,0.288,0.28030986
Merzenhausen,2022-10-23 12:00:00,42,val,0.288,0.28129303
Merzenhausen,2022-10-23 13:00:00,42,val,0.288,0.2820392
Merzenhausen,2022-10-23 14:00:00,42,val,0.288,0.2825201
Merzenhausen,2022-10-23 15:00:00,42,val,0.288,0.2825465
Merzenhausen,2022-10-23 16:00:00,42,val,0.288,0.2821987
Merzenhausen,2022-10-23 17:00:00,42,val,0.288,0.2816235
Merzenhausen,2022-10-23 18:00:00,42,val,0.288,0.28071487
Merzenhausen,2022-10-23 19:00:00,42,val,0.288,0.27963078
Merzenhausen,2022-10-23 20:00:00,42,val,0.286,0.27861756
Merzenhausen,2022-10-23 21:00:00,42,val,0.286,0.27785188
Merzenhausen,2022-10-23 22:00:00,42,val,0.286,0.27738327
Merzenhausen,2022-10-23 23:00:00,42,val,0.286,0.2772057
Merzenhausen,2022-10-24 00:00:00,42,val,0.286,0.27742946
Merzenhausen,2022-10-24 01:00:00,42,val,0.288,0.2779208
Merzenhausen,2022-10-24 02:00:00,42,val,0.287,0.27851498
Merzenhausen,2022-10-24 03:00:00,42,val,0.286,0.27922693
Merzenhausen,2022-10-24 04:00:00,42,val,0.286,0.27996653
Merzenhausen,2022-10-24 05:00:00,42,val,0.286,0.28063634
Merzenhausen,2022-10-24 06:00:00,42,val,0.286,0.28126186
Merzenhausen,2022-10-24 07:00:00,42,val,0.286,0.2818823
Merzenhausen,2022-10-24 08:00:00,42,val,0.286,0.28248584
Merzenhausen,2022-10-24 09:00:00,42,val,0.286,0.2830607
Merzenhausen,2022-10-24 10:00:00,42,val,0.288,0.28352535
Merzenhausen,2022-10-24 11:00:00,42,val,0.285,0.2840116
Merzenhausen,2022-10-24 12:00:00,42,val,0.285,0.28446752
Merzenhausen,2022-10-24 13:00:00,42,val,0.286,0.28485036
Merzenhausen,2022-10-24 14:00:00,42,val,0.286,0.2849822
Merzenhausen,2022-10-24 15:00:00,42,val,0.286,0.28458002
Merzenhausen,2022-10-24 16:00:00,42,val,0.286,0.28363204
Merzenhausen,2022-10-24 17:00:00,42,val,0.286,0.28221574
Merzenhausen,2022-10-24 18:00:00,42,val,0.286,0.28049347
Merzenhausen,2022-10-24 19:00:00,42,val,0.283,0.2786857
Merzenhausen,2022-10-24 20:00:00,42,val,0.283,0.27700293
Merzenhausen,2022-10-24 21:00:00,42,val,0.284,0.27563223
Merzenhausen,2022-10-24 22:00:00,42,val,0.284,0.27465007
Merzenhausen,2022-10-24 23:00:00,42,val,0.284,0.27406183
Merzenhausen,2022-10-25 00:00:00,42,val,0.284,0.27384663
Merzenhausen,2022-10-25 01:00:00,42,val,0.284,0.27390808
Merzenhausen,2022-10-25 02:00:00,42,val,0.284,0.27414924
Merzenhausen,2022-10-25 03:00:00,42,val,0.286,0.2746222
Merzenhausen,2022-10-25 04:00:00,42,val,0.283,0.27538353
Merzenhausen,2022-10-25 05:00:00,42,val,0.281,0.27605745
Merzenhausen,2022-10-25 06:00:00,42,val,0.283,0.27666456
Merzenhausen,2022-10-25 07:00:00,42,val,0.284,0.2772367
Merzenhausen,2022-10-25 08:00:00,42,val,0.284,0.2777866
Merzenhausen,2022-10-25 09:00:00,42,val,0.281,0.27832025
Merzenhausen,2022-10-25 10:00:00,42,val,0.283,0.27881256
Merzenhausen,2022-10-25 11:00:00,42,val,0.284,0.27935588
Merzenhausen,2022-10-25 12:00:00,42,val,0.281,0.27984127
Merzenhausen,2022-10-25 13:00:00,42,val,0.281,0.28022388
Merzenhausen,2022-10-25 14:00:00,42,val,0.281,0.28032053
Merzenhausen,2022-10-25 15:00:00,42,val,0.281,0.280016
Merzenhausen,2022-10-25 16:00:00,42,val,0.281,0.27926043
Merzenhausen,2022-10-25 17:00:00,42,val,0.281,0.2780581
Merzenhausen,2022-10-25 18:00:00,42,val,0.281,0.27654713
Merzenhausen,2022-10-25 19:00:00,42,val,0.281,0.2748762
Merzenhausen,2022-10-25 20:00:00,42,val,0.281,0.2730942
Merzenhausen,2022-10-25 21:00:00,42,val,0.281,0.27137947
Merzenhausen,2022-10-25 22:00:00,42,val,0.281,0.26992324
Merzenhausen,2022-10-25 23:00:00,42,val,0.281,0.26875937
Merzenhausen,2022-10-26 00:00:00,42,val,0.281,0.2679604
Merzenhausen,2022-10-26 01:00:00,42,val,0.281,0.26758054
Merzenhausen,2022-10-26 02:00:00,42,val,0.281,0.2675275
Merzenhausen,2022-10-26 03:00:00,42,val,0.281,0.26773524
Merzenhausen,2022-10-26 04:00:00,42,val,0.281,0.26813453
Merzenhausen,2022-10-26 05:00:00,42,val,0.281,0.26876038
Merzenhausen,2022-10-26 06:00:00,42,val,0.281,0.26953498
Merzenhausen,2022-10-26 07:00:00,42,val,0.281,0.27031007
Merzenhausen,2022-10-26 08:00:00,42,val,0.278,0.27123916
Merzenhausen,2022-10-26 09:00:00,42,val,0.279,0.27232653
Merzenhausen,2022-10-26 10:00:00,42,val,0.279,0.27353305
Merzenhausen,2022-10-26 11:00:00,42,val,0.277,0.27463597
Merzenhausen,2022-10-26 12:00:00,42,val,0.277,0.27565312
Merzenhausen,2022-10-26 13:00:00,42,val,0.277,0.27657527
Merzenhausen,2022-10-26 14:00:00,42,val,0.275,0.2772671
Merzenhausen,2022-10-26 15:00:00,42,val,0.275,0.27758363
Merzenhausen,2022-10-26 16:00:00,42,val,0.275,0.27749795
Merzenhausen,2022-10-26 17:00:00,42,val,0.275,0.27696377
Merzenhausen,2022-10-26 18:00:00,42,val,0.275,0.27607054
Merzenhausen,2022-10-26 19:00:00,42,val,0.275,0.27482533
Merzenhausen,2022-10-26 20:00:00,42,val,0.275,0.2733966
Merzenhausen,2022-10-26 21:00:00,42,val,0.275,0.2720759
Merzenhausen,2022-10-26 22:00:00,42,val,0.275,0.27093622
Merzenhausen,2022-10-26 23:00:00,42,val,0.277,0.2700052
Merzenhausen,2022-10-27 00:00:00,42,val,0.277,0.26930302
Merzenhausen,2022-10-27 01:00:00,42,val,0.275,0.26886612
Merzenhausen,2022-10-27 02:00:00,42,val,0.277,0.26848045
Merzenhausen,2022-10-27 03:00:00,42,val,0.277,0.26829222
Merzenhausen,2022-10-27 04:00:00,42,val,0.277,0.2682575
Merzenhausen,2022-10-27 05:00:00,42,val,0.277,0.26824394
Merzenhausen,2022-10-27 06:00:00,42,val,0.277,0.26830673
Merzenhausen,2022-10-27 07:00:00,42,val,0.275,0.26867008
Merzenhausen,2022-10-27 08:00:00,42,val,0.276,0.26929164
Merzenhausen,2022-10-27 09:00:00,42,val,0.276,0.269993
Merzenhausen,2022-10-27 10:00:00,42,val,0.277,0.27077052
Merzenhausen,2022-10-27 11:00:00,42,val,0.277,0.27166814
Merzenhausen,2022-10-27 12:00:00,42,val,0.274,0.2724687
Merzenhausen,2022-10-27 13:00:00,42,val,0.274,0.273097
Merzenhausen,2022-10-27 14:00:00,42,val,0.274,0.27353212
Merzenhausen,2022-10-27 15:00:00,42,val,0.275,0.27364612
Merzenhausen,2022-10-27 16:00:00,42,val,0.275,0.2733825
Merzenhausen,2022-10-27 17:00:00,42,val,0.275,0.272754
Merzenhausen,2022-10-27 18:00:00,42,val,0.274,0.27181718
Merzenhausen,2022-10-27 19:00:00,42,val,0.275,0.2707357
Merzenhausen,2022-10-27 20:00:00,42,val,0.275,0.26976228
Merzenhausen,2022-10-27 21:00:00,42,val,0.275,0.26909018
Merzenhausen,2022-10-27 22:00:00,42,val,0.272,0.2687794
Merzenhausen,2022-10-27 23:00:00,42,val,0.273,0.26882613
Merzenhausen,2022-10-28 00:00:00,42,val,0.274,0.2692138
Merzenhausen,2022-10-28 01:00:00,42,val,0.273,0.26980793
Merzenhausen,2022-10-28 02:00:00,42,val,0.273,0.27047402
Merzenhausen,2022-10-28 03:00:00,42,val,0.274,0.27100483
Merzenhausen,2022-10-28 04:00:00,42,val,0.273,0.2715975
Merzenhausen,2022-10-28 05:00:00,42,val,0.275,0.27211243
Merzenhausen,2022-10-28 06:00:00,42,val,0.275,0.27253464
Merzenhausen,2022-10-28 07:00:00,42,val,0.272,0.27296075
Merzenhausen,2022-10-28 08:00:00,42,val,0.273,0.2733243
Merzenhausen,2022-10-28 09:00:00,42,val,0.274,0.2738248
Merzenhausen,2022-10-28 10:00:00,42,val,0.272,0.27426693
Merzenhausen,2022-10-28 11:00:00,42,val,0.273,0.27458933
Merzenhausen,2022-10-28 12:00:00,42,val,0.27,0.2746492
Merzenhausen,2022-10-28 13:00:00,42,val,0.27,0.27457905
Merzenhausen,2022-10-28 14:00:00,42,val,0.268,0.27431285
Merzenhausen,2022-10-28 15:00:00,42,val,0.268,0.2738616
Merzenhausen,2022-10-28 16:00:00,42,val,0.268,0.27312148
Merzenhausen,2022-10-28 17:00:00,42,val,0.268,0.27206513
Merzenhausen,2022-10-28 18:00:00,42,val,0.268,0.27069902
Merzenhausen,2022-10-28 19:00:00,42,val,0.268,0.26920602
Merzenhausen,2022-10-28 20:00:00,42,val,0.268,0.2677972
Merzenhausen,2022-10-28 21:00:00,42,val,0.268,0.2665818
Merzenhausen,2022-10-28 22:00:00,42,val,0.269,0.2656992
Merzenhausen,2022-10-28 23:00:00,42,val,0.269,0.26523778
Merzenhausen,2022-10-29 00:00:00,42,val,0.269,0.26520514
Merzenhausen,2022-10-29 01:00:00,42,val,0.266,0.26536757
Merzenhausen,2022-10-29 02:00:00,42,val,0.266,0.2657261
Merzenhausen,2022-10-29 03:00:00,42,val,0.266,0.26620427
Merzenhausen,2022-10-29 04:00:00,42,val,0.268,0.26676917
Merzenhausen,2022-10-29 05:00:00,42,val,0.268,0.26741466
Merzenhausen,2022-10-29 06:00:00,42,val,0.268,0.26807067
Merzenhausen,2022-10-29 07:00:00,42,val,0.268,0.26850215
Merzenhausen,2022-10-29 08:00:00,42,val,0.268,0.26908287
Merzenhausen,2022-10-29 09:00:00,42,val,0.271,0.26973045
Merzenhausen,2022-10-29 10:00:00,42,val,0.268,0.2703612
Merzenhausen,2022-10-29 11:00:00,42,val,0.269,0.2710244
Merzenhausen,2022-10-29 12:00:00,42,val,0.269,0.2715448
Merzenhausen,2022-10-29 13:00:00,42,val,0.266,0.27189612
Merzenhausen,2022-10-29 14:00:00,42,val,0.267,0.27203897
Merzenhausen,2022-10-29 15:00:00,42,val,0.267,0.2719242
Merzenhausen,2022-10-29 16:00:00,42,val,0.267,0.2714547
Merzenhausen,2022-10-29 17:00:00,42,val,0.267,0.27058902
Merzenhausen,2022-10-29 18:00:00,42,val,0.267,0.26933762
Merzenhausen,2022-10-29 19:00:00,42,val,0.267,0.26790154
Merzenhausen,2022-10-29 20:00:00,42,val,0.264,0.2664865
Merzenhausen,2022-10-29 21:00:00,42,val,0.264,0.2651961
Merzenhausen,2022-10-29 22:00:00,42,val,0.264,0.26401126
Merzenhausen,2022-10-29 23:00:00,42,val,0.264,0.2631211
Merzenhausen,2022-10-30 00:00:00,42,val,0.264,0.2625171
Merzenhausen,2022-10-30 01:00:00,42,val,0.266,0.26208395
Merzenhausen,2022-10-30 02:00:00,42,val,0.265,0.26188043
Merzenhausen,2022-10-30 03:00:00,42,val,0.266,0.26178768
Merzenhausen,2022-10-30 04:00:00,42,val,0.264,0.26159143
Merzenhausen,2022-10-30 05:00:00,42,val,0.266,0.26157913
Merzenhausen,2022-10-30 06:00:00,42,val,0.264,0.2615988
Merzenhausen,2022-10-30 07:00:00,42,val,0.264,0.26167795
Merzenhausen,2022-10-30 08:00:00,42,val,0.264,0.26203817
Merzenhausen,2022-10-30 09:00:00,42,val,0.262,0.26268646
Merzenhausen,2022-10-30 10:00:00,42,val,0.263,0.26345614
Merzenhausen,2022-10-30 11:00:00,42,val,0.262,0.26424173
Merzenhausen,2022-10-30 12:00:00,42,val,0.26,0.2649438
Merzenhausen,2022-10-30 13:00:00,42,val,0.261,0.26553956
Merzenhausen,2022-10-30 14:00:00,42,val,0.258,0.26587588
Merzenhausen,2022-10-30 15:00:00,42,val,0.257,0.2658844
Merzenhausen,2022-10-30 16:00:00,42,val,0.26,0.26550445
Merzenhausen,2022-10-30 17:00:00,42,val,0.26,0.26468518
Merzenhausen,2022-10-30 18:00:00,42,val,0.261,0.26350033
Merzenhausen,2022-10-30 19:00:00,42,val,0.26,0.2620764
Merzenhausen,2022-10-30 20:00:00,42,val,0.258,0.26056167
Merzenhausen,2022-10-30 21:00:00,42,val,0.258,0.25909778
Merzenhausen,2022-10-30 22:00:00,42,val,0.258,0.257917
Merzenhausen,2022-10-30 23:00:00,42,val,0.259,0.25710735
Merzenhausen,2022-10-31 00:00:00,42,val,0.259,0.25661528
Merzenhausen,2022-10-31 01:00:00,42,val,0.259,0.2563213
Merzenhausen,2022-10-31 02:00:00,42,val,0.26,0.25603956
Merzenhausen,2022-10-31 03:00:00,42,val,0.256,0.25594828
Merzenhausen,2022-10-31 04:00:00,42,val,0.256,0.25593388
Merzenhausen,2022-10-31 05:00:00,42,val,0.256,0.25593564
Merzenhausen,2022-10-31 06:00:00,42,val,0.258,0.2560863
Merzenhausen,2022-10-31 07:00:00,42,val,0.257,0.25640577
Merzenhausen,2022-10-31 08:00:00,42,val,0.257,0.25682724
Merzenhausen,2022-10-31 09:00:00,42,val,0.258,0.2575869
Merzenhausen,2022-10-31 10:00:00,42,val,0.256,0.25845045
Merzenhausen,2022-10-31 11:00:00,42,val,0.254,0.25941655
Merzenhausen,2022-10-31 12:00:00,42,val,0.255,0.26044902
Merzenhausen,2022-10-31 13:00:00,42,val,0.252,0.2612964
Merzenhausen,2022-10-31 14:00:00,42,val,0.253,0.2619156
Merzenhausen,2022-10-31 15:00:00,42,val,0.25,0.2621766
Merzenhausen,2022-10-31 16:00:00,42,val,0.25,0.26191673
Merzenhausen,2022-10-31 17:00:00,42,val,0.25,0.2611376
Merzenhausen,2022-10-31 18:00:00,42,val,0.252,0.25992852
Merzenhausen,2022-10-31 19:00:00,42,val,0.253,0.25848407
Merzenhausen,2022-10-31 20:00:00,42,val,0.252,0.25682086
Merzenhausen,2022-10-31 21:00:00,42,val,0.252,0.25519857
Merzenhausen,2022-10-31 22:00:00,42,val,0.252,0.253898
Merzenhausen,2022-10-31 23:00:00,42,val,0.253,0.25315276
Merzenhausen,2022-11-01 00:00:00,42,val,0.253,0.25295258
Merzenhausen,2022-11-01 01:00:00,42,val,0.25,0.2532702
Merzenhausen,2022-11-01 02:00:00,42,val,0.253,0.2539494
Merzenhausen,2022-11-01 03:00:00,42,val,0.25,0.25498897
Merzenhausen,2022-11-01 04:00:00,42,val,0.25,0.25612482
Merzenhausen,2022-11-01 05:00:00,42,val,0.251,0.25735623
Merzenhausen,2022-11-01 06:00:00,42,val,0.251,0.2583974
Merzenhausen,2022-11-01 07:00:00,42,val,0.251,0.25919464
Merzenhausen,2022-11-01 08:00:00,42,val,0.252,0.2598635
Merzenhausen,2022-11-01 09:00:00,42,val,0.249,0.26041812
Merzenhausen,2022-11-01 10:00:00,42,val,0.249,0.26094505
Merzenhausen,2022-11-01 11:00:00,42,val,0.251,0.26141876
Merzenhausen,2022-11-01 12:00:00,42,val,0.248,0.26174945
Merzenhausen,2022-11-01 13:00:00,42,val,0.249,0.26198024
Merzenhausen,2022-11-01 14:00:00,42,val,0.249,0.26184416
Merzenhausen,2022-11-01 15:00:00,42,val,0.251,0.26117492
Merzenhausen,2022-11-01 16:00:00,42,val,0.249,0.2600547
Merzenhausen,2022-11-01 17:00:00,42,val,0.249,0.25842902
Merzenhausen,2022-11-01 18:00:00,42,val,0.249,0.25641227
Merzenhausen,2022-11-01 19:00:00,42,val,0.249,0.25411654
Merzenhausen,2022-11-01 20:00:00,42,val,0.248,0.25169045
Merzenhausen,2022-11-01 21:00:00,42,val,0.248,0.24942526
Merzenhausen,2022-11-01 22:00:00,42,val,0.248,0.24749368
Merzenhausen,2022-11-01 23:00:00,42,val,0.248,0.24609162
Merzenhausen,2022-11-02 00:00:00,42,val,0.248,0.24519993
Merzenhausen,2022-11-02 01:00:00,42,val,0.248,0.24475603
Merzenhausen,2022-11-02 02:00:00,42,val,0.248,0.24475199
Merzenhausen,2022-11-02 03:00:00,42,val,0.249,0.24491307
Merzenhausen,2022-11-02 04:00:00,42,val,0.249,0.2451692
Merzenhausen,2022-11-02 05:00:00,42,val,0.249,0.24556348
Merzenhausen,2022-11-02 06:00:00,42,val,0.248,0.24611282
Merzenhausen,2022-11-02 07:00:00,42,val,0.249,0.2467141
Merzenhausen,2022-11-02 08:00:00,42,val,0.248,0.24734657
Merzenhausen,2022-11-02 09:00:00,42,val,0.248,0.24805874
Merzenhausen,2022-11-02 10:00:00,42,val,0.248,0.24882245
Merzenhausen,2022-11-02 11:00:00,42,val,0.249,0.24952066
Merzenhausen,2022-11-02 12:00:00,42,val,0.249,0.2502225
Merzenhausen,2022-11-02 13:00:00,42,val,0.249,0.25077015
Merzenhausen,2022-11-02 14:00:00,42,val,0.251,0.25110957
Merzenhausen,2022-11-02 15:00:00,42,val,0.251,0.25094646
Merzenhausen,2022-11-02 16:00:00,42,val,0.249,0.25019085
Merzenhausen,2022-11-02 17:00:00,42,val,0.249,0.24880047
Merzenhausen,2022-11-02 18:00:00,42,val,0.248,0.24698222
Merzenhausen,2022-11-02 19:00:00,42,val,0.248,0.244916
Merzenhausen,2022-11-02 20:00:00,42,val,0.248,0.24275157
Merzenhausen,2022-11-02 21:00:00,42,val,0.249,0.24068062
Merzenhausen,2022-11-02 22:00:00,42,val,0.249,0.2388455
Merzenhausen,2022-11-02 23:00:00,42,val,0.249,0.23735303
Merzenhausen,2022-11-03 00:00:00,42,val,0.2505,0.23628129
Merzenhausen,2022-11-03 01:00:00,42,val,0.2289999999999999,0.2355178
Merzenhausen,2022-11-03 02:00:00,42,val,0.248,0.23515308
Merzenhausen,2022-11-03 03:00:00,42,val,0.248,0.23499297
Merzenhausen,2022-11-03 04:00:00,42,val,0.248,0.23509619
Merzenhausen,2022-11-03 05:00:00,42,val,0.249,0.2356187
Merzenhausen,2022-11-03 06:00:00,42,val,0.249,0.23632225
Merzenhausen,2022-11-03 07:00:00,42,val,0.249,0.23716857
Merzenhausen,2022-11-03 08:00:00,42,val,0.249,0.238173
Merzenhausen,2022-11-03 09:00:00,42,val,0.247,0.2391536
Merzenhausen,2022-11-03 10:00:00,42,val,0.247,0.2400625
Merzenhausen,2022-11-03 11:00:00,42,val,0.244,0.24108043
Merzenhausen,2022-11-03 12:00:00,42,val,0.244,0.24204311
Merzenhausen,2022-11-03 13:00:00,42,val,0.245,0.24299428
Merzenhausen,2022-11-03 14:00:00,42,val,0.245,0.2437977
Merzenhausen,2022-11-03 15:00:00,42,val,0.245,0.2443441
Merzenhausen,2022-11-03 16:00:00,42,val,0.243,0.24433804
Merzenhausen,2022-11-03 17:00:00,42,val,0.243,0.24369223
Merzenhausen,2022-11-03 18:00:00,42,val,0.243,0.24252231
Merzenhausen,2022-11-03 19:00:00,42,val,0.243,0.24104808
Merzenhausen,2022-11-03 20:00:00,42,val,0.243,0.23935312
Merzenhausen,2022-11-03 21:00:00,42,val,0.243,0.2377081
Merzenhausen,2022-11-03 22:00:00,42,val,0.245,0.23682037
Merzenhausen,2022-11-03 23:00:00,42,val,0.247,0.23582415
Merzenhausen,2022-11-04 00:00:00,42,val,0.247,0.23495144
Merzenhausen,2022-11-04 01:00:00,42,val,0.247,0.23425281
Merzenhausen,2022-11-04 02:00:00,42,val,0.245,0.23365614
Merzenhausen,2022-11-04 03:00:00,42,val,0.245,0.23324442
Merzenhausen,2022-11-04 04:00:00,42,val,0.245,0.2330253
Merzenhausen,2022-11-04 05:00:00,42,val,0.245,0.23286137
Merzenhausen,2022-11-04 06:00:00,42,val,0.245,0.23280534
Merzenhausen,2022-11-04 07:00:00,42,val,0.246,0.23300675
Merzenhausen,2022-11-04 08:00:00,42,val,0.246,0.23347245
Merzenhausen,2022-11-04 09:00:00,42,val,0.244,0.23405525
Merzenhausen,2022-11-04 10:00:00,42,val,0.244,0.23501955
Merzenhausen,2022-11-04 11:00:00,42,val,0.242,0.23601812
Merzenhausen,2022-11-04 12:00:00,42,val,0.243,0.23709194
Merzenhausen,2022-11-04 13:00:00,42,val,0.244,0.2382148
Merzenhausen,2022-11-04 14:00:00,42,val,0.241,0.2393497
Merzenhausen,2022-11-04 15:00:00,42,val,0.241,0.24025881
Merzenhausen,2022-11-04 16:00:00,42,val,0.241,0.24062917
Merzenhausen,2022-11-04 17:00:00,42,val,0.241,0.24037784
Merzenhausen,2022-11-04 18:00:00,42,val,0.241,0.23954098
Merzenhausen,2022-11-04 19:00:00,42,val,0.241,0.23828594
Merzenhausen,2022-11-04 20:00:00,42,val,0.244,0.23679757
Merzenhausen,2022-11-04 21:00:00,42,val,0.241,0.23531438
Merzenhausen,2022-11-04 22:00:00,42,val,0.241,0.23395072
Merzenhausen,2022-11-04 23:00:00,42,val,0.241,0.23272589
Merzenhausen,2022-11-05 00:00:00,42,val,0.241,0.23171659
Merzenhausen,2022-11-05 01:00:00,42,val,0.241,0.23008986
Merzenhausen,2022-11-05 02:00:00,42,val,0.241,0.22881843
Merzenhausen,2022-11-05 03:00:00,42,val,0.241,0.22797026
Merzenhausen,2022-11-05 04:00:00,42,val,0.241,0.22750464
Merzenhausen,2022-11-05 05:00:00,42,val,0.241,0.22745457
Merzenhausen,2022-11-05 06:00:00,42,val,0.241,0.22771338
Merzenhausen,2022-11-05 07:00:00,42,val,0.241,0.22821483
Merzenhausen,2022-11-05 08:00:00,42,val,0.243,0.22900723
Merzenhausen,2022-11-05 09:00:00,42,val,0.243,0.22996606
Merzenhausen,2022-11-05 10:00:00,42,val,0.242,0.23104383
Merzenhausen,2022-11-05 11:00:00,42,val,0.241,0.23206998
Merzenhausen,2022-11-05 12:00:00,42,val,0.241,0.2330354
Merzenhausen,2022-11-05 13:00:00,42,val,0.241,0.23402706
Merzenhausen,2022-11-05 14:00:00,42,val,0.238,0.23496614
Merzenhausen,2022-11-05 15:00:00,42,val,0.239,0.23563969
Merzenhausen,2022-11-05 16:00:00,42,val,0.239,0.23578711
Merzenhausen,2022-11-05 17:00:00,42,val,0.239,0.23535666
Merzenhausen,2022-11-05 18:00:00,42,val,0.239,0.23437998
Merzenhausen,2022-11-05 19:00:00,42,val,0.239,0.23302725
Merzenhausen,2022-11-05 20:00:00,42,val,0.239,0.23146103
Merzenhausen,2022-11-05 21:00:00,42,val,0.239,0.22989637
Merzenhausen,2022-11-05 22:00:00,42,val,0.239,0.22856446
Merzenhausen,2022-11-05 23:00:00,42,val,0.239,0.2275927
Merzenhausen,2022-11-06 00:00:00,42,val,0.239,0.22688048
Merzenhausen,2022-11-06 01:00:00,42,val,0.239,0.22650751
Merzenhausen,2022-11-06 02:00:00,42,val,0.239,0.22634278
Merzenhausen,2022-11-06 03:00:00,42,val,0.237,0.22642061
Merzenhausen,2022-11-06 04:00:00,42,val,0.24,0.226748
Merzenhausen,2022-11-06 05:00:00,42,val,0.238,0.22728868
Merzenhausen,2022-11-06 06:00:00,42,val,0.238,0.22791873
Merzenhausen,2022-11-06 07:00:00,42,val,0.238,0.22873819
Merzenhausen,2022-11-06 08:00:00,42,val,0.238,0.22972234
Merzenhausen,2022-11-06 09:00:00,42,val,0.237,0.23069797
Merzenhausen,2022-11-06 10:00:00,42,val,0.237,0.23166437
Merzenhausen,2022-11-06 11:00:00,42,val,0.238,0.23252225
Merzenhausen,2022-11-06 12:00:00,42,val,0.235,0.2333821
Merzenhausen,2022-11-06 13:00:00,42,val,0.236,0.23427495
Merzenhausen,2022-11-06 14:00:00,42,val,0.233,0.23491795
Merzenhausen,2022-11-06 15:00:00,42,val,0.235,0.23545304
Merzenhausen,2022-11-06 16:00:00,42,val,0.233,0.23567049
Merzenhausen,2022-11-06 17:00:00,42,val,0.233,0.235145
Merzenhausen,2022-11-06 18:00:00,42,val,0.233,0.23396632
Merzenhausen,2022-11-06 19:00:00,42,val,0.233,0.23227122
Merzenhausen,2022-11-06 20:00:00,42,val,0.235,0.23053198
Merzenhausen,2022-11-06 21:00:00,42,val,0.233,0.22879581
Merzenhausen,2022-11-06 22:00:00,42,val,0.233,0.22723742
Merzenhausen,2022-11-06 23:00:00,42,val,0.233,0.22599995
Merzenhausen,2022-11-07 00:00:00,42,val,0.235,0.22513384
Merzenhausen,2022-11-07 01:00:00,42,val,0.235,0.22471096
Merzenhausen,2022-11-07 02:00:00,42,val,0.234,0.2246626
Merzenhausen,2022-11-07 03:00:00,42,val,0.236,0.2250582
Merzenhausen,2022-11-07 04:00:00,42,val,0.234,0.22577326
Merzenhausen,2022-11-07 05:00:00,42,val,0.233,0.22673637
Merzenhausen,2022-11-07 06:00:00,42,val,0.235,0.22786222
Merzenhausen,2022-11-07 07:00:00,42,val,0.235,0.22909223
Merzenhausen,2022-11-07 08:00:00,42,val,0.233,0.23040825
Merzenhausen,2022-11-07 09:00:00,42,val,0.233,0.23162976
Merzenhausen,2022-11-07 10:00:00,42,val,0.232,0.23270515
Merzenhausen,2022-11-07 11:00:00,42,val,0.233,0.23370539
Merzenhausen,2022-11-07 12:00:00,42,val,0.231,0.23474415
Merzenhausen,2022-11-07 13:00:00,42,val,0.231,0.23569585
Merzenhausen,2022-11-07 14:00:00,42,val,0.229,0.23631078
Merzenhausen,2022-11-07 15:00:00,42,val,0.229,0.23648438
Merzenhausen,2022-11-07 16:00:00,42,val,0.229,0.23609428
Merzenhausen,2022-11-07 17:00:00,42,val,0.23,0.2350649
Merzenhausen,2022-11-07 18:00:00,42,val,0.227,0.2334821
Merzenhausen,2022-11-07 19:00:00,42,val,0.227,0.23157544
Merzenhausen,2022-11-07 20:00:00,42,val,0.227,0.22957864
Merzenhausen,2022-11-07 21:00:00,42,val,0.228,0.22769086
Merzenhausen,2022-11-07 22:00:00,42,val,0.228,0.22610915
Merzenhausen,2022-11-07 23:00:00,42,val,0.228,0.22489637
Merzenhausen,2022-11-08 00:00:00,42,val,0.228,0.22415565
Merzenhausen,2022-11-08 01:00:00,42,val,0.228,0.22381465
Merzenhausen,2022-11-08 02:00:00,42,val,0.23,0.2238792
Merzenhausen,2022-11-08 03:00:00,42,val,0.23,0.2241755
Merzenhausen,2022-11-08 04:00:00,42,val,0.232,0.22476003
Merzenhausen,2022-11-08 05:00:00,42,val,0.232,0.2254741
Merzenhausen,2022-11-08 06:00:00,42,val,0.229,0.22622451
Merzenhausen,2022-11-08 07:00:00,42,val,0.23,0.22694792
Merzenhausen,2022-11-08 08:00:00,42,val,0.23,0.2277164
Merzenhausen,2022-11-08 09:00:00,42,val,0.228,0.22848259
Merzenhausen,2022-11-08 10:00:00,42,val,0.228,0.22917303
Merzenhausen,2022-11-08 11:00:00,42,val,0.226,0.22986704
Merzenhausen,2022-11-08 12:00:00,42,val,0.227,0.23042774
Merzenhausen,2022-11-08 13:00:00,42,val,0.224,0.23097657
Merzenhausen,2022-11-08 14:00:00,42,val,0.225,0.23134553
Merzenhausen,2022-11-08 15:00:00,42,val,0.225,0.23153287
Merzenhausen,2022-11-08 16:00:00,42,val,0.225,0.23125856
Merzenhausen,2022-11-08 17:00:00,42,val,0.225,0.23037793
Merzenhausen,2022-11-08 18:00:00,42,val,0.223,0.22897746
Merzenhausen,2022-11-08 19:00:00,42,val,0.225,0.22721238
Merzenhausen,2022-11-08 20:00:00,42,val,0.226,0.22545382
Merzenhausen,2022-11-08 21:00:00,42,val,0.226,0.22380354
Merzenhausen,2022-11-08 22:00:00,42,val,0.226,0.22246806
Merzenhausen,2022-11-08 23:00:00,42,val,0.224,0.22155736
Merzenhausen,2022-11-09 00:00:00,42,val,0.224,0.22119784
Merzenhausen,2022-11-09 01:00:00,42,val,0.224,0.22140698
Merzenhausen,2022-11-09 02:00:00,42,val,0.224,0.22202465
Merzenhausen,2022-11-09 03:00:00,42,val,0.224,0.2230717
Merzenhausen,2022-11-09 04:00:00,42,val,0.222,0.22435012
Merzenhausen,2022-11-09 05:00:00,42,val,0.222,0.22573406
Merzenhausen,2022-11-09 06:00:00,42,val,0.223,0.22706856
Merzenhausen,2022-11-09 07:00:00,42,val,0.223,0.22828335
Merzenhausen,2022-11-09 08:00:00,42,val,0.22,0.22921745
Merzenhausen,2022-11-09 09:00:00,42,val,0.221,0.22991133
Merzenhausen,2022-11-09 10:00:00,42,val,0.221,0.2303242
Merzenhausen,2022-11-09 11:00:00,42,val,0.223,0.23065805
Merzenhausen,2022-11-09 12:00:00,42,val,0.221,0.23088877
Merzenhausen,2022-11-09 13:00:00,42,val,0.222,0.23105085
Merzenhausen,2022-11-09 14:00:00,42,val,0.223,0.23098591
Merzenhausen,2022-11-09 15:00:00,42,val,0.223,0.23056965
Merzenhausen,2022-11-09 16:00:00,42,val,0.222,0.22962882
Merzenhausen,2022-11-09 17:00:00,42,val,0.222,0.22811563
Merzenhausen,2022-11-09 18:00:00,42,val,0.223,0.22594059
Merzenhausen,2022-11-09 19:00:00,42,val,0.222,0.22333586
Merzenhausen,2022-11-09 20:00:00,42,val,0.22,0.22058216
Merzenhausen,2022-11-09 21:00:00,42,val,0.22,0.21801038
Merzenhausen,2022-11-09 22:00:00,42,val,0.221,0.21584617
Merzenhausen,2022-11-09 23:00:00,42,val,0.221,0.2141534
Merzenhausen,2022-11-10 00:00:00,42,val,0.219,0.21294165
Merzenhausen,2022-11-10 01:00:00,42,val,0.221,0.2122124
Merzenhausen,2022-11-10 02:00:00,42,val,0.221,0.21198328
Merzenhausen,2022-11-10 03:00:00,42,val,0.22,0.21211138
Merzenhausen,2022-11-10 04:00:00,42,val,0.221,0.21268195
Merzenhausen,2022-11-10 05:00:00,42,val,0.221,0.21359378
Merzenhausen,2022-11-10 06:00:00,42,val,0.219,0.2145799
Merzenhausen,2022-11-10 07:00:00,42,val,0.219,0.21562798
Merzenhausen,2022-11-10 08:00:00,42,val,0.219,0.21671833
Merzenhausen,2022-11-10 09:00:00,42,val,0.22,0.21772444
Merzenhausen,2022-11-10 10:00:00,42,val,0.22,0.21863732
Merzenhausen,2022-11-10 11:00:00,42,val,0.2225,0.2194072
Merzenhausen,2022-11-10 12:00:00,42,val,0.219,0.22018549
Merzenhausen,2022-11-10 13:00:00,42,val,0.219,0.22088064
Merzenhausen,2022-11-10 14:00:00,42,val,0.219,0.22151169
Merzenhausen,2022-11-10 15:00:00,42,val,0.219,0.22195613
Merzenhausen,2022-11-10 16:00:00,42,val,0.219,0.221948
Merzenhausen,2022-11-10 17:00:00,42,val,0.219,0.22130826
Merzenhausen,2022-11-10 18:00:00,42,val,0.219,0.21989743
Merzenhausen,2022-11-10 19:00:00,42,val,0.219,0.21802409
Merzenhausen,2022-11-10 20:00:00,42,val,0.219,0.21596919
Merzenhausen,2022-11-10 21:00:00,42,val,0.216,0.21394031
Merzenhausen,2022-11-10 22:00:00,42,val,0.217,0.21215223
Merzenhausen,2022-11-10 23:00:00,42,val,0.217,0.21056041
Merzenhausen,2022-11-11 00:00:00,42,val,0.217,0.20923609
Merzenhausen,2022-11-11 01:00:00,42,val,0.217,0.20818585
Merzenhausen,2022-11-11 02:00:00,42,val,0.217,0.2072233
Merzenhausen,2022-11-11 03:00:00,42,val,0.218,0.2064366
Merzenhausen,2022-11-11 04:00:00,42,val,0.215,0.20574102
Merzenhausen,2022-11-11 05:00:00,42,val,0.215,0.20529898
Merzenhausen,2022-11-11 06:00:00,42,val,0.216,0.20512609
Merzenhausen,2022-11-11 07:00:00,42,val,0.216,0.2052224
Merzenhausen,2022-11-11 08:00:00,42,val,0.216,0.20548248
Merzenhausen,2022-11-11 09:00:00,42,val,0.214,0.20587832
Merzenhausen,2022-11-11 10:00:00,42,val,0.218,0.20642623
Merzenhausen,2022-11-11 11:00:00,42,val,0.215,0.20716923
Merzenhausen,2022-11-11 12:00:00,42,val,0.215,0.20801125
Merzenhausen,2022-11-11 13:00:00,42,val,0.215,0.20911427
Merzenhausen,2022-11-11 14:00:00,42,val,0.213,0.21044646
Merzenhausen,2022-11-11 15:00:00,42,val,0.214,0.2117839
Merzenhausen,2022-11-11 16:00:00,42,val,0.214,0.21279964
Merzenhausen,2022-11-11 17:00:00,42,val,0.213,0.21315776
Merzenhausen,2022-11-11 18:00:00,42,val,0.21,0.21294984
Merzenhausen,2022-11-11 19:00:00,42,val,0.211,0.21210602
Merzenhausen,2022-11-11 20:00:00,42,val,0.211,0.21078101
Merzenhausen,2022-11-11 21:00:00,42,val,0.214,0.2092062
Merzenhausen,2022-11-11 22:00:00,42,val,0.214,0.20766877
Merzenhausen,2022-11-11 23:00:00,42,val,0.212,0.20629832
Merzenhausen,2022-11-12 00:00:00,42,val,0.212,0.20499526
Merzenhausen,2022-11-12 01:00:00,42,val,0.213,0.20384179
Merzenhausen,2022-11-12 02:00:00,42,val,0.211,0.20283738
Merzenhausen,2022-11-12 03:00:00,42,val,0.212,0.20199357
Merzenhausen,2022-11-12 04:00:00,42,val,0.212,0.20138487
Merzenhausen,2022-11-12 05:00:00,42,val,0.213,0.20104285
Merzenhausen,2022-11-12 06:00:00,42,val,0.213,0.20090616
Merzenhausen,2022-11-12 07:00:00,42,val,0.213,0.20102145
Merzenhausen,2022-11-12 08:00:00,42,val,0.211,0.20138828
Merzenhausen,2022-11-12 09:00:00,42,val,0.211,0.2020296
Merzenhausen,2022-11-12 10:00:00,42,val,0.211,0.20276725
Merzenhausen,2022-11-12 11:00:00,42,val,0.212,0.20372324
Merzenhausen,2022-11-12 12:00:00,42,val,0.211,0.20474662
Merzenhausen,2022-11-12 13:00:00,42,val,0.208,0.20587395
Merzenhausen,2022-11-12 14:00:00,42,val,0.211,0.20709267
Merzenhausen,2022-11-12 15:00:00,42,val,0.211,0.20825249
Merzenhausen,2022-11-12 16:00:00,42,val,0.211,0.20906219
Merzenhausen,2022-11-12 17:00:00,42,val,0.211,0.20930994
Merzenhausen,2022-11-12 18:00:00,42,val,0.211,0.20892628
Merzenhausen,2022-11-12 19:00:00,42,val,0.211,0.20806542
Merzenhausen,2022-11-12 20:00:00,42,val,0.211,0.20693053
Merzenhausen,2022-11-12 21:00:00,42,val,0.211,0.20555079
Merzenhausen,2022-11-12 22:00:00,42,val,0.194,0.20421135
Merzenhausen,2022-11-12 23:00:00,42,val,0.211,0.20304178
Merzenhausen,2022-11-13 00:00:00,42,val,0.211,0.20210074
Merzenhausen,2022-11-13 01:00:00,42,val,0.21,0.20132516
Merzenhausen,2022-11-13 02:00:00,42,val,0.21,0.20077981
Merzenhausen,2022-11-13 03:00:00,42,val,0.1935,0.20046473
Merzenhausen,2022-11-13 04:00:00,42,val,0.21,0.20023069
Merzenhausen,2022-11-13 05:00:00,42,val,0.21,0.20015404
Merzenhausen,2022-11-13 06:00:00,42,val,0.213,0.20021728
Merzenhausen,2022-11-13 07:00:00,42,val,0.212,0.20045686
Merzenhausen,2022-11-13 08:00:00,42,val,0.212,0.20101671
Merzenhausen,2022-11-13 09:00:00,42,val,0.212,0.20163202
Merzenhausen,2022-11-13 10:00:00,42,val,0.21,0.20243351
Merzenhausen,2022-11-13 11:00:00,42,val,0.21,0.20319946
Merzenhausen,2022-11-13 12:00:00,42,val,0.208,0.20399763
Merzenhausen,2022-11-13 13:00:00,42,val,0.208,0.20495023
Merzenhausen,2022-11-13 14:00:00,42,val,0.208,0.20586817
Merzenhausen,2022-11-13 15:00:00,42,val,0.208,0.20669553
Merzenhausen,2022-11-13 16:00:00,42,val,0.208,0.20712884
Merzenhausen,2022-11-13 17:00:00,42,val,0.208,0.20700759
Merzenhausen,2022-11-13 18:00:00,42,val,0.208,0.20598526
Merzenhausen,2022-11-13 19:00:00,42,val,0.208,0.20430301
Merzenhausen,2022-11-13 20:00:00,42,val,0.208,0.20232417
Merzenhausen,2022-11-13 21:00:00,42,val,0.208,0.20043543
Merzenhausen,2022-11-13 22:00:00,42,val,0.208,0.19882779
Merzenhausen,2022-11-13 23:00:00,42,val,0.208,0.19743001
Merzenhausen,2022-11-14 00:00:00,42,val,0.208,0.19624567
Merzenhausen,2022-11-14 01:00:00,42,val,0.211,0.19525498
Merzenhausen,2022-11-14 02:00:00,42,val,0.211,0.19439128
Merzenhausen,2022-11-14 03:00:00,42,val,0.21,0.19374949
Merzenhausen,2022-11-14 04:00:00,42,val,0.21,0.19335444
Merzenhausen,2022-11-14 05:00:00,42,val,0.21,0.19320141
Merzenhausen,2022-11-14 06:00:00,42,val,0.21,0.19338281
Merzenhausen,2022-11-14 07:00:00,42,val,0.21,0.1938161
Merzenhausen,2022-11-14 08:00:00,42,val,0.21,0.194349
Merzenhausen,2022-11-14 09:00:00,42,val,0.211,0.19495684
Merzenhausen,2022-11-14 10:00:00,42,val,0.207,0.19561894
Merzenhausen,2022-11-14 11:00:00,42,val,0.207,0.19639984
Merzenhausen,2022-11-14 12:00:00,42,val,0.208,0.1972836
Merzenhausen,2022-11-14 13:00:00,42,val,0.208,0.19818091
Merzenhausen,2022-11-14 14:00:00,42,val,0.208,0.19919045
Merzenhausen,2022-11-14 15:00:00,42,val,0.21,0.20016284
Merzenhausen,2022-11-14 16:00:00,42,val,0.21,0.20085636
Merzenhausen,2022-11-14 17:00:00,42,val,0.21,0.20107457
Merzenhausen,2022-11-14 18:00:00,42,val,0.21,0.2008264
Merzenhausen,2022-11-14 19:00:00,42,val,0.21,0.20006691
Merzenhausen,2022-11-14 20:00:00,42,val,0.211,0.19903377
Merzenhausen,2022-11-14 21:00:00,42,val,0.211,0.19792087
Merzenhausen,2022-11-14 22:00:00,42,val,0.211,0.19616058
Merzenhausen,2022-11-14 23:00:00,42,val,0.211,0.19474828
Merzenhausen,2022-11-15 00:00:00,42,val,0.211,0.19381295
Merzenhausen,2022-11-15 01:00:00,42,val,0.21,0.19323793
Merzenhausen,2022-11-15 02:00:00,42,val,0.21,0.19301225
Merzenhausen,2022-11-15 03:00:00,42,val,0.21,0.19239177
Merzenhausen,2022-11-15 04:00:00,42,val,0.21,0.19231614
Merzenhausen,2022-11-15 05:00:00,42,val,0.213,0.19276655
Merzenhausen,2022-11-15 06:00:00,42,val,0.213,0.19372983
Merzenhausen,2022-11-15 07:00:00,42,val,0.212,0.19506343
Merzenhausen,2022-11-15 08:00:00,42,val,0.212,0.19649804
Merzenhausen,2022-11-15 09:00:00,42,val,0.212,0.19794369
Merzenhausen,2022-11-15 10:00:00,42,val,0.212,0.19919953
Merzenhausen,2022-11-15 11:00:00,42,val,0.212,0.20027682
Merzenhausen,2022-11-15 12:00:00,42,val,0.212,0.20118737
Merzenhausen,2022-11-15 13:00:00,42,val,0.211,0.20205925
Merzenhausen,2022-11-15 14:00:00,42,val,0.211,0.2028511
Merzenhausen,2022-11-15 15:00:00,42,val,0.211,0.2033947
Merzenhausen,2022-11-15 16:00:00,42,val,0.212,0.2034628
Merzenhausen,2022-11-15 17:00:00,42,val,0.211,0.20319209
Merzenhausen,2022-11-15 18:00:00,42,val,0.212,0.20296222
Merzenhausen,2022-11-15 19:00:00,42,val,0.212,0.2018185
Merzenhausen,2022-11-15 20:00:00,42,val,0.212,0.20011097
Merzenhausen,2022-11-15 21:00:00,42,val,0.212,0.19848266
Merzenhausen,2022-11-15 22:00:00,42,val,0.212,0.19708173
Merzenhausen,2022-11-15 23:00:00,42,val,0.212,0.19577178
Merzenhausen,2022-11-16 00:00:00,42,val,0.194,0.19495927
Merzenhausen,2022-11-16 01:00:00,42,val,0.212,0.19565816
Merzenhausen,2022-11-16 02:00:00,42,val,0.212,0.19648756
Merzenhausen,2022-11-16 03:00:00,42,val,0.1945,0.19735299
Merzenhausen,2022-11-16 04:00:00,42,val,0.1945,0.1993993
Merzenhausen,2022-11-16 05:00:00,42,val,0.212,0.20063499
Merzenhausen,2022-11-16 06:00:00,42,val,0.21,0.20145664
Merzenhausen,2022-11-16 07:00:00,42,val,0.21,0.2018782
Merzenhausen,2022-11-16 08:00:00,42,val,0.2275,0.20205459
Merzenhausen,2022-11-16 09:00:00,42,val,0.214,0.20211926
Merzenhausen,2022-11-16 10:00:00,42,val,0.195,0.2019395
Merzenhausen,2022-11-16 11:00:00,42,val,0.212,0.20164469
Merzenhausen,2022-11-16 12:00:00,42,val,0.245,0.20147814
Merzenhausen,2022-11-16 13:00:00,42,val,0.244,0.20153871
Merzenhausen,2022-11-16 14:00:00,42,val,0.213,0.20175885
Merzenhausen,2022-11-16 15:00:00,42,val,0.213,0.20208907
Merzenhausen,2022-11-16 16:00:00,42,val,0.213,0.20219278
Merzenhausen,2022-11-16 17:00:00,42,val,0.226,0.20179002
Merzenhausen,2022-11-16 18:00:00,42,val,0.215,0.20082015
Merzenhausen,2022-11-16 19:00:00,42,val,0.215,0.19935878
Merzenhausen,2022-11-16 20:00:00,42,val,0.215,0.19767231
Merzenhausen,2022-11-16 21:00:00,42,val,0.215,0.19602092
Merzenhausen,2022-11-16 22:00:00,42,val,0.215,0.19490317
Merzenhausen,2022-11-16 23:00:00,42,val,0.213,0.19418262
Merzenhausen,2022-11-17 00:00:00,42,val,0.226,0.19392292
Merzenhausen,2022-11-17 01:00:00,42,val,0.216,0.19443287
Merzenhausen,2022-11-17 02:00:00,42,val,0.216,0.19471242
Merzenhausen,2022-11-17 03:00:00,42,val,0.246,0.19529097
Merzenhausen,2022-11-17 04:00:00,42,val,0.213,0.19585611
Merzenhausen,2022-11-17 05:00:00,42,val,0.213,0.19702443
Merzenhausen,2022-11-17 06:00:00,42,val,0.214,0.1985351
Merzenhausen,2022-11-17 07:00:00,42,val,0.214,0.19983938
Merzenhausen,2022-11-17 08:00:00,42,val,0.214,0.20099294
Merzenhausen,2022-11-17 09:00:00,42,val,0.216,0.20197938
Merzenhausen,2022-11-17 10:00:00,42,val,0.214,0.20270255
Merzenhausen,2022-11-17 11:00:00,42,val,0.214,0.20331557
Merzenhausen,2022-11-17 12:00:00,42,val,0.214,0.2039528
Merzenhausen,2022-11-17 13:00:00,42,val,0.214,0.20462947
Merzenhausen,2022-11-17 14:00:00,42,val,0.217,0.2053272
Merzenhausen,2022-11-17 15:00:00,42,val,0.217,0.20590802
Merzenhausen,2022-11-17 16:00:00,42,val,0.217,0.20610997
Merzenhausen,2022-11-17 17:00:00,42,val,0.217,0.20566075
Merzenhausen,2022-11-17 18:00:00,42,val,0.217,0.2045478
Merzenhausen,2022-11-17 19:00:00,42,val,0.217,0.20290112
Merzenhausen,2022-11-17 20:00:00,42,val,0.217,0.20095384
Merzenhausen,2022-11-17 21:00:00,42,val,0.258,0.19899513
Merzenhausen,2022-11-17 22:00:00,42,val,0.1985,0.19721751
Merzenhausen,2022-11-17 23:00:00,42,val,0.2395,0.19578168
Merzenhausen,2022-11-18 00:00:00,42,val,0.2595,0.19392455
Merzenhausen,2022-11-18 01:00:00,42,val,0.219,0.19262388
Merzenhausen,2022-11-18 02:00:00,42,val,0.199,0.19181699
Merzenhausen,2022-11-18 03:00:00,42,val,0.238,0.1905996
Merzenhausen,2022-11-18 04:00:00,42,val,0.2005,0.18938349
Merzenhausen,2022-11-18 05:00:00,42,val,0.221,0.18903868
Merzenhausen,2022-11-18 06:00:00,42,val,0.2595,0.18938358
Merzenhausen,2022-11-18 07:00:00,42,val,0.2405,0.19011274
Merzenhausen,2022-11-18 08:00:00,42,val,0.221,0.1919094
Merzenhausen,2022-11-18 09:00:00,42,val,0.22,0.19387345
Merzenhausen,2022-11-18 10:00:00,42,val,0.2395,0.19488087
Merzenhausen,2022-11-18 11:00:00,42,val,0.222,0.19595678
Merzenhausen,2022-11-18 12:00:00,42,val,0.22,0.19882607
Merzenhausen,2022-11-18 13:00:00,42,val,0.238,0.20302092
Merzenhausen,2022-11-18 14:00:00,42,val,0.222,0.20631787
Merzenhausen,2022-11-18 15:00:00,42,val,0.24,0.20859608
Merzenhausen,2022-11-18 16:00:00,42,val,0.224,0.2097753
Merzenhausen,2022-11-18 17:00:00,42,val,0.224,0.21048579
Merzenhausen,2022-11-18 18:00:00,42,val,0.224,0.21022579
Merzenhausen,2022-11-18 19:00:00,42,val,0.222,0.20934431
Merzenhausen,2022-11-18 20:00:00,42,val,0.224,0.20773606
Merzenhausen,2022-11-18 21:00:00,42,val,0.226,0.20579204
Merzenhausen,2022-11-18 22:00:00,42,val,0.225,0.20382811
Merzenhausen,2022-11-18 23:00:00,42,val,0.228,0.2019653
Merzenhausen,2022-11-19 00:00:00,42,val,0.227,0.20090567
Merzenhausen,2022-11-19 01:00:00,42,val,0.229,0.2002566
Merzenhausen,2022-11-19 02:00:00,42,val,0.23,0.20025302
Merzenhausen,2022-11-19 03:00:00,42,val,0.23,0.20129772
Merzenhausen,2022-11-19 04:00:00,42,val,0.232,0.20200638
Merzenhausen,2022-11-19 05:00:00,42,val,0.232,0.20261839
Merzenhausen,2022-11-19 06:00:00,42,val,0.232,0.20307013
Merzenhausen,2022-11-19 07:00:00,42,val,0.233,0.20313026
Merzenhausen,2022-11-19 08:00:00,42,val,0.235,0.20324385
Merzenhausen,2022-11-19 09:00:00,42,val,0.235,0.20331301
Merzenhausen,2022-11-19 10:00:00,42,val,0.24,0.20312898
Merzenhausen,2022-11-19 11:00:00,42,val,0.236,0.20284861
Merzenhausen,2022-11-19 12:00:00,42,val,0.238,0.20268758
Merzenhausen,2022-11-19 13:00:00,42,val,0.315,0.20275183
Merzenhausen,2022-11-19 14:00:00,42,val,0.213,0.20318024
Merzenhausen,2022-11-19 15:00:00,42,val,0.187,0.20377506
Merzenhausen,2022-11-19 16:00:00,42,val,0.315,0.20433156
Merzenhausen,2022-11-19 17:00:00,42,val,0.243,0.20464969
Merzenhausen,2022-11-19 18:00:00,42,val,0.278,0.20460731
Merzenhausen,2022-11-19 19:00:00,42,val,0.189,0.20420913
Merzenhausen,2022-11-19 20:00:00,42,val,0.245,0.20352913
Merzenhausen,2022-11-19 21:00:00,42,val,0.279,0.20438454
Merzenhausen,2022-11-19 22:00:00,42,val,0.245,0.20398265
Merzenhausen,2022-11-19 23:00:00,42,val,0.31,0.20409623
Merzenhausen,2022-11-20 00:00:00,42,val,0.247,0.20552458
Merzenhausen,2022-11-20 01:00:00,42,val,0.31,0.20626143
Merzenhausen,2022-11-20 02:00:00,42,val,0.247,0.20549789
Merzenhausen,2022-11-20 03:00:00,42,val,0.252,0.2052452
Merzenhausen,2022-11-20 04:00:00,42,val,0.247,0.2040996
Merzenhausen,2022-11-20 05:00:00,42,val,0.31,0.20316163
Merzenhausen,2022-11-20 06:00:00,42,val,0.249,0.20414725
Merzenhausen,2022-11-20 07:00:00,42,val,0.28,0.20586328
Merzenhausen,2022-11-20 08:00:00,42,val,0.249,0.20716463
Merzenhausen,2022-11-20 09:00:00,42,val,0.249,0.2080243
Merzenhausen,2022-11-20 10:00:00,42,val,0.31,0.20938972
Merzenhausen,2022-11-20 11:00:00,42,val,0.252,0.21036774
Merzenhausen,2022-11-20 12:00:00,42,val,0.281,0.21097091
Merzenhausen,2022-11-20 13:00:00,42,val,0.251,0.2121612
Merzenhausen,2022-11-20 14:00:00,42,val,0.2794999999999999,0.21304576
Merzenhausen,2022-11-20 15:00:00,42,val,0.251,0.21454939
Merzenhausen,2022-11-20 16:00:00,42,val,0.308,0.21575247
Merzenhausen,2022-11-20 17:00:00,42,val,0.253,0.21636829
Merzenhausen,2022-11-20 18:00:00,42,val,0.279,0.21623155
Merzenhausen,2022-11-20 19:00:00,42,val,0.251,0.21508078
Merzenhausen,2022-11-20 20:00:00,42,val,0.308,0.21337654
Merzenhausen,2022-11-20 21:00:00,42,val,0.253,0.21158147
Merzenhausen,2022-11-20 22:00:00,42,val,0.279,0.20987159
Merzenhausen,2022-11-20 23:00:00,42,val,0.252,0.2085855
Merzenhausen,2022-11-21 00:00:00,42,val,0.306,0.2076707
Merzenhausen,2022-11-21 01:00:00,42,val,0.253,0.20717773
Merzenhausen,2022-11-21 02:00:00,42,val,0.254,0.20703433
Merzenhausen,2022-11-21 03:00:00,42,val,0.279,0.20723575
Merzenhausen,2022-11-21 04:00:00,42,val,0.2535,0.20783275
Merzenhausen,2022-11-21 05:00:00,42,val,0.255,0.20873544
Merzenhausen,2022-11-21 06:00:00,42,val,0.255,0.20986836
Merzenhausen,2022-11-21 07:00:00,42,val,0.279,0.21132058
Merzenhausen,2022-11-21 08:00:00,42,val,0.255,0.21286434
Merzenhausen,2022-11-21 09:00:00,42,val,0.2774999999999999,0.21441296
Merzenhausen,2022-11-21 10:00:00,42,val,0.253,0.21608505
Merzenhausen,2022-11-21 11:00:00,42,val,0.254,0.21764897
Merzenhausen,2022-11-21 12:00:00,42,val,0.2784999999999999,0.21917005
Merzenhausen,2022-11-21 13:00:00,42,val,0.253,0.22413078
Merzenhausen,2022-11-21 14:00:00,42,val,0.253,0.22690424
Merzenhausen,2022-11-21 15:00:00,42,val,0.278,0.2261713
Merzenhausen,2022-11-21 16:00:00,42,val,0.255,0.22852932
Merzenhausen,2022-11-21 17:00:00,42,val,0.229,0.2299509
Merzenhausen,2022-11-30 23:00:00,42,val,0.308,0.28051963
Merzenhausen,2022-12-01 00:00:00,42,val,0.308,0.28062424
Merzenhausen,2022-12-01 01:00:00,42,val,0.308,0.2808314
Merzenhausen,2022-12-01 02:00:00,42,val,0.308,0.28106517
Merzenhausen,2022-12-01 03:00:00,42,val,0.308,0.28141272
Merzenhausen,2022-12-01 04:00:00,42,val,0.308,0.28177473
Merzenhausen,2022-12-01 05:00:00,42,val,0.306,0.2825293
Merzenhausen,2022-12-01 06:00:00,42,val,0.306,0.28313297
Merzenhausen,2022-12-01 07:00:00,42,val,0.306,0.28354546
Merzenhausen,2022-12-01 08:00:00,42,val,0.306,0.28375933
Merzenhausen,2022-12-01 09:00:00,42,val,0.306,0.2837919
Merzenhausen,2022-12-01 10:00:00,42,val,0.307,0.2837119
Merzenhausen,2022-12-01 11:00:00,42,val,0.308,0.2835747
Merzenhausen,2022-12-01 12:00:00,42,val,0.308,0.2834004
Merzenhausen,2022-12-01 13:00:00,42,val,0.305,0.28353626
Merzenhausen,2022-12-01 14:00:00,42,val,0.305,0.28352472
Merzenhausen,2022-12-01 15:00:00,42,val,0.305,0.28324646
Merzenhausen,2022-12-01 16:00:00,42,val,0.305,0.28276253
Merzenhausen,2022-12-01 17:00:00,42,val,0.305,0.2820802
Merzenhausen,2022-12-01 18:00:00,42,val,0.306,0.2807528
Merzenhausen,2022-12-01 19:00:00,42,val,0.306,0.2794474
Merzenhausen,2022-12-01 20:00:00,42,val,0.306,0.27777967
Merzenhausen,2022-12-01 21:00:00,42,val,0.306,0.27649212
Merzenhausen,2022-12-01 22:00:00,42,val,0.306,0.2756773
Merzenhausen,2022-12-01 23:00:00,42,val,0.306,0.2751172
Merzenhausen,2022-12-02 00:00:00,42,val,0.304,0.27494147
Merzenhausen,2022-12-02 01:00:00,42,val,0.304,0.2749932
Merzenhausen,2022-12-02 02:00:00,42,val,0.304,0.27517113
Merzenhausen,2022-12-02 03:00:00,42,val,0.304,0.27553087
Merzenhausen,2022-12-02 04:00:00,42,val,0.304,0.27602303
Merzenhausen,2022-12-02 05:00:00,42,val,0.306,0.276546
Merzenhausen,2022-12-02 06:00:00,42,val,0.306,0.27705383
Merzenhausen,2022-12-02 07:00:00,42,val,0.305,0.27747744
Merzenhausen,2022-12-02 08:00:00,42,val,0.304,0.27787116
Merzenhausen,2022-12-02 09:00:00,42,val,0.303,0.27815893
Merzenhausen,2022-12-02 10:00:00,42,val,0.303,0.2784224
Merzenhausen,2022-12-02 11:00:00,42,val,0.304,0.27870506
Merzenhausen,2022-12-02 12:00:00,42,val,0.304,0.27891257
Merzenhausen,2022-12-02 13:00:00,42,val,0.304,0.27906024
Merzenhausen,2022-12-02 14:00:00,42,val,0.301,0.27889085
Merzenhausen,2022-12-02 15:00:00,42,val,0.302,0.27842748
Merzenhausen,2022-12-02 16:00:00,42,val,0.302,0.27779672
Merzenhausen,2022-12-02 17:00:00,42,val,0.302,0.27680588
Merzenhausen,2022-12-02 18:00:00,42,val,0.302,0.27562535
Merzenhausen,2022-12-02 19:00:00,42,val,0.302,0.27443117
Merzenhausen,2022-12-02 20:00:00,42,val,0.302,0.2733003
Merzenhausen,2022-12-02 21:00:00,42,val,0.302,0.2722963
Merzenhausen,2022-12-02 22:00:00,42,val,0.302,0.2715269
Merzenhausen,2022-12-02 23:00:00,42,val,0.302,0.27105537
Merzenhausen,2022-12-03 00:00:00,42,val,0.302,0.27085355
Merzenhausen,2022-12-03 01:00:00,42,val,0.302,0.2708872
Merzenhausen,2022-12-03 02:00:00,42,val,0.302,0.27114093
Merzenhausen,2022-12-03 03:00:00,42,val,0.302,0.27157682
Merzenhausen,2022-12-03 04:00:00,42,val,0.302,0.27211356
Merzenhausen,2022-12-03 05:00:00,42,val,0.302,0.27271804
Merzenhausen,2022-12-03 06:00:00,42,val,0.302,0.27329814
Merzenhausen,2022-12-03 07:00:00,42,val,0.301,0.27387613
Merzenhausen,2022-12-03 08:00:00,42,val,0.303,0.27440703
Merzenhausen,2022-12-03 09:00:00,42,val,0.303,0.27487054
Merzenhausen,2022-12-03 10:00:00,42,val,0.304,0.27529532
Merzenhausen,2022-12-03 11:00:00,42,val,0.306,0.27566755
Merzenhausen,2022-12-03 12:00:00,42,val,0.308,0.27602446
Merzenhausen,2022-12-03 13:00:00,42,val,0.306,0.27622926
Merzenhausen,2022-12-03 14:00:00,42,val,0.307,0.27621964
Merzenhausen,2022-12-03 15:00:00,42,val,0.308,0.27596462
Merzenhausen,2022-12-03 16:00:00,42,val,0.312,0.2754491
Merzenhausen,2022-12-03 17:00:00,42,val,0.315,0.27466974
Merzenhausen,2022-12-03 18:00:00,42,val,0.317,0.27371913
Merzenhausen,2022-12-03 19:00:00,42,val,0.317,0.27268377
Merzenhausen,2022-12-03 20:00:00,42,val,0.323,0.27166736
Merzenhausen,2022-12-03 21:00:00,42,val,0.326,0.27079532
Merzenhausen,2022-12-29 06:00:00,42,val,0.338,0.3177769
Merzenhausen,2022-12-29 07:00:00,42,val,0.338,0.31775647
Merzenhausen,2022-12-29 08:00:00,42,val,0.337,0.31767505
Merzenhausen,2022-12-29 09:00:00,42,val,0.338,0.31752318
Merzenhausen,2022-12-29 10:00:00,42,val,0.338,0.3173765
Merzenhausen,2022-12-29 11:00:00,42,val,0.338,0.31724322
Merzenhausen,2022-12-29 12:00:00,42,val,0.338,0.31715617
Merzenhausen,2022-12-29 13:00:00,42,val,0.338,0.31702173
Merzenhausen,2022-12-29 14:00:00,42,val,0.336,0.31675607
Merzenhausen,2022-12-29 15:00:00,42,val,0.3305,0.31632134
Merzenhausen,2022-12-29 16:00:00,42,val,0.338,0.315653
Merzenhausen,2022-12-29 17:00:00,42,val,0.336,0.31480783
Merzenhausen,2022-12-29 18:00:00,42,val,0.336,0.31388712
Merzenhausen,2022-12-29 19:00:00,42,val,0.335,0.31305647
Merzenhausen,2022-12-29 20:00:00,42,val,0.335,0.31228793
Merzenhausen,2022-12-29 21:00:00,42,val,0.336,0.31174687
Merzenhausen,2022-12-29 22:00:00,42,val,0.335,0.3114514
Merzenhausen,2022-12-29 23:00:00,42,val,0.334,0.311361
Merzenhausen,2022-12-30 00:00:00,42,val,0.335,0.31134376
Merzenhausen,2022-12-30 01:00:00,42,val,0.335,0.3113359
Merzenhausen,2022-12-30 02:00:00,42,val,0.333,0.31125465
Merzenhausen,2022-12-30 03:00:00,42,val,0.333,0.31111595
Merzenhausen,2022-12-30 04:00:00,42,val,0.333,0.31088477
Merzenhausen,2022-12-30 05:00:00,42,val,0.333,0.31055367
Merzenhausen,2022-12-30 06:00:00,42,val,0.332,0.31022298
Merzenhausen,2022-12-30 07:00:00,42,val,0.333,0.30993629
Merzenhausen,2022-12-30 08:00:00,42,val,0.333,0.30961546
Merzenhausen,2022-12-30 09:00:00,42,val,0.333,0.30931345
Merzenhausen,2022-12-30 10:00:00,42,val,0.333,0.30909443
Merzenhausen,2022-12-30 11:00:00,42,val,0.333,0.30899274
Merzenhausen,2022-12-30 12:00:00,42,val,0.33,0.30899745
Merzenhausen,2022-12-30 13:00:00,42,val,0.33,0.3090805
Merzenhausen,2022-12-30 14:00:00,42,val,0.33,0.3094352
Merzenhausen,2022-12-30 15:00:00,42,val,0.33,0.30983883
Merzenhausen,2022-12-30 16:00:00,42,val,0.331,0.3099525
Merzenhausen,2022-12-30 17:00:00,42,val,0.331,0.30984104
Merzenhausen,2022-12-30 18:00:00,42,val,0.331,0.3095288
Merzenhausen,2022-12-30 19:00:00,42,val,0.331,0.30923128
Merzenhausen,2022-12-30 20:00:00,42,val,0.33,0.3090752
Merzenhausen,2022-12-30 21:00:00,42,val,0.33,0.30917436
Merzenhausen,2022-12-30 22:00:00,42,val,0.33,0.30964565
Merzenhausen,2022-12-30 23:00:00,42,val,0.333,0.31037614
Merzenhausen,2022-12-31 00:00:00,42,val,0.333,0.31131005
Merzenhausen,2022-12-31 01:00:00,42,val,0.333,0.31239146
Merzenhausen,2022-12-31 02:00:00,42,val,0.333,0.3134594
Merzenhausen,2022-12-31 03:00:00,42,val,0.332,0.31444758
Merzenhausen,2022-12-31 04:00:00,42,val,0.331,0.31522602
Merzenhausen,2022-12-31 05:00:00,42,val,0.333,0.31585875
Merzenhausen,2022-12-31 06:00:00,42,val,0.333,0.31630614
Merzenhausen,2022-12-31 07:00:00,42,val,0.333,0.31659284
Merzenhausen,2022-12-31 08:00:00,42,val,0.333,0.31668425
Merzenhausen,2022-12-31 09:00:00,42,val,0.335,0.31668442
Merzenhausen,2022-12-31 10:00:00,42,val,0.336,0.31663415
Merzenhausen,2022-12-31 11:00:00,42,val,0.337,0.316558
Merzenhausen,2022-12-31 12:00:00,42,val,0.338,0.31647086
Merzenhausen,2022-12-31 13:00:00,42,val,0.338,0.31637892
Merzenhausen,2022-12-31 14:00:00,42,val,0.338,0.3162846
Merzenhausen,2022-12-31 15:00:00,42,val,0.338,0.31583184
Merzenhausen,2022-12-31 16:00:00,42,val,0.338,0.31521162
Merzenhausen,2022-12-31 17:00:00,42,val,0.34,0.31438452
Merzenhausen,2022-12-31 18:00:00,42,val,0.343,0.3134602
Merzenhausen,2022-12-31 19:00:00,42,val,0.35,0.31255242
Merzenhausen,2022-12-31 20:00:00,42,val,0.348,0.31196988
Merzenhausen,2022-12-31 21:00:00,42,val,0.351,0.3117967
Merzenhausen,2022-12-31 22:00:00,42,val,0.351,0.3119141
Merzenhausen,2022-12-31 23:00:00,42,val,0.351,0.31225032
Merzenhausen,2023-01-01 00:00:00,42,val,0.351,0.31280184
Merzenhausen,2023-01-01 01:00:00,42,val,0.351,0.31341088
Merzenhausen,2023-01-01 02:00:00,42,val,0.348,0.31396952
Merzenhausen,2023-01-01 03:00:00,42,val,0.35,0.31444177
Merzenhausen,2023-01-01 04:00:00,42,val,0.35,0.31490362
Merzenhausen,2023-01-01 05:00:00,42,val,0.348,0.31522876
Merzenhausen,2023-01-01 06:00:00,42,val,0.348,0.3153335
Merzenhausen,2023-01-01 07:00:00,42,val,0.349,0.31526983
Merzenhausen,2023-01-01 08:00:00,42,val,0.349,0.31516534
Merzenhausen,2023-01-01 09:00:00,42,val,0.347,0.315033
Merzenhausen,2023-01-01 10:00:00,42,val,0.349,0.31483144
Merzenhausen,2023-01-01 11:00:00,42,val,0.347,0.3146044
Merzenhausen,2023-01-01 12:00:00,42,val,0.347,0.3144383
Merzenhausen,2023-01-01 13:00:00,42,val,0.347,0.31422466
Merzenhausen,2023-01-01 14:00:00,42,val,0.347,0.31384844
Merzenhausen,2023-01-01 15:00:00,42,val,0.347,0.3132575
Merzenhausen,2023-01-01 16:00:00,42,val,0.345,0.31270206
Merzenhausen,2023-01-01 17:00:00,42,val,0.345,0.3121741
Merzenhausen,2023-01-01 18:00:00,42,val,0.347,0.3116038
Merzenhausen,2023-01-01 19:00:00,42,val,0.347,0.3110844
Merzenhausen,2023-01-01 20:00:00,42,val,0.345,0.31103396
Merzenhausen,2023-01-01 21:00:00,42,val,0.345,0.31104648
Merzenhausen,2023-01-01 22:00:00,42,val,0.345,0.31094018
Merzenhausen,2023-01-01 23:00:00,42,val,0.345,0.31102192
Merzenhausen,2023-01-02 00:00:00,42,val,0.342,0.3116602
Merzenhausen,2023-01-02 01:00:00,42,val,0.343,0.3124185
Merzenhausen,2023-01-02 02:00:00,42,val,0.344,0.31294137
Merzenhausen,2023-01-02 03:00:00,42,val,0.344,0.31323338
Merzenhausen,2023-01-02 04:00:00,42,val,0.344,0.31368902
Merzenhausen,2023-01-02 05:00:00,42,val,0.344,0.31429878
Merzenhausen,2023-01-02 06:00:00,42,val,0.344,0.31449333
Merzenhausen,2023-01-02 07:00:00,42,val,0.344,0.31440374
Merzenhausen,2023-01-02 08:00:00,42,val,0.344,0.3144598
Merzenhausen,2023-01-02 09:00:00,42,val,0.342,0.31496152
Merzenhausen,2023-01-02 10:00:00,42,val,0.342,0.3153927
Merzenhausen,2023-01-02 11:00:00,42,val,0.342,0.31561357
Merzenhausen,2023-01-02 12:00:00,42,val,0.342,0.31604028
Merzenhausen,2023-01-02 13:00:00,42,val,0.345,0.31708384
Merzenhausen,2023-01-02 14:00:00,42,val,0.342,0.31765664
Merzenhausen,2023-01-02 15:00:00,42,val,0.344,0.31767917
Merzenhausen,2023-01-02 16:00:00,42,val,0.342,0.31778514
Merzenhausen,2023-01-02 17:00:00,42,val,0.345,0.31809932
Merzenhausen,2023-01-02 18:00:00,42,val,0.343,0.31830245
Merzenhausen,2023-01-02 19:00:00,42,val,0.343,0.3183782
Merzenhausen,2023-01-02 20:00:00,42,val,0.343,0.31847453
Merzenhausen,2023-01-02 21:00:00,42,val,0.343,0.31933576
Merzenhausen,2023-01-02 22:00:00,42,val,0.343,0.3197656
Merzenhausen,2023-01-02 23:00:00,42,val,0.343,0.31975913
Merzenhausen,2023-01-03 00:00:00,42,val,0.345,0.31972593
Merzenhausen,2023-01-03 01:00:00,42,val,0.343,0.32017812
Merzenhausen,2023-01-03 02:00:00,42,val,0.345,0.31986916
Merzenhausen,2023-01-03 03:00:00,42,val,0.342,0.3190953
Merzenhausen,2023-01-03 04:00:00,42,val,0.342,0.31826225
Merzenhausen,2023-01-03 05:00:00,42,val,0.342,0.3181599
Merzenhausen,2023-01-03 06:00:00,42,val,0.342,0.3175395
Merzenhausen,2023-01-03 07:00:00,42,val,0.343,0.31676295
Merzenhausen,2023-01-03 08:00:00,42,val,0.343,0.31610543
Merzenhausen,2023-01-03 09:00:00,42,val,0.34,0.3165105
Merzenhausen,2023-01-03 10:00:00,42,val,0.34,0.31679347
Merzenhausen,2023-01-03 11:00:00,42,val,0.341,0.3169608
Merzenhausen,2023-01-03 12:00:00,42,val,0.341,0.3172306
Merzenhausen,2023-01-03 13:00:00,42,val,0.341,0.31849533
Merzenhausen,2023-01-03 14:00:00,42,val,0.341,0.3193467
Merzenhausen,2023-01-03 15:00:00,42,val,0.341,0.3196375
Merzenhausen,2023-01-03 16:00:00,42,val,0.338,0.31980935
Merzenhausen,2023-01-03 17:00:00,42,val,0.338,0.3202882
Merzenhausen,2023-01-03 18:00:00,42,val,0.338,0.32029825
Merzenhausen,2023-01-03 19:00:00,42,val,0.338,0.31984523
Merzenhausen,2023-01-03 20:00:00,42,val,0.341,0.3195637
Merzenhausen,2023-01-03 21:00:00,42,val,0.34,0.3197883
Merzenhausen,2023-01-03 22:00:00,42,val,0.34,0.31971678
Merzenhausen,2023-01-03 23:00:00,42,val,0.34,0.31935716
Merzenhausen,2023-01-04 00:00:00,42,val,0.343,0.31918246
Merzenhausen,2023-01-04 01:00:00,42,val,0.343,0.3194969
Merzenhausen,2023-01-04 02:00:00,42,val,0.342,0.3193516
Merzenhausen,2023-01-04 03:00:00,42,val,0.342,0.31892905
Merzenhausen,2023-01-04 04:00:00,42,val,0.342,0.3185197
Merzenhausen,2023-01-04 05:00:00,42,val,0.342,0.31893533
Merzenhausen,2023-01-04 06:00:00,42,val,0.342,0.31890735
Merzenhausen,2023-01-04 07:00:00,42,val,0.34,0.31861645
Merzenhausen,2023-01-04 08:00:00,42,val,0.34,0.3182498
Merzenhausen,2023-01-04 09:00:00,42,val,0.34,0.31786403
Merzenhausen,2023-01-04 10:00:00,42,val,0.34,0.3175636
Merzenhausen,2023-01-04 11:00:00,42,val,0.34,0.31739697
Merzenhausen,2023-01-04 12:00:00,42,val,0.34,0.3173712
Merzenhausen,2023-01-04 13:00:00,42,val,0.34,0.3174851
Merzenhausen,2023-01-04 14:00:00,42,val,0.34,0.3175671
Merzenhausen,2023-01-04 15:00:00,42,val,0.34,0.31754434
Merzenhausen,2023-01-04 16:00:00,42,val,0.34,0.31738168
Merzenhausen,2023-01-04 17:00:00,42,val,0.34,0.3171825
Merzenhausen,2023-01-04 18:00:00,42,val,0.3405,0.31685954
Merzenhausen,2023-01-04 19:00:00,42,val,0.34,0.31650746
Merzenhausen,2023-01-04 20:00:00,42,val,0.342,0.31624568
Merzenhausen,2023-01-04 21:00:00,42,val,0.34,0.31614697
Merzenhausen,2023-01-04 22:00:00,42,val,0.3405,0.31622705
Merzenhausen,2023-01-04 23:00:00,42,val,0.34,0.31646353
Merzenhausen,2023-01-05 00:00:00,42,val,0.34,0.31683317
Merzenhausen,2023-01-05 01:00:00,42,val,0.34,0.3171817
Merzenhausen,2023-01-05 02:00:00,42,val,0.34,0.31752437
Merzenhausen,2023-01-05 03:00:00,42,val,0.34,0.3177262
Merzenhausen,2023-01-05 04:00:00,42,val,0.34,0.31782213
Merzenhausen,2023-01-05 05:00:00,42,val,0.34,0.3178311
Merzenhausen,2023-01-05 06:00:00,42,val,0.341,0.31777686
Merzenhausen,2023-01-05 07:00:00,42,val,0.34,0.31771
Merzenhausen,2023-01-05 08:00:00,42,val,0.341,0.31761825
Merzenhausen,2023-01-05 09:00:00,42,val,0.338,0.31749165
Merzenhausen,2023-01-05 10:00:00,42,val,0.338,0.317395
Merzenhausen,2023-01-05 11:00:00,42,val,0.338,0.31737304
Merzenhausen,2023-01-05 12:00:00,42,val,0.338,0.31742114
Merzenhausen,2023-01-05 13:00:00,42,val,0.338,0.31748948
Merzenhausen,2023-01-05 14:00:00,42,val,0.34,0.31749496
Merzenhausen,2023-01-05 15:00:00,42,val,0.34,0.317339
Merzenhausen,2023-01-05 16:00:00,42,val,0.34,0.31693596
Merzenhausen,2023-01-05 17:00:00,42,val,0.338,0.31640935
Merzenhausen,2023-01-05 18:00:00,42,val,0.338,0.3157525
Merzenhausen,2023-01-05 19:00:00,42,val,0.338,0.31512177
Merzenhausen,2023-01-05 20:00:00,42,val,0.34,0.31472877
Merzenhausen,2023-01-05 21:00:00,42,val,0.338,0.3145491
Merzenhausen,2023-01-05 22:00:00,42,val,0.337,0.31453902
Merzenhausen,2023-01-05 23:00:00,42,val,0.337,0.3146931
Merzenhausen,2023-01-06 00:00:00,42,val,0.337,0.31498244
Merzenhausen,2023-01-06 01:00:00,42,val,0.337,0.31530732
Merzenhausen,2023-01-06 02:00:00,42,val,0.338,0.31560084
Merzenhausen,2023-01-06 03:00:00,42,val,0.335,0.31582838
Merzenhausen,2023-01-06 04:00:00,42,val,0.335,0.31600007
Merzenhausen,2023-01-06 05:00:00,42,val,0.335,0.31611818
Merzenhausen,2023-01-06 06:00:00,42,val,0.335,0.31620768
Merzenhausen,2023-01-06 07:00:00,42,val,0.335,0.31621563
Merzenhausen,2023-01-06 08:00:00,42,val,0.335,0.31617838
Merzenhausen,2023-01-06 09:00:00,42,val,0.335,0.31612968
Merzenhausen,2023-01-06 10:00:00,42,val,0.337,0.31613505
Merzenhausen,2023-01-06 11:00:00,42,val,0.335,0.31622195
Merzenhausen,2023-01-06 12:00:00,42,val,0.336,0.31636816
Merzenhausen,2023-01-06 13:00:00,42,val,0.337,0.31655222
Merzenhausen,2023-01-06 14:00:00,42,val,0.336,0.3166758
Merzenhausen,2023-01-06 15:00:00,42,val,0.337,0.31668955
Merzenhausen,2023-01-06 16:00:00,42,val,0.333,0.31652862
Merzenhausen,2023-01-06 17:00:00,42,val,0.335,0.31614152
Merzenhausen,2023-01-06 18:00:00,42,val,0.335,0.31561548
Merzenhausen,2023-01-06 19:00:00,42,val,0.335,0.31505686
Merzenhausen,2023-01-06 20:00:00,42,val,0.335,0.31464916
Merzenhausen,2023-01-06 21:00:00,42,val,0.333,0.314387
Merzenhausen,2023-01-06 22:00:00,42,val,0.333,0.31432456
Merzenhausen,2023-01-06 23:00:00,42,val,0.334,0.31441605
Merzenhausen,2023-01-07 00:00:00,42,val,0.334,0.31457144
Merzenhausen,2023-01-07 01:00:00,42,val,0.334,0.31477743
Merzenhausen,2023-01-07 02:00:00,42,val,0.334,0.31496474
Merzenhausen,2023-01-07 03:00:00,42,val,0.333,0.315116
Merzenhausen,2023-01-07 04:00:00,42,val,0.334,0.31523967
Merzenhausen,2023-01-07 05:00:00,42,val,0.335,0.31530383
Merzenhausen,2023-01-07 06:00:00,42,val,0.335,0.31532723
Merzenhausen,2023-01-07 07:00:00,42,val,0.335,0.31533477
Merzenhausen,2023-01-07 08:00:00,42,val,0.332,0.31534722
Merzenhausen,2023-01-07 09:00:00,42,val,0.334,0.31531584
Merzenhausen,2023-01-07 10:00:00,42,val,0.332,0.3152934
Merzenhausen,2023-01-07 11:00:00,42,val,0.332,0.3153133
Merzenhausen,2023-01-07 12:00:00,42,val,0.332,0.31538442
Merzenhausen,2023-01-07 13:00:00,42,val,0.332,0.31544584
Merzenhausen,2023-01-07 14:00:00,42,val,0.333,0.315494
Merzenhausen,2023-01-07 15:00:00,42,val,0.333,0.3154653
Merzenhausen,2023-01-07 16:00:00,42,val,0.333,0.31528598
Merzenhausen,2023-01-07 17:00:00,42,val,0.332,0.31488293
Merzenhausen,2023-01-07 18:00:00,42,val,0.33,0.31434977
Merzenhausen,2023-01-07 19:00:00,42,val,0.33,0.31380266
Merzenhausen,2023-01-07 20:00:00,42,val,0.33,0.31341466
Merzenhausen,2023-01-07 21:00:00,42,val,0.33,0.31324038
Merzenhausen,2023-01-07 22:00:00,42,val,0.332,0.31321228
Merzenhausen,2023-01-07 23:00:00,42,val,0.334,0.31328773
Merzenhausen,2023-01-08 00:00:00,42,val,0.333,0.3134674
Merzenhausen,2023-01-08 01:00:00,42,val,0.333,0.31364405
Merzenhausen,2023-01-08 02:00:00,42,val,0.332,0.31379345
Merzenhausen,2023-01-08 03:00:00,42,val,0.335,0.31384337
Merzenhausen,2023-01-08 04:00:00,42,val,0.335,0.31386518
Merzenhausen,2023-01-08 05:00:00,42,val,0.332,0.31379864
Merzenhausen,2023-01-08 06:00:00,42,val,0.335,0.31365854
Merzenhausen,2023-01-08 07:00:00,42,val,0.333,0.3135068
Merzenhausen,2023-01-08 08:00:00,42,val,0.333,0.31343964
Merzenhausen,2023-01-08 09:00:00,42,val,0.334,0.3133187
Merzenhausen,2023-01-08 10:00:00,42,val,0.332,0.31325892
Merzenhausen,2023-01-08 11:00:00,42,val,0.334,0.31317633
Merzenhausen,2023-01-08 12:00:00,42,val,0.333,0.31335285
Merzenhausen,2023-01-08 13:00:00,42,val,0.333,0.31359366
Merzenhausen,2023-01-08 14:00:00,42,val,0.335,0.31371176
Merzenhausen,2023-01-08 15:00:00,42,val,0.333,0.31365436
Merzenhausen,2023-01-08 16:00:00,42,val,0.334,0.3135142
Merzenhausen,2023-01-08 17:00:00,42,val,0.333,0.3131183
Merzenhausen,2023-01-08 18:00:00,42,val,0.333,0.31254587
Merzenhausen,2023-01-08 19:00:00,42,val,0.333,0.31188738
Merzenhausen,2023-01-08 20:00:00,42,val,0.333,0.3114979
Merzenhausen,2023-01-08 21:00:00,42,val,0.3329999999999999,0.31108737
Merzenhausen,2023-01-08 22:00:00,42,val,0.334,0.31071365
Merzenhausen,2023-01-08 23:00:00,42,val,0.333,0.3104807
Merzenhausen,2023-01-09 00:00:00,42,val,0.333,0.31062588
Merzenhausen,2023-01-09 01:00:00,42,val,0.334,0.31056234
Merzenhausen,2023-01-09 02:00:00,42,val,0.333,0.31033278
Merzenhausen,2023-01-09 03:00:00,42,val,0.333,0.30995056
Merzenhausen,2023-01-09 04:00:00,42,val,0.333,0.30974334
Merzenhausen,2023-01-09 05:00:00,42,val,0.333,0.3095789
Merzenhausen,2023-01-09 06:00:00,42,val,0.335,0.3093906
Merzenhausen,2023-01-09 07:00:00,42,val,0.335,0.30919194
Merzenhausen,2023-01-09 08:00:00,42,val,0.34,0.30926242
Merzenhausen,2023-01-09 09:00:00,42,val,0.351,0.30936557
Merzenhausen,2023-01-09 10:00:00,42,val,0.353,0.30941203
Merzenhausen,2023-01-09 11:00:00,42,val,0.353,0.30943495
Merzenhausen,2023-01-09 12:00:00,42,val,0.353,0.30986685
Merzenhausen,2023-01-09 13:00:00,42,val,0.353,0.3102613
Merzenhausen,2023-01-09 14:00:00,42,val,0.353,0.31051162
Merzenhausen,2023-01-09 15:00:00,42,val,0.353,0.31053105
Merzenhausen,2023-01-09 16:00:00,42,val,0.351,0.31075585
Merzenhausen,2023-01-09 17:00:00,42,val,0.351,0.31059968
Merzenhausen,2023-01-09 18:00:00,42,val,0.35,0.31014583
Merzenhausen,2023-01-09 19:00:00,42,val,0.351,0.30957803
Merzenhausen,2023-01-09 20:00:00,42,val,0.35,0.30959454
Merzenhausen,2023-01-09 21:00:00,42,val,0.35,0.30962178
Merzenhausen,2023-01-09 22:00:00,42,val,0.35,0.3094265
Merzenhausen,2023-01-09 23:00:00,42,val,0.348,0.30901042
Merzenhausen,2023-01-10 00:00:00,42,val,0.349,0.30920675
Merzenhausen,2023-01-10 01:00:00,42,val,0.349,0.30902478
Merzenhausen,2023-01-10 02:00:00,42,val,0.349,0.3084951
Merzenhausen,2023-01-10 03:00:00,42,val,0.349,0.30787426
Merzenhausen,2023-01-10 04:00:00,42,val,0.349,0.3078206
Merzenhausen,2023-01-10 05:00:00,42,val,0.35,0.3076319
Merzenhausen,2023-01-10 06:00:00,42,val,0.363,0.3072912
Merzenhausen,2023-01-10 07:00:00,42,val,0.372,0.3068097
Merzenhausen,2023-01-10 08:00:00,42,val,0.379,0.3068691
Merzenhausen,2023-01-10 09:00:00,42,val,0.383,0.30701593
Merzenhausen,2023-01-10 10:00:00,42,val,0.383,0.3070788
Merzenhausen,2023-01-10 11:00:00,42,val,0.379,0.3071933
Merzenhausen,2023-01-10 12:00:00,42,val,0.376,0.30809045
Merzenhausen,2023-01-10 13:00:00,42,val,0.377,0.30898908
Merzenhausen,2023-01-10 14:00:00,42,val,0.379,0.3096707
Merzenhausen,2023-01-10 15:00:00,42,val,0.378,0.30994093
Merzenhausen,2023-01-10 16:00:00,42,val,0.378,0.31082037
Merzenhausen,2023-01-10 17:00:00,42,val,0.378,0.31125683
Merzenhausen,2023-01-10 18:00:00,42,val,0.376,0.31125423
Merzenhausen,2023-01-10 19:00:00,42,val,0.376,0.3108519
Merzenhausen,2023-01-10 20:00:00,42,val,0.382,0.3112946
Merzenhausen,2023-01-10 21:00:00,42,val,0.379,0.31153488
Merzenhausen,2023-01-10 22:00:00,42,val,0.379,0.31158102
Merzenhausen,2023-01-10 23:00:00,42,val,0.377,0.3114457
Merzenhausen,2023-01-11 00:00:00,42,val,0.381,0.31207204
Merzenhausen,2023-01-11 01:00:00,42,val,0.379,0.31261674
Merzenhausen,2023-01-11 02:00:00,42,val,0.376,0.3128565
Merzenhausen,2023-01-11 03:00:00,42,val,0.375,0.31288314
Merzenhausen,2023-01-11 04:00:00,42,val,0.375,0.31334955
Merzenhausen,2023-01-11 05:00:00,42,val,0.374,0.3139443
Merzenhausen,2023-01-11 06:00:00,42,val,0.372,0.3142823
Merzenhausen,2023-01-11 07:00:00,42,val,0.372,0.31449088
Merzenhausen,2023-01-11 08:00:00,42,val,0.372,0.31449926
Merzenhausen,2023-01-11 09:00:00,42,val,0.371,0.31595927
Merzenhausen,2023-01-11 10:00:00,42,val,0.369,0.31712192
Merzenhausen,2023-01-11 11:00:00,42,val,0.367,0.3180676
Merzenhausen,2023-01-11 12:00:00,42,val,0.368,0.318953
Merzenhausen,2023-01-11 13:00:00,42,val,0.368,0.31975052
Merzenhausen,2023-01-11 14:00:00,42,val,0.372,0.32038742
Merzenhausen,2023-01-11 15:00:00,42,val,0.375,0.32077682
Merzenhausen,2023-01-11 16:00:00,42,val,0.372,0.32083684
Merzenhausen,2023-01-11 17:00:00,42,val,0.371,0.32062274
Merzenhausen,2023-01-11 18:00:00,42,val,0.371,0.3202059
Merzenhausen,2023-01-11 19:00:00,42,val,0.369,0.31975776
Merzenhausen,2023-01-11 20:00:00,42,val,0.369,0.31936714
Merzenhausen,2023-01-11 21:00:00,42,val,0.369,0.3191281
Merzenhausen,2023-01-11 22:00:00,42,val,0.367,0.31911227
Merzenhausen,2023-01-11 23:00:00,42,val,0.368,0.31919363
Merzenhausen,2023-01-12 00:00:00,42,val,0.366,0.31931508
Merzenhausen,2023-01-12 01:00:00,42,val,0.366,0.31943187
Merzenhausen,2023-01-12 02:00:00,42,val,0.364,0.31953305
Merzenhausen,2023-01-12 03:00:00,42,val,0.365,0.31966472
Merzenhausen,2023-01-12 04:00:00,42,val,0.365,0.3198365
Merzenhausen,2023-01-12 05:00:00,42,val,0.365,0.32010722
Merzenhausen,2023-01-12 06:00:00,42,val,0.363,0.3207795
Merzenhausen,2023-01-12 07:00:00,42,val,0.363,0.3218518
Merzenhausen,2023-01-12 08:00:00,42,val,0.363,0.32323664
Merzenhausen,2023-01-12 09:00:00,42,val,0.363,0.3249192
Merzenhausen,2023-01-12 10:00:00,42,val,0.361,0.32678503
Merzenhausen,2023-01-12 11:00:00,42,val,0.361,0.32859647
Merzenhausen,2023-01-12 12:00:00,42,val,0.365,0.33018723
Merzenhausen,2023-01-12 13:00:00,42,val,0.366,0.33161616
Merzenhausen,2023-01-12 14:00:00,42,val,0.368,0.33277136
Merzenhausen,2023-01-12 15:00:00,42,val,0.369,0.33357304
Merzenhausen,2023-01-12 16:00:00,42,val,0.369,0.3339619
Merzenhausen,2023-01-12 17:00:00,42,val,0.369,0.33398896
Merzenhausen,2023-01-12 18:00:00,42,val,0.367,0.333832
Merzenhausen,2023-01-12 19:00:00,42,val,0.367,0.33368865
Merzenhausen,2023-01-12 20:00:00,42,val,0.367,0.33373168
Merzenhausen,2023-01-12 21:00:00,42,val,0.387,0.3338772
Merzenhausen,2023-01-12 22:00:00,42,val,0.39,0.334123
Merzenhausen,2023-01-12 23:00:00,42,val,0.391,0.3344659
Merzenhausen,2023-01-13 00:00:00,42,val,0.39,0.33492225
Merzenhausen,2023-01-13 01:00:00,42,val,0.39,0.33525515
Merzenhausen,2023-01-13 02:00:00,42,val,0.387,0.3353434
Merzenhausen,2023-01-13 03:00:00,42,val,0.384,0.33520532
Merzenhausen,2023-01-13 04:00:00,42,val,0.38,0.33489105
Merzenhausen,2023-01-13 05:00:00,42,val,0.38,0.33448648
Merzenhausen,2023-01-13 06:00:00,42,val,0.378,0.33404183
Merzenhausen,2023-01-13 07:00:00,42,val,0.377,0.33366275
Merzenhausen,2023-01-13 08:00:00,42,val,0.375,0.3333856
Merzenhausen,2023-01-13 09:00:00,42,val,0.374,0.3332594
Merzenhausen,2023-01-13 10:00:00,42,val,0.372,0.3332382
Merzenhausen,2023-01-13 11:00:00,42,val,0.371,0.33328396
Merzenhausen,2023-01-13 12:00:00,42,val,0.371,0.3333994
Merzenhausen,2023-01-13 13:00:00,42,val,0.371,0.33370626
Merzenhausen,2023-01-13 14:00:00,42,val,0.369,0.33405676
Merzenhausen,2023-01-13 15:00:00,42,val,0.369,0.33427203
Merzenhausen,2023-01-13 16:00:00,42,val,0.368,0.3341706
Merzenhausen,2023-01-13 17:00:00,42,val,0.368,0.33378655
Merzenhausen,2023-01-13 18:00:00,42,val,0.368,0.33323726
Merzenhausen,2023-01-13 19:00:00,42,val,0.366,0.33262157
Merzenhausen,2023-01-13 20:00:00,42,val,0.366,0.33207384
Merzenhausen,2023-01-13 21:00:00,42,val,0.367,0.33164546
Merzenhausen,2023-01-13 22:00:00,42,val,0.365,0.33134317
Merzenhausen,2023-01-13 23:00:00,42,val,0.365,0.33117563
Merzenhausen,2023-01-14 00:00:00,42,val,0.365,0.33102593
Merzenhausen,2023-01-14 01:00:00,42,val,0.363,0.33084834
Merzenhausen,2023-01-14 02:00:00,42,val,0.363,0.33055818
Merzenhausen,2023-01-14 03:00:00,42,val,0.363,0.33016393
Merzenhausen,2023-01-14 04:00:00,42,val,0.361,0.3297432
Merzenhausen,2023-01-14 05:00:00,42,val,0.361,0.32929358
Merzenhausen,2023-01-14 06:00:00,42,val,0.361,0.3288513
Merzenhausen,2023-01-14 07:00:00,42,val,0.361,0.3284995
Merzenhausen,2023-01-14 08:00:00,42,val,0.359,0.32833585
Merzenhausen,2023-01-14 09:00:00,42,val,0.36,0.32831523
Merzenhausen,2023-01-14 10:00:00,42,val,0.36,0.32840934
Merzenhausen,2023-01-14 11:00:00,42,val,0.362,0.32888362
Merzenhausen,2023-01-14 12:00:00,42,val,0.36,0.32962185
Merzenhausen,2023-01-14 13:00:00,42,val,0.36,0.33037832
Merzenhausen,2023-01-14 14:00:00,42,val,0.36,0.33109805
Merzenhausen,2023-01-14 15:00:00,42,val,0.36,0.3315204
Merzenhausen,2023-01-14 16:00:00,42,val,0.36,0.3315814
Merzenhausen,2023-01-14 17:00:00,42,val,0.36,0.3313945
Merzenhausen,2023-01-14 18:00:00,42,val,0.358,0.33099857
Merzenhausen,2023-01-14 19:00:00,42,val,0.36,0.33057493
Merzenhausen,2023-01-14 20:00:00,42,val,0.36,0.33036724
Merzenhausen,2023-01-14 21:00:00,42,val,0.36,0.3310968
Merzenhausen,2023-01-14 22:00:00,42,val,0.36,0.3324008
Merzenhausen,2023-01-14 23:00:00,42,val,0.361,0.3338762
Merzenhausen,2023-01-15 00:00:00,42,val,0.361,0.3351622
Merzenhausen,2023-01-15 01:00:00,42,val,0.361,0.33608574
Merzenhausen,2023-01-15 02:00:00,42,val,0.361,0.336592
Merzenhausen,2023-01-15 03:00:00,42,val,0.361,0.33671933
Merzenhausen,2023-01-15 04:00:00,42,val,0.361,0.33655667
Merzenhausen,2023-01-15 05:00:00,42,val,0.362,0.33625486
Merzenhausen,2023-01-15 06:00:00,42,val,0.36,0.33589217
Merzenhausen,2023-01-15 07:00:00,42,val,0.36,0.33554864
Merzenhausen,2023-01-15 08:00:00,42,val,0.36,0.33526066
Merzenhausen,2023-01-15 09:00:00,42,val,0.361,0.33506387
Merzenhausen,2023-01-15 10:00:00,42,val,0.361,0.33495024
Merzenhausen,2023-01-15 11:00:00,42,val,0.359,0.33489648
Merzenhausen,2023-01-15 12:00:00,42,val,0.359,0.33488023
Merzenhausen,2023-01-15 13:00:00,42,val,0.359,0.334807
Merzenhausen,2023-01-15 14:00:00,42,val,0.359,0.3345518
Merzenhausen,2023-01-15 15:00:00,42,val,0.36,0.3340778
Merzenhausen,2023-01-15 16:00:00,42,val,0.357,0.33338755
Merzenhausen,2023-01-15 17:00:00,42,val,0.357,0.33270553
Merzenhausen,2023-03-22 05:00:00,42,val,0.344,0.31484604
Merzenhausen,2023-03-22 06:00:00,42,val,0.344,0.3150968
Merzenhausen,2023-03-22 07:00:00,42,val,0.344,0.31538463
Merzenhausen,2023-03-22 08:00:00,42,val,0.344,0.31569386
Merzenhausen,2023-03-22 09:00:00,42,val,0.344,0.3160451
Merzenhausen,2023-03-22 10:00:00,42,val,0.342,0.3164016
Merzenhausen,2023-03-22 11:00:00,42,val,0.343,0.31674674
Merzenhausen,2023-03-22 12:00:00,42,val,0.342,0.31704253
Merzenhausen,2023-03-22 13:00:00,42,val,0.342,0.31708452
Merzenhausen,2023-03-22 14:00:00,42,val,0.344,0.31683198
Merzenhausen,2023-03-22 15:00:00,42,val,0.344,0.31624267
Merzenhausen,2023-03-22 16:00:00,42,val,0.342,0.31534237
Merzenhausen,2023-03-22 17:00:00,42,val,0.344,0.3141953
Merzenhausen,2023-03-22 18:00:00,42,val,0.343,0.31295115
Merzenhausen,2023-03-22 19:00:00,42,val,0.344,0.31179047
Merzenhausen,2023-03-22 20:00:00,42,val,0.344,0.31088856
Merzenhausen,2023-03-22 21:00:00,42,val,0.344,0.31030145
Merzenhausen,2023-03-22 22:00:00,42,val,0.341,0.31010768
Merzenhausen,2023-03-22 23:00:00,42,val,0.341,0.31035292
Merzenhausen,2023-03-23 00:00:00,42,val,0.341,0.3109
Merzenhausen,2023-03-23 01:00:00,42,val,0.341,0.3116364
Merzenhausen,2023-03-23 02:00:00,42,val,0.341,0.31255886
Merzenhausen,2023-03-23 03:00:00,42,val,0.341,0.31341028
Merzenhausen,2023-03-23 04:00:00,42,val,0.341,0.31409073
Merzenhausen,2023-03-23 05:00:00,42,val,0.341,0.3146313
Merzenhausen,2023-03-23 06:00:00,42,val,0.341,0.31504408
Merzenhausen,2023-03-23 07:00:00,42,val,0.341,0.3153758
Merzenhausen,2023-03-23 08:00:00,42,val,0.341,0.3156503
Merzenhausen,2023-03-23 09:00:00,42,val,0.341,0.31582212
Merzenhausen,2023-03-23 10:00:00,42,val,0.341,0.31599876
Merzenhausen,2023-03-23 11:00:00,42,val,0.341,0.31614906
Merzenhausen,2023-03-23 12:00:00,42,val,0.341,0.31621474
Merzenhausen,2023-03-23 13:00:00,42,val,0.341,0.31611794
Merzenhausen,2023-03-23 14:00:00,42,val,0.333,0.31587005
Merzenhausen,2023-03-23 15:00:00,42,val,0.343,0.31540048
Merzenhausen,2023-03-23 16:00:00,42,val,0.33,0.31455696
Merzenhausen,2023-03-23 17:00:00,42,val,0.3735,0.3134347
Merzenhausen,2023-03-23 18:00:00,42,val,0.371,0.31218424
Merzenhausen,2023-03-23 19:00:00,42,val,0.37,0.31100795
Merzenhausen,2023-03-23 20:00:00,42,val,0.37,0.31005502
Merzenhausen,2023-03-23 21:00:00,42,val,0.357,0.30943823
Merzenhausen,2023-03-23 22:00:00,42,val,0.3695,0.3092342
Merzenhausen,2023-03-23 23:00:00,42,val,0.356,0.309529
Merzenhausen,2023-03-24 00:00:00,42,val,0.356,0.3101254
Merzenhausen,2023-03-24 01:00:00,42,val,0.356,0.31083253
Merzenhausen,2023-03-24 02:00:00,42,val,0.354,0.31159282
Merzenhausen,2023-03-24 03:00:00,42,val,0.354,0.31232837
Merzenhausen,2023-03-24 04:00:00,42,val,0.355,0.31298992
Merzenhausen,2023-03-24 05:00:00,42,val,0.355,0.31358722
Merzenhausen,2023-03-24 06:00:00,42,val,0.3465,0.31401902
Merzenhausen,2023-03-24 07:00:00,42,val,0.3465,0.3143085
Merzenhausen,2023-04-15 16:00:00,42,val,0.348,0.3111112
Merzenhausen,2023-04-15 17:00:00,42,val,0.348,0.31050438
Merzenhausen,2023-04-15 18:00:00,42,val,0.348,0.3097614
Merzenhausen,2023-04-15 19:00:00,42,val,0.3565,0.30900598
Merzenhausen,2023-04-15 20:00:00,42,val,0.347,0.30838084
Merzenhausen,2023-04-15 21:00:00,42,val,0.362,0.30814117
Merzenhausen,2023-04-15 22:00:00,42,val,0.348,0.3080716
Merzenhausen,2023-04-15 23:00:00,42,val,0.348,0.3080151
Merzenhausen,2023-04-16 00:00:00,42,val,0.348,0.30792454
Merzenhausen,2023-04-16 01:00:00,42,val,0.346,0.30789232
Merzenhausen,2023-04-16 02:00:00,42,val,0.346,0.3079026
Merzenhausen,2023-04-16 03:00:00,42,val,0.346,0.30790555
Merzenhausen,2023-04-16 04:00:00,42,val,0.346,0.30800387
Merzenhausen,2023-04-16 05:00:00,42,val,0.348,0.30821592
Merzenhausen,2023-04-16 06:00:00,42,val,0.344,0.30854937
Merzenhausen,2023-04-16 07:00:00,42,val,0.345,0.3090242
Merzenhausen,2023-04-16 08:00:00,42,val,0.345,0.30959767
Merzenhausen,2023-04-16 09:00:00,42,val,0.345,0.31025326
Merzenhausen,2023-04-16 10:00:00,42,val,0.345,0.31095898
Merzenhausen,2023-04-16 11:00:00,42,val,0.346,0.31171677
Merzenhausen,2023-04-16 12:00:00,42,val,0.346,0.3123428
Merzenhausen,2023-04-16 13:00:00,42,val,0.346,0.31276628
Merzenhausen,2023-04-16 14:00:00,42,val,0.345,0.3128969
Merzenhausen,2023-04-16 15:00:00,42,val,0.345,0.3126678
Merzenhausen,2023-04-16 16:00:00,42,val,0.345,0.31212395
Merzenhausen,2023-04-16 17:00:00,42,val,0.345,0.311442
Merzenhausen,2023-04-16 18:00:00,42,val,0.345,0.31043497
Merzenhausen,2023-04-16 19:00:00,42,val,0.346,0.30947542
Merzenhausen,2023-04-16 20:00:00,42,val,0.344,0.30839932
Merzenhausen,2023-04-16 21:00:00,42,val,0.344,0.30797693
Merzenhausen,2023-04-16 22:00:00,42,val,0.344,0.30783373
Merzenhausen,2023-04-16 23:00:00,42,val,0.344,0.30795562
Merzenhausen,2023-04-17 00:00:00,42,val,0.342,0.30822766
Merzenhausen,2023-04-17 01:00:00,42,val,0.342,0.3085849
Merzenhausen,2023-04-17 02:00:00,42,val,0.343,0.3089772
Merzenhausen,2023-04-17 03:00:00,42,val,0.343,0.3093648
Merzenhausen,2023-04-17 04:00:00,42,val,0.343,0.31022042
Merzenhausen,2023-04-17 05:00:00,42,val,0.343,0.31088367
Merzenhausen,2023-04-17 06:00:00,42,val,0.341,0.3114712
Merzenhausen,2023-04-17 07:00:00,42,val,0.341,0.31203255
Merzenhausen,2023-04-17 08:00:00,42,val,0.341,0.31260926
Merzenhausen,2023-04-17 09:00:00,42,val,0.341,0.31319702
Merzenhausen,2023-04-17 10:00:00,42,val,0.341,0.3137853
Merzenhausen,2023-04-17 11:00:00,42,val,0.342,0.31431195
Merzenhausen,2023-04-17 12:00:00,42,val,0.339,0.3149702
Merzenhausen,2023-04-17 13:00:00,42,val,0.339,0.31507584
Merzenhausen,2023-04-17 14:00:00,42,val,0.342,0.31489012
Merzenhausen,2023-04-17 15:00:00,42,val,0.34,0.31478578
Merzenhausen,2023-04-17 16:00:00,42,val,0.34,0.3141392
Merzenhausen,2023-04-17 17:00:00,42,val,0.34,0.3131212
Merzenhausen,2023-04-17 18:00:00,42,val,0.34,0.31196508
Merzenhausen,2023-04-17 19:00:00,42,val,0.337,0.31117073
Merzenhausen,2023-04-17 20:00:00,42,val,0.338,0.3104389
Merzenhausen,2023-04-17 21:00:00,42,val,0.337,0.3103516
Merzenhausen,2023-04-17 22:00:00,42,val,0.338,0.31028143
Merzenhausen,2023-04-17 23:00:00,42,val,0.338,0.3102841
Merzenhausen,2023-04-18 00:00:00,42,val,0.336,0.3103061
Merzenhausen,2023-04-18 01:00:00,42,val,0.336,0.31022426
Merzenhausen,2023-04-18 02:00:00,42,val,0.338,0.31002444
Merzenhausen,2023-04-18 03:00:00,42,val,0.335,0.30971366
Merzenhausen,2023-04-18 04:00:00,42,val,0.336,0.30924302
Merzenhausen,2023-04-18 05:00:00,42,val,0.336,0.3088623
Merzenhausen,2023-04-18 06:00:00,42,val,0.334,0.30858302
Merzenhausen,2023-04-18 07:00:00,42,val,0.333,0.30858946
Merzenhausen,2023-04-18 08:00:00,42,val,0.333,0.30894166
Merzenhausen,2023-04-18 09:00:00,42,val,0.334,0.3095207
Merzenhausen,2023-04-18 10:00:00,42,val,0.334,0.31021905
Merzenhausen,2023-04-18 11:00:00,42,val,0.334,0.3109673
Merzenhausen,2023-04-18 12:00:00,42,val,0.333,0.31164056
Merzenhausen,2023-04-18 13:00:00,42,val,0.336,0.31210423
Merzenhausen,2023-04-18 14:00:00,42,val,0.336,0.31222355
Merzenhausen,2023-04-18 15:00:00,42,val,0.336,0.31193426
Merzenhausen,2023-04-18 16:00:00,42,val,0.334,0.31125492
Merzenhausen,2023-04-18 17:00:00,42,val,0.334,0.31027153
Merzenhausen,2023-04-18 18:00:00,42,val,0.334,0.30919373
Merzenhausen,2023-04-18 19:00:00,42,val,0.334,0.30824947
Merzenhausen,2023-04-18 20:00:00,42,val,0.336,0.3074624
Merzenhausen,2023-04-18 21:00:00,42,val,0.334,0.30691904
Merzenhausen,2023-04-18 22:00:00,42,val,0.336,0.30666357
Merzenhausen,2023-04-18 23:00:00,42,val,0.326,0.30668756
Merzenhausen,2023-04-19 00:00:00,42,val,0.326,0.30685356
Merzenhausen,2023-04-19 01:00:00,42,val,0.336,0.30711108
Merzenhausen,2023-04-19 02:00:00,42,val,0.327,0.3074208
Merzenhausen,2023-04-19 03:00:00,42,val,0.336,0.30772638
Merzenhausen,2023-04-19 04:00:00,42,val,0.335,0.3080554
Merzenhausen,2023-04-19 05:00:00,42,val,0.326,0.30843762
Merzenhausen,2023-04-19 06:00:00,42,val,0.335,0.3088142
Merzenhausen,2023-04-19 07:00:00,42,val,0.335,0.30920416
Merzenhausen,2023-04-19 08:00:00,42,val,0.335,0.3096315
Merzenhausen,2023-04-19 09:00:00,42,val,0.362,0.31009358
Merzenhausen,2023-04-19 10:00:00,42,val,0.336,0.31054166
Merzenhausen,2023-04-19 11:00:00,42,val,0.3275,0.3109721
Merzenhausen,2023-04-19 12:00:00,42,val,0.336,0.31120515
Merzenhausen,2023-04-19 13:00:00,42,val,0.3419999999999999,0.3111804
Merzenhausen,2023-04-19 14:00:00,42,val,0.3495,0.31095546
Merzenhausen,2023-04-19 15:00:00,42,val,0.337,0.31034276
Merzenhausen,2023-04-19 16:00:00,42,val,0.337,0.3093968
Merzenhausen,2023-04-19 17:00:00,42,val,0.337,0.3082072
Merzenhausen,2023-04-19 18:00:00,42,val,0.349,0.30694878
Merzenhausen,2023-04-19 19:00:00,42,val,0.337,0.3056852
Merzenhausen,2023-04-19 20:00:00,42,val,0.335,0.30461958
Merzenhausen,2023-04-19 21:00:00,42,val,0.328,0.30379194
Merzenhausen,2023-04-19 22:00:00,42,val,0.3495,0.3032547
Merzenhausen,2023-04-19 23:00:00,42,val,0.336,0.3029088
Merzenhausen,2023-04-20 00:00:00,42,val,0.336,0.3025495
Merzenhausen,2023-04-20 01:00:00,42,val,0.336,0.30211806
Merzenhausen,2023-04-20 02:00:00,42,val,0.336,0.30169088
Merzenhausen,2023-04-20 03:00:00,42,val,0.336,0.3012663
Merzenhausen,2023-04-20 04:00:00,42,val,0.334,0.30097905
Merzenhausen,2023-04-20 05:00:00,42,val,0.334,0.30081582
Merzenhausen,2023-04-20 06:00:00,42,val,0.335,0.3008077
Merzenhausen,2023-04-20 07:00:00,42,val,0.335,0.30096897
Merzenhausen,2023-04-20 08:00:00,42,val,0.335,0.3013094
Merzenhausen,2023-04-20 09:00:00,42,val,0.338,0.3019309
Merzenhausen,2023-04-20 10:00:00,42,val,0.337,0.3026509
Merzenhausen,2023-04-20 11:00:00,42,val,0.337,0.30344918
Merzenhausen,2023-04-20 12:00:00,42,val,0.336,0.30427733
Merzenhausen,2023-04-20 13:00:00,42,val,0.337,0.30498737
Merzenhausen,2023-04-20 14:00:00,42,val,0.337,0.3054281
Merzenhausen,2023-04-20 15:00:00,42,val,0.335,0.3054866
Merzenhausen,2023-04-20 16:00:00,42,val,0.335,0.30513006
Merzenhausen,2023-04-20 17:00:00,42,val,0.337,0.3044243
Merzenhausen,2023-04-20 18:00:00,42,val,0.337,0.30349058
Merzenhausen,2023-04-20 19:00:00,42,val,0.337,0.30257478
Merzenhausen,2023-04-20 20:00:00,42,val,0.337,0.30177718
Merzenhausen,2023-04-20 21:00:00,42,val,0.337,0.30132312
Merzenhausen,2023-04-20 22:00:00,42,val,0.334,0.30140316
Merzenhausen,2023-04-20 23:00:00,42,val,0.334,0.3013215
Merzenhausen,2023-04-21 00:00:00,42,val,0.335,0.3009221
Merzenhausen,2023-04-21 01:00:00,42,val,0.335,0.30055967
Merzenhausen,2023-04-21 02:00:00,42,val,0.336,0.2999763
Merzenhausen,2023-04-21 03:00:00,42,val,0.334,0.2996375
Merzenhausen,2023-04-21 04:00:00,42,val,0.334,0.29947484
Merzenhausen,2023-04-21 05:00:00,42,val,0.334,0.29915708
Merzenhausen,2023-04-21 06:00:00,42,val,0.334,0.2991576
Merzenhausen,2023-04-21 07:00:00,42,val,0.334,0.29952246
Merzenhausen,2023-04-21 08:00:00,42,val,0.334,0.3002136
Merzenhausen,2023-04-21 09:00:00,42,val,0.334,0.30196857
Merzenhausen,2023-04-21 10:00:00,42,val,0.334,0.30353028
Merzenhausen,2023-04-21 11:00:00,42,val,0.334,0.30459616
Merzenhausen,2023-04-21 12:00:00,42,val,0.334,0.3054361
Merzenhausen,2023-04-21 13:00:00,42,val,0.334,0.30611295
Merzenhausen,2023-04-21 14:00:00,42,val,0.334,0.30667594
Merzenhausen,2023-04-21 15:00:00,42,val,0.334,0.30662018
Merzenhausen,2023-04-21 16:00:00,42,val,0.334,0.3063207
Merzenhausen,2023-04-21 17:00:00,42,val,0.332,0.30564478
Merzenhausen,2023-04-21 18:00:00,42,val,0.33,0.30507702
Merzenhausen,2023-04-21 19:00:00,42,val,0.332,0.30459118
Merzenhausen,2023-04-21 20:00:00,42,val,0.332,0.30409226
Merzenhausen,2023-04-21 21:00:00,42,val,0.332,0.3033352
Merzenhausen,2023-04-21 22:00:00,42,val,0.332,0.30316916
Merzenhausen,2023-04-21 23:00:00,42,val,0.332,0.30287832
Merzenhausen,2023-04-22 00:00:00,42,val,0.332,0.30250373
Merzenhausen,2023-04-22 01:00:00,42,val,0.332,0.3020999
Merzenhausen,2023-04-22 02:00:00,42,val,0.332,0.3017598
Merzenhausen,2023-04-22 03:00:00,42,val,0.33,0.30151463
Merzenhausen,2023-04-22 04:00:00,42,val,0.329,0.30139086
Merzenhausen,2023-04-22 05:00:00,42,val,0.329,0.30144528
Merzenhausen,2023-04-22 06:00:00,42,val,0.324,0.3018322
Merzenhausen,2023-04-22 07:00:00,42,val,0.33,0.30249053
Merzenhausen,2023-04-22 08:00:00,42,val,0.366,0.30329028
Merzenhausen,2023-04-22 09:00:00,42,val,0.379,0.30414942
Merzenhausen,2023-04-22 10:00:00,42,val,0.376,0.30483517
Merzenhausen,2023-04-22 11:00:00,42,val,0.375,0.30531946
Merzenhausen,2023-04-22 12:00:00,42,val,0.376,0.30553305
Merzenhausen,2023-04-22 13:00:00,42,val,0.374,0.30554184
Merzenhausen,2023-04-22 14:00:00,42,val,0.374,0.3053777
Merzenhausen,2023-04-22 15:00:00,42,val,0.374,0.30485103
Merzenhausen,2023-04-22 16:00:00,42,val,0.371,0.30401328
Merzenhausen,2023-04-22 17:00:00,42,val,0.371,0.30307287
Merzenhausen,2023-04-22 18:00:00,42,val,0.37,0.30206382
Merzenhausen,2023-04-22 19:00:00,42,val,0.368,0.3012275
Merzenhausen,2023-04-22 20:00:00,42,val,0.366,0.3006391
Merzenhausen,2023-04-22 21:00:00,42,val,0.367,0.30033833
Merzenhausen,2023-04-22 22:00:00,42,val,0.367,0.3002032
Merzenhausen,2023-04-22 23:00:00,42,val,0.365,0.3002122
Merzenhausen,2023-04-23 00:00:00,42,val,0.365,0.300308
Merzenhausen,2023-04-23 01:00:00,42,val,0.364,0.3004425
Merzenhausen,2023-04-23 02:00:00,42,val,0.364,0.30057475
Merzenhausen,2023-04-23 03:00:00,42,val,0.364,0.3006975
Merzenhausen,2023-04-23 04:00:00,42,val,0.362,0.30090368
Merzenhausen,2023-04-23 05:00:00,42,val,0.362,0.30132133
Merzenhausen,2023-04-23 06:00:00,42,val,0.374,0.30189767
Merzenhausen,2023-04-23 07:00:00,42,val,0.361,0.3026407
Merzenhausen,2023-04-23 08:00:00,42,val,0.361,0.30344778
Merzenhausen,2023-04-23 09:00:00,42,val,0.361,0.3042189
Merzenhausen,2023-04-23 10:00:00,42,val,0.359,0.30489954
Merzenhausen,2023-04-23 11:00:00,42,val,0.36,0.30543607
Merzenhausen,2023-04-23 12:00:00,42,val,0.361,0.30575612
Merzenhausen,2023-04-23 13:00:00,42,val,0.359,0.3058082
Merzenhausen,2023-04-23 14:00:00,42,val,0.359,0.30560583
Merzenhausen,2023-04-23 15:00:00,42,val,0.359,0.3053815
Merzenhausen,2023-04-23 16:00:00,42,val,0.357,0.3051076
Merzenhausen,2023-04-23 17:00:00,42,val,0.357,0.30443943
Merzenhausen,2023-04-23 18:00:00,42,val,0.357,0.30333677
Merzenhausen,2023-04-23 19:00:00,42,val,0.355,0.30212158
Merzenhausen,2023-04-23 20:00:00,42,val,0.357,0.30100602
Merzenhausen,2023-04-23 21:00:00,42,val,0.354,0.30017182
Merzenhausen,2023-04-23 22:00:00,42,val,0.356,0.299633
Merzenhausen,2023-04-23 23:00:00,42,val,0.353,0.29934302
Merzenhausen,2023-04-24 00:00:00,42,val,0.353,0.29923427
Merzenhausen,2023-04-24 01:00:00,42,val,0.351,0.29920095
Merzenhausen,2023-04-24 02:00:00,42,val,0.351,0.29924345
Merzenhausen,2023-05-16 06:00:00,42,val,0.339,0.31103796
Merzenhausen,2023-05-16 07:00:00,42,val,0.339,0.31148228
Merzenhausen,2023-05-16 08:00:00,42,val,0.34,0.31225964
Merzenhausen,2023-05-16 09:00:00,42,val,0.341,0.31324717
Merzenhausen,2023-05-16 10:00:00,42,val,0.337,0.3143433
Merzenhausen,2023-05-16 11:00:00,42,val,0.339,0.3154348
Merzenhausen,2023-05-29 09:00:00,42,val,0.217,0.2412226
Merzenhausen,2023-05-29 10:00:00,42,val,0.219,0.24224658
Merzenhausen,2023-05-29 11:00:00,42,val,0.219,0.2429977
Merzenhausen,2023-05-29 12:00:00,42,val,0.212,0.243365
Merzenhausen,2023-05-29 13:00:00,42,val,0.215,0.24325392
Merzenhausen,2023-05-29 14:00:00,42,val,0.213,0.24274021
Merzenhausen,2023-05-29 15:00:00,42,val,0.21,0.24179819
Merzenhausen,2023-05-29 16:00:00,42,val,0.207,0.2405174
Merzenhausen,2023-05-29 17:00:00,42,val,0.208,0.23882017
Merzenhausen,2023-05-29 18:00:00,42,val,0.209,0.2368154
Merzenhausen,2023-05-29 19:00:00,42,val,0.203,0.23476164
Merzenhausen,2023-05-29 20:00:00,42,val,0.204,0.23292857
Merzenhausen,2023-05-29 21:00:00,42,val,0.205,0.2312703
Merzenhausen,2023-05-29 22:00:00,42,val,0.205,0.22981095
Merzenhausen,2023-05-29 23:00:00,42,val,0.206,0.22844951
Merzenhausen,2023-05-30 00:00:00,42,val,0.204,0.22712827
Merzenhausen,2023-05-30 01:00:00,42,val,0.204,0.22568543
Merzenhausen,2023-05-30 02:00:00,42,val,0.201,0.2242723
Merzenhausen,2023-05-30 03:00:00,42,val,0.204,0.2227681
Merzenhausen,2023-05-30 04:00:00,42,val,0.201,0.2213404
Merzenhausen,2023-05-30 05:00:00,42,val,0.201,0.22035049
Merzenhausen,2023-05-30 06:00:00,42,val,0.202,0.22010338
Merzenhausen,2023-05-30 07:00:00,42,val,0.202,0.22040617
Merzenhausen,2023-05-30 08:00:00,42,val,0.202,0.22108132
Merzenhausen,2023-05-30 09:00:00,42,val,0.201,0.22194584
Merzenhausen,2023-05-30 10:00:00,42,val,0.201,0.22277273
Merzenhausen,2023-05-30 11:00:00,42,val,0.2,0.22345525
Merzenhausen,2023-05-30 12:00:00,42,val,0.2,0.22402482
Merzenhausen,2023-05-30 13:00:00,42,val,0.2,0.22418247
Merzenhausen,2023-05-30 14:00:00,42,val,0.2,0.2238806
Merzenhausen,2023-05-30 15:00:00,42,val,0.194,0.22327344
Merzenhausen,2023-05-30 16:00:00,42,val,0.194,0.22212918
Merzenhausen,2023-05-30 17:00:00,42,val,0.195,0.22050811
Merzenhausen,2023-05-30 18:00:00,42,val,0.192,0.2185683
Merzenhausen,2023-05-30 19:00:00,42,val,0.193,0.21653132
Merzenhausen,2023-05-30 20:00:00,42,val,0.194,0.21469863
Merzenhausen,2023-05-30 21:00:00,42,val,0.195,0.21315736
Merzenhausen,2023-05-30 22:00:00,42,val,0.189,0.21187274
Merzenhausen,2023-05-30 23:00:00,42,val,0.194,0.21076068
Merzenhausen,2023-05-31 00:00:00,42,val,0.192,0.20966259
Merzenhausen,2023-05-31 01:00:00,42,val,0.189,0.2085392
Merzenhausen,2023-05-31 02:00:00,42,val,0.191,0.20736806
Merzenhausen,2023-05-31 03:00:00,42,val,0.192,0.2063537
Merzenhausen,2023-05-31 04:00:00,42,val,0.189,0.20561883
Merzenhausen,2023-05-31 05:00:00,42,val,0.19,0.20522046
Merzenhausen,2023-05-31 06:00:00,42,val,0.19,0.20544384
Merzenhausen,2023-05-31 07:00:00,42,val,0.19,0.2062892
Merzenhausen,2023-05-31 08:00:00,42,val,0.19,0.20737715
Merzenhausen,2023-05-31 09:00:00,42,val,0.19,0.2085192
Merzenhausen,2023-05-31 10:00:00,42,val,0.189,0.20959742
Merzenhausen,2023-05-31 11:00:00,42,val,0.189,0.21037254
Merzenhausen,2023-05-31 12:00:00,42,val,0.191,0.21046647
Merzenhausen,2023-05-31 13:00:00,42,val,0.192,0.21020631
Merzenhausen,2023-05-31 14:00:00,42,val,0.19,0.20959593
Merzenhausen,2023-05-31 15:00:00,42,val,0.188,0.20863913
Merzenhausen,2023-05-31 16:00:00,42,val,0.186,0.20726866
Merzenhausen,2023-05-31 17:00:00,42,val,0.187,0.2057252
Merzenhausen,2023-05-31 18:00:00,42,val,0.187,0.20413558
Merzenhausen,2023-05-31 19:00:00,42,val,0.186,0.20229357
Merzenhausen,2023-05-31 20:00:00,42,val,0.185,0.2004434
Merzenhausen,2023-05-31 21:00:00,42,val,0.182,0.19888277
Merzenhausen,2023-05-31 22:00:00,42,val,0.183,0.19759956
Merzenhausen,2023-05-31 23:00:00,42,val,0.182,0.19669697
Merzenhausen,2023-06-01 00:00:00,42,val,0.185,0.19602719
Merzenhausen,2023-06-01 01:00:00,42,val,0.182,0.1954751
Merzenhausen,2023-06-01 02:00:00,42,val,0.183,0.19494158
Merzenhausen,2023-06-01 03:00:00,42,val,0.181,0.19453475
Merzenhausen,2023-06-01 04:00:00,42,val,0.18,0.19413882
Merzenhausen,2023-06-01 05:00:00,42,val,0.182,0.19397107
Merzenhausen,2023-06-01 06:00:00,42,val,0.182,0.19398227
Merzenhausen,2023-06-01 07:00:00,42,val,0.18,0.19424622
Merzenhausen,2023-06-01 08:00:00,42,val,0.182,0.19474824
Merzenhausen,2023-06-01 09:00:00,42,val,0.181,0.19555545
Merzenhausen,2023-06-01 10:00:00,42,val,0.182,0.19653383
Merzenhausen,2023-06-01 11:00:00,42,val,0.179,0.19739732
Merzenhausen,2023-06-01 12:00:00,42,val,0.178,0.19809714
Merzenhausen,2023-06-01 13:00:00,42,val,0.181,0.19849211
Merzenhausen,2023-06-01 14:00:00,42,val,0.179,0.19863708
Merzenhausen,2023-06-01 15:00:00,42,val,0.177,0.19820297
Merzenhausen,2023-06-01 16:00:00,42,val,0.177,0.19737236
Merzenhausen,2023-06-01 17:00:00,42,val,0.18,0.19625162
Merzenhausen,2023-06-01 18:00:00,42,val,0.175,0.19478574
Merzenhausen,2023-06-01 19:00:00,42,val,0.173,0.19330698
Merzenhausen,2023-06-01 20:00:00,42,val,0.174,0.19192426
Merzenhausen,2023-06-01 21:00:00,42,val,0.176,0.19074185
Merzenhausen,2023-06-01 22:00:00,42,val,0.177,0.189265
Merzenhausen,2023-06-01 23:00:00,42,val,0.174,0.1879123
Merzenhausen,2023-06-02 00:00:00,42,val,0.171,0.18648952
Merzenhausen,2023-06-02 01:00:00,42,val,0.172,0.18497352
Merzenhausen,2023-06-02 02:00:00,42,val,0.171,0.18359022
Merzenhausen,2023-06-02 03:00:00,42,val,0.171,0.18250707
Merzenhausen,2023-06-02 04:00:00,42,val,0.17,0.18156257
Merzenhausen,2023-06-02 05:00:00,42,val,0.173,0.18098246
Merzenhausen,2023-06-02 06:00:00,42,val,0.173,0.18073882
Merzenhausen,2023-06-02 07:00:00,42,val,0.174,0.18078439
Merzenhausen,2023-06-02 08:00:00,42,val,0.172,0.18122971
Merzenhausen,2023-06-02 09:00:00,42,val,0.175,0.18187828
Merzenhausen,2023-06-02 10:00:00,42,val,0.174,0.18276283
Merzenhausen,2023-06-02 11:00:00,42,val,0.172,0.1839056
Merzenhausen,2023-06-02 12:00:00,42,val,0.174,0.18523951
Merzenhausen,2023-06-02 13:00:00,42,val,0.173,0.1867157
Merzenhausen,2023-06-02 14:00:00,42,val,0.172,0.18804623
Merzenhausen,2023-06-02 15:00:00,42,val,0.172,0.18894064
Merzenhausen,2023-06-02 16:00:00,42,val,0.17,0.18930763
Merzenhausen,2023-06-02 17:00:00,42,val,0.173,0.18914728
Merzenhausen,2023-06-02 18:00:00,42,val,0.171,0.18861738
Merzenhausen,2023-06-02 19:00:00,42,val,0.172,0.1876692
Merzenhausen,2023-06-02 20:00:00,42,val,0.169,0.18648703
Merzenhausen,2023-06-02 21:00:00,42,val,0.168,0.18495952
Merzenhausen,2023-06-02 22:00:00,42,val,0.169,0.18327735
Merzenhausen,2023-06-02 23:00:00,42,val,0.166,0.18146566
Merzenhausen,2023-06-03 00:00:00,42,val,0.165,0.17973197
Merzenhausen,2023-06-03 01:00:00,42,val,0.166,0.17802641
Merzenhausen,2023-06-03 02:00:00,42,val,0.165,0.17646207
Merzenhausen,2023-06-03 03:00:00,42,val,0.163,0.17495316
Merzenhausen,2023-06-03 04:00:00,42,val,0.164,0.17352846
Merzenhausen,2023-06-03 05:00:00,42,val,0.165,0.17266956
Merzenhausen,2023-06-03 06:00:00,42,val,0.164,0.17266607
Merzenhausen,2023-06-03 07:00:00,42,val,0.167,0.17305002
Merzenhausen,2023-06-03 08:00:00,42,val,0.165,0.17381892
Merzenhausen,2023-06-03 09:00:00,42,val,0.166,0.17479
Merzenhausen,2023-06-03 10:00:00,42,val,0.167,0.17579038
Merzenhausen,2023-06-03 11:00:00,42,val,0.166,0.17655556
Merzenhausen,2023-06-03 12:00:00,42,val,0.165,0.17698535
Merzenhausen,2023-06-03 13:00:00,42,val,0.166,0.17736241
Merzenhausen,2023-06-03 14:00:00,42,val,0.167,0.17761932
Merzenhausen,2023-06-03 15:00:00,42,val,0.165,0.17762665
Merzenhausen,2023-06-03 16:00:00,42,val,0.167,0.17753686
Merzenhausen,2023-06-03 17:00:00,42,val,0.164,0.17737927
Merzenhausen,2023-06-03 18:00:00,42,val,0.165,0.17679363
Merzenhausen,2023-06-03 19:00:00,42,val,0.165,0.17571548
Merzenhausen,2023-06-03 20:00:00,42,val,0.164,0.17444342
Merzenhausen,2023-06-03 21:00:00,42,val,0.164,0.17317434
Merzenhausen,2023-06-03 22:00:00,42,val,0.163,0.17212656
Merzenhausen,2023-06-03 23:00:00,42,val,0.161,0.17106897
Merzenhausen,2023-06-04 00:00:00,42,val,0.16,0.16986457
Merzenhausen,2023-06-04 01:00:00,42,val,0.161,0.16862606
Merzenhausen,2023-06-04 02:00:00,42,val,0.159,0.16732195
Merzenhausen,2023-06-04 03:00:00,42,val,0.162,0.16600025
Merzenhausen,2023-06-04 04:00:00,42,val,0.161,0.16474016
Merzenhausen,2023-06-04 05:00:00,42,val,0.158,0.16389985
Merzenhausen,2023-06-04 06:00:00,42,val,0.161,0.1638469
Merzenhausen,2023-06-04 07:00:00,42,val,0.16,0.16443639
Merzenhausen,2023-06-04 08:00:00,42,val,0.16,0.16534954
Merzenhausen,2023-06-04 09:00:00,42,val,0.161,0.16660815
Merzenhausen,2023-06-04 10:00:00,42,val,0.16,0.16782305
Merzenhausen,2023-06-04 11:00:00,42,val,0.162,0.16881964
Merzenhausen,2023-06-04 12:00:00,42,val,0.161,0.16964975
Merzenhausen,2023-06-04 13:00:00,42,val,0.161,0.1702864
Merzenhausen,2023-06-04 14:00:00,42,val,0.162,0.17072153
Merzenhausen,2023-06-04 15:00:00,42,val,0.162,0.17092296
Merzenhausen,2023-06-04 16:00:00,42,val,0.16,0.17091437
Merzenhausen,2023-06-04 17:00:00,42,val,0.164,0.17084609
Merzenhausen,2023-06-04 18:00:00,42,val,0.163,0.17044649
Merzenhausen,2023-06-04 19:00:00,42,val,0.158,0.16981293
Merzenhausen,2023-06-04 20:00:00,42,val,0.159,0.16888063
Merzenhausen,2023-06-04 21:00:00,42,val,0.158,0.16769242
Merzenhausen,2023-06-04 22:00:00,42,val,0.158,0.16650783
Merzenhausen,2023-06-04 23:00:00,42,val,0.156,0.16528071
Merzenhausen,2023-06-05 00:00:00,42,val,0.156,0.1641067
Merzenhausen,2023-06-05 01:00:00,42,val,0.157,0.16298631
Merzenhausen,2023-06-05 02:00:00,42,val,0.159,0.16199967
Merzenhausen,2023-06-05 03:00:00,42,val,0.152,0.16105373
Merzenhausen,2023-06-05 04:00:00,42,val,0.156,0.16023315
Merzenhausen,2023-06-05 05:00:00,42,val,0.156,0.1598505
Merzenhausen,2023-06-05 06:00:00,42,val,0.157,0.1599217
Merzenhausen,2023-06-05 07:00:00,42,val,0.156,0.16045983
Merzenhausen,2023-06-05 08:00:00,42,val,0.157,0.1612171
Merzenhausen,2023-06-05 09:00:00,42,val,0.158,0.16211297
Merzenhausen,2023-06-05 10:00:00,42,val,0.156,0.1630301
Merzenhausen,2023-06-05 11:00:00,42,val,0.16,0.16387333
Merzenhausen,2023-06-05 12:00:00,42,val,0.156,0.16443992
Merzenhausen,2023-06-05 13:00:00,42,val,0.157,0.1648952
Merzenhausen,2023-06-05 14:00:00,42,val,0.158,0.16532837
Merzenhausen,2023-06-05 15:00:00,42,val,0.16,0.16562489
Merzenhausen,2023-06-05 16:00:00,42,val,0.158,0.1658515
Merzenhausen,2023-06-05 17:00:00,42,val,0.158,0.16564827
Merzenhausen,2023-06-05 18:00:00,42,val,0.158,0.16522583
Merzenhausen,2023-06-05 19:00:00,42,val,0.155,0.16456616
Merzenhausen,2023-06-05 20:00:00,42,val,0.157,0.16363885
Merzenhausen,2023-06-05 21:00:00,42,val,0.156,0.1625452
Merzenhausen,2023-06-05 22:00:00,42,val,0.155,0.1614097
Merzenhausen,2023-06-05 23:00:00,42,val,0.154,0.16028684
Merzenhausen,2023-06-06 00:00:00,42,val,0.154,0.15923832
Merzenhausen,2023-06-06 01:00:00,42,val,0.153,0.15828367
Merzenhausen,2023-06-06 02:00:00,42,val,0.154,0.15745048
Merzenhausen,2023-06-06 03:00:00,42,val,0.154,0.15687566
Merzenhausen,2023-06-06 04:00:00,42,val,0.153,0.15647654
Merzenhausen,2023-06-06 05:00:00,42,val,0.155,0.15622051
Merzenhausen,2023-06-06 06:00:00,42,val,0.153,0.15643011
Merzenhausen,2023-06-06 07:00:00,42,val,0.154,0.15691945
Merzenhausen,2023-06-06 08:00:00,42,val,0.153,0.15760809
Merzenhausen,2023-06-06 09:00:00,42,val,0.163,0.15835634
Merzenhausen,2023-06-06 10:00:00,42,val,0.152,0.15906245
Merzenhausen,2023-06-06 11:00:00,42,val,0.155,0.15979749
Merzenhausen,2023-06-06 12:00:00,42,val,0.154,0.1603773
Merzenhausen,2023-06-06 13:00:00,42,val,0.155,0.16084775
Merzenhausen,2023-06-06 14:00:00,42,val,0.157,0.16128473
Merzenhausen,2023-06-06 15:00:00,42,val,0.157,0.1616417
Merzenhausen,2023-06-06 16:00:00,42,val,0.156,0.16168065
Merzenhausen,2023-06-06 17:00:00,42,val,0.155,0.1616427
Merzenhausen,2023-06-06 18:00:00,42,val,0.155,0.16142449
Merzenhausen,2023-06-06 19:00:00,42,val,0.157,0.16070594
Merzenhausen,2023-06-06 20:00:00,42,val,0.154,0.159753
Merzenhausen,2023-06-06 21:00:00,42,val,0.155,0.15858199
Merzenhausen,2023-06-06 22:00:00,42,val,0.156,0.15743306
Merzenhausen,2023-06-06 23:00:00,42,val,0.154,0.15635403
Merzenhausen,2023-06-07 00:00:00,42,val,0.152,0.15547115
Merzenhausen,2023-06-07 01:00:00,42,val,0.154,0.15480383
Merzenhausen,2023-06-07 02:00:00,42,val,0.153,0.1543057
Merzenhausen,2023-06-07 03:00:00,42,val,0.152,0.15373938
Merzenhausen,2023-06-07 04:00:00,42,val,0.153,0.15355563
Merzenhausen,2023-06-07 05:00:00,42,val,0.15,0.15367986
Merzenhausen,2023-06-07 06:00:00,42,val,0.152,0.15410076
Merzenhausen,2023-06-07 07:00:00,42,val,0.151,0.1547409
Merzenhausen,2023-06-07 08:00:00,42,val,0.154,0.15540336
Merzenhausen,2023-06-07 09:00:00,42,val,0.154,0.15616998
Merzenhausen,2023-06-07 10:00:00,42,val,0.153,0.15674615
Merzenhausen,2023-06-07 11:00:00,42,val,0.157,0.15743174
Merzenhausen,2023-06-07 12:00:00,42,val,0.154,0.15809785
Merzenhausen,2023-06-07 13:00:00,42,val,0.154,0.15886836
Merzenhausen,2023-06-07 14:00:00,42,val,0.153,0.15965739
Merzenhausen,2023-06-07 15:00:00,42,val,0.153,0.16044769
Merzenhausen,2023-06-07 16:00:00,42,val,0.156,0.16096053
Merzenhausen,2023-06-07 17:00:00,42,val,0.153,0.16111043
Merzenhausen,2023-06-07 18:00:00,42,val,0.153,0.16083124
Merzenhausen,2023-06-07 19:00:00,42,val,0.154,0.16000569
Merzenhausen,2023-06-07 20:00:00,42,val,0.151,0.15900318
Merzenhausen,2023-06-07 21:00:00,42,val,0.15,0.15787339
Merzenhausen,2023-06-07 22:00:00,42,val,0.151,0.15668194
Merzenhausen,2023-06-07 23:00:00,42,val,0.152,0.15549164
Merzenhausen,2023-06-08 00:00:00,42,val,0.151,0.15441422
Merzenhausen,2023-06-08 01:00:00,42,val,0.151,0.15337747
Merzenhausen,2023-06-08 02:00:00,42,val,0.15,0.15251186
Merzenhausen,2023-06-08 03:00:00,42,val,0.151,0.15185586
Merzenhausen,2023-06-08 04:00:00,42,val,0.151,0.15138307
Merzenhausen,2023-06-08 05:00:00,42,val,0.151,0.1512621
Merzenhausen,2023-06-08 06:00:00,42,val,0.152,0.1515837
Merzenhausen,2023-06-08 07:00:00,42,val,0.15,0.15236145
Merzenhausen,2023-06-08 08:00:00,42,val,0.15,0.15319794
Merzenhausen,2023-06-08 09:00:00,42,val,0.148,0.15440209
Merzenhausen,2023-06-08 10:00:00,42,val,0.15,0.15524831
Merzenhausen,2023-06-08 11:00:00,42,val,0.151,0.15585747
Merzenhausen,2023-06-08 12:00:00,42,val,0.15,0.15619819
Merzenhausen,2023-06-08 13:00:00,42,val,0.155,0.1564376
Merzenhausen,2023-06-08 14:00:00,42,val,0.151,0.15671259
Merzenhausen,2023-06-08 15:00:00,42,val,0.153,0.15723899
Merzenhausen,2023-06-08 16:00:00,42,val,0.151,0.15770438
Merzenhausen,2023-06-08 17:00:00,42,val,0.149,0.15771088
Merzenhausen,2023-06-08 18:00:00,42,val,0.15,0.15736952
Merzenhausen,2023-06-08 19:00:00,42,val,0.152,0.15686423
Merzenhausen,2023-06-08 20:00:00,42,val,0.15,0.15598097
Merzenhausen,2023-06-08 21:00:00,42,val,0.15,0.15508604
Merzenhausen,2023-06-08 22:00:00,42,val,0.149,0.1542303
Merzenhausen,2023-06-08 23:00:00,42,val,0.148,0.15342605
Merzenhausen,2023-06-09 00:00:00,42,val,0.148,0.15267679
Merzenhausen,2023-06-09 01:00:00,42,val,0.147,0.152092
Merzenhausen,2023-06-09 02:00:00,42,val,0.146,0.15163672
Merzenhausen,2023-06-09 03:00:00,42,val,0.146,0.15129706
Merzenhausen,2023-06-09 04:00:00,42,val,0.148,0.15101263
Merzenhausen,2023-06-09 05:00:00,42,val,0.147,0.1510723
Merzenhausen,2023-06-09 06:00:00,42,val,0.149,0.15156297
Merzenhausen,2023-06-09 07:00:00,42,val,0.149,0.15220335
Merzenhausen,2023-06-09 08:00:00,42,val,0.148,0.15307897
Merzenhausen,2023-06-09 09:00:00,42,val,0.147,0.15389968
Merzenhausen,2023-06-09 10:00:00,42,val,0.15,0.1545375
Merzenhausen,2023-06-09 11:00:00,42,val,0.151,0.15505981
Merzenhausen,2023-06-09 12:00:00,42,val,0.15,0.1553178
Merzenhausen,2023-06-09 13:00:00,42,val,0.147,0.15547797
Merzenhausen,2023-06-09 14:00:00,42,val,0.15,0.15556785
Merzenhausen,2023-06-09 15:00:00,42,val,0.152,0.15547773
Merzenhausen,2023-06-09 16:00:00,42,val,0.148,0.15541333
Merzenhausen,2023-06-09 17:00:00,42,val,0.149,0.15505624
Merzenhausen,2023-06-09 18:00:00,42,val,0.149,0.15449029
Merzenhausen,2023-06-09 19:00:00,42,val,0.15,0.15376389
Merzenhausen,2023-06-09 20:00:00,42,val,0.147,0.15278147
Merzenhausen,2023-06-09 21:00:00,42,val,0.148,0.15162623
Merzenhausen,2023-06-09 22:00:00,42,val,0.147,0.15062779
Merzenhausen,2023-06-09 23:00:00,42,val,0.146,0.149852
Merzenhausen,2023-06-10 00:00:00,42,val,0.147,0.14941499
Merzenhausen,2023-06-10 01:00:00,42,val,0.143,0.14930406
Merzenhausen,2023-06-10 02:00:00,42,val,0.144,0.14936408
Merzenhausen,2023-06-10 03:00:00,42,val,0.143,0.14960566
Merzenhausen,2023-06-10 04:00:00,42,val,0.142,0.14997375
Merzenhausen,2023-06-10 05:00:00,42,val,0.142,0.1505309
Merzenhausen,2023-06-10 06:00:00,42,val,0.142,0.15170453
Merzenhausen,2023-06-10 07:00:00,42,val,0.144,0.15310887
Merzenhausen,2023-06-10 08:00:00,42,val,0.147,0.1542439
Merzenhausen,2023-06-10 09:00:00,42,val,0.146,0.15492946
Merzenhausen,2023-06-10 10:00:00,42,val,0.143,0.15519428
Merzenhausen,2023-06-10 11:00:00,42,val,0.144,0.15510532
Merzenhausen,2023-06-10 12:00:00,42,val,0.147,0.15477173
Merzenhausen,2023-06-10 13:00:00,42,val,0.146,0.1546728
Merzenhausen,2023-06-10 14:00:00,42,val,0.145,0.15446973
Merzenhausen,2023-06-10 15:00:00,42,val,0.145,0.15435424
Merzenhausen,2023-06-10 16:00:00,42,val,0.149,0.15403786
Merzenhausen,2023-06-10 17:00:00,42,val,0.146,0.15345456
Merzenhausen,2023-06-10 18:00:00,42,val,0.146,0.15266606
Merzenhausen,2023-06-10 19:00:00,42,val,0.145,0.15184122
Merzenhausen,2023-06-10 20:00:00,42,val,0.146,0.15080099
Merzenhausen,2023-06-10 21:00:00,42,val,0.142,0.14980918
Merzenhausen,2023-06-10 22:00:00,42,val,0.142,0.14895484
Merzenhausen,2023-06-10 23:00:00,42,val,0.143,0.14823332
Merzenhausen,2023-06-11 00:00:00,42,val,0.142,0.14782974
Merzenhausen,2023-06-11 01:00:00,42,val,0.143,0.14766818
Merzenhausen,2023-06-11 02:00:00,42,val,0.141,0.14761344
Merzenhausen,2023-06-11 03:00:00,42,val,0.138,0.147845
Merzenhausen,2023-06-11 04:00:00,42,val,0.139,0.1483598
Merzenhausen,2023-06-11 05:00:00,42,val,0.142,0.14915693
Merzenhausen,2023-06-11 06:00:00,42,val,0.139,0.15032187
Merzenhausen,2023-06-11 07:00:00,42,val,0.142,0.15162203
Merzenhausen,2023-06-11 08:00:00,42,val,0.142,0.15283349
Merzenhausen,2023-06-11 09:00:00,42,val,0.143,0.15371375
Merzenhausen,2023-06-11 10:00:00,42,val,0.14,0.15429933
Merzenhausen,2023-06-11 11:00:00,42,val,0.143,0.15459779
Merzenhausen,2023-06-11 12:00:00,42,val,0.142,0.15463307
Merzenhausen,2023-06-11 13:00:00,42,val,0.143,0.15433773
Merzenhausen,2023-06-11 14:00:00,42,val,0.142,0.1540389
Merzenhausen,2023-06-11 15:00:00,42,val,0.142,0.15379217
Merzenhausen,2023-06-11 16:00:00,42,val,0.144,0.15333031
Merzenhausen,2023-06-11 17:00:00,42,val,0.144,0.15270369
Merzenhausen,2023-06-11 18:00:00,42,val,0.141,0.1519196
Merzenhausen,2023-06-11 19:00:00,42,val,0.142,0.15104732
Merzenhausen,2023-06-11 20:00:00,42,val,0.144,0.15005472
Merzenhausen,2023-06-11 21:00:00,42,val,0.141,0.14908984
Merzenhausen,2023-06-11 22:00:00,42,val,0.143,0.14823252
Merzenhausen,2023-06-11 23:00:00,42,val,0.138,0.1475693
Merzenhausen,2023-06-12 00:00:00,42,val,0.139,0.14721632
Merzenhausen,2023-06-12 01:00:00,42,val,0.141,0.14697357
Merzenhausen,2023-06-12 02:00:00,42,val,0.136,0.14671426
Merzenhausen,2023-06-12 03:00:00,42,val,0.137,0.14647478
Merzenhausen,2023-06-12 04:00:00,42,val,0.137,0.14610156
Merzenhausen,2023-06-12 05:00:00,42,val,0.138,0.14586498
Merzenhausen,2023-06-12 06:00:00,42,val,0.136,0.14625394
Merzenhausen,2023-06-12 07:00:00,42,val,0.137,0.14700902
Merzenhausen,2023-06-12 08:00:00,42,val,0.135,0.14783093
Merzenhausen,2023-06-12 09:00:00,42,val,0.136,0.14860496
Merzenhausen,2023-06-12 10:00:00,42,val,0.137,0.14903179
Merzenhausen,2023-06-12 11:00:00,42,val,0.138,0.1491144
Merzenhausen,2023-06-12 12:00:00,42,val,0.14,0.14913572
Merzenhausen,2023-06-12 13:00:00,42,val,0.138,0.14907184
Merzenhausen,2023-06-12 14:00:00,42,val,0.139,0.14898252
Merzenhausen,2023-06-12 15:00:00,42,val,0.144,0.14880282
Merzenhausen,2023-06-12 16:00:00,42,val,0.139,0.1487242
Merzenhausen,2023-06-12 17:00:00,42,val,0.141,0.14844841
Merzenhausen,2023-06-12 18:00:00,42,val,0.142,0.14804313
Merzenhausen,2023-06-12 19:00:00,42,val,0.138,0.14749005
Merzenhausen,2023-06-12 20:00:00,42,val,0.138,0.14679192
Merzenhausen,2023-06-12 21:00:00,42,val,0.137,0.14585447
Merzenhausen,2023-06-12 22:00:00,42,val,0.138,0.14506437
Merzenhausen,2023-06-12 23:00:00,42,val,0.138,0.14453058
Merzenhausen,2023-06-13 00:00:00,42,val,0.139,0.14425448
Merzenhausen,2023-06-13 01:00:00,42,val,0.134,0.14421359
Merzenhausen,2023-06-13 02:00:00,42,val,0.135,0.1441491
Merzenhausen,2023-06-13 03:00:00,42,val,0.133,0.14387515
Merzenhausen,2023-06-13 04:00:00,42,val,0.136,0.14339676
Merzenhausen,2023-06-13 05:00:00,42,val,0.133,0.14336377
Merzenhausen,2023-06-13 06:00:00,42,val,0.132,0.14364205
Merzenhausen,2023-06-13 07:00:00,42,val,0.134,0.14439078
Merzenhausen,2023-06-13 08:00:00,42,val,0.137,0.14523259
Merzenhausen,2023-06-13 09:00:00,42,val,0.135,0.14600587
Merzenhausen,2023-06-13 10:00:00,42,val,0.137,0.14639336
Merzenhausen,2023-06-13 11:00:00,42,val,0.136,0.14656761
Merzenhausen,2023-06-13 12:00:00,42,val,0.137,0.1466299
Merzenhausen,2023-06-13 13:00:00,42,val,0.136,0.14657634
Merzenhausen,2023-06-13 14:00:00,42,val,0.139,0.14644954
Merzenhausen,2023-06-13 15:00:00,42,val,0.137,0.14633687
Merzenhausen,2023-06-13 16:00:00,42,val,0.137,0.14622474
Merzenhausen,2023-06-13 17:00:00,42,val,0.138,0.14596733
Merzenhausen,2023-06-13 18:00:00,42,val,0.136,0.14542332
Merzenhausen,2023-06-13 19:00:00,42,val,0.135,0.14471918
Merzenhausen,2023-06-13 20:00:00,42,val,0.134,0.14401387
Merzenhausen,2023-06-13 21:00:00,42,val,0.133,0.14330447
Merzenhausen,2023-06-13 22:00:00,42,val,0.134,0.14290257
Merzenhausen,2023-06-13 23:00:00,42,val,0.132,0.14251018
Merzenhausen,2023-06-14 00:00:00,42,val,0.133,0.1423192
Merzenhausen,2023-06-14 01:00:00,42,val,0.136,0.14231452
Merzenhausen,2023-06-14 02:00:00,42,val,0.132,0.14209299
Merzenhausen,2023-06-14 03:00:00,42,val,0.131,0.14170688
Merzenhausen,2023-06-14 04:00:00,42,val,0.13,0.14125036
Merzenhausen,2023-06-14 05:00:00,42,val,0.133,0.14099355
Merzenhausen,2023-06-14 06:00:00,42,val,0.132,0.14111447
Merzenhausen,2023-06-14 07:00:00,42,val,0.132,0.1415397
Merzenhausen,2023-06-14 08:00:00,42,val,0.134,0.14188625
Merzenhausen,2023-06-14 09:00:00,42,val,0.132,0.1421071
Merzenhausen,2023-06-14 10:00:00,42,val,0.133,0.14216167
Merzenhausen,2023-06-14 11:00:00,42,val,0.132,0.1420717
Merzenhausen,2023-06-14 12:00:00,42,val,0.133,0.14203882
Merzenhausen,2023-06-14 13:00:00,42,val,0.135,0.14199997
Merzenhausen,2023-06-14 14:00:00,42,val,0.135,0.14207795
Merzenhausen,2023-06-14 15:00:00,42,val,0.136,0.14246497
Merzenhausen,2023-06-14 16:00:00,42,val,0.138,0.1426956
Merzenhausen,2023-06-14 17:00:00,42,val,0.137,0.14279193
Merzenhausen,2023-06-14 18:00:00,42,val,0.135,0.14276844
Merzenhausen,2023-06-14 19:00:00,42,val,0.136,0.14242955
Merzenhausen,2023-06-14 20:00:00,42,val,0.135,0.14192647
Merzenhausen,2023-06-14 21:00:00,42,val,0.133,0.14137289
Merzenhausen,2023-06-14 22:00:00,42,val,0.134,0.1409281
Merzenhausen,2023-06-14 23:00:00,42,val,0.132,0.14066058
Merzenhausen,2023-06-15 00:00:00,42,val,0.131,0.14064613
Merzenhausen,2023-06-15 01:00:00,42,val,0.131,0.14045963
Merzenhausen,2023-06-15 02:00:00,42,val,0.129,0.14020085
Merzenhausen,2023-06-15 03:00:00,42,val,0.131,0.13974944
Merzenhausen,2023-06-15 04:00:00,42,val,0.13,0.13926229
Merzenhausen,2023-06-15 05:00:00,42,val,0.129,0.13876092
Merzenhausen,2023-06-15 06:00:00,42,val,0.129,0.13845819
Merzenhausen,2023-06-15 07:00:00,42,val,0.129,0.13854957
Merzenhausen,2023-06-15 08:00:00,42,val,0.131,0.13899656
Merzenhausen,2023-06-15 09:00:00,42,val,0.132,0.13941252
Merzenhausen,2023-06-15 10:00:00,42,val,0.133,0.1398055
Merzenhausen,2023-06-15 11:00:00,42,val,0.132,0.13993342
Merzenhausen,2023-06-15 12:00:00,42,val,0.133,0.139991
Merzenhausen,2023-06-15 13:00:00,42,val,0.135,0.13992569
Merzenhausen,2023-06-15 14:00:00,42,val,0.133,0.14012855
Merzenhausen,2023-06-15 15:00:00,42,val,0.132,0.14030957
Merzenhausen,2023-06-15 16:00:00,42,val,0.134,0.14035651
Merzenhausen,2023-06-15 17:00:00,42,val,0.133,0.14025462
Merzenhausen,2023-06-15 18:00:00,42,val,0.131,0.13992287
Merzenhausen,2023-06-15 19:00:00,42,val,0.133,0.13941155
Merzenhausen,2023-06-15 20:00:00,42,val,0.131,0.1386894
Merzenhausen,2023-06-15 21:00:00,42,val,0.134,0.13795672
Merzenhausen,2023-06-15 22:00:00,42,val,0.131,0.13742952
Merzenhausen,2023-06-15 23:00:00,42,val,0.129,0.13704911
Merzenhausen,2023-06-16 00:00:00,42,val,0.13,0.1368568
Merzenhausen,2023-06-16 01:00:00,42,val,0.129,0.13686417
Merzenhausen,2023-06-16 02:00:00,42,val,0.132,0.13678195
Merzenhausen,2023-06-16 03:00:00,42,val,0.131,0.13653332
Merzenhausen,2023-06-16 04:00:00,42,val,0.13,0.13608822
Merzenhausen,2023-06-16 05:00:00,42,val,0.128,0.13576965
Merzenhausen,2023-06-16 06:00:00,42,val,0.132,0.13584554
Merzenhausen,2023-06-16 07:00:00,42,val,0.13,0.13623324
Merzenhausen,2023-06-16 08:00:00,42,val,0.128,0.1368437
Merzenhausen,2023-06-16 09:00:00,42,val,0.129,0.13726555
Merzenhausen,2023-06-16 10:00:00,42,val,0.133,0.13752846
Merzenhausen,2023-06-16 11:00:00,42,val,0.133,0.1374763
Merzenhausen,2023-06-16 12:00:00,42,val,0.134,0.13730192
Merzenhausen,2023-06-16 13:00:00,42,val,0.133,0.13721457
Merzenhausen,2023-06-16 14:00:00,42,val,0.131,0.13735653
Merzenhausen,2023-06-16 15:00:00,42,val,0.13,0.13766526
Merzenhausen,2023-06-16 16:00:00,42,val,0.13,0.13809767
Merzenhausen,2023-06-16 17:00:00,42,val,0.133,0.13839072
Merzenhausen,2023-06-16 18:00:00,42,val,0.129,0.13840955
Merzenhausen,2023-06-16 19:00:00,42,val,0.131,0.13824546
Merzenhausen,2023-06-16 20:00:00,42,val,0.133,0.13788064
Merzenhausen,2023-06-16 21:00:00,42,val,0.129,0.1373869
Merzenhausen,2023-06-16 22:00:00,42,val,0.13,0.13703725
Merzenhausen,2023-06-16 23:00:00,42,val,0.13,0.13684197
Merzenhausen,2023-06-17 00:00:00,42,val,0.131,0.13667926
Merzenhausen,2023-06-17 01:00:00,42,val,0.132,0.1364535
Merzenhausen,2023-06-17 02:00:00,42,val,0.133,0.13615295
Merzenhausen,2023-06-17 03:00:00,42,val,0.129,0.13577245
Merzenhausen,2023-06-17 04:00:00,42,val,0.13,0.13531685
Merzenhausen,2023-06-17 05:00:00,42,val,0.126,0.1347826
Merzenhausen,2023-06-17 06:00:00,42,val,0.1305,0.13459107
Merzenhausen,2023-06-17 07:00:00,42,val,0.131,0.13481623
Merzenhausen,2023-06-17 08:00:00,42,val,0.131,0.13531142
Merzenhausen,2023-06-17 09:00:00,42,val,0.129,0.13581893
Merzenhausen,2023-06-17 10:00:00,42,val,0.132,0.1361602
Merzenhausen,2023-06-17 11:00:00,42,val,0.131,0.13624257
Merzenhausen,2023-06-17 12:00:00,42,val,0.132,0.13623998
Merzenhausen,2023-06-17 13:00:00,42,val,0.133,0.13642372
Merzenhausen,2023-06-17 14:00:00,42,val,0.131,0.13668038
Merzenhausen,2023-06-17 15:00:00,42,val,0.1355,0.13678852
Merzenhausen,2023-06-17 16:00:00,42,val,0.134,0.13692881
Merzenhausen,2023-06-17 17:00:00,42,val,0.132,0.13692625
Merzenhausen,2023-06-17 18:00:00,42,val,0.132,0.13658974
Merzenhausen,2023-06-17 19:00:00,42,val,0.1345,0.13618942
Merzenhausen,2023-06-17 20:00:00,42,val,0.133,0.13559178
Merzenhausen,2023-06-17 21:00:00,42,val,0.1355,0.13519293
Merzenhausen,2023-06-17 22:00:00,42,val,0.13,0.13487023
Merzenhausen,2023-06-17 23:00:00,42,val,0.129,0.13463461
Merzenhausen,2023-06-18 00:00:00,42,val,0.128,0.13459043
Merzenhausen,2023-06-18 01:00:00,42,val,0.13,0.13457792
Merzenhausen,2023-06-18 02:00:00,42,val,0.13,0.13472131
Merzenhausen,2023-06-18 03:00:00,42,val,0.128,0.13494313
Merzenhausen,2023-06-18 04:00:00,42,val,0.13,0.13507523
Merzenhausen,2023-06-18 05:00:00,42,val,0.13,0.13525176
Merzenhausen,2023-06-18 06:00:00,42,val,0.132,0.13578042
Merzenhausen,2023-06-18 07:00:00,42,val,0.132,0.13641545
Merzenhausen,2023-06-18 08:00:00,42,val,0.132,0.13705
Merzenhausen,2023-06-18 09:00:00,42,val,0.13,0.13749872
Merzenhausen,2023-06-18 10:00:00,42,val,0.13,0.13788846
Merzenhausen,2023-06-18 11:00:00,42,val,0.13,0.1380386
Merzenhausen,2023-06-18 12:00:00,42,val,0.1365,0.13801824
Merzenhausen,2023-06-18 13:00:00,42,val,0.13,0.13785261
Merzenhausen,2023-06-18 14:00:00,42,val,0.132,0.13751003
Merzenhausen,2023-06-18 15:00:00,42,val,0.132,0.13705234
Merzenhausen,2023-06-18 16:00:00,42,val,0.134,0.1363709
Merzenhausen,2023-06-18 17:00:00,42,val,0.132,0.13573307
Merzenhausen,2023-06-18 18:00:00,42,val,0.133,0.13494244
Merzenhausen,2023-06-18 19:00:00,42,val,0.133,0.13423863
Merzenhausen,2023-06-18 20:00:00,42,val,0.129,0.13371608
Merzenhausen,2023-06-18 21:00:00,42,val,0.134,0.13321833
Merzenhausen,2023-06-18 22:00:00,42,val,0.132,0.13327463
Merzenhausen,2023-06-18 23:00:00,42,val,0.129,0.13339996
Merzenhausen,2023-06-19 00:00:00,42,val,0.129,0.13371858
Merzenhausen,2023-06-19 01:00:00,42,val,0.132,0.1343047
Merzenhausen,2023-06-19 02:00:00,42,val,0.132,0.13523857
Merzenhausen,2023-06-19 03:00:00,42,val,0.129,0.13619262
Merzenhausen,2023-06-19 04:00:00,42,val,0.127,0.1372419
Merzenhausen,2023-06-19 05:00:00,42,val,0.128,0.13813366
Merzenhausen,2023-06-19 06:00:00,42,val,0.128,0.13907322
Merzenhausen,2023-06-19 07:00:00,42,val,0.128,0.13998708
Merzenhausen,2023-06-19 08:00:00,42,val,0.127,0.14072607
Merzenhausen,2023-06-19 09:00:00,42,val,0.129,0.14113536
Merzenhausen,2023-06-19 10:00:00,42,val,0.132,0.14136276
Merzenhausen,2023-06-19 11:00:00,42,val,0.13,0.14125699
Merzenhausen,2023-06-19 12:00:00,42,val,0.13,0.14103618
Merzenhausen,2023-06-19 13:00:00,42,val,0.13,0.14087473
Merzenhausen,2023-06-19 14:00:00,42,val,0.131,0.1405721
Merzenhausen,2023-06-19 15:00:00,42,val,0.133,0.14037012
Merzenhausen,2023-06-19 16:00:00,42,val,0.132,0.14011207
Merzenhausen,2023-06-19 17:00:00,42,val,0.133,0.13951612
Merzenhausen,2023-06-19 18:00:00,42,val,0.133,0.13870484
Merzenhausen,2023-06-19 19:00:00,42,val,0.133,0.13784137
Merzenhausen,2023-06-19 20:00:00,42,val,0.13,0.13694875
Merzenhausen,2023-06-19 21:00:00,42,val,0.133,0.13628864
Merzenhausen,2023-06-19 22:00:00,42,val,0.132,0.13564599
Merzenhausen,2023-06-19 23:00:00,42,val,0.129,0.13519877
Merzenhausen,2023-06-20 00:00:00,42,val,0.13,0.13498993
Merzenhausen,2023-06-20 01:00:00,42,val,0.13,0.13514028
Merzenhausen,2023-06-20 02:00:00,42,val,0.13,0.1355987
Merzenhausen,2023-06-20 03:00:00,42,val,0.13,0.13644964
Merzenhausen,2023-06-20 04:00:00,42,val,0.134,0.13768464
Merzenhausen,2023-06-20 05:00:00,42,val,0.129,0.13882157
Merzenhausen,2023-06-20 06:00:00,42,val,0.129,0.13996804
Merzenhausen,2023-06-20 07:00:00,42,val,0.135,0.1411303
Merzenhausen,2023-06-20 08:00:00,42,val,0.129,0.14214402
Merzenhausen,2023-06-20 09:00:00,42,val,0.132,0.14269936
Merzenhausen,2023-06-20 10:00:00,42,val,0.131,0.14274679
Merzenhausen,2023-06-20 11:00:00,42,val,0.131,0.14248136
Merzenhausen,2023-06-20 12:00:00,42,val,0.13,0.14226715
Merzenhausen,2023-06-20 13:00:00,42,val,0.129,0.1418439
Merzenhausen,2023-06-20 14:00:00,42,val,0.132,0.14145757
Merzenhausen,2023-06-20 15:00:00,42,val,0.13,0.14090163
Merzenhausen,2023-06-20 16:00:00,42,val,0.379,0.14021647
Merzenhausen,2023-06-20 17:00:00,42,val,0.336,0.13934293
Merzenhausen,2023-06-20 18:00:00,42,val,0.341,0.13835281
Merzenhausen,2023-06-20 19:00:00,42,val,0.384,0.13729271
Merzenhausen,2023-06-20 20:00:00,42,val,0.371,0.13613753
Merzenhausen,2023-06-20 21:00:00,42,val,0.369,0.13738698
Merzenhausen,2023-06-20 22:00:00,42,val,0.364,0.13757779
Merzenhausen,2023-06-20 23:00:00,42,val,0.363,0.13746355
Merzenhausen,2023-06-21 00:00:00,42,val,0.36,0.1372075
Merzenhausen,2023-06-21 01:00:00,42,val,0.356,0.13710752
Merzenhausen,2023-06-21 02:00:00,42,val,0.356,0.13716441
Merzenhausen,2023-06-21 03:00:00,42,val,0.354,0.13725832
Merzenhausen,2023-06-21 04:00:00,42,val,0.353,0.13735083
Merzenhausen,2023-06-21 05:00:00,42,val,0.353,0.13752767
Merzenhausen,2023-06-21 06:00:00,42,val,0.35,0.13788107
Merzenhausen,2023-06-21 07:00:00,42,val,0.35,0.13835162
Merzenhausen,2023-06-21 08:00:00,42,val,0.35,0.13866639
Merzenhausen,2023-06-21 09:00:00,42,val,0.351,0.13882402
Merzenhausen,2023-06-21 10:00:00,42,val,0.35,0.13890676
Merzenhausen,2023-06-21 11:00:00,42,val,0.348,0.13880847
Merzenhausen,2023-06-21 12:00:00,42,val,0.348,0.13861725
Merzenhausen,2023-06-21 13:00:00,42,val,0.344,0.13837343
Merzenhausen,2023-06-21 14:00:00,42,val,0.342,0.13816363
Merzenhausen,2023-06-21 15:00:00,42,val,0.342,0.13804296
Merzenhausen,2023-06-21 16:00:00,42,val,0.338,0.1378262
Merzenhausen,2023-06-21 17:00:00,42,val,0.336,0.13754915
Merzenhausen,2023-06-21 18:00:00,42,val,0.336,0.13708976
Merzenhausen,2023-06-21 19:00:00,42,val,0.332,0.13653523
Merzenhausen,2023-06-21 20:00:00,42,val,0.33,0.13580525
Merzenhausen,2023-06-21 21:00:00,42,val,0.333,0.13529792
Merzenhausen,2023-06-21 22:00:00,42,val,0.332,0.13493124
Merzenhausen,2023-06-21 23:00:00,42,val,0.33,0.13468969
Merzenhausen,2023-06-22 00:00:00,42,val,0.328,0.13468519
Merzenhausen,2023-06-22 01:00:00,42,val,0.326,0.13497928
Merzenhausen,2023-06-22 02:00:00,42,val,0.327,0.13548899
Merzenhausen,2023-06-22 03:00:00,42,val,0.327,0.13615961
Merzenhausen,2023-06-22 04:00:00,42,val,0.325,0.1371988
Merzenhausen,2023-06-22 05:00:00,42,val,0.325,0.13817234
Merzenhausen,2023-06-22 06:00:00,42,val,0.324,0.13912567
Merzenhausen,2023-06-22 07:00:00,42,val,0.325,0.14032027
Merzenhausen,2023-06-22 08:00:00,42,val,0.323,0.14134912
Merzenhausen,2023-06-22 09:00:00,42,val,0.321,0.14206603
Merzenhausen,2023-06-22 10:00:00,42,val,0.322,0.14231297
Merzenhausen,2023-06-22 11:00:00,42,val,0.32,0.14451355
Merzenhausen,2023-06-22 12:00:00,42,val,0.318,0.14555696
Merzenhausen,2023-06-22 13:00:00,42,val,0.316,0.14558864
Merzenhausen,2023-06-22 14:00:00,42,val,0.317,0.14515652
Merzenhausen,2023-06-22 15:00:00,42,val,0.314,0.14431536
Merzenhausen,2023-06-22 16:00:00,42,val,0.314,0.16136476
Merzenhausen,2023-06-22 17:00:00,42,val,0.312,0.17894375
Merzenhausen,2023-06-22 18:00:00,42,val,0.308,0.20078449
Merzenhausen,2023-06-22 19:00:00,42,val,0.31,0.2259466
Merzenhausen,2023-06-22 20:00:00,42,val,0.309,0.24821314
Merzenhausen,2023-06-22 21:00:00,42,val,0.308,0.26714742
Merzenhausen,2023-06-22 22:00:00,42,val,0.306,0.2820058
Merzenhausen,2023-06-22 23:00:00,42,val,0.304,0.29321194
Merzenhausen,2023-06-23 00:00:00,42,val,0.306,0.3012959
Merzenhausen,2023-06-23 01:00:00,42,val,0.303,0.30680078
Merzenhausen,2023-06-23 02:00:00,42,val,0.301,0.31042084
Merzenhausen,2023-06-23 03:00:00,42,val,0.301,0.3126157
Merzenhausen,2023-06-23 04:00:00,42,val,0.301,0.31383857
Merzenhausen,2023-06-23 05:00:00,42,val,0.3,0.3144974
Merzenhausen,2023-06-23 06:00:00,42,val,0.301,0.31483933
Merzenhausen,2023-06-23 07:00:00,42,val,0.301,0.31502375
Merzenhausen,2023-06-23 08:00:00,42,val,0.298,0.31518602
Merzenhausen,2023-06-23 09:00:00,42,val,0.301,0.3153324
Merzenhausen,2023-06-23 10:00:00,42,val,0.298,0.31532088
Merzenhausen,2023-06-23 11:00:00,42,val,0.299,0.3151091
Merzenhausen,2023-06-23 12:00:00,42,val,0.299,0.31461835
Merzenhausen,2023-06-23 13:00:00,42,val,0.296,0.31375194
Merzenhausen,2023-06-23 14:00:00,42,val,0.293,0.312506
Merzenhausen,2023-06-23 15:00:00,42,val,0.294,0.31099004
Merzenhausen,2023-06-23 16:00:00,42,val,0.294,0.30922014
Merzenhausen,2023-06-23 17:00:00,42,val,0.293,0.3073165
Merzenhausen,2023-06-23 18:00:00,42,val,0.288,0.30551362
Merzenhausen,2023-06-23 19:00:00,42,val,0.291,0.30389935
Merzenhausen,2023-06-23 20:00:00,42,val,0.288,0.3026284
Merzenhausen,2023-06-23 21:00:00,42,val,0.288,0.3019288
Merzenhausen,2023-06-23 22:00:00,42,val,0.286,0.30171174
Merzenhausen,2023-06-23 23:00:00,42,val,0.287,0.30171168
Merzenhausen,2023-06-24 00:00:00,42,val,0.286,0.3017759
Merzenhausen,2023-06-24 01:00:00,42,val,0.287,0.30168393
Merzenhausen,2023-06-24 02:00:00,42,val,0.284,0.30144486
Merzenhausen,2023-06-24 03:00:00,42,val,0.285,0.30111474
Merzenhausen,2023-06-24 04:00:00,42,val,0.284,0.30070212
Merzenhausen,2023-06-24 05:00:00,42,val,0.285,0.30041403
Merzenhausen,2023-06-24 06:00:00,42,val,0.283,0.30035067
Merzenhausen,2023-06-24 07:00:00,42,val,0.285,0.30041122
Merzenhausen,2023-06-24 08:00:00,42,val,0.283,0.30042621
Merzenhausen,2023-06-24 09:00:00,42,val,0.285,0.30018517
Merzenhausen,2023-06-24 10:00:00,42,val,0.282,0.2997051
Merzenhausen,2023-06-24 11:00:00,42,val,0.282,0.29890883
Merzenhausen,2023-06-24 12:00:00,42,val,0.279,0.2978049
Merzenhausen,2023-06-24 13:00:00,42,val,0.28,0.29642996
Merzenhausen,2023-06-24 14:00:00,42,val,0.278,0.29490024
Merzenhausen,2023-06-24 15:00:00,42,val,0.276,0.29322022
Merzenhausen,2023-06-24 16:00:00,42,val,0.277,0.2914983
Merzenhausen,2023-06-24 17:00:00,42,val,0.277,0.28976884
Merzenhausen,2023-06-24 18:00:00,42,val,0.274,0.28798655
Merzenhausen,2023-06-24 19:00:00,42,val,0.272,0.28642625
Merzenhausen,2023-06-24 20:00:00,42,val,0.274,0.28537893
Merzenhausen,2023-06-24 21:00:00,42,val,0.273,0.28502312
Merzenhausen,2023-06-24 22:00:00,42,val,0.274,0.2852369
Merzenhausen,2023-06-24 23:00:00,42,val,0.273,0.28574488
Merzenhausen,2023-06-25 00:00:00,42,val,0.271,0.28632176
Merzenhausen,2023-06-25 01:00:00,42,val,0.27,0.2866592
Merzenhausen,2023-06-25 02:00:00,42,val,0.271,0.286638
Merzenhausen,2023-06-25 03:00:00,42,val,0.27,0.28635627
Merzenhausen,2023-06-25 04:00:00,42,val,0.271,0.28591907
Merzenhausen,2023-06-25 05:00:00,42,val,0.269,0.2855621
Merzenhausen,2023-06-25 06:00:00,42,val,0.269,0.28552467
Merzenhausen,2023-06-25 07:00:00,42,val,0.27,0.28568748
Merzenhausen,2023-06-25 08:00:00,42,val,0.269,0.28561014
Merzenhausen,2023-06-25 09:00:00,42,val,0.269,0.28517392
Merzenhausen,2023-06-25 10:00:00,42,val,0.269,0.2841157
Merzenhausen,2023-06-25 11:00:00,42,val,0.266,0.2825734
Merzenhausen,2023-06-25 12:00:00,42,val,0.266,0.2808032
Merzenhausen,2023-06-25 13:00:00,42,val,0.264,0.27889445
Merzenhausen,2023-06-25 14:00:00,42,val,0.264,0.27684212
Merzenhausen,2023-06-25 15:00:00,42,val,0.264,0.2748583
Merzenhausen,2023-06-25 16:00:00,42,val,0.264,0.27307373
Merzenhausen,2023-06-25 17:00:00,42,val,0.261,0.27153307
Merzenhausen,2023-06-25 18:00:00,42,val,0.261,0.2701203
Merzenhausen,2023-06-25 19:00:00,42,val,0.26,0.26916838
Merzenhausen,2023-06-25 20:00:00,42,val,0.259,0.2686457
Merzenhausen,2023-06-25 21:00:00,42,val,0.26,0.26874563
Merzenhausen,2023-06-25 22:00:00,42,val,0.259,0.26940265
Merzenhausen,2023-06-25 23:00:00,42,val,0.259,0.27052328
Merzenhausen,2023-06-26 00:00:00,42,val,0.259,0.271814
Merzenhausen,2023-06-26 01:00:00,42,val,0.257,0.2731243
Merzenhausen,2023-06-26 02:00:00,42,val,0.257,0.2740177
Merzenhausen,2023-06-26 03:00:00,42,val,0.257,0.2747659
Merzenhausen,2023-06-26 04:00:00,42,val,0.257,0.27518216
Merzenhausen,2023-06-26 05:00:00,42,val,0.259,0.27542472
Merzenhausen,2023-06-26 06:00:00,42,val,0.257,0.27553356
Merzenhausen,2023-06-26 07:00:00,42,val,0.257,0.27558362
Merzenhausen,2023-06-26 08:00:00,42,val,0.257,0.27551615
Merzenhausen,2023-06-26 09:00:00,42,val,0.257,0.27537364
Merzenhausen,2023-06-26 10:00:00,42,val,0.257,0.27511534
Merzenhausen,2023-06-26 11:00:00,42,val,0.257,0.2747386
Merzenhausen,2023-06-26 12:00:00,42,val,0.257,0.27416003
Merzenhausen,2023-06-26 13:00:00,42,val,0.256,0.2734341
Merzenhausen,2023-06-26 14:00:00,42,val,0.256,0.27258807
Merzenhausen,2023-06-26 15:00:00,42,val,0.255,0.27155122
Merzenhausen,2023-06-26 16:00:00,42,val,0.256,0.2704292
Merzenhausen,2023-06-26 17:00:00,42,val,0.254,0.2692948
Merzenhausen,2023-06-26 18:00:00,42,val,0.255,0.2681011
Merzenhausen,2023-06-26 19:00:00,42,val,0.255,0.2669389
Merzenhausen,2023-06-26 20:00:00,42,val,0.253,0.2660808
Merzenhausen,2023-06-26 21:00:00,42,val,0.253,0.26550958
Merzenhausen,2023-06-26 22:00:00,42,val,0.253,0.2651348
Merzenhausen,2023-06-26 23:00:00,42,val,0.253,0.2647548
Merzenhausen,2023-06-27 00:00:00,42,val,0.253,0.26412666
Merzenhausen,2023-06-27 01:00:00,42,val,0.253,0.263261
Merzenhausen,2023-06-27 02:00:00,42,val,0.251,0.26217413
Merzenhausen,2023-06-27 03:00:00,42,val,0.25,0.26100686
Merzenhausen,2023-06-27 04:00:00,42,val,0.25,0.2599605
Merzenhausen,2023-06-27 05:00:00,42,val,0.251,0.25902912
Merzenhausen,2023-06-27 06:00:00,42,val,0.251,0.2585287
Merzenhausen,2023-06-27 07:00:00,42,val,0.249,0.2583549
Merzenhausen,2023-06-27 08:00:00,42,val,0.251,0.25840133
Merzenhausen,2023-06-27 09:00:00,42,val,0.251,0.25854543
Merzenhausen,2023-06-27 10:00:00,42,val,0.249,0.25867265
Merzenhausen,2023-06-27 11:00:00,42,val,0.249,0.25870806
Merzenhausen,2023-06-27 12:00:00,42,val,0.25,0.25864923
Merzenhausen,2023-06-27 13:00:00,42,val,0.25,0.2584197
Merzenhausen,2023-06-27 14:00:00,42,val,0.249,0.25807118
Merzenhausen,2023-06-27 15:00:00,42,val,0.249,0.2576431
Merzenhausen,2023-06-27 16:00:00,42,val,0.247,0.25710273
Merzenhausen,2023-06-27 17:00:00,42,val,0.247,0.25636137
Merzenhausen,2023-06-27 18:00:00,42,val,0.247,0.2554946
Merzenhausen,2023-06-27 19:00:00,42,val,0.246,0.25464034
Merzenhausen,2023-06-27 20:00:00,42,val,0.247,0.25387555
Merzenhausen,2023-06-27 21:00:00,42,val,0.246,0.25329235
Merzenhausen,2023-06-27 22:00:00,42,val,0.246,0.25295517
Merzenhausen,2023-06-27 23:00:00,42,val,0.246,0.25322515
Merzenhausen,2023-06-28 00:00:00,42,val,0.245,0.25372276
Merzenhausen,2023-06-28 01:00:00,42,val,0.245,0.2535141
Merzenhausen,2023-06-28 02:00:00,42,val,0.246,0.25291777
Merzenhausen,2023-06-28 03:00:00,42,val,0.242,0.25205433
Merzenhausen,2023-06-28 04:00:00,42,val,0.243,0.25123614
Merzenhausen,2023-06-28 05:00:00,42,val,0.245,0.25073573
Merzenhausen,2023-06-28 06:00:00,42,val,0.243,0.25030258
Merzenhausen,2023-06-28 07:00:00,42,val,0.245,0.24996114
Merzenhausen,2023-06-28 08:00:00,42,val,0.243,0.24977839
Merzenhausen,2023-06-28 09:00:00,42,val,0.243,0.24976309
Merzenhausen,2023-06-28 10:00:00,42,val,0.245,0.24994825
Merzenhausen,2023-06-28 11:00:00,42,val,0.245,0.2503552
Merzenhausen,2023-06-28 12:00:00,42,val,0.243,0.25068846
Merzenhausen,2023-06-28 13:00:00,42,val,0.244,0.25082916
Merzenhausen,2023-06-28 14:00:00,42,val,0.244,0.25070477
Merzenhausen,2023-06-28 15:00:00,42,val,0.244,0.2502768
Merzenhausen,2023-06-28 16:00:00,42,val,0.243,0.24962902
Merzenhausen,2023-06-28 17:00:00,42,val,0.243,0.24875657
Merzenhausen,2023-06-28 18:00:00,42,val,0.24,0.24786964
Merzenhausen,2023-06-28 19:00:00,42,val,0.242,0.24707317
Merzenhausen,2023-06-28 20:00:00,42,val,0.241,0.24636947
Merzenhausen,2023-06-28 21:00:00,42,val,0.24,0.24591452
Merzenhausen,2023-06-28 22:00:00,42,val,0.24,0.2457164
Merzenhausen,2023-06-28 23:00:00,42,val,0.241,0.24573281
Merzenhausen,2023-06-29 00:00:00,42,val,0.241,0.24586315
Merzenhausen,2023-06-29 01:00:00,42,val,0.241,0.24600895
Merzenhausen,2023-06-29 02:00:00,42,val,0.239,0.24604115
Merzenhausen,2023-06-29 03:00:00,42,val,0.238,0.24599689
Merzenhausen,2023-06-29 04:00:00,42,val,0.238,0.24589726
Merzenhausen,2023-06-29 05:00:00,42,val,0.239,0.24592075
Merzenhausen,2023-06-29 06:00:00,42,val,0.239,0.24612412
Merzenhausen,2023-06-29 07:00:00,42,val,0.241,0.24627116
Merzenhausen,2023-06-29 08:00:00,42,val,0.239,0.24641252
Merzenhausen,2023-06-29 09:00:00,42,val,0.239,0.24644929
Merzenhausen,2023-06-29 10:00:00,42,val,0.236,0.24630389
Merzenhausen,2023-06-29 11:00:00,42,val,0.238,0.24596266
Merzenhausen,2023-06-29 12:00:00,42,val,0.239,0.24561071
Merzenhausen,2023-06-29 13:00:00,42,val,0.239,0.24534696
Merzenhausen,2023-06-29 14:00:00,42,val,0.239,0.24510987
Merzenhausen,2023-06-29 15:00:00,42,val,0.236,0.24493174
Merzenhausen,2023-06-29 16:00:00,42,val,0.236,0.24457228
Merzenhausen,2023-06-29 17:00:00,42,val,0.236,0.24405597
Merzenhausen,2023-06-29 18:00:00,42,val,0.236,0.24342996
Merzenhausen,2023-06-29 19:00:00,42,val,0.234,0.24279095
Merzenhausen,2023-06-29 20:00:00,42,val,0.234,0.24231657
Merzenhausen,2023-06-29 21:00:00,42,val,0.237,0.241979
Merzenhausen,2023-06-29 22:00:00,42,val,0.233,0.24195977
Merzenhausen,2023-06-29 23:00:00,42,val,0.234,0.24309169
Merzenhausen,2023-06-30 00:00:00,42,val,0.234,0.2440401
Merzenhausen,2023-06-30 01:00:00,42,val,0.235,0.2444885
Merzenhausen,2023-06-30 02:00:00,42,val,0.232,0.244286
Merzenhausen,2023-06-30 03:00:00,42,val,0.233,0.24338122
Merzenhausen,2023-06-30 04:00:00,42,val,0.235,0.24225539
Merzenhausen,2023-06-30 05:00:00,42,val,0.235,0.24117851
Merzenhausen,2023-06-30 06:00:00,42,val,0.236,0.24027021
Merzenhausen,2023-06-30 07:00:00,42,val,0.235,0.23969042
Merzenhausen,2023-06-30 08:00:00,42,val,0.235,0.23934096
Merzenhausen,2023-06-30 09:00:00,42,val,0.232,0.23923084
Merzenhausen,2023-06-30 10:00:00,42,val,0.233,0.23933789
Merzenhausen,2023-06-30 11:00:00,42,val,0.23,0.23953284
Merzenhausen,2023-06-30 12:00:00,42,val,0.23,0.23970352
Merzenhausen,2023-06-30 13:00:00,42,val,0.228,0.23990813
Merzenhausen,2023-06-30 14:00:00,42,val,0.227,0.24010463
Merzenhausen,2023-06-30 15:00:00,42,val,0.226,0.2402276
Merzenhausen,2023-06-30 16:00:00,42,val,0.227,0.24016502
Merzenhausen,2023-06-30 17:00:00,42,val,0.225,0.23990987
Merzenhausen,2023-06-30 18:00:00,42,val,0.223,0.23933604
Merzenhausen,2023-06-30 19:00:00,42,val,0.225,0.23879431
Merzenhausen,2023-06-30 20:00:00,42,val,0.223,0.23829888
Merzenhausen,2023-06-30 21:00:00,42,val,0.225,0.23788677
Merzenhausen,2023-06-30 22:00:00,42,val,0.223,0.23746559
Merzenhausen,2023-06-30 23:00:00,42,val,0.221,0.23702341
Merzenhausen,2023-07-01 00:00:00,42,val,0.222,0.23653544
Merzenhausen,2023-07-01 01:00:00,42,val,0.22,0.23596571
Merzenhausen,2023-07-01 02:00:00,42,val,0.22,0.23526728
Merzenhausen,2023-07-01 03:00:00,42,val,0.221,0.23450062
Merzenhausen,2023-07-01 04:00:00,42,val,0.22,0.23379633
Merzenhausen,2023-07-01 05:00:00,42,val,0.222,0.23335145
Merzenhausen,2023-07-01 06:00:00,42,val,0.22,0.23303893
Merzenhausen,2023-07-01 07:00:00,42,val,0.219,0.2331189
Merzenhausen,2023-07-01 08:00:00,42,val,0.218,0.23338561
Merzenhausen,2023-07-01 09:00:00,42,val,0.218,0.23368075
Merzenhausen,2023-07-01 10:00:00,42,val,0.217,0.23402008
Merzenhausen,2023-07-01 11:00:00,42,val,0.218,0.23444323
Merzenhausen,2023-07-01 12:00:00,42,val,0.216,0.23498094
Merzenhausen,2023-07-01 13:00:00,42,val,0.216,0.23623358
Merzenhausen,2023-07-01 14:00:00,42,val,0.217,0.23707788
Merzenhausen,2023-07-01 15:00:00,42,val,0.214,0.237394
Merzenhausen,2023-07-01 16:00:00,42,val,0.212,0.23727715
Merzenhausen,2023-07-01 17:00:00,42,val,0.212,0.23692918
Merzenhausen,2023-07-01 18:00:00,42,val,0.212,0.23627298
Merzenhausen,2023-07-01 19:00:00,42,val,0.209,0.2357191
Merzenhausen,2023-07-01 20:00:00,42,val,0.21,0.23495916
Merzenhausen,2023-07-01 21:00:00,42,val,0.21,0.23425722
Merzenhausen,2023-07-01 22:00:00,42,val,0.208,0.23340325
Merzenhausen,2023-07-01 23:00:00,42,val,0.209,0.23245142
Merzenhausen,2023-07-02 00:00:00,42,val,0.207,0.23139657
Merzenhausen,2023-07-02 01:00:00,42,val,0.208,0.2303206
Merzenhausen,2023-07-02 02:00:00,42,val,0.206,0.22911865
Merzenhausen,2023-07-02 03:00:00,42,val,0.206,0.22800085
Merzenhausen,2023-07-02 04:00:00,42,val,0.207,0.22719143
Merzenhausen,2023-07-02 05:00:00,42,val,0.205,0.22673355
Merzenhausen,2023-07-02 06:00:00,42,val,0.205,0.22670393
Merzenhausen,2023-07-02 07:00:00,42,val,0.206,0.22707865
Merzenhausen,2023-07-02 08:00:00,42,val,0.204,0.22768305
Merzenhausen,2023-07-02 09:00:00,42,val,0.207,0.22819942
Merzenhausen,2023-07-02 10:00:00,42,val,0.205,0.22875968
Merzenhausen,2023-07-02 11:00:00,42,val,0.202,0.2292882
Merzenhausen,2023-07-02 12:00:00,42,val,0.203,0.22971708
Merzenhausen,2023-07-02 13:00:00,42,val,0.203,0.22992249
Merzenhausen,2023-07-02 14:00:00,42,val,0.2,0.22993825
Merzenhausen,2023-07-02 15:00:00,42,val,0.203,0.22963385
Merzenhausen,2023-07-02 16:00:00,42,val,0.202,0.22912733
Merzenhausen,2023-07-02 17:00:00,42,val,0.198,0.22831632
Merzenhausen,2023-07-02 18:00:00,42,val,0.2,0.22719543
Merzenhausen,2023-07-02 19:00:00,42,val,0.2,0.22596864
Merzenhausen,2023-07-02 20:00:00,42,val,0.199,0.22469465
Merzenhausen,2023-07-02 21:00:00,42,val,0.196,0.2234878
Merzenhausen,2023-07-02 22:00:00,42,val,0.197,0.22235006
Merzenhausen,2023-07-02 23:00:00,42,val,0.199,0.22109777
Merzenhausen,2023-07-03 00:00:00,42,val,0.197,0.2197853
Merzenhausen,2023-07-03 01:00:00,42,val,0.197,0.21832769
Merzenhausen,2023-07-03 02:00:00,42,val,0.199,0.21682845
Merzenhausen,2023-07-03 03:00:00,42,val,0.195,0.21547674
Merzenhausen,2023-07-03 04:00:00,42,val,0.199,0.21434115
Merzenhausen,2023-07-03 05:00:00,42,val,0.199,0.21365102
Merzenhausen,2023-07-03 06:00:00,42,val,0.2,0.21329805
Merzenhausen,2023-07-03 07:00:00,42,val,0.197,0.21335684
Merzenhausen,2023-07-03 08:00:00,42,val,0.199,0.2136337
Merzenhausen,2023-07-03 09:00:00,42,val,0.197,0.21403787
Merzenhausen,2023-07-03 10:00:00,42,val,0.198,0.21451806
Merzenhausen,2023-07-03 11:00:00,42,val,0.196,0.21510719
Merzenhausen,2023-07-03 12:00:00,42,val,0.196,0.21569845
Merzenhausen,2023-07-03 13:00:00,42,val,0.196,0.2162729
Merzenhausen,2023-07-03 14:00:00,42,val,0.193,0.2167825
Merzenhausen,2023-07-03 15:00:00,42,val,0.193,0.21702978
Merzenhausen,2023-07-03 16:00:00,42,val,0.195,0.21678586
Merzenhausen,2023-07-03 17:00:00,42,val,0.196,0.21611841
Merzenhausen,2023-07-03 18:00:00,42,val,0.196,0.21514446
Merzenhausen,2023-07-03 19:00:00,42,val,0.196,0.21390949
Merzenhausen,2023-07-03 20:00:00,42,val,0.194,0.21257147
Merzenhausen,2023-07-03 21:00:00,42,val,0.195,0.21123527
Selhausen,2021-10-28 10:00:00,42,val,0.25,0.2424871
Selhausen,2021-10-28 11:00:00,42,val,0.249,0.24367836
Selhausen,2021-10-28 12:00:00,42,val,0.255,0.24522038
Selhausen,2021-10-28 13:00:00,42,val,0.252,0.24673656
Selhausen,2021-10-28 14:00:00,42,val,0.249,0.2479949
Selhausen,2021-10-28 15:00:00,42,val,0.257,0.24888022
Selhausen,2021-10-28 16:00:00,42,val,0.252,0.24965765
Selhausen,2021-10-28 17:00:00,42,val,0.249,0.2501699
Selhausen,2021-10-28 18:00:00,42,val,0.25,0.25014105
Selhausen,2021-10-28 19:00:00,42,val,0.251,0.24980773
Selhausen,2021-10-28 20:00:00,42,val,0.251,0.2491866
Selhausen,2021-10-28 21:00:00,42,val,0.25,0.24839942
Selhausen,2021-10-28 22:00:00,42,val,0.254,0.24756183
Selhausen,2021-10-28 23:00:00,42,val,0.251,0.24659428
Selhausen,2021-10-29 00:00:00,42,val,0.252,0.2456998
Selhausen,2021-10-29 01:00:00,42,val,0.247,0.24461235
Selhausen,2021-10-29 02:00:00,42,val,0.249,0.24345015
Selhausen,2021-10-29 03:00:00,42,val,0.25,0.24246702
Selhausen,2021-10-29 04:00:00,42,val,0.247,0.24168514
Selhausen,2021-10-29 05:00:00,42,val,0.25,0.24121061
Selhausen,2021-10-29 06:00:00,42,val,0.249,0.24101014
Selhausen,2021-10-29 07:00:00,42,val,0.247,0.2410729
Selhausen,2021-10-29 08:00:00,42,val,0.25,0.24144666
Selhausen,2021-10-29 09:00:00,42,val,0.252,0.24205774
Selhausen,2021-10-29 10:00:00,42,val,0.251,0.2427476
Selhausen,2021-10-29 11:00:00,42,val,0.25,0.24387911
Selhausen,2021-10-29 12:00:00,42,val,0.248,0.24493049
Selhausen,2021-10-29 13:00:00,42,val,0.248,0.24577652
Selhausen,2021-10-29 14:00:00,42,val,0.25,0.24644288
Selhausen,2021-10-29 15:00:00,42,val,0.254,0.24679297
Selhausen,2021-10-29 16:00:00,42,val,0.254,0.2468918
Selhausen,2021-10-29 17:00:00,42,val,0.249,0.24663213
Selhausen,2021-10-29 18:00:00,42,val,0.2345,0.24609795
Selhausen,2021-10-29 19:00:00,42,val,0.253,0.24527732
Selhausen,2021-10-29 20:00:00,42,val,0.339,0.24456337
Selhausen,2021-10-29 21:00:00,42,val,0.324,0.24393547
Selhausen,2021-10-29 22:00:00,42,val,0.331,0.24351259
Selhausen,2021-10-29 23:00:00,42,val,0.327,0.24329753
Selhausen,2021-10-30 00:00:00,42,val,0.316,0.24329054
Selhausen,2021-10-30 01:00:00,42,val,0.312,0.24331576
Selhausen,2021-10-30 02:00:00,42,val,0.312,0.24336766
Selhausen,2021-10-30 03:00:00,42,val,0.317,0.24345814
Selhausen,2021-10-30 04:00:00,42,val,0.314,0.24371438
Selhausen,2021-10-30 05:00:00,42,val,0.309,0.24405846
Selhausen,2021-10-30 06:00:00,42,val,0.316,0.24437009
Selhausen,2021-10-30 07:00:00,42,val,0.31,0.24470927
Selhausen,2021-10-30 08:00:00,42,val,0.31,0.24493313
Selhausen,2021-10-30 09:00:00,42,val,0.307,0.24532753
Selhausen,2021-10-30 10:00:00,42,val,0.308,0.24558629
Selhausen,2021-10-30 11:00:00,42,val,0.305,0.24576344
Selhausen,2021-10-30 12:00:00,42,val,0.305,0.24615547
Selhausen,2021-10-30 13:00:00,42,val,0.314,0.24647018
Selhausen,2021-10-30 14:00:00,42,val,0.309,0.24649017
Selhausen,2021-10-30 15:00:00,42,val,0.307,0.24656741
Selhausen,2021-10-30 16:00:00,42,val,0.306,0.24631697
Selhausen,2021-10-30 17:00:00,42,val,0.304,0.245525
Selhausen,2021-10-30 18:00:00,42,val,0.306,0.24439791
Selhausen,2021-10-30 19:00:00,42,val,0.305,0.24323842
Selhausen,2021-10-30 20:00:00,42,val,0.301,0.24232133
Selhausen,2021-10-30 21:00:00,42,val,0.299,0.24172412
Selhausen,2021-10-30 22:00:00,42,val,0.295,0.24122213
Selhausen,2021-10-30 23:00:00,42,val,0.297,0.24073526
Selhausen,2021-10-31 00:00:00,42,val,0.297,0.24032286
Selhausen,2021-10-31 01:00:00,42,val,0.295,0.23972273
Selhausen,2021-10-31 02:00:00,42,val,0.293,0.23909956
Selhausen,2021-10-31 03:00:00,42,val,0.293,0.2385726
Selhausen,2021-10-31 04:00:00,42,val,0.291,0.23796207
Selhausen,2021-10-31 05:00:00,42,val,0.291,0.23753151
Selhausen,2021-10-31 06:00:00,42,val,0.291,0.2372319
Selhausen,2021-10-31 07:00:00,42,val,0.289,0.23701137
Selhausen,2021-10-31 08:00:00,42,val,0.291,0.23706155
Selhausen,2021-10-31 09:00:00,42,val,0.289,0.23754284
Selhausen,2021-10-31 10:00:00,42,val,0.291,0.23834634
Selhausen,2021-10-31 11:00:00,42,val,0.295,0.239347
Selhausen,2021-10-31 12:00:00,42,val,0.293,0.24018475
Selhausen,2021-10-31 13:00:00,42,val,0.29,0.240873
Selhausen,2021-10-31 14:00:00,42,val,0.292,0.24134968
Selhausen,2021-10-31 15:00:00,42,val,0.292,0.24177375
Selhausen,2021-10-31 16:00:00,42,val,0.293,0.24204563
Selhausen,2021-10-31 17:00:00,42,val,0.29,0.24172667
Selhausen,2021-10-31 18:00:00,42,val,0.291,0.24015512
Selhausen,2021-10-31 19:00:00,42,val,0.289,0.23900889
Selhausen,2021-10-31 20:00:00,42,val,0.289,0.24528609
Selhausen,2021-10-31 21:00:00,42,val,0.291,0.25261626
Selhausen,2021-10-31 22:00:00,42,val,0.291,0.2604977
Selhausen,2021-10-31 23:00:00,42,val,0.289,0.2679968
Selhausen,2021-11-01 00:00:00,42,val,0.285,0.27421743
Selhausen,2021-11-01 01:00:00,42,val,0.288,0.27899057
Selhausen,2021-11-01 02:00:00,42,val,0.287,0.2824201
Selhausen,2021-11-01 03:00:00,42,val,0.286,0.28504354
Selhausen,2021-11-01 04:00:00,42,val,0.29,0.2869035
Selhausen,2021-11-01 05:00:00,42,val,0.286,0.28803983
Selhausen,2021-11-01 06:00:00,42,val,0.288,0.28888553
Selhausen,2021-11-01 07:00:00,42,val,0.287,0.28958237
Selhausen,2021-11-01 08:00:00,42,val,0.29,0.29023036
Selhausen,2021-11-01 09:00:00,42,val,0.287,0.2908294
Selhausen,2021-11-01 10:00:00,42,val,0.29,0.29140097
Selhausen,2021-11-01 11:00:00,42,val,0.289,0.29186383
Selhausen,2021-11-01 12:00:00,42,val,0.31,0.29218936
Selhausen,2021-11-01 13:00:00,42,val,0.358,0.2925855
Selhausen,2021-11-01 14:00:00,42,val,0.353,0.29262176
Selhausen,2021-11-01 15:00:00,42,val,0.345,0.29220554
Selhausen,2021-11-01 16:00:00,42,val,0.34,0.2914306
Selhausen,2021-11-01 17:00:00,42,val,0.34,0.29031274
Selhausen,2021-11-01 18:00:00,42,val,0.337,0.28909355
Selhausen,2021-11-01 19:00:00,42,val,0.33,0.287869
Selhausen,2021-11-01 20:00:00,42,val,0.333,0.28657615
Selhausen,2021-11-01 21:00:00,42,val,0.33,0.28523645
Selhausen,2021-11-01 22:00:00,42,val,0.33,0.28382337
Selhausen,2021-11-01 23:00:00,42,val,0.327,0.2824621
Selhausen,2022-01-04 16:00:00,42,val,0.355,0.3364412
Selhausen,2022-01-04 17:00:00,42,val,0.356,0.33586788
Selhausen,2022-01-04 18:00:00,42,val,0.356,0.33541238
Selhausen,2022-01-04 19:00:00,42,val,0.353,0.3356747
Selhausen,2022-01-04 20:00:00,42,val,0.353,0.33620954
Selhausen,2022-01-04 21:00:00,42,val,0.353,0.336892
Selhausen,2022-01-04 22:00:00,42,val,0.353,0.3375973
Selhausen,2022-01-04 23:00:00,42,val,0.353,0.33816046
Selhausen,2022-01-05 00:00:00,42,val,0.353,0.33860052
Selhausen,2022-01-05 01:00:00,42,val,0.351,0.33877993
Selhausen,2022-01-05 02:00:00,42,val,0.353,0.33868036
Selhausen,2022-01-05 03:00:00,42,val,0.353,0.33830833
Selhausen,2022-01-05 04:00:00,42,val,0.35,0.3377614
Selhausen,2022-01-05 05:00:00,42,val,0.35,0.33695906
Selhausen,2022-01-05 06:00:00,42,val,0.351,0.33605853
Selhausen,2022-01-05 07:00:00,42,val,0.35,0.3351986
Selhausen,2022-01-05 08:00:00,42,val,0.351,0.3344499
Selhausen,2022-01-05 09:00:00,42,val,0.351,0.3338367
Selhausen,2022-01-05 10:00:00,42,val,0.35,0.33334756
Selhausen,2022-01-05 11:00:00,42,val,0.35,0.33302668
Selhausen,2022-01-05 12:00:00,42,val,0.35,0.332708
Selhausen,2022-01-05 13:00:00,42,val,0.353,0.3321788
Selhausen,2022-01-05 14:00:00,42,val,0.352,0.33158278
Selhausen,2022-01-05 15:00:00,42,val,0.352,0.3308475
Selhausen,2022-01-05 16:00:00,42,val,0.35,0.32998365
Selhausen,2022-01-05 17:00:00,42,val,0.352,0.32903904
Selhausen,2022-01-05 18:00:00,42,val,0.35,0.3281092
Selhausen,2022-01-05 19:00:00,42,val,0.349,0.3274355
Selhausen,2022-01-05 20:00:00,42,val,0.348,0.326951
Selhausen,2022-01-05 21:00:00,42,val,0.348,0.32659155
Selhausen,2022-01-05 22:00:00,42,val,0.346,0.32647416
Selhausen,2022-01-05 23:00:00,42,val,0.35,0.32647312
Selhausen,2022-01-06 00:00:00,42,val,0.348,0.32668233
Selhausen,2022-01-06 01:00:00,42,val,0.348,0.32672283
Selhausen,2022-01-06 02:00:00,42,val,0.35,0.32673734
Selhausen,2022-01-06 03:00:00,42,val,0.348,0.32653022
Selhausen,2022-01-06 04:00:00,42,val,0.346,0.326234
Selhausen,2022-01-06 05:00:00,42,val,0.346,0.32586816
Selhausen,2022-01-06 06:00:00,42,val,0.346,0.32547587
Selhausen,2022-01-06 07:00:00,42,val,0.346,0.3249988
Selhausen,2022-01-06 08:00:00,42,val,0.346,0.32470474
Selhausen,2022-01-06 09:00:00,42,val,0.346,0.32441893
Selhausen,2022-01-06 10:00:00,42,val,0.346,0.32423222
Selhausen,2022-01-06 11:00:00,42,val,0.346,0.3242973
Selhausen,2022-01-06 12:00:00,42,val,0.35,0.3244089
Selhausen,2022-01-06 13:00:00,42,val,0.348,0.32454765
Selhausen,2022-01-06 14:00:00,42,val,0.345,0.32461047
Selhausen,2022-01-06 15:00:00,42,val,0.35,0.32454434
Selhausen,2022-01-06 16:00:00,42,val,0.348,0.32427743
Selhausen,2022-01-06 17:00:00,42,val,0.346,0.3238374
Selhausen,2022-01-06 18:00:00,42,val,0.345,0.3232931
Selhausen,2022-01-06 19:00:00,42,val,0.348,0.32263523
Selhausen,2022-01-06 20:00:00,42,val,0.346,0.32204378
Selhausen,2022-01-06 21:00:00,42,val,0.346,0.32151645
Selhausen,2022-01-06 22:00:00,42,val,0.35,0.32110026
Selhausen,2022-01-06 23:00:00,42,val,0.346,0.32072702
Selhausen,2022-01-07 00:00:00,42,val,0.341,0.32041493
Selhausen,2022-01-07 01:00:00,42,val,0.35,0.32014096
Selhausen,2022-01-07 02:00:00,42,val,0.387,0.32004696
Selhausen,2022-01-07 03:00:00,42,val,0.399,0.3200743
Selhausen,2022-01-07 04:00:00,42,val,0.392,0.3201531
Selhausen,2022-01-07 05:00:00,42,val,0.393,0.32026073
Selhausen,2022-01-07 06:00:00,42,val,0.393,0.3203743
Selhausen,2022-01-07 07:00:00,42,val,0.391,0.32049957
Selhausen,2022-01-07 08:00:00,42,val,0.391,0.32063976
Selhausen,2022-01-07 09:00:00,42,val,0.393,0.32079053
Selhausen,2022-01-07 10:00:00,42,val,0.393,0.32097152
Selhausen,2022-01-07 11:00:00,42,val,0.389,0.3211892
Selhausen,2022-01-07 12:00:00,42,val,0.389,0.32148975
Selhausen,2022-01-07 13:00:00,42,val,0.388,0.3218042
Selhausen,2022-01-07 14:00:00,42,val,0.388,0.3220316
Selhausen,2022-01-07 15:00:00,42,val,0.385,0.32207817
Selhausen,2022-01-07 16:00:00,42,val,0.386,0.32184762
Selhausen,2022-01-07 17:00:00,42,val,0.383,0.3214679
Selhausen,2022-01-07 18:00:00,42,val,0.382,0.321023
Selhausen,2022-01-07 19:00:00,42,val,0.382,0.32054138
Selhausen,2022-01-07 20:00:00,42,val,0.38,0.32006854
Selhausen,2022-01-07 21:00:00,42,val,0.382,0.3197233
Selhausen,2022-01-07 22:00:00,42,val,0.379,0.3194732
Selhausen,2022-01-07 23:00:00,42,val,0.379,0.319388
Selhausen,2022-01-08 00:00:00,42,val,0.378,0.31931373
Selhausen,2022-01-08 01:00:00,42,val,0.377,0.31921136
Selhausen,2022-01-08 02:00:00,42,val,0.375,0.3191139
Selhausen,2022-01-08 03:00:00,42,val,0.375,0.31891188
Selhausen,2022-03-26 13:00:00,42,val,0.264,0.24228211
Selhausen,2022-03-26 14:00:00,42,val,0.267,0.24364428
Selhausen,2022-03-26 15:00:00,42,val,0.268,0.24474129
Selhausen,2022-03-26 16:00:00,42,val,0.267,0.24543554
Selhausen,2022-03-26 17:00:00,42,val,0.266,0.24573547
Selhausen,2022-03-26 18:00:00,42,val,0.262,0.24574354
Selhausen,2022-03-26 19:00:00,42,val,0.262,0.24537769
Selhausen,2022-03-26 20:00:00,42,val,0.261,0.24484593
Selhausen,2022-03-26 21:00:00,42,val,0.262,0.24417968
Selhausen,2022-03-26 22:00:00,42,val,0.256,0.2433653
Selhausen,2022-03-26 23:00:00,42,val,0.261,0.24061356
Selhausen,2022-03-27 00:00:00,42,val,0.258,0.2382848
Selhausen,2022-03-27 01:00:00,42,val,0.256,0.23638965
Selhausen,2022-03-27 02:00:00,42,val,0.256,0.23479985
Selhausen,2022-03-27 03:00:00,42,val,0.258,0.23357971
Selhausen,2022-03-27 04:00:00,42,val,0.259,0.23279096
Selhausen,2022-03-27 05:00:00,42,val,0.256,0.2324376
Selhausen,2022-03-27 06:00:00,42,val,0.252,0.23235969
Selhausen,2022-03-27 07:00:00,42,val,0.255,0.23267415
Selhausen,2022-03-27 08:00:00,42,val,0.258,0.23352143
Selhausen,2022-03-27 09:00:00,42,val,0.256,0.23466423
Selhausen,2022-03-27 10:00:00,42,val,0.23,0.23569094
Selhausen,2022-03-27 11:00:00,42,val,0.262,0.23721494
Selhausen,2022-03-27 12:00:00,42,val,0.232,0.23886326
Selhausen,2022-03-27 13:00:00,42,val,0.266,0.24075274
Selhausen,2022-03-27 14:00:00,42,val,0.263,0.24250045
Selhausen,2022-03-27 15:00:00,42,val,0.266,0.24393706
Selhausen,2022-03-27 16:00:00,42,val,0.26,0.24496414
Selhausen,2022-03-27 17:00:00,42,val,0.266,0.24561164
Selhausen,2022-03-27 18:00:00,42,val,0.262,0.24586101
Selhausen,2022-03-27 19:00:00,42,val,0.263,0.24565655
Selhausen,2022-03-27 20:00:00,42,val,0.26,0.24354737
Selhausen,2022-03-27 21:00:00,42,val,0.257,0.24183944
Selhausen,2022-03-27 22:00:00,42,val,0.256,0.240328
Selhausen,2022-03-27 23:00:00,42,val,0.256,0.23921427
Selhausen,2022-03-28 00:00:00,42,val,0.261,0.23817036
Selhausen,2022-03-28 01:00:00,42,val,0.258,0.23719256
Selhausen,2022-03-28 02:00:00,42,val,0.252,0.23451231
Selhausen,2022-03-28 03:00:00,42,val,0.254,0.2324602
Selhausen,2022-03-28 04:00:00,42,val,0.255,0.23104347
Selhausen,2022-03-28 05:00:00,42,val,0.254,0.23015311
Selhausen,2022-03-28 06:00:00,42,val,0.254,0.22967547
Selhausen,2022-03-28 07:00:00,42,val,0.255,0.22998047
Selhausen,2022-03-28 08:00:00,42,val,0.254,0.22933128
Selhausen,2022-03-28 09:00:00,42,val,0.257,0.22953439
Selhausen,2022-03-28 10:00:00,42,val,0.259,0.23043415
Selhausen,2022-03-28 11:00:00,42,val,0.254,0.23182954
Selhausen,2022-03-28 12:00:00,42,val,0.255,0.23359917
Selhausen,2022-03-28 13:00:00,42,val,0.264,0.2354763
Selhausen,2022-03-28 14:00:00,42,val,0.263,0.23735276
Selhausen,2022-03-28 15:00:00,42,val,0.261,0.23914368
Selhausen,2022-03-28 16:00:00,42,val,0.231,0.24076489
Selhausen,2022-03-28 17:00:00,42,val,0.261,0.24204996
Selhausen,2022-03-28 18:00:00,42,val,0.257,0.24282616
Selhausen,2022-03-28 19:00:00,42,val,0.258,0.24312758
Selhausen,2022-03-28 20:00:00,42,val,0.251,0.24305597
Selhausen,2022-03-28 21:00:00,42,val,0.256,0.24284458
Selhausen,2022-03-28 22:00:00,42,val,0.257,0.24227813
Selhausen,2022-03-28 23:00:00,42,val,0.254,0.24173902
Selhausen,2022-03-29 00:00:00,42,val,0.253,0.24097525
Selhausen,2022-03-29 01:00:00,42,val,0.253,0.24000005
Selhausen,2022-03-29 02:00:00,42,val,0.252,0.23900314
Selhausen,2022-03-29 03:00:00,42,val,0.251,0.23821414
Selhausen,2022-03-29 04:00:00,42,val,0.252,0.2377653
Selhausen,2022-03-29 05:00:00,42,val,0.253,0.23755309
Selhausen,2022-03-29 06:00:00,42,val,0.253,0.23740238
Selhausen,2022-03-29 07:00:00,42,val,0.25,0.23745674
Selhausen,2022-03-29 08:00:00,42,val,0.25,0.23778127
Selhausen,2022-03-29 09:00:00,42,val,0.25,0.23828521
Selhausen,2022-03-29 10:00:00,42,val,0.253,0.2377549
Selhausen,2022-03-29 11:00:00,42,val,0.257,0.23787953
Selhausen,2022-03-29 12:00:00,42,val,0.259,0.23704575
Selhausen,2022-03-29 13:00:00,42,val,0.262,0.23720236
Selhausen,2022-03-29 14:00:00,42,val,0.263,0.23797068
Selhausen,2022-03-29 15:00:00,42,val,0.277,0.23925309
Selhausen,2022-03-29 16:00:00,42,val,0.283,0.2404049
Selhausen,2022-03-29 17:00:00,42,val,0.289,0.24162862
Selhausen,2022-03-29 18:00:00,42,val,0.291,0.24260454
Selhausen,2022-03-29 19:00:00,42,val,0.292,0.24329281
Selhausen,2022-03-29 20:00:00,42,val,0.294,0.24355333
Selhausen,2022-03-29 21:00:00,42,val,0.297,0.24336135
Selhausen,2022-03-29 22:00:00,42,val,0.298,0.24278627
Selhausen,2022-03-29 23:00:00,42,val,0.3,0.24189478
Selhausen,2022-03-30 00:00:00,42,val,0.3,0.24108803
Selhausen,2022-03-30 01:00:00,42,val,0.3,0.24015255
Selhausen,2022-03-30 02:00:00,42,val,0.3,0.2390072
Selhausen,2022-03-30 03:00:00,42,val,0.299,0.23797247
Selhausen,2022-03-30 04:00:00,42,val,0.301,0.23722728
Selhausen,2022-03-30 05:00:00,42,val,0.304,0.236738
Selhausen,2022-03-30 06:00:00,42,val,0.304,0.23639533
Selhausen,2022-03-30 07:00:00,42,val,0.303,0.23629335
Selhausen,2022-03-30 08:00:00,42,val,0.303,0.23633884
Selhausen,2022-03-30 09:00:00,42,val,0.302,0.23675047
Selhausen,2022-03-30 10:00:00,42,val,0.3,0.23763385
Selhausen,2022-03-30 11:00:00,42,val,0.302,0.23873381
Selhausen,2022-03-30 12:00:00,42,val,0.302,0.23985896
Selhausen,2022-03-30 13:00:00,42,val,0.2955,0.24128208
Selhausen,2022-03-30 14:00:00,42,val,0.2845,0.2427537
Selhausen,2022-03-30 15:00:00,42,val,0.2925,0.24402818
Selhausen,2022-03-30 16:00:00,42,val,0.3085,0.24354963
Selhausen,2022-03-30 17:00:00,42,val,0.292,0.24335608
Selhausen,2022-03-30 18:00:00,42,val,0.302,0.24309748
Selhausen,2022-03-30 19:00:00,42,val,0.3065,0.24276541
Selhausen,2022-03-30 20:00:00,42,val,0.306,0.2419814
Selhausen,2022-03-30 21:00:00,42,val,0.3365,0.24116367
Selhausen,2022-03-30 22:00:00,42,val,0.3389999999999999,0.2403265
Selhausen,2022-03-30 23:00:00,42,val,0.3405,0.2392859
Selhausen,2022-03-31 00:00:00,42,val,0.3395,0.23797294
Selhausen,2022-03-31 01:00:00,42,val,0.3405,0.2365298
Selhausen,2022-03-31 02:00:00,42,val,0.3405,0.23509428
Selhausen,2022-03-31 03:00:00,42,val,0.35,0.23398095
Selhausen,2022-03-31 04:00:00,42,val,0.3415,0.23338203
Selhausen,2022-04-14 11:00:00,42,val,0.274,0.2747294
Selhausen,2022-04-21 12:00:00,42,val,0.263,0.24943
Selhausen,2022-04-21 13:00:00,42,val,0.262,0.2510691
Selhausen,2022-04-21 14:00:00,42,val,0.263,0.25218707
Selhausen,2022-04-21 15:00:00,42,val,0.262,0.25284797
Selhausen,2022-04-21 16:00:00,42,val,0.261,0.25322878
Selhausen,2022-04-21 17:00:00,42,val,0.26,0.25311527
Selhausen,2022-04-21 18:00:00,42,val,0.258,0.25273344
Selhausen,2022-04-21 19:00:00,42,val,0.254,0.25186825
Selhausen,2022-04-21 20:00:00,42,val,0.255,0.25064126
Selhausen,2022-04-21 21:00:00,42,val,0.252,0.2494294
Selhausen,2022-04-21 22:00:00,42,val,0.253,0.24821153
Selhausen,2022-04-21 23:00:00,42,val,0.251,0.24702281
Selhausen,2022-04-22 00:00:00,42,val,0.254,0.24581622
Selhausen,2022-04-22 01:00:00,42,val,0.251,0.24458776
Selhausen,2022-04-22 02:00:00,42,val,0.25,0.24329184
Selhausen,2022-04-22 03:00:00,42,val,0.253,0.24218702
Selhausen,2022-04-22 04:00:00,42,val,0.251,0.24101771
Selhausen,2022-04-22 05:00:00,42,val,0.251,0.24022123
Selhausen,2022-04-22 06:00:00,42,val,0.251,0.23986514
Selhausen,2022-04-22 07:00:00,42,val,0.252,0.2399076
Selhausen,2022-04-22 08:00:00,42,val,0.252,0.24052624
Selhausen,2022-04-22 09:00:00,42,val,0.252,0.24163723
Selhausen,2022-04-22 10:00:00,42,val,0.259,0.24315642
Selhausen,2022-04-22 11:00:00,42,val,0.254,0.24495448
Selhausen,2022-04-22 12:00:00,42,val,0.261,0.24678726
Selhausen,2022-04-22 13:00:00,42,val,0.255,0.24843244
Selhausen,2022-04-22 14:00:00,42,val,0.257,0.24965243
Selhausen,2022-04-22 15:00:00,42,val,0.258,0.25039917
Selhausen,2022-04-22 16:00:00,42,val,0.259,0.2506884
Selhausen,2022-04-22 17:00:00,42,val,0.253,0.2505023
Selhausen,2022-04-22 18:00:00,42,val,0.256,0.24996442
Selhausen,2022-04-22 19:00:00,42,val,0.253,0.24916884
Selhausen,2022-04-22 20:00:00,42,val,0.252,0.24818982
Selhausen,2022-04-22 21:00:00,42,val,0.254,0.24720062
Selhausen,2022-04-22 22:00:00,42,val,0.25,0.24603046
Selhausen,2022-04-22 23:00:00,42,val,0.249,0.24482036
Selhausen,2022-04-23 00:00:00,42,val,0.249,0.24364604
Selhausen,2022-04-23 01:00:00,42,val,0.248,0.24240646
Selhausen,2022-04-23 02:00:00,42,val,0.249,0.24114461
Selhausen,2022-04-23 03:00:00,42,val,0.248,0.24016191
Selhausen,2022-04-23 04:00:00,42,val,0.249,0.23937955
Selhausen,2022-04-23 05:00:00,42,val,0.245,0.23893695
Selhausen,2022-04-23 06:00:00,42,val,0.249,0.23884502
Selhausen,2022-04-23 07:00:00,42,val,0.246,0.23927522
Selhausen,2022-04-23 08:00:00,42,val,0.249,0.24011913
Selhausen,2022-04-23 09:00:00,42,val,0.25,0.24129725
Selhausen,2022-04-23 10:00:00,42,val,0.25,0.24282068
Selhausen,2022-04-23 11:00:00,42,val,0.25,0.24455267
Selhausen,2022-04-23 12:00:00,42,val,0.252,0.24623433
Selhausen,2022-04-23 13:00:00,42,val,0.254,0.24758205
Selhausen,2022-04-23 14:00:00,42,val,0.252,0.24858226
Selhausen,2022-04-23 15:00:00,42,val,0.256,0.24920179
Selhausen,2022-04-23 16:00:00,42,val,0.254,0.24939743
Selhausen,2022-04-23 17:00:00,42,val,0.252,0.24919614
Selhausen,2022-04-23 18:00:00,42,val,0.252,0.24866249
Selhausen,2022-04-23 19:00:00,42,val,0.253,0.24773765
Selhausen,2022-04-23 20:00:00,42,val,0.248,0.24660851
Selhausen,2022-04-23 21:00:00,42,val,0.248,0.24524435
Selhausen,2022-04-23 22:00:00,42,val,0.249,0.24387215
Selhausen,2022-04-23 23:00:00,42,val,0.249,0.24252479
Selhausen,2022-04-24 00:00:00,42,val,0.25,0.24137956
Selhausen,2022-04-24 01:00:00,42,val,0.249,0.24028479
Selhausen,2022-04-24 02:00:00,42,val,0.247,0.23928593
Selhausen,2022-04-24 03:00:00,42,val,0.25,0.23857562
Selhausen,2022-04-24 04:00:00,42,val,0.246,0.23809037
Selhausen,2022-04-24 05:00:00,42,val,0.2445,0.23782064
Selhausen,2022-04-24 06:00:00,42,val,0.247,0.23779745
Selhausen,2022-04-24 07:00:00,42,val,0.246,0.23814538
Selhausen,2022-04-24 08:00:00,42,val,0.251,0.2387974
Selhausen,2022-04-24 09:00:00,42,val,0.243,0.23978966
Selhausen,2022-04-24 10:00:00,42,val,0.25,0.24127123
Selhausen,2022-04-24 11:00:00,42,val,0.249,0.24279606
Selhausen,2022-04-24 12:00:00,42,val,0.254,0.2445744
Selhausen,2022-04-24 13:00:00,42,val,0.252,0.24597745
Selhausen,2022-04-24 14:00:00,42,val,0.249,0.2468131
Selhausen,2022-04-24 15:00:00,42,val,0.258,0.24719791
Selhausen,2022-04-24 16:00:00,42,val,0.255,0.24727836
Selhausen,2022-04-24 17:00:00,42,val,0.254,0.24678718
Selhausen,2022-04-24 18:00:00,42,val,0.254,0.24607262
Selhausen,2022-04-24 19:00:00,42,val,0.25,0.24523555
Selhausen,2022-04-24 20:00:00,42,val,0.253,0.24434508
Selhausen,2022-04-24 21:00:00,42,val,0.248,0.24352989
Selhausen,2022-04-24 22:00:00,42,val,0.25,0.24254638
Selhausen,2022-04-24 23:00:00,42,val,0.245,0.24132597
Selhausen,2022-04-25 00:00:00,42,val,0.251,0.23997982
Selhausen,2022-04-25 01:00:00,42,val,0.251,0.23850262
Selhausen,2022-04-25 02:00:00,42,val,0.244,0.23708074
Selhausen,2022-04-25 03:00:00,42,val,0.2674999999999999,0.23610644
Selhausen,2022-04-25 04:00:00,42,val,0.2435,0.23537827
Selhausen,2022-04-25 05:00:00,42,val,0.242,0.23461428
Selhausen,2022-04-25 06:00:00,42,val,0.249,0.23414087
Selhausen,2022-04-25 07:00:00,42,val,0.25,0.23392883
Selhausen,2022-04-25 08:00:00,42,val,0.247,0.23414803
Selhausen,2022-04-25 09:00:00,42,val,0.251,0.23496549
Selhausen,2022-04-25 10:00:00,42,val,0.252,0.23612705
Selhausen,2022-04-25 11:00:00,42,val,0.2495,0.23747383
Selhausen,2022-04-25 12:00:00,42,val,0.289,0.23901966
Selhausen,2022-04-25 13:00:00,42,val,0.247,0.24067135
Selhausen,2022-05-04 14:00:00,42,val,0.243,0.23214835
Selhausen,2022-05-04 15:00:00,42,val,0.243,0.23361349
Selhausen,2022-05-04 16:00:00,42,val,0.24,0.23456144
Selhausen,2022-05-04 17:00:00,42,val,0.238,0.2350952
Selhausen,2022-05-04 18:00:00,42,val,0.239,0.2352128
Selhausen,2022-05-04 19:00:00,42,val,0.235,0.2349905
Selhausen,2022-05-04 20:00:00,42,val,0.237,0.23457307
Selhausen,2022-05-04 21:00:00,42,val,0.233,0.23394158
Selhausen,2022-05-04 22:00:00,42,val,0.234,0.23291244
Selhausen,2022-05-04 23:00:00,42,val,0.233,0.23150982
Selhausen,2022-05-05 00:00:00,42,val,0.232,0.22962989
Selhausen,2022-05-05 01:00:00,42,val,0.23,0.2274462
Selhausen,2022-05-05 02:00:00,42,val,0.228,0.22514528
Selhausen,2022-05-05 03:00:00,42,val,0.23,0.2229466
Selhausen,2022-05-05 04:00:00,42,val,0.229,0.22104615
Selhausen,2022-05-05 05:00:00,42,val,0.229,0.2194477
Selhausen,2022-05-05 06:00:00,42,val,0.227,0.2185631
Selhausen,2022-05-05 07:00:00,42,val,0.229,0.21861964
Selhausen,2022-05-05 08:00:00,42,val,0.231,0.21955527
Selhausen,2022-05-05 09:00:00,42,val,0.232,0.22113773
Selhausen,2022-05-05 10:00:00,42,val,0.235,0.22330159
Selhausen,2022-05-05 11:00:00,42,val,0.234,0.22576423
Selhausen,2022-05-05 12:00:00,42,val,0.235,0.22835244
Selhausen,2022-05-05 13:00:00,42,val,0.237,0.2305649
Selhausen,2022-05-05 14:00:00,42,val,0.239,0.2323427
Selhausen,2022-05-05 15:00:00,42,val,0.235,0.23343942
Selhausen,2022-05-05 16:00:00,42,val,0.234,0.23390138
Selhausen,2022-05-05 17:00:00,42,val,0.236,0.23399179
Selhausen,2022-05-05 18:00:00,42,val,0.233,0.23375164
Selhausen,2022-05-05 19:00:00,42,val,0.232,0.23332465
Selhausen,2022-05-05 20:00:00,42,val,0.231,0.23271573
Selhausen,2022-05-05 21:00:00,42,val,0.229,0.23181492
Selhausen,2022-05-05 22:00:00,42,val,0.229,0.2307407
Selhausen,2022-05-05 23:00:00,42,val,0.228,0.22935066
Selhausen,2022-05-06 00:00:00,42,val,0.229,0.22775775
Selhausen,2022-05-06 01:00:00,42,val,0.231,0.22589156
Selhausen,2022-05-06 02:00:00,42,val,0.228,0.22378945
Selhausen,2022-05-06 03:00:00,42,val,0.228,0.22168653
Selhausen,2022-05-06 04:00:00,42,val,0.226,0.21954875
Selhausen,2022-05-06 05:00:00,42,val,0.228,0.21771751
Selhausen,2022-05-06 06:00:00,42,val,0.232,0.21671471
Selhausen,2022-05-06 07:00:00,42,val,0.23,0.21656768
Selhausen,2022-05-06 08:00:00,42,val,0.232,0.21742517
Selhausen,2022-05-06 09:00:00,42,val,0.235,0.21922341
Selhausen,2022-05-06 10:00:00,42,val,0.235,0.22144015
Selhausen,2022-05-06 11:00:00,42,val,0.234,0.22380318
Selhausen,2022-05-06 12:00:00,42,val,0.234,0.22609852
Selhausen,2022-05-06 13:00:00,42,val,0.236,0.22816518
Selhausen,2022-05-06 14:00:00,42,val,0.239,0.22976564
Selhausen,2022-05-06 15:00:00,42,val,0.241,0.23092371
Selhausen,2022-05-06 16:00:00,42,val,0.233,0.23142168
Selhausen,2022-05-06 17:00:00,42,val,0.235,0.23139098
Selhausen,2022-05-06 18:00:00,42,val,0.234,0.2311629
Selhausen,2022-05-06 19:00:00,42,val,0.232,0.23076448
Selhausen,2022-05-06 20:00:00,42,val,0.231,0.23053549
Selhausen,2022-05-06 21:00:00,42,val,0.228,0.23020634
Selhausen,2022-05-06 22:00:00,42,val,0.227,0.22982562
Selhausen,2022-05-06 23:00:00,42,val,0.227,0.22922316
Selhausen,2022-05-07 00:00:00,42,val,0.225,0.22826624
Selhausen,2022-05-07 01:00:00,42,val,0.224,0.22690813
Selhausen,2022-05-07 02:00:00,42,val,0.224,0.2252221
Selhausen,2022-05-07 03:00:00,42,val,0.22,0.22340994
Selhausen,2022-05-07 04:00:00,42,val,0.219,0.22172813
Selhausen,2022-05-07 05:00:00,42,val,0.221,0.2203514
Selhausen,2022-05-07 06:00:00,42,val,0.222,0.21953909
Selhausen,2022-05-07 07:00:00,42,val,0.223,0.2196643
Selhausen,2022-05-07 08:00:00,42,val,0.226,0.22058703
Selhausen,2022-05-07 09:00:00,42,val,0.225,0.22192419
Selhausen,2022-05-07 10:00:00,42,val,0.229,0.2234983
Selhausen,2022-05-07 11:00:00,42,val,0.235,0.22497715
Selhausen,2022-05-07 12:00:00,42,val,0.235,0.22629777
Selhausen,2022-05-07 13:00:00,42,val,0.237,0.22738817
Selhausen,2022-05-07 14:00:00,42,val,0.236,0.22830132
Selhausen,2022-05-07 15:00:00,42,val,0.235,0.22886756
Selhausen,2022-05-07 16:00:00,42,val,0.235,0.2289287
Selhausen,2022-05-07 17:00:00,42,val,0.233,0.22872572
Selhausen,2022-05-07 18:00:00,42,val,0.23,0.22843793
Selhausen,2022-05-07 19:00:00,42,val,0.231,0.228088
Selhausen,2022-05-07 20:00:00,42,val,0.227,0.22773644
Selhausen,2022-05-07 21:00:00,42,val,0.226,0.2273279
Selhausen,2022-05-07 22:00:00,42,val,0.223,0.2267625
Selhausen,2022-05-07 23:00:00,42,val,0.226,0.22585034
Selhausen,2022-05-08 00:00:00,42,val,0.221,0.22461298
Selhausen,2022-05-08 01:00:00,42,val,0.222,0.22338821
Selhausen,2022-05-15 02:00:00,42,val,0.201,0.20566152
Selhausen,2022-05-15 03:00:00,42,val,0.2,0.20367908
Selhausen,2022-05-15 04:00:00,42,val,0.199,0.20170797
Selhausen,2022-05-15 05:00:00,42,val,0.2,0.20014222
Selhausen,2022-05-15 06:00:00,42,val,0.2,0.19929959
Selhausen,2022-05-15 07:00:00,42,val,0.203,0.19927758
Selhausen,2022-05-15 08:00:00,42,val,0.201,0.20006427
Selhausen,2022-05-15 09:00:00,42,val,0.204,0.20138264
Selhausen,2022-05-15 10:00:00,42,val,0.202,0.20288107
Selhausen,2022-05-15 11:00:00,42,val,0.205,0.20448098
Selhausen,2022-05-15 12:00:00,42,val,0.208,0.20585944
Selhausen,2022-05-15 13:00:00,42,val,0.208,0.20703706
Selhausen,2022-05-15 14:00:00,42,val,0.21,0.20800976
Selhausen,2022-05-15 15:00:00,42,val,0.209,0.2087451
Selhausen,2022-05-15 16:00:00,42,val,0.208,0.20892587
Selhausen,2022-05-15 17:00:00,42,val,0.205,0.20883028
Selhausen,2022-05-15 18:00:00,42,val,0.204,0.20832077
Selhausen,2022-05-15 19:00:00,42,val,0.207,0.20759718
Selhausen,2022-05-15 20:00:00,42,val,0.205,0.20687225
Selhausen,2022-05-15 21:00:00,42,val,0.204,0.20623977
Selhausen,2022-05-15 22:00:00,42,val,0.202,0.2056486
Selhausen,2022-05-15 23:00:00,42,val,0.201,0.20515007
Selhausen,2022-05-16 00:00:00,42,val,0.201,0.20471804
Selhausen,2022-05-16 01:00:00,42,val,0.202,0.20410176
Selhausen,2022-05-16 02:00:00,42,val,0.199,0.20340064
Selhausen,2022-05-16 03:00:00,42,val,0.199,0.202591
Selhausen,2022-05-16 04:00:00,42,val,0.2,0.20177506
Selhausen,2022-05-16 05:00:00,42,val,0.199,0.20144305
Selhausen,2022-05-16 06:00:00,42,val,0.199,0.20161574
Selhausen,2022-05-16 07:00:00,42,val,0.201,0.20204295
Selhausen,2022-05-16 08:00:00,42,val,0.2,0.20285736
Selhausen,2022-05-16 09:00:00,42,val,0.202,0.20407619
Selhausen,2022-05-16 10:00:00,42,val,0.207,0.2053536
Selhausen,2022-05-16 11:00:00,42,val,0.206,0.20623872
Selhausen,2022-05-16 12:00:00,42,val,0.208,0.2068191
Selhausen,2022-05-16 13:00:00,42,val,0.21,0.2070667
Selhausen,2022-05-16 14:00:00,42,val,0.208,0.20729162
Selhausen,2022-05-16 15:00:00,42,val,0.205,0.20757851
Selhausen,2022-05-16 16:00:00,42,val,0.207,0.20749198
Selhausen,2022-05-16 17:00:00,42,val,0.206,0.20732415
Selhausen,2022-05-16 18:00:00,42,val,0.203,0.20688711
Selhausen,2022-05-16 19:00:00,42,val,0.202,0.20629112
Selhausen,2022-05-16 20:00:00,42,val,0.202,0.2056417
Selhausen,2022-05-16 21:00:00,42,val,0.2,0.20494634
Selhausen,2022-05-16 22:00:00,42,val,0.2,0.20424329
Selhausen,2022-05-16 23:00:00,42,val,0.198,0.20326808
Selhausen,2022-05-17 00:00:00,42,val,0.199,0.20207778
Selhausen,2022-05-17 01:00:00,42,val,0.199,0.20078807
Selhausen,2022-05-17 02:00:00,42,val,0.197,0.1993433
Selhausen,2022-05-17 03:00:00,42,val,0.197,0.1979082
Selhausen,2022-05-17 04:00:00,42,val,0.195,0.19644858
Selhausen,2022-05-17 05:00:00,42,val,0.195,0.19549
Selhausen,2022-05-17 06:00:00,42,val,0.199,0.19533335
Selhausen,2022-05-17 07:00:00,42,val,0.197,0.19599675
Selhausen,2022-05-17 08:00:00,42,val,0.198,0.19705176
Selhausen,2022-05-17 09:00:00,42,val,0.2,0.19845715
Selhausen,2022-05-17 10:00:00,42,val,0.201,0.19972904
Selhausen,2022-05-17 11:00:00,42,val,0.202,0.20085818
Selhausen,2022-05-17 12:00:00,42,val,0.202,0.20187153
Selhausen,2022-05-17 13:00:00,42,val,0.203,0.20293905
Selhausen,2022-05-17 14:00:00,42,val,0.204,0.2039523
Selhausen,2022-05-17 15:00:00,42,val,0.199,0.2047823
Selhausen,2022-05-17 16:00:00,42,val,0.206,0.20525306
Selhausen,2022-05-17 17:00:00,42,val,0.207,0.20514546
Selhausen,2022-05-17 18:00:00,42,val,0.207,0.20463082
Selhausen,2022-05-17 19:00:00,42,val,0.208,0.2041074
Selhausen,2022-05-17 20:00:00,42,val,0.206,0.20356536
Selhausen,2022-05-17 21:00:00,42,val,0.205,0.20315671
Selhausen,2022-05-17 22:00:00,42,val,0.205,0.2028547
Selhausen,2022-05-17 23:00:00,42,val,0.204,0.20249227
Selhausen,2022-05-18 00:00:00,42,val,0.204,0.20216563
Selhausen,2022-05-18 01:00:00,42,val,0.205,0.2018851
Selhausen,2022-05-18 02:00:00,42,val,0.203,0.20149475
Selhausen,2022-05-18 03:00:00,42,val,0.203,0.20108625
Selhausen,2022-05-18 04:00:00,42,val,0.2,0.20077544
Selhausen,2022-05-18 05:00:00,42,val,0.2,0.20068364
Selhausen,2022-05-18 06:00:00,42,val,0.203,0.20106512
Selhausen,2022-05-18 07:00:00,42,val,0.206,0.20191236
Selhausen,2022-05-18 08:00:00,42,val,0.204,0.20281662
Selhausen,2022-05-18 09:00:00,42,val,0.206,0.20369
Selhausen,2022-05-18 10:00:00,42,val,0.209,0.20434608
Selhausen,2022-05-18 11:00:00,42,val,0.209,0.20473818
Selhausen,2022-05-18 12:00:00,42,val,0.209,0.20511395
Selhausen,2022-05-18 13:00:00,42,val,0.209,0.20554526
Selhausen,2022-05-18 14:00:00,42,val,0.2185,0.20581292
Selhausen,2022-05-18 15:00:00,42,val,0.207,0.20577563
Selhausen,2022-05-18 16:00:00,42,val,0.207,0.20547263
Selhausen,2022-05-18 17:00:00,42,val,0.205,0.20490196
Selhausen,2022-05-18 18:00:00,42,val,0.2299999999999999,0.20408452
Selhausen,2022-05-18 19:00:00,42,val,0.203,0.2031578
Selhausen,2022-05-18 20:00:00,42,val,0.204,0.20233862
Selhausen,2022-05-18 21:00:00,42,val,0.203,0.20161551
Selhausen,2022-05-18 22:00:00,42,val,0.205,0.20121962
Selhausen,2022-05-18 23:00:00,42,val,0.207,0.20094055
Selhausen,2022-05-19 00:00:00,42,val,0.202,0.20082676
Selhausen,2022-05-19 01:00:00,42,val,0.204,0.2007863
Selhausen,2022-05-19 02:00:00,42,val,0.203,0.2005906
Selhausen,2022-05-19 03:00:00,42,val,0.206,0.20032872
Selhausen,2022-05-19 04:00:00,42,val,0.201,0.19998753
Selhausen,2022-05-19 05:00:00,42,val,0.204,0.19983326
Selhausen,2022-05-19 06:00:00,42,val,0.204,0.2000587
Selhausen,2022-05-19 07:00:00,42,val,0.208,0.20059572
Selhausen,2022-05-19 08:00:00,42,val,0.206,0.20120041
Selhausen,2022-05-19 09:00:00,42,val,0.208,0.20193382
Selhausen,2022-05-19 10:00:00,42,val,0.209,0.20242582
Selhausen,2022-05-19 11:00:00,42,val,0.209,0.2028068
Selhausen,2022-05-19 12:00:00,42,val,0.21,0.20291366
Selhausen,2022-05-19 13:00:00,42,val,0.21,0.20280272
Selhausen,2022-05-19 14:00:00,42,val,0.2314999999999999,0.20442419
Selhausen,2022-05-19 15:00:00,42,val,0.224,0.20553885
Selhausen,2022-05-19 16:00:00,42,val,0.2309999999999999,0.20630412
Selhausen,2022-05-19 17:00:00,42,val,0.211,0.20676772
Selhausen,2022-05-19 18:00:00,42,val,0.209,0.20703492
Selhausen,2022-05-19 19:00:00,42,val,0.209,0.20706534
Selhausen,2022-05-19 20:00:00,42,val,0.207,0.20695677
Selhausen,2022-05-19 21:00:00,42,val,0.208,0.20670575
Selhausen,2022-05-19 22:00:00,42,val,0.205,0.20642087
Selhausen,2022-05-19 23:00:00,42,val,0.206,0.206053
Selhausen,2022-05-20 00:00:00,42,val,0.204,0.20553277
Selhausen,2022-05-20 01:00:00,42,val,0.206,0.20495427
Selhausen,2022-05-20 02:00:00,42,val,0.203,0.20420626
Selhausen,2022-05-20 03:00:00,42,val,0.205,0.20330566
Selhausen,2022-05-20 04:00:00,42,val,0.204,0.20243698
Selhausen,2022-05-20 05:00:00,42,val,0.201,0.20167641
Selhausen,2022-05-20 06:00:00,42,val,0.205,0.20147425
Selhausen,2022-05-20 07:00:00,42,val,0.203,0.20182885
Selhausen,2022-05-20 08:00:00,42,val,0.206,0.20248125
Selhausen,2022-05-20 09:00:00,42,val,0.208,0.20339291
Selhausen,2022-05-20 10:00:00,42,val,0.211,0.20461524
Selhausen,2022-05-20 11:00:00,42,val,0.213,0.20584677
Selhausen,2022-05-20 12:00:00,42,val,0.214,0.20713064
Selhausen,2022-05-20 13:00:00,42,val,0.217,0.20797557
Selhausen,2022-05-20 14:00:00,42,val,0.22,0.20882607
Selhausen,2022-05-20 15:00:00,42,val,0.217,0.20907323
Selhausen,2022-05-20 16:00:00,42,val,0.213,0.20935653
Selhausen,2022-05-20 17:00:00,42,val,0.21,0.20934482
Selhausen,2022-05-20 18:00:00,42,val,0.213,0.21027206
Selhausen,2022-05-20 19:00:00,42,val,0.208,0.21066216
Selhausen,2022-05-20 20:00:00,42,val,0.209,0.21069002
Selhausen,2022-05-20 21:00:00,42,val,0.211,0.21025014
Selhausen,2022-05-20 22:00:00,42,val,0.209,0.20947608
Selhausen,2022-05-20 23:00:00,42,val,0.204,0.20859712
Selhausen,2022-05-21 00:00:00,42,val,0.207,0.20717654
Selhausen,2022-05-21 01:00:00,42,val,0.205,0.20532234
Selhausen,2022-05-21 02:00:00,42,val,0.206,0.2033831
Selhausen,2022-05-21 03:00:00,42,val,0.203,0.20147997
Selhausen,2022-05-21 04:00:00,42,val,0.203,0.19963624
Selhausen,2022-05-21 05:00:00,42,val,0.203,0.19817622
Selhausen,2022-05-21 06:00:00,42,val,0.202,0.19725972
Selhausen,2022-05-21 07:00:00,42,val,0.205,0.19705237
Selhausen,2022-05-21 08:00:00,42,val,0.205,0.1976988
Selhausen,2022-05-21 09:00:00,42,val,0.201,0.19881621
Selhausen,2022-05-21 10:00:00,42,val,0.206,0.20032744
Selhausen,2022-05-21 11:00:00,42,val,0.21,0.20218793
Selhausen,2022-05-21 12:00:00,42,val,0.212,0.20422915
Selhausen,2022-05-21 13:00:00,42,val,0.21,0.20618849
Selhausen,2022-05-21 14:00:00,42,val,0.205,0.2089929
Selhausen,2022-05-21 15:00:00,42,val,0.205,0.21175118
Selhausen,2022-05-21 16:00:00,42,val,0.206,0.21439208
Selhausen,2022-05-21 17:00:00,42,val,0.202,0.21587907
Selhausen,2022-05-21 18:00:00,42,val,0.201,0.2163325
Selhausen,2022-05-21 19:00:00,42,val,0.204,0.21598777
Selhausen,2022-05-21 20:00:00,42,val,0.206,0.2151372
Selhausen,2022-05-21 21:00:00,42,val,0.209,0.21413048
Selhausen,2022-05-21 22:00:00,42,val,0.211,0.21283557
Selhausen,2022-05-21 23:00:00,42,val,0.213,0.21129392
Selhausen,2022-05-22 00:00:00,42,val,0.212,0.20946427
Selhausen,2022-05-22 01:00:00,42,val,0.214,0.20740487
Selhausen,2022-05-22 02:00:00,42,val,0.215,0.20505328
Selhausen,2022-05-22 03:00:00,42,val,0.208,0.20262538
Selhausen,2022-05-22 04:00:00,42,val,0.21,0.2002387
Selhausen,2022-05-22 05:00:00,42,val,0.21,0.19815493
Selhausen,2022-05-22 06:00:00,42,val,0.213,0.19697288
Selhausen,2022-05-22 07:00:00,42,val,0.209,0.1966716
Selhausen,2022-05-22 08:00:00,42,val,0.215,0.1973379
Selhausen,2022-05-22 09:00:00,42,val,0.217,0.19870521
Selhausen,2022-05-22 10:00:00,42,val,0.217,0.20061673
Selhausen,2022-05-22 11:00:00,42,val,0.213,0.20288093
Selhausen,2022-05-22 12:00:00,42,val,0.216,0.20523493
Selhausen,2022-05-22 13:00:00,42,val,0.215,0.20763014
Selhausen,2022-05-22 14:00:00,42,val,0.218,0.20997101
Selhausen,2022-05-22 15:00:00,42,val,0.216,0.21179347
Selhausen,2022-05-22 16:00:00,42,val,0.217,0.21282499
Selhausen,2022-05-22 17:00:00,42,val,0.214,0.2129837
Selhausen,2022-06-11 01:00:00,42,val,0.214,0.24519277
Selhausen,2022-06-11 02:00:00,42,val,0.215,0.24536328
Selhausen,2022-06-11 03:00:00,42,val,0.211,0.24533808
Selhausen,2022-06-11 04:00:00,42,val,0.211,0.24535647
Selhausen,2022-06-11 05:00:00,42,val,0.214,0.24536285
Selhausen,2022-06-11 06:00:00,42,val,0.213,0.2456355
Selhausen,2022-06-11 07:00:00,42,val,0.211,0.24613275
Selhausen,2022-06-11 08:00:00,42,val,0.213,0.24683778
Selhausen,2022-06-11 09:00:00,42,val,0.217,0.24734503
Selhausen,2022-06-11 10:00:00,42,val,0.216,0.24778369
Selhausen,2022-06-11 11:00:00,42,val,0.217,0.24795455
Selhausen,2022-06-11 12:00:00,42,val,0.217,0.24800852
Selhausen,2022-06-11 13:00:00,42,val,0.214,0.24784681
Selhausen,2022-06-11 14:00:00,42,val,0.214,0.24725693
Selhausen,2022-06-11 15:00:00,42,val,0.214,0.24612299
Selhausen,2022-06-11 16:00:00,42,val,0.212,0.24450354
Selhausen,2022-06-11 17:00:00,42,val,0.211,0.24267934
Selhausen,2022-06-11 18:00:00,42,val,0.211,0.24087842
Selhausen,2022-06-11 19:00:00,42,val,0.211,0.23903838
Selhausen,2022-06-11 20:00:00,42,val,0.208,0.23760532
Selhausen,2022-06-11 21:00:00,42,val,0.208,0.2365351
Selhausen,2022-06-11 22:00:00,42,val,0.209,0.23591323
Selhausen,2022-06-11 23:00:00,42,val,0.208,0.23566099
Selhausen,2022-06-12 00:00:00,42,val,0.209,0.23544788
Selhausen,2022-06-12 01:00:00,42,val,0.204,0.23506042
Selhausen,2022-06-12 02:00:00,42,val,0.206,0.23447852
Selhausen,2022-06-12 03:00:00,42,val,0.204,0.23335655
Selhausen,2022-06-12 04:00:00,42,val,0.204,0.23230635
Selhausen,2022-06-12 05:00:00,42,val,0.204,0.23133107
Selhausen,2022-06-12 06:00:00,42,val,0.203,0.23097515
Selhausen,2022-06-12 07:00:00,42,val,0.204,0.230952
Selhausen,2022-06-12 08:00:00,42,val,0.203,0.2312387
Selhausen,2022-06-12 09:00:00,42,val,0.204,0.23163348
Selhausen,2022-06-12 10:00:00,42,val,0.208,0.23491982
Selhausen,2022-06-12 11:00:00,42,val,0.208,0.23699087
Selhausen,2022-06-12 12:00:00,42,val,0.208,0.23816068
Selhausen,2022-06-12 13:00:00,42,val,0.207,0.23854466
Selhausen,2022-06-12 14:00:00,42,val,0.211,0.23806214
Selhausen,2022-06-12 15:00:00,42,val,0.205,0.23695174
Selhausen,2022-06-12 16:00:00,42,val,0.206,0.23497975
Selhausen,2022-06-12 17:00:00,42,val,0.205,0.23300582
Selhausen,2022-06-12 18:00:00,42,val,0.204,0.23077841
Selhausen,2022-06-12 19:00:00,42,val,0.204,0.22866964
Selhausen,2022-06-12 20:00:00,42,val,0.199,0.22685109
Selhausen,2022-06-12 21:00:00,42,val,0.2,0.22529031
Selhausen,2022-06-12 22:00:00,42,val,0.196,0.22380625
Selhausen,2022-06-12 23:00:00,42,val,0.196,0.22236302
Selhausen,2022-06-13 00:00:00,42,val,0.198,0.22084704
Selhausen,2022-06-13 01:00:00,42,val,0.195,0.21881774
Selhausen,2022-06-13 02:00:00,42,val,0.198,0.21646482
Selhausen,2022-06-13 03:00:00,42,val,0.195,0.21385476
Selhausen,2022-06-13 04:00:00,42,val,0.196,0.21115473
Selhausen,2022-06-13 05:00:00,42,val,0.195,0.20917296
Selhausen,2022-06-13 06:00:00,42,val,0.196,0.20807615
Selhausen,2022-06-13 07:00:00,42,val,0.189,0.2074931
Selhausen,2022-06-13 08:00:00,42,val,0.192,0.20759049
Selhausen,2022-06-13 09:00:00,42,val,0.196,0.20849867
Selhausen,2022-06-13 10:00:00,42,val,0.201,0.20986106
Selhausen,2022-06-13 11:00:00,42,val,0.201,0.21147932
Selhausen,2022-06-13 12:00:00,42,val,0.199,0.2130902
Selhausen,2022-06-13 13:00:00,42,val,0.199,0.21451488
Selhausen,2022-06-13 14:00:00,42,val,0.194,0.21577254
Selhausen,2022-06-13 15:00:00,42,val,0.199,0.21662843
Selhausen,2022-06-13 16:00:00,42,val,0.196,0.21698514
Selhausen,2022-06-13 17:00:00,42,val,0.191,0.21696822
Selhausen,2022-06-13 18:00:00,42,val,0.192,0.21659184
Selhausen,2022-06-13 19:00:00,42,val,0.191,0.21608037
Selhausen,2022-06-13 20:00:00,42,val,0.19,0.2153864
Selhausen,2022-06-13 21:00:00,42,val,0.186,0.21461377
Selhausen,2022-06-13 22:00:00,42,val,0.188,0.21374942
Selhausen,2022-06-13 23:00:00,42,val,0.185,0.2125052
Selhausen,2022-06-14 00:00:00,42,val,0.187,0.21080607
Selhausen,2022-06-14 01:00:00,42,val,0.185,0.20840588
Selhausen,2022-06-14 02:00:00,42,val,0.188,0.20560248
Selhausen,2022-06-14 03:00:00,42,val,0.185,0.20245862
Selhausen,2022-06-14 04:00:00,42,val,0.182,0.19948907
Selhausen,2022-06-14 05:00:00,42,val,0.184,0.19711658
Selhausen,2022-06-14 06:00:00,42,val,0.182,0.19571686
Selhausen,2022-06-14 07:00:00,42,val,0.185,0.19541964
Selhausen,2022-06-14 08:00:00,42,val,0.184,0.1959501
Selhausen,2022-06-14 09:00:00,42,val,0.187,0.19701394
Selhausen,2022-06-14 10:00:00,42,val,0.19,0.19862162
Selhausen,2022-06-14 11:00:00,42,val,0.186,0.20056649
Selhausen,2022-06-14 12:00:00,42,val,0.19,0.20268077
Selhausen,2022-06-14 13:00:00,42,val,0.188,0.20475467
Selhausen,2022-06-14 14:00:00,42,val,0.189,0.2069451
Selhausen,2022-06-14 15:00:00,42,val,0.188,0.20855992
Selhausen,2022-06-14 16:00:00,42,val,0.187,0.20940414
Selhausen,2022-06-14 17:00:00,42,val,0.186,0.20950304
Selhausen,2022-06-14 18:00:00,42,val,0.183,0.2089908
Selhausen,2022-06-14 19:00:00,42,val,0.183,0.2081408
Selhausen,2022-06-14 20:00:00,42,val,0.183,0.2070768
Selhausen,2022-06-14 21:00:00,42,val,0.177,0.20603938
Selhausen,2022-06-14 22:00:00,42,val,0.179,0.2046874
Selhausen,2022-06-14 23:00:00,42,val,0.179,0.20316562
Selhausen,2022-06-15 00:00:00,42,val,0.175,0.2016006
Selhausen,2022-06-15 01:00:00,42,val,0.175,0.19960406
Selhausen,2022-06-15 02:00:00,42,val,0.177,0.19739419
Selhausen,2022-06-15 03:00:00,42,val,0.174,0.19498138
Selhausen,2022-06-15 04:00:00,42,val,0.179,0.19283216
Selhausen,2022-06-15 05:00:00,42,val,0.174,0.19097246
Selhausen,2022-06-15 06:00:00,42,val,0.174,0.19041072
Selhausen,2022-06-15 07:00:00,42,val,0.174,0.1904935
Selhausen,2022-06-15 08:00:00,42,val,0.181,0.190814
Selhausen,2022-06-15 09:00:00,42,val,0.179,0.19159985
Selhausen,2022-06-15 10:00:00,42,val,0.182,0.19289543
Selhausen,2022-06-15 11:00:00,42,val,0.182,0.19434409
Selhausen,2022-06-15 12:00:00,42,val,0.18,0.19573271
Selhausen,2022-06-15 13:00:00,42,val,0.187,0.1970826
Selhausen,2022-06-15 14:00:00,42,val,0.182,0.19812348
Selhausen,2022-06-15 15:00:00,42,val,0.186,0.19881606
Selhausen,2022-06-15 16:00:00,42,val,0.179,0.1989802
Selhausen,2022-06-15 17:00:00,42,val,0.182,0.19844395
Selhausen,2022-06-15 18:00:00,42,val,0.178,0.19748995
Selhausen,2022-06-15 19:00:00,42,val,0.176,0.19615594
Selhausen,2022-06-15 20:00:00,42,val,0.176,0.19471204
Selhausen,2022-06-15 21:00:00,42,val,0.175,0.19324467
Selhausen,2022-06-15 22:00:00,42,val,0.172,0.19205464
Selhausen,2022-06-15 23:00:00,42,val,0.174,0.190926
Selhausen,2022-06-16 00:00:00,42,val,0.168,0.19012734
Selhausen,2022-06-16 01:00:00,42,val,0.171,0.18936303
Selhausen,2022-06-16 02:00:00,42,val,0.169,0.18877268
Selhausen,2022-06-16 03:00:00,42,val,0.167,0.18790908
Selhausen,2022-06-16 04:00:00,42,val,0.172,0.18672937
Selhausen,2022-06-16 05:00:00,42,val,0.169,0.18575649
Selhausen,2022-06-16 06:00:00,42,val,0.17,0.1852561
Selhausen,2022-06-16 07:00:00,42,val,0.17,0.18531024
Selhausen,2022-06-16 08:00:00,42,val,0.171,0.18576194
Selhausen,2022-06-16 09:00:00,42,val,0.173,0.18653946
Selhausen,2022-06-16 10:00:00,42,val,0.174,0.1875781
Selhausen,2022-06-16 11:00:00,42,val,0.174,0.18866825
Selhausen,2022-06-16 12:00:00,42,val,0.181,0.19006898
Selhausen,2022-06-16 13:00:00,42,val,0.179,0.1915753
Selhausen,2022-06-16 14:00:00,42,val,0.176,0.19307111
Selhausen,2022-06-16 15:00:00,42,val,0.178,0.19414064
Selhausen,2022-06-16 16:00:00,42,val,0.173,0.1945741
Selhausen,2022-06-16 17:00:00,42,val,0.178,0.19434093
Selhausen,2022-06-16 18:00:00,42,val,0.178,0.19339415
Selhausen,2022-06-16 19:00:00,42,val,0.169,0.192063
Selhausen,2022-06-16 20:00:00,42,val,0.17,0.1906927
Selhausen,2022-06-16 21:00:00,42,val,0.171,0.18909627
Selhausen,2022-06-16 22:00:00,42,val,0.165,0.18770225
Selhausen,2022-06-16 23:00:00,42,val,0.165,0.1863918
Selhausen,2022-06-17 00:00:00,42,val,0.167,0.18483222
Selhausen,2022-06-17 01:00:00,42,val,0.164,0.1829831
Selhausen,2022-06-17 02:00:00,42,val,0.163,0.18107335
Selhausen,2022-06-17 03:00:00,42,val,0.162,0.17898715
Selhausen,2022-06-17 04:00:00,42,val,0.162,0.17709905
Selhausen,2022-06-17 05:00:00,42,val,0.16,0.17582245
Selhausen,2022-06-17 06:00:00,42,val,0.161,0.17502365
Selhausen,2022-06-17 07:00:00,42,val,0.164,0.17485625
Selhausen,2022-06-17 08:00:00,42,val,0.162,0.17553341
Selhausen,2022-06-17 09:00:00,42,val,0.163,0.17660035
Selhausen,2022-06-17 10:00:00,42,val,0.163,0.17809252
Selhausen,2022-06-17 11:00:00,42,val,0.166,0.17953178
Selhausen,2022-06-17 12:00:00,42,val,0.162,0.18092927
Selhausen,2022-06-17 13:00:00,42,val,0.168,0.18250951
Selhausen,2022-06-17 14:00:00,42,val,0.17,0.18402752
Selhausen,2022-06-17 15:00:00,42,val,0.166,0.18536693
Selhausen,2022-06-17 16:00:00,42,val,0.167,0.18590495
Selhausen,2022-06-17 17:00:00,42,val,0.166,0.18587773
Selhausen,2022-06-17 18:00:00,42,val,0.162,0.18516386
Selhausen,2022-06-17 19:00:00,42,val,0.162,0.1839076
Selhausen,2022-06-17 20:00:00,42,val,0.161,0.1824185
Selhausen,2022-06-17 21:00:00,42,val,0.162,0.18097858
Selhausen,2022-06-17 22:00:00,42,val,0.161,0.17957023
Selhausen,2022-06-17 23:00:00,42,val,0.157,0.17866762
Selhausen,2022-06-18 00:00:00,42,val,0.159,0.17788886
Selhausen,2022-06-18 01:00:00,42,val,0.157,0.17721932
Selhausen,2022-06-18 02:00:00,42,val,0.155,0.17670253
Selhausen,2022-06-18 03:00:00,42,val,0.161,0.17648923
Selhausen,2022-06-18 04:00:00,42,val,0.158,0.17666708
Selhausen,2022-06-18 05:00:00,42,val,0.159,0.17697236
Selhausen,2022-06-18 06:00:00,42,val,0.155,0.17763698
Selhausen,2022-06-18 07:00:00,42,val,0.155,0.17849627
Selhausen,2022-06-18 08:00:00,42,val,0.165,0.17922533
Selhausen,2022-06-18 09:00:00,42,val,0.171,0.17980751
Selhausen,2022-06-18 10:00:00,42,val,0.173,0.18016039
Selhausen,2022-06-18 11:00:00,42,val,0.174,0.18040615
Selhausen,2022-06-18 12:00:00,42,val,0.181,0.18113425
Selhausen,2022-06-18 13:00:00,42,val,0.186,0.18204637
Selhausen,2022-06-18 14:00:00,42,val,0.188,0.18305552
Selhausen,2022-06-18 15:00:00,42,val,0.181,0.18389517
Selhausen,2022-06-18 16:00:00,42,val,0.199,0.18409334
Selhausen,2022-06-18 17:00:00,42,val,0.196,0.1838299
Selhausen,2022-06-18 18:00:00,42,val,0.183,0.18313828
Selhausen,2022-06-18 19:00:00,42,val,0.19,0.18176277
Selhausen,2022-06-18 20:00:00,42,val,0.188,0.18004851
Selhausen,2022-06-18 21:00:00,42,val,0.189,0.1783606
Selhausen,2022-06-18 22:00:00,42,val,0.181,0.17660052
Selhausen,2022-06-18 23:00:00,42,val,0.18,0.17521024
Selhausen,2022-06-19 00:00:00,42,val,0.186,0.17433614
Selhausen,2022-06-19 01:00:00,42,val,0.181,0.17385596
Selhausen,2022-06-19 02:00:00,42,val,0.182,0.17345248
Selhausen,2022-06-19 03:00:00,42,val,0.182,0.17305681
Selhausen,2022-06-19 04:00:00,42,val,0.183,0.17258734
Selhausen,2022-06-19 05:00:00,42,val,0.183,0.17190987
Selhausen,2022-06-19 06:00:00,42,val,0.184,0.17119603
Selhausen,2022-06-19 07:00:00,42,val,0.1845,0.1709199
Selhausen,2022-06-19 08:00:00,42,val,0.182,0.17081457
Selhausen,2022-06-19 09:00:00,42,val,0.181,0.17093907
Selhausen,2022-06-19 10:00:00,42,val,0.192,0.17116757
Selhausen,2022-06-19 11:00:00,42,val,0.1905,0.17164224
Selhausen,2022-06-19 12:00:00,42,val,0.186,0.17207332
Selhausen,2022-06-19 13:00:00,42,val,0.1835,0.17290598
Selhausen,2022-06-19 14:00:00,42,val,0.188,0.17411377
Selhausen,2022-06-19 15:00:00,42,val,0.1865,0.17507741
Selhausen,2022-06-19 16:00:00,42,val,0.187,0.17576158
Selhausen,2022-06-19 17:00:00,42,val,0.182,0.17590028
Selhausen,2022-06-19 18:00:00,42,val,0.183,0.17535987
Selhausen,2022-06-19 19:00:00,42,val,0.188,0.17424938
Selhausen,2022-06-19 20:00:00,42,val,0.186,0.17303973
Selhausen,2022-06-19 21:00:00,42,val,0.183,0.17188653
Selhausen,2022-06-19 22:00:00,42,val,0.177,0.17080505
Selhausen,2022-06-19 23:00:00,42,val,0.182,0.16932747
Selhausen,2022-06-20 00:00:00,42,val,0.176,0.1676398
Selhausen,2022-06-20 01:00:00,42,val,0.1765,0.16598096
Selhausen,2022-06-20 02:00:00,42,val,0.18,0.16639069
Selhausen,2022-06-20 03:00:00,42,val,0.178,0.16542418
Selhausen,2022-06-20 04:00:00,42,val,0.179,0.16393995
Selhausen,2022-06-20 05:00:00,42,val,0.176,0.1625031
Selhausen,2022-06-20 06:00:00,42,val,0.177,0.16106465
Selhausen,2022-06-20 07:00:00,42,val,0.179,0.16039363
Selhausen,2022-06-20 08:00:00,42,val,0.175,0.16111228
Selhausen,2022-06-20 09:00:00,42,val,0.178,0.16193695
Selhausen,2022-06-20 10:00:00,42,val,0.181,0.16324316
Selhausen,2022-06-20 11:00:00,42,val,0.185,0.16536097
Selhausen,2022-06-20 12:00:00,42,val,0.183,0.16837028
Selhausen,2022-06-20 13:00:00,42,val,0.185,0.1716753
Selhausen,2022-06-20 14:00:00,42,val,0.182,0.17545283
Selhausen,2022-06-20 15:00:00,42,val,0.181,0.17871174
Selhausen,2022-06-20 16:00:00,42,val,0.186,0.18221052
Selhausen,2022-06-20 17:00:00,42,val,0.175,0.18548843
Selhausen,2022-06-20 18:00:00,42,val,0.178,0.18763947
Selhausen,2022-06-20 19:00:00,42,val,0.173,0.18960501
Selhausen,2022-06-20 20:00:00,42,val,0.18,0.1910235
Selhausen,2022-06-20 21:00:00,42,val,0.174,0.19210109
Selhausen,2022-06-20 22:00:00,42,val,0.171,0.1922075
Selhausen,2022-06-20 23:00:00,42,val,0.174,0.19161792
Selhausen,2022-06-21 00:00:00,42,val,0.177,0.19041371
Selhausen,2022-06-21 01:00:00,42,val,0.173,0.18866822
Selhausen,2022-06-21 02:00:00,42,val,0.172,0.1865504
Selhausen,2022-06-21 03:00:00,42,val,0.166,0.184335
Selhausen,2022-06-21 04:00:00,42,val,0.172,0.18210648
Selhausen,2022-06-21 05:00:00,42,val,0.168,0.18050362
Selhausen,2022-06-21 06:00:00,42,val,0.169,0.17973523
Selhausen,2022-06-21 07:00:00,42,val,0.176,0.17986523
Selhausen,2022-06-21 08:00:00,42,val,0.172,0.18055876
Selhausen,2022-06-21 09:00:00,42,val,0.169,0.18165231
Selhausen,2022-06-21 10:00:00,42,val,0.171,0.18335202
Selhausen,2022-06-21 11:00:00,42,val,0.171,0.1853204
Selhausen,2022-06-21 12:00:00,42,val,0.178,0.1869525
Selhausen,2022-06-21 13:00:00,42,val,0.171,0.1885255
Selhausen,2022-06-21 14:00:00,42,val,0.171,0.18989602
Selhausen,2022-06-28 15:00:00,42,val,0.178,0.18281873
Selhausen,2022-06-28 16:00:00,42,val,0.175,0.18401831
Selhausen,2022-06-28 17:00:00,42,val,0.177,0.18465003
Selhausen,2022-06-28 18:00:00,42,val,0.166,0.18464118
Selhausen,2022-06-28 19:00:00,42,val,0.173,0.18377738
Selhausen,2022-06-28 20:00:00,42,val,0.203,0.18266152
Selhausen,2022-06-28 21:00:00,42,val,0.201,0.1816196
Selhausen,2022-06-28 22:00:00,42,val,0.1845,0.18008542
Selhausen,2022-06-28 23:00:00,42,val,0.217,0.17871937
Selhausen,2022-06-29 00:00:00,42,val,0.197,0.1774653
Selhausen,2022-06-29 01:00:00,42,val,0.204,0.17599453
Selhausen,2022-06-29 02:00:00,42,val,0.191,0.17422792
Selhausen,2022-06-29 03:00:00,42,val,0.198,0.17288163
Selhausen,2022-06-29 04:00:00,42,val,0.197,0.17169157
Selhausen,2022-06-29 05:00:00,42,val,0.199,0.17087147
Selhausen,2022-06-29 06:00:00,42,val,0.197,0.17058364
Selhausen,2022-06-29 07:00:00,42,val,0.192,0.17082451
Selhausen,2022-06-29 08:00:00,42,val,0.192,0.17117457
Selhausen,2022-06-29 09:00:00,42,val,0.201,0.1719015
Selhausen,2022-06-29 10:00:00,42,val,0.191,0.17258877
Selhausen,2022-06-29 11:00:00,42,val,0.197,0.1738073
Selhausen,2022-06-29 12:00:00,42,val,0.197,0.17511994
Selhausen,2022-06-29 13:00:00,42,val,0.201,0.17645396
Selhausen,2022-06-29 14:00:00,42,val,0.195,0.17743264
Selhausen,2022-06-29 15:00:00,42,val,0.2,0.17840841
Selhausen,2022-06-29 16:00:00,42,val,0.201,0.17958856
Selhausen,2022-06-29 17:00:00,42,val,0.198,0.18026002
Selhausen,2022-06-29 18:00:00,42,val,0.191,0.18007694
Selhausen,2022-06-29 19:00:00,42,val,0.19,0.17952332
Selhausen,2022-06-29 20:00:00,42,val,0.1985,0.1789248
Selhausen,2022-06-29 21:00:00,42,val,0.194,0.17840284
Selhausen,2022-06-29 22:00:00,42,val,0.191,0.17744124
Selhausen,2022-06-29 23:00:00,42,val,0.192,0.1766396
Selhausen,2022-06-30 00:00:00,42,val,0.19,0.1754807
Selhausen,2022-06-30 01:00:00,42,val,0.193,0.17445514
Selhausen,2022-06-30 02:00:00,42,val,0.192,0.17373838
Selhausen,2022-06-30 03:00:00,42,val,0.187,0.17250468
Selhausen,2022-06-30 04:00:00,42,val,0.19,0.17172387
Selhausen,2022-06-30 05:00:00,42,val,0.19,0.17111248
Selhausen,2022-06-30 06:00:00,42,val,0.189,0.17090006
Selhausen,2022-06-30 07:00:00,42,val,0.188,0.17120199
Selhausen,2022-06-30 08:00:00,42,val,0.19,0.17190947
Selhausen,2022-06-30 09:00:00,42,val,0.186,0.17238024
Selhausen,2022-06-30 10:00:00,42,val,0.186,0.1727905
Selhausen,2022-06-30 11:00:00,42,val,0.19,0.173235
Selhausen,2022-06-30 12:00:00,42,val,0.191,0.17407933
Selhausen,2022-06-30 13:00:00,42,val,0.188,0.17564684
Selhausen,2022-06-30 14:00:00,42,val,0.191,0.17709139
Selhausen,2022-06-30 15:00:00,42,val,0.189,0.17870682
Selhausen,2022-06-30 16:00:00,42,val,0.184,0.18056047
Selhausen,2022-06-30 17:00:00,42,val,0.185,0.18303804
Selhausen,2022-06-30 18:00:00,42,val,0.188,0.18382406
Selhausen,2022-06-30 19:00:00,42,val,0.182,0.18633614
Selhausen,2022-06-30 20:00:00,42,val,0.181,0.18858542
Selhausen,2022-06-30 21:00:00,42,val,0.181,0.19112557
Selhausen,2022-06-30 22:00:00,42,val,0.183,0.19247456
Selhausen,2022-06-30 23:00:00,42,val,0.181,0.1946022
Selhausen,2022-07-01 00:00:00,42,val,0.18,0.19601786
Selhausen,2022-07-01 01:00:00,42,val,0.178,0.19691847
Selhausen,2022-07-01 02:00:00,42,val,0.177,0.1968549
Selhausen,2022-07-01 03:00:00,42,val,0.178,0.19632807
Selhausen,2022-07-01 04:00:00,42,val,0.175,0.19549279
Selhausen,2022-07-01 05:00:00,42,val,0.179,0.19511455
Selhausen,2022-07-01 06:00:00,42,val,0.178,0.19511946
Selhausen,2022-07-01 07:00:00,42,val,0.175,0.19521983
Selhausen,2022-07-01 08:00:00,42,val,0.177,0.19534379
Selhausen,2022-07-01 09:00:00,42,val,0.175,0.19616587
Selhausen,2022-07-01 10:00:00,42,val,0.178,0.1968399
Selhausen,2022-07-01 11:00:00,42,val,0.179,0.1977954
Selhausen,2022-07-01 12:00:00,42,val,0.177,0.19859165
Selhausen,2022-07-01 13:00:00,42,val,0.178,0.19969463
Selhausen,2022-07-01 14:00:00,42,val,0.179,0.20057043
Selhausen,2022-07-01 15:00:00,42,val,0.182,0.20147307
Selhausen,2022-07-01 16:00:00,42,val,0.178,0.2023238
Selhausen,2022-07-01 17:00:00,42,val,0.175,0.20270827
Selhausen,2022-07-01 18:00:00,42,val,0.175,0.20235321
Selhausen,2022-07-01 19:00:00,42,val,0.179,0.20126499
Selhausen,2022-07-01 20:00:00,42,val,0.17,0.20046647
Selhausen,2022-07-01 21:00:00,42,val,0.176,0.19966295
Selhausen,2022-07-01 22:00:00,42,val,0.17,0.198558
Selhausen,2022-07-01 23:00:00,42,val,0.174,0.19727881
Selhausen,2022-07-02 00:00:00,42,val,0.166,0.19564852
Selhausen,2022-07-02 01:00:00,42,val,0.165,0.1938778
Selhausen,2022-07-02 02:00:00,42,val,0.166,0.19199282
Selhausen,2022-07-02 03:00:00,42,val,0.166,0.19001281
Selhausen,2022-07-02 04:00:00,42,val,0.165,0.18825383
Selhausen,2022-07-02 05:00:00,42,val,0.165,0.18707888
Selhausen,2022-07-02 06:00:00,42,val,0.166,0.18664178
Selhausen,2022-07-02 07:00:00,42,val,0.17,0.18697585
Selhausen,2022-07-02 08:00:00,42,val,0.167,0.18769512
Selhausen,2022-07-02 09:00:00,42,val,0.168,0.18844973
Selhausen,2022-07-02 10:00:00,42,val,0.172,0.1891438
Selhausen,2022-07-02 11:00:00,42,val,0.175,0.19004309
Selhausen,2022-07-02 12:00:00,42,val,0.177,0.1910385
Selhausen,2022-07-02 13:00:00,42,val,0.174,0.19194135
Selhausen,2022-07-02 14:00:00,42,val,0.171,0.19277395
Selhausen,2022-07-02 15:00:00,42,val,0.174,0.19349661
Selhausen,2022-07-02 16:00:00,42,val,0.172,0.19341639
Selhausen,2022-07-02 17:00:00,42,val,0.176,0.19259793
Selhausen,2022-07-02 18:00:00,42,val,0.172,0.19150019
Selhausen,2022-07-02 19:00:00,42,val,0.17,0.19009781
Selhausen,2022-07-02 20:00:00,42,val,0.171,0.18846028
Selhausen,2022-07-02 21:00:00,42,val,0.168,0.18697737
Selhausen,2022-07-02 22:00:00,42,val,0.167,0.18585092
Selhausen,2022-07-02 23:00:00,42,val,0.166,0.1848582
Selhausen,2022-07-03 00:00:00,42,val,0.165,0.18397838
Selhausen,2022-07-03 01:00:00,42,val,0.165,0.18296976
Selhausen,2022-07-03 02:00:00,42,val,0.166,0.18173607
Selhausen,2022-07-03 03:00:00,42,val,0.161,0.18049973
Selhausen,2022-07-03 04:00:00,42,val,0.164,0.17924014
Selhausen,2022-07-03 05:00:00,42,val,0.16,0.17845425
Selhausen,2022-07-03 06:00:00,42,val,0.162,0.17828102
Selhausen,2022-07-03 07:00:00,42,val,0.162,0.17844564
Selhausen,2022-07-03 08:00:00,42,val,0.162,0.17904639
Selhausen,2022-07-03 09:00:00,42,val,0.168,0.17975262
Selhausen,2022-07-03 10:00:00,42,val,0.162,0.18047659
Selhausen,2022-07-03 11:00:00,42,val,0.171,0.18126296
Selhausen,2022-07-03 12:00:00,42,val,0.165,0.18202183
Selhausen,2022-07-03 13:00:00,42,val,0.173,0.18287714
Selhausen,2022-07-03 14:00:00,42,val,0.164,0.1839696
Selhausen,2022-07-03 15:00:00,42,val,0.172,0.18506564
Selhausen,2022-07-03 16:00:00,42,val,0.165,0.18575849
Selhausen,2022-07-03 17:00:00,42,val,0.165,0.18559146
Selhausen,2022-07-03 18:00:00,42,val,0.165,0.1849127
Selhausen,2022-07-03 19:00:00,42,val,0.168,0.18393478
Selhausen,2022-07-03 20:00:00,42,val,0.165,0.18261768
Selhausen,2022-07-03 21:00:00,42,val,0.16,0.18138844
Selhausen,2022-07-03 22:00:00,42,val,0.164,0.18010485
Selhausen,2022-07-03 23:00:00,42,val,0.157,0.17891993
Selhausen,2022-07-04 00:00:00,42,val,0.165,0.17723772
Selhausen,2022-07-04 01:00:00,42,val,0.157,0.17517573
Selhausen,2022-07-04 02:00:00,42,val,0.16,0.17288747
Selhausen,2022-07-04 03:00:00,42,val,0.159,0.17056328
Selhausen,2022-07-04 04:00:00,42,val,0.162,0.16828611
Selhausen,2022-07-04 05:00:00,42,val,0.156,0.16648546
Selhausen,2022-07-04 06:00:00,42,val,0.163,0.16546324
Selhausen,2022-07-04 07:00:00,42,val,0.158,0.1652931
Selhausen,2022-07-04 08:00:00,42,val,0.159,0.165696
Selhausen,2022-07-04 09:00:00,42,val,0.158,0.16665044
Selhausen,2022-07-04 10:00:00,42,val,0.161,0.16811542
Selhausen,2022-07-04 11:00:00,42,val,0.164,0.17009664
Selhausen,2022-07-04 12:00:00,42,val,0.164,0.17220058
Selhausen,2022-07-04 13:00:00,42,val,0.164,0.17438926
Selhausen,2022-07-04 14:00:00,42,val,0.157,0.17610544
Selhausen,2022-07-04 15:00:00,42,val,0.158,0.17775875
Selhausen,2022-07-04 16:00:00,42,val,0.167,0.17858656
Selhausen,2022-07-04 17:00:00,42,val,0.164,0.17905413
Selhausen,2022-07-04 18:00:00,42,val,0.162,0.1788206
Selhausen,2022-07-04 19:00:00,42,val,0.16,0.1780294
Selhausen,2022-07-04 20:00:00,42,val,0.164,0.17713808
Selhausen,2022-07-04 21:00:00,42,val,0.158,0.1761493
Selhausen,2022-07-04 22:00:00,42,val,0.161,0.17522377
Selhausen,2022-07-04 23:00:00,42,val,0.163,0.17412175
Selhausen,2022-07-05 00:00:00,42,val,0.162,0.17279637
Selhausen,2022-07-05 01:00:00,42,val,0.1619999999999999,0.1712935
Selhausen,2022-07-05 02:00:00,42,val,0.157,0.16964084
Selhausen,2022-07-05 03:00:00,42,val,0.163,0.16782454
Selhausen,2022-07-05 04:00:00,42,val,0.154,0.1663861
Selhausen,2022-07-05 05:00:00,42,val,0.153,0.16507542
Selhausen,2022-07-05 06:00:00,42,val,0.159,0.16443178
Selhausen,2022-07-05 07:00:00,42,val,0.163,0.16439575
Selhausen,2022-07-05 08:00:00,42,val,0.162,0.16483383
Selhausen,2022-07-05 09:00:00,42,val,0.16,0.1656529
Selhausen,2022-07-05 10:00:00,42,val,0.157,0.16629866
Selhausen,2022-07-05 11:00:00,42,val,0.161,0.16754633
Selhausen,2022-07-05 12:00:00,42,val,0.155,0.16902001
Selhausen,2022-07-05 13:00:00,42,val,0.162,0.17061448
Selhausen,2022-07-05 14:00:00,42,val,0.156,0.17211238
Selhausen,2022-07-05 15:00:00,42,val,0.163,0.17378774
Selhausen,2022-07-05 16:00:00,42,val,0.159,0.17466703
Selhausen,2022-07-05 17:00:00,42,val,0.165,0.17493531
Selhausen,2022-07-05 18:00:00,42,val,0.155,0.17471255
Selhausen,2022-07-05 19:00:00,42,val,0.158,0.1740639
Selhausen,2022-07-05 20:00:00,42,val,0.157,0.17328523
Selhausen,2022-07-05 21:00:00,42,val,0.155,0.17217794
Selhausen,2022-07-05 22:00:00,42,val,0.157,0.17099307
Selhausen,2022-07-05 23:00:00,42,val,0.151,0.16942146
Selhausen,2022-07-06 00:00:00,42,val,0.154,0.16815597
Selhausen,2022-07-06 01:00:00,42,val,0.155,0.1665333
Selhausen,2022-07-06 02:00:00,42,val,0.155,0.16482088
Selhausen,2022-07-06 03:00:00,42,val,0.156,0.16299939
Selhausen,2022-07-06 04:00:00,42,val,0.155,0.16138525
Selhausen,2022-07-06 05:00:00,42,val,0.158,0.15986434
Selhausen,2022-07-06 06:00:00,42,val,0.151,0.15899728
Selhausen,2022-07-06 07:00:00,42,val,0.151,0.15854092
Selhausen,2022-07-06 08:00:00,42,val,0.15,0.15872072
Selhausen,2022-07-06 09:00:00,42,val,0.153,0.15936634
Selhausen,2022-07-06 10:00:00,42,val,0.1645,0.16044973
Selhausen,2022-07-06 11:00:00,42,val,0.163,0.16196758
Selhausen,2022-07-06 12:00:00,42,val,0.161,0.1637737
Selhausen,2022-07-06 13:00:00,42,val,0.1679999999999999,0.16572826
Selhausen,2022-07-06 14:00:00,42,val,0.162,0.16729918
Selhausen,2022-07-06 15:00:00,42,val,0.165,0.16840291
Selhausen,2022-07-06 16:00:00,42,val,0.163,0.16934033
Selhausen,2022-07-06 17:00:00,42,val,0.162,0.16969915
Selhausen,2022-07-06 18:00:00,42,val,0.155,0.16974315
Selhausen,2022-07-06 19:00:00,42,val,0.156,0.16930932
Selhausen,2022-07-06 20:00:00,42,val,0.157,0.16878816
Selhausen,2022-07-06 21:00:00,42,val,0.155,0.16764843
Selhausen,2022-07-06 22:00:00,42,val,0.153,0.16660778
Selhausen,2022-07-06 23:00:00,42,val,0.153,0.1655178
Selhausen,2022-07-07 00:00:00,42,val,0.158,0.1647002
Selhausen,2022-07-07 01:00:00,42,val,0.152,0.16408803
Selhausen,2022-07-07 02:00:00,42,val,0.15,0.16307478
Selhausen,2022-07-07 03:00:00,42,val,0.155,0.16239016
Selhausen,2022-07-07 04:00:00,42,val,0.148,0.16160394
Selhausen,2022-07-07 05:00:00,42,val,0.152,0.16106428
Selhausen,2022-07-07 06:00:00,42,val,0.157,0.16086462
Selhausen,2022-07-07 07:00:00,42,val,0.152,0.16132073
Selhausen,2022-07-07 08:00:00,42,val,0.155,0.16200297
Selhausen,2022-07-07 09:00:00,42,val,0.153,0.16300492
Selhausen,2022-07-07 10:00:00,42,val,0.155,0.16399443
Selhausen,2022-07-07 11:00:00,42,val,0.159,0.16495377
Selhausen,2022-07-07 12:00:00,42,val,0.152,0.16578148
Selhausen,2022-07-07 13:00:00,42,val,0.162,0.16696021
Selhausen,2022-07-07 14:00:00,42,val,0.157,0.16766906
Selhausen,2022-07-07 15:00:00,42,val,0.158,0.16860583
Selhausen,2022-07-07 16:00:00,42,val,0.155,0.16914806
Selhausen,2022-07-07 17:00:00,42,val,0.157,0.16970205
Selhausen,2022-07-07 18:00:00,42,val,0.158,0.16940507
Selhausen,2022-07-07 19:00:00,42,val,0.154,0.16879931
Selhausen,2022-07-07 20:00:00,42,val,0.157,0.16809548
Selhausen,2022-07-07 21:00:00,42,val,0.153,0.16702265
Selhausen,2022-07-07 22:00:00,42,val,0.152,0.16588323
Selhausen,2022-07-07 23:00:00,42,val,0.15,0.16432565
Selhausen,2022-07-08 00:00:00,42,val,0.154,0.16250892
Selhausen,2022-07-08 01:00:00,42,val,0.152,0.1607984
Selhausen,2022-07-08 02:00:00,42,val,0.149,0.15914272
Selhausen,2022-07-08 03:00:00,42,val,0.151,0.15801013
Selhausen,2022-07-08 04:00:00,42,val,0.15,0.1569965
Selhausen,2022-07-08 05:00:00,42,val,0.15,0.15645753
Selhausen,2022-07-08 06:00:00,42,val,0.148,0.15622026
Selhausen,2022-07-08 07:00:00,42,val,0.147,0.15635678
Selhausen,2022-07-08 08:00:00,42,val,0.151,0.15639427
Selhausen,2022-07-08 09:00:00,42,val,0.148,0.1567454
Selhausen,2022-07-08 10:00:00,42,val,0.152,0.15814668
Selhausen,2022-07-08 11:00:00,42,val,0.151,0.15981443
Selhausen,2022-07-08 12:00:00,42,val,0.153,0.16185148
Selhausen,2022-07-08 13:00:00,42,val,0.156,0.16442421
Selhausen,2022-07-08 14:00:00,42,val,0.157,0.16664279
Selhausen,2022-07-08 15:00:00,42,val,0.155,0.16855872
Selhausen,2022-07-08 16:00:00,42,val,0.158,0.16982657
Selhausen,2022-07-08 17:00:00,42,val,0.154,0.17027977
Selhausen,2022-07-08 18:00:00,42,val,0.154,0.1699357
Selhausen,2022-07-08 19:00:00,42,val,0.148,0.16880108
Selhausen,2022-07-08 20:00:00,42,val,0.154,0.16737673
Selhausen,2022-07-08 21:00:00,42,val,0.155,0.16579056
Selhausen,2022-07-08 22:00:00,42,val,0.149,0.16406074
Selhausen,2022-07-08 23:00:00,42,val,0.151,0.16234654
Selhausen,2022-07-09 00:00:00,42,val,0.15,0.16094711
Selhausen,2022-07-09 01:00:00,42,val,0.147,0.15946129
Selhausen,2022-07-09 02:00:00,42,val,0.15,0.15781456
Selhausen,2022-07-09 03:00:00,42,val,0.153,0.15618241
Selhausen,2022-07-09 04:00:00,42,val,0.151,0.15456414
Selhausen,2022-07-09 05:00:00,42,val,0.145,0.15331298
Selhausen,2022-07-09 06:00:00,42,val,0.15,0.15277511
Selhausen,2022-07-09 07:00:00,42,val,0.146,0.15279289
Selhausen,2022-07-09 08:00:00,42,val,0.149,0.15337591
Selhausen,2022-07-09 09:00:00,42,val,0.148,0.154248
Selhausen,2022-07-09 10:00:00,42,val,0.151,0.15538068
Selhausen,2022-07-09 11:00:00,42,val,0.145,0.15689474
Selhausen,2022-07-09 12:00:00,42,val,0.149,0.15807135
Selhausen,2022-07-09 13:00:00,42,val,0.148,0.16007552
Selhausen,2022-07-09 14:00:00,42,val,0.157,0.16163923
Selhausen,2022-07-09 15:00:00,42,val,0.15,0.16313434
Selhausen,2022-07-09 16:00:00,42,val,0.156,0.1637368
Selhausen,2022-07-09 17:00:00,42,val,0.147,0.16393961
Selhausen,2022-07-09 18:00:00,42,val,0.151,0.16404124
Selhausen,2022-07-09 19:00:00,42,val,0.15,0.16365632
Selhausen,2022-07-09 20:00:00,42,val,0.147,0.16301088
Selhausen,2022-07-09 21:00:00,42,val,0.145,0.16217038
Selhausen,2022-07-09 22:00:00,42,val,0.143,0.16136369
Selhausen,2022-07-09 23:00:00,42,val,0.145,0.16024153
Selhausen,2022-07-10 00:00:00,42,val,0.145,0.1590183
Selhausen,2022-07-10 01:00:00,42,val,0.148,0.15763986
Selhausen,2022-07-10 02:00:00,42,val,0.141,0.15607026
Selhausen,2022-07-10 03:00:00,42,val,0.14,0.15452978
Selhausen,2022-07-10 04:00:00,42,val,0.144,0.15314624
Selhausen,2022-07-10 05:00:00,42,val,0.14,0.15201437
Selhausen,2022-07-10 06:00:00,42,val,0.144,0.1513112
Selhausen,2022-07-10 07:00:00,42,val,0.144,0.15089098
Selhausen,2022-07-10 08:00:00,42,val,0.144,0.15107399
Selhausen,2022-07-10 09:00:00,42,val,0.147,0.15160073
Selhausen,2022-07-10 10:00:00,42,val,0.154,0.15243435
Selhausen,2022-07-10 11:00:00,42,val,0.166,0.1535401
Selhausen,2022-07-10 12:00:00,42,val,0.153,0.15482052
Selhausen,2022-07-10 13:00:00,42,val,0.1545,0.15643656
Selhausen,2022-07-10 14:00:00,42,val,0.155,0.15841834
Selhausen,2022-07-10 15:00:00,42,val,0.163,0.16027835
Selhausen,2022-07-10 16:00:00,42,val,0.156,0.16201887
Selhausen,2022-07-10 17:00:00,42,val,0.159,0.16310683
Selhausen,2022-07-10 18:00:00,42,val,0.155,0.16341281
Selhausen,2022-07-10 19:00:00,42,val,0.154,0.16277105
Selhausen,2022-07-10 20:00:00,42,val,0.153,0.16198893
Selhausen,2022-07-10 21:00:00,42,val,0.151,0.16111118
Selhausen,2022-07-10 22:00:00,42,val,0.151,0.15967472
Selhausen,2022-07-10 23:00:00,42,val,0.148,0.15825062
Selhausen,2022-07-11 00:00:00,42,val,0.148,0.15685824
Selhausen,2022-07-11 01:00:00,42,val,0.149,0.15531856
Selhausen,2022-07-11 02:00:00,42,val,0.146,0.15402567
Selhausen,2022-07-11 03:00:00,42,val,0.149,0.15307444
Selhausen,2022-07-11 04:00:00,42,val,0.148,0.15252271
Selhausen,2022-07-11 05:00:00,42,val,0.147,0.1519458
Selhausen,2022-07-11 06:00:00,42,val,0.146,0.15172695
Selhausen,2022-07-11 07:00:00,42,val,0.146,0.1518457
Selhausen,2022-07-11 08:00:00,42,val,0.147,0.15232374
Selhausen,2022-07-11 09:00:00,42,val,0.153,0.15282331
Selhausen,2022-07-11 10:00:00,42,val,0.15,0.1537097
Selhausen,2022-07-11 11:00:00,42,val,0.152,0.1545191
Selhausen,2022-07-11 12:00:00,42,val,0.153,0.15517211
Selhausen,2022-07-11 13:00:00,42,val,0.155,0.15608276
Selhausen,2022-07-11 14:00:00,42,val,0.153,0.15712543
Selhausen,2022-07-11 15:00:00,42,val,0.16,0.15829784
Selhausen,2022-07-11 16:00:00,42,val,0.158,0.15949728
Selhausen,2022-07-11 17:00:00,42,val,0.153,0.15972582
Selhausen,2022-07-11 18:00:00,42,val,0.155,0.15954936
Selhausen,2022-07-11 19:00:00,42,val,0.152,0.15917987
Selhausen,2022-07-11 20:00:00,42,val,0.151,0.15832366
Selhausen,2022-07-11 21:00:00,42,val,0.149,0.15718983
Selhausen,2022-07-11 22:00:00,42,val,0.151,0.15590191
Selhausen,2022-07-11 23:00:00,42,val,0.148,0.15448472
Selhausen,2022-07-12 00:00:00,42,val,0.148,0.15287869
Selhausen,2022-07-12 01:00:00,42,val,0.144,0.1513772
Selhausen,2022-07-12 02:00:00,42,val,0.146,0.14987104
Selhausen,2022-07-12 03:00:00,42,val,0.148,0.1483618
Selhausen,2022-07-12 04:00:00,42,val,0.144,0.14688167
Selhausen,2022-07-12 05:00:00,42,val,0.142,0.14581083
Selhausen,2022-07-12 06:00:00,42,val,0.141,0.14542061
Selhausen,2022-07-12 07:00:00,42,val,0.144,0.14572173
Selhausen,2022-07-12 08:00:00,42,val,0.145,0.14627473
Selhausen,2022-07-12 09:00:00,42,val,0.147,0.14710385
Selhausen,2022-07-12 10:00:00,42,val,0.147,0.14845051
Selhausen,2022-07-12 11:00:00,42,val,0.149,0.15063961
Selhausen,2022-07-12 12:00:00,42,val,0.146,0.152884
Selhausen,2022-07-12 13:00:00,42,val,0.153,0.15510935
Selhausen,2022-07-12 14:00:00,42,val,0.156,0.15732786
Selhausen,2022-07-12 15:00:00,42,val,0.155,0.15973142
Selhausen,2022-07-12 16:00:00,42,val,0.149,0.16156714
Selhausen,2022-07-12 17:00:00,42,val,0.153,0.16269666
Selhausen,2022-07-12 18:00:00,42,val,0.148,0.16283897
Selhausen,2022-07-12 19:00:00,42,val,0.15,0.16231906
Selhausen,2022-07-12 20:00:00,42,val,0.147,0.16129106
Selhausen,2022-07-12 21:00:00,42,val,0.143,0.15989193
Selhausen,2022-07-12 22:00:00,42,val,0.141,0.15848276
Selhausen,2022-07-12 23:00:00,42,val,0.143,0.15704773
Selhausen,2022-07-13 00:00:00,42,val,0.143,0.1557818
Selhausen,2022-07-13 01:00:00,42,val,0.144,0.15475844
Selhausen,2022-07-13 02:00:00,42,val,0.139,0.15403312
Selhausen,2022-07-13 03:00:00,42,val,0.141,0.15372182
Selhausen,2022-07-20 04:00:00,42,val,0.174,0.14315207
Selhausen,2022-07-20 05:00:00,42,val,0.178,0.14326364
Selhausen,2022-07-20 06:00:00,42,val,0.18,0.1436665
Selhausen,2022-07-20 07:00:00,42,val,0.176,0.14450756
Selhausen,2022-07-20 08:00:00,42,val,0.174,0.14554039
Selhausen,2022-07-20 09:00:00,42,val,0.175,0.14655295
Selhausen,2022-07-20 10:00:00,42,val,0.178,0.14744794
Selhausen,2022-07-20 11:00:00,42,val,0.1634999999999999,0.14832407
Selhausen,2022-07-20 12:00:00,42,val,0.193,0.14923869
Selhausen,2022-07-20 13:00:00,42,val,0.1669999999999999,0.1505421
Selhausen,2022-07-20 14:00:00,42,val,0.192,0.15199493
Selhausen,2022-07-20 15:00:00,42,val,0.175,0.15299632
Selhausen,2022-07-20 16:00:00,42,val,0.18,0.1532692
Selhausen,2022-07-20 17:00:00,42,val,0.177,0.15300247
Selhausen,2022-07-20 18:00:00,42,val,0.1735,0.15295248
Selhausen,2022-07-20 19:00:00,42,val,0.18,0.15162922
Selhausen,2022-07-20 20:00:00,42,val,0.183,0.14976242
Selhausen,2022-07-20 21:00:00,42,val,0.173,0.14807165
Selhausen,2022-07-20 22:00:00,42,val,0.175,0.14764914
Selhausen,2022-07-20 23:00:00,42,val,0.174,0.14607179
Selhausen,2022-07-21 00:00:00,42,val,0.2965,0.14667012
Selhausen,2022-07-21 01:00:00,42,val,0.288,0.14576152
Selhausen,2022-07-21 02:00:00,42,val,0.275,0.14461221
Selhausen,2022-07-21 03:00:00,42,val,0.28,0.14328536
Selhausen,2022-07-21 04:00:00,42,val,0.272,0.1418969
Selhausen,2022-07-21 05:00:00,42,val,0.2695,0.14076045
Selhausen,2022-07-21 06:00:00,42,val,0.27,0.14008695
Selhausen,2022-07-21 07:00:00,42,val,0.265,0.13962272
Selhausen,2022-07-21 08:00:00,42,val,0.259,0.13970041
Selhausen,2022-07-21 09:00:00,42,val,0.2665,0.14046024
Selhausen,2022-07-21 10:00:00,42,val,0.259,0.14130405
Selhausen,2022-07-21 11:00:00,42,val,0.257,0.14255261
Selhausen,2022-07-21 12:00:00,42,val,0.2605,0.14445512
Selhausen,2022-07-21 13:00:00,42,val,0.248,0.14623722
Selhausen,2022-07-21 14:00:00,42,val,0.246,0.14792109
Selhausen,2022-07-21 15:00:00,42,val,0.245,0.14967638
Selhausen,2022-07-21 16:00:00,42,val,0.247,0.15296993
Selhausen,2022-07-21 17:00:00,42,val,0.241,0.15573496
Selhausen,2022-07-21 18:00:00,42,val,0.239,0.15782973
Selhausen,2022-07-21 19:00:00,42,val,0.24,0.1599204
Selhausen,2022-07-21 20:00:00,42,val,0.2205,0.16180372
Selhausen,2022-07-21 21:00:00,42,val,0.2375,0.16301958
Selhausen,2022-07-21 22:00:00,42,val,0.236,0.16376558
Selhausen,2022-07-21 23:00:00,42,val,0.229,0.16407914
Selhausen,2022-07-22 00:00:00,42,val,0.226,0.16403216
Selhausen,2022-07-22 01:00:00,42,val,0.229,0.16388804
Selhausen,2022-07-22 02:00:00,42,val,0.23,0.1634479
Selhausen,2022-07-22 03:00:00,42,val,0.226,0.16391778
Selhausen,2022-07-22 04:00:00,42,val,0.221,0.16448386
Selhausen,2022-07-22 05:00:00,42,val,0.224,0.16562307
Selhausen,2022-07-22 06:00:00,42,val,0.221,0.16715589
Selhausen,2022-07-22 07:00:00,42,val,0.226,0.16882014
Selhausen,2022-07-22 08:00:00,42,val,0.22,0.17068478
Selhausen,2022-07-22 09:00:00,42,val,0.225,0.17263004
Selhausen,2022-07-22 10:00:00,42,val,0.224,0.17471246
Selhausen,2022-07-22 11:00:00,42,val,0.226,0.17617682
Selhausen,2022-07-22 12:00:00,42,val,0.221,0.17853886
Selhausen,2022-07-22 13:00:00,42,val,0.226,0.18026622
Selhausen,2022-07-22 14:00:00,42,val,0.222,0.18252301
Selhausen,2022-07-22 15:00:00,42,val,0.214,0.18410335
Selhausen,2022-07-22 16:00:00,42,val,0.22,0.18520097
Selhausen,2022-07-22 17:00:00,42,val,0.212,0.18556802
Selhausen,2022-07-22 18:00:00,42,val,0.217,0.18509424
Selhausen,2022-07-22 19:00:00,42,val,0.212,0.18444058
Selhausen,2022-07-22 20:00:00,42,val,0.212,0.18381788
Selhausen,2022-07-22 21:00:00,42,val,0.213,0.18272197
Selhausen,2022-07-22 22:00:00,42,val,0.206,0.1814397
Selhausen,2022-07-22 23:00:00,42,val,0.206,0.18553707
Selhausen,2022-07-23 00:00:00,42,val,0.205,0.19213924
Selhausen,2022-07-23 01:00:00,42,val,0.207,0.20104803
Selhausen,2022-07-23 02:00:00,42,val,0.205,0.21003954
Selhausen,2022-07-23 03:00:00,42,val,0.207,0.21853095
Selhausen,2022-07-23 04:00:00,42,val,0.203,0.22575577
Selhausen,2022-07-23 05:00:00,42,val,0.204,0.23163487
Selhausen,2022-07-23 06:00:00,42,val,0.203,0.23650903
Selhausen,2022-07-23 07:00:00,42,val,0.205,0.24039173
Selhausen,2022-07-23 08:00:00,42,val,0.203,0.24351849
Selhausen,2022-07-23 09:00:00,42,val,0.204,0.24630848
Selhausen,2022-07-23 10:00:00,42,val,0.203,0.24856487
Selhausen,2022-07-23 11:00:00,42,val,0.201,0.25030068
Selhausen,2022-07-23 12:00:00,42,val,0.204,0.25166523
Selhausen,2022-07-23 13:00:00,42,val,0.204,0.25221306
Selhausen,2022-07-23 14:00:00,42,val,0.199,0.25192738
Selhausen,2022-07-23 15:00:00,42,val,0.197,0.25090998
Selhausen,2022-07-23 16:00:00,42,val,0.201,0.24937637
Selhausen,2022-07-23 17:00:00,42,val,0.195,0.24728203
Selhausen,2022-07-23 18:00:00,42,val,0.199,0.2448577
Selhausen,2022-07-23 19:00:00,42,val,0.196,0.24251677
Selhausen,2022-07-23 20:00:00,42,val,0.195,0.23965074
Selhausen,2022-07-23 21:00:00,42,val,0.194,0.23738208
Selhausen,2022-07-23 22:00:00,42,val,0.192,0.23553295
Selhausen,2022-07-23 23:00:00,42,val,0.192,0.2335986
Selhausen,2022-07-24 00:00:00,42,val,0.19,0.2314214
Selhausen,2022-07-24 01:00:00,42,val,0.187,0.2292105
Selhausen,2022-07-24 02:00:00,42,val,0.189,0.22709414
Selhausen,2022-07-24 03:00:00,42,val,0.189,0.22508848
Selhausen,2022-07-24 04:00:00,42,val,0.189,0.22299165
Selhausen,2022-07-24 05:00:00,42,val,0.19,0.22131546
Selhausen,2022-07-24 06:00:00,42,val,0.187,0.22016393
Selhausen,2022-07-24 07:00:00,42,val,0.187,0.2196446
Selhausen,2022-07-24 08:00:00,42,val,0.189,0.21945986
Selhausen,2022-07-24 09:00:00,42,val,0.188,0.21957612
Selhausen,2022-07-24 10:00:00,42,val,0.188,0.21975678
Selhausen,2022-07-24 11:00:00,42,val,0.188,0.21994738
Selhausen,2022-07-24 12:00:00,42,val,0.187,0.22010931
Selhausen,2022-07-24 13:00:00,42,val,0.189,0.22047372
Selhausen,2022-07-24 14:00:00,42,val,0.189,0.22076477
Selhausen,2022-07-24 15:00:00,42,val,0.189,0.2203273
Selhausen,2022-07-24 16:00:00,42,val,0.187,0.21952976
Selhausen,2022-07-24 17:00:00,42,val,0.186,0.21797225
Selhausen,2022-07-24 18:00:00,42,val,0.187,0.21622738
Selhausen,2022-07-24 19:00:00,42,val,0.184,0.21440518
Selhausen,2022-07-24 20:00:00,42,val,0.184,0.2128581
Selhausen,2022-07-24 21:00:00,42,val,0.184,0.21171957
Selhausen,2022-07-24 22:00:00,42,val,0.181,0.21074602
Selhausen,2022-07-24 23:00:00,42,val,0.181,0.20993137
Selhausen,2022-07-25 00:00:00,42,val,0.182,0.2092588
Selhausen,2022-07-25 01:00:00,42,val,0.182,0.20863491
Selhausen,2022-07-25 02:00:00,42,val,0.179,0.20803273
Selhausen,2022-07-25 03:00:00,42,val,0.178,0.20744577
Selhausen,2022-07-25 04:00:00,42,val,0.179,0.2067584
Selhausen,2022-07-25 05:00:00,42,val,0.179,0.20628124
Selhausen,2022-07-25 06:00:00,42,val,0.176,0.20612584
Selhausen,2022-07-25 07:00:00,42,val,0.177,0.20622227
Selhausen,2022-07-25 08:00:00,42,val,0.177,0.20627886
Selhausen,2022-07-25 09:00:00,42,val,0.178,0.20625639
Selhausen,2022-07-25 10:00:00,42,val,0.178,0.20623282
Selhausen,2022-07-25 11:00:00,42,val,0.178,0.20623004
Selhausen,2022-07-25 12:00:00,42,val,0.18,0.20623451
Selhausen,2022-07-25 13:00:00,42,val,0.182,0.20632163
Selhausen,2022-07-25 14:00:00,42,val,0.181,0.20647167
Selhausen,2022-07-25 15:00:00,42,val,0.177,0.20639327
Selhausen,2022-07-25 16:00:00,42,val,0.179,0.20622137
Selhausen,2022-07-25 17:00:00,42,val,0.178,0.20565337
Selhausen,2022-07-25 18:00:00,42,val,0.178,0.20478301
Selhausen,2022-07-25 19:00:00,42,val,0.178,0.2037022
Selhausen,2022-07-25 20:00:00,42,val,0.174,0.202537
Selhausen,2022-07-25 21:00:00,42,val,0.173,0.20119722
Selhausen,2022-07-25 22:00:00,42,val,0.173,0.1997228
Selhausen,2022-07-25 23:00:00,42,val,0.174,0.19820096
Selhausen,2022-07-26 00:00:00,42,val,0.172,0.19655748
Selhausen,2022-07-26 01:00:00,42,val,0.171,0.19481415
Selhausen,2022-07-26 02:00:00,42,val,0.17,0.19303952
Selhausen,2022-07-26 03:00:00,42,val,0.172,0.19146228
Selhausen,2022-07-26 04:00:00,42,val,0.169,0.19018939
Selhausen,2022-07-26 05:00:00,42,val,0.168,0.18924852
Selhausen,2022-07-26 06:00:00,42,val,0.169,0.1885457
Selhausen,2022-07-26 07:00:00,42,val,0.169,0.18819223
Selhausen,2022-07-26 08:00:00,42,val,0.167,0.18829218
Selhausen,2022-07-26 09:00:00,42,val,0.169,0.18866909
Selhausen,2022-07-26 10:00:00,42,val,0.174,0.1893475
Selhausen,2022-07-26 11:00:00,42,val,0.174,0.19026488
Selhausen,2022-07-26 12:00:00,42,val,0.175,0.19137296
Selhausen,2022-07-26 13:00:00,42,val,0.174,0.19263844
Selhausen,2022-07-26 14:00:00,42,val,0.173,0.19396973
Selhausen,2022-07-26 15:00:00,42,val,0.174,0.19496857
Selhausen,2022-07-26 16:00:00,42,val,0.171,0.1954942
Selhausen,2022-07-26 17:00:00,42,val,0.173,0.19550201
Selhausen,2022-07-26 18:00:00,42,val,0.173,0.19515209
Selhausen,2022-07-26 19:00:00,42,val,0.172,0.1944916
Selhausen,2022-07-26 20:00:00,42,val,0.171,0.19358724
Selhausen,2022-07-26 21:00:00,42,val,0.169,0.19238582
Selhausen,2022-07-26 22:00:00,42,val,0.171,0.19090962
Selhausen,2022-07-26 23:00:00,42,val,0.168,0.18912385
Selhausen,2022-07-27 00:00:00,42,val,0.168,0.18719229
Selhausen,2022-07-27 01:00:00,42,val,0.168,0.18530229
Selhausen,2022-07-27 02:00:00,42,val,0.169,0.18327549
Selhausen,2022-07-27 03:00:00,42,val,0.167,0.18117505
Selhausen,2022-07-27 04:00:00,42,val,0.166,0.17927802
Selhausen,2022-07-27 05:00:00,42,val,0.169,0.17768863
Selhausen,2022-07-27 06:00:00,42,val,0.165,0.1763869
Selhausen,2022-07-27 07:00:00,42,val,0.166,0.17560108
Selhausen,2022-07-27 08:00:00,42,val,0.166,0.1753904
Selhausen,2022-07-27 09:00:00,42,val,0.164,0.1757628
Selhausen,2022-07-27 10:00:00,42,val,0.169,0.17663309
Selhausen,2022-07-27 11:00:00,42,val,0.167,0.1778278
Selhausen,2022-07-27 12:00:00,42,val,0.17,0.17938513
Selhausen,2022-07-27 13:00:00,42,val,0.17,0.18125114
Selhausen,2022-07-27 14:00:00,42,val,0.171,0.18292737
Selhausen,2022-07-27 15:00:00,42,val,0.169,0.18425475
Selhausen,2022-07-27 16:00:00,42,val,0.172,0.18511675
Selhausen,2022-07-27 17:00:00,42,val,0.171,0.18548855
Selhausen,2022-07-27 18:00:00,42,val,0.172,0.18547218
Selhausen,2022-07-27 19:00:00,42,val,0.171,0.18512543
Selhausen,2022-07-27 20:00:00,42,val,0.168,0.18456665
Selhausen,2022-07-27 21:00:00,42,val,0.168,0.18366203
Selhausen,2022-07-27 22:00:00,42,val,0.168,0.18228668
Selhausen,2022-07-27 23:00:00,42,val,0.166,0.18055046
Selhausen,2022-07-28 00:00:00,42,val,0.166,0.17838857
Selhausen,2022-07-28 01:00:00,42,val,0.162,0.17620723
Selhausen,2022-07-28 02:00:00,42,val,0.161,0.17414807
Selhausen,2022-07-28 03:00:00,42,val,0.167,0.17217244
Selhausen,2022-07-28 04:00:00,42,val,0.164,0.17033891
Selhausen,2022-07-28 05:00:00,42,val,0.162,0.16877858
Selhausen,2022-07-28 06:00:00,42,val,0.16,0.16767476
Selhausen,2022-07-28 07:00:00,42,val,0.162,0.16728218
Selhausen,2022-07-28 08:00:00,42,val,0.164,0.16742873
Selhausen,2022-07-28 09:00:00,42,val,0.164,0.16796789
Selhausen,2022-07-28 10:00:00,42,val,0.165,0.16905138
Selhausen,2022-07-28 11:00:00,42,val,0.166,0.17054796
Selhausen,2022-07-28 12:00:00,42,val,0.165,0.17237769
Selhausen,2022-07-28 13:00:00,42,val,0.168,0.17431203
Selhausen,2022-07-28 14:00:00,42,val,0.17,0.17608157
Selhausen,2022-07-28 15:00:00,42,val,0.166,0.17748675
Selhausen,2022-07-28 16:00:00,42,val,0.169,0.17823108
Selhausen,2022-07-28 17:00:00,42,val,0.172,0.17852524
Selhausen,2022-07-28 18:00:00,42,val,0.17,0.17836654
Selhausen,2022-07-28 19:00:00,42,val,0.172,0.17765829
Selhausen,2022-07-28 20:00:00,42,val,0.164,0.17665724
Selhausen,2022-07-28 21:00:00,42,val,0.167,0.17550825
Selhausen,2022-07-28 22:00:00,42,val,0.165,0.17426726
Selhausen,2022-07-28 23:00:00,42,val,0.163,0.17288873
Selhausen,2022-07-29 00:00:00,42,val,0.161,0.17160831
Selhausen,2022-07-29 01:00:00,42,val,0.162,0.17061736
Selhausen,2022-07-29 02:00:00,42,val,0.162,0.16967489
Selhausen,2022-07-29 03:00:00,42,val,0.164,0.168912
Selhausen,2022-07-29 04:00:00,42,val,0.162,0.168253
Selhausen,2022-07-29 05:00:00,42,val,0.163,0.16788405
Selhausen,2022-07-29 06:00:00,42,val,0.164,0.16765137
Selhausen,2022-07-29 07:00:00,42,val,0.161,0.1677435
Selhausen,2022-07-29 08:00:00,42,val,0.162,0.16815618
Selhausen,2022-07-29 09:00:00,42,val,0.16,0.16859382
Selhausen,2022-07-29 10:00:00,42,val,0.163,0.16930428
Selhausen,2022-07-29 11:00:00,42,val,0.166,0.1702132
Selhausen,2022-07-29 12:00:00,42,val,0.165,0.1714837
Selhausen,2022-07-29 13:00:00,42,val,0.165,0.17296432
Selhausen,2022-07-29 14:00:00,42,val,0.169,0.17454356
Selhausen,2022-07-29 15:00:00,42,val,0.169,0.17580496
Selhausen,2022-07-29 16:00:00,42,val,0.169,0.17662725
Selhausen,2022-07-29 17:00:00,42,val,0.165,0.17691988
Selhausen,2022-07-29 18:00:00,42,val,0.165,0.17676252
Selhausen,2022-07-29 19:00:00,42,val,0.164,0.1762581
Selhausen,2022-07-29 20:00:00,42,val,0.165,0.17532898
Selhausen,2022-07-29 21:00:00,42,val,0.166,0.174321
Selhausen,2022-07-29 22:00:00,42,val,0.163,0.17323014
Selhausen,2022-07-29 23:00:00,42,val,0.162,0.17193824
Selhausen,2022-07-30 00:00:00,42,val,0.162,0.17051974
Selhausen,2022-07-30 01:00:00,42,val,0.163,0.16887455
Selhausen,2022-07-30 02:00:00,42,val,0.161,0.16714717
Selhausen,2022-07-30 03:00:00,42,val,0.157,0.16573085
Selhausen,2022-07-30 04:00:00,42,val,0.162,0.16447368
Selhausen,2022-07-30 05:00:00,42,val,0.159,0.16343921
Selhausen,2022-07-30 06:00:00,42,val,0.158,0.1627771
Selhausen,2022-07-30 07:00:00,42,val,0.158,0.16255617
Selhausen,2022-07-30 08:00:00,42,val,0.157,0.16283144
Selhausen,2022-07-30 09:00:00,42,val,0.16,0.16345212
Selhausen,2022-07-30 10:00:00,42,val,0.161,0.16439328
Selhausen,2022-07-30 11:00:00,42,val,0.163,0.16570792
Selhausen,2022-07-30 12:00:00,42,val,0.162,0.16729948
Selhausen,2022-07-30 13:00:00,42,val,0.161,0.16921794
Selhausen,2022-07-30 14:00:00,42,val,0.165,0.17123307
Selhausen,2022-07-30 15:00:00,42,val,0.164,0.17268893
Selhausen,2022-07-30 16:00:00,42,val,0.166,0.17368467
Selhausen,2022-07-30 17:00:00,42,val,0.162,0.17420223
Selhausen,2022-07-30 18:00:00,42,val,0.164,0.174166
Selhausen,2022-07-30 19:00:00,42,val,0.163,0.17387508
Selhausen,2022-07-30 20:00:00,42,val,0.164,0.17288919
Selhausen,2022-07-30 21:00:00,42,val,0.161,0.1718269
Selhausen,2022-07-30 22:00:00,42,val,0.157,0.17061508
Selhausen,2022-07-30 23:00:00,42,val,0.16,0.16931
Selhausen,2022-07-31 00:00:00,42,val,0.156,0.16797552
Selhausen,2022-07-31 01:00:00,42,val,0.158,0.16667265
Selhausen,2022-07-31 02:00:00,42,val,0.151,0.16559707
Selhausen,2022-07-31 03:00:00,42,val,0.156,0.16482815
Selhausen,2022-07-31 04:00:00,42,val,0.154,0.16427605
Selhausen,2022-07-31 05:00:00,42,val,0.151,0.1641145
Selhausen,2022-07-31 06:00:00,42,val,0.155,0.16424996
Selhausen,2022-07-31 07:00:00,42,val,0.154,0.16452733
Selhausen,2022-07-31 08:00:00,42,val,0.155,0.16498809
Selhausen,2022-07-31 09:00:00,42,val,0.158,0.16547418
Selhausen,2022-07-31 10:00:00,42,val,0.157,0.1661845
Selhausen,2022-07-31 11:00:00,42,val,0.157,0.16724047
Selhausen,2022-07-31 12:00:00,42,val,0.163,0.16861372
Selhausen,2022-07-31 13:00:00,42,val,0.167,0.17017415
Selhausen,2022-07-31 14:00:00,42,val,0.166,0.17184207
Selhausen,2022-07-31 15:00:00,42,val,0.161,0.1732562
Selhausen,2022-07-31 16:00:00,42,val,0.165,0.17423011
Selhausen,2022-07-31 17:00:00,42,val,0.161,0.1745005
Selhausen,2022-07-31 18:00:00,42,val,0.163,0.17406969
Selhausen,2022-07-31 19:00:00,42,val,0.16,0.17309628
Selhausen,2022-07-31 20:00:00,42,val,0.16,0.1717961
Selhausen,2022-08-10 10:00:00,42,val,0.143,0.14813136
Selhausen,2022-08-10 11:00:00,42,val,0.144,0.14925608
Selhausen,2022-08-10 12:00:00,42,val,0.147,0.15101221
Selhausen,2022-08-10 13:00:00,42,val,0.149,0.15346368
Selhausen,2022-08-10 14:00:00,42,val,0.15,0.15592653
Selhausen,2022-08-10 15:00:00,42,val,0.151,0.15821871
Selhausen,2022-08-10 16:00:00,42,val,0.148,0.15976846
Selhausen,2022-08-10 17:00:00,42,val,0.15,0.16084412
Selhausen,2022-08-10 18:00:00,42,val,0.147,0.16111618
Selhausen,2022-08-10 19:00:00,42,val,0.148,0.16056904
Selhausen,2022-08-10 20:00:00,42,val,0.145,0.15937757
Selhausen,2022-08-10 21:00:00,42,val,0.141,0.15767288
Selhausen,2022-08-10 22:00:00,42,val,0.14,0.15593284
Selhausen,2022-08-10 23:00:00,42,val,0.14,0.15426603
Selhausen,2022-08-11 00:00:00,42,val,0.138,0.15289578
Selhausen,2022-08-11 01:00:00,42,val,0.139,0.15154402
Selhausen,2022-08-11 02:00:00,42,val,0.14,0.15031336
Selhausen,2022-08-11 03:00:00,42,val,0.14,0.14892823
Selhausen,2022-08-11 04:00:00,42,val,0.14,0.14736207
Selhausen,2022-08-11 05:00:00,42,val,0.136,0.14599603
Selhausen,2022-08-11 06:00:00,42,val,0.136,0.14474458
Selhausen,2022-08-11 07:00:00,42,val,0.137,0.14393204
Selhausen,2022-08-11 08:00:00,42,val,0.138,0.14351732
Selhausen,2022-08-11 09:00:00,42,val,0.138,0.14360705
Selhausen,2022-08-11 10:00:00,42,val,0.141,0.1440363
Selhausen,2022-08-11 11:00:00,42,val,0.143,0.14524034
Selhausen,2022-08-11 12:00:00,42,val,0.145,0.1470129
Selhausen,2022-08-11 13:00:00,42,val,0.147,0.14924455
Selhausen,2022-08-11 14:00:00,42,val,0.149,0.15177587
Selhausen,2022-08-11 15:00:00,42,val,0.148,0.15393233
Selhausen,2022-08-11 16:00:00,42,val,0.148,0.15559635
Selhausen,2022-08-11 17:00:00,42,val,0.146,0.15649171
Selhausen,2022-08-11 18:00:00,42,val,0.147,0.156803
Selhausen,2022-08-11 19:00:00,42,val,0.146,0.1563193
Selhausen,2022-08-11 20:00:00,42,val,0.141,0.15511471
Selhausen,2022-08-11 21:00:00,42,val,0.141,0.15350513
Selhausen,2022-08-11 22:00:00,42,val,0.141,0.15193427
Selhausen,2022-08-11 23:00:00,42,val,0.137,0.15053067
Selhausen,2022-08-12 00:00:00,42,val,0.136,0.14929613
Selhausen,2022-08-12 01:00:00,42,val,0.135,0.14804204
Selhausen,2022-08-12 02:00:00,42,val,0.135,0.14679763
Selhausen,2022-08-12 03:00:00,42,val,0.135,0.14538623
Selhausen,2022-08-12 04:00:00,42,val,0.133,0.14411673
Selhausen,2022-08-12 05:00:00,42,val,0.133,0.14274488
Selhausen,2022-08-12 06:00:00,42,val,0.132,0.14157188
Selhausen,2022-08-12 07:00:00,42,val,0.134,0.14071408
Selhausen,2022-08-12 08:00:00,42,val,0.138,0.140291
Selhausen,2022-08-12 09:00:00,42,val,0.136,0.14033625
Selhausen,2022-08-12 10:00:00,42,val,0.139,0.14077452
Selhausen,2022-08-12 11:00:00,42,val,0.141,0.14176643
Selhausen,2022-08-12 12:00:00,42,val,0.142,0.14342582
Selhausen,2022-08-12 13:00:00,42,val,0.143,0.1456287
Selhausen,2022-08-12 14:00:00,42,val,0.143,0.14794931
Selhausen,2022-08-12 15:00:00,42,val,0.144,0.15022057
Selhausen,2022-08-12 16:00:00,42,val,0.142,0.15184501
Selhausen,2022-08-12 17:00:00,42,val,0.14,0.15274908
Selhausen,2022-08-12 18:00:00,42,val,0.14,0.15285975
Selhausen,2022-08-12 19:00:00,42,val,0.139,0.15237507
Selhausen,2022-08-12 20:00:00,42,val,0.135,0.15135403
Selhausen,2022-08-12 21:00:00,42,val,0.139,0.14983039
Selhausen,2022-08-12 22:00:00,42,val,0.136,0.14797506
Selhausen,2022-08-12 23:00:00,42,val,0.135,0.1460219
Selhausen,2022-08-13 00:00:00,42,val,0.134,0.14414808
Selhausen,2022-08-13 01:00:00,42,val,0.135,0.14248934
Selhausen,2022-08-13 02:00:00,42,val,0.136,0.14102602
Selhausen,2022-08-13 03:00:00,42,val,0.136,0.13971034
Selhausen,2022-08-13 04:00:00,42,val,0.137,0.13858871
Selhausen,2022-08-13 05:00:00,42,val,0.133,0.13746542
Selhausen,2022-08-13 06:00:00,42,val,0.135,0.13669479
Selhausen,2022-08-13 07:00:00,42,val,0.135,0.13624059
Selhausen,2022-08-13 08:00:00,42,val,0.133,0.13623023
Selhausen,2022-08-13 09:00:00,42,val,0.137,0.13654324
Selhausen,2022-08-13 10:00:00,42,val,0.138,0.13735184
Selhausen,2022-08-13 11:00:00,42,val,0.138,0.13874656
Selhausen,2022-08-13 12:00:00,42,val,0.135,0.14071766
Selhausen,2022-08-13 13:00:00,42,val,0.136,0.14312264
Selhausen,2022-08-13 14:00:00,42,val,0.137,0.14576861
Selhausen,2022-08-13 15:00:00,42,val,0.138,0.14819247
Selhausen,2022-08-13 16:00:00,42,val,0.137,0.15001857
Selhausen,2022-08-13 17:00:00,42,val,0.138,0.1510723
Selhausen,2022-08-13 18:00:00,42,val,0.135,0.15131831
Selhausen,2022-08-13 19:00:00,42,val,0.134,0.15092757
Selhausen,2022-08-13 20:00:00,42,val,0.138,0.14973408
Selhausen,2022-08-13 21:00:00,42,val,0.132,0.14817242
Selhausen,2022-08-13 22:00:00,42,val,0.134,0.14651683
Selhausen,2022-08-13 23:00:00,42,val,0.134,0.1449017
Selhausen,2022-08-14 00:00:00,42,val,0.133,0.14308771
Selhausen,2022-08-14 01:00:00,42,val,0.133,0.14125225
Selhausen,2022-08-14 02:00:00,42,val,0.134,0.13954484
Selhausen,2022-08-14 03:00:00,42,val,0.132,0.13792746
Selhausen,2022-08-14 04:00:00,42,val,0.134,0.13643202
Selhausen,2022-08-14 05:00:00,42,val,0.133,0.1350106
Selhausen,2022-08-14 06:00:00,42,val,0.134,0.13389428
Selhausen,2022-08-14 07:00:00,42,val,0.129,0.13322511
Selhausen,2022-08-14 08:00:00,42,val,0.132,0.13315143
Selhausen,2022-08-14 09:00:00,42,val,0.133,0.13357353
Selhausen,2022-08-14 10:00:00,42,val,0.137,0.13446356
Selhausen,2022-08-14 11:00:00,42,val,0.138,0.13594265
Selhausen,2022-08-14 12:00:00,42,val,0.136,0.13809586
Selhausen,2022-08-14 13:00:00,42,val,0.138,0.14058083
Selhausen,2022-08-14 14:00:00,42,val,0.137,0.143108
Selhausen,2022-08-14 15:00:00,42,val,0.141,0.14531747
Selhausen,2022-08-14 16:00:00,42,val,0.138,0.14692163
Selhausen,2022-08-14 17:00:00,42,val,0.1365,0.14768845
Selhausen,2022-08-14 18:00:00,42,val,0.138,0.1476284
Selhausen,2022-08-14 19:00:00,42,val,0.134,0.14673747
Selhausen,2022-08-14 20:00:00,42,val,0.136,0.14502193
Selhausen,2022-08-14 21:00:00,42,val,0.133,0.14325923
Selhausen,2022-08-14 22:00:00,42,val,0.136,0.14143956
Selhausen,2022-08-14 23:00:00,42,val,0.136,0.13967419
Selhausen,2022-08-15 00:00:00,42,val,0.134,0.13821167
Selhausen,2022-08-15 01:00:00,42,val,0.133,0.13715044
Selhausen,2022-08-15 02:00:00,42,val,0.131,0.1365305
Selhausen,2022-08-15 03:00:00,42,val,0.133,0.13635173
Selhausen,2022-08-15 04:00:00,42,val,0.132,0.13653788
Selhausen,2022-08-15 05:00:00,42,val,0.133,0.13681091
Selhausen,2022-08-15 06:00:00,42,val,0.133,0.13725129
Selhausen,2022-08-15 07:00:00,42,val,0.134,0.13787189
Selhausen,2022-08-15 08:00:00,42,val,0.132,0.13847977
Selhausen,2022-08-15 09:00:00,42,val,0.133,0.13919139
Selhausen,2022-08-15 10:00:00,42,val,0.133,0.14010298
Selhausen,2022-08-15 11:00:00,42,val,0.134,0.14106977
Selhausen,2022-08-15 12:00:00,42,val,0.136,0.1419768
Selhausen,2022-08-15 13:00:00,42,val,0.134,0.1425944
Selhausen,2022-08-15 14:00:00,42,val,0.133,0.14317793
Selhausen,2022-08-15 15:00:00,42,val,0.134,0.1436687
Selhausen,2022-08-15 16:00:00,42,val,0.136,0.14399755
Selhausen,2022-08-15 17:00:00,42,val,0.137,0.14387113
Selhausen,2022-08-15 18:00:00,42,val,0.137,0.14315905
Selhausen,2022-08-15 19:00:00,42,val,0.1385,0.14212728
Selhausen,2022-08-15 20:00:00,42,val,0.135,0.14109409
Selhausen,2022-08-15 21:00:00,42,val,0.133,0.1397089
Selhausen,2022-08-15 22:00:00,42,val,0.134,0.13814786
Selhausen,2022-08-15 23:00:00,42,val,0.135,0.13637412
Selhausen,2022-08-16 00:00:00,42,val,0.132,0.13466564
Selhausen,2022-08-16 01:00:00,42,val,0.134,0.1331074
Selhausen,2022-08-16 02:00:00,42,val,0.132,0.13179226
Selhausen,2022-08-16 03:00:00,42,val,0.129,0.13067842
Selhausen,2022-08-16 04:00:00,42,val,0.131,0.12989384
Selhausen,2022-08-16 05:00:00,42,val,0.131,0.12945008
Selhausen,2022-08-16 06:00:00,42,val,0.133,0.12925205
Selhausen,2022-08-16 07:00:00,42,val,0.134,0.12910111
Selhausen,2022-08-16 08:00:00,42,val,0.134,0.12932202
Selhausen,2022-08-16 09:00:00,42,val,0.132,0.13001141
Selhausen,2022-08-16 10:00:00,42,val,0.136,0.1311143
Selhausen,2022-08-16 11:00:00,42,val,0.136,0.13269934
Selhausen,2022-08-16 12:00:00,42,val,0.134,0.13469586
Selhausen,2022-08-16 13:00:00,42,val,0.133,0.13690001
Selhausen,2022-08-16 14:00:00,42,val,0.135,0.13897361
Selhausen,2022-08-16 15:00:00,42,val,0.134,0.1410805
Selhausen,2022-08-16 16:00:00,42,val,0.136,0.1425803
Selhausen,2022-08-16 17:00:00,42,val,0.135,0.14329031
Selhausen,2022-08-16 18:00:00,42,val,0.134,0.14335586
Selhausen,2022-08-16 19:00:00,42,val,0.137,0.1426548
Selhausen,2022-08-16 20:00:00,42,val,0.135,0.14150846
Selhausen,2022-08-16 21:00:00,42,val,0.134,0.13991272
Selhausen,2022-08-16 22:00:00,42,val,0.131,0.13840279
Selhausen,2022-08-16 23:00:00,42,val,0.13,0.13708825
Selhausen,2022-08-17 00:00:00,42,val,0.133,0.13588922
Selhausen,2022-08-17 01:00:00,42,val,0.13,0.13477582
Selhausen,2022-08-17 02:00:00,42,val,0.131,0.13366994
Selhausen,2022-08-17 03:00:00,42,val,0.132,0.1325787
Selhausen,2022-08-17 04:00:00,42,val,0.134,0.13171875
Selhausen,2022-08-17 05:00:00,42,val,0.132,0.13115907
Selhausen,2022-08-17 06:00:00,42,val,0.132,0.13084713
Selhausen,2022-08-17 07:00:00,42,val,0.133,0.1309022
Selhausen,2022-08-17 08:00:00,42,val,0.134,0.13124417
Selhausen,2022-08-17 09:00:00,42,val,0.134,0.13181762
Selhausen,2022-08-17 10:00:00,42,val,0.133,0.1328012
Selhausen,2022-08-17 11:00:00,42,val,0.139,0.13383481
Selhausen,2022-08-17 12:00:00,42,val,0.1375,0.1349715
Selhausen,2022-08-17 13:00:00,42,val,0.138,0.13617302
Selhausen,2022-08-17 14:00:00,42,val,0.138,0.13711697
Selhausen,2022-08-17 15:00:00,42,val,0.134,0.1378104
Selhausen,2022-08-17 16:00:00,42,val,0.138,0.1384301
Selhausen,2022-08-17 17:00:00,42,val,0.138,0.1387175
Selhausen,2022-08-17 18:00:00,42,val,0.138,0.13869217
Selhausen,2022-08-17 19:00:00,42,val,0.136,0.13860099
Selhausen,2022-08-17 20:00:00,42,val,0.133,0.138232
Selhausen,2022-08-17 21:00:00,42,val,0.137,0.13741252
Selhausen,2022-08-17 22:00:00,42,val,0.137,0.13641411
Selhausen,2022-08-17 23:00:00,42,val,0.135,0.13535929
Selhausen,2022-08-18 00:00:00,42,val,0.135,0.13405819
Selhausen,2022-08-18 01:00:00,42,val,0.134,0.13293973
Selhausen,2022-08-18 02:00:00,42,val,0.137,0.1317145
Selhausen,2022-08-18 03:00:00,42,val,0.144,0.1302691
Selhausen,2022-08-18 04:00:00,42,val,0.1375,0.1291502
Selhausen,2022-08-18 05:00:00,42,val,0.148,0.12814015
Selhausen,2022-08-18 06:00:00,42,val,0.139,0.1275582
Selhausen,2022-08-18 07:00:00,42,val,0.148,0.12737563
Selhausen,2022-08-18 08:00:00,42,val,0.147,0.12767693
Selhausen,2022-08-18 09:00:00,42,val,0.148,0.12826712
Selhausen,2022-08-18 10:00:00,42,val,0.148,0.12921208
Selhausen,2022-08-18 11:00:00,42,val,0.151,0.1304222
Selhausen,2022-08-18 12:00:00,42,val,0.1425,0.1318053
Selhausen,2022-08-18 13:00:00,42,val,0.145,0.1332801
Selhausen,2022-08-18 14:00:00,42,val,0.147,0.13478442
Selhausen,2022-08-18 15:00:00,42,val,0.152,0.1360617
Selhausen,2022-08-18 16:00:00,42,val,0.146,0.13721196
Selhausen,2022-08-18 17:00:00,42,val,0.149,0.13781834
Selhausen,2022-08-18 18:00:00,42,val,0.147,0.13798426
Selhausen,2022-08-18 19:00:00,42,val,0.1475,0.13781837
Selhausen,2022-08-18 20:00:00,42,val,0.1465,0.1373601
Selhausen,2022-08-18 21:00:00,42,val,0.149,0.13671033
Selhausen,2022-08-18 22:00:00,42,val,0.1455,0.13575573
Selhausen,2022-08-18 23:00:00,42,val,0.1525,0.13451159
Selhausen,2022-08-19 00:00:00,42,val,0.145,0.1333617
Selhausen,2022-08-19 01:00:00,42,val,0.1475,0.13202956
Selhausen,2022-08-19 02:00:00,42,val,0.1445,0.13070995
Selhausen,2022-08-19 03:00:00,42,val,0.1485,0.12971425
Selhausen,2022-08-19 04:00:00,42,val,0.146,0.129003
Selhausen,2022-08-19 05:00:00,42,val,0.146,0.12834768
Selhausen,2022-08-19 06:00:00,42,val,0.148,0.12785232
Selhausen,2022-08-19 07:00:00,42,val,0.146,0.12778214
Selhausen,2022-08-19 08:00:00,42,val,0.146,0.12807733
Selhausen,2022-08-19 09:00:00,42,val,0.1505,0.12869827
Selhausen,2022-08-19 10:00:00,42,val,0.1505,0.12954845
Selhausen,2022-08-19 11:00:00,42,val,0.15,0.13116205
Selhausen,2022-08-19 12:00:00,42,val,0.1555,0.13299976
Selhausen,2022-08-19 13:00:00,42,val,0.154,0.13504305
Selhausen,2022-08-19 14:00:00,42,val,0.155,0.13733906
Selhausen,2022-08-19 15:00:00,42,val,0.156,0.1392941
Selhausen,2022-08-19 16:00:00,42,val,0.153,0.14086416
Selhausen,2022-08-19 17:00:00,42,val,0.153,0.14168957
Selhausen,2022-08-19 18:00:00,42,val,0.151,0.14181972
Selhausen,2022-08-19 19:00:00,42,val,0.153,0.1413375
Selhausen,2022-08-19 20:00:00,42,val,0.153,0.14025891
Selhausen,2022-08-19 21:00:00,42,val,0.1525,0.13903746
Selhausen,2022-08-19 22:00:00,42,val,0.152,0.1376971
Selhausen,2022-08-19 23:00:00,42,val,0.149,0.13636906
Selhausen,2022-08-20 00:00:00,42,val,0.151,0.13907543
Selhausen,2022-08-20 01:00:00,42,val,0.149,0.13924158
Selhausen,2022-08-20 02:00:00,42,val,0.148,0.13874596
Selhausen,2022-08-20 03:00:00,42,val,0.15,0.13843727
Selhausen,2022-08-20 04:00:00,42,val,0.15,0.13815725
Selhausen,2022-08-20 05:00:00,42,val,0.15,0.13836738
Selhausen,2022-08-20 06:00:00,42,val,0.147,0.1384019
Selhausen,2022-08-20 07:00:00,42,val,0.147,0.13879076
Selhausen,2022-08-20 08:00:00,42,val,0.15,0.13954103
Selhausen,2022-08-20 09:00:00,42,val,0.1505,0.14079049
Selhausen,2022-08-20 10:00:00,42,val,0.155,0.1422795
Selhausen,2022-08-20 11:00:00,42,val,0.151,0.14406127
Selhausen,2022-08-20 12:00:00,42,val,0.158,0.14573711
Selhausen,2022-08-20 13:00:00,42,val,0.158,0.14712027
Selhausen,2022-08-20 14:00:00,42,val,0.158,0.14835946
Selhausen,2022-08-20 15:00:00,42,val,0.158,0.14957535
Selhausen,2022-08-20 16:00:00,42,val,0.159,0.15022439
Selhausen,2022-08-20 17:00:00,42,val,0.156,0.15042177
Selhausen,2022-08-20 18:00:00,42,val,0.154,0.15016182
Selhausen,2022-08-20 19:00:00,42,val,0.155,0.14978135
Selhausen,2022-08-20 20:00:00,42,val,0.155,0.1492205
Selhausen,2022-08-20 21:00:00,42,val,0.155,0.14872026
Selhausen,2022-08-20 22:00:00,42,val,0.151,0.14790288
Selhausen,2022-08-20 23:00:00,42,val,0.152,0.14726986
Selhausen,2022-08-21 00:00:00,42,val,0.153,0.14644705
Selhausen,2022-08-21 01:00:00,42,val,0.15,0.14560816
Selhausen,2022-08-21 02:00:00,42,val,0.153,0.14458737
Selhausen,2022-08-21 03:00:00,42,val,0.15,0.1437145
Selhausen,2022-08-21 04:00:00,42,val,0.148,0.1428374
Selhausen,2022-08-21 05:00:00,42,val,0.15,0.1421756
Selhausen,2022-08-21 06:00:00,42,val,0.148,0.14171457
Selhausen,2022-08-21 07:00:00,42,val,0.148,0.14144745
Selhausen,2022-08-21 08:00:00,42,val,0.148,0.14138386
Selhausen,2022-08-21 09:00:00,42,val,0.152,0.14195949
Selhausen,2022-08-21 10:00:00,42,val,0.152,0.14287451
Selhausen,2022-08-21 11:00:00,42,val,0.153,0.14412856
Selhausen,2022-08-21 12:00:00,42,val,0.157,0.14602089
Selhausen,2022-08-21 13:00:00,42,val,0.158,0.1481556
Selhausen,2022-08-21 14:00:00,42,val,0.159,0.15038821
Selhausen,2022-08-21 15:00:00,42,val,0.157,0.15247214
Selhausen,2022-08-21 16:00:00,42,val,0.156,0.15392163
Selhausen,2022-08-21 17:00:00,42,val,0.157,0.15473744
Selhausen,2022-08-21 18:00:00,42,val,0.156,0.15499787
Selhausen,2022-08-21 19:00:00,42,val,0.154,0.1549562
Selhausen,2022-08-21 20:00:00,42,val,0.155,0.1546609
Selhausen,2022-08-21 21:00:00,42,val,0.153,0.1541233
Selhausen,2022-08-21 22:00:00,42,val,0.152,0.15324968
Selhausen,2022-08-21 23:00:00,42,val,0.153,0.1521343
Selhausen,2022-08-22 00:00:00,42,val,0.15,0.15105893
Selhausen,2022-08-22 01:00:00,42,val,0.15,0.1499426
Selhausen,2022-08-22 02:00:00,42,val,0.15,0.14877695
Selhausen,2022-08-22 03:00:00,42,val,0.15,0.14783517
Selhausen,2022-08-22 04:00:00,42,val,0.152,0.14700043
Selhausen,2022-08-22 05:00:00,42,val,0.15,0.14637169
Selhausen,2022-08-22 06:00:00,42,val,0.148,0.14574435
Selhausen,2022-08-22 07:00:00,42,val,0.149,0.14543
Selhausen,2022-08-22 08:00:00,42,val,0.149,0.14560929
Selhausen,2022-08-22 09:00:00,42,val,0.152,0.1460574
Selhausen,2022-08-22 10:00:00,42,val,0.154,0.14702436
Selhausen,2022-08-22 11:00:00,42,val,0.154,0.14819333
Selhausen,2022-08-22 12:00:00,42,val,0.157,0.14997864
Selhausen,2022-08-22 13:00:00,42,val,0.157,0.15218544
Selhausen,2022-08-22 14:00:00,42,val,0.156,0.15448652
Selhausen,2022-08-22 15:00:00,42,val,0.158,0.15663253
Selhausen,2022-08-22 16:00:00,42,val,0.158,0.1583781
Selhausen,2022-08-22 17:00:00,42,val,0.157,0.15932699
Selhausen,2022-08-22 18:00:00,42,val,0.155,0.15953358
Selhausen,2022-08-22 19:00:00,42,val,0.154,0.15926063
Selhausen,2022-08-22 20:00:00,42,val,0.154,0.15853348
Selhausen,2022-08-22 21:00:00,42,val,0.153,0.15746653
Selhausen,2022-08-22 22:00:00,42,val,0.154,0.15609449
Selhausen,2022-08-22 23:00:00,42,val,0.15,0.1547779
Selhausen,2022-08-23 00:00:00,42,val,0.151,0.15340075
Selhausen,2022-08-23 01:00:00,42,val,0.152,0.1520207
Selhausen,2022-08-23 02:00:00,42,val,0.149,0.15065916
Selhausen,2022-08-23 03:00:00,42,val,0.148,0.14926684
Selhausen,2022-08-23 04:00:00,42,val,0.146,0.14787248
Selhausen,2022-08-23 05:00:00,42,val,0.147,0.14672014
Selhausen,2022-08-23 06:00:00,42,val,0.15,0.14577287
Selhausen,2022-08-23 07:00:00,42,val,0.15,0.14520702
Selhausen,2022-08-23 08:00:00,42,val,0.148,0.1449979
Selhausen,2022-08-23 09:00:00,42,val,0.149,0.14534873
Selhausen,2022-08-23 10:00:00,42,val,0.15,0.14619341
Selhausen,2022-08-23 11:00:00,42,val,0.155,0.14739352
Selhausen,2022-08-23 12:00:00,42,val,0.154,0.14929101
Selhausen,2022-08-23 13:00:00,42,val,0.157,0.15161505
Selhausen,2022-08-23 14:00:00,42,val,0.158,0.15413031
Selhausen,2022-08-23 15:00:00,42,val,0.16,0.15638639
Selhausen,2022-08-23 16:00:00,42,val,0.16,0.15800354
Selhausen,2022-08-23 17:00:00,42,val,0.162,0.15893045
Selhausen,2022-08-23 18:00:00,42,val,0.159,0.15909772
Selhausen,2022-08-23 19:00:00,42,val,0.157,0.15859753
Selhausen,2022-08-23 20:00:00,42,val,0.153,0.15781744
Selhausen,2022-08-23 21:00:00,42,val,0.155,0.15663794
Selhausen,2022-08-23 22:00:00,42,val,0.15,0.15532596
Selhausen,2022-08-23 23:00:00,42,val,0.152,0.15407416
Selhausen,2022-08-24 00:00:00,42,val,0.15,0.15276913
Selhausen,2022-08-24 01:00:00,42,val,0.151,0.15148173
Selhausen,2022-08-24 02:00:00,42,val,0.149,0.15034199
Selhausen,2022-08-24 03:00:00,42,val,0.149,0.1492373
Selhausen,2022-08-31 04:00:00,42,val,0.138,0.13514978
Selhausen,2022-08-31 05:00:00,42,val,0.138,0.13484177
Selhausen,2022-08-31 06:00:00,42,val,0.136,0.13400275
Selhausen,2022-08-31 07:00:00,42,val,0.139,0.13305044
Selhausen,2022-08-31 08:00:00,42,val,0.1425,0.13220781
Selhausen,2022-08-31 09:00:00,42,val,0.141,0.13156876
Selhausen,2022-08-31 10:00:00,42,val,0.1415,0.13143083
Selhausen,2022-08-31 11:00:00,42,val,0.145,0.13160707
Selhausen,2022-08-31 12:00:00,42,val,0.152,0.13240963
Selhausen,2022-08-31 13:00:00,42,val,0.151,0.13337615
Selhausen,2022-08-31 14:00:00,42,val,0.148,0.13464564
Selhausen,2022-08-31 15:00:00,42,val,0.152,0.13613996
Selhausen,2022-08-31 16:00:00,42,val,0.15,0.1375039
Selhausen,2022-08-31 17:00:00,42,val,0.149,0.13808645
Selhausen,2022-08-31 18:00:00,42,val,0.15,0.13834497
Selhausen,2022-08-31 19:00:00,42,val,0.147,0.13812608
Selhausen,2022-08-31 20:00:00,42,val,0.145,0.13736552
Selhausen,2022-08-31 21:00:00,42,val,0.145,0.1361802
Selhausen,2022-08-31 22:00:00,42,val,0.142,0.13472721
Selhausen,2022-08-31 23:00:00,42,val,0.144,0.1332133
Selhausen,2022-09-01 00:00:00,42,val,0.142,0.13199513
Selhausen,2022-09-01 01:00:00,42,val,0.142,0.13079107
Selhausen,2022-09-01 02:00:00,42,val,0.14,0.12995315
Selhausen,2022-09-01 03:00:00,42,val,0.14,0.12913567
Selhausen,2022-09-01 04:00:00,42,val,0.139,0.12832834
Selhausen,2022-09-01 05:00:00,42,val,0.139,0.12780017
Selhausen,2022-09-01 06:00:00,42,val,0.14,0.12732093
Selhausen,2022-09-01 07:00:00,42,val,0.14,0.12700805
Selhausen,2022-09-01 08:00:00,42,val,0.142,0.12725967
Selhausen,2022-09-01 09:00:00,42,val,0.142,0.12788501
Selhausen,2022-09-01 10:00:00,42,val,0.146,0.129049
Selhausen,2022-09-01 11:00:00,42,val,0.149,0.13097323
Selhausen,2022-09-01 12:00:00,42,val,0.149,0.13329099
Selhausen,2022-09-01 13:00:00,42,val,0.148,0.13611418
Selhausen,2022-09-01 14:00:00,42,val,0.152,0.13906658
Selhausen,2022-09-01 15:00:00,42,val,0.148,0.14201148
Selhausen,2022-09-01 16:00:00,42,val,0.151,0.14456786
Selhausen,2022-09-01 17:00:00,42,val,0.151,0.14607373
Selhausen,2022-09-01 18:00:00,42,val,0.147,0.14677241
Selhausen,2022-09-01 19:00:00,42,val,0.147,0.14676744
Selhausen,2022-09-01 20:00:00,42,val,0.1475,0.14598772
Selhausen,2022-09-01 21:00:00,42,val,0.145,0.14479482
Selhausen,2022-09-01 22:00:00,42,val,0.141,0.14337674
Selhausen,2022-09-01 23:00:00,42,val,0.145,0.14194165
Selhausen,2022-09-02 00:00:00,42,val,0.143,0.14045283
Selhausen,2022-09-02 01:00:00,42,val,0.141,0.13910094
Selhausen,2022-09-02 02:00:00,42,val,0.143,0.13762304
Selhausen,2022-09-02 03:00:00,42,val,0.141,0.13625017
Selhausen,2022-09-02 04:00:00,42,val,0.139,0.13499624
Selhausen,2022-09-02 05:00:00,42,val,0.139,0.13417542
Selhausen,2022-09-02 06:00:00,42,val,0.139,0.13335195
Selhausen,2022-09-02 07:00:00,42,val,0.141,0.13295972
Selhausen,2022-09-02 08:00:00,42,val,0.142,0.1331403
Selhausen,2022-09-02 09:00:00,42,val,0.146,0.13373254
Selhausen,2022-09-02 10:00:00,42,val,0.144,0.13481572
Selhausen,2022-09-02 11:00:00,42,val,0.15,0.13653341
Selhausen,2022-09-02 12:00:00,42,val,0.151,0.13910985
Selhausen,2022-09-02 13:00:00,42,val,0.151,0.1421963
Selhausen,2022-09-02 14:00:00,42,val,0.154,0.1454193
Selhausen,2022-09-02 15:00:00,42,val,0.153,0.14856097
Selhausen,2022-09-02 16:00:00,42,val,0.151,0.15096739
Selhausen,2022-09-02 17:00:00,42,val,0.147,0.15238646
Selhausen,2022-09-02 18:00:00,42,val,0.149,0.1528722
Selhausen,2022-09-02 19:00:00,42,val,0.145,0.15252422
Selhausen,2022-09-02 20:00:00,42,val,0.146,0.15144533
Selhausen,2022-09-02 21:00:00,42,val,0.145,0.14987436
Selhausen,2022-09-02 22:00:00,42,val,0.143,0.14809904
Selhausen,2022-09-02 23:00:00,42,val,0.14,0.14611126
Selhausen,2022-09-03 00:00:00,42,val,0.141,0.14408867
Selhausen,2022-09-03 01:00:00,42,val,0.138,0.14217797
Selhausen,2022-09-03 02:00:00,42,val,0.142,0.14025773
Selhausen,2022-09-03 03:00:00,42,val,0.144,0.13831784
Selhausen,2022-09-03 04:00:00,42,val,0.134,0.13653007
Selhausen,2022-09-03 05:00:00,42,val,0.137,0.13506776
Selhausen,2022-09-03 06:00:00,42,val,0.14,0.13403988
Selhausen,2022-09-03 07:00:00,42,val,0.136,0.13330299
Selhausen,2022-09-03 08:00:00,42,val,0.139,0.13300711
Selhausen,2022-09-03 09:00:00,42,val,0.143,0.13329929
Selhausen,2022-09-03 10:00:00,42,val,0.143,0.13411756
Selhausen,2022-09-03 11:00:00,42,val,0.145,0.1358858
Selhausen,2022-09-03 12:00:00,42,val,0.15,0.13846044
Selhausen,2022-09-03 13:00:00,42,val,0.151,0.14159462
Selhausen,2022-09-03 14:00:00,42,val,0.151,0.14509207
Selhausen,2022-09-03 15:00:00,42,val,0.148,0.14820132
Selhausen,2022-09-03 16:00:00,42,val,0.151,0.15058498
Selhausen,2022-09-03 17:00:00,42,val,0.149,0.1521333
Selhausen,2022-09-03 18:00:00,42,val,0.146,0.15251376
Selhausen,2022-09-03 19:00:00,42,val,0.148,0.1522154
Selhausen,2022-09-03 20:00:00,42,val,0.145,0.1513172
Selhausen,2022-09-03 21:00:00,42,val,0.147,0.14995404
Selhausen,2022-09-03 22:00:00,42,val,0.144,0.1480574
Selhausen,2022-09-03 23:00:00,42,val,0.14,0.1460612
Selhausen,2022-09-04 00:00:00,42,val,0.14,0.14427912
Selhausen,2022-09-04 01:00:00,42,val,0.14,0.14238355
Selhausen,2022-09-04 02:00:00,42,val,0.145,0.14059924
Selhausen,2022-09-04 03:00:00,42,val,0.134,0.13888186
Selhausen,2022-09-04 04:00:00,42,val,0.136,0.13709605
Selhausen,2022-09-04 05:00:00,42,val,0.139,0.13544765
Selhausen,2022-09-04 06:00:00,42,val,0.138,0.13393813
Selhausen,2022-09-04 07:00:00,42,val,0.138,0.13287854
Selhausen,2022-09-04 08:00:00,42,val,0.137,0.13244762
Selhausen,2022-09-04 09:00:00,42,val,0.137,0.13284305
Selhausen,2022-09-04 10:00:00,42,val,0.143,0.13386258
Selhausen,2022-09-04 11:00:00,42,val,0.148,0.13566968
Selhausen,2022-09-04 12:00:00,42,val,0.145,0.13831277
Selhausen,2022-09-04 13:00:00,42,val,0.15,0.1413329
Selhausen,2022-09-04 14:00:00,42,val,0.15,0.14480081
Selhausen,2022-09-04 15:00:00,42,val,0.15,0.14799863
Selhausen,2022-09-04 16:00:00,42,val,0.151,0.15042906
Selhausen,2022-09-04 17:00:00,42,val,0.147,0.15170115
Selhausen,2022-09-04 18:00:00,42,val,0.151,0.15213396
Selhausen,2022-09-04 19:00:00,42,val,0.145,0.1516438
Selhausen,2022-09-04 20:00:00,42,val,0.148,0.1506723
Selhausen,2022-09-04 21:00:00,42,val,0.144,0.14919192
Selhausen,2022-09-04 22:00:00,42,val,0.144,0.14750329
Selhausen,2022-09-04 23:00:00,42,val,0.147,0.14550905
Selhausen,2022-09-05 00:00:00,42,val,0.148,0.14355549
Selhausen,2022-09-05 01:00:00,42,val,0.148,0.1415692
Selhausen,2022-09-05 02:00:00,42,val,0.152,0.13950431
Selhausen,2022-09-05 03:00:00,42,val,0.165,0.13789797
Selhausen,2022-09-05 04:00:00,42,val,0.167,0.1359513
Selhausen,2022-09-05 05:00:00,42,val,0.163,0.1342246
Selhausen,2022-09-05 06:00:00,42,val,0.171,0.13283466
Selhausen,2022-09-05 07:00:00,42,val,0.167,0.13160166
Selhausen,2022-09-05 08:00:00,42,val,0.171,0.13096844
Selhausen,2022-09-05 09:00:00,42,val,0.172,0.13104331
Selhausen,2022-09-05 10:00:00,42,val,0.18,0.13195373
Selhausen,2022-09-05 11:00:00,42,val,0.188,0.1336684
Selhausen,2022-09-05 12:00:00,42,val,0.185,0.13628438
Selhausen,2022-09-05 13:00:00,42,val,0.194,0.13961135
Selhausen,2022-09-05 14:00:00,42,val,0.19,0.14322531
Selhausen,2022-09-05 15:00:00,42,val,0.182,0.14647104
Selhausen,2022-09-05 16:00:00,42,val,0.194,0.14908114
Selhausen,2022-09-05 17:00:00,42,val,0.19,0.15065888
Selhausen,2022-09-05 18:00:00,42,val,0.189,0.1511147
Selhausen,2022-09-05 19:00:00,42,val,0.183,0.15083212
Selhausen,2022-09-05 20:00:00,42,val,0.192,0.14978412
Selhausen,2022-09-05 21:00:00,42,val,0.187,0.14837861
Selhausen,2022-09-05 22:00:00,42,val,0.183,0.1467647
Selhausen,2022-09-05 23:00:00,42,val,0.164,0.1450398
Selhausen,2022-09-06 00:00:00,42,val,0.184,0.1445652
Selhausen,2022-09-06 01:00:00,42,val,0.185,0.1440363
Selhausen,2022-09-06 02:00:00,42,val,0.189,0.14309415
Selhausen,2022-09-06 03:00:00,42,val,0.182,0.14165205
Selhausen,2022-09-06 04:00:00,42,val,0.189,0.13991795
Selhausen,2022-09-06 05:00:00,42,val,0.213,0.13822728
Selhausen,2022-09-06 06:00:00,42,val,0.223,0.13651958
Selhausen,2022-09-06 07:00:00,42,val,0.243,0.13509488
Selhausen,2022-09-06 08:00:00,42,val,0.24,0.13419273
Selhausen,2022-09-06 09:00:00,42,val,0.243,0.13376868
Selhausen,2022-09-06 10:00:00,42,val,0.253,0.13429013
Selhausen,2022-09-06 11:00:00,42,val,0.24,0.13580441
Selhausen,2022-09-06 12:00:00,42,val,0.247,0.13792159
Selhausen,2022-09-06 13:00:00,42,val,0.241,0.14079657
Selhausen,2022-09-06 14:00:00,42,val,0.246,0.14399868
Selhausen,2022-09-06 15:00:00,42,val,0.242,0.14707166
Selhausen,2022-09-06 16:00:00,42,val,0.241,0.14957148
Selhausen,2022-09-06 17:00:00,42,val,0.243,0.15099776
Selhausen,2022-09-06 18:00:00,42,val,0.245,0.15142696
Selhausen,2022-09-06 19:00:00,42,val,0.239,0.15082987
Selhausen,2022-09-06 20:00:00,42,val,0.237,0.14971928
Selhausen,2022-09-06 21:00:00,42,val,0.239,0.14813554
Selhausen,2022-09-06 22:00:00,42,val,0.236,0.14647478
Selhausen,2022-09-06 23:00:00,42,val,0.235,0.14703491
Selhausen,2022-09-07 00:00:00,42,val,0.237,0.1477434
Selhausen,2022-09-07 01:00:00,42,val,0.236,0.14752138
Selhausen,2022-09-07 02:00:00,42,val,0.234,0.14708343
Selhausen,2022-09-07 03:00:00,42,val,0.234,0.14723867
Selhausen,2022-09-07 04:00:00,42,val,0.234,0.14775847
Selhausen,2022-09-07 05:00:00,42,val,0.235,0.14828987
Selhausen,2022-09-07 06:00:00,42,val,0.23,0.14928173
Selhausen,2022-09-07 07:00:00,42,val,0.2289999999999999,0.15054616
Selhausen,2022-09-07 08:00:00,42,val,0.2305,0.15249686
Selhausen,2022-09-07 09:00:00,42,val,0.237,0.15484786
Selhausen,2022-09-07 10:00:00,42,val,0.234,0.15804246
Selhausen,2022-09-07 11:00:00,42,val,0.24,0.16215451
Selhausen,2022-09-07 12:00:00,42,val,0.239,0.1667094
Selhausen,2022-09-07 13:00:00,42,val,0.232,0.17186658
Selhausen,2022-09-07 14:00:00,42,val,0.234,0.17675081
Selhausen,2022-09-07 15:00:00,42,val,0.232,0.18042001
Selhausen,2022-09-07 16:00:00,42,val,0.237,0.18367225
Selhausen,2022-09-07 17:00:00,42,val,0.234,0.18584096
Selhausen,2022-09-07 18:00:00,42,val,0.232,0.1872612
Selhausen,2022-09-07 19:00:00,42,val,0.232,0.18766308
Selhausen,2022-09-07 20:00:00,42,val,0.228,0.18789293
Selhausen,2022-09-07 21:00:00,42,val,0.23,0.18760644
Selhausen,2022-09-07 22:00:00,42,val,0.23,0.18667477
Selhausen,2022-09-07 23:00:00,42,val,0.223,0.18411991
Selhausen,2022-09-08 00:00:00,42,val,0.229,0.18178608
Selhausen,2022-09-08 01:00:00,42,val,0.225,0.17963445
Selhausen,2022-09-08 02:00:00,42,val,0.226,0.17809418
Selhausen,2022-09-08 03:00:00,42,val,0.226,0.17714153
Selhausen,2022-09-08 04:00:00,42,val,0.222,0.17861283
Selhausen,2022-09-08 05:00:00,42,val,0.224,0.18126462
Selhausen,2022-09-08 06:00:00,42,val,0.223,0.18488733
Selhausen,2022-09-08 07:00:00,42,val,0.223,0.19036254
Selhausen,2022-09-08 08:00:00,42,val,0.219,0.19588114
Selhausen,2022-09-08 09:00:00,42,val,0.219,0.20167242
Selhausen,2022-09-08 10:00:00,42,val,0.222,0.20806979
Selhausen,2022-09-08 11:00:00,42,val,0.226,0.21395567
Selhausen,2022-09-08 12:00:00,42,val,0.224,0.21969417
Selhausen,2022-09-08 13:00:00,42,val,0.225,0.22470412
Selhausen,2022-09-08 14:00:00,42,val,0.231,0.22911635
Selhausen,2022-09-08 15:00:00,42,val,0.229,0.23250112
Selhausen,2022-09-08 16:00:00,42,val,0.229,0.23483782
Selhausen,2022-09-08 17:00:00,42,val,0.237,0.23635802
Selhausen,2022-09-08 18:00:00,42,val,0.231,0.23736177
Selhausen,2022-09-08 19:00:00,42,val,0.233,0.2375968
Selhausen,2022-09-08 20:00:00,42,val,0.231,0.23711285
Selhausen,2022-09-08 21:00:00,42,val,0.234,0.23611365
Selhausen,2022-09-08 22:00:00,42,val,0.234,0.23462056
Selhausen,2022-09-08 23:00:00,42,val,0.231,0.2332063
Selhausen,2022-09-09 00:00:00,42,val,0.233,0.2314324
Selhausen,2022-09-09 01:00:00,42,val,0.232,0.22940463
Selhausen,2022-09-09 02:00:00,42,val,0.232,0.22723973
Selhausen,2022-09-09 03:00:00,42,val,0.234,0.22513796
Selhausen,2022-09-09 04:00:00,42,val,0.232,0.22325505
Selhausen,2022-09-09 05:00:00,42,val,0.232,0.22160207
Selhausen,2022-09-09 06:00:00,42,val,0.232,0.2201283
Selhausen,2022-09-09 07:00:00,42,val,0.228,0.21909422
Selhausen,2022-09-09 08:00:00,42,val,0.231,0.21864799
Selhausen,2022-09-09 09:00:00,42,val,0.233,0.21903025
Selhausen,2022-09-24 06:00:00,42,val,0.254,0.24288063
Selhausen,2022-09-24 07:00:00,42,val,0.246,0.24281569
Selhausen,2022-09-24 08:00:00,42,val,0.251,0.24320446
Selhausen,2022-09-24 09:00:00,42,val,0.252,0.24411418
Selhausen,2022-09-24 10:00:00,42,val,0.253,0.24580368
Selhausen,2022-09-24 11:00:00,42,val,0.245,0.24757369
Selhausen,2022-09-24 12:00:00,42,val,0.25,0.24940804
Selhausen,2022-09-24 13:00:00,42,val,0.245,0.25127164
Selhausen,2022-09-24 14:00:00,42,val,0.251,0.2530614
Selhausen,2022-09-24 15:00:00,42,val,0.25,0.25400308
Selhausen,2022-09-24 16:00:00,42,val,0.248,0.25420642
Selhausen,2022-09-24 17:00:00,42,val,0.25,0.25371608
Selhausen,2022-09-24 18:00:00,42,val,0.247,0.25248367
Selhausen,2022-09-24 19:00:00,42,val,0.251,0.2512337
Selhausen,2022-09-24 20:00:00,42,val,0.249,0.24993543
Selhausen,2022-09-24 21:00:00,42,val,0.247,0.24884282
Selhausen,2022-09-24 22:00:00,42,val,0.251,0.2477907
Selhausen,2022-09-24 23:00:00,42,val,0.252,0.24682233
Selhausen,2022-09-25 00:00:00,42,val,0.2425,0.24584167
Selhausen,2022-09-25 01:00:00,42,val,0.259,0.24492767
Selhausen,2022-09-25 02:00:00,42,val,0.258,0.24416384
Selhausen,2022-09-25 03:00:00,42,val,0.256,0.24343072
Selhausen,2022-10-04 04:00:00,42,val,0.22,0.21418978
Selhausen,2022-10-04 05:00:00,42,val,0.222,0.2131339
Selhausen,2022-10-04 06:00:00,42,val,0.218,0.2123012
Selhausen,2022-10-04 07:00:00,42,val,0.221,0.21201031
Selhausen,2022-10-04 08:00:00,42,val,0.218,0.21211028
Selhausen,2022-10-04 09:00:00,42,val,0.219,0.21282208
Selhausen,2022-10-04 10:00:00,42,val,0.22,0.21408251
Selhausen,2022-10-04 11:00:00,42,val,0.219,0.21553847
Selhausen,2022-10-04 12:00:00,42,val,0.223,0.21709849
Selhausen,2022-10-04 13:00:00,42,val,0.224,0.21850854
Selhausen,2022-10-04 14:00:00,42,val,0.223,0.21977781
Selhausen,2022-10-04 15:00:00,42,val,0.222,0.2209013
Selhausen,2022-10-04 16:00:00,42,val,0.223,0.22202267
Selhausen,2022-10-04 17:00:00,42,val,0.219,0.22286697
Selhausen,2022-10-04 18:00:00,42,val,0.218,0.2233019
Selhausen,2022-10-04 19:00:00,42,val,0.217,0.22311407
Selhausen,2022-10-04 20:00:00,42,val,0.221,0.22238179
Selhausen,2022-10-04 21:00:00,42,val,0.222,0.22127439
Selhausen,2022-10-04 22:00:00,42,val,0.217,0.21985067
Selhausen,2022-10-04 23:00:00,42,val,0.215,0.21852417
Selhausen,2022-10-05 00:00:00,42,val,0.221,0.21699707
Selhausen,2022-10-05 01:00:00,42,val,0.211,0.21584608
Selhausen,2022-10-05 02:00:00,42,val,0.216,0.21469973
Selhausen,2022-10-05 03:00:00,42,val,0.217,0.21316625
Selhausen,2022-10-05 04:00:00,42,val,0.217,0.21149457
Selhausen,2022-10-05 05:00:00,42,val,0.215,0.2101368
Selhausen,2022-10-13 01:00:00,42,val,0.2,0.19426838
Selhausen,2022-10-13 02:00:00,42,val,0.199,0.19380629
Selhausen,2022-10-13 03:00:00,42,val,0.184,0.1932353
Selhausen,2022-10-13 04:00:00,42,val,0.201,0.19203724
Selhausen,2022-10-13 05:00:00,42,val,0.196,0.19099568
Selhausen,2022-10-13 06:00:00,42,val,0.165,0.19016966
Selhausen,2022-10-13 07:00:00,42,val,0.205,0.18965492
Selhausen,2022-10-13 08:00:00,42,val,0.1845,0.18953024
Selhausen,2022-10-13 09:00:00,42,val,0.204,0.18981785
Selhausen,2022-10-13 10:00:00,42,val,0.197,0.19037715
Selhausen,2022-10-13 11:00:00,42,val,0.205,0.19133285
Selhausen,2022-10-13 12:00:00,42,val,0.202,0.19265875
Selhausen,2022-10-13 13:00:00,42,val,0.203,0.19434373
Selhausen,2022-10-13 14:00:00,42,val,0.201,0.19662644
Selhausen,2022-10-13 15:00:00,42,val,0.2,0.19865248
Selhausen,2022-10-13 16:00:00,42,val,0.2,0.2002878
Selhausen,2022-10-13 17:00:00,42,val,0.206,0.20138359
Selhausen,2022-10-13 18:00:00,42,val,0.187,0.20129755
Selhausen,2022-10-13 19:00:00,42,val,0.205,0.20030114
Selhausen,2022-10-13 20:00:00,42,val,0.204,0.19868277
Selhausen,2022-10-13 21:00:00,42,val,0.2225,0.19702926
Selhausen,2022-10-13 22:00:00,42,val,0.1835,0.196471
Selhausen,2022-10-13 23:00:00,42,val,0.198,0.19584829
Selhausen,2022-10-14 00:00:00,42,val,0.206,0.19520502
Selhausen,2022-10-14 01:00:00,42,val,0.207,0.19459994
Selhausen,2022-10-14 02:00:00,42,val,0.201,0.1940535
Selhausen,2022-10-14 03:00:00,42,val,0.205,0.19382732
Selhausen,2022-10-14 04:00:00,42,val,0.204,0.19402649
Selhausen,2022-10-14 05:00:00,42,val,0.201,0.19446974
Selhausen,2022-10-14 06:00:00,42,val,0.2,0.1948786
Selhausen,2022-10-14 07:00:00,42,val,0.199,0.19613114
Selhausen,2022-10-14 08:00:00,42,val,0.2,0.19709301
Selhausen,2022-10-14 09:00:00,42,val,0.198,0.19788072
Selhausen,2022-10-14 10:00:00,42,val,0.2,0.19844018
Selhausen,2022-10-14 11:00:00,42,val,0.201,0.1989436
Selhausen,2022-10-14 12:00:00,42,val,0.201,0.19961351
Selhausen,2022-10-14 13:00:00,42,val,0.203,0.20037007
Selhausen,2022-10-14 14:00:00,42,val,0.202,0.20134455
Selhausen,2022-10-14 15:00:00,42,val,0.204,0.20234619
Selhausen,2022-10-14 16:00:00,42,val,0.253,0.20285392
Selhausen,2022-10-14 17:00:00,42,val,0.202,0.20284319
Selhausen,2022-10-14 18:00:00,42,val,0.203,0.20223081
Selhausen,2022-10-14 19:00:00,42,val,0.203,0.20125404
Selhausen,2022-10-14 20:00:00,42,val,0.208,0.19988833
Selhausen,2022-10-14 21:00:00,42,val,0.202,0.19819865
Selhausen,2022-10-14 22:00:00,42,val,0.204,0.1963075
Selhausen,2022-10-14 23:00:00,42,val,0.201,0.19472767
Selhausen,2022-10-15 00:00:00,42,val,0.206,0.19237825
Selhausen,2022-10-15 01:00:00,42,val,0.201,0.19063795
Selhausen,2022-10-15 02:00:00,42,val,0.203,0.18941385
Selhausen,2022-10-15 03:00:00,42,val,0.208,0.1879929
Selhausen,2022-10-15 04:00:00,42,val,0.209,0.18741088
Selhausen,2022-10-15 05:00:00,42,val,0.203,0.18717484
Selhausen,2022-10-15 06:00:00,42,val,0.201,0.18561502
Selhausen,2022-10-15 07:00:00,42,val,0.204,0.18520072
Selhausen,2022-10-15 08:00:00,42,val,0.226,0.18467554
Selhausen,2022-10-15 09:00:00,42,val,0.203,0.18514493
Selhausen,2022-10-15 10:00:00,42,val,0.225,0.18605566
Selhausen,2022-10-15 11:00:00,42,val,0.203,0.18763998
Selhausen,2022-10-15 12:00:00,42,val,0.204,0.18967372
Selhausen,2022-10-15 13:00:00,42,val,0.204,0.1920108
Selhausen,2022-10-15 14:00:00,42,val,0.205,0.19440591
Selhausen,2022-10-15 15:00:00,42,val,0.203,0.19808583
Selhausen,2022-10-15 16:00:00,42,val,0.205,0.20080228
Selhausen,2022-10-15 17:00:00,42,val,0.204,0.20284669
Selhausen,2022-10-15 18:00:00,42,val,0.2265,0.2027657
Selhausen,2022-10-15 19:00:00,42,val,0.189,0.20217381
Selhausen,2022-10-15 20:00:00,42,val,0.204,0.20102774
Selhausen,2022-10-15 21:00:00,42,val,0.201,0.20058317
Selhausen,2022-10-15 22:00:00,42,val,0.203,0.198531
Selhausen,2022-10-15 23:00:00,42,val,0.205,0.19640896
Selhausen,2022-10-16 00:00:00,42,val,0.209,0.19485386
Selhausen,2022-10-16 01:00:00,42,val,0.203,0.19380832
Selhausen,2022-10-16 02:00:00,42,val,0.203,0.19280595
Selhausen,2022-10-16 03:00:00,42,val,0.21,0.19237724
Selhausen,2022-10-16 04:00:00,42,val,0.23,0.1923366
Selhausen,2022-10-16 05:00:00,42,val,0.241,0.19233863
Selhausen,2022-10-16 06:00:00,42,val,0.233,0.19226035
Selhausen,2022-10-16 07:00:00,42,val,0.244,0.19214144
Selhausen,2022-10-16 08:00:00,42,val,0.243,0.19212785
Selhausen,2022-10-16 09:00:00,42,val,0.248,0.192231
Selhausen,2022-10-16 10:00:00,42,val,0.25,0.19257303
Selhausen,2022-10-16 11:00:00,42,val,0.244,0.19324617
Selhausen,2022-10-16 12:00:00,42,val,0.243,0.19423014
Selhausen,2022-10-16 13:00:00,42,val,0.247,0.19564256
Selhausen,2022-10-16 14:00:00,42,val,0.249,0.19717763
Selhausen,2022-10-16 15:00:00,42,val,0.249,0.1987742
Selhausen,2022-10-16 16:00:00,42,val,0.247,0.20298713
Selhausen,2022-10-16 17:00:00,42,val,0.247,0.20540759
Selhausen,2022-10-16 18:00:00,42,val,0.242,0.20629174
Selhausen,2022-10-16 19:00:00,42,val,0.251,0.20598046
Selhausen,2022-10-16 20:00:00,42,val,0.241,0.20515384
Selhausen,2022-10-16 21:00:00,42,val,0.235,0.20371388
Selhausen,2022-10-16 22:00:00,42,val,0.261,0.20200574
Selhausen,2022-10-16 23:00:00,42,val,0.241,0.20013848
Selhausen,2022-10-17 00:00:00,42,val,0.256,0.19865459
Selhausen,2022-11-04 03:00:00,42,val,0.2115,0.19493382
Selhausen,2022-11-04 04:00:00,42,val,0.204,0.19396017
Selhausen,2022-11-04 05:00:00,42,val,0.1935,0.19303167
Selhausen,2022-11-04 06:00:00,42,val,0.206,0.19215278
Selhausen,2022-11-04 07:00:00,42,val,0.197,0.19150218
Selhausen,2022-11-04 08:00:00,42,val,0.199,0.19106202
Selhausen,2022-11-04 09:00:00,42,val,0.1955,0.19086036
Selhausen,2022-11-04 10:00:00,42,val,0.209,0.1912338
Selhausen,2022-11-04 11:00:00,42,val,0.208,0.19228522
Selhausen,2022-11-04 12:00:00,42,val,0.202,0.19360086
Selhausen,2022-11-04 13:00:00,42,val,0.211,0.19492961
Selhausen,2022-11-04 14:00:00,42,val,0.209,0.19665103
Selhausen,2022-11-04 15:00:00,42,val,0.213,0.1981346
Selhausen,2022-11-04 16:00:00,42,val,0.202,0.1991406
Selhausen,2022-11-04 17:00:00,42,val,0.1965,0.19879694
Selhausen,2022-11-04 18:00:00,42,val,0.205,0.19748086
Selhausen,2022-11-04 19:00:00,42,val,0.214,0.19621092
Selhausen,2022-11-04 20:00:00,42,val,0.199,0.19491912
Selhausen,2022-11-04 21:00:00,42,val,0.209,0.19394349
Selhausen,2022-11-04 22:00:00,42,val,0.1865,0.19317117
Selhausen,2022-11-04 23:00:00,42,val,0.188,0.19250266
Selhausen,2022-11-05 00:00:00,42,val,0.212,0.19115411
Selhausen,2022-11-05 01:00:00,42,val,0.2195,0.19009012
Selhausen,2022-11-05 02:00:00,42,val,0.215,0.18915312
Selhausen,2022-11-05 03:00:00,42,val,0.189,0.18838003
Selhausen,2022-11-05 04:00:00,42,val,0.186,0.18764421
Selhausen,2022-11-05 05:00:00,42,val,0.198,0.18694346
Selhausen,2022-11-05 06:00:00,42,val,0.21,0.18650383
Selhausen,2022-11-05 07:00:00,42,val,0.209,0.1867372
Selhausen,2022-11-05 08:00:00,42,val,0.209,0.18701686
Selhausen,2022-11-05 09:00:00,42,val,0.2145,0.18667361
Selhausen,2022-11-05 10:00:00,42,val,0.206,0.1870715
Selhausen,2022-11-05 11:00:00,42,val,0.211,0.18706417
Selhausen,2022-11-05 12:00:00,42,val,0.202,0.18786973
Selhausen,2022-11-05 13:00:00,42,val,0.213,0.18946695
Selhausen,2022-11-05 14:00:00,42,val,0.205,0.19132645
Selhausen,2022-11-05 15:00:00,42,val,0.206,0.19353494
Selhausen,2022-11-05 16:00:00,42,val,0.205,0.19547832
Selhausen,2022-11-05 17:00:00,42,val,0.196,0.19675072
Selhausen,2022-11-05 18:00:00,42,val,0.212,0.19811793
Selhausen,2022-11-05 19:00:00,42,val,0.21,0.19826469
Selhausen,2022-11-05 20:00:00,42,val,0.204,0.19757974
Selhausen,2022-11-05 21:00:00,42,val,0.214,0.19595397
Selhausen,2022-11-05 22:00:00,42,val,0.214,0.19497815
Selhausen,2022-11-05 23:00:00,42,val,0.211,0.19449678
Selhausen,2022-11-06 00:00:00,42,val,0.208,0.19429766
Selhausen,2022-11-06 01:00:00,42,val,0.214,0.19415739
Selhausen,2022-11-06 02:00:00,42,val,0.201,0.19347678
Selhausen,2022-11-06 03:00:00,42,val,0.198,0.19326682
Selhausen,2022-11-06 04:00:00,42,val,0.209,0.19304733
Selhausen,2022-11-06 05:00:00,42,val,0.213,0.19217163
Selhausen,2022-11-06 06:00:00,42,val,0.213,0.19161095
Selhausen,2022-11-06 07:00:00,42,val,0.214,0.19090255
Selhausen,2022-11-06 08:00:00,42,val,0.204,0.19036621
Selhausen,2022-11-06 09:00:00,42,val,0.211,0.18977399
Selhausen,2022-11-06 10:00:00,42,val,0.207,0.18991417
Selhausen,2022-11-06 11:00:00,42,val,0.205,0.19071946
Selhausen,2022-11-06 12:00:00,42,val,0.203,0.19188027
Selhausen,2022-11-06 13:00:00,42,val,0.205,0.19398138
Selhausen,2022-11-06 14:00:00,42,val,0.21,0.19623831
Selhausen,2022-11-06 15:00:00,42,val,0.215,0.19884758
Selhausen,2022-11-06 16:00:00,42,val,0.212,0.2009716
Selhausen,2022-11-06 17:00:00,42,val,0.209,0.20154713
Selhausen,2022-11-06 18:00:00,42,val,0.208,0.20131865
Selhausen,2022-11-06 19:00:00,42,val,0.203,0.2010156
Selhausen,2022-11-06 20:00:00,42,val,0.206,0.19982126
Selhausen,2022-11-06 21:00:00,42,val,0.211,0.19879785
Selhausen,2022-11-06 22:00:00,42,val,0.2,0.19670008
Selhausen,2022-11-06 23:00:00,42,val,0.2155,0.19411917
Selhausen,2022-11-07 00:00:00,42,val,0.199,0.19266495
Selhausen,2022-11-07 01:00:00,42,val,0.204,0.19237876
Selhausen,2022-11-07 02:00:00,42,val,0.2,0.19294816
Selhausen,2022-11-07 03:00:00,42,val,0.197,0.19276139
Selhausen,2022-11-07 04:00:00,42,val,0.191,0.19194955
Selhausen,2022-11-07 05:00:00,42,val,0.201,0.19133691
Selhausen,2022-11-07 06:00:00,42,val,0.191,0.19135423
Selhausen,2022-11-07 07:00:00,42,val,0.21,0.19192113
Selhausen,2022-11-07 08:00:00,42,val,0.211,0.1928745
Selhausen,2022-11-07 09:00:00,42,val,0.209,0.19453818
Selhausen,2022-11-07 10:00:00,42,val,0.207,0.19602394
Selhausen,2022-11-07 11:00:00,42,val,0.208,0.19785221
Selhausen,2022-11-07 12:00:00,42,val,0.209,0.19944696
Selhausen,2022-11-07 13:00:00,42,val,0.202,0.2013454
Selhausen,2022-11-07 14:00:00,42,val,0.214,0.2028589
Selhausen,2022-11-07 15:00:00,42,val,0.212,0.20388909
Selhausen,2022-11-07 16:00:00,42,val,0.204,0.20436537
Selhausen,2022-11-07 17:00:00,42,val,0.211,0.2035846
Selhausen,2022-11-07 18:00:00,42,val,0.201,0.20269313
Selhausen,2022-11-07 19:00:00,42,val,0.206,0.20159611
Selhausen,2022-11-07 20:00:00,42,val,0.204,0.20005636
Selhausen,2022-11-07 21:00:00,42,val,0.204,0.1989887
Selhausen,2022-11-07 22:00:00,42,val,0.205,0.19821793
Selhausen,2022-11-07 23:00:00,42,val,0.2,0.19757377
Selhausen,2022-11-08 00:00:00,42,val,0.201,0.1970427
Selhausen,2022-11-08 01:00:00,42,val,0.212,0.19701752
Selhausen,2022-11-08 02:00:00,42,val,0.201,0.19671062
Selhausen,2022-11-08 03:00:00,42,val,0.215,0.19590506
Selhausen,2022-11-08 04:00:00,42,val,0.213,0.19558467
Selhausen,2022-11-08 05:00:00,42,val,0.199,0.19587667
Selhausen,2022-11-08 06:00:00,42,val,0.21,0.1963668
Selhausen,2022-11-08 07:00:00,42,val,0.204,0.19710885
Selhausen,2022-11-08 08:00:00,42,val,0.202,0.19751549
Selhausen,2022-11-08 09:00:00,42,val,0.213,0.19814543
Selhausen,2022-11-08 10:00:00,42,val,0.211,0.19876519
Selhausen,2022-11-08 11:00:00,42,val,0.202,0.19922832
Selhausen,2022-11-08 12:00:00,42,val,0.201,0.19945836
Selhausen,2022-11-08 13:00:00,42,val,0.206,0.20000325
Selhausen,2022-11-08 14:00:00,42,val,0.207,0.2009054
Selhausen,2022-11-08 15:00:00,42,val,0.201,0.20223981
Selhausen,2022-11-08 16:00:00,42,val,0.204,0.20328204
Selhausen,2022-11-08 17:00:00,42,val,0.212,0.20374703
Selhausen,2022-11-08 18:00:00,42,val,0.212,0.20359479
Selhausen,2022-11-08 19:00:00,42,val,0.202,0.20260404
Selhausen,2022-11-08 20:00:00,42,val,0.202,0.20125446
Selhausen,2022-11-08 21:00:00,42,val,0.201,0.20006433
Selhausen,2022-11-08 22:00:00,42,val,0.21,0.19851878
Selhausen,2022-11-08 23:00:00,42,val,0.203,0.19766293
Selhausen,2022-11-09 00:00:00,42,val,0.196,0.19661824
Selhausen,2022-11-09 01:00:00,42,val,0.209,0.1958605
Selhausen,2022-11-09 02:00:00,42,val,0.206,0.1952596
Selhausen,2022-11-09 03:00:00,42,val,0.205,0.19461688
Selhausen,2022-11-09 04:00:00,42,val,0.209,0.19370386
Selhausen,2022-11-09 05:00:00,42,val,0.202,0.19315621
Selhausen,2022-11-09 06:00:00,42,val,0.198,0.19397858
Selhausen,2022-11-09 07:00:00,42,val,0.204,0.19507869
Selhausen,2022-11-09 08:00:00,42,val,0.208,0.19626847
Selhausen,2022-11-09 09:00:00,42,val,0.207,0.1975638
Selhausen,2022-11-09 10:00:00,42,val,0.201,0.19869056
Selhausen,2022-11-09 11:00:00,42,val,0.207,0.1998705
Selhausen,2022-11-09 12:00:00,42,val,0.204,0.20102407
Selhausen,2022-11-09 13:00:00,42,val,0.203,0.20190348
Selhausen,2022-11-09 14:00:00,42,val,0.203,0.20318815
Selhausen,2022-11-09 15:00:00,42,val,0.209,0.20443991
Selhausen,2022-11-09 16:00:00,42,val,0.202,0.20507215
Selhausen,2022-11-09 17:00:00,42,val,0.204,0.20526364
Selhausen,2022-11-09 18:00:00,42,val,0.209,0.2043489
Selhausen,2022-11-09 19:00:00,42,val,0.194,0.20296748
Selhausen,2022-11-09 20:00:00,42,val,0.21,0.2011821
Selhausen,2022-11-09 21:00:00,42,val,0.205,0.19917384
Selhausen,2022-11-09 22:00:00,42,val,0.2,0.19726351
Selhausen,2022-11-09 23:00:00,42,val,0.208,0.19538143
Selhausen,2022-11-10 00:00:00,42,val,0.201,0.19379982
Selhausen,2022-11-10 01:00:00,42,val,0.208,0.1930318
Selhausen,2022-11-10 02:00:00,42,val,0.203,0.19242404
Selhausen,2022-11-10 03:00:00,42,val,0.203,0.19244975
Selhausen,2022-11-10 04:00:00,42,val,0.206,0.1928013
Selhausen,2022-11-10 05:00:00,42,val,0.202,0.19273843
Selhausen,2022-11-10 06:00:00,42,val,0.203,0.19282505
Selhausen,2022-11-10 07:00:00,42,val,0.199,0.19280753
Selhausen,2022-11-10 08:00:00,42,val,0.202,0.19282822
Selhausen,2022-11-10 09:00:00,42,val,0.202,0.19356064
Selhausen,2022-11-10 10:00:00,42,val,0.205,0.19471984
Selhausen,2022-11-10 11:00:00,42,val,0.208,0.19587867
Selhausen,2022-11-10 12:00:00,42,val,0.201,0.19683632
Selhausen,2022-11-10 13:00:00,42,val,0.201,0.19809887
Selhausen,2022-11-10 14:00:00,42,val,0.194,0.19961934
Selhausen,2022-11-10 15:00:00,42,val,0.205,0.2007028
Selhausen,2022-11-10 16:00:00,42,val,0.2,0.20135574
Selhausen,2022-11-10 17:00:00,42,val,0.202,0.20208317
Selhausen,2022-11-10 18:00:00,42,val,0.205,0.2024358
Selhausen,2022-11-10 19:00:00,42,val,0.202,0.20185412
Selhausen,2022-11-10 20:00:00,42,val,0.206,0.20068568
Selhausen,2022-11-10 21:00:00,42,val,0.201,0.1991346
Selhausen,2022-11-10 22:00:00,42,val,0.202,0.1977663
Selhausen,2022-11-10 23:00:00,42,val,0.206,0.19628446
Selhausen,2022-11-11 00:00:00,42,val,0.2,0.19459128
Selhausen,2022-11-11 01:00:00,42,val,0.203,0.19340044
Selhausen,2022-11-11 02:00:00,42,val,0.202,0.1923616
Selhausen,2022-11-11 03:00:00,42,val,0.204,0.1916063
Selhausen,2022-11-11 04:00:00,42,val,0.203,0.19097589
Selhausen,2022-11-11 05:00:00,42,val,0.203,0.19030696
Selhausen,2022-11-11 06:00:00,42,val,0.2,0.18947367
Selhausen,2022-11-11 07:00:00,42,val,0.198,0.18886565
Selhausen,2022-11-11 08:00:00,42,val,0.202,0.18865877
Selhausen,2022-11-11 09:00:00,42,val,0.201,0.18882084
Selhausen,2022-11-11 10:00:00,42,val,0.201,0.18906821
Selhausen,2022-11-11 11:00:00,42,val,0.204,0.18989256
Selhausen,2022-11-11 12:00:00,42,val,0.2,0.190974
Selhausen,2022-11-11 13:00:00,42,val,0.203,0.1923352
Selhausen,2022-11-11 14:00:00,42,val,0.2,0.1938266
Selhausen,2022-11-11 15:00:00,42,val,0.204,0.19575264
Selhausen,2022-11-11 16:00:00,42,val,0.1915,0.19738773
Selhausen,2022-11-11 17:00:00,42,val,0.204,0.19846444
Selhausen,2022-11-11 18:00:00,42,val,0.202,0.19926044
Selhausen,2022-11-11 19:00:00,42,val,0.202,0.19883217
Selhausen,2022-11-11 20:00:00,42,val,0.203,0.19838391
Selhausen,2022-11-11 21:00:00,42,val,0.2,0.19782792
Selhausen,2022-11-11 22:00:00,42,val,0.201,0.1969256
Selhausen,2022-11-11 23:00:00,42,val,0.197,0.19624531
Selhausen,2022-11-12 00:00:00,42,val,0.198,0.19535966
Selhausen,2022-11-12 01:00:00,42,val,0.201,0.1945872
Selhausen,2022-11-12 02:00:00,42,val,0.201,0.1936659
Selhausen,2022-11-12 03:00:00,42,val,0.2,0.1926361
Selhausen,2022-11-12 04:00:00,42,val,0.198,0.19161406
Selhausen,2022-11-12 05:00:00,42,val,0.198,0.19062988
Selhausen,2022-11-12 06:00:00,42,val,0.199,0.18979666
Selhausen,2022-11-12 07:00:00,42,val,0.198,0.1890592
Selhausen,2022-11-12 08:00:00,42,val,0.2,0.18855341
Selhausen,2022-11-12 09:00:00,42,val,0.197,0.18841085
Selhausen,2022-11-12 10:00:00,42,val,0.198,0.18876727
Selhausen,2022-11-12 11:00:00,42,val,0.2,0.18970829
Selhausen,2022-11-12 12:00:00,42,val,0.199,0.19079413
Selhausen,2022-11-12 13:00:00,42,val,0.202,0.19201316
Selhausen,2022-11-12 14:00:00,42,val,0.203,0.19291666
Selhausen,2022-11-12 15:00:00,42,val,0.2,0.19405207
Selhausen,2022-11-12 16:00:00,42,val,0.2,0.19489583
Selhausen,2022-11-12 17:00:00,42,val,0.199,0.19535735
Selhausen,2022-11-12 18:00:00,42,val,0.203,0.1954711
Selhausen,2022-11-12 19:00:00,42,val,0.2,0.19516343
Selhausen,2022-11-12 20:00:00,42,val,0.2,0.19478397
Selhausen,2022-11-12 21:00:00,42,val,0.198,0.19411522
Selhausen,2022-11-12 22:00:00,42,val,0.2,0.19343024
Selhausen,2022-11-12 23:00:00,42,val,0.189,0.19289783
Selhausen,2022-11-13 00:00:00,42,val,0.1895,0.192355
Selhausen,2022-11-13 01:00:00,42,val,0.203,0.19193634
Selhausen,2022-11-13 02:00:00,42,val,0.181,0.19148819
Selhausen,2022-11-13 03:00:00,42,val,0.205,0.19110614
Selhausen,2022-11-13 04:00:00,42,val,0.2035,0.19079325
Selhausen,2022-11-13 05:00:00,42,val,0.1795,0.19042018
Selhausen,2022-11-13 06:00:00,42,val,0.198,0.18992704
Selhausen,2022-11-13 07:00:00,42,val,0.1895,0.18938181
Selhausen,2022-11-13 08:00:00,42,val,0.2,0.18906404
Selhausen,2022-11-13 09:00:00,42,val,0.1925,0.1889699
Selhausen,2022-11-13 10:00:00,42,val,0.203,0.18915845
Selhausen,2022-11-13 11:00:00,42,val,0.189,0.18966135
Selhausen,2022-11-13 12:00:00,42,val,0.202,0.19028327
Selhausen,2022-11-13 13:00:00,42,val,0.2,0.19122146
Selhausen,2022-11-13 14:00:00,42,val,0.206,0.19224034
Selhausen,2022-11-13 15:00:00,42,val,0.197,0.19344509
Selhausen,2022-11-13 16:00:00,42,val,0.198,0.19388089
Selhausen,2022-11-13 17:00:00,42,val,0.198,0.19434944
Selhausen,2022-11-13 18:00:00,42,val,0.197,0.19435364
Selhausen,2022-11-13 19:00:00,42,val,0.201,0.19402087
Selhausen,2022-11-13 20:00:00,42,val,0.204,0.1935244
Selhausen,2022-11-13 21:00:00,42,val,0.201,0.19277997
Selhausen,2022-11-13 22:00:00,42,val,0.201,0.192102
Selhausen,2022-11-13 23:00:00,42,val,0.205,0.19120805
Selhausen,2022-11-14 00:00:00,42,val,0.206,0.19037414
Selhausen,2022-11-14 01:00:00,42,val,0.205,0.18965447
Selhausen,2022-11-14 02:00:00,42,val,0.212,0.1889468
Selhausen,2022-11-14 03:00:00,42,val,0.223,0.18825248
Selhausen,2022-11-14 04:00:00,42,val,0.234,0.18753241
Selhausen,2022-11-14 05:00:00,42,val,0.238,0.18676211
Selhausen,2022-11-14 06:00:00,42,val,0.258,0.18613811
Selhausen,2022-11-14 07:00:00,42,val,0.251,0.18560314
Selhausen,2022-11-14 08:00:00,42,val,0.252,0.1853421
Selhausen,2022-11-14 09:00:00,42,val,0.26,0.18532225
Selhausen,2022-11-14 10:00:00,42,val,0.248,0.18560736
Selhausen,2022-11-14 11:00:00,42,val,0.267,0.1862214
Selhausen,2022-11-14 12:00:00,42,val,0.26,0.18723303
Selhausen,2022-11-14 13:00:00,42,val,0.266,0.1887139
Selhausen,2022-11-14 14:00:00,42,val,0.251,0.19053574
Selhausen,2022-11-14 15:00:00,42,val,0.259,0.19223446
Selhausen,2022-11-14 16:00:00,42,val,0.261,0.1935321
Selhausen,2022-11-14 17:00:00,42,val,0.247,0.19420035
Selhausen,2022-11-14 18:00:00,42,val,0.248,0.19452222
Selhausen,2022-11-14 19:00:00,42,val,0.261,0.19439754
Selhausen,2022-11-14 20:00:00,42,val,0.255,0.19390872
Selhausen,2022-11-14 21:00:00,42,val,0.245,0.19312036
Selhausen,2022-11-14 22:00:00,42,val,0.244,0.19234174
Selhausen,2022-11-14 23:00:00,42,val,0.234,0.19113693
Selhausen,2022-11-15 00:00:00,42,val,0.24,0.18975767
Selhausen,2022-11-15 01:00:00,42,val,0.245,0.18897203
Selhausen,2022-11-15 02:00:00,42,val,0.241,0.18776497
Selhausen,2022-11-15 03:00:00,42,val,0.252,0.18722144
Selhausen,2022-11-15 04:00:00,42,val,0.248,0.18724547
Selhausen,2022-11-15 05:00:00,42,val,0.249,0.18673931
Selhausen,2022-11-15 06:00:00,42,val,0.256,0.18669268
Selhausen,2022-11-15 07:00:00,42,val,0.2724999999999999,0.18642654
Selhausen,2022-11-15 08:00:00,42,val,0.267,0.18654294
Selhausen,2022-11-15 09:00:00,42,val,0.268,0.18657081
Selhausen,2022-11-15 10:00:00,42,val,0.264,0.18691516
Selhausen,2022-11-15 11:00:00,42,val,0.274,0.18687391
Selhausen,2022-11-15 12:00:00,42,val,0.284,0.18747295
Selhausen,2022-11-15 13:00:00,42,val,0.272,0.18841824
Selhausen,2022-11-15 14:00:00,42,val,0.263,0.18990844
Selhausen,2022-11-15 15:00:00,42,val,0.262,0.1911403
Selhausen,2022-11-15 16:00:00,42,val,0.269,0.19203645
Selhausen,2022-11-15 17:00:00,42,val,0.274,0.19238126
Selhausen,2022-11-15 18:00:00,42,val,0.274,0.192855
Selhausen,2022-11-15 19:00:00,42,val,0.27,0.19259208
Selhausen,2022-11-15 20:00:00,42,val,0.254,0.1921444
Selhausen,2022-11-15 21:00:00,42,val,0.263,0.19155407
Selhausen,2022-11-15 22:00:00,42,val,0.264,0.19116706
Selhausen,2022-11-15 23:00:00,42,val,0.254,0.19115043
Selhausen,2022-11-16 00:00:00,42,val,0.26,0.19132689
Selhausen,2022-11-16 01:00:00,42,val,0.264,0.19209625
Selhausen,2022-11-16 02:00:00,42,val,0.2455,0.19342285
Selhausen,2022-11-16 03:00:00,42,val,0.258,0.1952887
Selhausen,2022-11-16 04:00:00,42,val,0.244,0.19840737
Selhausen,2022-11-16 05:00:00,42,val,0.265,0.20204824
Selhausen,2022-11-16 06:00:00,42,val,0.25,0.20679928
Selhausen,2022-11-16 07:00:00,42,val,0.25,0.21185039
Selhausen,2022-11-16 08:00:00,42,val,0.26,0.21683721
Selhausen,2022-11-16 09:00:00,42,val,0.264,0.2220223
Selhausen,2022-11-16 10:00:00,42,val,0.259,0.22671224
Selhausen,2022-11-16 11:00:00,42,val,0.255,0.2317276
Selhausen,2022-11-16 12:00:00,42,val,0.261,0.23644225
Selhausen,2022-11-16 13:00:00,42,val,0.249,0.24111943
Selhausen,2022-11-16 14:00:00,42,val,0.252,0.24450177
Selhausen,2022-11-16 15:00:00,42,val,0.26,0.24710064
Selhausen,2022-11-16 16:00:00,42,val,0.261,0.24896145
Selhausen,2022-11-16 17:00:00,42,val,0.254,0.24921939
Selhausen,2022-11-16 18:00:00,42,val,0.254,0.24830686
Selhausen,2022-11-16 19:00:00,42,val,0.255,0.24717689
Selhausen,2022-11-16 20:00:00,42,val,0.252,0.24582154
Selhausen,2022-11-16 21:00:00,42,val,0.252,0.24387243
Selhausen,2022-11-16 22:00:00,42,val,0.256,0.24169871
Selhausen,2022-11-16 23:00:00,42,val,0.259,0.23909934
Selhausen,2022-11-17 00:00:00,42,val,0.259,0.23681687
Selhausen,2022-11-17 01:00:00,42,val,0.26,0.23539615
Selhausen,2022-11-17 02:00:00,42,val,0.261,0.23417187
Selhausen,2022-11-17 03:00:00,42,val,0.269,0.23389074
Selhausen,2022-11-17 04:00:00,42,val,0.288,0.23400646
Selhausen,2022-11-17 05:00:00,42,val,0.292,0.2344532
Selhausen,2022-11-17 06:00:00,42,val,0.299,0.23564634
Selhausen,2022-11-17 07:00:00,42,val,0.309,0.23771903
Selhausen,2022-11-17 08:00:00,42,val,0.308,0.2402021
Selhausen,2022-11-17 09:00:00,42,val,0.296,0.24292435
Selhausen,2022-11-17 10:00:00,42,val,0.299,0.24544963
Selhausen,2022-11-17 11:00:00,42,val,0.298,0.24830824
Selhausen,2022-11-17 12:00:00,42,val,0.301,0.251827
Selhausen,2022-11-17 13:00:00,42,val,0.301,0.25504017
Selhausen,2022-11-17 14:00:00,42,val,0.297,0.25719884
Selhausen,2022-11-17 15:00:00,42,val,0.295,0.2583043
Selhausen,2022-11-17 16:00:00,42,val,0.291,0.25874633
Selhausen,2022-11-17 17:00:00,42,val,0.291,0.25880593
Selhausen,2022-11-17 18:00:00,42,val,0.289,0.25856498
Selhausen,2022-11-17 19:00:00,42,val,0.288,0.2578567
Selhausen,2022-11-17 20:00:00,42,val,0.288,0.25620988
Selhausen,2022-11-17 21:00:00,42,val,0.281,0.25436276
Selhausen,2022-11-17 22:00:00,42,val,0.284,0.25260887
Selhausen,2022-11-17 23:00:00,42,val,0.286,0.25068694
Selhausen,2022-11-18 00:00:00,42,val,0.282,0.24900854
Selhausen,2022-11-18 01:00:00,42,val,0.281,0.24782403
Selhausen,2022-11-18 02:00:00,42,val,0.285,0.24619389
Selhausen,2022-11-18 03:00:00,42,val,0.282,0.24479948
Selhausen,2022-11-18 04:00:00,42,val,0.276,0.243251
Selhausen,2022-11-18 05:00:00,42,val,0.285,0.24267139
Selhausen,2022-11-18 06:00:00,42,val,0.284,0.24221145
Selhausen,2022-11-18 07:00:00,42,val,0.279,0.24172275
Selhausen,2022-11-18 08:00:00,42,val,0.278,0.24171565
Selhausen,2022-11-18 09:00:00,42,val,0.28,0.24231386
Selhausen,2022-11-18 10:00:00,42,val,0.282,0.24316634
Selhausen,2022-11-18 11:00:00,42,val,0.279,0.24397343
Selhausen,2022-11-18 12:00:00,42,val,0.278,0.24506448
Selhausen,2022-11-18 13:00:00,42,val,0.282,0.24573569
Selhausen,2022-11-18 14:00:00,42,val,0.275,0.24611656
Selhausen,2022-11-18 15:00:00,42,val,0.279,0.24649307
Selhausen,2022-11-18 16:00:00,42,val,0.283,0.24674869
Selhausen,2022-11-18 17:00:00,42,val,0.28,0.24636444
Selhausen,2022-11-18 18:00:00,42,val,0.277,0.24547642
Selhausen,2022-11-18 19:00:00,42,val,0.2955,0.24459231
Selhausen,2022-11-18 20:00:00,42,val,0.264,0.24367525
Selhausen,2022-11-18 21:00:00,42,val,0.28,0.24245346
Selhausen,2022-11-18 22:00:00,42,val,0.293,0.24139284
Selhausen,2022-11-18 23:00:00,42,val,0.262,0.24069476
Selhausen,2022-11-19 00:00:00,42,val,0.277,0.24033965
Selhausen,2022-11-19 01:00:00,42,val,0.284,0.24032438
Selhausen,2022-11-19 02:00:00,42,val,0.2714999999999999,0.24078386
Selhausen,2022-11-19 03:00:00,42,val,0.287,0.24206367
Selhausen,2022-11-19 04:00:00,42,val,0.2704999999999999,0.24442844
Selhausen,2022-11-19 05:00:00,42,val,0.292,0.2475574
Selhausen,2022-11-19 06:00:00,42,val,0.283,0.25122464
Selhausen,2022-11-19 07:00:00,42,val,0.283,0.25546843
Selhausen,2022-11-19 08:00:00,42,val,0.282,0.26002815
Selhausen,2022-11-19 09:00:00,42,val,0.283,0.2641829
Selhausen,2022-11-19 10:00:00,42,val,0.288,0.26793423
Selhausen,2022-11-19 11:00:00,42,val,0.279,0.2713517
Selhausen,2022-11-19 12:00:00,42,val,0.285,0.2744513
Selhausen,2022-11-19 13:00:00,42,val,0.29,0.27713823
Selhausen,2022-11-19 14:00:00,42,val,0.259,0.2791444
Selhausen,2022-11-19 15:00:00,42,val,0.264,0.28034535
Selhausen,2022-11-19 16:00:00,42,val,0.2865,0.28067923
Selhausen,2022-11-19 17:00:00,42,val,0.28,0.28029478
Selhausen,2022-11-19 18:00:00,42,val,0.274,0.27930808
Selhausen,2022-11-19 19:00:00,42,val,0.268,0.27793604
Selhausen,2022-11-19 20:00:00,42,val,0.279,0.2763754
Selhausen,2022-11-19 21:00:00,42,val,0.272,0.27443165
Selhausen,2022-11-19 22:00:00,42,val,0.283,0.27241638
Selhausen,2022-11-19 23:00:00,42,val,0.283,0.2705525
Selhausen,2022-11-20 00:00:00,42,val,0.278,0.26871192
Selhausen,2022-11-20 01:00:00,42,val,0.273,0.26692605
Selhausen,2022-11-20 02:00:00,42,val,0.267,0.2653875
Selhausen,2022-11-20 03:00:00,42,val,0.283,0.2640343
Selhausen,2022-11-20 04:00:00,42,val,0.279,0.2626129
Selhausen,2022-11-20 05:00:00,42,val,0.272,0.26164752
Selhausen,2022-11-20 06:00:00,42,val,0.277,0.2611147
Selhausen,2022-11-20 07:00:00,42,val,0.269,0.26075554
Selhausen,2022-11-20 08:00:00,42,val,0.282,0.26055226
Selhausen,2022-11-20 09:00:00,42,val,0.28,0.2606434
Selhausen,2022-11-20 10:00:00,42,val,0.274,0.2611214
Selhausen,2022-11-20 11:00:00,42,val,0.281,0.2617732
Selhausen,2022-11-20 12:00:00,42,val,0.276,0.26246095
Selhausen,2022-11-20 13:00:00,42,val,0.273,0.263303
Selhausen,2022-11-20 14:00:00,42,val,0.276,0.26385012
Selhausen,2022-11-20 15:00:00,42,val,0.277,0.26425737
Selhausen,2022-11-20 16:00:00,42,val,0.277,0.26483428
Selhausen,2022-11-20 17:00:00,42,val,0.278,0.26500398
Selhausen,2022-11-20 18:00:00,42,val,0.274,0.26482624
Selhausen,2022-11-20 19:00:00,42,val,0.275,0.26519254
Selhausen,2022-11-20 20:00:00,42,val,0.272,0.2644802
Selhausen,2022-11-20 21:00:00,42,val,0.276,0.26378813
Selhausen,2022-11-20 22:00:00,42,val,0.278,0.263778
Selhausen,2022-11-20 23:00:00,42,val,0.271,0.26293695
Selhausen,2022-11-21 00:00:00,42,val,0.277,0.2622875
Selhausen,2022-11-21 01:00:00,42,val,0.272,0.26208252
Selhausen,2022-11-21 02:00:00,42,val,0.266,0.26182428
Selhausen,2022-11-21 03:00:00,42,val,0.262,0.26208413
Selhausen,2022-11-21 04:00:00,42,val,0.242,0.2621944
Selhausen,2022-11-21 05:00:00,42,val,0.261,0.2629634
Selhausen,2022-11-21 06:00:00,42,val,0.267,0.26390442
Selhausen,2022-11-21 07:00:00,42,val,0.263,0.26485118
Selhausen,2022-11-21 08:00:00,42,val,0.268,0.26577744
Selhausen,2022-11-21 09:00:00,42,val,0.263,0.26674098
Selhausen,2022-11-21 10:00:00,42,val,0.272,0.26797006
Selhausen,2022-11-21 11:00:00,42,val,0.273,0.26894358
Selhausen,2022-11-21 12:00:00,42,val,0.272,0.26994672
Selhausen,2022-11-21 13:00:00,42,val,0.266,0.27107632
Selhausen,2022-11-21 14:00:00,42,val,0.273,0.27082163
Selhausen,2022-11-21 15:00:00,42,val,0.263,0.26957244
Selhausen,2022-11-21 16:00:00,42,val,0.246,0.2685201
Selhausen,2022-12-05 04:00:00,42,val,0.301,0.2583628
Selhausen,2022-12-05 05:00:00,42,val,0.294,0.2599911
Selhausen,2022-12-05 06:00:00,42,val,0.299,0.26242068
Selhausen,2022-12-05 07:00:00,42,val,0.298,0.26374868
Selhausen,2022-12-05 08:00:00,42,val,0.296,0.2664621
Selhausen,2022-12-05 09:00:00,42,val,0.296,0.2700011
Selhausen,2022-12-05 10:00:00,42,val,0.294,0.2738555
Selhausen,2022-12-05 11:00:00,42,val,0.296,0.27789593
Selhausen,2022-12-05 12:00:00,42,val,0.296,0.28212512
Selhausen,2022-12-05 13:00:00,42,val,0.296,0.28619164
Selhausen,2022-12-05 14:00:00,42,val,0.293,0.28996554
Selhausen,2022-12-05 15:00:00,42,val,0.295,0.29315174
Selhausen,2022-12-05 16:00:00,42,val,0.298,0.29566094
Selhausen,2022-12-05 17:00:00,42,val,0.296,0.29741934
Selhausen,2022-12-05 18:00:00,42,val,0.298,0.29847634
Selhausen,2022-12-05 19:00:00,42,val,0.294,0.29900476
Selhausen,2022-12-05 20:00:00,42,val,0.296,0.29924768
Selhausen,2022-12-05 21:00:00,42,val,0.294,0.299328
Selhausen,2022-12-05 22:00:00,42,val,0.292,0.2993775
Selhausen,2022-12-05 23:00:00,42,val,0.292,0.29934373
Selhausen,2022-12-06 00:00:00,42,val,0.294,0.29926348
Selhausen,2022-12-06 01:00:00,42,val,0.293,0.29921168
Selhausen,2022-12-06 02:00:00,42,val,0.293,0.29920617
Selhausen,2022-12-06 03:00:00,42,val,0.295,0.29922897
Selhausen,2022-12-06 04:00:00,42,val,0.295,0.29919422
Selhausen,2022-12-06 05:00:00,42,val,0.293,0.2990092
Selhausen,2022-12-06 06:00:00,42,val,0.294,0.29877704
Selhausen,2022-12-06 07:00:00,42,val,0.292,0.29842946
Selhausen,2022-12-06 08:00:00,42,val,0.289,0.29809344
Selhausen,2022-12-06 09:00:00,42,val,0.292,0.29769668
Selhausen,2022-12-06 10:00:00,42,val,0.288,0.29732716
Selhausen,2022-12-06 11:00:00,42,val,0.293,0.2968133
Selhausen,2022-12-06 12:00:00,42,val,0.294,0.29636973
Selhausen,2022-12-06 13:00:00,42,val,0.293,0.295998
Selhausen,2022-12-06 14:00:00,42,val,0.29,0.2954945
Selhausen,2022-12-06 15:00:00,42,val,0.293,0.2948173
Selhausen,2022-12-06 16:00:00,42,val,0.29,0.29406697
Selhausen,2022-12-06 17:00:00,42,val,0.291,0.2931865
Selhausen,2022-12-06 18:00:00,42,val,0.29,0.2920562
Selhausen,2022-12-06 19:00:00,42,val,0.29,0.29096124
Selhausen,2022-12-06 20:00:00,42,val,0.29,0.2899499
Selhausen,2022-12-06 21:00:00,42,val,0.29,0.28912097
Selhausen,2022-12-06 22:00:00,42,val,0.288,0.2883353
Selhausen,2022-12-06 23:00:00,42,val,0.292,0.28784847
Selhausen,2022-12-07 00:00:00,42,val,0.289,0.28751007
Selhausen,2022-12-07 01:00:00,42,val,0.288,0.2873792
Selhausen,2022-12-07 02:00:00,42,val,0.288,0.28722772
Selhausen,2022-12-29 05:00:00,42,val,0.2714999999999999,0.28583163
Selhausen,2022-12-29 06:00:00,42,val,0.2985,0.28572524
Selhausen,2022-12-29 07:00:00,42,val,0.296,0.2857808
Selhausen,2022-12-29 08:00:00,42,val,0.2704999999999999,0.28595048
Selhausen,2022-12-29 09:00:00,42,val,0.296,0.2859648
Selhausen,2022-12-29 10:00:00,42,val,0.2764999999999999,0.28602087
Selhausen,2022-12-29 11:00:00,42,val,0.295,0.28603238
Selhausen,2022-12-29 12:00:00,42,val,0.293,0.28605217
Selhausen,2022-12-29 13:00:00,42,val,0.295,0.28614065
Selhausen,2022-12-29 14:00:00,42,val,0.2734999999999999,0.2858848
Selhausen,2022-12-29 15:00:00,42,val,0.294,0.2850849
Selhausen,2022-12-29 16:00:00,42,val,0.308,0.2843444
Selhausen,2022-12-29 17:00:00,42,val,0.298,0.2833428
Selhausen,2022-12-29 18:00:00,42,val,0.2774999999999999,0.28232193
Selhausen,2022-12-29 19:00:00,42,val,0.293,0.2814937
Selhausen,2022-12-29 20:00:00,42,val,0.291,0.2808917
Selhausen,2022-12-29 21:00:00,42,val,0.29,0.28038335
Selhausen,2022-12-29 22:00:00,42,val,0.291,0.28006497
Selhausen,2022-12-29 23:00:00,42,val,0.291,0.27982315
Selhausen,2022-12-30 00:00:00,42,val,0.291,0.27972516
Selhausen,2022-12-30 01:00:00,42,val,0.291,0.27967966
Selhausen,2022-12-30 02:00:00,42,val,0.289,0.2796023
Selhausen,2022-12-30 03:00:00,42,val,0.287,0.27945602
Selhausen,2022-12-30 04:00:00,42,val,0.288,0.27910858
Selhausen,2022-12-30 05:00:00,42,val,0.288,0.27859128
Selhausen,2022-12-30 06:00:00,42,val,0.288,0.27822375
Selhausen,2022-12-30 07:00:00,42,val,0.286,0.27794692
Selhausen,2022-12-30 08:00:00,42,val,0.287,0.27783924
Selhausen,2022-12-30 09:00:00,42,val,0.287,0.2777358
Selhausen,2022-12-30 10:00:00,42,val,0.294,0.2775697
Selhausen,2022-12-30 11:00:00,42,val,0.285,0.27772188
Selhausen,2022-12-30 12:00:00,42,val,0.291,0.2778794
Selhausen,2022-12-30 13:00:00,42,val,0.286,0.2777781
Selhausen,2022-12-30 14:00:00,42,val,0.287,0.27764648
Selhausen,2022-12-30 15:00:00,42,val,0.286,0.2765568
Selhausen,2022-12-30 16:00:00,42,val,0.29,0.2757565
Selhausen,2022-12-30 17:00:00,42,val,0.29,0.2752963
Selhausen,2022-12-30 18:00:00,42,val,0.29,0.27383825
Selhausen,2022-12-30 19:00:00,42,val,0.29,0.2734434
Selhausen,2022-12-30 20:00:00,42,val,0.29,0.27394664
Selhausen,2022-12-30 21:00:00,42,val,0.29,0.27362517
Selhausen,2022-12-30 22:00:00,42,val,0.286,0.27434915
Selhausen,2022-12-30 23:00:00,42,val,0.292,0.2746743
Selhausen,2022-12-31 00:00:00,42,val,0.288,0.27472997
Selhausen,2022-12-31 01:00:00,42,val,0.288,0.27464327
Selhausen,2022-12-31 02:00:00,42,val,0.288,0.2759723
Selhausen,2022-12-31 03:00:00,42,val,0.289,0.27801648
Selhausen,2022-12-31 04:00:00,42,val,0.29,0.28035098
Selhausen,2022-12-31 05:00:00,42,val,0.289,0.28166223
Selhausen,2022-12-31 06:00:00,42,val,0.291,0.2829888
Selhausen,2022-12-31 07:00:00,42,val,0.293,0.28423467
Selhausen,2022-12-31 08:00:00,42,val,0.29,0.2841488
Selhausen,2022-12-31 09:00:00,42,val,0.294,0.2840828
Selhausen,2022-12-31 10:00:00,42,val,0.293,0.28332448
Selhausen,2022-12-31 11:00:00,42,val,0.296,0.28279257
Selhausen,2022-12-31 12:00:00,42,val,0.295,0.282306
Selhausen,2022-12-31 13:00:00,42,val,0.296,0.2822404
Selhausen,2022-12-31 14:00:00,42,val,0.296,0.2813192
Selhausen,2022-12-31 15:00:00,42,val,0.294,0.28071567
Selhausen,2022-12-31 16:00:00,42,val,0.296,0.2809402
Selhausen,2022-12-31 17:00:00,42,val,0.298,0.28111073
Selhausen,2022-12-31 18:00:00,42,val,0.298,0.2802077
Selhausen,2022-12-31 19:00:00,42,val,0.3,0.27950865
Selhausen,2022-12-31 20:00:00,42,val,0.293,0.2790466
Selhausen,2022-12-31 21:00:00,42,val,0.298,0.27882046
Selhausen,2022-12-31 22:00:00,42,val,0.295,0.2790134
Selhausen,2022-12-31 23:00:00,42,val,0.301,0.27951062
Selhausen,2023-01-01 00:00:00,42,val,0.299,0.28027293
Selhausen,2023-01-01 01:00:00,42,val,0.293,0.28130543
Selhausen,2023-01-01 02:00:00,42,val,0.299,0.28245836
Selhausen,2023-01-01 03:00:00,42,val,0.297,0.2833105
Selhausen,2023-01-01 04:00:00,42,val,0.295,0.28412026
Selhausen,2023-01-01 05:00:00,42,val,0.295,0.2848492
Selhausen,2023-01-01 06:00:00,42,val,0.295,0.28527266
Selhausen,2023-01-01 07:00:00,42,val,0.297,0.2853825
Selhausen,2023-01-01 08:00:00,42,val,0.295,0.28522012
Selhausen,2023-01-01 09:00:00,42,val,0.297,0.28477836
Selhausen,2023-01-01 10:00:00,42,val,0.293,0.28448647
Selhausen,2023-01-01 11:00:00,42,val,0.299,0.28383294
Selhausen,2023-01-01 12:00:00,42,val,0.297,0.2832468
Selhausen,2023-01-01 13:00:00,42,val,0.295,0.28258926
Selhausen,2023-01-01 14:00:00,42,val,0.297,0.2817315
Selhausen,2023-01-01 15:00:00,42,val,0.296,0.28079328
Selhausen,2023-01-01 16:00:00,42,val,0.292,0.27994
Selhausen,2023-01-01 17:00:00,42,val,0.293,0.27916166
Selhausen,2023-01-01 18:00:00,42,val,0.29,0.27853954
Selhausen,2023-01-01 19:00:00,42,val,0.294,0.27846485
Selhausen,2023-01-01 20:00:00,42,val,0.2654999999999999,0.27877963
Selhausen,2023-01-01 21:00:00,42,val,0.286,0.27900687
Selhausen,2023-01-01 22:00:00,42,val,0.286,0.27927786
Selhausen,2023-01-10 08:00:00,42,val,0.345,0.27517742
Selhausen,2023-01-10 09:00:00,42,val,0.345,0.2750278
Selhausen,2023-01-10 10:00:00,42,val,0.344,0.27541074
Selhausen,2023-01-10 11:00:00,42,val,0.344,0.27575302
Selhausen,2023-01-10 12:00:00,42,val,0.338,0.27613464
Selhausen,2023-01-10 13:00:00,42,val,0.34,0.27650052
Selhausen,2023-01-10 14:00:00,42,val,0.34,0.27697635
Selhausen,2023-01-10 15:00:00,42,val,0.338,0.27719313
Selhausen,2023-01-10 16:00:00,42,val,0.337,0.27786696
Selhausen,2023-01-10 17:00:00,42,val,0.332,0.27819607
Selhausen,2023-01-10 18:00:00,42,val,0.333,0.27812988
Selhausen,2023-01-10 19:00:00,42,val,0.333,0.27787292
Selhausen,2023-01-10 20:00:00,42,val,0.333,0.27749437
Selhausen,2023-01-10 21:00:00,42,val,0.335,0.27728
Selhausen,2023-01-10 22:00:00,42,val,0.335,0.2777112
Selhausen,2023-01-10 23:00:00,42,val,0.333,0.2784754
Selhausen,2023-01-11 00:00:00,42,val,0.335,0.27879396
Selhausen,2023-01-11 01:00:00,42,val,0.335,0.27904242
Selhausen,2023-01-11 02:00:00,42,val,0.336,0.27968487
Selhausen,2023-01-11 03:00:00,42,val,0.33,0.28044838
Selhausen,2023-01-11 04:00:00,42,val,0.331,0.28143668
Selhausen,2023-01-11 05:00:00,42,val,0.33,0.28284174
Selhausen,2023-01-11 06:00:00,42,val,0.332,0.28461754
Selhausen,2023-01-11 07:00:00,42,val,0.329,0.28650004
Selhausen,2023-01-11 08:00:00,42,val,0.327,0.2878543
Selhausen,2023-01-11 09:00:00,42,val,0.327,0.28916654
Selhausen,2023-01-11 10:00:00,42,val,0.329,0.29122907
Selhausen,2023-01-11 11:00:00,42,val,0.327,0.2939772
Selhausen,2023-01-11 12:00:00,42,val,0.323,0.29691842
Selhausen,2023-01-11 13:00:00,42,val,0.323,0.30000117
Selhausen,2023-01-11 14:00:00,42,val,0.323,0.30237794
Selhausen,2023-01-11 15:00:00,42,val,0.318,0.30360848
Selhausen,2023-01-11 16:00:00,42,val,0.317,0.3037747
Selhausen,2023-01-11 17:00:00,42,val,0.316,0.30321875
Selhausen,2023-01-11 18:00:00,42,val,0.317,0.302145
Selhausen,2023-01-11 19:00:00,42,val,0.317,0.3009027
Selhausen,2023-01-11 20:00:00,42,val,0.321,0.2995929
Selhausen,2023-01-11 21:00:00,42,val,0.315,0.2982792
Selhausen,2023-01-11 22:00:00,42,val,0.317,0.297091
Selhausen,2023-01-11 23:00:00,42,val,0.315,0.29598376
Selhausen,2023-01-12 00:00:00,42,val,0.313,0.29523218
Selhausen,2023-01-12 01:00:00,42,val,0.316,0.29462463
Selhausen,2023-01-12 02:00:00,42,val,0.316,0.2940894
Selhausen,2023-01-12 03:00:00,42,val,0.312,0.29380774
Selhausen,2023-01-12 04:00:00,42,val,0.308,0.29388562
Selhausen,2023-01-12 05:00:00,42,val,0.307,0.29422638
Selhausen,2023-01-12 06:00:00,42,val,0.309,0.2956959
Selhausen,2023-01-12 07:00:00,42,val,0.307,0.29785335
Selhausen,2023-01-12 08:00:00,42,val,0.308,0.30039158
Selhausen,2023-01-12 09:00:00,42,val,0.313,0.30312395
Selhausen,2023-01-12 10:00:00,42,val,0.307,0.30595386
Selhausen,2023-01-12 11:00:00,42,val,0.306,0.30873868
Selhausen,2023-01-12 12:00:00,42,val,0.318,0.31116614
Selhausen,2023-01-12 13:00:00,42,val,0.3015,0.31332934
Selhausen,2023-01-12 14:00:00,42,val,0.3375,0.31501457
Selhausen,2023-01-12 15:00:00,42,val,0.3145,0.31616408
Selhausen,2023-01-12 16:00:00,42,val,0.31,0.3167463
Selhausen,2023-01-12 17:00:00,42,val,0.332,0.3166651
Selhausen,2023-01-12 18:00:00,42,val,0.3105,0.31634545
Selhausen,2023-01-12 19:00:00,42,val,0.329,0.3159618
Selhausen,2023-01-12 20:00:00,42,val,0.327,0.31561455
Selhausen,2023-01-12 21:00:00,42,val,0.347,0.31542036
Selhausen,2023-01-12 22:00:00,42,val,0.351,0.31550223
Selhausen,2023-01-12 23:00:00,42,val,0.352,0.3156727
Selhausen,2023-01-13 00:00:00,42,val,0.349,0.31589645
Selhausen,2023-01-13 01:00:00,42,val,0.344,0.31609166
Selhausen,2023-01-13 02:00:00,42,val,0.343,0.316314
Selhausen,2023-01-13 03:00:00,42,val,0.336,0.3160656
Selhausen,2023-01-13 04:00:00,42,val,0.337,0.31563282
Selhausen,2023-01-13 05:00:00,42,val,0.338,0.3150885
Selhausen,2023-01-13 06:00:00,42,val,0.333,0.31441087
Selhausen,2023-01-13 07:00:00,42,val,0.332,0.31372347
Selhausen,2023-01-13 08:00:00,42,val,0.332,0.3130733
Selhausen,2023-01-13 09:00:00,42,val,0.337,0.31237108
Selhausen,2023-01-13 10:00:00,42,val,0.335,0.31191325
Selhausen,2023-01-13 11:00:00,42,val,0.333,0.31157118
Selhausen,2023-01-13 12:00:00,42,val,0.338,0.31127203
Selhausen,2023-01-13 13:00:00,42,val,0.33,0.3108811
Selhausen,2023-01-13 14:00:00,42,val,0.33,0.31051785
Selhausen,2023-01-13 15:00:00,42,val,0.332,0.3098507
Selhausen,2023-01-13 16:00:00,42,val,0.329,0.30886292
Selhausen,2023-01-13 17:00:00,42,val,0.328,0.3075906
Selhausen,2023-01-13 18:00:00,42,val,0.325,0.30628517
Selhausen,2023-01-13 19:00:00,42,val,0.323,0.3050501
Selhausen,2023-01-13 20:00:00,42,val,0.321,0.30431634
Selhausen,2023-01-13 21:00:00,42,val,0.317,0.30369106
Selhausen,2023-01-13 22:00:00,42,val,0.319,0.30328614
Selhausen,2023-01-13 23:00:00,42,val,0.32,0.30287823
Selhausen,2023-01-14 00:00:00,42,val,0.318,0.3024305
Selhausen,2023-01-14 01:00:00,42,val,0.318,0.3019935
Selhausen,2023-01-14 02:00:00,42,val,0.318,0.30159146
Selhausen,2023-01-14 03:00:00,42,val,0.316,0.30100912
Selhausen,2023-01-14 04:00:00,42,val,0.316,0.30014968
Selhausen,2023-01-14 05:00:00,42,val,0.314,0.29925513
Selhausen,2023-01-14 06:00:00,42,val,0.316,0.29845703
Selhausen,2023-01-14 07:00:00,42,val,0.315,0.29764295
Selhausen,2023-01-14 08:00:00,42,val,0.314,0.29702467
Selhausen,2023-01-14 09:00:00,42,val,0.312,0.2965453
Selhausen,2023-01-14 10:00:00,42,val,0.312,0.2961972
Selhausen,2023-01-14 11:00:00,42,val,0.314,0.29588363
Selhausen,2023-01-14 12:00:00,42,val,0.314,0.2962532
Selhausen,2023-01-14 13:00:00,42,val,0.314,0.29624397
Selhausen,2023-01-14 14:00:00,42,val,0.314,0.29739326
Selhausen,2023-01-14 15:00:00,42,val,0.312,0.29814517
Selhausen,2023-01-14 16:00:00,42,val,0.313,0.29828992
Selhausen,2023-01-14 17:00:00,42,val,0.314,0.29897478
Selhausen,2023-01-14 18:00:00,42,val,0.313,0.29911733
Selhausen,2023-01-14 19:00:00,42,val,0.312,0.29974794
Selhausen,2023-01-14 20:00:00,42,val,0.33,0.30076766
Selhausen,2023-01-14 21:00:00,42,val,0.3045,0.30308017
Selhausen,2023-01-14 22:00:00,42,val,0.3105,0.30606902
Selhausen,2023-01-14 23:00:00,42,val,0.308,0.30924863
Selhausen,2023-01-15 00:00:00,42,val,0.332,0.31201705
Selhausen,2023-01-15 01:00:00,42,val,0.306,0.3140325
Selhausen,2023-01-15 02:00:00,42,val,0.328,0.31534463
Selhausen,2023-01-15 03:00:00,42,val,0.33,0.31602448
Selhausen,2023-01-15 04:00:00,42,val,0.326,0.31610358
Selhausen,2023-01-15 05:00:00,42,val,0.327,0.3160118
Selhausen,2023-01-15 06:00:00,42,val,0.328,0.31573787
Selhausen,2023-01-15 07:00:00,42,val,0.325,0.31522605
Selhausen,2023-01-15 08:00:00,42,val,0.325,0.31466344
Selhausen,2023-01-15 09:00:00,42,val,0.322,0.31419742
Selhausen,2023-01-15 10:00:00,42,val,0.325,0.31387168
Selhausen,2023-01-15 11:00:00,42,val,0.325,0.3135636
Selhausen,2023-01-15 12:00:00,42,val,0.325,0.3136204
Selhausen,2023-01-15 13:00:00,42,val,0.323,0.31359357
Selhausen,2023-01-15 14:00:00,42,val,0.323,0.31343108
Selhausen,2023-01-15 15:00:00,42,val,0.323,0.3131843
Selhausen,2023-01-15 16:00:00,42,val,0.321,0.31268364
Selhausen,2023-01-15 17:00:00,42,val,0.319,0.31190956
Selhausen,2023-03-23 09:00:00,42,val,0.263,0.25942916
Selhausen,2023-03-23 10:00:00,42,val,0.266,0.25949654
Selhausen,2023-03-23 11:00:00,42,val,0.264,0.25949845
Selhausen,2023-03-23 12:00:00,42,val,0.266,0.25952178
Selhausen,2023-03-23 13:00:00,42,val,0.266,0.25972155
Selhausen,2023-03-23 14:00:00,42,val,0.267,0.25953573
Selhausen,2023-03-23 15:00:00,42,val,0.265,0.2592078
Selhausen,2023-03-23 16:00:00,42,val,0.269,0.25869456
Selhausen,2023-03-23 17:00:00,42,val,0.267,0.25783932
Selhausen,2023-03-23 18:00:00,42,val,0.265,0.25677362
Selhausen,2023-03-23 19:00:00,42,val,0.266,0.25542736
Selhausen,2023-03-23 20:00:00,42,val,0.267,0.25382137
Selhausen,2023-03-23 21:00:00,42,val,0.264,0.25230268
Selhausen,2023-03-23 22:00:00,42,val,0.265,0.25102127
Selhausen,2023-03-23 23:00:00,42,val,0.2725,0.24980539
Selhausen,2023-03-24 00:00:00,42,val,0.265,0.24900003
Selhausen,2023-03-24 01:00:00,42,val,0.263,0.24871095
Selhausen,2023-03-24 02:00:00,42,val,0.263,0.24887201
Selhausen,2023-03-24 03:00:00,42,val,0.265,0.248559
Selhausen,2023-03-24 04:00:00,42,val,0.263,0.24905191
Selhausen,2023-03-24 05:00:00,42,val,0.265,0.2498361
Selhausen,2023-03-24 06:00:00,42,val,0.264,0.2505042
Selhausen,2023-03-24 07:00:00,42,val,0.251,0.2509614
Selhausen,2023-03-24 08:00:00,42,val,0.232,0.25129792
Selhausen,2023-04-14 14:00:00,42,val,0.258,0.25334236
Selhausen,2023-04-14 15:00:00,42,val,0.256,0.2532252
Selhausen,2023-04-14 16:00:00,42,val,0.27,0.25265506
Selhausen,2023-04-14 17:00:00,42,val,0.258,0.2516741
Selhausen,2023-04-14 18:00:00,42,val,0.284,0.25046933
Selhausen,2023-04-14 19:00:00,42,val,0.257,0.2490626
Selhausen,2023-04-14 20:00:00,42,val,0.257,0.24766138
Selhausen,2023-04-14 21:00:00,42,val,0.254,0.24619862
Selhausen,2023-04-14 22:00:00,42,val,0.245,0.2445637
Selhausen,2023-04-14 23:00:00,42,val,0.253,0.2428171
Selhausen,2023-04-15 00:00:00,42,val,0.2674999999999999,0.24092513
Selhausen,2023-04-15 01:00:00,42,val,0.258,0.23884264
Selhausen,2023-04-15 02:00:00,42,val,0.27,0.23685588
Selhausen,2023-04-15 03:00:00,42,val,0.265,0.23491116
Selhausen,2023-04-15 04:00:00,42,val,0.257,0.23327057
Selhausen,2023-04-15 05:00:00,42,val,0.257,0.23210615
Selhausen,2023-04-15 06:00:00,42,val,0.257,0.23157655
Selhausen,2023-04-15 07:00:00,42,val,0.264,0.23181088
Selhausen,2023-04-15 08:00:00,42,val,0.252,0.23254575
Selhausen,2023-04-15 09:00:00,42,val,0.2654999999999999,0.2338893
Selhausen,2023-04-15 10:00:00,42,val,0.261,0.23532887
Selhausen,2023-04-15 11:00:00,42,val,0.246,0.23709133
Selhausen,2023-04-15 12:00:00,42,val,0.261,0.23862047
Selhausen,2023-04-15 13:00:00,42,val,0.267,0.2399314
Selhausen,2023-04-15 14:00:00,42,val,0.263,0.24141937
Selhausen,2023-04-15 15:00:00,42,val,0.262,0.24251921
Selhausen,2023-04-15 16:00:00,42,val,0.261,0.2428842
Selhausen,2023-04-15 17:00:00,42,val,0.256,0.24289598
Selhausen,2023-04-15 18:00:00,42,val,0.259,0.24238607
Selhausen,2023-04-15 19:00:00,42,val,0.271,0.24130876
Selhausen,2023-04-15 20:00:00,42,val,0.27,0.24013516
Selhausen,2023-04-15 21:00:00,42,val,0.26,0.23902255
Selhausen,2023-04-15 22:00:00,42,val,0.257,0.2378099
Selhausen,2023-04-15 23:00:00,42,val,0.257,0.23634274
Selhausen,2023-04-16 00:00:00,42,val,0.257,0.23485513
Selhausen,2023-04-16 01:00:00,42,val,0.253,0.23330349
Selhausen,2023-04-16 02:00:00,42,val,0.257,0.23192121
Selhausen,2023-04-16 03:00:00,42,val,0.255,0.2308305
Selhausen,2023-04-16 04:00:00,42,val,0.252,0.23000474
Selhausen,2023-04-16 05:00:00,42,val,0.256,0.22964515
Selhausen,2023-04-16 06:00:00,42,val,0.254,0.22974479
Selhausen,2023-04-16 07:00:00,42,val,0.255,0.2302664
Selhausen,2023-04-16 08:00:00,42,val,0.255,0.23106149
Selhausen,2023-04-16 09:00:00,42,val,0.258,0.23188525
Selhausen,2023-04-16 10:00:00,42,val,0.255,0.23298988
Selhausen,2023-04-16 11:00:00,42,val,0.256,0.23433693
Selhausen,2023-04-16 12:00:00,42,val,0.253,0.23599558
Selhausen,2023-04-16 13:00:00,42,val,0.255,0.23766904
Selhausen,2023-04-16 14:00:00,42,val,0.253,0.23935433
Selhausen,2023-04-16 15:00:00,42,val,0.25,0.24082196
Selhausen,2023-04-16 16:00:00,42,val,0.251,0.24268495
Selhausen,2023-04-16 17:00:00,42,val,0.251,0.24393606
Selhausen,2023-04-16 18:00:00,42,val,0.25,0.24586165
Selhausen,2023-04-16 19:00:00,42,val,0.248,0.24673602
Selhausen,2023-04-16 20:00:00,42,val,0.248,0.24671766
Selhausen,2023-04-16 21:00:00,42,val,0.248,0.24593042
Selhausen,2023-04-16 22:00:00,42,val,0.246,0.24421573
Selhausen,2023-04-16 23:00:00,42,val,0.247,0.24247997
Selhausen,2023-04-17 00:00:00,42,val,0.247,0.24140422
Selhausen,2023-04-17 01:00:00,42,val,0.248,0.2403729
Selhausen,2023-04-17 02:00:00,42,val,0.249,0.24004605
Selhausen,2023-04-17 03:00:00,42,val,0.245,0.2401192
Selhausen,2023-04-17 04:00:00,42,val,0.248,0.24016808
Selhausen,2023-04-17 05:00:00,42,val,0.244,0.24025247
Selhausen,2023-04-17 06:00:00,42,val,0.247,0.24041253
Selhausen,2023-04-17 07:00:00,42,val,0.245,0.2409351
Selhausen,2023-04-17 08:00:00,42,val,0.248,0.2412022
Selhausen,2023-04-17 09:00:00,42,val,0.241,0.24182463
Selhausen,2023-04-17 10:00:00,42,val,0.24,0.24257107
Selhausen,2023-04-17 11:00:00,42,val,0.245,0.2426893
Selhausen,2023-04-17 12:00:00,42,val,0.25,0.24305142
Selhausen,2023-04-17 13:00:00,42,val,0.236,0.24384421
Selhausen,2023-04-17 14:00:00,42,val,0.245,0.24465902
Selhausen,2023-04-17 15:00:00,42,val,0.239,0.2452499
Selhausen,2023-04-17 16:00:00,42,val,0.24,0.24546203
Selhausen,2023-04-17 17:00:00,42,val,0.239,0.24504378
Selhausen,2023-04-17 18:00:00,42,val,0.234,0.24435431
Selhausen,2023-04-17 19:00:00,42,val,0.234,0.2441111
Selhausen,2023-04-17 20:00:00,42,val,0.231,0.24407557
Selhausen,2023-04-17 21:00:00,42,val,0.234,0.24372995
Selhausen,2023-04-17 22:00:00,42,val,0.234,0.24304178
Selhausen,2023-04-17 23:00:00,42,val,0.231,0.2421462
Selhausen,2023-04-18 00:00:00,42,val,0.231,0.24118339
Selhausen,2023-04-18 01:00:00,42,val,0.229,0.23997846
Selhausen,2023-04-18 02:00:00,42,val,0.227,0.23892584
Selhausen,2023-04-18 03:00:00,42,val,0.23,0.23793776
Selhausen,2023-04-18 04:00:00,42,val,0.228,0.23685935
Selhausen,2023-04-18 05:00:00,42,val,0.226,0.2360803
Selhausen,2023-04-18 06:00:00,42,val,0.229,0.23559488
Selhausen,2023-04-18 07:00:00,42,val,0.227,0.23543037
Selhausen,2023-04-18 08:00:00,42,val,0.226,0.23570918
Selhausen,2023-04-18 09:00:00,42,val,0.23,0.23631178
Selhausen,2023-04-18 10:00:00,42,val,0.229,0.23710926
Selhausen,2023-04-18 11:00:00,42,val,0.232,0.23813164
Selhausen,2023-04-18 12:00:00,42,val,0.233,0.2391974
Selhausen,2023-04-18 13:00:00,42,val,0.236,0.2403067
Selhausen,2023-04-18 14:00:00,42,val,0.232,0.24109052
Selhausen,2023-04-18 15:00:00,42,val,0.237,0.24143405
Selhausen,2023-04-18 16:00:00,42,val,0.235,0.24130648
Selhausen,2023-04-18 17:00:00,42,val,0.233,0.24077329
Selhausen,2023-04-18 18:00:00,42,val,0.246,0.2398347
Selhausen,2023-04-18 19:00:00,42,val,0.235,0.23854005
Selhausen,2023-04-18 20:00:00,42,val,0.234,0.23712191
Selhausen,2023-04-18 21:00:00,42,val,0.235,0.23562059
Selhausen,2023-04-18 22:00:00,42,val,0.236,0.2340256
Selhausen,2023-04-18 23:00:00,42,val,0.259,0.23250155
Selhausen,2023-04-19 00:00:00,42,val,0.26,0.23106787
Selhausen,2023-04-19 01:00:00,42,val,0.261,0.22990303
Selhausen,2023-05-08 18:00:00,42,val,0.344,0.27521563
Selhausen,2023-05-08 19:00:00,42,val,0.339,0.2739297
Selhausen,2023-05-08 20:00:00,42,val,0.339,0.27299732
Selhausen,2023-05-08 21:00:00,42,val,0.344,0.2723908
Selhausen,2023-05-08 22:00:00,42,val,0.341,0.2722608
Selhausen,2023-05-08 23:00:00,42,val,0.337,0.27242082
Selhausen,2023-05-09 00:00:00,42,val,0.336,0.27258298
Selhausen,2023-05-09 01:00:00,42,val,0.344,0.27272722
Selhausen,2023-05-09 02:00:00,42,val,0.357,0.27303177
Selhausen,2023-05-09 03:00:00,42,val,0.356,0.2735266
Selhausen,2023-05-09 04:00:00,42,val,0.352,0.2740685
Selhausen,2023-05-09 05:00:00,42,val,0.351,0.2746444
Selhausen,2023-05-09 06:00:00,42,val,0.35,0.2754625
Selhausen,2023-05-09 07:00:00,42,val,0.351,0.27626115
Selhausen,2023-05-09 08:00:00,42,val,0.347,0.27705586
Selhausen,2023-05-22 17:00:00,42,val,0.221,0.2321816
Selhausen,2023-05-22 18:00:00,42,val,0.219,0.23044978
Selhausen,2023-05-22 19:00:00,42,val,0.22,0.22854932
Selhausen,2023-05-22 20:00:00,42,val,0.219,0.22688457
Selhausen,2023-05-22 21:00:00,42,val,0.219,0.225493
Selhausen,2023-05-22 22:00:00,42,val,0.218,0.22450227
Selhausen,2023-05-22 23:00:00,42,val,0.217,0.22381543
Selhausen,2023-05-23 00:00:00,42,val,0.217,0.22323409
Selhausen,2023-05-23 01:00:00,42,val,0.214,0.22263402
Selhausen,2023-05-23 02:00:00,42,val,0.216,0.22229236
Selhausen,2023-05-23 03:00:00,42,val,0.218,0.2220386
Selhausen,2023-05-23 04:00:00,42,val,0.216,0.22207573
Selhausen,2023-05-23 05:00:00,42,val,0.216,0.22243118
Selhausen,2023-05-23 06:00:00,42,val,0.216,0.2229036
Selhausen,2023-05-23 07:00:00,42,val,0.216,0.22342041
Selhausen,2023-05-23 08:00:00,42,val,0.214,0.22390677
Selhausen,2023-05-23 09:00:00,42,val,0.217,0.22440515
Selhausen,2023-05-23 10:00:00,42,val,0.216,0.22511438
Selhausen,2023-05-23 11:00:00,42,val,0.217,0.22574443
Selhausen,2023-05-23 12:00:00,42,val,0.217,0.22634725
Selhausen,2023-05-23 13:00:00,42,val,0.214,0.22688213
Selhausen,2023-05-23 14:00:00,42,val,0.215,0.22726844
Selhausen,2023-05-23 15:00:00,42,val,0.215,0.22743416
Selhausen,2023-05-23 16:00:00,42,val,0.216,0.22745937
Selhausen,2023-05-23 17:00:00,42,val,0.212,0.22715601
Selhausen,2023-05-23 18:00:00,42,val,0.217,0.22635959
Selhausen,2023-05-23 19:00:00,42,val,0.214,0.22527169
Selhausen,2023-05-23 20:00:00,42,val,0.213,0.22402194
Selhausen,2023-05-23 21:00:00,42,val,0.212,0.22269471
Selhausen,2023-05-23 22:00:00,42,val,0.208,0.22121954
Selhausen,2023-05-23 23:00:00,42,val,0.212,0.21954988
Selhausen,2023-05-24 00:00:00,42,val,0.211,0.21763358
Selhausen,2023-05-24 01:00:00,42,val,0.212,0.21548763
Selhausen,2023-05-24 02:00:00,42,val,0.211,0.21324912
Selhausen,2023-05-24 03:00:00,42,val,0.209,0.21100904
Selhausen,2023-05-24 04:00:00,42,val,0.21,0.20910604
Selhausen,2023-05-24 05:00:00,42,val,0.21,0.2076322
Selhausen,2023-05-24 06:00:00,42,val,0.21,0.20697531
Selhausen,2023-05-24 07:00:00,42,val,0.21,0.20715226
Selhausen,2023-05-24 08:00:00,42,val,0.208,0.20793039
Selhausen,2023-05-24 09:00:00,42,val,0.211,0.20882227
Selhausen,2023-05-24 10:00:00,42,val,0.208,0.20998266
Selhausen,2023-05-24 11:00:00,42,val,0.212,0.21136367
Selhausen,2023-05-24 12:00:00,42,val,0.21,0.21285006
Selhausen,2023-05-24 13:00:00,42,val,0.209,0.21435772
Selhausen,2023-05-24 14:00:00,42,val,0.214,0.21574692
Selhausen,2023-05-24 15:00:00,42,val,0.213,0.21677063
Selhausen,2023-05-24 16:00:00,42,val,0.209,0.21750242
Selhausen,2023-05-24 17:00:00,42,val,0.211,0.21775798
Selhausen,2023-05-24 18:00:00,42,val,0.206,0.21755612
Selhausen,2023-05-24 19:00:00,42,val,0.208,0.21707101
Selhausen,2023-05-24 20:00:00,42,val,0.207,0.2163435
Selhausen,2023-05-24 21:00:00,42,val,0.206,0.21541609
Selhausen,2023-05-24 22:00:00,42,val,0.205,0.21425362
Selhausen,2023-05-24 23:00:00,42,val,0.206,0.2128696
Selhausen,2023-05-25 00:00:00,42,val,0.204,0.21129987
Selhausen,2023-05-25 01:00:00,42,val,0.204,0.20945933
Selhausen,2023-05-25 02:00:00,42,val,0.205,0.20773943
Selhausen,2023-05-25 03:00:00,42,val,0.206,0.20612931
Selhausen,2023-05-25 04:00:00,42,val,0.203,0.20474973
Selhausen,2023-05-25 05:00:00,42,val,0.204,0.20372795
Selhausen,2023-05-25 06:00:00,42,val,0.2,0.20342755
Selhausen,2023-05-25 07:00:00,42,val,0.204,0.20384774
Selhausen,2023-05-25 08:00:00,42,val,0.204,0.20455955
Selhausen,2023-05-25 09:00:00,42,val,0.202,0.20569958
Selhausen,2023-05-25 10:00:00,42,val,0.203,0.2070077
Selhausen,2023-05-25 11:00:00,42,val,0.201,0.20844412
Selhausen,2023-05-25 12:00:00,42,val,0.206,0.2097746
Selhausen,2023-05-25 13:00:00,42,val,0.201,0.21094976
Selhausen,2023-05-25 14:00:00,42,val,0.206,0.21168248
Selhausen,2023-05-25 15:00:00,42,val,0.204,0.21225491
Selhausen,2023-05-25 16:00:00,42,val,0.202,0.2124674
Selhausen,2023-05-25 17:00:00,42,val,0.203,0.21206054
Selhausen,2023-05-25 18:00:00,42,val,0.203,0.21154445
Selhausen,2023-05-25 19:00:00,42,val,0.2,0.21084252
Selhausen,2023-05-25 20:00:00,42,val,0.204,0.2098813
Selhausen,2023-05-25 21:00:00,42,val,0.2,0.20877825
Selhausen,2023-05-25 22:00:00,42,val,0.199,0.20729676
Selhausen,2023-05-25 23:00:00,42,val,0.2,0.20581922
Selhausen,2023-05-26 00:00:00,42,val,0.2,0.20438573
Selhausen,2023-05-26 01:00:00,42,val,0.199,0.20297317
Selhausen,2023-05-26 02:00:00,42,val,0.2,0.20170131
Selhausen,2023-05-26 03:00:00,42,val,0.198,0.20047458
Selhausen,2023-05-26 04:00:00,42,val,0.196,0.19954011
Selhausen,2023-05-26 05:00:00,42,val,0.196,0.1988898
Selhausen,2023-05-26 06:00:00,42,val,0.195,0.19864017
Selhausen,2023-05-26 07:00:00,42,val,0.197,0.19885528
Selhausen,2023-05-26 08:00:00,42,val,0.197,0.19941914
Selhausen,2023-05-26 09:00:00,42,val,0.2,0.20038767
Selhausen,2023-05-26 10:00:00,42,val,0.191,0.20186867
Selhausen,2023-05-26 11:00:00,42,val,0.196,0.20334321
Selhausen,2023-05-26 12:00:00,42,val,0.199,0.20468694
Selhausen,2023-05-26 13:00:00,42,val,0.199,0.2061783
Selhausen,2023-05-26 14:00:00,42,val,0.194,0.20734626
Selhausen,2023-05-26 15:00:00,42,val,0.201,0.20814694
Selhausen,2023-05-26 16:00:00,42,val,0.197,0.2083053
Selhausen,2023-05-26 17:00:00,42,val,0.197,0.20819752
Selhausen,2023-05-26 18:00:00,42,val,0.2,0.20748296
Selhausen,2023-05-26 19:00:00,42,val,0.196,0.20653011
Selhausen,2023-05-26 20:00:00,42,val,0.192,0.20539322
Selhausen,2023-05-26 21:00:00,42,val,0.196,0.20401923
Selhausen,2023-05-26 22:00:00,42,val,0.194,0.20254204
Selhausen,2023-05-26 23:00:00,42,val,0.192,0.2010621
Selhausen,2023-05-27 00:00:00,42,val,0.192,0.19953504
Selhausen,2023-05-27 01:00:00,42,val,0.192,0.19802558
Selhausen,2023-05-27 02:00:00,42,val,0.193,0.1966617
Selhausen,2023-05-27 03:00:00,42,val,0.19,0.19553778
Selhausen,2023-05-27 04:00:00,42,val,0.189,0.19454873
Selhausen,2023-05-27 05:00:00,42,val,0.19,0.19390804
Selhausen,2023-05-27 06:00:00,42,val,0.187,0.1935537
Selhausen,2023-05-27 07:00:00,42,val,0.191,0.1937892
Selhausen,2023-06-03 08:00:00,42,val,0.154,0.16030006
Selhausen,2023-06-03 09:00:00,42,val,0.156,0.16094185
Selhausen,2023-06-03 10:00:00,42,val,0.156,0.16180287
Selhausen,2023-06-03 11:00:00,42,val,0.159,0.1629585
Selhausen,2023-06-03 12:00:00,42,val,0.16,0.16425142
Selhausen,2023-06-03 13:00:00,42,val,0.157,0.16569602
Selhausen,2023-06-03 14:00:00,42,val,0.161,0.16730954
Selhausen,2023-06-03 15:00:00,42,val,0.158,0.16867225
Selhausen,2023-06-03 16:00:00,42,val,0.164,0.17001821
Selhausen,2023-06-03 17:00:00,42,val,0.16,0.17047359
Selhausen,2023-06-03 18:00:00,42,val,0.16,0.17035982
Selhausen,2023-06-03 19:00:00,42,val,0.16,0.16976571
Selhausen,2023-06-03 20:00:00,42,val,0.16,0.16878521
Selhausen,2023-06-03 21:00:00,42,val,0.156,0.16753471
Selhausen,2023-06-03 22:00:00,42,val,0.154,0.16607285
Selhausen,2023-06-03 23:00:00,42,val,0.154,0.16464552
Selhausen,2023-06-04 00:00:00,42,val,0.152,0.16326976
Selhausen,2023-06-04 01:00:00,42,val,0.154,0.16174689
Selhausen,2023-06-04 02:00:00,42,val,0.152,0.16010249
Selhausen,2023-06-04 03:00:00,42,val,0.152,0.15842655
Selhausen,2023-06-04 04:00:00,42,val,0.152,0.15673389
Selhausen,2023-06-04 05:00:00,42,val,0.152,0.15544057
Selhausen,2023-06-04 06:00:00,42,val,0.149,0.15474175
Selhausen,2023-06-04 07:00:00,42,val,0.148,0.15453523
Selhausen,2023-06-04 08:00:00,42,val,0.151,0.15478101
Selhausen,2023-06-04 09:00:00,42,val,0.156,0.15533909
Selhausen,2023-06-04 10:00:00,42,val,0.155,0.15602165
Selhausen,2023-06-04 11:00:00,42,val,0.156,0.15711534
Selhausen,2023-06-04 12:00:00,42,val,0.158,0.15863958
Selhausen,2023-06-04 13:00:00,42,val,0.152,0.16040866
Selhausen,2023-06-04 14:00:00,42,val,0.156,0.16214028
Selhausen,2023-06-04 15:00:00,42,val,0.158,0.16339773
Selhausen,2023-06-04 16:00:00,42,val,0.161,0.16455932
Selhausen,2023-06-04 17:00:00,42,val,0.157,0.16553134
Selhausen,2023-06-04 18:00:00,42,val,0.157,0.16570209
Selhausen,2023-06-04 19:00:00,42,val,0.154,0.16574708
Selhausen,2023-06-04 20:00:00,42,val,0.156,0.16515167
Selhausen,2023-06-04 21:00:00,42,val,0.153,0.1640208
Selhausen,2023-06-04 22:00:00,42,val,0.157,0.16296665
Selhausen,2023-06-04 23:00:00,42,val,0.153,0.16167122
Selhausen,2023-06-05 00:00:00,42,val,0.151,0.16045102
Selhausen,2023-06-05 01:00:00,42,val,0.153,0.15919451
Selhausen,2023-06-05 02:00:00,42,val,0.152,0.15759835
Selhausen,2023-06-05 03:00:00,42,val,0.15,0.1562374
Selhausen,2023-06-05 04:00:00,42,val,0.147,0.1550915
Selhausen,2023-06-05 05:00:00,42,val,0.15,0.15422344
Selhausen,2023-06-05 06:00:00,42,val,0.149,0.15375316
Selhausen,2023-06-05 07:00:00,42,val,0.147,0.15355137
Selhausen,2023-06-05 08:00:00,42,val,0.151,0.15398675
Selhausen,2023-06-05 09:00:00,42,val,0.148,0.15481994
Selhausen,2023-06-05 10:00:00,42,val,0.151,0.15578881
Selhausen,2023-06-05 11:00:00,42,val,0.149,0.15687805
Selhausen,2023-06-05 12:00:00,42,val,0.15,0.15797111
Selhausen,2023-06-05 13:00:00,42,val,0.15,0.1586707
Selhausen,2023-06-05 14:00:00,42,val,0.156,0.16005385
Selhausen,2023-06-05 15:00:00,42,val,0.157,0.16071832
Selhausen,2023-06-05 16:00:00,42,val,0.151,0.16148242
Selhausen,2023-06-05 17:00:00,42,val,0.153,0.16213806
Selhausen,2023-06-05 18:00:00,42,val,0.152,0.16227731
Selhausen,2023-06-05 19:00:00,42,val,0.15,0.16212429
Selhausen,2023-06-05 20:00:00,42,val,0.151,0.16190112
Selhausen,2023-06-05 21:00:00,42,val,0.15,0.16117337
Selhausen,2023-06-05 22:00:00,42,val,0.147,0.16007727
Selhausen,2023-06-05 23:00:00,42,val,0.151,0.15871054
Selhausen,2023-06-06 00:00:00,42,val,0.149,0.15744768
Selhausen,2023-06-06 01:00:00,42,val,0.148,0.15637547
Selhausen,2023-06-06 02:00:00,42,val,0.147,0.15521443
Selhausen,2023-06-06 03:00:00,42,val,0.146,0.15394868
Selhausen,2023-06-06 04:00:00,42,val,0.147,0.15278593
Selhausen,2023-06-06 05:00:00,42,val,0.146,0.15182936
Selhausen,2023-06-13 06:00:00,42,val,0.128,0.1403457
Selhausen,2023-06-13 07:00:00,42,val,0.126,0.14038153
Selhausen,2023-06-13 08:00:00,42,val,0.129,0.14080167
Selhausen,2023-06-13 09:00:00,42,val,0.13,0.14147611
Selhausen,2023-06-13 10:00:00,42,val,0.129,0.14242044
Selhausen,2023-06-13 11:00:00,42,val,0.135,0.1433186
Selhausen,2023-06-13 12:00:00,42,val,0.132,0.14443544
Selhausen,2023-06-13 13:00:00,42,val,0.135,0.14582235
Selhausen,2023-06-13 14:00:00,42,val,0.138,0.14733374
Selhausen,2023-06-13 15:00:00,42,val,0.14,0.14925432
Selhausen,2023-06-13 16:00:00,42,val,0.136,0.1509543
Selhausen,2023-06-13 17:00:00,42,val,0.137,0.15207285
Selhausen,2023-06-13 18:00:00,42,val,0.136,0.15237263
Selhausen,2023-06-13 19:00:00,42,val,0.135,0.1519098
Selhausen,2023-06-13 20:00:00,42,val,0.135,0.15075216
Selhausen,2023-06-13 21:00:00,42,val,0.132,0.1491051
Selhausen,2023-06-13 22:00:00,42,val,0.131,0.14733714
Selhausen,2023-06-13 23:00:00,42,val,0.129,0.1457354
Selhausen,2023-06-14 00:00:00,42,val,0.128,0.14438595
Selhausen,2023-06-14 01:00:00,42,val,0.127,0.14322501
Selhausen,2023-06-14 02:00:00,42,val,0.127,0.14202529
Selhausen,2023-06-14 03:00:00,42,val,0.125,0.1407116
Selhausen,2023-06-14 04:00:00,42,val,0.123,0.13956411
Selhausen,2023-06-14 05:00:00,42,val,0.124,0.13853455
Selhausen,2023-06-14 06:00:00,42,val,0.124,0.13803095
Selhausen,2023-06-21 07:00:00,42,val,0.284,0.12597135
Selhausen,2023-06-21 08:00:00,42,val,0.286,0.1264705
Selhausen,2023-06-21 09:00:00,42,val,0.281,0.12726873
Selhausen,2023-06-21 10:00:00,42,val,0.283,0.1281226
Selhausen,2023-06-21 11:00:00,42,val,0.278,0.12918538
Selhausen,2023-06-21 12:00:00,42,val,0.271,0.13041013
Selhausen,2023-06-21 13:00:00,42,val,0.273,0.1321303
Selhausen,2023-06-21 14:00:00,42,val,0.269,0.13389514
Selhausen,2023-06-21 15:00:00,42,val,0.266,0.13553382
Selhausen,2023-06-21 16:00:00,42,val,0.261,0.13674268
Selhausen,2023-06-21 17:00:00,42,val,0.259,0.13719979
Selhausen,2023-06-21 18:00:00,42,val,0.253,0.13687405
Selhausen,2023-06-21 19:00:00,42,val,0.252,0.13606285
Selhausen,2023-06-21 20:00:00,42,val,0.254,0.13466907
Selhausen,2023-06-21 21:00:00,42,val,0.248,0.13301425
Selhausen,2023-06-21 22:00:00,42,val,0.247,0.13157354
Selhausen,2023-06-21 23:00:00,42,val,0.244,0.13018063
Selhausen,2023-06-22 00:00:00,42,val,0.246,0.12907837
Selhausen,2023-06-22 01:00:00,42,val,0.243,0.12832767
Selhausen,2023-06-22 02:00:00,42,val,0.244,0.12803268
Selhausen,2023-06-22 03:00:00,42,val,0.241,0.12799913
Selhausen,2023-06-22 04:00:00,42,val,0.239,0.12797052
Selhausen,2023-06-22 05:00:00,42,val,0.241,0.12817776
Selhausen,2023-06-22 06:00:00,42,val,0.238,0.12853745
Selhausen,2023-06-22 07:00:00,42,val,0.236,0.12895404
Selhausen,2023-06-22 08:00:00,42,val,0.235,0.12970251
Selhausen,2023-06-22 09:00:00,42,val,0.238,0.13072208
Selhausen,2023-06-22 10:00:00,42,val,0.243,0.13218907
Selhausen,2023-06-22 11:00:00,42,val,0.233,0.13495687
Selhausen,2023-06-22 12:00:00,42,val,0.236,0.137086
Selhausen,2023-06-22 13:00:00,42,val,0.241,0.1381433
Selhausen,2023-06-22 14:00:00,42,val,0.232,0.13834074
Selhausen,2023-06-22 15:00:00,42,val,0.232,0.13781993
Selhausen,2023-06-22 16:00:00,42,val,0.225,0.1415042
Selhausen,2023-06-22 17:00:00,42,val,0.227,0.14854905
Selhausen,2023-06-22 18:00:00,42,val,0.228,0.15526938
Selhausen,2023-06-22 19:00:00,42,val,0.225,0.17162251
Selhausen,2023-06-22 20:00:00,42,val,0.222,0.191686
Selhausen,2023-06-22 21:00:00,42,val,0.222,0.21155748
Selhausen,2023-06-22 22:00:00,42,val,0.217,0.22956045
Selhausen,2023-06-22 23:00:00,42,val,0.22,0.24446966
Selhausen,2023-06-23 00:00:00,42,val,0.217,0.25602844
Selhausen,2023-06-23 01:00:00,42,val,0.219,0.2643575
Selhausen,2023-06-23 02:00:00,42,val,0.21,0.26988566
Selhausen,2023-06-23 03:00:00,42,val,0.215,0.27313536
Selhausen,2023-06-23 04:00:00,42,val,0.213,0.27467266
Selhausen,2023-06-23 05:00:00,42,val,0.213,0.27507076
Selhausen,2023-06-23 06:00:00,42,val,0.213,0.2747829
Selhausen,2023-06-23 07:00:00,42,val,0.212,0.27411976
Selhausen,2023-06-23 08:00:00,42,val,0.214,0.27342373
Selhausen,2023-06-23 09:00:00,42,val,0.216,0.27267706
Selhausen,2023-06-23 10:00:00,42,val,0.221,0.27199328
Selhausen,2023-06-23 11:00:00,42,val,0.212,0.2711688
Selhausen,2023-06-23 12:00:00,42,val,0.217,0.27011755
Selhausen,2023-06-23 13:00:00,42,val,0.218,0.26887938
Selhausen,2023-06-23 14:00:00,42,val,0.212,0.2673303
Selhausen,2023-06-23 15:00:00,42,val,0.212,0.26540267
Selhausen,2023-06-23 16:00:00,42,val,0.209,0.2630676
Selhausen,2023-06-23 17:00:00,42,val,0.21,0.2603829
Selhausen,2023-06-23 18:00:00,42,val,0.206,0.2574523
Selhausen,2023-06-23 19:00:00,42,val,0.204,0.25458232
Selhausen,2023-06-23 20:00:00,42,val,0.203,0.25222403
Selhausen,2023-06-23 21:00:00,42,val,0.204,0.25028324
Selhausen,2023-06-23 22:00:00,42,val,0.204,0.24871078
Selhausen,2023-06-23 23:00:00,42,val,0.201,0.24726596
Selhausen,2023-06-24 00:00:00,42,val,0.2,0.24595363
Selhausen,2023-06-24 01:00:00,42,val,0.2,0.24458374
Selhausen,2023-06-24 02:00:00,42,val,0.199,0.24327378
Selhausen,2023-06-24 03:00:00,42,val,0.197,0.24190505
Selhausen,2023-06-24 04:00:00,42,val,0.198,0.24046883
Selhausen,2023-06-24 05:00:00,42,val,0.2,0.23945881
Selhausen,2023-06-24 06:00:00,42,val,0.198,0.2388624
Selhausen,2023-06-24 07:00:00,42,val,0.195,0.23845515
Selhausen,2023-06-24 08:00:00,42,val,0.196,0.23808736
Selhausen,2023-06-24 09:00:00,42,val,0.192,0.23773746
Selhausen,2023-06-24 10:00:00,42,val,0.195,0.237562
Selhausen,2023-06-24 11:00:00,42,val,0.202,0.23708184
Selhausen,2023-06-24 12:00:00,42,val,0.196,0.23651719
Selhausen,2023-06-24 13:00:00,42,val,0.198,0.23611802
Selhausen,2023-06-24 14:00:00,42,val,0.194,0.23544088
Selhausen,2023-06-24 15:00:00,42,val,0.197,0.23441502
Selhausen,2023-06-24 16:00:00,42,val,0.193,0.23271364
Selhausen,2023-06-24 17:00:00,42,val,0.193,0.23060606
Selhausen,2023-06-24 18:00:00,42,val,0.191,0.22841527
Selhausen,2023-06-24 19:00:00,42,val,0.192,0.22624552
Selhausen,2023-06-24 20:00:00,42,val,0.188,0.22433618
Selhausen,2023-06-24 21:00:00,42,val,0.188,0.22305289
Selhausen,2023-06-24 22:00:00,42,val,0.184,0.22208352
Selhausen,2023-06-24 23:00:00,42,val,0.186,0.22153184
Selhausen,2023-06-25 00:00:00,42,val,0.185,0.22099388
Selhausen,2023-06-25 01:00:00,42,val,0.184,0.22052407
Selhausen,2023-06-25 02:00:00,42,val,0.183,0.2195133
Selhausen,2023-06-25 03:00:00,42,val,0.182,0.21844184
Selhausen,2023-06-25 04:00:00,42,val,0.181,0.2173591
Selhausen,2023-06-25 05:00:00,42,val,0.183,0.21664058
Selhausen,2023-06-25 06:00:00,42,val,0.181,0.2164701
Selhausen,2023-06-25 07:00:00,42,val,0.184,0.21653369
Selhausen,2023-06-25 08:00:00,42,val,0.183,0.21666744
Selhausen,2023-06-25 09:00:00,42,val,0.184,0.21673135
Selhausen,2023-06-25 10:00:00,42,val,0.183,0.21672754
Selhausen,2023-06-25 11:00:00,42,val,0.185,0.21631007
Selhausen,2023-06-25 12:00:00,42,val,0.184,0.21574993
Selhausen,2023-06-25 13:00:00,42,val,0.183,0.21535963
Selhausen,2023-06-25 14:00:00,42,val,0.182,0.21493903
Selhausen,2023-06-25 15:00:00,42,val,0.182,0.21425241
Selhausen,2023-06-25 16:00:00,42,val,0.185,0.21309544
Selhausen,2023-06-25 17:00:00,42,val,0.186,0.21161358
Selhausen,2023-06-25 18:00:00,42,val,0.186,0.2098226
Selhausen,2023-06-25 19:00:00,42,val,0.183,0.20796506
Selhausen,2023-06-25 20:00:00,42,val,0.181,0.20641647
Selhausen,2023-06-25 21:00:00,42,val,0.179,0.20537072
Selhausen,2023-06-25 22:00:00,42,val,0.177,0.20483743
Selhausen,2023-06-25 23:00:00,42,val,0.18,0.20457362
Selhausen,2023-06-26 00:00:00,42,val,0.177,0.2044627
Selhausen,2023-06-26 01:00:00,42,val,0.175,0.20445377
Selhausen,2023-06-26 02:00:00,42,val,0.179,0.20439903
Selhausen,2023-06-26 03:00:00,42,val,0.178,0.20446599
Selhausen,2023-06-26 04:00:00,42,val,0.178,0.20462324
Selhausen,2023-06-26 05:00:00,42,val,0.176,0.20487142
Selhausen,2023-06-26 06:00:00,42,val,0.174,0.20512895
Selhausen,2023-06-26 07:00:00,42,val,0.178,0.20520712
Selhausen,2023-06-26 08:00:00,42,val,0.179,0.20525736
Selhausen,2023-06-26 09:00:00,42,val,0.179,0.2051745
Selhausen,2023-06-26 10:00:00,42,val,0.175,0.20489515
Selhausen,2023-06-26 11:00:00,42,val,0.178,0.20477311
Selhausen,2023-06-26 12:00:00,42,val,0.18,0.20464511
Selhausen,2023-06-26 13:00:00,42,val,0.179,0.20470996
Selhausen,2023-06-26 14:00:00,42,val,0.18,0.20455503
Selhausen,2023-06-26 15:00:00,42,val,0.182,0.20433852
Selhausen,2023-06-26 16:00:00,42,val,0.179,0.2038235
Selhausen,2023-06-26 17:00:00,42,val,0.179,0.20300263
Selhausen,2023-06-26 18:00:00,42,val,0.182,0.2018054
Selhausen,2023-06-26 19:00:00,42,val,0.182,0.20051554
Selhausen,2023-06-26 20:00:00,42,val,0.179,0.19919276
Selhausen,2023-06-26 21:00:00,42,val,0.18,0.19789185
Selhausen,2023-06-26 22:00:00,42,val,0.178,0.1964941
Selhausen,2023-06-26 23:00:00,42,val,0.176,0.19500843
Selhausen,2023-06-27 00:00:00,42,val,0.179,0.19331117
Selhausen,2023-06-27 01:00:00,42,val,0.179,0.19140583
Selhausen,2023-06-27 02:00:00,42,val,0.177,0.18933351
Selhausen,2023-06-27 03:00:00,42,val,0.178,0.18724824
Selhausen,2023-06-27 04:00:00,42,val,0.176,0.18542725
Selhausen,2023-06-27 05:00:00,42,val,0.178,0.18417235
Selhausen,2023-06-27 06:00:00,42,val,0.176,0.18340446
Selhausen,2023-06-27 07:00:00,42,val,0.178,0.18318401
Selhausen,2023-06-27 08:00:00,42,val,0.177,0.18344414
Selhausen,2023-06-27 09:00:00,42,val,0.18,0.18408355
Selhausen,2023-06-27 10:00:00,42,val,0.18,0.18489134
Selhausen,2023-06-27 11:00:00,42,val,0.1875,0.18591768
Selhausen,2023-06-27 12:00:00,42,val,0.182,0.18696937
Selhausen,2023-06-27 13:00:00,42,val,0.179,0.1879775
Selhausen,2023-06-27 14:00:00,42,val,0.179,0.18878411
Selhausen,2023-06-27 15:00:00,42,val,0.178,0.18932743
Selhausen,2023-06-27 16:00:00,42,val,0.177,0.18969415
Selhausen,2023-06-27 17:00:00,42,val,0.177,0.18983622
Selhausen,2023-06-27 18:00:00,42,val,0.179,0.18970293
Selhausen,2023-06-27 19:00:00,42,val,0.177,0.18927574
Selhausen,2023-06-27 20:00:00,42,val,0.175,0.1885995
Selhausen,2023-06-27 21:00:00,42,val,0.176,0.18770102
Selhausen,2023-06-27 22:00:00,42,val,0.175,0.18659265
Selhausen,2023-06-27 23:00:00,42,val,0.178,0.18595788
Selhausen,2023-06-28 00:00:00,42,val,0.174,0.18519957
Selhausen,2023-06-28 01:00:00,42,val,0.182,0.18387567
Selhausen,2023-06-28 02:00:00,42,val,0.183,0.18249066
Selhausen,2023-06-28 03:00:00,42,val,0.183,0.1812309
Selhausen,2023-06-28 04:00:00,42,val,0.185,0.18015216
Selhausen,2023-06-28 05:00:00,42,val,0.185,0.17967522
Selhausen,2023-06-28 06:00:00,42,val,0.185,0.17928417
Selhausen,2023-06-28 07:00:00,42,val,0.186,0.17938575
Selhausen,2023-06-28 08:00:00,42,val,0.187,0.179758
Selhausen,2023-06-28 09:00:00,42,val,0.191,0.18025297
Selhausen,2023-06-28 10:00:00,42,val,0.191,0.18079354
Selhausen,2023-06-28 11:00:00,42,val,0.192,0.18148303
Selhausen,2023-06-28 12:00:00,42,val,0.195,0.18233389
Selhausen,2023-06-28 13:00:00,42,val,0.195,0.18319124
Selhausen,2023-06-28 14:00:00,42,val,0.196,0.18397048
Selhausen,2023-06-28 15:00:00,42,val,0.196,0.184737
Selhausen,2023-06-28 16:00:00,42,val,0.193,0.18506625
Selhausen,2023-06-28 17:00:00,42,val,0.194,0.18504918
Selhausen,2023-06-28 18:00:00,42,val,0.193,0.1847455
Selhausen,2023-06-28 19:00:00,42,val,0.195,0.18421832
Selhausen,2023-06-28 20:00:00,42,val,0.191,0.18350282
Selhausen,2023-06-28 21:00:00,42,val,0.192,0.18286765
Selhausen,2023-06-28 22:00:00,42,val,0.19,0.18212277
Selhausen,2023-06-28 23:00:00,42,val,0.19,0.18133256
Selhausen,2023-06-29 00:00:00,42,val,0.188,0.18076552
Selhausen,2023-06-29 01:00:00,42,val,0.187,0.18029466
Selhausen,2023-06-29 02:00:00,42,val,0.186,0.17989798
Selhausen,2023-06-29 03:00:00,42,val,0.185,0.17969705
Selhausen,2023-06-29 04:00:00,42,val,0.1935,0.17957796
Selhausen,2023-06-29 05:00:00,42,val,0.185,0.17979844
Selhausen,2023-06-29 06:00:00,42,val,0.188,0.18027359
Selhausen,2023-06-29 07:00:00,42,val,0.19,0.18111548
Selhausen,2023-06-29 08:00:00,42,val,0.19,0.18194553
Selhausen,2023-06-29 09:00:00,42,val,0.19,0.1828076
Selhausen,2023-06-29 10:00:00,42,val,0.187,0.18368246
Selhausen,2023-06-29 11:00:00,42,val,0.189,0.18477307
Selhausen,2023-06-29 12:00:00,42,val,0.188,0.1856083
Selhausen,2023-06-29 13:00:00,42,val,0.193,0.1861818
Selhausen,2023-06-29 14:00:00,42,val,0.194,0.18641406
Selhausen,2023-06-29 15:00:00,42,val,0.191,0.18643957
Selhausen,2023-06-29 16:00:00,42,val,0.194,0.18606257
Selhausen,2023-06-29 17:00:00,42,val,0.19,0.18529303
Selhausen,2023-06-29 18:00:00,42,val,0.195,0.18451008
Selhausen,2023-06-29 19:00:00,42,val,0.191,0.18355967
Selhausen,2023-06-29 20:00:00,42,val,0.191,0.18242958
Selhausen,2023-06-29 21:00:00,42,val,0.19,0.18137285
Selhausen,2023-06-29 22:00:00,42,val,0.189,0.18037659
Selhausen,2023-06-29 23:00:00,42,val,0.188,0.18131569
Selhausen,2023-06-30 00:00:00,42,val,0.19,0.18213117
Selhausen,2023-06-30 01:00:00,42,val,0.186,0.18256721
Selhausen,2023-06-30 02:00:00,42,val,0.19,0.18267171
Selhausen,2023-06-30 03:00:00,42,val,0.19,0.1825541
Selhausen,2023-06-30 04:00:00,42,val,0.185,0.18257506
Selhausen,2023-06-30 05:00:00,42,val,0.186,0.1828247
Selhausen,2023-06-30 06:00:00,42,val,0.186,0.18327683
Selhausen,2023-06-30 07:00:00,42,val,0.184,0.18402901
Selhausen,2023-06-30 08:00:00,42,val,0.184,0.18517292
Selhausen,2023-06-30 09:00:00,42,val,0.19,0.18666823
Selhausen,2023-06-30 10:00:00,42,val,0.192,0.18845789
Selhausen,2023-06-30 11:00:00,42,val,0.189,0.19030836
Selhausen,2023-06-30 12:00:00,42,val,0.189,0.19231865
Selhausen,2023-06-30 13:00:00,42,val,0.191,0.19436252
Selhausen,2023-06-30 14:00:00,42,val,0.191,0.19647554
Selhausen,2023-06-30 15:00:00,42,val,0.191,0.1982339
Selhausen,2023-06-30 16:00:00,42,val,0.195,0.19947302
Selhausen,2023-06-30 17:00:00,42,val,0.193,0.19998795
Selhausen,2023-06-30 18:00:00,42,val,0.189,0.20003751
Selhausen,2023-06-30 19:00:00,42,val,0.188,0.19981667
Selhausen,2023-06-30 20:00:00,42,val,0.19,0.19923456
Selhausen,2023-06-30 21:00:00,42,val,0.186,0.19845882
Selhausen,2023-06-30 22:00:00,42,val,0.184,0.19737704
Selhausen,2023-06-30 23:00:00,42,val,0.186,0.19619226
Selhausen,2023-07-01 00:00:00,42,val,0.182,0.19476987
Selhausen,2023-07-01 01:00:00,42,val,0.179,0.19333017
Selhausen,2023-07-01 02:00:00,42,val,0.181,0.19183916
Selhausen,2023-07-01 03:00:00,42,val,0.181,0.19037104
Selhausen,2023-07-01 04:00:00,42,val,0.179,0.18966645
Selhausen,2023-07-01 05:00:00,42,val,0.182,0.18918061
Selhausen,2023-07-01 06:00:00,42,val,0.181,0.18893094
Selhausen,2023-07-09 09:00:00,42,val,0.165,0.1746837
Selhausen,2023-07-09 10:00:00,42,val,0.167,0.17479432
Selhausen,2023-07-09 11:00:00,42,val,0.169,0.17486008
Selhausen,2023-07-09 12:00:00,42,val,0.17,0.17512336
Selhausen,2023-07-09 13:00:00,42,val,0.175,0.17571087
Selhausen,2023-07-09 14:00:00,42,val,0.177,0.1765482
Selhausen,2023-07-09 15:00:00,42,val,0.18,0.17839946
Selhausen,2023-07-09 16:00:00,42,val,0.176,0.17951322
Selhausen,2023-07-09 17:00:00,42,val,0.175,0.17971843
Selhausen,2023-07-09 18:00:00,42,val,0.177,0.17923893
Selhausen,2023-07-09 19:00:00,42,val,0.175,0.17833751
Selhausen,2023-07-09 20:00:00,42,val,0.171,0.17722245
Selhausen,2023-07-09 21:00:00,42,val,0.17,0.17610519
Selhausen,2023-07-09 22:00:00,42,val,0.169,0.17497675
Selhausen,2023-07-09 23:00:00,42,val,0.164,0.17413943
Selhausen,2023-07-10 00:00:00,42,val,0.165,0.1735257
Selhausen,2023-07-10 01:00:00,42,val,0.164,0.17303447
Selhausen,2023-07-10 02:00:00,42,val,0.161,0.17261691
Selhausen,2023-07-10 03:00:00,42,val,0.163,0.172224
Selhausen,2023-07-10 04:00:00,42,val,0.162,0.17196271
Selhausen,2023-07-10 05:00:00,42,val,0.162,0.17181337
Selhausen,2023-07-10 06:00:00,42,val,0.16,0.17175974
Selhausen,2023-07-10 07:00:00,42,val,0.16,0.17196697
Selhausen,2023-07-10 08:00:00,42,val,0.161,0.17230015
Selhausen,2023-07-10 09:00:00,42,val,0.165,0.17262238
Selhausen,2023-07-10 10:00:00,42,val,0.162,0.17290354
Selhausen,2023-07-10 11:00:00,42,val,0.165,0.17324717
Selhausen,2023-07-10 12:00:00,42,val,0.167,0.1738661
Selhausen,2023-07-10 13:00:00,42,val,0.169,0.17500308
Selhausen,2023-07-10 14:00:00,42,val,0.171,0.17649129
Selhausen,2023-07-10 15:00:00,42,val,0.171,0.17834555
Selhausen,2023-07-10 16:00:00,42,val,0.168,0.17982431
Selhausen,2023-07-10 17:00:00,42,val,0.169,0.18055071
Selhausen,2023-07-10 18:00:00,42,val,0.167,0.18064086
Selhausen,2023-07-10 19:00:00,42,val,0.164,0.18021137
Selhausen,2023-07-10 20:00:00,42,val,0.167,0.17935771
Selhausen,2023-07-10 21:00:00,42,val,0.16,0.17767993
Selhausen,2023-07-10 22:00:00,42,val,0.163,0.17615788
Selhausen,2023-07-10 23:00:00,42,val,0.16,0.17471409
Selhausen,2023-07-11 00:00:00,42,val,0.158,0.17335792
Selhausen,2023-07-11 01:00:00,42,val,0.156,0.17187549
Selhausen,2023-07-11 02:00:00,42,val,0.155,0.1702528
Selhausen,2023-07-11 03:00:00,42,val,0.154,0.16859376
Selhausen,2023-07-11 04:00:00,42,val,0.157,0.16698313
Selhausen,2023-07-11 05:00:00,42,val,0.156,0.1657364
Selhausen,2023-07-11 06:00:00,42,val,0.155,0.16521828
Selhausen,2023-07-11 07:00:00,42,val,0.155,0.16521034
Selhausen,2023-07-11 08:00:00,42,val,0.156,0.16538855
Selhausen,2023-07-11 09:00:00,42,val,0.158,0.16569449
Selhausen,2023-07-11 10:00:00,42,val,0.156,0.16617572
Selhausen,2023-07-11 11:00:00,42,val,0.161,0.16704707
Selhausen,2023-07-11 12:00:00,42,val,0.161,0.16824159
Selhausen,2023-07-11 13:00:00,42,val,0.16,0.17019507
Selhausen,2023-07-11 14:00:00,42,val,0.163,0.17261502
Selhausen,2023-07-11 15:00:00,42,val,0.165,0.17511232
Selhausen,2023-07-11 16:00:00,42,val,0.163,0.17708237
Selhausen,2023-07-11 17:00:00,42,val,0.162,0.17840898
Selhausen,2023-07-11 18:00:00,42,val,0.161,0.1790569
Selhausen,2023-07-11 19:00:00,42,val,0.157,0.17901564
Selhausen,2023-07-11 20:00:00,42,val,0.159,0.17837557
Selhausen,2023-07-11 21:00:00,42,val,0.158,0.17745295
Selhausen,2023-07-11 22:00:00,42,val,0.156,0.17650238
Selhausen,2023-07-11 23:00:00,42,val,0.156,0.17536007
Selhausen,2023-07-12 00:00:00,42,val,0.154,0.1743184
Selhausen,2023-07-12 01:00:00,42,val,0.155,0.17352082
Selhausen,2023-07-12 02:00:00,42,val,0.156,0.17276584
Selhausen,2023-07-12 03:00:00,42,val,0.153,0.17218159
Selhausen,2023-07-12 04:00:00,42,val,0.151,0.17171423
Selhausen,2023-07-12 05:00:00,42,val,0.151,0.17114653
Selhausen,2023-07-12 06:00:00,42,val,0.152,0.17056888
Selhausen,2023-07-12 07:00:00,42,val,0.153,0.17000878
Selhausen,2023-07-12 08:00:00,42,val,0.151,0.16967668
Selhausen,2023-07-12 09:00:00,42,val,0.156,0.16991036
Selhausen,2023-07-12 10:00:00,42,val,0.155,0.17030889
Selhausen,2023-07-12 11:00:00,42,val,0.156,0.17093375
Selhausen,2023-07-12 12:00:00,42,val,0.16,0.17189094
Selhausen,2023-07-12 13:00:00,42,val,0.16,0.17294058
Selhausen,2023-07-12 14:00:00,42,val,0.161,0.17437162
Selhausen,2023-07-12 15:00:00,42,val,0.163,0.17598519
Selhausen,2023-07-12 16:00:00,42,val,0.162,0.17690644
Selhausen,2023-07-12 17:00:00,42,val,0.16,0.1775774
Selhausen,2023-07-12 18:00:00,42,val,0.16,0.17737767
Selhausen,2023-07-12 19:00:00,42,val,0.159,0.17643869
Selhausen,2023-07-12 20:00:00,42,val,0.158,0.17518753
Selhausen,2023-07-12 21:00:00,42,val,0.158,0.17342633
Selhausen,2023-07-12 22:00:00,42,val,0.154,0.17185575
Selhausen,2023-07-12 23:00:00,42,val,0.155,0.17012072
Selhausen,2023-07-13 00:00:00,42,val,0.152,0.16829051
Selhausen,2023-07-13 01:00:00,42,val,0.152,0.16610093
Selhausen,2023-07-13 02:00:00,42,val,0.155,0.16364485
Selhausen,2023-07-13 03:00:00,42,val,0.154,0.16137469
Selhausen,2023-07-13 04:00:00,42,val,0.15,0.15943713
Selhausen,2023-07-13 05:00:00,42,val,0.151,0.15769464
Selhausen,2023-07-13 06:00:00,42,val,0.15,0.15645027
Selhausen,2023-07-13 07:00:00,42,val,0.152,0.15570423
Selhausen,2023-07-13 08:00:00,42,val,0.152,0.15546022
Selhausen,2023-07-13 09:00:00,42,val,0.156,0.15603155
Selhausen,2023-07-13 10:00:00,42,val,0.152,0.15675935
Selhausen,2023-07-13 11:00:00,42,val,0.151,0.15788962
Selhausen,2023-07-13 12:00:00,42,val,0.152,0.15969075
Selhausen,2023-07-13 13:00:00,42,val,0.148,0.16154844
Selhausen,2023-07-13 14:00:00,42,val,0.156,0.16358212
Selhausen,2023-07-13 15:00:00,42,val,0.157,0.16559353
Selhausen,2023-07-13 16:00:00,42,val,0.155,0.16736028
Selhausen,2023-07-13 17:00:00,42,val,0.156,0.16865683
Selhausen,2023-07-13 18:00:00,42,val,0.15,0.16913083
Selhausen,2023-07-13 19:00:00,42,val,0.154,0.16892533
Selhausen,2023-07-13 20:00:00,42,val,0.152,0.16826144
Selhausen,2023-07-13 21:00:00,42,val,0.153,0.1674003
Selhausen,2023-07-13 22:00:00,42,val,0.15,0.16624767
Selhausen,2023-07-13 23:00:00,42,val,0.15,0.16476503
Selhausen,2023-07-14 00:00:00,42,val,0.15,0.16298199
Selhausen,2023-07-14 01:00:00,42,val,0.147,0.16100973
Selhausen,2023-07-14 02:00:00,42,val,0.148,0.15913135
Selhausen,2023-07-14 03:00:00,42,val,0.147,0.15738098
Selhausen,2023-07-14 04:00:00,42,val,0.147,0.15558903
Selhausen,2023-07-14 05:00:00,42,val,0.149,0.15405828
Selhausen,2023-07-14 06:00:00,42,val,0.148,0.15312985
Selhausen,2023-07-14 07:00:00,42,val,0.145,0.15281323
Selhausen,2023-07-14 08:00:00,42,val,0.148,0.15298232
Selhausen,2023-07-14 09:00:00,42,val,0.146,0.15368375
Selhausen,2023-07-14 10:00:00,42,val,0.15,0.154586
Selhausen,2023-07-14 11:00:00,42,val,0.147,0.15577272
Selhausen,2023-07-14 12:00:00,42,val,0.1619999999999999,0.15727013
Selhausen,2023-07-14 13:00:00,42,val,0.1495,0.15889429
Selhausen,2023-07-14 14:00:00,42,val,0.154,0.16073991
Selhausen,2023-07-14 15:00:00,42,val,0.156,0.16278723
Selhausen,2023-07-14 16:00:00,42,val,0.1664999999999999,0.16439143
Selhausen,2023-07-14 17:00:00,42,val,0.156,0.16514125
Selhausen,2023-07-14 18:00:00,42,val,0.153,0.16530627
Selhausen,2023-07-14 19:00:00,42,val,0.151,0.16480824
Selhausen,2023-07-14 20:00:00,42,val,0.152,0.1641388
Selhausen,2023-07-14 21:00:00,42,val,0.15,0.16307458
Selhausen,2023-07-14 22:00:00,42,val,0.148,0.16185662
Selhausen,2023-07-14 23:00:00,42,val,0.147,0.16074972
Selhausen,2023-07-15 00:00:00,42,val,0.148,0.15959552
Selhausen,2023-07-15 01:00:00,42,val,0.149,0.15850425
Selhausen,2023-07-15 02:00:00,42,val,0.145,0.1578424
Selhausen,2023-07-15 03:00:00,42,val,0.146,0.1573866
Selhausen,2023-07-15 04:00:00,42,val,0.146,0.15712026
Selhausen,2023-07-15 05:00:00,42,val,0.145,0.15716328
Selhausen,2023-07-15 06:00:00,42,val,0.145,0.15755197
Selhausen,2023-07-15 07:00:00,42,val,0.144,0.15800439
Selhausen,2023-07-15 08:00:00,42,val,0.15,0.15846479
Selhausen,2023-07-15 09:00:00,42,val,0.147,0.15962824
Selhausen,2023-07-15 10:00:00,42,val,0.151,0.16071297
Selhausen,2023-07-15 11:00:00,42,val,0.152,0.16163588
Selhausen,2023-07-15 12:00:00,42,val,0.154,0.16214344
Selhausen,2023-07-15 13:00:00,42,val,0.156,0.16198982
Selhausen,2023-07-15 14:00:00,42,val,0.155,0.16204359
Selhausen,2023-07-15 15:00:00,42,val,0.156,0.16196854
Selhausen,2023-07-15 16:00:00,42,val,0.161,0.16181521
Selhausen,2023-07-15 17:00:00,42,val,0.155,0.16184047
Selhausen,2023-07-15 18:00:00,42,val,0.156,0.16156909
Selhausen,2023-07-15 19:00:00,42,val,0.151,0.16238877
Selhausen,2023-07-15 20:00:00,42,val,0.151,0.16196597
Selhausen,2023-07-15 21:00:00,42,val,0.149,0.16117491
Selhausen,2023-07-15 22:00:00,42,val,0.15,0.15961242
Selhausen,2023-07-15 23:00:00,42,val,0.151,0.15811548
Selhausen,2023-07-16 00:00:00,42,val,0.147,0.15645963
Selhausen,2023-07-16 01:00:00,42,val,0.146,0.15469877
Selhausen,2023-07-16 02:00:00,42,val,0.147,0.1529673
Selhausen,2023-07-16 03:00:00,42,val,0.142,0.1514808
Selhausen,2023-07-16 04:00:00,42,val,0.145,0.15040633
Selhausen,2023-07-16 05:00:00,42,val,0.143,0.149506
Selhausen,2023-07-16 06:00:00,42,val,0.145,0.14889792
Selhausen,2023-07-16 07:00:00,42,val,0.144,0.14866951
Selhausen,2023-07-16 08:00:00,42,val,0.146,0.14904684
Selhausen,2023-07-16 09:00:00,42,val,0.146,0.149505
Selhausen,2023-07-16 10:00:00,42,val,0.149,0.15051201
Selhausen,2023-07-16 11:00:00,42,val,0.149,0.1516736
Selhausen,2023-07-16 12:00:00,42,val,0.153,0.15370795
Selhausen,2023-07-16 13:00:00,42,val,0.154,0.15529884
Selhausen,2023-07-16 14:00:00,42,val,0.156,0.15695953
Selhausen,2023-07-16 15:00:00,42,val,0.158,0.15869196
Selhausen,2023-07-16 16:00:00,42,val,0.159,0.16044952
Selhausen,2023-07-16 17:00:00,42,val,0.158,0.16165176
Selhausen,2023-07-16 18:00:00,42,val,0.155,0.16206159
Selhausen,2023-07-16 19:00:00,42,val,0.155,0.16136311
Selhausen,2023-07-16 20:00:00,42,val,0.151,0.16038102
Selhausen,2023-07-16 21:00:00,42,val,0.15,0.15902853
Selhausen,2023-07-16 22:00:00,42,val,0.15,0.15752195
Selhausen,2023-07-16 23:00:00,42,val,0.147,0.15573424
Selhausen,2023-07-17 00:00:00,42,val,0.147,0.1538375
Selhausen,2023-07-17 01:00:00,42,val,0.146,0.15218695
Selhausen,2023-07-17 02:00:00,42,val,0.148,0.1507532
Selhausen,2023-07-17 03:00:00,42,val,0.147,0.14940226
Selhausen,2023-07-17 04:00:00,42,val,0.143,0.14829281
Selhausen,2023-07-17 05:00:00,42,val,0.143,0.14733249
Selhausen,2023-07-17 06:00:00,42,val,0.143,0.14680046
Selhausen,2023-07-17 07:00:00,42,val,0.146,0.14676386
Selhausen,2023-07-17 08:00:00,42,val,0.145,0.1472371
Selhausen,2023-07-17 09:00:00,42,val,0.143,0.1480425
Selhausen,2023-07-17 10:00:00,42,val,0.147,0.14943068
Selhausen,2023-07-17 11:00:00,42,val,0.146,0.15094137
Selhausen,2023-07-17 12:00:00,42,val,0.153,0.15279472
Selhausen,2023-07-17 13:00:00,42,val,0.149,0.15504621
Selhausen,2023-07-17 14:00:00,42,val,0.155,0.15734558
Selhausen,2023-07-17 15:00:00,42,val,0.158,0.1595429
Selhausen,2023-07-17 16:00:00,42,val,0.154,0.16134006
Selhausen,2023-07-17 17:00:00,42,val,0.155,0.16309121
Selhausen,2023-07-17 18:00:00,42,val,0.15,0.16397184
Selhausen,2023-07-17 19:00:00,42,val,0.152,0.16368495
Selhausen,2023-07-17 20:00:00,42,val,0.151,0.16310754
Selhausen,2023-07-17 21:00:00,42,val,0.15,0.1619208
Selhausen,2023-07-17 22:00:00,42,val,0.148,0.1605455
Selhausen,2023-07-17 23:00:00,42,val,0.145,0.15893337
Selhausen,2023-07-18 00:00:00,42,val,0.147,0.15706933
Selhausen,2023-07-18 01:00:00,42,val,0.144,0.1548432
Selhausen,2023-07-18 02:00:00,42,val,0.146,0.15265587
Selhausen,2023-07-18 03:00:00,42,val,0.142,0.15025952
Selhausen,2023-07-18 04:00:00,42,val,0.146,0.14811201
Selhausen,2023-07-18 05:00:00,42,val,0.143,0.14616671
Selhausen,2023-07-18 06:00:00,42,val,0.142,0.14473245
Selhausen,2023-07-18 07:00:00,42,val,0.144,0.14391482
Selhausen,2023-07-18 08:00:00,42,val,0.145,0.14388165
Selhausen,2023-07-18 09:00:00,42,val,0.146,0.14483722
Selhausen,2023-07-18 10:00:00,42,val,0.145,0.14617273
Selhausen,2023-07-18 11:00:00,42,val,0.146,0.14769569
Selhausen,2023-07-18 12:00:00,42,val,0.152,0.14946218
Selhausen,2023-07-18 13:00:00,42,val,0.151,0.15148403
Selhausen,2023-07-18 14:00:00,42,val,0.151,0.15367892
Selhausen,2023-07-18 15:00:00,42,val,0.15,0.15586898
Selhausen,2023-07-18 16:00:00,42,val,0.148,0.15808535
Selhausen,2023-07-18 17:00:00,42,val,0.152,0.15971766
Selhausen,2023-07-18 18:00:00,42,val,0.151,0.16054878
Selhausen,2023-07-18 19:00:00,42,val,0.148,0.16091378
Selhausen,2023-07-18 20:00:00,42,val,0.145,0.16056314
Selhausen,2023-07-18 21:00:00,42,val,0.15,0.15968765
Selhausen,2023-07-18 22:00:00,42,val,0.145,0.15855844
Selhausen,2023-07-18 23:00:00,42,val,0.144,0.15710221
Selhausen,2023-07-19 00:00:00,42,val,0.147,0.15545976
Selhausen,2023-07-19 01:00:00,42,val,0.142,0.15366696
Selhausen,2023-07-19 02:00:00,42,val,0.142,0.15197319
Selhausen,2023-07-19 03:00:00,42,val,0.14,0.15039799
Selhausen,2023-07-19 04:00:00,42,val,0.143,0.1487502
Selhausen,2023-07-19 05:00:00,42,val,0.144,0.1472928
Selhausen,2023-07-19 06:00:00,42,val,0.142,0.14630502
Selhausen,2023-07-19 07:00:00,42,val,0.142,0.14586213
Selhausen,2023-07-19 08:00:00,42,val,0.145,0.14592782
Selhausen,2023-07-19 09:00:00,42,val,0.142,0.14621568
Selhausen,2023-07-19 10:00:00,42,val,0.144,0.14685085
Selhausen,2023-07-19 11:00:00,42,val,0.143,0.14789245
Selhausen,2023-07-19 12:00:00,42,val,0.144,0.14930281
Selhausen,2023-07-19 13:00:00,42,val,0.144,0.15092416
Selhausen,2023-07-19 14:00:00,42,val,0.146,0.1530186
Selhausen,2023-07-19 15:00:00,42,val,0.142,0.15582128
Selhausen,2023-07-19 16:00:00,42,val,0.143,0.15817448
Selhausen,2023-07-19 17:00:00,42,val,0.142,0.15979667
Selhausen,2023-07-19 18:00:00,42,val,0.142,0.16051143
Selhausen,2023-07-19 19:00:00,42,val,0.146,0.16041495
Selhausen,2023-07-19 20:00:00,42,val,0.141,0.15979034
Selhausen,2023-07-19 21:00:00,42,val,0.142,0.15879753
Selhausen,2023-07-19 22:00:00,42,val,0.139,0.15736867
Selhausen,2023-07-19 23:00:00,42,val,0.139,0.15557823
Selhausen,2023-07-20 00:00:00,42,val,0.138,0.15380462
Selhausen,2023-07-20 01:00:00,42,val,0.139,0.15203217
Selhausen,2023-07-20 02:00:00,42,val,0.14,0.1503292
Selhausen,2023-07-20 03:00:00,42,val,0.14,0.14870098
Selhausen,2023-07-20 04:00:00,42,val,0.136,0.14731544
Selhausen,2023-07-20 05:00:00,42,val,0.136,0.14612085
Selhausen,2023-07-20 06:00:00,42,val,0.137,0.14529827
Selhausen,2023-07-20 07:00:00,42,val,0.136,0.1449101
Selhausen,2023-07-20 08:00:00,42,val,0.139,0.14510357
Selhausen,2023-07-29 03:00:00,42,val,0.231,0.20662099
Selhausen,2023-07-29 04:00:00,42,val,0.228,0.20688912
Selhausen,2023-07-29 05:00:00,42,val,0.23,0.20738871
Selhausen,2023-07-29 06:00:00,42,val,0.228,0.2081595
Selhausen,2023-07-29 07:00:00,42,val,0.231,0.20916928
Selhausen,2023-07-29 08:00:00,42,val,0.231,0.21028216
Selhausen,2023-07-29 09:00:00,42,val,0.236,0.21151064
Selhausen,2023-07-29 10:00:00,42,val,0.232,0.21306004
Selhausen,2023-07-29 11:00:00,42,val,0.235,0.21467835
Selhausen,2023-07-29 12:00:00,42,val,0.236,0.21624565
Selhausen,2023-07-29 13:00:00,42,val,0.231,0.21771318
Selhausen,2023-07-29 14:00:00,42,val,0.235,0.21988466
Selhausen,2023-07-29 15:00:00,42,val,0.228,0.22173986
Selhausen,2023-07-29 16:00:00,42,val,0.231,0.22313723
Selhausen,2023-07-29 17:00:00,42,val,0.236,0.22468379
Selhausen,2023-07-29 18:00:00,42,val,0.236,0.22616279
Selhausen,2023-07-29 19:00:00,42,val,0.24,0.22726777
Selhausen,2023-07-29 20:00:00,42,val,0.251,0.2280055
Selhausen,2023-07-29 21:00:00,42,val,0.269,0.2284447
Selhausen,2023-07-29 22:00:00,42,val,0.265,0.22862345
Selhausen,2023-07-29 23:00:00,42,val,0.286,0.2283184
Selhausen,2023-07-30 00:00:00,42,val,0.283,0.22767125
Selhausen,2023-07-30 01:00:00,42,val,0.281,0.2267212
Selhausen,2023-07-30 02:00:00,42,val,0.32,0.22545463
Selhausen,2023-07-30 03:00:00,42,val,0.294,0.2241572
Selhausen,2023-07-30 04:00:00,42,val,0.29,0.22300892
Selhausen,2023-07-30 05:00:00,42,val,0.293,0.22177377
Selhausen,2023-07-30 06:00:00,42,val,0.287,0.22092213
Selhausen,2023-07-30 07:00:00,42,val,0.286,0.22027358
Selhausen,2023-07-30 08:00:00,42,val,0.284,0.21993822
Selhausen,2023-07-30 09:00:00,42,val,0.271,0.21976487
Selhausen,2023-07-30 10:00:00,42,val,0.26,0.21994023
Selhausen,2023-07-30 11:00:00,42,val,0.266,0.22044623
Selhausen,2023-07-30 12:00:00,42,val,0.26,0.22128521
Selhausen,2023-07-30 13:00:00,42,val,0.259,0.22218649
Selhausen,2023-07-30 14:00:00,42,val,0.255,0.22297224
Selhausen,2023-07-30 15:00:00,42,val,0.258,0.22333641
Selhausen,2023-07-30 16:00:00,42,val,0.256,0.22343117
Selhausen,2023-07-30 17:00:00,42,val,0.248,0.223013
Selhausen,2023-07-30 18:00:00,42,val,0.249,0.2223349
Selhausen,2023-07-30 19:00:00,42,val,0.249,0.22150905
Selhausen,2023-07-30 20:00:00,42,val,0.248,0.22104162
Selhausen,2023-07-30 21:00:00,42,val,0.248,0.22029668
Selhausen,2023-07-30 22:00:00,42,val,0.251,0.21923839
Selhausen,2023-07-30 23:00:00,42,val,0.249,0.21852516
Selhausen,2023-07-31 00:00:00,42,val,0.247,0.21805109
Selhausen,2023-07-31 01:00:00,42,val,0.247,0.21758719
Selhausen,2023-07-31 02:00:00,42,val,0.248,0.21738207
Selhausen,2023-07-31 03:00:00,42,val,0.25,0.21736808
Selhausen,2023-07-31 04:00:00,42,val,0.245,0.21747431
Selhausen,2023-07-31 05:00:00,42,val,0.252,0.21783674
Selhausen,2023-07-31 06:00:00,42,val,0.248,0.21857806
Selhausen,2023-07-31 07:00:00,42,val,0.256,0.21952333
Selhausen,2023-07-31 08:00:00,42,val,0.26,0.22063775
Selhausen,2023-07-31 09:00:00,42,val,0.258,0.22207145
Selhausen,2023-07-31 10:00:00,42,val,0.266,0.22361189
Selhausen,2023-07-31 11:00:00,42,val,0.253,0.22519311
Selhausen,2023-07-31 12:00:00,42,val,0.265,0.22697783
Selhausen,2023-07-31 13:00:00,42,val,0.273,0.22865465
Selhausen,2023-07-31 14:00:00,42,val,0.268,0.23018295
Selhausen,2023-07-31 15:00:00,42,val,0.277,0.23121853
Selhausen,2023-07-31 16:00:00,42,val,0.272,0.23202845
Selhausen,2023-07-31 17:00:00,42,val,0.261,0.23273757
Selhausen,2023-07-31 18:00:00,42,val,0.283,0.23338458
Selhausen,2023-07-31 19:00:00,42,val,0.284,0.23397014
Selhausen,2023-07-31 20:00:00,42,val,0.279,0.23488955
Selhausen,2023-07-31 21:00:00,42,val,0.275,0.2364247
Selhausen,2023-07-31 22:00:00,42,val,0.277,0.23835684
Selhausen,2023-07-31 23:00:00,42,val,0.276,0.24136068
Selhausen,2023-08-01 00:00:00,42,val,0.288,0.24444531
Selhausen,2023-08-01 01:00:00,42,val,0.273,0.2474899
Selhausen,2023-08-01 02:00:00,42,val,0.28,0.25204378
Selhausen,2023-08-01 03:00:00,42,val,0.286,0.25561133
Selhausen,2023-08-01 04:00:00,42,val,0.279,0.25820035
Selhausen,2023-08-01 05:00:00,42,val,0.283,0.26024145
Selhausen,2023-08-01 06:00:00,42,val,0.281,0.26168296
Selhausen,2023-08-01 07:00:00,42,val,0.278,0.26278353
Selhausen,2023-08-01 08:00:00,42,val,0.283,0.2637215
Selhausen,2023-08-01 09:00:00,42,val,0.277,0.264218
Selhausen,2023-08-01 10:00:00,42,val,0.287,0.2641039
Selhausen,2023-08-01 11:00:00,42,val,0.2775,0.2638212
Selhausen,2023-08-01 12:00:00,42,val,0.277,0.2631234
Selhausen,2023-08-01 13:00:00,42,val,0.277,0.26210928
Selhausen,2023-08-01 14:00:00,42,val,0.275,0.2609191
Selhausen,2023-08-01 15:00:00,42,val,0.276,0.2595925
Selhausen,2023-08-01 16:00:00,42,val,0.267,0.25807458
Selhausen,2023-08-01 17:00:00,42,val,0.285,0.25606555
Selhausen,2023-08-01 18:00:00,42,val,0.284,0.25377333
Selhausen,2023-08-01 19:00:00,42,val,0.283,0.25148815
Selhausen,2023-08-01 20:00:00,42,val,0.281,0.24937974
Selhausen,2023-08-01 21:00:00,42,val,0.28,0.24719745
Selhausen,2023-08-01 22:00:00,42,val,0.281,0.24518885
Selhausen,2023-08-01 23:00:00,42,val,0.276,0.24328904
Selhausen,2023-08-02 00:00:00,42,val,0.275,0.24125773
Selhausen,2023-08-02 01:00:00,42,val,0.276,0.23927471
Selhausen,2023-08-02 02:00:00,42,val,0.275,0.23753169
Selhausen,2023-08-02 03:00:00,42,val,0.277,0.2360421
Selhausen,2023-08-02 04:00:00,42,val,0.272,0.23468822
Selhausen,2023-08-02 05:00:00,42,val,0.274,0.23402223
Selhausen,2023-08-02 06:00:00,42,val,0.268,0.23400605
Selhausen,2023-08-02 07:00:00,42,val,0.267,0.2346079
Selhausen,2023-08-02 08:00:00,42,val,0.269,0.23586167
Selhausen,2023-08-02 09:00:00,42,val,0.266,0.23751877
Gevenich,2025-04-01 12:00:00,42,test,0.212,0.20387882
Gevenich,2025-04-01 13:00:00,42,test,0.213,0.20425159
Gevenich,2025-04-01 14:00:00,42,test,0.211,0.20475926
Gevenich,2025-04-01 15:00:00,42,test,0.21,0.20533286
Gevenich,2025-04-01 16:00:00,42,test,0.209,0.20593534
Gevenich,2025-04-01 17:00:00,42,test,0.208,0.20634773
Gevenich,2025-04-01 18:00:00,42,test,0.209,0.20658928
Gevenich,2025-04-01 19:00:00,42,test,0.208,0.20641698
Gevenich,2025-04-01 20:00:00,42,test,0.2065,0.20577739
Gevenich,2025-04-01 21:00:00,42,test,0.208,0.2047257
Gevenich,2025-04-01 22:00:00,42,test,0.2085,0.20347184
Gevenich,2025-04-01 23:00:00,42,test,0.2075,0.20191637
Gevenich,2025-04-02 00:00:00,42,test,0.207,0.20027256
Gevenich,2025-04-02 01:00:00,42,test,0.209,0.19857648
Gevenich,2025-04-02 02:00:00,42,test,0.2085,0.19710915
Gevenich,2025-04-02 03:00:00,42,test,0.208,0.19614467
Gevenich,2025-04-02 04:00:00,42,test,0.207,0.19547252
Gevenich,2025-04-02 05:00:00,42,test,0.2065,0.1951678
Gevenich,2025-04-02 06:00:00,42,test,0.2035,0.1951738
Gevenich,2025-04-02 07:00:00,42,test,0.208,0.19548093
Gevenich,2025-04-02 08:00:00,42,test,0.207,0.1960085
Gevenich,2025-04-02 09:00:00,42,test,0.207,0.19651797
Gevenich,2025-04-02 10:00:00,42,test,0.208,0.19695266
Gevenich,2025-04-02 11:00:00,42,test,0.208,0.1972343
Gevenich,2025-04-02 12:00:00,42,test,0.2075,0.19731794
Gevenich,2025-04-02 13:00:00,42,test,0.2045,0.1973041
Gevenich,2025-04-02 14:00:00,42,test,0.206,0.19735758
Gevenich,2025-04-02 15:00:00,42,test,0.2055,0.19757122
Gevenich,2025-04-02 16:00:00,42,test,0.2035,0.1978382
Gevenich,2025-04-02 17:00:00,42,test,0.203,0.19794564
Gevenich,2025-04-02 18:00:00,42,test,0.2025,0.19784348
Gevenich,2025-04-02 19:00:00,42,test,0.2015,0.19740872
Gevenich,2025-04-02 20:00:00,42,test,0.202,0.19660085
Gevenich,2025-04-02 21:00:00,42,test,0.202,0.1952949
Gevenich,2025-04-02 22:00:00,42,test,0.2005,0.19378908
Gevenich,2025-04-02 23:00:00,42,test,0.201,0.19218525
Gevenich,2025-04-03 00:00:00,42,test,0.202,0.19071372
Gevenich,2025-04-03 01:00:00,42,test,0.2015,0.18938655
Gevenich,2025-04-03 02:00:00,42,test,0.201,0.18829168
Gevenich,2025-04-03 03:00:00,42,test,0.2005,0.18757157
Gevenich,2025-04-03 04:00:00,42,test,0.202,0.1872541
Gevenich,2025-04-03 05:00:00,42,test,0.1985,0.18727715
Gevenich,2025-04-03 06:00:00,42,test,0.2,0.18763399
Gevenich,2025-04-03 07:00:00,42,test,0.2,0.18809406
Gevenich,2025-04-03 08:00:00,42,test,0.1995,0.18848383
Gevenich,2025-04-03 09:00:00,42,test,0.2015,0.18874048
Gevenich,2025-04-03 10:00:00,42,test,0.1985,0.18887013
Gevenich,2025-04-03 11:00:00,42,test,0.1975,0.18897945
Gevenich,2025-04-03 12:00:00,42,test,0.199,0.18909
Gevenich,2025-04-03 13:00:00,42,test,0.201,0.1892971
Gevenich,2025-04-03 14:00:00,42,test,0.201,0.1895448
Gevenich,2025-04-03 15:00:00,42,test,0.198,0.18979588
Gevenich,2025-04-03 16:00:00,42,test,0.1955,0.18997672
Gevenich,2025-04-03 17:00:00,42,test,0.1965,0.19003168
Gevenich,2025-04-03 18:00:00,42,test,0.1955,0.18987875
Gevenich,2025-04-03 19:00:00,42,test,0.194,0.1894203
Gevenich,2025-04-03 20:00:00,42,test,0.1955,0.18844876
Gevenich,2025-04-03 21:00:00,42,test,0.194,0.18725866
Gevenich,2025-04-03 22:00:00,42,test,0.1935,0.18582404
Gevenich,2025-04-03 23:00:00,42,test,0.193,0.18420295
Gevenich,2025-04-04 00:00:00,42,test,0.195,0.18255186
Gevenich,2025-04-04 01:00:00,42,test,0.193,0.18119417
Gevenich,2025-04-04 02:00:00,42,test,0.194,0.18007334
Gevenich,2025-04-04 03:00:00,42,test,0.195,0.17928766
Gevenich,2025-04-04 04:00:00,42,test,0.194,0.17878619
Gevenich,2025-04-04 05:00:00,42,test,0.1925,0.1786323
Gevenich,2025-04-04 06:00:00,42,test,0.1935,0.17871957
Gevenich,2025-04-04 07:00:00,42,test,0.1935,0.17915615
Gevenich,2025-04-04 08:00:00,42,test,0.193,0.17975157
Gevenich,2025-04-04 09:00:00,42,test,0.193,0.18027255
Gevenich,2025-04-04 10:00:00,42,test,0.1915,0.1807776
Gevenich,2025-04-04 11:00:00,42,test,0.191,0.181278
Gevenich,2025-04-04 12:00:00,42,test,0.1905,0.18173918
Gevenich,2025-04-04 13:00:00,42,test,0.1915,0.18222272
Gevenich,2025-04-04 14:00:00,42,test,0.191,0.18281904
Gevenich,2025-04-04 15:00:00,42,test,0.19,0.18353322
Gevenich,2025-04-04 16:00:00,42,test,0.191,0.18410794
Gevenich,2025-04-04 17:00:00,42,test,0.189,0.18449987
Gevenich,2025-04-04 18:00:00,42,test,0.188,0.18460682
Gevenich,2025-04-04 19:00:00,42,test,0.1895,0.1842815
Gevenich,2025-04-04 20:00:00,42,test,0.189,0.18358797
Gevenich,2025-04-04 21:00:00,42,test,0.189,0.18250573
Gevenich,2025-04-04 22:00:00,42,test,0.189,0.18108909
Gevenich,2025-04-04 23:00:00,42,test,0.1895,0.17942679
Gevenich,2025-04-05 00:00:00,42,test,0.187,0.17788592
Gevenich,2025-04-05 01:00:00,42,test,0.188,0.17645524
Gevenich,2025-04-05 02:00:00,42,test,0.188,0.17526394
Gevenich,2025-04-05 03:00:00,42,test,0.1855,0.17428431
Gevenich,2025-04-05 04:00:00,42,test,0.188,0.17374834
Gevenich,2025-05-04 07:00:00,42,test,0.1795,0.17233627
Gevenich,2025-05-04 08:00:00,42,test,0.181,0.1721541
Gevenich,2025-05-04 09:00:00,42,test,0.181,0.17191532
Gevenich,2025-05-04 10:00:00,42,test,0.183,0.17167741
Gevenich,2025-05-04 11:00:00,42,test,0.1815,0.17151082
Gevenich,2025-05-04 12:00:00,42,test,0.1815,0.17166224
Gevenich,2025-05-04 13:00:00,42,test,0.184,0.17204829
Gevenich,2025-05-04 14:00:00,42,test,0.1835,0.17290147
Gevenich,2025-05-04 15:00:00,42,test,0.1835,0.17378491
Gevenich,2025-05-04 16:00:00,42,test,0.184,0.17502986
Gevenich,2025-05-04 17:00:00,42,test,0.1845,0.17647287
Gevenich,2025-05-04 18:00:00,42,test,0.1835,0.17780302
Gevenich,2025-05-04 19:00:00,42,test,0.1845,0.17883167
Gevenich,2025-05-04 20:00:00,42,test,0.183,0.17936774
Gevenich,2025-05-04 21:00:00,42,test,0.181,0.17938541
Gevenich,2025-05-04 22:00:00,42,test,0.18,0.17889076
Gevenich,2025-05-04 23:00:00,42,test,0.1805,0.17801806
Gevenich,2025-05-05 00:00:00,42,test,0.1805,0.17680703
Gevenich,2025-05-05 01:00:00,42,test,0.184,0.17532404
Gevenich,2025-05-05 02:00:00,42,test,0.1795,0.17388737
Gevenich,2025-05-05 03:00:00,42,test,0.181,0.1725763
Gevenich,2025-05-05 04:00:00,42,test,0.1805,0.1714395
Gevenich,2025-05-05 05:00:00,42,test,0.1805,0.17067736
Gevenich,2025-05-05 06:00:00,42,test,0.18,0.17011902
Gevenich,2025-05-05 07:00:00,42,test,0.18,0.16965292
Gevenich,2025-05-05 08:00:00,42,test,0.1815,0.16923973
Gevenich,2025-05-05 09:00:00,42,test,0.1795,0.16880715
Gevenich,2025-05-05 10:00:00,42,test,0.181,0.16829082
Gevenich,2025-05-05 11:00:00,42,test,0.18,0.16808738
Gevenich,2025-05-05 12:00:00,42,test,0.1825,0.16819012
Gevenich,2025-05-05 13:00:00,42,test,0.1835,0.16858622
Gevenich,2025-05-05 14:00:00,42,test,0.1815,0.16931824
Gevenich,2025-05-05 15:00:00,42,test,0.1825,0.17049018
Gevenich,2025-05-05 16:00:00,42,test,0.1825,0.17198466
Gevenich,2025-05-05 17:00:00,42,test,0.186,0.17353867
Gevenich,2025-05-05 18:00:00,42,test,0.1815,0.17496431
Gevenich,2025-05-05 19:00:00,42,test,0.1825,0.17613932
Gevenich,2025-05-05 20:00:00,42,test,0.183,0.17698246
Gevenich,2025-05-05 21:00:00,42,test,0.182,0.17717516
Gevenich,2025-05-05 22:00:00,42,test,0.181,0.17666595
Gevenich,2025-05-05 23:00:00,42,test,0.181,0.17572609
Gevenich,2025-05-06 00:00:00,42,test,0.1785,0.17442383
Gevenich,2025-05-06 01:00:00,42,test,0.1805,0.17296143
Gevenich,2025-05-06 02:00:00,42,test,0.1805,0.17151326
Gevenich,2025-05-06 03:00:00,42,test,0.185,0.17020349
Gevenich,2025-05-06 04:00:00,42,test,0.181,0.16910851
Gevenich,2025-05-06 05:00:00,42,test,0.18,0.16818723
Gevenich,2025-05-06 06:00:00,42,test,0.1795,0.16754285
Gevenich,2025-05-06 07:00:00,42,test,0.18,0.1669896
Gevenich,2025-05-06 08:00:00,42,test,0.1795,0.16647032
Gevenich,2025-05-06 09:00:00,42,test,0.1805,0.16590449
Gevenich,2025-05-06 10:00:00,42,test,0.18,0.16549964
Gevenich,2025-05-06 11:00:00,42,test,0.1815,0.16518417
Gevenich,2025-05-06 12:00:00,42,test,0.1805,0.16509232
Gevenich,2025-05-06 13:00:00,42,test,0.1795,0.16555424
Gevenich,2025-05-06 14:00:00,42,test,0.1845,0.16655636
Gevenich,2025-05-06 15:00:00,42,test,0.1825,0.16801344
Gevenich,2025-05-06 16:00:00,42,test,0.1835,0.16978393
Gevenich,2025-05-06 17:00:00,42,test,0.1835,0.17150879
Gevenich,2025-05-06 18:00:00,42,test,0.1815,0.173004
Gevenich,2025-05-06 19:00:00,42,test,0.183,0.17420256
Gevenich,2025-05-06 20:00:00,42,test,0.182,0.17484953
Gevenich,2025-05-06 21:00:00,42,test,0.181,0.1748709
Gevenich,2025-05-06 22:00:00,42,test,0.1805,0.17421737
Gevenich,2025-05-06 23:00:00,42,test,0.1785,0.17315146
Gevenich,2025-05-07 00:00:00,42,test,0.179,0.17181785
Gevenich,2025-05-07 01:00:00,42,test,0.18,0.17056184
Gevenich,2025-05-07 02:00:00,42,test,0.1775,0.16928947
Gevenich,2025-05-07 03:00:00,42,test,0.1805,0.16832058
Gevenich,2025-05-07 04:00:00,42,test,0.178,0.16743189
Gevenich,2025-05-07 05:00:00,42,test,0.178,0.16681632
Gevenich,2025-05-07 06:00:00,42,test,0.179,0.16638738
Gevenich,2025-05-07 07:00:00,42,test,0.179,0.1660573
Gevenich,2025-05-07 08:00:00,42,test,0.1785,0.16570893
Gevenich,2025-05-07 09:00:00,42,test,0.179,0.16533996
Gevenich,2025-05-07 10:00:00,42,test,0.1805,0.16502789
Gevenich,2025-05-07 11:00:00,42,test,0.1815,0.16471134
Gevenich,2025-05-07 12:00:00,42,test,0.181,0.16482757
Gevenich,2025-05-07 13:00:00,42,test,0.1805,0.16543272
Gevenich,2025-05-07 14:00:00,42,test,0.182,0.16632271
Gevenich,2025-05-21 13:00:00,42,test,0.155,0.15417477
Gevenich,2025-05-21 14:00:00,42,test,0.1555,0.15479195
Gevenich,2025-05-21 15:00:00,42,test,0.155,0.15567048
Gevenich,2025-05-21 16:00:00,42,test,0.156,0.15637565
Gevenich,2025-05-21 17:00:00,42,test,0.1555,0.15686981
Gevenich,2025-05-21 18:00:00,42,test,0.155,0.15713888
Gevenich,2025-05-21 19:00:00,42,test,0.1525,0.15724042
Gevenich,2025-05-21 20:00:00,42,test,0.156,0.15708941
Gevenich,2025-05-21 21:00:00,42,test,0.153,0.15677285
Gevenich,2025-05-21 22:00:00,42,test,0.1545,0.1563375
Gevenich,2025-05-21 23:00:00,42,test,0.154,0.15572332
Gevenich,2025-05-22 00:00:00,42,test,0.15,0.1550838
Gevenich,2025-05-22 01:00:00,42,test,0.1515,0.15435843
Gevenich,2025-05-22 02:00:00,42,test,0.152,0.15371874
Gevenich,2025-05-22 03:00:00,42,test,0.151,0.15315044
Gevenich,2025-05-22 04:00:00,42,test,0.1515,0.1527008
Gevenich,2025-05-22 05:00:00,42,test,0.1515,0.15241073
Gevenich,2025-05-22 06:00:00,42,test,0.151,0.15219766
Gevenich,2025-05-22 07:00:00,42,test,0.151,0.152035
Gevenich,2025-05-22 08:00:00,42,test,0.1525,0.15175651
Gevenich,2025-05-22 09:00:00,42,test,0.1515,0.15127999
Gevenich,2025-05-22 10:00:00,42,test,0.152,0.15076277
Gevenich,2025-05-22 11:00:00,42,test,0.152,0.1504084
Gevenich,2025-05-22 12:00:00,42,test,0.153,0.15030968
Gevenich,2025-05-22 13:00:00,42,test,0.1535,0.15046531
Gevenich,2025-05-22 14:00:00,42,test,0.153,0.1510297
Gevenich,2025-05-22 15:00:00,42,test,0.153,0.15211743
Gevenich,2025-05-22 16:00:00,42,test,0.154,0.15328011
Gevenich,2025-05-22 17:00:00,42,test,0.154,0.15458775
Gevenich,2025-05-22 18:00:00,42,test,0.154,0.15571278
Gevenich,2025-05-22 19:00:00,42,test,0.155,0.15644056
Gevenich,2025-05-22 20:00:00,42,test,0.155,0.15681414
Gevenich,2025-05-22 21:00:00,42,test,0.155,0.15686063
Gevenich,2025-05-22 22:00:00,42,test,0.1745,0.15664063
Gevenich,2025-05-22 23:00:00,42,test,0.1745,0.15616792
Gevenich,2025-05-23 00:00:00,42,test,0.155,0.1554919
Gevenich,2025-05-23 01:00:00,42,test,0.1725,0.1546221
Gevenich,2025-05-23 02:00:00,42,test,0.154,0.15354341
Gevenich,2025-05-23 03:00:00,42,test,0.1735,0.15254265
Gevenich,2025-05-23 04:00:00,42,test,0.152,0.15163508
Gevenich,2025-05-23 05:00:00,42,test,0.176,0.15098193
Gevenich,2025-05-23 06:00:00,42,test,0.154,0.1505009
Gevenich,2025-05-23 07:00:00,42,test,0.1755,0.15008497
Gevenich,2025-05-23 08:00:00,42,test,0.1735,0.14956482
Gevenich,2025-05-23 09:00:00,42,test,0.153,0.14892125
Gevenich,2025-05-23 10:00:00,42,test,0.1745,0.14832696
Gevenich,2025-05-23 11:00:00,42,test,0.154,0.14796865
Gevenich,2025-06-09 07:00:00,42,test,0.234,0.20579249
Gevenich,2025-06-09 08:00:00,42,test,0.192,0.20553704
Gevenich,2025-06-09 09:00:00,42,test,0.193,0.20525567
Gevenich,2025-06-09 10:00:00,42,test,0.192,0.20509537
Gevenich,2025-06-09 11:00:00,42,test,0.1935,0.20751902
Gevenich,2025-06-09 12:00:00,42,test,0.1915,0.20932157
Gevenich,2025-06-09 13:00:00,42,test,0.233,0.21049534
Gevenich,2025-06-09 14:00:00,42,test,0.191,0.21110485
Gevenich,2025-06-09 15:00:00,42,test,0.1915,0.21380247
Gevenich,2025-06-09 16:00:00,42,test,0.1905,0.21520916
Gevenich,2025-06-09 17:00:00,42,test,0.191,0.21534476
Gevenich,2025-06-09 18:00:00,42,test,0.192,0.2145287
Gevenich,2025-06-09 19:00:00,42,test,0.1905,0.21296825
Gevenich,2025-06-09 20:00:00,42,test,0.1895,0.21101698
Gevenich,2025-06-09 21:00:00,42,test,0.188,0.20872615
Gevenich,2025-06-09 22:00:00,42,test,0.1865,0.20891629
Gevenich,2025-06-09 23:00:00,42,test,0.224,0.20825723
Gevenich,2025-06-10 00:00:00,42,test,0.1875,0.2069734
Gevenich,2025-06-10 01:00:00,42,test,0.187,0.2052701
Gevenich,2025-06-10 02:00:00,42,test,0.185,0.20355234
Gevenich,2025-06-10 03:00:00,42,test,0.187,0.20215513
Gevenich,2025-06-10 04:00:00,42,test,0.1855,0.20096141
Gevenich,2025-06-10 05:00:00,42,test,0.1835,0.20005511
Gevenich,2025-06-10 06:00:00,42,test,0.186,0.19948246
Gevenich,2025-06-10 07:00:00,42,test,0.185,0.19906509
Gevenich,2025-06-10 08:00:00,42,test,0.1835,0.20072371
Gevenich,2025-06-10 09:00:00,42,test,0.1825,0.20181054
Gevenich,2025-06-10 10:00:00,42,test,0.184,0.20235372
Gevenich,2025-06-10 11:00:00,42,test,0.183,0.20245996
Gevenich,2025-06-10 12:00:00,42,test,0.182,0.20441394
Gevenich,2025-06-10 13:00:00,42,test,0.1785,0.20548342
Gevenich,2025-06-10 14:00:00,42,test,0.1795,0.2058346
Gevenich,2025-06-10 15:00:00,42,test,0.1805,0.20790024
Gevenich,2025-06-10 16:00:00,42,test,0.177,0.20886882
Gevenich,2025-06-10 17:00:00,42,test,0.1755,0.208878
Gevenich,2025-06-10 18:00:00,42,test,0.1775,0.20800608
Gevenich,2025-06-10 19:00:00,42,test,0.174,0.20634162
Gevenich,2025-06-10 20:00:00,42,test,0.176,0.20432113
Gevenich,2025-06-10 21:00:00,42,test,0.175,0.20199157
Gevenich,2025-06-10 22:00:00,42,test,0.1755,0.19956349
Gevenich,2025-06-10 23:00:00,42,test,0.173,0.19713584
Gevenich,2025-06-11 00:00:00,42,test,0.173,0.19484779
Gevenich,2025-06-11 01:00:00,42,test,0.172,0.19493455
Gevenich,2025-06-11 02:00:00,42,test,0.1699999999999999,0.19469902
Gevenich,2025-06-11 03:00:00,42,test,0.1699999999999999,0.19432001
Gevenich,2025-06-11 04:00:00,42,test,0.1709999999999999,0.19379568
Gevenich,2025-06-11 05:00:00,42,test,0.1699999999999999,0.19330728
Gevenich,2025-06-11 06:00:00,42,test,0.1704999999999999,0.19300254
Gevenich,2025-06-11 07:00:00,42,test,0.1679999999999999,0.19459833
Gevenich,2025-06-11 08:00:00,42,test,0.1689999999999999,0.19554462
Gevenich,2025-06-11 09:00:00,42,test,0.1689999999999999,0.19590236
Gevenich,2025-06-11 10:00:00,42,test,0.1694999999999999,0.1957548
Gevenich,2025-06-11 11:00:00,42,test,0.1689999999999999,0.19544064
Gevenich,2025-06-11 12:00:00,42,test,0.1674999999999999,0.19501632
Gevenich,2025-06-11 13:00:00,42,test,0.1674999999999999,0.19665995
Gevenich,2025-06-11 14:00:00,42,test,0.1659999999999999,0.19768502
Gevenich,2025-06-11 15:00:00,42,test,0.1654999999999999,0.19816457
Gevenich,2025-06-11 16:00:00,42,test,0.1649999999999999,0.19805804
Gevenich,2025-06-11 17:00:00,42,test,0.1634999999999999,0.19729526
Gevenich,2025-06-11 18:00:00,42,test,0.1639999999999999,0.1960312
Gevenich,2025-06-11 19:00:00,42,test,0.1619999999999999,0.19438584
Gevenich,2025-06-11 20:00:00,42,test,0.1624999999999999,0.19266027
Gevenich,2025-06-11 21:00:00,42,test,0.1629999999999999,0.19076622
Gevenich,2025-06-11 22:00:00,42,test,0.159,0.18882242
Gevenich,2025-06-11 23:00:00,42,test,0.1599999999999999,0.1890592
Gevenich,2025-06-12 00:00:00,42,test,0.1604999999999999,0.18886696
Gevenich,2025-06-12 01:00:00,42,test,0.1585,0.18830818
Gevenich,2025-06-12 02:00:00,42,test,0.1585,0.18757866
Gevenich,2025-06-12 03:00:00,42,test,0.158,0.18695942
Gevenich,2025-06-12 04:00:00,42,test,0.1575,0.18640079
Gevenich,2025-06-12 05:00:00,42,test,0.1565,0.18600067
Gevenich,2025-06-12 06:00:00,42,test,0.1575,0.18597433
Gevenich,2025-06-12 07:00:00,42,test,0.1585,0.18604895
Gevenich,2025-06-12 08:00:00,42,test,0.156,0.18604013
Gevenich,2025-06-12 09:00:00,42,test,0.1575,0.18573543
Gevenich,2025-06-12 10:00:00,42,test,0.157,0.18535055
Gevenich,2025-06-12 11:00:00,42,test,0.1555,0.18497208
Gevenich,2025-06-12 12:00:00,42,test,0.1555,0.18441953
Gevenich,2025-06-12 13:00:00,42,test,0.156,0.18375689
Gevenich,2025-06-12 14:00:00,42,test,0.156,0.18315665
Gevenich,2025-06-12 15:00:00,42,test,0.1545,0.18257931
Gevenich,2025-06-12 16:00:00,42,test,0.1545,0.18177661
Gevenich,2025-06-12 17:00:00,42,test,0.1545,0.18044694
Gevenich,2025-06-12 18:00:00,42,test,0.155,0.17901066
Gevenich,2025-06-12 19:00:00,42,test,0.154,0.17727011
Gevenich,2025-06-12 20:00:00,42,test,0.153,0.17563118
Gevenich,2025-06-12 21:00:00,42,test,0.1525,0.17415416
Gevenich,2025-06-12 22:00:00,42,test,0.153,0.17304567
Gevenich,2025-06-12 23:00:00,42,test,0.151,0.17229056
Gevenich,2025-06-13 00:00:00,42,test,0.153,0.17196813
Gevenich,2025-06-13 01:00:00,42,test,0.1525,0.17201667
Gevenich,2025-06-13 02:00:00,42,test,0.151,0.17233412
Gevenich,2025-06-13 03:00:00,42,test,0.1525,0.17279625
Gevenich,2025-06-13 04:00:00,42,test,0.145,0.17338897
Gevenich,2025-06-13 05:00:00,42,test,0.145,0.17419805
Gevenich,2025-06-13 06:00:00,42,test,0.21,0.17527437
Gevenich,2025-06-13 07:00:00,42,test,0.2065,0.17615537
Gevenich,2025-06-13 08:00:00,42,test,0.2055,0.17665687
Gevenich,2025-06-13 09:00:00,42,test,0.203,0.17682457
Gevenich,2025-06-13 10:00:00,42,test,0.1995,0.17669395
Gevenich,2025-06-13 11:00:00,42,test,0.199,0.17638347
Gevenich,2025-06-13 12:00:00,42,test,0.248,0.17597073
Gevenich,2025-06-13 13:00:00,42,test,0.1975,0.17559329
Gevenich,2025-06-13 14:00:00,42,test,0.1935,0.1751278
Gevenich,2025-06-13 15:00:00,42,test,0.238,0.17455372
Gevenich,2025-06-13 16:00:00,42,test,0.1935,0.17373005
Gevenich,2025-06-13 17:00:00,42,test,0.1905,0.17248334
Gevenich,2025-06-13 18:00:00,42,test,0.189,0.17095336
Gevenich,2025-06-13 19:00:00,42,test,0.188,0.16902594
Gevenich,2025-06-13 20:00:00,42,test,0.1885,0.16718227
Gevenich,2025-06-13 21:00:00,42,test,0.1855,0.16551742
Gevenich,2025-06-13 22:00:00,42,test,0.1855,0.16399182
Gevenich,2025-06-13 23:00:00,42,test,0.1855,0.16294041
Gevenich,2025-06-14 00:00:00,42,test,0.186,0.16251197
Gevenich,2025-06-14 01:00:00,42,test,0.1845,0.1625613
Gevenich,2025-06-14 02:00:00,42,test,0.183,0.16308051
Gevenich,2025-06-14 03:00:00,42,test,0.1845,0.16408515
Gevenich,2025-06-14 04:00:00,42,test,0.184,0.16522376
Gevenich,2025-06-14 05:00:00,42,test,0.218,0.16637474
Gevenich,2025-06-14 06:00:00,42,test,0.1825,0.16760999
Gevenich,2025-06-14 07:00:00,42,test,0.183,0.16873771
Gevenich,2025-06-14 08:00:00,42,test,0.1815,0.16949269
Gevenich,2025-06-14 09:00:00,42,test,0.18,0.16987793
Gevenich,2025-06-14 10:00:00,42,test,0.1785,0.16985704
Gevenich,2025-06-14 11:00:00,42,test,0.179,0.16959257
Gevenich,2025-06-14 12:00:00,42,test,0.1805,0.16919777
Gevenich,2025-06-14 13:00:00,42,test,0.178,0.16865352
Gevenich,2025-06-14 14:00:00,42,test,0.205,0.16778037
Gevenich,2025-06-14 15:00:00,42,test,0.1755,0.1665956
Gevenich,2025-06-14 16:00:00,42,test,0.176,0.16525027
Gevenich,2025-06-14 17:00:00,42,test,0.175,0.16364264
Gevenich,2025-06-14 18:00:00,42,test,0.175,0.1620298
Gevenich,2025-06-14 19:00:00,42,test,0.1745,0.1603517
Gevenich,2025-06-14 20:00:00,42,test,0.172,0.15874185
Gevenich,2025-06-14 21:00:00,42,test,0.1725,0.15732425
Gevenich,2025-06-14 22:00:00,42,test,0.1699999999999999,0.1561834
Gevenich,2025-06-14 23:00:00,42,test,0.1694999999999999,0.15536599
Gevenich,2025-06-15 00:00:00,42,test,0.1709999999999999,0.15502793
Gevenich,2025-06-15 01:00:00,42,test,0.1689999999999999,0.15517965
Gevenich,2025-06-15 02:00:00,42,test,0.1694999999999999,0.15570897
Gevenich,2025-06-15 03:00:00,42,test,0.1689999999999999,0.15730852
Gevenich,2025-06-15 04:00:00,42,test,0.1689999999999999,0.16436207
Gevenich,2025-06-15 05:00:00,42,test,0.1689999999999999,0.16704392
Gevenich,2025-06-15 06:00:00,42,test,0.1654999999999999,0.17051834
Gevenich,2025-06-15 07:00:00,42,test,0.1669999999999999,0.174524
Gevenich,2025-06-15 08:00:00,42,test,0.1684999999999999,0.17873196
Gevenich,2025-06-15 09:00:00,42,test,0.1654999999999999,0.18280149
Gevenich,2025-06-15 10:00:00,42,test,0.1649999999999999,0.18636128
Gevenich,2025-06-15 11:00:00,42,test,0.1664999999999999,0.18949015
Gevenich,2025-06-15 12:00:00,42,test,0.1644999999999999,0.1943744
Gevenich,2025-06-15 13:00:00,42,test,0.1649999999999999,0.19798957
Gevenich,2025-06-15 14:00:00,42,test,0.1639999999999999,0.20053926
Gevenich,2025-06-15 15:00:00,42,test,0.1599999999999999,0.20413028
Gevenich,2025-06-15 16:00:00,42,test,0.1639999999999999,0.20608385
Gevenich,2025-06-15 17:00:00,42,test,0.1604999999999999,0.20649017
Gevenich,2025-06-15 18:00:00,42,test,0.1604999999999999,0.20561132
Gevenich,2025-06-15 19:00:00,42,test,0.159,0.20373692
Gevenich,2025-06-15 20:00:00,42,test,0.1599999999999999,0.20145059
Gevenich,2025-06-15 21:00:00,42,test,0.159,0.1988981
Gevenich,2025-06-15 22:00:00,42,test,0.158,0.19632864
Gevenich,2025-06-15 23:00:00,42,test,0.1565,0.19394879
Gevenich,2025-06-16 00:00:00,42,test,0.156,0.19179691
Gevenich,2025-06-16 01:00:00,42,test,0.1575,0.18979944
Gevenich,2025-06-16 02:00:00,42,test,0.154,0.18811159
Gevenich,2025-06-16 03:00:00,42,test,0.1555,0.18680233
Gevenich,2025-06-16 04:00:00,42,test,0.156,0.18574814
Gevenich,2025-06-16 05:00:00,42,test,0.1565,0.18675001
Gevenich,2025-06-16 06:00:00,42,test,0.155,0.18768895
Gevenich,2025-06-16 07:00:00,42,test,0.1545,0.18841057
Gevenich,2025-06-16 08:00:00,42,test,0.1565,0.18884662
Gevenich,2025-06-16 09:00:00,42,test,0.154,0.18894657
Gevenich,2025-06-16 10:00:00,42,test,0.1535,0.18870567
Gevenich,2025-06-16 11:00:00,42,test,0.154,0.18816632
Gevenich,2025-06-16 12:00:00,42,test,0.154,0.18764783
Gevenich,2025-06-16 13:00:00,42,test,0.154,0.18703088
Gevenich,2025-06-16 14:00:00,42,test,0.154,0.18774585
Gevenich,2025-06-16 15:00:00,42,test,0.154,0.18777078
Gevenich,2025-06-16 16:00:00,42,test,0.153,0.18716893
Gevenich,2025-06-16 17:00:00,42,test,0.152,0.1860725
Gevenich,2025-06-16 18:00:00,42,test,0.1525,0.18457213
Gevenich,2025-06-16 19:00:00,42,test,0.15,0.18286319
Gevenich,2025-06-16 20:00:00,42,test,0.1485,0.18099113
Gevenich,2025-06-16 21:00:00,42,test,0.151,0.17919657
Gevenich,2025-06-16 22:00:00,42,test,0.151,0.17741823
Gevenich,2025-06-16 23:00:00,42,test,0.149,0.17578626
Gevenich,2025-06-17 00:00:00,42,test,0.157,0.17448896
Gevenich,2025-06-17 01:00:00,42,test,0.148,0.17343205
Gevenich,2025-06-17 02:00:00,42,test,0.1485,0.17273796
Gevenich,2025-06-17 03:00:00,42,test,0.15,0.17212522
Gevenich,2025-06-17 04:00:00,42,test,0.1455,0.17178792
Gevenich,2025-06-17 05:00:00,42,test,0.1485,0.17186536
Gevenich,2025-06-17 06:00:00,42,test,0.149,0.17218931
Gevenich,2025-06-17 07:00:00,42,test,0.1475,0.17263193
Gevenich,2025-06-17 08:00:00,42,test,0.1455,0.17310177
Gevenich,2025-06-17 09:00:00,42,test,0.1465,0.17334513
Gevenich,2025-06-17 10:00:00,42,test,0.1465,0.17320073
Gevenich,2025-06-17 11:00:00,42,test,0.1475,0.17296231
Gevenich,2025-06-17 12:00:00,42,test,0.1485,0.17269714
Gevenich,2025-06-17 13:00:00,42,test,0.1485,0.17251839
Gevenich,2025-06-17 14:00:00,42,test,0.148,0.17232153
Gevenich,2025-07-30 10:00:00,42,test,0.2405,0.19071771
Gevenich,2025-07-30 11:00:00,42,test,0.291,0.18885416
Gevenich,2025-08-09 23:00:00,42,test,0.1805,0.21122234
Gevenich,2025-08-10 00:00:00,42,test,0.18,0.20989315
Gevenich,2025-08-10 01:00:00,42,test,0.1805,0.2085697
Gevenich,2025-08-10 02:00:00,42,test,0.179,0.20725273
Gevenich,2025-08-10 03:00:00,42,test,0.1765,0.20580731
Gevenich,2025-08-10 04:00:00,42,test,0.1785,0.2042503
Gevenich,2025-08-10 05:00:00,42,test,0.177,0.20291276
Gevenich,2025-08-10 06:00:00,42,test,0.1775,0.20211151
Gevenich,2025-08-10 07:00:00,42,test,0.1765,0.20183395
Gevenich,2025-08-10 08:00:00,42,test,0.177,0.20197634
Gevenich,2025-08-10 09:00:00,42,test,0.176,0.20232216
Gevenich,2025-08-10 10:00:00,42,test,0.1745,0.20279545
Gevenich,2025-08-10 11:00:00,42,test,0.1755,0.20328805
Gevenich,2025-08-10 12:00:00,42,test,0.1735,0.2039421
Gevenich,2025-08-10 13:00:00,42,test,0.1735,0.20447293
Gevenich,2025-08-10 14:00:00,42,test,0.174,0.20487726
Gevenich,2025-08-20 18:00:00,42,test,0.1285,0.13972569
Gevenich,2025-08-20 19:00:00,42,test,0.1285,0.13887681
Gevenich,2025-08-20 20:00:00,42,test,0.1275,0.13770227
Gevenich,2025-08-20 21:00:00,42,test,0.127,0.13657187
Gevenich,2025-08-20 22:00:00,42,test,0.1275,0.13558838
Gevenich,2025-08-20 23:00:00,42,test,0.1285,0.13464268
Gevenich,2025-08-21 00:00:00,42,test,0.1265,0.13385408
Gevenich,2025-08-21 01:00:00,42,test,0.126,0.13315761
Gevenich,2025-08-21 02:00:00,42,test,0.127,0.1326061
Gevenich,2025-08-21 03:00:00,42,test,0.128,0.1321731
Gevenich,2025-08-21 04:00:00,42,test,0.1255,0.13182878
Gevenich,2025-08-21 05:00:00,42,test,0.1255,0.131526
Gevenich,2025-08-21 06:00:00,42,test,0.1255,0.13110241
Gevenich,2025-08-21 07:00:00,42,test,0.1245,0.1307042
Gevenich,2025-08-21 08:00:00,42,test,0.1275,0.13038403
Gevenich,2025-08-21 09:00:00,42,test,0.1255,0.13028075
Gevenich,2025-08-21 10:00:00,42,test,0.132,0.13052902
Gevenich,2025-08-21 11:00:00,42,test,0.1285,0.13101149
Gevenich,2025-08-21 12:00:00,42,test,0.129,0.13200194
Gevenich,2025-08-21 13:00:00,42,test,0.1275,0.13305366
Gevenich,2025-08-21 14:00:00,42,test,0.1275,0.13418052
Gevenich,2025-08-21 15:00:00,42,test,0.129,0.13538346
Gevenich,2025-08-21 16:00:00,42,test,0.128,0.1362411
Gevenich,2025-08-21 17:00:00,42,test,0.129,0.13655132
Gevenich,2025-08-21 18:00:00,42,test,0.1275,0.13642313
Gevenich,2025-08-21 19:00:00,42,test,0.126,0.13602668
Gevenich,2025-08-21 20:00:00,42,test,0.1275,0.13536099
Gevenich,2025-08-21 21:00:00,42,test,0.1255,0.1345062
Gevenich,2025-08-21 22:00:00,42,test,0.128,0.13364658
Gevenich,2025-08-21 23:00:00,42,test,0.127,0.13290691
Gevenich,2025-08-22 00:00:00,42,test,0.1275,0.13197353
Gevenich,2025-08-22 01:00:00,42,test,0.126,0.13108324
Gevenich,2025-08-22 02:00:00,42,test,0.126,0.13034609
Gevenich,2025-08-22 03:00:00,42,test,0.1225,0.12967405
Gevenich,2025-08-22 04:00:00,42,test,0.1255,0.12893304
Gevenich,2025-08-22 05:00:00,42,test,0.124,0.1283271
Gevenich,2025-08-22 06:00:00,42,test,0.124,0.12777571
Gevenich,2025-08-22 07:00:00,42,test,0.124,0.12724133
Gevenich,2025-08-22 08:00:00,42,test,0.126,0.12695658
Gevenich,2025-08-22 09:00:00,42,test,0.1235,0.12677641
Gevenich,2025-08-22 10:00:00,42,test,0.128,0.12670118
Gevenich,2025-08-22 11:00:00,42,test,0.1245,0.12686339
Gevenich,2025-08-22 12:00:00,42,test,0.1285,0.12745257
Gevenich,2025-08-22 13:00:00,42,test,0.1285,0.12830159
Gevenich,2025-08-22 14:00:00,42,test,0.1275,0.12941396
Gevenich,2025-08-22 15:00:00,42,test,0.1285,0.13069847
Gevenich,2025-08-22 16:00:00,42,test,0.125,0.13195035
Gevenich,2025-08-22 17:00:00,42,test,0.1285,0.13328585
Gevenich,2025-08-22 18:00:00,42,test,0.1295,0.13432816
Gevenich,2025-08-22 19:00:00,42,test,0.128,0.13499925
Gevenich,2025-08-22 20:00:00,42,test,0.1265,0.13516977
Gevenich,2025-08-22 21:00:00,42,test,0.126,0.13498753
Gevenich,2025-08-22 22:00:00,42,test,0.1225,0.13440819
Gevenich,2025-08-22 23:00:00,42,test,0.1265,0.1336022
Gevenich,2025-08-23 00:00:00,42,test,0.126,0.1326381
Gevenich,2025-08-23 01:00:00,42,test,0.1225,0.13161346
Gevenich,2025-08-23 02:00:00,42,test,0.126,0.1306324
Gevenich,2025-08-23 03:00:00,42,test,0.1225,0.12979475
Gevenich,2025-08-23 04:00:00,42,test,0.124,0.1289934
Gevenich,2025-08-23 05:00:00,42,test,0.1235,0.12833339
Gevenich,2025-08-23 06:00:00,42,test,0.1215,0.12777442
Gevenich,2025-08-23 07:00:00,42,test,0.125,0.12720567
Gevenich,2025-08-23 08:00:00,42,test,0.1235,0.12686864
Gevenich,2025-08-23 09:00:00,42,test,0.1235,0.12661174
Gevenich,2025-08-23 10:00:00,42,test,0.1235,0.12683195
Gevenich,2025-08-23 11:00:00,42,test,0.1235,0.12732458
Gevenich,2025-08-23 12:00:00,42,test,0.1245,0.12815562
Gevenich,2025-08-23 13:00:00,42,test,0.124,0.12917256
Gevenich,2025-08-23 14:00:00,42,test,0.1275,0.13036756
Gevenich,2025-08-23 15:00:00,42,test,0.125,0.1317149
Gevenich,2025-08-23 16:00:00,42,test,0.1275,0.13288891
Gevenich,2025-08-23 17:00:00,42,test,0.1255,0.13384487
Gevenich,2025-08-23 18:00:00,42,test,0.1255,0.13450056
Gevenich,2025-08-23 19:00:00,42,test,0.1265,0.13487445
Gevenich,2025-08-23 20:00:00,42,test,0.1275,0.13489944
Gevenich,2025-08-23 21:00:00,42,test,0.1255,0.13457681
Gevenich,2025-08-23 22:00:00,42,test,0.1225,0.13415039
Gevenich,2025-09-21 23:00:00,42,test,0.2605,0.25793827
Gevenich,2025-09-22 00:00:00,42,test,0.2605,0.25690275
Gevenich,2025-09-22 01:00:00,42,test,0.2595,0.2553851
Gevenich,2025-09-22 02:00:00,42,test,0.2595,0.25372633
Gevenich,2025-09-22 03:00:00,42,test,0.261,0.25207496
Gevenich,2025-09-22 04:00:00,42,test,0.2595,0.25050303
Gevenich,2025-09-22 05:00:00,42,test,0.2595,0.24907874
Gevenich,2025-09-22 06:00:00,42,test,0.2595,0.24803701
Gevenich,2025-09-22 07:00:00,42,test,0.2595,0.2474394
Gevenich,2025-09-22 08:00:00,42,test,0.2625,0.24747059
Gevenich,2025-09-22 09:00:00,42,test,0.259,0.24813607
Gevenich,2025-09-22 10:00:00,42,test,0.259,0.24934691
Gevenich,2025-09-22 11:00:00,42,test,0.259,0.25103286
Gevenich,2025-09-22 12:00:00,42,test,0.259,0.2528516
Gevenich,2025-09-22 13:00:00,42,test,0.258,0.25460202
Gevenich,2025-09-22 14:00:00,42,test,0.257,0.25598672
Gevenich,2025-09-22 15:00:00,42,test,0.256,0.25695422
Gevenich,2025-09-22 16:00:00,42,test,0.256,0.2574987
Gevenich,2025-09-22 17:00:00,42,test,0.2555,0.2574736
Gevenich,2025-09-22 18:00:00,42,test,0.255,0.25710216
Gevenich,2025-09-22 19:00:00,42,test,0.2555,0.25653
Gevenich,2025-09-22 20:00:00,42,test,0.256,0.25581473
Gevenich,2025-09-22 21:00:00,42,test,0.2545,0.2550072
Gevenich,2025-09-22 22:00:00,42,test,0.254,0.25412014
Gevenich,2025-09-22 23:00:00,42,test,0.254,0.25316143
Gevenich,2025-09-23 00:00:00,42,test,0.254,0.25205866
Gevenich,2025-09-23 01:00:00,42,test,0.254,0.2508353
Gevenich,2025-09-23 02:00:00,42,test,0.2545,0.24950835
Gevenich,2025-09-23 03:00:00,42,test,0.2535,0.24817902
Gevenich,2025-09-23 04:00:00,42,test,0.254,0.24686973
Gevenich,2025-09-23 05:00:00,42,test,0.253,0.2456822
Gevenich,2025-09-23 06:00:00,42,test,0.2525,0.24475835
Gevenich,2025-09-23 07:00:00,42,test,0.255,0.24435708
Gevenich,2025-09-23 08:00:00,42,test,0.253,0.2445385
Gevenich,2025-09-23 09:00:00,42,test,0.2545,0.24527512
Gevenich,2025-09-23 10:00:00,42,test,0.254,0.24660107
Gevenich,2025-09-23 11:00:00,42,test,0.254,0.24815418
Gevenich,2025-09-23 12:00:00,42,test,0.254,0.24980192
Gevenich,2025-09-23 13:00:00,42,test,0.255,0.25140572
Gevenich,2025-09-23 14:00:00,42,test,0.2535,0.25271738
Gevenich,2025-09-23 15:00:00,42,test,0.2535,0.25354046
Gevenich,2025-09-23 16:00:00,42,test,0.2545,0.25382504
Gevenich,2025-09-23 17:00:00,42,test,0.2545,0.25360745
Gevenich,2025-09-23 18:00:00,42,test,0.254,0.2530319
Gevenich,2025-09-23 19:00:00,42,test,0.2545,0.25222093
Gevenich,2025-09-23 20:00:00,42,test,0.2555,0.25124094
Gevenich,2025-09-23 21:00:00,42,test,0.254,0.25017458
Gevenich,2025-09-23 22:00:00,42,test,0.2555,0.24911486
Gevenich,2025-09-23 23:00:00,42,test,0.252,0.24803145
Gevenich,2025-09-24 00:00:00,42,test,0.2555,0.24694556
Gevenich,2025-09-24 01:00:00,42,test,0.2525,0.2457481
Gevenich,2025-09-24 02:00:00,42,test,0.254,0.24447201
Gevenich,2025-09-24 03:00:00,42,test,0.26,0.2432601
Gevenich,2025-09-24 04:00:00,42,test,0.254,0.2420909
Gevenich,2025-09-24 05:00:00,42,test,0.248,0.24104494
Gevenich,2025-09-24 06:00:00,42,test,0.253,0.24021389
Gevenich,2025-09-24 07:00:00,42,test,0.253,0.23974335
Gevenich,2025-09-24 08:00:00,42,test,0.2525,0.2399366
Gevenich,2025-09-24 09:00:00,42,test,0.2545,0.24060097
Gevenich,2025-09-24 10:00:00,42,test,0.255,0.24172145
Gevenich,2025-09-24 11:00:00,42,test,0.255,0.2432377
Gevenich,2025-09-24 12:00:00,42,test,0.2535,0.24495286
Gevenich,2025-09-24 13:00:00,42,test,0.2545,0.2465865
Gevenich,2025-09-24 14:00:00,42,test,0.2535,0.24791503
Gevenich,2025-09-24 15:00:00,42,test,0.2535,0.24873567
Gevenich,2025-09-24 16:00:00,42,test,0.2535,0.24900201
Gevenich,2025-09-24 17:00:00,42,test,0.252,0.24870744
Gevenich,2025-09-24 18:00:00,42,test,0.252,0.24807656
Gevenich,2025-09-24 19:00:00,42,test,0.2515,0.2471357
Gevenich,2025-09-24 20:00:00,42,test,0.251,0.24611409
Gevenich,2025-09-24 21:00:00,42,test,0.251,0.24502397
Gevenich,2025-09-24 22:00:00,42,test,0.251,0.24386267
Gevenich,2025-09-24 23:00:00,42,test,0.251,0.24267048
Gevenich,2025-09-25 00:00:00,42,test,0.2525,0.241494
Gevenich,2025-09-25 01:00:00,42,test,0.2515,0.2403287
Gevenich,2025-09-25 02:00:00,42,test,0.2525,0.23923464
Gevenich,2025-09-25 03:00:00,42,test,0.2535,0.23816492
Gevenich,2025-09-25 04:00:00,42,test,0.2505,0.2372641
Gevenich,2025-09-25 05:00:00,42,test,0.251,0.23707752
Gevenich,2025-09-25 06:00:00,42,test,0.2515,0.23674719
Gevenich,2025-09-25 07:00:00,42,test,0.25,0.23670284
Gevenich,2025-09-25 08:00:00,42,test,0.25,0.23697308
Gevenich,2025-09-25 09:00:00,42,test,0.2505,0.23763719
Gevenich,2025-09-25 10:00:00,42,test,0.25,0.23867682
Gevenich,2025-09-25 11:00:00,42,test,0.2495,0.24006051
Gevenich,2025-09-25 12:00:00,42,test,0.2495,0.24164283
Gevenich,2025-09-25 13:00:00,42,test,0.2495,0.24349645
Gevenich,2025-09-25 14:00:00,42,test,0.249,0.24513038
Gevenich,2025-09-25 15:00:00,42,test,0.2465,0.24652043
Gevenich,2025-10-15 00:00:00,42,test,0.238,0.23098555
Gevenich,2025-10-15 01:00:00,42,test,0.238,0.23006892
Gevenich,2025-10-15 02:00:00,42,test,0.2385,0.22929986
Gevenich,2025-10-15 03:00:00,42,test,0.2385,0.228675
Gevenich,2025-10-15 04:00:00,42,test,0.2395,0.22820632
Gevenich,2025-10-15 05:00:00,42,test,0.2385,0.22797172
Gevenich,2025-10-15 06:00:00,42,test,0.237,0.22795096
Gevenich,2025-10-15 07:00:00,42,test,0.2385,0.22807936
Gevenich,2025-10-15 08:00:00,42,test,0.2395,0.22850072
Gevenich,2025-10-15 09:00:00,42,test,0.2395,0.22919936
Gevenich,2025-10-15 10:00:00,42,test,0.237,0.2301741
Gevenich,2025-10-15 11:00:00,42,test,0.2395,0.23143122
Gevenich,2025-10-15 12:00:00,42,test,0.236,0.23287301
Gevenich,2025-10-15 13:00:00,42,test,0.2385,0.23430438
Gevenich,2025-10-15 14:00:00,42,test,0.237,0.23561148
Gevenich,2025-10-15 15:00:00,42,test,0.2365,0.2366034
Gevenich,2025-10-15 16:00:00,42,test,0.237,0.23715763
Gevenich,2025-10-15 17:00:00,42,test,0.237,0.23714401
Gevenich,2025-10-15 18:00:00,42,test,0.238,0.23659743
Gevenich,2025-10-15 19:00:00,42,test,0.2365,0.23558205
Gevenich,2025-10-15 20:00:00,42,test,0.2365,0.23438005
Gevenich,2025-10-15 21:00:00,42,test,0.237,0.23310454
Gevenich,2025-10-15 22:00:00,42,test,0.2355,0.23181874
Gevenich,2025-10-15 23:00:00,42,test,0.2355,0.23046194
Gevenich,2025-10-16 00:00:00,42,test,0.2339999999999999,0.2293155
Gevenich,2025-10-16 01:00:00,42,test,0.2345,0.2285415
Gevenich,2025-10-16 02:00:00,42,test,0.2345,0.22751449
Gevenich,2025-10-16 03:00:00,42,test,0.236,0.22648461
Gevenich,2025-10-16 04:00:00,42,test,0.2365,0.22556226
Gevenich,2025-10-16 05:00:00,42,test,0.235,0.2247662
Gevenich,2025-10-16 06:00:00,42,test,0.2365,0.22420691
Gevenich,2025-10-16 07:00:00,42,test,0.2355,0.22407681
Gevenich,2025-10-16 08:00:00,42,test,0.2365,0.22435088
Gevenich,2025-10-16 09:00:00,42,test,0.2365,0.22480094
Gevenich,2025-10-16 10:00:00,42,test,0.235,0.22558136
Gevenich,2025-10-16 11:00:00,42,test,0.2365,0.22660702
Gevenich,2025-10-16 12:00:00,42,test,0.2339999999999999,0.22797681
Gevenich,2025-10-16 13:00:00,42,test,0.2329999999999999,0.22954255
Gevenich,2025-10-16 14:00:00,42,test,0.2334999999999999,0.23108548
Gevenich,2025-10-16 15:00:00,42,test,0.2339999999999999,0.23234896
Gevenich,2025-10-16 16:00:00,42,test,0.2329999999999999,0.23323977
Gevenich,2025-10-16 17:00:00,42,test,0.2324999999999999,0.23351797
Gevenich,2025-10-16 18:00:00,42,test,0.2324999999999999,0.23326734
Gevenich,2025-12-15 10:00:00,42,test,0.3379999999999999,0.3086265
Gevenich,2025-12-15 11:00:00,42,test,0.3389999999999999,0.3093393
Gevenich,2025-12-15 12:00:00,42,test,0.3395,0.31020695
Gevenich,2025-12-15 13:00:00,42,test,0.3395,0.3110558
Gevenich,2025-12-15 14:00:00,42,test,0.3395,0.31175274
Gevenich,2025-12-15 15:00:00,42,test,0.3399999999999999,0.31217694
Gevenich,2025-12-15 16:00:00,42,test,0.3389999999999999,0.3123256
Gevenich,2025-12-15 17:00:00,42,test,0.3399999999999999,0.31226546
Gevenich,2025-12-15 18:00:00,42,test,0.3399999999999999,0.3121038
Gevenich,2025-12-15 19:00:00,42,test,0.3399999999999999,0.31193304
Gevenich,2025-12-15 20:00:00,42,test,0.3399999999999999,0.31175593
Gevenich,2025-12-15 21:00:00,42,test,0.3399999999999999,0.3116065
Gevenich,2025-12-15 22:00:00,42,test,0.3399999999999999,0.31146795
Gevenich,2025-12-15 23:00:00,42,test,0.3399999999999999,0.31132805
Gevenich,2025-12-16 00:00:00,42,test,0.3399999999999999,0.3111903
Gevenich,2025-12-16 01:00:00,42,test,0.3399999999999999,0.31112385
Gevenich,2025-12-16 02:00:00,42,test,0.3389999999999999,0.31113827
Gevenich,2025-12-16 03:00:00,42,test,0.3375,0.31119618
Gevenich,2025-12-16 04:00:00,42,test,0.3375,0.31123883
Gevenich,2025-12-16 05:00:00,42,test,0.3389999999999999,0.31124398
Gevenich,2025-12-16 06:00:00,42,test,0.3379999999999999,0.31127137
Gevenich,2025-12-16 07:00:00,42,test,0.328,0.31128234
Gevenich,2025-12-16 08:00:00,42,test,0.3385,0.3113741
Gevenich,2025-12-16 09:00:00,42,test,0.3395,0.31151617
Gevenich,2025-12-16 10:00:00,42,test,0.3395,0.3117895
Gevenich,2025-12-16 11:00:00,42,test,0.3379999999999999,0.3121472
Gevenich,2025-12-16 12:00:00,42,test,0.3389999999999999,0.31259418
Gevenich,2025-12-16 13:00:00,42,test,0.3375,0.31303734
Gevenich,2025-12-16 14:00:00,42,test,0.3375,0.31330675
Gevenich,2025-12-16 15:00:00,42,test,0.3375,0.3133435
Gevenich,2025-12-16 16:00:00,42,test,0.3375,0.31313443
Gevenich,2025-12-16 17:00:00,42,test,0.3375,0.31277072
Gevenich,2025-12-16 18:00:00,42,test,0.3379999999999999,0.31234562
Gevenich,2025-12-16 19:00:00,42,test,0.3369999999999999,0.31191188
Gevenich,2025-12-16 20:00:00,42,test,0.3359999999999999,0.3115384
Gevenich,2025-12-16 21:00:00,42,test,0.3375,0.31128204
Gevenich,2025-12-16 22:00:00,42,test,0.3355,0.31108692
Gevenich,2025-12-16 23:00:00,42,test,0.3359999999999999,0.31093103
Gevenich,2025-12-17 00:00:00,42,test,0.3359999999999999,0.31098372
Gevenich,2025-12-17 01:00:00,42,test,0.3369999999999999,0.31090656
Gevenich,2025-12-17 02:00:00,42,test,0.3375,0.31063634
Gevenich,2025-12-17 03:00:00,42,test,0.3365,0.31027418
Gevenich,2025-12-17 04:00:00,42,test,0.3369999999999999,0.30987376
Gevenich,2025-12-17 05:00:00,42,test,0.3349999999999999,0.3095146
Gevenich,2025-12-17 06:00:00,42,test,0.3355,0.3091733
Gevenich,2025-12-17 07:00:00,42,test,0.3355,0.30904463
Gevenich,2025-12-17 08:00:00,42,test,0.3355,0.3090673
Gevenich,2025-12-17 09:00:00,42,test,0.3365,0.3092835
Gevenich,2025-12-17 10:00:00,42,test,0.3355,0.30964786
Gevenich,2025-12-17 11:00:00,42,test,0.3359999999999999,0.31016755
Gevenich,2025-12-17 12:00:00,42,test,0.3349999999999999,0.31079423
Gevenich,2025-12-17 13:00:00,42,test,0.3355,0.31141642
Gevenich,2025-12-17 14:00:00,42,test,0.3359999999999999,0.31191826
Gevenich,2025-12-17 15:00:00,42,test,0.3359999999999999,0.31223524
Gevenich,2025-12-17 16:00:00,42,test,0.3359999999999999,0.31230968
Gevenich,2025-12-17 17:00:00,42,test,0.3359999999999999,0.31220686
Gevenich,2025-12-17 18:00:00,42,test,0.3365,0.31202644
Gevenich,2025-12-17 19:00:00,42,test,0.3359999999999999,0.3118698
Gevenich,2025-12-17 20:00:00,42,test,0.334,0.31181306
Gevenich,2025-12-17 21:00:00,42,test,0.3349999999999999,0.3119032
Gevenich,2025-12-17 22:00:00,42,test,0.3349999999999999,0.31213102
Gevenich,2025-12-17 23:00:00,42,test,0.334,0.31247243
Merzenhausen,2023-12-19 22:00:00,42,test,0.366,0.31600863
Merzenhausen,2023-12-19 23:00:00,42,test,0.363,0.3177839
Merzenhausen,2023-12-20 00:00:00,42,test,0.363,0.31935543
Merzenhausen,2023-12-20 01:00:00,42,test,0.363,0.3205984
Merzenhausen,2023-12-20 02:00:00,42,test,0.363,0.32142186
Merzenhausen,2023-12-20 03:00:00,42,test,0.362,0.32190445
Merzenhausen,2023-12-20 04:00:00,42,test,0.362,0.32213277
Merzenhausen,2023-12-20 05:00:00,42,test,0.362,0.32222548
Merzenhausen,2023-12-20 06:00:00,42,test,0.36,0.3222598
Merzenhausen,2023-12-20 07:00:00,42,test,0.361,0.32220942
Merzenhausen,2023-12-20 08:00:00,42,test,0.363,0.32215303
Merzenhausen,2023-12-20 09:00:00,42,test,0.363,0.3221252
Merzenhausen,2023-12-20 10:00:00,42,test,0.362,0.32215816
Merzenhausen,2023-12-20 11:00:00,42,test,0.36,0.3222565
Merzenhausen,2023-12-20 12:00:00,42,test,0.362,0.3223757
Merzenhausen,2023-12-20 13:00:00,42,test,0.36,0.32247025
Merzenhausen,2023-12-20 14:00:00,42,test,0.358,0.32241383
Merzenhausen,2023-12-20 15:00:00,42,test,0.358,0.32221118
Merzenhausen,2023-12-20 16:00:00,42,test,0.358,0.32194647
Merzenhausen,2023-12-20 17:00:00,42,test,0.358,0.32130733
Merzenhausen,2023-12-20 18:00:00,42,test,0.36,0.3206873
Merzenhausen,2023-12-20 19:00:00,42,test,0.358,0.32022086
Merzenhausen,2023-12-20 20:00:00,42,test,0.358,0.31997636
Merzenhausen,2023-12-20 21:00:00,42,test,0.358,0.31991988
Merzenhausen,2023-12-20 22:00:00,42,test,0.355,0.32011783
Merzenhausen,2023-12-20 23:00:00,42,test,0.355,0.32047397
Merzenhausen,2023-12-21 00:00:00,42,test,0.353,0.32085407
Merzenhausen,2023-12-21 01:00:00,42,test,0.353,0.3211941
Merzenhausen,2023-12-21 02:00:00,42,test,0.353,0.32140723
Merzenhausen,2023-12-21 03:00:00,42,test,0.353,0.3215106
Merzenhausen,2023-12-21 04:00:00,42,test,0.353,0.32143858
Merzenhausen,2023-12-21 05:00:00,42,test,0.353,0.3213215
Merzenhausen,2023-12-21 06:00:00,42,test,0.353,0.32119286
Merzenhausen,2023-12-21 07:00:00,42,test,0.353,0.32107088
Merzenhausen,2023-12-21 08:00:00,42,test,0.353,0.32099664
Merzenhausen,2023-12-21 09:00:00,42,test,0.353,0.32108933
Merzenhausen,2023-12-21 10:00:00,42,test,0.353,0.32149416
Merzenhausen,2023-12-21 11:00:00,42,test,0.351,0.32219684
Merzenhausen,2023-12-21 12:00:00,42,test,0.351,0.32280046
Merzenhausen,2023-12-21 13:00:00,42,test,0.351,0.3232282
Merzenhausen,2023-12-21 14:00:00,42,test,0.353,0.32346117
Merzenhausen,2023-12-21 15:00:00,42,test,0.353,0.3234404
Merzenhausen,2023-12-21 16:00:00,42,test,0.351,0.32344148
Merzenhausen,2023-12-21 17:00:00,42,test,0.352,0.32321745
Merzenhausen,2023-12-21 18:00:00,42,test,0.35,0.3238083
Merzenhausen,2023-12-21 19:00:00,42,test,0.35,0.32438788
Merzenhausen,2023-12-21 20:00:00,42,test,0.35,0.32584593
Merzenhausen,2023-12-21 21:00:00,42,test,0.35,0.32761604
Merzenhausen,2023-12-21 22:00:00,42,test,0.348,0.32954124
Merzenhausen,2023-12-21 23:00:00,42,test,0.348,0.33100003
Merzenhausen,2023-12-22 00:00:00,42,test,0.35,0.3318055
Merzenhausen,2023-12-22 01:00:00,42,test,0.347,0.3321584
Merzenhausen,2023-12-22 02:00:00,42,test,0.348,0.33207795
Merzenhausen,2023-12-22 03:00:00,42,test,0.348,0.33171737
Merzenhausen,2023-12-22 04:00:00,42,test,0.348,0.33122674
Merzenhausen,2023-12-22 05:00:00,42,test,0.348,0.3306473
Merzenhausen,2023-12-22 06:00:00,42,test,0.348,0.3301387
Merzenhausen,2023-12-22 07:00:00,42,test,0.348,0.33008096
Merzenhausen,2023-12-22 08:00:00,42,test,0.348,0.33004767
Merzenhausen,2023-12-22 09:00:00,42,test,0.348,0.33016884
Merzenhausen,2023-12-31 12:00:00,42,test,0.347,0.319884
Merzenhausen,2023-12-31 13:00:00,42,test,0.351,0.32047606
Merzenhausen,2023-12-31 14:00:00,42,test,0.355,0.32081738
Merzenhausen,2023-12-31 15:00:00,42,test,0.355,0.3208428
Merzenhausen,2023-12-31 16:00:00,42,test,0.354,0.32066458
Merzenhausen,2023-12-31 17:00:00,42,test,0.36,0.32032108
Merzenhausen,2023-12-31 18:00:00,42,test,0.357,0.3199288
Merzenhausen,2023-12-31 19:00:00,42,test,0.355,0.31961
Merzenhausen,2023-12-31 20:00:00,42,test,0.355,0.31946313
Merzenhausen,2023-12-31 21:00:00,42,test,0.355,0.31944114
Merzenhausen,2023-12-31 22:00:00,42,test,0.355,0.31953174
Merzenhausen,2023-12-31 23:00:00,42,test,0.353,0.31968194
Merzenhausen,2024-01-01 00:00:00,42,test,0.353,0.31981188
Merzenhausen,2024-01-01 01:00:00,42,test,0.353,0.31985852
Merzenhausen,2024-01-01 02:00:00,42,test,0.351,0.31996894
Merzenhausen,2024-01-01 03:00:00,42,test,0.351,0.31991348
Merzenhausen,2024-01-01 04:00:00,42,test,0.351,0.3196582
Merzenhausen,2024-01-01 05:00:00,42,test,0.353,0.3192832
Merzenhausen,2024-01-01 06:00:00,42,test,0.353,0.31888184
Merzenhausen,2024-01-01 07:00:00,42,test,0.35,0.3184999
Merzenhausen,2024-01-01 08:00:00,42,test,0.351,0.31822187
Merzenhausen,2024-01-01 09:00:00,42,test,0.347,0.31803963
Merzenhausen,2024-01-01 10:00:00,42,test,0.352,0.31799957
Merzenhausen,2024-01-01 11:00:00,42,test,0.352,0.31809855
Merzenhausen,2024-01-01 12:00:00,42,test,0.352,0.31829435
Merzenhausen,2024-01-01 13:00:00,42,test,0.35,0.31846115
Merzenhausen,2024-01-01 14:00:00,42,test,0.35,0.31850803
Merzenhausen,2024-01-01 15:00:00,42,test,0.35,0.3183835
Merzenhausen,2024-01-01 16:00:00,42,test,0.35,0.31809098
Merzenhausen,2024-01-01 17:00:00,42,test,0.35,0.31767735
Merzenhausen,2024-01-01 18:00:00,42,test,0.348,0.31725526
Merzenhausen,2024-01-01 19:00:00,42,test,0.348,0.31693852
Merzenhausen,2024-01-01 20:00:00,42,test,0.348,0.3168077
Merzenhausen,2024-01-01 21:00:00,42,test,0.35,0.31679654
Merzenhausen,2024-01-01 22:00:00,42,test,0.35,0.31690606
Merzenhausen,2024-01-01 23:00:00,42,test,0.352,0.31711963
Merzenhausen,2024-01-02 00:00:00,42,test,0.357,0.31732315
Merzenhausen,2024-01-02 01:00:00,42,test,0.355,0.31769735
Merzenhausen,2024-01-02 02:00:00,42,test,0.357,0.3181787
Merzenhausen,2024-01-02 03:00:00,42,test,0.357,0.31890315
Merzenhausen,2024-01-02 04:00:00,42,test,0.352,0.31983858
Merzenhausen,2024-01-02 05:00:00,42,test,0.353,0.32072097
Merzenhausen,2024-01-02 06:00:00,42,test,0.352,0.321403
Merzenhausen,2024-01-02 07:00:00,42,test,0.352,0.32196072
Merzenhausen,2024-01-02 08:00:00,42,test,0.351,0.32240844
Merzenhausen,2024-01-02 09:00:00,42,test,0.353,0.32279947
Merzenhausen,2024-01-02 10:00:00,42,test,0.353,0.32321572
Merzenhausen,2024-01-02 11:00:00,42,test,0.353,0.3236658
Merzenhausen,2024-01-02 12:00:00,42,test,0.353,0.32428777
Merzenhausen,2024-01-02 13:00:00,42,test,0.353,0.3251902
Merzenhausen,2024-01-02 14:00:00,42,test,0.352,0.3261648
Merzenhausen,2024-01-02 15:00:00,42,test,0.351,0.326818
Merzenhausen,2024-01-02 16:00:00,42,test,0.351,0.327271
Merzenhausen,2024-01-02 17:00:00,42,test,0.352,0.32778943
Merzenhausen,2024-01-02 18:00:00,42,test,0.352,0.3280373
Merzenhausen,2024-01-02 19:00:00,42,test,0.352,0.328091
Merzenhausen,2024-01-02 20:00:00,42,test,0.352,0.3281865
Merzenhausen,2024-01-02 21:00:00,42,test,0.35,0.32844797
Merzenhausen,2024-01-02 22:00:00,42,test,0.35,0.32876128
Merzenhausen,2024-01-02 23:00:00,42,test,0.35,0.32905507
Merzenhausen,2024-01-03 00:00:00,42,test,0.35,0.32932118
Merzenhausen,2024-01-03 01:00:00,42,test,0.35,0.32946247
Merzenhausen,2024-01-03 02:00:00,42,test,0.35,0.32938927
Merzenhausen,2024-01-03 03:00:00,42,test,0.35,0.3291396
Merzenhausen,2024-01-03 04:00:00,42,test,0.348,0.3287333
Merzenhausen,2024-01-03 05:00:00,42,test,0.348,0.328358
Merzenhausen,2024-01-03 06:00:00,42,test,0.348,0.32800853
Merzenhausen,2024-01-03 07:00:00,42,test,0.348,0.3276272
Merzenhausen,2024-01-03 08:00:00,42,test,0.349,0.32733223
Merzenhausen,2024-01-03 09:00:00,42,test,0.347,0.32705516
Merzenhausen,2024-01-03 10:00:00,42,test,0.347,0.32693735
Merzenhausen,2024-01-03 11:00:00,42,test,0.347,0.3269679
Merzenhausen,2024-01-03 12:00:00,42,test,0.347,0.32707742
Merzenhausen,2024-01-03 13:00:00,42,test,0.347,0.32709765
Merzenhausen,2024-01-03 14:00:00,42,test,0.345,0.32702756
Merzenhausen,2024-01-03 15:00:00,42,test,0.347,0.32677108
Merzenhausen,2024-01-03 16:00:00,42,test,0.347,0.32636616
Merzenhausen,2024-01-03 17:00:00,42,test,0.347,0.32586733
Merzenhausen,2024-01-03 18:00:00,42,test,0.347,0.3253236
Merzenhausen,2024-01-03 19:00:00,42,test,0.347,0.32492843
Merzenhausen,2024-01-03 20:00:00,42,test,0.347,0.32474723
Merzenhausen,2024-01-03 21:00:00,42,test,0.345,0.3247616
Merzenhausen,2024-01-03 22:00:00,42,test,0.347,0.3249303
Merzenhausen,2024-01-03 23:00:00,42,test,0.347,0.3258346
Merzenhausen,2024-01-04 00:00:00,42,test,0.347,0.326684
Merzenhausen,2024-01-04 01:00:00,42,test,0.347,0.3272514
Merzenhausen,2024-01-04 02:00:00,42,test,0.347,0.32748812
Merzenhausen,2024-01-04 03:00:00,42,test,0.345,0.32743773
Merzenhausen,2024-01-04 04:00:00,42,test,0.347,0.32710868
Merzenhausen,2024-01-04 05:00:00,42,test,0.345,0.32671613
Merzenhausen,2024-01-04 06:00:00,42,test,0.347,0.32632774
Merzenhausen,2024-01-04 07:00:00,42,test,0.347,0.32597685
Merzenhausen,2024-01-04 08:00:00,42,test,0.347,0.32570282
Merzenhausen,2024-01-04 09:00:00,42,test,0.347,0.32560664
Merzenhausen,2024-01-04 10:00:00,42,test,0.347,0.32568336
Merzenhausen,2024-01-04 11:00:00,42,test,0.347,0.32600886
Merzenhausen,2024-01-04 12:00:00,42,test,0.347,0.32643077
Merzenhausen,2024-01-04 13:00:00,42,test,0.3399999999999999,0.32678625
Merzenhausen,2024-01-04 14:00:00,42,test,0.347,0.32694453
Merzenhausen,2024-01-04 15:00:00,42,test,0.3389999999999999,0.32685852
Merzenhausen,2024-01-04 16:00:00,42,test,0.344,0.32656962
Merzenhausen,2024-01-04 17:00:00,42,test,0.344,0.3261971
Merzenhausen,2024-01-04 18:00:00,42,test,0.344,0.32578412
Merzenhausen,2024-01-04 19:00:00,42,test,0.345,0.32541168
Merzenhausen,2024-01-04 20:00:00,42,test,0.345,0.32514292
Merzenhausen,2024-01-04 21:00:00,42,test,0.345,0.32495958
Merzenhausen,2024-01-04 22:00:00,42,test,0.344,0.32486635
Merzenhausen,2024-01-04 23:00:00,42,test,0.344,0.32495335
Merzenhausen,2024-01-05 00:00:00,42,test,0.342,0.32498133
Merzenhausen,2024-01-05 01:00:00,42,test,0.345,0.3248818
Merzenhausen,2024-01-05 02:00:00,42,test,0.342,0.3246442
Merzenhausen,2024-01-05 03:00:00,42,test,0.342,0.32427958
Merzenhausen,2024-01-05 04:00:00,42,test,0.343,0.32376862
Merzenhausen,2024-01-05 05:00:00,42,test,0.343,0.32327175
Merzenhausen,2024-01-05 06:00:00,42,test,0.342,0.32283628
Merzenhausen,2024-01-05 07:00:00,42,test,0.342,0.32251182
Merzenhausen,2024-01-05 08:00:00,42,test,0.344,0.32237512
Merzenhausen,2024-01-05 09:00:00,42,test,0.343,0.32235783
Merzenhausen,2024-01-05 10:00:00,42,test,0.34,0.3224934
Merzenhausen,2024-01-05 11:00:00,42,test,0.344,0.32274923
Merzenhausen,2024-01-05 12:00:00,42,test,0.34,0.32308435
Merzenhausen,2024-01-05 13:00:00,42,test,0.341,0.32337612
Merzenhausen,2024-01-05 14:00:00,42,test,0.342,0.32359576
Merzenhausen,2024-01-29 03:00:00,42,test,0.325,0.309895
Merzenhausen,2024-01-29 04:00:00,42,test,0.325,0.30930066
Merzenhausen,2024-01-29 05:00:00,42,test,0.325,0.30864787
Merzenhausen,2024-01-29 06:00:00,42,test,0.325,0.30799803
Merzenhausen,2024-01-29 07:00:00,42,test,0.325,0.30736557
Merzenhausen,2024-01-29 08:00:00,42,test,0.325,0.30680275
Merzenhausen,2024-01-29 09:00:00,42,test,0.325,0.30643335
Merzenhausen,2024-01-29 10:00:00,42,test,0.326,0.3063278
Merzenhausen,2024-01-29 11:00:00,42,test,0.326,0.30639896
Merzenhausen,2024-01-29 12:00:00,42,test,0.326,0.30661637
Merzenhausen,2024-01-29 13:00:00,42,test,0.327,0.30677003
Merzenhausen,2024-01-29 14:00:00,42,test,0.327,0.30672705
Merzenhausen,2024-01-29 15:00:00,42,test,0.325,0.3066495
Merzenhausen,2024-01-29 16:00:00,42,test,0.327,0.30644268
Merzenhausen,2024-01-29 17:00:00,42,test,0.327,0.30624485
Merzenhausen,2024-01-29 18:00:00,42,test,0.325,0.3060668
Merzenhausen,2024-01-29 19:00:00,42,test,0.325,0.30602407
Merzenhausen,2024-01-29 20:00:00,42,test,0.325,0.30622706
Merzenhausen,2024-01-29 21:00:00,42,test,0.325,0.30672222
Merzenhausen,2024-01-29 22:00:00,42,test,0.325,0.30748063
Merzenhausen,2024-01-29 23:00:00,42,test,0.325,0.3083928
Merzenhausen,2024-01-30 00:00:00,42,test,0.325,0.30926704
Merzenhausen,2024-01-30 01:00:00,42,test,0.325,0.30990458
Merzenhausen,2024-01-30 02:00:00,42,test,0.325,0.3103049
Merzenhausen,2024-01-30 03:00:00,42,test,0.325,0.31056944
Merzenhausen,2024-01-30 04:00:00,42,test,0.325,0.3105994
Merzenhausen,2024-01-30 05:00:00,42,test,0.325,0.3104335
Merzenhausen,2024-01-30 06:00:00,42,test,0.327,0.3101425
Merzenhausen,2024-01-30 07:00:00,42,test,0.327,0.30983058
Merzenhausen,2024-01-30 08:00:00,42,test,0.329,0.3095162
Merzenhausen,2024-01-30 09:00:00,42,test,0.328,0.30919874
Merzenhausen,2024-01-30 10:00:00,42,test,0.33,0.3088711
Merzenhausen,2024-01-30 11:00:00,42,test,0.33,0.30865
Merzenhausen,2024-01-30 12:00:00,42,test,0.33,0.308533
Merzenhausen,2024-01-30 13:00:00,42,test,0.33,0.30842334
Merzenhausen,2024-01-30 14:00:00,42,test,0.33,0.3082552
Merzenhausen,2024-01-30 15:00:00,42,test,0.33,0.3079598
Merzenhausen,2024-01-30 16:00:00,42,test,0.33,0.30752912
Merzenhausen,2024-01-30 17:00:00,42,test,0.33,0.30704194
Merzenhausen,2024-01-30 18:00:00,42,test,0.33,0.30656606
Merzenhausen,2024-01-30 19:00:00,42,test,0.33,0.30625078
Merzenhausen,2024-01-30 20:00:00,42,test,0.329,0.30617934
Merzenhausen,2024-01-30 21:00:00,42,test,0.329,0.30642876
Merzenhausen,2024-01-30 22:00:00,42,test,0.329,0.30694348
Merzenhausen,2024-01-30 23:00:00,42,test,0.329,0.30763066
Merzenhausen,2024-01-31 00:00:00,42,test,0.329,0.30820706
Merzenhausen,2024-01-31 01:00:00,42,test,0.329,0.30860117
Merzenhausen,2024-01-31 02:00:00,42,test,0.33,0.30877185
Merzenhausen,2024-01-31 03:00:00,42,test,0.33,0.3087127
Merzenhausen,2024-01-31 04:00:00,42,test,0.33,0.3084597
Merzenhausen,2024-01-31 05:00:00,42,test,0.3399999999999999,0.3080671
Merzenhausen,2024-01-31 06:00:00,42,test,0.33,0.30756822
Merzenhausen,2024-01-31 07:00:00,42,test,0.33,0.307011
Merzenhausen,2024-01-31 08:00:00,42,test,0.33,0.30644566
Merzenhausen,2024-01-31 09:00:00,42,test,0.33,0.30592203
Merzenhausen,2024-01-31 10:00:00,42,test,0.33,0.30553526
Merzenhausen,2024-01-31 11:00:00,42,test,0.33,0.3053396
Merzenhausen,2024-01-31 12:00:00,42,test,0.328,0.3053593
Merzenhausen,2024-01-31 13:00:00,42,test,0.328,0.3055333
Merzenhausen,2024-01-31 14:00:00,42,test,0.33,0.30574328
Merzenhausen,2024-01-31 15:00:00,42,test,0.327,0.30580842
Merzenhausen,2024-01-31 16:00:00,42,test,0.33,0.3057895
Merzenhausen,2024-01-31 17:00:00,42,test,0.328,0.305711
Merzenhausen,2024-01-31 18:00:00,42,test,0.33,0.30552143
Merzenhausen,2024-01-31 19:00:00,42,test,0.328,0.3052541
Merzenhausen,2024-01-31 20:00:00,42,test,0.328,0.30509487
Merzenhausen,2024-01-31 21:00:00,42,test,0.328,0.30509445
Merzenhausen,2024-01-31 22:00:00,42,test,0.328,0.30529618
Merzenhausen,2024-01-31 23:00:00,42,test,0.328,0.305659
Merzenhausen,2024-02-01 00:00:00,42,test,0.328,0.30610827
Merzenhausen,2024-02-01 01:00:00,42,test,0.328,0.30656555
Merzenhausen,2024-02-01 02:00:00,42,test,0.328,0.30747247
Merzenhausen,2024-02-01 03:00:00,42,test,0.328,0.3085539
Merzenhausen,2024-02-01 04:00:00,42,test,0.328,0.30926794
Merzenhausen,2024-02-01 05:00:00,42,test,0.328,0.30951494
Merzenhausen,2024-02-01 06:00:00,42,test,0.328,0.309568
Merzenhausen,2024-02-01 07:00:00,42,test,0.328,0.30942118
Merzenhausen,2024-02-01 08:00:00,42,test,0.328,0.30922002
Merzenhausen,2024-02-01 09:00:00,42,test,0.328,0.3089447
Merzenhausen,2024-02-01 10:00:00,42,test,0.328,0.30875292
Merzenhausen,2024-02-01 11:00:00,42,test,0.328,0.3087179
Merzenhausen,2024-02-01 12:00:00,42,test,0.328,0.30883405
Merzenhausen,2024-02-01 13:00:00,42,test,0.328,0.30901077
Merzenhausen,2024-02-01 14:00:00,42,test,0.328,0.3091629
Merzenhausen,2024-02-01 15:00:00,42,test,0.328,0.30916816
Merzenhausen,2024-02-01 16:00:00,42,test,0.328,0.30906087
Merzenhausen,2024-02-01 17:00:00,42,test,0.328,0.30887038
Merzenhausen,2024-02-01 18:00:00,42,test,0.328,0.30860853
Merzenhausen,2024-02-01 19:00:00,42,test,0.328,0.3084169
Merzenhausen,2024-02-01 20:00:00,42,test,0.328,0.3082956
Merzenhausen,2024-02-01 21:00:00,42,test,0.328,0.30827248
Merzenhausen,2024-02-01 22:00:00,42,test,0.328,0.3083018
Merzenhausen,2024-02-01 23:00:00,42,test,0.328,0.30831107
Merzenhausen,2024-02-02 00:00:00,42,test,0.328,0.30826765
Merzenhausen,2024-02-02 01:00:00,42,test,0.3359999999999999,0.3081448
Merzenhausen,2024-02-02 02:00:00,42,test,0.33,0.30797666
Merzenhausen,2024-02-02 03:00:00,42,test,0.3265,0.30777875
Merzenhausen,2024-02-02 04:00:00,42,test,0.3265,0.30756783
Merzenhausen,2024-02-02 05:00:00,42,test,0.3389999999999999,0.30764884
Merzenhausen,2024-02-02 06:00:00,42,test,0.3375,0.30761635
Merzenhausen,2024-02-02 07:00:00,42,test,0.3375,0.30753666
Merzenhausen,2024-02-02 08:00:00,42,test,0.327,0.3074508
Merzenhausen,2024-02-02 09:00:00,42,test,0.329,0.30740994
Merzenhausen,2024-02-02 10:00:00,42,test,0.3405,0.30748695
Merzenhausen,2024-02-02 11:00:00,42,test,0.3385,0.3077109
Merzenhausen,2024-02-02 12:00:00,42,test,0.3409999999999999,0.30799025
Merzenhausen,2024-02-02 13:00:00,42,test,0.329,0.30827373
Merzenhausen,2024-02-02 14:00:00,42,test,0.331,0.30849516
Merzenhausen,2024-02-02 15:00:00,42,test,0.3419999999999999,0.30849195
Merzenhausen,2024-02-02 16:00:00,42,test,0.3295,0.30837512
Merzenhausen,2024-02-02 17:00:00,42,test,0.356,0.30807233
Merzenhausen,2024-02-02 18:00:00,42,test,0.333,0.30778822
Merzenhausen,2024-02-02 19:00:00,42,test,0.333,0.3075378
Merzenhausen,2024-02-02 20:00:00,42,test,0.333,0.30743185
Merzenhausen,2024-02-02 21:00:00,42,test,0.333,0.3075497
Merzenhausen,2024-02-02 22:00:00,42,test,0.3419999999999999,0.3078804
Merzenhausen,2024-02-02 23:00:00,42,test,0.332,0.30837074
Merzenhausen,2024-02-12 00:00:00,42,test,0.337,0.31910938
Merzenhausen,2024-02-12 01:00:00,42,test,0.335,0.319223
Merzenhausen,2024-02-12 02:00:00,42,test,0.335,0.3192106
Merzenhausen,2024-02-12 03:00:00,42,test,0.335,0.31904143
Merzenhausen,2024-02-12 04:00:00,42,test,0.335,0.31875673
Merzenhausen,2024-02-12 05:00:00,42,test,0.335,0.3184142
Merzenhausen,2024-02-12 06:00:00,42,test,0.335,0.31801334
Merzenhausen,2024-02-12 07:00:00,42,test,0.336,0.31763357
Merzenhausen,2024-02-12 08:00:00,42,test,0.337,0.31731462
Merzenhausen,2024-02-12 09:00:00,42,test,0.337,0.31713364
Merzenhausen,2024-02-12 10:00:00,42,test,0.337,0.31711796
Merzenhausen,2024-02-12 11:00:00,42,test,0.334,0.3172508
Merzenhausen,2024-02-12 12:00:00,42,test,0.337,0.31741765
Merzenhausen,2024-02-12 13:00:00,42,test,0.334,0.3175671
Merzenhausen,2024-02-12 14:00:00,42,test,0.334,0.31754136
Merzenhausen,2024-02-12 15:00:00,42,test,0.335,0.31734937
Merzenhausen,2024-02-12 16:00:00,42,test,0.333,0.31696215
Merzenhausen,2024-02-12 17:00:00,42,test,0.333,0.31641847
Merzenhausen,2024-02-12 18:00:00,42,test,0.333,0.31580985
Merzenhausen,2024-02-12 19:00:00,42,test,0.333,0.31532523
Merzenhausen,2024-02-12 20:00:00,42,test,0.334,0.3148628
Merzenhausen,2024-02-12 21:00:00,42,test,0.335,0.31458336
Merzenhausen,2024-02-12 22:00:00,42,test,0.335,0.31443083
Merzenhausen,2024-02-12 23:00:00,42,test,0.335,0.31429908
Merzenhausen,2024-02-13 00:00:00,42,test,0.3315,0.31411275
Merzenhausen,2024-02-13 01:00:00,42,test,0.3315,0.3136606
Merzenhausen,2024-02-13 02:00:00,42,test,0.335,0.31305122
Merzenhausen,2024-02-13 03:00:00,42,test,0.335,0.31225604
Merzenhausen,2024-02-13 04:00:00,42,test,0.3305,0.31141636
Merzenhausen,2024-02-13 05:00:00,42,test,0.335,0.31063053
Merzenhausen,2024-02-13 06:00:00,42,test,0.333,0.30997345
Merzenhausen,2024-02-13 07:00:00,42,test,0.3305,0.30948645
Merzenhausen,2024-02-13 08:00:00,42,test,0.335,0.30926263
Merzenhausen,2024-02-13 09:00:00,42,test,0.335,0.30936927
Merzenhausen,2024-02-13 10:00:00,42,test,0.333,0.30981693
Merzenhausen,2024-02-13 11:00:00,42,test,0.333,0.31053704
Merzenhausen,2024-02-13 12:00:00,42,test,0.332,0.3114239
Merzenhausen,2024-02-13 13:00:00,42,test,0.3295,0.31220272
Merzenhausen,2024-02-13 14:00:00,42,test,0.332,0.31278437
Merzenhausen,2024-02-13 15:00:00,42,test,0.332,0.313069
Merzenhausen,2024-02-13 16:00:00,42,test,0.332,0.31306085
Merzenhausen,2024-02-13 17:00:00,42,test,0.329,0.3128354
Merzenhausen,2024-02-13 18:00:00,42,test,0.333,0.31251
Merzenhausen,2024-02-13 19:00:00,42,test,0.333,0.3122102
Merzenhausen,2024-02-13 20:00:00,42,test,0.332,0.31204006
Merzenhausen,2024-02-13 21:00:00,42,test,0.3295,0.3120496
Merzenhausen,2024-02-13 22:00:00,42,test,0.334,0.31225634
Merzenhausen,2024-02-13 23:00:00,42,test,0.334,0.3126138
Merzenhausen,2024-02-14 00:00:00,42,test,0.334,0.31304562
Merzenhausen,2024-02-14 01:00:00,42,test,0.334,0.31338525
Merzenhausen,2024-02-14 02:00:00,42,test,0.334,0.3136414
Merzenhausen,2024-02-14 03:00:00,42,test,0.334,0.3137955
Merzenhausen,2024-02-14 04:00:00,42,test,0.332,0.31385782
Merzenhausen,2024-02-14 05:00:00,42,test,0.332,0.31384283
Merzenhausen,2024-02-14 06:00:00,42,test,0.332,0.3137745
Merzenhausen,2024-02-14 07:00:00,42,test,0.332,0.31371203
Merzenhausen,2024-02-14 08:00:00,42,test,0.332,0.31369707
Merzenhausen,2024-02-14 09:00:00,42,test,0.332,0.31372792
Merzenhausen,2024-02-14 10:00:00,42,test,0.332,0.31380397
Merzenhausen,2024-02-14 11:00:00,42,test,0.33,0.31386247
Merzenhausen,2024-02-14 12:00:00,42,test,0.33,0.31397817
Merzenhausen,2024-02-14 13:00:00,42,test,0.33,0.31395566
Merzenhausen,2024-02-14 14:00:00,42,test,0.33,0.31392285
Merzenhausen,2024-02-14 15:00:00,42,test,0.33,0.31367487
Merzenhausen,2024-02-14 16:00:00,42,test,0.33,0.31318435
Merzenhausen,2024-02-14 17:00:00,42,test,0.3345,0.3124245
Merzenhausen,2024-02-14 18:00:00,42,test,0.335,0.31160012
Merzenhausen,2024-02-14 19:00:00,42,test,0.3365,0.31097493
Merzenhausen,2024-02-14 20:00:00,42,test,0.334,0.31064934
Merzenhausen,2024-02-14 21:00:00,42,test,0.333,0.31059593
Merzenhausen,2024-02-14 22:00:00,42,test,0.334,0.3108052
Merzenhausen,2024-02-14 23:00:00,42,test,0.333,0.31126642
Merzenhausen,2024-02-15 00:00:00,42,test,0.333,0.3117748
Merzenhausen,2024-02-15 01:00:00,42,test,0.333,0.31228772
Merzenhausen,2024-02-15 02:00:00,42,test,0.334,0.3128304
Merzenhausen,2024-02-15 03:00:00,42,test,0.334,0.3133108
Merzenhausen,2024-02-15 04:00:00,42,test,0.335,0.31353432
Merzenhausen,2024-02-15 05:00:00,42,test,0.335,0.3136849
Merzenhausen,2024-02-15 06:00:00,42,test,0.333,0.31373033
Merzenhausen,2024-02-15 07:00:00,42,test,0.335,0.31360188
Merzenhausen,2024-02-15 08:00:00,42,test,0.335,0.31346434
Merzenhausen,2024-02-15 09:00:00,42,test,0.335,0.31329077
Merzenhausen,2024-02-15 10:00:00,42,test,0.335,0.31305265
Merzenhausen,2024-02-15 11:00:00,42,test,0.335,0.3127343
Merzenhausen,2024-02-15 12:00:00,42,test,0.335,0.3123217
Merzenhausen,2024-02-15 13:00:00,42,test,0.335,0.31170806
Merzenhausen,2024-02-15 14:00:00,42,test,0.332,0.31095582
Merzenhausen,2024-02-15 15:00:00,42,test,0.3325,0.31010744
Merzenhausen,2024-02-15 16:00:00,42,test,0.334,0.30915585
Merzenhausen,2024-02-15 17:00:00,42,test,0.334,0.3080672
Merzenhausen,2024-02-15 18:00:00,42,test,0.332,0.30718017
Merzenhausen,2024-02-15 19:00:00,42,test,0.332,0.30659288
Merzenhausen,2024-02-15 20:00:00,42,test,0.332,0.3063104
Merzenhausen,2024-02-15 21:00:00,42,test,0.332,0.3063187
Merzenhausen,2024-02-15 22:00:00,42,test,0.332,0.3067807
Merzenhausen,2024-02-15 23:00:00,42,test,0.332,0.3075416
Merzenhausen,2024-02-16 00:00:00,42,test,0.332,0.30843607
Merzenhausen,2024-02-16 01:00:00,42,test,0.332,0.30933103
Merzenhausen,2024-02-16 02:00:00,42,test,0.332,0.31011117
Merzenhausen,2024-02-16 03:00:00,42,test,0.332,0.31075406
Merzenhausen,2024-02-16 04:00:00,42,test,0.332,0.31117356
Merzenhausen,2024-02-16 05:00:00,42,test,0.33,0.31140283
Merzenhausen,2024-02-16 06:00:00,42,test,0.332,0.3115018
Merzenhausen,2024-02-16 07:00:00,42,test,0.33,0.31150436
Merzenhausen,2024-02-16 08:00:00,42,test,0.33,0.31142554
Merzenhausen,2024-02-16 09:00:00,42,test,0.33,0.31131205
Merzenhausen,2024-02-16 10:00:00,42,test,0.33,0.31118232
Merzenhausen,2024-02-16 11:00:00,42,test,0.33,0.31096005
Merzenhausen,2024-02-16 12:00:00,42,test,0.33,0.3107185
Merzenhausen,2024-02-16 13:00:00,42,test,0.33,0.31048244
Merzenhausen,2024-02-16 14:00:00,42,test,0.33,0.31026798
Merzenhausen,2024-02-16 15:00:00,42,test,0.33,0.31003922
Merzenhausen,2024-02-16 16:00:00,42,test,0.33,0.31007165
Merzenhausen,2024-02-16 17:00:00,42,test,0.329,0.31007263
Merzenhausen,2024-02-16 18:00:00,42,test,0.328,0.3099042
Merzenhausen,2024-02-16 19:00:00,42,test,0.329,0.3097257
Merzenhausen,2024-02-16 20:00:00,42,test,0.331,0.30957073
Merzenhausen,2024-02-16 21:00:00,42,test,0.331,0.3095182
Merzenhausen,2024-02-16 22:00:00,42,test,0.33,0.30967486
Merzenhausen,2024-02-16 23:00:00,42,test,0.33,0.3099835
Merzenhausen,2024-02-17 00:00:00,42,test,0.333,0.310333
Merzenhausen,2024-02-17 01:00:00,42,test,0.332,0.3106049
Merzenhausen,2024-02-17 02:00:00,42,test,0.332,0.3107964
Merzenhausen,2024-02-17 03:00:00,42,test,0.332,0.31086954
Merzenhausen,2024-02-17 04:00:00,42,test,0.332,0.3108778
Merzenhausen,2024-02-17 05:00:00,42,test,0.332,0.31084263
Merzenhausen,2024-02-17 06:00:00,42,test,0.332,0.3107326
Merzenhausen,2024-02-17 07:00:00,42,test,0.335,0.31065324
Merzenhausen,2024-02-17 08:00:00,42,test,0.332,0.31064257
Merzenhausen,2024-02-17 09:00:00,42,test,0.335,0.3107146
Merzenhausen,2024-02-17 10:00:00,42,test,0.332,0.31090373
Merzenhausen,2024-02-17 11:00:00,42,test,0.332,0.31120735
Merzenhausen,2024-02-17 12:00:00,42,test,0.332,0.31156987
Merzenhausen,2024-02-17 13:00:00,42,test,0.332,0.3118727
Merzenhausen,2024-02-17 14:00:00,42,test,0.332,0.31193322
Merzenhausen,2024-02-17 15:00:00,42,test,0.335,0.31168845
Merzenhausen,2024-02-17 16:00:00,42,test,0.335,0.31123233
Merzenhausen,2024-02-17 17:00:00,42,test,0.335,0.31065562
Merzenhausen,2024-02-17 18:00:00,42,test,0.335,0.31003195
Merzenhausen,2024-02-17 19:00:00,42,test,0.334,0.3094753
Merzenhausen,2024-02-17 20:00:00,42,test,0.334,0.30898958
Merzenhausen,2024-02-17 21:00:00,42,test,0.334,0.30869246
Merzenhausen,2024-02-17 22:00:00,42,test,0.334,0.3085775
Merzenhausen,2024-02-17 23:00:00,42,test,0.334,0.3085968
Merzenhausen,2024-02-18 00:00:00,42,test,0.3325,0.30870736
Merzenhausen,2024-02-18 01:00:00,42,test,0.333,0.30881283
Merzenhausen,2024-02-18 02:00:00,42,test,0.334,0.30885154
Merzenhausen,2024-02-18 03:00:00,42,test,0.334,0.30879337
Merzenhausen,2024-02-18 04:00:00,42,test,0.334,0.3086845
Merzenhausen,2024-02-18 05:00:00,42,test,0.3325,0.30851498
Merzenhausen,2024-02-18 06:00:00,42,test,0.334,0.3084176
Merzenhausen,2024-02-18 07:00:00,42,test,0.334,0.30830872
Merzenhausen,2024-02-18 08:00:00,42,test,0.334,0.30824187
Merzenhausen,2024-02-18 09:00:00,42,test,0.334,0.30824605
Merzenhausen,2024-02-18 10:00:00,42,test,0.334,0.30834606
Merzenhausen,2024-02-18 11:00:00,42,test,0.334,0.308636
Merzenhausen,2024-02-18 12:00:00,42,test,0.334,0.3090291
Merzenhausen,2024-02-18 13:00:00,42,test,0.334,0.30944863
Merzenhausen,2024-02-18 14:00:00,42,test,0.334,0.30978525
Merzenhausen,2024-02-18 15:00:00,42,test,0.334,0.30982065
Merzenhausen,2024-02-18 16:00:00,42,test,0.332,0.30955786
Merzenhausen,2024-02-18 17:00:00,42,test,0.33,0.30905333
Merzenhausen,2024-02-18 18:00:00,42,test,0.33,0.3084099
Merzenhausen,2024-02-18 19:00:00,42,test,0.33,0.3078126
Merzenhausen,2024-02-18 20:00:00,42,test,0.33,0.30754903
Merzenhausen,2024-02-18 21:00:00,42,test,0.331,0.3080415
Merzenhausen,2024-02-18 22:00:00,42,test,0.331,0.30849755
Merzenhausen,2024-02-18 23:00:00,42,test,0.328,0.30883726
Merzenhausen,2024-02-19 00:00:00,42,test,0.328,0.30911458
Merzenhausen,2024-02-19 01:00:00,42,test,0.328,0.30923203
Merzenhausen,2024-02-19 02:00:00,42,test,0.328,0.3092096
Merzenhausen,2024-02-19 03:00:00,42,test,0.328,0.3090946
Merzenhausen,2024-02-19 04:00:00,42,test,0.328,0.30902252
Merzenhausen,2024-02-19 05:00:00,42,test,0.33,0.30899894
Merzenhausen,2024-02-19 06:00:00,42,test,0.33,0.30903995
Merzenhausen,2024-02-19 07:00:00,42,test,0.33,0.309223
Merzenhausen,2024-02-19 08:00:00,42,test,0.327,0.30945778
Merzenhausen,2024-02-19 09:00:00,42,test,0.327,0.30983433
Merzenhausen,2024-02-19 10:00:00,42,test,0.327,0.31022185
Merzenhausen,2024-02-19 11:00:00,42,test,0.327,0.31062526
Merzenhausen,2024-02-19 12:00:00,42,test,0.327,0.3110295
Merzenhausen,2024-02-19 13:00:00,42,test,0.327,0.31138343
Merzenhausen,2024-02-19 14:00:00,42,test,0.327,0.311566
Merzenhausen,2024-02-19 15:00:00,42,test,0.328,0.31169516
Merzenhausen,2024-02-19 16:00:00,42,test,0.327,0.31176478
Merzenhausen,2024-02-19 17:00:00,42,test,0.327,0.31190988
Merzenhausen,2024-02-19 18:00:00,42,test,0.328,0.3121713
Merzenhausen,2024-02-19 19:00:00,42,test,0.325,0.312194
Merzenhausen,2024-02-19 20:00:00,42,test,0.325,0.31221902
Merzenhausen,2024-02-19 21:00:00,42,test,0.325,0.31218332
Merzenhausen,2024-02-19 22:00:00,42,test,0.325,0.3121256
Merzenhausen,2024-02-19 23:00:00,42,test,0.325,0.31202236
Merzenhausen,2024-02-20 00:00:00,42,test,0.327,0.31178063
Merzenhausen,2024-02-20 01:00:00,42,test,0.33,0.31139588
Merzenhausen,2024-02-20 02:00:00,42,test,0.33,0.31094658
Merzenhausen,2024-02-20 03:00:00,42,test,0.332,0.31040362
Merzenhausen,2024-02-20 04:00:00,42,test,0.333,0.3098701
Merzenhausen,2024-02-20 05:00:00,42,test,0.335,0.30933452
Merzenhausen,2024-02-20 06:00:00,42,test,0.335,0.30889207
Merzenhausen,2024-02-20 07:00:00,42,test,0.337,0.30860993
Merzenhausen,2024-02-20 08:00:00,42,test,0.336,0.30849493
Merzenhausen,2024-02-20 09:00:00,42,test,0.336,0.30860856
Merzenhausen,2024-02-20 10:00:00,42,test,0.334,0.3089318
Merzenhausen,2024-02-20 11:00:00,42,test,0.337,0.3094266
Merzenhausen,2024-02-20 12:00:00,42,test,0.335,0.31001842
Merzenhausen,2024-02-20 13:00:00,42,test,0.336,0.31057733
Merzenhausen,2024-02-20 14:00:00,42,test,0.337,0.31099457
Merzenhausen,2024-02-20 15:00:00,42,test,0.336,0.3111827
Merzenhausen,2024-02-20 16:00:00,42,test,0.336,0.31107605
Merzenhausen,2024-02-20 17:00:00,42,test,0.336,0.31067517
Merzenhausen,2024-02-20 18:00:00,42,test,0.336,0.31012645
Merzenhausen,2024-02-20 19:00:00,42,test,0.339,0.3095763
Merzenhausen,2024-02-20 20:00:00,42,test,0.34,0.30912894
Merzenhausen,2024-02-20 21:00:00,42,test,0.34,0.3088871
Merzenhausen,2024-02-20 22:00:00,42,test,0.34,0.3088531
Merzenhausen,2024-02-20 23:00:00,42,test,0.34,0.30886823
Merzenhausen,2024-02-21 00:00:00,42,test,0.34,0.30889344
Merzenhausen,2024-02-21 01:00:00,42,test,0.34,0.3088708
Merzenhausen,2024-02-21 02:00:00,42,test,0.34,0.30875266
Merzenhausen,2024-02-21 03:00:00,42,test,0.34,0.30854422
Merzenhausen,2024-02-21 04:00:00,42,test,0.34,0.30829507
Merzenhausen,2024-02-21 05:00:00,42,test,0.34,0.30812788
Merzenhausen,2024-02-21 06:00:00,42,test,0.34,0.30801192
Merzenhausen,2024-02-21 07:00:00,42,test,0.341,0.3079502
Merzenhausen,2024-02-21 08:00:00,42,test,0.339,0.30785334
Merzenhausen,2024-02-21 09:00:00,42,test,0.339,0.30778387
Merzenhausen,2024-02-21 10:00:00,42,test,0.339,0.3078013
Merzenhausen,2024-02-21 11:00:00,42,test,0.339,0.30789044
Merzenhausen,2024-02-21 12:00:00,42,test,0.339,0.3080384
Merzenhausen,2024-02-21 13:00:00,42,test,0.339,0.30811065
Merzenhausen,2024-02-21 14:00:00,42,test,0.338,0.30810308
Merzenhausen,2024-02-21 15:00:00,42,test,0.338,0.30792785
Merzenhausen,2024-02-21 16:00:00,42,test,0.339,0.3075708
Merzenhausen,2024-02-21 17:00:00,42,test,0.339,0.30706668
Merzenhausen,2024-02-21 18:00:00,42,test,0.337,0.30674964
Merzenhausen,2024-02-21 19:00:00,42,test,0.337,0.30658573
Merzenhausen,2024-02-21 20:00:00,42,test,0.337,0.30653745
Merzenhausen,2024-02-21 21:00:00,42,test,0.337,0.30671012
Merzenhausen,2024-02-21 22:00:00,42,test,0.335,0.30704147
Merzenhausen,2024-02-21 23:00:00,42,test,0.336,0.3074791
Merzenhausen,2024-02-22 00:00:00,42,test,0.335,0.3079518
Merzenhausen,2024-02-22 01:00:00,42,test,0.335,0.30866277
Merzenhausen,2024-02-22 02:00:00,42,test,0.337,0.3093266
Merzenhausen,2024-02-22 03:00:00,42,test,0.334,0.30984685
Merzenhausen,2024-02-22 04:00:00,42,test,0.334,0.31018957
Merzenhausen,2024-02-22 05:00:00,42,test,0.334,0.31039363
Merzenhausen,2024-02-22 06:00:00,42,test,0.335,0.31045672
Merzenhausen,2024-02-22 07:00:00,42,test,0.332,0.31054908
Merzenhausen,2024-02-22 08:00:00,42,test,0.334,0.31066176
Merzenhausen,2024-02-22 09:00:00,42,test,0.333,0.31086546
Merzenhausen,2024-02-22 10:00:00,42,test,0.334,0.3110521
Merzenhausen,2024-02-22 11:00:00,42,test,0.334,0.31134775
Merzenhausen,2024-02-22 12:00:00,42,test,0.335,0.31164095
Merzenhausen,2024-02-22 13:00:00,42,test,0.332,0.31189948
Merzenhausen,2024-02-22 14:00:00,42,test,0.332,0.31205654
Merzenhausen,2024-02-22 15:00:00,42,test,0.332,0.31199056
Merzenhausen,2024-02-22 16:00:00,42,test,0.332,0.31166747
Merzenhausen,2024-02-22 17:00:00,42,test,0.333,0.31144193
Merzenhausen,2024-02-22 18:00:00,42,test,0.33,0.31123823
Merzenhausen,2024-02-22 19:00:00,42,test,0.33,0.31218857
Merzenhausen,2024-02-22 20:00:00,42,test,0.33,0.31322265
Merzenhausen,2024-02-22 21:00:00,42,test,0.332,0.31397122
Merzenhausen,2024-02-22 22:00:00,42,test,0.332,0.31453645
Merzenhausen,2024-02-22 23:00:00,42,test,0.332,0.31491116
Merzenhausen,2024-02-23 00:00:00,42,test,0.33,0.3150109
Merzenhausen,2024-02-23 01:00:00,42,test,0.33,0.3148271
Merzenhausen,2024-02-23 02:00:00,42,test,0.33,0.31435895
Merzenhausen,2024-02-23 03:00:00,42,test,0.329,0.31370953
Merzenhausen,2024-02-23 04:00:00,42,test,0.33,0.31301036
Merzenhausen,2024-02-23 05:00:00,42,test,0.331,0.312364
Merzenhausen,2024-02-23 06:00:00,42,test,0.331,0.311832
Merzenhausen,2024-02-23 07:00:00,42,test,0.329,0.31148994
Merzenhausen,2024-02-23 08:00:00,42,test,0.329,0.31132472
Merzenhausen,2024-02-23 09:00:00,42,test,0.327,0.31139782
Merzenhausen,2024-02-23 10:00:00,42,test,0.33,0.3117148
Merzenhausen,2024-02-23 11:00:00,42,test,0.33,0.31225303
Merzenhausen,2024-02-23 12:00:00,42,test,0.33,0.31291252
Merzenhausen,2024-02-23 13:00:00,42,test,0.327,0.31351155
Merzenhausen,2024-02-23 14:00:00,42,test,0.327,0.31391743
Merzenhausen,2024-02-23 15:00:00,42,test,0.327,0.31409287
Merzenhausen,2024-02-23 16:00:00,42,test,0.327,0.31401402
Merzenhausen,2024-02-23 17:00:00,42,test,0.327,0.3137528
Merzenhausen,2024-02-23 18:00:00,42,test,0.329,0.31334248
Merzenhausen,2024-02-23 19:00:00,42,test,0.326,0.31289685
Merzenhausen,2024-02-23 20:00:00,42,test,0.327,0.31251854
Merzenhausen,2024-02-23 21:00:00,42,test,0.327,0.31221187
Merzenhausen,2024-02-23 22:00:00,42,test,0.327,0.3119014
Merzenhausen,2024-02-23 23:00:00,42,test,0.327,0.31162065
Merzenhausen,2024-02-24 00:00:00,42,test,0.325,0.31125572
Merzenhausen,2024-02-24 01:00:00,42,test,0.325,0.3107642
Merzenhausen,2024-02-24 02:00:00,42,test,0.325,0.31019622
Merzenhausen,2024-02-24 03:00:00,42,test,0.327,0.30948985
Merzenhausen,2024-02-24 04:00:00,42,test,0.327,0.3087245
Merzenhausen,2024-02-24 05:00:00,42,test,0.329,0.30798912
Merzenhausen,2024-02-24 06:00:00,42,test,0.332,0.30740038
Merzenhausen,2024-02-24 07:00:00,42,test,0.335,0.30688706
Merzenhausen,2024-02-24 08:00:00,42,test,0.342,0.30663073
Merzenhausen,2024-02-24 09:00:00,42,test,0.349,0.30663115
Merzenhausen,2024-02-24 10:00:00,42,test,0.356,0.30693763
Merzenhausen,2024-02-24 11:00:00,42,test,0.354,0.30752042
Merzenhausen,2024-02-24 12:00:00,42,test,0.354,0.30830482
Merzenhausen,2024-02-24 13:00:00,42,test,0.356,0.309013
Merzenhausen,2024-02-24 14:00:00,42,test,0.356,0.3095473
Merzenhausen,2024-02-24 15:00:00,42,test,0.358,0.3099297
Merzenhausen,2024-02-24 16:00:00,42,test,0.354,0.31001365
Merzenhausen,2024-02-24 17:00:00,42,test,0.353,0.30985323
Merzenhausen,2024-02-24 18:00:00,42,test,0.354,0.3094837
Merzenhausen,2024-02-24 19:00:00,42,test,0.351,0.30896536
Merzenhausen,2024-02-24 20:00:00,42,test,0.353,0.3084312
Merzenhausen,2024-02-24 21:00:00,42,test,0.351,0.30802137
Merzenhausen,2024-02-24 22:00:00,42,test,0.351,0.30773437
Merzenhausen,2024-02-24 23:00:00,42,test,0.35,0.30750823
Merzenhausen,2024-02-25 00:00:00,42,test,0.351,0.30720797
Merzenhausen,2024-02-25 01:00:00,42,test,0.35,0.30687383
Merzenhausen,2024-02-25 02:00:00,42,test,0.35,0.3065157
Merzenhausen,2024-02-25 03:00:00,42,test,0.348,0.3060972
Merzenhausen,2024-02-25 04:00:00,42,test,0.348,0.30570877
Merzenhausen,2024-02-25 05:00:00,42,test,0.346,0.30542836
Merzenhausen,2024-02-25 06:00:00,42,test,0.346,0.30526423
Merzenhausen,2024-02-25 07:00:00,42,test,0.3385,0.30515262
Merzenhausen,2024-02-25 08:00:00,42,test,0.345,0.30515054
Merzenhausen,2024-02-25 09:00:00,42,test,0.345,0.30524427
Merzenhausen,2024-02-25 10:00:00,42,test,0.343,0.30556393
Merzenhausen,2024-02-25 11:00:00,42,test,0.345,0.3060645
Merzenhausen,2024-02-25 12:00:00,42,test,0.342,0.3066985
Merzenhausen,2024-02-25 13:00:00,42,test,0.342,0.3073082
Merzenhausen,2024-02-25 14:00:00,42,test,0.343,0.30761448
Merzenhausen,2024-02-25 15:00:00,42,test,0.343,0.30762568
Merzenhausen,2024-02-25 16:00:00,42,test,0.34,0.30732006
Merzenhausen,2024-02-25 17:00:00,42,test,0.341,0.3068283
Merzenhausen,2024-02-25 18:00:00,42,test,0.342,0.30633694
Merzenhausen,2024-02-25 19:00:00,42,test,0.34,0.30578184
Merzenhausen,2024-02-25 20:00:00,42,test,0.338,0.30534053
Merzenhausen,2024-02-25 21:00:00,42,test,0.339,0.30507416
Merzenhausen,2024-02-25 22:00:00,42,test,0.339,0.3050463
Merzenhausen,2024-02-25 23:00:00,42,test,0.34,0.3051018
Merzenhausen,2024-02-26 00:00:00,42,test,0.337,0.30507654
Merzenhausen,2024-02-26 01:00:00,42,test,0.337,0.30507153
Merzenhausen,2024-02-26 02:00:00,42,test,0.337,0.30515522
Merzenhausen,2024-02-26 03:00:00,42,test,0.337,0.30516544
Merzenhausen,2024-02-26 04:00:00,42,test,0.336,0.30516747
Merzenhausen,2024-02-26 05:00:00,42,test,0.337,0.3052716
Merzenhausen,2024-02-26 06:00:00,42,test,0.337,0.30557758
Merzenhausen,2024-02-26 07:00:00,42,test,0.337,0.30621853
Merzenhausen,2024-02-26 08:00:00,42,test,0.337,0.30740073
Merzenhausen,2024-02-26 09:00:00,42,test,0.337,0.30923116
Merzenhausen,2024-02-26 10:00:00,42,test,0.337,0.311759
Merzenhausen,2024-02-26 11:00:00,42,test,0.334,0.3146264
Merzenhausen,2024-02-26 12:00:00,42,test,0.335,0.31738046
Merzenhausen,2024-02-26 13:00:00,42,test,0.335,0.31977022
Merzenhausen,2024-02-26 14:00:00,42,test,0.335,0.3218816
Merzenhausen,2024-02-26 15:00:00,42,test,0.335,0.323436
Merzenhausen,2024-02-26 16:00:00,42,test,0.335,0.32417554
Merzenhausen,2024-02-26 17:00:00,42,test,0.335,0.3242609
Merzenhausen,2024-02-26 18:00:00,42,test,0.335,0.32395384
Merzenhausen,2024-02-26 19:00:00,42,test,0.335,0.32338172
Merzenhausen,2024-02-26 20:00:00,42,test,0.333,0.32280502
Merzenhausen,2024-02-26 21:00:00,42,test,0.333,0.3223033
Merzenhausen,2024-02-26 22:00:00,42,test,0.333,0.3219157
Merzenhausen,2024-02-26 23:00:00,42,test,0.334,0.32161108
Merzenhausen,2024-02-27 00:00:00,42,test,0.334,0.32139874
Merzenhausen,2024-02-27 01:00:00,42,test,0.332,0.3211745
Merzenhausen,2024-02-27 02:00:00,42,test,0.332,0.32089674
Merzenhausen,2024-02-27 03:00:00,42,test,0.332,0.3205188
Merzenhausen,2024-02-27 04:00:00,42,test,0.332,0.3200699
Merzenhausen,2024-02-27 05:00:00,42,test,0.332,0.31955212
Merzenhausen,2024-02-27 06:00:00,42,test,0.334,0.31905815
Merzenhausen,2024-02-27 07:00:00,42,test,0.331,0.3184486
Merzenhausen,2024-02-27 08:00:00,42,test,0.332,0.3180354
Merzenhausen,2024-02-27 09:00:00,42,test,0.332,0.31782076
Merzenhausen,2024-02-27 10:00:00,42,test,0.332,0.31774926
Merzenhausen,2024-02-27 11:00:00,42,test,0.332,0.31788504
Merzenhausen,2024-02-27 12:00:00,42,test,0.331,0.3180484
Merzenhausen,2024-02-27 13:00:00,42,test,0.332,0.31815523
Merzenhausen,2024-02-27 14:00:00,42,test,0.332,0.31814477
Merzenhausen,2024-02-27 15:00:00,42,test,0.329,0.31795895
Merzenhausen,2024-02-27 16:00:00,42,test,0.332,0.3174757
Merzenhausen,2024-02-27 17:00:00,42,test,0.33,0.31682584
Merzenhausen,2024-02-27 18:00:00,42,test,0.33,0.31614944
Merzenhausen,2024-02-27 19:00:00,42,test,0.33,0.31548616
Merzenhausen,2024-02-27 20:00:00,42,test,0.33,0.31482327
Merzenhausen,2024-02-27 21:00:00,42,test,0.33,0.31422773
Merzenhausen,2024-02-27 22:00:00,42,test,0.332,0.31370926
Merzenhausen,2024-02-27 23:00:00,42,test,0.329,0.31316662
Merzenhausen,2024-02-28 00:00:00,42,test,0.329,0.31241685
Merzenhausen,2024-02-28 01:00:00,42,test,0.329,0.3114675
Merzenhausen,2024-02-28 02:00:00,42,test,0.329,0.31037667
Merzenhausen,2024-02-28 03:00:00,42,test,0.329,0.3091764
Merzenhausen,2024-02-28 04:00:00,42,test,0.329,0.30809182
Merzenhausen,2024-02-28 05:00:00,42,test,0.33,0.30731136
Merzenhausen,2024-02-28 06:00:00,42,test,0.327,0.3067827
Merzenhausen,2024-02-28 07:00:00,42,test,0.328,0.3065279
Merzenhausen,2024-02-28 08:00:00,42,test,0.328,0.3065558
Merzenhausen,2024-02-28 09:00:00,42,test,0.328,0.30693778
Merzenhausen,2024-02-28 10:00:00,42,test,0.328,0.30764666
Merzenhausen,2024-02-28 11:00:00,42,test,0.328,0.30849606
Merzenhausen,2024-02-28 12:00:00,42,test,0.326,0.30941063
Merzenhausen,2024-02-28 13:00:00,42,test,0.327,0.31021082
Merzenhausen,2024-02-28 14:00:00,42,test,0.327,0.31079286
Merzenhausen,2024-02-28 15:00:00,42,test,0.327,0.311053
Merzenhausen,2024-02-28 16:00:00,42,test,0.327,0.31102952
Merzenhausen,2024-02-28 17:00:00,42,test,0.327,0.31084466
Merzenhausen,2024-02-28 18:00:00,42,test,0.327,0.3105971
Merzenhausen,2024-02-28 19:00:00,42,test,0.327,0.3103593
Merzenhausen,2024-02-28 20:00:00,42,test,0.325,0.31015614
Merzenhausen,2024-02-28 21:00:00,42,test,0.325,0.31006217
Merzenhausen,2024-02-28 22:00:00,42,test,0.325,0.31007516
Merzenhausen,2024-02-28 23:00:00,42,test,0.323,0.31014663
Merzenhausen,2024-02-29 00:00:00,42,test,0.323,0.3101352
Merzenhausen,2024-02-29 01:00:00,42,test,0.325,0.30992424
Merzenhausen,2024-02-29 02:00:00,42,test,0.325,0.3095066
Merzenhausen,2024-02-29 03:00:00,42,test,0.325,0.30885184
Merzenhausen,2024-02-29 04:00:00,42,test,0.325,0.3080528
Merzenhausen,2024-02-29 05:00:00,42,test,0.325,0.30725604
Merzenhausen,2024-02-29 06:00:00,42,test,0.322,0.30665326
Merzenhausen,2024-02-29 07:00:00,42,test,0.323,0.30622533
Merzenhausen,2024-02-29 08:00:00,42,test,0.323,0.30607805
Merzenhausen,2024-02-29 09:00:00,42,test,0.324,0.30624762
Merzenhausen,2024-02-29 10:00:00,42,test,0.324,0.30667686
Merzenhausen,2024-02-29 11:00:00,42,test,0.322,0.3072595
Merzenhausen,2024-02-29 12:00:00,42,test,0.322,0.30786252
Merzenhausen,2024-02-29 13:00:00,42,test,0.322,0.30838606
Merzenhausen,2024-02-29 14:00:00,42,test,0.322,0.3086788
Merzenhausen,2024-02-29 15:00:00,42,test,0.322,0.30857426
Merzenhausen,2024-02-29 16:00:00,42,test,0.322,0.30827355
Merzenhausen,2024-02-29 17:00:00,42,test,0.323,0.30779034
Merzenhausen,2024-02-29 18:00:00,42,test,0.32,0.30726558
Merzenhausen,2024-02-29 19:00:00,42,test,0.32,0.30678338
Merzenhausen,2024-02-29 20:00:00,42,test,0.32,0.30649668
Merzenhausen,2024-02-29 21:00:00,42,test,0.32,0.30645022
Merzenhausen,2024-02-29 22:00:00,42,test,0.319,0.30671751
Merzenhausen,2024-02-29 23:00:00,42,test,0.32,0.30710247
Merzenhausen,2024-03-01 00:00:00,42,test,0.32,0.30757514
Merzenhausen,2024-03-01 01:00:00,42,test,0.32,0.30802903
Merzenhausen,2024-03-01 02:00:00,42,test,0.32,0.30840173
Merzenhausen,2024-03-01 03:00:00,42,test,0.32,0.30864513
Merzenhausen,2024-03-01 04:00:00,42,test,0.318,0.30874807
Merzenhausen,2024-03-01 05:00:00,42,test,0.318,0.3087724
Merzenhausen,2024-03-01 06:00:00,42,test,0.318,0.3086253
Merzenhausen,2024-03-01 07:00:00,42,test,0.319,0.30838165
Merzenhausen,2024-03-01 08:00:00,42,test,0.32,0.30811214
Merzenhausen,2024-03-01 09:00:00,42,test,0.317,0.30788225
Merzenhausen,2024-03-01 10:00:00,42,test,0.317,0.30775377
Merzenhausen,2024-03-01 11:00:00,42,test,0.317,0.30769926
Merzenhausen,2024-03-01 12:00:00,42,test,0.318,0.30765322
Merzenhausen,2024-03-01 13:00:00,42,test,0.316,0.30756027
Merzenhausen,2024-03-01 14:00:00,42,test,0.318,0.3073135
Merzenhausen,2024-03-01 15:00:00,42,test,0.318,0.30684125
Merzenhausen,2024-03-01 16:00:00,42,test,0.315,0.30618834
Merzenhausen,2024-03-01 17:00:00,42,test,0.315,0.30547595
Merzenhausen,2024-03-01 18:00:00,42,test,0.316,0.30478457
Merzenhausen,2024-03-01 19:00:00,42,test,0.316,0.30420837
Merzenhausen,2024-03-01 20:00:00,42,test,0.316,0.30379015
Merzenhausen,2024-03-01 21:00:00,42,test,0.315,0.30353785
Merzenhausen,2024-03-01 22:00:00,42,test,0.316,0.3035327
Merzenhausen,2024-03-01 23:00:00,42,test,0.316,0.30363634
Merzenhausen,2024-03-02 00:00:00,42,test,0.316,0.30379003
Merzenhausen,2024-03-02 01:00:00,42,test,0.316,0.30404088
Merzenhausen,2024-03-02 02:00:00,42,test,0.313,0.30431896
Merzenhausen,2024-03-02 03:00:00,42,test,0.314,0.30455214
Merzenhausen,2024-03-02 04:00:00,42,test,0.314,0.30463427
Merzenhausen,2024-03-02 05:00:00,42,test,0.313,0.30463144
Merzenhausen,2024-03-02 06:00:00,42,test,0.312,0.30449337
Merzenhausen,2024-03-02 07:00:00,42,test,0.313,0.30429736
Merzenhausen,2024-03-02 08:00:00,42,test,0.31,0.3040955
Merzenhausen,2024-03-02 09:00:00,42,test,0.311,0.30397725
Merzenhausen,2024-03-02 10:00:00,42,test,0.311,0.3039608
Merzenhausen,2024-03-02 11:00:00,42,test,0.312,0.3039041
Merzenhausen,2024-03-02 12:00:00,42,test,0.313,0.30385584
Merzenhausen,2024-03-02 13:00:00,42,test,0.311,0.3037074
Merzenhausen,2024-03-02 14:00:00,42,test,0.311,0.3033779
Merzenhausen,2024-03-02 15:00:00,42,test,0.311,0.30283242
Merzenhausen,2024-03-02 16:00:00,42,test,0.311,0.30207282
Merzenhausen,2024-03-02 17:00:00,42,test,0.309,0.3012232
Merzenhausen,2024-03-02 18:00:00,42,test,0.309,0.300282
Merzenhausen,2024-03-02 19:00:00,42,test,0.309,0.29947904
Merzenhausen,2024-03-02 20:00:00,42,test,0.309,0.29890355
Merzenhausen,2024-03-02 21:00:00,42,test,0.309,0.2986381
Merzenhausen,2024-03-02 22:00:00,42,test,0.311,0.29868007
Merzenhausen,2024-03-02 23:00:00,42,test,0.311,0.29898614
Merzenhausen,2024-03-03 00:00:00,42,test,0.308,0.2994777
Merzenhausen,2024-03-03 01:00:00,42,test,0.308,0.29997423
Merzenhausen,2024-03-03 02:00:00,42,test,0.309,0.30038577
Merzenhausen,2024-03-03 03:00:00,42,test,0.31,0.30069578
Merzenhausen,2024-03-03 04:00:00,42,test,0.31,0.30086416
Merzenhausen,2024-03-03 05:00:00,42,test,0.31,0.3009091
Merzenhausen,2024-03-03 06:00:00,42,test,0.31,0.3008431
Merzenhausen,2024-03-03 07:00:00,42,test,0.308,0.3007318
Merzenhausen,2024-03-03 08:00:00,42,test,0.308,0.300634
Merzenhausen,2024-03-03 09:00:00,42,test,0.308,0.30047148
Merzenhausen,2024-03-03 10:00:00,42,test,0.308,0.30024213
Merzenhausen,2024-03-03 11:00:00,42,test,0.308,0.2999165
Merzenhausen,2024-03-03 12:00:00,42,test,0.308,0.29964414
Merzenhausen,2024-03-03 13:00:00,42,test,0.308,0.29925168
Merzenhausen,2024-03-03 14:00:00,42,test,0.308,0.29867482
Merzenhausen,2024-03-03 15:00:00,42,test,0.308,0.29789513
Merzenhausen,2024-03-03 16:00:00,42,test,0.308,0.29688892
Merzenhausen,2024-03-03 17:00:00,42,test,0.309,0.29581732
Merzenhausen,2024-03-03 18:00:00,42,test,0.307,0.2948607
Merzenhausen,2024-03-03 19:00:00,42,test,0.309,0.29410687
Merzenhausen,2024-03-03 20:00:00,42,test,0.306,0.2936639
Merzenhausen,2024-03-03 21:00:00,42,test,0.308,0.29353485
Merzenhausen,2024-03-03 22:00:00,42,test,0.308,0.29374033
Merzenhausen,2024-03-03 23:00:00,42,test,0.308,0.29414603
Merzenhausen,2024-03-04 00:00:00,42,test,0.3125,0.2946005
Merzenhausen,2024-03-04 01:00:00,42,test,0.308,0.29498643
Merzenhausen,2024-03-04 02:00:00,42,test,0.306,0.29511636
Merzenhausen,2024-03-04 03:00:00,42,test,0.306,0.29509205
Merzenhausen,2024-03-04 04:00:00,42,test,0.306,0.29496425
Merzenhausen,2024-03-04 05:00:00,42,test,0.306,0.29474145
Merzenhausen,2024-03-04 06:00:00,42,test,0.306,0.2944491
Merzenhausen,2024-03-04 07:00:00,42,test,0.307,0.2941535
Merzenhausen,2024-03-04 08:00:00,42,test,0.304,0.29378197
Merzenhausen,2024-03-04 09:00:00,42,test,0.304,0.29345644
Merzenhausen,2024-03-04 10:00:00,42,test,0.306,0.29322574
Merzenhausen,2024-03-04 11:00:00,42,test,0.304,0.29319018
Merzenhausen,2024-03-04 12:00:00,42,test,0.306,0.29334328
Merzenhausen,2024-03-04 13:00:00,42,test,0.304,0.29347637
Merzenhausen,2024-03-04 14:00:00,42,test,0.307,0.2934476
Merzenhausen,2024-03-04 15:00:00,42,test,0.306,0.29323226
Merzenhausen,2024-03-04 16:00:00,42,test,0.306,0.29279637
Merzenhausen,2024-03-04 17:00:00,42,test,0.306,0.29218778
Merzenhausen,2024-03-04 18:00:00,42,test,0.304,0.29148924
Merzenhausen,2024-03-04 19:00:00,42,test,0.304,0.2907958
Merzenhausen,2024-03-04 20:00:00,42,test,0.304,0.29021597
Merzenhausen,2024-03-04 21:00:00,42,test,0.306,0.28980702
Merzenhausen,2024-03-04 22:00:00,42,test,0.303,0.28968742
Merzenhausen,2024-03-04 23:00:00,42,test,0.304,0.28969222
Merzenhausen,2024-03-05 00:00:00,42,test,0.304,0.28951737
Merzenhausen,2024-03-05 01:00:00,42,test,0.305,0.28918082
Merzenhausen,2024-03-05 02:00:00,42,test,0.306,0.28882605
Merzenhausen,2024-03-05 03:00:00,42,test,0.306,0.2885604
Merzenhausen,2024-03-05 04:00:00,42,test,0.303,0.28843418
Merzenhausen,2024-03-05 05:00:00,42,test,0.303,0.2884462
Merzenhausen,2024-03-05 06:00:00,42,test,0.304,0.28858107
Merzenhausen,2024-03-05 07:00:00,42,test,0.304,0.28873128
Merzenhausen,2024-03-05 08:00:00,42,test,0.303,0.28891137
Merzenhausen,2024-03-05 09:00:00,42,test,0.303,0.28916782
Merzenhausen,2024-03-05 10:00:00,42,test,0.303,0.28947616
Merzenhausen,2024-03-05 11:00:00,42,test,0.303,0.2898285
Merzenhausen,2024-03-05 12:00:00,42,test,0.303,0.29025152
Merzenhausen,2024-03-05 13:00:00,42,test,0.303,0.29064018
Merzenhausen,2024-03-05 14:00:00,42,test,0.303,0.2909153
Merzenhausen,2024-03-05 15:00:00,42,test,0.303,0.29097685
Merzenhausen,2024-03-05 16:00:00,42,test,0.303,0.29077944
Merzenhausen,2024-03-05 17:00:00,42,test,0.303,0.29043895
Merzenhausen,2024-03-05 18:00:00,42,test,0.304,0.28993356
Merzenhausen,2024-03-05 19:00:00,42,test,0.304,0.28946966
Merzenhausen,2024-03-05 20:00:00,42,test,0.304,0.28899556
Merzenhausen,2024-03-05 21:00:00,42,test,0.302,0.28865826
Merzenhausen,2024-03-05 22:00:00,42,test,0.301,0.2884434
Merzenhausen,2024-03-05 23:00:00,42,test,0.301,0.28825182
Merzenhausen,2024-03-06 00:00:00,42,test,0.302,0.28809762
Merzenhausen,2024-03-06 01:00:00,42,test,0.301,0.28765416
Merzenhausen,2024-03-06 02:00:00,42,test,0.299,0.28686285
Merzenhausen,2024-03-06 03:00:00,42,test,0.301,0.28583485
Merzenhausen,2024-03-06 04:00:00,42,test,0.301,0.28473774
Merzenhausen,2024-03-06 05:00:00,42,test,0.301,0.28369397
Merzenhausen,2024-03-06 06:00:00,42,test,0.301,0.28278685
Merzenhausen,2024-03-06 07:00:00,42,test,0.299,0.2821126
Merzenhausen,2024-03-06 08:00:00,42,test,0.299,0.2817737
Merzenhausen,2024-03-06 09:00:00,42,test,0.299,0.28182206
Merzenhausen,2024-03-06 10:00:00,42,test,0.299,0.28231403
Merzenhausen,2024-03-06 11:00:00,42,test,0.299,0.28307
Merzenhausen,2024-03-06 12:00:00,42,test,0.297,0.28401187
Merzenhausen,2024-03-06 13:00:00,42,test,0.3,0.28488564
Merzenhausen,2024-03-06 14:00:00,42,test,0.3,0.2857071
Merzenhausen,2024-03-06 15:00:00,42,test,0.297,0.28625497
Merzenhausen,2024-03-06 16:00:00,42,test,0.297,0.2865039
Merzenhausen,2024-03-06 17:00:00,42,test,0.297,0.28650713
Merzenhausen,2024-03-06 18:00:00,42,test,0.297,0.2863306
Merzenhausen,2024-03-06 19:00:00,42,test,0.299,0.28605062
Merzenhausen,2024-03-06 20:00:00,42,test,0.299,0.2858337
Merzenhausen,2024-03-06 21:00:00,42,test,0.299,0.2857773
Merzenhausen,2024-03-06 22:00:00,42,test,0.297,0.2856213
Merzenhausen,2024-03-06 23:00:00,42,test,0.297,0.2854404
Merzenhausen,2024-03-07 00:00:00,42,test,0.297,0.28514355
Merzenhausen,2024-03-07 01:00:00,42,test,0.297,0.28471163
Merzenhausen,2024-03-07 02:00:00,42,test,0.295,0.28419164
Merzenhausen,2024-03-07 03:00:00,42,test,0.296,0.28356192
Merzenhausen,2024-03-07 04:00:00,42,test,0.296,0.28275353
Merzenhausen,2024-03-07 05:00:00,42,test,0.296,0.2819335
Merzenhausen,2024-03-07 06:00:00,42,test,0.297,0.28121436
Merzenhausen,2024-03-07 07:00:00,42,test,0.294,0.28066012
Merzenhausen,2024-03-07 08:00:00,42,test,0.295,0.28032258
Merzenhausen,2024-03-07 09:00:00,42,test,0.296,0.28027883
Merzenhausen,2024-03-07 10:00:00,42,test,0.295,0.28057072
Merzenhausen,2024-03-07 11:00:00,42,test,0.295,0.28119785
Merzenhausen,2024-03-07 12:00:00,42,test,0.295,0.2820679
Merzenhausen,2024-03-07 13:00:00,42,test,0.295,0.28302878
Merzenhausen,2024-03-07 14:00:00,42,test,0.295,0.28391904
Merzenhausen,2024-03-07 15:00:00,42,test,0.295,0.28458667
Merzenhausen,2024-03-07 16:00:00,42,test,0.294,0.28493863
Merzenhausen,2024-03-07 17:00:00,42,test,0.295,0.28503227
Merzenhausen,2024-03-07 18:00:00,42,test,0.295,0.28497207
Merzenhausen,2024-03-07 19:00:00,42,test,0.295,0.28482258
Merzenhausen,2024-03-07 20:00:00,42,test,0.295,0.2846924
Merzenhausen,2024-03-07 21:00:00,42,test,0.295,0.28454697
Merzenhausen,2024-03-07 22:00:00,42,test,0.294,0.2843309
Merzenhausen,2024-03-07 23:00:00,42,test,0.294,0.28397685
Merzenhausen,2024-03-08 00:00:00,42,test,0.294,0.283414
Merzenhausen,2024-03-08 01:00:00,42,test,0.294,0.2825535
Merzenhausen,2024-03-08 02:00:00,42,test,0.294,0.28138208
Merzenhausen,2024-03-08 03:00:00,42,test,0.294,0.2801328
Merzenhausen,2024-03-08 04:00:00,42,test,0.292,0.27895924
Merzenhausen,2024-03-08 05:00:00,42,test,0.292,0.27796847
Merzenhausen,2024-03-08 06:00:00,42,test,0.292,0.27720502
Merzenhausen,2024-03-08 07:00:00,42,test,0.292,0.27663898
Merzenhausen,2024-03-08 08:00:00,42,test,0.293,0.2763449
Merzenhausen,2024-03-08 09:00:00,42,test,0.293,0.2763646
Merzenhausen,2024-03-08 10:00:00,42,test,0.292,0.27673584
Merzenhausen,2024-03-08 11:00:00,42,test,0.292,0.2774253
Merzenhausen,2024-03-08 12:00:00,42,test,0.29,0.2782779
Merzenhausen,2024-03-08 13:00:00,42,test,0.291,0.27929166
Merzenhausen,2024-03-08 14:00:00,42,test,0.29,0.28024468
Merzenhausen,2024-03-08 15:00:00,42,test,0.29,0.2808425
Merzenhausen,2024-03-08 16:00:00,42,test,0.29,0.28105548
Merzenhausen,2024-03-08 17:00:00,42,test,0.29,0.2809502
Merzenhausen,2024-03-08 18:00:00,42,test,0.29,0.28064427
Merzenhausen,2024-03-08 19:00:00,42,test,0.29,0.28033835
Merzenhausen,2024-03-08 20:00:00,42,test,0.291,0.28011167
Merzenhausen,2024-03-08 21:00:00,42,test,0.292,0.28002077
Merzenhausen,2024-03-08 22:00:00,42,test,0.292,0.27995205
Merzenhausen,2024-03-08 23:00:00,42,test,0.29,0.27983305
Merzenhausen,2024-03-09 00:00:00,42,test,0.29,0.27954715
Merzenhausen,2024-03-09 01:00:00,42,test,0.293,0.27903676
Merzenhausen,2024-03-09 02:00:00,42,test,0.301,0.2783258
Merzenhausen,2024-03-09 03:00:00,42,test,0.311,0.27764994
Merzenhausen,2024-03-09 04:00:00,42,test,0.32,0.27710766
Merzenhausen,2024-03-09 05:00:00,42,test,0.337,0.27681592
Merzenhausen,2024-03-09 06:00:00,42,test,0.346,0.27668542
Merzenhausen,2024-03-09 07:00:00,42,test,0.344,0.27650732
Merzenhausen,2024-03-09 08:00:00,42,test,0.344,0.27639854
Merzenhausen,2024-03-09 09:00:00,42,test,0.343,0.27646026
Merzenhausen,2024-03-09 10:00:00,42,test,0.346,0.27666652
Merzenhausen,2024-03-09 11:00:00,42,test,0.346,0.27699167
Merzenhausen,2024-03-09 12:00:00,42,test,0.345,0.2773687
Merzenhausen,2024-03-09 13:00:00,42,test,0.345,0.277627
Merzenhausen,2024-03-09 14:00:00,42,test,0.347,0.27770242
Merzenhausen,2024-03-09 15:00:00,42,test,0.347,0.27752423
Merzenhausen,2024-03-09 16:00:00,42,test,0.346,0.27704537
Merzenhausen,2024-03-09 17:00:00,42,test,0.349,0.2763973
Merzenhausen,2024-03-09 18:00:00,42,test,0.345,0.27568284
Merzenhausen,2024-03-09 19:00:00,42,test,0.345,0.27504885
Merzenhausen,2024-03-09 20:00:00,42,test,0.346,0.2745465
Merzenhausen,2024-03-09 21:00:00,42,test,0.346,0.27431113
Merzenhausen,2024-03-09 22:00:00,42,test,0.346,0.27433044
Merzenhausen,2024-03-09 23:00:00,42,test,0.343,0.27454185
Merzenhausen,2024-03-10 00:00:00,42,test,0.345,0.27485365
Merzenhausen,2024-03-10 01:00:00,42,test,0.343,0.27521154
Merzenhausen,2024-03-10 02:00:00,42,test,0.343,0.27558094
Merzenhausen,2024-03-10 03:00:00,42,test,0.345,0.2759199
Merzenhausen,2024-03-10 04:00:00,42,test,0.345,0.2761149
Merzenhausen,2024-03-10 05:00:00,42,test,0.345,0.2762139
Merzenhausen,2024-03-10 06:00:00,42,test,0.346,0.2762174
Merzenhausen,2024-03-10 07:00:00,42,test,0.344,0.27613175
Merzenhausen,2024-03-10 08:00:00,42,test,0.342,0.27601492
Merzenhausen,2024-03-10 09:00:00,42,test,0.342,0.2758869
Merzenhausen,2024-03-10 10:00:00,42,test,0.342,0.27573895
Merzenhausen,2024-03-10 11:00:00,42,test,0.342,0.27561754
Merzenhausen,2024-03-10 12:00:00,42,test,0.339,0.27540886
Merzenhausen,2024-03-10 13:00:00,42,test,0.339,0.2751154
Merzenhausen,2024-03-10 14:00:00,42,test,0.339,0.27460435
Merzenhausen,2024-03-10 15:00:00,42,test,0.339,0.27391005
Merzenhausen,2024-03-10 16:00:00,42,test,0.339,0.27305776
Merzenhausen,2024-03-10 17:00:00,42,test,0.336,0.2721524
Merzenhausen,2024-03-10 18:00:00,42,test,0.336,0.27122927
Merzenhausen,2024-03-10 19:00:00,42,test,0.339,0.2704456
Merzenhausen,2024-03-10 20:00:00,42,test,0.342,0.2699134
Merzenhausen,2024-03-10 21:00:00,42,test,0.343,0.26969424
Merzenhausen,2024-03-10 22:00:00,42,test,0.3495,0.2697097
Merzenhausen,2024-03-10 23:00:00,42,test,0.351,0.2701984
Merzenhausen,2024-03-11 00:00:00,42,test,0.351,0.27122343
Merzenhausen,2024-03-11 01:00:00,42,test,0.3535,0.27258423
Merzenhausen,2024-03-11 02:00:00,42,test,0.351,0.27429706
Merzenhausen,2024-03-11 03:00:00,42,test,0.3565,0.27691165
Merzenhausen,2024-03-11 04:00:00,42,test,0.352,0.28008646
Merzenhausen,2024-03-11 05:00:00,42,test,0.351,0.28400746
Merzenhausen,2024-03-11 06:00:00,42,test,0.352,0.2883989
Merzenhausen,2024-03-11 07:00:00,42,test,0.348,0.29269534
Merzenhausen,2024-03-11 08:00:00,42,test,0.348,0.29670006
Merzenhausen,2024-03-11 09:00:00,42,test,0.348,0.30043498
Merzenhausen,2024-03-11 10:00:00,42,test,0.348,0.3040736
Merzenhausen,2024-03-11 11:00:00,42,test,0.348,0.3076187
Merzenhausen,2024-03-11 12:00:00,42,test,0.345,0.3108577
Merzenhausen,2024-03-11 13:00:00,42,test,0.344,0.31362784
Merzenhausen,2024-03-11 14:00:00,42,test,0.344,0.3158923
Merzenhausen,2024-03-11 15:00:00,42,test,0.342,0.31745592
Merzenhausen,2024-03-11 16:00:00,42,test,0.345,0.31838146
Merzenhausen,2024-03-11 17:00:00,42,test,0.342,0.31877482
Merzenhausen,2024-03-11 18:00:00,42,test,0.339,0.31866452
Merzenhausen,2024-03-11 19:00:00,42,test,0.339,0.3182162
Merzenhausen,2024-03-11 20:00:00,42,test,0.339,0.31765443
Merzenhausen,2024-03-11 21:00:00,42,test,0.336,0.31724775
Merzenhausen,2024-03-11 22:00:00,42,test,0.339,0.31693038
Merzenhausen,2024-03-11 23:00:00,42,test,0.336,0.3166745
Merzenhausen,2024-03-12 00:00:00,42,test,0.336,0.31658977
Merzenhausen,2024-03-12 01:00:00,42,test,0.339,0.3164586
Merzenhausen,2024-03-12 02:00:00,42,test,0.335,0.31623045
Merzenhausen,2024-03-12 03:00:00,42,test,0.336,0.31607544
Merzenhausen,2024-03-12 04:00:00,42,test,0.335,0.31594497
Merzenhausen,2024-03-12 05:00:00,42,test,0.336,0.31580484
Merzenhausen,2024-03-12 06:00:00,42,test,0.333,0.31570762
Merzenhausen,2024-03-12 07:00:00,42,test,0.333,0.31563953
Merzenhausen,2024-03-12 08:00:00,42,test,0.333,0.31561223
Merzenhausen,2024-03-12 09:00:00,42,test,0.333,0.31566295
Merzenhausen,2024-03-12 10:00:00,42,test,0.333,0.31580627
Merzenhausen,2024-03-12 11:00:00,42,test,0.333,0.31601444
Merzenhausen,2024-03-12 12:00:00,42,test,0.333,0.316124
Merzenhausen,2024-03-12 13:00:00,42,test,0.327,0.3161043
Merzenhausen,2024-03-12 14:00:00,42,test,0.326,0.3158049
Merzenhausen,2024-03-12 15:00:00,42,test,0.329,0.31527683
Merzenhausen,2024-03-12 16:00:00,42,test,0.329,0.31451026
Merzenhausen,2024-03-12 17:00:00,42,test,0.329,0.3136431
Merzenhausen,2024-03-12 18:00:00,42,test,0.33,0.31297994
Merzenhausen,2024-03-12 19:00:00,42,test,0.326,0.31267157
Merzenhausen,2024-03-12 20:00:00,42,test,0.328,0.31276464
Merzenhausen,2024-03-12 21:00:00,42,test,0.33,0.31313068
Merzenhausen,2024-03-12 22:00:00,42,test,0.326,0.31377098
Merzenhausen,2024-03-12 23:00:00,42,test,0.327,0.3145761
Merzenhausen,2024-03-13 00:00:00,42,test,0.324,0.31555414
Merzenhausen,2024-03-13 01:00:00,42,test,0.327,0.316462
Merzenhausen,2024-03-13 02:00:00,42,test,0.328,0.31722638
Merzenhausen,2024-03-13 03:00:00,42,test,0.324,0.31810674
Merzenhausen,2024-03-13 04:00:00,42,test,0.325,0.31880814
Merzenhausen,2024-03-13 05:00:00,42,test,0.325,0.31937194
Merzenhausen,2024-03-13 06:00:00,42,test,0.324,0.3198615
Merzenhausen,2024-03-13 07:00:00,42,test,0.322,0.32018688
Merzenhausen,2024-03-13 08:00:00,42,test,0.322,0.32042044
Merzenhausen,2024-03-13 09:00:00,42,test,0.325,0.32058048
Merzenhausen,2024-03-13 10:00:00,42,test,0.325,0.3207034
Merzenhausen,2024-03-13 11:00:00,42,test,0.325,0.32076728
Merzenhausen,2024-03-13 12:00:00,42,test,0.322,0.3206433
Merzenhausen,2024-03-13 13:00:00,42,test,0.323,0.320329
Merzenhausen,2024-03-13 14:00:00,42,test,0.323,0.31975088
Merzenhausen,2024-03-13 15:00:00,42,test,0.322,0.31882417
Merzenhausen,2024-03-13 16:00:00,42,test,0.325,0.31772977
Merzenhausen,2024-03-13 17:00:00,42,test,0.3235,0.3164272
Merzenhausen,2024-03-13 18:00:00,42,test,0.3429999999999999,0.31498832
Merzenhausen,2024-03-13 19:00:00,42,test,0.333,0.31361872
Merzenhausen,2024-03-13 20:00:00,42,test,0.336,0.31251448
Merzenhausen,2024-03-13 21:00:00,42,test,0.336,0.3116886
Merzenhausen,2024-03-13 22:00:00,42,test,0.336,0.31131274
Merzenhausen,2024-03-13 23:00:00,42,test,0.3389999999999999,0.3111747
Merzenhausen,2024-03-14 00:00:00,42,test,0.3335,0.31124216
Merzenhausen,2024-03-14 01:00:00,42,test,0.337,0.31153375
Merzenhausen,2024-03-14 02:00:00,42,test,0.336,0.3117434
Merzenhausen,2024-03-14 03:00:00,42,test,0.333,0.31187063
Merzenhausen,2024-03-14 04:00:00,42,test,0.333,0.31186616
Merzenhausen,2024-03-14 05:00:00,42,test,0.3395,0.3118136
Merzenhausen,2024-03-14 06:00:00,42,test,0.333,0.31162357
Merzenhausen,2024-03-14 07:00:00,42,test,0.348,0.31137416
Merzenhausen,2024-03-14 08:00:00,42,test,0.3415,0.31114674
Merzenhausen,2024-03-14 09:00:00,42,test,0.333,0.3109551
Merzenhausen,2024-03-14 10:00:00,42,test,0.335,0.31080702
Merzenhausen,2024-03-14 11:00:00,42,test,0.335,0.31064266
Merzenhausen,2024-03-14 12:00:00,42,test,0.335,0.3103617
Merzenhausen,2024-03-14 13:00:00,42,test,0.3335,0.3096492
Merzenhausen,2024-03-14 14:00:00,42,test,0.333,0.30850676
Merzenhausen,2024-03-14 15:00:00,42,test,0.3325,0.3070839
Merzenhausen,2024-03-14 16:00:00,42,test,0.3415,0.30552366
Merzenhausen,2024-03-14 17:00:00,42,test,0.345,0.304012
Merzenhausen,2024-03-14 18:00:00,42,test,0.332,0.30272245
Merzenhausen,2024-03-14 19:00:00,42,test,0.329,0.3016063
Merzenhausen,2024-03-14 20:00:00,42,test,0.33,0.30093348
Merzenhausen,2024-03-14 21:00:00,42,test,0.332,0.30080247
Merzenhausen,2024-03-14 22:00:00,42,test,0.333,0.3009446
Merzenhausen,2024-03-14 23:00:00,42,test,0.33,0.30145502
Merzenhausen,2024-03-15 00:00:00,42,test,0.331,0.30210376
Merzenhausen,2024-03-15 01:00:00,42,test,0.327,0.30293307
Merzenhausen,2024-03-15 02:00:00,42,test,0.33,0.30381364
Merzenhausen,2024-03-15 03:00:00,42,test,0.33,0.3045296
Merzenhausen,2024-03-15 04:00:00,42,test,0.331,0.30510747
Merzenhausen,2024-03-15 05:00:00,42,test,0.327,0.30554205
Merzenhausen,2024-03-15 06:00:00,42,test,0.328,0.30581415
Merzenhausen,2024-03-15 07:00:00,42,test,0.33,0.30591214
Merzenhausen,2024-03-15 08:00:00,42,test,0.326,0.30583364
Merzenhausen,2024-03-15 09:00:00,42,test,0.327,0.30571845
Merzenhausen,2024-03-15 10:00:00,42,test,0.327,0.30554903
Merzenhausen,2024-03-15 11:00:00,42,test,0.327,0.30539262
Merzenhausen,2024-03-15 12:00:00,42,test,0.327,0.30499184
Merzenhausen,2024-03-15 13:00:00,42,test,0.328,0.30441266
Merzenhausen,2024-03-15 14:00:00,42,test,0.328,0.30381516
Merzenhausen,2024-03-15 15:00:00,42,test,0.324,0.30299932
Merzenhausen,2024-03-15 16:00:00,42,test,0.324,0.30336168
Merzenhausen,2024-03-15 17:00:00,42,test,0.324,0.30430964
Merzenhausen,2024-03-15 18:00:00,42,test,0.324,0.30536625
Merzenhausen,2024-03-15 19:00:00,42,test,0.325,0.30579135
Merzenhausen,2024-03-15 20:00:00,42,test,0.321,0.3060309
Merzenhausen,2024-03-15 21:00:00,42,test,0.322,0.30626935
Merzenhausen,2024-03-15 22:00:00,42,test,0.32,0.30658975
Merzenhausen,2024-03-15 23:00:00,42,test,0.321,0.30738816
Merzenhausen,2024-03-16 00:00:00,42,test,0.321,0.30804455
Merzenhausen,2024-03-16 01:00:00,42,test,0.322,0.3086078
Merzenhausen,2024-03-16 02:00:00,42,test,0.324,0.30904967
Merzenhausen,2024-03-16 03:00:00,42,test,0.324,0.30931893
Merzenhausen,2024-03-16 04:00:00,42,test,0.318,0.30949324
Merzenhausen,2024-03-16 05:00:00,42,test,0.321,0.30987304
Merzenhausen,2024-03-16 06:00:00,42,test,0.321,0.31037503
Merzenhausen,2024-03-16 07:00:00,42,test,0.321,0.31119964
Merzenhausen,2024-03-16 08:00:00,42,test,0.322,0.3118911
Merzenhausen,2024-03-16 09:00:00,42,test,0.319,0.31229633
Merzenhausen,2024-03-16 10:00:00,42,test,0.319,0.31264737
Merzenhausen,2024-03-16 11:00:00,42,test,0.319,0.31292036
Merzenhausen,2024-03-16 12:00:00,42,test,0.319,0.31312415
Merzenhausen,2024-03-16 13:00:00,42,test,0.319,0.31316236
Merzenhausen,2024-03-16 14:00:00,42,test,0.319,0.31294164
Merzenhausen,2024-03-16 15:00:00,42,test,0.318,0.31239733
Merzenhausen,2024-03-16 16:00:00,42,test,0.315,0.3118836
Merzenhausen,2024-03-16 17:00:00,42,test,0.315,0.31145215
Merzenhausen,2024-03-16 18:00:00,42,test,0.319,0.31065595
Merzenhausen,2024-03-16 19:00:00,42,test,0.319,0.30962586
Merzenhausen,2024-03-16 20:00:00,42,test,0.315,0.30863208
Merzenhausen,2024-03-16 21:00:00,42,test,0.316,0.30783856
Merzenhausen,2024-03-16 22:00:00,42,test,0.313,0.30725366
Merzenhausen,2024-03-16 23:00:00,42,test,0.316,0.30668843
Merzenhausen,2024-03-17 00:00:00,42,test,0.317,0.30610746
Merzenhausen,2024-03-17 01:00:00,42,test,0.313,0.30532897
Merzenhausen,2024-03-17 02:00:00,42,test,0.316,0.30456376
Merzenhausen,2024-03-17 03:00:00,42,test,0.316,0.30378944
Merzenhausen,2024-03-17 04:00:00,42,test,0.314,0.30315545
Merzenhausen,2024-03-17 05:00:00,42,test,0.313,0.30257925
Merzenhausen,2024-03-17 06:00:00,42,test,0.313,0.30213723
Merzenhausen,2024-03-17 07:00:00,42,test,0.314,0.30202156
Merzenhausen,2024-03-17 08:00:00,42,test,0.314,0.3021382
Merzenhausen,2024-03-17 09:00:00,42,test,0.311,0.30253333
Merzenhausen,2024-03-17 10:00:00,42,test,0.313,0.30311012
Merzenhausen,2024-03-17 11:00:00,42,test,0.311,0.3037504
Merzenhausen,2024-03-17 12:00:00,42,test,0.311,0.3043537
Merzenhausen,2024-03-17 13:00:00,42,test,0.311,0.3048134
Merzenhausen,2024-03-17 14:00:00,42,test,0.31,0.30496934
Merzenhausen,2024-03-17 15:00:00,42,test,0.311,0.3045835
Merzenhausen,2024-03-17 16:00:00,42,test,0.311,0.3038479
Merzenhausen,2024-03-17 17:00:00,42,test,0.311,0.3028739
Merzenhausen,2024-03-17 18:00:00,42,test,0.311,0.3018686
Merzenhausen,2024-03-17 19:00:00,42,test,0.31,0.30098546
Merzenhausen,2024-03-17 20:00:00,42,test,0.311,0.30021822
Merzenhausen,2024-03-17 21:00:00,42,test,0.308,0.29979187
Merzenhausen,2024-03-17 22:00:00,42,test,0.31,0.29957205
Merzenhausen,2024-03-17 23:00:00,42,test,0.311,0.2997164
Merzenhausen,2024-03-18 00:00:00,42,test,0.308,0.30004632
Merzenhausen,2024-03-18 01:00:00,42,test,0.309,0.3005018
Merzenhausen,2024-03-18 02:00:00,42,test,0.309,0.30094224
Merzenhausen,2024-03-18 03:00:00,42,test,0.305,0.30132934
Merzenhausen,2024-03-18 04:00:00,42,test,0.306,0.30141255
Merzenhausen,2024-03-18 05:00:00,42,test,0.309,0.30140242
Merzenhausen,2024-03-18 06:00:00,42,test,0.309,0.3013569
Merzenhausen,2024-03-18 07:00:00,42,test,0.306,0.3013246
Merzenhausen,2024-03-18 08:00:00,42,test,0.306,0.30137616
Merzenhausen,2024-03-18 09:00:00,42,test,0.306,0.30139524
Merzenhausen,2024-03-18 10:00:00,42,test,0.306,0.30137444
Merzenhausen,2024-03-18 11:00:00,42,test,0.305,0.30134827
Merzenhausen,2024-03-18 12:00:00,42,test,0.305,0.3011655
Merzenhausen,2024-03-18 13:00:00,42,test,0.305,0.3008599
Merzenhausen,2024-03-18 14:00:00,42,test,0.305,0.30038723
Merzenhausen,2024-03-18 15:00:00,42,test,0.302,0.29963228
Merzenhausen,2024-03-18 16:00:00,42,test,0.304,0.2985883
Merzenhausen,2024-03-18 17:00:00,42,test,0.305,0.2972771
Merzenhausen,2024-03-18 18:00:00,42,test,0.305,0.29620615
Merzenhausen,2024-03-18 19:00:00,42,test,0.302,0.2954315
Merzenhausen,2024-03-18 20:00:00,42,test,0.302,0.29474995
Merzenhausen,2024-03-18 21:00:00,42,test,0.306,0.29434454
Merzenhausen,2024-03-18 22:00:00,42,test,0.302,0.2940076
Merzenhausen,2024-03-18 23:00:00,42,test,0.303,0.29390287
Merzenhausen,2024-03-19 00:00:00,42,test,0.303,0.29397273
Merzenhausen,2024-03-19 01:00:00,42,test,0.303,0.29392144
Merzenhausen,2024-03-19 02:00:00,42,test,0.304,0.29387927
Merzenhausen,2024-03-19 03:00:00,42,test,0.301,0.29382265
Merzenhausen,2024-03-19 04:00:00,42,test,0.301,0.29378092
Merzenhausen,2024-03-19 05:00:00,42,test,0.301,0.29378945
Merzenhausen,2024-03-19 06:00:00,42,test,0.301,0.29384956
Merzenhausen,2024-03-19 07:00:00,42,test,0.299,0.29401726
Merzenhausen,2024-03-19 08:00:00,42,test,0.301,0.29426935
Merzenhausen,2024-03-19 09:00:00,42,test,0.301,0.29445502
Merzenhausen,2024-03-19 10:00:00,42,test,0.301,0.2946707
Merzenhausen,2024-03-19 11:00:00,42,test,0.302,0.2947331
Merzenhausen,2024-03-19 12:00:00,42,test,0.302,0.2946117
Merzenhausen,2024-03-19 13:00:00,42,test,0.301,0.29422888
Merzenhausen,2024-03-19 14:00:00,42,test,0.301,0.2935321
Merzenhausen,2024-03-19 15:00:00,42,test,0.301,0.29255217
Merzenhausen,2024-03-19 16:00:00,42,test,0.301,0.29137787
Merzenhausen,2024-03-19 17:00:00,42,test,0.298,0.29018992
Merzenhausen,2024-03-19 18:00:00,42,test,0.299,0.28913632
Merzenhausen,2024-03-19 19:00:00,42,test,0.298,0.28830296
Merzenhausen,2024-03-19 20:00:00,42,test,0.299,0.2878055
Merzenhausen,2024-03-19 21:00:00,42,test,0.301,0.28753144
Merzenhausen,2024-03-19 22:00:00,42,test,0.298,0.2875887
Merzenhausen,2024-03-19 23:00:00,42,test,0.298,0.2878854
Merzenhausen,2024-03-20 00:00:00,42,test,0.299,0.28814393
Merzenhausen,2024-03-20 01:00:00,42,test,0.299,0.28833532
Merzenhausen,2024-03-20 02:00:00,42,test,0.299,0.28840476
Merzenhausen,2024-03-20 03:00:00,42,test,0.299,0.28819975
Merzenhausen,2024-03-20 04:00:00,42,test,0.296,0.28791562
Merzenhausen,2024-03-20 05:00:00,42,test,0.296,0.28781244
Merzenhausen,2024-03-20 06:00:00,42,test,0.297,0.28783247
Merzenhausen,2024-03-20 07:00:00,42,test,0.299,0.287874
Merzenhausen,2024-03-20 08:00:00,42,test,0.3,0.28804123
Merzenhausen,2024-03-20 09:00:00,42,test,0.3,0.28830388
Merzenhausen,2024-03-20 10:00:00,42,test,0.296,0.28852448
Merzenhausen,2024-03-20 11:00:00,42,test,0.296,0.28852352
Merzenhausen,2024-03-20 12:00:00,42,test,0.296,0.28831756
Merzenhausen,2024-03-20 13:00:00,42,test,0.296,0.28781617
Merzenhausen,2024-03-20 14:00:00,42,test,0.293,0.28700867
Merzenhausen,2024-03-20 15:00:00,42,test,0.293,0.28587765
Merzenhausen,2024-03-20 16:00:00,42,test,0.293,0.28463978
Merzenhausen,2024-03-20 17:00:00,42,test,0.294,0.28341955
Merzenhausen,2024-03-20 18:00:00,42,test,0.294,0.2823357
Merzenhausen,2024-03-20 19:00:00,42,test,0.294,0.28141207
Merzenhausen,2024-03-20 20:00:00,42,test,0.294,0.28078666
Merzenhausen,2024-03-20 21:00:00,42,test,0.293,0.280736
Merzenhausen,2024-03-20 22:00:00,42,test,0.296,0.28091204
Merzenhausen,2024-03-20 23:00:00,42,test,0.301,0.28130293
Merzenhausen,2024-03-21 00:00:00,42,test,0.2995,0.28178567
Merzenhausen,2024-03-30 02:00:00,42,test,0.293,0.28054166
Merzenhausen,2024-03-30 03:00:00,42,test,0.294,0.2809388
Merzenhausen,2024-04-06 06:00:00,42,test,0.295,0.2963169
Merzenhausen,2024-04-06 07:00:00,42,test,0.296,0.29664013
Merzenhausen,2024-04-06 08:00:00,42,test,0.296,0.29670703
Merzenhausen,2024-04-06 09:00:00,42,test,0.295,0.296562
Merzenhausen,2024-04-06 10:00:00,42,test,0.295,0.29600525
Merzenhausen,2024-04-06 11:00:00,42,test,0.295,0.29497722
Merzenhausen,2024-04-06 12:00:00,42,test,0.296,0.29345608
Merzenhausen,2024-04-06 13:00:00,42,test,0.295,0.29140678
Merzenhausen,2024-04-06 14:00:00,42,test,0.296,0.28915727
Merzenhausen,2024-04-06 15:00:00,42,test,0.292,0.2869165
Merzenhausen,2024-04-06 16:00:00,42,test,0.292,0.28453198
Merzenhausen,2024-04-06 17:00:00,42,test,0.292,0.2823086
Merzenhausen,2024-04-06 18:00:00,42,test,0.292,0.28043383
Merzenhausen,2024-04-06 19:00:00,42,test,0.291,0.2791208
Merzenhausen,2024-04-06 20:00:00,42,test,0.292,0.27817434
Merzenhausen,2024-04-06 21:00:00,42,test,0.293,0.2778967
Merzenhausen,2024-04-06 22:00:00,42,test,0.289,0.2780448
Merzenhausen,2024-04-06 23:00:00,42,test,0.289,0.27871004
Merzenhausen,2024-04-07 00:00:00,42,test,0.289,0.27972198
Merzenhausen,2024-04-07 01:00:00,42,test,0.289,0.28103104
Merzenhausen,2024-04-07 02:00:00,42,test,0.292,0.28254086
Merzenhausen,2024-04-07 03:00:00,42,test,0.29,0.28401926
Merzenhausen,2024-04-07 04:00:00,42,test,0.293,0.28543246
Merzenhausen,2024-04-07 05:00:00,42,test,0.289,0.28663886
Merzenhausen,2024-04-07 06:00:00,42,test,0.289,0.28758305
Merzenhausen,2024-04-07 07:00:00,42,test,0.29,0.28832233
Merzenhausen,2024-04-07 08:00:00,42,test,0.29,0.28865635
Merzenhausen,2024-04-07 09:00:00,42,test,0.293,0.2885751
Merzenhausen,2024-04-07 10:00:00,42,test,0.29,0.28826568
Merzenhausen,2024-04-07 11:00:00,42,test,0.291,0.28765473
Merzenhausen,2024-04-07 12:00:00,42,test,0.288,0.28677386
Merzenhausen,2024-04-07 13:00:00,42,test,0.288,0.28553602
Merzenhausen,2024-04-07 14:00:00,42,test,0.289,0.28407213
Merzenhausen,2024-04-07 15:00:00,42,test,0.287,0.28233156
Merzenhausen,2024-04-07 16:00:00,42,test,0.288,0.2804739
Merzenhausen,2024-04-07 17:00:00,42,test,0.285,0.27840152
Merzenhausen,2024-04-07 18:00:00,42,test,0.286,0.27644342
Merzenhausen,2024-04-07 19:00:00,42,test,0.284,0.27472255
Merzenhausen,2024-04-07 20:00:00,42,test,0.284,0.27346343
Merzenhausen,2024-04-07 21:00:00,42,test,0.284,0.2727503
Merzenhausen,2025-03-28 12:00:00,42,test,0.255,0.24139003
Merzenhausen,2025-03-28 13:00:00,42,test,0.257,0.24236625
Merzenhausen,2025-03-28 14:00:00,42,test,0.259,0.24311323
Merzenhausen,2025-03-28 15:00:00,42,test,0.261,0.24361934
Merzenhausen,2025-03-28 16:00:00,42,test,0.261,0.24387893
Merzenhausen,2025-03-28 17:00:00,42,test,0.258,0.24394925
Merzenhausen,2025-03-28 18:00:00,42,test,0.259,0.24393564
Merzenhausen,2025-03-28 19:00:00,42,test,0.259,0.24361509
Merzenhausen,2025-03-28 20:00:00,42,test,0.258,0.24301648
Merzenhausen,2025-03-28 21:00:00,42,test,0.256,0.24225311
Merzenhausen,2025-03-28 22:00:00,42,test,0.255,0.24143226
Merzenhausen,2025-03-28 23:00:00,42,test,0.256,0.24051395
Merzenhausen,2025-03-29 00:00:00,42,test,0.255,0.23955518
Merzenhausen,2025-03-29 01:00:00,42,test,0.256,0.2386619
Merzenhausen,2025-03-29 02:00:00,42,test,0.254,0.23780814
Merzenhausen,2025-03-29 03:00:00,42,test,0.252,0.23718971
Merzenhausen,2025-03-29 04:00:00,42,test,0.254,0.23691797
Merzenhausen,2025-03-29 05:00:00,42,test,0.254,0.23689517
Merzenhausen,2025-03-29 06:00:00,42,test,0.254,0.23715591
Merzenhausen,2025-03-29 07:00:00,42,test,0.255,0.23759653
Merzenhausen,2025-03-29 08:00:00,42,test,0.254,0.23822488
Merzenhausen,2025-03-29 09:00:00,42,test,0.254,0.23899934
Merzenhausen,2025-03-29 10:00:00,42,test,0.254,0.23973072
Merzenhausen,2025-03-29 11:00:00,42,test,0.253,0.24047512
Merzenhausen,2025-03-29 12:00:00,42,test,0.257,0.24126299
Merzenhausen,2025-03-29 13:00:00,42,test,0.256,0.24207868
Merzenhausen,2025-04-15 05:00:00,42,test,0.255,0.20780823
Merzenhausen,2025-04-15 06:00:00,42,test,0.257,0.2085046
Merzenhausen,2025-04-15 07:00:00,42,test,0.258,0.2095151
Merzenhausen,2025-04-15 08:00:00,42,test,0.262,0.21079013
Merzenhausen,2025-04-15 09:00:00,42,test,0.264,0.21193227
Merzenhausen,2025-04-15 10:00:00,42,test,0.266,0.21277608
Merzenhausen,2025-04-15 11:00:00,42,test,0.268,0.21335018
Merzenhausen,2025-04-15 12:00:00,42,test,0.268,0.2137262
Merzenhausen,2025-04-15 13:00:00,42,test,0.27,0.21424727
Merzenhausen,2025-04-15 14:00:00,42,test,0.271,0.21476032
Merzenhausen,2025-04-15 15:00:00,42,test,0.27,0.21510252
Merzenhausen,2025-04-15 16:00:00,42,test,0.273,0.21548748
Merzenhausen,2025-04-15 17:00:00,42,test,0.272,0.2158647
Merzenhausen,2025-04-15 18:00:00,42,test,0.272,0.21596855
Merzenhausen,2025-04-15 19:00:00,42,test,0.273,0.21557836
Merzenhausen,2025-04-15 20:00:00,42,test,0.271,0.21504667
Merzenhausen,2025-04-15 21:00:00,42,test,0.274,0.21429227
Merzenhausen,2025-04-15 22:00:00,42,test,0.273,0.21330363
Merzenhausen,2025-04-15 23:00:00,42,test,0.275,0.2121343
Merzenhausen,2025-04-16 00:00:00,42,test,0.277,0.21109718
Merzenhausen,2025-04-16 01:00:00,42,test,0.282,0.21019126
Merzenhausen,2025-04-16 02:00:00,42,test,0.319,0.20936474
Merzenhausen,2025-04-16 03:00:00,42,test,0.343,0.20869784
Merzenhausen,2025-04-16 04:00:00,42,test,0.341,0.20833854
Merzenhausen,2025-04-16 05:00:00,42,test,0.342,0.20874123
Merzenhausen,2025-04-16 06:00:00,42,test,0.342,0.21003291
Merzenhausen,2025-04-16 07:00:00,42,test,0.34,0.21187617
Merzenhausen,2025-04-16 08:00:00,42,test,0.337,0.21351656
Merzenhausen,2025-04-16 09:00:00,42,test,0.337,0.21563148
Merzenhausen,2025-04-16 10:00:00,42,test,0.335,0.2175993
Merzenhausen,2025-04-16 11:00:00,42,test,0.333,0.22040844
Merzenhausen,2025-04-16 12:00:00,42,test,0.332,0.22250293
Merzenhausen,2025-04-16 13:00:00,42,test,0.329,0.22419739
Merzenhausen,2025-04-16 14:00:00,42,test,0.325,0.22552237
Merzenhausen,2025-04-16 15:00:00,42,test,0.324,0.22662324
Merzenhausen,2025-04-16 16:00:00,42,test,0.323,0.22742978
Merzenhausen,2025-04-16 17:00:00,42,test,0.317,0.22773026
Merzenhausen,2025-04-16 18:00:00,42,test,0.319,0.22720817
Merzenhausen,2025-04-16 19:00:00,42,test,0.316,0.22607893
Merzenhausen,2025-04-16 20:00:00,42,test,0.316,0.22484973
Merzenhausen,2025-04-16 21:00:00,42,test,0.314,0.22312233
Merzenhausen,2025-04-16 22:00:00,42,test,0.313,0.22161035
Merzenhausen,2025-04-16 23:00:00,42,test,0.31,0.2200922
Merzenhausen,2025-04-17 00:00:00,42,test,0.313,0.21873482
Merzenhausen,2025-04-17 01:00:00,42,test,0.314,0.21784042
Merzenhausen,2025-04-17 02:00:00,42,test,0.313,0.21765393
Merzenhausen,2025-04-17 03:00:00,42,test,0.311,0.21811417
Merzenhausen,2025-04-17 04:00:00,42,test,0.311,0.21940215
Merzenhausen,2025-04-17 05:00:00,42,test,0.311,0.22133878
Merzenhausen,2025-04-17 06:00:00,42,test,0.308,0.22368042
Merzenhausen,2025-04-17 07:00:00,42,test,0.308,0.22630237
Merzenhausen,2025-04-17 08:00:00,42,test,0.31,0.22932094
Merzenhausen,2025-04-17 09:00:00,42,test,0.31,0.23256563
Merzenhausen,2025-04-17 10:00:00,42,test,0.31,0.23612261
Merzenhausen,2025-04-17 11:00:00,42,test,0.309,0.23998584
Merzenhausen,2025-04-17 12:00:00,42,test,0.308,0.24370086
Merzenhausen,2025-04-17 13:00:00,42,test,0.309,0.24729575
Merzenhausen,2025-04-17 14:00:00,42,test,0.306,0.25069332
Merzenhausen,2025-04-17 15:00:00,42,test,0.306,0.2535252
Merzenhausen,2025-04-17 16:00:00,42,test,0.304,0.25586927
Merzenhausen,2025-04-17 17:00:00,42,test,0.302,0.25757116
Merzenhausen,2025-04-17 18:00:00,42,test,0.299,0.25892425
Merzenhausen,2025-04-17 19:00:00,42,test,0.297,0.25981978
Merzenhausen,2025-04-17 20:00:00,42,test,0.295,0.26007256
Merzenhausen,2025-04-17 21:00:00,42,test,0.295,0.260015
Merzenhausen,2025-04-17 22:00:00,42,test,0.293,0.25968522
Merzenhausen,2025-04-17 23:00:00,42,test,0.291,0.259512
Merzenhausen,2025-04-18 00:00:00,42,test,0.291,0.25901002
Merzenhausen,2025-04-18 01:00:00,42,test,0.289,0.25922325
Merzenhausen,2025-04-18 02:00:00,42,test,0.289,0.26104006
Merzenhausen,2025-04-18 03:00:00,42,test,0.289,0.26506525
Merzenhausen,2025-04-18 04:00:00,42,test,0.289,0.26986444
Merzenhausen,2025-04-18 05:00:00,42,test,0.289,0.2749921
Merzenhausen,2025-04-18 06:00:00,42,test,0.286,0.28014418
Merzenhausen,2025-04-18 07:00:00,42,test,0.289,0.28494304
Merzenhausen,2025-04-18 08:00:00,42,test,0.289,0.28927842
Merzenhausen,2025-04-18 09:00:00,42,test,0.29,0.29322606
Merzenhausen,2025-04-18 10:00:00,42,test,0.289,0.29668906
Merzenhausen,2025-04-18 11:00:00,42,test,0.291,0.299554
Merzenhausen,2025-04-18 12:00:00,42,test,0.294,0.30182365
Merzenhausen,2025-04-18 13:00:00,42,test,0.29,0.30328476
Merzenhausen,2025-04-18 14:00:00,42,test,0.291,0.30381447
Merzenhausen,2025-04-18 15:00:00,42,test,0.29,0.3034625
Merzenhausen,2025-04-18 16:00:00,42,test,0.289,0.30235028
Merzenhausen,2025-04-18 17:00:00,42,test,0.286,0.3005142
Merzenhausen,2025-04-18 18:00:00,42,test,0.288,0.29834354
Merzenhausen,2025-04-18 19:00:00,42,test,0.29,0.29600847
Merzenhausen,2025-04-18 20:00:00,42,test,0.29,0.29377484
Merzenhausen,2025-04-18 21:00:00,42,test,0.293,0.29173014
Merzenhausen,2025-04-18 22:00:00,42,test,0.293,0.2899233
Merzenhausen,2025-04-18 23:00:00,42,test,0.293,0.28826514
Merzenhausen,2025-04-19 00:00:00,42,test,0.293,0.2869377
Merzenhausen,2025-04-19 01:00:00,42,test,0.289,0.28594372
Merzenhausen,2025-04-19 02:00:00,42,test,0.296,0.28524932
Merzenhausen,2025-04-19 03:00:00,42,test,0.296,0.2847852
Merzenhausen,2025-04-19 04:00:00,42,test,0.296,0.2845726
Merzenhausen,2025-04-19 05:00:00,42,test,0.296,0.28459907
Merzenhausen,2025-04-19 06:00:00,42,test,0.296,0.284774
Merzenhausen,2025-04-19 07:00:00,42,test,0.296,0.28517184
Merzenhausen,2025-04-19 08:00:00,42,test,0.3,0.28573227
Merzenhausen,2025-04-19 09:00:00,42,test,0.3,0.2864286
Merzenhausen,2025-04-19 10:00:00,42,test,0.298,0.2871416
Merzenhausen,2025-04-19 11:00:00,42,test,0.297,0.28764647
Merzenhausen,2025-04-19 12:00:00,42,test,0.297,0.28782475
Merzenhausen,2025-04-19 13:00:00,42,test,0.299,0.28768158
Merzenhausen,2025-04-19 14:00:00,42,test,0.297,0.28701591
Merzenhausen,2025-04-19 15:00:00,42,test,0.298,0.2858609
Merzenhausen,2025-04-19 16:00:00,42,test,0.298,0.2841707
Merzenhausen,2025-04-19 17:00:00,42,test,0.292,0.28204963
Merzenhausen,2025-04-19 18:00:00,42,test,0.297,0.27964413
Merzenhausen,2025-04-19 19:00:00,42,test,0.304,0.27718586
Merzenhausen,2025-04-19 20:00:00,42,test,0.299,0.27492183
Merzenhausen,2025-04-19 21:00:00,42,test,0.295,0.27306196
Merzenhausen,2025-04-19 22:00:00,42,test,0.295,0.27152693
Merzenhausen,2025-04-19 23:00:00,42,test,0.296,0.27027512
Merzenhausen,2025-04-20 00:00:00,42,test,0.296,0.26924556
Merzenhausen,2025-04-20 01:00:00,42,test,0.293,0.2682274
Merzenhausen,2025-04-20 02:00:00,42,test,0.295,0.26744404
Merzenhausen,2025-04-20 03:00:00,42,test,0.295,0.26690504
Merzenhausen,2025-04-20 04:00:00,42,test,0.295,0.26653618
Merzenhausen,2025-04-20 05:00:00,42,test,0.295,0.26648048
Merzenhausen,2025-04-20 06:00:00,42,test,0.295,0.266832
Merzenhausen,2025-04-20 07:00:00,42,test,0.295,0.267609
Merzenhausen,2025-04-20 08:00:00,42,test,0.297,0.2686918
Merzenhausen,2025-04-20 09:00:00,42,test,0.295,0.26989454
Merzenhausen,2025-04-20 10:00:00,42,test,0.294,0.2709004
Merzenhausen,2025-04-20 11:00:00,42,test,0.296,0.27157098
Merzenhausen,2025-04-20 12:00:00,42,test,0.299,0.2718577
Merzenhausen,2025-04-20 13:00:00,42,test,0.296,0.2715768
Merzenhausen,2025-04-20 14:00:00,42,test,0.295,0.27097684
Merzenhausen,2025-04-20 15:00:00,42,test,0.298,0.27052566
Merzenhausen,2025-04-20 16:00:00,42,test,0.2995,0.26988637
Merzenhausen,2025-04-20 17:00:00,42,test,0.293,0.26999107
Merzenhausen,2025-04-20 18:00:00,42,test,0.294,0.2705076
Merzenhausen,2025-04-20 19:00:00,42,test,0.291,0.27062085
Merzenhausen,2025-04-20 20:00:00,42,test,0.288,0.270292
Merzenhausen,2025-04-20 21:00:00,42,test,0.289,0.26988992
Merzenhausen,2025-04-20 22:00:00,42,test,0.287,0.26954445
Merzenhausen,2025-04-20 23:00:00,42,test,0.288,0.26919085
Merzenhausen,2025-04-21 00:00:00,42,test,0.286,0.26880124
Merzenhausen,2025-04-21 01:00:00,42,test,0.285,0.26817113
Merzenhausen,2025-04-21 02:00:00,42,test,0.282,0.26782724
Merzenhausen,2025-04-21 03:00:00,42,test,0.285,0.26777655
Merzenhausen,2025-04-21 04:00:00,42,test,0.282,0.26796898
Merzenhausen,2025-04-21 05:00:00,42,test,0.282,0.26848775
Merzenhausen,2025-04-21 06:00:00,42,test,0.282,0.269433
Merzenhausen,2025-04-21 07:00:00,42,test,0.286,0.27084944
Merzenhausen,2025-04-21 08:00:00,42,test,0.285,0.27268177
Merzenhausen,2025-04-21 09:00:00,42,test,0.284,0.27453744
Merzenhausen,2025-04-21 10:00:00,42,test,0.287,0.27623016
Merzenhausen,2025-04-21 11:00:00,42,test,0.289,0.27761856
Merzenhausen,2025-04-21 12:00:00,42,test,0.289,0.27867997
Merzenhausen,2025-04-21 13:00:00,42,test,0.286,0.27943504
Merzenhausen,2025-04-21 14:00:00,42,test,0.291,0.2797763
Merzenhausen,2025-04-21 15:00:00,42,test,0.292,0.27980414
Merzenhausen,2025-04-21 16:00:00,42,test,0.296,0.27944028
Merzenhausen,2025-04-21 17:00:00,42,test,0.301,0.27849507
Merzenhausen,2025-04-21 18:00:00,42,test,0.304,0.2773819
Merzenhausen,2025-04-21 19:00:00,42,test,0.304,0.27658907
Merzenhausen,2025-04-21 20:00:00,42,test,0.305,0.27587354
Merzenhausen,2025-04-21 21:00:00,42,test,0.306,0.2751579
Merzenhausen,2025-04-21 22:00:00,42,test,0.304,0.27452675
Merzenhausen,2025-04-21 23:00:00,42,test,0.306,0.27402925
Merzenhausen,2025-04-22 00:00:00,42,test,0.306,0.27367538
Merzenhausen,2025-04-22 01:00:00,42,test,0.306,0.2733398
Merzenhausen,2025-04-22 02:00:00,42,test,0.307,0.27318072
Merzenhausen,2025-04-22 03:00:00,42,test,0.306,0.27323592
Merzenhausen,2025-04-22 04:00:00,42,test,0.306,0.27346295
Merzenhausen,2025-04-22 05:00:00,42,test,0.309,0.27383232
Merzenhausen,2025-04-22 06:00:00,42,test,0.311,0.27434772
Merzenhausen,2025-04-22 07:00:00,42,test,0.31,0.27498204
Merzenhausen,2025-04-22 08:00:00,42,test,0.313,0.27573904
Merzenhausen,2025-04-22 09:00:00,42,test,0.313,0.27648014
Merzenhausen,2025-04-22 10:00:00,42,test,0.315,0.27709842
Merzenhausen,2025-04-22 11:00:00,42,test,0.316,0.27755517
Merzenhausen,2025-04-22 12:00:00,42,test,0.318,0.27789587
Merzenhausen,2025-04-22 13:00:00,42,test,0.341,0.27783608
Merzenhausen,2025-04-22 14:00:00,42,test,0.348,0.2772696
Merzenhausen,2025-04-22 15:00:00,42,test,0.354,0.27636105
Merzenhausen,2025-04-22 16:00:00,42,test,0.348,0.27515993
Merzenhausen,2025-04-22 17:00:00,42,test,0.356,0.27350676
Merzenhausen,2025-04-22 18:00:00,42,test,0.356,0.2716838
Merzenhausen,2025-04-22 19:00:00,42,test,0.353,0.26985005
Merzenhausen,2025-04-22 20:00:00,42,test,0.353,0.26808777
Merzenhausen,2025-04-22 21:00:00,42,test,0.35,0.26670128
Merzenhausen,2025-04-22 22:00:00,42,test,0.356,0.26562625
Merzenhausen,2025-04-22 23:00:00,42,test,0.353,0.26491743
Merzenhausen,2025-04-23 00:00:00,42,test,0.353,0.26441428
Merzenhausen,2025-04-23 01:00:00,42,test,0.348,0.26404274
Merzenhausen,2025-04-23 02:00:00,42,test,0.348,0.2636991
Merzenhausen,2025-04-23 03:00:00,42,test,0.347,0.26375234
Merzenhausen,2025-04-23 04:00:00,42,test,0.342,0.26436886
Merzenhausen,2025-04-23 05:00:00,42,test,0.344,0.26508793
Merzenhausen,2025-04-23 06:00:00,42,test,0.344,0.26578358
Merzenhausen,2025-04-23 07:00:00,42,test,0.341,0.26665482
Merzenhausen,2025-04-23 08:00:00,42,test,0.339,0.26756448
Merzenhausen,2025-04-23 09:00:00,42,test,0.339,0.26846427
Merzenhausen,2025-04-23 10:00:00,42,test,0.337,0.26934707
Merzenhausen,2025-04-23 11:00:00,42,test,0.338,0.2712167
Merzenhausen,2025-04-23 12:00:00,42,test,0.335,0.27298287
Merzenhausen,2025-04-23 13:00:00,42,test,0.335,0.27463782
Merzenhausen,2025-04-23 14:00:00,42,test,0.335,0.275786
Merzenhausen,2025-04-23 15:00:00,42,test,0.335,0.27706894
Merzenhausen,2025-04-23 16:00:00,42,test,0.332,0.27790827
Merzenhausen,2025-04-23 17:00:00,42,test,0.332,0.27829868
Merzenhausen,2025-04-23 18:00:00,42,test,0.332,0.2784466
Merzenhausen,2025-04-23 19:00:00,42,test,0.33,0.27842993
Merzenhausen,2025-04-23 20:00:00,42,test,0.327,0.27840555
Merzenhausen,2025-04-23 21:00:00,42,test,0.327,0.2784678
Merzenhausen,2025-04-23 22:00:00,42,test,0.328,0.27848428
Merzenhausen,2025-04-23 23:00:00,42,test,0.327,0.27860764
Merzenhausen,2025-04-24 00:00:00,42,test,0.325,0.27906725
Merzenhausen,2025-04-24 01:00:00,42,test,0.325,0.27957344
Merzenhausen,2025-04-24 02:00:00,42,test,0.324,0.28020865
Merzenhausen,2025-04-24 03:00:00,42,test,0.325,0.28101647
Merzenhausen,2025-04-24 04:00:00,42,test,0.324,0.28189743
Merzenhausen,2025-04-24 05:00:00,42,test,0.324,0.28298056
Merzenhausen,2025-04-24 06:00:00,42,test,0.324,0.28405264
Merzenhausen,2025-04-24 07:00:00,42,test,0.322,0.28516948
Merzenhausen,2025-04-24 08:00:00,42,test,0.324,0.28642425
Merzenhausen,2025-04-24 09:00:00,42,test,0.324,0.2876977
Merzenhausen,2025-04-24 10:00:00,42,test,0.326,0.28903082
Merzenhausen,2025-04-24 11:00:00,42,test,0.326,0.2904518
Merzenhausen,2025-04-24 12:00:00,42,test,0.324,0.29229134
Merzenhausen,2025-04-24 13:00:00,42,test,0.321,0.29536188
Merzenhausen,2025-04-24 14:00:00,42,test,0.321,0.298846
Merzenhausen,2025-04-24 15:00:00,42,test,0.316,0.30239946
Merzenhausen,2025-04-24 16:00:00,42,test,0.317,0.3053614
Merzenhausen,2025-04-24 17:00:00,42,test,0.314,0.30815303
Merzenhausen,2025-04-24 18:00:00,42,test,0.313,0.31073773
Merzenhausen,2025-04-24 19:00:00,42,test,0.31,0.31294528
Merzenhausen,2025-04-24 20:00:00,42,test,0.31,0.3145997
Merzenhausen,2025-04-24 21:00:00,42,test,0.308,0.31546146
Merzenhausen,2025-04-24 22:00:00,42,test,0.305,0.31616086
Merzenhausen,2025-04-24 23:00:00,42,test,0.305,0.3167313
Merzenhausen,2025-04-25 00:00:00,42,test,0.303,0.31719238
Merzenhausen,2025-04-25 01:00:00,42,test,0.304,0.31738466
Merzenhausen,2025-04-25 02:00:00,42,test,0.301,0.3173718
Merzenhausen,2025-04-25 03:00:00,42,test,0.301,0.3171859
Merzenhausen,2025-04-25 04:00:00,42,test,0.301,0.31680724
Merzenhausen,2025-04-25 05:00:00,42,test,0.299,0.31641552
Merzenhausen,2025-04-25 06:00:00,42,test,0.301,0.31612378
Merzenhausen,2025-04-25 07:00:00,42,test,0.299,0.3159124
Merzenhausen,2025-04-25 08:00:00,42,test,0.301,0.31581563
Merzenhausen,2025-04-25 09:00:00,42,test,0.3,0.3159081
Merzenhausen,2025-04-25 10:00:00,42,test,0.302,0.3161544
Merzenhausen,2025-04-25 11:00:00,42,test,0.305,0.3165596
Merzenhausen,2025-04-25 12:00:00,42,test,0.307,0.31697786
Merzenhausen,2025-04-25 13:00:00,42,test,0.306,0.31730708
Merzenhausen,2025-04-25 14:00:00,42,test,0.306,0.31743413
Merzenhausen,2025-04-25 15:00:00,42,test,0.306,0.3172669
Merzenhausen,2025-04-25 16:00:00,42,test,0.306,0.31667474
Merzenhausen,2025-04-25 17:00:00,42,test,0.303,0.31571788
Merzenhausen,2025-04-25 18:00:00,42,test,0.301,0.31453526
Merzenhausen,2025-04-25 19:00:00,42,test,0.298,0.3132087
Merzenhausen,2025-04-25 20:00:00,42,test,0.296,0.31172335
Merzenhausen,2025-04-25 21:00:00,42,test,0.294,0.31019253
Merzenhausen,2025-04-25 22:00:00,42,test,0.292,0.30870882
Merzenhausen,2025-04-25 23:00:00,42,test,0.292,0.3072328
Merzenhausen,2025-04-26 00:00:00,42,test,0.29,0.30566835
Merzenhausen,2025-05-20 14:00:00,42,test,0.223,0.21851352
Merzenhausen,2025-05-20 15:00:00,42,test,0.218,0.21884656
Merzenhausen,2025-05-20 16:00:00,42,test,0.221,0.21919444
Merzenhausen,2025-05-20 17:00:00,42,test,0.221,0.2194421
Merzenhausen,2025-05-20 18:00:00,42,test,0.223,0.21944474
Merzenhausen,2025-05-20 19:00:00,42,test,0.219,0.21950176
Merzenhausen,2025-05-20 20:00:00,42,test,0.218,0.21939446
Merzenhausen,2025-05-20 21:00:00,42,test,0.217,0.21947403
Merzenhausen,2025-05-20 22:00:00,42,test,0.212,0.21946418
Merzenhausen,2025-05-20 23:00:00,42,test,0.211,0.21925196
Merzenhausen,2025-05-21 00:00:00,42,test,0.213,0.2187313
Merzenhausen,2025-05-21 01:00:00,42,test,0.209,0.21777028
Merzenhausen,2025-05-21 02:00:00,42,test,0.21,0.21631856
Merzenhausen,2025-05-21 03:00:00,42,test,0.212,0.21462297
Merzenhausen,2025-05-21 04:00:00,42,test,0.206,0.21297145
Merzenhausen,2025-05-21 05:00:00,42,test,0.21,0.21154475
Merzenhausen,2025-05-21 06:00:00,42,test,0.21,0.21088168
Merzenhausen,2025-05-21 07:00:00,42,test,0.209,0.21087936
Merzenhausen,2025-05-21 08:00:00,42,test,0.211,0.21131271
Merzenhausen,2025-05-21 09:00:00,42,test,0.212,0.21205108
Merzenhausen,2025-05-21 10:00:00,42,test,0.212,0.21306154
Merzenhausen,2025-05-21 11:00:00,42,test,0.212,0.21399124
Merzenhausen,2025-05-21 12:00:00,42,test,0.215,0.21489617
Merzenhausen,2025-05-21 13:00:00,42,test,0.217,0.21595939
Merzenhausen,2025-05-21 14:00:00,42,test,0.216,0.21703522
Merzenhausen,2025-05-21 15:00:00,42,test,0.221,0.21810372
Merzenhausen,2025-05-21 16:00:00,42,test,0.217,0.21901892
Merzenhausen,2025-05-21 17:00:00,42,test,0.22,0.21965021
Merzenhausen,2025-05-21 18:00:00,42,test,0.217,0.21985912
Merzenhausen,2025-05-21 19:00:00,42,test,0.216,0.21976186
Merzenhausen,2025-05-21 20:00:00,42,test,0.213,0.21935135
Merzenhausen,2025-05-21 21:00:00,42,test,0.212,0.21893355
Merzenhausen,2025-05-21 22:00:00,42,test,0.209,0.21833707
Merzenhausen,2025-05-21 23:00:00,42,test,0.211,0.21750288
Merzenhausen,2025-05-22 00:00:00,42,test,0.209,0.21634829
Merzenhausen,2025-05-22 01:00:00,42,test,0.208,0.21471219
Merzenhausen,2025-05-22 02:00:00,42,test,0.205,0.2128316
Merzenhausen,2025-05-22 03:00:00,42,test,0.207,0.21107481
Merzenhausen,2025-05-22 04:00:00,42,test,0.204,0.20941398
Merzenhausen,2025-05-22 05:00:00,42,test,0.206,0.20813955
Merzenhausen,2025-05-22 06:00:00,42,test,0.208,0.2074495
Merzenhausen,2025-05-22 07:00:00,42,test,0.206,0.20731147
Merzenhausen,2025-05-22 08:00:00,42,test,0.207,0.20757358
Merzenhausen,2025-05-22 09:00:00,42,test,0.207,0.20806532
Merzenhausen,2025-05-22 10:00:00,42,test,0.209,0.20897432
Merzenhausen,2025-05-22 11:00:00,42,test,0.208,0.2103258
Merzenhausen,2025-05-22 12:00:00,42,test,0.21,0.21189092
Merzenhausen,2025-05-22 13:00:00,42,test,0.211,0.21353756
Merzenhausen,2025-05-22 14:00:00,42,test,0.21,0.21531978
Merzenhausen,2025-05-22 15:00:00,42,test,0.209,0.21657579
Merzenhausen,2025-05-22 16:00:00,42,test,0.208,0.21763386
Merzenhausen,2025-05-22 17:00:00,42,test,0.207,0.21841939
Merzenhausen,2025-05-22 18:00:00,42,test,0.206,0.21911994
Merzenhausen,2025-05-22 19:00:00,42,test,0.209,0.21952972
Merzenhausen,2025-05-22 20:00:00,42,test,0.209,0.21970324
Merzenhausen,2025-05-22 21:00:00,42,test,0.211,0.21945968
Merzenhausen,2025-05-22 22:00:00,42,test,0.209,0.21851183
Merzenhausen,2025-05-22 23:00:00,42,test,0.209,0.21682863
Merzenhausen,2025-05-23 00:00:00,42,test,0.206,0.21462448
Merzenhausen,2025-05-23 01:00:00,42,test,0.21,0.21181522
Merzenhausen,2025-05-23 02:00:00,42,test,0.208,0.2087729
Merzenhausen,2025-05-23 03:00:00,42,test,0.208,0.20586194
Merzenhausen,2025-05-23 04:00:00,42,test,0.207,0.2029236
Merzenhausen,2025-05-23 05:00:00,42,test,0.209,0.20072137
Merzenhausen,2025-05-23 06:00:00,42,test,0.208,0.19927375
Merzenhausen,2025-05-23 07:00:00,42,test,0.21,0.19858062
Merzenhausen,2025-05-23 08:00:00,42,test,0.211,0.19864775
Merzenhausen,2025-05-23 09:00:00,42,test,0.212,0.19933774
Merzenhausen,2025-05-23 10:00:00,42,test,0.211,0.20056455
Merzenhausen,2025-05-23 11:00:00,42,test,0.211,0.20205575
Merzenhausen,2025-05-23 12:00:00,42,test,0.212,0.20379357
Merzenhausen,2025-05-23 13:00:00,42,test,0.214,0.20578828
Merzenhausen,2025-05-23 14:00:00,42,test,0.214,0.20789045
Merzenhausen,2025-05-23 15:00:00,42,test,0.217,0.21006745
Merzenhausen,2025-05-23 16:00:00,42,test,0.241,0.21184576
Merzenhausen,2025-05-23 17:00:00,42,test,0.216,0.21333142
Merzenhausen,2025-05-23 18:00:00,42,test,0.2224999999999999,0.21436675
Merzenhausen,2025-05-23 19:00:00,42,test,0.21,0.215001
Merzenhausen,2025-06-19 01:00:00,42,test,0.144,0.16122384
Merzenhausen,2025-06-19 02:00:00,42,test,0.143,0.1607789
Merzenhausen,2025-06-19 03:00:00,42,test,0.14,0.16029525
Merzenhausen,2025-06-19 04:00:00,42,test,0.142,0.15975517
Merzenhausen,2025-06-19 05:00:00,42,test,0.139,0.159405
Merzenhausen,2025-06-19 06:00:00,42,test,0.139,0.15958148
Merzenhausen,2025-06-19 07:00:00,42,test,0.142,0.16012684
Merzenhausen,2025-06-19 08:00:00,42,test,0.143,0.16065243
Merzenhausen,2025-06-19 09:00:00,42,test,0.145,0.16104597
Merzenhausen,2025-06-19 10:00:00,42,test,0.146,0.16115795
Merzenhausen,2025-06-19 11:00:00,42,test,0.145,0.16113591
Merzenhausen,2025-06-19 12:00:00,42,test,0.149,0.16106261
Merzenhausen,2025-06-19 13:00:00,42,test,0.151,0.16108736
Merzenhausen,2025-06-19 14:00:00,42,test,0.153,0.161368
Merzenhausen,2025-06-19 15:00:00,42,test,0.151,0.1617237
Merzenhausen,2025-06-19 16:00:00,42,test,0.153,0.16215749
Merzenhausen,2025-06-19 17:00:00,42,test,0.154,0.1622265
Merzenhausen,2025-06-19 18:00:00,42,test,0.151,0.16189048
Merzenhausen,2025-06-19 19:00:00,42,test,0.15,0.16129082
Merzenhausen,2025-06-19 20:00:00,42,test,0.145,0.1606108
Merzenhausen,2025-06-19 21:00:00,42,test,0.143,0.15980205
Merzenhausen,2025-06-19 22:00:00,42,test,0.142,0.15915155
Merzenhausen,2025-06-19 23:00:00,42,test,0.141,0.15849721
Merzenhausen,2025-06-20 00:00:00,42,test,0.141,0.15781254
Merzenhausen,2025-06-20 01:00:00,42,test,0.143,0.15687287
Merzenhausen,2025-06-20 02:00:00,42,test,0.138,0.15576763
Merzenhausen,2025-06-20 03:00:00,42,test,0.141,0.15449369
Merzenhausen,2025-06-20 04:00:00,42,test,0.138,0.15316655
Merzenhausen,2025-06-20 05:00:00,42,test,0.139,0.15214008
Merzenhausen,2025-06-20 06:00:00,42,test,0.139,0.1514982
Merzenhausen,2025-06-20 07:00:00,42,test,0.138,0.15121873
Merzenhausen,2025-06-20 08:00:00,42,test,0.139,0.15126811
Merzenhausen,2025-06-20 09:00:00,42,test,0.139,0.15152156
Merzenhausen,2025-06-20 10:00:00,42,test,0.142,0.15185136
Merzenhausen,2025-06-20 11:00:00,42,test,0.141,0.15229973
Merzenhausen,2025-06-20 12:00:00,42,test,0.144,0.15274873
Merzenhausen,2025-06-20 13:00:00,42,test,0.147,0.1535744
Merzenhausen,2025-06-20 14:00:00,42,test,0.15,0.15446234
Merzenhausen,2025-06-20 15:00:00,42,test,0.149,0.15513295
Merzenhausen,2025-06-20 16:00:00,42,test,0.146,0.15568286
Merzenhausen,2025-06-20 17:00:00,42,test,0.147,0.15598169
Merzenhausen,2025-06-20 18:00:00,42,test,0.144,0.15579167
Merzenhausen,2025-06-20 19:00:00,42,test,0.144,0.1551953
Merzenhausen,2025-06-20 20:00:00,42,test,0.144,0.1544968
Merzenhausen,2025-06-20 21:00:00,42,test,0.142,0.1537467
Merzenhausen,2025-06-20 22:00:00,42,test,0.138,0.15309498
Merzenhausen,2025-06-20 23:00:00,42,test,0.137,0.1525271
Merzenhausen,2025-06-21 00:00:00,42,test,0.136,0.15194908
Merzenhausen,2025-06-21 01:00:00,42,test,0.135,0.15127599
Merzenhausen,2025-06-21 02:00:00,42,test,0.136,0.15048452
Merzenhausen,2025-06-21 03:00:00,42,test,0.137,0.14939372
Merzenhausen,2025-06-21 04:00:00,42,test,0.134,0.1483292
Merzenhausen,2025-06-21 05:00:00,42,test,0.134,0.14733876
Merzenhausen,2025-06-21 06:00:00,42,test,0.136,0.14665458
Merzenhausen,2025-06-21 07:00:00,42,test,0.134,0.14645356
Merzenhausen,2025-06-21 08:00:00,42,test,0.134,0.14672011
Merzenhausen,2025-06-21 09:00:00,42,test,0.136,0.1472472
Merzenhausen,2025-06-21 10:00:00,42,test,0.135,0.14789158
Merzenhausen,2025-06-21 11:00:00,42,test,0.13,0.14827593
Merzenhausen,2025-06-21 12:00:00,42,test,0.14,0.14873749
Merzenhausen,2025-06-21 13:00:00,42,test,0.134,0.14933759
Merzenhausen,2025-06-21 14:00:00,42,test,0.137,0.15012679
Merzenhausen,2025-06-21 15:00:00,42,test,0.136,0.15093021
Merzenhausen,2025-06-21 16:00:00,42,test,0.14,0.15171343
Merzenhausen,2025-06-21 17:00:00,42,test,0.136,0.15244128
Merzenhausen,2025-06-21 18:00:00,42,test,0.137,0.15281077
Merzenhausen,2025-06-21 19:00:00,42,test,0.136,0.15277843
Merzenhausen,2025-06-21 20:00:00,42,test,0.132,0.15219411
Merzenhausen,2025-06-21 21:00:00,42,test,0.13,0.15138501
Merzenhausen,2025-06-21 22:00:00,42,test,0.133,0.15058108
Merzenhausen,2025-06-21 23:00:00,42,test,0.132,0.14996102
Merzenhausen,2025-06-22 00:00:00,42,test,0.129,0.14950396
Merzenhausen,2025-06-22 01:00:00,42,test,0.131,0.14935112
Merzenhausen,2025-06-22 02:00:00,42,test,0.13,0.14905497
Merzenhausen,2025-06-22 03:00:00,42,test,0.129,0.14878315
Merzenhausen,2025-06-22 04:00:00,42,test,0.131,0.14834225
Merzenhausen,2025-06-22 05:00:00,42,test,0.129,0.14807329
Merzenhausen,2025-06-22 06:00:00,42,test,0.132,0.1482563
Merzenhausen,2025-06-22 07:00:00,42,test,0.127,0.1488176
Merzenhausen,2025-06-22 08:00:00,42,test,0.13,0.14962173
Merzenhausen,2025-06-22 09:00:00,42,test,0.129,0.15021797
Merzenhausen,2025-06-22 10:00:00,42,test,0.133,0.1505802
Merzenhausen,2025-06-22 11:00:00,42,test,0.132,0.15063475
Merzenhausen,2025-06-22 12:00:00,42,test,0.136,0.15056732
Merzenhausen,2025-06-22 13:00:00,42,test,0.136,0.15068355
Merzenhausen,2025-06-22 14:00:00,42,test,0.136,0.15105152
Merzenhausen,2025-06-22 15:00:00,42,test,0.137,0.15145516
Merzenhausen,2025-06-22 16:00:00,42,test,0.136,0.15154275
Merzenhausen,2025-06-22 17:00:00,42,test,0.136,0.15138948
Merzenhausen,2025-06-22 18:00:00,42,test,0.136,0.15086068
Merzenhausen,2025-06-22 19:00:00,42,test,0.133,0.15019447
Merzenhausen,2025-06-22 20:00:00,42,test,0.132,0.14946318
Merzenhausen,2025-06-22 21:00:00,42,test,0.132,0.14871255
Merzenhausen,2025-06-22 22:00:00,42,test,0.135,0.14792109
Merzenhausen,2025-06-22 23:00:00,42,test,0.135,0.14725566
Merzenhausen,2025-06-23 00:00:00,42,test,0.132,0.14670727
Merzenhausen,2025-06-23 01:00:00,42,test,0.132,0.14625858
Merzenhausen,2025-06-23 02:00:00,42,test,0.133,0.14604867
Merzenhausen,2025-06-23 03:00:00,42,test,0.128,0.14614815
Merzenhausen,2025-06-23 04:00:00,42,test,0.1425,0.14629295
Merzenhausen,2025-06-23 05:00:00,42,test,0.128,0.146552
Merzenhausen,2025-06-23 06:00:00,42,test,0.128,0.14695607
Merzenhausen,2025-06-23 07:00:00,42,test,0.131,0.14735654
Merzenhausen,2025-06-23 08:00:00,42,test,0.133,0.1475237
Merzenhausen,2025-06-23 09:00:00,42,test,0.1395,0.14769846
Merzenhausen,2025-06-23 10:00:00,42,test,0.135,0.14814922
Merzenhausen,2025-06-23 11:00:00,42,test,0.137,0.14888504
Merzenhausen,2025-06-23 12:00:00,42,test,0.138,0.14911924
Merzenhausen,2025-06-23 13:00:00,42,test,0.14,0.14886121
Merzenhausen,2025-06-23 14:00:00,42,test,0.141,0.14840207
Merzenhausen,2025-06-23 15:00:00,42,test,0.14,0.14769183
Merzenhausen,2025-06-23 16:00:00,42,test,0.1355,0.1470108
Merzenhausen,2025-06-23 17:00:00,42,test,0.135,0.1461757
Merzenhausen,2025-06-23 18:00:00,42,test,0.137,0.14519657
Merzenhausen,2025-06-23 19:00:00,42,test,0.139,0.14421776
Merzenhausen,2025-06-23 20:00:00,42,test,0.139,0.1431655
Merzenhausen,2025-06-23 21:00:00,42,test,0.133,0.1421561
Merzenhausen,2025-06-23 22:00:00,42,test,0.136,0.14120686
Merzenhausen,2025-06-23 23:00:00,42,test,0.136,0.14022765
Merzenhausen,2025-06-24 00:00:00,42,test,0.133,0.13910322
Merzenhausen,2025-06-24 01:00:00,42,test,0.135,0.13809296
Merzenhausen,2025-06-24 02:00:00,42,test,0.155,0.13708153
Merzenhausen,2025-06-24 03:00:00,42,test,0.129,0.13606471
Merzenhausen,2025-06-24 04:00:00,42,test,0.131,0.13520476
Merzenhausen,2025-06-24 05:00:00,42,test,0.132,0.13450766
Merzenhausen,2025-06-24 06:00:00,42,test,0.132,0.13422205
Merzenhausen,2025-06-24 07:00:00,42,test,0.131,0.13404727
Merzenhausen,2025-06-24 08:00:00,42,test,0.133,0.1340867
Merzenhausen,2025-06-24 09:00:00,42,test,0.133,0.13429672
Merzenhausen,2025-06-24 10:00:00,42,test,0.129,0.13472655
Merzenhausen,2025-06-24 11:00:00,42,test,0.131,0.135182
Merzenhausen,2025-06-24 12:00:00,42,test,0.135,0.13588846
Merzenhausen,2025-06-24 13:00:00,42,test,0.134,0.136701
Merzenhausen,2025-06-24 14:00:00,42,test,0.132,0.13772044
Merzenhausen,2025-06-24 15:00:00,42,test,0.135,0.13864446
Merzenhausen,2025-06-24 16:00:00,42,test,0.136,0.1393987
Merzenhausen,2025-06-24 17:00:00,42,test,0.136,0.13981774
Merzenhausen,2025-06-24 18:00:00,42,test,0.135,0.13986719
Merzenhausen,2025-06-24 19:00:00,42,test,0.132,0.13950196
Merzenhausen,2025-06-24 20:00:00,42,test,0.131,0.1388132
Merzenhausen,2025-06-24 21:00:00,42,test,0.129,0.13802452
Merzenhausen,2025-06-24 22:00:00,42,test,0.131,0.13748737
Merzenhausen,2025-06-24 23:00:00,42,test,0.132,0.13723941
Merzenhausen,2025-06-25 00:00:00,42,test,0.127,0.13718203
Merzenhausen,2025-06-25 01:00:00,42,test,0.128,0.13738367
Merzenhausen,2025-06-25 02:00:00,42,test,0.128,0.13792899
Merzenhausen,2025-06-25 03:00:00,42,test,0.125,0.13845038
Merzenhausen,2025-06-25 04:00:00,42,test,0.131,0.1396884
Merzenhausen,2025-06-25 05:00:00,42,test,0.127,0.14072144
Merzenhausen,2025-06-25 06:00:00,42,test,0.128,0.14166132
Merzenhausen,2025-06-25 07:00:00,42,test,0.127,0.1425243
Merzenhausen,2025-06-25 08:00:00,42,test,0.127,0.14332885
Merzenhausen,2025-06-25 09:00:00,42,test,0.128,0.14430925
Merzenhausen,2025-06-25 10:00:00,42,test,0.129,0.14498931
Merzenhausen,2025-06-25 11:00:00,42,test,0.132,0.14558652
Merzenhausen,2025-06-25 12:00:00,42,test,0.13,0.14616305
Merzenhausen,2025-06-25 13:00:00,42,test,0.136,0.14685076
Merzenhausen,2025-06-25 14:00:00,42,test,0.134,0.1475989
Merzenhausen,2025-06-25 15:00:00,42,test,0.139,0.1482101
Merzenhausen,2025-06-25 16:00:00,42,test,0.14,0.14831658
Merzenhausen,2025-06-25 17:00:00,42,test,0.137,0.1479671
Merzenhausen,2025-06-25 18:00:00,42,test,0.136,0.1472877
Merzenhausen,2025-06-25 19:00:00,42,test,0.135,0.1464405
Merzenhausen,2025-06-25 20:00:00,42,test,0.146,0.14551666
Merzenhausen,2025-06-25 21:00:00,42,test,0.1405,0.14424293
Merzenhausen,2025-06-25 22:00:00,42,test,0.13,0.14309677
Merzenhausen,2025-06-25 23:00:00,42,test,0.132,0.14231822
Merzenhausen,2025-06-26 00:00:00,42,test,0.143,0.1418863
Merzenhausen,2025-06-26 01:00:00,42,test,0.132,0.14195178
Merzenhausen,2025-07-08 14:00:00,42,test,0.232,0.23484744
Merzenhausen,2025-07-08 15:00:00,42,test,0.231,0.23558989
Merzenhausen,2025-07-08 16:00:00,42,test,0.228,0.23653762
Merzenhausen,2025-07-08 17:00:00,42,test,0.224,0.2369977
Merzenhausen,2025-07-08 18:00:00,42,test,0.223,0.2370626
Merzenhausen,2025-07-08 19:00:00,42,test,0.225,0.23716716
Merzenhausen,2025-07-15 21:00:00,42,test,0.158,0.17455937
Merzenhausen,2025-07-15 22:00:00,42,test,0.154,0.17267396
Merzenhausen,2025-07-15 23:00:00,42,test,0.156,0.17093633
Merzenhausen,2025-07-16 00:00:00,42,test,0.153,0.16925308
Merzenhausen,2025-07-16 01:00:00,42,test,0.152,0.16754298
Merzenhausen,2025-07-16 02:00:00,42,test,0.153,0.16592366
Merzenhausen,2025-07-16 03:00:00,42,test,0.151,0.16457383
Merzenhausen,2025-07-16 04:00:00,42,test,0.152,0.16349697
Merzenhausen,2025-07-16 05:00:00,42,test,0.153,0.1629057
Merzenhausen,2025-07-16 06:00:00,42,test,0.152,0.16264227
Merzenhausen,2025-07-16 07:00:00,42,test,0.151,0.1626727
Merzenhausen,2025-07-16 08:00:00,42,test,0.156,0.1630669
Merzenhausen,2025-07-16 09:00:00,42,test,0.153,0.16376816
Merzenhausen,2025-07-16 10:00:00,42,test,0.155,0.16468407
Merzenhausen,2025-07-16 11:00:00,42,test,0.156,0.16568044
Merzenhausen,2025-07-16 12:00:00,42,test,0.154,0.16678587
Merzenhausen,2025-07-16 13:00:00,42,test,0.156,0.16806597
Merzenhausen,2025-07-16 14:00:00,42,test,0.155,0.1693786
Merzenhausen,2025-07-16 15:00:00,42,test,0.156,0.17151618
Merzenhausen,2025-07-16 16:00:00,42,test,0.156,0.17307892
Merzenhausen,2025-07-16 17:00:00,42,test,0.153,0.17387837
Merzenhausen,2025-07-16 18:00:00,42,test,0.156,0.17394924
Merzenhausen,2025-07-16 19:00:00,42,test,0.153,0.17340371
Merzenhausen,2025-07-16 20:00:00,42,test,0.153,0.1725707
Merzenhausen,2025-07-16 21:00:00,42,test,0.15,0.17140245
Merzenhausen,2025-07-16 22:00:00,42,test,0.152,0.16967037
Merzenhausen,2025-07-16 23:00:00,42,test,0.147,0.16756156
Merzenhausen,2025-07-17 00:00:00,42,test,0.15,0.16528443
Merzenhausen,2025-07-17 01:00:00,42,test,0.149,0.16306227
Merzenhausen,2025-07-17 02:00:00,42,test,0.15,0.16093183
Merzenhausen,2025-07-17 03:00:00,42,test,0.149,0.15886492
Merzenhausen,2025-07-17 04:00:00,42,test,0.148,0.15730228
Merzenhausen,2025-07-17 05:00:00,42,test,0.146,0.15625513
Merzenhausen,2025-07-17 06:00:00,42,test,0.148,0.15588139
Merzenhausen,2025-07-17 07:00:00,42,test,0.149,0.15604256
Merzenhausen,2025-07-17 08:00:00,42,test,0.151,0.15655673
Merzenhausen,2025-07-17 09:00:00,42,test,0.15,0.15719451
Merzenhausen,2025-07-17 10:00:00,42,test,0.151,0.1579546
Merzenhausen,2025-07-17 11:00:00,42,test,0.149,0.15888356
Merzenhausen,2025-07-17 12:00:00,42,test,0.15,0.15984005
Merzenhausen,2025-07-17 13:00:00,42,test,0.152,0.16105159
Merzenhausen,2025-07-17 14:00:00,42,test,0.151,0.16219999
Merzenhausen,2025-07-17 15:00:00,42,test,0.151,0.16323598
Merzenhausen,2025-07-17 16:00:00,42,test,0.149,0.16414446
Merzenhausen,2025-07-17 17:00:00,42,test,0.15,0.16479132
Merzenhausen,2025-07-17 18:00:00,42,test,0.152,0.16491225
Merzenhausen,2025-07-17 19:00:00,42,test,0.149,0.16443446
Merzenhausen,2025-07-17 20:00:00,42,test,0.148,0.16359115
Merzenhausen,2025-07-17 21:00:00,42,test,0.149,0.16269216
Merzenhausen,2025-07-17 22:00:00,42,test,0.146,0.16157909
Merzenhausen,2025-07-17 23:00:00,42,test,0.147,0.16041067
Merzenhausen,2025-07-18 00:00:00,42,test,0.146,0.1591417
Merzenhausen,2025-07-18 01:00:00,42,test,0.146,0.15774956
Merzenhausen,2025-07-18 02:00:00,42,test,0.147,0.1563309
Merzenhausen,2025-07-18 03:00:00,42,test,0.145,0.15490511
Merzenhausen,2025-07-18 04:00:00,42,test,0.148,0.15367943
Merzenhausen,2025-07-18 05:00:00,42,test,0.144,0.15272625
Merzenhausen,2025-07-18 06:00:00,42,test,0.144,0.152244
Merzenhausen,2025-07-18 07:00:00,42,test,0.148,0.15219995
Merzenhausen,2025-07-18 08:00:00,42,test,0.145,0.15270905
Merzenhausen,2025-07-18 09:00:00,42,test,0.146,0.15338601
Merzenhausen,2025-07-18 10:00:00,42,test,0.145,0.15423048
Merzenhausen,2025-07-18 11:00:00,42,test,0.148,0.155211
Merzenhausen,2025-07-18 12:00:00,42,test,0.149,0.15621348
Merzenhausen,2025-07-18 13:00:00,42,test,0.15,0.15733396
Merzenhausen,2025-07-18 14:00:00,42,test,0.149,0.15843686
Merzenhausen,2025-07-18 15:00:00,42,test,0.148,0.15943323
Merzenhausen,2025-07-18 16:00:00,42,test,0.158,0.16014133
Merzenhausen,2025-07-18 17:00:00,42,test,0.16,0.16028939
Merzenhausen,2025-07-18 18:00:00,42,test,0.16,0.16012973
Merzenhausen,2025-07-18 19:00:00,42,test,0.158,0.15961763
Merzenhausen,2025-07-18 20:00:00,42,test,0.159,0.15889317
Merzenhausen,2025-07-18 21:00:00,42,test,0.156,0.15791449
Merzenhausen,2025-07-18 22:00:00,42,test,0.158,0.15695478
Merzenhausen,2025-07-18 23:00:00,42,test,0.156,0.15578216
Merzenhausen,2025-07-19 00:00:00,42,test,0.157,0.15479696
Merzenhausen,2025-07-19 01:00:00,42,test,0.155,0.15384504
Merzenhausen,2025-07-19 02:00:00,42,test,0.152,0.15312603
Merzenhausen,2025-07-19 03:00:00,42,test,0.153,0.15257189
Merzenhausen,2025-07-19 04:00:00,42,test,0.153,0.15210015
Merzenhausen,2025-07-19 05:00:00,42,test,0.154,0.1516853
Merzenhausen,2025-07-19 06:00:00,42,test,0.154,0.15166494
Merzenhausen,2025-07-19 07:00:00,42,test,0.157,0.15197664
Merzenhausen,2025-07-19 08:00:00,42,test,0.153,0.15252838
Merzenhausen,2025-07-19 09:00:00,42,test,0.154,0.1532483
Merzenhausen,2025-07-19 10:00:00,42,test,0.155,0.15405259
Merzenhausen,2025-07-19 11:00:00,42,test,0.157,0.15467556
Merzenhausen,2025-07-19 12:00:00,42,test,0.155,0.15527947
Merzenhausen,2025-07-19 13:00:00,42,test,0.155,0.15600674
Merzenhausen,2025-07-19 14:00:00,42,test,0.155,0.15667906
Merzenhausen,2025-07-19 15:00:00,42,test,0.156,0.15717596
Merzenhausen,2025-07-19 16:00:00,42,test,0.154,0.15719126
Merzenhausen,2025-07-19 17:00:00,42,test,0.154,0.1568767
Merzenhausen,2025-07-19 18:00:00,42,test,0.151,0.15639184
Merzenhausen,2025-07-19 19:00:00,42,test,0.152,0.15550452
Merzenhausen,2025-07-19 20:00:00,42,test,0.153,0.15443724
Merzenhausen,2025-07-19 21:00:00,42,test,0.15,0.15343067
Merzenhausen,2025-07-19 22:00:00,42,test,0.15,0.1524365
Merzenhausen,2025-07-19 23:00:00,42,test,0.151,0.15156409
Merzenhausen,2025-07-20 00:00:00,42,test,0.15,0.15087518
Merzenhausen,2025-07-20 01:00:00,42,test,0.151,0.15037358
Merzenhausen,2025-07-20 02:00:00,42,test,0.15,0.15017895
Merzenhausen,2025-07-20 03:00:00,42,test,0.149,0.15017432
Merzenhausen,2025-07-20 04:00:00,42,test,0.149,0.15042107
Merzenhausen,2025-07-20 05:00:00,42,test,0.15,0.15070045
Merzenhausen,2025-07-20 06:00:00,42,test,0.147,0.15103611
Merzenhausen,2025-07-20 07:00:00,42,test,0.149,0.1516858
Merzenhausen,2025-07-20 08:00:00,42,test,0.148,0.1523143
Merzenhausen,2025-07-20 09:00:00,42,test,0.149,0.15295565
Merzenhausen,2025-07-20 10:00:00,42,test,0.148,0.15347834
Merzenhausen,2025-07-20 11:00:00,42,test,0.151,0.15390542
Merzenhausen,2025-07-20 12:00:00,42,test,0.153,0.15439889
Merzenhausen,2025-07-20 13:00:00,42,test,0.152,0.15500186
Merzenhausen,2025-07-20 14:00:00,42,test,0.156,0.15549882
Merzenhausen,2025-07-20 15:00:00,42,test,0.152,0.15815568
Merzenhausen,2025-07-20 16:00:00,42,test,0.152,0.16863494
Merzenhausen,2025-07-20 17:00:00,42,test,0.152,0.17319128
Merzenhausen,2025-07-20 18:00:00,42,test,0.152,0.17526385
Merzenhausen,2025-07-20 19:00:00,42,test,0.151,0.17529961
Merzenhausen,2025-07-20 20:00:00,42,test,0.153,0.17423056
Merzenhausen,2025-07-20 21:00:00,42,test,0.151,0.17230052
Merzenhausen,2025-07-20 22:00:00,42,test,0.148,0.16997033
Merzenhausen,2025-07-20 23:00:00,42,test,0.15,0.16753867
Merzenhausen,2025-07-21 00:00:00,42,test,0.149,0.16522326
Merzenhausen,2025-07-21 01:00:00,42,test,0.147,0.1632877
Merzenhausen,2025-07-21 02:00:00,42,test,0.151,0.16141151
Merzenhausen,2025-07-21 03:00:00,42,test,0.15,0.15963973
Merzenhausen,2025-07-21 04:00:00,42,test,0.149,0.15820016
Merzenhausen,2025-07-21 05:00:00,42,test,0.148,0.15721588
Merzenhausen,2025-07-21 06:00:00,42,test,0.146,0.1566722
Merzenhausen,2025-07-21 07:00:00,42,test,0.147,0.15670027
Merzenhausen,2025-07-21 08:00:00,42,test,0.149,0.15700406
Merzenhausen,2025-07-21 09:00:00,42,test,0.147,0.15747653
Merzenhausen,2025-07-21 10:00:00,42,test,0.152,0.15802068
Merzenhausen,2025-07-21 11:00:00,42,test,0.151,0.15871227
Merzenhausen,2025-07-29 20:00:00,42,test,0.156,0.20501605
Merzenhausen,2025-07-29 21:00:00,42,test,0.156,0.20467329
Merzenhausen,2025-07-29 22:00:00,42,test,0.157,0.20335631
Merzenhausen,2025-07-29 23:00:00,42,test,0.155,0.20127918
Merzenhausen,2025-07-30 00:00:00,42,test,0.158,0.19874296
Merzenhausen,2025-07-30 01:00:00,42,test,0.158,0.19593398
Merzenhausen,2025-07-30 02:00:00,42,test,0.16,0.19324565
Merzenhausen,2025-07-30 03:00:00,42,test,0.156,0.19077021
Merzenhausen,2025-07-30 04:00:00,42,test,0.157,0.18864559
Merzenhausen,2025-07-30 05:00:00,42,test,0.154,0.1869966
Merzenhausen,2025-07-30 06:00:00,42,test,0.157,0.17997442
Merzenhausen,2025-07-30 07:00:00,42,test,0.158,0.172091
Merzenhausen,2025-07-30 08:00:00,42,test,0.158,0.16421291
Merzenhausen,2025-07-30 09:00:00,42,test,0.159,0.15690511
Merzenhausen,2025-07-30 10:00:00,42,test,0.162,0.15042605
Merzenhausen,2025-07-30 11:00:00,42,test,0.165,0.14495125
Merzenhausen,2025-07-30 12:00:00,42,test,0.165,0.14067475
Merzenhausen,2025-07-30 13:00:00,42,test,0.167,0.14259589
Merzenhausen,2025-07-30 14:00:00,42,test,0.165,0.14709887
Merzenhausen,2025-07-30 15:00:00,42,test,0.165,0.15306172
Merzenhausen,2025-07-30 16:00:00,42,test,0.164,0.15938571
Merzenhausen,2025-07-30 17:00:00,42,test,0.166,0.1653688
Merzenhausen,2025-07-30 18:00:00,42,test,0.163,0.1705158
Merzenhausen,2025-07-30 19:00:00,42,test,0.165,0.17447896
Merzenhausen,2025-07-30 20:00:00,42,test,0.165,0.17749259
Merzenhausen,2025-07-30 21:00:00,42,test,0.166,0.17961118
Merzenhausen,2025-07-30 22:00:00,42,test,0.164,0.18071976
Merzenhausen,2025-07-30 23:00:00,42,test,0.164,0.18084472
Merzenhausen,2025-07-31 00:00:00,42,test,0.166,0.1802683
Merzenhausen,2025-07-31 01:00:00,42,test,0.163,0.17935699
Merzenhausen,2025-07-31 02:00:00,42,test,0.161,0.17796308
Merzenhausen,2025-07-31 03:00:00,42,test,0.162,0.17656389
Merzenhausen,2025-07-31 04:00:00,42,test,0.159,0.17528887
Merzenhausen,2025-07-31 05:00:00,42,test,0.16,0.17447583
Merzenhausen,2025-07-31 06:00:00,42,test,0.16,0.17625332
Merzenhausen,2025-07-31 07:00:00,42,test,0.163,0.17810693
Merzenhausen,2025-07-31 08:00:00,42,test,0.164,0.18006739
Merzenhausen,2025-07-31 09:00:00,42,test,0.165,0.18195915
Merzenhausen,2025-07-31 10:00:00,42,test,0.166,0.18386108
Merzenhausen,2025-07-31 11:00:00,42,test,0.166,0.18540353
Merzenhausen,2025-07-31 12:00:00,42,test,0.169,0.18677141
Merzenhausen,2025-07-31 13:00:00,42,test,0.167,0.1875165
Merzenhausen,2025-07-31 14:00:00,42,test,0.17,0.18811366
Merzenhausen,2025-07-31 15:00:00,42,test,0.167,0.18267208
Merzenhausen,2025-07-31 16:00:00,42,test,0.172,0.17485777
Merzenhausen,2025-07-31 17:00:00,42,test,0.169,0.16799435
Merzenhausen,2025-07-31 18:00:00,42,test,0.17,0.16967264
Merzenhausen,2025-07-31 19:00:00,42,test,0.17,0.17502517
Merzenhausen,2025-07-31 20:00:00,42,test,0.171,0.18359214
Merzenhausen,2025-07-31 21:00:00,42,test,0.168,0.18241823
Merzenhausen,2025-07-31 22:00:00,42,test,0.167,0.17761585
Merzenhausen,2025-07-31 23:00:00,42,test,0.169,0.17140366
Merzenhausen,2025-08-01 00:00:00,42,test,0.165,0.16529912
Merzenhausen,2025-08-01 01:00:00,42,test,0.165,0.16022292
Merzenhausen,2025-08-01 02:00:00,42,test,0.165,0.1565837
Merzenhausen,2025-08-01 03:00:00,42,test,0.166,0.15423262
Merzenhausen,2025-08-01 04:00:00,42,test,0.168,0.15311264
Merzenhausen,2025-08-01 05:00:00,42,test,0.166,0.1527699
Merzenhausen,2025-08-01 06:00:00,42,test,0.166,0.15307309
Merzenhausen,2025-08-01 07:00:00,42,test,0.167,0.15389337
Merzenhausen,2025-08-01 08:00:00,42,test,0.17,0.15503983
Merzenhausen,2025-08-01 09:00:00,42,test,0.175,0.15634444
Merzenhausen,2025-08-01 10:00:00,42,test,0.174,0.15782805
Merzenhausen,2025-08-01 11:00:00,42,test,0.177,0.15964709
Merzenhausen,2025-08-01 12:00:00,42,test,0.175,0.16292357
Merzenhausen,2025-08-01 13:00:00,42,test,0.1845,0.16707581
Merzenhausen,2025-08-01 14:00:00,42,test,0.1845,0.17156197
Merzenhausen,2025-08-01 15:00:00,42,test,0.18,0.17580254
Merzenhausen,2025-08-01 16:00:00,42,test,0.178,0.17935374
Merzenhausen,2025-08-01 17:00:00,42,test,0.2,0.18220761
Merzenhausen,2025-08-01 18:00:00,42,test,0.175,0.18403652
Merzenhausen,2025-08-01 19:00:00,42,test,0.175,0.18521312
Merzenhausen,2025-08-01 20:00:00,42,test,0.178,0.18570495
Merzenhausen,2025-08-01 21:00:00,42,test,0.175,0.18577784
Merzenhausen,2025-08-01 22:00:00,42,test,0.177,0.18521906
Merzenhausen,2025-08-01 23:00:00,42,test,0.174,0.18418582
Merzenhausen,2025-08-02 00:00:00,42,test,0.1735,0.1830729
Merzenhausen,2025-08-02 01:00:00,42,test,0.178,0.18178058
Merzenhausen,2025-08-02 02:00:00,42,test,0.195,0.18045948
Merzenhausen,2025-08-02 03:00:00,42,test,0.176,0.17922732
Merzenhausen,2025-08-02 04:00:00,42,test,0.176,0.17809182
Merzenhausen,2025-08-02 05:00:00,42,test,0.174,0.17720196
Merzenhausen,2025-08-02 06:00:00,42,test,0.1714999999999999,0.176641
Merzenhausen,2025-08-02 07:00:00,42,test,0.176,0.17656675
Merzenhausen,2025-08-02 08:00:00,42,test,0.175,0.17687534
Merzenhausen,2025-08-02 09:00:00,42,test,0.176,0.17743649
Merzenhausen,2025-08-02 10:00:00,42,test,0.177,0.17834407
Merzenhausen,2025-08-02 11:00:00,42,test,0.1775,0.18354563
Merzenhausen,2025-08-02 12:00:00,42,test,0.1795,0.1905796
Merzenhausen,2025-08-02 13:00:00,42,test,0.1795,0.19948018
Merzenhausen,2025-08-02 14:00:00,42,test,0.186,0.20731764
Merzenhausen,2025-08-02 15:00:00,42,test,0.173,0.21367185
Merzenhausen,2025-08-02 16:00:00,42,test,0.185,0.21865112
Merzenhausen,2025-08-02 17:00:00,42,test,0.183,0.22196147
Merzenhausen,2025-08-02 18:00:00,42,test,0.184,0.22393194
Merzenhausen,2025-08-02 19:00:00,42,test,0.184,0.22473603
Merzenhausen,2025-08-02 20:00:00,42,test,0.1905,0.22461207
Merzenhausen,2025-08-02 21:00:00,42,test,0.182,0.22364211
Merzenhausen,2025-08-02 22:00:00,42,test,0.18,0.2220236
Merzenhausen,2025-08-02 23:00:00,42,test,0.163,0.21514533
Merzenhausen,2025-08-03 00:00:00,42,test,0.183,0.20601961
Merzenhausen,2025-08-03 01:00:00,42,test,0.181,0.1965441
Merzenhausen,2025-08-03 02:00:00,42,test,0.184,0.18780991
Merzenhausen,2025-08-03 03:00:00,42,test,0.181,0.18037541
Merzenhausen,2025-08-03 04:00:00,42,test,0.183,0.17457819
Merzenhausen,2025-08-03 05:00:00,42,test,0.182,0.17028451
Merzenhausen,2025-08-03 06:00:00,42,test,0.179,0.16731825
Merzenhausen,2025-08-03 07:00:00,42,test,0.179,0.16552731
Merzenhausen,2025-08-03 08:00:00,42,test,0.18,0.1647532
Merzenhausen,2025-08-03 09:00:00,42,test,0.184,0.1648986
Merzenhausen,2025-08-03 10:00:00,42,test,0.181,0.16567051
Merzenhausen,2025-08-03 11:00:00,42,test,0.185,0.16709296
Merzenhausen,2025-08-03 12:00:00,42,test,0.187,0.16890994
Merzenhausen,2025-08-03 13:00:00,42,test,0.185,0.17148839
Merzenhausen,2025-08-03 14:00:00,42,test,0.186,0.17453429
Merzenhausen,2025-08-03 15:00:00,42,test,0.185,0.17733645
Merzenhausen,2025-08-03 16:00:00,42,test,0.184,0.17950642
Merzenhausen,2025-08-03 17:00:00,42,test,0.185,0.18210593
Merzenhausen,2025-08-03 18:00:00,42,test,0.183,0.18329108
Merzenhausen,2025-08-03 19:00:00,42,test,0.184,0.18345873
Merzenhausen,2025-08-03 20:00:00,42,test,0.183,0.18307397
Merzenhausen,2025-08-03 21:00:00,42,test,0.181,0.1822213
Merzenhausen,2025-08-03 22:00:00,42,test,0.18,0.18130696
Merzenhausen,2025-08-03 23:00:00,42,test,0.18,0.18078771
Merzenhausen,2025-08-04 00:00:00,42,test,0.178,0.17977515
Merzenhausen,2025-08-04 01:00:00,42,test,0.178,0.17894366
Merzenhausen,2025-08-04 02:00:00,42,test,0.177,0.18015347
Merzenhausen,2025-08-04 03:00:00,42,test,0.179,0.1810188
Merzenhausen,2025-08-04 04:00:00,42,test,0.178,0.18153274
Merzenhausen,2025-08-04 05:00:00,42,test,0.179,0.1818505
Merzenhausen,2025-08-04 06:00:00,42,test,0.179,0.18188444
Merzenhausen,2025-08-04 07:00:00,42,test,0.178,0.1819163
Merzenhausen,2025-08-04 08:00:00,42,test,0.181,0.18188804
Merzenhausen,2025-08-04 09:00:00,42,test,0.183,0.18189669
Merzenhausen,2025-08-04 10:00:00,42,test,0.183,0.18204679
Merzenhausen,2025-08-04 11:00:00,42,test,0.186,0.18251501
Merzenhausen,2025-08-04 12:00:00,42,test,0.187,0.18340987
Merzenhausen,2025-08-04 13:00:00,42,test,0.186,0.18462664
Merzenhausen,2025-08-04 14:00:00,42,test,0.186,0.18631405
Merzenhausen,2025-08-04 15:00:00,42,test,0.179,0.18720017
Merzenhausen,2025-08-04 16:00:00,42,test,0.181,0.1877039
Merzenhausen,2025-08-04 17:00:00,42,test,0.178,0.18754597
Merzenhausen,2025-08-04 18:00:00,42,test,0.175,0.18697742
Merzenhausen,2025-08-04 19:00:00,42,test,0.173,0.186113
Merzenhausen,2025-08-04 20:00:00,42,test,0.173,0.18558185
Merzenhausen,2025-08-04 21:00:00,42,test,0.168,0.18486392
Merzenhausen,2025-08-04 22:00:00,42,test,0.17,0.18409505
Merzenhausen,2025-08-04 23:00:00,42,test,0.167,0.18267602
Merzenhausen,2025-08-05 00:00:00,42,test,0.166,0.18306184
Merzenhausen,2025-08-05 01:00:00,42,test,0.166,0.18387659
Merzenhausen,2025-08-05 02:00:00,42,test,0.167,0.18569867
Merzenhausen,2025-08-05 03:00:00,42,test,0.168,0.18971622
Merzenhausen,2025-08-05 04:00:00,42,test,0.165,0.19699687
Merzenhausen,2025-08-05 05:00:00,42,test,0.166,0.20452656
Merzenhausen,2025-08-05 06:00:00,42,test,0.165,0.21094117
Merzenhausen,2025-08-05 07:00:00,42,test,0.167,0.2161905
Merzenhausen,2025-08-05 08:00:00,42,test,0.167,0.22041212
Merzenhausen,2025-08-05 09:00:00,42,test,0.17,0.22391887
Merzenhausen,2025-08-05 10:00:00,42,test,0.171,0.22667634
Merzenhausen,2025-08-05 11:00:00,42,test,0.175,0.22894593
Merzenhausen,2025-08-05 12:00:00,42,test,0.18,0.23087847
Merzenhausen,2025-08-05 13:00:00,42,test,0.18,0.23226428
Merzenhausen,2025-08-05 14:00:00,42,test,0.179,0.23310581
Merzenhausen,2025-08-05 15:00:00,42,test,0.179,0.2332943
Merzenhausen,2025-08-05 16:00:00,42,test,0.177,0.2329291
Merzenhausen,2025-08-05 17:00:00,42,test,0.17,0.23199591
Merzenhausen,2025-08-05 18:00:00,42,test,0.17,0.23067573
Merzenhausen,2025-08-05 19:00:00,42,test,0.168,0.22918093
Merzenhausen,2025-08-05 20:00:00,42,test,0.169,0.22743125
Merzenhausen,2025-08-05 21:00:00,42,test,0.168,0.22550663
Merzenhausen,2025-08-05 22:00:00,42,test,0.167,0.22343186
Merzenhausen,2025-08-05 23:00:00,42,test,0.164,0.22112615
Merzenhausen,2025-08-06 00:00:00,42,test,0.165,0.21869922
Merzenhausen,2025-08-06 01:00:00,42,test,0.166,0.21634142
Merzenhausen,2025-08-06 02:00:00,42,test,0.161,0.2141204
Merzenhausen,2025-08-06 03:00:00,42,test,0.161,0.21219741
Merzenhausen,2025-08-06 04:00:00,42,test,0.161,0.21064484
Merzenhausen,2025-08-06 05:00:00,42,test,0.162,0.20960128
Merzenhausen,2025-08-06 06:00:00,42,test,0.162,0.20918916
Merzenhausen,2025-08-06 07:00:00,42,test,0.161,0.20939955
Merzenhausen,2025-08-06 08:00:00,42,test,0.16,0.21032697
Merzenhausen,2025-08-06 09:00:00,42,test,0.163,0.21184869
Merzenhausen,2025-08-06 10:00:00,42,test,0.164,0.21373624
Merzenhausen,2025-08-06 11:00:00,42,test,0.167,0.21584211
Merzenhausen,2025-08-06 12:00:00,42,test,0.166,0.21808991
Merzenhausen,2025-08-06 13:00:00,42,test,0.166,0.22022289
Merzenhausen,2025-08-06 14:00:00,42,test,0.165,0.22209647
Merzenhausen,2025-08-06 15:00:00,42,test,0.167,0.2232228
Merzenhausen,2025-08-06 16:00:00,42,test,0.167,0.22361891
Merzenhausen,2025-08-06 17:00:00,42,test,0.166,0.22328249
Merzenhausen,2025-08-06 18:00:00,42,test,0.167,0.22212681
Merzenhausen,2025-08-06 19:00:00,42,test,0.164,0.22054024
Merzenhausen,2025-08-06 20:00:00,42,test,0.165,0.21870562
Merzenhausen,2025-08-06 21:00:00,42,test,0.162,0.21648231
Merzenhausen,2025-08-06 22:00:00,42,test,0.159,0.21408631
Merzenhausen,2025-08-06 23:00:00,42,test,0.161,0.21148986
Merzenhausen,2025-08-07 00:00:00,42,test,0.161,0.20873502
Merzenhausen,2025-08-07 01:00:00,42,test,0.158,0.20603988
Merzenhausen,2025-08-07 02:00:00,42,test,0.161,0.20365772
Merzenhausen,2025-08-07 03:00:00,42,test,0.154,0.20170672
Merzenhausen,2025-08-07 04:00:00,42,test,0.159,0.20018406
Merzenhausen,2025-08-07 05:00:00,42,test,0.1674999999999999,0.19919595
Merzenhausen,2025-08-07 06:00:00,42,test,0.156,0.19884443
Merzenhausen,2025-08-07 07:00:00,42,test,0.159,0.19923021
Merzenhausen,2025-08-07 08:00:00,42,test,0.159,0.20018011
Merzenhausen,2025-08-07 09:00:00,42,test,0.159,0.20167445
Merzenhausen,2025-08-07 10:00:00,42,test,0.166,0.20354259
Merzenhausen,2025-08-07 11:00:00,42,test,0.169,0.20567614
Merzenhausen,2025-08-07 12:00:00,42,test,0.168,0.2080715
Merzenhausen,2025-08-07 13:00:00,42,test,0.173,0.21060435
Merzenhausen,2025-08-07 14:00:00,42,test,0.168,0.21296212
Merzenhausen,2025-08-07 15:00:00,42,test,0.1505,0.21490546
Merzenhausen,2025-08-07 16:00:00,42,test,0.165,0.21619345
Merzenhausen,2025-08-07 17:00:00,42,test,0.158,0.21661481
Merzenhausen,2025-08-07 18:00:00,42,test,0.159,0.21626076
Merzenhausen,2025-08-07 19:00:00,42,test,0.155,0.21526173
Merzenhausen,2025-08-07 20:00:00,42,test,0.154,0.21383114
Merzenhausen,2025-08-07 21:00:00,42,test,0.152,0.21211065
Merzenhausen,2025-08-07 22:00:00,42,test,0.151,0.2103209
Merzenhausen,2025-08-07 23:00:00,42,test,0.149,0.20825921
Merzenhausen,2025-08-08 00:00:00,42,test,0.148,0.2062089
Merzenhausen,2025-08-08 01:00:00,42,test,0.1614999999999999,0.2043979
Merzenhausen,2025-08-08 02:00:00,42,test,0.145,0.20266452
Merzenhausen,2025-08-08 03:00:00,42,test,0.146,0.20121226
Merzenhausen,2025-08-08 04:00:00,42,test,0.145,0.20013134
Merzenhausen,2025-08-08 05:00:00,42,test,0.145,0.19948103
Merzenhausen,2025-08-08 06:00:00,42,test,0.145,0.19941603
Merzenhausen,2025-08-08 07:00:00,42,test,0.146,0.19979784
Merzenhausen,2025-08-08 08:00:00,42,test,0.147,0.20050691
Merzenhausen,2025-08-08 09:00:00,42,test,0.15,0.20153676
Merzenhausen,2025-08-08 10:00:00,42,test,0.15,0.20287322
Merzenhausen,2025-08-08 11:00:00,42,test,0.151,0.19964992
Merzenhausen,2025-08-08 12:00:00,42,test,0.154,0.19450124
Merzenhausen,2025-08-08 13:00:00,42,test,0.159,0.18865742
Merzenhausen,2025-08-08 14:00:00,42,test,0.153,0.18274933
Merzenhausen,2025-08-08 15:00:00,42,test,0.149,0.17736344
Merzenhausen,2025-08-08 16:00:00,42,test,0.149,0.17263235
Merzenhausen,2025-08-08 17:00:00,42,test,0.145,0.16868481
Merzenhausen,2025-08-08 18:00:00,42,test,0.144,0.16550303
Merzenhausen,2025-08-08 19:00:00,42,test,0.142,0.16289738
Merzenhausen,2025-08-08 20:00:00,42,test,0.139,0.16097698
Merzenhausen,2025-08-08 21:00:00,42,test,0.138,0.1594582
Merzenhausen,2025-08-08 22:00:00,42,test,0.138,0.15831394
Merzenhausen,2025-08-08 23:00:00,42,test,0.137,0.15762118
Merzenhausen,2025-08-09 00:00:00,42,test,0.131,0.15730104
Merzenhausen,2025-08-09 01:00:00,42,test,0.134,0.1571277
Merzenhausen,2025-08-09 02:00:00,42,test,0.131,0.15721229
Merzenhausen,2025-08-09 03:00:00,42,test,0.133,0.15711112
Merzenhausen,2025-08-09 04:00:00,42,test,0.132,0.15716071
Merzenhausen,2025-08-09 05:00:00,42,test,0.131,0.1577925
Merzenhausen,2025-08-09 06:00:00,42,test,0.13,0.15832116
Merzenhausen,2025-08-09 07:00:00,42,test,0.13,0.15911606
Merzenhausen,2025-08-09 08:00:00,42,test,0.13,0.1599162
Merzenhausen,2025-08-09 09:00:00,42,test,0.138,0.16071895
Merzenhausen,2025-08-09 10:00:00,42,test,0.137,0.16195527
Merzenhausen,2025-08-09 11:00:00,42,test,0.142,0.16357481
Merzenhausen,2025-08-09 12:00:00,42,test,0.142,0.16556296
Merzenhausen,2025-08-09 13:00:00,42,test,0.144,0.1681151
Merzenhausen,2025-08-09 14:00:00,42,test,0.14,0.17060739
Merzenhausen,2025-08-09 15:00:00,42,test,0.136,0.17168614
Merzenhausen,2025-08-09 16:00:00,42,test,0.133,0.1721699
Merzenhausen,2025-08-09 17:00:00,42,test,0.133,0.17150202
Merzenhausen,2025-08-09 18:00:00,42,test,0.133,0.17006806
Merzenhausen,2025-08-09 19:00:00,42,test,0.128,0.16798317
Merzenhausen,2025-08-09 20:00:00,42,test,0.127,0.16557485
Merzenhausen,2025-08-09 21:00:00,42,test,0.126,0.16303912
Merzenhausen,2025-08-09 22:00:00,42,test,0.126,0.16057749
Merzenhausen,2025-08-09 23:00:00,42,test,0.126,0.15822965
Merzenhausen,2025-08-10 00:00:00,42,test,0.126,0.15601529
Merzenhausen,2025-08-10 01:00:00,42,test,0.128,0.15483469
Merzenhausen,2025-08-10 02:00:00,42,test,0.127,0.15347195
Merzenhausen,2025-08-10 03:00:00,42,test,0.128,0.1520591
Merzenhausen,2025-08-10 04:00:00,42,test,0.126,0.15070686
Merzenhausen,2025-08-10 05:00:00,42,test,0.127,0.14939654
Merzenhausen,2025-08-10 06:00:00,42,test,0.124,0.14840227
Merzenhausen,2025-08-10 07:00:00,42,test,0.124,0.14776842
Merzenhausen,2025-08-10 08:00:00,42,test,0.127,0.1475251
Merzenhausen,2025-08-10 09:00:00,42,test,0.125,0.14769536
Merzenhausen,2025-08-10 10:00:00,42,test,0.126,0.14825071
Merzenhausen,2025-08-10 11:00:00,42,test,0.127,0.14927466
Merzenhausen,2025-08-10 12:00:00,42,test,0.128,0.15083781
Merzenhausen,2025-08-10 13:00:00,42,test,0.129,0.15308486
Merzenhausen,2025-08-10 14:00:00,42,test,0.125,0.15541632
Merzenhausen,2025-08-10 15:00:00,42,test,0.128,0.15727659
Merzenhausen,2025-08-10 16:00:00,42,test,0.126,0.15831254
Merzenhausen,2025-08-10 17:00:00,42,test,0.128,0.1581603
Merzenhausen,2025-08-10 18:00:00,42,test,0.13,0.1570373
Merzenhausen,2025-08-10 19:00:00,42,test,0.127,0.15510441
Merzenhausen,2025-08-10 20:00:00,42,test,0.125,0.15263061
Merzenhausen,2025-08-10 21:00:00,42,test,0.128,0.1498909
Merzenhausen,2025-08-10 22:00:00,42,test,0.129,0.14724708
Merzenhausen,2025-08-10 23:00:00,42,test,0.142,0.14474994
Merzenhausen,2025-08-11 00:00:00,42,test,0.128,0.14232315
Merzenhausen,2025-08-11 01:00:00,42,test,0.128,0.14017183
Merzenhausen,2025-08-11 02:00:00,42,test,0.125,0.13823557
Merzenhausen,2025-08-11 03:00:00,42,test,0.124,0.13659152
Merzenhausen,2025-08-11 04:00:00,42,test,0.12,0.13521779
Merzenhausen,2025-08-11 05:00:00,42,test,0.124,0.1340177
Merzenhausen,2025-08-11 06:00:00,42,test,0.124,0.13302183
Merzenhausen,2025-08-11 07:00:00,42,test,0.124,0.13233317
Merzenhausen,2025-08-11 08:00:00,42,test,0.126,0.13193452
Merzenhausen,2025-08-11 09:00:00,42,test,0.128,0.13225111
Merzenhausen,2025-08-11 10:00:00,42,test,0.127,0.13306506
Merzenhausen,2025-08-11 11:00:00,42,test,0.124,0.13464189
Merzenhausen,2025-08-11 12:00:00,42,test,0.125,0.13676694
Merzenhausen,2025-08-11 13:00:00,42,test,0.127,0.1395131
Merzenhausen,2025-08-11 14:00:00,42,test,0.144,0.14230394
Merzenhausen,2025-08-11 15:00:00,42,test,0.129,0.14461157
Merzenhausen,2025-08-11 16:00:00,42,test,0.129,0.14578716
Merzenhausen,2025-08-11 17:00:00,42,test,0.126,0.14584886
Merzenhausen,2025-08-11 18:00:00,42,test,0.128,0.1449799
Merzenhausen,2025-08-11 19:00:00,42,test,0.125,0.14316227
Merzenhausen,2025-08-11 20:00:00,42,test,0.126,0.14072089
Merzenhausen,2025-08-11 21:00:00,42,test,0.123,0.13805324
Merzenhausen,2025-08-11 22:00:00,42,test,0.125,0.1354428
Merzenhausen,2025-08-11 23:00:00,42,test,0.124,0.13303065
Merzenhausen,2025-08-12 00:00:00,42,test,0.124,0.1311008
Merzenhausen,2025-08-12 01:00:00,42,test,0.123,0.1296373
Merzenhausen,2025-08-12 02:00:00,42,test,0.127,0.12860726
Merzenhausen,2025-08-12 03:00:00,42,test,0.124,0.12793663
Merzenhausen,2025-08-12 04:00:00,42,test,0.121,0.12739995
Merzenhausen,2025-08-12 05:00:00,42,test,0.126,0.12707666
Merzenhausen,2025-08-12 06:00:00,42,test,0.121,0.12674448
Merzenhausen,2025-08-12 07:00:00,42,test,0.123,0.1265628
Merzenhausen,2025-08-12 08:00:00,42,test,0.121,0.12674561
Merzenhausen,2025-08-12 09:00:00,42,test,0.126,0.12702917
Merzenhausen,2025-08-12 10:00:00,42,test,0.126,0.12758726
Merzenhausen,2025-08-12 11:00:00,42,test,0.123,0.12856264
Merzenhausen,2025-08-12 12:00:00,42,test,0.124,0.12992066
Merzenhausen,2025-08-12 13:00:00,42,test,0.121,0.13167816
Merzenhausen,2025-08-12 14:00:00,42,test,0.125,0.13350572
Merzenhausen,2025-08-12 15:00:00,42,test,0.122,0.13524473
Merzenhausen,2025-08-12 16:00:00,42,test,0.126,0.13638975
Merzenhausen,2025-08-12 17:00:00,42,test,0.128,0.13694333
Merzenhausen,2025-08-12 18:00:00,42,test,0.124,0.13687709
Merzenhausen,2025-08-12 19:00:00,42,test,0.125,0.13605657
Merzenhausen,2025-08-12 20:00:00,42,test,0.127,0.13460684
Merzenhausen,2025-08-12 21:00:00,42,test,0.124,0.13296348
Merzenhausen,2025-08-12 22:00:00,42,test,0.121,0.13148329
Merzenhausen,2025-08-12 23:00:00,42,test,0.125,0.13121736
Merzenhausen,2025-08-13 00:00:00,42,test,0.124,0.13117063
Merzenhausen,2025-08-13 01:00:00,42,test,0.124,0.13139288
Merzenhausen,2025-08-13 02:00:00,42,test,0.123,0.13165192
Merzenhausen,2025-08-13 03:00:00,42,test,0.123,0.13201743
Merzenhausen,2025-08-13 04:00:00,42,test,0.12,0.13232273
Merzenhausen,2025-08-13 05:00:00,42,test,0.119,0.13279328
Merzenhausen,2025-08-13 06:00:00,42,test,0.123,0.133356
Merzenhausen,2025-08-13 07:00:00,42,test,0.119,0.13404927
Merzenhausen,2025-08-13 08:00:00,42,test,0.119,0.13483065
Merzenhausen,2025-08-13 09:00:00,42,test,0.123,0.1358259
Merzenhausen,2025-08-13 10:00:00,42,test,0.12,0.1369482
Merzenhausen,2025-08-13 11:00:00,42,test,0.123,0.13816538
Merzenhausen,2025-08-13 12:00:00,42,test,0.124,0.13944104
Merzenhausen,2025-08-13 13:00:00,42,test,0.121,0.14093629
Merzenhausen,2025-08-13 14:00:00,42,test,0.123,0.14333424
Merzenhausen,2025-08-13 15:00:00,42,test,0.124,0.14514342
Merzenhausen,2025-08-13 16:00:00,42,test,0.124,0.14601636
Merzenhausen,2025-08-13 17:00:00,42,test,0.123,0.14568058
Merzenhausen,2025-08-13 18:00:00,42,test,0.123,0.14435954
Merzenhausen,2025-08-13 19:00:00,42,test,0.124,0.14213431
Merzenhausen,2025-08-13 20:00:00,42,test,0.123,0.1394586
Merzenhausen,2025-08-13 21:00:00,42,test,0.125,0.13656574
Merzenhausen,2025-08-13 22:00:00,42,test,0.12,0.13393918
Merzenhausen,2025-08-13 23:00:00,42,test,0.121,0.13178843
Merzenhausen,2025-08-14 00:00:00,42,test,0.12,0.13025253
Merzenhausen,2025-08-14 01:00:00,42,test,0.12,0.12936923
Merzenhausen,2025-08-14 02:00:00,42,test,0.119,0.1292518
Merzenhausen,2025-08-14 03:00:00,42,test,0.121,0.12951282
Merzenhausen,2025-08-14 04:00:00,42,test,0.116,0.12986799
Merzenhausen,2025-08-14 05:00:00,42,test,0.118,0.13054559
Merzenhausen,2025-08-14 06:00:00,42,test,0.118,0.13121116
Merzenhausen,2025-08-14 07:00:00,42,test,0.12,0.13192064
Merzenhausen,2025-08-14 08:00:00,42,test,0.12,0.13257748
Merzenhausen,2025-08-14 09:00:00,42,test,0.12,0.13348615
Merzenhausen,2025-08-14 10:00:00,42,test,0.12,0.13459946
Merzenhausen,2025-08-14 11:00:00,42,test,0.118,0.13568972
Merzenhausen,2025-08-14 12:00:00,42,test,0.12,0.13682379
Merzenhausen,2025-08-14 13:00:00,42,test,0.115,0.13774395
Merzenhausen,2025-08-14 14:00:00,42,test,0.12,0.13852471
Merzenhausen,2025-08-14 15:00:00,42,test,0.122,0.13880135
Merzenhausen,2025-08-14 16:00:00,42,test,0.12,0.1387657
Merzenhausen,2025-08-14 17:00:00,42,test,0.118,0.13827863
Merzenhausen,2025-08-14 18:00:00,42,test,0.122,0.13717641
Merzenhausen,2025-08-14 19:00:00,42,test,0.12,0.13568977
Merzenhausen,2025-08-14 20:00:00,42,test,0.118,0.13406804
Merzenhausen,2025-08-14 21:00:00,42,test,0.119,0.13235143
Merzenhausen,2025-08-14 22:00:00,42,test,0.121,0.13063505
Merzenhausen,2025-08-14 23:00:00,42,test,0.118,0.129376
Merzenhausen,2025-08-15 00:00:00,42,test,0.116,0.128597
Merzenhausen,2025-08-15 01:00:00,42,test,0.12,0.12827459
Merzenhausen,2025-08-15 02:00:00,42,test,0.115,0.12825158
Merzenhausen,2025-08-15 03:00:00,42,test,0.119,0.12847069
Merzenhausen,2025-08-15 04:00:00,42,test,0.118,0.1286476
Merzenhausen,2025-08-15 05:00:00,42,test,0.12,0.12868795
Merzenhausen,2025-08-15 06:00:00,42,test,0.117,0.12882507
Merzenhausen,2025-08-15 07:00:00,42,test,0.119,0.1287953
Merzenhausen,2025-08-15 08:00:00,42,test,0.111,0.1287854
Merzenhausen,2025-08-15 09:00:00,42,test,0.118,0.12906578
Merzenhausen,2025-08-15 10:00:00,42,test,0.114,0.12945634
Merzenhausen,2025-08-15 11:00:00,42,test,0.115,0.13027911
Merzenhausen,2025-08-15 12:00:00,42,test,0.117,0.13143378
Merzenhausen,2025-08-15 13:00:00,42,test,0.12,0.13274506
Merzenhausen,2025-08-15 14:00:00,42,test,0.118,0.13413128
Merzenhausen,2025-08-15 15:00:00,42,test,0.121,0.13532993
Merzenhausen,2025-08-15 16:00:00,42,test,0.121,0.13598284
Merzenhausen,2025-08-15 17:00:00,42,test,0.116,0.13581641
Merzenhausen,2025-08-15 18:00:00,42,test,0.118,0.13485374
Merzenhausen,2025-08-15 19:00:00,42,test,0.114,0.13340488
Merzenhausen,2025-08-15 20:00:00,42,test,0.118,0.1316402
Merzenhausen,2025-08-15 21:00:00,42,test,0.119,0.13000101
Merzenhausen,2025-08-15 22:00:00,42,test,0.119,0.12830864
Merzenhausen,2025-08-15 23:00:00,42,test,0.116,0.12698883
Merzenhausen,2025-08-16 00:00:00,42,test,0.118,0.12598297
Merzenhausen,2025-08-16 01:00:00,42,test,0.12,0.12526727
Merzenhausen,2025-08-16 02:00:00,42,test,0.118,0.12485908
Merzenhausen,2025-08-16 03:00:00,42,test,0.133,0.124831736
Merzenhausen,2025-08-16 04:00:00,42,test,0.117,0.124751255
Merzenhausen,2025-08-16 05:00:00,42,test,0.1045,0.12480164
Merzenhausen,2025-08-16 06:00:00,42,test,0.118,0.12489782
Merzenhausen,2025-08-16 07:00:00,42,test,0.116,0.12506974
Merzenhausen,2025-08-16 08:00:00,42,test,0.114,0.12519746
Merzenhausen,2025-08-16 09:00:00,42,test,0.112,0.12528268
Merzenhausen,2025-08-16 10:00:00,42,test,0.118,0.12538403
Merzenhausen,2025-08-16 11:00:00,42,test,0.1225,0.12540363
Merzenhausen,2025-08-16 12:00:00,42,test,0.118,0.12556201
Merzenhausen,2025-08-16 13:00:00,42,test,0.1395,0.12558755
Merzenhausen,2025-08-16 14:00:00,42,test,0.119,0.12573557
Merzenhausen,2025-08-16 15:00:00,42,test,0.122,0.12607816
Merzenhausen,2025-08-16 16:00:00,42,test,0.123,0.12632735
Merzenhausen,2025-08-16 17:00:00,42,test,0.104,0.1262381
Merzenhausen,2025-08-16 18:00:00,42,test,0.116,0.12601805
Merzenhausen,2025-08-16 19:00:00,42,test,0.1215,0.12549165
Merzenhausen,2025-08-16 20:00:00,42,test,0.118,0.12455881
Merzenhausen,2025-08-16 21:00:00,42,test,0.116,0.12349111
Merzenhausen,2025-08-16 22:00:00,42,test,0.117,0.12253063
Merzenhausen,2025-08-16 23:00:00,42,test,0.118,0.12162017
Merzenhausen,2025-08-17 00:00:00,42,test,0.12,0.120738246
Merzenhausen,2025-08-17 01:00:00,42,test,0.113,0.12015367
Merzenhausen,2025-08-17 02:00:00,42,test,0.114,0.119553424
Merzenhausen,2025-08-17 03:00:00,42,test,0.116,0.119118616
Merzenhausen,2025-08-17 04:00:00,42,test,0.115,0.118671775
Merzenhausen,2025-08-17 05:00:00,42,test,0.119,0.11831504
Merzenhausen,2025-08-17 06:00:00,42,test,0.118,0.1177896
Merzenhausen,2025-08-17 07:00:00,42,test,0.112,0.117310405
Merzenhausen,2025-08-17 08:00:00,42,test,0.11,0.11652983
Merzenhausen,2025-08-17 09:00:00,42,test,0.115,0.11617195
Merzenhausen,2025-08-17 10:00:00,42,test,0.116,0.11594982
Merzenhausen,2025-08-17 11:00:00,42,test,0.117,0.116117984
Merzenhausen,2025-08-17 12:00:00,42,test,0.119,0.11674215
Merzenhausen,2025-08-17 13:00:00,42,test,0.118,0.11802847
Merzenhausen,2025-08-17 14:00:00,42,test,0.118,0.11949202
Merzenhausen,2025-08-17 15:00:00,42,test,0.121,0.12102608
Merzenhausen,2025-08-17 16:00:00,42,test,0.121,0.12244846
Merzenhausen,2025-08-17 17:00:00,42,test,0.119,0.12317546
Merzenhausen,2025-08-17 18:00:00,42,test,0.118,0.12338544
Merzenhausen,2025-08-17 19:00:00,42,test,0.119,0.12290643
Merzenhausen,2025-08-17 20:00:00,42,test,0.114,0.122194275
Merzenhausen,2025-08-17 21:00:00,42,test,0.115,0.1212697
Merzenhausen,2025-08-17 22:00:00,42,test,0.117,0.120365515
Merzenhausen,2025-08-17 23:00:00,42,test,0.117,0.11941289
Merzenhausen,2025-08-18 00:00:00,42,test,0.118,0.118745595
Merzenhausen,2025-08-18 01:00:00,42,test,0.115,0.11843109
Merzenhausen,2025-08-18 02:00:00,42,test,0.113,0.11823863
Merzenhausen,2025-08-18 03:00:00,42,test,0.114,0.11901728
Merzenhausen,2025-08-18 04:00:00,42,test,0.114,0.11960071
Merzenhausen,2025-08-18 05:00:00,42,test,0.118,0.119363
Merzenhausen,2025-08-18 06:00:00,42,test,0.115,0.119190864
Merzenhausen,2025-08-18 07:00:00,42,test,0.115,0.119073845
Merzenhausen,2025-08-18 08:00:00,42,test,0.113,0.11886914
Merzenhausen,2025-08-18 09:00:00,42,test,0.113,0.11866541
Merzenhausen,2025-08-18 10:00:00,42,test,0.115,0.11892276
Merzenhausen,2025-08-18 11:00:00,42,test,0.116,0.1197896
Merzenhausen,2025-08-18 12:00:00,42,test,0.115,0.12101921
Merzenhausen,2025-08-18 13:00:00,42,test,0.114,0.12376857
Merzenhausen,2025-08-18 14:00:00,42,test,0.118,0.12628867
Merzenhausen,2025-08-18 15:00:00,42,test,0.117,0.12854704
Merzenhausen,2025-08-18 16:00:00,42,test,0.117,0.13022855
Merzenhausen,2025-08-18 17:00:00,42,test,0.119,0.12986201
Merzenhausen,2025-08-18 18:00:00,42,test,0.12,0.12873012
Merzenhausen,2025-08-18 19:00:00,42,test,0.115,0.12728989
Merzenhausen,2025-08-18 20:00:00,42,test,0.117,0.12546109
Merzenhausen,2025-08-18 21:00:00,42,test,0.116,0.12347473
Merzenhausen,2025-08-18 22:00:00,42,test,0.113,0.12182594
Merzenhausen,2025-08-18 23:00:00,42,test,0.114,0.12053329
Merzenhausen,2025-08-19 00:00:00,42,test,0.116,0.11978312
Merzenhausen,2025-08-19 01:00:00,42,test,0.115,0.11896107
Merzenhausen,2025-08-19 02:00:00,42,test,0.116,0.11820732
Merzenhausen,2025-08-19 03:00:00,42,test,0.112,0.11761139
Merzenhausen,2025-08-19 04:00:00,42,test,0.113,0.11701097
Merzenhausen,2025-08-19 05:00:00,42,test,0.113,0.11655525
Merzenhausen,2025-08-19 06:00:00,42,test,0.108,0.11604597
Merzenhausen,2025-08-19 07:00:00,42,test,0.11,0.11533717
Merzenhausen,2025-08-19 08:00:00,42,test,0.114,0.114643626
Merzenhausen,2025-08-19 09:00:00,42,test,0.113,0.11440872
Merzenhausen,2025-08-19 10:00:00,42,test,0.116,0.114649475
Merzenhausen,2025-08-19 11:00:00,42,test,0.115,0.115492105
Merzenhausen,2025-08-19 12:00:00,42,test,0.115,0.11703863
Merzenhausen,2025-08-19 13:00:00,42,test,0.116,0.11903314
Merzenhausen,2025-08-19 14:00:00,42,test,0.117,0.12133765
Merzenhausen,2025-08-19 15:00:00,42,test,0.122,0.12367334
Merzenhausen,2025-08-19 16:00:00,42,test,0.117,0.12546502
Merzenhausen,2025-08-19 17:00:00,42,test,0.117,0.12642115
Merzenhausen,2025-08-19 18:00:00,42,test,0.116,0.1264668
Merzenhausen,2025-08-19 19:00:00,42,test,0.116,0.1258232
Merzenhausen,2025-08-19 20:00:00,42,test,0.11,0.12444364
Merzenhausen,2025-08-19 21:00:00,42,test,0.116,0.12287767
Merzenhausen,2025-08-19 22:00:00,42,test,0.113,0.12137603
Merzenhausen,2025-08-19 23:00:00,42,test,0.115,0.120221294
Merzenhausen,2025-08-20 00:00:00,42,test,0.114,0.11956135
Merzenhausen,2025-08-20 01:00:00,42,test,0.115,0.11910297
Merzenhausen,2025-08-20 02:00:00,42,test,0.113,0.118796736
Merzenhausen,2025-08-20 03:00:00,42,test,0.112,0.118627794
Merzenhausen,2025-08-20 04:00:00,42,test,0.114,0.11855837
Merzenhausen,2025-08-20 05:00:00,42,test,0.111,0.11863901
Merzenhausen,2025-08-20 06:00:00,42,test,0.107,0.118671246
Merzenhausen,2025-08-20 07:00:00,42,test,0.113,0.11857659
Merzenhausen,2025-08-20 08:00:00,42,test,0.113,0.118230894
Merzenhausen,2025-08-20 09:00:00,42,test,0.111,0.117853776
Merzenhausen,2025-08-20 10:00:00,42,test,0.109,0.11764925
Merzenhausen,2025-08-20 11:00:00,42,test,0.112,0.11781818
Merzenhausen,2025-08-20 12:00:00,42,test,0.108,0.1183608
Merzenhausen,2025-08-20 13:00:00,42,test,0.111,0.11933326
Merzenhausen,2025-08-20 14:00:00,42,test,0.115,0.120747946
Merzenhausen,2025-08-20 15:00:00,42,test,0.116,0.122149415
Merzenhausen,2025-08-20 16:00:00,42,test,0.114,0.12309851
Merzenhausen,2025-08-20 17:00:00,42,test,0.112,0.12350469
Merzenhausen,2025-08-20 18:00:00,42,test,0.114,0.12341449
Merzenhausen,2025-08-20 19:00:00,42,test,0.111,0.1226226
Merzenhausen,2025-08-20 20:00:00,42,test,0.111,0.12160602
Merzenhausen,2025-08-20 21:00:00,42,test,0.108,0.12038777
Merzenhausen,2025-08-20 22:00:00,42,test,0.112,0.11918776
Merzenhausen,2025-08-20 23:00:00,42,test,0.116,0.11803866
Merzenhausen,2025-08-21 00:00:00,42,test,0.111,0.11715804
Merzenhausen,2025-08-21 01:00:00,42,test,0.109,0.11643899
Merzenhausen,2025-08-21 02:00:00,42,test,0.113,0.11597788
Merzenhausen,2025-08-21 03:00:00,42,test,0.11,0.11551853
Merzenhausen,2025-08-21 04:00:00,42,test,0.112,0.115107074
Merzenhausen,2025-08-21 05:00:00,42,test,0.108,0.11465939
Merzenhausen,2025-08-21 06:00:00,42,test,0.11,0.11391998
Merzenhausen,2025-08-21 07:00:00,42,test,0.11,0.113175176
Merzenhausen,2025-08-21 08:00:00,42,test,0.11,0.11264707
Merzenhausen,2025-08-21 09:00:00,42,test,0.11,0.11227303
Merzenhausen,2025-08-21 10:00:00,42,test,0.112,0.11238637
Merzenhausen,2025-08-21 11:00:00,42,test,0.113,0.11298914
Merzenhausen,2025-08-21 12:00:00,42,test,0.111,0.114097685
Merzenhausen,2025-08-21 13:00:00,42,test,0.107,0.11559175
Merzenhausen,2025-09-05 15:00:00,42,test,0.164,0.15904489
Merzenhausen,2025-09-05 16:00:00,42,test,0.16,0.16063797
Merzenhausen,2025-09-05 17:00:00,42,test,0.162,0.16167435
Merzenhausen,2025-09-05 18:00:00,42,test,0.1475,0.16203818
Merzenhausen,2025-09-05 19:00:00,42,test,0.161,0.16171695
Merzenhausen,2025-09-05 20:00:00,42,test,0.159,0.16089605
Merzenhausen,2025-09-05 21:00:00,42,test,0.16,0.15979864
Merzenhausen,2025-09-05 22:00:00,42,test,0.16,0.15860717
Merzenhausen,2025-09-05 23:00:00,42,test,0.161,0.15729809
Merzenhausen,2025-09-06 00:00:00,42,test,0.162,0.15606077
Merzenhausen,2025-09-06 01:00:00,42,test,0.16,0.15515985
Merzenhausen,2025-09-06 02:00:00,42,test,0.157,0.15436032
Merzenhausen,2025-09-06 03:00:00,42,test,0.159,0.15360796
Merzenhausen,2025-09-06 04:00:00,42,test,0.159,0.15290147
Merzenhausen,2025-09-06 05:00:00,42,test,0.156,0.15226184
Merzenhausen,2025-09-06 06:00:00,42,test,0.156,0.15159059
Merzenhausen,2025-09-06 07:00:00,42,test,0.156,0.15111865
Merzenhausen,2025-09-06 08:00:00,42,test,0.156,0.15081096
Merzenhausen,2025-09-06 09:00:00,42,test,0.155,0.15017408
Merzenhausen,2025-09-06 10:00:00,42,test,0.157,0.14995229
Merzenhausen,2025-09-06 11:00:00,42,test,0.158,0.15035091
Merzenhausen,2025-09-06 12:00:00,42,test,0.161,0.15100852
Merzenhausen,2025-09-06 13:00:00,42,test,0.159,0.15240279
Merzenhausen,2025-09-06 14:00:00,42,test,0.162,0.15437424
Merzenhausen,2025-09-06 15:00:00,42,test,0.162,0.15598482
Merzenhausen,2025-09-06 16:00:00,42,test,0.162,0.15754166
Merzenhausen,2025-09-06 17:00:00,42,test,0.163,0.15869114
Merzenhausen,2025-09-06 18:00:00,42,test,0.159,0.15926951
Merzenhausen,2025-09-06 19:00:00,42,test,0.16,0.15867886
Merzenhausen,2025-09-06 20:00:00,42,test,0.164,0.15800852
Merzenhausen,2025-09-06 21:00:00,42,test,0.161,0.1572856
Merzenhausen,2025-09-06 22:00:00,42,test,0.163,0.15647377
Merzenhausen,2025-09-06 23:00:00,42,test,0.162,0.15578434
Merzenhausen,2025-09-07 00:00:00,42,test,0.162,0.15519631
Merzenhausen,2025-09-07 01:00:00,42,test,0.161,0.15463378
Merzenhausen,2025-09-07 02:00:00,42,test,0.266,0.15431538
Merzenhausen,2025-09-07 03:00:00,42,test,0.359,0.15409821
Merzenhausen,2025-09-07 04:00:00,42,test,0.36,0.15404531
Merzenhausen,2025-09-07 05:00:00,42,test,0.36,0.15392587
Merzenhausen,2025-09-07 06:00:00,42,test,0.365,0.15380001
Merzenhausen,2025-09-07 07:00:00,42,test,0.371,0.15363736
Merzenhausen,2025-09-07 08:00:00,42,test,0.368,0.15352342
Merzenhausen,2025-09-07 09:00:00,42,test,0.358,0.15351567
Merzenhausen,2025-09-07 10:00:00,42,test,0.348,0.15394048
Merzenhausen,2025-09-07 11:00:00,42,test,0.344,0.15471782
Merzenhausen,2025-09-07 12:00:00,42,test,0.336,0.15580045
Merzenhausen,2025-09-07 13:00:00,42,test,0.331,0.1568828
Merzenhausen,2025-09-16 23:00:00,42,test,0.258,0.25791717
Merzenhausen,2025-09-17 00:00:00,42,test,0.258,0.25709194
Merzenhausen,2025-09-17 01:00:00,42,test,0.258,0.25638106
Merzenhausen,2025-09-17 02:00:00,42,test,0.258,0.25557604
Merzenhausen,2025-09-17 03:00:00,42,test,0.255,0.25477913
Merzenhausen,2025-09-17 04:00:00,42,test,0.258,0.2540318
Merzenhausen,2025-09-17 05:00:00,42,test,0.258,0.2534259
Merzenhausen,2025-09-17 06:00:00,42,test,0.258,0.25306672
Merzenhausen,2025-09-17 07:00:00,42,test,0.258,0.2530176
Merzenhausen,2025-09-17 08:00:00,42,test,0.257,0.2533557
Merzenhausen,2025-09-17 09:00:00,42,test,0.26,0.25394452
Merzenhausen,2025-09-17 10:00:00,42,test,0.259,0.25484517
Merzenhausen,2025-09-17 11:00:00,42,test,0.258,0.2559956
Merzenhausen,2025-09-17 12:00:00,42,test,0.258,0.25723386
Merzenhausen,2025-09-17 13:00:00,42,test,0.261,0.25825897
Merzenhausen,2025-09-17 14:00:00,42,test,0.257,0.2589194
Merzenhausen,2025-09-17 15:00:00,42,test,0.256,0.2590714
Merzenhausen,2025-09-17 16:00:00,42,test,0.251,0.25867096
Merzenhausen,2025-09-17 17:00:00,42,test,0.251,0.2578481
Merzenhausen,2025-09-17 18:00:00,42,test,0.251,0.2567962
Merzenhausen,2025-09-17 19:00:00,42,test,0.252,0.25569907
Merzenhausen,2025-09-17 20:00:00,42,test,0.252,0.2546211
Merzenhausen,2025-09-17 21:00:00,42,test,0.253,0.25375688
Merzenhausen,2025-09-17 22:00:00,42,test,0.25,0.25316113
Merzenhausen,2025-09-17 23:00:00,42,test,0.248,0.2528796
Merzenhausen,2025-09-18 00:00:00,42,test,0.248,0.25291324
Merzenhausen,2025-09-18 01:00:00,42,test,0.25,0.25298318
Merzenhausen,2025-09-18 02:00:00,42,test,0.251,0.2530886
Merzenhausen,2025-09-18 03:00:00,42,test,0.252,0.2533232
Merzenhausen,2025-09-18 04:00:00,42,test,0.249,0.25347438
Merzenhausen,2025-09-18 05:00:00,42,test,0.249,0.25372246
Merzenhausen,2025-09-18 06:00:00,42,test,0.25,0.254078
Merzenhausen,2025-09-18 07:00:00,42,test,0.247,0.25443864
Merzenhausen,2025-09-18 08:00:00,42,test,0.247,0.2548952
Merzenhausen,2025-09-18 09:00:00,42,test,0.247,0.25556117
Merzenhausen,2025-09-18 10:00:00,42,test,0.25,0.25633085
Merzenhausen,2025-09-18 11:00:00,42,test,0.248,0.2571245
Merzenhausen,2025-09-18 12:00:00,42,test,0.249,0.25797105
Merzenhausen,2025-09-18 13:00:00,42,test,0.247,0.2586944
Merzenhausen,2025-09-18 14:00:00,42,test,0.247,0.25915244
Merzenhausen,2025-09-18 15:00:00,42,test,0.245,0.259409
Merzenhausen,2025-09-18 16:00:00,42,test,0.247,0.25932917
Merzenhausen,2025-09-18 17:00:00,42,test,0.245,0.2589263
Merzenhausen,2025-09-18 18:00:00,42,test,0.246,0.25841546
Merzenhausen,2025-09-18 19:00:00,42,test,0.246,0.2577641
Merzenhausen,2025-09-18 20:00:00,42,test,0.245,0.257115
Merzenhausen,2025-09-18 21:00:00,42,test,0.246,0.25640067
Merzenhausen,2025-09-18 22:00:00,42,test,0.247,0.25583375
Merzenhausen,2025-09-18 23:00:00,42,test,0.244,0.2553096
Merzenhausen,2025-09-19 00:00:00,42,test,0.243,0.25484306
Merzenhausen,2025-09-19 01:00:00,42,test,0.254,0.25437856
Merzenhausen,2025-09-19 02:00:00,42,test,0.261,0.25381806
Merzenhausen,2025-09-19 03:00:00,42,test,0.266,0.25301707
Merzenhausen,2025-09-19 04:00:00,42,test,0.266,0.25218564
Merzenhausen,2025-09-19 05:00:00,42,test,0.265,0.251385
Merzenhausen,2025-09-19 06:00:00,42,test,0.263,0.25071552
Merzenhausen,2025-09-19 07:00:00,42,test,0.264,0.25037056
Merzenhausen,2025-09-19 08:00:00,42,test,0.264,0.25037363
Merzenhausen,2025-09-19 09:00:00,42,test,0.26,0.2507074
Merzenhausen,2025-09-19 10:00:00,42,test,0.26,0.2512095
Merzenhausen,2025-09-19 11:00:00,42,test,0.261,0.2517272
Merzenhausen,2025-09-19 12:00:00,42,test,0.26,0.2522162
Merzenhausen,2025-09-19 13:00:00,42,test,0.258,0.252776
Merzenhausen,2025-09-19 14:00:00,42,test,0.258,0.25306588
Merzenhausen,2025-09-19 15:00:00,42,test,0.257,0.25305146
Merzenhausen,2025-09-19 16:00:00,42,test,0.256,0.25262797
Merzenhausen,2025-09-19 17:00:00,42,test,0.255,0.2521808
Merzenhausen,2025-09-19 18:00:00,42,test,0.255,0.2518645
Merzenhausen,2025-09-19 19:00:00,42,test,0.253,0.25170732
Merzenhausen,2025-09-19 20:00:00,42,test,0.252,0.25160018
Merzenhausen,2025-09-19 21:00:00,42,test,0.254,0.251646
Merzenhausen,2025-09-19 22:00:00,42,test,0.252,0.25153792
Merzenhausen,2025-09-19 23:00:00,42,test,0.254,0.2512164
Merzenhausen,2025-09-20 00:00:00,42,test,0.253,0.250753
Merzenhausen,2025-09-20 01:00:00,42,test,0.252,0.25019014
Merzenhausen,2025-09-20 02:00:00,42,test,0.269,0.2494725
Merzenhausen,2025-09-20 03:00:00,42,test,0.249,0.24865241
Merzenhausen,2025-09-20 04:00:00,42,test,0.269,0.24769032
Merzenhausen,2025-09-20 05:00:00,42,test,0.25,0.2467289
Merzenhausen,2025-09-20 06:00:00,42,test,0.249,0.24592686
Merzenhausen,2025-09-20 07:00:00,42,test,0.249,0.245238
Merzenhausen,2025-09-20 08:00:00,42,test,0.252,0.24476635
Merzenhausen,2025-09-20 09:00:00,42,test,0.251,0.24442065
Merzenhausen,2025-09-20 10:00:00,42,test,0.251,0.244366
Merzenhausen,2025-09-20 11:00:00,42,test,0.25,0.24432679
Merzenhausen,2025-09-20 12:00:00,42,test,0.25,0.24459125
Merzenhausen,2025-09-20 13:00:00,42,test,0.251,0.24510801
Merzenhausen,2025-09-20 14:00:00,42,test,0.248,0.24566582
Merzenhausen,2025-09-20 15:00:00,42,test,0.246,0.24606754
Merzenhausen,2025-09-20 16:00:00,42,test,0.249,0.24636081
Merzenhausen,2025-09-20 17:00:00,42,test,0.247,0.24626872
Merzenhausen,2025-09-20 18:00:00,42,test,0.244,0.24602893
Merzenhausen,2025-09-20 19:00:00,42,test,0.245,0.24549505
Merzenhausen,2025-09-20 20:00:00,42,test,0.246,0.24498014
Merzenhausen,2025-09-20 21:00:00,42,test,0.244,0.24455836
Merzenhausen,2025-09-20 22:00:00,42,test,0.243,0.24444392
Merzenhausen,2025-09-20 23:00:00,42,test,0.243,0.24447186
Merzenhausen,2025-09-21 00:00:00,42,test,0.244,0.24480438
Merzenhausen,2025-09-21 01:00:00,42,test,0.241,0.24792303
Merzenhausen,2025-09-21 02:00:00,42,test,0.243,0.25092822
Merzenhausen,2025-09-21 03:00:00,42,test,0.244,0.25344682
Merzenhausen,2025-09-21 04:00:00,42,test,0.241,0.25538895
Merzenhausen,2025-09-21 05:00:00,42,test,0.242,0.25679207
Merzenhausen,2025-09-21 06:00:00,42,test,0.242,0.2576924
Merzenhausen,2025-09-21 07:00:00,42,test,0.239,0.25832117
Merzenhausen,2025-09-21 08:00:00,42,test,0.241,0.25891998
Merzenhausen,2025-09-21 09:00:00,42,test,0.243,0.2593003
Merzenhausen,2025-09-21 10:00:00,42,test,0.242,0.2595828
Merzenhausen,2025-09-21 11:00:00,42,test,0.242,0.25988132
Merzenhausen,2025-09-21 12:00:00,42,test,0.243,0.2601374
Merzenhausen,2025-09-21 13:00:00,42,test,0.241,0.2602119
Merzenhausen,2025-09-21 14:00:00,42,test,0.242,0.25997692
Merzenhausen,2025-09-21 15:00:00,42,test,0.241,0.25927183
Merzenhausen,2025-09-21 16:00:00,42,test,0.242,0.25816682
Merzenhausen,2025-09-21 17:00:00,42,test,0.24,0.25663128
Merzenhausen,2025-09-21 18:00:00,42,test,0.241,0.25483525
Merzenhausen,2025-09-21 19:00:00,42,test,0.242,0.25289214
Merzenhausen,2025-09-21 20:00:00,42,test,0.24,0.25092027
Merzenhausen,2025-09-21 21:00:00,42,test,0.239,0.2491431
Merzenhausen,2025-09-21 22:00:00,42,test,0.24,0.24742895
Merzenhausen,2025-09-21 23:00:00,42,test,0.238,0.24590613
Merzenhausen,2025-09-22 00:00:00,42,test,0.238,0.24443461
Merzenhausen,2025-09-22 01:00:00,42,test,0.241,0.24285668
Merzenhausen,2025-09-22 02:00:00,42,test,0.238,0.24191448
Merzenhausen,2025-09-22 03:00:00,42,test,0.237,0.24058461
Merzenhausen,2025-09-22 04:00:00,42,test,0.239,0.23992005
Merzenhausen,2025-09-22 05:00:00,42,test,0.24,0.23899904
Merzenhausen,2025-09-22 06:00:00,42,test,0.237,0.238017
Merzenhausen,2025-09-22 07:00:00,42,test,0.237,0.23719263
Merzenhausen,2025-09-22 08:00:00,42,test,0.24,0.23684515
Merzenhausen,2025-09-22 09:00:00,42,test,0.237,0.23700427
Merzenhausen,2025-09-22 10:00:00,42,test,0.237,0.2376518
Merzenhausen,2025-09-22 11:00:00,42,test,0.237,0.2386674
Merzenhausen,2025-09-22 12:00:00,42,test,0.238,0.23991892
Merzenhausen,2025-09-22 13:00:00,42,test,0.237,0.24126372
Merzenhausen,2025-09-22 14:00:00,42,test,0.237,0.24233079
Merzenhausen,2025-09-22 15:00:00,42,test,0.237,0.24289441
Merzenhausen,2025-09-22 16:00:00,42,test,0.237,0.24313971
Merzenhausen,2025-09-22 17:00:00,42,test,0.237,0.2429179
Merzenhausen,2025-09-22 18:00:00,42,test,0.238,0.24225888
Merzenhausen,2025-09-22 19:00:00,42,test,0.238,0.24133252
Merzenhausen,2025-09-22 20:00:00,42,test,0.235,0.24034281
Merzenhausen,2025-09-22 21:00:00,42,test,0.236,0.23930517
Merzenhausen,2025-09-22 22:00:00,42,test,0.236,0.2381865
Merzenhausen,2025-09-22 23:00:00,42,test,0.238,0.23695943
Merzenhausen,2025-09-23 00:00:00,42,test,0.238,0.23573478
Merzenhausen,2025-09-23 01:00:00,42,test,0.233,0.23432843
Merzenhausen,2025-09-23 02:00:00,42,test,0.235,0.2329016
Merzenhausen,2025-09-23 03:00:00,42,test,0.236,0.23161042
Merzenhausen,2025-09-23 04:00:00,42,test,0.232,0.23036675
Merzenhausen,2025-09-23 05:00:00,42,test,0.234,0.2293119
Merzenhausen,2025-09-23 06:00:00,42,test,0.234,0.22854066
Merzenhausen,2025-09-23 07:00:00,42,test,0.236,0.22806272
Merzenhausen,2025-09-23 08:00:00,42,test,0.237,0.22809461
Merzenhausen,2025-09-23 09:00:00,42,test,0.237,0.22872879
Merzenhausen,2025-09-23 10:00:00,42,test,0.234,0.22983453
Merzenhausen,2025-09-23 11:00:00,42,test,0.234,0.23129015
Merzenhausen,2025-09-23 12:00:00,42,test,0.233,0.23301172
Merzenhausen,2025-09-23 13:00:00,42,test,0.234,0.23454049
Merzenhausen,2025-09-23 14:00:00,42,test,0.234,0.23589846
Merzenhausen,2025-09-23 15:00:00,42,test,0.235,0.23692173
Merzenhausen,2025-09-23 16:00:00,42,test,0.234,0.23749039
Merzenhausen,2025-09-23 17:00:00,42,test,0.232,0.23753151
Merzenhausen,2025-09-23 18:00:00,42,test,0.232,0.23726639
Merzenhausen,2025-09-23 19:00:00,42,test,0.235,0.23681353
Merzenhausen,2025-09-23 20:00:00,42,test,0.234,0.23615232
Merzenhausen,2025-09-23 21:00:00,42,test,0.235,0.2353066
Merzenhausen,2025-09-23 22:00:00,42,test,0.235,0.2342956
Merzenhausen,2025-09-23 23:00:00,42,test,0.235,0.23318498
Merzenhausen,2025-09-24 00:00:00,42,test,0.236,0.23197734
Merzenhausen,2025-09-24 01:00:00,42,test,0.235,0.23088142
Merzenhausen,2025-09-24 02:00:00,42,test,0.236,0.22967193
Merzenhausen,2025-09-24 03:00:00,42,test,0.235,0.22838052
Merzenhausen,2025-09-24 04:00:00,42,test,0.2525,0.22715998
Merzenhausen,2025-09-24 05:00:00,42,test,0.236,0.22622825
Merzenhausen,2025-09-24 06:00:00,42,test,0.236,0.22550663
Merzenhausen,2025-09-24 07:00:00,42,test,0.232,0.22506595
Merzenhausen,2025-09-24 08:00:00,42,test,0.236,0.22513704
Merzenhausen,2025-09-24 09:00:00,42,test,0.254,0.2256404
Merzenhausen,2025-09-24 10:00:00,42,test,0.234,0.22653899
Merzenhausen,2025-09-24 11:00:00,42,test,0.254,0.22773191
Merzenhausen,2025-09-24 12:00:00,42,test,0.235,0.2291627
Merzenhausen,2025-09-24 13:00:00,42,test,0.2545,0.23057432
Merzenhausen,2025-09-24 14:00:00,42,test,0.253,0.23178285
Merzenhausen,2025-09-24 15:00:00,42,test,0.2335,0.2326496
Merzenhausen,2025-09-24 16:00:00,42,test,0.234,0.23307097
Merzenhausen,2025-09-24 17:00:00,42,test,0.255,0.2330338
Merzenhausen,2025-09-24 18:00:00,42,test,0.236,0.232656
Merzenhausen,2025-09-24 19:00:00,42,test,0.233,0.2320161
Merzenhausen,2025-09-24 20:00:00,42,test,0.233,0.23111412
Merzenhausen,2025-09-24 21:00:00,42,test,0.234,0.23010378
Merzenhausen,2025-09-24 22:00:00,42,test,0.237,0.22912121
Merzenhausen,2025-09-24 23:00:00,42,test,0.234,0.22823867
Merzenhausen,2025-09-25 00:00:00,42,test,0.234,0.22744142
Merzenhausen,2025-09-25 01:00:00,42,test,0.234,0.2264782
Merzenhausen,2025-09-25 02:00:00,42,test,0.235,0.22554442
Merzenhausen,2025-09-25 03:00:00,42,test,0.231,0.2249393
Merzenhausen,2025-09-25 04:00:00,42,test,0.232,0.22429554
Merzenhausen,2025-09-25 05:00:00,42,test,0.232,0.22431608
Merzenhausen,2025-09-25 06:00:00,42,test,0.232,0.22411853
Merzenhausen,2025-09-25 07:00:00,42,test,0.235,0.22406653
Merzenhausen,2025-09-25 08:00:00,42,test,0.235,0.22436142
Merzenhausen,2025-09-25 09:00:00,42,test,0.235,0.22505607
Merzenhausen,2025-09-25 10:00:00,42,test,0.231,0.2259587
Merzenhausen,2025-09-25 11:00:00,42,test,0.234,0.2270451
Merzenhausen,2025-09-25 12:00:00,42,test,0.234,0.22824976
Merzenhausen,2025-09-25 13:00:00,42,test,0.233,0.22970052
Merzenhausen,2025-09-25 14:00:00,42,test,0.234,0.23094946
Merzenhausen,2025-09-25 15:00:00,42,test,0.234,0.23223647
Merzenhausen,2025-09-25 16:00:00,42,test,0.234,0.23298664
Merzenhausen,2025-10-08 19:00:00,42,test,0.242,0.24866769
Merzenhausen,2025-10-08 20:00:00,42,test,0.249,0.24707937
Merzenhausen,2025-10-08 21:00:00,42,test,0.246,0.2462519
Merzenhausen,2025-10-08 22:00:00,42,test,0.247,0.24606153
Merzenhausen,2025-10-08 23:00:00,42,test,0.247,0.24563111
Merzenhausen,2025-10-09 00:00:00,42,test,0.248,0.24507235
Merzenhausen,2025-10-09 01:00:00,42,test,0.257,0.24443293
Merzenhausen,2025-10-09 02:00:00,42,test,0.246,0.24386494
Merzenhausen,2025-10-09 03:00:00,42,test,0.2545,0.24342197
Merzenhausen,2025-10-09 04:00:00,42,test,0.254,0.24276371
Merzenhausen,2025-10-09 05:00:00,42,test,0.249,0.24230532
Merzenhausen,2025-10-09 06:00:00,42,test,0.246,0.24209976
Merzenhausen,2025-10-09 07:00:00,42,test,0.246,0.24273771
Merzenhausen,2025-10-09 08:00:00,42,test,0.2565,0.2433683
Merzenhausen,2025-10-09 09:00:00,42,test,0.251,0.24464998
Merzenhausen,2025-10-09 10:00:00,42,test,0.251,0.24572915
Merzenhausen,2025-10-09 11:00:00,42,test,0.249,0.2468519
Merzenhausen,2025-10-09 12:00:00,42,test,0.25,0.24776998
Merzenhausen,2025-10-09 13:00:00,42,test,0.2545,0.248663
Merzenhausen,2025-10-09 14:00:00,42,test,0.252,0.2492427
Merzenhausen,2025-10-17 06:00:00,42,test,0.228,0.22458775
Merzenhausen,2025-10-17 07:00:00,42,test,0.23,0.22441813
Merzenhausen,2025-10-17 08:00:00,42,test,0.229,0.22447994
Merzenhausen,2025-10-17 09:00:00,42,test,0.24,0.22492039
Merzenhausen,2025-10-17 10:00:00,42,test,0.232,0.2255644
Merzenhausen,2025-10-17 11:00:00,42,test,0.229,0.22669664
Merzenhausen,2025-10-17 12:00:00,42,test,0.226,0.22811262
Merzenhausen,2025-10-17 13:00:00,42,test,0.227,0.22962274
Merzenhausen,2025-10-17 14:00:00,42,test,0.229,0.2311213
Merzenhausen,2025-10-17 15:00:00,42,test,0.228,0.23219451
Merzenhausen,2025-10-17 16:00:00,42,test,0.23,0.232728
Merzenhausen,2025-10-17 17:00:00,42,test,0.232,0.23270734
Merzenhausen,2025-10-17 18:00:00,42,test,0.23,0.23209238
Merzenhausen,2025-10-17 19:00:00,42,test,0.228,0.23125166
Merzenhausen,2025-10-17 20:00:00,42,test,0.228,0.23012473
Merzenhausen,2025-10-17 21:00:00,42,test,0.229,0.22887881
Merzenhausen,2025-10-17 22:00:00,42,test,0.229,0.22744218
Merzenhausen,2025-10-17 23:00:00,42,test,0.227,0.22604881
Merzenhausen,2025-10-18 00:00:00,42,test,0.226,0.22473812
Merzenhausen,2025-10-18 01:00:00,42,test,0.227,0.2236235
Merzenhausen,2025-10-18 02:00:00,42,test,0.227,0.222577
Merzenhausen,2025-10-18 03:00:00,42,test,0.227,0.22163638
Merzenhausen,2025-10-18 04:00:00,42,test,0.227,0.22085369
Merzenhausen,2025-10-18 05:00:00,42,test,0.227,0.22027421
Merzenhausen,2025-10-18 06:00:00,42,test,0.227,0.21997306
Merzenhausen,2025-10-18 07:00:00,42,test,0.243,0.21994226
Merzenhausen,2025-10-18 08:00:00,42,test,0.227,0.22003728
Merzenhausen,2025-10-18 09:00:00,42,test,0.2445,0.22033045
Merzenhausen,2025-10-18 10:00:00,42,test,0.23,0.22095184
Merzenhausen,2025-10-18 11:00:00,42,test,0.229,0.22194034
Merzenhausen,2025-10-18 12:00:00,42,test,0.244,0.22339866
Merzenhausen,2025-10-18 13:00:00,42,test,0.2435,0.22526242
Merzenhausen,2025-10-18 14:00:00,42,test,0.231,0.22686939
Merzenhausen,2025-10-18 15:00:00,42,test,0.23,0.22817007
Merzenhausen,2025-10-18 16:00:00,42,test,0.229,0.2290455
Merzenhausen,2025-10-18 17:00:00,42,test,0.228,0.2294121
Merzenhausen,2025-10-18 18:00:00,42,test,0.228,0.22909857
Merzenhausen,2025-10-18 19:00:00,42,test,0.238,0.22830571
Merzenhausen,2025-10-18 20:00:00,42,test,0.229,0.22711614
Merzenhausen,2025-10-18 21:00:00,42,test,0.23,0.2258279
Merzenhausen,2025-10-18 22:00:00,42,test,0.228,0.22457494
Merzenhausen,2025-10-18 23:00:00,42,test,0.228,0.2233618
Merzenhausen,2025-10-19 00:00:00,42,test,0.2375,0.22209741
Merzenhausen,2025-10-19 01:00:00,42,test,0.225,0.22068402
Merzenhausen,2025-10-19 02:00:00,42,test,0.227,0.21928701
Merzenhausen,2025-10-19 03:00:00,42,test,0.229,0.2179588
Merzenhausen,2025-10-19 04:00:00,42,test,0.228,0.21677278
Merzenhausen,2025-10-19 05:00:00,42,test,0.23,0.21582825
Merzenhausen,2025-10-19 06:00:00,42,test,0.233,0.21518098
Merzenhausen,2025-10-19 07:00:00,42,test,0.234,0.21497475
Merzenhausen,2025-10-19 08:00:00,42,test,0.236,0.21515958
Merzenhausen,2025-10-19 09:00:00,42,test,0.237,0.21625708
Merzenhausen,2025-10-19 10:00:00,42,test,0.238,0.21773906
Merzenhausen,2025-10-19 11:00:00,42,test,0.238,0.21930805
Merzenhausen,2025-10-19 12:00:00,42,test,0.238,0.22076839
Merzenhausen,2025-10-19 13:00:00,42,test,0.238,0.22211759
Merzenhausen,2025-10-19 14:00:00,42,test,0.235,0.22334428
Merzenhausen,2025-10-19 15:00:00,42,test,0.238,0.22432207
Merzenhausen,2025-10-19 16:00:00,42,test,0.236,0.22492135
Merzenhausen,2025-10-19 17:00:00,42,test,0.234,0.22515927
Merzenhausen,2025-10-19 18:00:00,42,test,0.235,0.22479035
Merzenhausen,2025-10-19 19:00:00,42,test,0.236,0.22398245
Merzenhausen,2025-10-19 20:00:00,42,test,0.232,0.22298156
Merzenhausen,2025-10-19 21:00:00,42,test,0.233,0.2218788
Merzenhausen,2025-10-19 22:00:00,42,test,0.233,0.22085635
Merzenhausen,2025-10-19 23:00:00,42,test,0.234,0.21984492
Merzenhausen,2025-10-20 00:00:00,42,test,0.234,0.21892309
Merzenhausen,2025-10-20 01:00:00,42,test,0.245,0.21822491
Merzenhausen,2025-10-20 02:00:00,42,test,0.243,0.21787934
Merzenhausen,2025-12-19 11:00:00,42,test,0.3319999999999999,0.30372807
Merzenhausen,2025-12-19 12:00:00,42,test,0.308,0.30434084
Merzenhausen,2025-12-19 13:00:00,42,test,0.308,0.30466264
Merzenhausen,2025-12-19 14:00:00,42,test,0.308,0.3045925
Merzenhausen,2025-12-19 15:00:00,42,test,0.311,0.30424327
Merzenhausen,2025-12-19 16:00:00,42,test,0.307,0.3037128
Merzenhausen,2025-12-19 17:00:00,42,test,0.3295,0.3029689
Merzenhausen,2025-12-19 18:00:00,42,test,0.308,0.30228114
Merzenhausen,2025-12-19 19:00:00,42,test,0.308,0.30164054
Merzenhausen,2025-12-19 20:00:00,42,test,0.309,0.30112872
Merzenhausen,2025-12-19 21:00:00,42,test,0.31,0.3006963
Merzenhausen,2025-12-19 22:00:00,42,test,0.308,0.30023655
Merzenhausen,2025-12-19 23:00:00,42,test,0.309,0.2995965
Merzenhausen,2025-12-20 00:00:00,42,test,0.309,0.29868707
Merzenhausen,2025-12-20 01:00:00,42,test,0.31,0.29750112
Merzenhausen,2025-12-20 02:00:00,42,test,0.31,0.29615933
Merzenhausen,2025-12-20 03:00:00,42,test,0.308,0.2947001
Merzenhausen,2025-12-20 04:00:00,42,test,0.308,0.29320607
Merzenhausen,2025-12-20 05:00:00,42,test,0.307,0.29191056
Merzenhausen,2025-12-20 06:00:00,42,test,0.308,0.2908431
Merzenhausen,2025-12-20 07:00:00,42,test,0.308,0.2900494
Merzenhausen,2025-12-20 08:00:00,42,test,0.306,0.28949067
Merzenhausen,2025-12-20 09:00:00,42,test,0.307,0.28927872
Merzenhausen,2025-12-20 10:00:00,42,test,0.307,0.28944018
Merzenhausen,2025-12-20 11:00:00,42,test,0.31,0.28998104
Merzenhausen,2025-12-20 12:00:00,42,test,0.306,0.29070604
Merzenhausen,2025-12-20 13:00:00,42,test,0.308,0.291528
Merzenhausen,2025-12-20 14:00:00,42,test,0.308,0.2922535
Merzenhausen,2025-12-20 15:00:00,42,test,0.308,0.29291537
Merzenhausen,2025-12-20 16:00:00,42,test,0.308,0.29343647
Merzenhausen,2025-12-20 17:00:00,42,test,0.305,0.29368147
Merzenhausen,2025-12-20 18:00:00,42,test,0.306,0.29395738
Merzenhausen,2025-12-20 19:00:00,42,test,0.306,0.29414123
Merzenhausen,2025-12-20 20:00:00,42,test,0.308,0.2944351
Merzenhausen,2025-12-20 21:00:00,42,test,0.308,0.29486364
Merzenhausen,2025-12-20 22:00:00,42,test,0.305,0.2952327
Merzenhausen,2025-12-20 23:00:00,42,test,0.306,0.29552144
Merzenhausen,2025-12-21 00:00:00,42,test,0.306,0.2957767
Merzenhausen,2025-12-21 01:00:00,42,test,0.305,0.2959972
Merzenhausen,2025-12-21 02:00:00,42,test,0.306,0.2961662
Merzenhausen,2025-12-21 03:00:00,42,test,0.306,0.29630172
Merzenhausen,2025-12-21 04:00:00,42,test,0.306,0.29640615
Merzenhausen,2025-12-21 05:00:00,42,test,0.306,0.29654086
Merzenhausen,2025-12-21 06:00:00,42,test,0.305,0.29675543
Merzenhausen,2025-12-21 07:00:00,42,test,0.303,0.29700023
Merzenhausen,2025-12-21 08:00:00,42,test,0.305,0.2972412
Merzenhausen,2025-12-21 09:00:00,42,test,0.304,0.29745573
Merzenhausen,2025-12-21 10:00:00,42,test,0.306,0.2976002
Merzenhausen,2025-12-21 11:00:00,42,test,0.305,0.29851744
Merzenhausen,2025-12-21 12:00:00,42,test,0.306,0.29908806
Merzenhausen,2025-12-21 13:00:00,42,test,0.306,0.29935497
Merzenhausen,2025-12-21 14:00:00,42,test,0.306,0.2992809
Merzenhausen,2025-12-21 15:00:00,42,test,0.306,0.29908577
Merzenhausen,2025-12-21 16:00:00,42,test,0.306,0.29862088
Merzenhausen,2025-12-21 17:00:00,42,test,0.303,0.29889262
Merzenhausen,2025-12-21 18:00:00,42,test,0.303,0.2989133
Merzenhausen,2025-12-21 19:00:00,42,test,0.303,0.29865903
Merzenhausen,2025-12-21 20:00:00,42,test,0.304,0.29838523
Merzenhausen,2025-12-21 21:00:00,42,test,0.303,0.2982499
Merzenhausen,2025-12-21 22:00:00,42,test,0.304,0.2981444
Merzenhausen,2025-12-21 23:00:00,42,test,0.303,0.29813892
Merzenhausen,2025-12-22 00:00:00,42,test,0.303,0.2981302
Merzenhausen,2025-12-22 01:00:00,42,test,0.303,0.29800057
Merzenhausen,2025-12-22 02:00:00,42,test,0.303,0.29765403
Merzenhausen,2025-12-22 03:00:00,42,test,0.303,0.2971042
Merzenhausen,2025-12-22 04:00:00,42,test,0.303,0.2964777
Merzenhausen,2025-12-22 05:00:00,42,test,0.301,0.2957711
Merzenhausen,2025-12-22 06:00:00,42,test,0.301,0.29515186
Selhausen,2023-12-25 07:00:00,42,test,0.341,0.3321962
Selhausen,2023-12-25 08:00:00,42,test,0.341,0.33229172
Selhausen,2023-12-25 09:00:00,42,test,0.344,0.33259785
Selhausen,2023-12-25 10:00:00,42,test,0.341,0.33299863
Selhausen,2023-12-25 11:00:00,42,test,0.341,0.33344775
Selhausen,2023-12-25 12:00:00,42,test,0.343,0.33394372
Selhausen,2023-12-25 13:00:00,42,test,0.342,0.33432665
Selhausen,2023-12-25 14:00:00,42,test,0.338,0.3343253
Selhausen,2023-12-25 15:00:00,42,test,0.343,0.33411294
Selhausen,2023-12-25 16:00:00,42,test,0.343,0.33353582
Selhausen,2023-12-25 17:00:00,42,test,0.354,0.33295614
Selhausen,2023-12-25 18:00:00,42,test,0.348,0.3321449
Selhausen,2023-12-25 19:00:00,42,test,0.345,0.33149755
Selhausen,2023-12-25 20:00:00,42,test,0.3389999999999999,0.33098346
Selhausen,2023-12-25 21:00:00,42,test,0.337,0.33064988
Selhausen,2023-12-25 22:00:00,42,test,0.336,0.33079317
Selhausen,2023-12-25 23:00:00,42,test,0.354,0.33084452
Selhausen,2023-12-26 00:00:00,42,test,0.347,0.33102334
Selhausen,2023-12-26 01:00:00,42,test,0.341,0.3311768
Selhausen,2023-12-26 02:00:00,42,test,0.3389999999999999,0.33112934
Selhausen,2023-12-26 03:00:00,42,test,0.3375,0.33091986
Selhausen,2023-12-26 04:00:00,42,test,0.3369999999999999,0.3307155
Selhausen,2023-12-26 05:00:00,42,test,0.359,0.33038554
Selhausen,2023-12-26 06:00:00,42,test,0.346,0.33007234
Selhausen,2023-12-26 07:00:00,42,test,0.348,0.32986805
Selhausen,2023-12-26 08:00:00,42,test,0.3349999999999999,0.3297875
Selhausen,2023-12-26 09:00:00,42,test,0.348,0.32969722
Selhausen,2023-12-26 10:00:00,42,test,0.354,0.3298261
Selhausen,2023-12-26 11:00:00,42,test,0.345,0.3301162
Selhausen,2023-12-26 12:00:00,42,test,0.347,0.3303566
Selhausen,2023-12-26 13:00:00,42,test,0.341,0.33053684
Selhausen,2023-12-26 14:00:00,42,test,0.341,0.33048087
Selhausen,2023-12-26 15:00:00,42,test,0.354,0.3302502
Selhausen,2023-12-26 16:00:00,42,test,0.343,0.32974288
Selhausen,2023-12-26 17:00:00,42,test,0.345,0.3289915
Selhausen,2023-12-26 18:00:00,42,test,0.34,0.32812178
Selhausen,2023-12-26 19:00:00,42,test,0.352,0.32722571
Selhausen,2023-12-26 20:00:00,42,test,0.345,0.3262668
Selhausen,2023-12-26 21:00:00,42,test,0.344,0.32537848
Selhausen,2023-12-26 22:00:00,42,test,0.348,0.3245906
Selhausen,2023-12-26 23:00:00,42,test,0.345,0.3237119
Selhausen,2023-12-27 00:00:00,42,test,0.347,0.3227578
Selhausen,2023-12-27 01:00:00,42,test,0.345,0.32157016
Selhausen,2023-12-27 02:00:00,42,test,0.345,0.3202467
Selhausen,2023-12-27 03:00:00,42,test,0.345,0.3189025
Selhausen,2023-12-27 04:00:00,42,test,0.347,0.31768844
Selhausen,2023-12-27 05:00:00,42,test,0.345,0.3166986
Selhausen,2023-12-27 06:00:00,42,test,0.341,0.31590426
Selhausen,2023-12-27 07:00:00,42,test,0.34,0.3154363
Selhausen,2023-12-27 08:00:00,42,test,0.343,0.31524223
Selhausen,2023-12-27 09:00:00,42,test,0.3399999999999999,0.31536224
Selhausen,2023-12-27 10:00:00,42,test,0.3645,0.3156711
Selhausen,2023-12-27 11:00:00,42,test,0.3475,0.3161721
Selhausen,2023-12-27 12:00:00,42,test,0.329,0.31675753
Selhausen,2023-12-27 13:00:00,42,test,0.36,0.3173723
Selhausen,2023-12-27 14:00:00,42,test,0.3515,0.3177668
Selhausen,2023-12-27 15:00:00,42,test,0.3675,0.3180695
Selhausen,2023-12-27 16:00:00,42,test,0.3705,0.31823754
Selhausen,2023-12-27 17:00:00,42,test,0.356,0.31865513
Selhausen,2023-12-27 18:00:00,42,test,0.3745,0.31882685
Selhausen,2023-12-27 19:00:00,42,test,0.3625,0.31901607
Selhausen,2023-12-27 20:00:00,42,test,0.352,0.31914985
Selhausen,2023-12-27 21:00:00,42,test,0.367,0.31907135
Selhausen,2023-12-27 22:00:00,42,test,0.364,0.31886253
Selhausen,2023-12-27 23:00:00,42,test,0.364,0.31946146
Selhausen,2023-12-28 00:00:00,42,test,0.385,0.3201849
Selhausen,2023-12-28 01:00:00,42,test,0.371,0.32070133
Selhausen,2023-12-28 02:00:00,42,test,0.362,0.32086408
Selhausen,2023-12-28 03:00:00,42,test,0.356,0.3210166
Selhausen,2023-12-28 04:00:00,42,test,0.37,0.3208838
Selhausen,2023-12-28 05:00:00,42,test,0.3595,0.32107866
Selhausen,2023-12-28 06:00:00,42,test,0.368,0.32129645
Selhausen,2023-12-28 07:00:00,42,test,0.368,0.321563
Selhausen,2023-12-28 08:00:00,42,test,0.354,0.32162943
Selhausen,2023-12-28 09:00:00,42,test,0.3575,0.32169813
Selhausen,2023-12-28 10:00:00,42,test,0.363,0.32209247
Selhausen,2023-12-28 11:00:00,42,test,0.3555,0.3225491
Selhausen,2023-12-28 12:00:00,42,test,0.365,0.32294506
Selhausen,2023-12-28 13:00:00,42,test,0.363,0.32322243
Selhausen,2023-12-28 14:00:00,42,test,0.365,0.32326666
Selhausen,2023-12-28 15:00:00,42,test,0.365,0.3233807
Selhausen,2023-12-28 16:00:00,42,test,0.361,0.32302943
Selhausen,2023-12-28 17:00:00,42,test,0.361,0.32261157
Selhausen,2023-12-28 18:00:00,42,test,0.36,0.3219458
Selhausen,2023-12-28 19:00:00,42,test,0.36,0.32166487
Selhausen,2023-12-28 20:00:00,42,test,0.362,0.32139367
Selhausen,2023-12-28 21:00:00,42,test,0.36,0.32131732
Selhausen,2023-12-28 22:00:00,42,test,0.361,0.32155246
Selhausen,2023-12-28 23:00:00,42,test,0.362,0.32191807
Selhausen,2023-12-29 00:00:00,42,test,0.362,0.32243434
Selhausen,2023-12-29 01:00:00,42,test,0.355,0.32283998
Selhausen,2023-12-29 02:00:00,42,test,0.357,0.32316178
Selhausen,2023-12-29 03:00:00,42,test,0.353,0.32332358
Selhausen,2023-12-29 04:00:00,42,test,0.364,0.3234153
Selhausen,2023-12-29 05:00:00,42,test,0.352,0.32335162
Selhausen,2023-12-29 06:00:00,42,test,0.355,0.32321805
Selhausen,2023-12-29 07:00:00,42,test,0.357,0.3228468
Selhausen,2023-12-29 08:00:00,42,test,0.353,0.32265332
Selhausen,2023-12-29 09:00:00,42,test,0.353,0.3225137
Selhausen,2023-12-29 10:00:00,42,test,0.355,0.32305542
Selhausen,2023-12-29 11:00:00,42,test,0.355,0.32363188
Selhausen,2023-12-29 12:00:00,42,test,0.355,0.32354316
Selhausen,2023-12-29 13:00:00,42,test,0.352,0.32399923
Selhausen,2024-02-13 11:00:00,42,test,0.343,0.31757495
Selhausen,2024-02-13 12:00:00,42,test,0.341,0.31822518
Selhausen,2024-02-13 13:00:00,42,test,0.355,0.31879887
Selhausen,2024-02-13 14:00:00,42,test,0.34,0.31925493
Selhausen,2024-02-13 15:00:00,42,test,0.327,0.3194058
Selhausen,2024-02-13 16:00:00,42,test,0.343,0.31933093
Selhausen,2024-02-13 17:00:00,42,test,0.338,0.3190577
Selhausen,2024-02-13 18:00:00,42,test,0.3355,0.3186799
Selhausen,2024-02-13 19:00:00,42,test,0.336,0.31799465
Selhausen,2024-02-13 20:00:00,42,test,0.34,0.31768537
Selhausen,2024-02-13 21:00:00,42,test,0.341,0.31751198
Selhausen,2024-02-13 22:00:00,42,test,0.336,0.31733724
Selhausen,2024-02-13 23:00:00,42,test,0.334,0.31726998
Selhausen,2024-02-14 00:00:00,42,test,0.338,0.31744397
Selhausen,2024-02-14 01:00:00,42,test,0.331,0.31758434
Selhausen,2024-02-14 02:00:00,42,test,0.338,0.31775796
Selhausen,2024-02-14 03:00:00,42,test,0.336,0.31786084
Selhausen,2024-02-14 04:00:00,42,test,0.338,0.3178344
Selhausen,2024-02-14 05:00:00,42,test,0.336,0.3179318
Selhausen,2024-02-14 06:00:00,42,test,0.34,0.31813794
Selhausen,2024-02-14 07:00:00,42,test,0.338,0.3182563
Selhausen,2024-02-14 08:00:00,42,test,0.338,0.31829244
Selhausen,2024-02-14 09:00:00,42,test,0.338,0.31811178
Selhausen,2024-02-14 10:00:00,42,test,0.333,0.31789392
Selhausen,2024-02-14 11:00:00,42,test,0.338,0.31765088
Selhausen,2024-02-14 12:00:00,42,test,0.331,0.3173726
Selhausen,2024-02-14 13:00:00,42,test,0.336,0.31708646
Selhausen,2024-02-14 14:00:00,42,test,0.333,0.31666538
Selhausen,2024-02-14 15:00:00,42,test,0.331,0.31600994
Selhausen,2024-02-14 16:00:00,42,test,0.351,0.3152895
Selhausen,2024-02-14 17:00:00,42,test,0.35,0.31458613
Selhausen,2024-02-14 18:00:00,42,test,0.36,0.31356546
Selhausen,2024-02-14 19:00:00,42,test,0.346,0.31270242
Selhausen,2024-02-14 20:00:00,42,test,0.36,0.31240183
Selhausen,2024-02-14 21:00:00,42,test,0.359,0.31244358
Selhausen,2024-02-14 22:00:00,42,test,0.357,0.3126825
Selhausen,2024-02-14 23:00:00,42,test,0.361,0.31342655
Selhausen,2024-02-15 00:00:00,42,test,0.358,0.31471682
Selhausen,2024-02-15 01:00:00,42,test,0.355,0.31579855
Selhausen,2024-02-15 02:00:00,42,test,0.357,0.31617522
Selhausen,2024-02-15 03:00:00,42,test,0.353,0.31704706
Selhausen,2024-02-15 04:00:00,42,test,0.355,0.31758553
Selhausen,2024-02-15 05:00:00,42,test,0.354,0.31804872
Selhausen,2024-02-15 06:00:00,42,test,0.355,0.31832883
Selhausen,2024-02-15 07:00:00,42,test,0.352,0.31859207
Selhausen,2024-02-15 08:00:00,42,test,0.3405,0.318766
Selhausen,2024-02-15 09:00:00,42,test,0.352,0.31829944
Selhausen,2024-02-15 10:00:00,42,test,0.35,0.31802812
Selhausen,2024-02-15 11:00:00,42,test,0.35,0.31783623
Selhausen,2024-02-15 12:00:00,42,test,0.325,0.31759572
Selhausen,2024-02-15 13:00:00,42,test,0.349,0.31774533
Selhausen,2024-02-15 14:00:00,42,test,0.322,0.3175303
Selhausen,2024-02-15 15:00:00,42,test,0.349,0.31661916
Selhausen,2024-02-15 16:00:00,42,test,0.349,0.31572306
Selhausen,2024-02-15 17:00:00,42,test,0.351,0.314771
Selhausen,2024-02-15 18:00:00,42,test,0.344,0.31366977
Selhausen,2024-02-15 19:00:00,42,test,0.35,0.3127272
Selhausen,2024-02-15 20:00:00,42,test,0.348,0.31219888
Selhausen,2024-02-15 21:00:00,42,test,0.342,0.3121165
Selhausen,2024-02-15 22:00:00,42,test,0.342,0.312268
Selhausen,2024-02-15 23:00:00,42,test,0.349,0.31254014
Selhausen,2024-02-16 00:00:00,42,test,0.342,0.31305853
Selhausen,2024-02-16 01:00:00,42,test,0.351,0.31347498
Selhausen,2024-02-16 02:00:00,42,test,0.338,0.3139465
Selhausen,2024-02-16 03:00:00,42,test,0.338,0.3143504
Selhausen,2024-02-16 04:00:00,42,test,0.344,0.31467226
Selhausen,2024-02-16 05:00:00,42,test,0.34,0.31482336
Selhausen,2024-02-16 06:00:00,42,test,0.344,0.31506577
Selhausen,2024-02-16 07:00:00,42,test,0.344,0.31521362
Selhausen,2024-02-16 08:00:00,42,test,0.342,0.31525064
Selhausen,2024-02-16 09:00:00,42,test,0.344,0.31528383
Selhausen,2024-02-16 10:00:00,42,test,0.34,0.31509748
Selhausen,2024-02-16 11:00:00,42,test,0.344,0.31500435
Selhausen,2024-02-16 12:00:00,42,test,0.342,0.3147546
Selhausen,2024-02-16 13:00:00,42,test,0.34,0.3145904
Selhausen,2024-02-16 14:00:00,42,test,0.345,0.3142627
Selhausen,2024-02-16 15:00:00,42,test,0.349,0.31385803
Selhausen,2024-02-16 16:00:00,42,test,0.349,0.3141364
Selhausen,2024-02-16 17:00:00,42,test,0.35,0.31456128
Selhausen,2024-02-16 18:00:00,42,test,0.347,0.31525844
Selhausen,2024-02-16 19:00:00,42,test,0.365,0.31565678
Selhausen,2024-02-16 20:00:00,42,test,0.3425,0.31643754
Selhausen,2024-02-16 21:00:00,42,test,0.389,0.31737626
Selhausen,2024-02-16 22:00:00,42,test,0.379,0.31842637
Selhausen,2024-02-16 23:00:00,42,test,0.381,0.31967825
Selhausen,2024-02-17 00:00:00,42,test,0.381,0.32081413
Selhausen,2024-02-17 01:00:00,42,test,0.375,0.3216859
Selhausen,2024-02-17 02:00:00,42,test,0.38,0.32233453
Selhausen,2024-02-17 03:00:00,42,test,0.378,0.3226746
Selhausen,2024-02-17 04:00:00,42,test,0.38,0.32285
Selhausen,2024-02-17 05:00:00,42,test,0.375,0.32286942
Selhausen,2024-02-17 06:00:00,42,test,0.367,0.3228588
Selhausen,2024-02-17 07:00:00,42,test,0.369,0.32280105
Selhausen,2024-02-17 08:00:00,42,test,0.367,0.3224884
Selhausen,2024-02-17 09:00:00,42,test,0.364,0.32238907
Selhausen,2024-02-17 10:00:00,42,test,0.366,0.32238054
Selhausen,2024-02-17 11:00:00,42,test,0.365,0.32252932
Selhausen,2024-02-17 12:00:00,42,test,0.365,0.3219962
Selhausen,2024-02-17 13:00:00,42,test,0.361,0.32172424
Selhausen,2024-02-17 14:00:00,42,test,0.36,0.32068303
Selhausen,2024-02-17 15:00:00,42,test,0.36,0.3199402
Selhausen,2024-02-17 16:00:00,42,test,0.362,0.31926432
Selhausen,2024-02-17 17:00:00,42,test,0.363,0.31870413
Selhausen,2024-02-17 18:00:00,42,test,0.363,0.31807417
Selhausen,2024-02-17 19:00:00,42,test,0.358,0.3176468
Selhausen,2024-02-17 20:00:00,42,test,0.385,0.31736857
Selhausen,2024-02-17 21:00:00,42,test,0.376,0.31703714
Selhausen,2024-02-17 22:00:00,42,test,0.373,0.3168399
Selhausen,2024-02-17 23:00:00,42,test,0.376,0.31701452
Selhausen,2024-02-18 00:00:00,42,test,0.378,0.317054
Selhausen,2024-02-18 01:00:00,42,test,0.375,0.3173058
Selhausen,2024-02-18 02:00:00,42,test,0.373,0.31710595
Selhausen,2024-02-18 03:00:00,42,test,0.372,0.31666693
Selhausen,2024-02-18 04:00:00,42,test,0.372,0.31635803
Selhausen,2024-02-18 05:00:00,42,test,0.372,0.31598192
Selhausen,2024-02-18 06:00:00,42,test,0.367,0.3158418
Selhausen,2024-02-18 07:00:00,42,test,0.367,0.31576377
Selhausen,2024-02-18 08:00:00,42,test,0.369,0.31578982
Selhausen,2024-02-18 09:00:00,42,test,0.366,0.3159477
Selhausen,2024-02-18 10:00:00,42,test,0.369,0.316111
Selhausen,2024-02-18 11:00:00,42,test,0.373,0.31657612
Selhausen,2024-02-18 12:00:00,42,test,0.362,0.31710163
Selhausen,2024-02-18 13:00:00,42,test,0.363,0.31746954
Selhausen,2024-02-18 14:00:00,42,test,0.325,0.3178093
Selhausen,2024-02-18 15:00:00,42,test,0.365,0.31806767
Selhausen,2024-02-18 16:00:00,42,test,0.36,0.31817043
Selhausen,2024-02-18 17:00:00,42,test,0.365,0.31813756
Selhausen,2024-02-18 18:00:00,42,test,0.36,0.3179247
Selhausen,2024-02-18 19:00:00,42,test,0.365,0.31828323
Selhausen,2024-02-18 20:00:00,42,test,0.358,0.31829497
Selhausen,2024-02-18 21:00:00,42,test,0.358,0.3199665
Selhausen,2024-02-18 22:00:00,42,test,0.362,0.32189608
Selhausen,2024-02-18 23:00:00,42,test,0.353,0.32394612
Selhausen,2024-02-19 00:00:00,42,test,0.351,0.32582206
Selhausen,2024-02-19 01:00:00,42,test,0.349,0.3272723
Selhausen,2024-02-19 02:00:00,42,test,0.35,0.32849512
Selhausen,2024-02-19 03:00:00,42,test,0.355,0.3294125
Selhausen,2024-02-19 04:00:00,42,test,0.36,0.3301268
Selhausen,2024-02-19 05:00:00,42,test,0.347,0.3306011
Selhausen,2024-02-19 06:00:00,42,test,0.348,0.33081427
Selhausen,2024-02-19 07:00:00,42,test,0.349,0.33094487
Selhausen,2024-02-19 08:00:00,42,test,0.353,0.33105296
Selhausen,2024-02-19 09:00:00,42,test,0.35,0.3311406
Selhausen,2024-02-19 10:00:00,42,test,0.352,0.33129603
Selhausen,2024-02-19 11:00:00,42,test,0.348,0.33144134
Selhausen,2024-02-19 12:00:00,42,test,0.349,0.33163878
Selhausen,2024-02-19 13:00:00,42,test,0.349,0.3316525
Selhausen,2024-02-19 14:00:00,42,test,0.344,0.33137256
Selhausen,2024-02-19 15:00:00,42,test,0.342,0.33082423
Selhausen,2024-02-19 16:00:00,42,test,0.348,0.33007175
Selhausen,2024-02-19 17:00:00,42,test,0.34,0.32923555
Selhausen,2024-02-19 18:00:00,42,test,0.348,0.32839853
Selhausen,2024-02-19 19:00:00,42,test,0.338,0.3275035
Selhausen,2024-02-19 20:00:00,42,test,0.348,0.32755968
Selhausen,2024-02-19 21:00:00,42,test,0.351,0.32778722
Selhausen,2024-02-19 22:00:00,42,test,0.351,0.32814503
Selhausen,2024-02-19 23:00:00,42,test,0.341,0.32862583
Selhausen,2024-02-20 00:00:00,42,test,0.3615,0.32914248
Selhausen,2024-04-05 03:00:00,42,test,0.304,0.33007616
Selhausen,2024-04-05 04:00:00,42,test,0.304,0.3302155
Selhausen,2024-04-05 05:00:00,42,test,0.304,0.33027768
Selhausen,2024-04-05 06:00:00,42,test,0.308,0.3304971
Selhausen,2024-04-05 07:00:00,42,test,0.309,0.33069694
Selhausen,2024-04-05 08:00:00,42,test,0.305,0.33098248
Selhausen,2024-04-05 09:00:00,42,test,0.306,0.33123925
Selhausen,2024-04-05 10:00:00,42,test,0.303,0.33138415
Selhausen,2024-04-05 11:00:00,42,test,0.3,0.33149529
Selhausen,2024-04-05 12:00:00,42,test,0.296,0.33131254
Selhausen,2024-04-05 13:00:00,42,test,0.288,0.33089936
Selhausen,2024-04-05 14:00:00,42,test,0.289,0.33042717
Selhausen,2024-04-05 15:00:00,42,test,0.291,0.3295888
Selhausen,2024-04-05 16:00:00,42,test,0.288,0.32857588
Selhausen,2024-04-05 17:00:00,42,test,0.288,0.32744694
Selhausen,2024-04-05 18:00:00,42,test,0.287,0.3260482
Selhausen,2024-04-05 19:00:00,42,test,0.288,0.32473683
Selhausen,2024-04-05 20:00:00,42,test,0.287,0.32346314
Selhausen,2024-04-05 21:00:00,42,test,0.288,0.32276127
Selhausen,2024-04-05 22:00:00,42,test,0.285,0.3224129
Selhausen,2024-04-05 23:00:00,42,test,0.29,0.32245427
Selhausen,2024-04-06 00:00:00,42,test,0.31,0.32264218
Selhausen,2024-04-06 01:00:00,42,test,0.339,0.32309383
Selhausen,2024-04-06 02:00:00,42,test,0.341,0.32348037
Selhausen,2024-04-06 03:00:00,42,test,0.339,0.3236841
Selhausen,2024-04-06 04:00:00,42,test,0.337,0.32375705
Selhausen,2024-04-06 05:00:00,42,test,0.328,0.3237725
Selhausen,2024-04-06 06:00:00,42,test,0.326,0.32367945
Selhausen,2024-04-06 07:00:00,42,test,0.323,0.323599
Selhausen,2024-04-06 08:00:00,42,test,0.323,0.32354355
Selhausen,2024-04-06 09:00:00,42,test,0.323,0.32328
Selhausen,2024-04-06 10:00:00,42,test,0.321,0.32293728
Selhausen,2024-04-06 11:00:00,42,test,0.317,0.3221923
Selhausen,2024-04-06 12:00:00,42,test,0.313,0.32104102
Selhausen,2024-04-06 13:00:00,42,test,0.315,0.31921333
Selhausen,2024-04-06 14:00:00,42,test,0.315,0.31686562
Selhausen,2024-04-06 15:00:00,42,test,0.312,0.31409898
Selhausen,2024-04-06 16:00:00,42,test,0.31,0.31095368
Selhausen,2024-04-06 17:00:00,42,test,0.2995,0.3075277
Selhausen,2024-04-06 18:00:00,42,test,0.308,0.30446804
Selhausen,2024-04-06 19:00:00,42,test,0.308,0.30179054
Selhausen,2024-04-06 20:00:00,42,test,0.306,0.2994139
Selhausen,2024-04-06 21:00:00,42,test,0.306,0.29747224
Selhausen,2024-04-06 22:00:00,42,test,0.307,0.2961776
Selhausen,2024-04-06 23:00:00,42,test,0.307,0.29543012
Selhausen,2024-04-07 00:00:00,42,test,0.307,0.29482108
Selhausen,2024-04-07 01:00:00,42,test,0.305,0.29454958
Selhausen,2024-04-07 02:00:00,42,test,0.303,0.29435647
Selhausen,2024-04-07 03:00:00,42,test,0.305,0.29423892
Selhausen,2024-04-07 04:00:00,42,test,0.3,0.2941214
Selhausen,2024-04-07 05:00:00,42,test,0.305,0.2940405
Selhausen,2024-04-07 06:00:00,42,test,0.304,0.29408073
Selhausen,2024-04-07 07:00:00,42,test,0.301,0.29420346
Selhausen,2024-04-07 08:00:00,42,test,0.297,0.29418355
Selhausen,2024-04-07 09:00:00,42,test,0.297,0.29396844
Selhausen,2024-04-07 10:00:00,42,test,0.295,0.29352206
Selhausen,2024-04-07 11:00:00,42,test,0.293,0.2927165
Selhausen,2024-04-07 12:00:00,42,test,0.29,0.29135936
Selhausen,2024-04-07 13:00:00,42,test,0.286,0.2893764
Selhausen,2024-04-07 14:00:00,42,test,0.285,0.2869808
Selhausen,2024-04-07 15:00:00,42,test,0.279,0.284394
Selhausen,2024-04-07 16:00:00,42,test,0.277,0.28156668
Selhausen,2024-04-07 17:00:00,42,test,0.279,0.2788497
Selhausen,2024-04-07 18:00:00,42,test,0.275,0.2762229
Selhausen,2024-04-07 19:00:00,42,test,0.274,0.27396467
Selhausen,2024-04-07 20:00:00,42,test,0.273,0.2722142
Selhausen,2024-04-07 21:00:00,42,test,0.273,0.27101183
Selhausen,2024-04-07 22:00:00,42,test,0.276,0.27032876
Selhausen,2024-04-07 23:00:00,42,test,0.275,0.27035704
Selhausen,2024-04-08 00:00:00,42,test,0.274,0.2718807
Selhausen,2024-04-08 01:00:00,42,test,0.276,0.2754701
Selhausen,2024-04-08 02:00:00,42,test,0.276,0.28004223
Selhausen,2024-04-08 03:00:00,42,test,0.273,0.2848259
Selhausen,2024-04-08 04:00:00,42,test,0.274,0.28932276
Selhausen,2024-04-08 05:00:00,42,test,0.274,0.2931394
Selhausen,2024-04-08 06:00:00,42,test,0.277,0.2962581
Selhausen,2024-04-08 07:00:00,42,test,0.275,0.298729
Selhausen,2024-04-08 08:00:00,42,test,0.274,0.30068344
Selhausen,2024-04-08 09:00:00,42,test,0.274,0.30213934
Selhausen,2024-04-08 10:00:00,42,test,0.273,0.30307987
Selhausen,2024-04-08 11:00:00,42,test,0.273,0.3034305
Selhausen,2024-04-08 12:00:00,42,test,0.268,0.30312687
Selhausen,2024-04-08 13:00:00,42,test,0.266,0.30238461
Selhausen,2024-04-08 14:00:00,42,test,0.264,0.3013724
Selhausen,2024-04-08 15:00:00,42,test,0.258,0.2997772
Selhausen,2024-04-08 16:00:00,42,test,0.26,0.2976488
Selhausen,2024-04-08 17:00:00,42,test,0.258,0.29490057
Selhausen,2024-04-08 18:00:00,42,test,0.256,0.2922937
Selhausen,2024-04-08 19:00:00,42,test,0.254,0.28999233
Selhausen,2024-04-08 20:00:00,42,test,0.255,0.2881388
Selhausen,2024-04-08 21:00:00,42,test,0.252,0.28676718
Selhausen,2024-04-08 22:00:00,42,test,0.255,0.28602427
Selhausen,2024-04-08 23:00:00,42,test,0.252,0.28587693
Selhausen,2024-04-09 00:00:00,42,test,0.25,0.28612596
Selhausen,2024-04-09 01:00:00,42,test,0.255,0.28664914
Selhausen,2024-04-09 02:00:00,42,test,0.253,0.2872581
Selhausen,2024-04-09 03:00:00,42,test,0.249,0.2879879
Selhausen,2024-04-09 04:00:00,42,test,0.249,0.2886167
Selhausen,2024-04-09 05:00:00,42,test,0.252,0.2893153
Selhausen,2024-04-09 06:00:00,42,test,0.254,0.28994393
Selhausen,2024-04-09 07:00:00,42,test,0.253,0.29031765
Selhausen,2024-04-09 08:00:00,42,test,0.253,0.29044136
Selhausen,2024-04-09 09:00:00,42,test,0.255,0.2903058
Selhausen,2024-04-09 10:00:00,42,test,0.252,0.29003796
Selhausen,2024-04-09 11:00:00,42,test,0.255,0.28964856
Selhausen,2024-04-09 12:00:00,42,test,0.25,0.28900737
Selhausen,2024-04-09 13:00:00,42,test,0.25,0.2879119
Selhausen,2024-04-09 14:00:00,42,test,0.251,0.2864611
Selhausen,2024-04-09 15:00:00,42,test,0.25,0.2845132
Selhausen,2024-04-09 16:00:00,42,test,0.248,0.28204829
Selhausen,2024-04-09 17:00:00,42,test,0.251,0.2793529
Selhausen,2024-04-09 18:00:00,42,test,0.248,0.2764556
Selhausen,2024-04-09 19:00:00,42,test,0.246,0.27374852
Selhausen,2024-04-09 20:00:00,42,test,0.246,0.27108115
Selhausen,2024-04-09 21:00:00,42,test,0.248,0.26858687
Selhausen,2024-04-09 22:00:00,42,test,0.244,0.2664803
Selhausen,2024-04-09 23:00:00,42,test,0.245,0.26464063
Selhausen,2024-04-10 00:00:00,42,test,0.246,0.26298234
Selhausen,2024-04-10 01:00:00,42,test,0.244,0.26164353
Selhausen,2024-04-10 02:00:00,42,test,0.248,0.26053283
Selhausen,2024-04-10 03:00:00,42,test,0.248,0.25950572
Selhausen,2024-04-10 04:00:00,42,test,0.243,0.25869358
Selhausen,2024-04-10 05:00:00,42,test,0.249,0.2581607
Selhausen,2024-04-10 06:00:00,42,test,0.247,0.25805593
Selhausen,2024-04-10 07:00:00,42,test,0.247,0.25830767
Selhausen,2024-04-10 08:00:00,42,test,0.248,0.2587776
Selhausen,2024-04-10 09:00:00,42,test,0.249,0.2595249
Selhausen,2024-04-10 10:00:00,42,test,0.245,0.26039228
Selhausen,2024-04-10 11:00:00,42,test,0.25,0.2612801
Selhausen,2024-04-10 12:00:00,42,test,0.251,0.26190847
Selhausen,2024-04-10 13:00:00,42,test,0.248,0.26209787
Selhausen,2024-04-10 14:00:00,42,test,0.241,0.2618196
Selhausen,2024-04-10 15:00:00,42,test,0.242,0.26065314
Selhausen,2024-04-10 16:00:00,42,test,0.24,0.25901738
Selhausen,2024-04-10 17:00:00,42,test,0.238,0.2569771
Selhausen,2024-04-10 18:00:00,42,test,0.242,0.25464976
Selhausen,2024-04-10 19:00:00,42,test,0.241,0.2522462
Selhausen,2024-04-10 20:00:00,42,test,0.242,0.25014862
Selhausen,2024-04-10 21:00:00,42,test,0.237,0.24801551
Selhausen,2024-04-10 22:00:00,42,test,0.24,0.24611926
Selhausen,2024-04-10 23:00:00,42,test,0.236,0.24424875
Selhausen,2024-04-11 00:00:00,42,test,0.234,0.24234018
Selhausen,2024-04-11 01:00:00,42,test,0.232,0.24062464
Selhausen,2024-04-11 02:00:00,42,test,0.239,0.23908281
Selhausen,2024-04-11 03:00:00,42,test,0.238,0.23774552
Selhausen,2024-04-11 04:00:00,42,test,0.24,0.23683743
Selhausen,2024-04-11 05:00:00,42,test,0.237,0.2363927
Selhausen,2024-04-11 06:00:00,42,test,0.235,0.23653337
Selhausen,2024-04-11 07:00:00,42,test,0.241,0.23716222
Selhausen,2024-04-11 08:00:00,42,test,0.237,0.23812428
Selhausen,2024-04-11 09:00:00,42,test,0.239,0.23937303
Selhausen,2024-04-11 10:00:00,42,test,0.235,0.24058464
Selhausen,2024-04-11 11:00:00,42,test,0.233,0.24184552
Selhausen,2024-04-11 12:00:00,42,test,0.239,0.24279095
Selhausen,2024-04-11 13:00:00,42,test,0.24,0.24342059
Selhausen,2024-04-11 14:00:00,42,test,0.243,0.24370041
Selhausen,2024-04-11 15:00:00,42,test,0.227,0.24357326
Selhausen,2024-04-11 16:00:00,42,test,0.239,0.24297217
Selhausen,2024-04-11 17:00:00,42,test,0.235,0.24220173
Selhausen,2024-04-11 18:00:00,42,test,0.228,0.24109152
Selhausen,2024-04-11 19:00:00,42,test,0.23,0.23976968
Selhausen,2024-04-11 20:00:00,42,test,0.227,0.23835908
Selhausen,2024-04-11 21:00:00,42,test,0.231,0.23708047
Selhausen,2024-04-11 22:00:00,42,test,0.226,0.2358002
Selhausen,2024-04-11 23:00:00,42,test,0.228,0.2346741
Selhausen,2024-04-12 00:00:00,42,test,0.227,0.23380935
Selhausen,2024-04-12 01:00:00,42,test,0.228,0.23314852
Selhausen,2024-04-12 02:00:00,42,test,0.224,0.23298906
Selhausen,2024-04-12 03:00:00,42,test,0.224,0.23323166
Selhausen,2024-04-12 04:00:00,42,test,0.225,0.2336397
Selhausen,2024-04-12 05:00:00,42,test,0.226,0.23453176
Selhausen,2024-04-12 06:00:00,42,test,0.223,0.23558839
Selhausen,2024-04-12 07:00:00,42,test,0.225,0.23672709
Selhausen,2024-04-12 08:00:00,42,test,0.224,0.23787056
Selhausen,2025-04-23 18:00:00,42,test,0.362,0.31533146
Selhausen,2025-04-23 19:00:00,42,test,0.364,0.31671438
Selhausen,2025-04-23 20:00:00,42,test,0.36,0.3176444
Selhausen,2025-04-23 21:00:00,42,test,0.363,0.31830025
Selhausen,2025-04-23 22:00:00,42,test,0.361,0.31900397
Selhausen,2025-04-23 23:00:00,42,test,0.359,0.31951913
Selhausen,2025-04-24 00:00:00,42,test,0.36,0.31999493
Selhausen,2025-04-24 01:00:00,42,test,0.355,0.32041582
Selhausen,2025-04-24 02:00:00,42,test,0.359,0.32074684
Selhausen,2025-04-24 03:00:00,42,test,0.359,0.32110232
Selhausen,2025-04-24 04:00:00,42,test,0.356,0.32138252
Selhausen,2025-04-24 05:00:00,42,test,0.354,0.3217771
Selhausen,2025-04-24 06:00:00,42,test,0.358,0.32229775
Selhausen,2025-04-24 07:00:00,42,test,0.359,0.32291368
Selhausen,2025-04-24 08:00:00,42,test,0.356,0.32367116
Selhausen,2025-04-24 09:00:00,42,test,0.355,0.32450247
Selhausen,2025-04-24 10:00:00,42,test,0.354,0.32537687
Selhausen,2025-04-24 11:00:00,42,test,0.353,0.3263595
Selhausen,2025-04-24 12:00:00,42,test,0.358,0.32755774
Selhausen,2025-04-24 13:00:00,42,test,0.355,0.32857543
Selhausen,2025-04-24 14:00:00,42,test,0.347,0.3292556
Selhausen,2025-04-24 15:00:00,42,test,0.348,0.32987553
Selhausen,2025-04-24 16:00:00,42,test,0.344,0.3303371
Selhausen,2025-04-24 17:00:00,42,test,0.347,0.3306856
Selhausen,2025-04-24 18:00:00,42,test,0.344,0.33080703
Selhausen,2025-04-24 19:00:00,42,test,0.341,0.33074555
Selhausen,2025-04-24 20:00:00,42,test,0.34,0.33081222
Selhausen,2025-04-24 21:00:00,42,test,0.338,0.33064508
Selhausen,2025-04-24 22:00:00,42,test,0.339,0.33038697
Selhausen,2025-04-24 23:00:00,42,test,0.34,0.33041432
Selhausen,2025-04-25 00:00:00,42,test,0.336,0.3303955
Selhausen,2025-04-25 01:00:00,42,test,0.34,0.3302303
Selhausen,2025-04-25 02:00:00,42,test,0.338,0.3300259
Selhausen,2025-04-25 03:00:00,42,test,0.335,0.32985726
Selhausen,2025-04-25 04:00:00,42,test,0.335,0.32971284
Selhausen,2025-04-25 05:00:00,42,test,0.336,0.3295967
Selhausen,2025-04-25 06:00:00,42,test,0.333,0.32945693
Selhausen,2025-04-25 07:00:00,42,test,0.333,0.32947376
Selhausen,2025-04-25 08:00:00,42,test,0.336,0.3294782
Selhausen,2025-04-25 09:00:00,42,test,0.34,0.3296154
Selhausen,2025-04-25 10:00:00,42,test,0.337,0.32981697
Selhausen,2025-04-25 11:00:00,42,test,0.341,0.33036554
Selhausen,2025-04-25 12:00:00,42,test,0.336,0.33106187
Selhausen,2025-07-17 23:00:00,42,test,0.227,0.24247772
Selhausen,2025-07-18 00:00:00,42,test,0.225,0.241595
Selhausen,2025-07-18 01:00:00,42,test,0.223,0.24009258
Selhausen,2025-07-18 02:00:00,42,test,0.226,0.23787378
Selhausen,2025-07-18 03:00:00,42,test,0.224,0.23522504
Selhausen,2025-07-18 04:00:00,42,test,0.222,0.23259975
Selhausen,2025-07-18 05:00:00,42,test,0.226,0.2301959
Selhausen,2025-07-18 06:00:00,42,test,0.221,0.22849622
Selhausen,2025-07-18 07:00:00,42,test,0.226,0.22767867
Selhausen,2025-07-18 08:00:00,42,test,0.227,0.22770852
Selhausen,2025-07-18 09:00:00,42,test,0.225,0.22829333
Selhausen,2025-07-18 10:00:00,42,test,0.226,0.22917768
Selhausen,2025-07-18 11:00:00,42,test,0.23,0.2301554
Selhausen,2025-07-18 12:00:00,42,test,0.23,0.23126875
Selhausen,2025-07-18 13:00:00,42,test,0.233,0.23240641
Selhausen,2025-07-18 14:00:00,42,test,0.228,0.23336281
Selhausen,2025-07-18 15:00:00,42,test,0.228,0.23418052
Selhausen,2025-07-18 16:00:00,42,test,0.224,0.23476116
Selhausen,2025-07-18 17:00:00,42,test,0.224,0.235147
Selhausen,2025-07-18 18:00:00,42,test,0.226,0.23528858
Selhausen,2025-07-18 19:00:00,42,test,0.228,0.23525131
Selhausen,2025-07-18 20:00:00,42,test,0.228,0.23509257
Selhausen,2025-07-18 21:00:00,42,test,0.229,0.23517145
Selhausen,2025-07-18 22:00:00,42,test,0.226,0.23538235
Selhausen,2025-07-18 23:00:00,42,test,0.223,0.23539573
Selhausen,2025-07-19 00:00:00,42,test,0.224,0.23507242
Selhausen,2025-07-19 01:00:00,42,test,0.225,0.2343525
Selhausen,2025-07-19 02:00:00,42,test,0.223,0.23316172
Selhausen,2025-07-19 03:00:00,42,test,0.229,0.23182636
Selhausen,2025-07-19 04:00:00,42,test,0.227,0.23021327
Selhausen,2025-07-19 05:00:00,42,test,0.227,0.22881834
Selhausen,2025-07-19 06:00:00,42,test,0.228,0.22759101
Selhausen,2025-07-19 07:00:00,42,test,0.23,0.2266247
Selhausen,2025-07-19 08:00:00,42,test,0.231,0.2260544
Selhausen,2025-07-19 09:00:00,42,test,0.226,0.22579975
Selhausen,2025-07-19 10:00:00,42,test,0.235,0.22584228
Selhausen,2025-07-19 11:00:00,42,test,0.235,0.22605842
Selhausen,2025-07-19 12:00:00,42,test,0.234,0.22655529
Selhausen,2025-07-19 13:00:00,42,test,0.237,0.22698599
Selhausen,2025-07-19 14:00:00,42,test,0.233,0.22716388
Selhausen,2025-07-19 15:00:00,42,test,0.233,0.22735433
Selhausen,2025-07-19 16:00:00,42,test,0.242,0.22759873
Selhausen,2025-07-19 17:00:00,42,test,0.235,0.2275022
Selhausen,2025-07-19 18:00:00,42,test,0.235,0.22767267
Selhausen,2025-07-19 19:00:00,42,test,0.234,0.22782613
Selhausen,2025-07-19 20:00:00,42,test,0.233,0.22840379
Selhausen,2025-08-06 06:00:00,42,test,0.217,0.23635821
Selhausen,2025-08-06 07:00:00,42,test,0.22,0.23605973
Selhausen,2025-08-06 08:00:00,42,test,0.22,0.2374493
Selhausen,2025-08-06 09:00:00,42,test,0.221,0.2398911
Selhausen,2025-08-06 10:00:00,42,test,0.218,0.24132836
Selhausen,2025-08-06 11:00:00,42,test,0.219,0.24408221
Selhausen,2025-08-06 12:00:00,42,test,0.22,0.2454163
Selhausen,2025-08-06 13:00:00,42,test,0.218,0.24599911
Selhausen,2025-08-06 14:00:00,42,test,0.215,0.2461561
Selhausen,2025-08-06 15:00:00,42,test,0.215,0.24753535
Selhausen,2025-08-06 16:00:00,42,test,0.217,0.24924278
Selhausen,2025-08-06 17:00:00,42,test,0.214,0.25086823
Selhausen,2025-08-06 18:00:00,42,test,0.218,0.25061002
Selhausen,2025-08-06 19:00:00,42,test,0.217,0.25100338
Selhausen,2025-08-06 20:00:00,42,test,0.214,0.24977611
Selhausen,2025-08-06 21:00:00,42,test,0.212,0.24939147
Selhausen,2025-08-27 20:00:00,42,test,0.157,0.16557866
Selhausen,2025-08-27 21:00:00,42,test,0.161,0.16503932
Selhausen,2025-08-27 22:00:00,42,test,0.16,0.16397794
Selhausen,2025-08-27 23:00:00,42,test,0.157,0.1628888
Selhausen,2025-08-28 00:00:00,42,test,0.16,0.16165853
Selhausen,2025-08-28 01:00:00,42,test,0.159,0.16016367
Selhausen,2025-08-28 02:00:00,42,test,0.157,0.15879846
Selhausen,2025-08-28 03:00:00,42,test,0.156,0.15764464
Selhausen,2025-08-28 04:00:00,42,test,0.155,0.15668246
Selhausen,2025-08-28 05:00:00,42,test,0.158,0.15588105
Selhausen,2025-08-28 06:00:00,42,test,0.156,0.15544805
Selhausen,2025-08-28 07:00:00,42,test,0.157,0.15508723
Selhausen,2025-08-28 08:00:00,42,test,0.157,0.15503569
Selhausen,2025-08-28 09:00:00,42,test,0.16,0.1553144
Selhausen,2025-08-28 10:00:00,42,test,0.16,0.15565456
Selhausen,2025-08-28 11:00:00,42,test,0.163,0.15656038
Selhausen,2025-08-28 12:00:00,42,test,0.161,0.15740296
Selhausen,2025-08-28 13:00:00,42,test,0.17,0.15831503
Selhausen,2025-08-28 14:00:00,42,test,0.164,0.15918021
Selhausen,2025-08-28 15:00:00,42,test,0.168,0.16053131
Selhausen,2025-08-28 16:00:00,42,test,0.168,0.1617608
Selhausen,2025-08-28 17:00:00,42,test,0.168,0.16266702
Selhausen,2025-08-28 18:00:00,42,test,0.162,0.16340902
Selhausen,2025-08-28 19:00:00,42,test,0.167,0.1640414
Selhausen,2025-08-28 20:00:00,42,test,0.162,0.16443568
Selhausen,2025-08-28 21:00:00,42,test,0.159,0.16477287
Selhausen,2025-08-28 22:00:00,42,test,0.161,0.16444296
Selhausen,2025-08-28 23:00:00,42,test,0.157,0.1634397
Selhausen,2025-08-29 00:00:00,42,test,0.155,0.16210994
Selhausen,2025-08-29 01:00:00,42,test,0.164,0.16039863
Selhausen,2025-08-29 02:00:00,42,test,0.157,0.15828402
Selhausen,2025-08-29 03:00:00,42,test,0.162,0.1558241
Selhausen,2025-08-29 04:00:00,42,test,0.156,0.15360746
Selhausen,2025-08-29 05:00:00,42,test,0.159,0.15155518
Selhausen,2025-08-29 06:00:00,42,test,0.156,0.14990133
Selhausen,2025-08-29 07:00:00,42,test,0.158,0.14870654
Selhausen,2025-08-29 08:00:00,42,test,0.16,0.14833543
Selhausen,2025-08-29 09:00:00,42,test,0.159,0.14844908
Selhausen,2025-08-29 10:00:00,42,test,0.159,0.14936142
Selhausen,2025-08-29 11:00:00,42,test,0.162,0.15057829
Selhausen,2025-08-29 12:00:00,42,test,0.165,0.15208425
Selhausen,2025-08-29 13:00:00,42,test,0.163,0.15390547
Selhausen,2025-08-29 14:00:00,42,test,0.164,0.15654123
Selhausen,2025-08-29 15:00:00,42,test,0.166,0.1591868
Selhausen,2025-08-29 16:00:00,42,test,0.166,0.1618773
Selhausen,2025-08-29 17:00:00,42,test,0.165,0.16376507
Selhausen,2025-08-29 18:00:00,42,test,0.166,0.16482347
Selhausen,2025-08-29 19:00:00,42,test,0.16,0.1652118
Selhausen,2025-08-29 20:00:00,42,test,0.158,0.16496599
Selhausen,2025-08-29 21:00:00,42,test,0.16,0.16418402
Selhausen,2025-08-29 22:00:00,42,test,0.161,0.16309488
Selhausen,2025-08-29 23:00:00,42,test,0.161,0.16129279
Selhausen,2025-08-30 00:00:00,42,test,0.162,0.15945747
Selhausen,2025-08-30 01:00:00,42,test,0.171,0.15753578
Selhausen,2025-08-30 02:00:00,42,test,0.201,0.15555306
Selhausen,2025-08-30 03:00:00,42,test,0.217,0.15351614
Selhausen,2025-08-30 04:00:00,42,test,0.221,0.15151739
Selhausen,2025-08-30 05:00:00,42,test,0.227,0.1499989
Selhausen,2025-08-30 06:00:00,42,test,0.237,0.14892134
Selhausen,2025-08-30 07:00:00,42,test,0.239,0.14828467
Selhausen,2025-08-30 08:00:00,42,test,0.244,0.14812851
Selhausen,2025-08-30 09:00:00,42,test,0.251,0.14883943
Selhausen,2025-08-30 10:00:00,42,test,0.258,0.14954385
Selhausen,2025-08-30 11:00:00,42,test,0.252,0.15062842
Selhausen,2025-08-30 12:00:00,42,test,0.268,0.15246117
Selhausen,2025-08-30 13:00:00,42,test,0.266,0.15457393
Selhausen,2025-08-30 14:00:00,42,test,0.269,0.15666372
Selhausen,2025-08-30 15:00:00,42,test,0.242,0.15905151
Selhausen,2025-08-30 16:00:00,42,test,0.255,0.16113187
Selhausen,2025-08-30 17:00:00,42,test,0.247,0.16322905
Selhausen,2025-08-30 18:00:00,42,test,0.246,0.16440648
Selhausen,2025-08-30 19:00:00,42,test,0.25,0.16550016
Selhausen,2025-08-30 20:00:00,42,test,0.247,0.16563663
Selhausen,2025-08-30 21:00:00,42,test,0.247,0.16468832
Selhausen,2025-09-17 15:00:00,42,test,0.275,0.26394087
Selhausen,2025-09-17 16:00:00,42,test,0.271,0.26411554
Selhausen,2025-09-17 17:00:00,42,test,0.266,0.26417127
Selhausen,2025-09-17 18:00:00,42,test,0.265,0.26341775
Selhausen,2025-09-17 19:00:00,42,test,0.27,0.262402
Selhausen,2025-09-17 20:00:00,42,test,0.265,0.26117715
Selhausen,2025-09-17 21:00:00,42,test,0.27,0.26024652
Selhausen,2025-09-17 22:00:00,42,test,0.264,0.25977367
Selhausen,2025-09-17 23:00:00,42,test,0.261,0.25972676
Selhausen,2025-09-18 00:00:00,42,test,0.259,0.2597804
Selhausen,2025-09-18 01:00:00,42,test,0.261,0.25993055
Selhausen,2025-09-18 02:00:00,42,test,0.262,0.26025563
Selhausen,2025-09-18 03:00:00,42,test,0.261,0.26033098
Selhausen,2025-09-18 04:00:00,42,test,0.255,0.26009583
Selhausen,2025-09-18 05:00:00,42,test,0.257,0.26013017
Selhausen,2025-09-18 06:00:00,42,test,0.257,0.25975823
Selhausen,2025-09-18 07:00:00,42,test,0.259,0.25942725
Selhausen,2025-09-18 08:00:00,42,test,0.257,0.25931093
Selhausen,2025-09-18 09:00:00,42,test,0.261,0.2595125
Selhausen,2025-09-18 10:00:00,42,test,0.265,0.26013216
Selhausen,2025-09-18 11:00:00,42,test,0.259,0.26109138
Selhausen,2025-09-18 12:00:00,42,test,0.265,0.2620959
Selhausen,2025-09-18 13:00:00,42,test,0.266,0.2630048
Selhausen,2025-09-18 14:00:00,42,test,0.267,0.26385486
Selhausen,2025-09-18 15:00:00,42,test,0.265,0.26406935
Selhausen,2025-09-18 16:00:00,42,test,0.263,0.26386997
Selhausen,2025-09-18 17:00:00,42,test,0.255,0.26309836
Selhausen,2025-09-18 18:00:00,42,test,0.26,0.26242718
Selhausen,2025-09-18 19:00:00,42,test,0.256,0.26199123
Selhausen,2025-09-18 20:00:00,42,test,0.262,0.2617527
Selhausen,2025-09-18 21:00:00,42,test,0.253,0.2612852
Selhausen,2025-09-18 22:00:00,42,test,0.252,0.26067573
Selhausen,2025-09-18 23:00:00,42,test,0.256,0.25992888
Selhausen,2025-09-19 00:00:00,42,test,0.256,0.25950828
Selhausen,2025-09-19 01:00:00,42,test,0.261,0.25877362
Selhausen,2025-09-19 02:00:00,42,test,0.247,0.25760627
Selhausen,2025-09-19 03:00:00,42,test,0.25,0.25620574
Selhausen,2025-09-19 04:00:00,42,test,0.268,0.25446013
Selhausen,2025-09-19 05:00:00,42,test,0.253,0.25258648
Selhausen,2025-09-19 06:00:00,42,test,0.259,0.2511159
Selhausen,2025-09-19 07:00:00,42,test,0.256,0.25003275
Selhausen,2025-09-19 08:00:00,42,test,0.258,0.24937907
Selhausen,2025-09-19 09:00:00,42,test,0.258,0.2494131
Selhausen,2025-09-19 10:00:00,42,test,0.259,0.24982986
Selhausen,2025-09-19 11:00:00,42,test,0.261,0.25051677
Selhausen,2025-09-19 12:00:00,42,test,0.262,0.25131202
Selhausen,2025-09-19 13:00:00,42,test,0.263,0.2519749
Selhausen,2025-09-19 14:00:00,42,test,0.261,0.25263783
Selhausen,2025-09-19 15:00:00,42,test,0.262,0.25351036
Selhausen,2025-09-19 16:00:00,42,test,0.263,0.25436175
Selhausen,2025-09-19 17:00:00,42,test,0.259,0.25511637
Selhausen,2025-09-19 18:00:00,42,test,0.261,0.25603938
Selhausen,2025-09-19 19:00:00,42,test,0.26,0.2571269
Selhausen,2025-09-19 20:00:00,42,test,0.261,0.25778148
Selhausen,2025-09-19 21:00:00,42,test,0.264,0.2586018
Selhausen,2025-09-19 22:00:00,42,test,0.258,0.25911635
Selhausen,2025-09-19 23:00:00,42,test,0.256,0.25910532
Selhausen,2025-09-20 00:00:00,42,test,0.258,0.25850397
Selhausen,2025-09-20 01:00:00,42,test,0.257,0.2575929
Selhausen,2025-09-20 02:00:00,42,test,0.257,0.25637957
Selhausen,2025-09-20 03:00:00,42,test,0.281,0.2549469
Selhausen,2025-09-20 04:00:00,42,test,0.255,0.2531006
Selhausen,2025-09-20 05:00:00,42,test,0.255,0.25121778
Selhausen,2025-09-20 06:00:00,42,test,0.256,0.24952483
Selhausen,2025-09-20 07:00:00,42,test,0.256,0.24829863
Selhausen,2025-09-20 08:00:00,42,test,0.2445,0.24744613
Selhausen,2025-09-20 09:00:00,42,test,0.263,0.24707443
Selhausen,2025-09-20 10:00:00,42,test,0.248,0.24713536
Selhausen,2025-09-20 11:00:00,42,test,0.262,0.24720518
Selhausen,2025-09-20 12:00:00,42,test,0.261,0.24777092
Selhausen,2025-09-20 13:00:00,42,test,0.253,0.24887972
Selhausen,2025-09-20 14:00:00,42,test,0.26,0.25030795
Selhausen,2025-09-20 15:00:00,42,test,0.265,0.25168663
Selhausen,2025-09-27 16:00:00,42,test,0.242,0.23904075
Selhausen,2025-09-27 17:00:00,42,test,0.237,0.23971179
Selhausen,2025-09-27 18:00:00,42,test,0.238,0.23986594
Selhausen,2025-09-27 19:00:00,42,test,0.237,0.23959632
Selhausen,2025-09-27 20:00:00,42,test,0.24,0.23877724
Selhausen,2025-09-27 21:00:00,42,test,0.234,0.23752359
Selhausen,2025-09-27 22:00:00,42,test,0.237,0.23623976
Selhausen,2025-09-27 23:00:00,42,test,0.236,0.23467742
Selhausen,2025-09-28 00:00:00,42,test,0.235,0.23285171
Selhausen,2025-09-28 01:00:00,42,test,0.237,0.23084322
Selhausen,2025-09-28 02:00:00,42,test,0.236,0.22871765
Selhausen,2025-09-28 03:00:00,42,test,0.236,0.22650512
Selhausen,2025-09-28 04:00:00,42,test,0.232,0.22448437
Selhausen,2025-09-28 05:00:00,42,test,0.228,0.22270258
Selhausen,2025-09-28 06:00:00,42,test,0.238,0.22134818
Selhausen,2025-09-28 07:00:00,42,test,0.234,0.22064662
Selhausen,2025-09-28 08:00:00,42,test,0.229,0.22069849
Selhausen,2025-09-28 09:00:00,42,test,0.229,0.22159629
Selhausen,2025-09-28 10:00:00,42,test,0.232,0.22339112
Selhausen,2025-09-28 11:00:00,42,test,0.235,0.22561091
Selhausen,2025-09-28 12:00:00,42,test,0.236,0.22808442
Selhausen,2025-09-28 13:00:00,42,test,0.239,0.23066325
