station,timestamp,seed,split,y_true,y_pred
Merzenhausen,2021-10-21 00:00:00,42,val,0.221,0.15403426
Merzenhausen,2021-10-21 01:00:00,42,val,0.202,0.16134523
Merzenhausen,2021-10-21 02:00:00,42,val,0.221,0.16487578
Merzenhausen,2021-10-21 03:00:00,42,val,0.1995,0.16610414
Merzenhausen,2021-10-21 04:00:00,42,val,0.204,0.16580497
Merzenhausen,2021-10-21 05:00:00,42,val,0.204,0.16557115
Merzenhausen,2021-10-21 06:00:00,42,val,0.204,0.16958392
Merzenhausen,2021-10-21 07:00:00,42,val,0.2215,0.18177381
Merzenhausen,2021-10-21 08:00:00,42,val,0.203,0.18686531
Merzenhausen,2021-10-21 09:00:00,42,val,0.2205,0.18716913
Merzenhausen,2021-10-21 10:00:00,42,val,0.1985,0.18504956
Merzenhausen,2021-10-21 11:00:00,42,val,0.2224999999999999,0.18211173
Merzenhausen,2021-10-21 12:00:00,42,val,0.1975,0.19201028
Merzenhausen,2021-10-21 13:00:00,42,val,0.199,0.21224593
Merzenhausen,2021-10-21 14:00:00,42,val,0.2204999999999999,0.21757725
Merzenhausen,2021-10-21 15:00:00,42,val,0.22,0.21823892
Merzenhausen,2021-10-21 16:00:00,42,val,0.198,0.21666627
Merzenhausen,2021-10-21 17:00:00,42,val,0.2215,0.22079399
Merzenhausen,2021-10-21 18:00:00,42,val,0.203,0.22055502
Merzenhausen,2021-10-21 19:00:00,42,val,0.2214999999999999,0.21623291
Merzenhausen,2021-10-21 20:00:00,42,val,0.203,0.21249953
Merzenhausen,2021-10-21 21:00:00,42,val,0.236,0.20678619
Merzenhausen,2021-10-21 22:00:00,42,val,0.204,0.20140085
Merzenhausen,2021-10-21 23:00:00,42,val,0.204,0.1978629
Merzenhausen,2021-10-22 00:00:00,42,val,0.205,0.19415489
Merzenhausen,2021-10-22 01:00:00,42,val,0.204,0.19332649
Merzenhausen,2021-10-22 02:00:00,42,val,0.202,0.19286779
Merzenhausen,2021-10-22 03:00:00,42,val,0.204,0.19102377
Merzenhausen,2021-10-22 04:00:00,42,val,0.205,0.19266395
Merzenhausen,2021-10-22 05:00:00,42,val,0.205,0.19353826
Merzenhausen,2021-10-22 06:00:00,42,val,0.205,0.19404861
Merzenhausen,2021-10-22 07:00:00,42,val,0.219,0.19440505
Merzenhausen,2021-10-22 08:00:00,42,val,0.206,0.19465944
Merzenhausen,2021-10-22 09:00:00,42,val,0.205,0.19513242
Merzenhausen,2021-10-22 10:00:00,42,val,0.218,0.19404434
Merzenhausen,2021-10-22 11:00:00,42,val,0.203,0.19062118
Merzenhausen,2021-10-22 12:00:00,42,val,0.2185,0.18929291
Merzenhausen,2021-10-22 13:00:00,42,val,0.204,0.19229253
Merzenhausen,2021-10-22 14:00:00,42,val,0.201,0.19210683
Merzenhausen,2021-10-22 15:00:00,42,val,0.235,0.19298846
Merzenhausen,2021-10-22 16:00:00,42,val,0.2204999999999999,0.19443381
Merzenhausen,2021-10-22 17:00:00,42,val,0.206,0.19581367
Merzenhausen,2021-10-22 18:00:00,42,val,0.206,0.19873206
Merzenhausen,2021-10-22 19:00:00,42,val,0.206,0.2041974
Merzenhausen,2021-10-22 20:00:00,42,val,0.234,0.20684415
Merzenhausen,2021-10-22 21:00:00,42,val,0.204,0.20763132
Merzenhausen,2021-10-22 22:00:00,42,val,0.219,0.20827542
Merzenhausen,2021-10-22 23:00:00,42,val,0.205,0.20763065
Merzenhausen,2021-10-23 00:00:00,42,val,0.2175,0.20717065
Merzenhausen,2021-10-23 01:00:00,42,val,0.205,0.20572428
Merzenhausen,2021-10-23 02:00:00,42,val,0.217,0.20471433
Merzenhausen,2021-10-23 03:00:00,42,val,0.206,0.20273305
Merzenhausen,2021-10-23 04:00:00,42,val,0.206,0.20055404
Merzenhausen,2021-10-23 05:00:00,42,val,0.206,0.19845407
Merzenhausen,2021-10-23 06:00:00,42,val,0.203,0.19658853
Merzenhausen,2021-10-23 07:00:00,42,val,0.204,0.19615167
Merzenhausen,2021-10-23 08:00:00,42,val,0.204,0.1956872
Merzenhausen,2021-10-23 09:00:00,42,val,0.2155,0.19642693
Merzenhausen,2021-10-23 10:00:00,42,val,0.215,0.19664136
Merzenhausen,2021-10-23 11:00:00,42,val,0.205,0.19810626
Merzenhausen,2021-10-23 12:00:00,42,val,0.207,0.19869918
Merzenhausen,2021-10-23 13:00:00,42,val,0.217,0.19882883
Merzenhausen,2021-10-23 14:00:00,42,val,0.206,0.20000596
Merzenhausen,2021-10-23 15:00:00,42,val,0.2155,0.20172775
Merzenhausen,2021-10-23 16:00:00,42,val,0.215,0.20225054
Merzenhausen,2021-10-23 17:00:00,42,val,0.203,0.2034689
Merzenhausen,2021-10-23 18:00:00,42,val,0.206,0.20390773
Merzenhausen,2021-10-23 19:00:00,42,val,0.206,0.20487007
Merzenhausen,2021-10-23 20:00:00,42,val,0.206,0.20498432
Merzenhausen,2021-10-23 21:00:00,42,val,0.206,0.20618185
Merzenhausen,2021-10-23 22:00:00,42,val,0.206,0.20631917
Merzenhausen,2021-10-23 23:00:00,42,val,0.218,0.20550504
Merzenhausen,2021-10-24 00:00:00,42,val,0.206,0.20410779
Merzenhausen,2021-10-24 01:00:00,42,val,0.2165,0.20225097
Merzenhausen,2021-10-24 02:00:00,42,val,0.206,0.20006903
Merzenhausen,2021-10-24 03:00:00,42,val,0.206,0.19800308
Merzenhausen,2021-10-24 04:00:00,42,val,0.2175,0.19623187
Merzenhausen,2021-10-24 05:00:00,42,val,0.206,0.19477978
Merzenhausen,2021-10-24 06:00:00,42,val,0.206,0.19383568
Merzenhausen,2021-10-24 07:00:00,42,val,0.206,0.19421601
Merzenhausen,2021-10-24 08:00:00,42,val,0.2175,0.19489028
Merzenhausen,2021-10-24 09:00:00,42,val,0.205,0.19588603
Merzenhausen,2021-10-24 10:00:00,42,val,0.205,0.19789112
Merzenhausen,2021-10-24 11:00:00,42,val,0.173,0.20049325
Merzenhausen,2021-10-24 12:00:00,42,val,0.2195,0.2032865
Merzenhausen,2021-10-24 13:00:00,42,val,0.219,0.20504855
Merzenhausen,2021-10-24 14:00:00,42,val,0.2025,0.20578894
Merzenhausen,2021-10-24 15:00:00,42,val,0.209,0.20778207
Merzenhausen,2021-10-24 16:00:00,42,val,0.2185,0.2095438
Merzenhausen,2021-10-24 17:00:00,42,val,0.209,0.21029192
Merzenhausen,2021-10-24 18:00:00,42,val,0.209,0.21041179
Merzenhausen,2021-10-24 19:00:00,42,val,0.202,0.20998958
Merzenhausen,2021-10-24 20:00:00,42,val,0.207,0.21073908
Merzenhausen,2021-10-24 21:00:00,42,val,0.207,0.21056932
Merzenhausen,2021-10-24 22:00:00,42,val,0.2165,0.2104126
Merzenhausen,2021-10-24 23:00:00,42,val,0.207,0.20951636
Merzenhausen,2021-10-25 00:00:00,42,val,0.201,0.20873325
Merzenhausen,2021-10-25 01:00:00,42,val,0.207,0.20734417
Merzenhausen,2021-10-25 02:00:00,42,val,0.217,0.20611298
Merzenhausen,2021-10-25 03:00:00,42,val,0.207,0.20436636
Merzenhausen,2021-10-25 04:00:00,42,val,0.207,0.20239235
Merzenhausen,2021-10-25 05:00:00,42,val,0.217,0.20054394
Merzenhausen,2021-10-25 06:00:00,42,val,0.207,0.19880766
Merzenhausen,2021-10-25 07:00:00,42,val,0.217,0.19752768
Merzenhausen,2021-10-25 08:00:00,42,val,0.217,0.1968514
Merzenhausen,2021-10-25 09:00:00,42,val,0.207,0.19735216
Merzenhausen,2021-10-25 10:00:00,42,val,0.227,0.19850619
Merzenhausen,2021-10-25 11:00:00,42,val,0.209,0.19926913
Merzenhausen,2021-10-25 12:00:00,42,val,0.208,0.1998342
Merzenhausen,2021-10-25 13:00:00,42,val,0.2175,0.20086682
Merzenhausen,2021-10-25 14:00:00,42,val,0.208,0.20139907
Merzenhausen,2021-10-25 15:00:00,42,val,0.207,0.20205882
Merzenhausen,2021-10-25 16:00:00,42,val,0.207,0.21169528
Merzenhausen,2021-10-25 17:00:00,42,val,0.207,0.2152473
Merzenhausen,2021-10-25 18:00:00,42,val,0.208,0.2154403
Merzenhausen,2021-10-25 19:00:00,42,val,0.2175,0.21366799
Merzenhausen,2021-10-25 20:00:00,42,val,0.209,0.21097948
Merzenhausen,2021-10-25 21:00:00,42,val,0.2005,0.20796034
Merzenhausen,2021-10-25 22:00:00,42,val,0.207,0.20495564
Merzenhausen,2021-10-25 23:00:00,42,val,0.208,0.20278974
Merzenhausen,2021-10-26 00:00:00,42,val,0.205,0.20186612
Merzenhausen,2021-10-26 01:00:00,42,val,0.206,0.20090628
Merzenhausen,2021-10-26 02:00:00,42,val,0.206,0.19929223
Merzenhausen,2021-10-26 03:00:00,42,val,0.204,0.1973929
Merzenhausen,2021-10-26 04:00:00,42,val,0.206,0.19614059
Merzenhausen,2021-10-26 05:00:00,42,val,0.207,0.19480622
Merzenhausen,2021-10-26 06:00:00,42,val,0.209,0.1935648
Merzenhausen,2021-10-26 07:00:00,42,val,0.209,0.19261278
Merzenhausen,2021-10-26 08:00:00,42,val,0.206,0.19270733
Merzenhausen,2021-10-26 09:00:00,42,val,0.206,0.19272158
Merzenhausen,2021-10-26 10:00:00,42,val,0.207,0.19280472
Merzenhausen,2021-10-26 11:00:00,42,val,0.204,0.19071977
Merzenhausen,2021-10-26 12:00:00,42,val,0.206,0.19052841
Merzenhausen,2021-10-26 13:00:00,42,val,0.206,0.1914548
Merzenhausen,2021-10-26 14:00:00,42,val,0.208,0.19195218
Merzenhausen,2021-10-26 15:00:00,42,val,0.207,0.19259164
Merzenhausen,2021-10-26 16:00:00,42,val,0.207,0.19375187
Merzenhausen,2021-10-26 17:00:00,42,val,0.207,0.1945106
Merzenhausen,2021-10-26 18:00:00,42,val,0.207,0.19489239
Merzenhausen,2021-10-26 19:00:00,42,val,0.208,0.19457403
Merzenhausen,2021-10-26 20:00:00,42,val,0.208,0.19414884
Merzenhausen,2021-10-26 21:00:00,42,val,0.206,0.19359018
Merzenhausen,2021-10-26 22:00:00,42,val,0.205,0.19349833
Merzenhausen,2021-10-26 23:00:00,42,val,0.206,0.19309124
Merzenhausen,2021-10-27 00:00:00,42,val,0.212,0.19207081
Merzenhausen,2021-10-27 01:00:00,42,val,0.203,0.19104816
Merzenhausen,2021-10-27 02:00:00,42,val,0.203,0.1906148
Merzenhausen,2021-10-27 03:00:00,42,val,0.2105,0.18993932
Merzenhausen,2021-10-27 04:00:00,42,val,0.204,0.18918814
Merzenhausen,2021-10-27 05:00:00,42,val,0.206,0.18924597
Merzenhausen,2021-10-27 06:00:00,42,val,0.2105,0.18920879
Merzenhausen,2021-10-27 07:00:00,42,val,0.207,0.18987331
Merzenhausen,2021-10-27 08:00:00,42,val,0.209,0.19108023
Merzenhausen,2021-10-27 09:00:00,42,val,0.209,0.19199538
Merzenhausen,2021-10-27 10:00:00,42,val,0.206,0.19395615
Merzenhausen,2021-10-27 11:00:00,42,val,0.212,0.1952379
Merzenhausen,2021-10-27 12:00:00,42,val,0.209,0.19591823
Merzenhausen,2021-10-27 13:00:00,42,val,0.211,0.19677371
Merzenhausen,2021-10-27 14:00:00,42,val,0.209,0.19698149
Merzenhausen,2021-10-27 15:00:00,42,val,0.209,0.19671963
Merzenhausen,2021-10-27 16:00:00,42,val,0.208,0.19615336
Merzenhausen,2021-10-27 17:00:00,42,val,0.209,0.19537005
Merzenhausen,2021-10-27 18:00:00,42,val,0.209,0.19454522
Merzenhausen,2021-10-27 19:00:00,42,val,0.21,0.19426924
Merzenhausen,2021-10-27 20:00:00,42,val,0.206,0.19391511
Merzenhausen,2021-10-27 21:00:00,42,val,0.207,0.19306901
Merzenhausen,2021-10-27 22:00:00,42,val,0.207,0.19230726
Merzenhausen,2021-10-27 23:00:00,42,val,0.207,0.1916789
Merzenhausen,2021-10-28 00:00:00,42,val,0.207,0.19091108
Merzenhausen,2021-10-28 01:00:00,42,val,0.207,0.19012126
Merzenhausen,2021-10-28 02:00:00,42,val,0.207,0.18935198
Merzenhausen,2021-10-28 03:00:00,42,val,0.207,0.18849497
Merzenhausen,2021-10-28 04:00:00,42,val,0.197,0.18784125
Merzenhausen,2021-10-28 05:00:00,42,val,0.205,0.18747579
Merzenhausen,2021-10-28 06:00:00,42,val,0.205,0.18771483
Merzenhausen,2021-10-28 07:00:00,42,val,0.205,0.1883854
Merzenhausen,2021-10-28 08:00:00,42,val,0.205,0.18928958
Merzenhausen,2021-10-28 09:00:00,42,val,0.205,0.19045684
Merzenhausen,2021-10-28 10:00:00,42,val,0.205,0.191809
Merzenhausen,2021-10-28 11:00:00,42,val,0.205,0.19293278
Merzenhausen,2021-10-28 12:00:00,42,val,0.209,0.19387275
Merzenhausen,2021-10-28 13:00:00,42,val,0.207,0.1945192
Merzenhausen,2021-10-28 14:00:00,42,val,0.207,0.19501258
Merzenhausen,2021-10-28 15:00:00,42,val,0.207,0.19522133
Merzenhausen,2021-10-28 16:00:00,42,val,0.207,0.19524457
Merzenhausen,2021-10-28 17:00:00,42,val,0.207,0.19513449
Merzenhausen,2021-10-28 18:00:00,42,val,0.207,0.19492202
Merzenhausen,2021-10-28 19:00:00,42,val,0.207,0.19468942
Merzenhausen,2021-10-28 20:00:00,42,val,0.207,0.19446442
Merzenhausen,2021-10-28 21:00:00,42,val,0.207,0.19413857
Merzenhausen,2021-10-28 22:00:00,42,val,0.207,0.19365108
Merzenhausen,2021-10-28 23:00:00,42,val,0.207,0.19307302
Merzenhausen,2021-10-29 00:00:00,42,val,0.207,0.19262531
Merzenhausen,2021-10-29 01:00:00,42,val,0.208,0.19174829
Merzenhausen,2021-10-29 02:00:00,42,val,0.205,0.19046976
Merzenhausen,2021-10-29 03:00:00,42,val,0.205,0.18952093
Merzenhausen,2021-10-29 04:00:00,42,val,0.206,0.18850067
Merzenhausen,2021-10-29 05:00:00,42,val,0.206,0.18769188
Merzenhausen,2021-10-29 06:00:00,42,val,0.206,0.18757318
Merzenhausen,2021-10-29 07:00:00,42,val,0.203,0.1878444
Merzenhausen,2021-10-29 08:00:00,42,val,0.203,0.18852197
Merzenhausen,2021-10-29 09:00:00,42,val,0.203,0.18950115
Merzenhausen,2021-10-29 10:00:00,42,val,0.203,0.19052273
Merzenhausen,2021-10-29 11:00:00,42,val,0.202,0.19183224
Merzenhausen,2021-10-29 12:00:00,42,val,0.206,0.19287018
Merzenhausen,2021-10-29 13:00:00,42,val,0.205,0.19384076
Merzenhausen,2021-10-29 14:00:00,42,val,0.206,0.19445321
Merzenhausen,2021-10-29 15:00:00,42,val,0.206,0.19475973
Merzenhausen,2021-10-29 16:00:00,42,val,0.203,0.1947463
Merzenhausen,2021-10-29 17:00:00,42,val,0.203,0.19456719
Merzenhausen,2021-10-29 18:00:00,42,val,0.203,0.19426729
Merzenhausen,2021-10-29 19:00:00,42,val,0.204,0.19396615
Merzenhausen,2021-10-29 20:00:00,42,val,0.206,0.19337247
Merzenhausen,2021-10-29 21:00:00,42,val,0.214,0.193884
Merzenhausen,2021-10-29 22:00:00,42,val,0.223,0.19394113
Merzenhausen,2021-10-29 23:00:00,42,val,0.228,0.1934524
Merzenhausen,2021-10-30 00:00:00,42,val,0.234,0.19256537
Merzenhausen,2021-10-30 01:00:00,42,val,0.235,0.19151206
Merzenhausen,2021-10-30 02:00:00,42,val,0.238,0.19037312
Merzenhausen,2021-10-30 03:00:00,42,val,0.242,0.18938637
Merzenhausen,2021-10-30 04:00:00,42,val,0.242,0.19072916
Merzenhausen,2021-10-30 05:00:00,42,val,0.244,0.19426899
Merzenhausen,2021-10-30 06:00:00,42,val,0.247,0.19573545
Merzenhausen,2021-10-30 07:00:00,42,val,0.249,0.19605607
Merzenhausen,2021-10-30 08:00:00,42,val,0.246,0.19586873
Merzenhausen,2021-10-30 09:00:00,42,val,0.247,0.19633868
Merzenhausen,2021-10-30 10:00:00,42,val,0.248,0.19634889
Merzenhausen,2021-10-30 11:00:00,42,val,0.248,0.19608538
Merzenhausen,2021-10-30 12:00:00,42,val,0.251,0.19602457
Merzenhausen,2021-10-30 13:00:00,42,val,0.251,0.19595486
Merzenhausen,2021-10-30 14:00:00,42,val,0.251,0.19584051
Merzenhausen,2021-10-30 15:00:00,42,val,0.25,0.19562726
Merzenhausen,2021-10-30 16:00:00,42,val,0.251,0.19532958
Merzenhausen,2021-10-30 17:00:00,42,val,0.251,0.19490814
Merzenhausen,2021-10-30 18:00:00,42,val,0.251,0.19434899
Merzenhausen,2021-10-30 19:00:00,42,val,0.251,0.19645238
Merzenhausen,2021-10-30 20:00:00,42,val,0.253,0.20178609
Merzenhausen,2021-10-30 21:00:00,42,val,0.2515,0.20362246
Merzenhausen,2021-10-30 22:00:00,42,val,0.248,0.20320469
Merzenhausen,2021-10-30 23:00:00,42,val,0.248,0.2015331
Merzenhausen,2021-10-31 00:00:00,42,val,0.248,0.199386
Merzenhausen,2021-10-31 01:00:00,42,val,0.252,0.19711627
Merzenhausen,2021-10-31 02:00:00,42,val,0.256,0.19484004
Merzenhausen,2021-10-31 03:00:00,42,val,0.251,0.1927265
Merzenhausen,2021-10-31 04:00:00,42,val,0.251,0.1910619
Merzenhausen,2021-10-31 05:00:00,42,val,0.251,0.18982974
Merzenhausen,2021-10-31 06:00:00,42,val,0.249,0.1890772
Merzenhausen,2021-10-31 07:00:00,42,val,0.249,0.18857187
Merzenhausen,2021-10-31 08:00:00,42,val,0.247,0.18834785
Merzenhausen,2021-10-31 09:00:00,42,val,0.247,0.18845667
Merzenhausen,2021-10-31 10:00:00,42,val,0.2505,0.18879308
Merzenhausen,2021-10-31 11:00:00,42,val,0.247,0.18920057
Merzenhausen,2021-10-31 12:00:00,42,val,0.252,0.18986113
Merzenhausen,2021-10-31 13:00:00,42,val,0.248,0.19048066
Merzenhausen,2021-10-31 14:00:00,42,val,0.253,0.19110419
Merzenhausen,2021-10-31 15:00:00,42,val,0.25,0.19164
Merzenhausen,2021-10-31 16:00:00,42,val,0.252,0.19180623
Merzenhausen,2021-10-31 17:00:00,42,val,0.2535,0.19233415
Merzenhausen,2021-10-31 18:00:00,42,val,0.256,0.19235735
Merzenhausen,2021-10-31 19:00:00,42,val,0.254,0.21060981
Merzenhausen,2021-10-31 20:00:00,42,val,0.254,0.23179042
Merzenhausen,2021-10-31 21:00:00,42,val,0.253,0.23673743
Merzenhausen,2021-10-31 22:00:00,42,val,0.254,0.23607568
Merzenhausen,2021-10-31 23:00:00,42,val,0.253,0.23289837
Merzenhausen,2021-11-01 00:00:00,42,val,0.2515,0.2293882
Merzenhausen,2021-11-01 01:00:00,42,val,0.253,0.22644311
Merzenhausen,2021-11-01 02:00:00,42,val,0.252,0.22445852
Merzenhausen,2021-11-01 03:00:00,42,val,0.253,0.22356829
Merzenhausen,2021-11-01 04:00:00,42,val,0.253,0.22353059
Merzenhausen,2021-11-01 05:00:00,42,val,0.251,0.22400625
Merzenhausen,2021-11-01 06:00:00,42,val,0.253,0.22493044
Merzenhausen,2021-11-01 07:00:00,42,val,0.2515,0.22624114
Merzenhausen,2021-11-01 08:00:00,42,val,0.251,0.22759008
Merzenhausen,2021-11-01 09:00:00,42,val,0.253,0.22892223
Merzenhausen,2021-11-01 10:00:00,42,val,0.25,0.23012689
Merzenhausen,2021-11-01 11:00:00,42,val,0.251,0.23112318
Merzenhausen,2021-11-01 12:00:00,42,val,0.251,0.23205619
Merzenhausen,2021-11-01 13:00:00,42,val,0.255,0.23281117
Merzenhausen,2021-11-01 14:00:00,42,val,0.263,0.23328069
Merzenhausen,2021-11-01 15:00:00,42,val,0.276,0.23335272
Merzenhausen,2021-11-01 16:00:00,42,val,0.287,0.23323046
Merzenhausen,2021-11-01 17:00:00,42,val,0.299,0.23299925
Merzenhausen,2021-11-01 18:00:00,42,val,0.312,0.23264243
Merzenhausen,2021-11-01 19:00:00,42,val,0.318,0.23220354
Merzenhausen,2021-11-01 20:00:00,42,val,0.323,0.23183502
Merzenhausen,2021-11-01 21:00:00,42,val,0.324,0.2314052
Merzenhausen,2021-11-01 22:00:00,42,val,0.323,0.23067713
Merzenhausen,2021-11-01 23:00:00,42,val,0.326,0.22970517
Merzenhausen,2021-11-02 00:00:00,42,val,0.326,0.22856633
Merzenhausen,2021-11-02 01:00:00,42,val,0.324,0.22745118
Merzenhausen,2021-11-02 02:00:00,42,val,0.325,0.22659357
Merzenhausen,2021-11-02 03:00:00,42,val,0.322,0.22561194
Merzenhausen,2021-11-02 04:00:00,42,val,0.324,0.22470322
Merzenhausen,2021-11-02 05:00:00,42,val,0.322,0.22396283
Merzenhausen,2021-11-02 06:00:00,42,val,0.321,0.22347656
Merzenhausen,2021-11-02 07:00:00,42,val,0.322,0.22347322
Merzenhausen,2021-11-02 08:00:00,42,val,0.319,0.22385323
Merzenhausen,2021-11-02 09:00:00,42,val,0.32,0.2246821
Merzenhausen,2021-11-02 10:00:00,42,val,0.317,0.22598998
Merzenhausen,2021-11-02 11:00:00,42,val,0.319,0.22737825
Merzenhausen,2021-11-02 12:00:00,42,val,0.319,0.22895226
Merzenhausen,2021-11-02 13:00:00,42,val,0.2985,0.23034915
Merzenhausen,2021-11-02 14:00:00,42,val,0.317,0.24046731
Merzenhausen,2021-11-02 15:00:00,42,val,0.319,0.24556051
Merzenhausen,2021-11-02 16:00:00,42,val,0.3215,0.24747711
Merzenhausen,2021-11-02 17:00:00,42,val,0.317,0.24758567
Merzenhausen,2021-11-02 18:00:00,42,val,0.3195,0.24682766
Merzenhausen,2021-11-02 19:00:00,42,val,0.297,0.24553478
Merzenhausen,2021-11-02 20:00:00,42,val,0.314,0.24406299
Merzenhausen,2021-11-02 21:00:00,42,val,0.314,0.24249129
Merzenhausen,2021-11-02 22:00:00,42,val,0.312,0.24092537
Merzenhausen,2021-11-02 23:00:00,42,val,0.314,0.23933485
Merzenhausen,2021-11-03 00:00:00,42,val,0.311,0.23757584
Merzenhausen,2021-11-03 01:00:00,42,val,0.312,0.23577791
Merzenhausen,2021-11-03 02:00:00,42,val,0.312,0.23396371
Merzenhausen,2021-11-03 03:00:00,42,val,0.318,0.23224197
Merzenhausen,2021-11-03 04:00:00,42,val,0.31,0.23074584
Merzenhausen,2021-11-03 05:00:00,42,val,0.318,0.22954091
Merzenhausen,2021-11-03 06:00:00,42,val,0.3165,0.22879915
Merzenhausen,2021-11-03 07:00:00,42,val,0.309,0.22851332
Merzenhausen,2021-11-03 08:00:00,42,val,0.309,0.22870359
Merzenhausen,2021-11-03 09:00:00,42,val,0.31,0.22947977
Merzenhausen,2021-11-03 10:00:00,42,val,0.307,0.23059203
Merzenhausen,2021-11-03 11:00:00,42,val,0.309,0.23949982
Merzenhausen,2021-11-03 12:00:00,42,val,0.307,0.25169536
Merzenhausen,2021-11-03 13:00:00,42,val,0.309,0.26346162
Merzenhausen,2021-11-03 14:00:00,42,val,0.309,0.27268252
Merzenhausen,2021-11-03 15:00:00,42,val,0.307,0.27436393
Merzenhausen,2021-11-03 16:00:00,42,val,0.307,0.27493322
Merzenhausen,2021-11-03 17:00:00,42,val,0.305,0.2781682
Merzenhausen,2021-11-03 18:00:00,42,val,0.277,0.2785216
Merzenhausen,2021-11-03 19:00:00,42,val,0.316,0.27873313
Merzenhausen,2021-11-03 20:00:00,42,val,0.351,0.2789374
Merzenhausen,2021-11-03 21:00:00,42,val,0.354,0.27914855
Merzenhausen,2021-11-03 22:00:00,42,val,0.348,0.27921227
Merzenhausen,2021-11-03 23:00:00,42,val,0.346,0.27995276
Merzenhausen,2021-11-04 00:00:00,42,val,0.3535,0.27997887
Merzenhausen,2021-11-04 01:00:00,42,val,0.353,0.2795946
Merzenhausen,2021-11-04 02:00:00,42,val,0.343,0.27894443
Merzenhausen,2021-11-04 03:00:00,42,val,0.341,0.27802455
Merzenhausen,2021-11-04 04:00:00,42,val,0.343,0.2770564
Merzenhausen,2021-11-04 05:00:00,42,val,0.35,0.2761512
Merzenhausen,2021-11-04 06:00:00,42,val,0.316,0.27540112
Merzenhausen,2021-11-04 07:00:00,42,val,0.34,0.27504432
Merzenhausen,2021-11-04 08:00:00,42,val,0.338,0.27493128
Merzenhausen,2021-11-04 09:00:00,42,val,0.338,0.27523768
Merzenhausen,2021-11-04 10:00:00,42,val,0.337,0.275731
Merzenhausen,2021-11-04 11:00:00,42,val,0.337,0.2773888
Merzenhausen,2021-11-04 12:00:00,42,val,0.338,0.27837762
Merzenhausen,2021-11-04 13:00:00,42,val,0.347,0.27838618
Merzenhausen,2021-11-04 14:00:00,42,val,0.335,0.27825528
Merzenhausen,2021-11-04 15:00:00,42,val,0.335,0.27816817
Merzenhausen,2021-11-04 16:00:00,42,val,0.333,0.2780952
Merzenhausen,2021-11-04 17:00:00,42,val,0.332,0.27774253
Merzenhausen,2021-11-04 18:00:00,42,val,0.3135,0.27724135
Merzenhausen,2021-11-04 19:00:00,42,val,0.332,0.27585244
Merzenhausen,2021-11-04 20:00:00,42,val,0.3429999999999999,0.2745232
Merzenhausen,2021-11-04 21:00:00,42,val,0.328,0.27331978
Merzenhausen,2021-11-04 22:00:00,42,val,0.329,0.27215725
Merzenhausen,2021-11-04 23:00:00,42,val,0.327,0.27112913
Merzenhausen,2021-11-05 00:00:00,42,val,0.326,0.27009648
Merzenhausen,2021-11-05 01:00:00,42,val,0.327,0.26979306
Merzenhausen,2021-11-05 02:00:00,42,val,0.325,0.26904994
Merzenhausen,2021-11-05 03:00:00,42,val,0.3385,0.26834932
Merzenhausen,2021-11-05 04:00:00,42,val,0.325,0.26744622
Merzenhausen,2021-11-05 05:00:00,42,val,0.325,0.26680863
Merzenhausen,2021-11-05 06:00:00,42,val,0.322,0.2664968
Merzenhausen,2021-11-05 07:00:00,42,val,0.324,0.26623788
Merzenhausen,2021-11-05 08:00:00,42,val,0.324,0.2662774
Merzenhausen,2021-11-05 09:00:00,42,val,0.324,0.26666996
Merzenhausen,2021-11-05 10:00:00,42,val,0.325,0.26806945
Merzenhausen,2021-11-05 11:00:00,42,val,0.322,0.2690612
Merzenhausen,2021-11-05 12:00:00,42,val,0.322,0.269641
Merzenhausen,2021-11-05 13:00:00,42,val,0.32,0.2700238
Merzenhausen,2021-11-05 14:00:00,42,val,0.322,0.2701111
Merzenhausen,2021-11-05 15:00:00,42,val,0.32,0.26983494
Merzenhausen,2021-11-05 16:00:00,42,val,0.317,0.26927024
Merzenhausen,2021-11-05 17:00:00,42,val,0.319,0.2823677
Merzenhausen,2021-11-05 18:00:00,42,val,0.317,0.29473177
Merzenhausen,2021-11-05 19:00:00,42,val,0.317,0.296217
Merzenhausen,2021-11-05 20:00:00,42,val,0.317,0.29588163
Merzenhausen,2021-11-05 21:00:00,42,val,0.315,0.29483184
Merzenhausen,2021-11-05 22:00:00,42,val,0.315,0.29341874
Merzenhausen,2021-11-05 23:00:00,42,val,0.314,0.29193565
Merzenhausen,2021-11-06 00:00:00,42,val,0.314,0.29071307
Merzenhausen,2021-11-06 01:00:00,42,val,0.315,0.2904499
Merzenhausen,2021-11-06 02:00:00,42,val,0.312,0.28955856
Merzenhausen,2021-11-06 03:00:00,42,val,0.314,0.28840196
Merzenhausen,2021-11-06 04:00:00,42,val,0.312,0.28734633
Merzenhausen,2021-11-06 05:00:00,42,val,0.312,0.28670835
Merzenhausen,2021-11-06 06:00:00,42,val,0.312,0.2854405
Merzenhausen,2021-11-06 07:00:00,42,val,0.312,0.28464442
Merzenhausen,2021-11-06 08:00:00,42,val,0.31,0.2843964
Merzenhausen,2021-11-06 09:00:00,42,val,0.31,0.28460193
Merzenhausen,2021-11-06 10:00:00,42,val,0.312,0.28508767
Merzenhausen,2021-11-06 11:00:00,42,val,0.309,0.28569895
Merzenhausen,2021-11-06 12:00:00,42,val,0.31,0.28632048
Merzenhausen,2021-11-06 13:00:00,42,val,0.31,0.2880091
Merzenhausen,2021-11-06 14:00:00,42,val,0.307,0.28868937
Merzenhausen,2021-11-06 15:00:00,42,val,0.309,0.28870308
Merzenhausen,2021-11-06 16:00:00,42,val,0.307,0.28811684
Merzenhausen,2021-11-06 17:00:00,42,val,0.307,0.2871184
Merzenhausen,2021-11-06 18:00:00,42,val,0.307,0.28519854
Merzenhausen,2021-11-06 19:00:00,42,val,0.305,0.28341144
Merzenhausen,2021-11-06 20:00:00,42,val,0.305,0.28223896
Merzenhausen,2021-11-06 21:00:00,42,val,0.307,0.2810626
Merzenhausen,2021-11-06 22:00:00,42,val,0.305,0.2799931
Merzenhausen,2021-11-06 23:00:00,42,val,0.305,0.2789862
Merzenhausen,2021-11-07 00:00:00,42,val,0.303,0.278031
Merzenhausen,2021-11-07 01:00:00,42,val,0.305,0.27708572
Merzenhausen,2021-11-07 02:00:00,42,val,0.305,0.27605593
Merzenhausen,2021-11-07 03:00:00,42,val,0.303,0.2755481
Merzenhausen,2021-11-07 04:00:00,42,val,0.303,0.2749782
Merzenhausen,2021-11-07 05:00:00,42,val,0.301,0.27443653
Merzenhausen,2021-11-07 06:00:00,42,val,0.302,0.2739503
Merzenhausen,2021-11-07 07:00:00,42,val,0.303,0.2736734
Merzenhausen,2021-11-07 08:00:00,42,val,0.3,0.2752089
Merzenhausen,2021-11-07 09:00:00,42,val,0.301,0.2768939
Merzenhausen,2021-11-07 10:00:00,42,val,0.3,0.27784452
Merzenhausen,2021-11-07 11:00:00,42,val,0.3,0.27825728
Merzenhausen,2021-11-07 12:00:00,42,val,0.3,0.2782804
Merzenhausen,2021-11-07 13:00:00,42,val,0.302,0.2780348
Merzenhausen,2021-11-07 14:00:00,42,val,0.3,0.27764598
Merzenhausen,2021-11-07 15:00:00,42,val,0.3,0.27703622
Merzenhausen,2021-11-07 16:00:00,42,val,0.3,0.27613539
Merzenhausen,2021-11-07 17:00:00,42,val,0.3,0.27509856
Merzenhausen,2021-11-07 18:00:00,42,val,0.298,0.27399236
Merzenhausen,2021-11-07 19:00:00,42,val,0.298,0.27290455
Merzenhausen,2021-11-07 20:00:00,42,val,0.298,0.27194455
Merzenhausen,2021-11-07 21:00:00,42,val,0.298,0.27106476
Merzenhausen,2021-11-07 22:00:00,42,val,0.298,0.27024743
Merzenhausen,2021-11-07 23:00:00,42,val,0.298,0.2694605
Merzenhausen,2021-11-08 00:00:00,42,val,0.295,0.2687933
Merzenhausen,2021-11-08 01:00:00,42,val,0.298,0.2681051
Merzenhausen,2021-11-08 02:00:00,42,val,0.298,0.26733142
Merzenhausen,2021-11-08 03:00:00,42,val,0.298,0.26658893
Merzenhausen,2021-11-08 04:00:00,42,val,0.296,0.26582855
Merzenhausen,2021-11-08 05:00:00,42,val,0.296,0.26515466
Merzenhausen,2021-12-17 00:00:00,42,val,0.324,0.3094977
Merzenhausen,2021-12-17 01:00:00,42,val,0.323,0.30954793
Merzenhausen,2021-12-17 02:00:00,42,val,0.324,0.30970982
Merzenhausen,2021-12-17 03:00:00,42,val,0.324,0.31002212
Merzenhausen,2021-12-17 04:00:00,42,val,0.323,0.3104623
Merzenhausen,2021-12-17 05:00:00,42,val,0.325,0.31092474
Merzenhausen,2021-12-17 06:00:00,42,val,0.321,0.3113489
Merzenhausen,2021-12-17 07:00:00,42,val,0.321,0.31170827
Merzenhausen,2021-12-17 08:00:00,42,val,0.321,0.31201392
Merzenhausen,2021-12-17 09:00:00,42,val,0.321,0.31234074
Merzenhausen,2021-12-17 10:00:00,42,val,0.324,0.31273445
Merzenhausen,2021-12-17 11:00:00,42,val,0.3195,0.31312415
Merzenhausen,2021-12-17 12:00:00,42,val,0.323,0.31348935
Merzenhausen,2021-12-17 13:00:00,42,val,0.324,0.31372303
Merzenhausen,2021-12-17 14:00:00,42,val,0.323,0.31380886
Merzenhausen,2021-12-17 15:00:00,42,val,0.323,0.31366104
Merzenhausen,2021-12-17 16:00:00,42,val,0.323,0.3133089
Merzenhausen,2021-12-17 17:00:00,42,val,0.3195,0.3126676
Merzenhausen,2021-12-17 18:00:00,42,val,0.323,0.3118034
Merzenhausen,2021-12-17 19:00:00,42,val,0.323,0.3108333
Merzenhausen,2021-12-17 20:00:00,42,val,0.323,0.30986357
Merzenhausen,2021-12-17 21:00:00,42,val,0.323,0.30884832
Merzenhausen,2021-12-17 22:00:00,42,val,0.323,0.30782658
Merzenhausen,2021-12-17 23:00:00,42,val,0.3195,0.30699995
Merzenhausen,2021-12-18 00:00:00,42,val,0.323,0.30632034
Merzenhausen,2021-12-18 01:00:00,42,val,0.323,0.30594718
Merzenhausen,2021-12-18 02:00:00,42,val,0.323,0.30579418
Merzenhausen,2021-12-18 03:00:00,42,val,0.323,0.30585063
Merzenhausen,2021-12-18 04:00:00,42,val,0.323,0.30606914
Merzenhausen,2021-12-18 05:00:00,42,val,0.3195,0.3064174
Merzenhausen,2021-12-18 06:00:00,42,val,0.323,0.30684602
Merzenhausen,2021-12-18 07:00:00,42,val,0.323,0.30729604
Merzenhausen,2021-12-18 08:00:00,42,val,0.323,0.30775392
Merzenhausen,2021-12-18 09:00:00,42,val,0.3225,0.30819595
Merzenhausen,2021-12-18 10:00:00,42,val,0.323,0.30861184
Merzenhausen,2021-12-18 11:00:00,42,val,0.323,0.3090072
Merzenhausen,2021-12-18 12:00:00,42,val,0.323,0.3092709
Merzenhausen,2021-12-18 13:00:00,42,val,0.323,0.30941138
Merzenhausen,2021-12-18 14:00:00,42,val,0.323,0.30933604
Merzenhausen,2021-12-18 15:00:00,42,val,0.323,0.3090558
Merzenhausen,2021-12-18 16:00:00,42,val,0.323,0.30848217
Merzenhausen,2021-12-18 17:00:00,42,val,0.3235,0.30855832
Merzenhausen,2022-01-04 06:00:00,42,val,0.372,0.35871002
Merzenhausen,2022-01-04 07:00:00,42,val,0.374,0.35771495
Merzenhausen,2022-01-04 08:00:00,42,val,0.374,0.35673073
Merzenhausen,2022-01-04 09:00:00,42,val,0.374,0.35665023
Merzenhausen,2022-01-04 10:00:00,42,val,0.371,0.35699755
Merzenhausen,2022-01-04 11:00:00,42,val,0.371,0.35725296
Merzenhausen,2022-01-04 12:00:00,42,val,0.371,0.3576161
Merzenhausen,2022-01-04 13:00:00,42,val,0.372,0.35771632
Merzenhausen,2022-01-04 14:00:00,42,val,0.373,0.35780472
Merzenhausen,2022-01-04 15:00:00,42,val,0.369,0.35790676
Merzenhausen,2022-01-04 16:00:00,42,val,0.371,0.35967952
Merzenhausen,2022-01-04 17:00:00,42,val,0.371,0.3626478
Merzenhausen,2022-01-04 18:00:00,42,val,0.371,0.36772767
Merzenhausen,2022-01-04 19:00:00,42,val,0.371,0.36998466
Merzenhausen,2022-01-04 20:00:00,42,val,0.368,0.37127498
Merzenhausen,2022-01-04 21:00:00,42,val,0.369,0.37038028
Merzenhausen,2022-01-04 22:00:00,42,val,0.368,0.36805606
Merzenhausen,2022-01-04 23:00:00,42,val,0.368,0.3678738
Merzenhausen,2022-01-05 00:00:00,42,val,0.368,0.36782062
Merzenhausen,2022-01-05 01:00:00,42,val,0.366,0.36530983
Merzenhausen,2022-01-05 02:00:00,42,val,0.366,0.36235803
Merzenhausen,2022-01-05 03:00:00,42,val,0.366,0.3596164
Merzenhausen,2022-01-05 04:00:00,42,val,0.368,0.35721034
Merzenhausen,2022-01-05 05:00:00,42,val,0.368,0.35523203
Merzenhausen,2022-01-05 06:00:00,42,val,0.368,0.3537041
Merzenhausen,2022-01-05 07:00:00,42,val,0.366,0.35258743
Merzenhausen,2022-01-05 08:00:00,42,val,0.368,0.35183054
Merzenhausen,2022-01-05 09:00:00,42,val,0.368,0.35137185
Merzenhausen,2022-01-05 10:00:00,42,val,0.368,0.35116136
Merzenhausen,2022-01-05 11:00:00,42,val,0.365,0.3511095
Merzenhausen,2022-01-05 12:00:00,42,val,0.366,0.35123417
Merzenhausen,2022-01-05 13:00:00,42,val,0.366,0.35149813
Merzenhausen,2022-01-05 14:00:00,42,val,0.366,0.35189778
Merzenhausen,2022-01-05 15:00:00,42,val,0.366,0.3524505
Merzenhausen,2022-01-05 16:00:00,42,val,0.366,0.35352725
Merzenhausen,2022-01-05 17:00:00,42,val,0.367,0.35511106
Merzenhausen,2022-01-05 18:00:00,42,val,0.366,0.3561201
Merzenhausen,2022-01-05 19:00:00,42,val,0.367,0.35772264
Merzenhausen,2022-01-05 20:00:00,42,val,0.367,0.35769394
Merzenhausen,2022-01-05 21:00:00,42,val,0.365,0.35723734
Merzenhausen,2022-01-05 22:00:00,42,val,0.365,0.35692793
Merzenhausen,2022-01-05 23:00:00,42,val,0.365,0.3560248
Merzenhausen,2022-01-06 00:00:00,42,val,0.365,0.354976
Merzenhausen,2022-01-06 01:00:00,42,val,0.365,0.35385364
Merzenhausen,2022-01-06 02:00:00,42,val,0.365,0.35283887
Merzenhausen,2022-01-06 03:00:00,42,val,0.365,0.35189912
Merzenhausen,2022-01-06 04:00:00,42,val,0.365,0.35107535
Merzenhausen,2022-01-06 05:00:00,42,val,0.365,0.35036993
Merzenhausen,2022-01-06 06:00:00,42,val,0.365,0.34973013
Merzenhausen,2022-01-06 07:00:00,42,val,0.365,0.34919915
Merzenhausen,2022-01-06 08:00:00,42,val,0.365,0.34874904
Merzenhausen,2022-01-06 09:00:00,42,val,0.365,0.3483814
Merzenhausen,2022-01-06 10:00:00,42,val,0.365,0.34804654
Merzenhausen,2022-01-06 11:00:00,42,val,0.364,0.3478261
Merzenhausen,2022-01-06 12:00:00,42,val,0.365,0.34780458
Merzenhausen,2022-01-06 13:00:00,42,val,0.363,0.34802505
Merzenhausen,2022-01-06 14:00:00,42,val,0.363,0.3485085
Merzenhausen,2022-01-06 15:00:00,42,val,0.363,0.34909612
Merzenhausen,2022-01-06 16:00:00,42,val,0.363,0.3497214
Merzenhausen,2022-01-06 17:00:00,42,val,0.364,0.350252
Merzenhausen,2022-01-06 18:00:00,42,val,0.364,0.3505542
Merzenhausen,2022-01-06 19:00:00,42,val,0.363,0.35055035
Merzenhausen,2022-01-06 20:00:00,42,val,0.364,0.35020423
Merzenhausen,2022-01-06 21:00:00,42,val,0.365,0.34954715
Merzenhausen,2022-01-06 22:00:00,42,val,0.364,0.348689
Merzenhausen,2022-01-06 23:00:00,42,val,0.365,0.34771892
Merzenhausen,2022-01-07 00:00:00,42,val,0.364,0.34675977
Merzenhausen,2022-01-07 01:00:00,42,val,0.365,0.34590137
Merzenhausen,2022-01-07 02:00:00,42,val,0.385,0.34521785
Merzenhausen,2022-01-07 03:00:00,42,val,0.392,0.34473342
Merzenhausen,2022-01-07 04:00:00,42,val,0.389,0.34444782
Merzenhausen,2022-01-07 05:00:00,42,val,0.387,0.3443203
Merzenhausen,2022-01-07 06:00:00,42,val,0.386,0.34521663
Merzenhausen,2022-01-07 07:00:00,42,val,0.384,0.34538022
Merzenhausen,2022-01-07 08:00:00,42,val,0.383,0.34626076
Merzenhausen,2022-01-07 09:00:00,42,val,0.383,0.34634882
Merzenhausen,2022-01-07 10:00:00,42,val,0.382,0.34616774
Merzenhausen,2022-01-07 11:00:00,42,val,0.38,0.3458133
Merzenhausen,2022-01-07 12:00:00,42,val,0.38,0.3465743
Merzenhausen,2022-01-07 13:00:00,42,val,0.378,0.34667897
Merzenhausen,2022-01-07 14:00:00,42,val,0.378,0.34676123
Merzenhausen,2022-01-07 15:00:00,42,val,0.378,0.34687006
Merzenhausen,2022-01-07 16:00:00,42,val,0.377,0.34814245
Merzenhausen,2022-01-07 17:00:00,42,val,0.377,0.348468
Merzenhausen,2022-01-07 18:00:00,42,val,0.375,0.34846318
Merzenhausen,2022-01-07 19:00:00,42,val,0.377,0.348063
Merzenhausen,2022-01-07 20:00:00,42,val,0.377,0.34857243
Merzenhausen,2022-01-07 21:00:00,42,val,0.374,0.34799886
Merzenhausen,2022-01-07 22:00:00,42,val,0.374,0.34710586
Merzenhausen,2022-01-07 23:00:00,42,val,0.373,0.3460245
Merzenhausen,2022-01-08 00:00:00,42,val,0.373,0.3460554
Merzenhausen,2022-01-08 01:00:00,42,val,0.373,0.34742334
Merzenhausen,2022-01-08 02:00:00,42,val,0.373,0.34714365
Merzenhausen,2022-01-08 03:00:00,42,val,0.373,0.34645164
Merzenhausen,2022-01-08 04:00:00,42,val,0.371,0.34830844
Merzenhausen,2022-01-08 05:00:00,42,val,0.372,0.34806103
Merzenhausen,2022-02-05 13:00:00,42,val,0.374,0.33069453
Merzenhausen,2022-02-05 14:00:00,42,val,0.375,0.3317442
Merzenhausen,2022-02-05 15:00:00,42,val,0.374,0.3324395
Merzenhausen,2022-02-05 16:00:00,42,val,0.374,0.33285505
Merzenhausen,2022-02-05 17:00:00,42,val,0.374,0.33299142
Merzenhausen,2022-02-05 18:00:00,42,val,0.371,0.33286303
Merzenhausen,2022-02-05 19:00:00,42,val,0.371,0.33243325
Merzenhausen,2022-02-05 20:00:00,42,val,0.372,0.33182296
Merzenhausen,2022-02-05 21:00:00,42,val,0.371,0.3311338
Merzenhausen,2022-02-05 22:00:00,42,val,0.371,0.3304386
Merzenhausen,2022-02-05 23:00:00,42,val,0.371,0.32970354
Merzenhausen,2022-02-06 00:00:00,42,val,0.371,0.33039415
Merzenhausen,2022-02-06 01:00:00,42,val,0.371,0.33019516
Merzenhausen,2022-02-06 02:00:00,42,val,0.368,0.32975826
Merzenhausen,2022-02-06 03:00:00,42,val,0.368,0.32990015
Merzenhausen,2022-02-06 04:00:00,42,val,0.369,0.33324167
Merzenhausen,2022-02-06 05:00:00,42,val,0.369,0.3372882
Merzenhausen,2022-02-06 06:00:00,42,val,0.369,0.3409814
Merzenhausen,2022-02-06 07:00:00,42,val,0.369,0.34285006
Merzenhausen,2022-02-06 08:00:00,42,val,0.366,0.34513652
Merzenhausen,2022-02-06 09:00:00,42,val,0.369,0.3477261
Merzenhausen,2022-02-06 10:00:00,42,val,0.366,0.3519156
Merzenhausen,2022-02-06 11:00:00,42,val,0.369,0.35654724
Merzenhausen,2022-02-06 12:00:00,42,val,0.367,0.3596695
Merzenhausen,2022-02-06 13:00:00,42,val,0.367,0.35981545
Merzenhausen,2022-02-06 14:00:00,42,val,0.367,0.3609661
Merzenhausen,2022-02-06 15:00:00,42,val,0.367,0.3569219
Merzenhausen,2022-02-06 16:00:00,42,val,0.367,0.35551804
Merzenhausen,2022-02-06 17:00:00,42,val,0.367,0.35398704
Merzenhausen,2022-02-06 18:00:00,42,val,0.369,0.353808
Merzenhausen,2022-02-06 19:00:00,42,val,0.369,0.35759905
Merzenhausen,2022-02-06 20:00:00,42,val,0.365,0.35788321
Merzenhausen,2022-02-06 21:00:00,42,val,0.366,0.35710108
Merzenhausen,2022-02-06 22:00:00,42,val,0.366,0.35624272
Merzenhausen,2022-02-06 23:00:00,42,val,0.365,0.35521212
Merzenhausen,2022-02-07 00:00:00,42,val,0.366,0.3541098
Merzenhausen,2022-02-07 01:00:00,42,val,0.367,0.3538341
Merzenhausen,2022-02-07 02:00:00,42,val,0.367,0.3529026
Merzenhausen,2022-02-07 03:00:00,42,val,0.364,0.35196
Merzenhausen,2022-02-07 04:00:00,42,val,0.364,0.35105872
Merzenhausen,2022-02-07 05:00:00,42,val,0.364,0.35028446
Merzenhausen,2022-02-07 06:00:00,42,val,0.364,0.34961498
Merzenhausen,2022-02-07 07:00:00,42,val,0.364,0.3490466
Merzenhausen,2022-02-07 08:00:00,42,val,0.366,0.34853643
Merzenhausen,2022-02-07 09:00:00,42,val,0.366,0.34814173
Merzenhausen,2022-02-07 10:00:00,42,val,0.364,0.3478573
Merzenhausen,2022-02-07 11:00:00,42,val,0.366,0.3477319
Merzenhausen,2022-02-07 12:00:00,42,val,0.366,0.34783635
Merzenhausen,2022-02-07 13:00:00,42,val,0.366,0.34816635
Merzenhausen,2022-02-07 14:00:00,42,val,0.364,0.34865487
Merzenhausen,2022-02-07 15:00:00,42,val,0.364,0.34971952
Merzenhausen,2022-02-07 16:00:00,42,val,0.364,0.3502535
Merzenhausen,2022-02-07 17:00:00,42,val,0.364,0.35051364
Merzenhausen,2022-02-07 18:00:00,42,val,0.364,0.3504146
Merzenhausen,2022-02-07 19:00:00,42,val,0.363,0.35005373
Merzenhausen,2022-02-07 20:00:00,42,val,0.361,0.34953052
Merzenhausen,2022-02-07 21:00:00,42,val,0.361,0.34897208
Merzenhausen,2022-02-07 22:00:00,42,val,0.363,0.3484258
Merzenhausen,2022-02-07 23:00:00,42,val,0.363,0.3478586
Merzenhausen,2022-02-08 00:00:00,42,val,0.36,0.34728384
Merzenhausen,2022-02-08 01:00:00,42,val,0.363,0.34664392
Merzenhausen,2022-02-08 02:00:00,42,val,0.36,0.34589225
Merzenhausen,2022-02-08 03:00:00,42,val,0.36,0.3450762
Merzenhausen,2022-02-08 04:00:00,42,val,0.361,0.34427908
Merzenhausen,2022-02-08 05:00:00,42,val,0.36,0.3435145
Merzenhausen,2022-02-08 06:00:00,42,val,0.362,0.34279165
Merzenhausen,2022-02-08 07:00:00,42,val,0.361,0.3421563
Merzenhausen,2022-02-08 08:00:00,42,val,0.361,0.34149933
Merzenhausen,2022-02-08 09:00:00,42,val,0.359,0.340979
Merzenhausen,2022-02-08 10:00:00,42,val,0.362,0.34060526
Merzenhausen,2022-02-08 11:00:00,42,val,0.362,0.34046748
Merzenhausen,2022-02-08 12:00:00,42,val,0.362,0.34052876
Merzenhausen,2022-02-08 13:00:00,42,val,0.36,0.34073758
Merzenhausen,2022-02-08 14:00:00,42,val,0.362,0.3409735
Merzenhausen,2022-02-08 15:00:00,42,val,0.36,0.3412068
Merzenhausen,2022-02-08 16:00:00,42,val,0.363,0.34121782
Merzenhausen,2022-02-08 17:00:00,42,val,0.363,0.34110558
Merzenhausen,2022-02-08 18:00:00,42,val,0.363,0.3408112
Merzenhausen,2022-02-08 19:00:00,42,val,0.362,0.34049064
Merzenhausen,2022-04-17 22:00:00,42,val,0.244,0.25842026
Merzenhausen,2022-04-17 23:00:00,42,val,0.244,0.25774354
Merzenhausen,2022-04-18 00:00:00,42,val,0.247,0.25726217
Merzenhausen,2022-04-18 01:00:00,42,val,0.244,0.25683933
Merzenhausen,2022-04-18 02:00:00,42,val,0.244,0.25637868
Merzenhausen,2022-04-18 03:00:00,42,val,0.244,0.25593328
Merzenhausen,2022-04-18 04:00:00,42,val,0.244,0.25582054
Merzenhausen,2022-04-18 05:00:00,42,val,0.245,0.256102
Merzenhausen,2022-04-18 06:00:00,42,val,0.245,0.25675523
Merzenhausen,2022-04-18 07:00:00,42,val,0.243,0.2578102
Merzenhausen,2022-04-18 08:00:00,42,val,0.244,0.25879222
Merzenhausen,2022-04-18 09:00:00,42,val,0.239,0.25960687
Merzenhausen,2022-04-18 10:00:00,42,val,0.24,0.2600087
Merzenhausen,2022-04-18 11:00:00,42,val,0.238,0.25992525
Merzenhausen,2022-04-18 12:00:00,42,val,0.238,0.25917685
Merzenhausen,2022-04-18 13:00:00,42,val,0.236,0.25793937
Merzenhausen,2022-04-18 14:00:00,42,val,0.236,0.25631452
Merzenhausen,2022-04-18 15:00:00,42,val,0.233,0.25406462
Merzenhausen,2022-04-18 16:00:00,42,val,0.232,0.25147268
Merzenhausen,2022-04-18 17:00:00,42,val,0.231,0.24874175
Merzenhausen,2022-04-18 18:00:00,42,val,0.229,0.2463938
Merzenhausen,2022-04-18 19:00:00,42,val,0.229,0.24477641
Merzenhausen,2022-04-18 20:00:00,42,val,0.229,0.24364766
Merzenhausen,2022-04-18 21:00:00,42,val,0.228,0.2429082
Merzenhausen,2022-04-18 22:00:00,42,val,0.229,0.2424064
Merzenhausen,2022-04-18 23:00:00,42,val,0.229,0.24186853
Merzenhausen,2022-04-19 00:00:00,42,val,0.228,0.24142389
Merzenhausen,2022-04-19 01:00:00,42,val,0.23,0.24095255
Merzenhausen,2022-04-19 02:00:00,42,val,0.23,0.24061027
Merzenhausen,2022-04-19 03:00:00,42,val,0.23,0.24033499
Merzenhausen,2022-04-19 04:00:00,42,val,0.228,0.2403482
Merzenhausen,2022-04-19 05:00:00,42,val,0.229,0.24076624
Merzenhausen,2022-04-19 06:00:00,42,val,0.228,0.24165215
Merzenhausen,2022-04-19 07:00:00,42,val,0.228,0.2428335
Merzenhausen,2022-04-19 08:00:00,42,val,0.227,0.24410436
Merzenhausen,2022-04-19 09:00:00,42,val,0.225,0.24509306
Merzenhausen,2022-04-19 10:00:00,42,val,0.225,0.24571237
Merzenhausen,2022-04-19 11:00:00,42,val,0.225,0.24570411
Merzenhausen,2022-04-19 12:00:00,42,val,0.222,0.24510173
Merzenhausen,2022-04-19 13:00:00,42,val,0.22,0.2439964
Merzenhausen,2022-04-19 14:00:00,42,val,0.219,0.24238026
Merzenhausen,2022-04-19 15:00:00,42,val,0.22,0.24015315
Merzenhausen,2022-04-19 16:00:00,42,val,0.216,0.23759396
Merzenhausen,2022-04-19 17:00:00,42,val,0.217,0.23515844
Merzenhausen,2022-04-19 18:00:00,42,val,0.217,0.23299643
Merzenhausen,2022-04-19 19:00:00,42,val,0.218,0.23121797
Merzenhausen,2022-04-19 20:00:00,42,val,0.215,0.2296407
Merzenhausen,2022-04-19 21:00:00,42,val,0.216,0.22851077
Merzenhausen,2022-04-19 22:00:00,42,val,0.215,0.22761671
Merzenhausen,2022-04-19 23:00:00,42,val,0.216,0.22690913
Merzenhausen,2022-04-20 00:00:00,42,val,0.216,0.22653441
Merzenhausen,2022-04-20 01:00:00,42,val,0.216,0.22625214
Merzenhausen,2022-04-20 02:00:00,42,val,0.216,0.22608696
Merzenhausen,2022-04-20 03:00:00,42,val,0.214,0.22610694
Merzenhausen,2022-04-20 04:00:00,42,val,0.216,0.226281
Merzenhausen,2022-04-20 05:00:00,42,val,0.216,0.22673717
Merzenhausen,2022-04-20 06:00:00,42,val,0.214,0.22760196
Merzenhausen,2022-04-20 07:00:00,42,val,0.217,0.22862427
Merzenhausen,2022-04-20 08:00:00,42,val,0.215,0.22973251
Merzenhausen,2022-04-20 09:00:00,42,val,0.217,0.23050857
Merzenhausen,2022-04-20 10:00:00,42,val,0.217,0.2309807
Merzenhausen,2022-04-20 11:00:00,42,val,0.219,0.23098049
Merzenhausen,2022-04-20 12:00:00,42,val,0.217,0.23056962
Merzenhausen,2022-04-20 13:00:00,42,val,0.213,0.2295837
Merzenhausen,2022-04-20 14:00:00,42,val,0.214,0.228241
Merzenhausen,2022-04-20 15:00:00,42,val,0.214,0.22638737
Merzenhausen,2022-04-20 16:00:00,42,val,0.214,0.22426942
Merzenhausen,2022-04-20 17:00:00,42,val,0.213,0.2221181
Merzenhausen,2022-04-20 18:00:00,42,val,0.212,0.22006848
Merzenhausen,2022-04-20 19:00:00,42,val,0.209,0.21830678
Merzenhausen,2022-04-20 20:00:00,42,val,0.211,0.21690732
Merzenhausen,2022-04-20 21:00:00,42,val,0.212,0.21574019
Merzenhausen,2022-04-20 22:00:00,42,val,0.212,0.21490255
Merzenhausen,2022-04-20 23:00:00,42,val,0.212,0.21425685
Merzenhausen,2022-04-21 00:00:00,42,val,0.212,0.2136728
Merzenhausen,2022-04-21 01:00:00,42,val,0.213,0.21331139
Merzenhausen,2022-04-21 02:00:00,42,val,0.209,0.21319802
Merzenhausen,2022-04-21 03:00:00,42,val,0.21,0.21341975
Merzenhausen,2022-04-21 04:00:00,42,val,0.21,0.21363375
Merzenhausen,2022-04-21 05:00:00,42,val,0.21,0.21407339
Merzenhausen,2022-04-21 06:00:00,42,val,0.211,0.21481046
Merzenhausen,2022-04-21 07:00:00,42,val,0.208,0.2158141
Merzenhausen,2022-04-21 08:00:00,42,val,0.209,0.21674569
Merzenhausen,2022-04-21 09:00:00,42,val,0.209,0.21744132
Merzenhausen,2022-04-21 10:00:00,42,val,0.208,0.21777625
Merzenhausen,2022-04-21 11:00:00,42,val,0.209,0.21780555
Merzenhausen,2022-04-21 12:00:00,42,val,0.206,0.21735527
Merzenhausen,2022-04-21 13:00:00,42,val,0.206,0.21643123
Merzenhausen,2022-04-21 14:00:00,42,val,0.204,0.21514958
Merzenhausen,2022-04-21 15:00:00,42,val,0.206,0.21365675
Merzenhausen,2022-04-21 16:00:00,42,val,0.204,0.2119125
Merzenhausen,2022-04-21 17:00:00,42,val,0.203,0.21023244
Merzenhausen,2022-04-21 18:00:00,42,val,0.201,0.20873912
Merzenhausen,2022-04-21 19:00:00,42,val,0.203,0.20755379
Merzenhausen,2022-04-21 20:00:00,42,val,0.204,0.20647313
Merzenhausen,2022-04-21 21:00:00,42,val,0.202,0.20560028
Merzenhausen,2022-04-21 22:00:00,42,val,0.202,0.20481709
Merzenhausen,2022-04-21 23:00:00,42,val,0.203,0.20411757
Merzenhausen,2022-04-22 00:00:00,42,val,0.199,0.20347384
Merzenhausen,2022-04-22 01:00:00,42,val,0.2,0.20293252
Merzenhausen,2022-04-22 02:00:00,42,val,0.201,0.2025929
Merzenhausen,2022-04-22 03:00:00,42,val,0.198,0.20245709
Merzenhausen,2022-04-22 04:00:00,42,val,0.201,0.20256524
Merzenhausen,2022-04-22 05:00:00,42,val,0.204,0.20297974
Merzenhausen,2022-04-22 06:00:00,42,val,0.201,0.20358796
Merzenhausen,2022-04-22 07:00:00,42,val,0.202,0.2044726
Merzenhausen,2022-04-22 08:00:00,42,val,0.202,0.20533474
Merzenhausen,2022-04-22 09:00:00,42,val,0.198,0.20621955
Merzenhausen,2022-04-22 10:00:00,42,val,0.2,0.20702417
Merzenhausen,2022-04-22 11:00:00,42,val,0.196,0.20785737
Merzenhausen,2022-04-22 12:00:00,42,val,0.197,0.20844987
Merzenhausen,2022-04-22 13:00:00,42,val,0.197,0.20852186
Merzenhausen,2022-04-22 14:00:00,42,val,0.197,0.20818275
Merzenhausen,2022-04-22 15:00:00,42,val,0.195,0.20765503
Merzenhausen,2022-04-22 16:00:00,42,val,0.196,0.20700885
Merzenhausen,2022-04-22 17:00:00,42,val,0.196,0.2062163
Merzenhausen,2022-04-22 18:00:00,42,val,0.197,0.20525962
Merzenhausen,2022-04-22 19:00:00,42,val,0.196,0.20412232
Merzenhausen,2022-04-22 20:00:00,42,val,0.194,0.2031267
Merzenhausen,2022-04-22 21:00:00,42,val,0.195,0.20231725
Merzenhausen,2022-04-22 22:00:00,42,val,0.193,0.20167488
Merzenhausen,2022-04-22 23:00:00,42,val,0.194,0.20115995
Merzenhausen,2022-04-23 00:00:00,42,val,0.19,0.20073095
Merzenhausen,2022-04-23 01:00:00,42,val,0.193,0.2004427
Merzenhausen,2022-04-23 02:00:00,42,val,0.193,0.20007296
Merzenhausen,2022-04-23 03:00:00,42,val,0.193,0.1997865
Merzenhausen,2022-04-23 04:00:00,42,val,0.193,0.19966877
Merzenhausen,2022-04-23 05:00:00,42,val,0.194,0.19979008
Merzenhausen,2022-04-23 06:00:00,42,val,0.195,0.2002356
Merzenhausen,2022-04-23 07:00:00,42,val,0.192,0.2006852
Merzenhausen,2022-04-23 08:00:00,42,val,0.192,0.20112015
Merzenhausen,2022-04-23 09:00:00,42,val,0.195,0.2014612
Merzenhausen,2022-04-23 10:00:00,42,val,0.194,0.20155486
Merzenhausen,2022-04-23 11:00:00,42,val,0.196,0.20151296
Merzenhausen,2022-04-23 12:00:00,42,val,0.195,0.20108378
Merzenhausen,2022-04-23 13:00:00,42,val,0.192,0.20035733
Merzenhausen,2022-04-23 14:00:00,42,val,0.194,0.19938707
Merzenhausen,2022-04-23 15:00:00,42,val,0.193,0.19841291
Merzenhausen,2022-04-23 16:00:00,42,val,0.193,0.19745198
Merzenhausen,2022-04-23 17:00:00,42,val,0.192,0.19652484
Merzenhausen,2022-04-23 18:00:00,42,val,0.191,0.19553807
Merzenhausen,2022-04-23 19:00:00,42,val,0.193,0.1947231
Merzenhausen,2022-04-23 20:00:00,42,val,0.19,0.19412853
Merzenhausen,2022-04-23 21:00:00,42,val,0.193,0.19358295
Merzenhausen,2022-04-23 22:00:00,42,val,0.194,0.19313146
Merzenhausen,2022-04-23 23:00:00,42,val,0.191,0.19281776
Merzenhausen,2022-04-24 00:00:00,42,val,0.192,0.19232208
Merzenhausen,2022-04-24 01:00:00,42,val,0.193,0.19172311
Merzenhausen,2022-04-24 02:00:00,42,val,0.193,0.19120452
Merzenhausen,2022-04-24 03:00:00,42,val,0.195,0.19066486
Merzenhausen,2022-04-24 04:00:00,42,val,0.195,0.19044454
Merzenhausen,2022-04-24 05:00:00,42,val,0.195,0.1907009
Merzenhausen,2022-04-24 06:00:00,42,val,0.193,0.19120821
Merzenhausen,2022-04-24 07:00:00,42,val,0.189,0.19191904
Merzenhausen,2022-04-24 08:00:00,42,val,0.191,0.19273117
Merzenhausen,2022-04-24 09:00:00,42,val,0.195,0.19322684
Merzenhausen,2022-04-24 10:00:00,42,val,0.195,0.19363607
Merzenhausen,2022-04-24 11:00:00,42,val,0.192,0.19358684
Merzenhausen,2022-04-24 12:00:00,42,val,0.192,0.19321671
Merzenhausen,2022-04-24 13:00:00,42,val,0.194,0.19255772
Merzenhausen,2022-04-24 14:00:00,42,val,0.193,0.1917312
Merzenhausen,2022-04-24 15:00:00,42,val,0.193,0.1907164
Merzenhausen,2022-04-24 16:00:00,42,val,0.192,0.18975648
Merzenhausen,2022-04-24 17:00:00,42,val,0.19,0.1889109
Merzenhausen,2022-04-24 18:00:00,42,val,0.19,0.18832752
Merzenhausen,2022-04-24 19:00:00,42,val,0.192,0.18784772
Merzenhausen,2022-04-24 20:00:00,42,val,0.193,0.18733817
Merzenhausen,2022-04-24 21:00:00,42,val,0.194,0.18684958
Merzenhausen,2022-04-24 22:00:00,42,val,0.194,0.18630867
Merzenhausen,2022-04-24 23:00:00,42,val,0.192,0.18581656
Merzenhausen,2022-04-25 00:00:00,42,val,0.192,0.18495497
Merzenhausen,2022-04-25 01:00:00,42,val,0.191,0.18419541
Merzenhausen,2022-04-25 02:00:00,42,val,0.192,0.18367967
Merzenhausen,2022-04-25 03:00:00,42,val,0.193,0.18644267
Merzenhausen,2022-04-25 04:00:00,42,val,0.193,0.1875088
Merzenhausen,2022-04-25 05:00:00,42,val,0.194,0.18782996
Merzenhausen,2022-04-25 06:00:00,42,val,0.191,0.18798377
Merzenhausen,2022-04-25 07:00:00,42,val,0.191,0.18872744
Merzenhausen,2022-04-25 08:00:00,42,val,0.191,0.189104
Merzenhausen,2022-04-25 09:00:00,42,val,0.191,0.18944222
Merzenhausen,2022-04-25 10:00:00,42,val,0.191,0.18969527
Merzenhausen,2022-04-25 11:00:00,42,val,0.1995,0.19009979
Merzenhausen,2022-04-25 12:00:00,42,val,0.189,0.19046472
Merzenhausen,2022-04-25 13:00:00,42,val,0.192,0.19066969
Merzenhausen,2022-04-25 14:00:00,42,val,0.189,0.19166999
Merzenhausen,2022-04-25 15:00:00,42,val,0.191,0.19231807
Merzenhausen,2022-04-25 16:00:00,42,val,0.19,0.19263588
Merzenhausen,2022-04-25 17:00:00,42,val,0.19,0.19262488
Merzenhausen,2022-04-25 18:00:00,42,val,0.19,0.19232193
Merzenhausen,2022-04-25 19:00:00,42,val,0.191,0.19198558
Merzenhausen,2022-04-25 20:00:00,42,val,0.19,0.19142334
Merzenhausen,2022-04-25 21:00:00,42,val,0.189,0.19084314
Merzenhausen,2022-04-25 22:00:00,42,val,0.19,0.19023786
Merzenhausen,2022-04-25 23:00:00,42,val,0.188,0.18937884
Merzenhausen,2022-04-26 00:00:00,42,val,0.185,0.18843487
Merzenhausen,2022-04-26 01:00:00,42,val,0.188,0.1875627
Merzenhausen,2022-04-26 02:00:00,42,val,0.185,0.18685853
Merzenhausen,2022-04-26 03:00:00,42,val,0.19,0.18653256
Merzenhausen,2022-04-26 04:00:00,42,val,0.188,0.18848434
Merzenhausen,2022-04-26 05:00:00,42,val,0.189,0.19522637
Merzenhausen,2022-04-26 06:00:00,42,val,0.187,0.19724166
Merzenhausen,2022-04-26 07:00:00,42,val,0.186,0.19710042
Merzenhausen,2022-04-26 08:00:00,42,val,0.186,0.19600691
Merzenhausen,2022-04-26 09:00:00,42,val,0.189,0.1948641
Merzenhausen,2022-04-26 10:00:00,42,val,0.188,0.19393396
Merzenhausen,2022-04-26 11:00:00,42,val,0.187,0.1931375
Merzenhausen,2022-04-26 12:00:00,42,val,0.188,0.1926081
Merzenhausen,2022-04-26 13:00:00,42,val,0.187,0.19243433
Merzenhausen,2022-04-26 14:00:00,42,val,0.186,0.1924124
Merzenhausen,2022-04-26 15:00:00,42,val,0.187,0.19235787
Merzenhausen,2022-04-26 16:00:00,42,val,0.186,0.19215177
Merzenhausen,2022-04-26 17:00:00,42,val,0.186,0.19167724
Merzenhausen,2022-04-26 18:00:00,42,val,0.187,0.19112328
Merzenhausen,2022-04-26 19:00:00,42,val,0.185,0.19135557
Merzenhausen,2022-04-26 20:00:00,42,val,0.184,0.19138467
Merzenhausen,2022-04-26 21:00:00,42,val,0.185,0.19113609
Merzenhausen,2022-04-26 22:00:00,42,val,0.187,0.19063012
Merzenhausen,2022-04-26 23:00:00,42,val,0.185,0.18980573
Merzenhausen,2022-04-27 00:00:00,42,val,0.183,0.18875936
Merzenhausen,2022-04-27 01:00:00,42,val,0.186,0.18767005
Merzenhausen,2022-04-27 02:00:00,42,val,0.183,0.18668255
Merzenhausen,2022-04-27 03:00:00,42,val,0.185,0.18605924
Merzenhausen,2022-04-27 04:00:00,42,val,0.183,0.18577929
Merzenhausen,2022-04-27 05:00:00,42,val,0.184,0.18593597
Merzenhausen,2022-04-27 06:00:00,42,val,0.184,0.18626928
Merzenhausen,2022-04-27 07:00:00,42,val,0.184,0.18679911
Merzenhausen,2022-04-27 08:00:00,42,val,0.183,0.18739563
Merzenhausen,2022-04-27 09:00:00,42,val,0.187,0.18792234
Merzenhausen,2022-04-27 10:00:00,42,val,0.184,0.18828857
Merzenhausen,2022-04-27 11:00:00,42,val,0.186,0.18903092
Merzenhausen,2022-04-27 12:00:00,42,val,0.185,0.18922356
Merzenhausen,2022-04-27 13:00:00,42,val,0.185,0.18910117
Merzenhausen,2022-04-27 14:00:00,42,val,0.184,0.18855697
Merzenhausen,2022-04-27 15:00:00,42,val,0.186,0.18781264
Merzenhausen,2022-04-27 16:00:00,42,val,0.186,0.18698244
Merzenhausen,2022-04-27 17:00:00,42,val,0.186,0.18610291
Merzenhausen,2022-04-27 18:00:00,42,val,0.186,0.18530455
Merzenhausen,2022-04-27 19:00:00,42,val,0.186,0.18470535
Merzenhausen,2022-04-27 20:00:00,42,val,0.184,0.18421379
Merzenhausen,2022-04-27 21:00:00,42,val,0.184,0.18369329
Merzenhausen,2022-04-27 22:00:00,42,val,0.185,0.18323824
Merzenhausen,2022-04-27 23:00:00,42,val,0.185,0.18264842
Merzenhausen,2022-04-28 00:00:00,42,val,0.185,0.1817543
Merzenhausen,2022-04-28 01:00:00,42,val,0.186,0.18094392
Merzenhausen,2022-04-28 02:00:00,42,val,0.184,0.18017817
Merzenhausen,2022-04-28 03:00:00,42,val,0.185,0.17992485
Merzenhausen,2022-04-28 04:00:00,42,val,0.183,0.17997724
Merzenhausen,2022-04-28 05:00:00,42,val,0.184,0.18042628
Merzenhausen,2022-04-28 06:00:00,42,val,0.184,0.1811872
Merzenhausen,2022-04-28 07:00:00,42,val,0.184,0.18200131
Merzenhausen,2022-04-28 08:00:00,42,val,0.184,0.18277015
Merzenhausen,2022-04-28 09:00:00,42,val,0.184,0.18358998
Merzenhausen,2022-04-28 10:00:00,42,val,0.184,0.18423858
Merzenhausen,2022-04-28 11:00:00,42,val,0.183,0.18459016
Merzenhausen,2022-04-28 12:00:00,42,val,0.186,0.18473752
Merzenhausen,2022-04-28 13:00:00,42,val,0.183,0.18450022
Merzenhausen,2022-04-28 14:00:00,42,val,0.185,0.1838883
Merzenhausen,2022-04-28 15:00:00,42,val,0.184,0.1831168
Merzenhausen,2022-04-28 16:00:00,42,val,0.184,0.18220332
Merzenhausen,2022-04-28 17:00:00,42,val,0.184,0.18131374
Merzenhausen,2022-04-28 18:00:00,42,val,0.1855,0.18059185
Merzenhausen,2022-04-28 19:00:00,42,val,0.184,0.179936
Merzenhausen,2022-04-28 20:00:00,42,val,0.183,0.17930996
Merzenhausen,2022-04-28 21:00:00,42,val,0.176,0.17878051
Merzenhausen,2022-04-28 22:00:00,42,val,0.186,0.17847443
Merzenhausen,2022-04-28 23:00:00,42,val,0.183,0.1781191
Merzenhausen,2022-04-29 00:00:00,42,val,0.183,0.17754331
Merzenhausen,2022-04-29 01:00:00,42,val,0.181,0.17712937
Merzenhausen,2022-04-29 02:00:00,42,val,0.182,0.17670023
Merzenhausen,2022-04-29 03:00:00,42,val,0.179,0.17654452
Merzenhausen,2022-04-29 04:00:00,42,val,0.18,0.17650951
Merzenhausen,2022-04-29 05:00:00,42,val,0.18,0.1767388
Merzenhausen,2022-04-29 06:00:00,42,val,0.18,0.17723057
Merzenhausen,2022-04-29 07:00:00,42,val,0.18,0.17786929
Merzenhausen,2022-04-29 08:00:00,42,val,0.18,0.17845869
Merzenhausen,2022-04-29 09:00:00,42,val,0.182,0.17925116
Merzenhausen,2022-04-29 10:00:00,42,val,0.181,0.17988044
Merzenhausen,2022-04-29 11:00:00,42,val,0.181,0.18048914
Merzenhausen,2022-04-29 12:00:00,42,val,0.183,0.18099295
Merzenhausen,2022-04-29 13:00:00,42,val,0.182,0.18137392
Merzenhausen,2022-04-29 14:00:00,42,val,0.183,0.18164143
Merzenhausen,2022-04-29 15:00:00,42,val,0.183,0.18192314
Merzenhausen,2022-04-29 16:00:00,42,val,0.182,0.18222034
Merzenhausen,2022-04-29 17:00:00,42,val,0.182,0.18250157
Merzenhausen,2022-04-29 18:00:00,42,val,0.18,0.18271577
Merzenhausen,2022-04-29 19:00:00,42,val,0.181,0.18275583
Merzenhausen,2022-04-29 20:00:00,42,val,0.182,0.18253903
Merzenhausen,2022-04-29 21:00:00,42,val,0.181,0.18205139
Merzenhausen,2022-04-29 22:00:00,42,val,0.178,0.1813862
Merzenhausen,2022-04-29 23:00:00,42,val,0.179,0.1806154
Merzenhausen,2022-04-30 00:00:00,42,val,0.179,0.17972714
Merzenhausen,2022-04-30 01:00:00,42,val,0.18,0.17889799
Merzenhausen,2022-04-30 02:00:00,42,val,0.179,0.17820613
Merzenhausen,2022-04-30 03:00:00,42,val,0.179,0.17769612
Merzenhausen,2022-04-30 04:00:00,42,val,0.178,0.17732888
Merzenhausen,2022-04-30 05:00:00,42,val,0.178,0.17719282
Merzenhausen,2022-04-30 06:00:00,42,val,0.176,0.17734241
Merzenhausen,2022-04-30 07:00:00,42,val,0.179,0.17778042
Merzenhausen,2022-04-30 08:00:00,42,val,0.18,0.17826706
Merzenhausen,2022-04-30 09:00:00,42,val,0.181,0.1788117
Merzenhausen,2022-04-30 10:00:00,42,val,0.181,0.17934279
Merzenhausen,2022-04-30 11:00:00,42,val,0.18,0.17976138
Merzenhausen,2022-04-30 12:00:00,42,val,0.18,0.18040757
Merzenhausen,2022-04-30 13:00:00,42,val,0.179,0.18081185
Merzenhausen,2022-04-30 14:00:00,42,val,0.178,0.18119568
Merzenhausen,2022-04-30 15:00:00,42,val,0.18,0.18148796
Merzenhausen,2022-04-30 16:00:00,42,val,0.18,0.18165544
Merzenhausen,2022-04-30 17:00:00,42,val,0.178,0.18176731
Merzenhausen,2022-04-30 18:00:00,42,val,0.179,0.18189232
Merzenhausen,2022-04-30 19:00:00,42,val,0.176,0.18185773
Merzenhausen,2022-04-30 20:00:00,42,val,0.178,0.18158737
Merzenhausen,2022-04-30 21:00:00,42,val,0.175,0.18061796
Merzenhausen,2022-04-30 22:00:00,42,val,0.173,0.17991778
Merzenhausen,2022-04-30 23:00:00,42,val,0.176,0.17910518
Merzenhausen,2022-05-01 00:00:00,42,val,0.175,0.17823492
Merzenhausen,2022-05-01 01:00:00,42,val,0.176,0.17726734
Merzenhausen,2022-05-01 02:00:00,42,val,0.177,0.17647931
Merzenhausen,2022-05-01 03:00:00,42,val,0.175,0.17570934
Merzenhausen,2022-05-01 04:00:00,42,val,0.174,0.17515673
Merzenhausen,2022-05-01 05:00:00,42,val,0.172,0.17483832
Merzenhausen,2022-05-01 06:00:00,42,val,0.173,0.17471269
Merzenhausen,2022-05-01 07:00:00,42,val,0.175,0.17478748
Merzenhausen,2022-05-01 08:00:00,42,val,0.172,0.17500758
Merzenhausen,2022-05-01 09:00:00,42,val,0.173,0.17539075
Merzenhausen,2022-05-01 10:00:00,42,val,0.172,0.17575851
Merzenhausen,2022-05-01 11:00:00,42,val,0.174,0.1760502
Merzenhausen,2022-05-01 12:00:00,42,val,0.173,0.17647322
Merzenhausen,2022-05-01 13:00:00,42,val,0.172,0.17687812
Merzenhausen,2022-05-01 14:00:00,42,val,0.175,0.17738512
Merzenhausen,2022-05-01 15:00:00,42,val,0.175,0.17789222
Merzenhausen,2022-05-01 16:00:00,42,val,0.175,0.17826293
Merzenhausen,2022-05-01 17:00:00,42,val,0.175,0.17841808
Merzenhausen,2022-05-01 18:00:00,42,val,0.173,0.17828429
Merzenhausen,2022-05-01 19:00:00,42,val,0.171,0.17810835
Merzenhausen,2022-05-01 20:00:00,42,val,0.173,0.17796816
Merzenhausen,2022-05-01 21:00:00,42,val,0.17,0.17763042
Merzenhausen,2022-05-01 22:00:00,42,val,0.171,0.17685118
Merzenhausen,2022-05-01 23:00:00,42,val,0.17,0.17594709
Merzenhausen,2022-05-02 00:00:00,42,val,0.171,0.17504448
Merzenhausen,2022-05-02 01:00:00,42,val,0.172,0.17417908
Merzenhausen,2022-05-02 02:00:00,42,val,0.169,0.17348284
Merzenhausen,2022-05-02 03:00:00,42,val,0.167,0.1730808
Merzenhausen,2022-05-02 04:00:00,42,val,0.166,0.17290127
Merzenhausen,2022-05-02 05:00:00,42,val,0.168,0.17300376
Merzenhausen,2022-05-02 06:00:00,42,val,0.17,0.17315775
Merzenhausen,2022-05-02 07:00:00,42,val,0.166,0.17356732
Merzenhausen,2022-05-02 08:00:00,42,val,0.165,0.17412628
Merzenhausen,2022-05-02 09:00:00,42,val,0.168,0.17477314
Merzenhausen,2022-05-02 10:00:00,42,val,0.167,0.17531335
Merzenhausen,2022-05-02 11:00:00,42,val,0.17,0.17560083
Merzenhausen,2022-05-02 12:00:00,42,val,0.17,0.17561412
Merzenhausen,2022-05-02 13:00:00,42,val,0.169,0.17533071
Merzenhausen,2022-05-02 14:00:00,42,val,0.168,0.17480838
Merzenhausen,2022-05-02 15:00:00,42,val,0.17,0.17426184
Merzenhausen,2022-05-02 16:00:00,42,val,0.17,0.17366008
Merzenhausen,2022-05-02 17:00:00,42,val,0.172,0.1729379
Merzenhausen,2022-05-02 18:00:00,42,val,0.168,0.17230816
Merzenhausen,2022-05-02 19:00:00,42,val,0.17,0.17153801
Merzenhausen,2022-05-02 20:00:00,42,val,0.168,0.17091626
Merzenhausen,2022-05-02 21:00:00,42,val,0.167,0.17019174
Merzenhausen,2022-05-02 22:00:00,42,val,0.169,0.1693685
Merzenhausen,2022-05-02 23:00:00,42,val,0.167,0.16863589
Merzenhausen,2022-05-03 00:00:00,42,val,0.166,0.16789939
Merzenhausen,2022-05-03 01:00:00,42,val,0.166,0.16723527
Merzenhausen,2022-05-03 02:00:00,42,val,0.164,0.16681091
Merzenhausen,2022-05-03 03:00:00,42,val,0.165,0.16652673
Merzenhausen,2022-05-03 04:00:00,42,val,0.165,0.16632485
Merzenhausen,2022-05-03 05:00:00,42,val,0.162,0.16624713
Merzenhausen,2022-05-03 06:00:00,42,val,0.162,0.16648006
Merzenhausen,2022-05-03 07:00:00,42,val,0.163,0.16705126
Merzenhausen,2022-05-03 08:00:00,42,val,0.166,0.16764614
Merzenhausen,2022-05-03 09:00:00,42,val,0.165,0.16819486
Merzenhausen,2022-05-03 10:00:00,42,val,0.168,0.16850853
Merzenhausen,2022-05-03 11:00:00,42,val,0.166,0.16873214
Merzenhausen,2022-05-03 12:00:00,42,val,0.169,0.16876978
Merzenhausen,2022-05-03 13:00:00,42,val,0.168,0.16857484
Merzenhausen,2022-05-03 14:00:00,42,val,0.17,0.16833209
Merzenhausen,2022-05-03 15:00:00,42,val,0.166,0.16811192
Merzenhausen,2022-05-03 16:00:00,42,val,0.169,0.16791181
Merzenhausen,2022-05-03 17:00:00,42,val,0.167,0.16764653
Merzenhausen,2022-05-03 18:00:00,42,val,0.165,0.16728488
Merzenhausen,2022-05-03 19:00:00,42,val,0.166,0.16675852
Merzenhausen,2022-05-03 20:00:00,42,val,0.165,0.16634516
Merzenhausen,2022-05-03 21:00:00,42,val,0.166,0.16578545
Merzenhausen,2022-05-03 22:00:00,42,val,0.163,0.1652017
Merzenhausen,2022-05-03 23:00:00,42,val,0.162,0.16449489
Merzenhausen,2022-05-04 00:00:00,42,val,0.163,0.16387111
Merzenhausen,2022-05-04 01:00:00,42,val,0.162,0.16338804
Merzenhausen,2022-05-04 02:00:00,42,val,0.161,0.16295426
Merzenhausen,2022-05-04 03:00:00,42,val,0.161,0.1625346
Merzenhausen,2022-05-04 04:00:00,42,val,0.162,0.16221021
Merzenhausen,2022-05-04 05:00:00,42,val,0.16,0.16219223
Merzenhausen,2022-05-04 06:00:00,42,val,0.16,0.16264455
Merzenhausen,2022-05-04 07:00:00,42,val,0.161,0.16312543
Merzenhausen,2022-05-04 08:00:00,42,val,0.16,0.16351984
Merzenhausen,2022-05-04 09:00:00,42,val,0.163,0.16398114
Merzenhausen,2022-05-04 10:00:00,42,val,0.164,0.16428941
Merzenhausen,2022-05-04 11:00:00,42,val,0.165,0.16475938
Merzenhausen,2022-05-04 12:00:00,42,val,0.166,0.16514045
Merzenhausen,2022-05-04 13:00:00,42,val,0.166,0.16535893
Merzenhausen,2022-05-04 14:00:00,42,val,0.165,0.16525802
Merzenhausen,2022-05-04 15:00:00,42,val,0.168,0.1650615
Merzenhausen,2022-05-04 16:00:00,42,val,0.168,0.16480464
Merzenhausen,2022-05-04 17:00:00,42,val,0.164,0.16464381
Merzenhausen,2022-05-04 18:00:00,42,val,0.165,0.16426525
Merzenhausen,2022-05-04 19:00:00,42,val,0.164,0.16395241
Merzenhausen,2022-05-04 20:00:00,42,val,0.164,0.1635836
Merzenhausen,2022-05-04 21:00:00,42,val,0.161,0.16310659
Merzenhausen,2022-05-04 22:00:00,42,val,0.162,0.1627333
Merzenhausen,2022-05-04 23:00:00,42,val,0.163,0.16233268
Merzenhausen,2022-05-05 00:00:00,42,val,0.162,0.16183564
Merzenhausen,2022-05-05 01:00:00,42,val,0.161,0.16132341
Merzenhausen,2022-05-05 02:00:00,42,val,0.159,0.1608025
Merzenhausen,2022-05-05 03:00:00,42,val,0.162,0.16032588
Merzenhausen,2022-05-05 04:00:00,42,val,0.16,0.15999942
Merzenhausen,2022-05-05 05:00:00,42,val,0.16,0.15974863
Merzenhausen,2022-05-05 06:00:00,42,val,0.16,0.15975815
Merzenhausen,2022-05-05 07:00:00,42,val,0.159,0.15994424
Merzenhausen,2022-05-05 08:00:00,42,val,0.161,0.16046567
Merzenhausen,2022-05-05 09:00:00,42,val,0.16,0.1608774
Merzenhausen,2022-05-05 10:00:00,42,val,0.162,0.16138853
Merzenhausen,2022-05-05 11:00:00,42,val,0.163,0.16167343
Merzenhausen,2022-05-05 12:00:00,42,val,0.162,0.16193175
Merzenhausen,2022-05-05 13:00:00,42,val,0.161,0.16201243
Merzenhausen,2022-05-05 14:00:00,42,val,0.162,0.16213252
Merzenhausen,2022-05-05 15:00:00,42,val,0.164,0.16187146
Merzenhausen,2022-05-05 16:00:00,42,val,0.165,0.16179918
Merzenhausen,2022-05-05 17:00:00,42,val,0.164,0.16169986
Merzenhausen,2022-05-05 18:00:00,42,val,0.161,0.1614564
Merzenhausen,2022-05-05 19:00:00,42,val,0.161,0.16121367
Merzenhausen,2022-05-05 20:00:00,42,val,0.163,0.16083659
Merzenhausen,2022-05-05 21:00:00,42,val,0.162,0.16049686
Merzenhausen,2022-05-05 22:00:00,42,val,0.163,0.15998912
Merzenhausen,2022-05-05 23:00:00,42,val,0.158,0.1592703
Merzenhausen,2022-05-06 00:00:00,42,val,0.157,0.15857562
Merzenhausen,2022-05-06 01:00:00,42,val,0.159,0.15788403
Merzenhausen,2022-05-06 02:00:00,42,val,0.159,0.15728047
Merzenhausen,2022-05-06 03:00:00,42,val,0.159,0.15674242
Merzenhausen,2022-05-06 04:00:00,42,val,0.159,0.15653713
Merzenhausen,2022-05-06 05:00:00,42,val,0.162,0.15651087
Merzenhausen,2022-05-06 06:00:00,42,val,0.161,0.15672714
Merzenhausen,2022-05-06 07:00:00,42,val,0.157,0.15708736
Merzenhausen,2022-05-06 08:00:00,42,val,0.16,0.15748118
Merzenhausen,2022-05-06 09:00:00,42,val,0.16,0.15809964
Merzenhausen,2022-05-06 10:00:00,42,val,0.161,0.15874957
Merzenhausen,2022-05-06 11:00:00,42,val,0.16,0.15938817
Merzenhausen,2022-05-06 12:00:00,42,val,0.163,0.1598632
Merzenhausen,2022-05-06 13:00:00,42,val,0.162,0.16013744
Merzenhausen,2022-05-06 14:00:00,42,val,0.164,0.16011287
Merzenhausen,2022-05-06 15:00:00,42,val,0.166,0.16009495
Merzenhausen,2022-05-06 16:00:00,42,val,0.165,0.16007432
Merzenhausen,2022-05-06 17:00:00,42,val,0.162,0.15973526
Merzenhausen,2022-05-06 18:00:00,42,val,0.161,0.15940619
Merzenhausen,2022-05-06 19:00:00,42,val,0.164,0.15893242
Merzenhausen,2022-05-06 20:00:00,42,val,0.158,0.15837316
Merzenhausen,2022-05-06 21:00:00,42,val,0.162,0.15770636
Merzenhausen,2022-05-06 22:00:00,42,val,0.16,0.15712881
Merzenhausen,2022-05-06 23:00:00,42,val,0.157,0.15658635
Merzenhausen,2022-05-07 00:00:00,42,val,0.159,0.15604123
Merzenhausen,2022-05-07 01:00:00,42,val,0.157,0.15548094
Merzenhausen,2022-05-07 02:00:00,42,val,0.159,0.15487404
Merzenhausen,2022-05-07 03:00:00,42,val,0.156,0.15463682
Merzenhausen,2022-05-07 04:00:00,42,val,0.16,0.15454093
Merzenhausen,2022-05-07 05:00:00,42,val,0.157,0.15462692
Merzenhausen,2022-05-07 06:00:00,42,val,0.157,0.15514722
Merzenhausen,2022-05-07 07:00:00,42,val,0.158,0.15585825
Merzenhausen,2022-05-07 08:00:00,42,val,0.158,0.15651114
Merzenhausen,2022-05-07 09:00:00,42,val,0.156,0.15697415
Merzenhausen,2022-05-07 10:00:00,42,val,0.157,0.15733883
Merzenhausen,2022-05-07 11:00:00,42,val,0.159,0.15759535
Merzenhausen,2022-05-07 12:00:00,42,val,0.16,0.15751277
Merzenhausen,2022-05-07 13:00:00,42,val,0.166,0.15714404
Merzenhausen,2022-05-07 14:00:00,42,val,0.16,0.15672658
Merzenhausen,2022-05-07 15:00:00,42,val,0.165,0.17234877
Merzenhausen,2022-05-07 16:00:00,42,val,0.165,0.17741874
Merzenhausen,2022-05-07 17:00:00,42,val,0.165,0.17703778
Merzenhausen,2022-05-07 18:00:00,42,val,0.164,0.17378694
Merzenhausen,2022-05-07 19:00:00,42,val,0.161,0.16957685
Merzenhausen,2022-05-07 20:00:00,42,val,0.162,0.1655941
Merzenhausen,2022-05-07 21:00:00,42,val,0.161,0.16218925
Merzenhausen,2022-05-07 22:00:00,42,val,0.162,0.15964673
Merzenhausen,2022-05-07 23:00:00,42,val,0.157,0.15759045
Merzenhausen,2022-05-08 00:00:00,42,val,0.156,0.15590385
Merzenhausen,2022-05-08 01:00:00,42,val,0.158,0.1547116
Merzenhausen,2022-05-08 02:00:00,42,val,0.157,0.15409933
Merzenhausen,2022-05-08 03:00:00,42,val,0.159,0.15397817
Merzenhausen,2022-05-08 04:00:00,42,val,0.156,0.15412028
Merzenhausen,2022-05-08 05:00:00,42,val,0.158,0.15462196
Merzenhausen,2022-05-08 06:00:00,42,val,0.16,0.15516403
Merzenhausen,2022-05-08 07:00:00,42,val,0.156,0.15547252
Merzenhausen,2022-05-08 08:00:00,42,val,0.161,0.15567721
Merzenhausen,2022-05-08 09:00:00,42,val,0.159,0.1558283
Merzenhausen,2022-05-08 10:00:00,42,val,0.1555,0.15596142
Merzenhausen,2022-05-08 11:00:00,42,val,0.1555,0.15600619
Merzenhausen,2022-05-08 12:00:00,42,val,0.161,0.15609942
Merzenhausen,2022-05-08 13:00:00,42,val,0.162,0.15618418
Merzenhausen,2022-05-08 14:00:00,42,val,0.161,0.15627487
Merzenhausen,2022-05-08 15:00:00,42,val,0.161,0.15641722
Merzenhausen,2022-05-08 16:00:00,42,val,0.161,0.15659341
Merzenhausen,2022-05-08 17:00:00,42,val,0.161,0.15649652
Merzenhausen,2022-05-08 18:00:00,42,val,0.162,0.15621895
Merzenhausen,2022-05-08 19:00:00,42,val,0.16,0.15607573
Merzenhausen,2022-05-08 20:00:00,42,val,0.161,0.15557343
Merzenhausen,2022-05-08 21:00:00,42,val,0.158,0.15521541
Merzenhausen,2022-05-08 22:00:00,42,val,0.162,0.1546299
Merzenhausen,2022-05-08 23:00:00,42,val,0.159,0.15386185
Merzenhausen,2022-05-09 00:00:00,42,val,0.157,0.1532133
Merzenhausen,2022-05-09 01:00:00,42,val,0.16,0.15249096
Merzenhausen,2022-05-09 02:00:00,42,val,0.158,0.1520474
Merzenhausen,2022-05-09 03:00:00,42,val,0.157,0.15163697
Merzenhausen,2022-05-09 04:00:00,42,val,0.155,0.15167052
Merzenhausen,2022-05-09 05:00:00,42,val,0.156,0.15188386
Merzenhausen,2022-05-09 06:00:00,42,val,0.161,0.15247732
Merzenhausen,2022-05-09 07:00:00,42,val,0.156,0.15326326
Merzenhausen,2022-05-09 08:00:00,42,val,0.155,0.15423691
Merzenhausen,2022-05-09 09:00:00,42,val,0.157,0.15496516
Merzenhausen,2022-05-09 10:00:00,42,val,0.16,0.15546596
Merzenhausen,2022-05-09 11:00:00,42,val,0.158,0.1557771
Merzenhausen,2022-05-09 12:00:00,42,val,0.161,0.15591773
Merzenhausen,2022-05-09 13:00:00,42,val,0.158,0.15624867
Merzenhausen,2022-05-09 14:00:00,42,val,0.161,0.15609503
Merzenhausen,2022-05-09 15:00:00,42,val,0.159,0.15607248
Merzenhausen,2022-05-09 16:00:00,42,val,0.161,0.15615836
Merzenhausen,2022-05-09 17:00:00,42,val,0.161,0.15625681
Merzenhausen,2022-05-09 18:00:00,42,val,0.158,0.15632698
Merzenhausen,2022-05-09 19:00:00,42,val,0.16,0.156102
Merzenhausen,2022-05-09 20:00:00,42,val,0.157,0.15558913
Merzenhausen,2022-05-09 21:00:00,42,val,0.158,0.15504478
Merzenhausen,2022-05-09 22:00:00,42,val,0.155,0.15459844
Merzenhausen,2022-05-09 23:00:00,42,val,0.159,0.15391287
Merzenhausen,2022-05-10 00:00:00,42,val,0.157,0.15310381
Merzenhausen,2022-05-10 01:00:00,42,val,0.158,0.15244822
Merzenhausen,2022-05-10 02:00:00,42,val,0.162,0.15183328
Merzenhausen,2022-05-10 03:00:00,42,val,0.157,0.15152313
Merzenhausen,2022-05-10 04:00:00,42,val,0.154,0.15130237
Merzenhausen,2022-05-10 05:00:00,42,val,0.155,0.15129338
Merzenhausen,2022-05-10 06:00:00,42,val,0.155,0.1516477
Merzenhausen,2022-05-10 07:00:00,42,val,0.155,0.15245429
Merzenhausen,2022-05-10 08:00:00,42,val,0.157,0.15360424
Merzenhausen,2022-05-10 09:00:00,42,val,0.152,0.15447952
Merzenhausen,2022-05-10 10:00:00,42,val,0.155,0.15480295
Merzenhausen,2022-05-10 11:00:00,42,val,0.155,0.1547027
Merzenhausen,2022-05-10 12:00:00,42,val,0.157,0.15457365
Merzenhausen,2022-05-10 13:00:00,42,val,0.156,0.15451694
Merzenhausen,2022-05-10 14:00:00,42,val,0.158,0.15444213
Merzenhausen,2022-05-10 15:00:00,42,val,0.158,0.15441002
Merzenhausen,2022-05-10 16:00:00,42,val,0.156,0.15449153
Merzenhausen,2022-05-10 17:00:00,42,val,0.157,0.15453362
Merzenhausen,2022-05-10 18:00:00,42,val,0.157,0.15474351
Merzenhausen,2022-05-10 19:00:00,42,val,0.156,0.15470439
Merzenhausen,2022-05-10 20:00:00,42,val,0.153,0.15463912
Merzenhausen,2022-05-10 21:00:00,42,val,0.154,0.15449074
Merzenhausen,2022-05-10 22:00:00,42,val,0.155,0.15433134
Merzenhausen,2022-05-10 23:00:00,42,val,0.152,0.15403858
Merzenhausen,2022-05-11 00:00:00,42,val,0.154,0.1535626
Merzenhausen,2022-05-11 01:00:00,42,val,0.153,0.15326822
Merzenhausen,2022-05-11 02:00:00,42,val,0.152,0.15284795
Merzenhausen,2022-05-11 03:00:00,42,val,0.152,0.15239297
Merzenhausen,2022-05-11 04:00:00,42,val,0.15,0.15187493
Merzenhausen,2022-05-11 05:00:00,42,val,0.15,0.1514546
Merzenhausen,2022-05-11 06:00:00,42,val,0.15,0.15173429
Merzenhausen,2022-05-11 07:00:00,42,val,0.154,0.15226145
Merzenhausen,2022-05-11 08:00:00,42,val,0.152,0.15258636
Merzenhausen,2022-05-11 09:00:00,42,val,0.155,0.1527883
Merzenhausen,2022-05-11 10:00:00,42,val,0.154,0.15302579
Merzenhausen,2022-05-11 11:00:00,42,val,0.152,0.15314284
Merzenhausen,2022-05-11 12:00:00,42,val,0.154,0.15335414
Merzenhausen,2022-05-11 13:00:00,42,val,0.156,0.15338808
Merzenhausen,2022-05-11 14:00:00,42,val,0.155,0.15337208
Merzenhausen,2022-05-11 15:00:00,42,val,0.156,0.15319473
Merzenhausen,2022-05-11 16:00:00,42,val,0.156,0.15313342
Merzenhausen,2022-05-11 17:00:00,42,val,0.158,0.15316142
Merzenhausen,2022-05-11 18:00:00,42,val,0.151,0.15309483
Merzenhausen,2022-05-11 19:00:00,42,val,0.153,0.15297136
Merzenhausen,2022-05-11 20:00:00,42,val,0.154,0.15280208
Merzenhausen,2022-05-11 21:00:00,42,val,0.154,0.1526045
Merzenhausen,2022-05-11 22:00:00,42,val,0.151,0.15212852
Merzenhausen,2022-05-11 23:00:00,42,val,0.152,0.15181276
Merzenhausen,2022-05-12 00:00:00,42,val,0.15,0.15495895
Merzenhausen,2022-05-12 01:00:00,42,val,0.149,0.15627053
Merzenhausen,2022-05-12 02:00:00,42,val,0.151,0.15648283
Merzenhausen,2022-05-12 03:00:00,42,val,0.148,0.15569204
Merzenhausen,2022-05-12 04:00:00,42,val,0.152,0.15434639
Merzenhausen,2022-05-12 05:00:00,42,val,0.151,0.15319404
Merzenhausen,2022-05-12 06:00:00,42,val,0.151,0.15239398
Merzenhausen,2022-05-12 07:00:00,42,val,0.15,0.1518536
Merzenhausen,2022-05-12 08:00:00,42,val,0.151,0.15154782
Merzenhausen,2022-05-12 09:00:00,42,val,0.151,0.15112051
Merzenhausen,2022-05-12 10:00:00,42,val,0.152,0.15069072
Merzenhausen,2022-05-12 11:00:00,42,val,0.154,0.15029967
Merzenhausen,2022-05-12 12:00:00,42,val,0.155,0.15004008
Merzenhausen,2022-05-12 13:00:00,42,val,0.155,0.14981914
Merzenhausen,2022-05-12 14:00:00,42,val,0.154,0.14975727
Merzenhausen,2022-05-12 15:00:00,42,val,0.153,0.14984336
Merzenhausen,2022-05-12 16:00:00,42,val,0.153,0.14983857
Merzenhausen,2022-05-12 17:00:00,42,val,0.153,0.14988331
Merzenhausen,2022-05-12 18:00:00,42,val,0.154,0.14998049
Merzenhausen,2022-05-12 19:00:00,42,val,0.153,0.14998308
Merzenhausen,2022-05-12 20:00:00,42,val,0.151,0.14959951
Merzenhausen,2022-05-12 21:00:00,42,val,0.154,0.1492246
Merzenhausen,2022-05-12 22:00:00,42,val,0.151,0.14899626
Merzenhausen,2022-05-12 23:00:00,42,val,0.152,0.14846507
Merzenhausen,2022-05-13 00:00:00,42,val,0.147,0.14789613
Merzenhausen,2022-05-13 01:00:00,42,val,0.148,0.14740662
Merzenhausen,2022-05-13 02:00:00,42,val,0.149,0.14698201
Merzenhausen,2022-05-13 03:00:00,42,val,0.147,0.14677836
Merzenhausen,2022-05-13 04:00:00,42,val,0.148,0.14652768
Merzenhausen,2022-05-13 05:00:00,42,val,0.15,0.14646237
Merzenhausen,2022-05-13 06:00:00,42,val,0.148,0.14649777
Merzenhausen,2022-05-13 07:00:00,42,val,0.148,0.14684138
Merzenhausen,2022-05-13 08:00:00,42,val,0.149,0.14726734
Merzenhausen,2022-05-13 09:00:00,42,val,0.148,0.14795403
Merzenhausen,2022-05-13 10:00:00,42,val,0.15,0.14867093
Merzenhausen,2022-05-13 11:00:00,42,val,0.151,0.14910473
Merzenhausen,2022-05-13 12:00:00,42,val,0.15,0.14945851
Merzenhausen,2022-05-13 13:00:00,42,val,0.15,0.1497994
Merzenhausen,2022-05-13 14:00:00,42,val,0.152,0.15000325
Merzenhausen,2022-05-13 15:00:00,42,val,0.152,0.15013272
Merzenhausen,2022-05-13 16:00:00,42,val,0.156,0.1502711
Merzenhausen,2022-05-13 17:00:00,42,val,0.151,0.15050483
Merzenhausen,2022-05-13 18:00:00,42,val,0.15,0.15030605
Merzenhausen,2022-05-13 19:00:00,42,val,0.152,0.14997959
Merzenhausen,2022-05-13 20:00:00,42,val,0.153,0.14958483
Merzenhausen,2022-05-13 21:00:00,42,val,0.151,0.14915377
Merzenhausen,2022-05-13 22:00:00,42,val,0.149,0.14854099
Merzenhausen,2022-05-13 23:00:00,42,val,0.148,0.14801559
Merzenhausen,2022-05-14 00:00:00,42,val,0.147,0.147369
Merzenhausen,2022-05-14 01:00:00,42,val,0.15,0.14676236
Merzenhausen,2022-05-14 02:00:00,42,val,0.151,0.14632137
Merzenhausen,2022-05-14 03:00:00,42,val,0.149,0.14582902
Merzenhausen,2022-05-14 04:00:00,42,val,0.15,0.14556195
Merzenhausen,2022-05-14 05:00:00,42,val,0.146,0.14558993
Merzenhausen,2022-05-14 06:00:00,42,val,0.15,0.14599177
Merzenhausen,2022-05-14 07:00:00,42,val,0.148,0.14655623
Merzenhausen,2022-05-14 08:00:00,42,val,0.151,0.14721599
Merzenhausen,2022-05-14 09:00:00,42,val,0.15,0.14785306
Merzenhausen,2022-05-14 10:00:00,42,val,0.149,0.14842537
Merzenhausen,2022-05-14 11:00:00,42,val,0.15,0.14894482
Merzenhausen,2022-05-14 12:00:00,42,val,0.153,0.14938885
Merzenhausen,2022-05-14 13:00:00,42,val,0.152,0.14966513
Merzenhausen,2022-05-14 14:00:00,42,val,0.152,0.14972141
Merzenhausen,2022-05-14 15:00:00,42,val,0.151,0.14947596
Merzenhausen,2022-05-14 16:00:00,42,val,0.153,0.14910202
Merzenhausen,2022-05-14 17:00:00,42,val,0.149,0.14870322
Merzenhausen,2022-05-14 18:00:00,42,val,0.15,0.1483988
Merzenhausen,2022-05-14 19:00:00,42,val,0.15,0.1480194
Merzenhausen,2022-05-14 20:00:00,42,val,0.149,0.1473144
Merzenhausen,2022-05-14 21:00:00,42,val,0.15,0.14683574
Merzenhausen,2022-05-14 22:00:00,42,val,0.147,0.14622855
Merzenhausen,2022-05-14 23:00:00,42,val,0.146,0.14566344
Merzenhausen,2022-05-15 00:00:00,42,val,0.147,0.14494102
Merzenhausen,2022-05-15 01:00:00,42,val,0.147,0.14419231
Merzenhausen,2022-05-15 02:00:00,42,val,0.144,0.14359583
Merzenhausen,2022-05-15 03:00:00,42,val,0.15,0.1430304
Merzenhausen,2022-05-15 04:00:00,42,val,0.15,0.14263457
Merzenhausen,2022-05-15 05:00:00,42,val,0.15,0.14278963
Merzenhausen,2022-05-15 06:00:00,42,val,0.146,0.14333072
Merzenhausen,2022-05-15 07:00:00,42,val,0.148,0.14419083
Merzenhausen,2022-05-15 08:00:00,42,val,0.147,0.14515418
Merzenhausen,2022-05-15 09:00:00,42,val,0.146,0.14592543
Merzenhausen,2022-05-15 10:00:00,42,val,0.147,0.14658163
Merzenhausen,2022-05-15 11:00:00,42,val,0.149,0.14709368
Merzenhausen,2022-05-15 12:00:00,42,val,0.152,0.14733568
Merzenhausen,2022-05-15 13:00:00,42,val,0.153,0.14740032
Merzenhausen,2022-05-15 14:00:00,42,val,0.15,0.14739195
Merzenhausen,2022-05-15 15:00:00,42,val,0.149,0.14723098
Merzenhausen,2022-05-15 16:00:00,42,val,0.151,0.14731264
Merzenhausen,2022-05-15 17:00:00,42,val,0.15,0.14724708
Merzenhausen,2022-05-15 18:00:00,42,val,0.148,0.14702202
Merzenhausen,2022-05-15 19:00:00,42,val,0.153,0.14679497
Merzenhausen,2022-05-15 20:00:00,42,val,0.15,0.14648199
Merzenhausen,2022-05-15 21:00:00,42,val,0.147,0.14605363
Merzenhausen,2022-05-15 22:00:00,42,val,0.151,0.14568639
Merzenhausen,2022-05-15 23:00:00,42,val,0.146,0.14527461
Merzenhausen,2022-05-16 00:00:00,42,val,0.143,0.14481793
Merzenhausen,2022-05-16 01:00:00,42,val,0.146,0.14472133
Merzenhausen,2022-05-16 02:00:00,42,val,0.146,0.1448411
Merzenhausen,2022-05-16 03:00:00,42,val,0.147,0.14481266
Merzenhausen,2022-05-16 04:00:00,42,val,0.145,0.144782
Merzenhausen,2022-05-16 05:00:00,42,val,0.145,0.1448841
Merzenhausen,2022-05-16 06:00:00,42,val,0.145,0.14510065
Merzenhausen,2022-05-16 07:00:00,42,val,0.147,0.14539352
Merzenhausen,2022-05-16 08:00:00,42,val,0.147,0.14604944
Merzenhausen,2022-05-16 09:00:00,42,val,0.148,0.14680372
Merzenhausen,2022-05-16 10:00:00,42,val,0.147,0.14719856
Merzenhausen,2022-05-16 11:00:00,42,val,0.146,0.14738555
Merzenhausen,2022-05-16 12:00:00,42,val,0.146,0.14738926
Merzenhausen,2022-05-16 13:00:00,42,val,0.148,0.14730415
Merzenhausen,2022-05-16 14:00:00,42,val,0.15,0.14689974
Merzenhausen,2022-05-16 15:00:00,42,val,0.149,0.14655179
Merzenhausen,2022-05-16 16:00:00,42,val,0.149,0.14638542
Merzenhausen,2022-05-16 17:00:00,42,val,0.149,0.14618507
Merzenhausen,2022-05-16 18:00:00,42,val,0.152,0.1459992
Merzenhausen,2022-05-16 19:00:00,42,val,0.149,0.14573151
Merzenhausen,2022-05-16 20:00:00,42,val,0.15,0.14528525
Merzenhausen,2022-05-16 21:00:00,42,val,0.147,0.14478546
Merzenhausen,2022-05-16 22:00:00,42,val,0.146,0.14419225
Merzenhausen,2022-05-16 23:00:00,42,val,0.148,0.14359078
Merzenhausen,2022-05-17 00:00:00,42,val,0.147,0.14295965
Merzenhausen,2022-05-17 01:00:00,42,val,0.146,0.14242661
Merzenhausen,2022-05-17 02:00:00,42,val,0.146,0.14176428
Merzenhausen,2022-05-17 03:00:00,42,val,0.143,0.14148948
Merzenhausen,2022-05-17 04:00:00,42,val,0.145,0.14161211
Merzenhausen,2022-05-17 05:00:00,42,val,0.145,0.14210469
Merzenhausen,2022-05-17 06:00:00,42,val,0.145,0.14268321
Merzenhausen,2022-05-17 07:00:00,42,val,0.143,0.1435548
Merzenhausen,2022-05-17 08:00:00,42,val,0.146,0.14434636
Merzenhausen,2022-05-17 09:00:00,42,val,0.146,0.14487076
Merzenhausen,2022-05-17 10:00:00,42,val,0.148,0.14519607
Merzenhausen,2022-05-17 11:00:00,42,val,0.146,0.14539942
Merzenhausen,2022-05-17 12:00:00,42,val,0.148,0.14579228
Merzenhausen,2022-05-17 13:00:00,42,val,0.15,0.14621308
Merzenhausen,2022-05-17 14:00:00,42,val,0.145,0.1464662
Merzenhausen,2022-05-17 15:00:00,42,val,0.149,0.1465548
Merzenhausen,2022-05-17 16:00:00,42,val,0.146,0.14645928
Merzenhausen,2022-05-17 17:00:00,42,val,0.149,0.1462691
Merzenhausen,2022-05-17 18:00:00,42,val,0.146,0.14591743
Merzenhausen,2022-05-17 19:00:00,42,val,0.146,0.14578956
Merzenhausen,2022-05-17 20:00:00,42,val,0.145,0.14562152
Merzenhausen,2022-05-17 21:00:00,42,val,0.145,0.14530745
Merzenhausen,2022-05-17 22:00:00,42,val,0.146,0.14504255
Merzenhausen,2022-05-17 23:00:00,42,val,0.146,0.14446758
Merzenhausen,2022-05-18 00:00:00,42,val,0.143,0.14351878
Merzenhausen,2022-05-18 01:00:00,42,val,0.142,0.14267308
Merzenhausen,2022-05-18 02:00:00,42,val,0.1415,0.14192292
Merzenhausen,2022-05-18 03:00:00,42,val,0.148,0.14147015
Merzenhausen,2022-05-18 04:00:00,42,val,0.143,0.14105082
Merzenhausen,2022-05-18 05:00:00,42,val,0.147,0.14096126
Merzenhausen,2022-05-18 06:00:00,42,val,0.146,0.14152482
Merzenhausen,2022-05-18 07:00:00,42,val,0.142,0.1424958
Merzenhausen,2022-05-18 08:00:00,42,val,0.145,0.14370666
Merzenhausen,2022-05-18 09:00:00,42,val,0.145,0.1447879
Merzenhausen,2022-05-18 10:00:00,42,val,0.153,0.1458714
Merzenhausen,2022-05-18 11:00:00,42,val,0.145,0.14647031
Merzenhausen,2022-05-18 12:00:00,42,val,0.146,0.14656536
Merzenhausen,2022-05-18 13:00:00,42,val,0.148,0.14664955
Merzenhausen,2022-05-18 14:00:00,42,val,0.146,0.14668202
Merzenhausen,2022-05-18 15:00:00,42,val,0.148,0.1466463
Merzenhausen,2022-05-18 16:00:00,42,val,0.145,0.14656174
Merzenhausen,2022-05-18 17:00:00,42,val,0.145,0.14639956
Merzenhausen,2022-05-18 18:00:00,42,val,0.146,0.14643131
Merzenhausen,2022-05-18 19:00:00,42,val,0.143,0.1462177
Merzenhausen,2022-05-18 20:00:00,42,val,0.145,0.14597933
Merzenhausen,2022-05-18 21:00:00,42,val,0.144,0.14538127
Merzenhausen,2022-05-18 22:00:00,42,val,0.143,0.14457849
Merzenhausen,2022-05-18 23:00:00,42,val,0.141,0.14379278
Merzenhausen,2022-05-19 00:00:00,42,val,0.146,0.14297909
Merzenhausen,2022-05-19 01:00:00,42,val,0.142,0.14250013
Merzenhausen,2022-05-19 02:00:00,42,val,0.143,0.14197314
Merzenhausen,2022-05-19 03:00:00,42,val,0.143,0.14150918
Merzenhausen,2022-05-19 04:00:00,42,val,0.145,0.14130798
Merzenhausen,2022-05-19 05:00:00,42,val,0.141,0.1413725
Merzenhausen,2022-05-19 06:00:00,42,val,0.141,0.14180419
Merzenhausen,2022-05-19 07:00:00,42,val,0.145,0.14209616
Merzenhausen,2022-05-19 08:00:00,42,val,0.143,0.14256768
Merzenhausen,2022-05-19 09:00:00,42,val,0.143,0.14311936
Merzenhausen,2022-05-19 10:00:00,42,val,0.144,0.14359216
Merzenhausen,2022-05-19 11:00:00,42,val,0.145,0.14395681
Merzenhausen,2022-05-19 12:00:00,42,val,0.144,0.14440796
Merzenhausen,2022-05-19 13:00:00,42,val,0.145,0.14407255
Merzenhausen,2022-05-19 14:00:00,42,val,0.143,0.14336169
Merzenhausen,2022-05-19 15:00:00,42,val,0.144,0.14289203
Merzenhausen,2022-05-19 16:00:00,42,val,0.151,0.14260766
Merzenhausen,2022-05-19 17:00:00,42,val,0.144,0.14264043
Merzenhausen,2022-05-19 18:00:00,42,val,0.143,0.14257447
Merzenhausen,2022-05-19 19:00:00,42,val,0.145,0.1424209
Merzenhausen,2022-05-19 20:00:00,42,val,0.146,0.14200148
Merzenhausen,2022-05-19 21:00:00,42,val,0.143,0.14163584
Merzenhausen,2022-05-19 22:00:00,42,val,0.142,0.14131886
Merzenhausen,2022-05-19 23:00:00,42,val,0.142,0.14108455
Merzenhausen,2022-05-20 00:00:00,42,val,0.143,0.14057726
Merzenhausen,2022-05-20 01:00:00,42,val,0.1445,0.13994905
Merzenhausen,2022-05-20 02:00:00,42,val,0.143,0.1392014
Merzenhausen,2022-05-20 03:00:00,42,val,0.143,0.13896145
Merzenhausen,2022-05-20 04:00:00,42,val,0.141,0.13885447
Merzenhausen,2022-05-20 05:00:00,42,val,0.14,0.1391336
Merzenhausen,2022-05-20 06:00:00,42,val,0.1445,0.13971423
Merzenhausen,2022-05-20 07:00:00,42,val,0.139,0.14018002
Merzenhausen,2022-05-20 08:00:00,42,val,0.139,0.14065936
Merzenhausen,2022-05-20 09:00:00,42,val,0.143,0.14109288
Merzenhausen,2022-05-20 10:00:00,42,val,0.146,0.14201272
Merzenhausen,2022-05-20 11:00:00,42,val,0.146,0.14259365
Merzenhausen,2022-05-20 12:00:00,42,val,0.145,0.14266343
Merzenhausen,2022-05-20 13:00:00,42,val,0.146,0.1465607
Merzenhausen,2022-05-20 14:00:00,42,val,0.148,0.14835477
Merzenhausen,2022-05-20 15:00:00,42,val,0.146,0.15955922
Merzenhausen,2022-05-20 16:00:00,42,val,0.147,0.16564661
Merzenhausen,2022-05-20 17:00:00,42,val,0.148,0.16587473
Merzenhausen,2022-05-20 18:00:00,42,val,0.145,0.16280255
Merzenhausen,2022-05-20 19:00:00,42,val,0.146,0.15841782
Merzenhausen,2022-05-20 20:00:00,42,val,0.143,0.15413558
Merzenhausen,2022-05-20 21:00:00,42,val,0.145,0.15038362
Merzenhausen,2022-05-20 22:00:00,42,val,0.142,0.1473525
Merzenhausen,2022-05-20 23:00:00,42,val,0.146,0.1449045
Merzenhausen,2022-05-21 00:00:00,42,val,0.143,0.14335
Merzenhausen,2022-05-21 01:00:00,42,val,0.143,0.14227954
Merzenhausen,2022-05-21 02:00:00,42,val,0.145,0.14163703
Merzenhausen,2022-05-21 03:00:00,42,val,0.141,0.14126542
Merzenhausen,2022-05-21 04:00:00,42,val,0.142,0.14134392
Merzenhausen,2022-05-21 05:00:00,42,val,0.142,0.14135665
Merzenhausen,2022-05-21 06:00:00,42,val,0.142,0.14134327
Merzenhausen,2022-05-21 07:00:00,42,val,0.1475,0.14149952
Merzenhausen,2022-05-21 08:00:00,42,val,0.143,0.14166428
Merzenhausen,2022-05-21 09:00:00,42,val,0.144,0.14225164
Merzenhausen,2022-05-21 10:00:00,42,val,0.145,0.14246646
Merzenhausen,2022-05-21 11:00:00,42,val,0.146,0.14257064
Merzenhausen,2022-05-21 12:00:00,42,val,0.145,0.14258063
Merzenhausen,2022-05-21 13:00:00,42,val,0.149,0.14264065
Merzenhausen,2022-05-21 14:00:00,42,val,0.145,0.14262268
Merzenhausen,2022-05-21 15:00:00,42,val,0.148,0.14264037
Merzenhausen,2022-05-21 16:00:00,42,val,0.145,0.14308508
Merzenhausen,2022-05-21 17:00:00,42,val,0.148,0.14328308
Merzenhausen,2022-05-21 18:00:00,42,val,0.147,0.14316781
Merzenhausen,2022-05-21 19:00:00,42,val,0.146,0.14294016
Merzenhausen,2022-05-21 20:00:00,42,val,0.146,0.14265132
Merzenhausen,2022-05-21 21:00:00,42,val,0.145,0.14213575
Merzenhausen,2022-05-21 22:00:00,42,val,0.145,0.14150107
Merzenhausen,2022-05-21 23:00:00,42,val,0.142,0.14081079
Merzenhausen,2022-05-22 00:00:00,42,val,0.146,0.14024812
Merzenhausen,2022-05-22 01:00:00,42,val,0.143,0.13990965
Merzenhausen,2022-05-22 02:00:00,42,val,0.145,0.13960585
Merzenhausen,2022-05-22 03:00:00,42,val,0.142,0.1393913
Merzenhausen,2022-05-22 04:00:00,42,val,0.146,0.13918248
Merzenhausen,2022-05-22 05:00:00,42,val,0.142,0.13902143
Merzenhausen,2022-05-22 06:00:00,42,val,0.146,0.13937727
Merzenhausen,2022-05-22 07:00:00,42,val,0.143,0.13999112
Merzenhausen,2022-05-22 08:00:00,42,val,0.146,0.14056444
Merzenhausen,2022-05-22 09:00:00,42,val,0.142,0.14126334
Merzenhausen,2022-05-22 10:00:00,42,val,0.144,0.142068
Merzenhausen,2022-05-22 11:00:00,42,val,0.142,0.14279023
Merzenhausen,2022-05-22 12:00:00,42,val,0.145,0.14326036
Merzenhausen,2022-05-22 13:00:00,42,val,0.143,0.14359248
Merzenhausen,2022-05-22 14:00:00,42,val,0.144,0.14378104
Merzenhausen,2022-05-22 15:00:00,42,val,0.146,0.14379394
Merzenhausen,2022-05-22 16:00:00,42,val,0.146,0.14366186
Merzenhausen,2022-05-22 17:00:00,42,val,0.143,0.14349248
Merzenhausen,2022-05-22 18:00:00,42,val,0.143,0.14315397
Merzenhausen,2022-05-22 19:00:00,42,val,0.145,0.14269504
Merzenhausen,2022-05-22 20:00:00,42,val,0.142,0.14192721
Merzenhausen,2022-05-22 21:00:00,42,val,0.142,0.14124185
Merzenhausen,2022-05-22 22:00:00,42,val,0.143,0.14052258
Merzenhausen,2022-05-22 23:00:00,42,val,0.145,0.14018306
Merzenhausen,2022-05-23 00:00:00,42,val,0.142,0.13998514
Merzenhausen,2022-05-23 01:00:00,42,val,0.143,0.13979664
Merzenhausen,2022-05-23 02:00:00,42,val,0.141,0.13988715
Merzenhausen,2022-05-23 03:00:00,42,val,0.141,0.13990861
Merzenhausen,2022-05-23 04:00:00,42,val,0.14,0.13996188
Merzenhausen,2022-05-23 05:00:00,42,val,0.14,0.1401195
Merzenhausen,2022-05-23 06:00:00,42,val,0.14,0.14031117
Merzenhausen,2022-05-23 07:00:00,42,val,0.141,0.14080372
Merzenhausen,2022-05-23 08:00:00,42,val,0.143,0.14126265
Merzenhausen,2022-05-23 09:00:00,42,val,0.142,0.14159307
Merzenhausen,2022-05-23 10:00:00,42,val,0.143,0.14202294
Merzenhausen,2022-05-23 11:00:00,42,val,0.144,0.14239693
Merzenhausen,2022-05-23 12:00:00,42,val,0.145,0.14266318
Merzenhausen,2022-05-23 13:00:00,42,val,0.143,0.14473526
Merzenhausen,2022-05-23 14:00:00,42,val,0.146,0.15205096
Merzenhausen,2022-05-23 15:00:00,42,val,0.145,0.15479523
Merzenhausen,2022-05-23 16:00:00,42,val,0.146,0.15804192
Merzenhausen,2022-05-23 17:00:00,42,val,0.144,0.15803413
Merzenhausen,2022-05-23 18:00:00,42,val,0.143,0.16427213
Merzenhausen,2022-05-23 19:00:00,42,val,0.145,0.16467856
Merzenhausen,2022-05-23 20:00:00,42,val,0.142,0.1619169
Merzenhausen,2022-05-23 21:00:00,42,val,0.146,0.15791157
Merzenhausen,2022-05-23 22:00:00,42,val,0.142,0.15392041
Merzenhausen,2022-05-23 23:00:00,42,val,0.143,0.15034613
Merzenhausen,2022-05-24 00:00:00,42,val,0.143,0.14772412
Merzenhausen,2022-05-24 01:00:00,42,val,0.1525,0.14578368
Merzenhausen,2022-05-24 02:00:00,42,val,0.143,0.14457034
Merzenhausen,2022-05-24 03:00:00,42,val,0.143,0.14365438
Merzenhausen,2022-05-24 04:00:00,42,val,0.143,0.14324158
Merzenhausen,2022-05-24 05:00:00,42,val,0.143,0.14440034
Merzenhausen,2022-05-24 06:00:00,42,val,0.143,0.14707913
Merzenhausen,2022-05-24 07:00:00,42,val,0.144,0.14758529
Merzenhausen,2022-05-24 08:00:00,42,val,0.1505,0.1473548
Merzenhausen,2022-05-24 09:00:00,42,val,0.1455,0.1465901
Merzenhausen,2022-05-24 10:00:00,42,val,0.145,0.14573234
Merzenhausen,2022-05-24 11:00:00,42,val,0.141,0.14478236
Merzenhausen,2022-05-24 12:00:00,42,val,0.1515,0.1442225
Merzenhausen,2022-05-24 13:00:00,42,val,0.145,0.14383537
Merzenhausen,2022-05-24 14:00:00,42,val,0.143,0.14372808
Merzenhausen,2022-05-24 15:00:00,42,val,0.143,0.14848441
Merzenhausen,2022-05-24 16:00:00,42,val,0.143,0.15165624
Merzenhausen,2022-05-24 17:00:00,42,val,0.145,0.15282227
Merzenhausen,2022-05-24 18:00:00,42,val,0.142,0.15276332
Merzenhausen,2022-05-24 19:00:00,42,val,0.153,0.15218434
Merzenhausen,2022-05-24 20:00:00,42,val,0.144,0.15119663
Merzenhausen,2022-05-24 21:00:00,42,val,0.143,0.15002143
Merzenhausen,2022-05-24 22:00:00,42,val,0.1475,0.14882317
Merzenhausen,2022-05-24 23:00:00,42,val,0.1505,0.14778645
Merzenhausen,2022-05-25 00:00:00,42,val,0.146,0.14674151
Merzenhausen,2022-05-25 01:00:00,42,val,0.142,0.14581287
Merzenhausen,2022-05-25 02:00:00,42,val,0.143,0.14497465
Merzenhausen,2022-05-25 03:00:00,42,val,0.143,0.14422089
Merzenhausen,2022-05-25 04:00:00,42,val,0.143,0.14356366
Merzenhausen,2022-05-25 05:00:00,42,val,0.145,0.14307283
Merzenhausen,2022-05-25 06:00:00,42,val,0.145,0.14278832
Merzenhausen,2022-05-25 07:00:00,42,val,0.145,0.14277312
Merzenhausen,2022-05-25 08:00:00,42,val,0.143,0.14297178
Merzenhausen,2022-05-25 09:00:00,42,val,0.15,0.14319313
Merzenhausen,2022-05-25 10:00:00,42,val,0.141,0.14342898
Merzenhausen,2022-05-25 11:00:00,42,val,0.143,0.14362043
Merzenhausen,2022-05-25 12:00:00,42,val,0.146,0.14370874
Merzenhausen,2022-05-25 13:00:00,42,val,0.142,0.14373142
Merzenhausen,2022-05-25 14:00:00,42,val,0.145,0.14392889
Merzenhausen,2022-05-25 15:00:00,42,val,0.145,0.1440539
Merzenhausen,2022-05-25 16:00:00,42,val,0.145,0.14420468
Merzenhausen,2022-05-25 17:00:00,42,val,0.146,0.14420897
Merzenhausen,2022-05-25 18:00:00,42,val,0.146,0.14410864
Merzenhausen,2022-05-25 19:00:00,42,val,0.145,0.14406314
Merzenhausen,2022-05-25 20:00:00,42,val,0.142,0.14380097
Merzenhausen,2022-05-25 21:00:00,42,val,0.143,0.14363609
Merzenhausen,2022-05-25 22:00:00,42,val,0.14,0.1432575
Merzenhausen,2022-05-25 23:00:00,42,val,0.141,0.14282258
Merzenhausen,2022-05-26 00:00:00,42,val,0.141,0.14240173
Merzenhausen,2022-05-26 01:00:00,42,val,0.14,0.14263462
Merzenhausen,2022-05-26 02:00:00,42,val,0.143,0.14273548
Merzenhausen,2022-05-26 03:00:00,42,val,0.139,0.14278069
Merzenhausen,2022-05-26 04:00:00,42,val,0.139,0.14284313
Merzenhausen,2022-05-26 05:00:00,42,val,0.141,0.14292228
Merzenhausen,2022-05-26 06:00:00,42,val,0.139,0.14302972
Merzenhausen,2022-05-26 07:00:00,42,val,0.142,0.14313826
Merzenhausen,2022-05-26 08:00:00,42,val,0.142,0.14355816
Merzenhausen,2022-05-26 09:00:00,42,val,0.144,0.14379908
Merzenhausen,2022-05-26 10:00:00,42,val,0.143,0.14393029
Merzenhausen,2022-05-26 11:00:00,42,val,0.141,0.14365877
Merzenhausen,2022-05-26 12:00:00,42,val,0.144,0.14391181
Merzenhausen,2022-05-26 13:00:00,42,val,0.144,0.14398634
Merzenhausen,2022-05-26 14:00:00,42,val,0.141,0.14380187
Merzenhausen,2022-05-26 15:00:00,42,val,0.143,0.14348277
Merzenhausen,2022-05-26 16:00:00,42,val,0.143,0.14314371
Merzenhausen,2022-05-26 17:00:00,42,val,0.142,0.14288975
Merzenhausen,2022-05-26 18:00:00,42,val,0.142,0.14245331
Merzenhausen,2022-05-26 19:00:00,42,val,0.143,0.14268436
Merzenhausen,2022-05-26 20:00:00,42,val,0.142,0.14263669
Merzenhausen,2022-05-26 21:00:00,42,val,0.142,0.14228776
Merzenhausen,2022-05-26 22:00:00,42,val,0.141,0.14209425
Merzenhausen,2022-05-26 23:00:00,42,val,0.142,0.14220482
Merzenhausen,2022-05-27 00:00:00,42,val,0.142,0.14224404
Merzenhausen,2022-05-27 01:00:00,42,val,0.137,0.14206114
Merzenhausen,2022-05-27 02:00:00,42,val,0.138,0.14191225
Merzenhausen,2022-05-27 03:00:00,42,val,0.139,0.14260899
Merzenhausen,2022-05-27 04:00:00,42,val,0.137,0.14279467
Merzenhausen,2022-05-27 05:00:00,42,val,0.139,0.14341527
Merzenhausen,2022-05-27 06:00:00,42,val,0.135,0.1465385
Merzenhausen,2022-05-27 07:00:00,42,val,0.138,0.14865136
Merzenhausen,2022-05-27 08:00:00,42,val,0.142,0.14891383
Merzenhausen,2022-05-27 09:00:00,42,val,0.137,0.14862919
Merzenhausen,2022-05-27 10:00:00,42,val,0.139,0.14810336
Merzenhausen,2022-05-27 11:00:00,42,val,0.14,0.14718372
Merzenhausen,2022-05-27 12:00:00,42,val,0.138,0.14635733
Merzenhausen,2022-05-27 13:00:00,42,val,0.141,0.14540252
Merzenhausen,2022-05-27 14:00:00,42,val,0.143,0.14476019
Merzenhausen,2022-05-27 15:00:00,42,val,0.141,0.14421451
Merzenhausen,2022-05-27 16:00:00,42,val,0.141,0.14385852
Merzenhausen,2022-05-27 17:00:00,42,val,0.138,0.14364615
Merzenhausen,2022-05-27 18:00:00,42,val,0.138,0.14351842
Merzenhausen,2022-05-27 19:00:00,42,val,0.135,0.14332941
Merzenhausen,2022-05-27 20:00:00,42,val,0.139,0.14290679
Merzenhausen,2022-05-27 21:00:00,42,val,0.1345,0.1424939
Merzenhausen,2022-05-27 22:00:00,42,val,0.138,0.14196898
Merzenhausen,2022-05-27 23:00:00,42,val,0.138,0.14143738
Merzenhausen,2022-05-28 00:00:00,42,val,0.14,0.14092535
Merzenhausen,2022-05-28 01:00:00,42,val,0.14,0.14053182
Merzenhausen,2022-05-28 02:00:00,42,val,0.139,0.14042906
Merzenhausen,2022-05-28 03:00:00,42,val,0.137,0.14037293
Merzenhausen,2022-05-28 04:00:00,42,val,0.138,0.14025351
Merzenhausen,2022-05-28 05:00:00,42,val,0.138,0.14041504
Merzenhausen,2022-05-28 06:00:00,42,val,0.142,0.14064533
Merzenhausen,2022-05-28 07:00:00,42,val,0.137,0.14110452
Merzenhausen,2022-05-28 08:00:00,42,val,0.139,0.14148197
Merzenhausen,2022-05-28 09:00:00,42,val,0.14,0.14205122
Merzenhausen,2022-05-28 10:00:00,42,val,0.138,0.14255634
Merzenhausen,2022-05-28 11:00:00,42,val,0.139,0.14286986
Merzenhausen,2022-05-28 12:00:00,42,val,0.14,0.1433126
Merzenhausen,2022-05-28 13:00:00,42,val,0.141,0.1437685
Merzenhausen,2022-05-28 14:00:00,42,val,0.148,0.14404488
Merzenhausen,2022-05-28 15:00:00,42,val,0.14,0.14425668
Merzenhausen,2022-05-28 16:00:00,42,val,0.142,0.1442756
Merzenhausen,2022-05-28 17:00:00,42,val,0.144,0.14420614
Merzenhausen,2022-05-28 18:00:00,42,val,0.1485,0.14401114
Merzenhausen,2022-05-28 19:00:00,42,val,0.145,0.14382067
Merzenhausen,2022-05-28 20:00:00,42,val,0.14,0.14353108
Merzenhausen,2022-05-28 21:00:00,42,val,0.139,0.14314047
Merzenhausen,2022-05-28 22:00:00,42,val,0.141,0.14269009
Merzenhausen,2022-05-28 23:00:00,42,val,0.138,0.14223082
Merzenhausen,2022-05-29 00:00:00,42,val,0.14,0.14184083
Merzenhausen,2022-05-29 01:00:00,42,val,0.136,0.1413058
Merzenhausen,2022-05-29 02:00:00,42,val,0.137,0.1408331
Merzenhausen,2022-05-29 03:00:00,42,val,0.137,0.14050111
Merzenhausen,2022-05-29 04:00:00,42,val,0.137,0.14029005
Merzenhausen,2022-05-29 05:00:00,42,val,0.139,0.14028618
Merzenhausen,2022-05-29 06:00:00,42,val,0.139,0.14022923
Merzenhausen,2022-05-29 07:00:00,42,val,0.14,0.14028308
Merzenhausen,2022-05-29 08:00:00,42,val,0.142,0.14065613
Merzenhausen,2022-05-29 09:00:00,42,val,0.137,0.14090866
Merzenhausen,2022-05-29 10:00:00,42,val,0.14,0.14131492
Merzenhausen,2022-05-29 11:00:00,42,val,0.143,0.14177758
Merzenhausen,2022-05-29 12:00:00,42,val,0.15,0.14225742
Merzenhausen,2022-05-29 13:00:00,42,val,0.142,0.14307427
Merzenhausen,2022-05-29 14:00:00,42,val,0.142,0.14535087
Merzenhausen,2022-05-29 15:00:00,42,val,0.141,0.14902703
Merzenhausen,2022-05-29 16:00:00,42,val,0.141,0.15552117
Merzenhausen,2022-05-29 17:00:00,42,val,0.145,0.15851404
Merzenhausen,2022-05-29 18:00:00,42,val,0.142,0.15953428
Merzenhausen,2022-05-29 19:00:00,42,val,0.14,0.1700384
Merzenhausen,2022-05-29 20:00:00,42,val,0.141,0.171577
Merzenhausen,2022-05-29 21:00:00,42,val,0.141,0.17007051
Merzenhausen,2022-05-29 22:00:00,42,val,0.138,0.16741838
Merzenhausen,2022-05-29 23:00:00,42,val,0.137,0.1644209
Merzenhausen,2022-05-30 00:00:00,42,val,0.137,0.16163175
Merzenhausen,2022-05-30 01:00:00,42,val,0.138,0.15917
Merzenhausen,2022-05-30 02:00:00,42,val,0.14,0.15712345
Merzenhausen,2022-05-30 03:00:00,42,val,0.137,0.15526338
Merzenhausen,2022-05-30 04:00:00,42,val,0.141,0.15362236
Merzenhausen,2022-05-30 05:00:00,42,val,0.137,0.15218247
Merzenhausen,2022-05-30 06:00:00,42,val,0.137,0.151166
Merzenhausen,2022-05-30 07:00:00,42,val,0.137,0.15008494
Merzenhausen,2022-05-30 08:00:00,42,val,0.138,0.1490436
Merzenhausen,2022-05-30 09:00:00,42,val,0.137,0.14810668
Merzenhausen,2022-05-30 10:00:00,42,val,0.138,0.1472416
Merzenhausen,2022-05-30 11:00:00,42,val,0.141,0.1464961
Merzenhausen,2022-05-30 12:00:00,42,val,0.14,0.14590617
Merzenhausen,2022-05-30 13:00:00,42,val,0.14,0.14556569
Merzenhausen,2022-05-30 14:00:00,42,val,0.142,0.14597969
Merzenhausen,2022-05-30 15:00:00,42,val,0.142,0.14624505
Merzenhausen,2022-05-30 16:00:00,42,val,0.138,0.14646532
Merzenhausen,2022-05-30 17:00:00,42,val,0.138,0.14677829
Merzenhausen,2022-05-30 18:00:00,42,val,0.142,0.14725126
Merzenhausen,2022-05-30 19:00:00,42,val,0.1365,0.1474644
Merzenhausen,2022-05-30 20:00:00,42,val,0.141,0.1472385
Merzenhausen,2022-05-30 21:00:00,42,val,0.14,0.14674303
Merzenhausen,2022-05-30 22:00:00,42,val,0.137,0.14621253
Merzenhausen,2022-05-30 23:00:00,42,val,0.138,0.14558369
Merzenhausen,2022-05-31 00:00:00,42,val,0.139,0.14494143
Merzenhausen,2022-05-31 01:00:00,42,val,0.138,0.14417447
Merzenhausen,2022-05-31 02:00:00,42,val,0.138,0.14345337
Merzenhausen,2022-05-31 03:00:00,42,val,0.137,0.1428312
Merzenhausen,2022-05-31 04:00:00,42,val,0.135,0.14228328
Merzenhausen,2022-05-31 05:00:00,42,val,0.137,0.14241073
Merzenhausen,2022-05-31 06:00:00,42,val,0.137,0.14237796
Merzenhausen,2022-05-31 07:00:00,42,val,0.136,0.14256531
Merzenhausen,2022-05-31 08:00:00,42,val,0.138,0.14271715
Merzenhausen,2022-05-31 09:00:00,42,val,0.139,0.1426917
Merzenhausen,2022-05-31 10:00:00,42,val,0.138,0.14271793
Merzenhausen,2022-05-31 11:00:00,42,val,0.139,0.14295836
Merzenhausen,2022-05-31 12:00:00,42,val,0.142,0.14354432
Merzenhausen,2022-05-31 13:00:00,42,val,0.14,0.14385605
Merzenhausen,2022-05-31 14:00:00,42,val,0.141,0.14412785
Merzenhausen,2022-05-31 15:00:00,42,val,0.144,0.14421903
Merzenhausen,2022-05-31 16:00:00,42,val,0.142,0.14412227
Merzenhausen,2022-05-31 17:00:00,42,val,0.142,0.14404209
Merzenhausen,2022-05-31 18:00:00,42,val,0.139,0.14384136
Merzenhausen,2022-05-31 19:00:00,42,val,0.138,0.14337584
Merzenhausen,2022-05-31 20:00:00,42,val,0.14,0.1428737
Merzenhausen,2022-05-31 21:00:00,42,val,0.138,0.14270502
Merzenhausen,2022-05-31 22:00:00,42,val,0.136,0.14222948
Merzenhausen,2022-05-31 23:00:00,42,val,0.141,0.14140771
Merzenhausen,2022-06-01 00:00:00,42,val,0.141,0.14054355
Merzenhausen,2022-06-01 01:00:00,42,val,0.136,0.13981694
Merzenhausen,2022-06-01 02:00:00,42,val,0.132,0.1393784
Merzenhausen,2022-06-01 03:00:00,42,val,0.137,0.13907224
Merzenhausen,2022-06-01 04:00:00,42,val,0.14,0.13947348
Merzenhausen,2022-06-01 05:00:00,42,val,0.136,0.13965753
Merzenhausen,2022-06-01 06:00:00,42,val,0.138,0.13986686
Merzenhausen,2022-06-01 07:00:00,42,val,0.137,0.14003345
Merzenhausen,2022-06-01 08:00:00,42,val,0.137,0.14035279
Merzenhausen,2022-06-01 09:00:00,42,val,0.138,0.14052221
Merzenhausen,2022-06-01 10:00:00,42,val,0.137,0.14064072
Merzenhausen,2022-06-01 11:00:00,42,val,0.138,0.14097439
Merzenhausen,2022-06-01 12:00:00,42,val,0.141,0.14120975
Merzenhausen,2022-06-01 13:00:00,42,val,0.14,0.14145342
Merzenhausen,2022-06-01 14:00:00,42,val,0.144,0.14172135
Merzenhausen,2022-06-01 15:00:00,42,val,0.142,0.14220038
Merzenhausen,2022-06-01 16:00:00,42,val,0.14,0.14245635
Merzenhausen,2022-06-01 17:00:00,42,val,0.14,0.14249355
Merzenhausen,2022-06-01 18:00:00,42,val,0.14,0.1426235
Merzenhausen,2022-06-01 19:00:00,42,val,0.139,0.1423746
Merzenhausen,2022-06-01 20:00:00,42,val,0.142,0.14217424
Merzenhausen,2022-06-01 21:00:00,42,val,0.146,0.14195047
Merzenhausen,2022-06-01 22:00:00,42,val,0.1425,0.14145514
Merzenhausen,2022-06-01 23:00:00,42,val,0.1455,0.14094107
Merzenhausen,2022-06-02 00:00:00,42,val,0.138,0.14056402
Merzenhausen,2022-06-02 01:00:00,42,val,0.132,0.14025362
Merzenhausen,2022-06-02 02:00:00,42,val,0.14,0.1400739
Merzenhausen,2022-06-02 03:00:00,42,val,0.139,0.13991968
Merzenhausen,2022-06-02 04:00:00,42,val,0.137,0.139769
Merzenhausen,2022-06-02 05:00:00,42,val,0.138,0.13982299
Merzenhausen,2022-06-02 06:00:00,42,val,0.1455,0.14015743
Merzenhausen,2022-06-02 07:00:00,42,val,0.137,0.14055921
Merzenhausen,2022-06-02 08:00:00,42,val,0.137,0.14119604
Merzenhausen,2022-06-02 09:00:00,42,val,0.14,0.14183521
Merzenhausen,2022-06-02 10:00:00,42,val,0.132,0.14237344
Merzenhausen,2022-06-02 11:00:00,42,val,0.14,0.14275393
Merzenhausen,2022-06-02 12:00:00,42,val,0.14,0.14315245
Merzenhausen,2022-06-02 13:00:00,42,val,0.14,0.14331746
Merzenhausen,2022-06-02 14:00:00,42,val,0.143,0.14341784
Merzenhausen,2022-06-02 15:00:00,42,val,0.141,0.14343941
Merzenhausen,2022-06-02 16:00:00,42,val,0.14,0.14329153
Merzenhausen,2022-06-02 17:00:00,42,val,0.141,0.14300182
Merzenhausen,2022-06-02 18:00:00,42,val,0.141,0.14234078
Merzenhausen,2022-06-02 19:00:00,42,val,0.14,0.1414118
Merzenhausen,2022-06-02 20:00:00,42,val,0.14,0.1403109
Merzenhausen,2022-06-02 21:00:00,42,val,0.135,0.13921762
Merzenhausen,2022-06-02 22:00:00,42,val,0.138,0.13819966
Merzenhausen,2022-06-02 23:00:00,42,val,0.14,0.13752785
Merzenhausen,2022-06-03 00:00:00,42,val,0.141,0.13707282
Merzenhausen,2022-06-03 01:00:00,42,val,0.137,0.13653174
Merzenhausen,2022-06-03 02:00:00,42,val,0.135,0.1359047
Merzenhausen,2022-06-03 03:00:00,42,val,0.138,0.13553764
Merzenhausen,2022-06-03 04:00:00,42,val,0.138,0.13560227
Merzenhausen,2022-06-03 05:00:00,42,val,0.136,0.13594653
Merzenhausen,2022-06-03 06:00:00,42,val,0.136,0.13659595
Merzenhausen,2022-06-03 07:00:00,42,val,0.136,0.13737765
Merzenhausen,2022-06-03 08:00:00,42,val,0.138,0.1382733
Merzenhausen,2022-06-03 09:00:00,42,val,0.138,0.13914222
Merzenhausen,2022-06-03 10:00:00,42,val,0.138,0.13978924
Merzenhausen,2022-06-03 11:00:00,42,val,0.135,0.14028326
Merzenhausen,2022-06-03 12:00:00,42,val,0.137,0.14075147
Merzenhausen,2022-06-03 13:00:00,42,val,0.138,0.14126527
Merzenhausen,2022-06-03 14:00:00,42,val,0.236,0.14176017
Merzenhausen,2022-06-03 15:00:00,42,val,0.229,0.14216611
Merzenhausen,2022-06-03 16:00:00,42,val,0.229,0.1421451
Merzenhausen,2022-06-03 17:00:00,42,val,0.224,0.14196622
Merzenhausen,2022-06-03 18:00:00,42,val,0.225,0.14148778
Merzenhausen,2022-06-03 19:00:00,42,val,0.225,0.14077693
Merzenhausen,2022-06-03 20:00:00,42,val,0.223,0.14019856
Merzenhausen,2022-06-03 21:00:00,42,val,0.224,0.13998818
Merzenhausen,2022-06-03 22:00:00,42,val,0.22,0.13974115
Merzenhausen,2022-06-03 23:00:00,42,val,0.219,0.13975272
Merzenhausen,2022-06-04 00:00:00,42,val,0.219,0.13957885
Merzenhausen,2022-06-04 01:00:00,42,val,0.22,0.13896696
Merzenhausen,2022-06-04 02:00:00,42,val,0.219,0.13866967
Merzenhausen,2022-06-04 03:00:00,42,val,0.219,0.13844654
Merzenhausen,2022-06-04 04:00:00,42,val,0.216,0.13817754
Merzenhausen,2022-06-04 05:00:00,42,val,0.215,0.1380527
Merzenhausen,2022-06-04 06:00:00,42,val,0.216,0.13853213
Merzenhausen,2022-06-04 07:00:00,42,val,0.214,0.13880253
Merzenhausen,2022-06-04 08:00:00,42,val,0.212,0.13894942
Merzenhausen,2022-06-04 09:00:00,42,val,0.213,0.13891083
Merzenhausen,2022-06-04 10:00:00,42,val,0.212,0.13851383
Merzenhausen,2022-06-04 11:00:00,42,val,0.209,0.13856187
Merzenhausen,2022-06-04 12:00:00,42,val,0.209,0.1386725
Merzenhausen,2022-06-04 13:00:00,42,val,0.204,0.13898352
Merzenhausen,2022-06-04 14:00:00,42,val,0.204,0.13958466
Merzenhausen,2022-06-04 15:00:00,42,val,0.201,0.14019051
Merzenhausen,2022-06-04 16:00:00,42,val,0.203,0.14052756
Merzenhausen,2022-06-04 17:00:00,42,val,0.199,0.14067596
Merzenhausen,2022-06-04 18:00:00,42,val,0.202,0.14053807
Merzenhausen,2022-06-04 19:00:00,42,val,0.197,0.14017458
Merzenhausen,2022-06-04 20:00:00,42,val,0.196,0.13956335
Merzenhausen,2022-06-04 21:00:00,42,val,0.195,0.13865957
Merzenhausen,2022-06-04 22:00:00,42,val,0.197,0.13777031
Merzenhausen,2022-06-04 23:00:00,42,val,0.196,0.1371234
Merzenhausen,2022-06-05 00:00:00,42,val,0.196,0.13687223
Merzenhausen,2022-06-05 01:00:00,42,val,0.194,0.1367628
Merzenhausen,2022-06-05 02:00:00,42,val,0.19,0.13677043
Merzenhausen,2022-06-05 03:00:00,42,val,0.195,0.13693918
Merzenhausen,2022-06-05 04:00:00,42,val,0.192,0.13705003
Merzenhausen,2022-06-05 05:00:00,42,val,0.192,0.13727519
Merzenhausen,2022-06-05 06:00:00,42,val,0.193,0.1375143
Merzenhausen,2022-06-05 07:00:00,42,val,0.193,0.13767117
Merzenhausen,2022-06-05 08:00:00,42,val,0.191,0.13784784
Merzenhausen,2022-06-05 09:00:00,42,val,0.187,0.13982126
Merzenhausen,2022-06-05 10:00:00,42,val,0.188,0.14213848
Merzenhausen,2022-06-05 11:00:00,42,val,0.186,0.14264354
Merzenhausen,2022-06-05 12:00:00,42,val,0.186,0.14230603
Merzenhausen,2022-06-05 13:00:00,42,val,0.187,0.14196691
Merzenhausen,2022-06-05 14:00:00,42,val,0.186,0.16376805
Merzenhausen,2022-06-05 15:00:00,42,val,0.183,0.1730737
Merzenhausen,2022-06-05 16:00:00,42,val,0.183,0.1791514
Merzenhausen,2022-06-05 17:00:00,42,val,0.183,0.18357436
Merzenhausen,2022-06-05 18:00:00,42,val,0.185,0.18782784
Merzenhausen,2022-06-05 19:00:00,42,val,0.185,0.19215167
Merzenhausen,2022-06-05 20:00:00,42,val,0.187,0.19624016
Merzenhausen,2022-06-05 21:00:00,42,val,0.183,0.19998893
Merzenhausen,2022-06-05 22:00:00,42,val,0.184,0.2028984
Merzenhausen,2022-06-05 23:00:00,42,val,0.184,0.20485356
Merzenhausen,2022-06-06 00:00:00,42,val,0.182,0.20592709
Merzenhausen,2022-06-06 01:00:00,42,val,0.185,0.20641895
Merzenhausen,2022-06-06 02:00:00,42,val,0.179,0.20639803
Merzenhausen,2022-06-06 03:00:00,42,val,0.184,0.20607685
Merzenhausen,2022-06-06 04:00:00,42,val,0.182,0.20544665
Merzenhausen,2022-06-06 05:00:00,42,val,0.184,0.20461127
Merzenhausen,2022-06-06 06:00:00,42,val,0.184,0.2038387
Merzenhausen,2022-06-06 07:00:00,42,val,0.182,0.20304802
Merzenhausen,2022-06-06 08:00:00,42,val,0.182,0.20210327
Merzenhausen,2022-06-06 09:00:00,42,val,0.182,0.2011331
Merzenhausen,2022-06-06 10:00:00,42,val,0.182,0.2001963
Merzenhausen,2022-06-06 11:00:00,42,val,0.182,0.19923328
Merzenhausen,2022-06-06 12:00:00,42,val,0.18,0.19837807
Merzenhausen,2022-06-06 13:00:00,42,val,0.183,0.1973086
Merzenhausen,2022-06-06 14:00:00,42,val,0.183,0.19615602
Merzenhausen,2022-06-06 15:00:00,42,val,0.216,0.19488451
Merzenhausen,2022-06-06 16:00:00,42,val,0.307,0.193649
Merzenhausen,2022-06-06 17:00:00,42,val,0.309,0.19225168
Merzenhausen,2022-06-06 18:00:00,42,val,0.312,0.19095194
Merzenhausen,2022-06-06 19:00:00,42,val,0.309,0.18946245
Merzenhausen,2022-06-06 20:00:00,42,val,0.306,0.18785194
Merzenhausen,2022-06-06 21:00:00,42,val,0.304,0.18618895
Merzenhausen,2022-06-06 22:00:00,42,val,0.302,0.18469356
Merzenhausen,2022-06-06 23:00:00,42,val,0.305,0.18337566
Merzenhausen,2022-06-07 00:00:00,42,val,0.301,0.182252
Merzenhausen,2022-06-07 01:00:00,42,val,0.301,0.18130133
Merzenhausen,2022-06-07 02:00:00,42,val,0.299,0.1803919
Merzenhausen,2022-06-07 03:00:00,42,val,0.302,0.17991929
Merzenhausen,2022-06-07 04:00:00,42,val,0.302,0.17972232
Merzenhausen,2022-06-07 05:00:00,42,val,0.302,0.17999217
Merzenhausen,2022-06-07 06:00:00,42,val,0.3,0.18070185
Merzenhausen,2022-06-07 07:00:00,42,val,0.3,0.18158557
Merzenhausen,2022-06-07 08:00:00,42,val,0.299,0.18228787
Merzenhausen,2022-06-07 09:00:00,42,val,0.309,0.18257344
Merzenhausen,2022-06-07 10:00:00,42,val,0.306,0.1825526
Merzenhausen,2022-06-07 11:00:00,42,val,0.303,0.18218832
Merzenhausen,2022-06-07 12:00:00,42,val,0.3015,0.18246318
Merzenhausen,2022-06-07 13:00:00,42,val,0.288,0.18321195
Merzenhausen,2022-06-07 14:00:00,42,val,0.311,0.18343894
Merzenhausen,2022-06-07 15:00:00,42,val,0.313,0.183135
Merzenhausen,2022-06-07 16:00:00,42,val,0.302,0.20222726
Merzenhausen,2022-06-07 17:00:00,42,val,0.293,0.20735048
Merzenhausen,2022-06-07 18:00:00,42,val,0.301,0.20832154
Merzenhausen,2022-06-07 19:00:00,42,val,0.3005,0.20635006
Merzenhausen,2022-06-07 20:00:00,42,val,0.29,0.20270558
Merzenhausen,2022-06-07 21:00:00,42,val,0.3005,0.1978205
Merzenhausen,2022-06-07 22:00:00,42,val,0.288,0.1929755
Merzenhausen,2022-06-07 23:00:00,42,val,0.29,0.18871146
Merzenhausen,2022-06-08 00:00:00,42,val,0.287,0.18513457
Merzenhausen,2022-06-08 01:00:00,42,val,0.288,0.18252885
Merzenhausen,2022-06-08 02:00:00,42,val,0.297,0.18037531
Merzenhausen,2022-06-08 03:00:00,42,val,0.284,0.17895336
Merzenhausen,2022-06-08 04:00:00,42,val,0.287,0.17810616
Merzenhausen,2022-06-08 05:00:00,42,val,0.287,0.17854972
Merzenhausen,2022-06-08 06:00:00,42,val,0.2955,0.17886788
Merzenhausen,2022-06-08 07:00:00,42,val,0.285,0.17900443
Merzenhausen,2022-06-08 08:00:00,42,val,0.2945,0.17895563
Merzenhausen,2022-06-08 09:00:00,42,val,0.283,0.1786572
Merzenhausen,2022-06-08 10:00:00,42,val,0.281,0.17816539
Merzenhausen,2022-06-08 11:00:00,42,val,0.2885,0.18078746
Merzenhausen,2022-06-08 12:00:00,42,val,0.277,0.18746014
Merzenhausen,2022-06-08 13:00:00,42,val,0.272,0.19826408
Merzenhausen,2022-06-08 14:00:00,42,val,0.271,0.21808687
Merzenhausen,2022-06-08 15:00:00,42,val,0.277,0.23587304
Merzenhausen,2022-06-08 16:00:00,42,val,0.264,0.25060144
Merzenhausen,2022-06-08 17:00:00,42,val,0.273,0.25377733
Merzenhausen,2022-06-08 18:00:00,42,val,0.262,0.25651473
Merzenhausen,2022-06-08 19:00:00,42,val,0.263,0.25761455
Merzenhausen,2022-06-08 20:00:00,42,val,0.262,0.25880846
Merzenhausen,2022-06-08 21:00:00,42,val,0.26,0.26012638
Merzenhausen,2022-06-08 22:00:00,42,val,0.258,0.26148656
Merzenhausen,2022-06-08 23:00:00,42,val,0.26,0.26288256
Merzenhausen,2022-06-09 00:00:00,42,val,0.259,0.26386097
Merzenhausen,2022-06-09 01:00:00,42,val,0.257,0.26449907
Merzenhausen,2022-06-09 02:00:00,42,val,0.258,0.26818627
Merzenhausen,2022-06-09 03:00:00,42,val,0.258,0.270666
Merzenhausen,2022-06-09 04:00:00,42,val,0.258,0.27194124
Merzenhausen,2022-06-09 05:00:00,42,val,0.259,0.27191883
Merzenhausen,2022-06-09 06:00:00,42,val,0.257,0.27135184
Merzenhausen,2022-06-09 07:00:00,42,val,0.255,0.2705911
Merzenhausen,2022-06-09 08:00:00,42,val,0.254,0.26971388
Merzenhausen,2022-06-09 09:00:00,42,val,0.253,0.26914704
Merzenhausen,2022-06-09 10:00:00,42,val,0.252,0.26877844
Merzenhausen,2022-06-09 11:00:00,42,val,0.249,0.2683282
Merzenhausen,2022-06-09 12:00:00,42,val,0.247,0.26770675
Merzenhausen,2022-06-09 13:00:00,42,val,0.242,0.2790736
Merzenhausen,2022-06-09 14:00:00,42,val,0.239,0.28311715
Merzenhausen,2022-06-09 15:00:00,42,val,0.239,0.28368273
Merzenhausen,2022-06-09 16:00:00,42,val,0.238,0.28236258
Merzenhausen,2022-06-09 17:00:00,42,val,0.235,0.27974308
Merzenhausen,2022-06-09 18:00:00,42,val,0.234,0.27686402
Merzenhausen,2022-06-09 19:00:00,42,val,0.233,0.27398884
Merzenhausen,2022-06-09 20:00:00,42,val,0.232,0.27101317
Merzenhausen,2022-06-09 21:00:00,42,val,0.23,0.26844943
Merzenhausen,2022-06-09 22:00:00,42,val,0.23,0.26578385
Merzenhausen,2022-06-09 23:00:00,42,val,0.231,0.26316074
Merzenhausen,2022-06-10 00:00:00,42,val,0.229,0.26056576
Merzenhausen,2022-06-10 01:00:00,42,val,0.229,0.25812978
Merzenhausen,2022-06-10 02:00:00,42,val,0.228,0.25629807
Merzenhausen,2022-06-10 03:00:00,42,val,0.23,0.25456318
Merzenhausen,2022-06-10 04:00:00,42,val,0.228,0.25325876
Merzenhausen,2022-06-10 05:00:00,42,val,0.228,0.2523896
Merzenhausen,2022-06-10 06:00:00,42,val,0.227,0.25223637
Merzenhausen,2022-06-10 07:00:00,42,val,0.227,0.2521337
Merzenhausen,2022-06-10 08:00:00,42,val,0.227,0.25227913
Merzenhausen,2022-06-10 09:00:00,42,val,0.225,0.25210527
Merzenhausen,2022-06-10 10:00:00,42,val,0.227,0.25156638
Merzenhausen,2022-06-10 11:00:00,42,val,0.224,0.2510387
Merzenhausen,2022-06-10 12:00:00,42,val,0.221,0.24998438
Merzenhausen,2022-06-10 13:00:00,42,val,0.219,0.24835989
Merzenhausen,2022-06-10 14:00:00,42,val,0.219,0.24630958
Merzenhausen,2022-06-10 15:00:00,42,val,0.218,0.24445587
Merzenhausen,2022-06-10 16:00:00,42,val,0.217,0.24218576
Merzenhausen,2022-06-10 17:00:00,42,val,0.213,0.24016684
Merzenhausen,2022-06-10 18:00:00,42,val,0.21,0.23780878
Merzenhausen,2022-06-10 19:00:00,42,val,0.211,0.23541392
Merzenhausen,2022-06-10 20:00:00,42,val,0.208,0.23313147
Merzenhausen,2022-06-10 21:00:00,42,val,0.208,0.23094723
Merzenhausen,2022-06-10 22:00:00,42,val,0.209,0.2288815
Merzenhausen,2022-06-10 23:00:00,42,val,0.207,0.227126
Merzenhausen,2022-06-11 00:00:00,42,val,0.208,0.22556235
Merzenhausen,2022-06-11 01:00:00,42,val,0.207,0.22412187
Merzenhausen,2022-06-11 02:00:00,42,val,0.206,0.22288823
Merzenhausen,2022-06-11 03:00:00,42,val,0.203,0.22178614
Merzenhausen,2022-06-11 04:00:00,42,val,0.204,0.22114278
Merzenhausen,2022-06-11 05:00:00,42,val,0.204,0.22102235
Merzenhausen,2022-06-11 06:00:00,42,val,0.204,0.22123365
Merzenhausen,2022-06-11 07:00:00,42,val,0.203,0.22139071
Merzenhausen,2022-06-11 08:00:00,42,val,0.203,0.2213569
Merzenhausen,2022-06-11 09:00:00,42,val,0.203,0.22110356
Merzenhausen,2022-06-11 10:00:00,42,val,0.204,0.22057293
Merzenhausen,2022-06-11 11:00:00,42,val,0.201,0.21974018
Merzenhausen,2022-06-11 12:00:00,42,val,0.199,0.21884584
Merzenhausen,2022-06-11 13:00:00,42,val,0.198,0.21769355
Merzenhausen,2022-06-11 14:00:00,42,val,0.197,0.21634263
Merzenhausen,2022-06-11 15:00:00,42,val,0.192,0.21484807
Merzenhausen,2022-06-11 16:00:00,42,val,0.193,0.21333669
Merzenhausen,2022-06-11 17:00:00,42,val,0.188,0.2117234
Merzenhausen,2022-06-11 18:00:00,42,val,0.188,0.21004575
Merzenhausen,2022-06-11 19:00:00,42,val,0.189,0.20843682
Merzenhausen,2022-06-11 20:00:00,42,val,0.189,0.20691007
Merzenhausen,2022-06-11 21:00:00,42,val,0.186,0.20544443
Merzenhausen,2022-06-11 22:00:00,42,val,0.187,0.20415765
Merzenhausen,2022-06-11 23:00:00,42,val,0.186,0.20310397
Merzenhausen,2022-06-12 00:00:00,42,val,0.184,0.2021659
Merzenhausen,2022-06-12 01:00:00,42,val,0.186,0.2013211
Merzenhausen,2022-06-12 02:00:00,42,val,0.185,0.20061569
Merzenhausen,2022-06-12 03:00:00,42,val,0.184,0.20035227
Merzenhausen,2022-06-12 04:00:00,42,val,0.183,0.2003204
Merzenhausen,2022-06-12 05:00:00,42,val,0.185,0.20071648
Merzenhausen,2022-06-12 06:00:00,42,val,0.184,0.20149758
Merzenhausen,2022-06-12 07:00:00,42,val,0.184,0.20245442
Merzenhausen,2022-06-12 08:00:00,42,val,0.184,0.20339754
Merzenhausen,2022-06-12 09:00:00,42,val,0.183,0.20410495
Merzenhausen,2022-06-12 10:00:00,42,val,0.182,0.20464776
Merzenhausen,2022-06-12 11:00:00,42,val,0.181,0.20488204
Merzenhausen,2022-06-12 12:00:00,42,val,0.179,0.20465463
Merzenhausen,2022-06-12 13:00:00,42,val,0.178,0.20408759
Merzenhausen,2022-06-12 14:00:00,42,val,0.176,0.20335536
Merzenhausen,2022-06-12 15:00:00,42,val,0.178,0.20255202
Merzenhausen,2022-06-12 16:00:00,42,val,0.176,0.20160574
Merzenhausen,2022-06-12 17:00:00,42,val,0.175,0.2002691
Merzenhausen,2022-06-12 18:00:00,42,val,0.172,0.19856395
Merzenhausen,2022-06-12 19:00:00,42,val,0.173,0.19682802
Merzenhausen,2022-06-12 20:00:00,42,val,0.172,0.19499764
Merzenhausen,2022-06-12 21:00:00,42,val,0.173,0.19324863
Merzenhausen,2022-06-12 22:00:00,42,val,0.17,0.19175749
Merzenhausen,2022-06-12 23:00:00,42,val,0.169,0.1904718
Merzenhausen,2022-06-13 00:00:00,42,val,0.169,0.18942681
Merzenhausen,2022-06-13 01:00:00,42,val,0.17,0.18860069
Merzenhausen,2022-06-13 02:00:00,42,val,0.167,0.18794703
Merzenhausen,2022-06-13 03:00:00,42,val,0.168,0.18737084
Merzenhausen,2022-06-13 04:00:00,42,val,0.166,0.1872103
Merzenhausen,2022-06-13 05:00:00,42,val,0.168,0.18756032
Merzenhausen,2022-06-13 06:00:00,42,val,0.166,0.18838747
Merzenhausen,2022-06-13 07:00:00,42,val,0.168,0.18931183
Merzenhausen,2022-06-13 08:00:00,42,val,0.168,0.19027871
Merzenhausen,2022-06-13 09:00:00,42,val,0.165,0.19106552
Merzenhausen,2022-06-13 10:00:00,42,val,0.165,0.19174564
Merzenhausen,2022-06-13 11:00:00,42,val,0.164,0.19216578
Merzenhausen,2022-06-13 12:00:00,42,val,0.166,0.19235551
Merzenhausen,2022-06-13 13:00:00,42,val,0.167,0.19231668
Merzenhausen,2022-06-13 14:00:00,42,val,0.167,0.19213867
Merzenhausen,2022-06-13 15:00:00,42,val,0.164,0.19148782
Merzenhausen,2022-06-13 16:00:00,42,val,0.16,0.19058104
Merzenhausen,2022-06-13 17:00:00,42,val,0.161,0.18916774
Merzenhausen,2022-06-13 18:00:00,42,val,0.16,0.18748279
Merzenhausen,2022-06-13 19:00:00,42,val,0.16,0.18575762
Merzenhausen,2022-06-13 20:00:00,42,val,0.161,0.18412788
Merzenhausen,2022-06-13 21:00:00,42,val,0.158,0.18250331
Merzenhausen,2022-06-13 22:00:00,42,val,0.159,0.18105602
Merzenhausen,2022-06-13 23:00:00,42,val,0.157,0.17976116
Merzenhausen,2022-06-14 00:00:00,42,val,0.156,0.17861824
Merzenhausen,2022-06-14 01:00:00,42,val,0.158,0.17779173
Merzenhausen,2022-06-14 02:00:00,42,val,0.155,0.17728038
Merzenhausen,2022-06-14 03:00:00,42,val,0.155,0.17692868
Merzenhausen,2022-06-14 04:00:00,42,val,0.154,0.17677817
Merzenhausen,2022-06-14 05:00:00,42,val,0.158,0.17713213
Merzenhausen,2022-06-14 06:00:00,42,val,0.158,0.17788915
Merzenhausen,2022-06-14 07:00:00,42,val,0.156,0.17892182
Merzenhausen,2022-06-14 08:00:00,42,val,0.154,0.18001458
Merzenhausen,2022-06-14 09:00:00,42,val,0.157,0.18079992
Merzenhausen,2022-06-14 10:00:00,42,val,0.157,0.18125081
Merzenhausen,2022-06-14 11:00:00,42,val,0.153,0.18138185
Merzenhausen,2022-06-14 12:00:00,42,val,0.156,0.18116033
Merzenhausen,2022-06-14 13:00:00,42,val,0.157,0.18069783
Merzenhausen,2022-06-14 14:00:00,42,val,0.157,0.17986989
Merzenhausen,2022-06-14 15:00:00,42,val,0.153,0.17880332
Merzenhausen,2022-06-14 16:00:00,42,val,0.155,0.17744483
Merzenhausen,2022-06-14 17:00:00,42,val,0.156,0.17583485
Merzenhausen,2022-06-14 18:00:00,42,val,0.149,0.17384607
Merzenhausen,2022-06-14 19:00:00,42,val,0.154,0.17175262
Merzenhausen,2022-06-14 20:00:00,42,val,0.151,0.16970387
Merzenhausen,2022-06-14 21:00:00,42,val,0.153,0.1678827
Merzenhausen,2022-06-14 22:00:00,42,val,0.152,0.16619249
Merzenhausen,2022-06-14 23:00:00,42,val,0.153,0.16466524
Merzenhausen,2022-06-15 00:00:00,42,val,0.154,0.16343465
Merzenhausen,2022-06-15 01:00:00,42,val,0.151,0.16259539
Merzenhausen,2022-06-15 02:00:00,42,val,0.149,0.16189037
Merzenhausen,2022-06-15 03:00:00,42,val,0.15,0.16143778
Merzenhausen,2022-06-15 04:00:00,42,val,0.147,0.16117936
Merzenhausen,2022-06-15 05:00:00,42,val,0.146,0.1614373
Merzenhausen,2022-06-15 06:00:00,42,val,0.15,0.16218184
Merzenhausen,2022-06-15 07:00:00,42,val,0.148,0.16320392
Merzenhausen,2022-06-15 08:00:00,42,val,0.147,0.16429809
Merzenhausen,2022-06-15 09:00:00,42,val,0.15,0.16495806
Merzenhausen,2022-06-15 10:00:00,42,val,0.15,0.16537678
Merzenhausen,2022-06-15 11:00:00,42,val,0.149,0.16534163
Merzenhausen,2022-06-15 12:00:00,42,val,0.152,0.16517344
Merzenhausen,2022-06-15 13:00:00,42,val,0.151,0.16498739
Merzenhausen,2022-06-15 14:00:00,42,val,0.149,0.16467227
Merzenhausen,2022-06-15 15:00:00,42,val,0.148,0.16409752
Merzenhausen,2022-06-15 16:00:00,42,val,0.149,0.1630038
Merzenhausen,2022-06-15 17:00:00,42,val,0.149,0.16176589
Merzenhausen,2022-06-15 18:00:00,42,val,0.151,0.16029541
Merzenhausen,2022-06-15 19:00:00,42,val,0.148,0.15881102
Merzenhausen,2022-06-15 20:00:00,42,val,0.149,0.15734738
Merzenhausen,2022-06-15 21:00:00,42,val,0.146,0.15588978
Merzenhausen,2022-06-15 22:00:00,42,val,0.145,0.15459588
Merzenhausen,2022-06-15 23:00:00,42,val,0.146,0.15345356
Merzenhausen,2022-06-16 00:00:00,42,val,0.146,0.15239923
Merzenhausen,2022-06-16 01:00:00,42,val,0.144,0.1517044
Merzenhausen,2022-06-16 02:00:00,42,val,0.145,0.1511841
Merzenhausen,2022-06-16 03:00:00,42,val,0.149,0.15082161
Merzenhausen,2022-06-16 04:00:00,42,val,0.145,0.15049542
Merzenhausen,2022-06-16 05:00:00,42,val,0.146,0.15068153
Merzenhausen,2022-06-16 06:00:00,42,val,0.145,0.15126742
Merzenhausen,2022-06-16 07:00:00,42,val,0.145,0.15202373
Merzenhausen,2022-06-16 08:00:00,42,val,0.146,0.15266463
Merzenhausen,2022-06-16 09:00:00,42,val,0.147,0.15331326
Merzenhausen,2022-06-16 10:00:00,42,val,0.145,0.15397252
Merzenhausen,2022-06-16 11:00:00,42,val,0.146,0.15428597
Merzenhausen,2022-06-16 12:00:00,42,val,0.149,0.15461367
Merzenhausen,2022-06-16 13:00:00,42,val,0.148,0.15502563
Merzenhausen,2022-06-16 14:00:00,42,val,0.147,0.1553371
Merzenhausen,2022-06-16 15:00:00,42,val,0.147,0.15523711
Merzenhausen,2022-06-16 16:00:00,42,val,0.147,0.15496118
Merzenhausen,2022-06-16 17:00:00,42,val,0.144,0.15455216
Merzenhausen,2022-06-16 18:00:00,42,val,0.146,0.15348569
Merzenhausen,2022-06-16 19:00:00,42,val,0.145,0.15241648
Merzenhausen,2022-06-16 20:00:00,42,val,0.144,0.15103224
Merzenhausen,2022-06-16 21:00:00,42,val,0.145,0.14965832
Merzenhausen,2022-06-16 22:00:00,42,val,0.145,0.14841549
Merzenhausen,2022-06-16 23:00:00,42,val,0.144,0.14738782
Merzenhausen,2022-06-17 00:00:00,42,val,0.145,0.14675802
Merzenhausen,2022-06-17 01:00:00,42,val,0.145,0.14628819
Merzenhausen,2022-06-17 02:00:00,42,val,0.142,0.14597228
Merzenhausen,2022-06-17 03:00:00,42,val,0.14,0.14582735
Merzenhausen,2022-06-17 04:00:00,42,val,0.145,0.14572728
Merzenhausen,2022-06-17 05:00:00,42,val,0.145,0.14586979
Merzenhausen,2022-06-17 06:00:00,42,val,0.142,0.14647959
Merzenhausen,2022-06-17 07:00:00,42,val,0.142,0.14725475
Merzenhausen,2022-06-17 08:00:00,42,val,0.142,0.14801282
Merzenhausen,2022-06-17 09:00:00,42,val,0.143,0.1488756
Merzenhausen,2022-06-17 10:00:00,42,val,0.141,0.14961846
Merzenhausen,2022-06-17 11:00:00,42,val,0.145,0.15024881
Merzenhausen,2022-06-17 12:00:00,42,val,0.14,0.15087453
Merzenhausen,2022-06-17 13:00:00,42,val,0.143,0.15141211
Merzenhausen,2022-06-17 14:00:00,42,val,0.145,0.15167135
Merzenhausen,2022-06-17 15:00:00,42,val,0.142,0.15164618
Merzenhausen,2022-06-17 16:00:00,42,val,0.145,0.15146147
Merzenhausen,2022-06-17 17:00:00,42,val,0.143,0.1511673
Merzenhausen,2022-06-17 18:00:00,42,val,0.142,0.15083542
Merzenhausen,2022-06-17 19:00:00,42,val,0.141,0.15011364
Merzenhausen,2022-06-17 20:00:00,42,val,0.141,0.14907463
Merzenhausen,2022-06-17 21:00:00,42,val,0.142,0.14762768
Merzenhausen,2022-06-17 22:00:00,42,val,0.14,0.14605324
Merzenhausen,2022-06-17 23:00:00,42,val,0.139,0.1447
Merzenhausen,2022-06-18 00:00:00,42,val,0.141,0.1438159
Merzenhausen,2022-06-18 01:00:00,42,val,0.138,0.14315116
Merzenhausen,2022-06-18 02:00:00,42,val,0.144,0.14285207
Merzenhausen,2022-06-18 03:00:00,42,val,0.14,0.14312811
Merzenhausen,2022-06-18 04:00:00,42,val,0.137,0.14356568
Merzenhausen,2022-06-18 05:00:00,42,val,0.139,0.1442108
Merzenhausen,2022-06-18 06:00:00,42,val,0.138,0.14528398
Merzenhausen,2022-06-18 07:00:00,42,val,0.138,0.1464918
Merzenhausen,2022-06-18 08:00:00,42,val,0.14,0.1475442
Merzenhausen,2022-06-18 09:00:00,42,val,0.138,0.14849164
Merzenhausen,2022-06-18 10:00:00,42,val,0.139,0.149197
Merzenhausen,2022-06-18 11:00:00,42,val,0.137,0.14980188
Merzenhausen,2022-06-18 12:00:00,42,val,0.14,0.15042226
Merzenhausen,2022-06-18 13:00:00,42,val,0.141,0.15096119
Merzenhausen,2022-06-18 14:00:00,42,val,0.142,0.15131181
Merzenhausen,2022-06-18 15:00:00,42,val,0.141,0.15157606
Merzenhausen,2022-06-18 16:00:00,42,val,0.143,0.15155408
Merzenhausen,2022-06-18 17:00:00,42,val,0.14,0.15111592
Merzenhausen,2022-06-18 18:00:00,42,val,0.14,0.1505217
Merzenhausen,2022-06-18 19:00:00,42,val,0.141,0.1496721
Merzenhausen,2022-06-18 20:00:00,42,val,0.138,0.14842336
Merzenhausen,2022-06-18 21:00:00,42,val,0.141,0.1469841
Merzenhausen,2022-06-18 22:00:00,42,val,0.138,0.14558454
Merzenhausen,2022-06-18 23:00:00,42,val,0.14,0.14411712
Merzenhausen,2022-06-19 00:00:00,42,val,0.139,0.14310122
Merzenhausen,2022-06-19 01:00:00,42,val,0.14,0.14239281
Merzenhausen,2022-06-19 02:00:00,42,val,0.139,0.1418113
Merzenhausen,2022-06-19 03:00:00,42,val,0.137,0.1412129
Merzenhausen,2022-06-19 04:00:00,42,val,0.136,0.14090458
Merzenhausen,2022-06-19 05:00:00,42,val,0.138,0.14083797
Merzenhausen,2022-06-19 06:00:00,42,val,0.134,0.14082482
Merzenhausen,2022-06-19 07:00:00,42,val,0.137,0.14084792
Merzenhausen,2022-06-19 08:00:00,42,val,0.136,0.14083602
Merzenhausen,2022-06-19 09:00:00,42,val,0.137,0.14088657
Merzenhausen,2022-06-19 10:00:00,42,val,0.138,0.14076373
Merzenhausen,2022-06-19 11:00:00,42,val,0.138,0.14116952
Merzenhausen,2022-06-19 12:00:00,42,val,0.14,0.14160374
Merzenhausen,2022-06-19 13:00:00,42,val,0.138,0.14219585
Merzenhausen,2022-06-19 14:00:00,42,val,0.141,0.14305902
Merzenhausen,2022-06-19 15:00:00,42,val,0.141,0.14378496
Merzenhausen,2022-06-19 16:00:00,42,val,0.14,0.14444587
Merzenhausen,2022-06-19 17:00:00,42,val,0.139,0.14478758
Merzenhausen,2022-06-19 18:00:00,42,val,0.141,0.14471531
Merzenhausen,2022-06-19 19:00:00,42,val,0.138,0.14424118
Merzenhausen,2022-06-19 20:00:00,42,val,0.14,0.14355843
Merzenhausen,2022-06-19 21:00:00,42,val,0.139,0.14279327
Merzenhausen,2022-06-19 22:00:00,42,val,0.14,0.14190367
Merzenhausen,2022-06-19 23:00:00,42,val,0.14,0.14103714
Merzenhausen,2022-06-20 00:00:00,42,val,0.135,0.14041013
Merzenhausen,2022-06-20 01:00:00,42,val,0.14,0.14139925
Merzenhausen,2022-06-20 02:00:00,42,val,0.139,0.15594791
Merzenhausen,2022-06-20 03:00:00,42,val,0.137,0.15873879
Merzenhausen,2022-06-20 04:00:00,42,val,0.134,0.15849543
Merzenhausen,2022-06-20 05:00:00,42,val,0.136,0.1591487
Merzenhausen,2022-06-20 06:00:00,42,val,0.138,0.15720296
Merzenhausen,2022-06-20 07:00:00,42,val,0.137,0.15550444
Merzenhausen,2022-06-20 08:00:00,42,val,0.136,0.1535428
Merzenhausen,2022-06-20 09:00:00,42,val,0.1435,0.1517478
Merzenhausen,2022-06-20 10:00:00,42,val,0.14,0.15033051
Merzenhausen,2022-06-20 11:00:00,42,val,0.137,0.14926057
Merzenhausen,2022-06-20 12:00:00,42,val,0.139,0.14872095
Merzenhausen,2022-06-20 13:00:00,42,val,0.14,0.14856489
Merzenhausen,2022-06-20 14:00:00,42,val,0.141,0.14863366
Merzenhausen,2022-06-20 15:00:00,42,val,0.142,0.14872575
Merzenhausen,2022-06-20 16:00:00,42,val,0.139,0.14874783
Merzenhausen,2022-06-20 17:00:00,42,val,0.141,0.1484192
Merzenhausen,2022-06-20 18:00:00,42,val,0.143,0.14766884
Merzenhausen,2022-06-20 19:00:00,42,val,0.143,0.14672318
Merzenhausen,2022-06-20 20:00:00,42,val,0.137,0.1455172
Merzenhausen,2022-06-20 21:00:00,42,val,0.139,0.14436848
Merzenhausen,2022-06-20 22:00:00,42,val,0.14,0.14319016
Merzenhausen,2022-06-20 23:00:00,42,val,0.135,0.14237532
Merzenhausen,2022-06-21 00:00:00,42,val,0.1375,0.14178573
Merzenhausen,2022-06-21 01:00:00,42,val,0.14,0.14150017
Merzenhausen,2022-06-21 02:00:00,42,val,0.137,0.14141375
Merzenhausen,2022-06-21 03:00:00,42,val,0.135,0.1414347
Merzenhausen,2022-06-21 04:00:00,42,val,0.144,0.14146549
Merzenhausen,2022-06-21 05:00:00,42,val,0.134,0.14176017
Merzenhausen,2022-06-21 06:00:00,42,val,0.138,0.14198762
Merzenhausen,2022-06-21 07:00:00,42,val,0.137,0.14241594
Merzenhausen,2022-06-21 08:00:00,42,val,0.136,0.14282936
Merzenhausen,2022-06-21 09:00:00,42,val,0.139,0.14315726
Merzenhausen,2022-06-21 10:00:00,42,val,0.138,0.14343864
Merzenhausen,2022-06-21 11:00:00,42,val,0.139,0.14381342
Merzenhausen,2022-06-21 12:00:00,42,val,0.143,0.14428034
Merzenhausen,2022-06-21 13:00:00,42,val,0.137,0.14469987
Merzenhausen,2022-06-21 14:00:00,42,val,0.143,0.14519455
Merzenhausen,2022-06-21 15:00:00,42,val,0.14,0.14558418
Merzenhausen,2022-06-21 16:00:00,42,val,0.14,0.1457094
Merzenhausen,2022-06-21 17:00:00,42,val,0.14,0.14546937
Merzenhausen,2022-06-21 18:00:00,42,val,0.138,0.14513773
Merzenhausen,2022-06-21 19:00:00,42,val,0.141,0.14442053
Merzenhausen,2022-06-21 20:00:00,42,val,0.14,0.14358221
Merzenhausen,2022-06-21 21:00:00,42,val,0.138,0.14257546
Merzenhausen,2022-06-21 22:00:00,42,val,0.141,0.14170317
Merzenhausen,2022-06-21 23:00:00,42,val,0.132,0.14098081
Merzenhausen,2022-06-22 00:00:00,42,val,0.136,0.14015502
Merzenhausen,2022-06-22 01:00:00,42,val,0.138,0.13976657
Merzenhausen,2022-06-22 02:00:00,42,val,0.14,0.13959843
Merzenhausen,2022-06-22 03:00:00,42,val,0.136,0.13954598
Merzenhausen,2022-06-22 04:00:00,42,val,0.137,0.1394251
Merzenhausen,2022-06-22 05:00:00,42,val,0.137,0.1395385
Merzenhausen,2022-06-22 06:00:00,42,val,0.2045,0.13996246
Merzenhausen,2022-06-22 07:00:00,42,val,0.307,0.14074615
Merzenhausen,2022-06-22 08:00:00,42,val,0.304,0.1415402
Merzenhausen,2022-06-22 09:00:00,42,val,0.302,0.14261593
Merzenhausen,2022-06-22 10:00:00,42,val,0.296,0.14367238
Merzenhausen,2022-06-22 11:00:00,42,val,0.294,0.1443656
Merzenhausen,2022-06-22 12:00:00,42,val,0.292,0.14484295
Merzenhausen,2022-06-22 13:00:00,42,val,0.289,0.14524911
Merzenhausen,2022-06-22 14:00:00,42,val,0.285,0.14564829
Merzenhausen,2022-06-22 15:00:00,42,val,0.282,0.14586553
Merzenhausen,2022-06-22 16:00:00,42,val,0.279,0.14565933
Merzenhausen,2022-06-22 17:00:00,42,val,0.279,0.14540282
Merzenhausen,2022-06-22 18:00:00,42,val,0.278,0.14502
Merzenhausen,2022-06-22 19:00:00,42,val,0.275,0.1445407
Merzenhausen,2022-06-22 20:00:00,42,val,0.273,0.14348409
Merzenhausen,2022-06-22 21:00:00,42,val,0.273,0.14192578
Merzenhausen,2022-06-22 22:00:00,42,val,0.273,0.14044863
Merzenhausen,2022-06-22 23:00:00,42,val,0.273,0.13889518
Merzenhausen,2022-06-23 00:00:00,42,val,0.27,0.137692
Merzenhausen,2022-06-23 01:00:00,42,val,0.27,0.13698593
Merzenhausen,2022-06-23 02:00:00,42,val,0.268,0.13657027
Merzenhausen,2022-06-23 03:00:00,42,val,0.272,0.13630073
Merzenhausen,2022-06-23 04:00:00,42,val,0.269,0.1368145
Merzenhausen,2022-06-23 05:00:00,42,val,0.269,0.13739428
Merzenhausen,2022-06-23 06:00:00,42,val,0.266,0.13840821
Merzenhausen,2022-06-23 07:00:00,42,val,0.271,0.13966358
Merzenhausen,2022-06-23 08:00:00,42,val,0.265,0.14081252
Merzenhausen,2022-06-23 09:00:00,42,val,0.267,0.14196277
Merzenhausen,2022-06-23 10:00:00,42,val,0.263,0.14291877
Merzenhausen,2022-06-23 11:00:00,42,val,0.257,0.14385417
Merzenhausen,2022-06-23 12:00:00,42,val,0.2605,0.14488325
Merzenhausen,2022-06-23 13:00:00,42,val,0.255,0.14558521
Merzenhausen,2022-06-23 14:00:00,42,val,0.256,0.14627424
Merzenhausen,2022-06-23 15:00:00,42,val,0.253,0.1465374
Merzenhausen,2022-06-23 16:00:00,42,val,0.253,0.14663284
Merzenhausen,2022-06-23 17:00:00,42,val,0.2515,0.14624782
Merzenhausen,2022-06-23 18:00:00,42,val,0.251,0.14537156
Merzenhausen,2022-06-23 19:00:00,42,val,0.248,0.14431313
Merzenhausen,2022-06-23 20:00:00,42,val,0.248,0.14312851
Merzenhausen,2022-06-23 21:00:00,42,val,0.246,0.15578152
Merzenhausen,2022-06-23 22:00:00,42,val,0.246,0.15883245
Merzenhausen,2022-06-23 23:00:00,42,val,0.2674999999999999,0.15731697
Merzenhausen,2022-06-24 00:00:00,42,val,0.283,0.16167615
Merzenhausen,2022-06-24 01:00:00,42,val,0.293,0.16069737
Merzenhausen,2022-06-24 02:00:00,42,val,0.2324999999999999,0.15974116
Merzenhausen,2022-06-24 03:00:00,42,val,0.2985,0.1581578
Merzenhausen,2022-06-24 04:00:00,42,val,0.298,0.1556012
Merzenhausen,2022-06-24 05:00:00,42,val,0.2965,0.15328147
Merzenhausen,2022-06-24 06:00:00,42,val,0.296,0.17360696
Merzenhausen,2022-06-24 07:00:00,42,val,0.2945,0.19418655
Merzenhausen,2022-06-24 08:00:00,42,val,0.2935,0.20269859
Merzenhausen,2022-06-24 09:00:00,42,val,0.292,0.20879214
Merzenhausen,2022-06-24 10:00:00,42,val,0.2915,0.21445999
Merzenhausen,2022-06-24 11:00:00,42,val,0.2885,0.22006613
Merzenhausen,2022-06-24 12:00:00,42,val,0.289,0.22571446
Merzenhausen,2022-06-24 13:00:00,42,val,0.282,0.230827
Merzenhausen,2022-06-24 14:00:00,42,val,0.284,0.23499821
Merzenhausen,2022-06-24 15:00:00,42,val,0.28,0.24605511
Merzenhausen,2022-06-24 16:00:00,42,val,0.278,0.25149047
Merzenhausen,2022-06-24 17:00:00,42,val,0.278,0.25379905
Merzenhausen,2022-06-24 18:00:00,42,val,0.277,0.25414714
Merzenhausen,2022-06-24 19:00:00,42,val,0.278,0.25327003
Merzenhausen,2022-06-24 20:00:00,42,val,0.278,0.25157148
Merzenhausen,2022-06-24 21:00:00,42,val,0.276,0.24941313
Merzenhausen,2022-06-24 22:00:00,42,val,0.276,0.24700862
Merzenhausen,2022-06-24 23:00:00,42,val,0.2755,0.24455789
Merzenhausen,2022-06-25 00:00:00,42,val,0.274,0.24208368
Merzenhausen,2022-06-25 01:00:00,42,val,0.2755,0.23964033
Merzenhausen,2022-06-25 02:00:00,42,val,0.275,0.23733251
Merzenhausen,2022-06-25 03:00:00,42,val,0.2735,0.235459
Merzenhausen,2022-06-25 04:00:00,42,val,0.2745,0.23399131
Merzenhausen,2022-06-25 05:00:00,42,val,0.273,0.23302807
Merzenhausen,2022-06-25 06:00:00,42,val,0.275,0.23231822
Merzenhausen,2022-06-25 07:00:00,42,val,0.272,0.23187898
Merzenhausen,2022-06-25 08:00:00,42,val,0.274,0.23126757
Merzenhausen,2022-06-25 09:00:00,42,val,0.271,0.23056683
Merzenhausen,2022-06-25 10:00:00,42,val,0.2715,0.2296542
Merzenhausen,2022-06-25 11:00:00,42,val,0.267,0.22836484
Merzenhausen,2022-06-25 12:00:00,42,val,0.2685,0.22738104
Merzenhausen,2022-06-25 13:00:00,42,val,0.2685,0.22638571
Merzenhausen,2022-06-25 14:00:00,42,val,0.262,0.22560045
Merzenhausen,2022-06-25 15:00:00,42,val,0.263,0.22483602
Merzenhausen,2022-06-25 16:00:00,42,val,0.26,0.22407839
Merzenhausen,2022-06-25 17:00:00,42,val,0.26,0.22310974
Merzenhausen,2022-06-25 18:00:00,42,val,0.258,0.22199595
Merzenhausen,2022-06-25 19:00:00,42,val,0.2605,0.22064684
Merzenhausen,2022-06-25 20:00:00,42,val,0.2595,0.21921648
Merzenhausen,2022-06-25 21:00:00,42,val,0.254,0.21783045
Merzenhausen,2022-06-25 22:00:00,42,val,0.259,0.21656224
Merzenhausen,2022-06-25 23:00:00,42,val,0.256,0.23422424
Merzenhausen,2022-06-26 00:00:00,42,val,0.257,0.24447644
Merzenhausen,2022-06-26 01:00:00,42,val,0.258,0.24739943
Merzenhausen,2022-06-26 02:00:00,42,val,0.253,0.24574384
Merzenhausen,2022-06-26 03:00:00,42,val,0.255,0.24449919
Merzenhausen,2022-06-26 04:00:00,42,val,0.255,0.24512133
Merzenhausen,2022-06-26 05:00:00,42,val,0.254,0.24596414
Merzenhausen,2022-06-26 06:00:00,42,val,0.255,0.24700432
Merzenhausen,2022-06-26 07:00:00,42,val,0.2555,0.24813499
Merzenhausen,2022-06-26 08:00:00,42,val,0.253,0.24924387
Merzenhausen,2022-06-26 09:00:00,42,val,0.25,0.25019315
Merzenhausen,2022-06-26 10:00:00,42,val,0.247,0.25092086
Merzenhausen,2022-06-26 11:00:00,42,val,0.247,0.25147918
Merzenhausen,2022-06-26 12:00:00,42,val,0.242,0.25293207
Merzenhausen,2022-06-26 13:00:00,42,val,0.238,0.25331035
Merzenhausen,2022-06-26 14:00:00,42,val,0.236,0.25337997
Merzenhausen,2022-06-26 15:00:00,42,val,0.229,0.25319022
Merzenhausen,2022-06-26 16:00:00,42,val,0.229,0.2527752
Merzenhausen,2022-06-26 17:00:00,42,val,0.224,0.2521376
Merzenhausen,2022-06-26 18:00:00,42,val,0.226,0.25136578
Merzenhausen,2022-06-26 19:00:00,42,val,0.224,0.25047216
Merzenhausen,2022-06-26 20:00:00,42,val,0.222,0.24943566
Merzenhausen,2022-06-26 21:00:00,42,val,0.223,0.2481881
Merzenhausen,2022-06-26 22:00:00,42,val,0.22,0.2467374
Merzenhausen,2022-06-26 23:00:00,42,val,0.224,0.24511614
Merzenhausen,2022-06-27 00:00:00,42,val,0.22,0.24338065
Merzenhausen,2022-06-27 01:00:00,42,val,0.221,0.24170707
Merzenhausen,2022-06-27 02:00:00,42,val,0.219,0.24012259
Merzenhausen,2022-06-27 03:00:00,42,val,0.222,0.23867847
Merzenhausen,2022-06-27 04:00:00,42,val,0.22,0.23753472
Merzenhausen,2022-06-27 05:00:00,42,val,0.22,0.23662394
Merzenhausen,2022-06-27 06:00:00,42,val,0.222,0.2360711
Merzenhausen,2022-06-27 07:00:00,42,val,0.22,0.23571728
Merzenhausen,2022-06-27 08:00:00,42,val,0.22,0.23566142
Merzenhausen,2022-06-27 09:00:00,42,val,0.219,0.23568256
Merzenhausen,2022-06-27 10:00:00,42,val,0.217,0.23588729
Merzenhausen,2022-06-27 11:00:00,42,val,0.214,0.23600616
Merzenhausen,2022-06-27 12:00:00,42,val,0.21,0.23627087
Merzenhausen,2022-06-27 13:00:00,42,val,0.208,0.23649283
Merzenhausen,2022-06-27 14:00:00,42,val,0.203,0.2369923
Merzenhausen,2022-06-27 15:00:00,42,val,0.2,0.24037063
Merzenhausen,2022-06-27 16:00:00,42,val,0.199,0.24271563
Merzenhausen,2022-06-27 17:00:00,42,val,0.195,0.24324828
Merzenhausen,2022-06-27 18:00:00,42,val,0.198,0.24276608
Merzenhausen,2022-06-27 19:00:00,42,val,0.199,0.24182385
Merzenhausen,2022-06-27 20:00:00,42,val,0.195,0.24071647
Merzenhausen,2022-06-27 21:00:00,42,val,0.195,0.23921892
Merzenhausen,2022-06-27 22:00:00,42,val,0.197,0.23768577
Merzenhausen,2022-06-27 23:00:00,42,val,0.195,0.23612946
Merzenhausen,2022-06-28 00:00:00,42,val,0.196,0.23457773
Merzenhausen,2022-06-28 01:00:00,42,val,0.197,0.23326848
Merzenhausen,2022-06-28 02:00:00,42,val,0.194,0.23194478
Merzenhausen,2022-06-28 03:00:00,42,val,0.195,0.2309133
Merzenhausen,2022-06-28 04:00:00,42,val,0.192,0.23028074
Merzenhausen,2022-06-28 05:00:00,42,val,0.194,0.23005915
Merzenhausen,2022-06-28 06:00:00,42,val,0.196,0.2303811
Merzenhausen,2022-06-28 07:00:00,42,val,0.195,0.23094128
Merzenhausen,2022-06-28 08:00:00,42,val,0.191,0.23140125
Merzenhausen,2022-06-28 09:00:00,42,val,0.192,0.23153545
Merzenhausen,2022-06-28 10:00:00,42,val,0.189,0.23117983
Merzenhausen,2022-06-28 11:00:00,42,val,0.188,0.23033606
Merzenhausen,2022-06-28 12:00:00,42,val,0.188,0.22910379
Merzenhausen,2022-06-28 13:00:00,42,val,0.187,0.22745359
Merzenhausen,2022-06-28 14:00:00,42,val,0.184,0.22538364
Merzenhausen,2022-06-28 15:00:00,42,val,0.185,0.22285116
Merzenhausen,2022-06-28 16:00:00,42,val,0.187,0.22022936
Merzenhausen,2022-06-28 17:00:00,42,val,0.209,0.2171921
Merzenhausen,2022-06-28 18:00:00,42,val,0.323,0.21419929
Merzenhausen,2022-07-10 19:00:00,42,val,0.143,0.15660039
Merzenhausen,2022-07-10 20:00:00,42,val,0.142,0.15563273
Merzenhausen,2022-07-10 21:00:00,42,val,0.144,0.15441835
Merzenhausen,2022-07-10 22:00:00,42,val,0.145,0.15299858
Merzenhausen,2022-07-10 23:00:00,42,val,0.143,0.15168208
Merzenhausen,2022-07-11 00:00:00,42,val,0.1425,0.1503571
Merzenhausen,2022-07-11 01:00:00,42,val,0.144,0.14943324
Merzenhausen,2022-07-11 02:00:00,42,val,0.144,0.14898083
Merzenhausen,2022-07-11 03:00:00,42,val,0.141,0.14860778
Merzenhausen,2022-07-11 04:00:00,42,val,0.141,0.1484268
Merzenhausen,2022-07-11 05:00:00,42,val,0.139,0.14842814
Merzenhausen,2022-07-11 06:00:00,42,val,0.139,0.14848128
Merzenhausen,2022-07-11 07:00:00,42,val,0.141,0.14865008
Merzenhausen,2022-07-11 08:00:00,42,val,0.139,0.14885575
Merzenhausen,2022-07-11 09:00:00,42,val,0.142,0.14902362
Merzenhausen,2022-07-11 10:00:00,42,val,0.1495,0.14931066
Merzenhausen,2022-07-11 11:00:00,42,val,0.14,0.14957577
Merzenhausen,2022-07-11 12:00:00,42,val,0.144,0.15000057
Merzenhausen,2022-07-11 13:00:00,42,val,0.142,0.15070352
Merzenhausen,2022-07-11 14:00:00,42,val,0.144,0.15166105
Merzenhausen,2022-07-11 15:00:00,42,val,0.144,0.15258726
Merzenhausen,2022-07-11 16:00:00,42,val,0.142,0.15325598
Merzenhausen,2022-07-11 17:00:00,42,val,0.142,0.15356255
Merzenhausen,2022-07-11 18:00:00,42,val,0.143,0.15338844
Merzenhausen,2022-07-11 19:00:00,42,val,0.146,0.15260996
Merzenhausen,2022-07-11 20:00:00,42,val,0.144,0.1515395
Merzenhausen,2022-07-11 21:00:00,42,val,0.141,0.15033683
Merzenhausen,2022-07-11 22:00:00,42,val,0.14,0.14909498
Merzenhausen,2022-07-11 23:00:00,42,val,0.137,0.14811727
Merzenhausen,2022-07-12 00:00:00,42,val,0.141,0.14724106
Merzenhausen,2022-07-12 01:00:00,42,val,0.143,0.1466018
Merzenhausen,2022-07-12 02:00:00,42,val,0.14,0.14620997
Merzenhausen,2022-07-12 03:00:00,42,val,0.14,0.14597556
Merzenhausen,2022-07-12 04:00:00,42,val,0.137,0.14592491
Merzenhausen,2022-07-12 05:00:00,42,val,0.139,0.14611557
Merzenhausen,2022-07-12 06:00:00,42,val,0.141,0.14649524
Merzenhausen,2022-07-12 07:00:00,42,val,0.139,0.14700116
Merzenhausen,2022-07-12 08:00:00,42,val,0.137,0.1473776
Merzenhausen,2022-07-12 09:00:00,42,val,0.14,0.14795327
Merzenhausen,2022-07-12 10:00:00,42,val,0.14,0.14848149
Merzenhausen,2022-07-12 11:00:00,42,val,0.141,0.1490807
Merzenhausen,2022-07-12 12:00:00,42,val,0.14,0.14952636
Merzenhausen,2022-07-12 13:00:00,42,val,0.141,0.14992377
Merzenhausen,2022-07-12 14:00:00,42,val,0.142,0.15027706
Merzenhausen,2022-07-12 15:00:00,42,val,0.139,0.1504224
Merzenhausen,2022-07-12 16:00:00,42,val,0.141,0.15026912
Merzenhausen,2022-07-12 17:00:00,42,val,0.139,0.149977
Merzenhausen,2022-07-12 18:00:00,42,val,0.138,0.14950973
Merzenhausen,2022-07-12 19:00:00,42,val,0.142,0.14860444
Merzenhausen,2022-07-12 20:00:00,42,val,0.139,0.1473115
Merzenhausen,2022-07-12 21:00:00,42,val,0.138,0.1459895
Merzenhausen,2022-07-12 22:00:00,42,val,0.137,0.14488941
Merzenhausen,2022-07-12 23:00:00,42,val,0.14,0.14398792
Merzenhausen,2022-07-13 00:00:00,42,val,0.133,0.14334826
Merzenhausen,2022-07-13 01:00:00,42,val,0.141,0.14309928
Merzenhausen,2022-07-13 02:00:00,42,val,0.136,0.14314383
Merzenhausen,2022-07-13 03:00:00,42,val,0.136,0.14323655
Merzenhausen,2022-07-13 04:00:00,42,val,0.136,0.1434865
Merzenhausen,2022-07-13 05:00:00,42,val,0.133,0.14375032
Merzenhausen,2022-07-13 06:00:00,42,val,0.133,0.14413399
Merzenhausen,2022-07-13 07:00:00,42,val,0.138,0.14486833
Merzenhausen,2022-07-13 08:00:00,42,val,0.136,0.14533459
Merzenhausen,2022-07-13 09:00:00,42,val,0.136,0.14591399
Merzenhausen,2022-07-13 10:00:00,42,val,0.135,0.14687298
Merzenhausen,2022-07-13 11:00:00,42,val,0.136,0.14750345
Merzenhausen,2022-07-13 12:00:00,42,val,0.136,0.14818235
Merzenhausen,2022-07-13 13:00:00,42,val,0.137,0.14873447
Merzenhausen,2022-07-13 14:00:00,42,val,0.138,0.1492297
Merzenhausen,2022-07-13 15:00:00,42,val,0.136,0.14959337
Merzenhausen,2022-07-13 16:00:00,42,val,0.14,0.14956555
Merzenhausen,2022-07-13 17:00:00,42,val,0.136,0.14908545
Merzenhausen,2022-07-13 18:00:00,42,val,0.138,0.14832427
Merzenhausen,2022-07-13 19:00:00,42,val,0.135,0.14754158
Merzenhausen,2022-07-13 20:00:00,42,val,0.136,0.14656967
Merzenhausen,2022-07-13 21:00:00,42,val,0.135,0.14531879
Merzenhausen,2022-07-13 22:00:00,42,val,0.136,0.14401051
Merzenhausen,2022-07-13 23:00:00,42,val,0.135,0.14264086
Merzenhausen,2022-07-14 00:00:00,42,val,0.135,0.1416634
Merzenhausen,2022-07-14 01:00:00,42,val,0.136,0.1412209
Merzenhausen,2022-07-14 02:00:00,42,val,0.134,0.14092216
Merzenhausen,2022-07-14 03:00:00,42,val,0.131,0.14074624
Merzenhausen,2022-07-14 04:00:00,42,val,0.133,0.14062004
Merzenhausen,2022-07-14 05:00:00,42,val,0.131,0.14065039
Merzenhausen,2022-07-14 06:00:00,42,val,0.135,0.14086705
Merzenhausen,2022-07-14 07:00:00,42,val,0.131,0.14114445
Merzenhausen,2022-07-14 08:00:00,42,val,0.134,0.14136636
Merzenhausen,2022-07-14 09:00:00,42,val,0.132,0.14184348
Merzenhausen,2022-07-14 10:00:00,42,val,0.131,0.14244145
Merzenhausen,2022-07-14 11:00:00,42,val,0.136,0.14324865
Merzenhausen,2022-07-14 12:00:00,42,val,0.135,0.14409783
Merzenhausen,2022-07-14 13:00:00,42,val,0.138,0.14497396
Merzenhausen,2022-07-14 14:00:00,42,val,0.137,0.14584474
Merzenhausen,2022-07-14 15:00:00,42,val,0.135,0.1463555
Merzenhausen,2022-07-14 16:00:00,42,val,0.135,0.14660099
Merzenhausen,2022-07-14 17:00:00,42,val,0.135,0.14629544
Merzenhausen,2022-07-14 18:00:00,42,val,0.138,0.14556265
Merzenhausen,2022-07-14 19:00:00,42,val,0.133,0.14477202
Merzenhausen,2022-07-14 20:00:00,42,val,0.134,0.14371872
Merzenhausen,2022-07-14 21:00:00,42,val,0.135,0.14251018
Merzenhausen,2022-07-14 22:00:00,42,val,0.132,0.14120756
Merzenhausen,2022-07-14 23:00:00,42,val,0.134,0.1402199
Merzenhausen,2022-07-15 00:00:00,42,val,0.133,0.13919315
Merzenhausen,2022-07-15 01:00:00,42,val,0.13,0.13882378
Merzenhausen,2022-07-15 02:00:00,42,val,0.131,0.13865015
Merzenhausen,2022-07-15 03:00:00,42,val,0.129,0.13867018
Merzenhausen,2022-07-15 04:00:00,42,val,0.128,0.13881385
Merzenhausen,2022-07-15 05:00:00,42,val,0.13,0.13881573
Merzenhausen,2022-07-15 06:00:00,42,val,0.13,0.13887191
Merzenhausen,2022-07-15 07:00:00,42,val,0.132,0.13938737
Merzenhausen,2022-07-15 08:00:00,42,val,0.131,0.13992119
Merzenhausen,2022-07-15 09:00:00,42,val,0.13,0.14049011
Merzenhausen,2022-07-15 10:00:00,42,val,0.131,0.1411163
Merzenhausen,2022-07-15 11:00:00,42,val,0.134,0.1418578
Merzenhausen,2022-07-15 12:00:00,42,val,0.131,0.14266878
Merzenhausen,2022-07-15 13:00:00,42,val,0.133,0.14351594
Merzenhausen,2022-07-15 14:00:00,42,val,0.135,0.14440525
Merzenhausen,2022-07-15 15:00:00,42,val,0.136,0.14510201
Merzenhausen,2022-07-15 16:00:00,42,val,0.134,0.14571854
Merzenhausen,2022-07-15 17:00:00,42,val,0.136,0.14576808
Merzenhausen,2022-07-15 18:00:00,42,val,0.135,0.14539884
Merzenhausen,2022-07-15 19:00:00,42,val,0.133,0.14448175
Merzenhausen,2022-07-15 20:00:00,42,val,0.134,0.14330512
Merzenhausen,2022-07-15 21:00:00,42,val,0.131,0.14201593
Merzenhausen,2022-07-15 22:00:00,42,val,0.134,0.14085081
Merzenhausen,2022-07-15 23:00:00,42,val,0.131,0.13991633
Merzenhausen,2022-07-16 00:00:00,42,val,0.129,0.13926849
Merzenhausen,2022-07-16 01:00:00,42,val,0.132,0.13898562
Merzenhausen,2022-07-16 02:00:00,42,val,0.131,0.13890466
Merzenhausen,2022-07-16 03:00:00,42,val,0.129,0.13879162
Merzenhausen,2022-07-16 04:00:00,42,val,0.129,0.13887022
Merzenhausen,2022-07-16 05:00:00,42,val,0.13,0.1389822
Merzenhausen,2022-07-16 06:00:00,42,val,0.13,0.13943297
Merzenhausen,2022-07-16 07:00:00,42,val,0.129,0.13981798
Merzenhausen,2022-07-16 08:00:00,42,val,0.131,0.14036186
Merzenhausen,2022-07-16 09:00:00,42,val,0.133,0.1408194
Merzenhausen,2022-07-16 10:00:00,42,val,0.134,0.14115521
Merzenhausen,2022-07-16 11:00:00,42,val,0.131,0.14177218
Merzenhausen,2022-07-16 12:00:00,42,val,0.132,0.14241645
Merzenhausen,2022-07-16 13:00:00,42,val,0.136,0.14327607
Merzenhausen,2022-07-16 14:00:00,42,val,0.135,0.14410968
Merzenhausen,2022-07-16 15:00:00,42,val,0.135,0.14466155
Merzenhausen,2022-07-16 16:00:00,42,val,0.135,0.14481786
Merzenhausen,2022-07-16 17:00:00,42,val,0.135,0.14454833
Merzenhausen,2022-07-16 18:00:00,42,val,0.135,0.14406541
Merzenhausen,2022-07-16 19:00:00,42,val,0.134,0.14299455
Merzenhausen,2022-07-16 20:00:00,42,val,0.133,0.14170486
Merzenhausen,2022-07-16 21:00:00,42,val,0.134,0.1404241
Merzenhausen,2022-07-16 22:00:00,42,val,0.131,0.13910523
Merzenhausen,2022-07-16 23:00:00,42,val,0.133,0.13809124
Merzenhausen,2022-07-17 00:00:00,42,val,0.132,0.1374096
Merzenhausen,2022-07-17 01:00:00,42,val,0.133,0.13683887
Merzenhausen,2022-07-17 02:00:00,42,val,0.13,0.1365473
Merzenhausen,2022-07-17 03:00:00,42,val,0.13,0.13638747
Merzenhausen,2022-07-17 04:00:00,42,val,0.127,0.13631052
Merzenhausen,2022-07-17 05:00:00,42,val,0.131,0.13644117
Merzenhausen,2022-07-17 06:00:00,42,val,0.129,0.13681561
Merzenhausen,2022-07-17 07:00:00,42,val,0.13,0.1374926
Merzenhausen,2022-07-17 08:00:00,42,val,0.13,0.13818955
Merzenhausen,2022-07-17 09:00:00,42,val,0.127,0.13883401
Merzenhausen,2022-07-17 10:00:00,42,val,0.133,0.13950111
Merzenhausen,2022-07-17 11:00:00,42,val,0.13,0.14035326
Merzenhausen,2022-07-17 12:00:00,42,val,0.131,0.14098725
Merzenhausen,2022-07-17 13:00:00,42,val,0.134,0.14157532
Merzenhausen,2022-07-17 14:00:00,42,val,0.133,0.14218333
Merzenhausen,2022-07-17 15:00:00,42,val,0.136,0.14269015
Merzenhausen,2022-07-17 16:00:00,42,val,0.136,0.14278287
Merzenhausen,2022-07-17 17:00:00,42,val,0.131,0.14263141
Merzenhausen,2022-07-17 18:00:00,42,val,0.135,0.14211982
Merzenhausen,2022-07-17 19:00:00,42,val,0.133,0.1411566
Merzenhausen,2022-07-17 20:00:00,42,val,0.134,0.1400182
Merzenhausen,2022-07-17 21:00:00,42,val,0.133,0.13851151
Merzenhausen,2022-07-17 22:00:00,42,val,0.13,0.13711911
Merzenhausen,2022-07-17 23:00:00,42,val,0.132,0.13588719
Merzenhausen,2022-07-18 00:00:00,42,val,0.133,0.13469961
Merzenhausen,2022-07-18 01:00:00,42,val,0.13,0.1340074
Merzenhausen,2022-07-18 02:00:00,42,val,0.132,0.13356037
Merzenhausen,2022-07-18 03:00:00,42,val,0.132,0.13328865
Merzenhausen,2022-07-18 04:00:00,42,val,0.129,0.13319339
Merzenhausen,2022-07-18 05:00:00,42,val,0.129,0.13344178
Merzenhausen,2022-07-18 06:00:00,42,val,0.129,0.13402955
Merzenhausen,2022-07-18 07:00:00,42,val,0.129,0.13480274
Merzenhausen,2022-07-18 08:00:00,42,val,0.129,0.13584456
Merzenhausen,2022-07-18 09:00:00,42,val,0.127,0.13712338
Merzenhausen,2022-07-18 10:00:00,42,val,0.132,0.13850582
Merzenhausen,2022-07-18 11:00:00,42,val,0.131,0.13962884
Merzenhausen,2022-07-18 12:00:00,42,val,0.13,0.14057145
Merzenhausen,2022-07-18 13:00:00,42,val,0.133,0.14161125
Merzenhausen,2022-07-18 14:00:00,42,val,0.139,0.14257021
Merzenhausen,2022-07-18 15:00:00,42,val,0.132,0.14335948
Merzenhausen,2022-07-18 16:00:00,42,val,0.132,0.14387546
Merzenhausen,2022-07-18 17:00:00,42,val,0.127,0.14408168
Merzenhausen,2022-07-18 18:00:00,42,val,0.133,0.14397804
Merzenhausen,2022-07-18 19:00:00,42,val,0.128,0.14344668
Merzenhausen,2022-07-18 20:00:00,42,val,0.129,0.14214423
Merzenhausen,2022-07-18 21:00:00,42,val,0.13,0.14050573
Merzenhausen,2022-07-18 22:00:00,42,val,0.127,0.13857658
Merzenhausen,2022-07-18 23:00:00,42,val,0.127,0.13683453
Merzenhausen,2022-07-19 00:00:00,42,val,0.13,0.13535982
Merzenhausen,2022-07-19 01:00:00,42,val,0.128,0.13435394
Merzenhausen,2022-07-19 02:00:00,42,val,0.125,0.13353112
Merzenhausen,2022-07-19 03:00:00,42,val,0.125,0.13296723
Merzenhausen,2022-07-19 04:00:00,42,val,0.127,0.13248456
Merzenhausen,2022-07-19 05:00:00,42,val,0.129,0.1325011
Merzenhausen,2022-07-19 06:00:00,42,val,0.127,0.13304996
Merzenhausen,2022-07-19 07:00:00,42,val,0.128,0.13401292
Merzenhausen,2022-07-19 08:00:00,42,val,0.126,0.13531058
Merzenhausen,2022-07-19 09:00:00,42,val,0.129,0.13647711
Merzenhausen,2022-07-19 10:00:00,42,val,0.129,0.1377868
Merzenhausen,2022-07-19 11:00:00,42,val,0.129,0.13894922
Merzenhausen,2022-08-02 08:00:00,42,val,0.131,0.14154345
Merzenhausen,2022-08-02 09:00:00,42,val,0.135,0.14232299
Merzenhausen,2022-08-02 10:00:00,42,val,0.134,0.14282207
Merzenhausen,2022-08-02 11:00:00,42,val,0.137,0.14330429
Merzenhausen,2022-08-02 12:00:00,42,val,0.137,0.14393955
Merzenhausen,2022-08-02 13:00:00,42,val,0.138,0.14462088
Merzenhausen,2022-08-02 14:00:00,42,val,0.134,0.1450497
Merzenhausen,2022-08-02 15:00:00,42,val,0.135,0.14525129
Merzenhausen,2022-08-02 16:00:00,42,val,0.137,0.14522563
Merzenhausen,2022-08-02 17:00:00,42,val,0.137,0.14494322
Merzenhausen,2022-08-02 18:00:00,42,val,0.133,0.14443721
Merzenhausen,2022-08-02 19:00:00,42,val,0.13,0.14366427
Merzenhausen,2022-08-02 20:00:00,42,val,0.134,0.14238489
Merzenhausen,2022-08-02 21:00:00,42,val,0.133,0.14090762
Merzenhausen,2022-08-02 22:00:00,42,val,0.133,0.13944185
Merzenhausen,2022-08-02 23:00:00,42,val,0.134,0.13812362
Merzenhausen,2022-08-03 00:00:00,42,val,0.134,0.13713649
Merzenhausen,2022-08-03 01:00:00,42,val,0.134,0.13660836
Merzenhausen,2022-08-03 02:00:00,42,val,0.131,0.1363428
Merzenhausen,2022-08-03 03:00:00,42,val,0.211,0.13631293
Merzenhausen,2022-08-03 04:00:00,42,val,0.207,0.13629858
Merzenhausen,2022-08-03 05:00:00,42,val,0.207,0.13649723
Merzenhausen,2022-08-03 06:00:00,42,val,0.204,0.1369568
Merzenhausen,2022-08-03 07:00:00,42,val,0.206,0.13770935
Merzenhausen,2022-08-03 08:00:00,42,val,0.2,0.13859335
Merzenhausen,2022-08-03 09:00:00,42,val,0.199,0.13946433
Merzenhausen,2022-08-03 10:00:00,42,val,0.202,0.14024723
Merzenhausen,2022-08-03 11:00:00,42,val,0.199,0.14106616
Merzenhausen,2022-08-03 12:00:00,42,val,0.197,0.1419791
Merzenhausen,2022-08-03 13:00:00,42,val,0.198,0.1427936
Merzenhausen,2022-08-03 14:00:00,42,val,0.195,0.14362803
Merzenhausen,2022-08-03 15:00:00,42,val,0.196,0.14405733
Merzenhausen,2022-08-03 16:00:00,42,val,0.193,0.14420724
Merzenhausen,2022-08-03 17:00:00,42,val,0.194,0.14413348
Merzenhausen,2022-08-03 18:00:00,42,val,0.191,0.14385074
Merzenhausen,2022-08-03 19:00:00,42,val,0.189,0.14320053
Merzenhausen,2022-08-03 20:00:00,42,val,0.188,0.1420438
Merzenhausen,2022-08-03 21:00:00,42,val,0.191,0.14062488
Merzenhausen,2022-08-03 22:00:00,42,val,0.19,0.13930935
Merzenhausen,2022-08-03 23:00:00,42,val,0.187,0.13805331
Merzenhausen,2022-08-04 00:00:00,42,val,0.186,0.13700363
Merzenhausen,2022-08-04 01:00:00,42,val,0.189,0.13605872
Merzenhausen,2022-08-04 02:00:00,42,val,0.186,0.13526496
Merzenhausen,2022-08-04 03:00:00,42,val,0.184,0.13474506
Merzenhausen,2022-08-04 04:00:00,42,val,0.189,0.13460484
Merzenhausen,2022-08-04 05:00:00,42,val,0.186,0.13467576
Merzenhausen,2022-08-04 06:00:00,42,val,0.183,0.13512054
Merzenhausen,2022-08-04 07:00:00,42,val,0.185,0.13577661
Merzenhausen,2022-08-04 08:00:00,42,val,0.181,0.13666062
Merzenhausen,2022-08-04 09:00:00,42,val,0.181,0.13770983
Merzenhausen,2022-08-04 10:00:00,42,val,0.181,0.1386781
Merzenhausen,2022-08-04 11:00:00,42,val,0.181,0.13969709
Merzenhausen,2022-08-04 12:00:00,42,val,0.1855,0.14071265
Merzenhausen,2022-08-04 13:00:00,42,val,0.178,0.14177546
Merzenhausen,2022-08-04 14:00:00,42,val,0.1845,0.14242873
Merzenhausen,2022-08-04 15:00:00,42,val,0.176,0.14273715
Merzenhausen,2022-08-04 16:00:00,42,val,0.178,0.14285286
Merzenhausen,2022-08-04 17:00:00,42,val,0.178,0.14273185
Merzenhausen,2022-08-04 18:00:00,42,val,0.181,0.14205323
Merzenhausen,2022-08-04 19:00:00,42,val,0.177,0.14087057
Merzenhausen,2022-08-04 20:00:00,42,val,0.1825,0.13968018
Merzenhausen,2022-08-04 21:00:00,42,val,0.176,0.13848028
Merzenhausen,2022-08-04 22:00:00,42,val,0.177,0.13735932
Merzenhausen,2022-08-04 23:00:00,42,val,0.178,0.13640475
Merzenhausen,2022-08-05 00:00:00,42,val,0.178,0.13571678
Merzenhausen,2022-08-05 01:00:00,42,val,0.176,0.13531044
Merzenhausen,2022-08-05 02:00:00,42,val,0.175,0.13501272
Merzenhausen,2022-08-05 03:00:00,42,val,0.176,0.15624896
Merzenhausen,2022-08-05 04:00:00,42,val,0.175,0.16377196
Merzenhausen,2022-08-05 05:00:00,42,val,0.175,0.16973957
Merzenhausen,2022-08-05 06:00:00,42,val,0.176,0.17394672
Merzenhausen,2022-08-05 07:00:00,42,val,0.176,0.17785905
Merzenhausen,2022-08-05 08:00:00,42,val,0.176,0.18149683
Merzenhausen,2022-08-05 09:00:00,42,val,0.173,0.18505584
Merzenhausen,2022-08-05 10:00:00,42,val,0.173,0.18962257
Merzenhausen,2022-08-05 11:00:00,42,val,0.173,0.19331367
Merzenhausen,2022-08-05 12:00:00,42,val,0.173,0.1962927
Merzenhausen,2022-08-05 13:00:00,42,val,0.172,0.19856617
Merzenhausen,2022-08-05 14:00:00,42,val,0.172,0.20026799
Merzenhausen,2022-08-05 15:00:00,42,val,0.171,0.20120725
Merzenhausen,2022-08-05 16:00:00,42,val,0.171,0.20138034
Merzenhausen,2022-08-05 17:00:00,42,val,0.171,0.20080489
Merzenhausen,2022-08-05 18:00:00,42,val,0.171,0.19960268
Merzenhausen,2022-08-05 19:00:00,42,val,0.172,0.1978991
Merzenhausen,2022-08-05 20:00:00,42,val,0.17,0.19588925
Merzenhausen,2022-08-05 21:00:00,42,val,0.171,0.19391204
Merzenhausen,2022-08-05 22:00:00,42,val,0.172,0.19200428
Merzenhausen,2022-08-05 23:00:00,42,val,0.17,0.19006687
Merzenhausen,2022-08-06 00:00:00,42,val,0.172,0.1882887
Merzenhausen,2022-08-06 01:00:00,42,val,0.171,0.18696357
Merzenhausen,2022-08-06 02:00:00,42,val,0.17,0.18585594
Merzenhausen,2022-08-06 03:00:00,42,val,0.169,0.18500924
Merzenhausen,2022-08-06 04:00:00,42,val,0.169,0.18467999
Merzenhausen,2022-08-06 05:00:00,42,val,0.169,0.18478236
Merzenhausen,2022-08-06 06:00:00,42,val,0.169,0.18514493
Merzenhausen,2022-08-06 07:00:00,42,val,0.169,0.18591247
Merzenhausen,2022-08-06 08:00:00,42,val,0.17,0.1866153
Merzenhausen,2022-08-06 09:00:00,42,val,0.168,0.18730628
Merzenhausen,2022-08-06 10:00:00,42,val,0.17,0.1880369
Merzenhausen,2022-08-06 11:00:00,42,val,0.169,0.18871072
Merzenhausen,2022-08-06 12:00:00,42,val,0.168,0.1896017
Merzenhausen,2022-08-06 13:00:00,42,val,0.168,0.1902
Merzenhausen,2022-08-06 14:00:00,42,val,0.1675,0.19078588
Merzenhausen,2022-08-06 15:00:00,42,val,0.164,0.1907036
Merzenhausen,2022-08-06 16:00:00,42,val,0.165,0.19018361
Merzenhausen,2022-08-06 17:00:00,42,val,0.168,0.18931174
Merzenhausen,2022-08-06 18:00:00,42,val,0.167,0.18813865
Merzenhausen,2022-08-06 19:00:00,42,val,0.164,0.18670066
Merzenhausen,2022-08-06 20:00:00,42,val,0.166,0.18544964
Merzenhausen,2022-08-06 21:00:00,42,val,0.163,0.18396577
Merzenhausen,2022-08-06 22:00:00,42,val,0.164,0.1824501
Merzenhausen,2022-08-06 23:00:00,42,val,0.164,0.18128301
Merzenhausen,2022-08-07 00:00:00,42,val,0.163,0.18036264
Merzenhausen,2022-08-07 01:00:00,42,val,0.162,0.17960164
Merzenhausen,2022-08-07 02:00:00,42,val,0.16,0.17903002
Merzenhausen,2022-08-07 03:00:00,42,val,0.1635,0.17867026
Merzenhausen,2022-08-07 04:00:00,42,val,0.161,0.17858513
Merzenhausen,2022-08-07 05:00:00,42,val,0.161,0.1787387
Merzenhausen,2022-08-07 06:00:00,42,val,0.159,0.17928189
Merzenhausen,2022-08-07 07:00:00,42,val,0.161,0.18002929
Merzenhausen,2022-08-07 08:00:00,42,val,0.161,0.18084273
Merzenhausen,2022-08-07 09:00:00,42,val,0.161,0.18142037
Merzenhausen,2022-08-07 10:00:00,42,val,0.16,0.1818325
Merzenhausen,2022-08-07 11:00:00,42,val,0.16,0.18192267
Merzenhausen,2022-08-07 12:00:00,42,val,0.16,0.1818341
Merzenhausen,2022-08-07 13:00:00,42,val,0.16,0.18145509
Merzenhausen,2022-08-07 14:00:00,42,val,0.159,0.18083695
Merzenhausen,2022-08-07 15:00:00,42,val,0.159,0.17993996
Merzenhausen,2022-08-07 16:00:00,42,val,0.159,0.17873509
Merzenhausen,2022-08-07 17:00:00,42,val,0.159,0.17736934
Merzenhausen,2022-08-07 18:00:00,42,val,0.156,0.17585666
Merzenhausen,2022-08-07 19:00:00,42,val,0.156,0.17433438
Merzenhausen,2022-08-07 20:00:00,42,val,0.155,0.1727424
Merzenhausen,2022-08-07 21:00:00,42,val,0.156,0.17127995
Merzenhausen,2022-08-07 22:00:00,42,val,0.157,0.17013875
Merzenhausen,2022-08-07 23:00:00,42,val,0.152,0.16915543
Merzenhausen,2022-08-08 00:00:00,42,val,0.156,0.16856253
Merzenhausen,2022-08-08 01:00:00,42,val,0.157,0.16823243
Merzenhausen,2022-08-08 02:00:00,42,val,0.154,0.16809137
Merzenhausen,2022-08-08 03:00:00,42,val,0.152,0.16813523
Merzenhausen,2022-08-08 04:00:00,42,val,0.155,0.16827837
Merzenhausen,2022-08-08 05:00:00,42,val,0.153,0.1686513
Merzenhausen,2022-08-08 06:00:00,42,val,0.154,0.16929996
Merzenhausen,2022-08-08 07:00:00,42,val,0.153,0.17014842
Merzenhausen,2022-08-08 08:00:00,42,val,0.151,0.17119819
Merzenhausen,2022-08-08 09:00:00,42,val,0.153,0.17215313
Merzenhausen,2022-08-08 10:00:00,42,val,0.152,0.17297845
Merzenhausen,2022-08-08 11:00:00,42,val,0.153,0.17365624
Merzenhausen,2022-08-08 12:00:00,42,val,0.149,0.17403986
Merzenhausen,2022-08-08 13:00:00,42,val,0.152,0.17418884
Merzenhausen,2022-08-08 14:00:00,42,val,0.152,0.17409554
Merzenhausen,2022-08-08 15:00:00,42,val,0.152,0.17343168
Merzenhausen,2022-08-08 16:00:00,42,val,0.15,0.17242394
Merzenhausen,2022-08-08 17:00:00,42,val,0.149,0.17126629
Merzenhausen,2022-08-08 18:00:00,42,val,0.147,0.1700105
Merzenhausen,2022-08-08 19:00:00,42,val,0.152,0.16843829
Merzenhausen,2022-08-08 20:00:00,42,val,0.148,0.16685902
Merzenhausen,2022-08-08 21:00:00,42,val,0.147,0.16519779
Merzenhausen,2022-08-08 22:00:00,42,val,0.146,0.16372277
Merzenhausen,2022-08-08 23:00:00,42,val,0.145,0.1625664
Merzenhausen,2022-08-09 00:00:00,42,val,0.146,0.16170172
Merzenhausen,2022-08-09 01:00:00,42,val,0.144,0.16106728
Merzenhausen,2022-08-09 02:00:00,42,val,0.145,0.16061753
Merzenhausen,2022-08-09 03:00:00,42,val,0.145,0.16050787
Merzenhausen,2022-08-09 04:00:00,42,val,0.148,0.1604548
Merzenhausen,2022-08-09 05:00:00,42,val,0.145,0.16057116
Merzenhausen,2022-08-09 06:00:00,42,val,0.143,0.16091661
Merzenhausen,2022-08-09 07:00:00,42,val,0.144,0.16143635
Merzenhausen,2022-08-09 08:00:00,42,val,0.144,0.1620647
Merzenhausen,2022-08-09 09:00:00,42,val,0.146,0.16264966
Merzenhausen,2022-08-09 10:00:00,42,val,0.145,0.16306236
Merzenhausen,2022-08-09 11:00:00,42,val,0.146,0.16334769
Merzenhausen,2022-08-09 12:00:00,42,val,0.144,0.16350274
Merzenhausen,2022-08-09 13:00:00,42,val,0.145,0.16357905
Merzenhausen,2022-08-09 14:00:00,42,val,0.145,0.16352805
Merzenhausen,2022-08-09 15:00:00,42,val,0.146,0.16319482
Merzenhausen,2022-08-09 16:00:00,42,val,0.145,0.16261633
Merzenhausen,2022-08-09 17:00:00,42,val,0.143,0.16183382
Merzenhausen,2022-08-09 18:00:00,42,val,0.144,0.16071776
Merzenhausen,2022-08-09 19:00:00,42,val,0.146,0.15941702
Merzenhausen,2022-08-09 20:00:00,42,val,0.141,0.15796727
Merzenhausen,2022-08-09 21:00:00,42,val,0.14,0.15656236
Merzenhausen,2022-08-09 22:00:00,42,val,0.144,0.15544143
Merzenhausen,2022-08-09 23:00:00,42,val,0.145,0.15433887
Merzenhausen,2022-08-10 00:00:00,42,val,0.14,0.15356292
Merzenhausen,2022-08-10 01:00:00,42,val,0.14,0.15321526
Merzenhausen,2022-08-10 02:00:00,42,val,0.139,0.15299037
Merzenhausen,2022-08-10 03:00:00,42,val,0.143,0.15273336
Merzenhausen,2022-08-10 04:00:00,42,val,0.14,0.15270299
Merzenhausen,2022-08-10 05:00:00,42,val,0.137,0.1527758
Merzenhausen,2022-08-10 06:00:00,42,val,0.14,0.15328605
Merzenhausen,2022-08-10 07:00:00,42,val,0.137,0.15393382
Merzenhausen,2022-08-10 08:00:00,42,val,0.14,0.15458514
Merzenhausen,2022-08-10 09:00:00,42,val,0.143,0.15525141
Merzenhausen,2022-08-10 10:00:00,42,val,0.141,0.15575352
Merzenhausen,2022-08-10 11:00:00,42,val,0.14,0.15611449
Merzenhausen,2022-08-10 12:00:00,42,val,0.143,0.1561382
Merzenhausen,2022-08-10 13:00:00,42,val,0.142,0.15617599
Merzenhausen,2022-08-10 14:00:00,42,val,0.14,0.15610608
Merzenhausen,2022-08-10 15:00:00,42,val,0.142,0.15594482
Merzenhausen,2022-08-10 16:00:00,42,val,0.14,0.15549126
Merzenhausen,2022-08-10 17:00:00,42,val,0.142,0.15476477
Merzenhausen,2022-08-10 18:00:00,42,val,0.142,0.15373105
Merzenhausen,2022-08-10 19:00:00,42,val,0.141,0.15280989
Merzenhausen,2022-08-10 20:00:00,42,val,0.142,0.1517373
Merzenhausen,2022-08-10 21:00:00,42,val,0.141,0.15054129
Merzenhausen,2022-08-10 22:00:00,42,val,0.136,0.1492655
Merzenhausen,2022-08-10 23:00:00,42,val,0.138,0.14788365
Merzenhausen,2022-08-11 00:00:00,42,val,0.139,0.14683485
Merzenhausen,2022-08-11 01:00:00,42,val,0.136,0.14591473
Merzenhausen,2022-08-11 02:00:00,42,val,0.134,0.14526585
Merzenhausen,2022-08-11 03:00:00,42,val,0.133,0.14484678
Merzenhausen,2022-08-11 04:00:00,42,val,0.139,0.1448261
Merzenhausen,2022-08-11 05:00:00,42,val,0.136,0.14498532
Merzenhausen,2022-08-11 06:00:00,42,val,0.136,0.1453856
Merzenhausen,2022-08-11 07:00:00,42,val,0.136,0.14605454
Merzenhausen,2022-08-11 08:00:00,42,val,0.135,0.14681664
Merzenhausen,2022-08-11 09:00:00,42,val,0.134,0.14771706
Merzenhausen,2022-08-11 10:00:00,42,val,0.135,0.14849155
Merzenhausen,2022-08-11 11:00:00,42,val,0.139,0.14921951
Merzenhausen,2022-08-11 12:00:00,42,val,0.138,0.1497651
Merzenhausen,2022-08-11 13:00:00,42,val,0.139,0.15017885
Merzenhausen,2022-08-11 14:00:00,42,val,0.135,0.15049098
Merzenhausen,2022-08-11 15:00:00,42,val,0.139,0.15066472
Merzenhausen,2022-08-11 16:00:00,42,val,0.139,0.15059167
Merzenhausen,2022-08-11 17:00:00,42,val,0.139,0.15014853
Merzenhausen,2022-08-11 18:00:00,42,val,0.137,0.14949113
Merzenhausen,2022-08-11 19:00:00,42,val,0.136,0.14871877
Merzenhausen,2022-08-11 20:00:00,42,val,0.135,0.14761335
Merzenhausen,2022-08-11 21:00:00,42,val,0.137,0.14623767
Merzenhausen,2022-08-11 22:00:00,42,val,0.134,0.14513993
Merzenhausen,2022-08-11 23:00:00,42,val,0.135,0.14419556
Merzenhausen,2022-08-12 00:00:00,42,val,0.132,0.14321722
Merzenhausen,2022-08-12 01:00:00,42,val,0.134,0.1423462
Merzenhausen,2022-08-12 02:00:00,42,val,0.134,0.14159428
Merzenhausen,2022-08-12 03:00:00,42,val,0.131,0.14124602
Merzenhausen,2022-08-12 04:00:00,42,val,0.135,0.14113721
Merzenhausen,2022-08-12 05:00:00,42,val,0.132,0.14110228
Merzenhausen,2022-08-12 06:00:00,42,val,0.132,0.14147836
Merzenhausen,2022-08-12 07:00:00,42,val,0.135,0.14196202
Merzenhausen,2022-08-12 08:00:00,42,val,0.131,0.14265668
Merzenhausen,2022-08-12 09:00:00,42,val,0.134,0.14356953
Merzenhausen,2022-08-12 10:00:00,42,val,0.135,0.14446166
Merzenhausen,2022-08-12 11:00:00,42,val,0.134,0.14532593
Merzenhausen,2022-08-12 12:00:00,42,val,0.132,0.14621042
Merzenhausen,2022-08-12 13:00:00,42,val,0.137,0.14688917
Merzenhausen,2022-08-12 14:00:00,42,val,0.135,0.14728361
Merzenhausen,2022-08-12 15:00:00,42,val,0.134,0.1474924
Merzenhausen,2022-08-12 16:00:00,42,val,0.136,0.1473364
Merzenhausen,2022-08-12 17:00:00,42,val,0.136,0.14697808
Merzenhausen,2022-08-12 18:00:00,42,val,0.135,0.14643621
Merzenhausen,2022-08-12 19:00:00,42,val,0.133,0.14568385
Merzenhausen,2022-08-12 20:00:00,42,val,0.134,0.14483902
Merzenhausen,2022-08-12 21:00:00,42,val,0.131,0.14374481
Merzenhausen,2022-08-12 22:00:00,42,val,0.138,0.14235032
Merzenhausen,2022-08-12 23:00:00,42,val,0.134,0.14107585
Merzenhausen,2022-08-13 00:00:00,42,val,0.134,0.14001802
Merzenhausen,2022-08-13 01:00:00,42,val,0.131,0.13919875
Merzenhausen,2022-08-13 02:00:00,42,val,0.1385,0.13853322
Merzenhausen,2022-08-13 03:00:00,42,val,0.131,0.13789263
Merzenhausen,2022-08-13 04:00:00,42,val,0.133,0.13777481
Merzenhausen,2022-08-13 05:00:00,42,val,0.133,0.13784
Merzenhausen,2022-08-13 06:00:00,42,val,0.13,0.13827753
Merzenhausen,2022-08-13 07:00:00,42,val,0.13,0.13903573
Merzenhausen,2022-08-13 08:00:00,42,val,0.13,0.1398718
Merzenhausen,2022-08-13 09:00:00,42,val,0.133,0.14062008
Merzenhausen,2022-08-13 10:00:00,42,val,0.131,0.14133336
Merzenhausen,2022-08-13 11:00:00,42,val,0.1395,0.14215364
Merzenhausen,2022-08-13 12:00:00,42,val,0.131,0.14299855
Merzenhausen,2022-08-13 13:00:00,42,val,0.131,0.14379892
Merzenhausen,2022-08-13 14:00:00,42,val,0.13,0.14418393
Merzenhausen,2022-08-13 15:00:00,42,val,0.13,0.14454757
Merzenhausen,2022-08-13 16:00:00,42,val,0.134,0.14473434
Merzenhausen,2022-08-13 17:00:00,42,val,0.131,0.14461377
Merzenhausen,2022-08-13 18:00:00,42,val,0.133,0.1440962
Merzenhausen,2022-08-13 19:00:00,42,val,0.13,0.14316009
Merzenhausen,2022-08-13 20:00:00,42,val,0.132,0.14179826
Merzenhausen,2022-08-13 21:00:00,42,val,0.132,0.14039478
Merzenhausen,2022-08-13 22:00:00,42,val,0.129,0.13882717
Merzenhausen,2022-08-13 23:00:00,42,val,0.131,0.13745931
Merzenhausen,2022-08-14 00:00:00,42,val,0.13,0.13629673
Merzenhausen,2022-08-14 01:00:00,42,val,0.128,0.1355813
Merzenhausen,2022-08-14 02:00:00,42,val,0.129,0.13523218
Merzenhausen,2022-08-14 03:00:00,42,val,0.129,0.13502249
Merzenhausen,2022-08-14 04:00:00,42,val,0.129,0.13520008
Merzenhausen,2022-08-14 05:00:00,42,val,0.129,0.13548934
Merzenhausen,2022-08-14 06:00:00,42,val,0.129,0.13606635
Merzenhausen,2022-08-14 07:00:00,42,val,0.129,0.1369575
Merzenhausen,2022-08-14 08:00:00,42,val,0.125,0.13770604
Merzenhausen,2022-08-14 09:00:00,42,val,0.13,0.13856983
Merzenhausen,2022-08-14 10:00:00,42,val,0.129,0.13958782
Merzenhausen,2022-08-14 11:00:00,42,val,0.13,0.14045748
Merzenhausen,2022-08-14 12:00:00,42,val,0.131,0.14101939
Merzenhausen,2022-08-14 13:00:00,42,val,0.13,0.14171353
Merzenhausen,2022-08-14 14:00:00,42,val,0.13,0.14217561
Merzenhausen,2022-08-14 15:00:00,42,val,0.13,0.14238891
Merzenhausen,2022-08-14 16:00:00,42,val,0.13,0.14236447
Merzenhausen,2022-08-14 17:00:00,42,val,0.13,0.14208388
Merzenhausen,2022-08-14 18:00:00,42,val,0.13,0.14147897
Merzenhausen,2022-08-14 19:00:00,42,val,0.131,0.14050269
Merzenhausen,2022-08-14 20:00:00,42,val,0.129,0.13935186
Merzenhausen,2022-08-14 21:00:00,42,val,0.128,0.13806844
Merzenhausen,2022-08-14 22:00:00,42,val,0.133,0.13717794
Merzenhausen,2022-08-14 23:00:00,42,val,0.129,0.13662939
Merzenhausen,2022-08-15 00:00:00,42,val,0.129,0.13634568
Merzenhausen,2022-08-15 01:00:00,42,val,0.13,0.13613509
Merzenhausen,2022-08-15 02:00:00,42,val,0.1315,0.13646282
Merzenhausen,2022-08-15 03:00:00,42,val,0.127,0.13668653
Merzenhausen,2022-08-15 04:00:00,42,val,0.129,0.13707739
Merzenhausen,2022-08-15 05:00:00,42,val,0.125,0.13754112
Merzenhausen,2022-08-15 06:00:00,42,val,0.1205,0.13784426
Merzenhausen,2022-08-15 07:00:00,42,val,0.125,0.13796864
Merzenhausen,2022-08-15 08:00:00,42,val,0.127,0.13800201
Merzenhausen,2022-08-15 09:00:00,42,val,0.128,0.13818188
Merzenhausen,2022-08-15 10:00:00,42,val,0.128,0.13832349
Merzenhausen,2022-08-15 11:00:00,42,val,0.128,0.13912325
Merzenhausen,2022-08-15 12:00:00,42,val,0.128,0.14093986
Merzenhausen,2022-08-15 13:00:00,42,val,0.128,0.14208347
Merzenhausen,2022-08-15 14:00:00,42,val,0.128,0.14252917
Merzenhausen,2022-08-15 15:00:00,42,val,0.129,0.14239788
Merzenhausen,2022-08-15 16:00:00,42,val,0.129,0.14209656
Merzenhausen,2022-08-15 17:00:00,42,val,0.129,0.14147164
Merzenhausen,2022-08-15 18:00:00,42,val,0.129,0.14074361
Merzenhausen,2022-08-15 19:00:00,42,val,0.126,0.13977818
Merzenhausen,2022-08-15 20:00:00,42,val,0.128,0.13879865
Merzenhausen,2022-08-15 21:00:00,42,val,0.125,0.13784385
Merzenhausen,2022-08-15 22:00:00,42,val,0.13,0.13682151
Merzenhausen,2022-08-15 23:00:00,42,val,0.128,0.1359522
Merzenhausen,2022-08-16 00:00:00,42,val,0.125,0.13531995
Merzenhausen,2022-08-16 01:00:00,42,val,0.125,0.13476013
Merzenhausen,2022-08-16 02:00:00,42,val,0.127,0.13445227
Merzenhausen,2022-08-16 03:00:00,42,val,0.126,0.13436165
Merzenhausen,2022-08-16 04:00:00,42,val,0.126,0.13445109
Merzenhausen,2022-08-16 05:00:00,42,val,0.126,0.13457659
Merzenhausen,2022-08-16 06:00:00,42,val,0.126,0.1349363
Merzenhausen,2022-08-16 07:00:00,42,val,0.126,0.13535747
Merzenhausen,2022-08-16 08:00:00,42,val,0.127,0.13552842
Merzenhausen,2022-08-16 09:00:00,42,val,0.125,0.13598737
Merzenhausen,2022-08-16 10:00:00,42,val,0.128,0.13653274
Merzenhausen,2022-08-16 11:00:00,42,val,0.126,0.13715757
Merzenhausen,2022-08-16 12:00:00,42,val,0.127,0.13788074
Merzenhausen,2022-08-16 13:00:00,42,val,0.129,0.13855678
Merzenhausen,2022-08-16 14:00:00,42,val,0.129,0.13909282
Merzenhausen,2022-08-16 15:00:00,42,val,0.1225,0.1393246
Merzenhausen,2022-08-16 16:00:00,42,val,0.13,0.13916948
Merzenhausen,2022-08-16 17:00:00,42,val,0.13,0.13870576
Merzenhausen,2022-08-16 18:00:00,42,val,0.126,0.13791105
Merzenhausen,2022-08-16 19:00:00,42,val,0.128,0.13694757
Merzenhausen,2022-08-16 20:00:00,42,val,0.128,0.1357767
Merzenhausen,2022-08-16 21:00:00,42,val,0.121,0.13451605
Merzenhausen,2022-08-16 22:00:00,42,val,0.126,0.13371044
Merzenhausen,2022-08-16 23:00:00,42,val,0.125,0.13295442
Merzenhausen,2022-08-17 00:00:00,42,val,0.125,0.13236493
Merzenhausen,2022-08-17 01:00:00,42,val,0.127,0.13205305
Merzenhausen,2022-08-17 02:00:00,42,val,0.125,0.1320818
Merzenhausen,2022-08-17 03:00:00,42,val,0.126,0.13214672
Merzenhausen,2022-08-17 04:00:00,42,val,0.128,0.13243252
Merzenhausen,2022-08-17 05:00:00,42,val,0.124,0.1326676
Merzenhausen,2022-08-17 06:00:00,42,val,0.128,0.13259834
Merzenhausen,2022-08-17 07:00:00,42,val,0.126,0.13258392
Merzenhausen,2022-08-17 08:00:00,42,val,0.122,0.13276362
Merzenhausen,2022-08-17 09:00:00,42,val,0.125,0.13316908
Merzenhausen,2022-08-17 10:00:00,42,val,0.126,0.13708013
Merzenhausen,2022-08-17 11:00:00,42,val,0.129,0.14212953
Merzenhausen,2022-08-17 12:00:00,42,val,0.13,0.14456224
Merzenhausen,2022-08-17 13:00:00,42,val,0.127,0.14843482
Merzenhausen,2022-08-17 14:00:00,42,val,0.128,0.15063103
Merzenhausen,2022-08-17 15:00:00,42,val,0.128,0.15097156
Merzenhausen,2022-08-17 16:00:00,42,val,0.132,0.15005697
Merzenhausen,2022-08-17 17:00:00,42,val,0.123,0.14840059
Merzenhausen,2022-08-17 18:00:00,42,val,0.135,0.1462403
Merzenhausen,2022-08-17 19:00:00,42,val,0.129,0.14368367
Merzenhausen,2022-08-17 20:00:00,42,val,0.13,0.14120719
Merzenhausen,2022-08-17 21:00:00,42,val,0.128,0.13881558
Merzenhausen,2022-08-17 22:00:00,42,val,0.128,0.13702418
Merzenhausen,2022-08-17 23:00:00,42,val,0.1235,0.13568905
Merzenhausen,2022-08-18 00:00:00,42,val,0.125,0.13465641
Merzenhausen,2022-08-18 01:00:00,42,val,0.127,0.13393438
Merzenhausen,2022-08-18 02:00:00,42,val,0.129,0.13366337
Merzenhausen,2022-08-18 03:00:00,42,val,0.129,0.13357553
Merzenhausen,2022-08-18 04:00:00,42,val,0.126,0.1336608
Merzenhausen,2022-08-18 05:00:00,42,val,0.126,0.13386929
Merzenhausen,2022-08-18 06:00:00,42,val,0.126,0.134107
Merzenhausen,2022-08-18 07:00:00,42,val,0.128,0.13427636
Merzenhausen,2022-08-18 08:00:00,42,val,0.126,0.13456437
Merzenhausen,2022-08-18 09:00:00,42,val,0.129,0.1348381
Merzenhausen,2022-08-18 10:00:00,42,val,0.127,0.13537514
Merzenhausen,2022-08-18 11:00:00,42,val,0.128,0.13599259
Merzenhausen,2022-08-18 12:00:00,42,val,0.131,0.13675055
Merzenhausen,2022-08-18 13:00:00,42,val,0.122,0.13758105
Merzenhausen,2022-08-18 14:00:00,42,val,0.125,0.13840812
Merzenhausen,2022-08-18 15:00:00,42,val,0.129,0.13851684
Merzenhausen,2022-08-18 16:00:00,42,val,0.129,0.13855176
Merzenhausen,2022-08-18 17:00:00,42,val,0.13,0.13840285
Merzenhausen,2022-08-18 18:00:00,42,val,0.1245,0.13775343
Merzenhausen,2022-08-18 19:00:00,42,val,0.132,0.13681903
Merzenhausen,2022-08-18 20:00:00,42,val,0.1245,0.13577199
Merzenhausen,2022-08-18 21:00:00,42,val,0.126,0.13424858
Merzenhausen,2022-08-18 22:00:00,42,val,0.131,0.1328873
Merzenhausen,2022-08-18 23:00:00,42,val,0.125,0.13172522
Merzenhausen,2022-08-19 00:00:00,42,val,0.116,0.130908
Merzenhausen,2022-08-19 01:00:00,42,val,0.126,0.13056464
Merzenhausen,2022-08-19 02:00:00,42,val,0.128,0.13044441
Merzenhausen,2022-08-19 03:00:00,42,val,0.127,0.13065985
Merzenhausen,2022-08-19 04:00:00,42,val,0.129,0.13111424
Merzenhausen,2022-08-19 05:00:00,42,val,0.126,0.1314959
Merzenhausen,2022-08-19 06:00:00,42,val,0.126,0.13214296
Merzenhausen,2022-08-19 07:00:00,42,val,0.125,0.13277803
Merzenhausen,2022-08-19 08:00:00,42,val,0.129,0.13321126
Merzenhausen,2022-08-19 09:00:00,42,val,0.128,0.13364144
Merzenhausen,2022-08-19 10:00:00,42,val,0.127,0.13413978
Merzenhausen,2022-08-19 11:00:00,42,val,0.129,0.1349978
Merzenhausen,2022-08-19 12:00:00,42,val,0.134,0.13602392
Merzenhausen,2022-08-19 13:00:00,42,val,0.131,0.13694333
Merzenhausen,2022-08-19 14:00:00,42,val,0.134,0.13772725
Merzenhausen,2022-08-19 15:00:00,42,val,0.131,0.13811633
Merzenhausen,2022-08-19 16:00:00,42,val,0.134,0.13840538
Merzenhausen,2022-08-19 17:00:00,42,val,0.131,0.13782418
Merzenhausen,2022-08-19 18:00:00,42,val,0.133,0.13751486
Merzenhausen,2022-08-19 19:00:00,42,val,0.133,0.13685979
Merzenhausen,2022-08-19 20:00:00,42,val,0.13,0.13605931
Merzenhausen,2022-08-19 21:00:00,42,val,0.143,0.13509904
Merzenhausen,2022-08-19 22:00:00,42,val,0.131,0.1341674
Merzenhausen,2022-08-19 23:00:00,42,val,0.131,0.14086205
Merzenhausen,2022-08-20 00:00:00,42,val,0.1355,0.15812822
Merzenhausen,2022-08-20 01:00:00,42,val,0.129,0.1614173
Merzenhausen,2022-08-20 02:00:00,42,val,0.13,0.15934338
Merzenhausen,2022-08-20 03:00:00,42,val,0.127,0.15830949
Merzenhausen,2022-08-20 04:00:00,42,val,0.131,0.1557708
Merzenhausen,2022-08-20 05:00:00,42,val,0.127,0.15270224
Merzenhausen,2022-08-20 06:00:00,42,val,0.129,0.1499127
Merzenhausen,2022-08-20 07:00:00,42,val,0.128,0.147715
Merzenhausen,2022-08-20 08:00:00,42,val,0.13,0.14591458
Merzenhausen,2022-08-20 09:00:00,42,val,0.129,0.14468399
Merzenhausen,2022-08-20 10:00:00,42,val,0.113,0.14381698
Merzenhausen,2022-08-20 11:00:00,42,val,0.132,0.1433059
Merzenhausen,2022-08-20 12:00:00,42,val,0.131,0.14326382
Merzenhausen,2022-08-20 13:00:00,42,val,0.134,0.14279854
Merzenhausen,2022-08-20 14:00:00,42,val,0.135,0.1422542
Merzenhausen,2022-08-20 15:00:00,42,val,0.131,0.14169492
Merzenhausen,2022-08-20 16:00:00,42,val,0.134,0.14101143
Merzenhausen,2022-08-20 17:00:00,42,val,0.134,0.14015175
Merzenhausen,2022-08-20 18:00:00,42,val,0.135,0.13875219
Merzenhausen,2022-08-20 19:00:00,42,val,0.135,0.13756606
Merzenhausen,2022-08-20 20:00:00,42,val,0.134,0.13606656
Merzenhausen,2022-08-20 21:00:00,42,val,0.134,0.13465172
Merzenhausen,2022-08-20 22:00:00,42,val,0.135,0.13377902
Merzenhausen,2022-08-20 23:00:00,42,val,0.131,0.1329447
Merzenhausen,2022-08-21 00:00:00,42,val,0.1235,0.13179997
Merzenhausen,2022-08-21 01:00:00,42,val,0.13,0.13134399
Merzenhausen,2022-08-21 02:00:00,42,val,0.131,0.13137788
Merzenhausen,2022-08-21 03:00:00,42,val,0.1375,0.13171437
Merzenhausen,2022-08-21 04:00:00,42,val,0.133,0.1323396
Merzenhausen,2022-08-21 05:00:00,42,val,0.128,0.13297766
Merzenhausen,2022-08-21 06:00:00,42,val,0.128,0.13364345
Merzenhausen,2022-08-21 07:00:00,42,val,0.131,0.1341803
Merzenhausen,2022-08-21 08:00:00,42,val,0.131,0.13491991
Merzenhausen,2022-08-21 09:00:00,42,val,0.131,0.13571274
Merzenhausen,2022-08-21 10:00:00,42,val,0.134,0.13653578
Merzenhausen,2022-08-21 11:00:00,42,val,0.14,0.1374582
Merzenhausen,2022-08-21 12:00:00,42,val,0.1265,0.13876677
Merzenhausen,2022-08-21 13:00:00,42,val,0.137,0.14000407
Merzenhausen,2022-08-21 14:00:00,42,val,0.14,0.14128557
Merzenhausen,2022-08-21 15:00:00,42,val,0.134,0.14203107
Merzenhausen,2022-08-21 16:00:00,42,val,0.134,0.14240588
Merzenhausen,2022-08-21 17:00:00,42,val,0.1435,0.14232185
Merzenhausen,2022-08-21 18:00:00,42,val,0.135,0.14183623
Merzenhausen,2022-08-21 19:00:00,42,val,0.134,0.14109704
Merzenhausen,2022-08-21 20:00:00,42,val,0.135,0.14003235
Merzenhausen,2022-08-21 21:00:00,42,val,0.135,0.13972121
Merzenhausen,2022-08-21 22:00:00,42,val,0.132,0.13908994
Merzenhausen,2022-08-21 23:00:00,42,val,0.13,0.13846722
Merzenhausen,2022-08-22 00:00:00,42,val,0.1385,0.13821545
Merzenhausen,2022-08-22 01:00:00,42,val,0.135,0.13785914
Merzenhausen,2022-08-22 02:00:00,42,val,0.131,0.13759056
Merzenhausen,2022-08-22 03:00:00,42,val,0.132,0.13723232
Merzenhausen,2022-08-22 04:00:00,42,val,0.13,0.137068
Merzenhausen,2022-08-22 05:00:00,42,val,0.1315,0.13682628
Merzenhausen,2022-08-22 06:00:00,42,val,0.129,0.1367801
Merzenhausen,2022-08-22 07:00:00,42,val,0.131,0.13681707
Merzenhausen,2022-08-22 08:00:00,42,val,0.132,0.13706598
Merzenhausen,2022-08-22 09:00:00,42,val,0.131,0.13735703
Merzenhausen,2022-08-22 10:00:00,42,val,0.134,0.13673797
Merzenhausen,2022-08-22 11:00:00,42,val,0.135,0.13684921
Merzenhausen,2022-08-22 12:00:00,42,val,0.134,0.13733956
Merzenhausen,2022-08-22 13:00:00,42,val,0.132,0.13819274
Merzenhausen,2022-08-22 14:00:00,42,val,0.133,0.13919474
Merzenhausen,2022-08-22 15:00:00,42,val,0.1405,0.13979492
Merzenhausen,2022-08-22 16:00:00,42,val,0.135,0.1402356
Merzenhausen,2022-08-22 17:00:00,42,val,0.138,0.14038995
Merzenhausen,2022-08-22 18:00:00,42,val,0.135,0.14027299
Merzenhausen,2022-08-22 19:00:00,42,val,0.132,0.13994727
Merzenhausen,2022-08-22 20:00:00,42,val,0.134,0.13932964
Merzenhausen,2022-08-22 21:00:00,42,val,0.133,0.13863423
Merzenhausen,2022-08-22 22:00:00,42,val,0.132,0.13803756
Merzenhausen,2022-08-22 23:00:00,42,val,0.13,0.1372723
Merzenhausen,2022-08-23 00:00:00,42,val,0.134,0.13618246
Merzenhausen,2022-08-23 01:00:00,42,val,0.131,0.13536036
Merzenhausen,2022-08-23 02:00:00,42,val,0.131,0.13486752
Merzenhausen,2022-08-23 03:00:00,42,val,0.132,0.13507077
Merzenhausen,2022-08-23 04:00:00,42,val,0.13,0.1354796
Merzenhausen,2022-08-23 05:00:00,42,val,0.127,0.13567507
Merzenhausen,2022-08-23 06:00:00,42,val,0.13,0.1360303
Merzenhausen,2022-08-23 07:00:00,42,val,0.131,0.13655147
Merzenhausen,2022-08-23 08:00:00,42,val,0.128,0.13719255
Merzenhausen,2022-08-23 09:00:00,42,val,0.131,0.13780972
Merzenhausen,2022-08-23 10:00:00,42,val,0.134,0.1385785
Merzenhausen,2022-08-23 11:00:00,42,val,0.132,0.13987076
Merzenhausen,2022-08-23 12:00:00,42,val,0.134,0.14051898
Merzenhausen,2022-08-23 13:00:00,42,val,0.132,0.14134616
Merzenhausen,2022-08-23 14:00:00,42,val,0.135,0.14239284
Merzenhausen,2022-08-23 15:00:00,42,val,0.134,0.14297844
Merzenhausen,2022-08-23 16:00:00,42,val,0.134,0.14307855
Merzenhausen,2022-08-23 17:00:00,42,val,0.135,0.14344832
Merzenhausen,2022-08-23 18:00:00,42,val,0.133,0.14323036
Merzenhausen,2022-08-23 19:00:00,42,val,0.13,0.1424311
Merzenhausen,2022-08-23 20:00:00,42,val,0.131,0.14124972
Merzenhausen,2022-08-23 21:00:00,42,val,0.131,0.13993387
Merzenhausen,2022-08-23 22:00:00,42,val,0.133,0.13847227
Merzenhausen,2022-08-23 23:00:00,42,val,0.13,0.13699266
Merzenhausen,2022-08-24 00:00:00,42,val,0.134,0.13633779
Merzenhausen,2022-08-24 01:00:00,42,val,0.13,0.1359621
Merzenhausen,2022-08-24 02:00:00,42,val,0.131,0.13568103
Merzenhausen,2022-08-24 03:00:00,42,val,0.134,0.13557671
Merzenhausen,2022-08-24 04:00:00,42,val,0.134,0.13550287
Merzenhausen,2022-08-24 05:00:00,42,val,0.131,0.13549128
Merzenhausen,2022-08-24 06:00:00,42,val,0.131,0.13561681
Merzenhausen,2022-08-24 07:00:00,42,val,0.131,0.13597938
Merzenhausen,2022-08-24 08:00:00,42,val,0.131,0.13662426
Merzenhausen,2022-08-24 09:00:00,42,val,0.131,0.13734981
Merzenhausen,2022-08-24 10:00:00,42,val,0.131,0.13821173
Merzenhausen,2022-08-24 11:00:00,42,val,0.131,0.13935088
Merzenhausen,2022-08-24 12:00:00,42,val,0.135,0.1403279
Merzenhausen,2022-08-24 13:00:00,42,val,0.135,0.14111084
Merzenhausen,2022-08-24 14:00:00,42,val,0.131,0.14162688
Merzenhausen,2022-08-24 15:00:00,42,val,0.131,0.1423521
Merzenhausen,2022-08-24 16:00:00,42,val,0.131,0.14271972
Merzenhausen,2022-08-24 17:00:00,42,val,0.134,0.14293328
Merzenhausen,2022-08-24 18:00:00,42,val,0.135,0.14265808
Merzenhausen,2022-08-24 19:00:00,42,val,0.131,0.14181043
Merzenhausen,2022-08-24 20:00:00,42,val,0.133,0.14077687
Merzenhausen,2022-08-24 21:00:00,42,val,0.13,0.13948804
Merzenhausen,2022-08-24 22:00:00,42,val,0.1365,0.138082
Merzenhausen,2022-08-24 23:00:00,42,val,0.13,0.13659818
Merzenhausen,2022-08-25 00:00:00,42,val,0.13,0.13553992
Merzenhausen,2022-08-25 01:00:00,42,val,0.131,0.1347478
Merzenhausen,2022-08-25 02:00:00,42,val,0.127,0.13417733
Merzenhausen,2022-08-25 03:00:00,42,val,0.129,0.13401937
Merzenhausen,2022-08-25 04:00:00,42,val,0.131,0.13411555
Merzenhausen,2022-08-25 05:00:00,42,val,0.133,0.13402584
Merzenhausen,2022-08-25 06:00:00,42,val,0.128,0.13425842
Merzenhausen,2022-08-25 07:00:00,42,val,0.128,0.13480519
Merzenhausen,2022-08-25 08:00:00,42,val,0.128,0.13535008
Merzenhausen,2022-08-25 09:00:00,42,val,0.13,0.13611922
Merzenhausen,2022-08-25 10:00:00,42,val,0.13,0.13724717
Merzenhausen,2022-08-25 11:00:00,42,val,0.128,0.13836119
Merzenhausen,2022-08-25 12:00:00,42,val,0.131,0.13944647
Merzenhausen,2022-08-25 13:00:00,42,val,0.127,0.1403559
Merzenhausen,2022-08-25 14:00:00,42,val,0.127,0.1411292
Merzenhausen,2022-08-25 15:00:00,42,val,0.131,0.14160769
Merzenhausen,2022-08-25 16:00:00,42,val,0.131,0.14179412
Merzenhausen,2022-08-25 17:00:00,42,val,0.131,0.14177646
Merzenhausen,2022-08-25 18:00:00,42,val,0.129,0.14131445
Merzenhausen,2022-08-25 19:00:00,42,val,0.129,0.14032274
Merzenhausen,2022-08-25 20:00:00,42,val,0.133,0.13895029
Merzenhausen,2022-08-25 21:00:00,42,val,0.128,0.13746569
Merzenhausen,2022-08-25 22:00:00,42,val,0.13,0.13628994
Merzenhausen,2022-08-25 23:00:00,42,val,0.13,0.1351966
Merzenhausen,2022-08-26 00:00:00,42,val,0.13,0.13459703
Merzenhausen,2022-08-26 01:00:00,42,val,0.128,0.13415883
Merzenhausen,2022-08-26 02:00:00,42,val,0.127,0.13396922
Merzenhausen,2022-08-26 03:00:00,42,val,0.127,0.13428348
Merzenhausen,2022-08-26 04:00:00,42,val,0.129,0.13489741
Merzenhausen,2022-08-26 05:00:00,42,val,0.129,0.13546811
Merzenhausen,2022-08-26 06:00:00,42,val,0.129,0.1360502
Merzenhausen,2022-08-26 07:00:00,42,val,0.129,0.13655487
Merzenhausen,2022-08-26 08:00:00,42,val,0.129,0.13697463
Merzenhausen,2022-08-26 09:00:00,42,val,0.127,0.137312
Merzenhausen,2022-08-26 10:00:00,42,val,0.128,0.13764563
Merzenhausen,2022-08-26 11:00:00,42,val,0.128,0.13813058
Merzenhausen,2022-08-26 12:00:00,42,val,0.131,0.13897121
Merzenhausen,2022-08-26 13:00:00,42,val,0.132,0.14006883
Merzenhausen,2022-08-26 14:00:00,42,val,0.131,0.14097573
Merzenhausen,2022-08-26 15:00:00,42,val,0.133,0.1417391
Merzenhausen,2022-08-26 16:00:00,42,val,0.133,0.14224418
Merzenhausen,2022-08-26 17:00:00,42,val,0.128,0.14264838
Merzenhausen,2022-08-26 18:00:00,42,val,0.13,0.14289442
Merzenhausen,2022-08-26 19:00:00,42,val,0.127,0.14261505
Merzenhausen,2022-08-26 20:00:00,42,val,0.129,0.14210123
Merzenhausen,2022-08-26 21:00:00,42,val,0.128,0.14120185
Merzenhausen,2022-08-26 22:00:00,42,val,0.127,0.14056833
Merzenhausen,2022-08-26 23:00:00,42,val,0.125,0.13977018
Merzenhausen,2022-08-27 00:00:00,42,val,0.13,0.13903591
Merzenhausen,2022-08-27 01:00:00,42,val,0.136,0.13836893
Merzenhausen,2022-08-27 02:00:00,42,val,0.129,0.13770613
Merzenhausen,2022-08-27 03:00:00,42,val,0.126,0.13715273
Merzenhausen,2022-08-27 04:00:00,42,val,0.126,0.13688664
Merzenhausen,2022-08-27 05:00:00,42,val,0.128,0.13692102
Merzenhausen,2022-08-27 06:00:00,42,val,0.125,0.13682936
Merzenhausen,2022-08-27 07:00:00,42,val,0.124,0.13672945
Merzenhausen,2022-08-27 08:00:00,42,val,0.126,0.1366436
Merzenhausen,2022-08-27 09:00:00,42,val,0.127,0.1367158
Merzenhausen,2022-08-27 10:00:00,42,val,0.128,0.13704976
Merzenhausen,2022-08-27 11:00:00,42,val,0.129,0.13758188
Merzenhausen,2022-08-27 12:00:00,42,val,0.128,0.13859078
Merzenhausen,2022-08-27 13:00:00,42,val,0.129,0.13967623
Merzenhausen,2022-08-27 14:00:00,42,val,0.129,0.14074185
Merzenhausen,2022-08-27 15:00:00,42,val,0.123,0.14193916
Merzenhausen,2022-08-27 16:00:00,42,val,0.127,0.14298841
Merzenhausen,2022-08-27 17:00:00,42,val,0.129,0.14371873
Merzenhausen,2022-08-27 18:00:00,42,val,0.129,0.14390585
Merzenhausen,2022-08-27 19:00:00,42,val,0.126,0.1436109
Merzenhausen,2022-08-27 20:00:00,42,val,0.1345,0.1431173
Merzenhausen,2022-08-27 21:00:00,42,val,0.129,0.14212686
Merzenhausen,2022-08-27 22:00:00,42,val,0.125,0.14101525
Merzenhausen,2022-08-27 23:00:00,42,val,0.1265,0.13995436
Merzenhausen,2022-08-28 00:00:00,42,val,0.126,0.13904609
Merzenhausen,2022-08-28 01:00:00,42,val,0.128,0.13826796
Merzenhausen,2022-08-28 02:00:00,42,val,0.127,0.13750054
Merzenhausen,2022-08-28 03:00:00,42,val,0.129,0.13684195
Merzenhausen,2022-08-28 04:00:00,42,val,0.126,0.13636163
Merzenhausen,2022-08-28 05:00:00,42,val,0.129,0.13614573
Merzenhausen,2022-08-28 06:00:00,42,val,0.125,0.1360539
Merzenhausen,2022-08-28 07:00:00,42,val,0.128,0.13607252
Merzenhausen,2022-08-28 08:00:00,42,val,0.125,0.13626355
Merzenhausen,2022-08-28 09:00:00,42,val,0.128,0.13648915
Merzenhausen,2022-08-28 10:00:00,42,val,0.129,0.13686964
Merzenhausen,2022-08-28 11:00:00,42,val,0.127,0.13733032
Merzenhausen,2022-08-28 12:00:00,42,val,0.123,0.13805768
Merzenhausen,2022-08-28 13:00:00,42,val,0.129,0.13898024
Merzenhausen,2022-08-28 14:00:00,42,val,0.132,0.13974983
Merzenhausen,2022-08-28 15:00:00,42,val,0.128,0.14050865
Merzenhausen,2022-08-28 16:00:00,42,val,0.128,0.14095783
Merzenhausen,2022-08-28 17:00:00,42,val,0.13,0.14072505
Merzenhausen,2022-08-28 18:00:00,42,val,0.127,0.14008068
Merzenhausen,2022-08-28 19:00:00,42,val,0.127,0.13891749
Merzenhausen,2022-08-28 20:00:00,42,val,0.13,0.13769092
Merzenhausen,2022-08-28 21:00:00,42,val,0.128,0.13644871
Merzenhausen,2022-08-28 22:00:00,42,val,0.144,0.13533193
Merzenhausen,2022-08-28 23:00:00,42,val,0.127,0.13427955
Merzenhausen,2022-08-29 00:00:00,42,val,0.125,0.13380545
Merzenhausen,2022-08-29 01:00:00,42,val,0.129,0.13410866
Merzenhausen,2022-08-29 02:00:00,42,val,0.126,0.13460341
Merzenhausen,2022-08-29 03:00:00,42,val,0.128,0.13502361
Merzenhausen,2022-08-29 04:00:00,42,val,0.125,0.13544291
Merzenhausen,2022-08-29 05:00:00,42,val,0.128,0.1359474
Merzenhausen,2022-08-29 06:00:00,42,val,0.129,0.13626507
Merzenhausen,2022-08-29 07:00:00,42,val,0.125,0.13641252
Merzenhausen,2022-08-29 08:00:00,42,val,0.125,0.13655257
Merzenhausen,2022-08-29 09:00:00,42,val,0.125,0.13678905
Merzenhausen,2022-08-29 10:00:00,42,val,0.125,0.1371453
Merzenhausen,2022-08-29 11:00:00,42,val,0.128,0.13772373
Merzenhausen,2022-08-29 12:00:00,42,val,0.124,0.13844416
Merzenhausen,2022-08-29 13:00:00,42,val,0.126,0.13921106
Merzenhausen,2022-08-29 14:00:00,42,val,0.125,0.13991745
Merzenhausen,2022-08-29 15:00:00,42,val,0.127,0.13995664
Merzenhausen,2022-08-29 16:00:00,42,val,0.127,0.13965254
Merzenhausen,2022-08-29 17:00:00,42,val,0.127,0.13920635
Merzenhausen,2022-08-29 18:00:00,42,val,0.125,0.1385495
Merzenhausen,2022-08-29 19:00:00,42,val,0.129,0.13752879
Merzenhausen,2022-08-29 20:00:00,42,val,0.126,0.13689786
Merzenhausen,2022-08-29 21:00:00,42,val,0.124,0.13617581
Merzenhausen,2022-08-29 22:00:00,42,val,0.128,0.13524547
Merzenhausen,2022-08-29 23:00:00,42,val,0.125,0.13438693
Merzenhausen,2022-08-30 00:00:00,42,val,0.127,0.13367745
Merzenhausen,2022-08-30 01:00:00,42,val,0.126,0.1333547
Merzenhausen,2022-08-30 02:00:00,42,val,0.126,0.13327874
Merzenhausen,2022-08-30 03:00:00,42,val,0.125,0.1334858
Merzenhausen,2022-08-30 04:00:00,42,val,0.125,0.13367093
Merzenhausen,2022-08-30 05:00:00,42,val,0.127,0.13405484
Merzenhausen,2022-08-30 06:00:00,42,val,0.125,0.1342662
Merzenhausen,2022-08-30 07:00:00,42,val,0.127,0.13468328
Merzenhausen,2022-08-30 08:00:00,42,val,0.125,0.13501033
Merzenhausen,2022-08-30 09:00:00,42,val,0.124,0.13544841
Merzenhausen,2022-08-30 10:00:00,42,val,0.122,0.13600516
Merzenhausen,2022-08-30 11:00:00,42,val,0.125,0.1365307
Merzenhausen,2022-08-30 12:00:00,42,val,0.126,0.13672064
Merzenhausen,2022-08-30 13:00:00,42,val,0.126,0.13706335
Merzenhausen,2022-08-30 14:00:00,42,val,0.126,0.13758178
Merzenhausen,2022-08-30 15:00:00,42,val,0.129,0.13780974
Merzenhausen,2022-08-30 16:00:00,42,val,0.127,0.1376793
Merzenhausen,2022-08-30 17:00:00,42,val,0.129,0.13738422
Merzenhausen,2022-08-30 18:00:00,42,val,0.125,0.13657582
Merzenhausen,2022-08-30 19:00:00,42,val,0.126,0.13553607
Merzenhausen,2022-08-30 20:00:00,42,val,0.128,0.13456246
Merzenhausen,2022-08-30 21:00:00,42,val,0.125,0.13354503
Merzenhausen,2022-08-30 22:00:00,42,val,0.127,0.13369378
Merzenhausen,2022-08-30 23:00:00,42,val,0.125,0.13342753
Merzenhausen,2022-08-31 00:00:00,42,val,0.125,0.13812086
Merzenhausen,2022-08-31 01:00:00,42,val,0.122,0.14001891
Merzenhausen,2022-08-31 02:00:00,42,val,0.126,0.14037624
Merzenhausen,2022-08-31 03:00:00,42,val,0.126,0.14776546
Merzenhausen,2022-08-31 04:00:00,42,val,0.128,0.14977524
Merzenhausen,2022-08-31 05:00:00,42,val,0.124,0.1495265
Merzenhausen,2022-08-31 06:00:00,42,val,0.124,0.14909221
Merzenhausen,2022-08-31 07:00:00,42,val,0.124,0.14763223
Merzenhausen,2022-08-31 08:00:00,42,val,0.126,0.15440759
Merzenhausen,2022-08-31 09:00:00,42,val,0.125,0.1637756
Merzenhausen,2022-08-31 10:00:00,42,val,0.129,0.16500655
Merzenhausen,2022-08-31 11:00:00,42,val,0.126,0.16298693
Merzenhausen,2022-08-31 12:00:00,42,val,0.125,0.15952075
Merzenhausen,2022-08-31 13:00:00,42,val,0.125,0.15583335
Merzenhausen,2022-08-31 14:00:00,42,val,0.122,0.15224534
Merzenhausen,2022-08-31 15:00:00,42,val,0.13,0.14901689
Merzenhausen,2022-08-31 16:00:00,42,val,0.13,0.14604552
Merzenhausen,2022-08-31 17:00:00,42,val,0.126,0.14327827
Merzenhausen,2022-08-31 18:00:00,42,val,0.128,0.14068149
Merzenhausen,2022-08-31 19:00:00,42,val,0.127,0.1385947
Merzenhausen,2022-08-31 20:00:00,42,val,0.129,0.13673544
Merzenhausen,2022-08-31 21:00:00,42,val,0.126,0.13502938
Merzenhausen,2022-08-31 22:00:00,42,val,0.128,0.13392362
Merzenhausen,2022-08-31 23:00:00,42,val,0.127,0.13310595
Merzenhausen,2022-09-01 00:00:00,42,val,0.1185,0.13274978
Merzenhausen,2022-09-01 01:00:00,42,val,0.1295,0.1326834
Merzenhausen,2022-09-01 02:00:00,42,val,0.126,0.13284056
Merzenhausen,2022-09-01 03:00:00,42,val,0.128,0.13303402
Merzenhausen,2022-09-01 04:00:00,42,val,0.124,0.13332525
Merzenhausen,2022-09-01 05:00:00,42,val,0.124,0.13371484
Merzenhausen,2022-09-01 06:00:00,42,val,0.127,0.13403228
Merzenhausen,2022-09-01 07:00:00,42,val,0.127,0.13444936
Merzenhausen,2022-09-01 08:00:00,42,val,0.124,0.13480227
Merzenhausen,2022-09-01 09:00:00,42,val,0.126,0.13505006
Merzenhausen,2022-09-01 10:00:00,42,val,0.125,0.13519892
Merzenhausen,2022-09-01 11:00:00,42,val,0.123,0.13548213
Merzenhausen,2022-09-01 12:00:00,42,val,0.128,0.13581589
Merzenhausen,2022-09-01 13:00:00,42,val,0.134,0.13621047
Merzenhausen,2022-09-01 14:00:00,42,val,0.128,0.13650152
Merzenhausen,2022-09-01 15:00:00,42,val,0.13,0.1368497
Merzenhausen,2022-09-01 16:00:00,42,val,0.126,0.13689116
Merzenhausen,2022-09-01 17:00:00,42,val,0.126,0.13677421
Merzenhausen,2022-09-01 18:00:00,42,val,0.1345,0.13616009
Merzenhausen,2022-09-01 19:00:00,42,val,0.129,0.13530621
Merzenhausen,2022-09-01 20:00:00,42,val,0.129,0.13449702
Merzenhausen,2022-09-01 21:00:00,42,val,0.126,0.13353851
Merzenhausen,2022-09-01 22:00:00,42,val,0.128,0.13277246
Merzenhausen,2022-09-01 23:00:00,42,val,0.127,0.13222528
Merzenhausen,2022-09-02 00:00:00,42,val,0.125,0.13190411
Merzenhausen,2022-09-02 01:00:00,42,val,0.125,0.1317023
Merzenhausen,2022-09-02 02:00:00,42,val,0.126,0.13178681
Merzenhausen,2022-09-02 03:00:00,42,val,0.124,0.13215932
Merzenhausen,2022-09-02 04:00:00,42,val,0.124,0.13268077
Merzenhausen,2022-09-02 05:00:00,42,val,0.125,0.13307494
Merzenhausen,2022-09-02 06:00:00,42,val,0.123,0.13352138
Merzenhausen,2022-09-02 07:00:00,42,val,0.125,0.1339275
Merzenhausen,2022-09-02 08:00:00,42,val,0.126,0.13440822
Merzenhausen,2022-09-02 09:00:00,42,val,0.125,0.13495183
Merzenhausen,2022-09-02 10:00:00,42,val,0.128,0.13574022
Merzenhausen,2022-09-02 11:00:00,42,val,0.125,0.13644022
Merzenhausen,2022-09-02 12:00:00,42,val,0.126,0.13689476
Merzenhausen,2022-09-02 13:00:00,42,val,0.127,0.13708696
Merzenhausen,2022-09-02 14:00:00,42,val,0.127,0.13691232
Merzenhausen,2022-09-02 15:00:00,42,val,0.132,0.13695744
Merzenhausen,2022-09-02 16:00:00,42,val,0.1235,0.13696942
Merzenhausen,2022-09-02 17:00:00,42,val,0.127,0.13657746
Merzenhausen,2022-09-02 18:00:00,42,val,0.131,0.13598883
Merzenhausen,2022-09-02 19:00:00,42,val,0.13,0.13521188
Merzenhausen,2022-09-02 20:00:00,42,val,0.135,0.13439941
Merzenhausen,2022-09-02 21:00:00,42,val,0.1205,0.13344775
Merzenhausen,2022-09-02 22:00:00,42,val,0.129,0.13264242
Merzenhausen,2022-09-02 23:00:00,42,val,0.126,0.13211653
Merzenhausen,2022-09-03 00:00:00,42,val,0.135,0.13129699
Merzenhausen,2022-09-03 01:00:00,42,val,0.125,0.13116306
Merzenhausen,2022-09-03 02:00:00,42,val,0.125,0.13130406
Merzenhausen,2022-09-03 03:00:00,42,val,0.126,0.13174617
Merzenhausen,2022-09-03 04:00:00,42,val,0.124,0.13214892
Merzenhausen,2022-09-03 05:00:00,42,val,0.125,0.13253172
Merzenhausen,2022-09-03 06:00:00,42,val,0.125,0.13301106
Merzenhausen,2022-09-03 07:00:00,42,val,0.123,0.13361171
Merzenhausen,2022-09-03 08:00:00,42,val,0.124,0.13414025
Merzenhausen,2022-09-03 09:00:00,42,val,0.127,0.13467771
Merzenhausen,2022-09-03 10:00:00,42,val,0.124,0.13516927
Merzenhausen,2022-09-03 11:00:00,42,val,0.129,0.13549507
Merzenhausen,2022-09-03 12:00:00,42,val,0.123,0.13612041
Merzenhausen,2022-09-03 13:00:00,42,val,0.129,0.13721249
Merzenhausen,2022-09-03 14:00:00,42,val,0.129,0.13798675
Merzenhausen,2022-09-03 15:00:00,42,val,0.127,0.13847795
Merzenhausen,2022-09-03 16:00:00,42,val,0.129,0.13839301
Merzenhausen,2022-09-03 17:00:00,42,val,0.125,0.13822474
Merzenhausen,2022-09-03 18:00:00,42,val,0.129,0.13822925
Merzenhausen,2022-09-03 19:00:00,42,val,0.126,0.13767266
Merzenhausen,2022-09-03 20:00:00,42,val,0.128,0.13681394
Merzenhausen,2022-09-03 21:00:00,42,val,0.125,0.13563374
Merzenhausen,2022-09-03 22:00:00,42,val,0.135,0.13456252
Merzenhausen,2022-09-03 23:00:00,42,val,0.125,0.13367385
Merzenhausen,2022-09-04 00:00:00,42,val,0.126,0.13289768
Merzenhausen,2022-09-04 01:00:00,42,val,0.124,0.13236536
Merzenhausen,2022-09-04 02:00:00,42,val,0.1335,0.13208371
Merzenhausen,2022-09-04 03:00:00,42,val,0.123,0.13190731
Merzenhausen,2022-09-04 04:00:00,42,val,0.125,0.1318046
Merzenhausen,2022-09-04 05:00:00,42,val,0.125,0.13183862
Merzenhausen,2022-09-04 06:00:00,42,val,0.126,0.13180467
Merzenhausen,2022-09-04 07:00:00,42,val,0.126,0.1320641
Merzenhausen,2022-09-04 08:00:00,42,val,0.125,0.13257262
Merzenhausen,2022-09-04 09:00:00,42,val,0.123,0.13313532
Merzenhausen,2022-09-04 10:00:00,42,val,0.133,0.13391393
Merzenhausen,2022-09-04 11:00:00,42,val,0.125,0.13454425
Merzenhausen,2022-09-04 12:00:00,42,val,0.126,0.1351991
Merzenhausen,2022-09-04 13:00:00,42,val,0.129,0.135854
Merzenhausen,2022-09-04 14:00:00,42,val,0.127,0.1363546
Merzenhausen,2022-09-04 15:00:00,42,val,0.128,0.13695352
Merzenhausen,2022-09-04 16:00:00,42,val,0.128,0.13680919
Merzenhausen,2022-09-04 17:00:00,42,val,0.1315,0.13636805
Merzenhausen,2022-09-04 18:00:00,42,val,0.127,0.1359348
Merzenhausen,2022-09-04 19:00:00,42,val,0.126,0.13529308
Merzenhausen,2022-09-04 20:00:00,42,val,0.124,0.13486892
Merzenhausen,2022-09-04 21:00:00,42,val,0.128,0.13360718
Merzenhausen,2022-09-04 22:00:00,42,val,0.125,0.13257584
Merzenhausen,2022-09-04 23:00:00,42,val,0.206,0.13159674
Merzenhausen,2022-09-05 00:00:00,42,val,0.216,0.13135219
Merzenhausen,2022-09-05 01:00:00,42,val,0.239,0.13100371
Merzenhausen,2022-09-05 02:00:00,42,val,0.24,0.13070327
Merzenhausen,2022-09-05 03:00:00,42,val,0.238,0.1306428
Merzenhausen,2022-09-05 04:00:00,42,val,0.238,0.13066882
Merzenhausen,2022-09-05 05:00:00,42,val,0.234,0.13077533
Merzenhausen,2022-09-05 06:00:00,42,val,0.233,0.13100928
Merzenhausen,2022-09-05 07:00:00,42,val,0.233,0.13129196
Merzenhausen,2022-09-05 08:00:00,42,val,0.234,0.13171324
Merzenhausen,2022-09-05 09:00:00,42,val,0.232,0.13240388
Merzenhausen,2022-09-05 10:00:00,42,val,0.235,0.13306576
Merzenhausen,2022-09-05 11:00:00,42,val,0.238,0.13402739
Merzenhausen,2022-09-05 12:00:00,42,val,0.238,0.13475475
Merzenhausen,2022-09-05 13:00:00,42,val,0.235,0.13556874
Merzenhausen,2022-09-05 14:00:00,42,val,0.238,0.13630477
Merzenhausen,2022-09-05 15:00:00,42,val,0.235,0.13668531
Merzenhausen,2022-09-05 16:00:00,42,val,0.235,0.13683629
Merzenhausen,2022-09-05 17:00:00,42,val,0.236,0.13641989
Merzenhausen,2022-09-05 18:00:00,42,val,0.233,0.13582045
Merzenhausen,2022-09-05 19:00:00,42,val,0.233,0.13482402
Merzenhausen,2022-09-05 20:00:00,42,val,0.233,0.13378765
Merzenhausen,2022-09-05 21:00:00,42,val,0.232,0.13260376
Merzenhausen,2022-09-05 22:00:00,42,val,0.232,0.13219865
Merzenhausen,2022-09-05 23:00:00,42,val,0.232,0.13167849
Merzenhausen,2022-09-06 00:00:00,42,val,0.231,0.13127005
Merzenhausen,2022-09-06 01:00:00,42,val,0.23,0.13357064
Merzenhausen,2022-09-06 02:00:00,42,val,0.2465,0.13509482
Merzenhausen,2022-09-06 03:00:00,42,val,0.229,0.13549113
Merzenhausen,2022-09-06 04:00:00,42,val,0.227,0.13540749
Merzenhausen,2022-09-06 05:00:00,42,val,0.229,0.1351229
Merzenhausen,2022-09-06 06:00:00,42,val,0.234,0.13493896
Merzenhausen,2022-09-06 07:00:00,42,val,0.286,0.13490462
Merzenhausen,2022-09-06 08:00:00,42,val,0.301,0.13499293
Merzenhausen,2022-09-06 09:00:00,42,val,0.303,0.13509284
Merzenhausen,2022-09-06 10:00:00,42,val,0.301,0.13588549
Merzenhausen,2022-09-06 11:00:00,42,val,0.3,0.13648339
Merzenhausen,2022-09-06 12:00:00,42,val,0.298,0.13703308
Merzenhausen,2022-09-06 13:00:00,42,val,0.298,0.1376423
Merzenhausen,2022-09-06 14:00:00,42,val,0.295,0.13795868
Merzenhausen,2022-09-06 15:00:00,42,val,0.293,0.13807988
Merzenhausen,2022-09-06 16:00:00,42,val,0.291,0.13787742
Merzenhausen,2022-09-06 17:00:00,42,val,0.291,0.13764423
Merzenhausen,2022-09-06 18:00:00,42,val,0.288,0.13694035
Merzenhausen,2022-09-06 19:00:00,42,val,0.288,0.13585806
Merzenhausen,2022-09-06 20:00:00,42,val,0.289,0.13445581
Merzenhausen,2022-09-06 21:00:00,42,val,0.287,0.13327189
Merzenhausen,2022-09-06 22:00:00,42,val,0.285,0.13207272
Merzenhausen,2022-09-06 23:00:00,42,val,0.287,0.14581951
Merzenhausen,2022-09-07 00:00:00,42,val,0.284,0.16620858
Merzenhausen,2022-09-07 01:00:00,42,val,0.285,0.17920473
Merzenhausen,2022-09-07 02:00:00,42,val,0.284,0.1860891
Merzenhausen,2022-09-07 03:00:00,42,val,0.285,0.19100352
Merzenhausen,2022-09-07 04:00:00,42,val,0.282,0.19540663
Merzenhausen,2022-09-07 05:00:00,42,val,0.282,0.20062873
Merzenhausen,2022-09-07 06:00:00,42,val,0.283,0.20532805
Merzenhausen,2022-09-07 07:00:00,42,val,0.279,0.20976828
Merzenhausen,2022-09-07 08:00:00,42,val,0.28,0.22483875
Merzenhausen,2022-09-07 09:00:00,42,val,0.28,0.23037048
Merzenhausen,2022-09-07 10:00:00,42,val,0.279,0.23332597
Merzenhausen,2022-09-07 11:00:00,42,val,0.28,0.23466091
Merzenhausen,2022-09-07 12:00:00,42,val,0.279,0.2349723
Merzenhausen,2022-09-07 13:00:00,42,val,0.279,0.2343728
Merzenhausen,2022-09-07 14:00:00,42,val,0.279,0.23327148
Merzenhausen,2022-09-07 15:00:00,42,val,0.279,0.23163182
Merzenhausen,2022-09-07 16:00:00,42,val,0.276,0.22963959
Merzenhausen,2022-09-07 17:00:00,42,val,0.279,0.227454
Merzenhausen,2022-09-07 18:00:00,42,val,0.277,0.22516677
Merzenhausen,2022-09-07 19:00:00,42,val,0.277,0.22291777
Merzenhausen,2022-09-07 20:00:00,42,val,0.277,0.22071645
Merzenhausen,2022-09-07 21:00:00,42,val,0.278,0.21864265
Merzenhausen,2022-09-07 22:00:00,42,val,0.275,0.21672413
Merzenhausen,2022-09-07 23:00:00,42,val,0.274,0.21501654
Merzenhausen,2022-09-08 00:00:00,42,val,0.275,0.2135414
Merzenhausen,2022-09-08 01:00:00,42,val,0.272,0.21219105
Merzenhausen,2022-09-08 02:00:00,42,val,0.273,0.21173756
Merzenhausen,2022-09-08 03:00:00,42,val,0.276,0.2119912
Merzenhausen,2022-09-08 04:00:00,42,val,0.272,0.2277768
Merzenhausen,2022-09-08 05:00:00,42,val,0.273,0.2402403
Merzenhausen,2022-09-08 06:00:00,42,val,0.273,0.25364125
Merzenhausen,2022-09-08 07:00:00,42,val,0.27,0.26552752
Merzenhausen,2022-09-08 08:00:00,42,val,0.27,0.2677086
Merzenhausen,2022-09-08 09:00:00,42,val,0.269,0.26767185
Merzenhausen,2022-09-08 10:00:00,42,val,0.269,0.2672801
Merzenhausen,2022-09-08 11:00:00,42,val,0.269,0.2670255
Merzenhausen,2022-09-08 12:00:00,42,val,0.273,0.2668851
Merzenhausen,2022-09-08 13:00:00,42,val,0.275,0.26682317
Merzenhausen,2022-09-08 14:00:00,42,val,0.278,0.26657003
Merzenhausen,2022-09-08 15:00:00,42,val,0.28,0.26610932
Merzenhausen,2022-09-08 16:00:00,42,val,0.28,0.2653489
Merzenhausen,2022-09-08 17:00:00,42,val,0.287,0.264296
Merzenhausen,2022-09-08 18:00:00,42,val,0.287,0.26296574
Merzenhausen,2022-09-08 19:00:00,42,val,0.29,0.261381
Merzenhausen,2022-09-08 20:00:00,42,val,0.291,0.25969452
Merzenhausen,2022-09-08 21:00:00,42,val,0.291,0.25790775
Merzenhausen,2022-09-08 22:00:00,42,val,0.288,0.25595197
Merzenhausen,2022-09-08 23:00:00,42,val,0.289,0.26135796
Merzenhausen,2022-09-09 00:00:00,42,val,0.29,0.2612736
Merzenhausen,2022-09-09 01:00:00,42,val,0.289,0.25960723
Merzenhausen,2022-09-09 02:00:00,42,val,0.286,0.25724497
Merzenhausen,2022-09-09 03:00:00,42,val,0.286,0.2547572
Merzenhausen,2022-09-09 04:00:00,42,val,0.289,0.25225088
Merzenhausen,2022-09-09 05:00:00,42,val,0.286,0.25009373
Merzenhausen,2022-09-09 06:00:00,42,val,0.287,0.24852952
Merzenhausen,2022-09-09 07:00:00,42,val,0.287,0.24747725
Merzenhausen,2022-09-09 08:00:00,42,val,0.287,0.24697496
Merzenhausen,2022-09-09 09:00:00,42,val,0.287,0.24707775
Merzenhausen,2022-09-09 10:00:00,42,val,0.286,0.24753812
Merzenhausen,2022-09-09 11:00:00,42,val,0.286,0.24839175
Merzenhausen,2022-09-09 12:00:00,42,val,0.287,0.24938461
Merzenhausen,2022-09-09 13:00:00,42,val,0.286,0.2505247
Merzenhausen,2022-09-09 14:00:00,42,val,0.286,0.25254387
Merzenhausen,2022-09-09 15:00:00,42,val,0.283,0.25467494
Merzenhausen,2022-09-09 16:00:00,42,val,0.2815,0.25549015
Merzenhausen,2022-09-09 17:00:00,42,val,0.286,0.25573575
Merzenhausen,2022-09-09 18:00:00,42,val,0.284,0.26461825
Merzenhausen,2022-09-09 19:00:00,42,val,0.283,0.26688042
Merzenhausen,2022-09-09 20:00:00,42,val,0.281,0.2662727
Merzenhausen,2022-09-09 21:00:00,42,val,0.284,0.2643118
Merzenhausen,2022-09-09 22:00:00,42,val,0.282,0.26155403
Merzenhausen,2022-09-09 23:00:00,42,val,0.282,0.25844714
Merzenhausen,2022-09-10 00:00:00,42,val,0.279,0.25533515
Merzenhausen,2022-09-10 01:00:00,42,val,0.282,0.2522361
Merzenhausen,2022-09-10 02:00:00,42,val,0.279,0.24928266
Merzenhausen,2022-09-10 03:00:00,42,val,0.277,0.2467263
Merzenhausen,2022-09-10 04:00:00,42,val,0.275,0.24448434
Merzenhausen,2022-09-10 05:00:00,42,val,0.277,0.24370149
Merzenhausen,2022-09-10 06:00:00,42,val,0.274,0.24286717
Merzenhausen,2022-09-10 07:00:00,42,val,0.275,0.24226882
Merzenhausen,2022-09-10 08:00:00,42,val,0.274,0.2431246
Merzenhausen,2022-09-10 09:00:00,42,val,0.274,0.24470718
Merzenhausen,2022-09-10 10:00:00,42,val,0.274,0.24675578
Merzenhausen,2022-09-10 11:00:00,42,val,0.274,0.24800998
Merzenhausen,2022-09-10 12:00:00,42,val,0.274,0.25225106
Merzenhausen,2022-09-10 13:00:00,42,val,0.276,0.26548645
Merzenhausen,2022-09-10 14:00:00,42,val,0.276,0.269646
Merzenhausen,2022-09-10 15:00:00,42,val,0.276,0.27032617
Merzenhausen,2022-09-10 16:00:00,42,val,0.277,0.27877373
Merzenhausen,2022-09-10 17:00:00,42,val,0.273,0.27977788
Merzenhausen,2022-09-10 18:00:00,42,val,0.274,0.27808604
Merzenhausen,2022-09-10 19:00:00,42,val,0.274,0.27542713
Merzenhausen,2022-09-10 20:00:00,42,val,0.271,0.2725272
Merzenhausen,2022-09-10 21:00:00,42,val,0.272,0.26971725
Merzenhausen,2022-09-10 22:00:00,42,val,0.271,0.26700154
Merzenhausen,2022-09-10 23:00:00,42,val,0.268,0.26435024
Merzenhausen,2022-09-11 00:00:00,42,val,0.27,0.2618739
Merzenhausen,2022-09-11 01:00:00,42,val,0.269,0.2594852
Merzenhausen,2022-09-11 02:00:00,42,val,0.27,0.2571196
Merzenhausen,2022-09-11 03:00:00,42,val,0.27,0.2549338
Merzenhausen,2022-09-11 04:00:00,42,val,0.267,0.25311297
Merzenhausen,2022-09-11 05:00:00,42,val,0.269,0.2516178
Merzenhausen,2022-09-11 06:00:00,42,val,0.269,0.25061727
Merzenhausen,2022-09-11 07:00:00,42,val,0.27,0.25017545
Merzenhausen,2022-09-11 08:00:00,42,val,0.27,0.250309
Merzenhausen,2022-09-11 09:00:00,42,val,0.269,0.25100014
Merzenhausen,2022-09-11 10:00:00,42,val,0.266,0.25204417
Merzenhausen,2022-09-11 11:00:00,42,val,0.269,0.25324866
Merzenhausen,2022-09-11 12:00:00,42,val,0.269,0.25444472
Merzenhausen,2022-09-11 13:00:00,42,val,0.268,0.25553453
Merzenhausen,2022-09-11 14:00:00,42,val,0.269,0.25637707
Merzenhausen,2022-09-11 15:00:00,42,val,0.269,0.25675613
Merzenhausen,2022-09-11 16:00:00,42,val,0.266,0.25661993
Merzenhausen,2022-09-11 17:00:00,42,val,0.266,0.25620756
Merzenhausen,2022-09-11 18:00:00,42,val,0.269,0.2555476
Merzenhausen,2022-09-11 19:00:00,42,val,0.265,0.25471336
Merzenhausen,2022-09-11 20:00:00,42,val,0.269,0.25362214
Merzenhausen,2022-09-11 21:00:00,42,val,0.271,0.2524917
Merzenhausen,2022-09-11 22:00:00,42,val,0.274,0.25129744
Merzenhausen,2022-09-11 23:00:00,42,val,0.274,0.25006065
Merzenhausen,2022-09-12 00:00:00,42,val,0.274,0.24870256
Merzenhausen,2022-09-12 01:00:00,42,val,0.277,0.24740595
Merzenhausen,2022-09-12 02:00:00,42,val,0.278,0.24614735
Merzenhausen,2022-09-12 03:00:00,42,val,0.281,0.2448631
Merzenhausen,2022-09-12 04:00:00,42,val,0.285,0.24371466
Merzenhausen,2022-09-12 05:00:00,42,val,0.287,0.24297845
Merzenhausen,2022-09-12 06:00:00,42,val,0.291,0.24260797
Merzenhausen,2022-09-12 07:00:00,42,val,0.3625,0.24286632
Merzenhausen,2022-09-12 08:00:00,42,val,0.37,0.24471785
Merzenhausen,2022-09-12 09:00:00,42,val,0.363,0.24614139
Merzenhausen,2022-09-12 10:00:00,42,val,0.363,0.24739295
Merzenhausen,2022-09-12 11:00:00,42,val,0.364,0.24841106
Merzenhausen,2022-09-12 12:00:00,42,val,0.363,0.24905996
Merzenhausen,2022-09-12 13:00:00,42,val,0.361,0.24934135
Merzenhausen,2022-09-12 14:00:00,42,val,0.357,0.2494247
Merzenhausen,2022-09-12 15:00:00,42,val,0.358,0.24911289
Merzenhausen,2022-09-12 16:00:00,42,val,0.358,0.24860625
Merzenhausen,2022-09-12 17:00:00,42,val,0.357,0.24764894
Merzenhausen,2022-09-12 18:00:00,42,val,0.354,0.24659953
Merzenhausen,2022-09-12 19:00:00,42,val,0.351,0.2454721
Merzenhausen,2022-09-12 20:00:00,42,val,0.349,0.24418812
Merzenhausen,2022-09-12 21:00:00,42,val,0.344,0.2429633
Merzenhausen,2022-09-12 22:00:00,42,val,0.346,0.24174967
Merzenhausen,2022-09-12 23:00:00,42,val,0.344,0.240453
Merzenhausen,2022-09-13 00:00:00,42,val,0.341,0.23928179
Merzenhausen,2022-09-13 01:00:00,42,val,0.341,0.238187
Merzenhausen,2022-09-13 02:00:00,42,val,0.339,0.23715596
Merzenhausen,2022-09-13 03:00:00,42,val,0.336,0.23629203
Merzenhausen,2022-09-13 04:00:00,42,val,0.336,0.23546466
Merzenhausen,2022-09-13 05:00:00,42,val,0.333,0.23488072
Merzenhausen,2022-09-13 06:00:00,42,val,0.333,0.23461413
Merzenhausen,2022-09-13 07:00:00,42,val,0.333,0.23475726
Merzenhausen,2022-09-13 08:00:00,42,val,0.331,0.23532292
Merzenhausen,2022-09-13 09:00:00,42,val,0.329,0.23611425
Merzenhausen,2022-09-13 10:00:00,42,val,0.33,0.23680758
Merzenhausen,2022-09-13 11:00:00,42,val,0.328,0.23749806
Merzenhausen,2022-09-13 12:00:00,42,val,0.329,0.23816854
Merzenhausen,2022-09-13 13:00:00,42,val,0.326,0.23876059
Merzenhausen,2022-09-13 14:00:00,42,val,0.326,0.239281
Merzenhausen,2022-09-13 15:00:00,42,val,0.324,0.2397259
Merzenhausen,2022-09-13 16:00:00,42,val,0.324,0.23995231
Merzenhausen,2022-09-13 17:00:00,42,val,0.323,0.24084763
Merzenhausen,2022-09-13 18:00:00,42,val,0.326,0.24556047
Merzenhausen,2022-09-13 19:00:00,42,val,0.323,0.25605363
Merzenhausen,2022-09-13 20:00:00,42,val,0.321,0.26750433
Merzenhausen,2022-09-13 21:00:00,42,val,0.319,0.2718709
Merzenhausen,2022-09-13 22:00:00,42,val,0.321,0.2783003
Merzenhausen,2022-09-13 23:00:00,42,val,0.318,0.28434148
Merzenhausen,2022-09-14 00:00:00,42,val,0.316,0.28280616
Merzenhausen,2022-09-14 01:00:00,42,val,0.318,0.27843994
Merzenhausen,2022-09-14 02:00:00,42,val,0.316,0.27482274
Merzenhausen,2022-09-14 03:00:00,42,val,0.316,0.27347228
Merzenhausen,2022-09-14 04:00:00,42,val,0.314,0.2708697
Merzenhausen,2022-09-14 05:00:00,42,val,0.314,0.272581
Merzenhausen,2022-09-14 06:00:00,42,val,0.313,0.2833921
Merzenhausen,2022-09-14 07:00:00,42,val,0.314,0.29640585
Merzenhausen,2022-09-14 08:00:00,42,val,0.313,0.3053445
Merzenhausen,2022-09-14 09:00:00,42,val,0.313,0.30491242
Merzenhausen,2022-09-14 10:00:00,42,val,0.313,0.30822077
Merzenhausen,2022-09-14 11:00:00,42,val,0.314,0.30965218
Merzenhausen,2022-09-14 12:00:00,42,val,0.311,0.3082298
Merzenhausen,2022-09-14 13:00:00,42,val,0.311,0.30654252
Merzenhausen,2022-09-14 14:00:00,42,val,0.314,0.30863485
Merzenhausen,2022-09-14 15:00:00,42,val,0.316,0.3090923
Merzenhausen,2022-09-14 16:00:00,42,val,0.32,0.3071409
Merzenhausen,2022-09-14 17:00:00,42,val,0.326,0.30478
Merzenhausen,2022-09-14 18:00:00,42,val,0.324,0.30219606
Merzenhausen,2022-09-14 19:00:00,42,val,0.327,0.29957825
Merzenhausen,2022-09-14 20:00:00,42,val,0.327,0.2970408
Merzenhausen,2022-09-14 21:00:00,42,val,0.327,0.29456025
Merzenhausen,2022-09-14 22:00:00,42,val,0.326,0.2922083
Merzenhausen,2022-09-14 23:00:00,42,val,0.327,0.28994584
Merzenhausen,2022-09-15 00:00:00,42,val,0.324,0.28771847
Merzenhausen,2022-09-15 01:00:00,42,val,0.326,0.28549185
Merzenhausen,2022-09-15 02:00:00,42,val,0.326,0.28321636
Merzenhausen,2022-09-15 03:00:00,42,val,0.324,0.28093812
Merzenhausen,2022-09-15 04:00:00,42,val,0.325,0.27877718
Merzenhausen,2022-09-15 05:00:00,42,val,0.326,0.27684322
Merzenhausen,2022-09-15 06:00:00,42,val,0.323,0.27539936
Merzenhausen,2022-09-15 07:00:00,42,val,0.323,0.27453703
Merzenhausen,2022-09-15 08:00:00,42,val,0.323,0.27421588
Merzenhausen,2022-09-15 09:00:00,42,val,0.324,0.2743795
Merzenhausen,2022-09-15 10:00:00,42,val,0.321,0.2749209
Merzenhausen,2022-09-15 11:00:00,42,val,0.3135,0.27566338
Merzenhausen,2022-09-15 12:00:00,42,val,0.335,0.27650902
Merzenhausen,2022-09-15 13:00:00,42,val,0.3285,0.27720532
Merzenhausen,2022-09-15 14:00:00,42,val,0.322,0.27782226
Merzenhausen,2022-09-15 15:00:00,42,val,0.319,0.27815852
Merzenhausen,2022-09-15 16:00:00,42,val,0.319,0.2791661
Merzenhausen,2022-09-15 17:00:00,42,val,0.321,0.27922362
Merzenhausen,2022-09-15 18:00:00,42,val,0.321,0.2788915
Merzenhausen,2022-09-15 19:00:00,42,val,0.319,0.27826145
Merzenhausen,2022-09-15 20:00:00,42,val,0.321,0.2773904
Merzenhausen,2022-09-15 21:00:00,42,val,0.319,0.2763229
Merzenhausen,2022-09-15 22:00:00,42,val,0.319,0.275172
Merzenhausen,2022-09-15 23:00:00,42,val,0.316,0.27384153
Merzenhausen,2022-09-16 00:00:00,42,val,0.316,0.27231383
Merzenhausen,2022-09-16 01:00:00,42,val,0.317,0.27071545
Merzenhausen,2022-09-16 02:00:00,42,val,0.317,0.26908967
Merzenhausen,2022-09-16 03:00:00,42,val,0.314,0.26757228
Merzenhausen,2022-09-16 04:00:00,42,val,0.314,0.26619318
Merzenhausen,2022-09-16 05:00:00,42,val,0.315,0.2650965
Merzenhausen,2022-09-16 06:00:00,42,val,0.314,0.26439214
Merzenhausen,2022-09-16 07:00:00,42,val,0.314,0.26421946
Merzenhausen,2022-09-16 08:00:00,42,val,0.316,0.26460522
Merzenhausen,2022-09-16 09:00:00,42,val,0.316,0.2654762
Merzenhausen,2022-09-16 10:00:00,42,val,0.316,0.26674947
Merzenhausen,2022-09-16 11:00:00,42,val,0.313,0.26827365
Merzenhausen,2022-09-16 12:00:00,42,val,0.313,0.27547643
Merzenhausen,2022-09-16 13:00:00,42,val,0.313,0.2950445
Merzenhausen,2022-09-16 14:00:00,42,val,0.313,0.2972205
Merzenhausen,2022-09-16 15:00:00,42,val,0.336,0.30555144
Merzenhausen,2022-09-16 16:00:00,42,val,0.358,0.30438846
Merzenhausen,2022-09-16 17:00:00,42,val,0.375,0.30095673
Merzenhausen,2022-09-16 18:00:00,42,val,0.375,0.29766214
Merzenhausen,2022-09-16 19:00:00,42,val,0.378,0.29404485
Merzenhausen,2022-09-16 20:00:00,42,val,0.372,0.2908676
Merzenhausen,2022-09-16 21:00:00,42,val,0.371,0.28823772
Merzenhausen,2022-09-16 22:00:00,42,val,0.365,0.2860965
Merzenhausen,2022-09-16 23:00:00,42,val,0.361,0.2842642
Merzenhausen,2022-09-17 00:00:00,42,val,0.359,0.28266013
Merzenhausen,2022-09-17 01:00:00,42,val,0.355,0.28118777
Merzenhausen,2022-09-17 02:00:00,42,val,0.355,0.2797531
Merzenhausen,2022-09-17 03:00:00,42,val,0.352,0.27835727
Merzenhausen,2022-09-17 04:00:00,42,val,0.349,0.27709612
Merzenhausen,2022-09-17 05:00:00,42,val,0.348,0.27612695
Merzenhausen,2022-09-17 06:00:00,42,val,0.347,0.27543023
Merzenhausen,2022-09-17 07:00:00,42,val,0.346,0.2760139
Merzenhausen,2022-09-17 08:00:00,42,val,0.344,0.276335
Merzenhausen,2022-09-17 09:00:00,42,val,0.343,0.2769714
Merzenhausen,2022-09-17 10:00:00,42,val,0.341,0.2777587
Merzenhausen,2022-09-17 11:00:00,42,val,0.341,0.2784217
Merzenhausen,2022-09-17 12:00:00,42,val,0.339,0.28031352
Merzenhausen,2022-09-17 13:00:00,42,val,0.34,0.2823731
Merzenhausen,2022-09-17 14:00:00,42,val,0.337,0.28328785
Merzenhausen,2022-09-17 15:00:00,42,val,0.338,0.28360534
Merzenhausen,2022-09-17 16:00:00,42,val,0.337,0.28337938
Merzenhausen,2022-09-17 17:00:00,42,val,0.336,0.28289917
Merzenhausen,2022-09-17 18:00:00,42,val,0.336,0.28219348
Merzenhausen,2022-09-17 19:00:00,42,val,0.334,0.2813972
Merzenhausen,2022-09-17 20:00:00,42,val,0.332,0.28057525
Merzenhausen,2022-09-17 21:00:00,42,val,0.332,0.27977446
Merzenhausen,2022-09-17 22:00:00,42,val,0.332,0.27892298
Merzenhausen,2022-09-17 23:00:00,42,val,0.332,0.27792063
Merzenhausen,2022-09-18 00:00:00,42,val,0.331,0.27761456
Merzenhausen,2022-09-18 01:00:00,42,val,0.331,0.27656806
Merzenhausen,2022-09-18 02:00:00,42,val,0.329,0.27534407
Merzenhausen,2022-09-18 03:00:00,42,val,0.329,0.27471882
Merzenhausen,2022-09-18 04:00:00,42,val,0.327,0.27343845
Merzenhausen,2022-09-18 05:00:00,42,val,0.327,0.27230656
Merzenhausen,2022-09-18 06:00:00,42,val,0.325,0.27147883
Merzenhausen,2022-09-18 07:00:00,42,val,0.327,0.2710824
Merzenhausen,2022-09-18 08:00:00,42,val,0.326,0.2755729
Merzenhausen,2022-09-18 09:00:00,42,val,0.326,0.27712494
Merzenhausen,2022-09-18 10:00:00,42,val,0.326,0.27821058
Merzenhausen,2022-09-18 11:00:00,42,val,0.327,0.2790789
Merzenhausen,2022-09-18 12:00:00,42,val,0.324,0.28312206
Merzenhausen,2022-09-18 13:00:00,42,val,0.324,0.28424376
Merzenhausen,2022-09-18 14:00:00,42,val,0.324,0.28926218
Merzenhausen,2022-09-18 15:00:00,42,val,0.322,0.30515614
Merzenhausen,2022-09-18 16:00:00,42,val,0.322,0.31032336
Merzenhausen,2022-09-18 17:00:00,42,val,0.322,0.3148777
Merzenhausen,2022-09-18 18:00:00,42,val,0.324,0.31315023
Merzenhausen,2022-09-18 19:00:00,42,val,0.322,0.3154714
Merzenhausen,2022-09-18 20:00:00,42,val,0.322,0.30952883
Merzenhausen,2022-09-18 21:00:00,42,val,0.319,0.30605638
Merzenhausen,2022-09-18 22:00:00,42,val,0.321,0.30303475
Merzenhausen,2022-09-18 23:00:00,42,val,0.319,0.3010638
Merzenhausen,2022-09-19 00:00:00,42,val,0.32,0.30004573
Merzenhausen,2022-09-19 01:00:00,42,val,0.317,0.29968992
Merzenhausen,2022-09-19 02:00:00,42,val,0.317,0.29976487
Merzenhausen,2022-09-19 03:00:00,42,val,0.317,0.300105
Merzenhausen,2022-09-19 04:00:00,42,val,0.315,0.30049148
Merzenhausen,2022-09-19 05:00:00,42,val,0.317,0.3009543
Merzenhausen,2022-09-19 06:00:00,42,val,0.315,0.30153587
Merzenhausen,2022-09-19 07:00:00,42,val,0.316,0.30225265
Merzenhausen,2022-09-19 08:00:00,42,val,0.317,0.3031186
Merzenhausen,2022-09-19 09:00:00,42,val,0.314,0.30407172
Merzenhausen,2022-09-19 10:00:00,42,val,0.314,0.3049807
Merzenhausen,2022-09-19 11:00:00,42,val,0.314,0.30575502
Merzenhausen,2022-09-19 12:00:00,42,val,0.314,0.30629656
Merzenhausen,2022-09-19 13:00:00,42,val,0.315,0.30662975
Merzenhausen,2022-09-19 14:00:00,42,val,0.312,0.30908972
Merzenhausen,2022-09-19 15:00:00,42,val,0.312,0.30998865
Merzenhausen,2022-09-19 16:00:00,42,val,0.312,0.30948487
Merzenhausen,2022-09-19 17:00:00,42,val,0.312,0.3084176
Merzenhausen,2022-09-19 18:00:00,42,val,0.313,0.30701086
Merzenhausen,2022-09-19 19:00:00,42,val,0.31,0.30550328
Merzenhausen,2022-09-19 20:00:00,42,val,0.31,0.30397
Merzenhausen,2022-09-19 21:00:00,42,val,0.312,0.30256534
Merzenhausen,2022-09-19 22:00:00,42,val,0.31,0.3013233
Merzenhausen,2022-09-19 23:00:00,42,val,0.31,0.30023873
Merzenhausen,2022-09-20 00:00:00,42,val,0.312,0.2992077
Merzenhausen,2022-09-20 01:00:00,42,val,0.309,0.29824874
Merzenhausen,2022-09-20 02:00:00,42,val,0.31,0.29728186
Merzenhausen,2022-09-20 03:00:00,42,val,0.31,0.29637405
Merzenhausen,2022-09-20 04:00:00,42,val,0.307,0.29555866
Merzenhausen,2022-09-20 05:00:00,42,val,0.307,0.2950216
Merzenhausen,2022-09-20 06:00:00,42,val,0.308,0.2947601
Merzenhausen,2022-09-20 07:00:00,42,val,0.308,0.29491812
Merzenhausen,2022-09-20 08:00:00,42,val,0.306,0.29543185
Merzenhausen,2022-09-20 09:00:00,42,val,0.306,0.29624924
Merzenhausen,2022-09-20 10:00:00,42,val,0.307,0.29725555
Merzenhausen,2022-09-20 11:00:00,42,val,0.308,0.2983477
Merzenhausen,2022-09-20 12:00:00,42,val,0.303,0.29935548
Merzenhausen,2022-09-20 13:00:00,42,val,0.308,0.3010374
Merzenhausen,2022-09-20 14:00:00,42,val,0.303,0.30160868
Merzenhausen,2022-09-20 15:00:00,42,val,0.303,0.30155104
Merzenhausen,2022-09-20 16:00:00,42,val,0.303,0.301012
Merzenhausen,2022-09-20 17:00:00,42,val,0.303,0.30020154
Merzenhausen,2022-09-20 18:00:00,42,val,0.303,0.29944718
Merzenhausen,2022-09-20 19:00:00,42,val,0.305,0.29863876
Merzenhausen,2022-09-20 20:00:00,42,val,0.305,0.297813
Merzenhausen,2022-09-20 21:00:00,42,val,0.305,0.296865
Merzenhausen,2022-09-20 22:00:00,42,val,0.305,0.29592422
Merzenhausen,2022-09-20 23:00:00,42,val,0.305,0.29483995
Merzenhausen,2022-09-21 00:00:00,42,val,0.305,0.29370892
Merzenhausen,2022-09-21 01:00:00,42,val,0.302,0.29244822
Merzenhausen,2022-09-21 02:00:00,42,val,0.303,0.29107082
Merzenhausen,2022-09-21 03:00:00,42,val,0.303,0.28975037
Merzenhausen,2022-09-21 04:00:00,42,val,0.303,0.28845885
Merzenhausen,2022-09-21 05:00:00,42,val,0.301,0.28751844
Merzenhausen,2022-09-21 06:00:00,42,val,0.301,0.28780347
Merzenhausen,2022-09-21 07:00:00,42,val,0.303,0.28799158
Merzenhausen,2022-09-21 08:00:00,42,val,0.303,0.28866398
Merzenhausen,2022-09-21 09:00:00,42,val,0.3,0.2895633
Merzenhausen,2022-09-21 10:00:00,42,val,0.301,0.29057008
Merzenhausen,2022-09-21 11:00:00,42,val,0.301,0.29151925
Merzenhausen,2022-09-21 12:00:00,42,val,0.301,0.29234648
Merzenhausen,2022-09-21 13:00:00,42,val,0.3,0.29294163
Merzenhausen,2022-09-21 14:00:00,42,val,0.3,0.29323113
Merzenhausen,2022-09-21 15:00:00,42,val,0.3,0.29305333
Merzenhausen,2022-09-21 16:00:00,42,val,0.301,0.29257345
Merzenhausen,2022-09-21 17:00:00,42,val,0.301,0.29189122
Merzenhausen,2022-09-21 18:00:00,42,val,0.301,0.29146665
Merzenhausen,2022-09-21 19:00:00,42,val,0.301,0.29101294
Merzenhausen,2022-09-21 20:00:00,42,val,0.298,0.29058096
Merzenhausen,2022-09-21 21:00:00,42,val,0.298,0.29019234
Merzenhausen,2022-09-21 22:00:00,42,val,0.3,0.28966105
Merzenhausen,2022-09-21 23:00:00,42,val,0.3,0.28894886
Merzenhausen,2022-09-22 00:00:00,42,val,0.3,0.28818405
Merzenhausen,2022-09-22 01:00:00,42,val,0.298,0.28721908
Merzenhausen,2022-09-22 02:00:00,42,val,0.298,0.2861482
Merzenhausen,2022-09-22 03:00:00,42,val,0.298,0.28509778
Merzenhausen,2022-09-22 04:00:00,42,val,0.298,0.2840622
Merzenhausen,2022-09-22 05:00:00,42,val,0.298,0.28322032
Merzenhausen,2022-09-22 06:00:00,42,val,0.298,0.28282166
Merzenhausen,2022-09-22 07:00:00,42,val,0.298,0.28308365
Merzenhausen,2022-09-22 08:00:00,42,val,0.296,0.28382006
Merzenhausen,2022-09-22 09:00:00,42,val,0.296,0.2849132
Merzenhausen,2022-09-22 10:00:00,42,val,0.297,0.28617975
Merzenhausen,2022-09-22 11:00:00,42,val,0.297,0.28739098
Merzenhausen,2022-09-22 12:00:00,42,val,0.297,0.28817222
Merzenhausen,2022-09-22 13:00:00,42,val,0.297,0.28874063
Merzenhausen,2022-09-22 14:00:00,42,val,0.296,0.28878546
Merzenhausen,2022-09-22 15:00:00,42,val,0.296,0.2884351
Merzenhausen,2022-09-22 16:00:00,42,val,0.296,0.2878386
Merzenhausen,2022-09-22 17:00:00,42,val,0.296,0.2872024
Merzenhausen,2022-09-22 18:00:00,42,val,0.296,0.2866711
Merzenhausen,2022-09-22 19:00:00,42,val,0.294,0.2862806
Merzenhausen,2022-09-22 20:00:00,42,val,0.294,0.28598085
Merzenhausen,2022-09-22 21:00:00,42,val,0.294,0.28577918
Merzenhausen,2022-09-22 22:00:00,42,val,0.294,0.285567
Merzenhausen,2022-09-22 23:00:00,42,val,0.294,0.28528082
Merzenhausen,2022-09-23 00:00:00,42,val,0.296,0.28490224
Merzenhausen,2022-09-23 01:00:00,42,val,0.296,0.2842781
Merzenhausen,2022-09-23 02:00:00,42,val,0.296,0.2835125
Merzenhausen,2022-09-23 03:00:00,42,val,0.294,0.2827137
Merzenhausen,2022-09-23 04:00:00,42,val,0.296,0.28197217
Merzenhausen,2022-09-23 05:00:00,42,val,0.293,0.28141144
Merzenhausen,2022-09-23 06:00:00,42,val,0.295,0.28112686
Merzenhausen,2022-09-23 07:00:00,42,val,0.295,0.2814794
Merzenhausen,2022-09-23 08:00:00,42,val,0.296,0.28231692
Merzenhausen,2022-09-23 09:00:00,42,val,0.296,0.28337544
Merzenhausen,2022-09-23 10:00:00,42,val,0.293,0.28445253
Merzenhausen,2022-09-23 11:00:00,42,val,0.293,0.28541842
Merzenhausen,2022-09-23 12:00:00,42,val,0.293,0.28622544
Merzenhausen,2022-09-23 13:00:00,42,val,0.293,0.28679246
Merzenhausen,2022-09-23 14:00:00,42,val,0.293,0.28698552
Merzenhausen,2022-09-23 15:00:00,42,val,0.293,0.2868873
Merzenhausen,2022-09-23 16:00:00,42,val,0.293,0.2865732
Merzenhausen,2022-09-23 17:00:00,42,val,0.293,0.28611866
Merzenhausen,2022-09-23 18:00:00,42,val,0.291,0.28570268
Merzenhausen,2022-09-23 19:00:00,42,val,0.291,0.2852638
Merzenhausen,2022-09-23 20:00:00,42,val,0.292,0.28470343
Merzenhausen,2022-09-23 21:00:00,42,val,0.291,0.28413785
Merzenhausen,2022-09-23 22:00:00,42,val,0.293,0.28363207
Merzenhausen,2022-09-23 23:00:00,42,val,0.291,0.28319797
Merzenhausen,2022-09-24 00:00:00,42,val,0.291,0.2827629
Merzenhausen,2022-09-24 01:00:00,42,val,0.291,0.28218028
Merzenhausen,2022-09-24 02:00:00,42,val,0.291,0.28146762
Merzenhausen,2022-09-24 03:00:00,42,val,0.289,0.28078252
Merzenhausen,2022-09-24 04:00:00,42,val,0.291,0.28024745
Merzenhausen,2022-09-24 05:00:00,42,val,0.288,0.27993697
Merzenhausen,2022-09-24 06:00:00,42,val,0.291,0.27991328
Merzenhausen,2022-09-24 07:00:00,42,val,0.289,0.28031397
Merzenhausen,2022-09-24 08:00:00,42,val,0.291,0.28102568
Merzenhausen,2022-09-24 09:00:00,42,val,0.291,0.28194332
Merzenhausen,2022-09-24 10:00:00,42,val,0.291,0.28298557
Merzenhausen,2022-09-24 11:00:00,42,val,0.289,0.28404891
Merzenhausen,2022-09-24 12:00:00,42,val,0.289,0.28503248
Merzenhausen,2022-09-24 13:00:00,42,val,0.289,0.28578404
Merzenhausen,2022-09-24 14:00:00,42,val,0.289,0.2861122
Merzenhausen,2022-09-24 15:00:00,42,val,0.289,0.28609288
Merzenhausen,2022-09-24 16:00:00,42,val,0.289,0.2856928
Merzenhausen,2022-09-24 17:00:00,42,val,0.289,0.28503627
Merzenhausen,2022-09-24 18:00:00,42,val,0.289,0.28421664
Merzenhausen,2022-09-24 19:00:00,42,val,0.289,0.28328925
Merzenhausen,2022-09-24 20:00:00,42,val,0.289,0.28585672
Merzenhausen,2022-09-24 21:00:00,42,val,0.289,0.28599983
Merzenhausen,2022-09-24 22:00:00,42,val,0.286,0.2853498
Merzenhausen,2022-09-24 23:00:00,42,val,0.286,0.28426194
Merzenhausen,2022-09-25 00:00:00,42,val,0.287,0.28307185
Merzenhausen,2022-09-25 01:00:00,42,val,0.287,0.28187615
Merzenhausen,2022-09-25 02:00:00,42,val,0.287,0.28076115
Merzenhausen,2022-09-25 03:00:00,42,val,0.287,0.2797244
Merzenhausen,2022-09-25 04:00:00,42,val,0.289,0.27896374
Merzenhausen,2022-09-25 05:00:00,42,val,0.289,0.2784175
Merzenhausen,2022-09-25 06:00:00,42,val,0.289,0.27828825
Merzenhausen,2022-09-25 07:00:00,42,val,0.289,0.27854055
Merzenhausen,2022-09-25 08:00:00,42,val,0.291,0.27925494
Merzenhausen,2022-09-25 09:00:00,42,val,0.291,0.28030768
Merzenhausen,2022-09-25 10:00:00,42,val,0.291,0.28145903
Merzenhausen,2022-09-25 11:00:00,42,val,0.291,0.28256917
Merzenhausen,2022-09-25 12:00:00,42,val,0.292,0.2834302
Merzenhausen,2022-09-25 13:00:00,42,val,0.291,0.28403282
Merzenhausen,2022-09-25 14:00:00,42,val,0.291,0.2842961
Merzenhausen,2022-09-25 15:00:00,42,val,0.29,0.28408587
Merzenhausen,2022-09-25 16:00:00,42,val,0.293,0.28351277
Merzenhausen,2022-09-25 17:00:00,42,val,0.292,0.28278533
Merzenhausen,2022-09-25 18:00:00,42,val,0.292,0.2819652
Merzenhausen,2022-09-25 19:00:00,42,val,0.292,0.2810489
Merzenhausen,2022-09-25 20:00:00,42,val,0.293,0.28020304
Merzenhausen,2022-09-25 21:00:00,42,val,0.293,0.27931497
Merzenhausen,2022-09-25 22:00:00,42,val,0.296,0.2785684
Merzenhausen,2022-09-25 23:00:00,42,val,0.3,0.2777628
Merzenhausen,2022-09-26 00:00:00,42,val,0.303,0.27699277
Merzenhausen,2022-09-26 01:00:00,42,val,0.307,0.2762016
Merzenhausen,2022-09-26 02:00:00,42,val,0.305,0.2754021
Merzenhausen,2022-09-26 03:00:00,42,val,0.307,0.27460545
Merzenhausen,2022-09-26 04:00:00,42,val,0.307,0.2740402
Merzenhausen,2022-09-26 05:00:00,42,val,0.309,0.27362338
Merzenhausen,2022-09-26 06:00:00,42,val,0.309,0.27363616
Merzenhausen,2022-09-26 07:00:00,42,val,0.309,0.27402115
Merzenhausen,2022-09-26 08:00:00,42,val,0.309,0.27577257
Merzenhausen,2022-09-26 09:00:00,42,val,0.309,0.2771998
Merzenhausen,2022-09-26 10:00:00,42,val,0.311,0.27954125
Merzenhausen,2022-09-26 11:00:00,42,val,0.311,0.28108215
Merzenhausen,2022-09-26 12:00:00,42,val,0.311,0.28214365
Merzenhausen,2022-09-26 13:00:00,42,val,0.311,0.2837584
Merzenhausen,2022-09-26 14:00:00,42,val,0.311,0.28522205
Merzenhausen,2022-09-26 15:00:00,42,val,0.312,0.28540304
Merzenhausen,2022-09-26 16:00:00,42,val,0.311,0.28490007
Merzenhausen,2022-09-26 17:00:00,42,val,0.309,0.28487498
Merzenhausen,2022-09-26 18:00:00,42,val,0.309,0.28488982
Merzenhausen,2022-09-26 19:00:00,42,val,0.309,0.28403547
Merzenhausen,2022-09-26 20:00:00,42,val,0.309,0.28714103
Merzenhausen,2022-09-26 21:00:00,42,val,0.31,0.28689536
Merzenhausen,2022-09-26 22:00:00,42,val,0.3045,0.2873638
Merzenhausen,2022-09-26 23:00:00,42,val,0.328,0.2914425
Merzenhausen,2022-09-27 00:00:00,42,val,0.311,0.2941034
Merzenhausen,2022-09-27 01:00:00,42,val,0.31,0.29387313
Merzenhausen,2022-09-27 02:00:00,42,val,0.3165,0.2940569
Merzenhausen,2022-09-27 03:00:00,42,val,0.311,0.29203275
Merzenhausen,2022-09-27 04:00:00,42,val,0.31,0.28909114
Merzenhausen,2022-09-27 05:00:00,42,val,0.311,0.28625384
Merzenhausen,2022-09-27 06:00:00,42,val,0.311,0.28392053
Merzenhausen,2022-09-27 07:00:00,42,val,0.3135,0.28222924
Merzenhausen,2022-09-27 08:00:00,42,val,0.3185,0.28132388
Merzenhausen,2022-09-27 09:00:00,42,val,0.312,0.2810896
Merzenhausen,2022-09-27 10:00:00,42,val,0.312,0.28134817
Merzenhausen,2022-09-27 11:00:00,42,val,0.312,0.28272682
Merzenhausen,2022-09-27 12:00:00,42,val,0.312,0.284392
Merzenhausen,2022-09-27 13:00:00,42,val,0.312,0.28510788
Merzenhausen,2022-09-27 14:00:00,42,val,0.312,0.2851929
Merzenhausen,2022-09-27 15:00:00,42,val,0.312,0.28826466
Merzenhausen,2022-09-27 16:00:00,42,val,0.312,0.28841966
Merzenhausen,2022-09-27 17:00:00,42,val,0.3185,0.28772983
Merzenhausen,2022-09-27 18:00:00,42,val,0.312,0.2890705
Merzenhausen,2022-09-27 19:00:00,42,val,0.309,0.28829443
Merzenhausen,2022-09-27 20:00:00,42,val,0.31,0.28874022
Merzenhausen,2022-09-27 21:00:00,42,val,0.31,0.30125278
Merzenhausen,2022-09-27 22:00:00,42,val,0.3155,0.3005709
Merzenhausen,2022-09-27 23:00:00,42,val,0.312,0.3001568
Merzenhausen,2022-09-28 00:00:00,42,val,0.309,0.2974615
Merzenhausen,2022-09-28 01:00:00,42,val,0.309,0.29536444
Merzenhausen,2022-09-28 02:00:00,42,val,0.31,0.292831
Merzenhausen,2022-09-28 03:00:00,42,val,0.31,0.29067433
Merzenhausen,2022-09-28 04:00:00,42,val,0.307,0.28902102
Merzenhausen,2022-09-28 05:00:00,42,val,0.307,0.28790003
Merzenhausen,2022-09-28 06:00:00,42,val,0.307,0.28740048
Merzenhausen,2022-09-28 07:00:00,42,val,0.308,0.28746867
Merzenhausen,2022-09-28 08:00:00,42,val,0.305,0.28801015
Merzenhausen,2022-09-28 09:00:00,42,val,0.305,0.2889011
Merzenhausen,2022-09-28 10:00:00,42,val,0.307,0.29002526
Merzenhausen,2022-09-28 11:00:00,42,val,0.305,0.2911751
Merzenhausen,2022-09-28 12:00:00,42,val,0.305,0.29220432
Merzenhausen,2022-09-28 13:00:00,42,val,0.306,0.292876
Merzenhausen,2022-09-28 14:00:00,42,val,0.305,0.29410943
Merzenhausen,2022-09-28 15:00:00,42,val,0.305,0.29440925
Merzenhausen,2022-09-28 16:00:00,42,val,0.305,0.29997453
Merzenhausen,2022-09-28 17:00:00,42,val,0.305,0.30055228
Merzenhausen,2022-09-28 18:00:00,42,val,0.305,0.29986846
Merzenhausen,2022-09-28 19:00:00,42,val,0.305,0.29840913
Merzenhausen,2022-09-28 20:00:00,42,val,0.303,0.2966949
Merzenhausen,2022-09-28 21:00:00,42,val,0.305,0.3030426
Merzenhausen,2022-09-28 22:00:00,42,val,0.305,0.3023618
Merzenhausen,2022-09-28 23:00:00,42,val,0.307,0.3010942
Merzenhausen,2022-09-29 00:00:00,42,val,0.305,0.29910678
Merzenhausen,2022-09-29 01:00:00,42,val,0.305,0.29677695
Merzenhausen,2022-09-29 02:00:00,42,val,0.305,0.2945625
Merzenhausen,2022-09-29 03:00:00,42,val,0.305,0.29243496
Merzenhausen,2022-09-29 04:00:00,42,val,0.3005,0.29126304
Merzenhausen,2022-09-29 05:00:00,42,val,0.3015,0.28987402
Merzenhausen,2022-09-29 06:00:00,42,val,0.3,0.28887233
Merzenhausen,2022-09-29 07:00:00,42,val,0.333,0.28855214
Merzenhausen,2022-09-29 08:00:00,42,val,0.3225,0.28900012
Merzenhausen,2022-09-29 09:00:00,42,val,0.333,0.28992707
Merzenhausen,2022-09-29 10:00:00,42,val,0.314,0.29103863
Merzenhausen,2022-09-29 11:00:00,42,val,0.314,0.29211634
Merzenhausen,2022-09-29 12:00:00,42,val,0.333,0.29307187
Merzenhausen,2022-09-29 13:00:00,42,val,0.316,0.29373434
Merzenhausen,2022-09-29 14:00:00,42,val,0.3185,0.29410142
Merzenhausen,2022-09-29 15:00:00,42,val,0.317,0.29406703
Merzenhausen,2022-09-29 16:00:00,42,val,0.317,0.29370123
Merzenhausen,2022-09-29 17:00:00,42,val,0.317,0.29346853
Merzenhausen,2022-09-29 18:00:00,42,val,0.314,0.2932273
Merzenhausen,2022-09-29 19:00:00,42,val,0.314,0.2928818
Merzenhausen,2022-09-29 20:00:00,42,val,0.314,0.29246396
Merzenhausen,2022-09-29 21:00:00,42,val,0.314,0.29197478
Merzenhausen,2022-09-29 22:00:00,42,val,0.314,0.2915734
Merzenhausen,2022-09-29 23:00:00,42,val,0.315,0.291017
Merzenhausen,2022-09-30 00:00:00,42,val,0.312,0.29019845
Merzenhausen,2022-09-30 01:00:00,42,val,0.312,0.28914988
Merzenhausen,2022-09-30 02:00:00,42,val,0.312,0.28798974
Merzenhausen,2022-09-30 03:00:00,42,val,0.314,0.28683108
Merzenhausen,2022-09-30 04:00:00,42,val,0.313,0.2857259
Merzenhausen,2022-09-30 05:00:00,42,val,0.319,0.284795
Merzenhausen,2022-09-30 06:00:00,42,val,0.313,0.28496847
Merzenhausen,2022-09-30 07:00:00,42,val,0.314,0.28519547
Merzenhausen,2022-09-30 08:00:00,42,val,0.312,0.2858429
Merzenhausen,2022-09-30 09:00:00,42,val,0.315,0.28680182
Merzenhausen,2022-09-30 10:00:00,42,val,0.315,0.28795505
Merzenhausen,2022-09-30 11:00:00,42,val,0.314,0.2890461
Merzenhausen,2022-09-30 12:00:00,42,val,0.317,0.2899367
Merzenhausen,2022-09-30 13:00:00,42,val,0.317,0.29057634
Merzenhausen,2022-09-30 14:00:00,42,val,0.315,0.29085287
Merzenhausen,2022-09-30 15:00:00,42,val,0.315,0.29071787
Merzenhausen,2022-09-30 16:00:00,42,val,0.315,0.2903198
Merzenhausen,2022-09-30 17:00:00,42,val,0.315,0.2898578
Merzenhausen,2022-09-30 18:00:00,42,val,0.315,0.28946674
Merzenhausen,2022-09-30 19:00:00,42,val,0.315,0.2891042
Merzenhausen,2022-09-30 20:00:00,42,val,0.315,0.2886636
Merzenhausen,2022-09-30 21:00:00,42,val,0.315,0.28823695
Merzenhausen,2022-09-30 22:00:00,42,val,0.314,0.28788576
Merzenhausen,2022-09-30 23:00:00,42,val,0.314,0.28763047
Merzenhausen,2022-10-01 00:00:00,42,val,0.315,0.28738326
Merzenhausen,2022-10-01 01:00:00,42,val,0.313,0.29162508
Merzenhausen,2022-10-01 02:00:00,42,val,0.313,0.2946024
Merzenhausen,2022-10-01 03:00:00,42,val,0.314,0.30204904
Merzenhausen,2022-10-01 04:00:00,42,val,0.312,0.30723315
Merzenhausen,2022-10-01 05:00:00,42,val,0.312,0.30714512
Merzenhausen,2022-10-01 06:00:00,42,val,0.312,0.30507255
Merzenhausen,2022-10-01 07:00:00,42,val,0.31,0.30351275
Merzenhausen,2022-10-01 08:00:00,42,val,0.31,0.30254078
Merzenhausen,2022-10-01 09:00:00,42,val,0.31,0.30255753
Merzenhausen,2022-10-01 10:00:00,42,val,0.31,0.30268523
Merzenhausen,2022-10-01 11:00:00,42,val,0.312,0.30278075
Merzenhausen,2022-10-01 12:00:00,42,val,0.309,0.30337512
Merzenhausen,2022-10-01 13:00:00,42,val,0.309,0.3037539
Merzenhausen,2022-10-01 14:00:00,42,val,0.31,0.30372804
Merzenhausen,2022-10-01 15:00:00,42,val,0.31,0.30325696
Merzenhausen,2022-10-01 16:00:00,42,val,0.31,0.30256078
Merzenhausen,2022-10-01 17:00:00,42,val,0.31,0.30170208
Merzenhausen,2022-10-01 18:00:00,42,val,0.31,0.30069476
Merzenhausen,2022-10-01 19:00:00,42,val,0.312,0.29953408
Merzenhausen,2022-10-01 20:00:00,42,val,0.312,0.29835957
Merzenhausen,2022-10-01 21:00:00,42,val,0.31,0.29722282
Merzenhausen,2022-10-01 22:00:00,42,val,0.31,0.2961583
Merzenhausen,2022-10-01 23:00:00,42,val,0.31,0.2952573
Merzenhausen,2022-10-02 00:00:00,42,val,0.311,0.29447833
Merzenhausen,2022-10-02 01:00:00,42,val,0.309,0.2937851
Merzenhausen,2022-10-02 02:00:00,42,val,0.305,0.29316804
Merzenhausen,2022-10-02 03:00:00,42,val,0.309,0.2927744
Merzenhausen,2022-10-02 04:00:00,42,val,0.309,0.29930538
Merzenhausen,2022-10-02 05:00:00,42,val,0.311,0.30204645
Merzenhausen,2022-10-02 06:00:00,42,val,0.313,0.3048105
Merzenhausen,2022-10-02 07:00:00,42,val,0.311,0.30617172
Merzenhausen,2022-10-02 08:00:00,42,val,0.313,0.30768046
Merzenhausen,2022-10-02 09:00:00,42,val,0.311,0.3086353
Merzenhausen,2022-10-02 10:00:00,42,val,0.306,0.30870712
Merzenhausen,2022-10-02 11:00:00,42,val,0.308,0.30842572
Merzenhausen,2022-10-02 12:00:00,42,val,0.305,0.30800515
Merzenhausen,2022-10-02 13:00:00,42,val,0.302,0.3075021
Merzenhausen,2022-10-02 14:00:00,42,val,0.301,0.3068424
Merzenhausen,2022-10-02 15:00:00,42,val,0.302,0.30586815
Merzenhausen,2022-10-02 16:00:00,42,val,0.304,0.3045904
Merzenhausen,2022-10-02 17:00:00,42,val,0.304,0.3031957
Merzenhausen,2022-10-02 18:00:00,42,val,0.3,0.30176163
Merzenhausen,2022-10-02 19:00:00,42,val,0.3,0.30030543
Merzenhausen,2022-10-02 20:00:00,42,val,0.299,0.29897872
Merzenhausen,2022-10-02 21:00:00,42,val,0.301,0.29776356
Merzenhausen,2022-10-02 22:00:00,42,val,0.299,0.2966867
Merzenhausen,2022-10-02 23:00:00,42,val,0.297,0.2956388
Merzenhausen,2022-10-03 00:00:00,42,val,0.296,0.29463643
Merzenhausen,2022-10-03 01:00:00,42,val,0.297,0.2936036
Merzenhausen,2022-10-03 02:00:00,42,val,0.303,0.2925166
Merzenhausen,2022-10-03 03:00:00,42,val,0.302,0.2915676
Merzenhausen,2022-10-03 04:00:00,42,val,0.303,0.29081616
Merzenhausen,2022-10-03 05:00:00,42,val,0.306,0.29036057
Merzenhausen,2022-10-03 06:00:00,42,val,0.306,0.29024708
Merzenhausen,2022-10-03 07:00:00,42,val,0.306,0.29047605
Merzenhausen,2022-10-03 08:00:00,42,val,0.306,0.29109696
Merzenhausen,2022-10-03 09:00:00,42,val,0.305,0.291992
Merzenhausen,2022-10-03 10:00:00,42,val,0.305,0.2929821
Merzenhausen,2022-10-03 11:00:00,42,val,0.306,0.29402667
Merzenhausen,2022-10-03 12:00:00,42,val,0.306,0.29491362
Merzenhausen,2022-10-03 13:00:00,42,val,0.306,0.29551524
Merzenhausen,2022-10-03 14:00:00,42,val,0.307,0.2958488
Merzenhausen,2022-10-03 15:00:00,42,val,0.309,0.29591882
Merzenhausen,2022-10-03 16:00:00,42,val,0.308,0.295767
Merzenhausen,2022-10-03 17:00:00,42,val,0.309,0.29549634
Merzenhausen,2022-10-03 18:00:00,42,val,0.308,0.295161
Merzenhausen,2022-10-03 19:00:00,42,val,0.2975,0.2948655
Merzenhausen,2022-10-03 20:00:00,42,val,0.305,0.2945262
Merzenhausen,2022-10-03 21:00:00,42,val,0.304,0.29408717
Merzenhausen,2022-10-03 22:00:00,42,val,0.306,0.29352856
Merzenhausen,2022-10-03 23:00:00,42,val,0.304,0.29284054
Merzenhausen,2022-10-04 00:00:00,42,val,0.303,0.29211333
Merzenhausen,2022-10-04 01:00:00,42,val,0.298,0.2912544
Merzenhausen,2022-10-04 02:00:00,42,val,0.304,0.2901783
Merzenhausen,2022-10-04 03:00:00,42,val,0.3,0.28916496
Merzenhausen,2022-10-04 04:00:00,42,val,0.303,0.2883228
Merzenhausen,2022-10-04 05:00:00,42,val,0.3,0.28784975
Merzenhausen,2022-10-04 06:00:00,42,val,0.3,0.28784776
Merzenhausen,2022-10-04 07:00:00,42,val,0.3,0.28827846
Merzenhausen,2022-10-04 08:00:00,42,val,0.298,0.28922775
Merzenhausen,2022-10-04 09:00:00,42,val,0.298,0.29052168
Merzenhausen,2022-10-04 10:00:00,42,val,0.296,0.29172653
Merzenhausen,2022-10-04 11:00:00,42,val,0.296,0.2927372
Merzenhausen,2022-10-04 12:00:00,42,val,0.296,0.2933895
Merzenhausen,2022-10-04 13:00:00,42,val,0.294,0.29347366
Merzenhausen,2022-10-04 14:00:00,42,val,0.294,0.29315272
Merzenhausen,2022-10-04 15:00:00,42,val,0.296,0.2925041
Merzenhausen,2022-10-04 16:00:00,42,val,0.296,0.29178235
Merzenhausen,2022-10-04 17:00:00,42,val,0.294,0.29118308
Merzenhausen,2022-10-04 18:00:00,42,val,0.293,0.2906072
Merzenhausen,2022-10-04 19:00:00,42,val,0.291,0.2900412
Merzenhausen,2022-10-04 20:00:00,42,val,0.291,0.28938073
Merzenhausen,2022-10-04 21:00:00,42,val,0.292,0.28882766
Merzenhausen,2022-10-04 22:00:00,42,val,0.292,0.2882196
Merzenhausen,2022-10-04 23:00:00,42,val,0.292,0.28751183
Merzenhausen,2022-10-05 00:00:00,42,val,0.295,0.2866766
Merzenhausen,2022-10-05 01:00:00,42,val,0.296,0.2858822
Merzenhausen,2022-10-05 02:00:00,42,val,0.294,0.28534746
Merzenhausen,2022-10-05 03:00:00,42,val,0.294,0.28502586
Merzenhausen,2022-10-05 04:00:00,42,val,0.294,0.28495193
Merzenhausen,2022-10-05 05:00:00,42,val,0.294,0.28520972
Merzenhausen,2022-10-05 06:00:00,42,val,0.297,0.28584582
Merzenhausen,2022-10-05 07:00:00,42,val,0.296,0.28680515
Merzenhausen,2022-10-05 08:00:00,42,val,0.296,0.2880528
Merzenhausen,2022-10-05 09:00:00,42,val,0.297,0.2894816
Merzenhausen,2022-10-05 10:00:00,42,val,0.297,0.29091713
Merzenhausen,2022-10-05 11:00:00,42,val,0.296,0.29227498
Merzenhausen,2022-10-05 12:00:00,42,val,0.296,0.293422
Merzenhausen,2022-10-05 13:00:00,42,val,0.294,0.29426035
Merzenhausen,2022-10-05 14:00:00,42,val,0.294,0.29480362
Merzenhausen,2022-10-05 15:00:00,42,val,0.296,0.29498988
Merzenhausen,2022-10-05 16:00:00,42,val,0.296,0.29502383
Merzenhausen,2022-10-05 17:00:00,42,val,0.294,0.2950189
Merzenhausen,2022-10-05 18:00:00,42,val,0.294,0.29473996
Merzenhausen,2022-10-05 19:00:00,42,val,0.291,0.29393446
Merzenhausen,2022-10-05 20:00:00,42,val,0.294,0.29311627
Merzenhausen,2022-10-05 21:00:00,42,val,0.285,0.29244122
Merzenhausen,2022-10-05 22:00:00,42,val,0.291,0.29287416
Merzenhausen,2022-10-05 23:00:00,42,val,0.292,0.29374003
Merzenhausen,2022-10-06 00:00:00,42,val,0.293,0.2939993
Merzenhausen,2022-10-06 01:00:00,42,val,0.294,0.29366532
Merzenhausen,2022-10-06 02:00:00,42,val,0.291,0.29322934
Merzenhausen,2022-10-06 03:00:00,42,val,0.284,0.2933442
Merzenhausen,2022-10-06 04:00:00,42,val,0.284,0.29308778
Merzenhausen,2022-10-06 05:00:00,42,val,0.292,0.29264113
Merzenhausen,2022-10-06 06:00:00,42,val,0.291,0.2922774
Merzenhausen,2022-10-06 07:00:00,42,val,0.291,0.2921918
Merzenhausen,2022-10-06 08:00:00,42,val,0.291,0.2923543
Merzenhausen,2022-10-06 09:00:00,42,val,0.291,0.29267117
Merzenhausen,2022-10-06 10:00:00,42,val,0.294,0.29304406
Merzenhausen,2022-10-06 11:00:00,42,val,0.292,0.29337603
Merzenhausen,2022-10-06 12:00:00,42,val,0.292,0.2936011
Merzenhausen,2022-10-06 13:00:00,42,val,0.292,0.29358065
Merzenhausen,2022-10-06 14:00:00,42,val,0.294,0.29319847
Merzenhausen,2022-10-06 15:00:00,42,val,0.291,0.29258433
Merzenhausen,2022-10-06 16:00:00,42,val,0.292,0.29179555
Merzenhausen,2022-10-06 17:00:00,42,val,0.289,0.29090774
Merzenhausen,2022-10-06 18:00:00,42,val,0.289,0.28991556
Merzenhausen,2022-10-06 19:00:00,42,val,0.288,0.28875872
Merzenhausen,2022-10-06 20:00:00,42,val,0.289,0.2873997
Merzenhausen,2022-10-06 21:00:00,42,val,0.287,0.28602594
Merzenhausen,2022-10-06 22:00:00,42,val,0.289,0.28459954
Merzenhausen,2022-10-06 23:00:00,42,val,0.289,0.2831631
Merzenhausen,2022-10-07 00:00:00,42,val,0.287,0.28184628
Merzenhausen,2022-10-07 01:00:00,42,val,0.287,0.28059557
Merzenhausen,2022-10-07 02:00:00,42,val,0.288,0.27941573
Merzenhausen,2022-10-07 03:00:00,42,val,0.287,0.27830786
Merzenhausen,2022-10-07 04:00:00,42,val,0.284,0.27743638
Merzenhausen,2022-10-07 05:00:00,42,val,0.285,0.27685928
Merzenhausen,2022-10-07 06:00:00,42,val,0.285,0.27681345
Merzenhausen,2022-10-07 07:00:00,42,val,0.282,0.27739978
Merzenhausen,2022-10-07 08:00:00,42,val,0.285,0.27860653
Merzenhausen,2022-10-07 09:00:00,42,val,0.285,0.28012487
Merzenhausen,2022-10-07 10:00:00,42,val,0.284,0.2817187
Merzenhausen,2022-10-07 11:00:00,42,val,0.284,0.28317162
Merzenhausen,2022-10-07 12:00:00,42,val,0.285,0.2844112
Merzenhausen,2022-10-07 13:00:00,42,val,0.285,0.28522623
Merzenhausen,2022-10-07 14:00:00,42,val,0.285,0.28567758
Merzenhausen,2022-10-07 15:00:00,42,val,0.285,0.28584433
Merzenhausen,2022-10-07 16:00:00,42,val,0.284,0.28580433
Merzenhausen,2022-10-07 17:00:00,42,val,0.284,0.28568637
Merzenhausen,2022-10-07 18:00:00,42,val,0.284,0.2855335
Merzenhausen,2022-10-07 19:00:00,42,val,0.282,0.28520995
Merzenhausen,2022-10-07 20:00:00,42,val,0.282,0.28472018
Merzenhausen,2022-10-07 21:00:00,42,val,0.284,0.28381294
Merzenhausen,2022-10-07 22:00:00,42,val,0.282,0.28289208
Merzenhausen,2022-10-07 23:00:00,42,val,0.282,0.28197807
Merzenhausen,2022-10-08 00:00:00,42,val,0.282,0.28111947
Merzenhausen,2022-10-08 01:00:00,42,val,0.28,0.2803447
Merzenhausen,2022-10-08 02:00:00,42,val,0.28,0.27954364
Merzenhausen,2022-10-08 03:00:00,42,val,0.282,0.27859586
Merzenhausen,2022-10-08 04:00:00,42,val,0.28,0.2776413
Merzenhausen,2022-10-08 05:00:00,42,val,0.28,0.278733
Merzenhausen,2022-10-08 06:00:00,42,val,0.28,0.27922457
Merzenhausen,2022-10-08 07:00:00,42,val,0.278,0.2797392
Merzenhausen,2022-10-08 08:00:00,42,val,0.278,0.28047782
Merzenhausen,2022-10-08 09:00:00,42,val,0.28,0.2814038
Merzenhausen,2022-10-08 10:00:00,42,val,0.28,0.28259
Merzenhausen,2022-10-08 11:00:00,42,val,0.282,0.28374937
Merzenhausen,2022-10-08 12:00:00,42,val,0.28,0.2847939
Merzenhausen,2022-10-08 13:00:00,42,val,0.279,0.28566784
Merzenhausen,2022-10-08 14:00:00,42,val,0.279,0.28637928
Merzenhausen,2022-10-08 15:00:00,42,val,0.279,0.2865509
Merzenhausen,2022-10-08 16:00:00,42,val,0.279,0.28640294
Merzenhausen,2022-10-08 17:00:00,42,val,0.279,0.28603154
Merzenhausen,2022-10-08 18:00:00,42,val,0.28,0.28543264
Merzenhausen,2022-10-08 19:00:00,42,val,0.28,0.28466865
Merzenhausen,2022-10-08 20:00:00,42,val,0.277,0.28378123
Merzenhausen,2022-10-08 21:00:00,42,val,0.279,0.28275007
Merzenhausen,2022-10-08 22:00:00,42,val,0.28,0.28169307
Merzenhausen,2022-10-08 23:00:00,42,val,0.278,0.28057253
Merzenhausen,2022-10-09 00:00:00,42,val,0.275,0.27925467
Merzenhausen,2022-10-09 01:00:00,42,val,0.278,0.27776432
Merzenhausen,2022-10-09 02:00:00,42,val,0.275,0.2762255
Merzenhausen,2022-10-09 03:00:00,42,val,0.275,0.27466398
Merzenhausen,2022-10-09 04:00:00,42,val,0.278,0.27327588
Merzenhausen,2022-10-09 05:00:00,42,val,0.275,0.27219847
Merzenhausen,2022-10-09 06:00:00,42,val,0.276,0.2714449
Merzenhausen,2022-10-09 07:00:00,42,val,0.273,0.2712753
Merzenhausen,2022-10-09 08:00:00,42,val,0.273,0.27190587
Merzenhausen,2022-10-09 09:00:00,42,val,0.276,0.27304843
Merzenhausen,2022-10-09 10:00:00,42,val,0.275,0.2744249
Merzenhausen,2022-10-09 11:00:00,42,val,0.275,0.27579835
Merzenhausen,2022-10-09 12:00:00,42,val,0.274,0.2769455
Merzenhausen,2022-10-09 13:00:00,42,val,0.275,0.27772656
Merzenhausen,2022-10-09 14:00:00,42,val,0.277,0.27816886
Merzenhausen,2022-10-09 15:00:00,42,val,0.274,0.27818686
Merzenhausen,2022-10-09 16:00:00,42,val,0.274,0.27796036
Merzenhausen,2022-10-09 17:00:00,42,val,0.275,0.27765685
Merzenhausen,2022-10-09 18:00:00,42,val,0.275,0.27737594
Merzenhausen,2022-10-09 19:00:00,42,val,0.275,0.2770484
Merzenhausen,2022-10-09 20:00:00,42,val,0.273,0.27665806
Merzenhausen,2022-10-09 21:00:00,42,val,0.273,0.27637297
Merzenhausen,2022-10-09 22:00:00,42,val,0.277,0.27599615
Merzenhausen,2022-10-09 23:00:00,42,val,0.273,0.27548042
Merzenhausen,2022-10-10 00:00:00,42,val,0.275,0.2748509
Merzenhausen,2022-10-10 01:00:00,42,val,0.274,0.27398607
Merzenhausen,2022-10-10 02:00:00,42,val,0.273,0.27296966
Merzenhausen,2022-10-10 03:00:00,42,val,0.273,0.27196166
Merzenhausen,2022-10-10 04:00:00,42,val,0.273,0.27099556
Merzenhausen,2022-10-10 05:00:00,42,val,0.276,0.27025998
Merzenhausen,2022-10-10 06:00:00,42,val,0.273,0.2699067
Merzenhausen,2022-10-10 07:00:00,42,val,0.269,0.27010027
Merzenhausen,2022-10-10 08:00:00,42,val,0.269,0.2706884
Merzenhausen,2022-10-10 09:00:00,42,val,0.269,0.27164817
Merzenhausen,2022-10-10 10:00:00,42,val,0.269,0.2725795
Merzenhausen,2022-10-10 11:00:00,42,val,0.268,0.27343482
Merzenhausen,2022-10-10 12:00:00,42,val,0.271,0.27410308
Merzenhausen,2022-10-10 13:00:00,42,val,0.27,0.2744344
Merzenhausen,2022-10-10 14:00:00,42,val,0.27,0.27460176
Merzenhausen,2022-10-10 15:00:00,42,val,0.272,0.27461785
Merzenhausen,2022-10-10 16:00:00,42,val,0.269,0.27440894
Merzenhausen,2022-10-10 17:00:00,42,val,0.27,0.274031
Merzenhausen,2022-10-10 18:00:00,42,val,0.27,0.27360848
Merzenhausen,2022-10-10 19:00:00,42,val,0.271,0.27323252
Merzenhausen,2022-10-10 20:00:00,42,val,0.268,0.27274597
Merzenhausen,2022-10-10 21:00:00,42,val,0.268,0.27237254
Merzenhausen,2022-10-10 22:00:00,42,val,0.268,0.2721293
Merzenhausen,2022-10-10 23:00:00,42,val,0.271,0.2717527
Merzenhausen,2022-10-11 00:00:00,42,val,0.271,0.2711799
Merzenhausen,2022-10-11 01:00:00,42,val,0.266,0.2704169
Merzenhausen,2022-10-11 02:00:00,42,val,0.266,0.26934075
Merzenhausen,2022-10-11 03:00:00,42,val,0.268,0.2682009
Merzenhausen,2022-10-11 04:00:00,42,val,0.269,0.26721156
Merzenhausen,2022-10-11 05:00:00,42,val,0.269,0.26636812
Merzenhausen,2022-10-11 06:00:00,42,val,0.269,0.2659685
Merzenhausen,2022-10-11 07:00:00,42,val,0.269,0.26681215
Merzenhausen,2022-10-11 08:00:00,42,val,0.269,0.26768562
Merzenhausen,2022-10-11 09:00:00,42,val,0.268,0.2688132
Merzenhausen,2022-10-11 10:00:00,42,val,0.268,0.2700104
Merzenhausen,2022-10-11 11:00:00,42,val,0.268,0.27112004
Merzenhausen,2022-10-11 12:00:00,42,val,0.266,0.2719172
Merzenhausen,2022-10-11 13:00:00,42,val,0.266,0.27250502
Merzenhausen,2022-10-11 14:00:00,42,val,0.268,0.27289307
Merzenhausen,2022-10-11 15:00:00,42,val,0.268,0.2728671
Merzenhausen,2022-10-11 16:00:00,42,val,0.268,0.2725227
Merzenhausen,2022-10-11 17:00:00,42,val,0.268,0.27211946
Merzenhausen,2022-10-11 18:00:00,42,val,0.268,0.27190435
Merzenhausen,2022-10-11 19:00:00,42,val,0.268,0.27174354
Merzenhausen,2022-10-11 20:00:00,42,val,0.268,0.2715103
Merzenhausen,2022-10-11 21:00:00,42,val,0.268,0.27119303
Merzenhausen,2022-10-11 22:00:00,42,val,0.268,0.2708853
Merzenhausen,2022-10-11 23:00:00,42,val,0.268,0.27032796
Merzenhausen,2022-10-12 00:00:00,42,val,0.268,0.2695947
Merzenhausen,2022-10-12 01:00:00,42,val,0.268,0.2685815
Merzenhausen,2022-10-12 02:00:00,42,val,0.265,0.26739764
Merzenhausen,2022-10-12 03:00:00,42,val,0.268,0.26618895
Merzenhausen,2022-10-12 04:00:00,42,val,0.268,0.26508707
Merzenhausen,2022-10-12 05:00:00,42,val,0.266,0.2642867
Merzenhausen,2022-10-12 06:00:00,42,val,0.268,0.26390466
Merzenhausen,2022-10-12 07:00:00,42,val,0.265,0.26386747
Merzenhausen,2022-10-12 08:00:00,42,val,0.268,0.26431474
Merzenhausen,2022-10-12 09:00:00,42,val,0.256,0.26515567
Merzenhausen,2022-10-12 10:00:00,42,val,0.268,0.26619217
Merzenhausen,2022-10-12 11:00:00,42,val,0.267,0.26711446
Merzenhausen,2022-10-12 12:00:00,42,val,0.268,0.26791295
Merzenhausen,2022-10-12 13:00:00,42,val,0.262,0.26838344
Merzenhausen,2022-10-12 14:00:00,42,val,0.27,0.26853704
Merzenhausen,2022-10-12 15:00:00,42,val,0.27,0.26837596
Merzenhausen,2022-10-12 16:00:00,42,val,0.269,0.26805174
Merzenhausen,2022-10-12 17:00:00,42,val,0.27,0.26771334
Merzenhausen,2022-10-12 18:00:00,42,val,0.27,0.2674525
Merzenhausen,2022-10-12 19:00:00,42,val,0.267,0.26734516
Merzenhausen,2022-10-12 20:00:00,42,val,0.267,0.26711085
Merzenhausen,2022-10-12 21:00:00,42,val,0.267,0.2667152
Merzenhausen,2022-10-12 22:00:00,42,val,0.268,0.26624447
Merzenhausen,2022-10-12 23:00:00,42,val,0.268,0.26585463
Merzenhausen,2022-10-13 00:00:00,42,val,0.268,0.2655404
Merzenhausen,2022-10-13 01:00:00,42,val,0.268,0.26499167
Merzenhausen,2022-10-13 02:00:00,42,val,0.268,0.2643029
Merzenhausen,2022-10-13 03:00:00,42,val,0.268,0.26366046
Merzenhausen,2022-10-13 04:00:00,42,val,0.268,0.26318622
Merzenhausen,2022-10-13 05:00:00,42,val,0.268,0.2629447
Merzenhausen,2022-10-13 06:00:00,42,val,0.265,0.26299316
Merzenhausen,2022-10-13 07:00:00,42,val,0.265,0.2633749
Merzenhausen,2022-10-13 08:00:00,42,val,0.265,0.2640537
Merzenhausen,2022-10-13 09:00:00,42,val,0.265,0.26483902
Merzenhausen,2022-10-13 10:00:00,42,val,0.268,0.26570326
Merzenhausen,2022-10-13 11:00:00,42,val,0.267,0.2666067
Merzenhausen,2022-10-13 12:00:00,42,val,0.267,0.26832014
Merzenhausen,2022-10-13 13:00:00,42,val,0.269,0.2701978
Merzenhausen,2022-10-13 14:00:00,42,val,0.269,0.27489287
Merzenhausen,2022-10-13 15:00:00,42,val,0.257,0.27654305
Merzenhausen,2022-10-13 16:00:00,42,val,0.272,0.27642173
Merzenhausen,2022-10-13 17:00:00,42,val,0.263,0.27515638
Merzenhausen,2022-10-13 18:00:00,42,val,0.2625,0.27318603
Merzenhausen,2022-10-13 19:00:00,42,val,0.278,0.27095917
Merzenhausen,2022-10-13 20:00:00,42,val,0.264,0.26873565
Merzenhausen,2022-10-13 21:00:00,42,val,0.277,0.26674697
Merzenhausen,2022-10-13 22:00:00,42,val,0.2625,0.26515472
Merzenhausen,2022-10-13 23:00:00,42,val,0.277,0.26395667
Merzenhausen,2022-10-14 00:00:00,42,val,0.277,0.2631044
Merzenhausen,2022-10-14 01:00:00,42,val,0.278,0.26250994
Merzenhausen,2022-10-14 02:00:00,42,val,0.278,0.2619896
Merzenhausen,2022-10-14 03:00:00,42,val,0.278,0.26166287
Merzenhausen,2022-10-14 04:00:00,42,val,0.278,0.2615107
Merzenhausen,2022-10-14 05:00:00,42,val,0.278,0.2614771
Merzenhausen,2022-10-14 06:00:00,42,val,0.277,0.261766
Merzenhausen,2022-10-14 07:00:00,42,val,0.277,0.26212355
Merzenhausen,2022-10-14 08:00:00,42,val,0.277,0.2628031
Merzenhausen,2022-10-14 09:00:00,42,val,0.277,0.2630574
Merzenhausen,2022-10-14 10:00:00,42,val,0.278,0.26373348
Merzenhausen,2022-10-14 11:00:00,42,val,0.278,0.26465023
Merzenhausen,2022-10-14 12:00:00,42,val,0.278,0.26665947
Merzenhausen,2022-10-14 13:00:00,42,val,0.278,0.26872915
Merzenhausen,2022-10-14 14:00:00,42,val,0.275,0.26982546
Merzenhausen,2022-10-14 15:00:00,42,val,0.275,0.27014557
Merzenhausen,2022-10-14 16:00:00,42,val,0.262,0.26972967
Merzenhausen,2022-10-14 17:00:00,42,val,0.278,0.26887834
Merzenhausen,2022-10-14 18:00:00,42,val,0.277,0.2677732
Merzenhausen,2022-10-14 19:00:00,42,val,0.278,0.26643103
Merzenhausen,2022-10-14 20:00:00,42,val,0.277,0.26510313
Merzenhausen,2022-10-14 21:00:00,42,val,0.278,0.26393026
Merzenhausen,2022-10-14 22:00:00,42,val,0.278,0.2630478
Merzenhausen,2022-10-14 23:00:00,42,val,0.275,0.26242015
Merzenhausen,2022-10-15 00:00:00,42,val,0.275,0.2621099
Merzenhausen,2022-10-15 01:00:00,42,val,0.277,0.2618657
Merzenhausen,2022-10-15 02:00:00,42,val,0.275,0.26177514
Merzenhausen,2022-10-15 03:00:00,42,val,0.275,0.2617306
Merzenhausen,2022-10-15 04:00:00,42,val,0.276,0.26176512
Merzenhausen,2022-10-15 05:00:00,42,val,0.275,0.26189828
Merzenhausen,2022-10-15 06:00:00,42,val,0.276,0.26203027
Merzenhausen,2022-10-15 07:00:00,42,val,0.275,0.26235783
Merzenhausen,2022-10-15 08:00:00,42,val,0.276,0.26288468
Merzenhausen,2022-10-15 09:00:00,42,val,0.277,0.263566
Merzenhausen,2022-10-15 10:00:00,42,val,0.277,0.26536053
Merzenhausen,2022-10-15 11:00:00,42,val,0.277,0.26660386
Merzenhausen,2022-10-15 12:00:00,42,val,0.275,0.26747715
Merzenhausen,2022-10-15 13:00:00,42,val,0.2765,0.26807514
Merzenhausen,2022-10-15 14:00:00,42,val,0.275,0.26833925
Merzenhausen,2022-10-15 15:00:00,42,val,0.275,0.2856548
Merzenhausen,2022-10-15 16:00:00,42,val,0.277,0.28944653
Merzenhausen,2022-10-15 17:00:00,42,val,0.275,0.28918168
Merzenhausen,2022-10-15 18:00:00,42,val,0.277,0.28650022
Merzenhausen,2022-10-15 19:00:00,42,val,0.277,0.2833032
Merzenhausen,2022-10-15 20:00:00,42,val,0.277,0.28033027
Merzenhausen,2022-10-15 21:00:00,42,val,0.275,0.27744973
Merzenhausen,2022-10-15 22:00:00,42,val,0.277,0.2743311
Merzenhausen,2022-10-15 23:00:00,42,val,0.277,0.2720423
Merzenhausen,2022-10-16 00:00:00,42,val,0.274,0.27055144
Merzenhausen,2022-10-16 01:00:00,42,val,0.277,0.26970053
Merzenhausen,2022-10-16 02:00:00,42,val,0.277,0.2693248
Merzenhausen,2022-10-16 03:00:00,42,val,0.277,0.26920196
Merzenhausen,2022-10-16 04:00:00,42,val,0.277,0.26929098
Merzenhausen,2022-10-16 05:00:00,42,val,0.281,0.26958805
Merzenhausen,2022-10-16 06:00:00,42,val,0.283,0.27001947
Merzenhausen,2022-10-16 07:00:00,42,val,0.285,0.27075064
Merzenhausen,2022-10-16 08:00:00,42,val,0.286,0.2717263
Merzenhausen,2022-10-16 09:00:00,42,val,0.287,0.2727809
Merzenhausen,2022-10-16 10:00:00,42,val,0.292,0.2739066
Merzenhausen,2022-10-16 11:00:00,42,val,0.292,0.27496305
Merzenhausen,2022-10-16 12:00:00,42,val,0.292,0.27593556
Merzenhausen,2022-10-16 13:00:00,42,val,0.294,0.27658305
Merzenhausen,2022-10-16 14:00:00,42,val,0.294,0.27671453
Merzenhausen,2022-10-16 15:00:00,42,val,0.297,0.2764668
Merzenhausen,2022-10-16 16:00:00,42,val,0.294,0.27522647
Merzenhausen,2022-10-16 17:00:00,42,val,0.293,0.27412295
Merzenhausen,2022-10-16 18:00:00,42,val,0.295,0.2729782
Merzenhausen,2022-10-16 19:00:00,42,val,0.295,0.27186853
Merzenhausen,2022-10-16 20:00:00,42,val,0.295,0.27090886
Merzenhausen,2022-10-16 21:00:00,42,val,0.295,0.27015647
Merzenhausen,2022-10-16 22:00:00,42,val,0.295,0.2696682
Merzenhausen,2022-10-16 23:00:00,42,val,0.295,0.26929235
Merzenhausen,2022-10-17 00:00:00,42,val,0.293,0.2690362
Merzenhausen,2022-10-17 01:00:00,42,val,0.3065,0.2689281
Merzenhausen,2022-10-17 02:00:00,42,val,0.297,0.26888612
Merzenhausen,2022-10-17 03:00:00,42,val,0.3055,0.26885712
Merzenhausen,2022-10-17 04:00:00,42,val,0.2935,0.26908234
Merzenhausen,2022-10-17 05:00:00,42,val,0.296,0.26942807
Merzenhausen,2022-10-17 06:00:00,42,val,0.296,0.26989692
Merzenhausen,2022-10-17 07:00:00,42,val,0.3035,0.2704987
Merzenhausen,2022-10-17 08:00:00,42,val,0.2905,0.27125332
Merzenhausen,2022-10-17 09:00:00,42,val,0.304,0.27218533
Merzenhausen,2022-10-17 10:00:00,42,val,0.297,0.27330285
Merzenhausen,2022-10-17 11:00:00,42,val,0.304,0.27456874
Merzenhausen,2022-10-17 12:00:00,42,val,0.297,0.2757119
Merzenhausen,2022-10-17 13:00:00,42,val,0.304,0.27675846
Merzenhausen,2022-10-17 14:00:00,42,val,0.297,0.27748716
Merzenhausen,2022-10-17 15:00:00,42,val,0.297,0.27785605
Merzenhausen,2022-10-17 16:00:00,42,val,0.304,0.2848667
Merzenhausen,2022-10-17 17:00:00,42,val,0.297,0.29184055
Merzenhausen,2022-10-17 18:00:00,42,val,0.297,0.29483548
Merzenhausen,2022-10-17 19:00:00,42,val,0.297,0.29720372
Merzenhausen,2022-10-17 20:00:00,42,val,0.297,0.3002956
Merzenhausen,2022-10-17 21:00:00,42,val,0.297,0.30160165
Merzenhausen,2022-10-17 22:00:00,42,val,0.297,0.29989824
Merzenhausen,2022-10-17 23:00:00,42,val,0.297,0.2969286
Merzenhausen,2022-10-18 00:00:00,42,val,0.295,0.2934079
Merzenhausen,2022-10-18 01:00:00,42,val,0.297,0.290655
Merzenhausen,2022-10-18 02:00:00,42,val,0.297,0.29235116
Merzenhausen,2022-10-18 03:00:00,42,val,0.295,0.2991588
Merzenhausen,2022-10-18 04:00:00,42,val,0.295,0.2994931
Merzenhausen,2022-10-18 05:00:00,42,val,0.295,0.2970906
Merzenhausen,2022-10-18 06:00:00,42,val,0.302,0.2940599
Merzenhausen,2022-10-18 07:00:00,42,val,0.295,0.2918577
Merzenhausen,2022-10-18 08:00:00,42,val,0.295,0.2899291
Merzenhausen,2022-10-18 09:00:00,42,val,0.295,0.28864276
Merzenhausen,2022-10-18 10:00:00,42,val,0.295,0.28819442
Merzenhausen,2022-10-18 11:00:00,42,val,0.295,0.28843135
Merzenhausen,2022-10-18 12:00:00,42,val,0.295,0.2890054
Merzenhausen,2022-10-18 13:00:00,42,val,0.295,0.28972492
Merzenhausen,2022-10-18 14:00:00,42,val,0.3015,0.29026228
Merzenhausen,2022-10-18 15:00:00,42,val,0.295,0.2905705
Merzenhausen,2022-10-18 16:00:00,42,val,0.295,0.29036853
Merzenhausen,2022-10-18 17:00:00,42,val,0.295,0.2897282
Merzenhausen,2022-10-18 18:00:00,42,val,0.295,0.288901
Merzenhausen,2022-10-18 19:00:00,42,val,0.295,0.28775448
Merzenhausen,2022-10-18 20:00:00,42,val,0.295,0.2864922
Merzenhausen,2022-10-18 21:00:00,42,val,0.295,0.2851627
Merzenhausen,2022-10-18 22:00:00,42,val,0.295,0.28381306
Merzenhausen,2022-10-18 23:00:00,42,val,0.294,0.2824368
Merzenhausen,2022-10-19 00:00:00,42,val,0.2905,0.2810088
Merzenhausen,2022-10-19 01:00:00,42,val,0.284,0.28014684
Merzenhausen,2022-10-19 02:00:00,42,val,0.294,0.27932027
Merzenhausen,2022-10-19 03:00:00,42,val,0.2905,0.2787073
Merzenhausen,2022-10-19 04:00:00,42,val,0.297,0.2787101
Merzenhausen,2022-10-19 05:00:00,42,val,0.297,0.27838936
Merzenhausen,2022-10-19 06:00:00,42,val,0.297,0.27814177
Merzenhausen,2022-10-19 07:00:00,42,val,0.296,0.2786073
Merzenhausen,2022-10-19 08:00:00,42,val,0.297,0.27920428
Merzenhausen,2022-10-19 09:00:00,42,val,0.3035,0.28048164
Merzenhausen,2022-10-19 10:00:00,42,val,0.2825,0.2819733
Merzenhausen,2022-10-19 11:00:00,42,val,0.295,0.28381765
Merzenhausen,2022-10-19 12:00:00,42,val,0.297,0.28542238
Merzenhausen,2022-10-19 13:00:00,42,val,0.305,0.2868637
Merzenhausen,2022-10-19 14:00:00,42,val,0.297,0.2876927
Merzenhausen,2022-10-19 15:00:00,42,val,0.295,0.28791502
Merzenhausen,2022-10-19 16:00:00,42,val,0.295,0.28796446
Merzenhausen,2022-10-19 17:00:00,42,val,0.284,0.2875843
Merzenhausen,2022-10-19 18:00:00,42,val,0.297,0.2868561
Merzenhausen,2022-10-19 19:00:00,42,val,0.296,0.28597575
Merzenhausen,2022-10-19 20:00:00,42,val,0.296,0.28507012
Merzenhausen,2022-10-19 21:00:00,42,val,0.295,0.28427368
Merzenhausen,2022-10-19 22:00:00,42,val,0.294,0.28356847
Merzenhausen,2022-10-19 23:00:00,42,val,0.2915,0.2830077
Merzenhausen,2022-10-20 00:00:00,42,val,0.295,0.28246915
Merzenhausen,2022-10-20 01:00:00,42,val,0.297,0.2820151
Merzenhausen,2022-10-20 02:00:00,42,val,0.296,0.2816716
Merzenhausen,2022-10-20 03:00:00,42,val,0.296,0.28134748
Merzenhausen,2022-10-20 04:00:00,42,val,0.299,0.2811049
Merzenhausen,2022-10-20 05:00:00,42,val,0.296,0.28103578
Merzenhausen,2022-10-20 06:00:00,42,val,0.296,0.28148708
Merzenhausen,2022-10-20 07:00:00,42,val,0.296,0.28214568
Merzenhausen,2022-10-20 08:00:00,42,val,0.296,0.28307265
Merzenhausen,2022-10-20 09:00:00,42,val,0.296,0.28422558
Merzenhausen,2022-10-20 10:00:00,42,val,0.296,0.28552845
Merzenhausen,2022-10-20 11:00:00,42,val,0.296,0.29207355
Merzenhausen,2022-10-20 12:00:00,42,val,0.297,0.29919988
Merzenhausen,2022-10-20 13:00:00,42,val,0.297,0.30192095
Merzenhausen,2022-10-20 14:00:00,42,val,0.297,0.30260545
Merzenhausen,2022-10-20 15:00:00,42,val,0.297,0.30179435
Merzenhausen,2022-10-20 16:00:00,42,val,0.297,0.3000644
Merzenhausen,2022-10-20 17:00:00,42,val,0.297,0.29771096
Merzenhausen,2022-10-20 18:00:00,42,val,0.297,0.29508573
Merzenhausen,2022-10-20 19:00:00,42,val,0.297,0.2924296
Merzenhausen,2022-10-20 20:00:00,42,val,0.297,0.2900018
Merzenhausen,2022-10-20 21:00:00,42,val,0.297,0.28796512
Merzenhausen,2022-10-20 22:00:00,42,val,0.297,0.28641847
Merzenhausen,2022-10-20 23:00:00,42,val,0.297,0.2933119
Merzenhausen,2022-10-21 00:00:00,42,val,0.294,0.29562753
Merzenhausen,2022-10-21 01:00:00,42,val,0.294,0.29537287
Merzenhausen,2022-10-21 02:00:00,42,val,0.294,0.29422927
Merzenhausen,2022-10-21 03:00:00,42,val,0.295,0.29277742
Merzenhausen,2022-10-21 04:00:00,42,val,0.295,0.2915179
Merzenhausen,2022-10-21 05:00:00,42,val,0.295,0.29063612
Merzenhausen,2022-10-21 06:00:00,42,val,0.295,0.29014966
Merzenhausen,2022-10-21 07:00:00,42,val,0.295,0.2908253
Merzenhausen,2022-10-21 08:00:00,42,val,0.293,0.2922338
Merzenhausen,2022-10-21 09:00:00,42,val,0.295,0.2935449
Merzenhausen,2022-10-21 10:00:00,42,val,0.293,0.29406357
Merzenhausen,2022-10-21 11:00:00,42,val,0.294,0.29453152
Merzenhausen,2022-10-21 12:00:00,42,val,0.298,0.29578754
Merzenhausen,2022-10-21 13:00:00,42,val,0.293,0.29679134
Merzenhausen,2022-10-21 14:00:00,42,val,0.295,0.29721606
Merzenhausen,2022-10-21 15:00:00,42,val,0.293,0.29705566
Merzenhausen,2022-10-21 16:00:00,42,val,0.293,0.29654273
Merzenhausen,2022-10-21 17:00:00,42,val,0.293,0.29525512
Merzenhausen,2022-10-21 18:00:00,42,val,0.293,0.2938994
Merzenhausen,2022-10-21 19:00:00,42,val,0.293,0.29251972
Merzenhausen,2022-10-21 20:00:00,42,val,0.293,0.29122838
Merzenhausen,2022-10-21 21:00:00,42,val,0.293,0.29005486
Merzenhausen,2022-10-21 22:00:00,42,val,0.293,0.28897685
Merzenhausen,2022-10-21 23:00:00,42,val,0.293,0.28790432
Merzenhausen,2022-10-22 00:00:00,42,val,0.295,0.2869991
Merzenhausen,2022-10-22 01:00:00,42,val,0.29,0.28631285
Merzenhausen,2022-10-22 02:00:00,42,val,0.29,0.28568894
Merzenhausen,2022-10-22 03:00:00,42,val,0.293,0.28509304
Merzenhausen,2022-10-22 04:00:00,42,val,0.292,0.28489533
Merzenhausen,2022-10-22 05:00:00,42,val,0.292,0.28493896
Merzenhausen,2022-10-22 06:00:00,42,val,0.292,0.28516284
Merzenhausen,2022-10-22 07:00:00,42,val,0.292,0.28573734
Merzenhausen,2022-10-22 08:00:00,42,val,0.292,0.28658706
Merzenhausen,2022-10-22 09:00:00,42,val,0.292,0.28769213
Merzenhausen,2022-10-22 10:00:00,42,val,0.29,0.289005
Merzenhausen,2022-10-22 11:00:00,42,val,0.29,0.2903773
Merzenhausen,2022-10-22 12:00:00,42,val,0.292,0.29173335
Merzenhausen,2022-10-22 13:00:00,42,val,0.292,0.29281893
Merzenhausen,2022-10-22 14:00:00,42,val,0.292,0.29354176
Merzenhausen,2022-10-22 15:00:00,42,val,0.289,0.29389334
Merzenhausen,2022-10-22 16:00:00,42,val,0.289,0.2937745
Merzenhausen,2022-10-22 17:00:00,42,val,0.289,0.29339996
Merzenhausen,2022-10-22 18:00:00,42,val,0.29,0.29266846
Merzenhausen,2022-10-22 19:00:00,42,val,0.29,0.2917166
Merzenhausen,2022-10-22 20:00:00,42,val,0.29,0.29072422
Merzenhausen,2022-10-22 21:00:00,42,val,0.29,0.28978953
Merzenhausen,2022-10-22 22:00:00,42,val,0.29,0.2889358
Merzenhausen,2022-10-22 23:00:00,42,val,0.29,0.28820258
Merzenhausen,2022-10-23 00:00:00,42,val,0.29,0.2873849
Merzenhausen,2022-10-23 01:00:00,42,val,0.29,0.28649056
Merzenhausen,2022-10-23 02:00:00,42,val,0.29,0.285716
Merzenhausen,2022-10-23 03:00:00,42,val,0.29,0.28514224
Merzenhausen,2022-10-23 04:00:00,42,val,0.29,0.2847633
Merzenhausen,2022-10-23 05:00:00,42,val,0.29,0.28457165
Merzenhausen,2022-10-23 06:00:00,42,val,0.29,0.28467387
Merzenhausen,2022-10-23 07:00:00,42,val,0.29,0.28507933
Merzenhausen,2022-10-23 08:00:00,42,val,0.288,0.28571472
Merzenhausen,2022-10-23 09:00:00,42,val,0.288,0.28663215
Merzenhausen,2022-10-23 10:00:00,42,val,0.288,0.2876843
Merzenhausen,2022-10-23 11:00:00,42,val,0.288,0.2888615
Merzenhausen,2022-10-23 12:00:00,42,val,0.288,0.29009634
Merzenhausen,2022-10-23 13:00:00,42,val,0.288,0.29109
Merzenhausen,2022-10-23 14:00:00,42,val,0.288,0.2917072
Merzenhausen,2022-10-23 15:00:00,42,val,0.288,0.29191366
Merzenhausen,2022-10-23 16:00:00,42,val,0.288,0.293482
Merzenhausen,2022-10-23 17:00:00,42,val,0.288,0.29715973
Merzenhausen,2022-10-23 18:00:00,42,val,0.288,0.29819158
Merzenhausen,2022-10-23 19:00:00,42,val,0.288,0.29781362
Merzenhausen,2022-10-23 20:00:00,42,val,0.286,0.29660785
Merzenhausen,2022-10-23 21:00:00,42,val,0.286,0.29598704
Merzenhausen,2022-10-23 22:00:00,42,val,0.286,0.29493675
Merzenhausen,2022-10-23 23:00:00,42,val,0.286,0.2938724
Merzenhausen,2022-10-24 00:00:00,42,val,0.286,0.29300737
Merzenhausen,2022-10-24 01:00:00,42,val,0.288,0.29225457
Merzenhausen,2022-10-24 02:00:00,42,val,0.287,0.29158998
Merzenhausen,2022-10-24 03:00:00,42,val,0.286,0.29111382
Merzenhausen,2022-10-24 04:00:00,42,val,0.286,0.29082304
Merzenhausen,2022-10-24 05:00:00,42,val,0.286,0.29069287
Merzenhausen,2022-10-24 06:00:00,42,val,0.286,0.29079762
Merzenhausen,2022-10-24 07:00:00,42,val,0.286,0.291139
Merzenhausen,2022-10-24 08:00:00,42,val,0.286,0.29164118
Merzenhausen,2022-10-24 09:00:00,42,val,0.286,0.2922842
Merzenhausen,2022-10-24 10:00:00,42,val,0.288,0.29306144
Merzenhausen,2022-10-24 11:00:00,42,val,0.285,0.29390907
Merzenhausen,2022-10-24 12:00:00,42,val,0.285,0.29489017
Merzenhausen,2022-10-24 13:00:00,42,val,0.286,0.29584095
Merzenhausen,2022-10-24 14:00:00,42,val,0.286,0.29648936
Merzenhausen,2022-10-24 15:00:00,42,val,0.286,0.29658306
Merzenhausen,2022-10-24 16:00:00,42,val,0.286,0.2961601
Merzenhausen,2022-10-24 17:00:00,42,val,0.286,0.2952565
Merzenhausen,2022-10-24 18:00:00,42,val,0.286,0.29394752
Merzenhausen,2022-10-24 19:00:00,42,val,0.283,0.29232004
Merzenhausen,2022-10-24 20:00:00,42,val,0.283,0.2906866
Merzenhausen,2022-10-24 21:00:00,42,val,0.284,0.2892226
Merzenhausen,2022-10-24 22:00:00,42,val,0.284,0.2880013
Merzenhausen,2022-10-24 23:00:00,42,val,0.284,0.28702492
Merzenhausen,2022-10-25 00:00:00,42,val,0.284,0.28632164
Merzenhausen,2022-10-25 01:00:00,42,val,0.284,0.2858038
Merzenhausen,2022-10-25 02:00:00,42,val,0.284,0.28539875
Merzenhausen,2022-10-25 03:00:00,42,val,0.286,0.2851485
Merzenhausen,2022-10-25 04:00:00,42,val,0.283,0.28859156
Merzenhausen,2022-10-25 05:00:00,42,val,0.281,0.29004306
Merzenhausen,2022-10-25 06:00:00,42,val,0.283,0.2905967
Merzenhausen,2022-10-25 07:00:00,42,val,0.284,0.2908708
Merzenhausen,2022-10-25 08:00:00,42,val,0.284,0.2910759
Merzenhausen,2022-10-25 09:00:00,42,val,0.281,0.29135165
Merzenhausen,2022-10-25 10:00:00,42,val,0.283,0.29179785
Merzenhausen,2022-10-25 11:00:00,42,val,0.284,0.2923118
Merzenhausen,2022-10-25 12:00:00,42,val,0.281,0.2928753
Merzenhausen,2022-10-25 13:00:00,42,val,0.281,0.29333645
Merzenhausen,2022-10-25 14:00:00,42,val,0.281,0.29349908
Merzenhausen,2022-10-25 15:00:00,42,val,0.281,0.29329723
Merzenhausen,2022-10-25 16:00:00,42,val,0.281,0.29273245
Merzenhausen,2022-10-25 17:00:00,42,val,0.281,0.29191348
Merzenhausen,2022-10-25 18:00:00,42,val,0.281,0.29072464
Merzenhausen,2022-10-25 19:00:00,42,val,0.281,0.28923708
Merzenhausen,2022-10-25 20:00:00,42,val,0.281,0.28752673
Merzenhausen,2022-10-25 21:00:00,42,val,0.281,0.2857197
Merzenhausen,2022-10-25 22:00:00,42,val,0.281,0.284031
Merzenhausen,2022-10-25 23:00:00,42,val,0.281,0.2824941
Merzenhausen,2022-10-26 00:00:00,42,val,0.281,0.28119472
Merzenhausen,2022-10-26 01:00:00,42,val,0.281,0.2801783
Merzenhausen,2022-10-26 02:00:00,42,val,0.281,0.2793671
Merzenhausen,2022-10-26 03:00:00,42,val,0.281,0.27876234
Merzenhausen,2022-10-26 04:00:00,42,val,0.281,0.27838597
Merzenhausen,2022-10-26 05:00:00,42,val,0.281,0.2783091
Merzenhausen,2022-10-26 06:00:00,42,val,0.281,0.2785503
Merzenhausen,2022-10-26 07:00:00,42,val,0.281,0.27908313
Merzenhausen,2022-10-26 08:00:00,42,val,0.278,0.27997613
Merzenhausen,2022-10-26 09:00:00,42,val,0.279,0.28116196
Merzenhausen,2022-10-26 10:00:00,42,val,0.279,0.2825392
Merzenhausen,2022-10-26 11:00:00,42,val,0.277,0.28383663
Merzenhausen,2022-10-26 12:00:00,42,val,0.277,0.2850624
Merzenhausen,2022-10-26 13:00:00,42,val,0.277,0.28616485
Merzenhausen,2022-10-26 14:00:00,42,val,0.275,0.28697377
Merzenhausen,2022-10-26 15:00:00,42,val,0.275,0.2874756
Merzenhausen,2022-10-26 16:00:00,42,val,0.275,0.28771168
Merzenhausen,2022-10-26 17:00:00,42,val,0.275,0.2876877
Merzenhausen,2022-10-26 18:00:00,42,val,0.275,0.28725737
Merzenhausen,2022-10-26 19:00:00,42,val,0.275,0.28639233
Merzenhausen,2022-10-26 20:00:00,42,val,0.275,0.28531963
Merzenhausen,2022-10-26 21:00:00,42,val,0.275,0.2842039
Merzenhausen,2022-10-26 22:00:00,42,val,0.275,0.28320116
Merzenhausen,2022-10-26 23:00:00,42,val,0.277,0.28231722
Merzenhausen,2022-10-27 00:00:00,42,val,0.277,0.28152743
Merzenhausen,2022-10-27 01:00:00,42,val,0.275,0.2808713
Merzenhausen,2022-10-27 02:00:00,42,val,0.277,0.28018075
Merzenhausen,2022-10-27 03:00:00,42,val,0.277,0.27963507
Merzenhausen,2022-10-27 04:00:00,42,val,0.277,0.27920473
Merzenhausen,2022-10-27 05:00:00,42,val,0.277,0.27883974
Merzenhausen,2022-10-27 06:00:00,42,val,0.277,0.278718
Merzenhausen,2022-10-27 07:00:00,42,val,0.275,0.2789969
Merzenhausen,2022-10-27 08:00:00,42,val,0.276,0.27963176
Merzenhausen,2022-10-27 09:00:00,42,val,0.276,0.28039792
Merzenhausen,2022-10-27 10:00:00,42,val,0.277,0.28129172
Merzenhausen,2022-10-27 11:00:00,42,val,0.277,0.28222328
Merzenhausen,2022-10-27 12:00:00,42,val,0.274,0.2829374
Merzenhausen,2022-10-27 13:00:00,42,val,0.274,0.28349572
Merzenhausen,2022-10-27 14:00:00,42,val,0.274,0.283865
Merzenhausen,2022-10-27 15:00:00,42,val,0.275,0.28402254
Merzenhausen,2022-10-27 16:00:00,42,val,0.275,0.28385887
Merzenhausen,2022-10-27 17:00:00,42,val,0.275,0.2833342
Merzenhausen,2022-10-27 18:00:00,42,val,0.274,0.28265375
Merzenhausen,2022-10-27 19:00:00,42,val,0.275,0.28190866
Merzenhausen,2022-10-27 20:00:00,42,val,0.275,0.28119302
Merzenhausen,2022-10-27 21:00:00,42,val,0.275,0.28065777
Merzenhausen,2022-10-27 22:00:00,42,val,0.272,0.28033906
Merzenhausen,2022-10-27 23:00:00,42,val,0.273,0.28023636
Merzenhausen,2022-10-28 00:00:00,42,val,0.274,0.28036925
Merzenhausen,2022-10-28 01:00:00,42,val,0.273,0.2805952
Merzenhausen,2022-10-28 02:00:00,42,val,0.273,0.2808277
Merzenhausen,2022-10-28 03:00:00,42,val,0.274,0.2809775
Merzenhausen,2022-10-28 04:00:00,42,val,0.273,0.2812197
Merzenhausen,2022-10-28 05:00:00,42,val,0.275,0.2815179
Merzenhausen,2022-10-28 06:00:00,42,val,0.275,0.28185552
Merzenhausen,2022-10-28 07:00:00,42,val,0.272,0.2823373
Merzenhausen,2022-10-28 08:00:00,42,val,0.273,0.2828658
Merzenhausen,2022-10-28 09:00:00,42,val,0.274,0.28347456
Merzenhausen,2022-10-28 10:00:00,42,val,0.272,0.28403488
Merzenhausen,2022-10-28 11:00:00,42,val,0.273,0.28421172
Merzenhausen,2022-10-28 12:00:00,42,val,0.27,0.28420153
Merzenhausen,2022-10-28 13:00:00,42,val,0.27,0.28413618
Merzenhausen,2022-10-28 14:00:00,42,val,0.268,0.2839948
Merzenhausen,2022-10-28 15:00:00,42,val,0.268,0.2838202
Merzenhausen,2022-10-28 16:00:00,42,val,0.268,0.28346026
Merzenhausen,2022-10-28 17:00:00,42,val,0.268,0.28298023
Merzenhausen,2022-10-28 18:00:00,42,val,0.268,0.28226006
Merzenhausen,2022-10-28 19:00:00,42,val,0.268,0.2812152
Merzenhausen,2022-10-28 20:00:00,42,val,0.268,0.28012875
Merzenhausen,2022-10-28 21:00:00,42,val,0.268,0.27917385
Merzenhausen,2022-10-28 22:00:00,42,val,0.269,0.27841413
Merzenhausen,2022-10-28 23:00:00,42,val,0.269,0.2779618
Merzenhausen,2022-10-29 00:00:00,42,val,0.269,0.27782273
Merzenhausen,2022-10-29 01:00:00,42,val,0.266,0.2777236
Merzenhausen,2022-10-29 02:00:00,42,val,0.266,0.2777378
Merzenhausen,2022-10-29 03:00:00,42,val,0.266,0.27783564
Merzenhausen,2022-10-29 04:00:00,42,val,0.268,0.2779988
Merzenhausen,2022-10-29 05:00:00,42,val,0.268,0.2782839
Merzenhausen,2022-10-29 06:00:00,42,val,0.268,0.2786836
Merzenhausen,2022-10-29 07:00:00,42,val,0.268,0.2791
Merzenhausen,2022-10-29 08:00:00,42,val,0.268,0.27971458
Merzenhausen,2022-10-29 09:00:00,42,val,0.271,0.28043598
Merzenhausen,2022-10-29 10:00:00,42,val,0.268,0.2812846
Merzenhausen,2022-10-29 11:00:00,42,val,0.269,0.2821661
Merzenhausen,2022-10-29 12:00:00,42,val,0.269,0.28278083
Merzenhausen,2022-10-29 13:00:00,42,val,0.266,0.28321433
Merzenhausen,2022-10-29 14:00:00,42,val,0.267,0.28341907
Merzenhausen,2022-10-29 15:00:00,42,val,0.267,0.28339922
Merzenhausen,2022-10-29 16:00:00,42,val,0.267,0.2831113
Merzenhausen,2022-10-29 17:00:00,42,val,0.267,0.2825691
Merzenhausen,2022-10-29 18:00:00,42,val,0.267,0.28157726
Merzenhausen,2022-10-29 19:00:00,42,val,0.267,0.28042188
Merzenhausen,2022-10-29 20:00:00,42,val,0.264,0.27922758
Merzenhausen,2022-10-29 21:00:00,42,val,0.264,0.27811038
Merzenhausen,2022-10-29 22:00:00,42,val,0.264,0.27700186
Merzenhausen,2022-10-29 23:00:00,42,val,0.264,0.276089
Merzenhausen,2022-10-30 00:00:00,42,val,0.264,0.27536303
Merzenhausen,2022-10-30 01:00:00,42,val,0.266,0.27471954
Merzenhausen,2022-10-30 02:00:00,42,val,0.265,0.27422446
Merzenhausen,2022-10-30 03:00:00,42,val,0.266,0.2737943
Merzenhausen,2022-10-30 04:00:00,42,val,0.264,0.2733196
Merzenhausen,2022-10-30 05:00:00,42,val,0.266,0.27315888
Merzenhausen,2022-10-30 06:00:00,42,val,0.264,0.2732967
Merzenhausen,2022-10-30 07:00:00,42,val,0.264,0.27360553
Merzenhausen,2022-10-30 08:00:00,42,val,0.264,0.27420434
Merzenhausen,2022-10-30 09:00:00,42,val,0.262,0.27506864
Merzenhausen,2022-10-30 10:00:00,42,val,0.263,0.27590752
Merzenhausen,2022-10-30 11:00:00,42,val,0.262,0.2767255
Merzenhausen,2022-10-30 12:00:00,42,val,0.26,0.2773043
Merzenhausen,2022-10-30 13:00:00,42,val,0.261,0.27771765
Merzenhausen,2022-10-30 14:00:00,42,val,0.258,0.27775612
Merzenhausen,2022-10-30 15:00:00,42,val,0.257,0.27754244
Merzenhausen,2022-10-30 16:00:00,42,val,0.26,0.27711987
Merzenhausen,2022-10-30 17:00:00,42,val,0.26,0.27643055
Merzenhausen,2022-10-30 18:00:00,42,val,0.261,0.2754963
Merzenhausen,2022-10-30 19:00:00,42,val,0.26,0.27440774
Merzenhausen,2022-10-30 20:00:00,42,val,0.258,0.27327043
Merzenhausen,2022-10-30 21:00:00,42,val,0.258,0.2721752
Merzenhausen,2022-10-30 22:00:00,42,val,0.258,0.27127522
Merzenhausen,2022-10-30 23:00:00,42,val,0.259,0.27058476
Merzenhausen,2022-10-31 00:00:00,42,val,0.259,0.27007726
Merzenhausen,2022-10-31 01:00:00,42,val,0.259,0.26958734
Merzenhausen,2022-10-31 02:00:00,42,val,0.26,0.26899993
Merzenhausen,2022-10-31 03:00:00,42,val,0.256,0.2685253
Merzenhausen,2022-10-31 04:00:00,42,val,0.256,0.26814526
Merzenhausen,2022-10-31 05:00:00,42,val,0.256,0.26788127
Merzenhausen,2022-10-31 06:00:00,42,val,0.258,0.2678975
Merzenhausen,2022-10-31 07:00:00,42,val,0.257,0.26824948
Merzenhausen,2022-10-31 08:00:00,42,val,0.257,0.26890647
Merzenhausen,2022-10-31 09:00:00,42,val,0.258,0.27003017
Merzenhausen,2022-10-31 10:00:00,42,val,0.256,0.2713006
Merzenhausen,2022-10-31 11:00:00,42,val,0.254,0.27270398
Merzenhausen,2022-10-31 12:00:00,42,val,0.255,0.27399835
Merzenhausen,2022-10-31 13:00:00,42,val,0.252,0.27497354
Merzenhausen,2022-10-31 14:00:00,42,val,0.253,0.2755804
Merzenhausen,2022-10-31 15:00:00,42,val,0.25,0.27570945
Merzenhausen,2022-10-31 16:00:00,42,val,0.25,0.2753226
Merzenhausen,2022-10-31 17:00:00,42,val,0.25,0.27448982
Merzenhausen,2022-10-31 18:00:00,42,val,0.252,0.27330995
Merzenhausen,2022-10-31 19:00:00,42,val,0.253,0.27196014
Merzenhausen,2022-10-31 20:00:00,42,val,0.252,0.2704482
Merzenhausen,2022-10-31 21:00:00,42,val,0.252,0.26894236
Merzenhausen,2022-10-31 22:00:00,42,val,0.252,0.26768526
Merzenhausen,2022-10-31 23:00:00,42,val,0.253,0.26686484
Merzenhausen,2022-11-01 00:00:00,42,val,0.253,0.26639593
Merzenhausen,2022-11-01 01:00:00,42,val,0.25,0.26626024
Merzenhausen,2022-11-01 02:00:00,42,val,0.253,0.2663588
Merzenhausen,2022-11-01 03:00:00,42,val,0.25,0.26673192
Merzenhausen,2022-11-01 04:00:00,42,val,0.25,0.26718977
Merzenhausen,2022-11-01 05:00:00,42,val,0.251,0.26785648
Merzenhausen,2022-11-01 06:00:00,42,val,0.251,0.268565
Merzenhausen,2022-11-01 07:00:00,42,val,0.251,0.2693815
Merzenhausen,2022-11-01 08:00:00,42,val,0.252,0.27036774
Merzenhausen,2022-11-01 09:00:00,42,val,0.249,0.27140954
Merzenhausen,2022-11-01 10:00:00,42,val,0.249,0.27252743
Merzenhausen,2022-11-01 11:00:00,42,val,0.251,0.2736447
Merzenhausen,2022-11-01 12:00:00,42,val,0.248,0.2745522
Merzenhausen,2022-11-01 13:00:00,42,val,0.249,0.27524114
Merzenhausen,2022-11-01 14:00:00,42,val,0.249,0.27543077
Merzenhausen,2022-11-01 15:00:00,42,val,0.251,0.2750037
Merzenhausen,2022-11-01 16:00:00,42,val,0.249,0.27416658
Merzenhausen,2022-11-01 17:00:00,42,val,0.249,0.27287364
Merzenhausen,2022-11-01 18:00:00,42,val,0.249,0.27122617
Merzenhausen,2022-11-01 19:00:00,42,val,0.249,0.2692838
Merzenhausen,2022-11-01 20:00:00,42,val,0.248,0.26715675
Merzenhausen,2022-11-01 21:00:00,42,val,0.248,0.2651216
Merzenhausen,2022-11-01 22:00:00,42,val,0.248,0.2633667
Merzenhausen,2022-11-01 23:00:00,42,val,0.248,0.26205692
Merzenhausen,2022-11-02 00:00:00,42,val,0.248,0.2611496
Merzenhausen,2022-11-02 01:00:00,42,val,0.248,0.2605484
Merzenhausen,2022-11-02 02:00:00,42,val,0.248,0.26024866
Merzenhausen,2022-11-02 03:00:00,42,val,0.249,0.25996515
Merzenhausen,2022-11-02 04:00:00,42,val,0.249,0.25973013
Merzenhausen,2022-11-02 05:00:00,42,val,0.249,0.25968236
Merzenhausen,2022-11-02 06:00:00,42,val,0.248,0.25995138
Merzenhausen,2022-11-02 07:00:00,42,val,0.249,0.26047927
Merzenhausen,2022-11-02 08:00:00,42,val,0.248,0.26126528
Merzenhausen,2022-11-02 09:00:00,42,val,0.248,0.26231357
Merzenhausen,2022-11-02 10:00:00,42,val,0.248,0.2634799
Merzenhausen,2022-11-02 11:00:00,42,val,0.249,0.26451772
Merzenhausen,2022-11-02 12:00:00,42,val,0.249,0.26545385
Merzenhausen,2022-11-02 13:00:00,42,val,0.249,0.26599157
Merzenhausen,2022-11-02 14:00:00,42,val,0.251,0.2662177
Merzenhausen,2022-11-02 15:00:00,42,val,0.251,0.2659112
Merzenhausen,2022-11-02 16:00:00,42,val,0.249,0.2651349
Merzenhausen,2022-11-02 17:00:00,42,val,0.249,0.2638822
Merzenhausen,2022-11-02 18:00:00,42,val,0.248,0.26234645
Merzenhausen,2022-11-02 19:00:00,42,val,0.248,0.26066503
Merzenhausen,2022-11-02 20:00:00,42,val,0.248,0.25892395
Merzenhausen,2022-11-02 21:00:00,42,val,0.249,0.25726143
Merzenhausen,2022-11-02 22:00:00,42,val,0.249,0.25577772
Merzenhausen,2022-11-02 23:00:00,42,val,0.249,0.25455445
Merzenhausen,2022-11-03 00:00:00,42,val,0.2505,0.25364268
Merzenhausen,2022-11-03 01:00:00,42,val,0.2289999999999999,0.2528281
Merzenhausen,2022-11-03 02:00:00,42,val,0.248,0.25229594
Merzenhausen,2022-11-03 03:00:00,42,val,0.248,0.25181887
Merzenhausen,2022-11-03 04:00:00,42,val,0.248,0.25153872
Merzenhausen,2022-11-03 05:00:00,42,val,0.249,0.2516038
Merzenhausen,2022-11-03 06:00:00,42,val,0.249,0.2519005
Merzenhausen,2022-11-03 07:00:00,42,val,0.249,0.2525154
Merzenhausen,2022-11-03 08:00:00,42,val,0.249,0.25353268
Merzenhausen,2022-11-03 09:00:00,42,val,0.247,0.25461453
Merzenhausen,2022-11-03 10:00:00,42,val,0.247,0.25578406
Merzenhausen,2022-11-03 11:00:00,42,val,0.244,0.25709978
Merzenhausen,2022-11-03 12:00:00,42,val,0.244,0.2582454
Merzenhausen,2022-11-03 13:00:00,42,val,0.245,0.25923136
Merzenhausen,2022-11-03 14:00:00,42,val,0.245,0.25989556
Merzenhausen,2022-11-03 15:00:00,42,val,0.245,0.26022384
Merzenhausen,2022-11-03 16:00:00,42,val,0.243,0.26003188
Merzenhausen,2022-11-03 17:00:00,42,val,0.243,0.25928447
Merzenhausen,2022-11-03 18:00:00,42,val,0.243,0.2582018
Merzenhausen,2022-11-03 19:00:00,42,val,0.243,0.25777176
Merzenhausen,2022-11-03 20:00:00,42,val,0.243,0.25674513
Merzenhausen,2022-11-03 21:00:00,42,val,0.243,0.25555742
Merzenhausen,2022-11-03 22:00:00,42,val,0.245,0.2619697
Merzenhausen,2022-11-03 23:00:00,42,val,0.247,0.26366287
Merzenhausen,2022-11-04 00:00:00,42,val,0.247,0.2634465
Merzenhausen,2022-11-04 01:00:00,42,val,0.247,0.26223361
Merzenhausen,2022-11-04 02:00:00,42,val,0.245,0.26049146
Merzenhausen,2022-11-04 03:00:00,42,val,0.245,0.2587086
Merzenhausen,2022-11-04 04:00:00,42,val,0.245,0.2570692
Merzenhausen,2022-11-04 05:00:00,42,val,0.245,0.25567845
Merzenhausen,2022-11-04 06:00:00,42,val,0.245,0.25460505
Merzenhausen,2022-11-04 07:00:00,42,val,0.246,0.25399208
Merzenhausen,2022-11-04 08:00:00,42,val,0.246,0.25382906
Merzenhausen,2022-11-04 09:00:00,42,val,0.244,0.25404108
Merzenhausen,2022-11-04 10:00:00,42,val,0.244,0.25814325
Merzenhausen,2022-11-04 11:00:00,42,val,0.242,0.26019314
Merzenhausen,2022-11-04 12:00:00,42,val,0.243,0.26133037
Merzenhausen,2022-11-04 13:00:00,42,val,0.244,0.26186645
Merzenhausen,2022-11-04 14:00:00,42,val,0.241,0.26203474
Merzenhausen,2022-11-04 15:00:00,42,val,0.241,0.26178035
Merzenhausen,2022-11-04 16:00:00,42,val,0.241,0.26102358
Merzenhausen,2022-11-04 17:00:00,42,val,0.241,0.25982732
Merzenhausen,2022-11-04 18:00:00,42,val,0.241,0.25825918
Merzenhausen,2022-11-04 19:00:00,42,val,0.241,0.25656125
Merzenhausen,2022-11-04 20:00:00,42,val,0.244,0.25484836
Merzenhausen,2022-11-04 21:00:00,42,val,0.241,0.25326166
Merzenhausen,2022-11-04 22:00:00,42,val,0.241,0.25184688
Merzenhausen,2022-11-04 23:00:00,42,val,0.241,0.25059044
Merzenhausen,2022-11-05 00:00:00,42,val,0.241,0.2495265
Merzenhausen,2022-11-05 01:00:00,42,val,0.241,0.24830616
Merzenhausen,2022-11-05 02:00:00,42,val,0.241,0.2471193
Merzenhausen,2022-11-05 03:00:00,42,val,0.241,0.24615112
Merzenhausen,2022-11-05 04:00:00,42,val,0.241,0.24543923
Merzenhausen,2022-11-05 05:00:00,42,val,0.241,0.24512963
Merzenhausen,2022-11-05 06:00:00,42,val,0.241,0.24516672
Merzenhausen,2022-11-05 07:00:00,42,val,0.241,0.24556027
Merzenhausen,2022-11-05 08:00:00,42,val,0.243,0.24635461
Merzenhausen,2022-11-05 09:00:00,42,val,0.243,0.24742512
Merzenhausen,2022-11-05 10:00:00,42,val,0.242,0.2486635
Merzenhausen,2022-11-05 11:00:00,42,val,0.241,0.24978161
Merzenhausen,2022-11-05 12:00:00,42,val,0.241,0.25080797
Merzenhausen,2022-11-05 13:00:00,42,val,0.241,0.25167704
Merzenhausen,2022-11-05 14:00:00,42,val,0.238,0.25232846
Merzenhausen,2022-11-05 15:00:00,42,val,0.239,0.2526555
Merzenhausen,2022-11-05 16:00:00,42,val,0.239,0.25255784
Merzenhausen,2022-11-05 17:00:00,42,val,0.239,0.2520638
Merzenhausen,2022-11-05 18:00:00,42,val,0.239,0.2512071
Merzenhausen,2022-11-05 19:00:00,42,val,0.239,0.25016
Merzenhausen,2022-11-05 20:00:00,42,val,0.239,0.24903727
Merzenhausen,2022-11-05 21:00:00,42,val,0.239,0.2479629
Merzenhausen,2022-11-05 22:00:00,42,val,0.239,0.24711496
Merzenhausen,2022-11-05 23:00:00,42,val,0.239,0.2465496
Merzenhausen,2022-11-06 00:00:00,42,val,0.239,0.2461144
Merzenhausen,2022-11-06 01:00:00,42,val,0.239,0.24586535
Merzenhausen,2022-11-06 02:00:00,42,val,0.239,0.2455903
Merzenhausen,2022-11-06 03:00:00,42,val,0.237,0.2453211
Merzenhausen,2022-11-06 04:00:00,42,val,0.24,0.24512388
Merzenhausen,2022-11-06 05:00:00,42,val,0.238,0.2450707
Merzenhausen,2022-11-06 06:00:00,42,val,0.238,0.24516505
Merzenhausen,2022-11-06 07:00:00,42,val,0.238,0.24557377
Merzenhausen,2022-11-06 08:00:00,42,val,0.238,0.24626388
Merzenhausen,2022-11-06 09:00:00,42,val,0.237,0.24709108
Merzenhausen,2022-11-06 10:00:00,42,val,0.237,0.24797334
Merzenhausen,2022-11-06 11:00:00,42,val,0.238,0.24875312
Merzenhausen,2022-11-06 12:00:00,42,val,0.235,0.24937008
Merzenhausen,2022-11-06 13:00:00,42,val,0.236,0.24994658
Merzenhausen,2022-11-06 14:00:00,42,val,0.233,0.25025356
Merzenhausen,2022-11-06 15:00:00,42,val,0.235,0.25335848
Merzenhausen,2022-11-06 16:00:00,42,val,0.233,0.25946638
Merzenhausen,2022-11-06 17:00:00,42,val,0.233,0.26139167
Merzenhausen,2022-11-06 18:00:00,42,val,0.233,0.26179674
Merzenhausen,2022-11-06 19:00:00,42,val,0.233,0.26015547
Merzenhausen,2022-11-06 20:00:00,42,val,0.235,0.2577782
Merzenhausen,2022-11-06 21:00:00,42,val,0.233,0.25503144
Merzenhausen,2022-11-06 22:00:00,42,val,0.233,0.2523491
Merzenhausen,2022-11-06 23:00:00,42,val,0.233,0.24996659
Merzenhausen,2022-11-07 00:00:00,42,val,0.235,0.24800932
Merzenhausen,2022-11-07 01:00:00,42,val,0.235,0.2464664
Merzenhausen,2022-11-07 02:00:00,42,val,0.234,0.24532422
Merzenhausen,2022-11-07 03:00:00,42,val,0.236,0.2445881
Merzenhausen,2022-11-07 04:00:00,42,val,0.234,0.2441419
Merzenhausen,2022-11-07 05:00:00,42,val,0.233,0.24396786
Merzenhausen,2022-11-07 06:00:00,42,val,0.235,0.24403581
Merzenhausen,2022-11-07 07:00:00,42,val,0.235,0.24435854
Merzenhausen,2022-11-07 08:00:00,42,val,0.233,0.24576256
Merzenhausen,2022-11-07 09:00:00,42,val,0.233,0.24693051
Merzenhausen,2022-11-07 10:00:00,42,val,0.232,0.2478535
Merzenhausen,2022-11-07 11:00:00,42,val,0.233,0.24856529
Merzenhausen,2022-11-07 12:00:00,42,val,0.231,0.25003463
Merzenhausen,2022-11-07 13:00:00,42,val,0.231,0.25082815
Merzenhausen,2022-11-07 14:00:00,42,val,0.229,0.250833
Merzenhausen,2022-11-07 15:00:00,42,val,0.229,0.25024253
Merzenhausen,2022-11-07 16:00:00,42,val,0.229,0.24917737
Merzenhausen,2022-11-07 17:00:00,42,val,0.23,0.24769543
Merzenhausen,2022-11-07 18:00:00,42,val,0.227,0.24592924
Merzenhausen,2022-11-07 19:00:00,42,val,0.227,0.24416411
Merzenhausen,2022-11-07 20:00:00,42,val,0.227,0.2425687
Merzenhausen,2022-11-07 21:00:00,42,val,0.228,0.2412637
Merzenhausen,2022-11-07 22:00:00,42,val,0.228,0.24030082
Merzenhausen,2022-11-07 23:00:00,42,val,0.228,0.2396213
Merzenhausen,2022-11-08 00:00:00,42,val,0.228,0.23925641
Merzenhausen,2022-11-08 01:00:00,42,val,0.228,0.23909667
Merzenhausen,2022-11-08 02:00:00,42,val,0.23,0.23909116
Merzenhausen,2022-11-08 03:00:00,42,val,0.23,0.23906966
Merzenhausen,2022-11-08 04:00:00,42,val,0.232,0.23921761
Merzenhausen,2022-11-08 05:00:00,42,val,0.232,0.23941977
Merzenhausen,2022-11-08 06:00:00,42,val,0.229,0.23964955
Merzenhausen,2022-11-08 07:00:00,42,val,0.23,0.24002525
Merzenhausen,2022-11-08 08:00:00,42,val,0.23,0.24059542
Merzenhausen,2022-11-08 09:00:00,42,val,0.228,0.24124904
Merzenhausen,2022-11-08 10:00:00,42,val,0.228,0.24186216
Merzenhausen,2022-11-08 11:00:00,42,val,0.226,0.24233481
Merzenhausen,2022-11-08 12:00:00,42,val,0.227,0.24251434
Merzenhausen,2022-11-08 13:00:00,42,val,0.224,0.2425173
Merzenhausen,2022-11-08 14:00:00,42,val,0.225,0.24225712
Merzenhausen,2022-11-08 15:00:00,42,val,0.225,0.24184997
Merzenhausen,2022-11-08 16:00:00,42,val,0.225,0.24114281
Merzenhausen,2022-11-08 17:00:00,42,val,0.225,0.24013753
Merzenhausen,2022-11-08 18:00:00,42,val,0.223,0.23890567
Merzenhausen,2022-11-08 19:00:00,42,val,0.225,0.2376066
Merzenhausen,2022-11-08 20:00:00,42,val,0.226,0.2365643
Merzenhausen,2022-11-08 21:00:00,42,val,0.226,0.23570728
Merzenhausen,2022-11-08 22:00:00,42,val,0.226,0.2351565
Merzenhausen,2022-11-08 23:00:00,42,val,0.224,0.23487692
Merzenhausen,2022-11-09 00:00:00,42,val,0.224,0.23498966
Merzenhausen,2022-11-09 01:00:00,42,val,0.224,0.23539588
Merzenhausen,2022-11-09 02:00:00,42,val,0.224,0.23590493
Merzenhausen,2022-11-09 03:00:00,42,val,0.224,0.23658508
Merzenhausen,2022-11-09 04:00:00,42,val,0.222,0.2372852
Merzenhausen,2022-11-09 05:00:00,42,val,0.222,0.23871718
Merzenhausen,2022-11-09 06:00:00,42,val,0.223,0.23981902
Merzenhausen,2022-11-09 07:00:00,42,val,0.223,0.24071646
Merzenhausen,2022-11-09 08:00:00,42,val,0.22,0.24134606
Merzenhausen,2022-11-09 09:00:00,42,val,0.221,0.24181901
Merzenhausen,2022-11-09 10:00:00,42,val,0.221,0.24217016
Merzenhausen,2022-11-09 11:00:00,42,val,0.223,0.24249122
Merzenhausen,2022-11-09 12:00:00,42,val,0.221,0.24265258
Merzenhausen,2022-11-09 13:00:00,42,val,0.222,0.24265838
Merzenhausen,2022-11-09 14:00:00,42,val,0.223,0.24229696
Merzenhausen,2022-11-09 15:00:00,42,val,0.223,0.24154106
Merzenhausen,2022-11-09 16:00:00,42,val,0.222,0.24042568
Merzenhausen,2022-11-09 17:00:00,42,val,0.222,0.2389939
Merzenhausen,2022-11-09 18:00:00,42,val,0.223,0.23720896
Merzenhausen,2022-11-09 19:00:00,42,val,0.222,0.23527747
Merzenhausen,2022-11-09 20:00:00,42,val,0.22,0.23341525
Merzenhausen,2022-11-09 21:00:00,42,val,0.22,0.2318299
Merzenhausen,2022-11-09 22:00:00,42,val,0.221,0.23060009
Merzenhausen,2022-11-09 23:00:00,42,val,0.221,0.22969289
Merzenhausen,2022-11-10 00:00:00,42,val,0.219,0.2291013
Merzenhausen,2022-11-10 01:00:00,42,val,0.221,0.22877738
Merzenhausen,2022-11-10 02:00:00,42,val,0.221,0.22876103
Merzenhausen,2022-11-10 03:00:00,42,val,0.22,0.22891185
Merzenhausen,2022-11-10 04:00:00,42,val,0.221,0.22938111
Merzenhausen,2022-11-10 05:00:00,42,val,0.221,0.23008707
Merzenhausen,2022-11-10 06:00:00,42,val,0.219,0.23081288
Merzenhausen,2022-11-10 07:00:00,42,val,0.219,0.23161794
Merzenhausen,2022-11-10 08:00:00,42,val,0.219,0.23252997
Merzenhausen,2022-11-10 09:00:00,42,val,0.22,0.2333881
Merzenhausen,2022-11-10 10:00:00,42,val,0.22,0.23419625
Merzenhausen,2022-11-10 11:00:00,42,val,0.2225,0.23480073
Merzenhausen,2022-11-10 12:00:00,42,val,0.219,0.23526344
Merzenhausen,2022-11-10 13:00:00,42,val,0.219,0.23539592
Merzenhausen,2022-11-10 14:00:00,42,val,0.219,0.23533773
Merzenhausen,2022-11-10 15:00:00,42,val,0.219,0.23513052
Merzenhausen,2022-11-10 16:00:00,42,val,0.219,0.23466258
Merzenhausen,2022-11-10 17:00:00,42,val,0.219,0.23387407
Merzenhausen,2022-11-10 18:00:00,42,val,0.219,0.23265769
Merzenhausen,2022-11-10 19:00:00,42,val,0.219,0.2313326
Merzenhausen,2022-11-10 20:00:00,42,val,0.219,0.2300837
Merzenhausen,2022-11-10 21:00:00,42,val,0.216,0.22904475
Merzenhausen,2022-11-10 22:00:00,42,val,0.217,0.22818305
Merzenhausen,2022-11-10 23:00:00,42,val,0.217,0.22739646
Merzenhausen,2022-11-11 00:00:00,42,val,0.217,0.22669552
Merzenhausen,2022-11-11 01:00:00,42,val,0.217,0.22608885
Merzenhausen,2022-11-11 02:00:00,42,val,0.217,0.2253845
Merzenhausen,2022-11-11 03:00:00,42,val,0.218,0.22478567
Merzenhausen,2022-11-11 04:00:00,42,val,0.215,0.22419924
Merzenhausen,2022-11-11 05:00:00,42,val,0.215,0.22380604
Merzenhausen,2022-11-11 06:00:00,42,val,0.216,0.22364819
Merzenhausen,2022-11-11 07:00:00,42,val,0.216,0.22381206
Merzenhausen,2022-11-11 08:00:00,42,val,0.216,0.22414497
Merzenhausen,2022-11-11 09:00:00,42,val,0.214,0.22466093
Merzenhausen,2022-11-11 10:00:00,42,val,0.218,0.22535965
Merzenhausen,2022-11-11 11:00:00,42,val,0.215,0.22622257
Merzenhausen,2022-11-11 12:00:00,42,val,0.215,0.22693896
Merzenhausen,2022-11-11 13:00:00,42,val,0.215,0.22759524
Merzenhausen,2022-11-11 14:00:00,42,val,0.213,0.22822693
Merzenhausen,2022-11-11 15:00:00,42,val,0.214,0.22871451
Merzenhausen,2022-11-11 16:00:00,42,val,0.214,0.22903802
Merzenhausen,2022-11-11 17:00:00,42,val,0.213,0.22900344
Merzenhausen,2022-11-11 18:00:00,42,val,0.21,0.22888082
Merzenhausen,2022-11-11 19:00:00,42,val,0.211,0.22855565
Merzenhausen,2022-11-11 20:00:00,42,val,0.211,0.22801237
Merzenhausen,2022-11-11 21:00:00,42,val,0.214,0.22726603
Merzenhausen,2022-11-11 22:00:00,42,val,0.214,0.22651298
Merzenhausen,2022-11-11 23:00:00,42,val,0.212,0.22571729
Merzenhausen,2022-11-12 00:00:00,42,val,0.212,0.22482371
Merzenhausen,2022-11-12 01:00:00,42,val,0.213,0.22393341
Merzenhausen,2022-11-12 02:00:00,42,val,0.211,0.2230897
Merzenhausen,2022-11-12 03:00:00,42,val,0.212,0.22230744
Merzenhausen,2022-11-12 04:00:00,42,val,0.212,0.2217129
Merzenhausen,2022-11-12 05:00:00,42,val,0.213,0.22131477
Merzenhausen,2022-11-12 06:00:00,42,val,0.213,0.22102764
Merzenhausen,2022-11-12 07:00:00,42,val,0.213,0.22104147
Merzenhausen,2022-11-12 08:00:00,42,val,0.211,0.22139266
Merzenhausen,2022-11-12 09:00:00,42,val,0.211,0.2221242
Merzenhausen,2022-11-12 10:00:00,42,val,0.211,0.2229363
Merzenhausen,2022-11-12 11:00:00,42,val,0.212,0.22399136
Merzenhausen,2022-11-12 12:00:00,42,val,0.211,0.22490714
Merzenhausen,2022-11-12 13:00:00,42,val,0.208,0.22555241
Merzenhausen,2022-11-12 14:00:00,42,val,0.211,0.22590677
Merzenhausen,2022-11-12 15:00:00,42,val,0.211,0.22606316
Merzenhausen,2022-11-12 16:00:00,42,val,0.211,0.22601834
Merzenhausen,2022-11-12 17:00:00,42,val,0.211,0.22575688
Merzenhausen,2022-11-12 18:00:00,42,val,0.211,0.22523959
Merzenhausen,2022-11-12 19:00:00,42,val,0.211,0.22457531
Merzenhausen,2022-11-12 20:00:00,42,val,0.211,0.22385311
Merzenhausen,2022-11-12 21:00:00,42,val,0.211,0.22297715
Merzenhausen,2022-11-12 22:00:00,42,val,0.194,0.22213712
Merzenhausen,2022-11-12 23:00:00,42,val,0.211,0.22141762
Merzenhausen,2022-11-13 00:00:00,42,val,0.211,0.22077058
Merzenhausen,2022-11-13 01:00:00,42,val,0.21,0.22013186
Merzenhausen,2022-11-13 02:00:00,42,val,0.21,0.2195816
Merzenhausen,2022-11-13 03:00:00,42,val,0.1935,0.21914966
Merzenhausen,2022-11-13 04:00:00,42,val,0.21,0.2186302
Merzenhausen,2022-11-13 05:00:00,42,val,0.21,0.21818407
Merzenhausen,2022-11-13 06:00:00,42,val,0.213,0.21785331
Merzenhausen,2022-11-13 07:00:00,42,val,0.212,0.21778215
Merzenhausen,2022-11-13 08:00:00,42,val,0.212,0.21809429
Merzenhausen,2022-11-13 09:00:00,42,val,0.212,0.2184632
Merzenhausen,2022-11-13 10:00:00,42,val,0.21,0.21906868
Merzenhausen,2022-11-13 11:00:00,42,val,0.21,0.21950589
Merzenhausen,2022-11-13 12:00:00,42,val,0.208,0.21975467
Merzenhausen,2022-11-13 13:00:00,42,val,0.208,0.21986665
Merzenhausen,2022-11-13 14:00:00,42,val,0.208,0.21966739
Merzenhausen,2022-11-13 15:00:00,42,val,0.208,0.21937042
Merzenhausen,2022-11-13 16:00:00,42,val,0.208,0.21894969
Merzenhausen,2022-11-13 17:00:00,42,val,0.208,0.21853308
Merzenhausen,2022-11-13 18:00:00,42,val,0.208,0.2178388
Merzenhausen,2022-11-13 19:00:00,42,val,0.208,0.2169995
Merzenhausen,2022-11-13 20:00:00,42,val,0.208,0.21609658
Merzenhausen,2022-11-13 21:00:00,42,val,0.208,0.21542713
Merzenhausen,2022-11-13 22:00:00,42,val,0.208,0.21491049
Merzenhausen,2022-11-13 23:00:00,42,val,0.208,0.21436492
Merzenhausen,2022-11-14 00:00:00,42,val,0.208,0.21384954
Merzenhausen,2022-11-14 01:00:00,42,val,0.211,0.21329978
Merzenhausen,2022-11-14 02:00:00,42,val,0.211,0.21277077
Merzenhausen,2022-11-14 03:00:00,42,val,0.21,0.21240306
Merzenhausen,2022-11-14 04:00:00,42,val,0.21,0.21215199
Merzenhausen,2022-11-14 05:00:00,42,val,0.21,0.21205033
Merzenhausen,2022-11-14 06:00:00,42,val,0.21,0.2122143
Merzenhausen,2022-11-14 07:00:00,42,val,0.21,0.21259886
Merzenhausen,2022-11-14 08:00:00,42,val,0.21,0.21309707
Merzenhausen,2022-11-14 09:00:00,42,val,0.211,0.21379259
Merzenhausen,2022-11-14 10:00:00,42,val,0.207,0.2146597
Merzenhausen,2022-11-14 11:00:00,42,val,0.207,0.2156992
Merzenhausen,2022-11-14 12:00:00,42,val,0.208,0.21676485
Merzenhausen,2022-11-14 13:00:00,42,val,0.208,0.2176452
Merzenhausen,2022-11-14 14:00:00,42,val,0.208,0.21844041
Merzenhausen,2022-11-14 15:00:00,42,val,0.21,0.21910714
Merzenhausen,2022-11-14 16:00:00,42,val,0.21,0.21950054
Merzenhausen,2022-11-14 17:00:00,42,val,0.21,0.21956411
Merzenhausen,2022-11-14 18:00:00,42,val,0.21,0.21939544
Merzenhausen,2022-11-14 19:00:00,42,val,0.21,0.21895246
Merzenhausen,2022-11-14 20:00:00,42,val,0.211,0.21839613
Merzenhausen,2022-11-14 21:00:00,42,val,0.211,0.21773902
Merzenhausen,2022-11-14 22:00:00,42,val,0.211,0.21594952
Merzenhausen,2022-11-14 23:00:00,42,val,0.211,0.21458922
Merzenhausen,2022-11-15 00:00:00,42,val,0.211,0.21363175
Merzenhausen,2022-11-15 01:00:00,42,val,0.21,0.2128999
Merzenhausen,2022-11-15 02:00:00,42,val,0.21,0.21234797
Merzenhausen,2022-11-15 03:00:00,42,val,0.21,0.21087776
Merzenhausen,2022-11-15 04:00:00,42,val,0.21,0.2100307
Merzenhausen,2022-11-15 05:00:00,42,val,0.213,0.2096497
Merzenhausen,2022-11-15 06:00:00,42,val,0.213,0.20980556
Merzenhausen,2022-11-15 07:00:00,42,val,0.212,0.21033448
Merzenhausen,2022-11-15 08:00:00,42,val,0.212,0.21103185
Merzenhausen,2022-11-15 09:00:00,42,val,0.212,0.21183543
Merzenhausen,2022-11-15 10:00:00,42,val,0.212,0.2124708
Merzenhausen,2022-11-15 11:00:00,42,val,0.212,0.21287444
Merzenhausen,2022-11-15 12:00:00,42,val,0.212,0.21298672
Merzenhausen,2022-11-15 13:00:00,42,val,0.211,0.21291846
Merzenhausen,2022-11-15 14:00:00,42,val,0.211,0.2126643
Merzenhausen,2022-11-15 15:00:00,42,val,0.211,0.21223296
Merzenhausen,2022-11-15 16:00:00,42,val,0.212,0.21161032
Merzenhausen,2022-11-15 17:00:00,42,val,0.211,0.21400866
Merzenhausen,2022-11-15 18:00:00,42,val,0.212,0.22542489
Merzenhausen,2022-11-15 19:00:00,42,val,0.212,0.23110996
Merzenhausen,2022-11-15 20:00:00,42,val,0.212,0.23257336
Merzenhausen,2022-11-15 21:00:00,42,val,0.212,0.23514195
Merzenhausen,2022-11-15 22:00:00,42,val,0.212,0.2381313
Merzenhausen,2022-11-15 23:00:00,42,val,0.212,0.237905
Merzenhausen,2022-11-16 00:00:00,42,val,0.194,0.23802426
Merzenhausen,2022-11-16 01:00:00,42,val,0.212,0.24670926
Merzenhausen,2022-11-16 02:00:00,42,val,0.212,0.25106716
Merzenhausen,2022-11-16 03:00:00,42,val,0.1945,0.252324
Merzenhausen,2022-11-16 04:00:00,42,val,0.1945,0.25815016
Merzenhausen,2022-11-16 05:00:00,42,val,0.212,0.25642747
Merzenhausen,2022-11-16 06:00:00,42,val,0.21,0.25294146
Merzenhausen,2022-11-16 07:00:00,42,val,0.21,0.24867502
Merzenhausen,2022-11-16 08:00:00,42,val,0.2275,0.24445689
Merzenhausen,2022-11-16 09:00:00,42,val,0.214,0.24059674
Merzenhausen,2022-11-16 10:00:00,42,val,0.195,0.23705697
Merzenhausen,2022-11-16 11:00:00,42,val,0.212,0.23386686
Merzenhausen,2022-11-16 12:00:00,42,val,0.245,0.23106144
Merzenhausen,2022-11-16 13:00:00,42,val,0.244,0.2285242
Merzenhausen,2022-11-16 14:00:00,42,val,0.213,0.22607233
Merzenhausen,2022-11-16 15:00:00,42,val,0.213,0.22384684
Merzenhausen,2022-11-16 16:00:00,42,val,0.213,0.22170867
Merzenhausen,2022-11-16 17:00:00,42,val,0.226,0.21950254
Merzenhausen,2022-11-16 18:00:00,42,val,0.215,0.21730603
Merzenhausen,2022-11-16 19:00:00,42,val,0.215,0.21519364
Merzenhausen,2022-11-16 20:00:00,42,val,0.215,0.21338232
Merzenhausen,2022-11-16 21:00:00,42,val,0.215,0.21200965
Merzenhausen,2022-11-16 22:00:00,42,val,0.215,0.21469449
Merzenhausen,2022-11-16 23:00:00,42,val,0.213,0.2189428
Merzenhausen,2022-11-17 00:00:00,42,val,0.226,0.22389017
Merzenhausen,2022-11-17 01:00:00,42,val,0.216,0.23336433
Merzenhausen,2022-11-17 02:00:00,42,val,0.216,0.23624998
Merzenhausen,2022-11-17 03:00:00,42,val,0.246,0.23875085
Merzenhausen,2022-11-17 04:00:00,42,val,0.213,0.23843706
Merzenhausen,2022-11-17 05:00:00,42,val,0.213,0.24026705
Merzenhausen,2022-11-17 06:00:00,42,val,0.214,0.24291754
Merzenhausen,2022-11-17 07:00:00,42,val,0.214,0.24276999
Merzenhausen,2022-11-17 08:00:00,42,val,0.214,0.24219292
Merzenhausen,2022-11-17 09:00:00,42,val,0.216,0.24139884
Merzenhausen,2022-11-17 10:00:00,42,val,0.214,0.23975615
Merzenhausen,2022-11-17 11:00:00,42,val,0.214,0.23778692
Merzenhausen,2022-11-17 12:00:00,42,val,0.214,0.23569934
Merzenhausen,2022-11-17 13:00:00,42,val,0.214,0.23346263
Merzenhausen,2022-11-17 14:00:00,42,val,0.217,0.23109493
Merzenhausen,2022-11-17 15:00:00,42,val,0.217,0.22864929
Merzenhausen,2022-11-17 16:00:00,42,val,0.217,0.22612874
Merzenhausen,2022-11-17 17:00:00,42,val,0.217,0.22348797
Merzenhausen,2022-11-17 18:00:00,42,val,0.217,0.22087117
Merzenhausen,2022-11-17 19:00:00,42,val,0.217,0.21839982
Merzenhausen,2022-11-17 20:00:00,42,val,0.217,0.21622461
Merzenhausen,2022-11-17 21:00:00,42,val,0.258,0.21443833
Merzenhausen,2022-11-17 22:00:00,42,val,0.1985,0.21308687
Merzenhausen,2022-11-17 23:00:00,42,val,0.2395,0.21213749
Merzenhausen,2022-11-18 00:00:00,42,val,0.2595,0.21035415
Merzenhausen,2022-11-18 01:00:00,42,val,0.219,0.2093071
Merzenhausen,2022-11-18 02:00:00,42,val,0.199,0.20870863
Merzenhausen,2022-11-18 03:00:00,42,val,0.238,0.20725314
Merzenhausen,2022-11-18 04:00:00,42,val,0.2005,0.20568967
Merzenhausen,2022-11-18 05:00:00,42,val,0.221,0.20523262
Merzenhausen,2022-11-18 06:00:00,42,val,0.2595,0.20544358
Merzenhausen,2022-11-18 07:00:00,42,val,0.2405,0.20603392
Merzenhausen,2022-11-18 08:00:00,42,val,0.221,0.20802079
Merzenhausen,2022-11-18 09:00:00,42,val,0.22,0.21006614
Merzenhausen,2022-11-18 10:00:00,42,val,0.2395,0.21075442
Merzenhausen,2022-11-18 11:00:00,42,val,0.222,0.21160959
Merzenhausen,2022-11-18 12:00:00,42,val,0.22,0.21474868
Merzenhausen,2022-11-18 13:00:00,42,val,0.238,0.21907365
Merzenhausen,2022-11-18 14:00:00,42,val,0.222,0.22170123
Merzenhausen,2022-11-18 15:00:00,42,val,0.24,0.22296515
Merzenhausen,2022-11-18 16:00:00,42,val,0.224,0.2230953
Merzenhausen,2022-11-18 17:00:00,42,val,0.224,0.22324345
Merzenhausen,2022-11-18 18:00:00,42,val,0.224,0.22421587
Merzenhausen,2022-11-18 19:00:00,42,val,0.222,0.22803739
Merzenhausen,2022-11-18 20:00:00,42,val,0.224,0.22947307
Merzenhausen,2022-11-18 21:00:00,42,val,0.226,0.22873044
Merzenhausen,2022-11-18 22:00:00,42,val,0.225,0.22690077
Merzenhausen,2022-11-18 23:00:00,42,val,0.228,0.22456929
Merzenhausen,2022-11-19 00:00:00,42,val,0.227,0.22299385
Merzenhausen,2022-11-19 01:00:00,42,val,0.229,0.22293621
Merzenhausen,2022-11-19 02:00:00,42,val,0.23,0.2277233
Merzenhausen,2022-11-19 03:00:00,42,val,0.23,0.23074467
Merzenhausen,2022-11-19 04:00:00,42,val,0.232,0.23284473
Merzenhausen,2022-11-19 05:00:00,42,val,0.232,0.23744664
Merzenhausen,2022-11-19 06:00:00,42,val,0.232,0.24136212
Merzenhausen,2022-11-19 07:00:00,42,val,0.233,0.24161991
Merzenhausen,2022-11-19 08:00:00,42,val,0.235,0.24266282
Merzenhausen,2022-11-19 09:00:00,42,val,0.235,0.24321516
Merzenhausen,2022-11-19 10:00:00,42,val,0.24,0.24184743
Merzenhausen,2022-11-19 11:00:00,42,val,0.236,0.23964898
Merzenhausen,2022-11-19 12:00:00,42,val,0.238,0.23733932
Merzenhausen,2022-11-19 13:00:00,42,val,0.315,0.23522936
Merzenhausen,2022-11-19 14:00:00,42,val,0.213,0.23363072
Merzenhausen,2022-11-19 15:00:00,42,val,0.187,0.23245153
Merzenhausen,2022-11-19 16:00:00,42,val,0.315,0.23158202
Merzenhausen,2022-11-19 17:00:00,42,val,0.243,0.23088306
Merzenhausen,2022-11-19 18:00:00,42,val,0.278,0.2301751
Merzenhausen,2022-11-19 19:00:00,42,val,0.189,0.22938876
Merzenhausen,2022-11-19 20:00:00,42,val,0.245,0.22849944
Merzenhausen,2022-11-19 21:00:00,42,val,0.279,0.22974807
Merzenhausen,2022-11-19 22:00:00,42,val,0.245,0.22889116
Merzenhausen,2022-11-19 23:00:00,42,val,0.31,0.2288478
Merzenhausen,2022-11-20 00:00:00,42,val,0.247,0.2303702
Merzenhausen,2022-11-20 01:00:00,42,val,0.31,0.23051378
Merzenhausen,2022-11-20 02:00:00,42,val,0.247,0.22854844
Merzenhausen,2022-11-20 03:00:00,42,val,0.252,0.22755492
Merzenhausen,2022-11-20 04:00:00,42,val,0.247,0.22513036
Merzenhausen,2022-11-20 05:00:00,42,val,0.31,0.22318298
Merzenhausen,2022-11-20 06:00:00,42,val,0.249,0.22388192
Merzenhausen,2022-11-20 07:00:00,42,val,0.28,0.22523515
Merzenhausen,2022-11-20 08:00:00,42,val,0.249,0.22595176
Merzenhausen,2022-11-20 09:00:00,42,val,0.249,0.22628805
Merzenhausen,2022-11-20 10:00:00,42,val,0.31,0.22756983
Merzenhausen,2022-11-20 11:00:00,42,val,0.252,0.22844625
Merzenhausen,2022-11-20 12:00:00,42,val,0.281,0.22897911
Merzenhausen,2022-11-20 13:00:00,42,val,0.251,0.23037165
Merzenhausen,2022-11-20 14:00:00,42,val,0.2794999999999999,0.23126528
Merzenhausen,2022-11-20 15:00:00,42,val,0.251,0.2355439
Merzenhausen,2022-11-20 16:00:00,42,val,0.308,0.24330083
Merzenhausen,2022-11-20 17:00:00,42,val,0.253,0.2524732
Merzenhausen,2022-11-20 18:00:00,42,val,0.279,0.25982255
Merzenhausen,2022-11-20 19:00:00,42,val,0.251,0.26068193
Merzenhausen,2022-11-20 20:00:00,42,val,0.308,0.2578302
Merzenhausen,2022-11-20 21:00:00,42,val,0.253,0.25331667
Merzenhausen,2022-11-20 22:00:00,42,val,0.279,0.24825114
Merzenhausen,2022-11-20 23:00:00,42,val,0.252,0.24358696
Merzenhausen,2022-11-21 00:00:00,42,val,0.306,0.23954119
Merzenhausen,2022-11-21 01:00:00,42,val,0.253,0.23632322
Merzenhausen,2022-11-21 02:00:00,42,val,0.254,0.23386417
Merzenhausen,2022-11-21 03:00:00,42,val,0.279,0.23208648
Merzenhausen,2022-11-21 04:00:00,42,val,0.2535,0.23098074
Merzenhausen,2022-11-21 05:00:00,42,val,0.255,0.23036233
Merzenhausen,2022-11-21 06:00:00,42,val,0.255,0.23012187
Merzenhausen,2022-11-21 07:00:00,42,val,0.279,0.2311043
Merzenhausen,2022-11-21 08:00:00,42,val,0.255,0.23199354
Merzenhausen,2022-11-21 09:00:00,42,val,0.2774999999999999,0.23284036
Merzenhausen,2022-11-21 10:00:00,42,val,0.253,0.23389217
Merzenhausen,2022-11-21 11:00:00,42,val,0.254,0.23477034
Merzenhausen,2022-11-21 12:00:00,42,val,0.2784999999999999,0.235553
Merzenhausen,2022-11-21 13:00:00,42,val,0.253,0.24059576
Merzenhausen,2022-11-21 14:00:00,42,val,0.253,0.24237637
Merzenhausen,2022-11-21 15:00:00,42,val,0.278,0.23982003
Merzenhausen,2022-11-21 16:00:00,42,val,0.255,0.24201715
Merzenhausen,2022-11-21 17:00:00,42,val,0.229,0.2431806
Merzenhausen,2023-01-01 06:00:00,42,val,0.348,0.33676714
Merzenhausen,2023-01-01 07:00:00,42,val,0.349,0.33575842
Merzenhausen,2023-01-01 08:00:00,42,val,0.349,0.33678186
Merzenhausen,2023-01-01 09:00:00,42,val,0.347,0.3366636
Merzenhausen,2023-01-01 10:00:00,42,val,0.349,0.33595726
Merzenhausen,2023-01-01 11:00:00,42,val,0.347,0.33504114
Merzenhausen,2023-01-01 12:00:00,42,val,0.347,0.3365472
Merzenhausen,2023-01-01 13:00:00,42,val,0.347,0.33673465
Merzenhausen,2023-01-01 14:00:00,42,val,0.347,0.3363843
Merzenhausen,2023-01-01 15:00:00,42,val,0.347,0.3357381
Merzenhausen,2023-01-01 16:00:00,42,val,0.345,0.3377971
Merzenhausen,2023-01-01 17:00:00,42,val,0.345,0.34028342
Merzenhausen,2023-01-01 18:00:00,42,val,0.347,0.34192884
Merzenhausen,2023-01-01 19:00:00,42,val,0.347,0.3437963
Merzenhausen,2023-01-01 20:00:00,42,val,0.345,0.34838796
Merzenhausen,2023-01-01 21:00:00,42,val,0.345,0.34737363
Merzenhausen,2023-01-01 22:00:00,42,val,0.345,0.34575686
Merzenhausen,2023-01-01 23:00:00,42,val,0.345,0.34400713
Merzenhausen,2023-01-02 00:00:00,42,val,0.342,0.34655327
Merzenhausen,2023-01-02 01:00:00,42,val,0.343,0.3453768
Merzenhausen,2023-01-02 02:00:00,42,val,0.344,0.34384322
Merzenhausen,2023-01-02 03:00:00,42,val,0.344,0.34247854
Merzenhausen,2023-01-02 04:00:00,42,val,0.344,0.3439949
Merzenhausen,2023-01-02 05:00:00,42,val,0.344,0.34284312
Merzenhausen,2023-01-02 06:00:00,42,val,0.344,0.34099382
Merzenhausen,2023-01-02 07:00:00,42,val,0.344,0.33919924
Merzenhausen,2023-01-02 08:00:00,42,val,0.344,0.3404789
Merzenhausen,2023-01-02 09:00:00,42,val,0.342,0.34140897
Merzenhausen,2023-01-02 10:00:00,42,val,0.342,0.34075773
Merzenhausen,2023-01-02 11:00:00,42,val,0.342,0.33950618
Merzenhausen,2023-01-02 12:00:00,42,val,0.342,0.3403575
Merzenhausen,2023-01-02 13:00:00,42,val,0.345,0.33736944
Merzenhausen,2023-01-02 14:00:00,42,val,0.342,0.33579206
Merzenhausen,2023-01-02 15:00:00,42,val,0.344,0.33454162
Merzenhausen,2023-01-02 16:00:00,42,val,0.342,0.33702976
Merzenhausen,2023-01-02 17:00:00,42,val,0.345,0.3339072
Merzenhausen,2023-01-02 18:00:00,42,val,0.343,0.3362146
Merzenhausen,2023-01-02 19:00:00,42,val,0.343,0.33461684
Merzenhausen,2023-01-02 20:00:00,42,val,0.343,0.33476114
Merzenhausen,2023-01-02 21:00:00,42,val,0.343,0.32759905
Merzenhausen,2023-01-02 22:00:00,42,val,0.343,0.3254348
Merzenhausen,2023-01-02 23:00:00,42,val,0.343,0.32480764
Merzenhausen,2023-01-03 00:00:00,42,val,0.345,0.32685715
Merzenhausen,2023-01-03 01:00:00,42,val,0.343,0.32178605
Merzenhausen,2023-01-03 02:00:00,42,val,0.345,0.3204561
Merzenhausen,2023-01-03 03:00:00,42,val,0.342,0.3206131
Merzenhausen,2023-01-03 04:00:00,42,val,0.342,0.32400548
Merzenhausen,2023-01-03 05:00:00,42,val,0.342,0.32045
Merzenhausen,2023-01-03 06:00:00,42,val,0.342,0.3194086
Merzenhausen,2023-01-03 07:00:00,42,val,0.343,0.31976333
Merzenhausen,2023-01-03 08:00:00,42,val,0.343,0.32453737
Merzenhausen,2023-01-03 09:00:00,42,val,0.34,0.32132912
Merzenhausen,2023-01-03 10:00:00,42,val,0.34,0.3205393
Merzenhausen,2023-01-03 11:00:00,42,val,0.341,0.32125357
Merzenhausen,2023-01-03 12:00:00,42,val,0.341,0.32702288
Merzenhausen,2023-01-03 13:00:00,42,val,0.341,0.3235587
Merzenhausen,2023-01-03 14:00:00,42,val,0.341,0.3230723
Merzenhausen,2023-01-03 15:00:00,42,val,0.341,0.32375774
Merzenhausen,2023-01-03 16:00:00,42,val,0.338,0.32888156
Merzenhausen,2023-01-03 17:00:00,42,val,0.338,0.32470354
Merzenhausen,2023-01-03 18:00:00,42,val,0.338,0.32386512
Merzenhausen,2023-01-03 19:00:00,42,val,0.338,0.3239534
Merzenhausen,2023-01-03 20:00:00,42,val,0.341,0.32868427
Merzenhausen,2023-01-03 21:00:00,42,val,0.34,0.3239739
Merzenhausen,2023-01-03 22:00:00,42,val,0.34,0.32300097
Merzenhausen,2023-01-03 23:00:00,42,val,0.34,0.32320285
Merzenhausen,2023-01-04 00:00:00,42,val,0.343,0.32764715
Merzenhausen,2023-01-04 01:00:00,42,val,0.343,0.32373258
Merzenhausen,2023-01-04 02:00:00,42,val,0.342,0.32285547
Merzenhausen,2023-01-04 03:00:00,42,val,0.342,0.32326233
Merzenhausen,2023-01-04 04:00:00,42,val,0.342,0.32673973
Merzenhausen,2023-01-04 05:00:00,42,val,0.342,0.32402238
Merzenhausen,2023-01-04 06:00:00,42,val,0.342,0.3231608
Merzenhausen,2023-01-04 07:00:00,42,val,0.34,0.32358277
Merzenhausen,2023-01-04 08:00:00,42,val,0.34,0.3248737
Merzenhausen,2023-01-04 09:00:00,42,val,0.34,0.32644805
Merzenhausen,2023-01-04 10:00:00,42,val,0.34,0.32800207
Merzenhausen,2023-01-04 11:00:00,42,val,0.34,0.32986325
Merzenhausen,2023-01-04 12:00:00,42,val,0.34,0.33166927
Merzenhausen,2023-01-04 13:00:00,42,val,0.34,0.33279085
Merzenhausen,2023-01-04 14:00:00,42,val,0.34,0.33446488
Merzenhausen,2023-01-04 15:00:00,42,val,0.34,0.3351477
Merzenhausen,2023-01-04 16:00:00,42,val,0.34,0.33645532
Merzenhausen,2023-01-04 17:00:00,42,val,0.34,0.33833003
Merzenhausen,2023-01-04 18:00:00,42,val,0.3405,0.33877307
Merzenhausen,2023-01-04 19:00:00,42,val,0.34,0.33861637
Merzenhausen,2023-01-04 20:00:00,42,val,0.342,0.33810753
Merzenhausen,2023-01-04 21:00:00,42,val,0.34,0.3374895
Merzenhausen,2023-01-04 22:00:00,42,val,0.3405,0.3369028
Merzenhausen,2023-01-04 23:00:00,42,val,0.34,0.33644953
Merzenhausen,2023-01-05 00:00:00,42,val,0.34,0.3361659
Merzenhausen,2023-01-05 01:00:00,42,val,0.34,0.33599386
Merzenhausen,2023-01-05 02:00:00,42,val,0.34,0.3359379
Merzenhausen,2023-01-05 03:00:00,42,val,0.34,0.3358814
Merzenhausen,2023-01-05 04:00:00,42,val,0.34,0.33578634
Merzenhausen,2023-01-05 05:00:00,42,val,0.34,0.33564225
Merzenhausen,2023-01-05 06:00:00,42,val,0.341,0.33541423
Merzenhausen,2023-01-05 07:00:00,42,val,0.34,0.33513367
Merzenhausen,2023-01-05 08:00:00,42,val,0.341,0.33482993
Merzenhausen,2023-01-05 09:00:00,42,val,0.338,0.33449125
Merzenhausen,2023-01-05 10:00:00,42,val,0.338,0.33414486
Merzenhausen,2023-01-05 11:00:00,42,val,0.338,0.33384505
Merzenhausen,2023-01-05 12:00:00,42,val,0.338,0.33367163
Merzenhausen,2023-01-05 13:00:00,42,val,0.338,0.3336309
Merzenhausen,2023-01-05 14:00:00,42,val,0.34,0.33367944
Merzenhausen,2023-01-05 15:00:00,42,val,0.34,0.33380032
Merzenhausen,2023-01-05 16:00:00,42,val,0.34,0.33447558
Merzenhausen,2023-01-05 17:00:00,42,val,0.338,0.33637583
Merzenhausen,2023-01-05 18:00:00,42,val,0.338,0.33684546
Merzenhausen,2023-01-05 19:00:00,42,val,0.338,0.3378369
Merzenhausen,2023-01-05 20:00:00,42,val,0.34,0.3388828
Merzenhausen,2023-01-05 21:00:00,42,val,0.338,0.339367
Merzenhausen,2023-01-05 22:00:00,42,val,0.337,0.3390925
Merzenhausen,2023-01-05 23:00:00,42,val,0.337,0.3395165
Merzenhausen,2023-01-06 00:00:00,42,val,0.337,0.33922097
Merzenhausen,2023-01-06 01:00:00,42,val,0.337,0.33873978
Merzenhausen,2023-01-06 02:00:00,42,val,0.338,0.3381769
Merzenhausen,2023-01-06 03:00:00,42,val,0.335,0.33760786
Merzenhausen,2023-01-06 04:00:00,42,val,0.335,0.3370561
Merzenhausen,2023-01-06 05:00:00,42,val,0.335,0.3365135
Merzenhausen,2023-01-06 06:00:00,42,val,0.335,0.33599213
Merzenhausen,2023-01-06 07:00:00,42,val,0.335,0.33543193
Merzenhausen,2023-01-06 08:00:00,42,val,0.335,0.33484805
Merzenhausen,2023-01-06 09:00:00,42,val,0.335,0.33431515
Merzenhausen,2023-01-06 10:00:00,42,val,0.337,0.33387434
Merzenhausen,2023-01-06 11:00:00,42,val,0.335,0.33351266
Merzenhausen,2023-01-06 12:00:00,42,val,0.336,0.33328012
Merzenhausen,2023-01-06 13:00:00,42,val,0.337,0.33372048
Merzenhausen,2023-01-06 14:00:00,42,val,0.336,0.33450827
Merzenhausen,2023-01-06 15:00:00,42,val,0.337,0.3359757
Merzenhausen,2023-01-06 16:00:00,42,val,0.333,0.33759642
Merzenhausen,2023-01-06 17:00:00,42,val,0.335,0.33803278
Merzenhausen,2023-01-06 18:00:00,42,val,0.335,0.33790892
Merzenhausen,2023-01-06 19:00:00,42,val,0.335,0.33738583
Merzenhausen,2023-01-06 20:00:00,42,val,0.335,0.33674216
Merzenhausen,2023-01-06 21:00:00,42,val,0.333,0.33604777
Merzenhausen,2023-01-06 22:00:00,42,val,0.333,0.33542332
Merzenhausen,2023-01-06 23:00:00,42,val,0.334,0.33489662
Merzenhausen,2023-01-07 00:00:00,42,val,0.334,0.33447248
Merzenhausen,2023-01-07 01:00:00,42,val,0.334,0.33418792
Merzenhausen,2023-01-07 02:00:00,42,val,0.334,0.33401358
Merzenhausen,2023-01-07 03:00:00,42,val,0.333,0.33389914
Merzenhausen,2023-01-07 04:00:00,42,val,0.334,0.33382028
Merzenhausen,2023-01-07 05:00:00,42,val,0.335,0.33372664
Merzenhausen,2023-01-07 06:00:00,42,val,0.335,0.33362722
Merzenhausen,2023-01-07 07:00:00,42,val,0.335,0.33346343
Merzenhausen,2023-01-07 08:00:00,42,val,0.332,0.3332475
Merzenhausen,2023-01-07 09:00:00,42,val,0.334,0.33293915
Merzenhausen,2023-01-07 10:00:00,42,val,0.332,0.33259436
Merzenhausen,2023-01-07 11:00:00,42,val,0.332,0.33227217
Merzenhausen,2023-01-07 12:00:00,42,val,0.332,0.33198854
Merzenhausen,2023-01-07 13:00:00,42,val,0.332,0.3318268
Merzenhausen,2023-01-07 14:00:00,42,val,0.333,0.33189094
Merzenhausen,2023-01-07 15:00:00,42,val,0.333,0.33214614
Merzenhausen,2023-01-07 16:00:00,42,val,0.333,0.3324213
Merzenhausen,2023-01-07 17:00:00,42,val,0.332,0.33252302
Merzenhausen,2023-01-07 18:00:00,42,val,0.33,0.33248627
Merzenhausen,2023-01-07 19:00:00,42,val,0.33,0.33228672
Merzenhausen,2023-01-07 20:00:00,42,val,0.33,0.33205402
Merzenhausen,2023-01-07 21:00:00,42,val,0.33,0.33299616
Merzenhausen,2023-01-07 22:00:00,42,val,0.332,0.3331707
Merzenhausen,2023-01-07 23:00:00,42,val,0.334,0.33308017
Merzenhausen,2023-01-08 00:00:00,42,val,0.333,0.33397377
Merzenhausen,2023-01-08 01:00:00,42,val,0.333,0.33415437
Merzenhausen,2023-01-08 02:00:00,42,val,0.332,0.33408916
Merzenhausen,2023-01-08 03:00:00,42,val,0.335,0.33382738
Merzenhausen,2023-01-08 04:00:00,42,val,0.335,0.3344318
Merzenhausen,2023-01-08 05:00:00,42,val,0.332,0.33438057
Merzenhausen,2023-01-08 06:00:00,42,val,0.335,0.33396876
Merzenhausen,2023-01-08 07:00:00,42,val,0.333,0.3351733
Merzenhausen,2023-01-08 08:00:00,42,val,0.333,0.3376463
Merzenhausen,2023-01-08 09:00:00,42,val,0.334,0.33796048
Merzenhausen,2023-01-08 10:00:00,42,val,0.332,0.33726358
Merzenhausen,2023-01-08 11:00:00,42,val,0.334,0.3361851
Merzenhausen,2023-01-08 12:00:00,42,val,0.333,0.33796656
Merzenhausen,2023-01-08 13:00:00,42,val,0.333,0.33792195
Merzenhausen,2023-01-08 14:00:00,42,val,0.335,0.33733234
Merzenhausen,2023-01-08 15:00:00,42,val,0.333,0.33650726
Merzenhausen,2023-01-08 16:00:00,42,val,0.334,0.33873698
Merzenhausen,2023-01-08 17:00:00,42,val,0.333,0.33864266
Merzenhausen,2023-01-08 18:00:00,42,val,0.333,0.33799464
Merzenhausen,2023-01-08 19:00:00,42,val,0.333,0.33686852
Merzenhausen,2023-01-08 20:00:00,42,val,0.333,0.33877635
Merzenhausen,2023-01-08 21:00:00,42,val,0.3329999999999999,0.33827
Merzenhausen,2023-01-08 22:00:00,42,val,0.334,0.33724424
Merzenhausen,2023-01-08 23:00:00,42,val,0.333,0.33701575
Merzenhausen,2023-01-09 00:00:00,42,val,0.333,0.34125608
Merzenhausen,2023-01-09 01:00:00,42,val,0.334,0.34111434
Merzenhausen,2023-01-09 02:00:00,42,val,0.333,0.34001794
Merzenhausen,2023-01-09 03:00:00,42,val,0.333,0.33840558
Merzenhausen,2023-01-09 04:00:00,42,val,0.333,0.34092382
Merzenhausen,2023-01-09 05:00:00,42,val,0.333,0.34029377
Merzenhausen,2023-01-09 06:00:00,42,val,0.335,0.3388188
Merzenhausen,2023-01-09 07:00:00,42,val,0.335,0.33707207
Merzenhausen,2023-01-09 08:00:00,42,val,0.34,0.33964974
Merzenhausen,2023-01-09 09:00:00,42,val,0.351,0.3392182
Merzenhausen,2023-01-09 10:00:00,42,val,0.353,0.33792293
Merzenhausen,2023-01-09 11:00:00,42,val,0.353,0.33628112
Merzenhausen,2023-01-09 12:00:00,42,val,0.353,0.33982575
Merzenhausen,2023-01-09 13:00:00,42,val,0.353,0.33960658
Merzenhausen,2023-01-09 14:00:00,42,val,0.353,0.33866906
Merzenhausen,2023-01-09 15:00:00,42,val,0.353,0.3372354
Merzenhausen,2023-01-09 16:00:00,42,val,0.351,0.34125954
Merzenhausen,2023-01-09 17:00:00,42,val,0.351,0.3406797
Merzenhausen,2023-01-09 18:00:00,42,val,0.35,0.33991915
Merzenhausen,2023-01-09 19:00:00,42,val,0.351,0.33970726
Merzenhausen,2023-01-09 20:00:00,42,val,0.35,0.34491405
Merzenhausen,2023-01-09 21:00:00,42,val,0.35,0.34645116
Merzenhausen,2023-01-09 22:00:00,42,val,0.35,0.34502822
Merzenhausen,2023-01-09 23:00:00,42,val,0.348,0.34267807
Merzenhausen,2023-01-10 00:00:00,42,val,0.349,0.34617102
Merzenhausen,2023-01-10 01:00:00,42,val,0.349,0.3428251
Merzenhausen,2023-01-10 02:00:00,42,val,0.349,0.3398136
Merzenhausen,2023-01-10 03:00:00,42,val,0.349,0.3369661
Merzenhausen,2023-01-10 04:00:00,42,val,0.349,0.33951095
Merzenhausen,2023-01-10 05:00:00,42,val,0.35,0.33733177
Merzenhausen,2023-01-10 06:00:00,42,val,0.363,0.33503717
Merzenhausen,2023-01-10 07:00:00,42,val,0.372,0.33295137
Merzenhausen,2023-01-10 08:00:00,42,val,0.379,0.3361079
Merzenhausen,2023-01-10 09:00:00,42,val,0.383,0.33447152
Merzenhausen,2023-01-10 10:00:00,42,val,0.383,0.33288252
Merzenhausen,2023-01-10 11:00:00,42,val,0.379,0.33157077
Merzenhausen,2023-01-10 12:00:00,42,val,0.376,0.33687282
Merzenhausen,2023-01-10 13:00:00,42,val,0.377,0.33563545
Merzenhausen,2023-01-10 14:00:00,42,val,0.379,0.33479708
Merzenhausen,2023-01-10 15:00:00,42,val,0.378,0.33376914
Merzenhausen,2023-01-10 16:00:00,42,val,0.378,0.33969545
Merzenhausen,2023-01-10 17:00:00,42,val,0.378,0.33818
Merzenhausen,2023-01-10 18:00:00,42,val,0.376,0.33707196
Merzenhausen,2023-01-10 19:00:00,42,val,0.376,0.33531237
Merzenhausen,2023-01-10 20:00:00,42,val,0.382,0.3401307
Merzenhausen,2023-01-10 21:00:00,42,val,0.379,0.3367169
Merzenhausen,2023-01-10 22:00:00,42,val,0.379,0.33471864
Merzenhausen,2023-01-10 23:00:00,42,val,0.377,0.33294988
Merzenhausen,2023-01-11 00:00:00,42,val,0.381,0.3371595
Merzenhausen,2023-01-11 01:00:00,42,val,0.379,0.33480245
Merzenhausen,2023-01-11 02:00:00,42,val,0.376,0.33329594
Merzenhausen,2023-01-11 03:00:00,42,val,0.375,0.33209112
Merzenhausen,2023-01-11 04:00:00,42,val,0.375,0.3350942
Merzenhausen,2023-01-11 05:00:00,42,val,0.374,0.33396423
Merzenhausen,2023-01-11 06:00:00,42,val,0.372,0.3344468
Merzenhausen,2023-01-11 07:00:00,42,val,0.372,0.33530015
Merzenhausen,2023-01-11 08:00:00,42,val,0.372,0.3349526
Merzenhausen,2023-01-11 09:00:00,42,val,0.371,0.32911134
Merzenhausen,2023-01-11 10:00:00,42,val,0.369,0.32619983
Merzenhausen,2023-01-11 11:00:00,42,val,0.367,0.32546413
Merzenhausen,2023-01-11 12:00:00,42,val,0.368,0.32623327
Merzenhausen,2023-01-11 13:00:00,42,val,0.368,0.32773396
Merzenhausen,2023-01-11 14:00:00,42,val,0.372,0.32940656
Merzenhausen,2023-01-11 15:00:00,42,val,0.375,0.33083245
Merzenhausen,2023-01-11 16:00:00,42,val,0.372,0.3318984
Merzenhausen,2023-01-11 17:00:00,42,val,0.371,0.33257973
Merzenhausen,2023-01-11 18:00:00,42,val,0.371,0.33292136
Merzenhausen,2023-01-11 19:00:00,42,val,0.369,0.3330381
Merzenhausen,2023-01-11 20:00:00,42,val,0.369,0.33298042
Merzenhausen,2023-01-11 21:00:00,42,val,0.369,0.33284768
Merzenhausen,2023-01-11 22:00:00,42,val,0.367,0.33395752
Merzenhausen,2023-01-11 23:00:00,42,val,0.368,0.33490932
Merzenhausen,2023-01-12 00:00:00,42,val,0.366,0.33526945
Merzenhausen,2023-01-12 01:00:00,42,val,0.366,0.33596385
Merzenhausen,2023-01-12 02:00:00,42,val,0.364,0.33624506
Merzenhausen,2023-01-12 03:00:00,42,val,0.365,0.33824205
Merzenhausen,2023-01-12 04:00:00,42,val,0.365,0.34090298
Merzenhausen,2023-01-12 05:00:00,42,val,0.365,0.34502926
Merzenhausen,2023-01-12 06:00:00,42,val,0.363,0.34964454
Merzenhausen,2023-01-12 07:00:00,42,val,0.363,0.35233212
Merzenhausen,2023-01-12 08:00:00,42,val,0.363,0.3544051
Merzenhausen,2023-01-12 09:00:00,42,val,0.363,0.35548067
Merzenhausen,2023-01-12 10:00:00,42,val,0.361,0.35644752
Merzenhausen,2023-01-12 11:00:00,42,val,0.361,0.3559131
Merzenhausen,2023-01-12 12:00:00,42,val,0.365,0.35521746
Merzenhausen,2023-01-12 13:00:00,42,val,0.366,0.35636002
Merzenhausen,2023-01-12 14:00:00,42,val,0.368,0.3566755
Merzenhausen,2023-01-12 15:00:00,42,val,0.369,0.3573652
Merzenhausen,2023-01-12 16:00:00,42,val,0.369,0.35770926
Merzenhausen,2023-01-12 17:00:00,42,val,0.369,0.35704273
Merzenhausen,2023-01-12 18:00:00,42,val,0.367,0.35824454
Merzenhausen,2023-01-12 19:00:00,42,val,0.367,0.36021584
Merzenhausen,2023-01-12 20:00:00,42,val,0.367,0.3607087
Merzenhausen,2023-01-12 21:00:00,42,val,0.387,0.3601845
Merzenhausen,2023-01-12 22:00:00,42,val,0.39,0.3600369
Merzenhausen,2023-01-12 23:00:00,42,val,0.391,0.36107105
Merzenhausen,2023-01-13 00:00:00,42,val,0.39,0.3605775
Merzenhausen,2023-01-13 01:00:00,42,val,0.39,0.3596213
Merzenhausen,2023-01-13 02:00:00,42,val,0.387,0.35850614
Merzenhausen,2023-01-13 03:00:00,42,val,0.384,0.3570642
Merzenhausen,2023-01-13 04:00:00,42,val,0.38,0.35561976
Merzenhausen,2023-01-13 05:00:00,42,val,0.38,0.35431308
Merzenhausen,2023-01-13 06:00:00,42,val,0.378,0.35317487
Merzenhausen,2023-01-13 07:00:00,42,val,0.377,0.35225248
Merzenhausen,2023-01-13 08:00:00,42,val,0.375,0.35151833
Merzenhausen,2023-01-13 09:00:00,42,val,0.374,0.3509754
Merzenhausen,2023-01-13 10:00:00,42,val,0.372,0.3505447
Merzenhausen,2023-01-13 11:00:00,42,val,0.371,0.35025075
Merzenhausen,2023-01-13 12:00:00,42,val,0.371,0.35011268
Merzenhausen,2023-01-13 13:00:00,42,val,0.371,0.35363778
Merzenhausen,2023-01-13 14:00:00,42,val,0.369,0.35766035
Merzenhausen,2023-01-13 15:00:00,42,val,0.369,0.35914582
Merzenhausen,2023-01-13 16:00:00,42,val,0.368,0.3593446
Merzenhausen,2023-01-13 17:00:00,42,val,0.368,0.3592986
Merzenhausen,2023-01-13 18:00:00,42,val,0.368,0.35850716
Merzenhausen,2023-01-13 19:00:00,42,val,0.366,0.3574372
Merzenhausen,2023-01-13 20:00:00,42,val,0.366,0.3562523
Merzenhausen,2023-01-13 21:00:00,42,val,0.367,0.35505843
Merzenhausen,2023-01-13 22:00:00,42,val,0.365,0.3539229
Merzenhausen,2023-01-13 23:00:00,42,val,0.365,0.3528678
Merzenhausen,2023-01-14 00:00:00,42,val,0.365,0.35186875
Merzenhausen,2023-01-14 01:00:00,42,val,0.363,0.3509143
Merzenhausen,2023-01-14 02:00:00,42,val,0.363,0.3500074
Merzenhausen,2023-01-14 03:00:00,42,val,0.363,0.34917027
Merzenhausen,2023-01-14 04:00:00,42,val,0.361,0.3483988
Merzenhausen,2023-01-14 05:00:00,42,val,0.361,0.3477166
Merzenhausen,2023-01-14 06:00:00,42,val,0.361,0.3470746
Merzenhausen,2023-01-14 07:00:00,42,val,0.361,0.34644645
Merzenhausen,2023-01-14 08:00:00,42,val,0.359,0.34714755
Merzenhausen,2023-01-14 09:00:00,42,val,0.36,0.34700727
Merzenhausen,2023-01-14 10:00:00,42,val,0.36,0.3465802
Merzenhausen,2023-01-14 11:00:00,42,val,0.362,0.3508489
Merzenhausen,2023-01-14 12:00:00,42,val,0.36,0.35467872
Merzenhausen,2023-01-14 13:00:00,42,val,0.36,0.3565173
Merzenhausen,2023-01-14 14:00:00,42,val,0.36,0.35911253
Merzenhausen,2023-01-14 15:00:00,42,val,0.36,0.3589552
Merzenhausen,2023-01-14 16:00:00,42,val,0.36,0.35809717
Merzenhausen,2023-01-14 17:00:00,42,val,0.36,0.35689223
Merzenhausen,2023-01-14 18:00:00,42,val,0.358,0.3555087
Merzenhausen,2023-01-14 19:00:00,42,val,0.36,0.35417145
Merzenhausen,2023-01-14 20:00:00,42,val,0.36,0.35464025
Merzenhausen,2023-01-14 21:00:00,42,val,0.36,0.35904157
Merzenhausen,2023-01-14 22:00:00,42,val,0.36,0.36138123
Merzenhausen,2023-01-14 23:00:00,42,val,0.361,0.3632983
Merzenhausen,2023-01-15 00:00:00,42,val,0.361,0.36410198
Merzenhausen,2023-01-15 01:00:00,42,val,0.361,0.3630166
Merzenhausen,2023-01-15 02:00:00,42,val,0.361,0.3613348
Merzenhausen,2023-01-15 03:00:00,42,val,0.361,0.3594765
Merzenhausen,2023-01-15 04:00:00,42,val,0.361,0.35767806
Merzenhausen,2023-01-15 05:00:00,42,val,0.362,0.35606632
Merzenhausen,2023-01-15 06:00:00,42,val,0.36,0.35472432
Merzenhausen,2023-01-15 07:00:00,42,val,0.36,0.3536448
Merzenhausen,2023-01-15 08:00:00,42,val,0.36,0.3531987
Merzenhausen,2023-01-15 09:00:00,42,val,0.361,0.35262913
Merzenhausen,2023-01-15 10:00:00,42,val,0.361,0.3521184
Merzenhausen,2023-01-15 11:00:00,42,val,0.359,0.35169607
Merzenhausen,2023-01-15 12:00:00,42,val,0.359,0.35141295
Merzenhausen,2023-01-15 13:00:00,42,val,0.359,0.3512698
Merzenhausen,2023-01-15 14:00:00,42,val,0.359,0.3512464
Merzenhausen,2023-01-15 15:00:00,42,val,0.36,0.3513301
Merzenhausen,2023-01-15 16:00:00,42,val,0.357,0.35145104
Merzenhausen,2023-01-15 17:00:00,42,val,0.357,0.35358006
Merzenhausen,2023-04-18 16:00:00,42,val,0.334,0.32224765
Merzenhausen,2023-04-18 17:00:00,42,val,0.334,0.32089952
Merzenhausen,2023-04-18 18:00:00,42,val,0.334,0.3196268
Merzenhausen,2023-04-18 19:00:00,42,val,0.334,0.31864893
Merzenhausen,2023-04-18 20:00:00,42,val,0.336,0.3178491
Merzenhausen,2023-04-18 21:00:00,42,val,0.334,0.31720018
Merzenhausen,2023-04-18 22:00:00,42,val,0.336,0.3167231
Merzenhausen,2023-04-18 23:00:00,42,val,0.326,0.31645426
Merzenhausen,2023-04-19 00:00:00,42,val,0.326,0.31628
Merzenhausen,2023-04-19 01:00:00,42,val,0.336,0.31618172
Merzenhausen,2023-04-19 02:00:00,42,val,0.327,0.31618485
Merzenhausen,2023-04-19 03:00:00,42,val,0.336,0.31632137
Merzenhausen,2023-04-19 04:00:00,42,val,0.335,0.3165258
Merzenhausen,2023-04-19 05:00:00,42,val,0.326,0.31684414
Merzenhausen,2023-04-19 06:00:00,42,val,0.335,0.31722236
Merzenhausen,2023-04-19 07:00:00,42,val,0.335,0.31765285
Merzenhausen,2023-04-19 08:00:00,42,val,0.335,0.31813306
Merzenhausen,2023-04-19 09:00:00,42,val,0.362,0.31869024
Merzenhausen,2023-04-19 10:00:00,42,val,0.336,0.31916708
Merzenhausen,2023-04-19 11:00:00,42,val,0.3275,0.31960353
Merzenhausen,2023-04-19 12:00:00,42,val,0.336,0.31975347
Merzenhausen,2023-04-19 13:00:00,42,val,0.3419999999999999,0.3195268
Merzenhausen,2023-04-19 14:00:00,42,val,0.3495,0.3190756
Merzenhausen,2023-04-19 15:00:00,42,val,0.337,0.31823254
Merzenhausen,2023-04-19 16:00:00,42,val,0.337,0.31715897
Merzenhausen,2023-04-19 17:00:00,42,val,0.337,0.3159605
Merzenhausen,2023-04-19 18:00:00,42,val,0.349,0.31487373
Merzenhausen,2023-04-19 19:00:00,42,val,0.337,0.31388515
Merzenhausen,2023-04-19 20:00:00,42,val,0.335,0.31306756
Merzenhausen,2023-04-19 21:00:00,42,val,0.328,0.31239218
Merzenhausen,2023-04-19 22:00:00,42,val,0.3495,0.31196767
Merzenhausen,2023-04-19 23:00:00,42,val,0.336,0.31171757
Merzenhausen,2023-04-20 00:00:00,42,val,0.336,0.3114536
Merzenhausen,2023-04-20 01:00:00,42,val,0.336,0.31114864
Merzenhausen,2023-04-20 02:00:00,42,val,0.336,0.31094378
Merzenhausen,2023-04-20 03:00:00,42,val,0.336,0.31080937
Merzenhausen,2023-04-20 04:00:00,42,val,0.334,0.3108709
Merzenhausen,2023-04-20 05:00:00,42,val,0.334,0.3111114
Merzenhausen,2023-04-20 06:00:00,42,val,0.335,0.31225044
Merzenhausen,2023-04-20 07:00:00,42,val,0.335,0.3144544
Merzenhausen,2023-04-20 08:00:00,42,val,0.335,0.31702918
Merzenhausen,2023-04-20 09:00:00,42,val,0.338,0.32160333
Merzenhausen,2023-04-20 10:00:00,42,val,0.337,0.32412753
Merzenhausen,2023-04-20 11:00:00,42,val,0.337,0.32662958
Merzenhausen,2023-04-20 12:00:00,42,val,0.336,0.32946345
Merzenhausen,2023-04-20 13:00:00,42,val,0.337,0.32999563
Merzenhausen,2023-04-20 14:00:00,42,val,0.337,0.32946396
Merzenhausen,2023-04-20 15:00:00,42,val,0.335,0.32805783
Merzenhausen,2023-04-20 16:00:00,42,val,0.335,0.32621378
Merzenhausen,2023-04-20 17:00:00,42,val,0.337,0.3240629
Merzenhausen,2023-04-20 18:00:00,42,val,0.337,0.3217901
Merzenhausen,2023-04-20 19:00:00,42,val,0.337,0.3199192
Merzenhausen,2023-04-20 20:00:00,42,val,0.337,0.31815124
Merzenhausen,2023-04-20 21:00:00,42,val,0.337,0.32103097
Merzenhausen,2023-04-20 22:00:00,42,val,0.334,0.32806256
Merzenhausen,2023-04-20 23:00:00,42,val,0.334,0.33277112
Merzenhausen,2023-04-21 00:00:00,42,val,0.335,0.33377302
Merzenhausen,2023-04-21 01:00:00,42,val,0.335,0.33194447
Merzenhausen,2023-04-21 02:00:00,42,val,0.336,0.32909447
Merzenhausen,2023-04-21 03:00:00,42,val,0.334,0.32623
Merzenhausen,2023-04-21 04:00:00,42,val,0.334,0.32373273
Merzenhausen,2023-04-21 05:00:00,42,val,0.334,0.32142812
Merzenhausen,2023-04-21 06:00:00,42,val,0.334,0.31969362
Merzenhausen,2023-04-21 07:00:00,42,val,0.334,0.31857955
Merzenhausen,2023-04-21 08:00:00,42,val,0.334,0.31804603
Merzenhausen,2023-04-21 09:00:00,42,val,0.334,0.318879
Merzenhausen,2023-04-21 10:00:00,42,val,0.334,0.31970638
Merzenhausen,2023-04-21 11:00:00,42,val,0.334,0.3198515
Merzenhausen,2023-04-21 12:00:00,42,val,0.334,0.31958348
Merzenhausen,2023-04-21 13:00:00,42,val,0.334,0.31903762
Merzenhausen,2023-04-21 14:00:00,42,val,0.334,0.31835154
Merzenhausen,2023-04-21 15:00:00,42,val,0.334,0.31724638
Merzenhausen,2023-04-21 16:00:00,42,val,0.334,0.31997183
Merzenhausen,2023-04-21 17:00:00,42,val,0.332,0.32008052
Merzenhausen,2023-04-21 18:00:00,42,val,0.33,0.31959468
Merzenhausen,2023-04-21 19:00:00,42,val,0.332,0.32469073
Merzenhausen,2023-04-21 20:00:00,42,val,0.332,0.32708064
Merzenhausen,2023-04-21 21:00:00,42,val,0.332,0.32749102
Merzenhausen,2023-04-21 22:00:00,42,val,0.332,0.32683674
Merzenhausen,2023-04-21 23:00:00,42,val,0.332,0.32537088
Merzenhausen,2023-04-22 00:00:00,42,val,0.332,0.32423317
Merzenhausen,2023-04-22 01:00:00,42,val,0.332,0.32238725
Merzenhausen,2023-04-22 02:00:00,42,val,0.332,0.3205086
Merzenhausen,2023-04-22 03:00:00,42,val,0.33,0.31888688
Merzenhausen,2023-04-22 04:00:00,42,val,0.329,0.31754714
Merzenhausen,2023-04-22 05:00:00,42,val,0.329,0.3165981
Merzenhausen,2023-04-22 06:00:00,42,val,0.324,0.31606296
Merzenhausen,2023-04-22 07:00:00,42,val,0.33,0.3158174
Merzenhausen,2023-04-22 08:00:00,42,val,0.366,0.3156024
Merzenhausen,2023-04-22 09:00:00,42,val,0.379,0.31545144
Merzenhausen,2023-04-22 10:00:00,42,val,0.376,0.31507197
Merzenhausen,2023-04-22 11:00:00,42,val,0.375,0.31456378
Merzenhausen,2023-04-22 12:00:00,42,val,0.376,0.3138481
Merzenhausen,2023-04-22 13:00:00,42,val,0.374,0.31315917
Merzenhausen,2023-04-22 14:00:00,42,val,0.374,0.31345615
Merzenhausen,2023-04-22 15:00:00,42,val,0.374,0.3129641
Merzenhausen,2023-04-22 16:00:00,42,val,0.371,0.31217593
Merzenhausen,2023-04-22 17:00:00,42,val,0.371,0.3122701
Merzenhausen,2023-04-22 18:00:00,42,val,0.37,0.31171536
Merzenhausen,2023-04-22 19:00:00,42,val,0.368,0.31210718
Merzenhausen,2023-04-22 20:00:00,42,val,0.366,0.31200552
Merzenhausen,2023-04-22 21:00:00,42,val,0.367,0.311819
Merzenhausen,2023-04-22 22:00:00,42,val,0.367,0.31146336
Merzenhausen,2023-04-22 23:00:00,42,val,0.365,0.31104118
Merzenhausen,2023-04-23 00:00:00,42,val,0.365,0.31063718
Merzenhausen,2023-04-23 01:00:00,42,val,0.364,0.3102799
Merzenhausen,2023-04-23 02:00:00,42,val,0.364,0.31005603
Merzenhausen,2023-04-23 03:00:00,42,val,0.364,0.30990586
Merzenhausen,2023-04-23 04:00:00,42,val,0.362,0.3099121
Merzenhausen,2023-04-23 05:00:00,42,val,0.362,0.31013888
Merzenhausen,2023-04-23 06:00:00,42,val,0.374,0.31053337
Merzenhausen,2023-04-23 07:00:00,42,val,0.361,0.31108156
Merzenhausen,2023-04-23 08:00:00,42,val,0.361,0.31169027
Merzenhausen,2023-04-23 09:00:00,42,val,0.361,0.31223682
Merzenhausen,2023-04-23 10:00:00,42,val,0.359,0.31272322
Merzenhausen,2023-04-23 11:00:00,42,val,0.36,0.31309697
Merzenhausen,2023-04-23 12:00:00,42,val,0.361,0.3130957
Merzenhausen,2023-04-23 13:00:00,42,val,0.359,0.31282812
Merzenhausen,2023-04-23 14:00:00,42,val,0.359,0.31245565
Merzenhausen,2023-04-23 15:00:00,42,val,0.359,0.31681556
Merzenhausen,2023-04-23 16:00:00,42,val,0.357,0.32315338
Merzenhausen,2023-04-23 17:00:00,42,val,0.357,0.32468754
Merzenhausen,2023-04-23 18:00:00,42,val,0.357,0.32413408
Merzenhausen,2023-04-23 19:00:00,42,val,0.355,0.32244736
Merzenhausen,2023-04-23 20:00:00,42,val,0.357,0.3203391
Merzenhausen,2023-04-23 21:00:00,42,val,0.354,0.31907654
Merzenhausen,2023-04-23 22:00:00,42,val,0.356,0.31738272
Merzenhausen,2023-04-23 23:00:00,42,val,0.353,0.31575996
Merzenhausen,2023-04-24 00:00:00,42,val,0.353,0.3142901
Merzenhausen,2023-04-24 01:00:00,42,val,0.351,0.31303355
Merzenhausen,2023-04-24 02:00:00,42,val,0.351,0.31206226
Merzenhausen,2023-06-01 09:00:00,42,val,0.181,0.1958033
Merzenhausen,2023-06-01 10:00:00,42,val,0.182,0.19647413
Merzenhausen,2023-06-01 11:00:00,42,val,0.179,0.19680236
Merzenhausen,2023-06-01 12:00:00,42,val,0.178,0.19685027
Merzenhausen,2023-06-01 13:00:00,42,val,0.181,0.19648495
Merzenhausen,2023-06-01 14:00:00,42,val,0.179,0.19585486
Merzenhausen,2023-06-01 15:00:00,42,val,0.177,0.19461212
Merzenhausen,2023-06-01 16:00:00,42,val,0.177,0.19309966
Merzenhausen,2023-06-01 17:00:00,42,val,0.18,0.19152041
Merzenhausen,2023-06-01 18:00:00,42,val,0.175,0.1897757
Merzenhausen,2023-06-01 19:00:00,42,val,0.173,0.18825701
Merzenhausen,2023-06-01 20:00:00,42,val,0.174,0.18703777
Merzenhausen,2023-06-01 21:00:00,42,val,0.176,0.18617536
Merzenhausen,2023-06-01 22:00:00,42,val,0.177,0.18504754
Merzenhausen,2023-06-01 23:00:00,42,val,0.174,0.18422054
Merzenhausen,2023-06-02 00:00:00,42,val,0.171,0.18343085
Merzenhausen,2023-06-02 01:00:00,42,val,0.172,0.18259904
Merzenhausen,2023-06-02 02:00:00,42,val,0.171,0.18199177
Merzenhausen,2023-06-02 03:00:00,42,val,0.171,0.18176085
Merzenhausen,2023-06-02 04:00:00,42,val,0.17,0.1816098
Merzenhausen,2023-06-02 05:00:00,42,val,0.173,0.18175648
Merzenhausen,2023-06-02 06:00:00,42,val,0.173,0.18211327
Merzenhausen,2023-06-02 07:00:00,42,val,0.174,0.18257494
Merzenhausen,2023-06-02 08:00:00,42,val,0.172,0.18324293
Merzenhausen,2023-06-02 09:00:00,42,val,0.175,0.18392605
Merzenhausen,2023-06-02 10:00:00,42,val,0.174,0.18468043
Merzenhausen,2023-06-02 11:00:00,42,val,0.172,0.18545921
Merzenhausen,2023-06-02 12:00:00,42,val,0.174,0.1862735
Merzenhausen,2023-06-02 13:00:00,42,val,0.173,0.18710008
Merzenhausen,2023-06-02 14:00:00,42,val,0.172,0.18755846
Merzenhausen,2023-06-02 15:00:00,42,val,0.172,0.18744382
Merzenhausen,2023-06-02 16:00:00,42,val,0.17,0.18681256
Merzenhausen,2023-06-02 17:00:00,42,val,0.173,0.1858435
Merzenhausen,2023-06-02 18:00:00,42,val,0.171,0.1847522
Merzenhausen,2023-06-02 19:00:00,42,val,0.172,0.18347603
Merzenhausen,2023-06-02 20:00:00,42,val,0.169,0.18217018
Merzenhausen,2023-06-02 21:00:00,42,val,0.168,0.18067065
Merzenhausen,2023-06-02 22:00:00,42,val,0.169,0.1792329
Merzenhausen,2023-06-02 23:00:00,42,val,0.166,0.17783418
Merzenhausen,2023-06-03 00:00:00,42,val,0.165,0.1767232
Merzenhausen,2023-06-03 01:00:00,42,val,0.166,0.1757964
Merzenhausen,2023-06-03 02:00:00,42,val,0.165,0.17517295
Merzenhausen,2023-06-03 03:00:00,42,val,0.163,0.17466435
Merzenhausen,2023-06-03 04:00:00,42,val,0.164,0.17427711
Merzenhausen,2023-06-03 05:00:00,42,val,0.165,0.17435679
Merzenhausen,2023-06-03 06:00:00,42,val,0.164,0.17495404
Merzenhausen,2023-06-03 07:00:00,42,val,0.167,0.1755906
Merzenhausen,2023-06-03 08:00:00,42,val,0.165,0.17635955
Merzenhausen,2023-06-03 09:00:00,42,val,0.166,0.17707652
Merzenhausen,2023-06-03 10:00:00,42,val,0.167,0.17765018
Merzenhausen,2023-06-03 11:00:00,42,val,0.166,0.17780066
Merzenhausen,2023-06-03 12:00:00,42,val,0.165,0.17748846
Merzenhausen,2023-06-03 13:00:00,42,val,0.166,0.17710865
Merzenhausen,2023-06-03 14:00:00,42,val,0.167,0.17656393
Merzenhausen,2023-06-03 15:00:00,42,val,0.165,0.17569721
Merzenhausen,2023-06-03 16:00:00,42,val,0.167,0.17476422
Merzenhausen,2023-06-03 17:00:00,42,val,0.164,0.17397428
Merzenhausen,2023-06-03 18:00:00,42,val,0.165,0.17289826
Merzenhausen,2023-06-03 19:00:00,42,val,0.165,0.17148726
Merzenhausen,2023-06-03 20:00:00,42,val,0.164,0.17011116
Merzenhausen,2023-06-03 21:00:00,42,val,0.164,0.16897373
Merzenhausen,2023-06-03 22:00:00,42,val,0.163,0.16822729
Merzenhausen,2023-06-03 23:00:00,42,val,0.161,0.16747727
Merzenhausen,2023-06-04 00:00:00,42,val,0.16,0.16659269
Merzenhausen,2023-06-04 01:00:00,42,val,0.161,0.16579238
Merzenhausen,2023-06-04 02:00:00,42,val,0.159,0.16504157
Merzenhausen,2023-06-04 03:00:00,42,val,0.162,0.16445686
Merzenhausen,2023-06-04 04:00:00,42,val,0.161,0.16407374
Merzenhausen,2023-06-04 05:00:00,42,val,0.158,0.16415848
Merzenhausen,2023-06-04 06:00:00,42,val,0.161,0.16485888
Merzenhausen,2023-06-04 07:00:00,42,val,0.16,0.16597307
Merzenhausen,2023-06-04 08:00:00,42,val,0.16,0.16711324
Merzenhausen,2023-06-04 09:00:00,42,val,0.161,0.1683494
Merzenhausen,2023-06-04 10:00:00,42,val,0.16,0.16932262
Merzenhausen,2023-06-04 11:00:00,42,val,0.162,0.16985956
Merzenhausen,2023-06-04 12:00:00,42,val,0.161,0.17012016
Merzenhausen,2023-06-04 13:00:00,42,val,0.161,0.17008226
Merzenhausen,2023-06-04 14:00:00,42,val,0.162,0.16974004
Merzenhausen,2023-06-04 15:00:00,42,val,0.162,0.16913794
Merzenhausen,2023-06-04 16:00:00,42,val,0.16,0.16836976
Merzenhausen,2023-06-04 17:00:00,42,val,0.164,0.16771914
Merzenhausen,2023-06-04 18:00:00,42,val,0.163,0.16691765
Merzenhausen,2023-06-04 19:00:00,42,val,0.158,0.16606991
Merzenhausen,2023-06-04 20:00:00,42,val,0.159,0.1650633
Merzenhausen,2023-06-04 21:00:00,42,val,0.158,0.16393161
Merzenhausen,2023-06-04 22:00:00,42,val,0.158,0.1628559
Merzenhausen,2023-06-04 23:00:00,42,val,0.156,0.16177097
Merzenhausen,2023-06-05 00:00:00,42,val,0.156,0.16077211
Merzenhausen,2023-06-05 01:00:00,42,val,0.157,0.1599071
Merzenhausen,2023-06-05 02:00:00,42,val,0.159,0.15927944
Merzenhausen,2023-06-05 03:00:00,42,val,0.152,0.15874216
Merzenhausen,2023-06-05 04:00:00,42,val,0.156,0.15841417
Merzenhausen,2023-06-05 05:00:00,42,val,0.156,0.15854481
Merzenhausen,2023-06-05 06:00:00,42,val,0.157,0.15901384
Merzenhausen,2023-06-05 07:00:00,42,val,0.156,0.15985811
Merzenhausen,2023-06-05 08:00:00,42,val,0.157,0.16075735
Merzenhausen,2023-06-05 09:00:00,42,val,0.158,0.16164881
Merzenhausen,2023-06-05 10:00:00,42,val,0.156,0.16243969
Merzenhausen,2023-06-05 11:00:00,42,val,0.16,0.16303617
Merzenhausen,2023-06-05 12:00:00,42,val,0.156,0.16321695
Merzenhausen,2023-06-05 13:00:00,42,val,0.157,0.16316256
Merzenhausen,2023-06-05 14:00:00,42,val,0.158,0.16301033
Merzenhausen,2023-06-05 15:00:00,42,val,0.16,0.16265327
Merzenhausen,2023-06-05 16:00:00,42,val,0.158,0.16229662
Merzenhausen,2023-06-05 17:00:00,42,val,0.158,0.16162959
Merzenhausen,2023-06-05 18:00:00,42,val,0.158,0.16092205
Merzenhausen,2023-06-05 19:00:00,42,val,0.155,0.16014636
Merzenhausen,2023-06-05 20:00:00,42,val,0.157,0.1592166
Merzenhausen,2023-06-05 21:00:00,42,val,0.156,0.1582436
Merzenhausen,2023-06-05 22:00:00,42,val,0.155,0.15727353
Merzenhausen,2023-06-05 23:00:00,42,val,0.154,0.1563011
Merzenhausen,2023-06-06 00:00:00,42,val,0.154,0.1553593
Merzenhausen,2023-06-06 01:00:00,42,val,0.153,0.15451656
Merzenhausen,2023-06-06 02:00:00,42,val,0.154,0.15382916
Merzenhausen,2023-06-06 03:00:00,42,val,0.154,0.15349707
Merzenhausen,2023-06-06 04:00:00,42,val,0.153,0.15338925
Merzenhausen,2023-06-06 05:00:00,42,val,0.155,0.15338789
Merzenhausen,2023-06-06 06:00:00,42,val,0.153,0.1538558
Merzenhausen,2023-06-06 07:00:00,42,val,0.154,0.15449102
Merzenhausen,2023-06-06 08:00:00,42,val,0.153,0.15526935
Merzenhausen,2023-06-06 09:00:00,42,val,0.163,0.15604009
Merzenhausen,2023-06-06 10:00:00,42,val,0.152,0.15666795
Merzenhausen,2023-06-06 11:00:00,42,val,0.155,0.1572984
Merzenhausen,2023-06-06 12:00:00,42,val,0.154,0.15767686
Merzenhausen,2023-06-06 13:00:00,42,val,0.155,0.1578293
Merzenhausen,2023-06-06 14:00:00,42,val,0.157,0.15785444
Merzenhausen,2023-06-06 15:00:00,42,val,0.157,0.15775716
Merzenhausen,2023-06-06 16:00:00,42,val,0.156,0.15734243
Merzenhausen,2023-06-06 17:00:00,42,val,0.155,0.15704016
Merzenhausen,2023-06-06 18:00:00,42,val,0.155,0.1566996
Merzenhausen,2023-06-06 19:00:00,42,val,0.157,0.1558924
Merzenhausen,2023-06-06 20:00:00,42,val,0.154,0.15498121
Merzenhausen,2023-06-06 21:00:00,42,val,0.155,0.15393037
Merzenhausen,2023-06-06 22:00:00,42,val,0.156,0.15290746
Merzenhausen,2023-06-06 23:00:00,42,val,0.154,0.15191478
Merzenhausen,2023-06-07 00:00:00,42,val,0.152,0.15102166
Merzenhausen,2023-06-07 01:00:00,42,val,0.154,0.15033866
Merzenhausen,2023-06-07 02:00:00,42,val,0.153,0.14981702
Merzenhausen,2023-06-07 03:00:00,42,val,0.152,0.14914715
Merzenhausen,2023-06-07 04:00:00,42,val,0.153,0.14894716
Merzenhausen,2023-06-07 05:00:00,42,val,0.15,0.14907882
Merzenhausen,2023-06-07 06:00:00,42,val,0.152,0.14950714
Merzenhausen,2023-06-07 07:00:00,42,val,0.151,0.15008885
Merzenhausen,2023-06-07 08:00:00,42,val,0.154,0.15068382
Merzenhausen,2023-06-07 09:00:00,42,val,0.154,0.1514329
Merzenhausen,2023-06-07 10:00:00,42,val,0.153,0.15196404
Merzenhausen,2023-06-07 11:00:00,42,val,0.157,0.15267497
Merzenhausen,2023-06-07 12:00:00,42,val,0.154,0.15332133
Merzenhausen,2023-06-07 13:00:00,42,val,0.154,0.15405199
Merzenhausen,2023-06-07 14:00:00,42,val,0.153,0.15474299
Merzenhausen,2023-06-07 15:00:00,42,val,0.153,0.15539367
Merzenhausen,2023-06-07 16:00:00,42,val,0.156,0.15574303
Merzenhausen,2023-06-07 17:00:00,42,val,0.153,0.15579274
Merzenhausen,2023-06-07 18:00:00,42,val,0.153,0.15549512
Merzenhausen,2023-06-07 19:00:00,42,val,0.154,0.15471283
Merzenhausen,2023-06-07 20:00:00,42,val,0.151,0.1537579
Merzenhausen,2023-06-07 21:00:00,42,val,0.15,0.15273912
Merzenhausen,2023-06-07 22:00:00,42,val,0.151,0.15161516
Merzenhausen,2023-06-07 23:00:00,42,val,0.152,0.15046777
Merzenhausen,2023-06-08 00:00:00,42,val,0.151,0.14952847
Merzenhausen,2023-06-08 01:00:00,42,val,0.151,0.14862415
Merzenhausen,2023-06-08 02:00:00,42,val,0.15,0.14797613
Merzenhausen,2023-06-08 03:00:00,42,val,0.151,0.14758426
Merzenhausen,2023-06-08 04:00:00,42,val,0.151,0.14739184
Merzenhausen,2023-06-08 05:00:00,42,val,0.151,0.14755264
Merzenhausen,2023-06-08 06:00:00,42,val,0.152,0.14803539
Merzenhausen,2023-06-08 07:00:00,42,val,0.15,0.14890248
Merzenhausen,2023-06-08 08:00:00,42,val,0.15,0.14972441
Merzenhausen,2023-06-08 09:00:00,42,val,0.148,0.15108134
Merzenhausen,2023-06-08 10:00:00,42,val,0.15,0.15191537
Merzenhausen,2023-06-08 11:00:00,42,val,0.151,0.15249175
Merzenhausen,2023-06-08 12:00:00,42,val,0.15,0.15275624
Merzenhausen,2023-06-08 13:00:00,42,val,0.155,0.15287349
Merzenhausen,2023-06-08 14:00:00,42,val,0.151,0.15298367
Merzenhausen,2023-06-08 15:00:00,42,val,0.153,0.1546407
Merzenhausen,2023-06-08 16:00:00,42,val,0.151,0.15616922
Merzenhausen,2023-06-08 17:00:00,42,val,0.149,0.15647113
Merzenhausen,2023-06-08 18:00:00,42,val,0.15,0.15586686
Merzenhausen,2023-06-08 19:00:00,42,val,0.152,0.15493992
Merzenhausen,2023-06-08 20:00:00,42,val,0.15,0.15355259
Merzenhausen,2023-06-08 21:00:00,42,val,0.15,0.15207434
Merzenhausen,2023-06-08 22:00:00,42,val,0.149,0.15071806
Merzenhausen,2023-06-08 23:00:00,42,val,0.148,0.14942385
Merzenhausen,2023-06-09 00:00:00,42,val,0.148,0.14816114
Merzenhausen,2023-06-09 01:00:00,42,val,0.147,0.14720285
Merzenhausen,2023-06-09 02:00:00,42,val,0.146,0.14651003
Merzenhausen,2023-06-09 03:00:00,42,val,0.146,0.14605796
Merzenhausen,2023-06-09 04:00:00,42,val,0.148,0.14575744
Merzenhausen,2023-06-09 05:00:00,42,val,0.147,0.14582391
Merzenhausen,2023-06-09 06:00:00,42,val,0.149,0.14634201
Merzenhausen,2023-06-09 07:00:00,42,val,0.149,0.14697626
Merzenhausen,2023-06-09 08:00:00,42,val,0.148,0.14790352
Merzenhausen,2023-06-09 09:00:00,42,val,0.147,0.14883006
Merzenhausen,2023-06-09 10:00:00,42,val,0.15,0.14964
Merzenhausen,2023-06-09 11:00:00,42,val,0.151,0.1504838
Merzenhausen,2023-06-09 12:00:00,42,val,0.15,0.151041
Merzenhausen,2023-06-09 13:00:00,42,val,0.147,0.15141714
Merzenhausen,2023-06-09 14:00:00,42,val,0.15,0.15162411
Merzenhausen,2023-06-09 15:00:00,42,val,0.152,0.15157075
Merzenhausen,2023-06-09 16:00:00,42,val,0.148,0.15155253
Merzenhausen,2023-06-09 17:00:00,42,val,0.149,0.15133679
Merzenhausen,2023-06-09 18:00:00,42,val,0.149,0.15098044
Merzenhausen,2023-06-09 19:00:00,42,val,0.15,0.1505471
Merzenhausen,2023-06-09 20:00:00,42,val,0.147,0.14979978
Merzenhausen,2023-06-09 21:00:00,42,val,0.148,0.1487554
Merzenhausen,2023-06-09 22:00:00,42,val,0.147,0.14778954
Merzenhausen,2023-06-09 23:00:00,42,val,0.146,0.14672029
Merzenhausen,2023-06-10 00:00:00,42,val,0.147,0.14576524
Merzenhausen,2023-06-10 01:00:00,42,val,0.143,0.1449577
Merzenhausen,2023-06-10 02:00:00,42,val,0.144,0.14422306
Merzenhausen,2023-06-10 03:00:00,42,val,0.143,0.1437031
Merzenhausen,2023-06-10 04:00:00,42,val,0.142,0.14341867
Merzenhausen,2023-06-10 05:00:00,42,val,0.142,0.14345686
Merzenhausen,2023-06-10 06:00:00,42,val,0.142,0.14424533
Merzenhausen,2023-06-10 07:00:00,42,val,0.144,0.14535636
Merzenhausen,2023-06-10 08:00:00,42,val,0.147,0.14633198
Merzenhausen,2023-06-10 09:00:00,42,val,0.146,0.1470269
Merzenhausen,2023-06-10 10:00:00,42,val,0.143,0.14753926
Merzenhausen,2023-06-10 11:00:00,42,val,0.144,0.14795308
Merzenhausen,2023-06-10 12:00:00,42,val,0.147,0.14822945
Merzenhausen,2023-06-10 13:00:00,42,val,0.146,0.14879857
Merzenhausen,2023-06-10 14:00:00,42,val,0.145,0.14910136
Merzenhausen,2023-06-10 15:00:00,42,val,0.145,0.14947967
Merzenhausen,2023-06-10 16:00:00,42,val,0.149,0.14955387
Merzenhausen,2023-06-10 17:00:00,42,val,0.146,0.14940867
Merzenhausen,2023-06-10 18:00:00,42,val,0.146,0.14906028
Merzenhausen,2023-06-10 19:00:00,42,val,0.145,0.1486284
Merzenhausen,2023-06-10 20:00:00,42,val,0.146,0.14784443
Merzenhausen,2023-06-10 21:00:00,42,val,0.142,0.14704262
Merzenhausen,2023-06-10 22:00:00,42,val,0.142,0.14615402
Merzenhausen,2023-06-10 23:00:00,42,val,0.143,0.14493579
Merzenhausen,2023-06-11 00:00:00,42,val,0.142,0.14376889
Merzenhausen,2023-06-11 01:00:00,42,val,0.143,0.14264326
Merzenhausen,2023-06-11 02:00:00,42,val,0.141,0.14158513
Merzenhausen,2023-06-11 03:00:00,42,val,0.138,0.14093792
Merzenhausen,2023-06-11 04:00:00,42,val,0.139,0.14074618
Merzenhausen,2023-06-11 05:00:00,42,val,0.142,0.14094716
Merzenhausen,2023-06-11 06:00:00,42,val,0.139,0.14165166
Merzenhausen,2023-06-11 07:00:00,42,val,0.142,0.14258355
Merzenhausen,2023-06-11 08:00:00,42,val,0.142,0.143572
Merzenhausen,2023-06-11 09:00:00,42,val,0.143,0.1444248
Merzenhausen,2023-06-11 10:00:00,42,val,0.14,0.14525816
Merzenhausen,2023-06-11 11:00:00,42,val,0.143,0.14605913
Merzenhausen,2023-06-11 12:00:00,42,val,0.142,0.14668892
Merzenhausen,2023-06-11 13:00:00,42,val,0.143,0.14695215
Merzenhausen,2023-06-11 14:00:00,42,val,0.142,0.1471737
Merzenhausen,2023-06-11 15:00:00,42,val,0.142,0.14739792
Merzenhausen,2023-06-11 16:00:00,42,val,0.144,0.14735729
Merzenhausen,2023-06-11 17:00:00,42,val,0.144,0.14713535
Merzenhausen,2023-06-11 18:00:00,42,val,0.141,0.14671484
Merzenhausen,2023-06-11 19:00:00,42,val,0.142,0.14620128
Merzenhausen,2023-06-11 20:00:00,42,val,0.144,0.14552271
Merzenhausen,2023-06-11 21:00:00,42,val,0.141,0.14453837
Merzenhausen,2023-06-11 22:00:00,42,val,0.143,0.14338535
Merzenhausen,2023-06-11 23:00:00,42,val,0.138,0.14225958
Merzenhausen,2023-06-12 00:00:00,42,val,0.139,0.14109623
Merzenhausen,2023-06-12 01:00:00,42,val,0.141,0.13991293
Merzenhausen,2023-06-12 02:00:00,42,val,0.136,0.13871112
Merzenhausen,2023-06-12 03:00:00,42,val,0.137,0.13770165
Merzenhausen,2023-06-12 04:00:00,42,val,0.137,0.13674816
Merzenhausen,2023-06-12 05:00:00,42,val,0.138,0.13615984
Merzenhausen,2023-06-12 06:00:00,42,val,0.136,0.13641062
Merzenhausen,2023-06-12 07:00:00,42,val,0.137,0.13721418
Merzenhausen,2023-06-12 08:00:00,42,val,0.135,0.13829058
Merzenhausen,2023-06-12 09:00:00,42,val,0.136,0.13952163
Merzenhausen,2023-06-12 10:00:00,42,val,0.137,0.14053528
Merzenhausen,2023-06-12 11:00:00,42,val,0.138,0.14133903
Merzenhausen,2023-06-12 12:00:00,42,val,0.14,0.14218526
Merzenhausen,2023-06-12 13:00:00,42,val,0.138,0.14287275
Merzenhausen,2023-06-12 14:00:00,42,val,0.139,0.14334631
Merzenhausen,2023-06-12 15:00:00,42,val,0.144,0.14352939
Merzenhausen,2023-06-12 16:00:00,42,val,0.139,0.14385796
Merzenhausen,2023-06-12 17:00:00,42,val,0.141,0.14386243
Merzenhausen,2023-06-12 18:00:00,42,val,0.142,0.14376706
Merzenhausen,2023-06-12 19:00:00,42,val,0.138,0.14333706
Merzenhausen,2023-06-12 20:00:00,42,val,0.138,0.1425741
Merzenhausen,2023-06-12 21:00:00,42,val,0.137,0.14139146
Merzenhausen,2023-06-12 22:00:00,42,val,0.138,0.14006008
Merzenhausen,2023-06-12 23:00:00,42,val,0.138,0.13884768
Merzenhausen,2023-06-13 00:00:00,42,val,0.139,0.13772666
Merzenhausen,2023-06-13 01:00:00,42,val,0.134,0.13675097
Merzenhausen,2023-06-13 02:00:00,42,val,0.135,0.13579455
Merzenhausen,2023-06-13 03:00:00,42,val,0.133,0.13473625
Merzenhausen,2023-06-13 04:00:00,42,val,0.136,0.13369527
Merzenhausen,2023-06-13 05:00:00,42,val,0.133,0.13343394
Merzenhausen,2023-06-13 06:00:00,42,val,0.132,0.13362509
Merzenhausen,2023-06-13 07:00:00,42,val,0.134,0.13449052
Merzenhausen,2023-06-13 08:00:00,42,val,0.137,0.13560995
Merzenhausen,2023-06-13 09:00:00,42,val,0.135,0.13683233
Merzenhausen,2023-06-13 10:00:00,42,val,0.137,0.1377821
Merzenhausen,2023-06-13 11:00:00,42,val,0.136,0.13867895
Merzenhausen,2023-06-13 12:00:00,42,val,0.137,0.13952464
Merzenhausen,2023-06-13 13:00:00,42,val,0.136,0.1401698
Merzenhausen,2023-06-13 14:00:00,42,val,0.139,0.14060393
Merzenhausen,2023-06-13 15:00:00,42,val,0.137,0.1408903
Merzenhausen,2023-06-13 16:00:00,42,val,0.137,0.14104953
Merzenhausen,2023-06-13 17:00:00,42,val,0.138,0.14102377
Merzenhausen,2023-06-13 18:00:00,42,val,0.136,0.14072882
Merzenhausen,2023-06-13 19:00:00,42,val,0.135,0.14019933
Merzenhausen,2023-06-13 20:00:00,42,val,0.134,0.13954863
Merzenhausen,2023-06-13 21:00:00,42,val,0.133,0.13869321
Merzenhausen,2023-06-13 22:00:00,42,val,0.134,0.13789901
Merzenhausen,2023-06-13 23:00:00,42,val,0.132,0.13680243
Merzenhausen,2023-06-14 00:00:00,42,val,0.133,0.13559708
Merzenhausen,2023-06-14 01:00:00,42,val,0.136,0.13457134
Merzenhausen,2023-06-14 02:00:00,42,val,0.132,0.13339818
Merzenhausen,2023-06-14 03:00:00,42,val,0.131,0.13227743
Merzenhausen,2023-06-14 04:00:00,42,val,0.13,0.13134821
Merzenhausen,2023-06-14 05:00:00,42,val,0.133,0.13093284
Merzenhausen,2023-06-14 06:00:00,42,val,0.132,0.13109615
Merzenhausen,2023-06-14 07:00:00,42,val,0.132,0.13168368
Merzenhausen,2023-06-14 08:00:00,42,val,0.134,0.13229519
Merzenhausen,2023-06-14 09:00:00,42,val,0.132,0.13295785
Merzenhausen,2023-06-14 10:00:00,42,val,0.133,0.13368483
Merzenhausen,2023-06-14 11:00:00,42,val,0.132,0.13439979
Merzenhausen,2023-06-14 12:00:00,42,val,0.133,0.13519233
Merzenhausen,2023-06-14 13:00:00,42,val,0.135,0.13584477
Merzenhausen,2023-06-14 14:00:00,42,val,0.135,0.13637802
Merzenhausen,2023-06-14 15:00:00,42,val,0.136,0.13715915
Merzenhausen,2023-06-14 16:00:00,42,val,0.138,0.13752097
Merzenhausen,2023-06-14 17:00:00,42,val,0.137,0.13764694
Merzenhausen,2023-06-14 18:00:00,42,val,0.135,0.13765737
Merzenhausen,2023-06-14 19:00:00,42,val,0.136,0.13727039
Merzenhausen,2023-06-14 20:00:00,42,val,0.135,0.13646442
Merzenhausen,2023-06-14 21:00:00,42,val,0.133,0.13545617
Merzenhausen,2023-06-14 22:00:00,42,val,0.134,0.13459828
Merzenhausen,2023-06-14 23:00:00,42,val,0.132,0.13372895
Merzenhausen,2023-06-15 00:00:00,42,val,0.131,0.1327724
Merzenhausen,2023-06-15 01:00:00,42,val,0.131,0.13167617
Merzenhausen,2023-06-15 02:00:00,42,val,0.129,0.13069299
Merzenhausen,2023-06-15 03:00:00,42,val,0.131,0.12977801
Merzenhausen,2023-06-15 04:00:00,42,val,0.13,0.12914664
Merzenhausen,2023-06-15 05:00:00,42,val,0.129,0.1287461
Merzenhausen,2023-06-15 06:00:00,42,val,0.129,0.12869297
Merzenhausen,2023-06-15 07:00:00,42,val,0.129,0.12917277
Merzenhausen,2023-06-15 08:00:00,42,val,0.131,0.1301673
Merzenhausen,2023-06-15 09:00:00,42,val,0.132,0.13122141
Merzenhausen,2023-06-15 10:00:00,42,val,0.133,0.13243958
Merzenhausen,2023-06-15 11:00:00,42,val,0.132,0.13341725
Merzenhausen,2023-06-15 12:00:00,42,val,0.133,0.13435483
Merzenhausen,2023-06-15 13:00:00,42,val,0.135,0.13501304
Merzenhausen,2023-06-15 14:00:00,42,val,0.133,0.13571817
Merzenhausen,2023-06-15 15:00:00,42,val,0.132,0.13616322
Merzenhausen,2023-06-15 16:00:00,42,val,0.134,0.13634431
Merzenhausen,2023-06-15 17:00:00,42,val,0.133,0.1363983
Merzenhausen,2023-06-15 18:00:00,42,val,0.131,0.13618585
Merzenhausen,2023-06-15 19:00:00,42,val,0.133,0.13558745
Merzenhausen,2023-06-15 20:00:00,42,val,0.131,0.13463715
Merzenhausen,2023-06-15 21:00:00,42,val,0.134,0.13337024
Merzenhausen,2023-06-15 22:00:00,42,val,0.131,0.13211843
Merzenhausen,2023-06-15 23:00:00,42,val,0.129,0.13075237
Merzenhausen,2023-06-16 00:00:00,42,val,0.13,0.12947398
Merzenhausen,2023-06-16 01:00:00,42,val,0.129,0.12856297
Merzenhausen,2023-06-16 02:00:00,42,val,0.132,0.1276615
Merzenhausen,2023-06-16 03:00:00,42,val,0.131,0.12688743
Merzenhausen,2023-06-16 04:00:00,42,val,0.13,0.12618294
Merzenhausen,2023-06-16 05:00:00,42,val,0.128,0.12594442
Merzenhausen,2023-06-16 06:00:00,42,val,0.132,0.12633958
Merzenhausen,2023-06-16 07:00:00,42,val,0.13,0.12714362
Merzenhausen,2023-06-16 08:00:00,42,val,0.128,0.12828822
Merzenhausen,2023-06-16 09:00:00,42,val,0.129,0.1293686
Merzenhausen,2023-06-16 10:00:00,42,val,0.133,0.130407
Merzenhausen,2023-06-16 11:00:00,42,val,0.133,0.13126995
Merzenhausen,2023-06-16 12:00:00,42,val,0.134,0.13199186
Merzenhausen,2023-06-16 13:00:00,42,val,0.133,0.13267016
Merzenhausen,2023-06-16 14:00:00,42,val,0.131,0.1333662
Merzenhausen,2023-06-16 15:00:00,42,val,0.13,0.13398597
Merzenhausen,2023-06-16 16:00:00,42,val,0.13,0.13461965
Merzenhausen,2023-06-16 17:00:00,42,val,0.133,0.13492131
Merzenhausen,2023-06-16 18:00:00,42,val,0.129,0.13493225
Merzenhausen,2023-06-16 19:00:00,42,val,0.131,0.13469109
Merzenhausen,2023-06-16 20:00:00,42,val,0.133,0.13393939
Merzenhausen,2023-06-16 21:00:00,42,val,0.129,0.13299613
Merzenhausen,2023-06-16 22:00:00,42,val,0.13,0.13201424
Merzenhausen,2023-06-16 23:00:00,42,val,0.13,0.13071856
Merzenhausen,2023-06-17 00:00:00,42,val,0.131,0.12942177
Merzenhausen,2023-06-17 01:00:00,42,val,0.132,0.12815446
Merzenhausen,2023-06-17 02:00:00,42,val,0.133,0.12696224
Merzenhausen,2023-06-17 03:00:00,42,val,0.129,0.1259733
Merzenhausen,2023-06-17 04:00:00,42,val,0.13,0.125221
Merzenhausen,2023-06-17 05:00:00,42,val,0.126,0.124646276
Merzenhausen,2023-06-17 06:00:00,42,val,0.1305,0.124648355
Merzenhausen,2023-06-17 07:00:00,42,val,0.131,0.125255
Merzenhausen,2023-06-17 08:00:00,42,val,0.131,0.12634224
Merzenhausen,2023-06-17 09:00:00,42,val,0.129,0.12769258
Merzenhausen,2023-06-17 10:00:00,42,val,0.132,0.1290299
Merzenhausen,2023-06-17 11:00:00,42,val,0.131,0.13019015
Merzenhausen,2023-06-17 12:00:00,42,val,0.132,0.13124593
Merzenhausen,2023-06-17 13:00:00,42,val,0.133,0.13231716
Merzenhausen,2023-06-17 14:00:00,42,val,0.131,0.13317117
Merzenhausen,2023-06-17 15:00:00,42,val,0.1355,0.13355233
Merzenhausen,2023-06-17 16:00:00,42,val,0.134,0.13373035
Merzenhausen,2023-06-17 17:00:00,42,val,0.132,0.13365614
Merzenhausen,2023-06-17 18:00:00,42,val,0.132,0.13318235
Merzenhausen,2023-06-17 19:00:00,42,val,0.1345,0.13251811
Merzenhausen,2023-06-17 20:00:00,42,val,0.133,0.13144287
Merzenhausen,2023-06-17 21:00:00,42,val,0.1355,0.13042045
Merzenhausen,2023-06-17 22:00:00,42,val,0.13,0.12930694
Merzenhausen,2023-06-17 23:00:00,42,val,0.129,0.12816206
Merzenhausen,2023-06-18 00:00:00,42,val,0.128,0.12722561
Merzenhausen,2023-06-18 01:00:00,42,val,0.13,0.12629253
Merzenhausen,2023-06-18 02:00:00,42,val,0.13,0.1256806
Merzenhausen,2023-06-18 03:00:00,42,val,0.128,0.12531666
Merzenhausen,2023-06-18 04:00:00,42,val,0.13,0.12498421
Merzenhausen,2023-06-18 05:00:00,42,val,0.13,0.12489134
Merzenhausen,2023-06-18 06:00:00,42,val,0.132,0.12538357
Merzenhausen,2023-06-18 07:00:00,42,val,0.132,0.12610805
Merzenhausen,2023-06-18 08:00:00,42,val,0.132,0.12694487
Merzenhausen,2023-06-18 09:00:00,42,val,0.13,0.12788099
Merzenhausen,2023-06-18 10:00:00,42,val,0.13,0.1290792
Merzenhausen,2023-06-18 11:00:00,42,val,0.13,0.13022345
Merzenhausen,2023-06-18 12:00:00,42,val,0.1365,0.13128862
Merzenhausen,2023-06-18 13:00:00,42,val,0.13,0.13214919
Merzenhausen,2023-06-18 14:00:00,42,val,0.132,0.13267109
Merzenhausen,2023-06-18 15:00:00,42,val,0.132,0.13291794
Merzenhausen,2023-06-18 16:00:00,42,val,0.134,0.13291286
Merzenhausen,2023-06-18 17:00:00,42,val,0.132,0.13280982
Merzenhausen,2023-06-18 18:00:00,42,val,0.133,0.13246289
Merzenhausen,2023-06-18 19:00:00,42,val,0.133,0.13206017
Merzenhausen,2023-06-18 20:00:00,42,val,0.129,0.131556
Merzenhausen,2023-06-18 21:00:00,42,val,0.134,0.13092795
Merzenhausen,2023-06-18 22:00:00,42,val,0.132,0.1314964
Merzenhausen,2023-06-18 23:00:00,42,val,0.129,0.13163629
Merzenhausen,2023-06-19 00:00:00,42,val,0.129,0.1311307
Merzenhausen,2023-06-19 01:00:00,42,val,0.132,0.1305241
Merzenhausen,2023-06-19 02:00:00,42,val,0.132,0.130278
Merzenhausen,2023-06-19 03:00:00,42,val,0.129,0.12998487
Merzenhausen,2023-06-19 04:00:00,42,val,0.127,0.12985563
Merzenhausen,2023-06-19 05:00:00,42,val,0.128,0.12961127
Merzenhausen,2023-06-19 06:00:00,42,val,0.128,0.1296423
Merzenhausen,2023-06-19 07:00:00,42,val,0.128,0.12987587
Merzenhausen,2023-06-19 08:00:00,42,val,0.127,0.13018464
Merzenhausen,2023-06-19 09:00:00,42,val,0.129,0.13041668
Merzenhausen,2023-06-19 10:00:00,42,val,0.132,0.13083705
Merzenhausen,2023-06-19 11:00:00,42,val,0.13,0.13120145
Merzenhausen,2023-06-19 12:00:00,42,val,0.13,0.13161257
Merzenhausen,2023-06-19 13:00:00,42,val,0.13,0.13216639
Merzenhausen,2023-06-19 14:00:00,42,val,0.131,0.1325358
Merzenhausen,2023-06-19 15:00:00,42,val,0.133,0.13305429
Merzenhausen,2023-06-19 16:00:00,42,val,0.132,0.13341208
Merzenhausen,2023-06-19 17:00:00,42,val,0.133,0.13337073
Merzenhausen,2023-06-19 18:00:00,42,val,0.133,0.132999
Merzenhausen,2023-06-19 19:00:00,42,val,0.133,0.13254501
Merzenhausen,2023-06-19 20:00:00,42,val,0.13,0.13183442
Merzenhausen,2023-06-19 21:00:00,42,val,0.133,0.13117826
Merzenhausen,2023-06-19 22:00:00,42,val,0.132,0.13022518
Merzenhausen,2023-06-19 23:00:00,42,val,0.129,0.12922065
Merzenhausen,2023-06-20 00:00:00,42,val,0.13,0.12826681
Merzenhausen,2023-06-20 01:00:00,42,val,0.13,0.12763403
Merzenhausen,2023-06-20 02:00:00,42,val,0.13,0.12725899
Merzenhausen,2023-06-20 03:00:00,42,val,0.13,0.12844498
Merzenhausen,2023-06-20 04:00:00,42,val,0.134,0.1313285
Merzenhausen,2023-06-20 05:00:00,42,val,0.129,0.13298318
Merzenhausen,2023-06-20 06:00:00,42,val,0.129,0.13358779
Merzenhausen,2023-06-20 07:00:00,42,val,0.135,0.13380268
Merzenhausen,2023-06-20 08:00:00,42,val,0.129,0.13388902
Merzenhausen,2023-06-20 09:00:00,42,val,0.132,0.13379133
Merzenhausen,2023-06-20 10:00:00,42,val,0.131,0.13358232
Merzenhausen,2023-06-20 11:00:00,42,val,0.131,0.13348407
Merzenhausen,2023-06-20 12:00:00,42,val,0.13,0.13382348
Merzenhausen,2023-06-20 13:00:00,42,val,0.129,0.13396034
Merzenhausen,2023-06-20 14:00:00,42,val,0.132,0.13423637
Merzenhausen,2023-06-20 15:00:00,42,val,0.13,0.13418493
Merzenhausen,2023-06-20 16:00:00,42,val,0.379,0.13396381
Merzenhausen,2023-06-20 17:00:00,42,val,0.336,0.13355717
Merzenhausen,2023-06-20 18:00:00,42,val,0.341,0.13301641
Merzenhausen,2023-06-20 19:00:00,42,val,0.384,0.13232449
Merzenhausen,2023-06-20 20:00:00,42,val,0.371,0.13129506
Merzenhausen,2023-06-20 21:00:00,42,val,0.369,0.14174935
Merzenhausen,2023-06-20 22:00:00,42,val,0.364,0.14488205
Merzenhausen,2023-06-20 23:00:00,42,val,0.363,0.14404178
Merzenhausen,2023-06-21 00:00:00,42,val,0.36,0.14123261
Merzenhausen,2023-06-21 01:00:00,42,val,0.356,0.13822177
Merzenhausen,2023-06-21 02:00:00,42,val,0.356,0.13558534
Merzenhausen,2023-06-21 03:00:00,42,val,0.354,0.13345657
Merzenhausen,2023-06-21 04:00:00,42,val,0.353,0.13227734
Merzenhausen,2023-06-21 05:00:00,42,val,0.353,0.13130537
Merzenhausen,2023-06-21 06:00:00,42,val,0.35,0.13070141
Merzenhausen,2023-06-21 07:00:00,42,val,0.35,0.13040224
Merzenhausen,2023-06-21 08:00:00,42,val,0.35,0.1301519
Merzenhausen,2023-06-21 09:00:00,42,val,0.351,0.13006993
Merzenhausen,2023-06-21 10:00:00,42,val,0.35,0.13020965
Merzenhausen,2023-06-21 11:00:00,42,val,0.348,0.13039556
Merzenhausen,2023-06-21 12:00:00,42,val,0.348,0.13064405
Merzenhausen,2023-06-21 13:00:00,42,val,0.344,0.13084882
Merzenhausen,2023-06-21 14:00:00,42,val,0.342,0.13113122
Merzenhausen,2023-06-21 15:00:00,42,val,0.342,0.13150382
Merzenhausen,2023-06-21 16:00:00,42,val,0.338,0.1316886
Merzenhausen,2023-06-21 17:00:00,42,val,0.336,0.1318168
Merzenhausen,2023-06-21 18:00:00,42,val,0.336,0.13167629
Merzenhausen,2023-06-21 19:00:00,42,val,0.332,0.13132146
Merzenhausen,2023-06-21 20:00:00,42,val,0.33,0.13067222
Merzenhausen,2023-06-21 21:00:00,42,val,0.333,0.12994087
Merzenhausen,2023-06-21 22:00:00,42,val,0.332,0.12931235
Merzenhausen,2023-06-21 23:00:00,42,val,0.33,0.1285544
Merzenhausen,2023-06-22 00:00:00,42,val,0.328,0.12789325
Merzenhausen,2023-06-22 01:00:00,42,val,0.326,0.12742764
Merzenhausen,2023-06-22 02:00:00,42,val,0.327,0.12711662
Merzenhausen,2023-06-22 03:00:00,42,val,0.327,0.1269085
Merzenhausen,2023-06-22 04:00:00,42,val,0.325,0.12718046
Merzenhausen,2023-06-22 05:00:00,42,val,0.325,0.12736332
Merzenhausen,2023-06-22 06:00:00,42,val,0.324,0.1276019
Merzenhausen,2023-06-22 07:00:00,42,val,0.325,0.12833747
Merzenhausen,2023-06-22 08:00:00,42,val,0.323,0.12912078
Merzenhausen,2023-06-22 09:00:00,42,val,0.321,0.12987542
Merzenhausen,2023-06-22 10:00:00,42,val,0.322,0.130452
Merzenhausen,2023-06-22 11:00:00,42,val,0.32,0.14596987
Merzenhausen,2023-06-22 12:00:00,42,val,0.318,0.15298544
Merzenhausen,2023-06-22 13:00:00,42,val,0.316,0.15361635
Merzenhausen,2023-06-22 14:00:00,42,val,0.317,0.15129682
Merzenhausen,2023-06-22 15:00:00,42,val,0.314,0.1478566
Merzenhausen,2023-06-22 16:00:00,42,val,0.314,0.17045066
Merzenhausen,2023-06-22 17:00:00,42,val,0.312,0.19681482
Merzenhausen,2023-06-22 18:00:00,42,val,0.308,0.22237761
Merzenhausen,2023-06-22 19:00:00,42,val,0.31,0.24489942
Merzenhausen,2023-06-22 20:00:00,42,val,0.309,0.25296828
Merzenhausen,2023-06-22 21:00:00,42,val,0.308,0.2638089
Merzenhausen,2023-06-22 22:00:00,42,val,0.306,0.27078307
Merzenhausen,2023-06-22 23:00:00,42,val,0.304,0.27818587
Merzenhausen,2023-06-23 00:00:00,42,val,0.306,0.28557646
Merzenhausen,2023-06-23 01:00:00,42,val,0.303,0.2924948
Merzenhausen,2023-06-23 02:00:00,42,val,0.301,0.29875988
Merzenhausen,2023-06-23 03:00:00,42,val,0.301,0.30423802
Merzenhausen,2023-06-23 04:00:00,42,val,0.301,0.3089212
Merzenhausen,2023-06-23 05:00:00,42,val,0.3,0.3129231
Merzenhausen,2023-06-23 06:00:00,42,val,0.301,0.31627765
Merzenhausen,2023-06-23 07:00:00,42,val,0.301,0.3190222
Merzenhausen,2023-06-23 08:00:00,42,val,0.298,0.32123923
Merzenhausen,2023-06-23 09:00:00,42,val,0.301,0.32291168
Merzenhausen,2023-06-23 10:00:00,42,val,0.298,0.32401785
Merzenhausen,2023-06-23 11:00:00,42,val,0.299,0.32450938
Merzenhausen,2023-06-23 12:00:00,42,val,0.299,0.32446852
Merzenhausen,2023-06-23 13:00:00,42,val,0.296,0.32387394
Merzenhausen,2023-06-23 14:00:00,42,val,0.293,0.3227644
Merzenhausen,2023-06-23 15:00:00,42,val,0.294,0.32137597
Merzenhausen,2023-06-23 16:00:00,42,val,0.294,0.31971127
Merzenhausen,2023-06-23 17:00:00,42,val,0.293,0.31799918
Merzenhausen,2023-06-23 18:00:00,42,val,0.288,0.31650302
Merzenhausen,2023-06-23 19:00:00,42,val,0.291,0.31518042
Merzenhausen,2023-06-23 20:00:00,42,val,0.288,0.3142991
Merzenhausen,2023-06-23 21:00:00,42,val,0.288,0.31387293
Merzenhausen,2023-06-23 22:00:00,42,val,0.286,0.3136483
Merzenhausen,2023-06-23 23:00:00,42,val,0.287,0.31350145
Merzenhausen,2023-06-24 00:00:00,42,val,0.286,0.31325746
Merzenhausen,2023-06-24 01:00:00,42,val,0.287,0.3128621
Merzenhausen,2023-06-24 02:00:00,42,val,0.284,0.31240737
Merzenhausen,2023-06-24 03:00:00,42,val,0.285,0.31196824
Merzenhausen,2023-06-24 04:00:00,42,val,0.284,0.31157553
Merzenhausen,2023-06-24 05:00:00,42,val,0.285,0.31129754
Merzenhausen,2023-06-24 06:00:00,42,val,0.283,0.3111372
Merzenhausen,2023-06-24 07:00:00,42,val,0.285,0.31096235
Merzenhausen,2023-06-24 08:00:00,42,val,0.283,0.31056085
Merzenhausen,2023-06-24 09:00:00,42,val,0.285,0.3098375
Merzenhausen,2023-06-24 10:00:00,42,val,0.282,0.3088818
Merzenhausen,2023-06-24 11:00:00,42,val,0.282,0.30761203
Merzenhausen,2023-06-24 12:00:00,42,val,0.279,0.3060602
Merzenhausen,2023-06-24 13:00:00,42,val,0.28,0.304318
Merzenhausen,2023-06-24 14:00:00,42,val,0.278,0.30248407
Merzenhausen,2023-06-24 15:00:00,42,val,0.276,0.30055517
Merzenhausen,2023-06-24 16:00:00,42,val,0.277,0.2987233
Merzenhausen,2023-06-24 17:00:00,42,val,0.277,0.29686055
Merzenhausen,2023-06-24 18:00:00,42,val,0.274,0.2948599
Merzenhausen,2023-06-24 19:00:00,42,val,0.272,0.2929783
Merzenhausen,2023-06-24 20:00:00,42,val,0.274,0.29213694
Merzenhausen,2023-06-24 21:00:00,42,val,0.273,0.29208928
Merzenhausen,2023-06-24 22:00:00,42,val,0.274,0.29241753
Merzenhausen,2023-06-24 23:00:00,42,val,0.273,0.29278034
Merzenhausen,2023-06-25 00:00:00,42,val,0.271,0.29314205
Merzenhausen,2023-06-25 01:00:00,42,val,0.27,0.2932935
Merzenhausen,2023-06-25 02:00:00,42,val,0.271,0.29312515
Merzenhausen,2023-06-25 03:00:00,42,val,0.27,0.29280546
Merzenhausen,2023-06-25 04:00:00,42,val,0.271,0.2924915
Merzenhausen,2023-06-25 05:00:00,42,val,0.269,0.2922243
Merzenhausen,2023-06-25 06:00:00,42,val,0.269,0.29206586
Merzenhausen,2023-06-25 07:00:00,42,val,0.27,0.29184657
Merzenhausen,2023-06-25 08:00:00,42,val,0.269,0.29107168
Merzenhausen,2023-06-25 09:00:00,42,val,0.269,0.28968683
Merzenhausen,2023-06-25 10:00:00,42,val,0.269,0.28764835
Merzenhausen,2023-06-25 11:00:00,42,val,0.266,0.28529903
Merzenhausen,2023-06-25 12:00:00,42,val,0.266,0.28298962
Merzenhausen,2023-06-25 13:00:00,42,val,0.264,0.2807209
Merzenhausen,2023-06-25 14:00:00,42,val,0.264,0.27838394
Merzenhausen,2023-06-25 15:00:00,42,val,0.264,0.27628234
Merzenhausen,2023-06-25 16:00:00,42,val,0.264,0.27450776
Merzenhausen,2023-06-25 17:00:00,42,val,0.261,0.2730044
Merzenhausen,2023-06-25 18:00:00,42,val,0.261,0.27166462
Merzenhausen,2023-06-25 19:00:00,42,val,0.26,0.27079058
Merzenhausen,2023-06-25 20:00:00,42,val,0.259,0.2703555
Merzenhausen,2023-06-25 21:00:00,42,val,0.26,0.2706294
Merzenhausen,2023-06-25 22:00:00,42,val,0.259,0.27118152
Merzenhausen,2023-06-25 23:00:00,42,val,0.259,0.27197337
Merzenhausen,2023-06-26 00:00:00,42,val,0.259,0.27279246
Merzenhausen,2023-06-26 01:00:00,42,val,0.257,0.2735721
Merzenhausen,2023-06-26 02:00:00,42,val,0.257,0.27408466
Merzenhausen,2023-06-26 03:00:00,42,val,0.257,0.2744537
Merzenhausen,2023-06-26 04:00:00,42,val,0.257,0.27470848
Merzenhausen,2023-06-26 05:00:00,42,val,0.259,0.27501333
Merzenhausen,2023-06-26 06:00:00,42,val,0.257,0.27523908
Merzenhausen,2023-06-26 07:00:00,42,val,0.257,0.27546597
Merzenhausen,2023-06-26 08:00:00,42,val,0.257,0.27560544
Merzenhausen,2023-06-26 09:00:00,42,val,0.257,0.2757116
Merzenhausen,2023-06-26 10:00:00,42,val,0.257,0.27570903
Merzenhausen,2023-06-26 11:00:00,42,val,0.257,0.27561697
Merzenhausen,2023-06-26 12:00:00,42,val,0.257,0.27520692
Merzenhausen,2023-06-26 13:00:00,42,val,0.256,0.27480665
Merzenhausen,2023-06-26 14:00:00,42,val,0.256,0.27426314
Merzenhausen,2023-06-26 15:00:00,42,val,0.255,0.27355653
Merzenhausen,2023-06-26 16:00:00,42,val,0.256,0.27262786
Merzenhausen,2023-06-26 17:00:00,42,val,0.254,0.27171174
Merzenhausen,2023-06-26 18:00:00,42,val,0.255,0.2705224
Merzenhausen,2023-06-26 19:00:00,42,val,0.255,0.26927
Merzenhausen,2023-06-26 20:00:00,42,val,0.253,0.26825744
Merzenhausen,2023-06-26 21:00:00,42,val,0.253,0.26742518
Merzenhausen,2023-06-26 22:00:00,42,val,0.253,0.2666837
Merzenhausen,2023-06-26 23:00:00,42,val,0.253,0.2658571
Merzenhausen,2023-06-27 00:00:00,42,val,0.253,0.2648959
Merzenhausen,2023-06-27 01:00:00,42,val,0.253,0.26378992
Merzenhausen,2023-06-27 02:00:00,42,val,0.251,0.26264027
Merzenhausen,2023-06-27 03:00:00,42,val,0.25,0.26158452
Merzenhausen,2023-06-27 04:00:00,42,val,0.25,0.2607911
Merzenhausen,2023-06-27 05:00:00,42,val,0.251,0.26019824
Merzenhausen,2023-06-27 06:00:00,42,val,0.251,0.25990075
Merzenhausen,2023-06-27 07:00:00,42,val,0.249,0.25976223
Merzenhausen,2023-06-27 08:00:00,42,val,0.251,0.25972942
Merzenhausen,2023-06-27 09:00:00,42,val,0.251,0.25967214
Merzenhausen,2023-06-27 10:00:00,42,val,0.249,0.25965977
Merzenhausen,2023-06-27 11:00:00,42,val,0.249,0.2595737
Merzenhausen,2023-06-27 12:00:00,42,val,0.25,0.25935146
Merzenhausen,2023-06-27 13:00:00,42,val,0.25,0.25893784
Merzenhausen,2023-06-27 14:00:00,42,val,0.249,0.25854862
Merzenhausen,2023-06-27 15:00:00,42,val,0.249,0.25800043
Merzenhausen,2023-06-27 16:00:00,42,val,0.247,0.25742143
Merzenhausen,2023-06-27 17:00:00,42,val,0.247,0.25665724
Merzenhausen,2023-06-27 18:00:00,42,val,0.247,0.25567895
Merzenhausen,2023-06-27 19:00:00,42,val,0.246,0.25463387
Merzenhausen,2023-06-27 20:00:00,42,val,0.247,0.25351608
Merzenhausen,2023-06-27 21:00:00,42,val,0.246,0.25248277
Merzenhausen,2023-06-27 22:00:00,42,val,0.246,0.25268447
Merzenhausen,2023-06-27 23:00:00,42,val,0.246,0.25958806
Merzenhausen,2023-06-28 00:00:00,42,val,0.245,0.26781505
Merzenhausen,2023-06-28 01:00:00,42,val,0.245,0.26886365
Merzenhausen,2023-06-28 02:00:00,42,val,0.246,0.26823983
Merzenhausen,2023-06-28 03:00:00,42,val,0.242,0.26575664
Merzenhausen,2023-06-28 04:00:00,42,val,0.243,0.2637749
Merzenhausen,2023-06-28 05:00:00,42,val,0.245,0.26332405
Merzenhausen,2023-06-28 06:00:00,42,val,0.243,0.26155013
Merzenhausen,2023-06-28 07:00:00,42,val,0.245,0.25952202
Merzenhausen,2023-06-28 08:00:00,42,val,0.243,0.25758877
Merzenhausen,2023-06-28 09:00:00,42,val,0.243,0.25589153
Merzenhausen,2023-06-28 10:00:00,42,val,0.245,0.2544651
Merzenhausen,2023-06-28 11:00:00,42,val,0.245,0.25439262
Merzenhausen,2023-06-28 12:00:00,42,val,0.243,0.25357014
Merzenhausen,2023-06-28 13:00:00,42,val,0.244,0.2523391
Merzenhausen,2023-06-28 14:00:00,42,val,0.244,0.25095117
Merzenhausen,2023-06-28 15:00:00,42,val,0.244,0.24950713
Merzenhausen,2023-06-28 16:00:00,42,val,0.243,0.24813563
Merzenhausen,2023-06-28 17:00:00,42,val,0.243,0.2467677
Merzenhausen,2023-06-28 18:00:00,42,val,0.24,0.245608
Merzenhausen,2023-06-28 19:00:00,42,val,0.242,0.24458474
Merzenhausen,2023-06-28 20:00:00,42,val,0.241,0.24359134
Merzenhausen,2023-06-28 21:00:00,42,val,0.24,0.24281558
Merzenhausen,2023-06-28 22:00:00,42,val,0.24,0.24223277
Merzenhausen,2023-06-28 23:00:00,42,val,0.241,0.24184838
Merzenhausen,2023-06-29 00:00:00,42,val,0.241,0.24164669
Merzenhausen,2023-06-29 01:00:00,42,val,0.241,0.2415593
Merzenhausen,2023-06-29 02:00:00,42,val,0.239,0.24140078
Merzenhausen,2023-06-29 03:00:00,42,val,0.238,0.24122362
Merzenhausen,2023-06-29 04:00:00,42,val,0.238,0.24104202
Merzenhausen,2023-06-29 05:00:00,42,val,0.239,0.24100782
Merzenhausen,2023-06-29 06:00:00,42,val,0.239,0.24116124
Merzenhausen,2023-06-29 07:00:00,42,val,0.241,0.24128753
Merzenhausen,2023-06-29 08:00:00,42,val,0.239,0.2414008
Merzenhausen,2023-06-29 09:00:00,42,val,0.239,0.24145415
Merzenhausen,2023-06-29 10:00:00,42,val,0.236,0.24129446
Merzenhausen,2023-06-29 11:00:00,42,val,0.238,0.24100636
Merzenhausen,2023-06-29 12:00:00,42,val,0.239,0.24103093
Merzenhausen,2023-06-29 13:00:00,42,val,0.239,0.24118988
Merzenhausen,2023-06-29 14:00:00,42,val,0.239,0.24149789
Merzenhausen,2023-06-29 15:00:00,42,val,0.236,0.24191496
Merzenhausen,2023-06-29 16:00:00,42,val,0.236,0.2419157
Merzenhausen,2023-06-29 17:00:00,42,val,0.236,0.24161401
Merzenhausen,2023-06-29 18:00:00,42,val,0.236,0.24107715
Merzenhausen,2023-06-29 19:00:00,42,val,0.234,0.24036242
Merzenhausen,2023-06-29 20:00:00,42,val,0.234,0.23961453
Merzenhausen,2023-06-29 21:00:00,42,val,0.237,0.2388424
Merzenhausen,2023-06-29 22:00:00,42,val,0.233,0.24022745
Merzenhausen,2023-06-29 23:00:00,42,val,0.234,0.25339672
Merzenhausen,2023-06-30 00:00:00,42,val,0.234,0.2626168
Merzenhausen,2023-06-30 01:00:00,42,val,0.235,0.2669944
Merzenhausen,2023-06-30 02:00:00,42,val,0.232,0.26637682
Merzenhausen,2023-06-30 03:00:00,42,val,0.233,0.2626585
Merzenhausen,2023-06-30 04:00:00,42,val,0.235,0.25806296
Merzenhausen,2023-06-30 05:00:00,42,val,0.235,0.25366402
Merzenhausen,2023-06-30 06:00:00,42,val,0.236,0.24980031
Merzenhausen,2023-06-30 07:00:00,42,val,0.235,0.2466988
Merzenhausen,2023-06-30 08:00:00,42,val,0.235,0.24415681
Merzenhausen,2023-06-30 09:00:00,42,val,0.232,0.24208717
Merzenhausen,2023-06-30 10:00:00,42,val,0.233,0.2404326
Merzenhausen,2023-06-30 11:00:00,42,val,0.23,0.23912476
Merzenhausen,2023-06-30 12:00:00,42,val,0.23,0.23801047
Merzenhausen,2023-06-30 13:00:00,42,val,0.228,0.23721021
Merzenhausen,2023-06-30 14:00:00,42,val,0.227,0.23664455
Merzenhausen,2023-06-30 15:00:00,42,val,0.226,0.23625349
Merzenhausen,2023-06-30 16:00:00,42,val,0.227,0.23593631
Merzenhausen,2023-06-30 17:00:00,42,val,0.225,0.2355178
Merzenhausen,2023-06-30 18:00:00,42,val,0.223,0.23481634
Merzenhausen,2023-06-30 19:00:00,42,val,0.225,0.23423356
Merzenhausen,2023-06-30 20:00:00,42,val,0.223,0.2337104
Merzenhausen,2023-06-30 21:00:00,42,val,0.225,0.23324597
Merzenhausen,2023-06-30 22:00:00,42,val,0.223,0.23271495
Merzenhausen,2023-06-30 23:00:00,42,val,0.221,0.23216155
Merzenhausen,2023-07-01 00:00:00,42,val,0.222,0.23159538
Merzenhausen,2023-07-01 01:00:00,42,val,0.22,0.23099595
Merzenhausen,2023-07-01 02:00:00,42,val,0.22,0.23032296
Merzenhausen,2023-07-01 03:00:00,42,val,0.221,0.22963399
Merzenhausen,2023-07-01 04:00:00,42,val,0.22,0.22904767
Merzenhausen,2023-07-01 05:00:00,42,val,0.222,0.22870307
Merzenhausen,2023-07-01 06:00:00,42,val,0.22,0.22862129
Merzenhausen,2023-07-01 07:00:00,42,val,0.219,0.23007552
Merzenhausen,2023-07-01 08:00:00,42,val,0.218,0.2309703
Merzenhausen,2023-07-01 09:00:00,42,val,0.218,0.23168829
Merzenhausen,2023-07-01 10:00:00,42,val,0.217,0.23215339
Merzenhausen,2023-07-01 11:00:00,42,val,0.218,0.23247391
Merzenhausen,2023-07-01 12:00:00,42,val,0.216,0.23275019
Merzenhausen,2023-07-01 13:00:00,42,val,0.216,0.24122597
Merzenhausen,2023-07-01 14:00:00,42,val,0.217,0.24384595
Merzenhausen,2023-07-01 15:00:00,42,val,0.214,0.24400058
Merzenhausen,2023-07-01 16:00:00,42,val,0.212,0.24274951
Merzenhausen,2023-07-01 17:00:00,42,val,0.212,0.2419184
Merzenhausen,2023-07-01 18:00:00,42,val,0.212,0.2400504
Merzenhausen,2023-07-01 19:00:00,42,val,0.209,0.24101418
Merzenhausen,2023-07-01 20:00:00,42,val,0.21,0.23979506
Merzenhausen,2023-07-01 21:00:00,42,val,0.21,0.23794585
Merzenhausen,2023-07-01 22:00:00,42,val,0.208,0.23565169
Merzenhausen,2023-07-01 23:00:00,42,val,0.209,0.23328784
Merzenhausen,2023-07-02 00:00:00,42,val,0.207,0.2310426
Merzenhausen,2023-07-02 01:00:00,42,val,0.208,0.22906743
Merzenhausen,2023-07-02 02:00:00,42,val,0.206,0.2272403
Merzenhausen,2023-07-02 03:00:00,42,val,0.206,0.22576082
Merzenhausen,2023-07-02 04:00:00,42,val,0.207,0.22476712
Merzenhausen,2023-07-02 05:00:00,42,val,0.205,0.22428164
Merzenhausen,2023-07-02 06:00:00,42,val,0.205,0.224292
Merzenhausen,2023-07-02 07:00:00,42,val,0.206,0.22567618
Merzenhausen,2023-07-02 08:00:00,42,val,0.204,0.2265613
Merzenhausen,2023-07-02 09:00:00,42,val,0.207,0.2271496
Merzenhausen,2023-07-02 10:00:00,42,val,0.205,0.22754973
Merzenhausen,2023-07-02 11:00:00,42,val,0.202,0.22766325
Merzenhausen,2023-07-02 12:00:00,42,val,0.203,0.22758919
Merzenhausen,2023-07-02 13:00:00,42,val,0.203,0.22724596
Merzenhausen,2023-07-02 14:00:00,42,val,0.2,0.22671622
Merzenhausen,2023-07-02 15:00:00,42,val,0.203,0.22595072
Merzenhausen,2023-07-02 16:00:00,42,val,0.202,0.22520001
Merzenhausen,2023-07-02 17:00:00,42,val,0.198,0.22426838
Merzenhausen,2023-07-02 18:00:00,42,val,0.2,0.22305931
Merzenhausen,2023-07-02 19:00:00,42,val,0.2,0.22177075
Merzenhausen,2023-07-02 20:00:00,42,val,0.199,0.22043465
Merzenhausen,2023-07-02 21:00:00,42,val,0.196,0.21917044
Merzenhausen,2023-07-02 22:00:00,42,val,0.197,0.21805258
Merzenhausen,2023-07-02 23:00:00,42,val,0.199,0.21690767
Merzenhausen,2023-07-03 00:00:00,42,val,0.197,0.21585076
Merzenhausen,2023-07-03 01:00:00,42,val,0.197,0.21477303
Merzenhausen,2023-07-03 02:00:00,42,val,0.199,0.21373801
Merzenhausen,2023-07-03 03:00:00,42,val,0.195,0.2129453
Merzenhausen,2023-07-03 04:00:00,42,val,0.199,0.21235448
Merzenhausen,2023-07-03 05:00:00,42,val,0.199,0.21219666
Merzenhausen,2023-07-03 06:00:00,42,val,0.2,0.21224864
Merzenhausen,2023-07-03 07:00:00,42,val,0.197,0.2125321
Merzenhausen,2023-07-03 08:00:00,42,val,0.199,0.21283184
Merzenhausen,2023-07-03 09:00:00,42,val,0.197,0.21318537
Merzenhausen,2023-07-03 10:00:00,42,val,0.198,0.21351136
Merzenhausen,2023-07-03 11:00:00,42,val,0.196,0.21394944
Merzenhausen,2023-07-03 12:00:00,42,val,0.196,0.21420443
Merzenhausen,2023-07-03 13:00:00,42,val,0.196,0.21444039
Merzenhausen,2023-07-03 14:00:00,42,val,0.193,0.2145361
Merzenhausen,2023-07-03 15:00:00,42,val,0.193,0.21442194
Merzenhausen,2023-07-03 16:00:00,42,val,0.195,0.21381322
Merzenhausen,2023-07-03 17:00:00,42,val,0.196,0.21288541
Merzenhausen,2023-07-03 18:00:00,42,val,0.196,0.21174876
Merzenhausen,2023-07-03 19:00:00,42,val,0.196,0.21042381
Merzenhausen,2023-07-03 20:00:00,42,val,0.194,0.20904501
Merzenhausen,2023-07-03 21:00:00,42,val,0.195,0.20771845
Selhausen,2021-10-31 10:00:00,42,val,0.291,0.2413351
Selhausen,2021-10-31 11:00:00,42,val,0.295,0.24226753
Selhausen,2021-10-31 12:00:00,42,val,0.293,0.24271046
Selhausen,2021-10-31 13:00:00,42,val,0.29,0.24284466
Selhausen,2021-10-31 14:00:00,42,val,0.292,0.24266788
Selhausen,2021-10-31 15:00:00,42,val,0.292,0.24243774
Selhausen,2021-10-31 16:00:00,42,val,0.293,0.24225993
Selhausen,2021-10-31 17:00:00,42,val,0.29,0.2416152
Selhausen,2021-10-31 18:00:00,42,val,0.291,0.23951493
Selhausen,2021-10-31 19:00:00,42,val,0.289,0.23895425
Selhausen,2021-10-31 20:00:00,42,val,0.289,0.25875226
Selhausen,2021-10-31 21:00:00,42,val,0.291,0.26912785
Selhausen,2021-10-31 22:00:00,42,val,0.291,0.27751023
Selhausen,2021-10-31 23:00:00,42,val,0.289,0.2841675
Selhausen,2021-11-01 00:00:00,42,val,0.285,0.28893644
Selhausen,2021-11-01 01:00:00,42,val,0.288,0.2919265
Selhausen,2021-11-01 02:00:00,42,val,0.287,0.29381156
Selhausen,2021-11-01 03:00:00,42,val,0.286,0.29511523
Selhausen,2021-11-01 04:00:00,42,val,0.29,0.2959514
Selhausen,2021-11-01 05:00:00,42,val,0.286,0.29629603
Selhausen,2021-11-01 06:00:00,42,val,0.288,0.29666406
Selhausen,2021-11-01 07:00:00,42,val,0.287,0.29693007
Selhausen,2021-11-01 08:00:00,42,val,0.29,0.29703948
Selhausen,2021-11-01 09:00:00,42,val,0.287,0.29703242
Selhausen,2021-11-01 10:00:00,42,val,0.29,0.2970412
Selhausen,2021-11-01 11:00:00,42,val,0.289,0.2967839
Selhausen,2021-11-01 12:00:00,42,val,0.31,0.29600078
Selhausen,2021-11-01 13:00:00,42,val,0.358,0.29549825
Selhausen,2021-11-01 14:00:00,42,val,0.353,0.29476458
Selhausen,2021-11-01 15:00:00,42,val,0.345,0.29368043
Selhausen,2021-11-01 16:00:00,42,val,0.34,0.29241747
Selhausen,2021-11-01 17:00:00,42,val,0.34,0.2909627
Selhausen,2021-11-01 18:00:00,42,val,0.337,0.2895717
Selhausen,2021-11-01 19:00:00,42,val,0.33,0.28820956
Selhausen,2021-11-01 20:00:00,42,val,0.333,0.28674346
Selhausen,2021-11-01 21:00:00,42,val,0.33,0.28516492
Selhausen,2021-11-01 22:00:00,42,val,0.33,0.2834069
Selhausen,2021-11-01 23:00:00,42,val,0.327,0.28168967
Selhausen,2022-01-07 16:00:00,42,val,0.386,0.33163357
Selhausen,2022-01-07 17:00:00,42,val,0.383,0.33226562
Selhausen,2022-01-07 18:00:00,42,val,0.382,0.33304903
Selhausen,2022-01-07 19:00:00,42,val,0.382,0.3335097
Selhausen,2022-01-07 20:00:00,42,val,0.38,0.33373195
Selhausen,2022-01-07 21:00:00,42,val,0.382,0.3336788
Selhausen,2022-01-07 22:00:00,42,val,0.379,0.33348507
Selhausen,2022-01-07 23:00:00,42,val,0.379,0.33325896
Selhausen,2022-01-08 00:00:00,42,val,0.378,0.33304608
Selhausen,2022-01-08 01:00:00,42,val,0.377,0.33287603
Selhausen,2022-01-08 02:00:00,42,val,0.375,0.33414745
Selhausen,2022-01-08 03:00:00,42,val,0.375,0.33534655
Selhausen,2022-03-29 13:00:00,42,val,0.262,0.23578247
Selhausen,2022-03-29 14:00:00,42,val,0.263,0.23616286
Selhausen,2022-03-29 15:00:00,42,val,0.277,0.23722565
Selhausen,2022-03-29 16:00:00,42,val,0.283,0.23821808
Selhausen,2022-03-29 17:00:00,42,val,0.289,0.23949566
Selhausen,2022-03-29 18:00:00,42,val,0.291,0.2407017
Selhausen,2022-03-29 19:00:00,42,val,0.292,0.24159393
Selhausen,2022-03-29 20:00:00,42,val,0.294,0.24199739
Selhausen,2022-03-29 21:00:00,42,val,0.297,0.24191116
Selhausen,2022-03-29 22:00:00,42,val,0.298,0.24127412
Selhausen,2022-03-29 23:00:00,42,val,0.3,0.24036273
Selhausen,2022-03-30 00:00:00,42,val,0.3,0.23958106
Selhausen,2022-03-30 01:00:00,42,val,0.3,0.23872814
Selhausen,2022-03-30 02:00:00,42,val,0.3,0.23778546
Selhausen,2022-03-30 03:00:00,42,val,0.299,0.23705085
Selhausen,2022-03-30 04:00:00,42,val,0.301,0.23672892
Selhausen,2022-03-30 05:00:00,42,val,0.304,0.23665616
Selhausen,2022-03-30 06:00:00,42,val,0.304,0.23674142
Selhausen,2022-03-30 07:00:00,42,val,0.303,0.23713093
Selhausen,2022-03-30 08:00:00,42,val,0.303,0.23759256
Selhausen,2022-03-30 09:00:00,42,val,0.302,0.23836002
Selhausen,2022-03-30 10:00:00,42,val,0.3,0.23942858
Selhausen,2022-03-30 11:00:00,42,val,0.302,0.24042551
Selhausen,2022-03-30 12:00:00,42,val,0.302,0.24101326
Selhausen,2022-03-30 13:00:00,42,val,0.2955,0.24167119
Selhausen,2022-03-30 14:00:00,42,val,0.2845,0.24224338
Selhausen,2022-03-30 15:00:00,42,val,0.2925,0.24262919
Selhausen,2022-03-30 16:00:00,42,val,0.3085,0.24105275
Selhausen,2022-03-30 17:00:00,42,val,0.292,0.24041246
Selhausen,2022-03-30 18:00:00,42,val,0.302,0.24015261
Selhausen,2022-03-30 19:00:00,42,val,0.3065,0.24003077
Selhausen,2022-03-30 20:00:00,42,val,0.306,0.23951587
Selhausen,2022-03-30 21:00:00,42,val,0.3365,0.23903568
Selhausen,2022-03-30 22:00:00,42,val,0.3389999999999999,0.23858258
Selhausen,2022-03-30 23:00:00,42,val,0.3405,0.2386121
Selhausen,2022-03-31 00:00:00,42,val,0.3395,0.23796284
Selhausen,2022-03-31 01:00:00,42,val,0.3405,0.2370689
Selhausen,2022-03-31 02:00:00,42,val,0.3405,0.23620273
Selhausen,2022-03-31 03:00:00,42,val,0.35,0.23705962
Selhausen,2022-03-31 04:00:00,42,val,0.3415,0.24051043
Selhausen,2022-04-24 12:00:00,42,val,0.254,0.24603692
Selhausen,2022-04-24 13:00:00,42,val,0.252,0.24623698
Selhausen,2022-04-24 14:00:00,42,val,0.249,0.24573904
Selhausen,2022-04-24 15:00:00,42,val,0.258,0.2451268
Selhausen,2022-04-24 16:00:00,42,val,0.255,0.24469206
Selhausen,2022-04-24 17:00:00,42,val,0.254,0.2439245
Selhausen,2022-04-24 18:00:00,42,val,0.254,0.24323563
Selhausen,2022-04-24 19:00:00,42,val,0.25,0.24257316
Selhausen,2022-04-24 20:00:00,42,val,0.253,0.2418148
Selhausen,2022-04-24 21:00:00,42,val,0.248,0.24106318
Selhausen,2022-04-24 22:00:00,42,val,0.25,0.24007961
Selhausen,2022-04-24 23:00:00,42,val,0.245,0.2389099
Selhausen,2022-04-25 00:00:00,42,val,0.251,0.23779391
Selhausen,2022-04-25 01:00:00,42,val,0.251,0.23675445
Selhausen,2022-04-25 02:00:00,42,val,0.244,0.23602599
Selhausen,2022-04-25 03:00:00,42,val,0.2674999999999999,0.23913607
Selhausen,2022-04-25 04:00:00,42,val,0.2435,0.24139714
Selhausen,2022-04-25 05:00:00,42,val,0.242,0.24223274
Selhausen,2022-04-25 06:00:00,42,val,0.249,0.24274808
Selhausen,2022-04-25 07:00:00,42,val,0.25,0.24303861
Selhausen,2022-04-25 08:00:00,42,val,0.247,0.2433206
Selhausen,2022-04-25 09:00:00,42,val,0.251,0.24376999
Selhausen,2022-04-25 10:00:00,42,val,0.252,0.24428472
Selhausen,2022-04-25 11:00:00,42,val,0.2495,0.24465735
Selhausen,2022-04-25 12:00:00,42,val,0.289,0.24502897
Selhausen,2022-04-25 13:00:00,42,val,0.247,0.24543373
Selhausen,2022-05-07 14:00:00,42,val,0.236,0.22512323
Selhausen,2022-05-07 15:00:00,42,val,0.235,0.22516614
Selhausen,2022-05-07 16:00:00,42,val,0.235,0.22467674
Selhausen,2022-05-07 17:00:00,42,val,0.233,0.2242064
Selhausen,2022-05-07 18:00:00,42,val,0.23,0.22379966
Selhausen,2022-05-07 19:00:00,42,val,0.231,0.22336394
Selhausen,2022-05-07 20:00:00,42,val,0.227,0.22284107
Selhausen,2022-05-07 21:00:00,42,val,0.226,0.22214034
Selhausen,2022-05-07 22:00:00,42,val,0.223,0.22122547
Selhausen,2022-05-07 23:00:00,42,val,0.226,0.22006772
Selhausen,2022-05-08 00:00:00,42,val,0.221,0.21883945
Selhausen,2022-05-08 01:00:00,42,val,0.222,0.21799122
Selhausen,2022-05-18 02:00:00,42,val,0.203,0.19086328
Selhausen,2022-05-18 03:00:00,42,val,0.203,0.19036894
Selhausen,2022-05-18 04:00:00,42,val,0.2,0.19024923
Selhausen,2022-05-18 05:00:00,42,val,0.2,0.19046208
Selhausen,2022-05-18 06:00:00,42,val,0.203,0.19119461
Selhausen,2022-05-18 07:00:00,42,val,0.206,0.19224456
Selhausen,2022-05-18 08:00:00,42,val,0.204,0.19316278
Selhausen,2022-05-18 09:00:00,42,val,0.206,0.19379379
Selhausen,2022-05-18 10:00:00,42,val,0.209,0.19417033
Selhausen,2022-05-18 11:00:00,42,val,0.209,0.1943233
Selhausen,2022-05-18 12:00:00,42,val,0.209,0.19447865
Selhausen,2022-05-18 13:00:00,42,val,0.209,0.1947408
Selhausen,2022-05-18 14:00:00,42,val,0.2185,0.1948342
Selhausen,2022-05-18 15:00:00,42,val,0.207,0.19458398
Selhausen,2022-05-18 16:00:00,42,val,0.207,0.19412929
Selhausen,2022-05-18 17:00:00,42,val,0.205,0.19355513
Selhausen,2022-05-18 18:00:00,42,val,0.2299999999999999,0.19282141
Selhausen,2022-05-18 19:00:00,42,val,0.203,0.19203852
Selhausen,2022-05-18 20:00:00,42,val,0.204,0.19140734
Selhausen,2022-05-18 21:00:00,42,val,0.203,0.19079852
Selhausen,2022-05-18 22:00:00,42,val,0.205,0.19031954
Selhausen,2022-05-18 23:00:00,42,val,0.207,0.18972026
Selhausen,2022-05-19 00:00:00,42,val,0.202,0.18909194
Selhausen,2022-05-19 01:00:00,42,val,0.204,0.18853848
Selhausen,2022-05-19 02:00:00,42,val,0.203,0.18789458
Selhausen,2022-05-19 03:00:00,42,val,0.206,0.1873822
Selhausen,2022-05-19 04:00:00,42,val,0.201,0.186982
Selhausen,2022-05-19 05:00:00,42,val,0.204,0.18699363
Selhausen,2022-05-19 06:00:00,42,val,0.204,0.18759634
Selhausen,2022-05-19 07:00:00,42,val,0.208,0.18852606
Selhausen,2022-05-19 08:00:00,42,val,0.206,0.18949677
Selhausen,2022-05-19 09:00:00,42,val,0.208,0.19046012
Selhausen,2022-05-19 10:00:00,42,val,0.209,0.19112912
Selhausen,2022-05-19 11:00:00,42,val,0.209,0.19152221
Selhausen,2022-05-19 12:00:00,42,val,0.21,0.19140922
Selhausen,2022-05-19 13:00:00,42,val,0.21,0.19328792
Selhausen,2022-05-19 14:00:00,42,val,0.2314999999999999,0.21446228
Selhausen,2022-05-19 15:00:00,42,val,0.224,0.2232731
Selhausen,2022-05-19 16:00:00,42,val,0.2309999999999999,0.22630975
Selhausen,2022-05-19 17:00:00,42,val,0.211,0.22497489
Selhausen,2022-05-19 18:00:00,42,val,0.209,0.22154175
Selhausen,2022-05-19 19:00:00,42,val,0.209,0.21729767
Selhausen,2022-05-19 20:00:00,42,val,0.207,0.21300963
Selhausen,2022-05-19 21:00:00,42,val,0.208,0.2090034
Selhausen,2022-05-19 22:00:00,42,val,0.205,0.20550758
Selhausen,2022-05-19 23:00:00,42,val,0.206,0.20249416
Selhausen,2022-05-20 00:00:00,42,val,0.204,0.19996259
Selhausen,2022-05-20 01:00:00,42,val,0.206,0.19797462
Selhausen,2022-05-20 02:00:00,42,val,0.203,0.19637516
Selhausen,2022-05-20 03:00:00,42,val,0.205,0.19515233
Selhausen,2022-05-20 04:00:00,42,val,0.204,0.19420241
Selhausen,2022-05-20 05:00:00,42,val,0.201,0.19359276
Selhausen,2022-05-20 06:00:00,42,val,0.205,0.19367847
Selhausen,2022-05-20 07:00:00,42,val,0.203,0.19438879
Selhausen,2022-05-20 08:00:00,42,val,0.206,0.19529523
Selhausen,2022-05-20 09:00:00,42,val,0.208,0.19632912
Selhausen,2022-05-20 10:00:00,42,val,0.211,0.19739872
Selhausen,2022-05-20 11:00:00,42,val,0.213,0.19820686
Selhausen,2022-05-20 12:00:00,42,val,0.214,0.20183049
Selhausen,2022-05-20 13:00:00,42,val,0.217,0.20336618
Selhausen,2022-05-20 14:00:00,42,val,0.22,0.20425425
Selhausen,2022-05-20 15:00:00,42,val,0.217,0.20510423
Selhausen,2022-05-20 16:00:00,42,val,0.213,0.21225628
Selhausen,2022-05-20 17:00:00,42,val,0.21,0.21520478
Selhausen,2022-05-20 18:00:00,42,val,0.213,0.21683761
Selhausen,2022-05-20 19:00:00,42,val,0.208,0.21611384
Selhausen,2022-05-20 20:00:00,42,val,0.209,0.21412063
Selhausen,2022-05-20 21:00:00,42,val,0.211,0.21127991
Selhausen,2022-05-20 22:00:00,42,val,0.209,0.2082091
Selhausen,2022-05-20 23:00:00,42,val,0.204,0.20546548
Selhausen,2022-05-21 00:00:00,42,val,0.207,0.20266329
Selhausen,2022-05-21 01:00:00,42,val,0.205,0.20004563
Selhausen,2022-05-21 02:00:00,42,val,0.206,0.1979142
Selhausen,2022-05-21 03:00:00,42,val,0.203,0.19640309
Selhausen,2022-05-21 04:00:00,42,val,0.203,0.19522224
Selhausen,2022-05-21 05:00:00,42,val,0.203,0.19462135
Selhausen,2022-05-21 06:00:00,42,val,0.202,0.19462207
Selhausen,2022-05-21 07:00:00,42,val,0.205,0.19531319
Selhausen,2022-05-21 08:00:00,42,val,0.205,0.1965203
Selhausen,2022-05-21 09:00:00,42,val,0.201,0.19788031
Selhausen,2022-05-21 10:00:00,42,val,0.206,0.19918454
Selhausen,2022-05-21 11:00:00,42,val,0.21,0.20047507
Selhausen,2022-05-21 12:00:00,42,val,0.212,0.20154938
Selhausen,2022-05-21 13:00:00,42,val,0.21,0.20216657
Selhausen,2022-05-21 14:00:00,42,val,0.205,0.20386605
Selhausen,2022-05-21 15:00:00,42,val,0.205,0.20558548
Selhausen,2022-05-21 16:00:00,42,val,0.206,0.20745483
Selhausen,2022-05-21 17:00:00,42,val,0.202,0.20801501
Selhausen,2022-05-21 18:00:00,42,val,0.201,0.20758069
Selhausen,2022-05-21 19:00:00,42,val,0.204,0.20648801
Selhausen,2022-05-21 20:00:00,42,val,0.206,0.20498075
Selhausen,2022-05-21 21:00:00,42,val,0.209,0.20347661
Selhausen,2022-05-21 22:00:00,42,val,0.211,0.20179176
Selhausen,2022-05-21 23:00:00,42,val,0.213,0.20009029
Selhausen,2022-05-22 00:00:00,42,val,0.212,0.19836134
Selhausen,2022-05-22 01:00:00,42,val,0.214,0.19677952
Selhausen,2022-05-22 02:00:00,42,val,0.215,0.19524436
Selhausen,2022-05-22 03:00:00,42,val,0.208,0.19402198
Selhausen,2022-05-22 04:00:00,42,val,0.21,0.19316402
Selhausen,2022-05-22 05:00:00,42,val,0.21,0.1925918
Selhausen,2022-05-22 06:00:00,42,val,0.213,0.19284384
Selhausen,2022-05-22 07:00:00,42,val,0.209,0.19358216
Selhausen,2022-05-22 08:00:00,42,val,0.215,0.19483992
Selhausen,2022-05-22 09:00:00,42,val,0.217,0.19626164
Selhausen,2022-05-22 10:00:00,42,val,0.217,0.197741
Selhausen,2022-05-22 11:00:00,42,val,0.213,0.19908921
Selhausen,2022-05-22 12:00:00,42,val,0.216,0.20014776
Selhausen,2022-05-22 13:00:00,42,val,0.215,0.20100328
Selhausen,2022-05-22 14:00:00,42,val,0.218,0.20183012
Selhausen,2022-05-22 15:00:00,42,val,0.216,0.20218344
Selhausen,2022-05-22 16:00:00,42,val,0.217,0.20190467
Selhausen,2022-05-22 17:00:00,42,val,0.214,0.20098005
Selhausen,2022-06-14 01:00:00,42,val,0.185,0.19871375
Selhausen,2022-06-14 02:00:00,42,val,0.188,0.19726221
Selhausen,2022-06-14 03:00:00,42,val,0.185,0.19582397
Selhausen,2022-06-14 04:00:00,42,val,0.182,0.19480693
Selhausen,2022-06-14 05:00:00,42,val,0.184,0.19429995
Selhausen,2022-06-14 06:00:00,42,val,0.182,0.19438526
Selhausen,2022-06-14 07:00:00,42,val,0.185,0.19503914
Selhausen,2022-06-14 08:00:00,42,val,0.184,0.1959137
Selhausen,2022-06-14 09:00:00,42,val,0.187,0.19682558
Selhausen,2022-06-14 10:00:00,42,val,0.19,0.19791897
Selhausen,2022-06-14 11:00:00,42,val,0.186,0.19885224
Selhausen,2022-06-14 12:00:00,42,val,0.19,0.19947667
Selhausen,2022-06-14 13:00:00,42,val,0.188,0.1996611
Selhausen,2022-06-14 14:00:00,42,val,0.189,0.1998685
Selhausen,2022-06-14 15:00:00,42,val,0.188,0.19953127
Selhausen,2022-06-14 16:00:00,42,val,0.187,0.19873372
Selhausen,2022-06-14 17:00:00,42,val,0.186,0.19755398
Selhausen,2022-06-14 18:00:00,42,val,0.183,0.19615155
Selhausen,2022-06-14 19:00:00,42,val,0.183,0.1948108
Selhausen,2022-06-14 20:00:00,42,val,0.183,0.19344613
Selhausen,2022-06-14 21:00:00,42,val,0.177,0.19225328
Selhausen,2022-06-14 22:00:00,42,val,0.179,0.19081628
Selhausen,2022-06-14 23:00:00,42,val,0.179,0.18933177
Selhausen,2022-06-15 00:00:00,42,val,0.175,0.18810892
Selhausen,2022-06-15 01:00:00,42,val,0.175,0.1868091
Selhausen,2022-06-15 02:00:00,42,val,0.177,0.18572265
Selhausen,2022-06-15 03:00:00,42,val,0.174,0.18476745
Selhausen,2022-06-15 04:00:00,42,val,0.179,0.18433484
Selhausen,2022-06-15 05:00:00,42,val,0.174,0.1841162
Selhausen,2022-06-15 06:00:00,42,val,0.174,0.18480015
Selhausen,2022-06-15 07:00:00,42,val,0.174,0.1855616
Selhausen,2022-06-15 08:00:00,42,val,0.181,0.18609445
Selhausen,2022-06-15 09:00:00,42,val,0.179,0.18674013
Selhausen,2022-06-15 10:00:00,42,val,0.182,0.18760493
Selhausen,2022-06-15 11:00:00,42,val,0.182,0.18824843
Selhausen,2022-06-15 12:00:00,42,val,0.18,0.18848361
Selhausen,2022-06-15 13:00:00,42,val,0.187,0.18842533
Selhausen,2022-06-15 14:00:00,42,val,0.182,0.18781106
Selhausen,2022-06-15 15:00:00,42,val,0.186,0.18705875
Selhausen,2022-06-15 16:00:00,42,val,0.179,0.18606627
Selhausen,2022-06-15 17:00:00,42,val,0.182,0.18463756
Selhausen,2022-06-15 18:00:00,42,val,0.178,0.1831595
Selhausen,2022-06-15 19:00:00,42,val,0.176,0.18166333
Selhausen,2022-06-15 20:00:00,42,val,0.176,0.18025942
Selhausen,2022-06-15 21:00:00,42,val,0.175,0.17886356
Selhausen,2022-06-15 22:00:00,42,val,0.172,0.17770554
Selhausen,2022-06-15 23:00:00,42,val,0.174,0.17651252
Selhausen,2022-06-16 00:00:00,42,val,0.168,0.17554747
Selhausen,2022-06-16 01:00:00,42,val,0.171,0.17468879
Selhausen,2022-06-16 02:00:00,42,val,0.169,0.17420599
Selhausen,2022-06-16 03:00:00,42,val,0.167,0.17367731
Selhausen,2022-06-16 04:00:00,42,val,0.172,0.17307706
Selhausen,2022-06-16 05:00:00,42,val,0.169,0.17286716
Selhausen,2022-06-16 06:00:00,42,val,0.17,0.17311262
Selhausen,2022-06-16 07:00:00,42,val,0.17,0.17385994
Selhausen,2022-06-16 08:00:00,42,val,0.171,0.17483863
Selhausen,2022-06-16 09:00:00,42,val,0.173,0.17602038
Selhausen,2022-06-16 10:00:00,42,val,0.174,0.17733741
Selhausen,2022-06-16 11:00:00,42,val,0.174,0.17836505
Selhausen,2022-06-16 12:00:00,42,val,0.181,0.17939407
Selhausen,2022-06-16 13:00:00,42,val,0.179,0.18014053
Selhausen,2022-06-16 14:00:00,42,val,0.176,0.18058304
Selhausen,2022-06-16 15:00:00,42,val,0.178,0.18057004
Selhausen,2022-06-16 16:00:00,42,val,0.173,0.18005136
Selhausen,2022-06-16 17:00:00,42,val,0.178,0.17913516
Selhausen,2022-06-16 18:00:00,42,val,0.178,0.1777976
Selhausen,2022-06-16 19:00:00,42,val,0.169,0.17636776
Selhausen,2022-06-16 20:00:00,42,val,0.17,0.17508936
Selhausen,2022-06-16 21:00:00,42,val,0.171,0.17357665
Selhausen,2022-06-16 22:00:00,42,val,0.165,0.17220348
Selhausen,2022-06-16 23:00:00,42,val,0.165,0.17090687
Selhausen,2022-06-17 00:00:00,42,val,0.167,0.16939676
Selhausen,2022-06-17 01:00:00,42,val,0.164,0.16782603
Selhausen,2022-06-17 02:00:00,42,val,0.163,0.1665766
Selhausen,2022-06-17 03:00:00,42,val,0.162,0.16548005
Selhausen,2022-06-17 04:00:00,42,val,0.162,0.16493705
Selhausen,2022-06-17 05:00:00,42,val,0.16,0.16491744
Selhausen,2022-06-17 06:00:00,42,val,0.161,0.16516514
Selhausen,2022-06-17 07:00:00,42,val,0.164,0.1657496
Selhausen,2022-06-17 08:00:00,42,val,0.162,0.1669696
Selhausen,2022-06-17 09:00:00,42,val,0.163,0.1682125
Selhausen,2022-06-17 10:00:00,42,val,0.163,0.16965102
Selhausen,2022-06-17 11:00:00,42,val,0.166,0.17077288
Selhausen,2022-06-17 12:00:00,42,val,0.162,0.17143603
Selhausen,2022-06-17 13:00:00,42,val,0.168,0.17212072
Selhausen,2022-06-17 14:00:00,42,val,0.17,0.17238426
Selhausen,2022-06-17 15:00:00,42,val,0.166,0.17254189
Selhausen,2022-06-17 16:00:00,42,val,0.167,0.1719918
Selhausen,2022-06-17 17:00:00,42,val,0.166,0.17118688
Selhausen,2022-06-17 18:00:00,42,val,0.162,0.17003354
Selhausen,2022-06-17 19:00:00,42,val,0.162,0.16860686
Selhausen,2022-06-17 20:00:00,42,val,0.161,0.16717967
Selhausen,2022-06-17 21:00:00,42,val,0.162,0.16594091
Selhausen,2022-06-17 22:00:00,42,val,0.161,0.16464627
Selhausen,2022-06-17 23:00:00,42,val,0.157,0.16361931
Selhausen,2022-06-18 00:00:00,42,val,0.159,0.16253114
Selhausen,2022-06-18 01:00:00,42,val,0.157,0.16148546
Selhausen,2022-06-18 02:00:00,42,val,0.155,0.16049017
Selhausen,2022-06-18 03:00:00,42,val,0.161,0.15991193
Selhausen,2022-06-18 04:00:00,42,val,0.158,0.15988943
Selhausen,2022-06-18 05:00:00,42,val,0.159,0.16007532
Selhausen,2022-06-18 06:00:00,42,val,0.155,0.16066901
Selhausen,2022-06-18 07:00:00,42,val,0.155,0.1615512
Selhausen,2022-06-18 08:00:00,42,val,0.165,0.16242847
Selhausen,2022-06-18 09:00:00,42,val,0.171,0.16328453
Selhausen,2022-06-18 10:00:00,42,val,0.173,0.16397217
Selhausen,2022-06-18 11:00:00,42,val,0.174,0.16444993
Selhausen,2022-06-18 12:00:00,42,val,0.181,0.16536999
Selhausen,2022-06-18 13:00:00,42,val,0.186,0.16625619
Selhausen,2022-06-18 14:00:00,42,val,0.188,0.16693549
Selhausen,2022-06-18 15:00:00,42,val,0.181,0.16739234
Selhausen,2022-06-18 16:00:00,42,val,0.199,0.16706549
Selhausen,2022-06-18 17:00:00,42,val,0.196,0.16653274
Selhausen,2022-06-18 18:00:00,42,val,0.183,0.16584632
Selhausen,2022-06-18 19:00:00,42,val,0.19,0.16452913
Selhausen,2022-06-18 20:00:00,42,val,0.188,0.16301692
Selhausen,2022-06-18 21:00:00,42,val,0.189,0.1616747
Selhausen,2022-06-18 22:00:00,42,val,0.181,0.16013144
Selhausen,2022-06-18 23:00:00,42,val,0.18,0.15867588
Selhausen,2022-06-19 00:00:00,42,val,0.186,0.15752949
Selhausen,2022-06-19 01:00:00,42,val,0.181,0.15640673
Selhausen,2022-06-19 02:00:00,42,val,0.182,0.15527326
Selhausen,2022-06-19 03:00:00,42,val,0.182,0.15416095
Selhausen,2022-06-19 04:00:00,42,val,0.183,0.15325384
Selhausen,2022-06-19 05:00:00,42,val,0.183,0.15247418
Selhausen,2022-06-19 06:00:00,42,val,0.184,0.15201814
Selhausen,2022-06-19 07:00:00,42,val,0.1845,0.15224317
Selhausen,2022-06-19 08:00:00,42,val,0.182,0.1528143
Selhausen,2022-06-19 09:00:00,42,val,0.181,0.15376912
Selhausen,2022-06-19 10:00:00,42,val,0.192,0.15491974
Selhausen,2022-06-19 11:00:00,42,val,0.1905,0.15633982
Selhausen,2022-06-19 12:00:00,42,val,0.186,0.15749298
Selhausen,2022-06-19 13:00:00,42,val,0.1835,0.15891036
Selhausen,2022-06-19 14:00:00,42,val,0.188,0.16056526
Selhausen,2022-06-19 15:00:00,42,val,0.1865,0.16176349
Selhausen,2022-06-19 16:00:00,42,val,0.187,0.16260992
Selhausen,2022-06-19 17:00:00,42,val,0.182,0.16291904
Selhausen,2022-06-19 18:00:00,42,val,0.183,0.16244332
Selhausen,2022-06-19 19:00:00,42,val,0.188,0.16142276
Selhausen,2022-06-19 20:00:00,42,val,0.186,0.16023073
Selhausen,2022-06-19 21:00:00,42,val,0.183,0.15902461
Selhausen,2022-06-19 22:00:00,42,val,0.177,0.15774341
Selhausen,2022-06-19 23:00:00,42,val,0.182,0.1561125
Selhausen,2022-06-20 00:00:00,42,val,0.176,0.15439826
Selhausen,2022-06-20 01:00:00,42,val,0.1765,0.15351751
Selhausen,2022-06-20 02:00:00,42,val,0.18,0.16826135
Selhausen,2022-06-20 03:00:00,42,val,0.178,0.17343268
Selhausen,2022-06-20 04:00:00,42,val,0.179,0.17312567
Selhausen,2022-06-20 05:00:00,42,val,0.176,0.17273584
Selhausen,2022-06-20 06:00:00,42,val,0.177,0.17047296
Selhausen,2022-06-20 07:00:00,42,val,0.179,0.17335656
Selhausen,2022-06-20 08:00:00,42,val,0.175,0.17991602
Selhausen,2022-06-20 09:00:00,42,val,0.178,0.18059762
Selhausen,2022-06-20 10:00:00,42,val,0.181,0.1799826
Selhausen,2022-06-20 11:00:00,42,val,0.185,0.17937997
Selhausen,2022-06-20 12:00:00,42,val,0.183,0.17943223
Selhausen,2022-06-20 13:00:00,42,val,0.185,0.17983513
Selhausen,2022-06-20 14:00:00,42,val,0.182,0.18083683
Selhausen,2022-06-20 15:00:00,42,val,0.181,0.18145722
Selhausen,2022-06-20 16:00:00,42,val,0.186,0.1829118
Selhausen,2022-06-20 17:00:00,42,val,0.175,0.18453358
Selhausen,2022-06-20 18:00:00,42,val,0.178,0.1851227
Selhausen,2022-06-20 19:00:00,42,val,0.173,0.18570594
Selhausen,2022-06-20 20:00:00,42,val,0.18,0.18596996
Selhausen,2022-06-20 21:00:00,42,val,0.174,0.18610705
Selhausen,2022-06-20 22:00:00,42,val,0.171,0.18543626
Selhausen,2022-06-20 23:00:00,42,val,0.174,0.1843295
Selhausen,2022-06-21 00:00:00,42,val,0.177,0.18314819
Selhausen,2022-06-21 01:00:00,42,val,0.173,0.18181367
Selhausen,2022-06-21 02:00:00,42,val,0.172,0.1804907
Selhausen,2022-06-21 03:00:00,42,val,0.166,0.17936029
Selhausen,2022-06-21 04:00:00,42,val,0.172,0.17841503
Selhausen,2022-06-21 05:00:00,42,val,0.168,0.17800987
Selhausen,2022-06-21 06:00:00,42,val,0.169,0.17818147
Selhausen,2022-06-21 07:00:00,42,val,0.176,0.17875993
Selhausen,2022-06-21 08:00:00,42,val,0.172,0.17941184
Selhausen,2022-06-21 09:00:00,42,val,0.169,0.18004167
Selhausen,2022-06-21 10:00:00,42,val,0.171,0.18112239
Selhausen,2022-06-21 11:00:00,42,val,0.171,0.18226378
Selhausen,2022-06-21 12:00:00,42,val,0.178,0.18273333
Selhausen,2022-06-21 13:00:00,42,val,0.171,0.18286192
Selhausen,2022-06-21 14:00:00,42,val,0.171,0.182754
Selhausen,2022-07-01 15:00:00,42,val,0.182,0.19399059
Selhausen,2022-07-01 16:00:00,42,val,0.178,0.19430484
Selhausen,2022-07-01 17:00:00,42,val,0.175,0.19433776
Selhausen,2022-07-01 18:00:00,42,val,0.175,0.1936221
Selhausen,2022-07-01 19:00:00,42,val,0.179,0.19220461
Selhausen,2022-07-01 20:00:00,42,val,0.17,0.19121237
Selhausen,2022-07-01 21:00:00,42,val,0.176,0.19027771
Selhausen,2022-07-01 22:00:00,42,val,0.17,0.18912938
Selhausen,2022-07-01 23:00:00,42,val,0.174,0.18801159
Selhausen,2022-07-02 00:00:00,42,val,0.166,0.18681379
Selhausen,2022-07-02 01:00:00,42,val,0.165,0.18581569
Selhausen,2022-07-02 02:00:00,42,val,0.166,0.1849654
Selhausen,2022-07-02 03:00:00,42,val,0.166,0.18415475
Selhausen,2022-07-02 04:00:00,42,val,0.165,0.18364948
Selhausen,2022-07-02 05:00:00,42,val,0.165,0.18356897
Selhausen,2022-07-02 06:00:00,42,val,0.166,0.1838043
Selhausen,2022-07-02 07:00:00,42,val,0.17,0.18433708
Selhausen,2022-07-02 08:00:00,42,val,0.167,0.18485755
Selhausen,2022-07-02 09:00:00,42,val,0.168,0.18505791
Selhausen,2022-07-02 10:00:00,42,val,0.172,0.18495348
Selhausen,2022-07-02 11:00:00,42,val,0.175,0.18489341
Selhausen,2022-07-02 12:00:00,42,val,0.177,0.18471467
Selhausen,2022-07-02 13:00:00,42,val,0.174,0.18415917
Selhausen,2022-07-02 14:00:00,42,val,0.171,0.18345653
Selhausen,2022-07-02 15:00:00,42,val,0.174,0.18271771
Selhausen,2022-07-02 16:00:00,42,val,0.172,0.1814019
Selhausen,2022-07-02 17:00:00,42,val,0.176,0.17976283
Selhausen,2022-07-02 18:00:00,42,val,0.172,0.17826971
Selhausen,2022-07-02 19:00:00,42,val,0.17,0.17668988
Selhausen,2022-07-02 20:00:00,42,val,0.171,0.17503262
Selhausen,2022-07-02 21:00:00,42,val,0.168,0.17354052
Selhausen,2022-07-02 22:00:00,42,val,0.167,0.17242528
Selhausen,2022-07-02 23:00:00,42,val,0.166,0.17141497
Selhausen,2022-07-03 00:00:00,42,val,0.165,0.170557
Selhausen,2022-07-03 01:00:00,42,val,0.165,0.16971618
Selhausen,2022-07-03 02:00:00,42,val,0.166,0.1688513
Selhausen,2022-07-03 03:00:00,42,val,0.161,0.16820687
Selhausen,2022-07-03 04:00:00,42,val,0.164,0.1677162
Selhausen,2022-07-03 05:00:00,42,val,0.16,0.16782877
Selhausen,2022-07-03 06:00:00,42,val,0.162,0.16839673
Selhausen,2022-07-03 07:00:00,42,val,0.162,0.16904765
Selhausen,2022-07-03 08:00:00,42,val,0.162,0.16997045
Selhausen,2022-07-03 09:00:00,42,val,0.168,0.17081203
Selhausen,2022-07-03 10:00:00,42,val,0.162,0.17154232
Selhausen,2022-07-03 11:00:00,42,val,0.171,0.17212623
Selhausen,2022-07-03 12:00:00,42,val,0.165,0.17245445
Selhausen,2022-07-03 13:00:00,42,val,0.173,0.17264771
Selhausen,2022-07-03 14:00:00,42,val,0.164,0.17298254
Selhausen,2022-07-03 15:00:00,42,val,0.172,0.1733444
Selhausen,2022-07-03 16:00:00,42,val,0.165,0.17338204
Selhausen,2022-07-03 17:00:00,42,val,0.165,0.17272322
Selhausen,2022-07-03 18:00:00,42,val,0.165,0.17175174
Selhausen,2022-07-03 19:00:00,42,val,0.168,0.17075506
Selhausen,2022-07-03 20:00:00,42,val,0.165,0.16935413
Selhausen,2022-07-03 21:00:00,42,val,0.16,0.16812332
Selhausen,2022-07-03 22:00:00,42,val,0.164,0.16672918
Selhausen,2022-07-03 23:00:00,42,val,0.157,0.16557357
Selhausen,2022-07-04 00:00:00,42,val,0.165,0.16404884
Selhausen,2022-07-04 01:00:00,42,val,0.157,0.16243693
Selhausen,2022-07-04 02:00:00,42,val,0.16,0.16102102
Selhausen,2022-07-04 03:00:00,42,val,0.159,0.15992597
Selhausen,2022-07-04 04:00:00,42,val,0.162,0.15912962
Selhausen,2022-07-04 05:00:00,42,val,0.156,0.15885273
Selhausen,2022-07-04 06:00:00,42,val,0.163,0.15914518
Selhausen,2022-07-04 07:00:00,42,val,0.158,0.16000062
Selhausen,2022-07-04 08:00:00,42,val,0.159,0.16103715
Selhausen,2022-07-04 09:00:00,42,val,0.158,0.16232435
Selhausen,2022-07-04 10:00:00,42,val,0.161,0.16385737
Selhausen,2022-07-04 11:00:00,42,val,0.164,0.16562091
Selhausen,2022-07-04 12:00:00,42,val,0.164,0.16718364
Selhausen,2022-07-04 13:00:00,42,val,0.164,0.16837253
Selhausen,2022-07-04 14:00:00,42,val,0.157,0.1688098
Selhausen,2022-07-04 15:00:00,42,val,0.158,0.16913044
Selhausen,2022-07-04 16:00:00,42,val,0.167,0.1688129
Selhausen,2022-07-04 17:00:00,42,val,0.164,0.16842766
Selhausen,2022-07-04 18:00:00,42,val,0.162,0.16760188
Selhausen,2022-07-04 19:00:00,42,val,0.16,0.1663901
Selhausen,2022-07-04 20:00:00,42,val,0.164,0.16521879
Selhausen,2022-07-04 21:00:00,42,val,0.158,0.16395521
Selhausen,2022-07-04 22:00:00,42,val,0.161,0.16273278
Selhausen,2022-07-04 23:00:00,42,val,0.163,0.16144499
Selhausen,2022-07-05 00:00:00,42,val,0.162,0.16008356
Selhausen,2022-07-05 01:00:00,42,val,0.1619999999999999,0.1587867
Selhausen,2022-07-05 02:00:00,42,val,0.157,0.15763712
Selhausen,2022-07-05 03:00:00,42,val,0.163,0.15652925
Selhausen,2022-07-05 04:00:00,42,val,0.154,0.15600714
Selhausen,2022-07-05 05:00:00,42,val,0.153,0.15562771
Selhausen,2022-07-05 06:00:00,42,val,0.159,0.15578802
Selhausen,2022-07-05 07:00:00,42,val,0.163,0.15635516
Selhausen,2022-07-05 08:00:00,42,val,0.162,0.15719903
Selhausen,2022-07-05 09:00:00,42,val,0.16,0.15836637
Selhausen,2022-07-05 10:00:00,42,val,0.157,0.15915266
Selhausen,2022-07-05 11:00:00,42,val,0.161,0.160512
Selhausen,2022-07-05 12:00:00,42,val,0.155,0.16179724
Selhausen,2022-07-05 13:00:00,42,val,0.162,0.16315232
Selhausen,2022-07-05 14:00:00,42,val,0.156,0.16403909
Selhausen,2022-07-05 15:00:00,42,val,0.163,0.16503161
Selhausen,2022-07-05 16:00:00,42,val,0.159,0.1652519
Selhausen,2022-07-05 17:00:00,42,val,0.165,0.1649651
Selhausen,2022-07-05 18:00:00,42,val,0.155,0.1643879
Selhausen,2022-07-05 19:00:00,42,val,0.158,0.1636432
Selhausen,2022-07-05 20:00:00,42,val,0.157,0.16272247
Selhausen,2022-07-05 21:00:00,42,val,0.155,0.16136995
Selhausen,2022-07-05 22:00:00,42,val,0.157,0.1599899
Selhausen,2022-07-05 23:00:00,42,val,0.151,0.15819508
Selhausen,2022-07-06 00:00:00,42,val,0.154,0.15696062
Selhausen,2022-07-06 01:00:00,42,val,0.155,0.15567407
Selhausen,2022-07-06 02:00:00,42,val,0.155,0.15472966
Selhausen,2022-07-06 03:00:00,42,val,0.156,0.1540255
Selhausen,2022-07-06 04:00:00,42,val,0.155,0.15388668
Selhausen,2022-07-06 05:00:00,42,val,0.158,0.15382062
Selhausen,2022-07-06 06:00:00,42,val,0.151,0.15429229
Selhausen,2022-07-06 07:00:00,42,val,0.151,0.15480003
Selhausen,2022-07-06 08:00:00,42,val,0.15,0.15560839
Selhausen,2022-07-06 09:00:00,42,val,0.153,0.15659831
Selhausen,2022-07-06 10:00:00,42,val,0.1645,0.15783405
Selhausen,2022-07-06 11:00:00,42,val,0.163,0.1593107
Selhausen,2022-07-06 12:00:00,42,val,0.161,0.1608063
Selhausen,2022-07-06 13:00:00,42,val,0.1679999999999999,0.16226566
Selhausen,2022-07-06 14:00:00,42,val,0.162,0.16302605
Selhausen,2022-07-06 15:00:00,42,val,0.165,0.16319959
Selhausen,2022-07-06 16:00:00,42,val,0.163,0.16342384
Selhausen,2022-07-06 17:00:00,42,val,0.162,0.16319984
Selhausen,2022-07-06 18:00:00,42,val,0.155,0.16268545
Selhausen,2022-07-06 19:00:00,42,val,0.156,0.16176137
Selhausen,2022-07-06 20:00:00,42,val,0.157,0.16083452
Selhausen,2022-07-06 21:00:00,42,val,0.155,0.15929134
Selhausen,2022-07-06 22:00:00,42,val,0.153,0.15787478
Selhausen,2022-07-06 23:00:00,42,val,0.153,0.15660614
Selhausen,2022-07-07 00:00:00,42,val,0.158,0.15563773
Selhausen,2022-07-07 01:00:00,42,val,0.152,0.15492406
Selhausen,2022-07-07 02:00:00,42,val,0.15,0.15389024
Selhausen,2022-07-07 03:00:00,42,val,0.155,0.15325949
Selhausen,2022-07-07 04:00:00,42,val,0.148,0.15242401
Selhausen,2022-07-07 05:00:00,42,val,0.152,0.15185021
Selhausen,2022-07-07 06:00:00,42,val,0.157,0.15179785
Selhausen,2022-07-07 07:00:00,42,val,0.152,0.15331031
Selhausen,2022-07-07 08:00:00,42,val,0.155,0.15470909
Selhausen,2022-07-07 09:00:00,42,val,0.153,0.15699182
Selhausen,2022-07-07 10:00:00,42,val,0.155,0.15862589
Selhausen,2022-07-07 11:00:00,42,val,0.159,0.1600012
Selhausen,2022-07-07 12:00:00,42,val,0.152,0.16095215
Selhausen,2022-07-07 13:00:00,42,val,0.162,0.1622417
Selhausen,2022-07-07 14:00:00,42,val,0.157,0.16296838
Selhausen,2022-07-07 15:00:00,42,val,0.158,0.16394417
Selhausen,2022-07-07 16:00:00,42,val,0.155,0.16444737
Selhausen,2022-07-07 17:00:00,42,val,0.157,0.16498289
Selhausen,2022-07-07 18:00:00,42,val,0.158,0.1645459
Selhausen,2022-07-07 19:00:00,42,val,0.154,0.16373508
Selhausen,2022-07-07 20:00:00,42,val,0.157,0.1627476
Selhausen,2022-07-07 21:00:00,42,val,0.153,0.16135634
Selhausen,2022-07-07 22:00:00,42,val,0.152,0.15993132
Selhausen,2022-07-07 23:00:00,42,val,0.15,0.1580955
Selhausen,2022-07-08 00:00:00,42,val,0.154,0.15618859
Selhausen,2022-07-08 01:00:00,42,val,0.152,0.15451515
Selhausen,2022-07-08 02:00:00,42,val,0.149,0.15309888
Selhausen,2022-07-08 03:00:00,42,val,0.151,0.15227295
Selhausen,2022-07-08 04:00:00,42,val,0.15,0.151676
Selhausen,2022-07-08 05:00:00,42,val,0.15,0.15161067
Selhausen,2022-07-08 06:00:00,42,val,0.148,0.15162015
Selhausen,2022-07-08 07:00:00,42,val,0.147,0.15183066
Selhausen,2022-07-08 08:00:00,42,val,0.151,0.15179223
Selhausen,2022-07-08 09:00:00,42,val,0.148,0.15197414
Selhausen,2022-07-08 10:00:00,42,val,0.152,0.15335968
Selhausen,2022-07-08 11:00:00,42,val,0.151,0.15492752
Selhausen,2022-07-08 12:00:00,42,val,0.153,0.15648165
Selhausen,2022-07-08 13:00:00,42,val,0.156,0.15834896
Selhausen,2022-07-08 14:00:00,42,val,0.157,0.15961137
Selhausen,2022-07-08 15:00:00,42,val,0.155,0.16053048
Selhausen,2022-07-08 16:00:00,42,val,0.158,0.16086847
Selhausen,2022-07-08 17:00:00,42,val,0.154,0.16056079
Selhausen,2022-07-08 18:00:00,42,val,0.154,0.15951489
Selhausen,2022-07-08 19:00:00,42,val,0.148,0.15792722
Selhausen,2022-07-08 20:00:00,42,val,0.154,0.15620683
Selhausen,2022-07-08 21:00:00,42,val,0.155,0.15437506
Selhausen,2022-07-08 22:00:00,42,val,0.149,0.15246984
Selhausen,2022-07-08 23:00:00,42,val,0.151,0.15066361
Selhausen,2022-07-09 00:00:00,42,val,0.15,0.14937435
Selhausen,2022-07-09 01:00:00,42,val,0.147,0.14814186
Selhausen,2022-07-09 02:00:00,42,val,0.15,0.14696306
Selhausen,2022-07-09 03:00:00,42,val,0.153,0.14608362
Selhausen,2022-07-09 04:00:00,42,val,0.151,0.1452905
Selhausen,2022-07-09 05:00:00,42,val,0.145,0.14503305
Selhausen,2022-07-09 06:00:00,42,val,0.15,0.14546287
Selhausen,2022-07-09 07:00:00,42,val,0.146,0.14616573
Selhausen,2022-07-09 08:00:00,42,val,0.149,0.14729793
Selhausen,2022-07-09 09:00:00,42,val,0.148,0.1484764
Selhausen,2022-07-09 10:00:00,42,val,0.151,0.14974019
Selhausen,2022-07-09 11:00:00,42,val,0.145,0.15125945
Selhausen,2022-07-09 12:00:00,42,val,0.149,0.1522086
Selhausen,2022-07-09 13:00:00,42,val,0.148,0.15378092
Selhausen,2022-07-09 14:00:00,42,val,0.157,0.1548986
Selhausen,2022-07-09 15:00:00,42,val,0.15,0.15585917
Selhausen,2022-07-09 16:00:00,42,val,0.156,0.15600908
Selhausen,2022-07-09 17:00:00,42,val,0.147,0.15582007
Selhausen,2022-07-09 18:00:00,42,val,0.151,0.1555943
Selhausen,2022-07-09 19:00:00,42,val,0.15,0.15492691
Selhausen,2022-07-09 20:00:00,42,val,0.147,0.1540845
Selhausen,2022-07-09 21:00:00,42,val,0.145,0.15293491
Selhausen,2022-07-09 22:00:00,42,val,0.143,0.15172592
Selhausen,2022-07-09 23:00:00,42,val,0.145,0.15024452
Selhausen,2022-07-10 00:00:00,42,val,0.145,0.1489192
Selhausen,2022-07-10 01:00:00,42,val,0.148,0.14774823
Selhausen,2022-07-10 02:00:00,42,val,0.141,0.14673252
Selhausen,2022-07-10 03:00:00,42,val,0.14,0.14606793
Selhausen,2022-07-10 04:00:00,42,val,0.144,0.14570662
Selhausen,2022-07-10 05:00:00,42,val,0.14,0.14562216
Selhausen,2022-07-10 06:00:00,42,val,0.144,0.1458169
Selhausen,2022-07-10 07:00:00,42,val,0.144,0.14610963
Selhausen,2022-07-10 08:00:00,42,val,0.144,0.14681935
Selhausen,2022-07-10 09:00:00,42,val,0.147,0.14765583
Selhausen,2022-07-10 10:00:00,42,val,0.154,0.14867425
Selhausen,2022-07-10 11:00:00,42,val,0.166,0.14985022
Selhausen,2022-07-10 12:00:00,42,val,0.153,0.15115623
Selhausen,2022-07-10 13:00:00,42,val,0.1545,0.15275016
Selhausen,2022-07-10 14:00:00,42,val,0.155,0.15462899
Selhausen,2022-07-10 15:00:00,42,val,0.163,0.15628386
Selhausen,2022-07-10 16:00:00,42,val,0.156,0.15782383
Selhausen,2022-07-10 17:00:00,42,val,0.159,0.15866981
Selhausen,2022-07-10 18:00:00,42,val,0.155,0.15872696
Selhausen,2022-07-10 19:00:00,42,val,0.154,0.1577236
Selhausen,2022-07-10 20:00:00,42,val,0.153,0.15650985
Selhausen,2022-07-10 21:00:00,42,val,0.151,0.15522812
Selhausen,2022-07-10 22:00:00,42,val,0.151,0.15336671
Selhausen,2022-07-10 23:00:00,42,val,0.148,0.15150513
Selhausen,2022-07-11 00:00:00,42,val,0.148,0.14975342
Selhausen,2022-07-11 01:00:00,42,val,0.149,0.14790088
Selhausen,2022-07-11 02:00:00,42,val,0.146,0.14643262
Selhausen,2022-07-11 03:00:00,42,val,0.149,0.14545691
Selhausen,2022-07-11 04:00:00,42,val,0.148,0.14495066
Selhausen,2022-07-11 05:00:00,42,val,0.147,0.14443663
Selhausen,2022-07-11 06:00:00,42,val,0.146,0.14435965
Selhausen,2022-07-11 07:00:00,42,val,0.146,0.14455964
Selhausen,2022-07-11 08:00:00,42,val,0.147,0.14520374
Selhausen,2022-07-11 09:00:00,42,val,0.153,0.14587766
Selhausen,2022-07-11 10:00:00,42,val,0.15,0.14697015
Selhausen,2022-07-11 11:00:00,42,val,0.152,0.14791772
Selhausen,2022-07-11 12:00:00,42,val,0.153,0.14879888
Selhausen,2022-07-11 13:00:00,42,val,0.155,0.14986429
Selhausen,2022-07-11 14:00:00,42,val,0.153,0.15126492
Selhausen,2022-07-11 15:00:00,42,val,0.16,0.15263644
Selhausen,2022-07-11 16:00:00,42,val,0.158,0.15402967
Selhausen,2022-07-11 17:00:00,42,val,0.153,0.15430838
Selhausen,2022-07-11 18:00:00,42,val,0.155,0.15402377
Selhausen,2022-07-11 19:00:00,42,val,0.152,0.15338556
Selhausen,2022-07-11 20:00:00,42,val,0.151,0.15218754
Selhausen,2022-07-11 21:00:00,42,val,0.149,0.1506441
Selhausen,2022-07-11 22:00:00,42,val,0.151,0.14896849
Selhausen,2022-07-11 23:00:00,42,val,0.148,0.14737895
Selhausen,2022-07-12 00:00:00,42,val,0.148,0.14583588
Selhausen,2022-07-12 01:00:00,42,val,0.144,0.144696
Selhausen,2022-07-12 02:00:00,42,val,0.146,0.14361623
Selhausen,2022-07-12 03:00:00,42,val,0.148,0.14266261
Selhausen,2022-07-12 04:00:00,42,val,0.144,0.14194638
Selhausen,2022-07-12 05:00:00,42,val,0.142,0.1415537
Selhausen,2022-07-12 06:00:00,42,val,0.141,0.14171621
Selhausen,2022-07-12 07:00:00,42,val,0.144,0.1422553
Selhausen,2022-07-12 08:00:00,42,val,0.145,0.14279237
Selhausen,2022-07-12 09:00:00,42,val,0.147,0.14344126
Selhausen,2022-07-12 10:00:00,42,val,0.147,0.14455609
Selhausen,2022-07-12 11:00:00,42,val,0.149,0.14667854
Selhausen,2022-07-12 12:00:00,42,val,0.146,0.14835607
Selhausen,2022-07-12 13:00:00,42,val,0.153,0.14965245
Selhausen,2022-07-12 14:00:00,42,val,0.156,0.15062284
Selhausen,2022-07-12 15:00:00,42,val,0.155,0.1517928
Selhausen,2022-07-12 16:00:00,42,val,0.149,0.15237275
Selhausen,2022-07-12 17:00:00,42,val,0.153,0.15256065
Selhausen,2022-07-12 18:00:00,42,val,0.148,0.15212503
Selhausen,2022-07-12 19:00:00,42,val,0.15,0.15124422
Selhausen,2022-07-12 20:00:00,42,val,0.147,0.15005267
Selhausen,2022-07-12 21:00:00,42,val,0.143,0.14860742
Selhausen,2022-07-12 22:00:00,42,val,0.141,0.14722717
Selhausen,2022-07-12 23:00:00,42,val,0.143,0.14569956
Selhausen,2022-07-13 00:00:00,42,val,0.143,0.14433672
Selhausen,2022-07-13 01:00:00,42,val,0.144,0.1431812
Selhausen,2022-07-13 02:00:00,42,val,0.139,0.14220288
Selhausen,2022-07-13 03:00:00,42,val,0.141,0.14169434
Selhausen,2022-07-23 04:00:00,42,val,0.203,0.23141906
Selhausen,2022-07-23 05:00:00,42,val,0.204,0.23525429
Selhausen,2022-07-23 06:00:00,42,val,0.203,0.23831172
Selhausen,2022-07-23 07:00:00,42,val,0.205,0.2405593
Selhausen,2022-07-23 08:00:00,42,val,0.203,0.24214198
Selhausen,2022-07-23 09:00:00,42,val,0.204,0.24325505
Selhausen,2022-07-23 10:00:00,42,val,0.203,0.2436301
Selhausen,2022-07-23 11:00:00,42,val,0.201,0.24311046
Selhausen,2022-07-23 12:00:00,42,val,0.204,0.2420069
Selhausen,2022-07-23 13:00:00,42,val,0.204,0.24001001
Selhausen,2022-07-23 14:00:00,42,val,0.199,0.23726843
Selhausen,2022-07-23 15:00:00,42,val,0.197,0.2342456
Selhausen,2022-07-23 16:00:00,42,val,0.201,0.23127134
Selhausen,2022-07-23 17:00:00,42,val,0.195,0.22819509
Selhausen,2022-07-23 18:00:00,42,val,0.199,0.22516602
Selhausen,2022-07-23 19:00:00,42,val,0.196,0.22256505
Selhausen,2022-07-23 20:00:00,42,val,0.195,0.21952295
Selhausen,2022-07-23 21:00:00,42,val,0.194,0.21731453
Selhausen,2022-07-23 22:00:00,42,val,0.192,0.21566252
Selhausen,2022-07-23 23:00:00,42,val,0.192,0.21399742
Selhausen,2022-07-24 00:00:00,42,val,0.19,0.21220623
Selhausen,2022-07-24 01:00:00,42,val,0.187,0.21057686
Selhausen,2022-07-24 02:00:00,42,val,0.189,0.2092166
Selhausen,2022-07-24 03:00:00,42,val,0.189,0.20814061
Selhausen,2022-07-24 04:00:00,42,val,0.189,0.20700218
Selhausen,2022-07-24 05:00:00,42,val,0.19,0.20627414
Selhausen,2022-07-24 06:00:00,42,val,0.187,0.20593981
Selhausen,2022-07-24 07:00:00,42,val,0.187,0.20608284
Selhausen,2022-07-24 08:00:00,42,val,0.189,0.2062196
Selhausen,2022-07-24 09:00:00,42,val,0.188,0.20638925
Selhausen,2022-07-24 10:00:00,42,val,0.188,0.20626695
Selhausen,2022-07-24 11:00:00,42,val,0.188,0.20589165
Selhausen,2022-07-24 12:00:00,42,val,0.187,0.20518553
Selhausen,2022-07-24 13:00:00,42,val,0.189,0.20449868
Selhausen,2022-07-24 14:00:00,42,val,0.189,0.20365356
Selhausen,2022-07-24 15:00:00,42,val,0.189,0.20206861
Selhausen,2022-07-24 16:00:00,42,val,0.187,0.20050313
Selhausen,2022-07-24 17:00:00,42,val,0.186,0.19842258
Selhausen,2022-07-24 18:00:00,42,val,0.187,0.19652715
Selhausen,2022-07-24 19:00:00,42,val,0.184,0.19474387
Selhausen,2022-07-24 20:00:00,42,val,0.184,0.19331138
Selhausen,2022-07-24 21:00:00,42,val,0.184,0.19224948
Selhausen,2022-07-24 22:00:00,42,val,0.181,0.19120029
Selhausen,2022-07-24 23:00:00,42,val,0.181,0.19016075
Selhausen,2022-07-25 00:00:00,42,val,0.182,0.18919504
Selhausen,2022-07-25 01:00:00,42,val,0.182,0.18833113
Selhausen,2022-07-25 02:00:00,42,val,0.179,0.18762448
Selhausen,2022-07-25 03:00:00,42,val,0.178,0.18715781
Selhausen,2022-07-25 04:00:00,42,val,0.179,0.18678018
Selhausen,2022-07-25 05:00:00,42,val,0.179,0.18667792
Selhausen,2022-07-25 06:00:00,42,val,0.176,0.1867826
Selhausen,2022-07-25 07:00:00,42,val,0.177,0.18712145
Selhausen,2022-07-25 08:00:00,42,val,0.177,0.18735254
Selhausen,2022-07-25 09:00:00,42,val,0.178,0.18755491
Selhausen,2022-07-25 10:00:00,42,val,0.178,0.18795766
Selhausen,2022-07-25 11:00:00,42,val,0.178,0.188429
Selhausen,2022-07-25 12:00:00,42,val,0.18,0.1889212
Selhausen,2022-07-25 13:00:00,42,val,0.182,0.18938842
Selhausen,2022-07-25 14:00:00,42,val,0.181,0.18975954
Selhausen,2022-07-25 15:00:00,42,val,0.177,0.18994503
Selhausen,2022-07-25 16:00:00,42,val,0.179,0.19002347
Selhausen,2022-07-25 17:00:00,42,val,0.178,0.1896801
Selhausen,2022-07-25 18:00:00,42,val,0.178,0.18905859
Selhausen,2022-07-25 19:00:00,42,val,0.178,0.18815488
Selhausen,2022-07-25 20:00:00,42,val,0.174,0.18709306
Selhausen,2022-07-25 21:00:00,42,val,0.173,0.18578763
Selhausen,2022-07-25 22:00:00,42,val,0.173,0.18430427
Selhausen,2022-07-25 23:00:00,42,val,0.174,0.18277414
Selhausen,2022-07-26 00:00:00,42,val,0.172,0.18116318
Selhausen,2022-07-26 01:00:00,42,val,0.171,0.1795268
Selhausen,2022-07-26 02:00:00,42,val,0.17,0.17801073
Selhausen,2022-07-26 03:00:00,42,val,0.172,0.1768658
Selhausen,2022-07-26 04:00:00,42,val,0.169,0.17618495
Selhausen,2022-07-26 05:00:00,42,val,0.168,0.1759271
Selhausen,2022-07-26 06:00:00,42,val,0.169,0.17594185
Selhausen,2022-07-26 07:00:00,42,val,0.169,0.17635933
Selhausen,2022-07-26 08:00:00,42,val,0.167,0.17727876
Selhausen,2022-07-26 09:00:00,42,val,0.169,0.17838006
Selhausen,2022-07-26 10:00:00,42,val,0.174,0.1796998
Selhausen,2022-07-26 11:00:00,42,val,0.174,0.18098229
Selhausen,2022-07-26 12:00:00,42,val,0.175,0.1822835
Selhausen,2022-07-26 13:00:00,42,val,0.174,0.18344237
Selhausen,2022-07-26 14:00:00,42,val,0.173,0.18447247
Selhausen,2022-07-26 15:00:00,42,val,0.174,0.18508714
Selhausen,2022-07-26 16:00:00,42,val,0.171,0.18529664
Selhausen,2022-07-26 17:00:00,42,val,0.173,0.1850826
Selhausen,2022-07-26 18:00:00,42,val,0.173,0.1846288
Selhausen,2022-07-26 19:00:00,42,val,0.172,0.18389988
Selhausen,2022-07-26 20:00:00,42,val,0.171,0.18292093
Selhausen,2022-07-26 21:00:00,42,val,0.169,0.18166909
Selhausen,2022-07-26 22:00:00,42,val,0.171,0.1801602
Selhausen,2022-07-26 23:00:00,42,val,0.168,0.17846012
Selhausen,2022-07-27 00:00:00,42,val,0.168,0.17678227
Selhausen,2022-07-27 01:00:00,42,val,0.168,0.17530626
Selhausen,2022-07-27 02:00:00,42,val,0.169,0.17383708
Selhausen,2022-07-27 03:00:00,42,val,0.167,0.17247918
Selhausen,2022-07-27 04:00:00,42,val,0.166,0.17154057
Selhausen,2022-07-27 05:00:00,42,val,0.169,0.17106187
Selhausen,2022-07-27 06:00:00,42,val,0.165,0.17083102
Selhausen,2022-07-27 07:00:00,42,val,0.166,0.17106791
Selhausen,2022-07-27 08:00:00,42,val,0.166,0.17174006
Selhausen,2022-07-27 09:00:00,42,val,0.164,0.17279705
Selhausen,2022-07-27 10:00:00,42,val,0.169,0.17415245
Selhausen,2022-07-27 11:00:00,42,val,0.167,0.1755892
Selhausen,2022-07-27 12:00:00,42,val,0.17,0.17716204
Selhausen,2022-07-27 13:00:00,42,val,0.17,0.17885287
Selhausen,2022-07-27 14:00:00,42,val,0.171,0.18018757
Selhausen,2022-07-27 15:00:00,42,val,0.169,0.18103124
Selhausen,2022-07-27 16:00:00,42,val,0.172,0.18141253
Selhausen,2022-07-27 17:00:00,42,val,0.171,0.18130039
Selhausen,2022-07-27 18:00:00,42,val,0.172,0.18083927
Selhausen,2022-07-27 19:00:00,42,val,0.171,0.18008138
Selhausen,2022-07-27 20:00:00,42,val,0.168,0.17909354
Selhausen,2022-07-27 21:00:00,42,val,0.168,0.17787252
Selhausen,2022-07-27 22:00:00,42,val,0.168,0.17639652
Selhausen,2022-07-27 23:00:00,42,val,0.166,0.17486541
Selhausen,2022-07-28 00:00:00,42,val,0.166,0.17311165
Selhausen,2022-07-28 01:00:00,42,val,0.162,0.17142117
Selhausen,2022-07-28 02:00:00,42,val,0.161,0.16991538
Selhausen,2022-07-28 03:00:00,42,val,0.167,0.16855507
Selhausen,2022-07-28 04:00:00,42,val,0.164,0.16737576
Selhausen,2022-07-28 05:00:00,42,val,0.162,0.16653913
Selhausen,2022-07-28 06:00:00,42,val,0.16,0.16609228
Selhausen,2022-07-28 07:00:00,42,val,0.162,0.16619052
Selhausen,2022-07-28 08:00:00,42,val,0.164,0.16658442
Selhausen,2022-07-28 09:00:00,42,val,0.164,0.1672075
Selhausen,2022-07-28 10:00:00,42,val,0.165,0.16823572
Selhausen,2022-07-28 11:00:00,42,val,0.166,0.16936827
Selhausen,2022-07-28 12:00:00,42,val,0.165,0.17052081
Selhausen,2022-07-28 13:00:00,42,val,0.168,0.17148153
Selhausen,2022-07-28 14:00:00,42,val,0.17,0.17208758
Selhausen,2022-07-28 15:00:00,42,val,0.166,0.17231262
Selhausen,2022-07-28 16:00:00,42,val,0.169,0.17192201
Selhausen,2022-07-28 17:00:00,42,val,0.172,0.17125706
Selhausen,2022-07-28 18:00:00,42,val,0.17,0.17039907
Selhausen,2022-07-28 19:00:00,42,val,0.172,0.16921145
Selhausen,2022-07-28 20:00:00,42,val,0.164,0.16784558
Selhausen,2022-07-28 21:00:00,42,val,0.167,0.16639645
Selhausen,2022-07-28 22:00:00,42,val,0.165,0.16505246
Selhausen,2022-07-28 23:00:00,42,val,0.163,0.16365637
Selhausen,2022-07-29 00:00:00,42,val,0.161,0.16238356
Selhausen,2022-07-29 01:00:00,42,val,0.162,0.16134176
Selhausen,2022-07-29 02:00:00,42,val,0.162,0.1604174
Selhausen,2022-07-29 03:00:00,42,val,0.164,0.15968835
Selhausen,2022-07-29 04:00:00,42,val,0.162,0.15919141
Selhausen,2022-07-29 05:00:00,42,val,0.163,0.15912578
Selhausen,2022-07-29 06:00:00,42,val,0.164,0.15925588
Selhausen,2022-07-29 07:00:00,42,val,0.161,0.15985048
Selhausen,2022-07-29 08:00:00,42,val,0.162,0.16161977
Selhausen,2022-07-29 09:00:00,42,val,0.16,0.16285324
Selhausen,2022-07-29 10:00:00,42,val,0.163,0.16412
Selhausen,2022-07-29 11:00:00,42,val,0.166,0.16528898
Selhausen,2022-07-29 12:00:00,42,val,0.165,0.166515
Selhausen,2022-07-29 13:00:00,42,val,0.165,0.16763902
Selhausen,2022-07-29 14:00:00,42,val,0.169,0.16860104
Selhausen,2022-07-29 15:00:00,42,val,0.169,0.16908482
Selhausen,2022-07-29 16:00:00,42,val,0.169,0.16916905
Selhausen,2022-07-29 17:00:00,42,val,0.165,0.16880688
Selhausen,2022-07-29 18:00:00,42,val,0.165,0.16811588
Selhausen,2022-07-29 19:00:00,42,val,0.164,0.16717148
Selhausen,2022-07-29 20:00:00,42,val,0.165,0.16591085
Selhausen,2022-07-29 21:00:00,42,val,0.166,0.16459051
Selhausen,2022-07-29 22:00:00,42,val,0.163,0.16328469
Selhausen,2022-07-29 23:00:00,42,val,0.162,0.16189593
Selhausen,2022-07-30 00:00:00,42,val,0.162,0.16053703
Selhausen,2022-07-30 01:00:00,42,val,0.163,0.15908891
Selhausen,2022-07-30 02:00:00,42,val,0.161,0.15768287
Selhausen,2022-07-30 03:00:00,42,val,0.157,0.15681535
Selhausen,2022-07-30 04:00:00,42,val,0.162,0.156197
Selhausen,2022-07-30 05:00:00,42,val,0.159,0.15584673
Selhausen,2022-07-30 06:00:00,42,val,0.158,0.15589336
Selhausen,2022-07-30 07:00:00,42,val,0.158,0.15643501
Selhausen,2022-07-30 08:00:00,42,val,0.157,0.15744393
Selhausen,2022-07-30 09:00:00,42,val,0.16,0.15865242
Selhausen,2022-07-30 10:00:00,42,val,0.161,0.15995046
Selhausen,2022-07-30 11:00:00,42,val,0.163,0.16136038
Selhausen,2022-07-30 12:00:00,42,val,0.162,0.16263163
Selhausen,2022-07-30 13:00:00,42,val,0.161,0.16388921
Selhausen,2022-07-30 14:00:00,42,val,0.165,0.1649926
Selhausen,2022-07-30 15:00:00,42,val,0.164,0.16539203
Selhausen,2022-07-30 16:00:00,42,val,0.166,0.16534007
Selhausen,2022-07-30 17:00:00,42,val,0.162,0.1650512
Selhausen,2022-07-30 18:00:00,42,val,0.164,0.16440843
Selhausen,2022-07-30 19:00:00,42,val,0.163,0.1637148
Selhausen,2022-07-30 20:00:00,42,val,0.164,0.16240215
Selhausen,2022-07-30 21:00:00,42,val,0.161,0.16108769
Selhausen,2022-07-30 22:00:00,42,val,0.157,0.15973735
Selhausen,2022-07-30 23:00:00,42,val,0.16,0.15830347
Selhausen,2022-07-31 00:00:00,42,val,0.156,0.15681168
Selhausen,2022-07-31 01:00:00,42,val,0.158,0.1553925
Selhausen,2022-07-31 02:00:00,42,val,0.151,0.15426633
Selhausen,2022-07-31 03:00:00,42,val,0.156,0.15353386
Selhausen,2022-07-31 04:00:00,42,val,0.154,0.15299906
Selhausen,2022-07-31 05:00:00,42,val,0.151,0.1528691
Selhausen,2022-07-31 06:00:00,42,val,0.155,0.15316033
Selhausen,2022-07-31 07:00:00,42,val,0.154,0.15367664
Selhausen,2022-07-31 08:00:00,42,val,0.155,0.15450916
Selhausen,2022-07-31 09:00:00,42,val,0.158,0.1553717
Selhausen,2022-07-31 10:00:00,42,val,0.157,0.15643317
Selhausen,2022-07-31 11:00:00,42,val,0.157,0.15776132
Selhausen,2022-07-31 12:00:00,42,val,0.163,0.15922835
Selhausen,2022-07-31 13:00:00,42,val,0.167,0.16057402
Selhausen,2022-07-31 14:00:00,42,val,0.166,0.16189723
Selhausen,2022-07-31 15:00:00,42,val,0.161,0.16286127
Selhausen,2022-07-31 16:00:00,42,val,0.165,0.16339204
Selhausen,2022-07-31 17:00:00,42,val,0.161,0.16321352
Selhausen,2022-07-31 18:00:00,42,val,0.163,0.16242012
Selhausen,2022-07-31 19:00:00,42,val,0.16,0.16123615
Selhausen,2022-07-31 20:00:00,42,val,0.16,0.1599147
Selhausen,2022-08-13 10:00:00,42,val,0.138,0.13432258
Selhausen,2022-08-13 11:00:00,42,val,0.138,0.13571593
Selhausen,2022-08-13 12:00:00,42,val,0.135,0.13741271
Selhausen,2022-08-13 13:00:00,42,val,0.136,0.13928372
Selhausen,2022-08-13 14:00:00,42,val,0.137,0.14112519
Selhausen,2022-08-13 15:00:00,42,val,0.138,0.14261279
Selhausen,2022-08-13 16:00:00,42,val,0.137,0.14346834
Selhausen,2022-08-13 17:00:00,42,val,0.138,0.14364794
Selhausen,2022-08-13 18:00:00,42,val,0.135,0.14334396
Selhausen,2022-08-13 19:00:00,42,val,0.134,0.1426149
Selhausen,2022-08-13 20:00:00,42,val,0.138,0.1412979
Selhausen,2022-08-13 21:00:00,42,val,0.132,0.13977724
Selhausen,2022-08-13 22:00:00,42,val,0.134,0.13820606
Selhausen,2022-08-13 23:00:00,42,val,0.134,0.13656472
Selhausen,2022-08-14 00:00:00,42,val,0.133,0.13480955
Selhausen,2022-08-14 01:00:00,42,val,0.133,0.13304615
Selhausen,2022-08-14 02:00:00,42,val,0.134,0.13140798
Selhausen,2022-08-14 03:00:00,42,val,0.132,0.13009582
Selhausen,2022-08-14 04:00:00,42,val,0.134,0.1289891
Selhausen,2022-08-14 05:00:00,42,val,0.133,0.12815487
Selhausen,2022-08-14 06:00:00,42,val,0.134,0.12777245
Selhausen,2022-08-14 07:00:00,42,val,0.129,0.1278292
Selhausen,2022-08-14 08:00:00,42,val,0.132,0.12846792
Selhausen,2022-08-14 09:00:00,42,val,0.133,0.12948935
Selhausen,2022-08-14 10:00:00,42,val,0.137,0.1307441
Selhausen,2022-08-14 11:00:00,42,val,0.138,0.13230458
Selhausen,2022-08-14 12:00:00,42,val,0.136,0.13418686
Selhausen,2022-08-14 13:00:00,42,val,0.138,0.13610286
Selhausen,2022-08-14 14:00:00,42,val,0.137,0.13785164
Selhausen,2022-08-14 15:00:00,42,val,0.141,0.13921261
Selhausen,2022-08-14 16:00:00,42,val,0.138,0.13994029
Selhausen,2022-08-14 17:00:00,42,val,0.1365,0.13993944
Selhausen,2022-08-14 18:00:00,42,val,0.138,0.1393594
Selhausen,2022-08-14 19:00:00,42,val,0.134,0.13829458
Selhausen,2022-08-14 20:00:00,42,val,0.136,0.13670427
Selhausen,2022-08-14 21:00:00,42,val,0.133,0.13523114
Selhausen,2022-08-14 22:00:00,42,val,0.136,0.13375488
Selhausen,2022-08-14 23:00:00,42,val,0.136,0.13237037
Selhausen,2022-08-15 00:00:00,42,val,0.134,0.131111
Selhausen,2022-08-15 01:00:00,42,val,0.133,0.13005215
Selhausen,2022-08-15 02:00:00,42,val,0.131,0.1293427
Selhausen,2022-08-15 03:00:00,42,val,0.133,0.12896074
Selhausen,2022-08-15 04:00:00,42,val,0.132,0.1289109
Selhausen,2022-08-15 05:00:00,42,val,0.133,0.12889959
Selhausen,2022-08-15 06:00:00,42,val,0.133,0.12918948
Selhausen,2022-08-15 07:00:00,42,val,0.134,0.1297724
Selhausen,2022-08-15 08:00:00,42,val,0.132,0.13047665
Selhausen,2022-08-15 09:00:00,42,val,0.133,0.13150963
Selhausen,2022-08-15 10:00:00,42,val,0.133,0.13283071
Selhausen,2022-08-15 11:00:00,42,val,0.134,0.13430306
Selhausen,2022-08-15 12:00:00,42,val,0.136,0.13637935
Selhausen,2022-08-15 13:00:00,42,val,0.134,0.13786502
Selhausen,2022-08-15 14:00:00,42,val,0.133,0.13888942
Selhausen,2022-08-15 15:00:00,42,val,0.134,0.13961875
Selhausen,2022-08-15 16:00:00,42,val,0.136,0.14004533
Selhausen,2022-08-15 17:00:00,42,val,0.137,0.14012328
Selhausen,2022-08-15 18:00:00,42,val,0.137,0.13955534
Selhausen,2022-08-15 19:00:00,42,val,0.1385,0.13853902
Selhausen,2022-08-15 20:00:00,42,val,0.135,0.13752252
Selhausen,2022-08-15 21:00:00,42,val,0.133,0.13599545
Selhausen,2022-08-15 22:00:00,42,val,0.134,0.13431448
Selhausen,2022-08-15 23:00:00,42,val,0.135,0.13257635
Selhausen,2022-08-16 00:00:00,42,val,0.132,0.13096575
Selhausen,2022-08-16 01:00:00,42,val,0.134,0.12951028
Selhausen,2022-08-16 02:00:00,42,val,0.132,0.12832552
Selhausen,2022-08-16 03:00:00,42,val,0.129,0.12728998
Selhausen,2022-08-16 04:00:00,42,val,0.131,0.12668215
Selhausen,2022-08-16 05:00:00,42,val,0.131,0.12645406
Selhausen,2022-08-16 06:00:00,42,val,0.133,0.12674063
Selhausen,2022-08-16 07:00:00,42,val,0.134,0.12705411
Selhausen,2022-08-16 08:00:00,42,val,0.134,0.12765403
Selhausen,2022-08-16 09:00:00,42,val,0.132,0.1285724
Selhausen,2022-08-16 10:00:00,42,val,0.136,0.12982474
Selhausen,2022-08-16 11:00:00,42,val,0.136,0.13136981
Selhausen,2022-08-16 12:00:00,42,val,0.134,0.13293213
Selhausen,2022-08-16 13:00:00,42,val,0.133,0.13449542
Selhausen,2022-08-16 14:00:00,42,val,0.135,0.13567291
Selhausen,2022-08-16 15:00:00,42,val,0.134,0.1367599
Selhausen,2022-08-16 16:00:00,42,val,0.136,0.13728884
Selhausen,2022-08-16 17:00:00,42,val,0.135,0.13717687
Selhausen,2022-08-16 18:00:00,42,val,0.134,0.13666338
Selhausen,2022-08-16 19:00:00,42,val,0.137,0.13560328
Selhausen,2022-08-16 20:00:00,42,val,0.135,0.1344018
Selhausen,2022-08-16 21:00:00,42,val,0.134,0.13297023
Selhausen,2022-08-16 22:00:00,42,val,0.131,0.1316519
Selhausen,2022-08-16 23:00:00,42,val,0.13,0.13047089
Selhausen,2022-08-17 00:00:00,42,val,0.133,0.12932447
Selhausen,2022-08-17 01:00:00,42,val,0.13,0.12823007
Selhausen,2022-08-17 02:00:00,42,val,0.131,0.12719104
Selhausen,2022-08-17 03:00:00,42,val,0.132,0.1263277
Selhausen,2022-08-17 04:00:00,42,val,0.134,0.12566963
Selhausen,2022-08-17 05:00:00,42,val,0.132,0.12551603
Selhausen,2022-08-17 06:00:00,42,val,0.132,0.12574805
Selhausen,2022-08-17 07:00:00,42,val,0.133,0.12633732
Selhausen,2022-08-17 08:00:00,42,val,0.134,0.1271926
Selhausen,2022-08-17 09:00:00,42,val,0.134,0.12827556
Selhausen,2022-08-17 10:00:00,42,val,0.133,0.13114291
Selhausen,2022-08-17 11:00:00,42,val,0.139,0.13420092
Selhausen,2022-08-17 12:00:00,42,val,0.1375,0.13660412
Selhausen,2022-08-17 13:00:00,42,val,0.138,0.13838911
Selhausen,2022-08-17 14:00:00,42,val,0.138,0.13949785
Selhausen,2022-08-17 15:00:00,42,val,0.134,0.13999143
Selhausen,2022-08-17 16:00:00,42,val,0.138,0.1401223
Selhausen,2022-08-17 17:00:00,42,val,0.138,0.13979533
Selhausen,2022-08-17 18:00:00,42,val,0.138,0.13910294
Selhausen,2022-08-17 19:00:00,42,val,0.136,0.13839366
Selhausen,2022-08-17 20:00:00,42,val,0.133,0.13742708
Selhausen,2022-08-17 21:00:00,42,val,0.137,0.13606858
Selhausen,2022-08-17 22:00:00,42,val,0.137,0.13462596
Selhausen,2022-08-17 23:00:00,42,val,0.135,0.13330074
Selhausen,2022-08-18 00:00:00,42,val,0.135,0.13186151
Selhausen,2022-08-18 01:00:00,42,val,0.134,0.13073188
Selhausen,2022-08-18 02:00:00,42,val,0.137,0.1296955
Selhausen,2022-08-18 03:00:00,42,val,0.144,0.12852126
Selhausen,2022-08-18 04:00:00,42,val,0.1375,0.12777224
Selhausen,2022-08-18 05:00:00,42,val,0.148,0.12729925
Selhausen,2022-08-18 06:00:00,42,val,0.139,0.1273205
Selhausen,2022-08-18 07:00:00,42,val,0.148,0.12774892
Selhausen,2022-08-18 08:00:00,42,val,0.147,0.12866548
Selhausen,2022-08-18 09:00:00,42,val,0.148,0.12980784
Selhausen,2022-08-18 10:00:00,42,val,0.148,0.1312885
Selhausen,2022-08-18 11:00:00,42,val,0.151,0.13293031
Selhausen,2022-08-18 12:00:00,42,val,0.1425,0.13442233
Selhausen,2022-08-18 13:00:00,42,val,0.145,0.13565993
Selhausen,2022-08-18 14:00:00,42,val,0.147,0.1366709
Selhausen,2022-08-18 15:00:00,42,val,0.152,0.13723171
Selhausen,2022-08-18 16:00:00,42,val,0.146,0.13754615
Selhausen,2022-08-18 17:00:00,42,val,0.149,0.13734266
Selhausen,2022-08-18 18:00:00,42,val,0.147,0.13674971
Selhausen,2022-08-18 19:00:00,42,val,0.1475,0.13602576
Selhausen,2022-08-18 20:00:00,42,val,0.1465,0.1351381
Selhausen,2022-08-18 21:00:00,42,val,0.149,0.13412637
Selhausen,2022-08-18 22:00:00,42,val,0.1455,0.13289958
Selhausen,2022-08-18 23:00:00,42,val,0.1525,0.13151944
Selhausen,2022-08-19 00:00:00,42,val,0.145,0.1304111
Selhausen,2022-08-19 01:00:00,42,val,0.1475,0.1292961
Selhausen,2022-08-19 02:00:00,42,val,0.1445,0.12832883
Selhausen,2022-08-19 03:00:00,42,val,0.1485,0.12777562
Selhausen,2022-08-19 04:00:00,42,val,0.146,0.12772073
Selhausen,2022-08-19 05:00:00,42,val,0.146,0.12775663
Selhausen,2022-08-19 06:00:00,42,val,0.148,0.12797534
Selhausen,2022-08-19 07:00:00,42,val,0.146,0.12856242
Selhausen,2022-08-19 08:00:00,42,val,0.146,0.12941143
Selhausen,2022-08-19 09:00:00,42,val,0.1505,0.13046728
Selhausen,2022-08-19 10:00:00,42,val,0.1505,0.13155183
Selhausen,2022-08-19 11:00:00,42,val,0.15,0.13316265
Selhausen,2022-08-19 12:00:00,42,val,0.1555,0.13473965
Selhausen,2022-08-19 13:00:00,42,val,0.154,0.13612732
Selhausen,2022-08-19 14:00:00,42,val,0.155,0.1373842
Selhausen,2022-08-19 15:00:00,42,val,0.156,0.13804138
Selhausen,2022-08-19 16:00:00,42,val,0.153,0.1383402
Selhausen,2022-08-19 17:00:00,42,val,0.153,0.1381557
Selhausen,2022-08-19 18:00:00,42,val,0.151,0.13757466
Selhausen,2022-08-19 19:00:00,42,val,0.153,0.13652724
Selhausen,2022-08-19 20:00:00,42,val,0.153,0.13508143
Selhausen,2022-08-19 21:00:00,42,val,0.1525,0.13375036
Selhausen,2022-08-19 22:00:00,42,val,0.152,0.13249397
Selhausen,2022-08-19 23:00:00,42,val,0.149,0.13130143
Selhausen,2022-08-20 00:00:00,42,val,0.151,0.14845726
Selhausen,2022-08-20 01:00:00,42,val,0.149,0.15395427
Selhausen,2022-08-20 02:00:00,42,val,0.148,0.15422867
Selhausen,2022-08-20 03:00:00,42,val,0.15,0.15358904
Selhausen,2022-08-20 04:00:00,42,val,0.15,0.15255791
Selhausen,2022-08-20 05:00:00,42,val,0.15,0.15156177
Selhausen,2022-08-20 06:00:00,42,val,0.147,0.1502418
Selhausen,2022-08-20 07:00:00,42,val,0.147,0.14952716
Selhausen,2022-08-20 08:00:00,42,val,0.15,0.14937535
Selhausen,2022-08-20 09:00:00,42,val,0.1505,0.14979877
Selhausen,2022-08-20 10:00:00,42,val,0.155,0.15053472
Selhausen,2022-08-20 11:00:00,42,val,0.151,0.15152204
Selhausen,2022-08-20 12:00:00,42,val,0.158,0.15204236
Selhausen,2022-08-20 13:00:00,42,val,0.158,0.15212886
Selhausen,2022-08-20 14:00:00,42,val,0.158,0.15198746
Selhausen,2022-08-20 15:00:00,42,val,0.158,0.15196852
Selhausen,2022-08-20 16:00:00,42,val,0.159,0.15149437
Selhausen,2022-08-20 17:00:00,42,val,0.156,0.15082286
Selhausen,2022-08-20 18:00:00,42,val,0.154,0.14987752
Selhausen,2022-08-20 19:00:00,42,val,0.155,0.14897554
Selhausen,2022-08-20 20:00:00,42,val,0.155,0.14806859
Selhausen,2022-08-20 21:00:00,42,val,0.155,0.14747764
Selhausen,2022-08-20 22:00:00,42,val,0.151,0.14672747
Selhausen,2022-08-20 23:00:00,42,val,0.152,0.14642578
Selhausen,2022-08-21 00:00:00,42,val,0.153,0.14600876
Selhausen,2022-08-21 01:00:00,42,val,0.15,0.14571694
Selhausen,2022-08-21 02:00:00,42,val,0.153,0.1452795
Selhausen,2022-08-21 03:00:00,42,val,0.15,0.14512934
Selhausen,2022-08-21 04:00:00,42,val,0.148,0.14500529
Selhausen,2022-08-21 05:00:00,42,val,0.15,0.14515129
Selhausen,2022-08-21 06:00:00,42,val,0.148,0.14547825
Selhausen,2022-08-21 07:00:00,42,val,0.148,0.14586124
Selhausen,2022-08-21 08:00:00,42,val,0.148,0.14618629
Selhausen,2022-08-21 09:00:00,42,val,0.152,0.14694309
Selhausen,2022-08-21 10:00:00,42,val,0.152,0.14778416
Selhausen,2022-08-21 11:00:00,42,val,0.153,0.14867501
Selhausen,2022-08-21 12:00:00,42,val,0.157,0.15001434
Selhausen,2022-08-21 13:00:00,42,val,0.158,0.15138233
Selhausen,2022-08-21 14:00:00,42,val,0.159,0.15267609
Selhausen,2022-08-21 15:00:00,42,val,0.157,0.15381905
Selhausen,2022-08-21 16:00:00,42,val,0.156,0.15434298
Selhausen,2022-08-21 17:00:00,42,val,0.157,0.15432033
Selhausen,2022-08-21 18:00:00,42,val,0.156,0.15382478
Selhausen,2022-08-21 19:00:00,42,val,0.154,0.15321633
Selhausen,2022-08-21 20:00:00,42,val,0.155,0.15246838
Selhausen,2022-08-21 21:00:00,42,val,0.153,0.15166189
Selhausen,2022-08-21 22:00:00,42,val,0.152,0.15069057
Selhausen,2022-08-21 23:00:00,42,val,0.153,0.14948678
Selhausen,2022-08-22 00:00:00,42,val,0.15,0.14843875
Selhausen,2022-08-22 01:00:00,42,val,0.15,0.1473817
Selhausen,2022-08-22 02:00:00,42,val,0.15,0.14640145
Selhausen,2022-08-22 03:00:00,42,val,0.15,0.14584485
Selhausen,2022-08-22 04:00:00,42,val,0.152,0.14556284
Selhausen,2022-08-22 05:00:00,42,val,0.15,0.14553523
Selhausen,2022-08-22 06:00:00,42,val,0.148,0.1456106
Selhausen,2022-08-22 07:00:00,42,val,0.149,0.14590232
Selhausen,2022-08-22 08:00:00,42,val,0.149,0.14658713
Selhausen,2022-08-22 09:00:00,42,val,0.152,0.14741834
Selhausen,2022-08-22 10:00:00,42,val,0.154,0.14859895
Selhausen,2022-08-22 11:00:00,42,val,0.154,0.14961928
Selhausen,2022-08-22 12:00:00,42,val,0.157,0.15098572
Selhausen,2022-08-22 13:00:00,42,val,0.157,0.152444
Selhausen,2022-08-22 14:00:00,42,val,0.156,0.1536938
Selhausen,2022-08-22 15:00:00,42,val,0.158,0.15461046
Selhausen,2022-08-22 16:00:00,42,val,0.158,0.15513527
Selhausen,2022-08-22 17:00:00,42,val,0.157,0.15498567
Selhausen,2022-08-22 18:00:00,42,val,0.155,0.15430348
Selhausen,2022-08-22 19:00:00,42,val,0.154,0.15340815
Selhausen,2022-08-22 20:00:00,42,val,0.154,0.15236571
Selhausen,2022-08-22 21:00:00,42,val,0.153,0.1512442
Selhausen,2022-08-22 22:00:00,42,val,0.154,0.14990732
Selhausen,2022-08-22 23:00:00,42,val,0.15,0.14869529
Selhausen,2022-08-23 00:00:00,42,val,0.151,0.14754073
Selhausen,2022-08-23 01:00:00,42,val,0.152,0.14646176
Selhausen,2022-08-23 02:00:00,42,val,0.149,0.14562292
Selhausen,2022-08-23 03:00:00,42,val,0.148,0.14486924
Selhausen,2022-08-23 04:00:00,42,val,0.146,0.14426361
Selhausen,2022-08-23 05:00:00,42,val,0.147,0.1441221
Selhausen,2022-08-23 06:00:00,42,val,0.15,0.14427117
Selhausen,2022-08-23 07:00:00,42,val,0.15,0.14473829
Selhausen,2022-08-23 08:00:00,42,val,0.148,0.14534697
Selhausen,2022-08-23 09:00:00,42,val,0.149,0.14625588
Selhausen,2022-08-23 10:00:00,42,val,0.15,0.14727849
Selhausen,2022-08-23 11:00:00,42,val,0.155,0.14821562
Selhausen,2022-08-23 12:00:00,42,val,0.154,0.1494761
Selhausen,2022-08-23 13:00:00,42,val,0.157,0.150879
Selhausen,2022-08-23 14:00:00,42,val,0.158,0.15220216
Selhausen,2022-08-23 15:00:00,42,val,0.16,0.15310639
Selhausen,2022-08-23 16:00:00,42,val,0.16,0.1534611
Selhausen,2022-08-23 17:00:00,42,val,0.162,0.15340418
Selhausen,2022-08-23 18:00:00,42,val,0.159,0.15295044
Selhausen,2022-08-23 19:00:00,42,val,0.157,0.15212603
Selhausen,2022-08-23 20:00:00,42,val,0.153,0.15126604
Selhausen,2022-08-23 21:00:00,42,val,0.155,0.15020376
Selhausen,2022-08-23 22:00:00,42,val,0.15,0.14903304
Selhausen,2022-08-23 23:00:00,42,val,0.152,0.14795078
Selhausen,2022-08-24 00:00:00,42,val,0.15,0.14681648
Selhausen,2022-08-24 01:00:00,42,val,0.151,0.1456956
Selhausen,2022-08-24 02:00:00,42,val,0.149,0.14477983
Selhausen,2022-08-24 03:00:00,42,val,0.149,0.14400598
Selhausen,2022-09-03 04:00:00,42,val,0.134,0.1360146
Selhausen,2022-09-03 05:00:00,42,val,0.137,0.13562536
Selhausen,2022-09-03 06:00:00,42,val,0.14,0.135735
Selhausen,2022-09-03 07:00:00,42,val,0.136,0.13610348
Selhausen,2022-09-03 08:00:00,42,val,0.139,0.1368373
Selhausen,2022-09-03 09:00:00,42,val,0.143,0.13794954
Selhausen,2022-09-03 10:00:00,42,val,0.143,0.13939746
Selhausen,2022-09-03 11:00:00,42,val,0.145,0.14139637
Selhausen,2022-09-03 12:00:00,42,val,0.15,0.14364693
Selhausen,2022-09-03 13:00:00,42,val,0.151,0.14576083
Selhausen,2022-09-03 14:00:00,42,val,0.151,0.14768635
Selhausen,2022-09-03 15:00:00,42,val,0.148,0.14885189
Selhausen,2022-09-03 16:00:00,42,val,0.151,0.14938638
Selhausen,2022-09-03 17:00:00,42,val,0.149,0.14941691
Selhausen,2022-09-03 18:00:00,42,val,0.146,0.14865331
Selhausen,2022-09-03 19:00:00,42,val,0.148,0.1475707
Selhausen,2022-09-03 20:00:00,42,val,0.145,0.14631744
Selhausen,2022-09-03 21:00:00,42,val,0.147,0.14485832
Selhausen,2022-09-03 22:00:00,42,val,0.144,0.14310327
Selhausen,2022-09-03 23:00:00,42,val,0.14,0.14145526
Selhausen,2022-09-04 00:00:00,42,val,0.14,0.14015988
Selhausen,2022-09-04 01:00:00,42,val,0.14,0.1389435
Selhausen,2022-09-04 02:00:00,42,val,0.145,0.1380068
Selhausen,2022-09-04 03:00:00,42,val,0.134,0.13720417
Selhausen,2022-09-04 04:00:00,42,val,0.136,0.13640332
Selhausen,2022-09-04 05:00:00,42,val,0.139,0.13577628
Selhausen,2022-09-04 06:00:00,42,val,0.138,0.13539922
Selhausen,2022-09-04 07:00:00,42,val,0.138,0.13545746
Selhausen,2022-09-04 08:00:00,42,val,0.137,0.13596739
Selhausen,2022-09-04 09:00:00,42,val,0.137,0.1370372
Selhausen,2022-09-04 10:00:00,42,val,0.143,0.13817406
Selhausen,2022-09-04 11:00:00,42,val,0.148,0.13976334
Selhausen,2022-09-04 12:00:00,42,val,0.145,0.1416749
Selhausen,2022-09-04 13:00:00,42,val,0.15,0.14354533
Selhausen,2022-09-04 14:00:00,42,val,0.15,0.1454413
Selhausen,2022-09-04 15:00:00,42,val,0.15,0.14691302
Selhausen,2022-09-04 16:00:00,42,val,0.151,0.14767948
Selhausen,2022-09-04 17:00:00,42,val,0.147,0.14753667
Selhausen,2022-09-04 18:00:00,42,val,0.151,0.14699961
Selhausen,2022-09-04 19:00:00,42,val,0.145,0.14596917
Selhausen,2022-09-04 20:00:00,42,val,0.148,0.14486653
Selhausen,2022-09-04 21:00:00,42,val,0.144,0.14352293
Selhausen,2022-09-04 22:00:00,42,val,0.144,0.14214736
Selhausen,2022-09-04 23:00:00,42,val,0.147,0.14054999
Selhausen,2022-09-05 00:00:00,42,val,0.148,0.13911885
Selhausen,2022-09-05 01:00:00,42,val,0.148,0.13769808
Selhausen,2022-09-05 02:00:00,42,val,0.152,0.13649336
Selhausen,2022-09-05 03:00:00,42,val,0.165,0.13592601
Selhausen,2022-09-05 04:00:00,42,val,0.167,0.13500315
Selhausen,2022-09-05 05:00:00,42,val,0.163,0.1342904
Selhausen,2022-09-05 06:00:00,42,val,0.171,0.13408801
Selhausen,2022-09-05 07:00:00,42,val,0.167,0.13399233
Selhausen,2022-09-05 08:00:00,42,val,0.171,0.13427818
Selhausen,2022-09-05 09:00:00,42,val,0.172,0.13498479
Selhausen,2022-09-05 10:00:00,42,val,0.18,0.13605157
Selhausen,2022-09-05 11:00:00,42,val,0.188,0.13739797
Selhausen,2022-09-05 12:00:00,42,val,0.185,0.13918701
Selhausen,2022-09-05 13:00:00,42,val,0.194,0.14120673
Selhausen,2022-09-05 14:00:00,42,val,0.19,0.1431444
Selhausen,2022-09-05 15:00:00,42,val,0.182,0.14451447
Selhausen,2022-09-05 16:00:00,42,val,0.194,0.14544298
Selhausen,2022-09-05 17:00:00,42,val,0.19,0.14572956
Selhausen,2022-09-05 18:00:00,42,val,0.189,0.14529094
Selhausen,2022-09-05 19:00:00,42,val,0.183,0.14461207
Selhausen,2022-09-05 20:00:00,42,val,0.192,0.14357328
Selhausen,2022-09-05 21:00:00,42,val,0.187,0.14250731
Selhausen,2022-09-05 22:00:00,42,val,0.183,0.14128894
Selhausen,2022-09-05 23:00:00,42,val,0.164,0.13984838
Selhausen,2022-09-06 00:00:00,42,val,0.184,0.14659843
Selhausen,2022-09-06 01:00:00,42,val,0.185,0.15397742
Selhausen,2022-09-06 02:00:00,42,val,0.189,0.15602249
Selhausen,2022-09-06 03:00:00,42,val,0.182,0.15482733
Selhausen,2022-09-06 04:00:00,42,val,0.189,0.15224214
Selhausen,2022-09-06 05:00:00,42,val,0.213,0.14946458
Selhausen,2022-09-06 06:00:00,42,val,0.223,0.14675556
Selhausen,2022-09-06 07:00:00,42,val,0.243,0.14450407
Selhausen,2022-09-06 08:00:00,42,val,0.24,0.14279619
Selhausen,2022-09-06 09:00:00,42,val,0.243,0.14152716
Selhausen,2022-09-06 10:00:00,42,val,0.253,0.14114356
Selhausen,2022-09-06 11:00:00,42,val,0.24,0.14160253
Selhausen,2022-09-06 12:00:00,42,val,0.247,0.14223918
Selhausen,2022-09-06 13:00:00,42,val,0.241,0.14330387
Selhausen,2022-09-06 14:00:00,42,val,0.246,0.14446211
Selhausen,2022-09-06 15:00:00,42,val,0.242,0.14540589
Selhausen,2022-09-06 16:00:00,42,val,0.241,0.14596143
Selhausen,2022-09-06 17:00:00,42,val,0.243,0.14576185
Selhausen,2022-09-06 18:00:00,42,val,0.245,0.14524543
Selhausen,2022-09-06 19:00:00,42,val,0.239,0.144225
Selhausen,2022-09-06 20:00:00,42,val,0.237,0.14322737
Selhausen,2022-09-06 21:00:00,42,val,0.239,0.14202234
Selhausen,2022-09-06 22:00:00,42,val,0.236,0.14080298
Selhausen,2022-09-06 23:00:00,42,val,0.235,0.1533889
Selhausen,2022-09-07 00:00:00,42,val,0.237,0.16787988
Selhausen,2022-09-07 01:00:00,42,val,0.236,0.17271414
Selhausen,2022-09-07 02:00:00,42,val,0.234,0.17259708
Selhausen,2022-09-07 03:00:00,42,val,0.234,0.17126617
Selhausen,2022-09-07 04:00:00,42,val,0.234,0.16976109
Selhausen,2022-09-07 05:00:00,42,val,0.235,0.16824701
Selhausen,2022-09-07 06:00:00,42,val,0.23,0.16747889
Selhausen,2022-09-07 07:00:00,42,val,0.2289999999999999,0.16718578
Selhausen,2022-09-07 08:00:00,42,val,0.2305,0.16770348
Selhausen,2022-09-07 09:00:00,42,val,0.237,0.16854855
Selhausen,2022-09-07 10:00:00,42,val,0.234,0.17007908
Selhausen,2022-09-07 11:00:00,42,val,0.24,0.17237112
Selhausen,2022-09-07 12:00:00,42,val,0.239,0.17473651
Selhausen,2022-09-07 13:00:00,42,val,0.232,0.17738062
Selhausen,2022-09-07 14:00:00,42,val,0.234,0.17945178
Selhausen,2022-09-07 15:00:00,42,val,0.232,0.18016791
Selhausen,2022-09-07 16:00:00,42,val,0.237,0.18076715
Selhausen,2022-09-07 17:00:00,42,val,0.234,0.18078956
Selhausen,2022-09-07 18:00:00,42,val,0.232,0.1806701
Selhausen,2022-09-07 19:00:00,42,val,0.232,0.18013524
Selhausen,2022-09-07 20:00:00,42,val,0.228,0.18001468
Selhausen,2022-09-07 21:00:00,42,val,0.23,0.17976691
Selhausen,2022-09-07 22:00:00,42,val,0.23,0.17911106
Selhausen,2022-09-07 23:00:00,42,val,0.223,0.17687184
Selhausen,2022-09-08 00:00:00,42,val,0.229,0.1752514
Selhausen,2022-09-08 01:00:00,42,val,0.225,0.17405522
Selhausen,2022-09-08 02:00:00,42,val,0.226,0.17433706
Selhausen,2022-09-08 03:00:00,42,val,0.226,0.17885202
Selhausen,2022-09-08 04:00:00,42,val,0.222,0.1976951
Selhausen,2022-09-08 05:00:00,42,val,0.224,0.21301638
Selhausen,2022-09-08 06:00:00,42,val,0.223,0.22401103
Selhausen,2022-09-08 07:00:00,42,val,0.223,0.23546618
Selhausen,2022-09-08 08:00:00,42,val,0.219,0.23840748
Selhausen,2022-09-08 09:00:00,42,val,0.219,0.23919189
Selhausen,2022-09-08 10:00:00,42,val,0.222,0.23974462
Selhausen,2022-09-08 11:00:00,42,val,0.226,0.23958018
Selhausen,2022-09-08 12:00:00,42,val,0.224,0.23935217
Selhausen,2022-09-08 13:00:00,42,val,0.225,0.23864111
Selhausen,2022-09-08 14:00:00,42,val,0.231,0.23774314
Selhausen,2022-09-08 15:00:00,42,val,0.229,0.23650816
Selhausen,2022-09-08 16:00:00,42,val,0.229,0.2348644
Selhausen,2022-09-08 17:00:00,42,val,0.237,0.23309687
Selhausen,2022-09-08 18:00:00,42,val,0.231,0.23159218
Selhausen,2022-09-08 19:00:00,42,val,0.233,0.22997512
Selhausen,2022-09-08 20:00:00,42,val,0.231,0.2282141
Selhausen,2022-09-08 21:00:00,42,val,0.234,0.22643232
Selhausen,2022-09-08 22:00:00,42,val,0.234,0.224498
Selhausen,2022-09-08 23:00:00,42,val,0.231,0.22574851
Selhausen,2022-09-09 00:00:00,42,val,0.233,0.22513272
Selhausen,2022-09-09 01:00:00,42,val,0.232,0.22369167
Selhausen,2022-09-09 02:00:00,42,val,0.232,0.22186817
Selhausen,2022-09-09 03:00:00,42,val,0.234,0.22003181
Selhausen,2022-09-09 04:00:00,42,val,0.232,0.2183245
Selhausen,2022-09-09 05:00:00,42,val,0.232,0.21680726
Selhausen,2022-09-09 06:00:00,42,val,0.232,0.21554875
Selhausen,2022-09-09 07:00:00,42,val,0.228,0.21481301
Selhausen,2022-09-09 08:00:00,42,val,0.231,0.21472044
Selhausen,2022-09-09 09:00:00,42,val,0.233,0.21555033
Selhausen,2022-10-16 01:00:00,42,val,0.203,0.201298
Selhausen,2022-10-16 02:00:00,42,val,0.203,0.20002204
Selhausen,2022-10-16 03:00:00,42,val,0.21,0.19973364
Selhausen,2022-10-16 04:00:00,42,val,0.23,0.20004186
Selhausen,2022-10-16 05:00:00,42,val,0.241,0.20044032
Selhausen,2022-10-16 06:00:00,42,val,0.233,0.20076007
Selhausen,2022-10-16 07:00:00,42,val,0.244,0.20107864
Selhausen,2022-10-16 08:00:00,42,val,0.243,0.2015044
Selhausen,2022-10-16 09:00:00,42,val,0.248,0.2018757
Selhausen,2022-10-16 10:00:00,42,val,0.25,0.20230223
Selhausen,2022-10-16 11:00:00,42,val,0.244,0.20282677
Selhausen,2022-10-16 12:00:00,42,val,0.243,0.20330475
Selhausen,2022-10-16 13:00:00,42,val,0.247,0.20391859
Selhausen,2022-10-16 14:00:00,42,val,0.249,0.20439719
Selhausen,2022-10-16 15:00:00,42,val,0.249,0.20481585
Selhausen,2022-10-16 16:00:00,42,val,0.247,0.2086574
Selhausen,2022-10-16 17:00:00,42,val,0.247,0.21024604
Selhausen,2022-10-16 18:00:00,42,val,0.242,0.2102965
Selhausen,2022-10-16 19:00:00,42,val,0.251,0.20930235
Selhausen,2022-10-16 20:00:00,42,val,0.241,0.20816293
Selhausen,2022-10-16 21:00:00,42,val,0.235,0.20662728
Selhausen,2022-10-16 22:00:00,42,val,0.261,0.20504254
Selhausen,2022-10-16 23:00:00,42,val,0.241,0.20343691
Selhausen,2022-10-17 00:00:00,42,val,0.256,0.20244355
Selhausen,2022-11-07 03:00:00,42,val,0.197,0.2015583
Selhausen,2022-11-07 04:00:00,42,val,0.191,0.20025095
Selhausen,2022-11-07 05:00:00,42,val,0.201,0.19948189
Selhausen,2022-11-07 06:00:00,42,val,0.191,0.19968696
Selhausen,2022-11-07 07:00:00,42,val,0.21,0.20061064
Selhausen,2022-11-07 08:00:00,42,val,0.211,0.20201536
Selhausen,2022-11-07 09:00:00,42,val,0.209,0.20440318
Selhausen,2022-11-07 10:00:00,42,val,0.207,0.20616189
Selhausen,2022-11-07 11:00:00,42,val,0.208,0.208991
Selhausen,2022-11-07 12:00:00,42,val,0.209,0.2115336
Selhausen,2022-11-07 13:00:00,42,val,0.202,0.21321268
Selhausen,2022-11-07 14:00:00,42,val,0.214,0.21371724
Selhausen,2022-11-07 15:00:00,42,val,0.212,0.21318991
Selhausen,2022-11-07 16:00:00,42,val,0.204,0.21194954
Selhausen,2022-11-07 17:00:00,42,val,0.211,0.20951793
Selhausen,2022-11-07 18:00:00,42,val,0.201,0.20761605
Selhausen,2022-11-07 19:00:00,42,val,0.206,0.2060547
Selhausen,2022-11-07 20:00:00,42,val,0.204,0.20442025
Selhausen,2022-11-07 21:00:00,42,val,0.204,0.20357683
Selhausen,2022-11-07 22:00:00,42,val,0.205,0.20330288
Selhausen,2022-11-07 23:00:00,42,val,0.2,0.20314604
Selhausen,2022-11-08 00:00:00,42,val,0.201,0.20291989
Selhausen,2022-11-08 01:00:00,42,val,0.212,0.20314297
Selhausen,2022-11-08 02:00:00,42,val,0.201,0.20268357
Selhausen,2022-11-08 03:00:00,42,val,0.215,0.20146522
Selhausen,2022-11-08 04:00:00,42,val,0.213,0.20119838
Selhausen,2022-11-08 05:00:00,42,val,0.199,0.20204774
Selhausen,2022-11-08 06:00:00,42,val,0.21,0.20316145
Selhausen,2022-11-08 07:00:00,42,val,0.204,0.2046216
Selhausen,2022-11-08 08:00:00,42,val,0.202,0.2056655
Selhausen,2022-11-08 09:00:00,42,val,0.213,0.20698898
Selhausen,2022-11-08 10:00:00,42,val,0.211,0.20812675
Selhausen,2022-11-08 11:00:00,42,val,0.202,0.20872143
Selhausen,2022-11-08 12:00:00,42,val,0.201,0.20844962
Selhausen,2022-11-08 13:00:00,42,val,0.206,0.20828062
Selhausen,2022-11-08 14:00:00,42,val,0.207,0.2082102
Selhausen,2022-11-08 15:00:00,42,val,0.201,0.20867074
Selhausen,2022-11-08 16:00:00,42,val,0.204,0.20877765
Selhausen,2022-11-08 17:00:00,42,val,0.212,0.20861301
Selhausen,2022-11-08 18:00:00,42,val,0.212,0.20811361
Selhausen,2022-11-08 19:00:00,42,val,0.202,0.20703274
Selhausen,2022-11-08 20:00:00,42,val,0.202,0.20589533
Selhausen,2022-11-08 21:00:00,42,val,0.201,0.20520428
Selhausen,2022-11-08 22:00:00,42,val,0.21,0.20399094
Selhausen,2022-11-08 23:00:00,42,val,0.203,0.20362738
Selhausen,2022-11-09 00:00:00,42,val,0.196,0.20276903
Selhausen,2022-11-09 01:00:00,42,val,0.209,0.20195714
Selhausen,2022-11-09 02:00:00,42,val,0.206,0.20116383
Selhausen,2022-11-09 03:00:00,42,val,0.205,0.20029144
Selhausen,2022-11-09 04:00:00,42,val,0.209,0.19898792
Selhausen,2022-11-09 05:00:00,42,val,0.202,0.19833718
Selhausen,2022-11-09 06:00:00,42,val,0.198,0.21040177
Selhausen,2022-11-09 07:00:00,42,val,0.204,0.21732643
Selhausen,2022-11-09 08:00:00,42,val,0.208,0.22088395
Selhausen,2022-11-09 09:00:00,42,val,0.207,0.22272235
Selhausen,2022-11-09 10:00:00,42,val,0.201,0.2230563
Selhausen,2022-11-09 11:00:00,42,val,0.207,0.22280407
Selhausen,2022-11-09 12:00:00,42,val,0.204,0.2218429
Selhausen,2022-11-09 13:00:00,42,val,0.203,0.22038472
Selhausen,2022-11-09 14:00:00,42,val,0.203,0.21915926
Selhausen,2022-11-09 15:00:00,42,val,0.209,0.21801287
Selhausen,2022-11-09 16:00:00,42,val,0.202,0.2164169
Selhausen,2022-11-09 17:00:00,42,val,0.204,0.21478595
Selhausen,2022-11-09 18:00:00,42,val,0.209,0.21240059
Selhausen,2022-11-09 19:00:00,42,val,0.194,0.210048
Selhausen,2022-11-09 20:00:00,42,val,0.21,0.20779672
Selhausen,2022-11-09 21:00:00,42,val,0.205,0.20561744
Selhausen,2022-11-09 22:00:00,42,val,0.2,0.20366924
Selhausen,2022-11-09 23:00:00,42,val,0.208,0.20171735
Selhausen,2022-11-10 00:00:00,42,val,0.201,0.20019124
Selhausen,2022-11-10 01:00:00,42,val,0.208,0.19987461
Selhausen,2022-11-10 02:00:00,42,val,0.203,0.19963984
Selhausen,2022-11-10 03:00:00,42,val,0.203,0.20022483
Selhausen,2022-11-10 04:00:00,42,val,0.206,0.20116556
Selhausen,2022-11-10 05:00:00,42,val,0.202,0.2013542
Selhausen,2022-11-10 06:00:00,42,val,0.203,0.20183325
Selhausen,2022-11-10 07:00:00,42,val,0.199,0.2022352
Selhausen,2022-11-10 08:00:00,42,val,0.202,0.20282716
Selhausen,2022-11-10 09:00:00,42,val,0.202,0.20442283
Selhausen,2022-11-10 10:00:00,42,val,0.205,0.20623742
Selhausen,2022-11-10 11:00:00,42,val,0.208,0.20768225
Selhausen,2022-11-10 12:00:00,42,val,0.201,0.20816344
Selhausen,2022-11-10 13:00:00,42,val,0.201,0.20870472
Selhausen,2022-11-10 14:00:00,42,val,0.194,0.20925008
Selhausen,2022-11-10 15:00:00,42,val,0.205,0.20895514
Selhausen,2022-11-10 16:00:00,42,val,0.2,0.208241
Selhausen,2022-11-10 17:00:00,42,val,0.202,0.20812169
Selhausen,2022-11-10 18:00:00,42,val,0.205,0.20805043
Selhausen,2022-11-10 19:00:00,42,val,0.202,0.2073256
Selhausen,2022-11-10 20:00:00,42,val,0.206,0.20605016
Selhausen,2022-11-10 21:00:00,42,val,0.201,0.20449258
Selhausen,2022-11-10 22:00:00,42,val,0.202,0.20323665
Selhausen,2022-11-10 23:00:00,42,val,0.206,0.20186959
Selhausen,2022-11-11 00:00:00,42,val,0.2,0.20012327
Selhausen,2022-11-11 01:00:00,42,val,0.203,0.19927476
Selhausen,2022-11-11 02:00:00,42,val,0.202,0.19871293
Selhausen,2022-11-11 03:00:00,42,val,0.204,0.19863346
Selhausen,2022-11-11 04:00:00,42,val,0.203,0.198948
Selhausen,2022-11-11 05:00:00,42,val,0.203,0.19927628
Selhausen,2022-11-11 06:00:00,42,val,0.2,0.19932063
Selhausen,2022-11-11 07:00:00,42,val,0.198,0.19969118
Selhausen,2022-11-11 08:00:00,42,val,0.202,0.20056699
Selhausen,2022-11-11 09:00:00,42,val,0.201,0.20176576
Selhausen,2022-11-11 10:00:00,42,val,0.201,0.20264542
Selhausen,2022-11-11 11:00:00,42,val,0.204,0.20382357
Selhausen,2022-11-11 12:00:00,42,val,0.2,0.20479268
Selhausen,2022-11-11 13:00:00,42,val,0.203,0.20539859
Selhausen,2022-11-11 14:00:00,42,val,0.2,0.20565395
Selhausen,2022-11-11 15:00:00,42,val,0.204,0.20620878
Selhausen,2022-11-11 16:00:00,42,val,0.1915,0.20652778
Selhausen,2022-11-11 17:00:00,42,val,0.204,0.20661029
Selhausen,2022-11-11 18:00:00,42,val,0.202,0.20690717
Selhausen,2022-11-11 19:00:00,42,val,0.202,0.20620432
Selhausen,2022-11-11 20:00:00,42,val,0.203,0.20593874
Selhausen,2022-11-11 21:00:00,42,val,0.2,0.20569766
Selhausen,2022-11-11 22:00:00,42,val,0.201,0.20503527
Selhausen,2022-11-11 23:00:00,42,val,0.197,0.20469342
Selhausen,2022-11-12 00:00:00,42,val,0.198,0.20404099
Selhausen,2022-11-12 01:00:00,42,val,0.201,0.20356922
Selhausen,2022-11-12 02:00:00,42,val,0.201,0.2028632
Selhausen,2022-11-12 03:00:00,42,val,0.2,0.20207891
Selhausen,2022-11-12 04:00:00,42,val,0.198,0.20142084
Selhausen,2022-11-12 05:00:00,42,val,0.198,0.20087877
Selhausen,2022-11-12 06:00:00,42,val,0.199,0.20061468
Selhausen,2022-11-12 07:00:00,42,val,0.198,0.20042954
Selhausen,2022-11-12 08:00:00,42,val,0.2,0.20055486
Selhausen,2022-11-12 09:00:00,42,val,0.197,0.2009484
Selhausen,2022-11-12 10:00:00,42,val,0.198,0.20176145
Selhausen,2022-11-12 11:00:00,42,val,0.2,0.20301433
Selhausen,2022-11-12 12:00:00,42,val,0.199,0.20395243
Selhausen,2022-11-12 13:00:00,42,val,0.202,0.2044138
Selhausen,2022-11-12 14:00:00,42,val,0.203,0.20385882
Selhausen,2022-11-12 15:00:00,42,val,0.2,0.20345776
Selhausen,2022-11-12 16:00:00,42,val,0.2,0.20268558
Selhausen,2022-11-12 17:00:00,42,val,0.199,0.2020604
Selhausen,2022-11-12 18:00:00,42,val,0.203,0.20155595
Selhausen,2022-11-12 19:00:00,42,val,0.2,0.20099002
Selhausen,2022-11-12 20:00:00,42,val,0.2,0.20071514
Selhausen,2022-11-12 21:00:00,42,val,0.198,0.2001637
Selhausen,2022-11-12 22:00:00,42,val,0.2,0.19960648
Selhausen,2022-11-12 23:00:00,42,val,0.189,0.19924404
Selhausen,2022-11-13 00:00:00,42,val,0.1895,0.19868833
Selhausen,2022-11-13 01:00:00,42,val,0.203,0.19819061
Selhausen,2022-11-13 02:00:00,42,val,0.181,0.1976956
Selhausen,2022-11-13 03:00:00,42,val,0.205,0.19739859
Selhausen,2022-11-13 04:00:00,42,val,0.2035,0.19719842
Selhausen,2022-11-13 05:00:00,42,val,0.1795,0.19698371
Selhausen,2022-11-13 06:00:00,42,val,0.198,0.19670218
Selhausen,2022-11-13 07:00:00,42,val,0.1895,0.19650257
Selhausen,2022-11-13 08:00:00,42,val,0.2,0.1967687
Selhausen,2022-11-13 09:00:00,42,val,0.1925,0.19731492
Selhausen,2022-11-13 10:00:00,42,val,0.203,0.19804658
Selhausen,2022-11-13 11:00:00,42,val,0.189,0.1988721
Selhausen,2022-11-13 12:00:00,42,val,0.202,0.1994493
Selhausen,2022-11-13 13:00:00,42,val,0.2,0.19983344
Selhausen,2022-11-13 14:00:00,42,val,0.206,0.1999656
Selhausen,2022-11-13 15:00:00,42,val,0.197,0.20004223
Selhausen,2022-11-13 16:00:00,42,val,0.198,0.19931482
Selhausen,2022-11-13 17:00:00,42,val,0.198,0.1989779
Selhausen,2022-11-13 18:00:00,42,val,0.197,0.19870315
Selhausen,2022-11-13 19:00:00,42,val,0.201,0.19852315
Selhausen,2022-11-13 20:00:00,42,val,0.204,0.19843699
Selhausen,2022-11-13 21:00:00,42,val,0.201,0.19825886
Selhausen,2022-11-13 22:00:00,42,val,0.201,0.19806515
Selhausen,2022-11-13 23:00:00,42,val,0.205,0.19754905
Selhausen,2022-11-14 00:00:00,42,val,0.206,0.19676681
Selhausen,2022-11-14 01:00:00,42,val,0.205,0.1961293
Selhausen,2022-11-14 02:00:00,42,val,0.212,0.19563459
Selhausen,2022-11-14 03:00:00,42,val,0.223,0.19524038
Selhausen,2022-11-14 04:00:00,42,val,0.234,0.19486485
Selhausen,2022-11-14 05:00:00,42,val,0.238,0.19449973
Selhausen,2022-11-14 06:00:00,42,val,0.258,0.19437315
Selhausen,2022-11-14 07:00:00,42,val,0.251,0.19443192
Selhausen,2022-11-14 08:00:00,42,val,0.252,0.19491361
Selhausen,2022-11-14 09:00:00,42,val,0.26,0.19559772
Selhausen,2022-11-14 10:00:00,42,val,0.248,0.19648296
Selhausen,2022-11-14 11:00:00,42,val,0.267,0.19742423
Selhausen,2022-11-14 12:00:00,42,val,0.26,0.19857532
Selhausen,2022-11-14 13:00:00,42,val,0.266,0.19998689
Selhausen,2022-11-14 14:00:00,42,val,0.251,0.20148428
Selhausen,2022-11-14 15:00:00,42,val,0.259,0.2025831
Selhausen,2022-11-14 16:00:00,42,val,0.261,0.2031743
Selhausen,2022-11-14 17:00:00,42,val,0.247,0.20322551
Selhausen,2022-11-14 18:00:00,42,val,0.248,0.20314969
Selhausen,2022-11-14 19:00:00,42,val,0.261,0.2028304
Selhausen,2022-11-14 20:00:00,42,val,0.255,0.20226622
Selhausen,2022-11-14 21:00:00,42,val,0.245,0.20135134
Selhausen,2022-11-14 22:00:00,42,val,0.244,0.20036794
Selhausen,2022-11-14 23:00:00,42,val,0.234,0.19861342
Selhausen,2022-11-15 00:00:00,42,val,0.24,0.19656199
Selhausen,2022-11-15 01:00:00,42,val,0.245,0.19536586
Selhausen,2022-11-15 02:00:00,42,val,0.241,0.19330205
Selhausen,2022-11-15 03:00:00,42,val,0.252,0.19228277
Selhausen,2022-11-15 04:00:00,42,val,0.248,0.19200245
Selhausen,2022-11-15 05:00:00,42,val,0.249,0.1909
Selhausen,2022-11-15 06:00:00,42,val,0.256,0.19065043
Selhausen,2022-11-15 07:00:00,42,val,0.2724999999999999,0.19016032
Selhausen,2022-11-15 08:00:00,42,val,0.267,0.19044356
Selhausen,2022-11-15 09:00:00,42,val,0.268,0.1906824
Selhausen,2022-11-15 10:00:00,42,val,0.264,0.19130772
Selhausen,2022-11-15 11:00:00,42,val,0.274,0.19113739
Selhausen,2022-11-15 12:00:00,42,val,0.284,0.19172993
Selhausen,2022-11-15 13:00:00,42,val,0.272,0.19253811
Selhausen,2022-11-15 14:00:00,42,val,0.263,0.19375257
Selhausen,2022-11-15 15:00:00,42,val,0.262,0.19452313
Selhausen,2022-11-15 16:00:00,42,val,0.269,0.19502452
Selhausen,2022-11-15 17:00:00,42,val,0.274,0.19508658
Selhausen,2022-11-15 18:00:00,42,val,0.274,0.20323884
Selhausen,2022-11-15 19:00:00,42,val,0.27,0.20677686
Selhausen,2022-11-15 20:00:00,42,val,0.254,0.20815857
Selhausen,2022-11-15 21:00:00,42,val,0.263,0.20891902
Selhausen,2022-11-15 22:00:00,42,val,0.264,0.21103601
Selhausen,2022-11-15 23:00:00,42,val,0.254,0.21332444
Selhausen,2022-11-16 00:00:00,42,val,0.26,0.21401004
Selhausen,2022-11-16 01:00:00,42,val,0.264,0.2189453
Selhausen,2022-11-16 02:00:00,42,val,0.2455,0.22540584
Selhausen,2022-11-16 03:00:00,42,val,0.258,0.22892842
Selhausen,2022-11-16 04:00:00,42,val,0.244,0.23504476
Selhausen,2022-11-16 05:00:00,42,val,0.265,0.23887995
Selhausen,2022-11-16 06:00:00,42,val,0.25,0.24208283
Selhausen,2022-11-16 07:00:00,42,val,0.25,0.24480823
Selhausen,2022-11-16 08:00:00,42,val,0.26,0.24723557
Selhausen,2022-11-16 09:00:00,42,val,0.264,0.24971732
Selhausen,2022-11-16 10:00:00,42,val,0.259,0.25168902
Selhausen,2022-11-16 11:00:00,42,val,0.255,0.2538324
Selhausen,2022-11-16 12:00:00,42,val,0.261,0.2555054
Selhausen,2022-11-16 13:00:00,42,val,0.249,0.25707123
Selhausen,2022-11-16 14:00:00,42,val,0.252,0.25709447
Selhausen,2022-11-16 15:00:00,42,val,0.26,0.25662604
Selhausen,2022-11-16 16:00:00,42,val,0.261,0.2559517
Selhausen,2022-11-16 17:00:00,42,val,0.254,0.25396785
Selhausen,2022-11-16 18:00:00,42,val,0.254,0.25125933
Selhausen,2022-11-16 19:00:00,42,val,0.255,0.2490265
Selhausen,2022-11-16 20:00:00,42,val,0.252,0.24714291
Selhausen,2022-11-16 21:00:00,42,val,0.252,0.24471785
Selhausen,2022-11-16 22:00:00,42,val,0.256,0.24292412
Selhausen,2022-11-16 23:00:00,42,val,0.259,0.24012013
Selhausen,2022-11-17 00:00:00,42,val,0.259,0.23827265
Selhausen,2022-11-17 01:00:00,42,val,0.26,0.2397848
Selhausen,2022-11-17 02:00:00,42,val,0.261,0.2397659
Selhausen,2022-11-17 03:00:00,42,val,0.269,0.2405638
Selhausen,2022-11-17 04:00:00,42,val,0.288,0.24076852
Selhausen,2022-11-17 05:00:00,42,val,0.292,0.2406222
Selhausen,2022-11-17 06:00:00,42,val,0.299,0.24425122
Selhausen,2022-11-17 07:00:00,42,val,0.309,0.24730846
Selhausen,2022-11-17 08:00:00,42,val,0.308,0.25008345
Selhausen,2022-11-17 09:00:00,42,val,0.296,0.2525164
Selhausen,2022-11-17 10:00:00,42,val,0.299,0.25427055
Selhausen,2022-11-17 11:00:00,42,val,0.298,0.2562608
Selhausen,2022-11-17 12:00:00,42,val,0.301,0.25967896
Selhausen,2022-11-17 13:00:00,42,val,0.301,0.26229352
Selhausen,2022-11-17 14:00:00,42,val,0.297,0.26312304
Selhausen,2022-11-17 15:00:00,42,val,0.295,0.26252168
Selhausen,2022-11-17 16:00:00,42,val,0.291,0.26149285
Selhausen,2022-11-17 17:00:00,42,val,0.291,0.2605231
Selhausen,2022-11-17 18:00:00,42,val,0.289,0.2596452
Selhausen,2022-11-17 19:00:00,42,val,0.288,0.25865418
Selhausen,2022-11-17 20:00:00,42,val,0.288,0.256735
Selhausen,2022-11-17 21:00:00,42,val,0.281,0.25475243
Selhausen,2022-11-17 22:00:00,42,val,0.284,0.2529054
Selhausen,2022-11-17 23:00:00,42,val,0.286,0.25078702
Selhausen,2022-11-18 00:00:00,42,val,0.282,0.24883789
Selhausen,2022-11-18 01:00:00,42,val,0.281,0.24746218
Selhausen,2022-11-18 02:00:00,42,val,0.285,0.24527013
Selhausen,2022-11-18 03:00:00,42,val,0.282,0.24368498
Selhausen,2022-11-18 04:00:00,42,val,0.276,0.24211936
Selhausen,2022-11-18 05:00:00,42,val,0.285,0.24193965
Selhausen,2022-11-18 06:00:00,42,val,0.284,0.24159205
Selhausen,2022-11-18 07:00:00,42,val,0.279,0.24116132
Selhausen,2022-11-18 08:00:00,42,val,0.278,0.24158257
Selhausen,2022-11-18 09:00:00,42,val,0.28,0.24276844
Selhausen,2022-11-18 10:00:00,42,val,0.282,0.2439147
Selhausen,2022-11-18 11:00:00,42,val,0.279,0.24481168
Selhausen,2022-11-18 12:00:00,42,val,0.278,0.24581517
Selhausen,2022-11-18 13:00:00,42,val,0.282,0.2462169
Selhausen,2022-11-18 14:00:00,42,val,0.275,0.24628384
Selhausen,2022-11-18 15:00:00,42,val,0.279,0.24642591
Selhausen,2022-11-18 16:00:00,42,val,0.283,0.2466127
Selhausen,2022-11-18 17:00:00,42,val,0.28,0.24621412
Selhausen,2022-11-18 18:00:00,42,val,0.277,0.24538821
Selhausen,2022-11-18 19:00:00,42,val,0.2955,0.24730502
Selhausen,2022-11-18 20:00:00,42,val,0.264,0.2512051
Selhausen,2022-11-18 21:00:00,42,val,0.28,0.25192714
Selhausen,2022-11-18 22:00:00,42,val,0.293,0.25116497
Selhausen,2022-11-18 23:00:00,42,val,0.262,0.24987483
Selhausen,2022-11-19 00:00:00,42,val,0.277,0.24858889
Selhausen,2022-11-19 01:00:00,42,val,0.284,0.24741805
Selhausen,2022-11-19 02:00:00,42,val,0.2714999999999999,0.2490235
Selhausen,2022-11-19 03:00:00,42,val,0.287,0.25418642
Selhausen,2022-11-19 04:00:00,42,val,0.2704999999999999,0.2608497
Selhausen,2022-11-19 05:00:00,42,val,0.292,0.2675001
Selhausen,2022-11-19 06:00:00,42,val,0.283,0.27333778
Selhausen,2022-11-19 07:00:00,42,val,0.283,0.27775204
Selhausen,2022-11-19 08:00:00,42,val,0.282,0.2824097
Selhausen,2022-11-19 09:00:00,42,val,0.283,0.28654897
Selhausen,2022-11-19 10:00:00,42,val,0.288,0.2894219
Selhausen,2022-11-19 11:00:00,42,val,0.279,0.29237333
Selhausen,2022-11-19 12:00:00,42,val,0.285,0.294263
Selhausen,2022-11-19 13:00:00,42,val,0.29,0.29565054
Selhausen,2022-11-19 14:00:00,42,val,0.259,0.29641226
Selhausen,2022-11-19 15:00:00,42,val,0.264,0.29647717
Selhausen,2022-11-19 16:00:00,42,val,0.2865,0.2957843
Selhausen,2022-11-19 17:00:00,42,val,0.28,0.29442495
Selhausen,2022-11-19 18:00:00,42,val,0.274,0.2924913
Selhausen,2022-11-19 19:00:00,42,val,0.268,0.29016507
Selhausen,2022-11-19 20:00:00,42,val,0.279,0.28766024
Selhausen,2022-11-19 21:00:00,42,val,0.272,0.2848233
Selhausen,2022-11-19 22:00:00,42,val,0.283,0.28203157
Selhausen,2022-11-19 23:00:00,42,val,0.283,0.2795366
Selhausen,2022-11-20 00:00:00,42,val,0.278,0.277129
Selhausen,2022-11-20 01:00:00,42,val,0.273,0.274827
Selhausen,2022-11-20 02:00:00,42,val,0.267,0.27301544
Selhausen,2022-11-20 03:00:00,42,val,0.283,0.27144364
Selhausen,2022-11-20 04:00:00,42,val,0.279,0.26987034
Selhausen,2022-11-20 05:00:00,42,val,0.272,0.2690078
Selhausen,2022-11-20 06:00:00,42,val,0.277,0.26870152
Selhausen,2022-11-20 07:00:00,42,val,0.269,0.26860872
Selhausen,2022-11-20 08:00:00,42,val,0.282,0.2686517
Selhausen,2022-11-20 09:00:00,42,val,0.28,0.26911175
Selhausen,2022-11-20 10:00:00,42,val,0.274,0.2699144
Selhausen,2022-11-20 11:00:00,42,val,0.281,0.2707403
Selhausen,2022-11-20 12:00:00,42,val,0.276,0.27151006
Selhausen,2022-11-20 13:00:00,42,val,0.273,0.27249408
Selhausen,2022-11-20 14:00:00,42,val,0.276,0.2729575
Selhausen,2022-11-20 15:00:00,42,val,0.277,0.2743536
Selhausen,2022-11-20 16:00:00,42,val,0.277,0.2792275
Selhausen,2022-11-20 17:00:00,42,val,0.278,0.28167403
Selhausen,2022-11-20 18:00:00,42,val,0.274,0.28383258
Selhausen,2022-11-20 19:00:00,42,val,0.275,0.2860005
Selhausen,2022-11-20 20:00:00,42,val,0.272,0.2848358
Selhausen,2022-11-20 21:00:00,42,val,0.276,0.2826681
Selhausen,2022-11-20 22:00:00,42,val,0.278,0.2808389
Selhausen,2022-11-20 23:00:00,42,val,0.271,0.27791092
Selhausen,2022-11-21 00:00:00,42,val,0.277,0.2753733
Selhausen,2022-11-21 01:00:00,42,val,0.272,0.2736378
Selhausen,2022-11-21 02:00:00,42,val,0.266,0.27203855
Selhausen,2022-11-21 03:00:00,42,val,0.262,0.27149302
Selhausen,2022-11-21 04:00:00,42,val,0.242,0.27095297
Selhausen,2022-11-21 05:00:00,42,val,0.261,0.27169853
Selhausen,2022-11-21 06:00:00,42,val,0.267,0.27264443
Selhausen,2022-11-21 07:00:00,42,val,0.263,0.27372804
Selhausen,2022-11-21 08:00:00,42,val,0.268,0.27481773
Selhausen,2022-11-21 09:00:00,42,val,0.263,0.27592337
Selhausen,2022-11-21 10:00:00,42,val,0.272,0.27724278
Selhausen,2022-11-21 11:00:00,42,val,0.273,0.2779109
Selhausen,2022-11-21 12:00:00,42,val,0.272,0.2796334
Selhausen,2022-11-21 13:00:00,42,val,0.266,0.2812152
Selhausen,2022-11-21 14:00:00,42,val,0.273,0.2809639
Selhausen,2022-11-21 15:00:00,42,val,0.263,0.27923107
Selhausen,2022-11-21 16:00:00,42,val,0.246,0.27785107
Selhausen,2023-01-01 05:00:00,42,val,0.295,0.28746957
Selhausen,2023-01-01 06:00:00,42,val,0.295,0.2880008
Selhausen,2023-01-01 07:00:00,42,val,0.297,0.28809217
Selhausen,2023-01-01 08:00:00,42,val,0.295,0.2893855
Selhausen,2023-01-01 09:00:00,42,val,0.297,0.2898434
Selhausen,2023-01-01 10:00:00,42,val,0.293,0.2913916
Selhausen,2023-01-01 11:00:00,42,val,0.299,0.29146472
Selhausen,2023-01-01 12:00:00,42,val,0.297,0.29248157
Selhausen,2023-01-01 13:00:00,42,val,0.295,0.2938949
Selhausen,2023-01-01 14:00:00,42,val,0.297,0.29381895
Selhausen,2023-01-01 15:00:00,42,val,0.296,0.29448873
Selhausen,2023-01-01 16:00:00,42,val,0.292,0.29417604
Selhausen,2023-01-01 17:00:00,42,val,0.293,0.29405335
Selhausen,2023-01-01 18:00:00,42,val,0.29,0.29397482
Selhausen,2023-01-01 19:00:00,42,val,0.294,0.2986777
Selhausen,2023-01-01 20:00:00,42,val,0.2654999999999999,0.30472517
Selhausen,2023-01-01 21:00:00,42,val,0.286,0.30606663
Selhausen,2023-01-01 22:00:00,42,val,0.286,0.30991858
Selhausen,2023-01-13 08:00:00,42,val,0.332,0.32778552
Selhausen,2023-01-13 09:00:00,42,val,0.337,0.3265451
Selhausen,2023-01-13 10:00:00,42,val,0.335,0.32551175
Selhausen,2023-01-13 11:00:00,42,val,0.333,0.32458344
Selhausen,2023-01-13 12:00:00,42,val,0.338,0.32359305
Selhausen,2023-01-13 13:00:00,42,val,0.33,0.32262468
Selhausen,2023-01-13 14:00:00,42,val,0.33,0.3234091
Selhausen,2023-01-13 15:00:00,42,val,0.332,0.32306346
Selhausen,2023-01-13 16:00:00,42,val,0.329,0.32302022
Selhausen,2023-01-13 17:00:00,42,val,0.328,0.32208905
Selhausen,2023-01-13 18:00:00,42,val,0.325,0.32168448
Selhausen,2023-01-13 19:00:00,42,val,0.323,0.3206751
Selhausen,2023-01-13 20:00:00,42,val,0.321,0.31961036
Selhausen,2023-01-13 21:00:00,42,val,0.317,0.31818205
Selhausen,2023-01-13 22:00:00,42,val,0.319,0.31659824
Selhausen,2023-01-13 23:00:00,42,val,0.32,0.31499267
Selhausen,2023-01-14 00:00:00,42,val,0.318,0.31341887
Selhausen,2023-01-14 01:00:00,42,val,0.318,0.3120975
Selhausen,2023-01-14 02:00:00,42,val,0.318,0.31117415
Selhausen,2023-01-14 03:00:00,42,val,0.316,0.3104416
Selhausen,2023-01-14 04:00:00,42,val,0.316,0.3099115
Selhausen,2023-01-14 05:00:00,42,val,0.314,0.30941486
Selhausen,2023-01-14 06:00:00,42,val,0.316,0.30889514
Selhausen,2023-01-14 07:00:00,42,val,0.315,0.30816647
Selhausen,2023-01-14 08:00:00,42,val,0.314,0.30726406
Selhausen,2023-01-14 09:00:00,42,val,0.312,0.3065226
Selhausen,2023-01-14 10:00:00,42,val,0.312,0.30556822
Selhausen,2023-01-14 11:00:00,42,val,0.314,0.30602312
Selhausen,2023-01-14 12:00:00,42,val,0.314,0.3091871
Selhausen,2023-01-14 13:00:00,42,val,0.314,0.31070495
Selhausen,2023-01-14 14:00:00,42,val,0.314,0.31336457
Selhausen,2023-01-14 15:00:00,42,val,0.312,0.31421077
Selhausen,2023-01-14 16:00:00,42,val,0.313,0.31395912
Selhausen,2023-01-14 17:00:00,42,val,0.314,0.31388146
Selhausen,2023-01-14 18:00:00,42,val,0.313,0.31315622
Selhausen,2023-01-14 19:00:00,42,val,0.312,0.31271097
Selhausen,2023-01-14 20:00:00,42,val,0.33,0.31335127
Selhausen,2023-01-14 21:00:00,42,val,0.3045,0.31881532
Selhausen,2023-01-14 22:00:00,42,val,0.3105,0.3241914
Selhausen,2023-01-14 23:00:00,42,val,0.308,0.3298594
Selhausen,2023-01-15 00:00:00,42,val,0.332,0.33387217
Selhausen,2023-01-15 01:00:00,42,val,0.306,0.33617488
Selhausen,2023-01-15 02:00:00,42,val,0.328,0.33701128
Selhausen,2023-01-15 03:00:00,42,val,0.33,0.33692968
Selhausen,2023-01-15 04:00:00,42,val,0.326,0.336273
Selhausen,2023-01-15 05:00:00,42,val,0.327,0.3355591
Selhausen,2023-01-15 06:00:00,42,val,0.328,0.33454666
Selhausen,2023-01-15 07:00:00,42,val,0.325,0.33327597
Selhausen,2023-01-15 08:00:00,42,val,0.325,0.33304912
Selhausen,2023-01-15 09:00:00,42,val,0.322,0.3338446
Selhausen,2023-01-15 10:00:00,42,val,0.325,0.33343667
Selhausen,2023-01-15 11:00:00,42,val,0.325,0.33248013
Selhausen,2023-01-15 12:00:00,42,val,0.325,0.33165604
Selhausen,2023-01-15 13:00:00,42,val,0.323,0.33053452
Selhausen,2023-01-15 14:00:00,42,val,0.323,0.32943907
Selhausen,2023-01-15 15:00:00,42,val,0.323,0.32846624
Selhausen,2023-01-15 16:00:00,42,val,0.321,0.32746145
Selhausen,2023-01-15 17:00:00,42,val,0.319,0.3265554
Selhausen,2023-04-17 14:00:00,42,val,0.245,0.24656375
Selhausen,2023-04-17 15:00:00,42,val,0.239,0.24620733
Selhausen,2023-04-17 16:00:00,42,val,0.24,0.24560052
Selhausen,2023-04-17 17:00:00,42,val,0.239,0.24457371
Selhausen,2023-04-17 18:00:00,42,val,0.234,0.24367754
Selhausen,2023-04-17 19:00:00,42,val,0.234,0.24374913
Selhausen,2023-04-17 20:00:00,42,val,0.231,0.24427223
Selhausen,2023-04-17 21:00:00,42,val,0.234,0.24441653
Selhausen,2023-04-17 22:00:00,42,val,0.234,0.24411392
Selhausen,2023-04-17 23:00:00,42,val,0.231,0.24345739
Selhausen,2023-04-18 00:00:00,42,val,0.231,0.24270973
Selhausen,2023-04-18 01:00:00,42,val,0.229,0.24172209
Selhausen,2023-04-18 02:00:00,42,val,0.227,0.24099721
Selhausen,2023-04-18 03:00:00,42,val,0.23,0.24042523
Selhausen,2023-04-18 04:00:00,42,val,0.228,0.23978399
Selhausen,2023-04-18 05:00:00,42,val,0.226,0.23957807
Selhausen,2023-04-18 06:00:00,42,val,0.229,0.23966132
Selhausen,2023-04-18 07:00:00,42,val,0.227,0.23997296
Selhausen,2023-04-18 08:00:00,42,val,0.226,0.2413018
Selhausen,2023-04-18 09:00:00,42,val,0.23,0.24235457
Selhausen,2023-04-18 10:00:00,42,val,0.229,0.24325715
Selhausen,2023-04-18 11:00:00,42,val,0.232,0.244059
Selhausen,2023-04-18 12:00:00,42,val,0.233,0.24458635
Selhausen,2023-04-18 13:00:00,42,val,0.236,0.24490614
Selhausen,2023-04-18 14:00:00,42,val,0.232,0.24460754
Selhausen,2023-04-18 15:00:00,42,val,0.237,0.2438193
Selhausen,2023-04-18 16:00:00,42,val,0.235,0.24264815
Selhausen,2023-04-18 17:00:00,42,val,0.233,0.24136789
Selhausen,2023-04-18 18:00:00,42,val,0.246,0.24002828
Selhausen,2023-04-18 19:00:00,42,val,0.235,0.23866811
Selhausen,2023-04-18 20:00:00,42,val,0.234,0.23747347
Selhausen,2023-04-18 21:00:00,42,val,0.235,0.23641697
Selhausen,2023-04-18 22:00:00,42,val,0.236,0.23531987
Selhausen,2023-04-18 23:00:00,42,val,0.259,0.23432712
Selhausen,2023-04-19 00:00:00,42,val,0.26,0.23341951
Selhausen,2023-04-19 01:00:00,42,val,0.261,0.23276258
Selhausen,2023-05-25 17:00:00,42,val,0.203,0.20955373
Selhausen,2023-05-25 18:00:00,42,val,0.203,0.20860897
Selhausen,2023-05-25 19:00:00,42,val,0.2,0.2077883
Selhausen,2023-05-25 20:00:00,42,val,0.204,0.20694792
Selhausen,2023-05-25 21:00:00,42,val,0.2,0.20614229
Selhausen,2023-05-25 22:00:00,42,val,0.199,0.20506409
Selhausen,2023-05-25 23:00:00,42,val,0.2,0.20422281
Selhausen,2023-05-26 00:00:00,42,val,0.2,0.20354286
Selhausen,2023-05-26 01:00:00,42,val,0.199,0.2030227
Selhausen,2023-05-26 02:00:00,42,val,0.2,0.20271282
Selhausen,2023-05-26 03:00:00,42,val,0.198,0.20244284
Selhausen,2023-05-26 04:00:00,42,val,0.196,0.2024733
Selhausen,2023-05-26 05:00:00,42,val,0.196,0.20269416
Selhausen,2023-05-26 06:00:00,42,val,0.195,0.20318641
Selhausen,2023-05-26 07:00:00,42,val,0.197,0.20397039
Selhausen,2023-05-26 08:00:00,42,val,0.197,0.20476744
Selhausen,2023-05-26 09:00:00,42,val,0.2,0.20566668
Selhausen,2023-05-26 10:00:00,42,val,0.191,0.20666286
Selhausen,2023-05-26 11:00:00,42,val,0.196,0.20725204
Selhausen,2023-05-26 12:00:00,42,val,0.199,0.20732175
Selhausen,2023-05-26 13:00:00,42,val,0.199,0.20737965
Selhausen,2023-05-26 14:00:00,42,val,0.194,0.20709015
Selhausen,2023-05-26 15:00:00,42,val,0.201,0.20654494
Selhausen,2023-05-26 16:00:00,42,val,0.197,0.20554411
Selhausen,2023-05-26 17:00:00,42,val,0.197,0.2046762
Selhausen,2023-05-26 18:00:00,42,val,0.2,0.20349854
Selhausen,2023-05-26 19:00:00,42,val,0.196,0.20244686
Selhausen,2023-05-26 20:00:00,42,val,0.192,0.20149636
Selhausen,2023-05-26 21:00:00,42,val,0.196,0.20050888
Selhausen,2023-05-26 22:00:00,42,val,0.194,0.19953804
Selhausen,2023-05-26 23:00:00,42,val,0.192,0.1987423
Selhausen,2023-05-27 00:00:00,42,val,0.192,0.19797194
Selhausen,2023-05-27 01:00:00,42,val,0.192,0.19732168
Selhausen,2023-05-27 02:00:00,42,val,0.193,0.19690585
Selhausen,2023-05-27 03:00:00,42,val,0.19,0.1967891
Selhausen,2023-05-27 04:00:00,42,val,0.189,0.19675925
Selhausen,2023-05-27 05:00:00,42,val,0.19,0.19693919
Selhausen,2023-05-27 06:00:00,42,val,0.187,0.19713771
Selhausen,2023-05-27 07:00:00,42,val,0.191,0.19771734
Selhausen,2023-06-24 07:00:00,42,val,0.195,0.21537302
Selhausen,2023-06-24 08:00:00,42,val,0.196,0.21524446
Selhausen,2023-06-24 09:00:00,42,val,0.192,0.21500434
Selhausen,2023-06-24 10:00:00,42,val,0.195,0.21492848
Selhausen,2023-06-24 11:00:00,42,val,0.202,0.21429989
Selhausen,2023-06-24 12:00:00,42,val,0.196,0.21357104
Selhausen,2023-06-24 13:00:00,42,val,0.198,0.21303232
Selhausen,2023-06-24 14:00:00,42,val,0.194,0.21215995
Selhausen,2023-06-24 15:00:00,42,val,0.197,0.21101871
Selhausen,2023-06-24 16:00:00,42,val,0.193,0.2093063
Selhausen,2023-06-24 17:00:00,42,val,0.193,0.20741537
Selhausen,2023-06-24 18:00:00,42,val,0.191,0.2056792
Selhausen,2023-06-24 19:00:00,42,val,0.192,0.20402844
Selhausen,2023-06-24 20:00:00,42,val,0.188,0.20256089
Selhausen,2023-06-24 21:00:00,42,val,0.188,0.20147122
Selhausen,2023-06-24 22:00:00,42,val,0.184,0.20039889
Selhausen,2023-06-24 23:00:00,42,val,0.186,0.19960149
Selhausen,2023-06-25 00:00:00,42,val,0.185,0.19873248
Selhausen,2023-06-25 01:00:00,42,val,0.184,0.198038
Selhausen,2023-06-25 02:00:00,42,val,0.183,0.19693036
Selhausen,2023-06-25 03:00:00,42,val,0.182,0.19603698
Selhausen,2023-06-25 04:00:00,42,val,0.181,0.19542775
Selhausen,2023-06-25 05:00:00,42,val,0.183,0.19529322
Selhausen,2023-06-25 06:00:00,42,val,0.181,0.19557442
Selhausen,2023-06-25 07:00:00,42,val,0.184,0.19588673
Selhausen,2023-06-25 08:00:00,42,val,0.183,0.19611396
Selhausen,2023-06-25 09:00:00,42,val,0.184,0.19623849
Selhausen,2023-06-25 10:00:00,42,val,0.183,0.19639514
Selhausen,2023-06-25 11:00:00,42,val,0.185,0.1960334
Selhausen,2023-06-25 12:00:00,42,val,0.184,0.19554117
Selhausen,2023-06-25 13:00:00,42,val,0.183,0.19522542
Selhausen,2023-06-25 14:00:00,42,val,0.182,0.19477962
Selhausen,2023-06-25 15:00:00,42,val,0.182,0.1940998
Selhausen,2023-06-25 16:00:00,42,val,0.185,0.19302228
Selhausen,2023-06-25 17:00:00,42,val,0.186,0.19184566
Selhausen,2023-06-25 18:00:00,42,val,0.186,0.19044627
Selhausen,2023-06-25 19:00:00,42,val,0.183,0.1890212
Selhausen,2023-06-25 20:00:00,42,val,0.181,0.18779749
Selhausen,2023-06-25 21:00:00,42,val,0.179,0.18687437
Selhausen,2023-06-25 22:00:00,42,val,0.177,0.18616341
Selhausen,2023-06-25 23:00:00,42,val,0.18,0.18540287
Selhausen,2023-06-26 00:00:00,42,val,0.177,0.18457265
Selhausen,2023-06-26 01:00:00,42,val,0.175,0.18376641
Selhausen,2023-06-26 02:00:00,42,val,0.179,0.18299426
Selhausen,2023-06-26 03:00:00,42,val,0.178,0.18241566
Selhausen,2023-06-26 04:00:00,42,val,0.178,0.18215995
Selhausen,2023-06-26 05:00:00,42,val,0.176,0.18225287
Selhausen,2023-06-26 06:00:00,42,val,0.174,0.18259636
Selhausen,2023-06-26 07:00:00,42,val,0.178,0.1828713
Selhausen,2023-06-26 08:00:00,42,val,0.179,0.1832911
Selhausen,2023-06-26 09:00:00,42,val,0.179,0.18368135
Selhausen,2023-06-26 10:00:00,42,val,0.175,0.18400066
Selhausen,2023-06-26 11:00:00,42,val,0.178,0.18465027
Selhausen,2023-06-26 12:00:00,42,val,0.18,0.18524793
Selhausen,2023-06-26 13:00:00,42,val,0.179,0.18607056
Selhausen,2023-06-26 14:00:00,42,val,0.18,0.1865314
Selhausen,2023-06-26 15:00:00,42,val,0.182,0.18692459
Selhausen,2023-06-26 16:00:00,42,val,0.179,0.18701299
Selhausen,2023-06-26 17:00:00,42,val,0.179,0.1867918
Selhausen,2023-06-26 18:00:00,42,val,0.182,0.18615396
Selhausen,2023-06-26 19:00:00,42,val,0.182,0.18535303
Selhausen,2023-06-26 20:00:00,42,val,0.179,0.18432695
Selhausen,2023-06-26 21:00:00,42,val,0.18,0.18313871
Selhausen,2023-06-26 22:00:00,42,val,0.178,0.18170673
Selhausen,2023-06-26 23:00:00,42,val,0.176,0.1802485
Selhausen,2023-06-27 00:00:00,42,val,0.179,0.17877005
Selhausen,2023-06-27 01:00:00,42,val,0.179,0.17729679
Selhausen,2023-06-27 02:00:00,42,val,0.177,0.17586371
Selhausen,2023-06-27 03:00:00,42,val,0.178,0.17457265
Selhausen,2023-06-27 04:00:00,42,val,0.176,0.17356446
Selhausen,2023-06-27 05:00:00,42,val,0.178,0.17320098
Selhausen,2023-06-27 06:00:00,42,val,0.176,0.17318654
Selhausen,2023-06-27 07:00:00,42,val,0.178,0.17354268
Selhausen,2023-06-27 08:00:00,42,val,0.177,0.17420809
Selhausen,2023-06-27 09:00:00,42,val,0.18,0.17511123
Selhausen,2023-06-27 10:00:00,42,val,0.18,0.1760574
Selhausen,2023-06-27 11:00:00,42,val,0.1875,0.17706886
Selhausen,2023-06-27 12:00:00,42,val,0.182,0.17800231
Selhausen,2023-06-27 13:00:00,42,val,0.179,0.1787578
Selhausen,2023-06-27 14:00:00,42,val,0.179,0.17920631
Selhausen,2023-06-27 15:00:00,42,val,0.178,0.17936389
Selhausen,2023-06-27 16:00:00,42,val,0.177,0.1794077
Selhausen,2023-06-27 17:00:00,42,val,0.177,0.17930378
Selhausen,2023-06-27 18:00:00,42,val,0.179,0.1790299
Selhausen,2023-06-27 19:00:00,42,val,0.177,0.17844369
Selhausen,2023-06-27 20:00:00,42,val,0.175,0.17755528
Selhausen,2023-06-27 21:00:00,42,val,0.176,0.1763474
Selhausen,2023-06-27 22:00:00,42,val,0.175,0.17487085
Selhausen,2023-06-27 23:00:00,42,val,0.178,0.17599754
Selhausen,2023-06-28 00:00:00,42,val,0.174,0.17809613
Selhausen,2023-06-28 01:00:00,42,val,0.182,0.1777009
Selhausen,2023-06-28 02:00:00,42,val,0.183,0.17645723
Selhausen,2023-06-28 03:00:00,42,val,0.183,0.17502218
Selhausen,2023-06-28 04:00:00,42,val,0.185,0.17372394
Selhausen,2023-06-28 05:00:00,42,val,0.185,0.17538589
Selhausen,2023-06-28 06:00:00,42,val,0.185,0.17548284
Selhausen,2023-06-28 07:00:00,42,val,0.186,0.17546612
Selhausen,2023-06-28 08:00:00,42,val,0.187,0.1754657
Selhausen,2023-06-28 09:00:00,42,val,0.191,0.1754674
Selhausen,2023-06-28 10:00:00,42,val,0.191,0.17547327
Selhausen,2023-06-28 11:00:00,42,val,0.192,0.17565139
Selhausen,2023-06-28 12:00:00,42,val,0.195,0.17602909
Selhausen,2023-06-28 13:00:00,42,val,0.195,0.17635992
Selhausen,2023-06-28 14:00:00,42,val,0.196,0.1765952
Selhausen,2023-06-28 15:00:00,42,val,0.196,0.17687084
Selhausen,2023-06-28 16:00:00,42,val,0.193,0.17674449
Selhausen,2023-06-28 17:00:00,42,val,0.194,0.17697763
Selhausen,2023-06-28 18:00:00,42,val,0.193,0.17668262
Selhausen,2023-06-28 19:00:00,42,val,0.195,0.17596325
Selhausen,2023-06-28 20:00:00,42,val,0.191,0.17486894
Selhausen,2023-06-28 21:00:00,42,val,0.192,0.17372149
Selhausen,2023-06-28 22:00:00,42,val,0.19,0.17239851
Selhausen,2023-06-28 23:00:00,42,val,0.19,0.17097531
Selhausen,2023-06-29 00:00:00,42,val,0.188,0.16981567
Selhausen,2023-06-29 01:00:00,42,val,0.187,0.16891134
Selhausen,2023-06-29 02:00:00,42,val,0.186,0.16818559
Selhausen,2023-06-29 03:00:00,42,val,0.185,0.16784312
Selhausen,2023-06-29 04:00:00,42,val,0.1935,0.16762109
Selhausen,2023-06-29 05:00:00,42,val,0.185,0.16780551
Selhausen,2023-06-29 06:00:00,42,val,0.188,0.16820969
Selhausen,2023-06-29 07:00:00,42,val,0.19,0.16894141
Selhausen,2023-06-29 08:00:00,42,val,0.19,0.16962844
Selhausen,2023-06-29 09:00:00,42,val,0.19,0.17037961
Selhausen,2023-06-29 10:00:00,42,val,0.187,0.1712142
Selhausen,2023-06-29 11:00:00,42,val,0.189,0.1724317
Selhausen,2023-06-29 12:00:00,42,val,0.188,0.17343415
Selhausen,2023-06-29 13:00:00,42,val,0.193,0.17422983
Selhausen,2023-06-29 14:00:00,42,val,0.194,0.17472868
Selhausen,2023-06-29 15:00:00,42,val,0.191,0.17502385
Selhausen,2023-06-29 16:00:00,42,val,0.194,0.17494594
Selhausen,2023-06-29 17:00:00,42,val,0.19,0.17447615
Selhausen,2023-06-29 18:00:00,42,val,0.195,0.17396069
Selhausen,2023-06-29 19:00:00,42,val,0.191,0.1731916
Selhausen,2023-06-29 20:00:00,42,val,0.191,0.17212307
Selhausen,2023-06-29 21:00:00,42,val,0.19,0.17097306
Selhausen,2023-06-29 22:00:00,42,val,0.189,0.16977915
Selhausen,2023-06-29 23:00:00,42,val,0.188,0.1809727
Selhausen,2023-06-30 00:00:00,42,val,0.19,0.19182038
Selhausen,2023-06-30 01:00:00,42,val,0.186,0.19655947
Selhausen,2023-06-30 02:00:00,42,val,0.19,0.19684061
Selhausen,2023-06-30 03:00:00,42,val,0.19,0.19458936
Selhausen,2023-06-30 04:00:00,42,val,0.185,0.19191927
Selhausen,2023-06-30 05:00:00,42,val,0.186,0.18953343
Selhausen,2023-06-30 06:00:00,42,val,0.186,0.18763378
Selhausen,2023-06-30 07:00:00,42,val,0.184,0.18633257
Selhausen,2023-06-30 08:00:00,42,val,0.184,0.18563494
Selhausen,2023-06-30 09:00:00,42,val,0.19,0.18551327
Selhausen,2023-06-30 10:00:00,42,val,0.192,0.18576384
Selhausen,2023-06-30 11:00:00,42,val,0.189,0.18617934
Selhausen,2023-06-30 12:00:00,42,val,0.189,0.18691194
Selhausen,2023-06-30 13:00:00,42,val,0.191,0.18769424
Selhausen,2023-06-30 14:00:00,42,val,0.191,0.18860236
Selhausen,2023-06-30 15:00:00,42,val,0.191,0.18928045
Selhausen,2023-06-30 16:00:00,42,val,0.195,0.1895696
Selhausen,2023-06-30 17:00:00,42,val,0.193,0.1893707
Selhausen,2023-06-30 18:00:00,42,val,0.189,0.18885356
Selhausen,2023-06-30 19:00:00,42,val,0.188,0.18822731
Selhausen,2023-06-30 20:00:00,42,val,0.19,0.18727945
Selhausen,2023-06-30 21:00:00,42,val,0.186,0.18620536
Selhausen,2023-06-30 22:00:00,42,val,0.184,0.18485464
Selhausen,2023-06-30 23:00:00,42,val,0.186,0.18347827
Selhausen,2023-07-01 00:00:00,42,val,0.182,0.18198583
Selhausen,2023-07-01 01:00:00,42,val,0.179,0.18060797
Selhausen,2023-07-01 02:00:00,42,val,0.181,0.17929181
Selhausen,2023-07-01 03:00:00,42,val,0.181,0.17803212
Selhausen,2023-07-01 04:00:00,42,val,0.179,0.17764235
Selhausen,2023-07-01 05:00:00,42,val,0.182,0.17736776
Selhausen,2023-07-01 06:00:00,42,val,0.181,0.17739733
Selhausen,2023-07-12 09:00:00,42,val,0.156,0.15442713
Selhausen,2023-07-12 10:00:00,42,val,0.155,0.15568803
Selhausen,2023-07-12 11:00:00,42,val,0.156,0.15717635
Selhausen,2023-07-12 12:00:00,42,val,0.16,0.15884921
Selhausen,2023-07-12 13:00:00,42,val,0.16,0.16049443
Selhausen,2023-07-12 14:00:00,42,val,0.161,0.16222663
Selhausen,2023-07-12 15:00:00,42,val,0.163,0.1638324
Selhausen,2023-07-12 16:00:00,42,val,0.162,0.16452366
Selhausen,2023-07-12 17:00:00,42,val,0.16,0.16475725
Selhausen,2023-07-12 18:00:00,42,val,0.16,0.16422503
Selhausen,2023-07-12 19:00:00,42,val,0.159,0.16296655
Selhausen,2023-07-12 20:00:00,42,val,0.158,0.1615351
Selhausen,2023-07-12 21:00:00,42,val,0.158,0.15963702
Selhausen,2023-07-12 22:00:00,42,val,0.154,0.15798639
Selhausen,2023-07-12 23:00:00,42,val,0.155,0.1562771
Selhausen,2023-07-13 00:00:00,42,val,0.152,0.15456516
Selhausen,2023-07-13 01:00:00,42,val,0.152,0.15277809
Selhausen,2023-07-13 02:00:00,42,val,0.155,0.15099691
Selhausen,2023-07-13 03:00:00,42,val,0.154,0.14954059
Selhausen,2023-07-13 04:00:00,42,val,0.15,0.14866719
Selhausen,2023-07-13 05:00:00,42,val,0.151,0.14812979
Selhausen,2023-07-13 06:00:00,42,val,0.15,0.14801568
Selhausen,2023-07-13 07:00:00,42,val,0.152,0.14828327
Selhausen,2023-07-13 08:00:00,42,val,0.152,0.1489001
Selhausen,2023-07-13 09:00:00,42,val,0.156,0.15007417
Selhausen,2023-07-13 10:00:00,42,val,0.152,0.15116952
Selhausen,2023-07-13 11:00:00,42,val,0.151,0.15252078
Selhausen,2023-07-13 12:00:00,42,val,0.152,0.15433607
Selhausen,2023-07-13 13:00:00,42,val,0.148,0.15607364
Selhausen,2023-07-13 14:00:00,42,val,0.156,0.15776177
Selhausen,2023-07-13 15:00:00,42,val,0.157,0.15934685
Selhausen,2023-07-13 16:00:00,42,val,0.155,0.1606859
Selhausen,2023-07-13 17:00:00,42,val,0.156,0.16157183
Selhausen,2023-07-13 18:00:00,42,val,0.15,0.16169237
Selhausen,2023-07-13 19:00:00,42,val,0.154,0.16093698
Selhausen,2023-07-13 20:00:00,42,val,0.152,0.15978263
Selhausen,2023-07-13 21:00:00,42,val,0.153,0.15840133
Selhausen,2023-07-13 22:00:00,42,val,0.15,0.15682219
Selhausen,2023-07-13 23:00:00,42,val,0.15,0.15512758
Selhausen,2023-07-14 00:00:00,42,val,0.15,0.15329769
Selhausen,2023-07-14 01:00:00,42,val,0.147,0.15153694
Selhausen,2023-07-14 02:00:00,42,val,0.148,0.15005973
Selhausen,2023-07-14 03:00:00,42,val,0.147,0.14879951
Selhausen,2023-07-14 04:00:00,42,val,0.147,0.14766394
Selhausen,2023-07-14 05:00:00,42,val,0.149,0.14686956
Selhausen,2023-07-14 06:00:00,42,val,0.148,0.14660282
Selhausen,2023-07-14 07:00:00,42,val,0.145,0.14680783
Selhausen,2023-07-14 08:00:00,42,val,0.148,0.14722987
Selhausen,2023-07-14 09:00:00,42,val,0.146,0.1480736
Selhausen,2023-07-14 10:00:00,42,val,0.15,0.14903417
Selhausen,2023-07-14 11:00:00,42,val,0.147,0.15009674
Selhausen,2023-07-14 12:00:00,42,val,0.1619999999999999,0.15131672
Selhausen,2023-07-14 13:00:00,42,val,0.1495,0.15251142
Selhausen,2023-07-14 14:00:00,42,val,0.154,0.15366934
Selhausen,2023-07-14 15:00:00,42,val,0.156,0.15483783
Selhausen,2023-07-14 16:00:00,42,val,0.1664999999999999,0.15552777
Selhausen,2023-07-14 17:00:00,42,val,0.156,0.1554437
Selhausen,2023-07-14 18:00:00,42,val,0.153,0.15484287
Selhausen,2023-07-14 19:00:00,42,val,0.151,0.15379818
Selhausen,2023-07-14 20:00:00,42,val,0.152,0.15266815
Selhausen,2023-07-14 21:00:00,42,val,0.15,0.15147763
Selhausen,2023-07-14 22:00:00,42,val,0.148,0.15013278
Selhausen,2023-07-14 23:00:00,42,val,0.147,0.14891107
Selhausen,2023-07-15 00:00:00,42,val,0.148,0.14756358
Selhausen,2023-07-15 01:00:00,42,val,0.149,0.14640075
Selhausen,2023-07-15 02:00:00,42,val,0.145,0.14570688
Selhausen,2023-07-15 03:00:00,42,val,0.146,0.14525652
Selhausen,2023-07-15 04:00:00,42,val,0.146,0.14491749
Selhausen,2023-07-15 05:00:00,42,val,0.145,0.14497745
Selhausen,2023-07-15 06:00:00,42,val,0.145,0.14535657
Selhausen,2023-07-15 07:00:00,42,val,0.144,0.14588544
Selhausen,2023-07-15 08:00:00,42,val,0.15,0.14656451
Selhausen,2023-07-15 09:00:00,42,val,0.147,0.15271175
Selhausen,2023-07-15 10:00:00,42,val,0.151,0.15875861
Selhausen,2023-07-15 11:00:00,42,val,0.152,0.16164818
Selhausen,2023-07-15 12:00:00,42,val,0.154,0.16245195
Selhausen,2023-07-15 13:00:00,42,val,0.156,0.16162555
Selhausen,2023-07-15 14:00:00,42,val,0.155,0.1606309
Selhausen,2023-07-15 15:00:00,42,val,0.156,0.15951177
Selhausen,2023-07-15 16:00:00,42,val,0.161,0.15895988
Selhausen,2023-07-15 17:00:00,42,val,0.155,0.15827271
Selhausen,2023-07-15 18:00:00,42,val,0.156,0.15767296
Selhausen,2023-07-15 19:00:00,42,val,0.151,0.16619906
Selhausen,2023-07-15 20:00:00,42,val,0.151,0.16803098
Selhausen,2023-07-15 21:00:00,42,val,0.149,0.16675343
Selhausen,2023-07-15 22:00:00,42,val,0.15,0.16345812
Selhausen,2023-07-15 23:00:00,42,val,0.151,0.15975231
Selhausen,2023-07-16 00:00:00,42,val,0.147,0.15612803
Selhausen,2023-07-16 01:00:00,42,val,0.146,0.15265843
Selhausen,2023-07-16 02:00:00,42,val,0.147,0.14965397
Selhausen,2023-07-16 03:00:00,42,val,0.142,0.14722449
Selhausen,2023-07-16 04:00:00,42,val,0.145,0.14550996
Selhausen,2023-07-16 05:00:00,42,val,0.143,0.14432214
Selhausen,2023-07-16 06:00:00,42,val,0.145,0.14360324
Selhausen,2023-07-16 07:00:00,42,val,0.144,0.14337751
Selhausen,2023-07-16 08:00:00,42,val,0.146,0.14378373
Selhausen,2023-07-16 09:00:00,42,val,0.146,0.14427637
Selhausen,2023-07-16 10:00:00,42,val,0.149,0.14532718
Selhausen,2023-07-16 11:00:00,42,val,0.149,0.14638206
Selhausen,2023-07-16 12:00:00,42,val,0.153,0.14841118
Selhausen,2023-07-16 13:00:00,42,val,0.154,0.14976425
Selhausen,2023-07-16 14:00:00,42,val,0.156,0.15105973
Selhausen,2023-07-16 15:00:00,42,val,0.158,0.15234016
Selhausen,2023-07-16 16:00:00,42,val,0.159,0.15392247
Selhausen,2023-07-16 17:00:00,42,val,0.158,0.15476692
Selhausen,2023-07-16 18:00:00,42,val,0.155,0.15469515
Selhausen,2023-07-16 19:00:00,42,val,0.155,0.15354376
Selhausen,2023-07-16 20:00:00,42,val,0.151,0.15201855
Selhausen,2023-07-16 21:00:00,42,val,0.15,0.1502589
Selhausen,2023-07-16 22:00:00,42,val,0.15,0.14831202
Selhausen,2023-07-16 23:00:00,42,val,0.147,0.14624208
Selhausen,2023-07-17 00:00:00,42,val,0.147,0.14434822
Selhausen,2023-07-17 01:00:00,42,val,0.146,0.14291197
Selhausen,2023-07-17 02:00:00,42,val,0.148,0.14170153
Selhausen,2023-07-17 03:00:00,42,val,0.147,0.14080474
Selhausen,2023-07-17 04:00:00,42,val,0.143,0.14018613
Selhausen,2023-07-17 05:00:00,42,val,0.143,0.1397867
Selhausen,2023-07-17 06:00:00,42,val,0.143,0.1397894
Selhausen,2023-07-17 07:00:00,42,val,0.146,0.14014894
Selhausen,2023-07-17 08:00:00,42,val,0.145,0.14109525
Selhausen,2023-07-17 09:00:00,42,val,0.143,0.14221036
Selhausen,2023-07-17 10:00:00,42,val,0.147,0.1438068
Selhausen,2023-07-17 11:00:00,42,val,0.146,0.14544258
Selhausen,2023-07-17 12:00:00,42,val,0.153,0.14719616
Selhausen,2023-07-17 13:00:00,42,val,0.149,0.14917396
Selhausen,2023-07-17 14:00:00,42,val,0.155,0.15095259
Selhausen,2023-07-17 15:00:00,42,val,0.158,0.15251222
Selhausen,2023-07-17 16:00:00,42,val,0.154,0.15378848
Selhausen,2023-07-17 17:00:00,42,val,0.155,0.15701932
Selhausen,2023-07-17 18:00:00,42,val,0.15,0.1585165
Selhausen,2023-07-17 19:00:00,42,val,0.152,0.158109
Selhausen,2023-07-17 20:00:00,42,val,0.151,0.15694565
Selhausen,2023-07-17 21:00:00,42,val,0.15,0.15517494
Selhausen,2023-07-17 22:00:00,42,val,0.148,0.15334612
Selhausen,2023-07-17 23:00:00,42,val,0.145,0.1515658
Selhausen,2023-07-18 00:00:00,42,val,0.147,0.14987057
Selhausen,2023-07-18 01:00:00,42,val,0.144,0.14815128
Selhausen,2023-07-18 02:00:00,42,val,0.146,0.14674766
Selhausen,2023-07-18 03:00:00,42,val,0.142,0.14531997
Selhausen,2023-07-18 04:00:00,42,val,0.146,0.14433047
Selhausen,2023-07-18 05:00:00,42,val,0.143,0.14346558
Selhausen,2023-07-18 06:00:00,42,val,0.142,0.14292026
Selhausen,2023-07-18 07:00:00,42,val,0.144,0.1426082
Selhausen,2023-07-18 08:00:00,42,val,0.145,0.1427125
Selhausen,2023-07-18 09:00:00,42,val,0.146,0.14616767
Selhausen,2023-07-18 10:00:00,42,val,0.145,0.14812516
Selhausen,2023-07-18 11:00:00,42,val,0.146,0.14925998
Selhausen,2023-07-18 12:00:00,42,val,0.152,0.15010606
Selhausen,2023-07-18 13:00:00,42,val,0.151,0.15083054
Selhausen,2023-07-18 14:00:00,42,val,0.151,0.15149161
Selhausen,2023-07-18 15:00:00,42,val,0.15,0.15204023
Selhausen,2023-07-18 16:00:00,42,val,0.148,0.15255256
Selhausen,2023-07-18 17:00:00,42,val,0.152,0.15264305
Selhausen,2023-07-18 18:00:00,42,val,0.151,0.15215316
Selhausen,2023-07-18 19:00:00,42,val,0.148,0.15143077
Selhausen,2023-07-18 20:00:00,42,val,0.145,0.15027438
Selhausen,2023-07-18 21:00:00,42,val,0.15,0.14885485
Selhausen,2023-07-18 22:00:00,42,val,0.145,0.14741533
Selhausen,2023-07-18 23:00:00,42,val,0.144,0.14585407
Selhausen,2023-07-19 00:00:00,42,val,0.147,0.14435962
Selhausen,2023-07-19 01:00:00,42,val,0.142,0.14294952
Selhausen,2023-07-19 02:00:00,42,val,0.142,0.1419211
Selhausen,2023-07-19 03:00:00,42,val,0.14,0.14119907
Selhausen,2023-07-19 04:00:00,42,val,0.143,0.1404735
Selhausen,2023-07-19 05:00:00,42,val,0.144,0.13986516
Selhausen,2023-07-19 06:00:00,42,val,0.142,0.1396201
Selhausen,2023-07-19 07:00:00,42,val,0.142,0.13981424
Selhausen,2023-07-19 08:00:00,42,val,0.145,0.14029542
Selhausen,2023-07-19 09:00:00,42,val,0.142,0.14085253
Selhausen,2023-07-19 10:00:00,42,val,0.144,0.14172085
Selhausen,2023-07-19 11:00:00,42,val,0.143,0.14281401
Selhausen,2023-07-19 12:00:00,42,val,0.144,0.14423251
Selhausen,2023-07-19 13:00:00,42,val,0.144,0.14548524
Selhausen,2023-07-19 14:00:00,42,val,0.146,0.14698468
Selhausen,2023-07-19 15:00:00,42,val,0.142,0.14898247
Selhausen,2023-07-19 16:00:00,42,val,0.143,0.15050639
Selhausen,2023-07-19 17:00:00,42,val,0.142,0.15134075
Selhausen,2023-07-19 18:00:00,42,val,0.142,0.15124997
Selhausen,2023-07-19 19:00:00,42,val,0.146,0.15052605
Selhausen,2023-07-19 20:00:00,42,val,0.141,0.14938521
Selhausen,2023-07-19 21:00:00,42,val,0.142,0.148022
Selhausen,2023-07-19 22:00:00,42,val,0.139,0.14639983
Selhausen,2023-07-19 23:00:00,42,val,0.139,0.14455387
Selhausen,2023-07-20 00:00:00,42,val,0.138,0.14290394
Selhausen,2023-07-20 01:00:00,42,val,0.139,0.1413128
Selhausen,2023-07-20 02:00:00,42,val,0.14,0.14000016
Selhausen,2023-07-20 03:00:00,42,val,0.14,0.13879384
Selhausen,2023-07-20 04:00:00,42,val,0.136,0.137995
Selhausen,2023-07-20 05:00:00,42,val,0.136,0.13743141
Selhausen,2023-07-20 06:00:00,42,val,0.137,0.13718458
Selhausen,2023-07-20 07:00:00,42,val,0.136,0.1374132
Selhausen,2023-07-20 08:00:00,42,val,0.139,0.13815957
Selhausen,2023-08-01 03:00:00,42,val,0.286,0.26826116
Selhausen,2023-08-01 04:00:00,42,val,0.279,0.2686012
Selhausen,2023-08-01 05:00:00,42,val,0.283,0.26797137
Selhausen,2023-08-01 06:00:00,42,val,0.281,0.26689494
Selhausen,2023-08-01 07:00:00,42,val,0.278,0.2655592
Selhausen,2023-08-01 08:00:00,42,val,0.283,0.26432216
Selhausen,2023-08-01 09:00:00,42,val,0.277,0.26262468
Selhausen,2023-08-01 10:00:00,42,val,0.287,0.26030648
Selhausen,2023-08-01 11:00:00,42,val,0.2775,0.2577053
Selhausen,2023-08-01 12:00:00,42,val,0.277,0.25478655
Selhausen,2023-08-01 13:00:00,42,val,0.277,0.25175872
Selhausen,2023-08-01 14:00:00,42,val,0.275,0.25019073
Selhausen,2023-08-01 15:00:00,42,val,0.276,0.2482263
Selhausen,2023-08-01 16:00:00,42,val,0.267,0.24617097
Selhausen,2023-08-01 17:00:00,42,val,0.285,0.24390396
Selhausen,2023-08-01 18:00:00,42,val,0.284,0.24157622
Selhausen,2023-08-01 19:00:00,42,val,0.283,0.24037611
Selhausen,2023-08-01 20:00:00,42,val,0.281,0.24071178
Selhausen,2023-08-01 21:00:00,42,val,0.28,0.23967302
Selhausen,2023-08-01 22:00:00,42,val,0.281,0.23833501
Selhausen,2023-08-01 23:00:00,42,val,0.276,0.23765297
Selhausen,2023-08-02 00:00:00,42,val,0.275,0.23612106
Selhausen,2023-08-02 01:00:00,42,val,0.276,0.23430747
Selhausen,2023-08-02 02:00:00,42,val,0.275,0.23256049
Selhausen,2023-08-02 03:00:00,42,val,0.277,0.2310556
Selhausen,2023-08-02 04:00:00,42,val,0.272,0.22961396
Selhausen,2023-08-02 05:00:00,42,val,0.274,0.22985962
Selhausen,2023-08-02 06:00:00,42,val,0.268,0.23298751
Selhausen,2023-08-02 07:00:00,42,val,0.267,0.2354362
Selhausen,2023-08-02 08:00:00,42,val,0.269,0.23693876
Selhausen,2023-08-02 09:00:00,42,val,0.266,0.23812187
Gevenich,2025-04-04 12:00:00,42,test,0.1905,0.18742259
Gevenich,2025-04-04 13:00:00,42,test,0.1915,0.18687479
Gevenich,2025-04-04 14:00:00,42,test,0.191,0.18632415
Gevenich,2025-04-04 15:00:00,42,test,0.19,0.18589234
Gevenich,2025-04-04 16:00:00,42,test,0.191,0.18550636
Gevenich,2025-04-04 17:00:00,42,test,0.189,0.18519494
Gevenich,2025-04-04 18:00:00,42,test,0.188,0.184922
Gevenich,2025-04-04 19:00:00,42,test,0.1895,0.18471044
Gevenich,2025-04-04 20:00:00,42,test,0.189,0.1846252
Gevenich,2025-04-04 21:00:00,42,test,0.189,0.18454148
Gevenich,2025-04-04 22:00:00,42,test,0.189,0.18440662
Gevenich,2025-04-04 23:00:00,42,test,0.1895,0.18402338
Gevenich,2025-04-05 00:00:00,42,test,0.187,0.1837967
Gevenich,2025-04-05 01:00:00,42,test,0.188,0.18340462
Gevenich,2025-04-05 02:00:00,42,test,0.188,0.1829358
Gevenich,2025-04-05 03:00:00,42,test,0.1855,0.18231016
Gevenich,2025-04-05 04:00:00,42,test,0.188,0.18188538
Gevenich,2025-05-07 07:00:00,42,test,0.179,0.170687
Gevenich,2025-05-07 08:00:00,42,test,0.1785,0.17096469
Gevenich,2025-05-07 09:00:00,42,test,0.179,0.17129728
Gevenich,2025-05-07 10:00:00,42,test,0.1805,0.17158507
Gevenich,2025-05-07 11:00:00,42,test,0.1815,0.17181817
Gevenich,2025-05-07 12:00:00,42,test,0.181,0.17221545
Gevenich,2025-05-07 13:00:00,42,test,0.1805,0.17277962
Gevenich,2025-05-07 14:00:00,42,test,0.182,0.17316315
Gevenich,2025-06-12 07:00:00,42,test,0.1585,0.17709668
Gevenich,2025-06-12 08:00:00,42,test,0.156,0.17726985
Gevenich,2025-06-12 09:00:00,42,test,0.1575,0.17717962
Gevenich,2025-06-12 10:00:00,42,test,0.157,0.17704307
Gevenich,2025-06-12 11:00:00,42,test,0.1555,0.17684801
Gevenich,2025-06-12 12:00:00,42,test,0.1555,0.17630826
Gevenich,2025-06-12 13:00:00,42,test,0.156,0.17549448
Gevenich,2025-06-12 14:00:00,42,test,0.156,0.17465743
Gevenich,2025-06-12 15:00:00,42,test,0.1545,0.17384708
Gevenich,2025-06-12 16:00:00,42,test,0.1545,0.17290176
Gevenich,2025-06-12 17:00:00,42,test,0.1545,0.1717078
Gevenich,2025-06-12 18:00:00,42,test,0.155,0.17063235
Gevenich,2025-06-12 19:00:00,42,test,0.154,0.16936114
Gevenich,2025-06-12 20:00:00,42,test,0.153,0.16811717
Gevenich,2025-06-12 21:00:00,42,test,0.1525,0.16684122
Gevenich,2025-06-12 22:00:00,42,test,0.153,0.16578604
Gevenich,2025-06-12 23:00:00,42,test,0.151,0.16485614
Gevenich,2025-06-13 00:00:00,42,test,0.153,0.1641551
Gevenich,2025-06-13 01:00:00,42,test,0.1525,0.163593
Gevenich,2025-06-13 02:00:00,42,test,0.151,0.16314177
Gevenich,2025-06-13 03:00:00,42,test,0.1525,0.16278462
Gevenich,2025-06-13 04:00:00,42,test,0.145,0.16264653
Gevenich,2025-06-13 05:00:00,42,test,0.145,0.16282177
Gevenich,2025-06-13 06:00:00,42,test,0.21,0.16342376
Gevenich,2025-06-13 07:00:00,42,test,0.2065,0.16397968
Gevenich,2025-06-13 08:00:00,42,test,0.2055,0.16436322
Gevenich,2025-06-13 09:00:00,42,test,0.203,0.16462213
Gevenich,2025-06-13 10:00:00,42,test,0.1995,0.16477343
Gevenich,2025-06-13 11:00:00,42,test,0.199,0.16482967
Gevenich,2025-06-13 12:00:00,42,test,0.248,0.1647551
Gevenich,2025-06-13 13:00:00,42,test,0.1975,0.16467494
Gevenich,2025-06-13 14:00:00,42,test,0.1935,0.16445033
Gevenich,2025-06-13 15:00:00,42,test,0.238,0.16417935
Gevenich,2025-06-13 16:00:00,42,test,0.1935,0.16376868
Gevenich,2025-06-13 17:00:00,42,test,0.1905,0.16315298
Gevenich,2025-06-13 18:00:00,42,test,0.189,0.1624635
Gevenich,2025-06-13 19:00:00,42,test,0.188,0.1614436
Gevenich,2025-06-13 20:00:00,42,test,0.1885,0.16041042
Gevenich,2025-06-13 21:00:00,42,test,0.1855,0.15938005
Gevenich,2025-06-13 22:00:00,42,test,0.1855,0.15820026
Gevenich,2025-06-13 23:00:00,42,test,0.1855,0.15710348
Gevenich,2025-06-14 00:00:00,42,test,0.186,0.15627864
Gevenich,2025-06-14 01:00:00,42,test,0.1845,0.15556496
Gevenich,2025-06-14 02:00:00,42,test,0.183,0.15505266
Gevenich,2025-06-14 03:00:00,42,test,0.1845,0.15493369
Gevenich,2025-06-14 04:00:00,42,test,0.184,0.15489078
Gevenich,2025-06-14 05:00:00,42,test,0.218,0.15498707
Gevenich,2025-06-14 06:00:00,42,test,0.1825,0.1553506
Gevenich,2025-06-14 07:00:00,42,test,0.183,0.15586263
Gevenich,2025-06-14 08:00:00,42,test,0.1815,0.15626857
Gevenich,2025-06-14 09:00:00,42,test,0.18,0.15661088
Gevenich,2025-06-14 10:00:00,42,test,0.1785,0.15676692
Gevenich,2025-06-14 11:00:00,42,test,0.179,0.15682343
Gevenich,2025-06-14 12:00:00,42,test,0.1805,0.15681165
Gevenich,2025-06-14 13:00:00,42,test,0.178,0.15671465
Gevenich,2025-06-14 14:00:00,42,test,0.205,0.1564335
Gevenich,2025-06-14 15:00:00,42,test,0.1755,0.15597014
Gevenich,2025-06-14 16:00:00,42,test,0.176,0.15550894
Gevenich,2025-06-14 17:00:00,42,test,0.175,0.15489265
Gevenich,2025-06-14 18:00:00,42,test,0.175,0.15424901
Gevenich,2025-06-14 19:00:00,42,test,0.1745,0.15346347
Gevenich,2025-06-14 20:00:00,42,test,0.172,0.15257101
Gevenich,2025-06-14 21:00:00,42,test,0.1725,0.1516171
Gevenich,2025-06-14 22:00:00,42,test,0.1699999999999999,0.15059195
Gevenich,2025-06-14 23:00:00,42,test,0.1694999999999999,0.14953454
Gevenich,2025-06-15 00:00:00,42,test,0.1709999999999999,0.14875384
Gevenich,2025-06-15 01:00:00,42,test,0.1689999999999999,0.14821386
Gevenich,2025-06-15 02:00:00,42,test,0.1694999999999999,0.14791307
Gevenich,2025-06-15 03:00:00,42,test,0.1689999999999999,0.15289657
Gevenich,2025-06-15 04:00:00,42,test,0.1689999999999999,0.17426848
Gevenich,2025-06-15 05:00:00,42,test,0.1689999999999999,0.18091305
Gevenich,2025-06-15 06:00:00,42,test,0.1654999999999999,0.18209198
Gevenich,2025-06-15 07:00:00,42,test,0.1669999999999999,0.18229604
Gevenich,2025-06-15 08:00:00,42,test,0.1684999999999999,0.18279706
Gevenich,2025-06-15 09:00:00,42,test,0.1654999999999999,0.1838885
Gevenich,2025-06-15 10:00:00,42,test,0.1649999999999999,0.18526502
Gevenich,2025-06-15 11:00:00,42,test,0.1664999999999999,0.18684065
Gevenich,2025-06-15 12:00:00,42,test,0.1644999999999999,0.19106309
Gevenich,2025-06-15 13:00:00,42,test,0.1649999999999999,0.1937946
Gevenich,2025-06-15 14:00:00,42,test,0.1639999999999999,0.19510579
Gevenich,2025-06-15 15:00:00,42,test,0.1599999999999999,0.19774257
Gevenich,2025-06-15 16:00:00,42,test,0.1639999999999999,0.19844006
Gevenich,2025-06-15 17:00:00,42,test,0.1604999999999999,0.19749892
Gevenich,2025-06-15 18:00:00,42,test,0.1604999999999999,0.19542772
Gevenich,2025-06-15 19:00:00,42,test,0.159,0.19262522
Gevenich,2025-06-15 20:00:00,42,test,0.1599999999999999,0.18972288
Gevenich,2025-06-15 21:00:00,42,test,0.159,0.18678895
Gevenich,2025-06-15 22:00:00,42,test,0.158,0.18403327
Gevenich,2025-06-15 23:00:00,42,test,0.1565,0.1816805
Gevenich,2025-06-16 00:00:00,42,test,0.156,0.17964144
Gevenich,2025-06-16 01:00:00,42,test,0.1575,0.17780343
Gevenich,2025-06-16 02:00:00,42,test,0.154,0.17639235
Gevenich,2025-06-16 03:00:00,42,test,0.1555,0.17547269
Gevenich,2025-06-16 04:00:00,42,test,0.156,0.17483465
Gevenich,2025-06-16 05:00:00,42,test,0.1565,0.17649719
Gevenich,2025-06-16 06:00:00,42,test,0.155,0.17766076
Gevenich,2025-06-16 07:00:00,42,test,0.1545,0.17835338
Gevenich,2025-06-16 08:00:00,42,test,0.1565,0.17867519
Gevenich,2025-06-16 09:00:00,42,test,0.154,0.17864616
Gevenich,2025-06-16 10:00:00,42,test,0.1535,0.17826512
Gevenich,2025-06-16 11:00:00,42,test,0.154,0.17758374
Gevenich,2025-06-16 12:00:00,42,test,0.154,0.17699584
Gevenich,2025-06-16 13:00:00,42,test,0.154,0.1762932
Gevenich,2025-06-16 14:00:00,42,test,0.154,0.17721237
Gevenich,2025-06-16 15:00:00,42,test,0.154,0.17715268
Gevenich,2025-06-16 16:00:00,42,test,0.153,0.17635933
Gevenich,2025-06-16 17:00:00,42,test,0.152,0.17513928
Gevenich,2025-06-16 18:00:00,42,test,0.1525,0.17364956
Gevenich,2025-06-16 19:00:00,42,test,0.15,0.17203265
Gevenich,2025-06-16 20:00:00,42,test,0.1485,0.17026532
Gevenich,2025-06-16 21:00:00,42,test,0.151,0.1685826
Gevenich,2025-06-16 22:00:00,42,test,0.151,0.16689748
Gevenich,2025-06-16 23:00:00,42,test,0.149,0.16526632
Gevenich,2025-06-17 00:00:00,42,test,0.157,0.16402318
Gevenich,2025-06-17 01:00:00,42,test,0.148,0.16303933
Gevenich,2025-06-17 02:00:00,42,test,0.1485,0.16240412
Gevenich,2025-06-17 03:00:00,42,test,0.15,0.16189417
Gevenich,2025-06-17 04:00:00,42,test,0.1455,0.16169819
Gevenich,2025-06-17 05:00:00,42,test,0.1485,0.16193634
Gevenich,2025-06-17 06:00:00,42,test,0.149,0.16236039
Gevenich,2025-06-17 07:00:00,42,test,0.1475,0.1628515
Gevenich,2025-06-17 08:00:00,42,test,0.1455,0.1633945
Gevenich,2025-06-17 09:00:00,42,test,0.1465,0.1637124
Gevenich,2025-06-17 10:00:00,42,test,0.1465,0.16368924
Gevenich,2025-06-17 11:00:00,42,test,0.1475,0.16362518
Gevenich,2025-06-17 12:00:00,42,test,0.1485,0.16352677
Gevenich,2025-06-17 13:00:00,42,test,0.1485,0.16345562
Gevenich,2025-06-17 14:00:00,42,test,0.148,0.16321868
Gevenich,2025-08-23 18:00:00,42,test,0.1255,0.14573553
Gevenich,2025-08-23 19:00:00,42,test,0.1265,0.14584453
Gevenich,2025-08-23 20:00:00,42,test,0.1275,0.14564103
Gevenich,2025-08-23 21:00:00,42,test,0.1255,0.14504573
Gevenich,2025-08-23 22:00:00,42,test,0.1225,0.14444974
Gevenich,2025-09-24 23:00:00,42,test,0.251,0.24808042
Gevenich,2025-09-25 00:00:00,42,test,0.2525,0.24710804
Gevenich,2025-09-25 01:00:00,42,test,0.2515,0.24609803
Gevenich,2025-09-25 02:00:00,42,test,0.2525,0.24513273
Gevenich,2025-09-25 03:00:00,42,test,0.2535,0.24423164
Gevenich,2025-09-25 04:00:00,42,test,0.2505,0.24356216
Gevenich,2025-09-25 05:00:00,42,test,0.251,0.2506196
Gevenich,2025-09-25 06:00:00,42,test,0.2515,0.2523196
Gevenich,2025-09-25 07:00:00,42,test,0.25,0.25285643
Gevenich,2025-09-25 08:00:00,42,test,0.25,0.25289017
Gevenich,2025-09-25 09:00:00,42,test,0.2505,0.25296307
Gevenich,2025-09-25 10:00:00,42,test,0.25,0.25317442
Gevenich,2025-09-25 11:00:00,42,test,0.2495,0.25355053
Gevenich,2025-09-25 12:00:00,42,test,0.2495,0.2539681
Gevenich,2025-09-25 13:00:00,42,test,0.2495,0.25636005
Gevenich,2025-09-25 14:00:00,42,test,0.249,0.257309
Gevenich,2025-09-25 15:00:00,42,test,0.2465,0.2594731
Merzenhausen,2024-01-03 12:00:00,42,test,0.347,0.34487283
Merzenhausen,2024-01-03 13:00:00,42,test,0.347,0.34494674
Merzenhausen,2024-01-03 14:00:00,42,test,0.345,0.34525186
Merzenhausen,2024-01-03 15:00:00,42,test,0.347,0.3456679
Merzenhausen,2024-01-03 16:00:00,42,test,0.347,0.3461066
Merzenhausen,2024-01-03 17:00:00,42,test,0.347,0.346498
Merzenhausen,2024-01-03 18:00:00,42,test,0.347,0.34676063
Merzenhausen,2024-01-03 19:00:00,42,test,0.347,0.34750292
Merzenhausen,2024-01-03 20:00:00,42,test,0.347,0.3487423
Merzenhausen,2024-01-03 21:00:00,42,test,0.345,0.34900874
Merzenhausen,2024-01-03 22:00:00,42,test,0.347,0.34893954
Merzenhausen,2024-01-03 23:00:00,42,test,0.347,0.35471725
Merzenhausen,2024-01-04 00:00:00,42,test,0.347,0.35624546
Merzenhausen,2024-01-04 01:00:00,42,test,0.347,0.35659373
Merzenhausen,2024-01-04 02:00:00,42,test,0.347,0.35565555
Merzenhausen,2024-01-04 03:00:00,42,test,0.345,0.354046
Merzenhausen,2024-01-04 04:00:00,42,test,0.347,0.35220206
Merzenhausen,2024-01-04 05:00:00,42,test,0.345,0.35151875
Merzenhausen,2024-01-04 06:00:00,42,test,0.347,0.35128126
Merzenhausen,2024-01-04 07:00:00,42,test,0.347,0.35020292
Merzenhausen,2024-01-04 08:00:00,42,test,0.347,0.34896934
Merzenhausen,2024-01-04 09:00:00,42,test,0.347,0.34786257
Merzenhausen,2024-01-04 10:00:00,42,test,0.347,0.3469835
Merzenhausen,2024-01-04 11:00:00,42,test,0.347,0.34737206
Merzenhausen,2024-01-04 12:00:00,42,test,0.347,0.3482697
Merzenhausen,2024-01-04 13:00:00,42,test,0.3399999999999999,0.34850293
Merzenhausen,2024-01-04 14:00:00,42,test,0.347,0.34859124
Merzenhausen,2024-01-04 15:00:00,42,test,0.3389999999999999,0.34864765
Merzenhausen,2024-01-04 16:00:00,42,test,0.344,0.34870654
Merzenhausen,2024-01-04 17:00:00,42,test,0.344,0.34882033
Merzenhausen,2024-01-04 18:00:00,42,test,0.344,0.3488478
Merzenhausen,2024-01-04 19:00:00,42,test,0.345,0.34874168
Merzenhausen,2024-01-04 20:00:00,42,test,0.345,0.34849954
Merzenhausen,2024-01-04 21:00:00,42,test,0.345,0.34809887
Merzenhausen,2024-01-04 22:00:00,42,test,0.344,0.3475662
Merzenhausen,2024-01-04 23:00:00,42,test,0.344,0.34891373
Merzenhausen,2024-01-05 00:00:00,42,test,0.342,0.3486876
Merzenhausen,2024-01-05 01:00:00,42,test,0.345,0.34805155
Merzenhausen,2024-01-05 02:00:00,42,test,0.342,0.3471397
Merzenhausen,2024-01-05 03:00:00,42,test,0.342,0.34621838
Merzenhausen,2024-01-05 04:00:00,42,test,0.343,0.34524292
Merzenhausen,2024-01-05 05:00:00,42,test,0.343,0.3443331
Merzenhausen,2024-01-05 06:00:00,42,test,0.342,0.3435006
Merzenhausen,2024-01-05 07:00:00,42,test,0.342,0.34277123
Merzenhausen,2024-01-05 08:00:00,42,test,0.344,0.34221128
Merzenhausen,2024-01-05 09:00:00,42,test,0.343,0.34178236
Merzenhausen,2024-01-05 10:00:00,42,test,0.34,0.3414732
Merzenhausen,2024-01-05 11:00:00,42,test,0.344,0.34133768
Merzenhausen,2024-01-05 12:00:00,42,test,0.34,0.34146196
Merzenhausen,2024-01-05 13:00:00,42,test,0.341,0.34178194
Merzenhausen,2024-01-05 14:00:00,42,test,0.342,0.34349027
Merzenhausen,2024-02-01 03:00:00,42,test,0.328,0.32322696
Merzenhausen,2024-02-01 04:00:00,42,test,0.328,0.32984236
Merzenhausen,2024-02-01 05:00:00,42,test,0.328,0.3319956
Merzenhausen,2024-02-01 06:00:00,42,test,0.328,0.33312032
Merzenhausen,2024-02-01 07:00:00,42,test,0.328,0.33232516
Merzenhausen,2024-02-01 08:00:00,42,test,0.328,0.33087248
Merzenhausen,2024-02-01 09:00:00,42,test,0.328,0.32905406
Merzenhausen,2024-02-01 10:00:00,42,test,0.328,0.3272306
Merzenhausen,2024-02-01 11:00:00,42,test,0.328,0.3255829
Merzenhausen,2024-02-01 12:00:00,42,test,0.328,0.32416764
Merzenhausen,2024-02-01 13:00:00,42,test,0.328,0.32293698
Merzenhausen,2024-02-01 14:00:00,42,test,0.328,0.32197893
Merzenhausen,2024-02-01 15:00:00,42,test,0.328,0.3212563
Merzenhausen,2024-02-01 16:00:00,42,test,0.328,0.3208468
Merzenhausen,2024-02-01 17:00:00,42,test,0.328,0.32062
Merzenhausen,2024-02-01 18:00:00,42,test,0.328,0.32032615
Merzenhausen,2024-02-01 19:00:00,42,test,0.328,0.3199432
Merzenhausen,2024-02-01 20:00:00,42,test,0.328,0.31932268
Merzenhausen,2024-02-01 21:00:00,42,test,0.328,0.3184725
Merzenhausen,2024-02-01 22:00:00,42,test,0.328,0.3174176
Merzenhausen,2024-02-01 23:00:00,42,test,0.328,0.31623694
Merzenhausen,2024-02-02 00:00:00,42,test,0.328,0.31503722
Merzenhausen,2024-02-02 01:00:00,42,test,0.3359999999999999,0.3139346
Merzenhausen,2024-02-02 02:00:00,42,test,0.33,0.31307882
Merzenhausen,2024-02-02 03:00:00,42,test,0.3265,0.31250596
Merzenhausen,2024-02-02 04:00:00,42,test,0.3265,0.3121801
Merzenhausen,2024-02-02 05:00:00,42,test,0.3389999999999999,0.3123927
Merzenhausen,2024-02-02 06:00:00,42,test,0.3375,0.31264544
Merzenhausen,2024-02-02 07:00:00,42,test,0.3375,0.3128067
Merzenhausen,2024-02-02 08:00:00,42,test,0.327,0.3128817
Merzenhausen,2024-02-02 09:00:00,42,test,0.329,0.312849
Merzenhausen,2024-02-02 10:00:00,42,test,0.3405,0.3128054
Merzenhausen,2024-02-02 11:00:00,42,test,0.3385,0.31275797
Merzenhausen,2024-02-02 12:00:00,42,test,0.3409999999999999,0.31267905
Merzenhausen,2024-02-02 13:00:00,42,test,0.329,0.3126249
Merzenhausen,2024-02-02 14:00:00,42,test,0.331,0.31267163
Merzenhausen,2024-02-02 15:00:00,42,test,0.3419999999999999,0.3127566
Merzenhausen,2024-02-02 16:00:00,42,test,0.3295,0.31292868
Merzenhausen,2024-02-02 17:00:00,42,test,0.356,0.31297764
Merzenhausen,2024-02-02 18:00:00,42,test,0.333,0.3129535
Merzenhausen,2024-02-02 19:00:00,42,test,0.333,0.31274217
Merzenhausen,2024-02-02 20:00:00,42,test,0.333,0.3123712
Merzenhausen,2024-02-02 21:00:00,42,test,0.333,0.31191275
Merzenhausen,2024-02-02 22:00:00,42,test,0.3419999999999999,0.31135803
Merzenhausen,2024-02-02 23:00:00,42,test,0.332,0.31073332
Merzenhausen,2024-02-15 00:00:00,42,test,0.333,0.32436436
Merzenhausen,2024-02-15 01:00:00,42,test,0.333,0.3229201
Merzenhausen,2024-02-15 02:00:00,42,test,0.334,0.32169345
Merzenhausen,2024-02-15 03:00:00,42,test,0.334,0.32073468
Merzenhausen,2024-02-15 04:00:00,42,test,0.335,0.3198595
Merzenhausen,2024-02-15 05:00:00,42,test,0.335,0.3192023
Merzenhausen,2024-02-15 06:00:00,42,test,0.333,0.31987327
Merzenhausen,2024-02-15 07:00:00,42,test,0.335,0.31977493
Merzenhausen,2024-02-15 08:00:00,42,test,0.335,0.31938303
Merzenhausen,2024-02-15 09:00:00,42,test,0.335,0.31876886
Merzenhausen,2024-02-15 10:00:00,42,test,0.335,0.31808162
Merzenhausen,2024-02-15 11:00:00,42,test,0.335,0.3173397
Merzenhausen,2024-02-15 12:00:00,42,test,0.335,0.31666982
Merzenhausen,2024-02-15 13:00:00,42,test,0.335,0.3160286
Merzenhausen,2024-02-15 14:00:00,42,test,0.332,0.31553084
Merzenhausen,2024-02-15 15:00:00,42,test,0.3325,0.31523046
Merzenhausen,2024-02-15 16:00:00,42,test,0.334,0.31501818
Merzenhausen,2024-02-15 17:00:00,42,test,0.334,0.31473568
Merzenhausen,2024-02-15 18:00:00,42,test,0.332,0.31456852
Merzenhausen,2024-02-15 19:00:00,42,test,0.332,0.31454188
Merzenhausen,2024-02-15 20:00:00,42,test,0.332,0.31449503
Merzenhausen,2024-02-15 21:00:00,42,test,0.332,0.3143631
Merzenhausen,2024-02-15 22:00:00,42,test,0.332,0.31433004
Merzenhausen,2024-02-15 23:00:00,42,test,0.332,0.31430396
Merzenhausen,2024-02-16 00:00:00,42,test,0.332,0.3142323
Merzenhausen,2024-02-16 01:00:00,42,test,0.332,0.31417128
Merzenhausen,2024-02-16 02:00:00,42,test,0.332,0.31414726
Merzenhausen,2024-02-16 03:00:00,42,test,0.332,0.31422764
Merzenhausen,2024-02-16 04:00:00,42,test,0.332,0.31430775
Merzenhausen,2024-02-16 05:00:00,42,test,0.33,0.31437856
Merzenhausen,2024-02-16 06:00:00,42,test,0.332,0.31439865
Merzenhausen,2024-02-16 07:00:00,42,test,0.33,0.31435335
Merzenhausen,2024-02-16 08:00:00,42,test,0.33,0.31421673
Merzenhausen,2024-02-16 09:00:00,42,test,0.33,0.3140768
Merzenhausen,2024-02-16 10:00:00,42,test,0.33,0.31394553
Merzenhausen,2024-02-16 11:00:00,42,test,0.33,0.31379405
Merzenhausen,2024-02-16 12:00:00,42,test,0.33,0.31379277
Merzenhausen,2024-02-16 13:00:00,42,test,0.33,0.31399697
Merzenhausen,2024-02-16 14:00:00,42,test,0.33,0.31666863
Merzenhausen,2024-02-16 15:00:00,42,test,0.33,0.3209628
Merzenhausen,2024-02-16 16:00:00,42,test,0.33,0.33062035
Merzenhausen,2024-02-16 17:00:00,42,test,0.329,0.33340335
Merzenhausen,2024-02-16 18:00:00,42,test,0.328,0.33424255
Merzenhausen,2024-02-16 19:00:00,42,test,0.329,0.3336715
Merzenhausen,2024-02-16 20:00:00,42,test,0.331,0.33230639
Merzenhausen,2024-02-16 21:00:00,42,test,0.331,0.3305474
Merzenhausen,2024-02-16 22:00:00,42,test,0.33,0.32870725
Merzenhausen,2024-02-16 23:00:00,42,test,0.33,0.32691938
Merzenhausen,2024-02-17 00:00:00,42,test,0.333,0.32521737
Merzenhausen,2024-02-17 01:00:00,42,test,0.332,0.3236452
Merzenhausen,2024-02-17 02:00:00,42,test,0.332,0.32231188
Merzenhausen,2024-02-17 03:00:00,42,test,0.332,0.32122207
Merzenhausen,2024-02-17 04:00:00,42,test,0.332,0.32038292
Merzenhausen,2024-02-17 05:00:00,42,test,0.332,0.31973568
Merzenhausen,2024-02-17 06:00:00,42,test,0.332,0.31916463
Merzenhausen,2024-02-17 07:00:00,42,test,0.335,0.31868744
Merzenhausen,2024-02-17 08:00:00,42,test,0.332,0.31831306
Merzenhausen,2024-02-17 09:00:00,42,test,0.335,0.31800163
Merzenhausen,2024-02-17 10:00:00,42,test,0.332,0.31783372
Merzenhausen,2024-02-17 11:00:00,42,test,0.332,0.31780308
Merzenhausen,2024-02-17 12:00:00,42,test,0.332,0.31789795
Merzenhausen,2024-02-17 13:00:00,42,test,0.332,0.31809148
Merzenhausen,2024-02-17 14:00:00,42,test,0.332,0.318218
Merzenhausen,2024-02-17 15:00:00,42,test,0.335,0.31822714
Merzenhausen,2024-02-17 16:00:00,42,test,0.335,0.31824094
Merzenhausen,2024-02-17 17:00:00,42,test,0.335,0.31823525
Merzenhausen,2024-02-17 18:00:00,42,test,0.335,0.31819808
Merzenhausen,2024-02-17 19:00:00,42,test,0.334,0.31800857
Merzenhausen,2024-02-17 20:00:00,42,test,0.334,0.31752542
Merzenhausen,2024-02-17 21:00:00,42,test,0.334,0.31687513
Merzenhausen,2024-02-17 22:00:00,42,test,0.334,0.3161137
Merzenhausen,2024-02-17 23:00:00,42,test,0.334,0.31532237
Merzenhausen,2024-02-18 00:00:00,42,test,0.3325,0.31455076
Merzenhausen,2024-02-18 01:00:00,42,test,0.333,0.3139051
Merzenhausen,2024-02-18 02:00:00,42,test,0.334,0.31347394
Merzenhausen,2024-02-18 03:00:00,42,test,0.334,0.3132699
Merzenhausen,2024-02-18 04:00:00,42,test,0.334,0.31328627
Merzenhausen,2024-02-18 05:00:00,42,test,0.3325,0.31336573
Merzenhausen,2024-02-18 06:00:00,42,test,0.334,0.3135603
Merzenhausen,2024-02-18 07:00:00,42,test,0.334,0.31370643
Merzenhausen,2024-02-18 08:00:00,42,test,0.334,0.31377494
Merzenhausen,2024-02-18 09:00:00,42,test,0.334,0.31383875
Merzenhausen,2024-02-18 10:00:00,42,test,0.334,0.31389618
Merzenhausen,2024-02-18 11:00:00,42,test,0.334,0.31553456
Merzenhausen,2024-02-18 12:00:00,42,test,0.334,0.31709027
Merzenhausen,2024-02-18 13:00:00,42,test,0.334,0.31941104
Merzenhausen,2024-02-18 14:00:00,42,test,0.334,0.32190204
Merzenhausen,2024-02-18 15:00:00,42,test,0.334,0.32267064
Merzenhausen,2024-02-18 16:00:00,42,test,0.332,0.32264102
Merzenhausen,2024-02-18 17:00:00,42,test,0.33,0.3228169
Merzenhausen,2024-02-18 18:00:00,42,test,0.33,0.32360226
Merzenhausen,2024-02-18 19:00:00,42,test,0.33,0.3238031
Merzenhausen,2024-02-18 20:00:00,42,test,0.33,0.32543653
Merzenhausen,2024-02-18 21:00:00,42,test,0.331,0.33316267
Merzenhausen,2024-02-18 22:00:00,42,test,0.331,0.33408383
Merzenhausen,2024-02-18 23:00:00,42,test,0.328,0.33336905
Merzenhausen,2024-02-19 00:00:00,42,test,0.328,0.33162975
Merzenhausen,2024-02-19 01:00:00,42,test,0.328,0.3294871
Merzenhausen,2024-02-19 02:00:00,42,test,0.328,0.3273517
Merzenhausen,2024-02-19 03:00:00,42,test,0.328,0.32559225
Merzenhausen,2024-02-19 04:00:00,42,test,0.328,0.3242594
Merzenhausen,2024-02-19 05:00:00,42,test,0.33,0.3232919
Merzenhausen,2024-02-19 06:00:00,42,test,0.33,0.32257116
Merzenhausen,2024-02-19 07:00:00,42,test,0.33,0.32212925
Merzenhausen,2024-02-19 08:00:00,42,test,0.327,0.3218123
Merzenhausen,2024-02-19 09:00:00,42,test,0.327,0.32164502
Merzenhausen,2024-02-19 10:00:00,42,test,0.327,0.32147956
Merzenhausen,2024-02-19 11:00:00,42,test,0.327,0.3214152
Merzenhausen,2024-02-19 12:00:00,42,test,0.327,0.32151705
Merzenhausen,2024-02-19 13:00:00,42,test,0.327,0.3218252
Merzenhausen,2024-02-19 14:00:00,42,test,0.327,0.3222592
Merzenhausen,2024-02-19 15:00:00,42,test,0.328,0.32369396
Merzenhausen,2024-02-19 16:00:00,42,test,0.327,0.3269781
Merzenhausen,2024-02-19 17:00:00,42,test,0.327,0.33330017
Merzenhausen,2024-02-19 18:00:00,42,test,0.328,0.34006307
Merzenhausen,2024-02-19 19:00:00,42,test,0.325,0.34147477
Merzenhausen,2024-02-19 20:00:00,42,test,0.325,0.34314775
Merzenhausen,2024-02-19 21:00:00,42,test,0.325,0.34226438
Merzenhausen,2024-02-19 22:00:00,42,test,0.325,0.34055772
Merzenhausen,2024-02-19 23:00:00,42,test,0.325,0.3383096
Merzenhausen,2024-02-20 00:00:00,42,test,0.327,0.3358109
Merzenhausen,2024-02-20 01:00:00,42,test,0.33,0.3333304
Merzenhausen,2024-02-20 02:00:00,42,test,0.33,0.33107886
Merzenhausen,2024-02-20 03:00:00,42,test,0.332,0.32912344
Merzenhausen,2024-02-20 04:00:00,42,test,0.333,0.3275241
Merzenhausen,2024-02-20 05:00:00,42,test,0.335,0.32616252
Merzenhausen,2024-02-20 06:00:00,42,test,0.335,0.32507992
Merzenhausen,2024-02-20 07:00:00,42,test,0.337,0.32419693
Merzenhausen,2024-02-20 08:00:00,42,test,0.336,0.32348013
Merzenhausen,2024-02-20 09:00:00,42,test,0.336,0.3229261
Merzenhausen,2024-02-20 10:00:00,42,test,0.334,0.32254812
Merzenhausen,2024-02-20 11:00:00,42,test,0.337,0.32235682
Merzenhausen,2024-02-20 12:00:00,42,test,0.335,0.3224068
Merzenhausen,2024-02-20 13:00:00,42,test,0.336,0.32261848
Merzenhausen,2024-02-20 14:00:00,42,test,0.337,0.32294598
Merzenhausen,2024-02-20 15:00:00,42,test,0.336,0.32333422
Merzenhausen,2024-02-20 16:00:00,42,test,0.336,0.3236895
Merzenhausen,2024-02-20 17:00:00,42,test,0.336,0.32384327
Merzenhausen,2024-02-20 18:00:00,42,test,0.336,0.32377535
Merzenhausen,2024-02-20 19:00:00,42,test,0.339,0.32352716
Merzenhausen,2024-02-20 20:00:00,42,test,0.34,0.3230984
Merzenhausen,2024-02-20 21:00:00,42,test,0.34,0.32262087
Merzenhausen,2024-02-20 22:00:00,42,test,0.34,0.32211983
Merzenhausen,2024-02-20 23:00:00,42,test,0.34,0.3214842
Merzenhausen,2024-02-21 00:00:00,42,test,0.34,0.3207581
Merzenhausen,2024-02-21 01:00:00,42,test,0.34,0.31999654
Merzenhausen,2024-02-21 02:00:00,42,test,0.34,0.3192904
Merzenhausen,2024-02-21 03:00:00,42,test,0.34,0.31872624
Merzenhausen,2024-02-21 04:00:00,42,test,0.34,0.3183269
Merzenhausen,2024-02-21 05:00:00,42,test,0.34,0.31810656
Merzenhausen,2024-02-21 06:00:00,42,test,0.34,0.31800193
Merzenhausen,2024-02-21 07:00:00,42,test,0.341,0.31793988
Merzenhausen,2024-02-21 08:00:00,42,test,0.339,0.3177895
Merzenhausen,2024-02-21 09:00:00,42,test,0.339,0.3175834
Merzenhausen,2024-02-21 10:00:00,42,test,0.339,0.31738707
Merzenhausen,2024-02-21 11:00:00,42,test,0.339,0.3172493
Merzenhausen,2024-02-21 12:00:00,42,test,0.339,0.31720078
Merzenhausen,2024-02-21 13:00:00,42,test,0.339,0.3171662
Merzenhausen,2024-02-21 14:00:00,42,test,0.338,0.31730247
Merzenhausen,2024-02-21 15:00:00,42,test,0.338,0.31750458
Merzenhausen,2024-02-21 16:00:00,42,test,0.339,0.31770572
Merzenhausen,2024-02-21 17:00:00,42,test,0.339,0.31782144
Merzenhausen,2024-02-21 18:00:00,42,test,0.337,0.32133198
Merzenhausen,2024-02-21 19:00:00,42,test,0.337,0.32636794
Merzenhausen,2024-02-21 20:00:00,42,test,0.337,0.33001292
Merzenhausen,2024-02-21 21:00:00,42,test,0.337,0.33402818
Merzenhausen,2024-02-21 22:00:00,42,test,0.335,0.33726442
Merzenhausen,2024-02-21 23:00:00,42,test,0.336,0.3396157
Merzenhausen,2024-02-22 00:00:00,42,test,0.335,0.34067976
Merzenhausen,2024-02-22 01:00:00,42,test,0.335,0.3435245
Merzenhausen,2024-02-22 02:00:00,42,test,0.337,0.34455693
Merzenhausen,2024-02-22 03:00:00,42,test,0.334,0.34484506
Merzenhausen,2024-02-22 04:00:00,42,test,0.334,0.34404898
Merzenhausen,2024-02-22 05:00:00,42,test,0.334,0.34171045
Merzenhausen,2024-02-22 06:00:00,42,test,0.335,0.338682
Merzenhausen,2024-02-22 07:00:00,42,test,0.332,0.33572647
Merzenhausen,2024-02-22 08:00:00,42,test,0.334,0.33306322
Merzenhausen,2024-02-22 09:00:00,42,test,0.333,0.33077627
Merzenhausen,2024-02-22 10:00:00,42,test,0.334,0.3286637
Merzenhausen,2024-02-22 11:00:00,42,test,0.334,0.3270118
Merzenhausen,2024-02-22 12:00:00,42,test,0.335,0.3257374
Merzenhausen,2024-02-22 13:00:00,42,test,0.332,0.3248629
Merzenhausen,2024-02-22 14:00:00,42,test,0.332,0.32439825
Merzenhausen,2024-02-22 15:00:00,42,test,0.332,0.32415977
Merzenhausen,2024-02-22 16:00:00,42,test,0.332,0.3239899
Merzenhausen,2024-02-22 17:00:00,42,test,0.333,0.32884866
Merzenhausen,2024-02-22 18:00:00,42,test,0.33,0.3323272
Merzenhausen,2024-02-22 19:00:00,42,test,0.33,0.34230176
Merzenhausen,2024-02-22 20:00:00,42,test,0.33,0.34289867
Merzenhausen,2024-02-22 21:00:00,42,test,0.332,0.3424667
Merzenhausen,2024-02-22 22:00:00,42,test,0.332,0.34166548
Merzenhausen,2024-02-22 23:00:00,42,test,0.332,0.3400169
Merzenhausen,2024-02-23 00:00:00,42,test,0.33,0.3380168
Merzenhausen,2024-02-23 01:00:00,42,test,0.33,0.3358515
Merzenhausen,2024-02-23 02:00:00,42,test,0.33,0.33372074
Merzenhausen,2024-02-23 03:00:00,42,test,0.329,0.33178127
Merzenhausen,2024-02-23 04:00:00,42,test,0.33,0.33009902
Merzenhausen,2024-02-23 05:00:00,42,test,0.331,0.328697
Merzenhausen,2024-02-23 06:00:00,42,test,0.331,0.32755184
Merzenhausen,2024-02-23 07:00:00,42,test,0.329,0.32665968
Merzenhausen,2024-02-23 08:00:00,42,test,0.329,0.32589427
Merzenhausen,2024-02-23 09:00:00,42,test,0.327,0.32528526
Merzenhausen,2024-02-23 10:00:00,42,test,0.33,0.32486948
Merzenhausen,2024-02-23 11:00:00,42,test,0.33,0.32467332
Merzenhausen,2024-02-23 12:00:00,42,test,0.33,0.32478878
Merzenhausen,2024-02-23 13:00:00,42,test,0.327,0.32502937
Merzenhausen,2024-02-23 14:00:00,42,test,0.327,0.3253851
Merzenhausen,2024-02-23 15:00:00,42,test,0.327,0.32577214
Merzenhausen,2024-02-23 16:00:00,42,test,0.327,0.32610983
Merzenhausen,2024-02-23 17:00:00,42,test,0.327,0.32632172
Merzenhausen,2024-02-23 18:00:00,42,test,0.329,0.32625288
Merzenhausen,2024-02-23 19:00:00,42,test,0.326,0.3259601
Merzenhausen,2024-02-23 20:00:00,42,test,0.327,0.32550222
Merzenhausen,2024-02-23 21:00:00,42,test,0.327,0.3248522
Merzenhausen,2024-02-23 22:00:00,42,test,0.327,0.32395393
Merzenhausen,2024-02-23 23:00:00,42,test,0.327,0.3229175
Merzenhausen,2024-02-24 00:00:00,42,test,0.325,0.3217732
Merzenhausen,2024-02-24 01:00:00,42,test,0.325,0.32058278
Merzenhausen,2024-02-24 02:00:00,42,test,0.325,0.3195393
Merzenhausen,2024-02-24 03:00:00,42,test,0.327,0.3185967
Merzenhausen,2024-02-24 04:00:00,42,test,0.327,0.31782705
Merzenhausen,2024-02-24 05:00:00,42,test,0.329,0.3172311
Merzenhausen,2024-02-24 06:00:00,42,test,0.332,0.3167984
Merzenhausen,2024-02-24 07:00:00,42,test,0.335,0.31639072
Merzenhausen,2024-02-24 08:00:00,42,test,0.342,0.31606644
Merzenhausen,2024-02-24 09:00:00,42,test,0.349,0.31583726
Merzenhausen,2024-02-24 10:00:00,42,test,0.356,0.31577963
Merzenhausen,2024-02-24 11:00:00,42,test,0.354,0.31590053
Merzenhausen,2024-02-24 12:00:00,42,test,0.354,0.3162828
Merzenhausen,2024-02-24 13:00:00,42,test,0.356,0.31674063
Merzenhausen,2024-02-24 14:00:00,42,test,0.356,0.31722155
Merzenhausen,2024-02-24 15:00:00,42,test,0.358,0.31952322
Merzenhausen,2024-02-24 16:00:00,42,test,0.354,0.3213402
Merzenhausen,2024-02-24 17:00:00,42,test,0.353,0.32200688
Merzenhausen,2024-02-24 18:00:00,42,test,0.354,0.3219535
Merzenhausen,2024-02-24 19:00:00,42,test,0.351,0.32124272
Merzenhausen,2024-02-24 20:00:00,42,test,0.353,0.32013217
Merzenhausen,2024-02-24 21:00:00,42,test,0.351,0.31884116
Merzenhausen,2024-02-24 22:00:00,42,test,0.351,0.3174992
Merzenhausen,2024-02-24 23:00:00,42,test,0.35,0.31614986
Merzenhausen,2024-02-25 00:00:00,42,test,0.351,0.3147567
Merzenhausen,2024-02-25 01:00:00,42,test,0.35,0.31342292
Merzenhausen,2024-02-25 02:00:00,42,test,0.35,0.3123129
Merzenhausen,2024-02-25 03:00:00,42,test,0.348,0.3114589
Merzenhausen,2024-02-25 04:00:00,42,test,0.348,0.31091756
Merzenhausen,2024-02-25 05:00:00,42,test,0.346,0.31065774
Merzenhausen,2024-02-25 06:00:00,42,test,0.346,0.31060013
Merzenhausen,2024-02-25 07:00:00,42,test,0.3385,0.31058887
Merzenhausen,2024-02-25 08:00:00,42,test,0.345,0.31053144
Merzenhausen,2024-02-25 09:00:00,42,test,0.345,0.31035978
Merzenhausen,2024-02-25 10:00:00,42,test,0.343,0.31027076
Merzenhausen,2024-02-25 11:00:00,42,test,0.345,0.3102947
Merzenhausen,2024-02-25 12:00:00,42,test,0.342,0.3105654
Merzenhausen,2024-02-25 13:00:00,42,test,0.342,0.31191105
Merzenhausen,2024-02-25 14:00:00,42,test,0.343,0.31333888
Merzenhausen,2024-02-25 15:00:00,42,test,0.343,0.31391904
Merzenhausen,2024-02-25 16:00:00,42,test,0.34,0.31393093
Merzenhausen,2024-02-25 17:00:00,42,test,0.341,0.3136338
Merzenhausen,2024-02-25 18:00:00,42,test,0.342,0.31322426
Merzenhausen,2024-02-25 19:00:00,42,test,0.34,0.31251848
Merzenhausen,2024-02-25 20:00:00,42,test,0.338,0.3116473
Merzenhausen,2024-02-25 21:00:00,42,test,0.339,0.31072292
Merzenhausen,2024-02-25 22:00:00,42,test,0.339,0.31069484
Merzenhausen,2024-02-25 23:00:00,42,test,0.34,0.3100589
Merzenhausen,2024-02-26 00:00:00,42,test,0.337,0.30907732
Merzenhausen,2024-02-26 01:00:00,42,test,0.337,0.31121248
Merzenhausen,2024-02-26 02:00:00,42,test,0.337,0.31752706
Merzenhausen,2024-02-26 03:00:00,42,test,0.337,0.3227942
Merzenhausen,2024-02-26 04:00:00,42,test,0.336,0.32815763
Merzenhausen,2024-02-26 05:00:00,42,test,0.337,0.33265063
Merzenhausen,2024-02-26 06:00:00,42,test,0.337,0.33620685
Merzenhausen,2024-02-26 07:00:00,42,test,0.337,0.33913296
Merzenhausen,2024-02-26 08:00:00,42,test,0.337,0.34067082
Merzenhausen,2024-02-26 09:00:00,42,test,0.337,0.3415785
Merzenhausen,2024-02-26 10:00:00,42,test,0.337,0.34184813
Merzenhausen,2024-02-26 11:00:00,42,test,0.334,0.34093517
Merzenhausen,2024-02-26 12:00:00,42,test,0.335,0.33834672
Merzenhausen,2024-02-26 13:00:00,42,test,0.335,0.3367012
Merzenhausen,2024-02-26 14:00:00,42,test,0.335,0.33854002
Merzenhausen,2024-02-26 15:00:00,42,test,0.335,0.33852702
Merzenhausen,2024-02-26 16:00:00,42,test,0.335,0.3369608
Merzenhausen,2024-02-26 17:00:00,42,test,0.335,0.33603907
Merzenhausen,2024-02-26 18:00:00,42,test,0.335,0.3356558
Merzenhausen,2024-02-26 19:00:00,42,test,0.335,0.33575037
Merzenhausen,2024-02-26 20:00:00,42,test,0.333,0.33627194
Merzenhausen,2024-02-26 21:00:00,42,test,0.333,0.3370331
Merzenhausen,2024-02-26 22:00:00,42,test,0.333,0.3378106
Merzenhausen,2024-02-26 23:00:00,42,test,0.334,0.33837697
Merzenhausen,2024-02-27 00:00:00,42,test,0.334,0.33865634
Merzenhausen,2024-02-27 01:00:00,42,test,0.332,0.33859968
Merzenhausen,2024-02-27 02:00:00,42,test,0.332,0.33826828
Merzenhausen,2024-02-27 03:00:00,42,test,0.332,0.33772093
Merzenhausen,2024-02-27 04:00:00,42,test,0.332,0.33705014
Merzenhausen,2024-02-27 05:00:00,42,test,0.332,0.33629936
Merzenhausen,2024-02-27 06:00:00,42,test,0.334,0.3355457
Merzenhausen,2024-02-27 07:00:00,42,test,0.331,0.33463734
Merzenhausen,2024-02-27 08:00:00,42,test,0.332,0.3338676
Merzenhausen,2024-02-27 09:00:00,42,test,0.332,0.33329302
Merzenhausen,2024-02-27 10:00:00,42,test,0.332,0.33288687
Merzenhausen,2024-02-27 11:00:00,42,test,0.332,0.33278292
Merzenhausen,2024-02-27 12:00:00,42,test,0.331,0.33289275
Merzenhausen,2024-02-27 13:00:00,42,test,0.332,0.33317593
Merzenhausen,2024-02-27 14:00:00,42,test,0.332,0.33354852
Merzenhausen,2024-02-27 15:00:00,42,test,0.329,0.33391756
Merzenhausen,2024-02-27 16:00:00,42,test,0.332,0.3340696
Merzenhausen,2024-02-27 17:00:00,42,test,0.33,0.33397466
Merzenhausen,2024-02-27 18:00:00,42,test,0.33,0.33373424
Merzenhausen,2024-02-27 19:00:00,42,test,0.33,0.33332425
Merzenhausen,2024-02-27 20:00:00,42,test,0.33,0.3326183
Merzenhausen,2024-02-27 21:00:00,42,test,0.33,0.33169216
Merzenhausen,2024-02-27 22:00:00,42,test,0.332,0.33064318
Merzenhausen,2024-02-27 23:00:00,42,test,0.329,0.32940474
Merzenhausen,2024-02-28 00:00:00,42,test,0.329,0.32787997
Merzenhausen,2024-02-28 01:00:00,42,test,0.329,0.3262119
Merzenhausen,2024-02-28 02:00:00,42,test,0.329,0.32458118
Merzenhausen,2024-02-28 03:00:00,42,test,0.329,0.3231176
Merzenhausen,2024-02-28 04:00:00,42,test,0.329,0.32191503
Merzenhausen,2024-02-28 05:00:00,42,test,0.33,0.3210617
Merzenhausen,2024-02-28 06:00:00,42,test,0.327,0.320499
Merzenhausen,2024-02-28 07:00:00,42,test,0.328,0.32012308
Merzenhausen,2024-02-28 08:00:00,42,test,0.328,0.31996107
Merzenhausen,2024-02-28 09:00:00,42,test,0.328,0.31996232
Merzenhausen,2024-02-28 10:00:00,42,test,0.328,0.32013455
Merzenhausen,2024-02-28 11:00:00,42,test,0.328,0.32038668
Merzenhausen,2024-02-28 12:00:00,42,test,0.326,0.32078037
Merzenhausen,2024-02-28 13:00:00,42,test,0.327,0.32122988
Merzenhausen,2024-02-28 14:00:00,42,test,0.327,0.32170057
Merzenhausen,2024-02-28 15:00:00,42,test,0.327,0.3219992
Merzenhausen,2024-02-28 16:00:00,42,test,0.327,0.32212648
Merzenhausen,2024-02-28 17:00:00,42,test,0.327,0.32219687
Merzenhausen,2024-02-28 18:00:00,42,test,0.327,0.32220915
Merzenhausen,2024-02-28 19:00:00,42,test,0.327,0.32210675
Merzenhausen,2024-02-28 20:00:00,42,test,0.325,0.32184038
Merzenhausen,2024-02-28 21:00:00,42,test,0.325,0.3214182
Merzenhausen,2024-02-28 22:00:00,42,test,0.325,0.32091582
Merzenhausen,2024-02-28 23:00:00,42,test,0.323,0.32030702
Merzenhausen,2024-02-29 00:00:00,42,test,0.323,0.3195372
Merzenhausen,2024-02-29 01:00:00,42,test,0.325,0.3185666
Merzenhausen,2024-02-29 02:00:00,42,test,0.325,0.3175545
Merzenhausen,2024-02-29 03:00:00,42,test,0.325,0.31661987
Merzenhausen,2024-02-29 04:00:00,42,test,0.325,0.31585112
Merzenhausen,2024-02-29 05:00:00,42,test,0.325,0.3152667
Merzenhausen,2024-02-29 06:00:00,42,test,0.322,0.31492558
Merzenhausen,2024-02-29 07:00:00,42,test,0.323,0.3146439
Merzenhausen,2024-02-29 08:00:00,42,test,0.323,0.3144381
Merzenhausen,2024-02-29 09:00:00,42,test,0.324,0.31438273
Merzenhausen,2024-02-29 10:00:00,42,test,0.324,0.31445563
Merzenhausen,2024-02-29 11:00:00,42,test,0.322,0.31461605
Merzenhausen,2024-02-29 12:00:00,42,test,0.322,0.3149117
Merzenhausen,2024-02-29 13:00:00,42,test,0.322,0.3153382
Merzenhausen,2024-02-29 14:00:00,42,test,0.322,0.31574947
Merzenhausen,2024-02-29 15:00:00,42,test,0.322,0.3158843
Merzenhausen,2024-02-29 16:00:00,42,test,0.322,0.3159141
Merzenhausen,2024-02-29 17:00:00,42,test,0.323,0.31580153
Merzenhausen,2024-02-29 18:00:00,42,test,0.32,0.31561694
Merzenhausen,2024-02-29 19:00:00,42,test,0.32,0.31533557
Merzenhausen,2024-02-29 20:00:00,42,test,0.32,0.3150208
Merzenhausen,2024-02-29 21:00:00,42,test,0.32,0.31470522
Merzenhausen,2024-02-29 22:00:00,42,test,0.319,0.31446227
Merzenhausen,2024-02-29 23:00:00,42,test,0.32,0.31409442
Merzenhausen,2024-03-01 00:00:00,42,test,0.32,0.3136209
Merzenhausen,2024-03-01 01:00:00,42,test,0.32,0.31308115
Merzenhausen,2024-03-01 02:00:00,42,test,0.32,0.31254685
Merzenhausen,2024-03-01 03:00:00,42,test,0.32,0.3120886
Merzenhausen,2024-03-01 04:00:00,42,test,0.318,0.31174862
Merzenhausen,2024-03-01 05:00:00,42,test,0.318,0.31157196
Merzenhausen,2024-03-01 06:00:00,42,test,0.318,0.31143224
Merzenhausen,2024-03-01 07:00:00,42,test,0.319,0.31131423
Merzenhausen,2024-03-01 08:00:00,42,test,0.32,0.31121677
Merzenhausen,2024-03-01 09:00:00,42,test,0.317,0.31116256
Merzenhausen,2024-03-01 10:00:00,42,test,0.317,0.31121248
Merzenhausen,2024-03-01 11:00:00,42,test,0.317,0.3113253
Merzenhausen,2024-03-01 12:00:00,42,test,0.318,0.31151536
Merzenhausen,2024-03-01 13:00:00,42,test,0.316,0.31176305
Merzenhausen,2024-03-01 14:00:00,42,test,0.318,0.31199694
Merzenhausen,2024-03-01 15:00:00,42,test,0.318,0.31205052
Merzenhausen,2024-03-01 16:00:00,42,test,0.315,0.31198454
Merzenhausen,2024-03-01 17:00:00,42,test,0.315,0.31187636
Merzenhausen,2024-03-01 18:00:00,42,test,0.316,0.31170595
Merzenhausen,2024-03-01 19:00:00,42,test,0.316,0.31146738
Merzenhausen,2024-03-01 20:00:00,42,test,0.316,0.31113723
Merzenhausen,2024-03-01 21:00:00,42,test,0.315,0.3106319
Merzenhausen,2024-03-01 22:00:00,42,test,0.316,0.31007865
Merzenhausen,2024-03-01 23:00:00,42,test,0.316,0.30938342
Merzenhausen,2024-03-02 00:00:00,42,test,0.316,0.30858204
Merzenhausen,2024-03-02 01:00:00,42,test,0.316,0.30785534
Merzenhausen,2024-03-02 02:00:00,42,test,0.313,0.30726108
Merzenhausen,2024-03-02 03:00:00,42,test,0.314,0.30687964
Merzenhausen,2024-03-02 04:00:00,42,test,0.314,0.30667228
Merzenhausen,2024-03-02 05:00:00,42,test,0.313,0.30660385
Merzenhausen,2024-03-02 06:00:00,42,test,0.312,0.30653003
Merzenhausen,2024-03-02 07:00:00,42,test,0.313,0.3064571
Merzenhausen,2024-03-02 08:00:00,42,test,0.31,0.30642837
Merzenhausen,2024-03-02 09:00:00,42,test,0.311,0.30644313
Merzenhausen,2024-03-02 10:00:00,42,test,0.311,0.30651808
Merzenhausen,2024-03-02 11:00:00,42,test,0.312,0.30648068
Merzenhausen,2024-03-02 12:00:00,42,test,0.313,0.30651793
Merzenhausen,2024-03-02 13:00:00,42,test,0.311,0.30653805
Merzenhausen,2024-03-02 14:00:00,42,test,0.311,0.3065288
Merzenhausen,2024-03-02 15:00:00,42,test,0.311,0.3064122
Merzenhausen,2024-03-02 16:00:00,42,test,0.311,0.3061666
Merzenhausen,2024-03-02 17:00:00,42,test,0.309,0.3058781
Merzenhausen,2024-03-02 18:00:00,42,test,0.309,0.30538628
Merzenhausen,2024-03-02 19:00:00,42,test,0.309,0.30486354
Merzenhausen,2024-03-02 20:00:00,42,test,0.309,0.3043435
Merzenhausen,2024-03-02 21:00:00,42,test,0.309,0.3038534
Merzenhausen,2024-03-02 22:00:00,42,test,0.311,0.30336866
Merzenhausen,2024-03-02 23:00:00,42,test,0.311,0.30289492
Merzenhausen,2024-03-03 00:00:00,42,test,0.308,0.30242682
Merzenhausen,2024-03-03 01:00:00,42,test,0.308,0.30196205
Merzenhausen,2024-03-03 02:00:00,42,test,0.309,0.3015607
Merzenhausen,2024-03-03 03:00:00,42,test,0.31,0.30128998
Merzenhausen,2024-03-03 04:00:00,42,test,0.31,0.3010846
Merzenhausen,2024-03-03 05:00:00,42,test,0.31,0.30097663
Merzenhausen,2024-03-03 06:00:00,42,test,0.31,0.30094838
Merzenhausen,2024-03-03 07:00:00,42,test,0.308,0.30101448
Merzenhausen,2024-03-03 08:00:00,42,test,0.308,0.30116317
Merzenhausen,2024-03-03 09:00:00,42,test,0.308,0.3012409
Merzenhausen,2024-03-03 10:00:00,42,test,0.308,0.30112386
Merzenhausen,2024-03-03 11:00:00,42,test,0.308,0.3008485
Merzenhausen,2024-03-03 12:00:00,42,test,0.308,0.30072352
Merzenhausen,2024-03-03 13:00:00,42,test,0.308,0.30061826
Merzenhausen,2024-03-03 14:00:00,42,test,0.308,0.30042613
Merzenhausen,2024-03-03 15:00:00,42,test,0.308,0.30013084
Merzenhausen,2024-03-03 16:00:00,42,test,0.308,0.2996928
Merzenhausen,2024-03-03 17:00:00,42,test,0.309,0.2992471
Merzenhausen,2024-03-03 18:00:00,42,test,0.307,0.29889503
Merzenhausen,2024-03-03 19:00:00,42,test,0.309,0.29859996
Merzenhausen,2024-03-03 20:00:00,42,test,0.306,0.29835993
Merzenhausen,2024-03-03 21:00:00,42,test,0.308,0.29810977
Merzenhausen,2024-03-03 22:00:00,42,test,0.308,0.2978531
Merzenhausen,2024-03-03 23:00:00,42,test,0.308,0.29749462
Merzenhausen,2024-03-04 00:00:00,42,test,0.3125,0.2970185
Merzenhausen,2024-03-04 01:00:00,42,test,0.308,0.29646873
Merzenhausen,2024-03-04 02:00:00,42,test,0.306,0.29581523
Merzenhausen,2024-03-04 03:00:00,42,test,0.306,0.29525942
Merzenhausen,2024-03-04 04:00:00,42,test,0.306,0.29489276
Merzenhausen,2024-03-04 05:00:00,42,test,0.306,0.29468614
Merzenhausen,2024-03-04 06:00:00,42,test,0.306,0.29455757
Merzenhausen,2024-03-04 07:00:00,42,test,0.307,0.29451331
Merzenhausen,2024-03-04 08:00:00,42,test,0.304,0.29441482
Merzenhausen,2024-03-04 09:00:00,42,test,0.304,0.29436117
Merzenhausen,2024-03-04 10:00:00,42,test,0.306,0.2943963
Merzenhausen,2024-03-04 11:00:00,42,test,0.304,0.29461324
Merzenhausen,2024-03-04 12:00:00,42,test,0.306,0.29505026
Merzenhausen,2024-03-04 13:00:00,42,test,0.304,0.29547447
Merzenhausen,2024-03-04 14:00:00,42,test,0.307,0.29570928
Merzenhausen,2024-03-04 15:00:00,42,test,0.306,0.29579455
Merzenhausen,2024-03-04 16:00:00,42,test,0.306,0.29569513
Merzenhausen,2024-03-04 17:00:00,42,test,0.306,0.29548013
Merzenhausen,2024-03-04 18:00:00,42,test,0.304,0.29508442
Merzenhausen,2024-03-04 19:00:00,42,test,0.304,0.29455262
Merzenhausen,2024-03-04 20:00:00,42,test,0.304,0.29390174
Merzenhausen,2024-03-04 21:00:00,42,test,0.306,0.29315713
Merzenhausen,2024-03-04 22:00:00,42,test,0.303,0.29245776
Merzenhausen,2024-03-04 23:00:00,42,test,0.304,0.2917062
Merzenhausen,2024-03-05 00:00:00,42,test,0.304,0.2907267
Merzenhausen,2024-03-05 01:00:00,42,test,0.305,0.28972542
Merzenhausen,2024-03-05 02:00:00,42,test,0.306,0.28895214
Merzenhausen,2024-03-05 03:00:00,42,test,0.306,0.28851694
Merzenhausen,2024-03-05 04:00:00,42,test,0.303,0.28845
Merzenhausen,2024-03-05 05:00:00,42,test,0.303,0.28867635
Merzenhausen,2024-03-05 06:00:00,42,test,0.304,0.2890972
Merzenhausen,2024-03-05 07:00:00,42,test,0.304,0.28952867
Merzenhausen,2024-03-05 08:00:00,42,test,0.303,0.29074627
Merzenhausen,2024-03-05 09:00:00,42,test,0.303,0.2931098
Merzenhausen,2024-03-05 10:00:00,42,test,0.303,0.29514647
Merzenhausen,2024-03-05 11:00:00,42,test,0.303,0.29618806
Merzenhausen,2024-03-05 12:00:00,42,test,0.303,0.29762375
Merzenhausen,2024-03-05 13:00:00,42,test,0.303,0.2982392
Merzenhausen,2024-03-05 14:00:00,42,test,0.303,0.29844287
Merzenhausen,2024-03-05 15:00:00,42,test,0.303,0.29831815
Merzenhausen,2024-03-05 16:00:00,42,test,0.303,0.29788226
Merzenhausen,2024-03-05 17:00:00,42,test,0.303,0.29732668
Merzenhausen,2024-03-05 18:00:00,42,test,0.304,0.29656515
Merzenhausen,2024-03-05 19:00:00,42,test,0.304,0.29577366
Merzenhausen,2024-03-05 20:00:00,42,test,0.304,0.29478058
Merzenhausen,2024-03-05 21:00:00,42,test,0.302,0.29373989
Merzenhausen,2024-03-05 22:00:00,42,test,0.301,0.29267642
Merzenhausen,2024-03-05 23:00:00,42,test,0.301,0.29154518
Merzenhausen,2024-03-06 00:00:00,42,test,0.302,0.2905701
Merzenhausen,2024-03-06 01:00:00,42,test,0.301,0.28954673
Merzenhausen,2024-03-06 02:00:00,42,test,0.299,0.28849906
Merzenhausen,2024-03-06 03:00:00,42,test,0.301,0.2876042
Merzenhausen,2024-03-06 04:00:00,42,test,0.301,0.28694138
Merzenhausen,2024-03-06 05:00:00,42,test,0.301,0.28655422
Merzenhausen,2024-03-06 06:00:00,42,test,0.301,0.28640637
Merzenhausen,2024-03-06 07:00:00,42,test,0.299,0.28651375
Merzenhausen,2024-03-06 08:00:00,42,test,0.299,0.28752944
Merzenhausen,2024-03-06 09:00:00,42,test,0.299,0.28814882
Merzenhausen,2024-03-06 10:00:00,42,test,0.299,0.2886589
Merzenhausen,2024-03-06 11:00:00,42,test,0.299,0.2891317
Merzenhausen,2024-03-06 12:00:00,42,test,0.297,0.28961235
Merzenhausen,2024-03-06 13:00:00,42,test,0.3,0.2899897
Merzenhausen,2024-03-06 14:00:00,42,test,0.3,0.29039404
Merzenhausen,2024-03-06 15:00:00,42,test,0.297,0.29065824
Merzenhausen,2024-03-06 16:00:00,42,test,0.297,0.29069692
Merzenhausen,2024-03-06 17:00:00,42,test,0.297,0.29059526
Merzenhausen,2024-03-06 18:00:00,42,test,0.297,0.29037365
Merzenhausen,2024-03-06 19:00:00,42,test,0.299,0.2899754
Merzenhausen,2024-03-06 20:00:00,42,test,0.299,0.2895127
Merzenhausen,2024-03-06 21:00:00,42,test,0.299,0.2890581
Merzenhausen,2024-03-06 22:00:00,42,test,0.297,0.28830034
Merzenhausen,2024-03-06 23:00:00,42,test,0.297,0.2873643
Merzenhausen,2024-03-07 00:00:00,42,test,0.297,0.28627208
Merzenhausen,2024-03-07 01:00:00,42,test,0.297,0.2851863
Merzenhausen,2024-03-07 02:00:00,42,test,0.295,0.2843059
Merzenhausen,2024-03-07 03:00:00,42,test,0.296,0.28368965
Merzenhausen,2024-03-07 04:00:00,42,test,0.296,0.28320628
Merzenhausen,2024-03-07 05:00:00,42,test,0.296,0.2828734
Merzenhausen,2024-03-07 06:00:00,42,test,0.297,0.28275427
Merzenhausen,2024-03-07 07:00:00,42,test,0.294,0.28280863
Merzenhausen,2024-03-07 08:00:00,42,test,0.295,0.28294963
Merzenhausen,2024-03-07 09:00:00,42,test,0.296,0.2831805
Merzenhausen,2024-03-07 10:00:00,42,test,0.295,0.28352615
Merzenhausen,2024-03-07 11:00:00,42,test,0.295,0.28405407
Merzenhausen,2024-03-07 12:00:00,42,test,0.295,0.2847082
Merzenhausen,2024-03-07 13:00:00,42,test,0.295,0.2853974
Merzenhausen,2024-03-07 14:00:00,42,test,0.295,0.2860417
Merzenhausen,2024-03-07 15:00:00,42,test,0.295,0.28653196
Merzenhausen,2024-03-07 16:00:00,42,test,0.294,0.28677684
Merzenhausen,2024-03-07 17:00:00,42,test,0.295,0.28684196
Merzenhausen,2024-03-07 18:00:00,42,test,0.295,0.28678715
Merzenhausen,2024-03-07 19:00:00,42,test,0.295,0.28657126
Merzenhausen,2024-03-07 20:00:00,42,test,0.295,0.28623906
Merzenhausen,2024-03-07 21:00:00,42,test,0.295,0.28568995
Merzenhausen,2024-03-07 22:00:00,42,test,0.294,0.28489977
Merzenhausen,2024-03-07 23:00:00,42,test,0.294,0.28388792
Merzenhausen,2024-03-08 00:00:00,42,test,0.294,0.2827468
Merzenhausen,2024-03-08 01:00:00,42,test,0.294,0.28152958
Merzenhausen,2024-03-08 02:00:00,42,test,0.294,0.28029647
Merzenhausen,2024-03-08 03:00:00,42,test,0.294,0.27929568
Merzenhausen,2024-03-08 04:00:00,42,test,0.292,0.27860844
Merzenhausen,2024-03-08 05:00:00,42,test,0.292,0.27822262
Merzenhausen,2024-03-08 06:00:00,42,test,0.292,0.27810133
Merzenhausen,2024-03-08 07:00:00,42,test,0.292,0.2781173
Merzenhausen,2024-03-08 08:00:00,42,test,0.293,0.27824587
Merzenhausen,2024-03-08 09:00:00,42,test,0.293,0.27852046
Merzenhausen,2024-03-08 10:00:00,42,test,0.292,0.27894858
Merzenhausen,2024-03-08 11:00:00,42,test,0.292,0.27947292
Merzenhausen,2024-03-08 12:00:00,42,test,0.29,0.279985
Merzenhausen,2024-03-08 13:00:00,42,test,0.291,0.28059772
Merzenhausen,2024-03-08 14:00:00,42,test,0.29,0.28119177
Merzenhausen,2024-03-08 15:00:00,42,test,0.29,0.28147522
Merzenhausen,2024-03-08 16:00:00,42,test,0.29,0.2814656
Merzenhausen,2024-03-08 17:00:00,42,test,0.29,0.28124905
Merzenhausen,2024-03-08 18:00:00,42,test,0.29,0.28091168
Merzenhausen,2024-03-08 19:00:00,42,test,0.29,0.28059772
Merzenhausen,2024-03-08 20:00:00,42,test,0.291,0.2802968
Merzenhausen,2024-03-08 21:00:00,42,test,0.292,0.27998686
Merzenhausen,2024-03-08 22:00:00,42,test,0.292,0.27951393
Merzenhausen,2024-03-08 23:00:00,42,test,0.29,0.2788518
Merzenhausen,2024-03-09 00:00:00,42,test,0.29,0.27801052
Merzenhausen,2024-03-09 01:00:00,42,test,0.293,0.27706492
Merzenhausen,2024-03-09 02:00:00,42,test,0.301,0.27611002
Merzenhausen,2024-03-09 03:00:00,42,test,0.311,0.27535522
Merzenhausen,2024-03-09 04:00:00,42,test,0.32,0.27485454
Merzenhausen,2024-03-09 05:00:00,42,test,0.337,0.27619466
Merzenhausen,2024-03-09 06:00:00,42,test,0.346,0.27765188
Merzenhausen,2024-03-09 07:00:00,42,test,0.344,0.27813813
Merzenhausen,2024-03-09 08:00:00,42,test,0.344,0.27815494
Merzenhausen,2024-03-09 09:00:00,42,test,0.343,0.27799618
Merzenhausen,2024-03-09 10:00:00,42,test,0.346,0.27778345
Merzenhausen,2024-03-09 11:00:00,42,test,0.346,0.2775264
Merzenhausen,2024-03-09 12:00:00,42,test,0.345,0.2772087
Merzenhausen,2024-03-09 13:00:00,42,test,0.345,0.27676517
Merzenhausen,2024-03-09 14:00:00,42,test,0.347,0.27623612
Merzenhausen,2024-03-09 15:00:00,42,test,0.347,0.27563065
Merzenhausen,2024-03-09 16:00:00,42,test,0.346,0.27496135
Merzenhausen,2024-03-09 17:00:00,42,test,0.349,0.27435768
Merzenhausen,2024-03-09 18:00:00,42,test,0.345,0.2738396
Merzenhausen,2024-03-09 19:00:00,42,test,0.345,0.27345306
Merzenhausen,2024-03-09 20:00:00,42,test,0.346,0.2731205
Merzenhausen,2024-03-09 21:00:00,42,test,0.346,0.27284673
Merzenhausen,2024-03-09 22:00:00,42,test,0.346,0.27255553
Merzenhausen,2024-03-09 23:00:00,42,test,0.343,0.27217367
Merzenhausen,2024-03-10 00:00:00,42,test,0.345,0.271701
Merzenhausen,2024-03-10 01:00:00,42,test,0.343,0.27119437
Merzenhausen,2024-03-10 02:00:00,42,test,0.343,0.27076146
Merzenhausen,2024-03-10 03:00:00,42,test,0.345,0.2704451
Merzenhausen,2024-03-10 04:00:00,42,test,0.345,0.27018243
Merzenhausen,2024-03-10 05:00:00,42,test,0.345,0.26999336
Merzenhausen,2024-03-10 06:00:00,42,test,0.346,0.26987848
Merzenhausen,2024-03-10 07:00:00,42,test,0.344,0.2697981
Merzenhausen,2024-03-10 08:00:00,42,test,0.342,0.26979834
Merzenhausen,2024-03-10 09:00:00,42,test,0.342,0.26984924
Merzenhausen,2024-03-10 10:00:00,42,test,0.342,0.26989567
Merzenhausen,2024-03-10 11:00:00,42,test,0.342,0.26997715
Merzenhausen,2024-03-10 12:00:00,42,test,0.339,0.2699516
Merzenhausen,2024-03-10 13:00:00,42,test,0.339,0.26986387
Merzenhausen,2024-03-10 14:00:00,42,test,0.339,0.2696193
Merzenhausen,2024-03-10 15:00:00,42,test,0.339,0.26927775
Merzenhausen,2024-03-10 16:00:00,42,test,0.339,0.26892605
Merzenhausen,2024-03-10 17:00:00,42,test,0.336,0.26867145
Merzenhausen,2024-03-10 18:00:00,42,test,0.336,0.2684639
Merzenhausen,2024-03-10 19:00:00,42,test,0.339,0.26834905
Merzenhausen,2024-03-10 20:00:00,42,test,0.342,0.26832974
Merzenhausen,2024-03-10 21:00:00,42,test,0.343,0.26834577
Merzenhausen,2024-03-10 22:00:00,42,test,0.3495,0.26825702
Merzenhausen,2024-03-10 23:00:00,42,test,0.351,0.27371997
Merzenhausen,2024-03-11 00:00:00,42,test,0.351,0.2851939
Merzenhausen,2024-03-11 01:00:00,42,test,0.3535,0.29710716
Merzenhausen,2024-03-11 02:00:00,42,test,0.351,0.30652443
Merzenhausen,2024-03-11 03:00:00,42,test,0.3565,0.31462675
Merzenhausen,2024-03-11 04:00:00,42,test,0.352,0.3185057
Merzenhausen,2024-03-11 05:00:00,42,test,0.351,0.32038972
Merzenhausen,2024-03-11 06:00:00,42,test,0.352,0.32028052
Merzenhausen,2024-03-11 07:00:00,42,test,0.348,0.31866562
Merzenhausen,2024-03-11 08:00:00,42,test,0.348,0.31713292
Merzenhausen,2024-03-11 09:00:00,42,test,0.348,0.31691015
Merzenhausen,2024-03-11 10:00:00,42,test,0.348,0.31817687
Merzenhausen,2024-03-11 11:00:00,42,test,0.348,0.32115197
Merzenhausen,2024-03-11 12:00:00,42,test,0.345,0.32396215
Merzenhausen,2024-03-11 13:00:00,42,test,0.344,0.3269392
Merzenhausen,2024-03-11 14:00:00,42,test,0.344,0.33016634
Merzenhausen,2024-03-11 15:00:00,42,test,0.342,0.33191597
Merzenhausen,2024-03-11 16:00:00,42,test,0.345,0.33448797
Merzenhausen,2024-03-11 17:00:00,42,test,0.342,0.33575106
Merzenhausen,2024-03-11 18:00:00,42,test,0.339,0.33657733
Merzenhausen,2024-03-11 19:00:00,42,test,0.339,0.3362403
Merzenhausen,2024-03-11 20:00:00,42,test,0.339,0.3353611
Merzenhausen,2024-03-11 21:00:00,42,test,0.336,0.33620843
Merzenhausen,2024-03-11 22:00:00,42,test,0.339,0.33573222
Merzenhausen,2024-03-11 23:00:00,42,test,0.336,0.33597675
Merzenhausen,2024-03-12 00:00:00,42,test,0.336,0.33719766
Merzenhausen,2024-03-12 01:00:00,42,test,0.339,0.33742422
Merzenhausen,2024-03-12 02:00:00,42,test,0.335,0.33686057
Merzenhausen,2024-03-12 03:00:00,42,test,0.336,0.33740112
Merzenhausen,2024-03-12 04:00:00,42,test,0.335,0.33798593
Merzenhausen,2024-03-12 05:00:00,42,test,0.336,0.33724052
Merzenhausen,2024-03-12 06:00:00,42,test,0.333,0.33620322
Merzenhausen,2024-03-12 07:00:00,42,test,0.333,0.3351087
Merzenhausen,2024-03-12 08:00:00,42,test,0.333,0.33410293
Merzenhausen,2024-03-12 09:00:00,42,test,0.333,0.33327913
Merzenhausen,2024-03-12 10:00:00,42,test,0.333,0.33270162
Merzenhausen,2024-03-12 11:00:00,42,test,0.333,0.33241463
Merzenhausen,2024-03-12 12:00:00,42,test,0.333,0.33218282
Merzenhausen,2024-03-12 13:00:00,42,test,0.327,0.3319574
Merzenhausen,2024-03-12 14:00:00,42,test,0.326,0.3314731
Merzenhausen,2024-03-12 15:00:00,42,test,0.329,0.33083805
Merzenhausen,2024-03-12 16:00:00,42,test,0.329,0.3300358
Merzenhausen,2024-03-12 17:00:00,42,test,0.329,0.33160868
Merzenhausen,2024-03-12 18:00:00,42,test,0.33,0.33724925
Merzenhausen,2024-03-12 19:00:00,42,test,0.326,0.34352946
Merzenhausen,2024-03-12 20:00:00,42,test,0.328,0.34878856
Merzenhausen,2024-03-12 21:00:00,42,test,0.33,0.3521511
Merzenhausen,2024-03-12 22:00:00,42,test,0.326,0.35310614
Merzenhausen,2024-03-12 23:00:00,42,test,0.327,0.35314447
Merzenhausen,2024-03-13 00:00:00,42,test,0.324,0.35380214
Merzenhausen,2024-03-13 01:00:00,42,test,0.327,0.3521465
Merzenhausen,2024-03-13 02:00:00,42,test,0.328,0.35080305
Merzenhausen,2024-03-13 03:00:00,42,test,0.324,0.34971207
Merzenhausen,2024-03-13 04:00:00,42,test,0.325,0.3474955
Merzenhausen,2024-03-13 05:00:00,42,test,0.325,0.34539235
Merzenhausen,2024-03-13 06:00:00,42,test,0.324,0.3433214
Merzenhausen,2024-03-13 07:00:00,42,test,0.322,0.3411335
Merzenhausen,2024-03-13 08:00:00,42,test,0.322,0.3391918
Merzenhausen,2024-03-13 09:00:00,42,test,0.325,0.33760327
Merzenhausen,2024-03-13 10:00:00,42,test,0.325,0.33645153
Merzenhausen,2024-03-13 11:00:00,42,test,0.325,0.33567178
Merzenhausen,2024-03-13 12:00:00,42,test,0.322,0.3350525
Merzenhausen,2024-03-13 13:00:00,42,test,0.323,0.3345638
Merzenhausen,2024-03-13 14:00:00,42,test,0.323,0.33393824
Merzenhausen,2024-03-13 15:00:00,42,test,0.322,0.33306116
Merzenhausen,2024-03-13 16:00:00,42,test,0.325,0.33205906
Merzenhausen,2024-03-13 17:00:00,42,test,0.3235,0.33086887
Merzenhausen,2024-03-13 18:00:00,42,test,0.3429999999999999,0.32946107
Merzenhausen,2024-03-13 19:00:00,42,test,0.333,0.3279537
Merzenhausen,2024-03-13 20:00:00,42,test,0.336,0.32651204
Merzenhausen,2024-03-13 21:00:00,42,test,0.336,0.32516584
Merzenhausen,2024-03-13 22:00:00,42,test,0.336,0.32414564
Merzenhausen,2024-03-13 23:00:00,42,test,0.3389999999999999,0.3231791
Merzenhausen,2024-03-14 00:00:00,42,test,0.3335,0.3223197
Merzenhausen,2024-03-14 01:00:00,42,test,0.337,0.321685
Merzenhausen,2024-03-14 02:00:00,42,test,0.336,0.32097176
Merzenhausen,2024-03-14 03:00:00,42,test,0.333,0.32029015
Merzenhausen,2024-03-14 04:00:00,42,test,0.333,0.31961507
Merzenhausen,2024-03-14 05:00:00,42,test,0.3395,0.31907552
Merzenhausen,2024-03-14 06:00:00,42,test,0.333,0.31857792
Merzenhausen,2024-03-14 07:00:00,42,test,0.348,0.31806487
Merzenhausen,2024-03-14 08:00:00,42,test,0.3415,0.31758052
Merzenhausen,2024-03-14 09:00:00,42,test,0.333,0.3170789
Merzenhausen,2024-03-14 10:00:00,42,test,0.335,0.31672478
Merzenhausen,2024-03-14 11:00:00,42,test,0.335,0.31646737
Merzenhausen,2024-03-14 12:00:00,42,test,0.335,0.31613773
Merzenhausen,2024-03-14 13:00:00,42,test,0.3335,0.3153649
Merzenhausen,2024-03-14 14:00:00,42,test,0.333,0.3141056
Merzenhausen,2024-03-14 15:00:00,42,test,0.3325,0.3125928
Merzenhausen,2024-03-14 16:00:00,42,test,0.3415,0.31113
Merzenhausen,2024-03-14 17:00:00,42,test,0.345,0.3099529
Merzenhausen,2024-03-14 18:00:00,42,test,0.332,0.30910617
Merzenhausen,2024-03-14 19:00:00,42,test,0.329,0.30835822
Merzenhausen,2024-03-14 20:00:00,42,test,0.33,0.30802444
Merzenhausen,2024-03-14 21:00:00,42,test,0.332,0.30803955
Merzenhausen,2024-03-14 22:00:00,42,test,0.333,0.3080461
Merzenhausen,2024-03-14 23:00:00,42,test,0.33,0.30820137
Merzenhausen,2024-03-15 00:00:00,42,test,0.331,0.30835354
Merzenhausen,2024-03-15 01:00:00,42,test,0.327,0.30863458
Merzenhausen,2024-03-15 02:00:00,42,test,0.33,0.30902767
Merzenhausen,2024-03-15 03:00:00,42,test,0.33,0.30933666
Merzenhausen,2024-03-15 04:00:00,42,test,0.331,0.30961156
Merzenhausen,2024-03-15 05:00:00,42,test,0.327,0.30986002
Merzenhausen,2024-03-15 06:00:00,42,test,0.328,0.31006703
Merzenhausen,2024-03-15 07:00:00,42,test,0.33,0.31089807
Merzenhausen,2024-03-15 08:00:00,42,test,0.326,0.31120995
Merzenhausen,2024-03-15 09:00:00,42,test,0.327,0.31138337
Merzenhausen,2024-03-15 10:00:00,42,test,0.327,0.31153145
Merzenhausen,2024-03-15 11:00:00,42,test,0.327,0.3118015
Merzenhausen,2024-03-15 12:00:00,42,test,0.327,0.31176385
Merzenhausen,2024-03-15 13:00:00,42,test,0.328,0.31153372
Merzenhausen,2024-03-15 14:00:00,42,test,0.328,0.31460553
Merzenhausen,2024-03-15 15:00:00,42,test,0.324,0.31534982
Merzenhausen,2024-03-15 16:00:00,42,test,0.324,0.32797664
Merzenhausen,2024-03-15 17:00:00,42,test,0.324,0.33704707
Merzenhausen,2024-03-15 18:00:00,42,test,0.324,0.33846423
Merzenhausen,2024-03-15 19:00:00,42,test,0.325,0.33815283
Merzenhausen,2024-03-15 20:00:00,42,test,0.321,0.33674973
Merzenhausen,2024-03-15 21:00:00,42,test,0.322,0.33490467
Merzenhausen,2024-03-15 22:00:00,42,test,0.32,0.33292836
Merzenhausen,2024-03-15 23:00:00,42,test,0.321,0.3351015
Merzenhausen,2024-03-16 00:00:00,42,test,0.321,0.334836
Merzenhausen,2024-03-16 01:00:00,42,test,0.322,0.3335783
Merzenhausen,2024-03-16 02:00:00,42,test,0.324,0.331931
Merzenhausen,2024-03-16 03:00:00,42,test,0.324,0.3301441
Merzenhausen,2024-03-16 04:00:00,42,test,0.318,0.3284446
Merzenhausen,2024-03-16 05:00:00,42,test,0.321,0.32776898
Merzenhausen,2024-03-16 06:00:00,42,test,0.321,0.3318431
Merzenhausen,2024-03-16 07:00:00,42,test,0.321,0.3327608
Merzenhausen,2024-03-16 08:00:00,42,test,0.322,0.33261847
Merzenhausen,2024-03-16 09:00:00,42,test,0.319,0.33191997
Merzenhausen,2024-03-16 10:00:00,42,test,0.319,0.33123052
Merzenhausen,2024-03-16 11:00:00,42,test,0.319,0.3306061
Merzenhausen,2024-03-16 12:00:00,42,test,0.319,0.3301854
Merzenhausen,2024-03-16 13:00:00,42,test,0.319,0.3297919
Merzenhausen,2024-03-16 14:00:00,42,test,0.319,0.32930413
Merzenhausen,2024-03-16 15:00:00,42,test,0.318,0.3286501
Merzenhausen,2024-03-16 16:00:00,42,test,0.315,0.32810244
Merzenhausen,2024-03-16 17:00:00,42,test,0.315,0.32772005
Merzenhausen,2024-03-16 18:00:00,42,test,0.319,0.32694516
Merzenhausen,2024-03-16 19:00:00,42,test,0.319,0.32570687
Merzenhausen,2024-03-16 20:00:00,42,test,0.315,0.32430685
Merzenhausen,2024-03-16 21:00:00,42,test,0.316,0.32295018
Merzenhausen,2024-03-16 22:00:00,42,test,0.313,0.3216343
Merzenhausen,2024-03-16 23:00:00,42,test,0.316,0.32025334
Merzenhausen,2024-03-17 00:00:00,42,test,0.317,0.3188355
Merzenhausen,2024-03-17 01:00:00,42,test,0.313,0.3173096
Merzenhausen,2024-03-17 02:00:00,42,test,0.316,0.31593472
Merzenhausen,2024-03-17 03:00:00,42,test,0.316,0.31477207
Merzenhausen,2024-03-17 04:00:00,42,test,0.314,0.31391802
Merzenhausen,2024-03-17 05:00:00,42,test,0.313,0.31320083
Merzenhausen,2024-03-17 06:00:00,42,test,0.313,0.3126753
Merzenhausen,2024-03-17 07:00:00,42,test,0.314,0.31252435
Merzenhausen,2024-03-17 08:00:00,42,test,0.314,0.312607
Merzenhausen,2024-03-17 09:00:00,42,test,0.311,0.3129209
Merzenhausen,2024-03-17 10:00:00,42,test,0.313,0.31338555
Merzenhausen,2024-03-17 11:00:00,42,test,0.311,0.31396407
Merzenhausen,2024-03-17 12:00:00,42,test,0.311,0.31457
Merzenhausen,2024-03-17 13:00:00,42,test,0.311,0.31507382
Merzenhausen,2024-03-17 14:00:00,42,test,0.31,0.31525236
Merzenhausen,2024-03-17 15:00:00,42,test,0.311,0.3148283
Merzenhausen,2024-03-17 16:00:00,42,test,0.311,0.31412283
Merzenhausen,2024-03-17 17:00:00,42,test,0.311,0.31321687
Merzenhausen,2024-03-17 18:00:00,42,test,0.311,0.31231928
Merzenhausen,2024-03-17 19:00:00,42,test,0.31,0.31148976
Merzenhausen,2024-03-17 20:00:00,42,test,0.311,0.3106594
Merzenhausen,2024-03-17 21:00:00,42,test,0.308,0.31086951
Merzenhausen,2024-03-17 22:00:00,42,test,0.31,0.3105756
Merzenhausen,2024-03-17 23:00:00,42,test,0.311,0.31273824
Merzenhausen,2024-03-18 00:00:00,42,test,0.308,0.31483227
Merzenhausen,2024-03-18 01:00:00,42,test,0.309,0.31743965
Merzenhausen,2024-03-18 02:00:00,42,test,0.309,0.3178745
Merzenhausen,2024-03-18 03:00:00,42,test,0.305,0.31741142
Merzenhausen,2024-03-18 04:00:00,42,test,0.306,0.31637123
Merzenhausen,2024-03-18 05:00:00,42,test,0.309,0.31518406
Merzenhausen,2024-03-18 06:00:00,42,test,0.309,0.31404138
Merzenhausen,2024-03-18 07:00:00,42,test,0.306,0.3130377
Merzenhausen,2024-03-18 08:00:00,42,test,0.306,0.312237
Merzenhausen,2024-03-18 09:00:00,42,test,0.306,0.31156453
Merzenhausen,2024-03-18 10:00:00,42,test,0.306,0.31101215
Merzenhausen,2024-03-18 11:00:00,42,test,0.305,0.31063306
Merzenhausen,2024-03-18 12:00:00,42,test,0.305,0.31023484
Merzenhausen,2024-03-18 13:00:00,42,test,0.305,0.30990374
Merzenhausen,2024-03-18 14:00:00,42,test,0.305,0.3094731
Merzenhausen,2024-03-18 15:00:00,42,test,0.302,0.3088101
Merzenhausen,2024-03-18 16:00:00,42,test,0.304,0.30800253
Merzenhausen,2024-03-18 17:00:00,42,test,0.305,0.3068769
Merzenhausen,2024-03-18 18:00:00,42,test,0.305,0.3061499
Merzenhausen,2024-03-18 19:00:00,42,test,0.302,0.3056817
Merzenhausen,2024-03-18 20:00:00,42,test,0.302,0.30507115
Merzenhausen,2024-03-18 21:00:00,42,test,0.306,0.30450723
Merzenhausen,2024-03-18 22:00:00,42,test,0.302,0.303731
Merzenhausen,2024-03-18 23:00:00,42,test,0.303,0.30296943
Merzenhausen,2024-03-19 00:00:00,42,test,0.303,0.30230948
Merzenhausen,2024-03-19 01:00:00,42,test,0.303,0.30158734
Merzenhausen,2024-03-19 02:00:00,42,test,0.304,0.30103958
Merzenhausen,2024-03-19 03:00:00,42,test,0.301,0.30070072
Merzenhausen,2024-03-19 04:00:00,42,test,0.301,0.30050778
Merzenhausen,2024-03-19 05:00:00,42,test,0.301,0.30044112
Merzenhausen,2024-03-19 06:00:00,42,test,0.301,0.30051234
Merzenhausen,2024-03-19 07:00:00,42,test,0.299,0.3007207
Merzenhausen,2024-03-19 08:00:00,42,test,0.301,0.30105716
Merzenhausen,2024-03-19 09:00:00,42,test,0.301,0.3012429
Merzenhausen,2024-03-19 10:00:00,42,test,0.301,0.30146155
Merzenhausen,2024-03-19 11:00:00,42,test,0.302,0.3014991
Merzenhausen,2024-03-19 12:00:00,42,test,0.302,0.30133677
Merzenhausen,2024-03-19 13:00:00,42,test,0.301,0.30084294
Merzenhausen,2024-03-19 14:00:00,42,test,0.301,0.30004418
Merzenhausen,2024-03-19 15:00:00,42,test,0.301,0.2990045
Merzenhausen,2024-03-19 16:00:00,42,test,0.301,0.29791963
Merzenhausen,2024-03-19 17:00:00,42,test,0.298,0.2970015
Merzenhausen,2024-03-19 18:00:00,42,test,0.299,0.29633528
Merzenhausen,2024-03-19 19:00:00,42,test,0.298,0.29590222
Merzenhausen,2024-03-19 20:00:00,42,test,0.299,0.295625
Merzenhausen,2024-03-19 21:00:00,42,test,0.301,0.29534966
Merzenhausen,2024-03-19 22:00:00,42,test,0.298,0.2951176
Merzenhausen,2024-03-19 23:00:00,42,test,0.298,0.29489425
Merzenhausen,2024-03-20 00:00:00,42,test,0.299,0.29451364
Merzenhausen,2024-03-20 01:00:00,42,test,0.299,0.29407972
Merzenhausen,2024-03-20 02:00:00,42,test,0.299,0.29369026
Merzenhausen,2024-03-20 03:00:00,42,test,0.299,0.293253
Merzenhausen,2024-03-20 04:00:00,42,test,0.296,0.2929598
Merzenhausen,2024-03-20 05:00:00,42,test,0.296,0.2930037
Merzenhausen,2024-03-20 06:00:00,42,test,0.297,0.2933213
Merzenhausen,2024-03-20 07:00:00,42,test,0.299,0.29366672
Merzenhausen,2024-03-20 08:00:00,42,test,0.3,0.29402512
Merzenhausen,2024-03-20 09:00:00,42,test,0.3,0.29439133
Merzenhausen,2024-03-20 10:00:00,42,test,0.296,0.29461002
Merzenhausen,2024-03-20 11:00:00,42,test,0.296,0.29454327
Merzenhausen,2024-03-20 12:00:00,42,test,0.296,0.29426634
Merzenhausen,2024-03-20 13:00:00,42,test,0.296,0.29366195
Merzenhausen,2024-03-20 14:00:00,42,test,0.293,0.2927915
Merzenhausen,2024-03-20 15:00:00,42,test,0.293,0.29165918
Merzenhausen,2024-03-20 16:00:00,42,test,0.293,0.2906083
Merzenhausen,2024-03-20 17:00:00,42,test,0.294,0.28973567
Merzenhausen,2024-03-20 18:00:00,42,test,0.294,0.2890755
Merzenhausen,2024-03-20 19:00:00,42,test,0.294,0.2885666
Merzenhausen,2024-03-20 20:00:00,42,test,0.294,0.2881992
Merzenhausen,2024-03-20 21:00:00,42,test,0.293,0.28820133
Merzenhausen,2024-03-20 22:00:00,42,test,0.296,0.2881074
Merzenhausen,2024-03-20 23:00:00,42,test,0.301,0.28792638
Merzenhausen,2024-03-21 00:00:00,42,test,0.2995,0.28768447
Merzenhausen,2025-04-18 05:00:00,42,test,0.289,0.30842176
Merzenhausen,2025-04-18 06:00:00,42,test,0.286,0.31080616
Merzenhausen,2025-04-18 07:00:00,42,test,0.289,0.31226814
Merzenhausen,2025-04-18 08:00:00,42,test,0.289,0.31362033
Merzenhausen,2025-04-18 09:00:00,42,test,0.29,0.31508356
Merzenhausen,2025-04-18 10:00:00,42,test,0.289,0.31654182
Merzenhausen,2025-04-18 11:00:00,42,test,0.291,0.31782985
Merzenhausen,2025-04-18 12:00:00,42,test,0.294,0.3185656
Merzenhausen,2025-04-18 13:00:00,42,test,0.29,0.31847727
Merzenhausen,2025-04-18 14:00:00,42,test,0.291,0.31737903
Merzenhausen,2025-04-18 15:00:00,42,test,0.29,0.31543526
Merzenhausen,2025-04-18 16:00:00,42,test,0.289,0.31283915
Merzenhausen,2025-04-18 17:00:00,42,test,0.286,0.30965528
Merzenhausen,2025-04-18 18:00:00,42,test,0.288,0.30631977
Merzenhausen,2025-04-18 19:00:00,42,test,0.29,0.30305067
Merzenhausen,2025-04-18 20:00:00,42,test,0.29,0.29992557
Merzenhausen,2025-04-18 21:00:00,42,test,0.293,0.2970186
Merzenhausen,2025-04-18 22:00:00,42,test,0.293,0.29434457
Merzenhausen,2025-04-18 23:00:00,42,test,0.293,0.29184026
Merzenhausen,2025-04-19 00:00:00,42,test,0.293,0.28978682
Merzenhausen,2025-04-19 01:00:00,42,test,0.289,0.28829232
Merzenhausen,2025-04-19 02:00:00,42,test,0.296,0.28729483
Merzenhausen,2025-04-19 03:00:00,42,test,0.296,0.28673837
Merzenhausen,2025-04-19 04:00:00,42,test,0.296,0.28658944
Merzenhausen,2025-04-19 05:00:00,42,test,0.296,0.28676376
Merzenhausen,2025-04-19 06:00:00,42,test,0.296,0.28701437
Merzenhausen,2025-04-19 07:00:00,42,test,0.296,0.28730366
Merzenhausen,2025-04-19 08:00:00,42,test,0.3,0.28770873
Merzenhausen,2025-04-19 09:00:00,42,test,0.3,0.2881717
Merzenhausen,2025-04-19 10:00:00,42,test,0.298,0.2885629
Merzenhausen,2025-04-19 11:00:00,42,test,0.297,0.28848973
Merzenhausen,2025-04-19 12:00:00,42,test,0.297,0.2879257
Merzenhausen,2025-04-19 13:00:00,42,test,0.299,0.2869311
Merzenhausen,2025-04-19 14:00:00,42,test,0.297,0.28540114
Merzenhausen,2025-04-19 15:00:00,42,test,0.298,0.28344727
Merzenhausen,2025-04-19 16:00:00,42,test,0.298,0.28112322
Merzenhausen,2025-04-19 17:00:00,42,test,0.292,0.27859977
Merzenhausen,2025-04-19 18:00:00,42,test,0.297,0.27605838
Merzenhausen,2025-04-19 19:00:00,42,test,0.304,0.27369893
Merzenhausen,2025-04-19 20:00:00,42,test,0.299,0.27162606
Merzenhausen,2025-04-19 21:00:00,42,test,0.295,0.26995558
Merzenhausen,2025-04-19 22:00:00,42,test,0.295,0.26855177
Merzenhausen,2025-04-19 23:00:00,42,test,0.296,0.26736578
Merzenhausen,2025-04-20 00:00:00,42,test,0.296,0.26642454
Merzenhausen,2025-04-20 01:00:00,42,test,0.293,0.26564366
Merzenhausen,2025-04-20 02:00:00,42,test,0.295,0.26530597
Merzenhausen,2025-04-20 03:00:00,42,test,0.295,0.2654127
Merzenhausen,2025-04-20 04:00:00,42,test,0.295,0.2659001
Merzenhausen,2025-04-20 05:00:00,42,test,0.295,0.26679018
Merzenhausen,2025-04-20 06:00:00,42,test,0.295,0.2679585
Merzenhausen,2025-04-20 07:00:00,42,test,0.295,0.26933578
Merzenhausen,2025-04-20 08:00:00,42,test,0.297,0.27075455
Merzenhausen,2025-04-20 09:00:00,42,test,0.295,0.27198735
Merzenhausen,2025-04-20 10:00:00,42,test,0.294,0.27263018
Merzenhausen,2025-04-20 11:00:00,42,test,0.296,0.27254125
Merzenhausen,2025-04-20 12:00:00,42,test,0.299,0.27174795
Merzenhausen,2025-04-20 13:00:00,42,test,0.296,0.27039722
Merzenhausen,2025-04-20 14:00:00,42,test,0.295,0.26889533
Merzenhausen,2025-04-20 15:00:00,42,test,0.298,0.2744826
Merzenhausen,2025-04-20 16:00:00,42,test,0.2995,0.2760468
Merzenhausen,2025-04-20 17:00:00,42,test,0.293,0.29169583
Merzenhausen,2025-04-20 18:00:00,42,test,0.294,0.30321586
Merzenhausen,2025-04-20 19:00:00,42,test,0.291,0.3051759
Merzenhausen,2025-04-20 20:00:00,42,test,0.288,0.30319658
Merzenhausen,2025-04-20 21:00:00,42,test,0.289,0.29954946
Merzenhausen,2025-04-20 22:00:00,42,test,0.287,0.29536244
Merzenhausen,2025-04-20 23:00:00,42,test,0.288,0.2911898
Merzenhausen,2025-04-21 00:00:00,42,test,0.286,0.2874437
Merzenhausen,2025-04-21 01:00:00,42,test,0.285,0.2841364
Merzenhausen,2025-04-21 02:00:00,42,test,0.282,0.2818649
Merzenhausen,2025-04-21 03:00:00,42,test,0.285,0.2805958
Merzenhausen,2025-04-21 04:00:00,42,test,0.282,0.2801405
Merzenhausen,2025-04-21 05:00:00,42,test,0.282,0.28114253
Merzenhausen,2025-04-21 06:00:00,42,test,0.282,0.28206694
Merzenhausen,2025-04-21 07:00:00,42,test,0.286,0.28302407
Merzenhausen,2025-04-21 08:00:00,42,test,0.285,0.28405306
Merzenhausen,2025-04-21 09:00:00,42,test,0.284,0.2849803
Merzenhausen,2025-04-21 10:00:00,42,test,0.287,0.2856104
Merzenhausen,2025-04-21 11:00:00,42,test,0.289,0.28580722
Merzenhausen,2025-04-21 12:00:00,42,test,0.289,0.2856247
Merzenhausen,2025-04-21 13:00:00,42,test,0.286,0.2851875
Merzenhausen,2025-04-21 14:00:00,42,test,0.291,0.28445098
Merzenhausen,2025-04-21 15:00:00,42,test,0.292,0.2845683
Merzenhausen,2025-04-21 16:00:00,42,test,0.296,0.28395584
Merzenhausen,2025-04-21 17:00:00,42,test,0.301,0.28262752
Merzenhausen,2025-04-21 18:00:00,42,test,0.304,0.28115132
Merzenhausen,2025-04-21 19:00:00,42,test,0.304,0.28019243
Merzenhausen,2025-04-21 20:00:00,42,test,0.305,0.27938294
Merzenhausen,2025-04-21 21:00:00,42,test,0.306,0.27847075
Merzenhausen,2025-04-21 22:00:00,42,test,0.304,0.27748534
Merzenhausen,2025-04-21 23:00:00,42,test,0.306,0.27662623
Merzenhausen,2025-04-22 00:00:00,42,test,0.306,0.27596042
Merzenhausen,2025-04-22 01:00:00,42,test,0.306,0.27533132
Merzenhausen,2025-04-22 02:00:00,42,test,0.307,0.27498174
Merzenhausen,2025-04-22 03:00:00,42,test,0.306,0.27497062
Merzenhausen,2025-04-22 04:00:00,42,test,0.306,0.27521998
Merzenhausen,2025-04-22 05:00:00,42,test,0.309,0.27568054
Merzenhausen,2025-04-22 06:00:00,42,test,0.311,0.27627468
Merzenhausen,2025-04-22 07:00:00,42,test,0.31,0.27692485
Merzenhausen,2025-04-22 08:00:00,42,test,0.313,0.27765408
Merzenhausen,2025-04-22 09:00:00,42,test,0.313,0.27821797
Merzenhausen,2025-04-22 10:00:00,42,test,0.315,0.27843297
Merzenhausen,2025-04-22 11:00:00,42,test,0.316,0.2783755
Merzenhausen,2025-04-22 12:00:00,42,test,0.318,0.27803445
Merzenhausen,2025-04-22 13:00:00,42,test,0.341,0.27717826
Merzenhausen,2025-04-22 14:00:00,42,test,0.348,0.27571675
Merzenhausen,2025-04-22 15:00:00,42,test,0.354,0.27405834
Merzenhausen,2025-04-22 16:00:00,42,test,0.348,0.27229223
Merzenhausen,2025-04-22 17:00:00,42,test,0.356,0.27038124
Merzenhausen,2025-04-22 18:00:00,42,test,0.356,0.26851082
Merzenhausen,2025-04-22 19:00:00,42,test,0.353,0.26683593
Merzenhausen,2025-04-22 20:00:00,42,test,0.353,0.26523107
Merzenhausen,2025-04-22 21:00:00,42,test,0.35,0.26398182
Merzenhausen,2025-04-22 22:00:00,42,test,0.356,0.26292488
Merzenhausen,2025-04-22 23:00:00,42,test,0.353,0.2621508
Merzenhausen,2025-04-23 00:00:00,42,test,0.353,0.2615582
Merzenhausen,2025-04-23 01:00:00,42,test,0.348,0.26115912
Merzenhausen,2025-04-23 02:00:00,42,test,0.348,0.26090258
Merzenhausen,2025-04-23 03:00:00,42,test,0.347,0.26200238
Merzenhausen,2025-04-23 04:00:00,42,test,0.342,0.2691285
Merzenhausen,2025-04-23 05:00:00,42,test,0.344,0.27381337
Merzenhausen,2025-04-23 06:00:00,42,test,0.344,0.27583665
Merzenhausen,2025-04-23 07:00:00,42,test,0.341,0.27683187
Merzenhausen,2025-04-23 08:00:00,42,test,0.339,0.2772907
Merzenhausen,2025-04-23 09:00:00,42,test,0.339,0.2772948
Merzenhausen,2025-04-23 10:00:00,42,test,0.337,0.27711147
Merzenhausen,2025-04-23 11:00:00,42,test,0.338,0.29030252
Merzenhausen,2025-04-23 12:00:00,42,test,0.335,0.29563928
Merzenhausen,2025-04-23 13:00:00,42,test,0.335,0.30431062
Merzenhausen,2025-04-23 14:00:00,42,test,0.335,0.30547744
Merzenhausen,2025-04-23 15:00:00,42,test,0.335,0.3127497
Merzenhausen,2025-04-23 16:00:00,42,test,0.332,0.31282103
Merzenhausen,2025-04-23 17:00:00,42,test,0.332,0.31054112
Merzenhausen,2025-04-23 18:00:00,42,test,0.332,0.30732384
Merzenhausen,2025-04-23 19:00:00,42,test,0.33,0.3038177
Merzenhausen,2025-04-23 20:00:00,42,test,0.327,0.30046105
Merzenhausen,2025-04-23 21:00:00,42,test,0.327,0.29745772
Merzenhausen,2025-04-23 22:00:00,42,test,0.328,0.29470798
Merzenhausen,2025-04-23 23:00:00,42,test,0.327,0.29247338
Merzenhausen,2025-04-24 00:00:00,42,test,0.325,0.2950151
Merzenhausen,2025-04-24 01:00:00,42,test,0.325,0.2966287
Merzenhausen,2025-04-24 02:00:00,42,test,0.324,0.29962277
Merzenhausen,2025-04-24 03:00:00,42,test,0.325,0.30395725
Merzenhausen,2025-04-24 04:00:00,42,test,0.324,0.30756283
Merzenhausen,2025-04-24 05:00:00,42,test,0.324,0.3106448
Merzenhausen,2025-04-24 06:00:00,42,test,0.324,0.31056246
Merzenhausen,2025-04-24 07:00:00,42,test,0.322,0.31081295
Merzenhausen,2025-04-24 08:00:00,42,test,0.324,0.31135818
Merzenhausen,2025-04-24 09:00:00,42,test,0.324,0.3108395
Merzenhausen,2025-04-24 10:00:00,42,test,0.326,0.3102077
Merzenhausen,2025-04-24 11:00:00,42,test,0.326,0.3105348
Merzenhausen,2025-04-24 12:00:00,42,test,0.324,0.31713006
Merzenhausen,2025-04-24 13:00:00,42,test,0.321,0.327872
Merzenhausen,2025-04-24 14:00:00,42,test,0.321,0.33392328
Merzenhausen,2025-04-24 15:00:00,42,test,0.316,0.33934617
Merzenhausen,2025-04-24 16:00:00,42,test,0.317,0.34284735
Merzenhausen,2025-04-24 17:00:00,42,test,0.314,0.34714204
Merzenhausen,2025-04-24 18:00:00,42,test,0.313,0.34771842
Merzenhausen,2025-04-24 19:00:00,42,test,0.31,0.3442207
Merzenhausen,2025-04-24 20:00:00,42,test,0.31,0.33532315
Merzenhausen,2025-04-24 21:00:00,42,test,0.308,0.3309002
Merzenhausen,2025-04-24 22:00:00,42,test,0.305,0.32873815
Merzenhausen,2025-04-24 23:00:00,42,test,0.305,0.32647505
Merzenhausen,2025-04-25 00:00:00,42,test,0.303,0.3241471
Merzenhausen,2025-04-25 01:00:00,42,test,0.304,0.32176572
Merzenhausen,2025-04-25 02:00:00,42,test,0.301,0.31948328
Merzenhausen,2025-04-25 03:00:00,42,test,0.301,0.31748664
Merzenhausen,2025-04-25 04:00:00,42,test,0.301,0.31574732
Merzenhausen,2025-04-25 05:00:00,42,test,0.299,0.31434065
Merzenhausen,2025-04-25 06:00:00,42,test,0.301,0.3133145
Merzenhausen,2025-04-25 07:00:00,42,test,0.299,0.31264094
Merzenhausen,2025-04-25 08:00:00,42,test,0.301,0.31221518
Merzenhausen,2025-04-25 09:00:00,42,test,0.3,0.3120376
Merzenhausen,2025-04-25 10:00:00,42,test,0.302,0.31203094
Merzenhausen,2025-04-25 11:00:00,42,test,0.305,0.31220326
Merzenhausen,2025-04-25 12:00:00,42,test,0.307,0.31250793
Merzenhausen,2025-04-25 13:00:00,42,test,0.306,0.3129347
Merzenhausen,2025-04-25 14:00:00,42,test,0.306,0.31334978
Merzenhausen,2025-04-25 15:00:00,42,test,0.306,0.31373513
Merzenhausen,2025-04-25 16:00:00,42,test,0.306,0.31403038
Merzenhausen,2025-04-25 17:00:00,42,test,0.303,0.31401363
Merzenhausen,2025-04-25 18:00:00,42,test,0.301,0.31369856
Merzenhausen,2025-04-25 19:00:00,42,test,0.298,0.3129919
Merzenhausen,2025-04-25 20:00:00,42,test,0.296,0.31176883
Merzenhausen,2025-04-25 21:00:00,42,test,0.294,0.3100981
Merzenhausen,2025-04-25 22:00:00,42,test,0.292,0.30809748
Merzenhausen,2025-04-25 23:00:00,42,test,0.292,0.3060078
Merzenhausen,2025-04-26 00:00:00,42,test,0.29,0.3039544
Merzenhausen,2025-05-23 14:00:00,42,test,0.214,0.2117226
Merzenhausen,2025-05-23 15:00:00,42,test,0.217,0.21237649
Merzenhausen,2025-05-23 16:00:00,42,test,0.241,0.21261628
Merzenhausen,2025-05-23 17:00:00,42,test,0.216,0.21281053
Merzenhausen,2025-05-23 18:00:00,42,test,0.2224999999999999,0.21276127
Merzenhausen,2025-05-23 19:00:00,42,test,0.21,0.21257715
Merzenhausen,2025-06-22 01:00:00,42,test,0.131,0.13438721
Merzenhausen,2025-06-22 02:00:00,42,test,0.13,0.13353333
Merzenhausen,2025-06-22 03:00:00,42,test,0.129,0.13298777
Merzenhausen,2025-06-22 04:00:00,42,test,0.131,0.13257048
Merzenhausen,2025-06-22 05:00:00,42,test,0.129,0.13251704
Merzenhausen,2025-06-22 06:00:00,42,test,0.132,0.13296676
Merzenhausen,2025-06-22 07:00:00,42,test,0.127,0.13377252
Merzenhausen,2025-06-22 08:00:00,42,test,0.13,0.13485315
Merzenhausen,2025-06-22 09:00:00,42,test,0.129,0.1358983
Merzenhausen,2025-06-22 10:00:00,42,test,0.133,0.13694051
Merzenhausen,2025-06-22 11:00:00,42,test,0.132,0.13776341
Merzenhausen,2025-06-22 12:00:00,42,test,0.136,0.13846886
Merzenhausen,2025-06-22 13:00:00,42,test,0.136,0.13923548
Merzenhausen,2025-06-22 14:00:00,42,test,0.136,0.14003383
Merzenhausen,2025-06-22 15:00:00,42,test,0.137,0.14058185
Merzenhausen,2025-06-22 16:00:00,42,test,0.136,0.1406621
Merzenhausen,2025-06-22 17:00:00,42,test,0.136,0.14044523
Merzenhausen,2025-06-22 18:00:00,42,test,0.136,0.13978234
Merzenhausen,2025-06-22 19:00:00,42,test,0.133,0.13895568
Merzenhausen,2025-06-22 20:00:00,42,test,0.132,0.1380459
Merzenhausen,2025-06-22 21:00:00,42,test,0.132,0.13707499
Merzenhausen,2025-06-22 22:00:00,42,test,0.135,0.13592026
Merzenhausen,2025-06-22 23:00:00,42,test,0.135,0.13474542
Merzenhausen,2025-06-23 00:00:00,42,test,0.132,0.13355836
Merzenhausen,2025-06-23 01:00:00,42,test,0.132,0.13239144
Merzenhausen,2025-06-23 02:00:00,42,test,0.133,0.13154843
Merzenhausen,2025-06-23 03:00:00,42,test,0.128,0.13110618
Merzenhausen,2025-06-23 04:00:00,42,test,0.1425,0.13079211
Merzenhausen,2025-06-23 05:00:00,42,test,0.128,0.13073075
Merzenhausen,2025-06-23 06:00:00,42,test,0.128,0.13100642
Merzenhausen,2025-06-23 07:00:00,42,test,0.131,0.13141319
Merzenhausen,2025-06-23 08:00:00,42,test,0.133,0.13179575
Merzenhausen,2025-06-23 09:00:00,42,test,0.1395,0.13247186
Merzenhausen,2025-06-23 10:00:00,42,test,0.135,0.1367451
Merzenhausen,2025-06-23 11:00:00,42,test,0.137,0.14612098
Merzenhausen,2025-06-23 12:00:00,42,test,0.138,0.14971258
Merzenhausen,2025-06-23 13:00:00,42,test,0.14,0.15027437
Merzenhausen,2025-06-23 14:00:00,42,test,0.141,0.14941595
Merzenhausen,2025-06-23 15:00:00,42,test,0.14,0.14788571
Merzenhausen,2025-06-23 16:00:00,42,test,0.1355,0.14634141
Merzenhausen,2025-06-23 17:00:00,42,test,0.135,0.14464292
Merzenhausen,2025-06-23 18:00:00,42,test,0.137,0.14288732
Merzenhausen,2025-06-23 19:00:00,42,test,0.139,0.14118865
Merzenhausen,2025-06-23 20:00:00,42,test,0.139,0.13933298
Merzenhausen,2025-06-23 21:00:00,42,test,0.133,0.13748136
Merzenhausen,2025-06-23 22:00:00,42,test,0.136,0.13593367
Merzenhausen,2025-06-23 23:00:00,42,test,0.136,0.13460845
Merzenhausen,2025-06-24 00:00:00,42,test,0.133,0.13333626
Merzenhausen,2025-06-24 01:00:00,42,test,0.135,0.13246152
Merzenhausen,2025-06-24 02:00:00,42,test,0.155,0.13180146
Merzenhausen,2025-06-24 03:00:00,42,test,0.129,0.13132407
Merzenhausen,2025-06-24 04:00:00,42,test,0.131,0.13119474
Merzenhausen,2025-06-24 05:00:00,42,test,0.132,0.13126919
Merzenhausen,2025-06-24 06:00:00,42,test,0.132,0.13170986
Merzenhausen,2025-06-24 07:00:00,42,test,0.131,0.13206235
Merzenhausen,2025-06-24 08:00:00,42,test,0.133,0.13257593
Merzenhausen,2025-06-24 09:00:00,42,test,0.133,0.1331628
Merzenhausen,2025-06-24 10:00:00,42,test,0.129,0.13393386
Merzenhausen,2025-06-24 11:00:00,42,test,0.131,0.1346203
Merzenhausen,2025-06-24 12:00:00,42,test,0.135,0.13544953
Merzenhausen,2025-06-24 13:00:00,42,test,0.134,0.13615817
Merzenhausen,2025-06-24 14:00:00,42,test,0.132,0.13687919
Merzenhausen,2025-06-24 15:00:00,42,test,0.135,0.13751407
Merzenhausen,2025-06-24 16:00:00,42,test,0.136,0.13786097
Merzenhausen,2025-06-24 17:00:00,42,test,0.136,0.13783982
Merzenhausen,2025-06-24 18:00:00,42,test,0.135,0.1374702
Merzenhausen,2025-06-24 19:00:00,42,test,0.132,0.13665634
Merzenhausen,2025-06-24 20:00:00,42,test,0.131,0.13552114
Merzenhausen,2025-06-24 21:00:00,42,test,0.129,0.13426831
Merzenhausen,2025-06-24 22:00:00,42,test,0.131,0.13338387
Merzenhausen,2025-06-24 23:00:00,42,test,0.132,0.1327732
Merzenhausen,2025-06-25 00:00:00,42,test,0.127,0.13221683
Merzenhausen,2025-06-25 01:00:00,42,test,0.128,0.13187408
Merzenhausen,2025-06-25 02:00:00,42,test,0.128,0.13177621
Merzenhausen,2025-06-25 03:00:00,42,test,0.125,0.13155842
Merzenhausen,2025-06-25 04:00:00,42,test,0.131,0.13219725
Merzenhausen,2025-06-25 05:00:00,42,test,0.127,0.13256101
Merzenhausen,2025-06-25 06:00:00,42,test,0.128,0.13289721
Merzenhausen,2025-06-25 07:00:00,42,test,0.127,0.1333335
Merzenhausen,2025-06-25 08:00:00,42,test,0.127,0.13393994
Merzenhausen,2025-06-25 09:00:00,42,test,0.128,0.13503745
Merzenhausen,2025-06-25 10:00:00,42,test,0.129,0.13597463
Merzenhausen,2025-06-25 11:00:00,42,test,0.132,0.13689664
Merzenhausen,2025-06-25 12:00:00,42,test,0.13,0.13776103
Merzenhausen,2025-06-25 13:00:00,42,test,0.136,0.13851209
Merzenhausen,2025-06-25 14:00:00,42,test,0.134,0.13918884
Merzenhausen,2025-06-25 15:00:00,42,test,0.139,0.13963667
Merzenhausen,2025-06-25 16:00:00,42,test,0.14,0.1394583
Merzenhausen,2025-06-25 17:00:00,42,test,0.137,0.13880008
Merzenhausen,2025-06-25 18:00:00,42,test,0.136,0.13793722
Merzenhausen,2025-06-25 19:00:00,42,test,0.135,0.13701388
Merzenhausen,2025-06-25 20:00:00,42,test,0.146,0.13594079
Merzenhausen,2025-06-25 21:00:00,42,test,0.1405,0.1344746
Merzenhausen,2025-06-25 22:00:00,42,test,0.13,0.13317001
Merzenhausen,2025-06-25 23:00:00,42,test,0.132,0.13209392
Merzenhausen,2025-06-26 00:00:00,42,test,0.143,0.13125345
Merzenhausen,2025-06-26 01:00:00,42,test,0.132,0.13087034
Merzenhausen,2025-07-18 21:00:00,42,test,0.156,0.15228797
Merzenhausen,2025-07-18 22:00:00,42,test,0.158,0.15105891
Merzenhausen,2025-07-18 23:00:00,42,test,0.156,0.14967492
Merzenhausen,2025-07-19 00:00:00,42,test,0.157,0.14861283
Merzenhausen,2025-07-19 01:00:00,42,test,0.155,0.1477799
Merzenhausen,2025-07-19 02:00:00,42,test,0.152,0.14735726
Merzenhausen,2025-07-19 03:00:00,42,test,0.153,0.14724107
Merzenhausen,2025-07-19 04:00:00,42,test,0.153,0.14736196
Merzenhausen,2025-07-19 05:00:00,42,test,0.154,0.14759412
Merzenhausen,2025-07-19 06:00:00,42,test,0.154,0.1482029
Merzenhausen,2025-07-19 07:00:00,42,test,0.157,0.14907157
Merzenhausen,2025-07-19 08:00:00,42,test,0.153,0.15009247
Merzenhausen,2025-07-19 09:00:00,42,test,0.154,0.15114725
Merzenhausen,2025-07-19 10:00:00,42,test,0.155,0.15208916
Merzenhausen,2025-07-19 11:00:00,42,test,0.157,0.1526818
Merzenhausen,2025-07-19 12:00:00,42,test,0.155,0.15306647
Merzenhausen,2025-07-19 13:00:00,42,test,0.155,0.15338837
Merzenhausen,2025-07-19 14:00:00,42,test,0.155,0.15350474
Merzenhausen,2025-07-19 15:00:00,42,test,0.156,0.15340105
Merzenhausen,2025-07-19 16:00:00,42,test,0.154,0.15290606
Merzenhausen,2025-07-19 17:00:00,42,test,0.154,0.15226915
Merzenhausen,2025-07-19 18:00:00,42,test,0.151,0.15164708
Merzenhausen,2025-07-19 19:00:00,42,test,0.152,0.15071142
Merzenhausen,2025-07-19 20:00:00,42,test,0.153,0.1496241
Merzenhausen,2025-07-19 21:00:00,42,test,0.15,0.14855628
Merzenhausen,2025-07-19 22:00:00,42,test,0.15,0.14739534
Merzenhausen,2025-07-19 23:00:00,42,test,0.151,0.14636025
Merzenhausen,2025-07-20 00:00:00,42,test,0.15,0.14548948
Merzenhausen,2025-07-20 01:00:00,42,test,0.151,0.14481208
Merzenhausen,2025-07-20 02:00:00,42,test,0.15,0.14449051
Merzenhausen,2025-07-20 03:00:00,42,test,0.149,0.14430115
Merzenhausen,2025-07-20 04:00:00,42,test,0.149,0.14446938
Merzenhausen,2025-07-20 05:00:00,42,test,0.15,0.14472646
Merzenhausen,2025-07-20 06:00:00,42,test,0.147,0.14509985
Merzenhausen,2025-07-20 07:00:00,42,test,0.149,0.14588533
Merzenhausen,2025-07-20 08:00:00,42,test,0.148,0.14665961
Merzenhausen,2025-07-20 09:00:00,42,test,0.149,0.1474783
Merzenhausen,2025-07-20 10:00:00,42,test,0.148,0.14817613
Merzenhausen,2025-07-20 11:00:00,42,test,0.151,0.14881977
Merzenhausen,2025-07-20 12:00:00,42,test,0.153,0.14948171
Merzenhausen,2025-07-20 13:00:00,42,test,0.152,0.15018183
Merzenhausen,2025-07-20 14:00:00,42,test,0.156,0.15067242
Merzenhausen,2025-07-20 15:00:00,42,test,0.152,0.16718322
Merzenhausen,2025-07-20 16:00:00,42,test,0.152,0.19734341
Merzenhausen,2025-07-20 17:00:00,42,test,0.152,0.20062722
Merzenhausen,2025-07-20 18:00:00,42,test,0.152,0.19624767
Merzenhausen,2025-07-20 19:00:00,42,test,0.151,0.18831931
Merzenhausen,2025-07-20 20:00:00,42,test,0.153,0.18001384
Merzenhausen,2025-07-20 21:00:00,42,test,0.151,0.17266822
Merzenhausen,2025-07-20 22:00:00,42,test,0.148,0.1669227
Merzenhausen,2025-07-20 23:00:00,42,test,0.15,0.16281377
Merzenhausen,2025-07-21 00:00:00,42,test,0.149,0.1602054
Merzenhausen,2025-07-21 01:00:00,42,test,0.147,0.16008613
Merzenhausen,2025-07-21 02:00:00,42,test,0.151,0.16031176
Merzenhausen,2025-07-21 03:00:00,42,test,0.15,0.16005811
Merzenhausen,2025-07-21 04:00:00,42,test,0.149,0.15974954
Merzenhausen,2025-07-21 05:00:00,42,test,0.148,0.159575
Merzenhausen,2025-07-21 06:00:00,42,test,0.146,0.15953079
Merzenhausen,2025-07-21 07:00:00,42,test,0.147,0.15972717
Merzenhausen,2025-07-21 08:00:00,42,test,0.149,0.15988114
Merzenhausen,2025-07-21 09:00:00,42,test,0.147,0.15998158
Merzenhausen,2025-07-21 10:00:00,42,test,0.152,0.16011003
Merzenhausen,2025-07-21 11:00:00,42,test,0.151,0.1603118
Merzenhausen,2025-08-01 20:00:00,42,test,0.178,0.23550801
Merzenhausen,2025-08-01 21:00:00,42,test,0.175,0.234383
Merzenhausen,2025-08-01 22:00:00,42,test,0.177,0.23273337
Merzenhausen,2025-08-01 23:00:00,42,test,0.174,0.2307755
Merzenhausen,2025-08-02 00:00:00,42,test,0.1735,0.22886926
Merzenhausen,2025-08-02 01:00:00,42,test,0.178,0.22699292
Merzenhausen,2025-08-02 02:00:00,42,test,0.195,0.22527008
Merzenhausen,2025-08-02 03:00:00,42,test,0.176,0.22381648
Merzenhausen,2025-08-02 04:00:00,42,test,0.176,0.22263859
Merzenhausen,2025-08-02 05:00:00,42,test,0.174,0.22178955
Merzenhausen,2025-08-02 06:00:00,42,test,0.1714999999999999,0.22127461
Merzenhausen,2025-08-02 07:00:00,42,test,0.176,0.22115494
Merzenhausen,2025-08-02 08:00:00,42,test,0.175,0.22148307
Merzenhausen,2025-08-02 09:00:00,42,test,0.176,0.22214523
Merzenhausen,2025-08-02 10:00:00,42,test,0.177,0.22311768
Merzenhausen,2025-08-02 11:00:00,42,test,0.1775,0.23309894
Merzenhausen,2025-08-02 12:00:00,42,test,0.1795,0.24050325
Merzenhausen,2025-08-02 13:00:00,42,test,0.1795,0.24626759
Merzenhausen,2025-08-02 14:00:00,42,test,0.186,0.24957432
Merzenhausen,2025-08-02 15:00:00,42,test,0.173,0.2519488
Merzenhausen,2025-08-02 16:00:00,42,test,0.185,0.25364655
Merzenhausen,2025-08-02 17:00:00,42,test,0.183,0.2547202
Merzenhausen,2025-08-02 18:00:00,42,test,0.184,0.2554386
Merzenhausen,2025-08-02 19:00:00,42,test,0.184,0.2558581
Merzenhausen,2025-08-02 20:00:00,42,test,0.1905,0.25606585
Merzenhausen,2025-08-02 21:00:00,42,test,0.182,0.25614536
Merzenhausen,2025-08-02 22:00:00,42,test,0.18,0.2561661
Merzenhausen,2025-08-02 23:00:00,42,test,0.163,0.24635945
Merzenhausen,2025-08-03 00:00:00,42,test,0.183,0.23753724
Merzenhausen,2025-08-03 01:00:00,42,test,0.181,0.22650357
Merzenhausen,2025-08-03 02:00:00,42,test,0.184,0.21463154
Merzenhausen,2025-08-03 03:00:00,42,test,0.181,0.20370525
Merzenhausen,2025-08-03 04:00:00,42,test,0.183,0.19482124
Merzenhausen,2025-08-03 05:00:00,42,test,0.182,0.18839347
Merzenhausen,2025-08-03 06:00:00,42,test,0.179,0.18427788
Merzenhausen,2025-08-03 07:00:00,42,test,0.179,0.18229784
Merzenhausen,2025-08-03 08:00:00,42,test,0.18,0.18209502
Merzenhausen,2025-08-03 09:00:00,42,test,0.184,0.18323176
Merzenhausen,2025-08-03 10:00:00,42,test,0.181,0.18495949
Merzenhausen,2025-08-03 11:00:00,42,test,0.185,0.18681419
Merzenhausen,2025-08-03 12:00:00,42,test,0.187,0.18812741
Merzenhausen,2025-08-03 13:00:00,42,test,0.185,0.18916494
Merzenhausen,2025-08-03 14:00:00,42,test,0.186,0.18972751
Merzenhausen,2025-08-03 15:00:00,42,test,0.185,0.18942139
Merzenhausen,2025-08-03 16:00:00,42,test,0.184,0.18835135
Merzenhausen,2025-08-03 17:00:00,42,test,0.185,0.1881072
Merzenhausen,2025-08-03 18:00:00,42,test,0.183,0.18674706
Merzenhausen,2025-08-03 19:00:00,42,test,0.184,0.18473962
Merzenhausen,2025-08-03 20:00:00,42,test,0.183,0.18263586
Merzenhausen,2025-08-03 21:00:00,42,test,0.181,0.18047848
Merzenhausen,2025-08-03 22:00:00,42,test,0.18,0.17868584
Merzenhausen,2025-08-03 23:00:00,42,test,0.18,0.18081987
Merzenhausen,2025-08-04 00:00:00,42,test,0.178,0.1807815
Merzenhausen,2025-08-04 01:00:00,42,test,0.178,0.18010744
Merzenhausen,2025-08-04 02:00:00,42,test,0.177,0.18616037
Merzenhausen,2025-08-04 03:00:00,42,test,0.179,0.1893301
Merzenhausen,2025-08-04 04:00:00,42,test,0.178,0.18953058
Merzenhausen,2025-08-04 05:00:00,42,test,0.179,0.18843795
Merzenhausen,2025-08-04 06:00:00,42,test,0.179,0.18661477
Merzenhausen,2025-08-04 07:00:00,42,test,0.178,0.18485753
Merzenhausen,2025-08-04 08:00:00,42,test,0.181,0.18325387
Merzenhausen,2025-08-04 09:00:00,42,test,0.183,0.18194182
Merzenhausen,2025-08-04 10:00:00,42,test,0.183,0.18090813
Merzenhausen,2025-08-04 11:00:00,42,test,0.186,0.18011805
Merzenhausen,2025-08-04 12:00:00,42,test,0.187,0.17947958
Merzenhausen,2025-08-04 13:00:00,42,test,0.186,0.17877063
Merzenhausen,2025-08-04 14:00:00,42,test,0.186,0.1783598
Merzenhausen,2025-08-04 15:00:00,42,test,0.179,0.17711382
Merzenhausen,2025-08-04 16:00:00,42,test,0.181,0.17604698
Merzenhausen,2025-08-04 17:00:00,42,test,0.178,0.17495447
Merzenhausen,2025-08-04 18:00:00,42,test,0.175,0.17403698
Merzenhausen,2025-08-04 19:00:00,42,test,0.173,0.17326085
Merzenhausen,2025-08-04 20:00:00,42,test,0.173,0.17310384
Merzenhausen,2025-08-04 21:00:00,42,test,0.168,0.17280099
Merzenhausen,2025-08-04 22:00:00,42,test,0.17,0.17243093
Merzenhausen,2025-08-04 23:00:00,42,test,0.167,0.17234778
Merzenhausen,2025-08-05 00:00:00,42,test,0.166,0.18093568
Merzenhausen,2025-08-05 01:00:00,42,test,0.166,0.18979886
Merzenhausen,2025-08-05 02:00:00,42,test,0.167,0.20175813
Merzenhausen,2025-08-05 03:00:00,42,test,0.168,0.22111434
Merzenhausen,2025-08-05 04:00:00,42,test,0.165,0.23948173
Merzenhausen,2025-08-05 05:00:00,42,test,0.166,0.2503656
Merzenhausen,2025-08-05 06:00:00,42,test,0.165,0.2560272
Merzenhausen,2025-08-05 07:00:00,42,test,0.167,0.25895503
Merzenhausen,2025-08-05 08:00:00,42,test,0.167,0.26057303
Merzenhausen,2025-08-05 09:00:00,42,test,0.17,0.26159352
Merzenhausen,2025-08-05 10:00:00,42,test,0.171,0.26224402
Merzenhausen,2025-08-05 11:00:00,42,test,0.175,0.26269597
Merzenhausen,2025-08-05 12:00:00,42,test,0.18,0.26307002
Merzenhausen,2025-08-05 13:00:00,42,test,0.18,0.26330692
Merzenhausen,2025-08-05 14:00:00,42,test,0.179,0.2634264
Merzenhausen,2025-08-05 15:00:00,42,test,0.179,0.2634165
Merzenhausen,2025-08-05 16:00:00,42,test,0.177,0.26330552
Merzenhausen,2025-08-05 17:00:00,42,test,0.17,0.26296833
Merzenhausen,2025-08-05 18:00:00,42,test,0.17,0.26254782
Merzenhausen,2025-08-05 19:00:00,42,test,0.168,0.2620481
Merzenhausen,2025-08-05 20:00:00,42,test,0.169,0.2614156
Merzenhausen,2025-08-05 21:00:00,42,test,0.168,0.2607253
Merzenhausen,2025-08-05 22:00:00,42,test,0.167,0.26006407
Merzenhausen,2025-08-05 23:00:00,42,test,0.164,0.25939658
Merzenhausen,2025-08-06 00:00:00,42,test,0.165,0.25880235
Merzenhausen,2025-08-06 01:00:00,42,test,0.166,0.25834745
Merzenhausen,2025-08-06 02:00:00,42,test,0.161,0.25805822
Merzenhausen,2025-08-06 03:00:00,42,test,0.161,0.25791082
Merzenhausen,2025-08-06 04:00:00,42,test,0.161,0.25791836
Merzenhausen,2025-08-06 05:00:00,42,test,0.162,0.25802028
Merzenhausen,2025-08-06 06:00:00,42,test,0.162,0.2581412
Merzenhausen,2025-08-06 07:00:00,42,test,0.161,0.25822884
Merzenhausen,2025-08-06 08:00:00,42,test,0.16,0.2582853
Merzenhausen,2025-08-06 09:00:00,42,test,0.163,0.25828063
Merzenhausen,2025-08-06 10:00:00,42,test,0.164,0.2582661
Merzenhausen,2025-08-06 11:00:00,42,test,0.167,0.25826883
Merzenhausen,2025-08-06 12:00:00,42,test,0.166,0.25827742
Merzenhausen,2025-08-06 13:00:00,42,test,0.166,0.2582854
Merzenhausen,2025-08-06 14:00:00,42,test,0.165,0.2582273
Merzenhausen,2025-08-06 15:00:00,42,test,0.167,0.25807202
Merzenhausen,2025-08-06 16:00:00,42,test,0.167,0.25780362
Merzenhausen,2025-08-06 17:00:00,42,test,0.166,0.2573994
Merzenhausen,2025-08-06 18:00:00,42,test,0.167,0.25688633
Merzenhausen,2025-08-06 19:00:00,42,test,0.164,0.25631222
Merzenhausen,2025-08-06 20:00:00,42,test,0.165,0.2556864
Merzenhausen,2025-08-06 21:00:00,42,test,0.162,0.25501034
Merzenhausen,2025-08-06 22:00:00,42,test,0.159,0.25433934
Merzenhausen,2025-08-06 23:00:00,42,test,0.161,0.2537306
Merzenhausen,2025-08-07 00:00:00,42,test,0.161,0.25317857
Merzenhausen,2025-08-07 01:00:00,42,test,0.158,0.25278208
Merzenhausen,2025-08-07 02:00:00,42,test,0.161,0.25255752
Merzenhausen,2025-08-07 03:00:00,42,test,0.154,0.2524995
Merzenhausen,2025-08-07 04:00:00,42,test,0.159,0.2525564
Merzenhausen,2025-08-07 05:00:00,42,test,0.1674999999999999,0.25272182
Merzenhausen,2025-08-07 06:00:00,42,test,0.156,0.2528969
Merzenhausen,2025-08-07 07:00:00,42,test,0.159,0.25310066
Merzenhausen,2025-08-07 08:00:00,42,test,0.159,0.25325987
Merzenhausen,2025-08-07 09:00:00,42,test,0.159,0.25340286
Merzenhausen,2025-08-07 10:00:00,42,test,0.166,0.25354606
Merzenhausen,2025-08-07 11:00:00,42,test,0.169,0.25367576
Merzenhausen,2025-08-07 12:00:00,42,test,0.168,0.25380677
Merzenhausen,2025-08-07 13:00:00,42,test,0.173,0.25393242
Merzenhausen,2025-08-07 14:00:00,42,test,0.168,0.25401986
Merzenhausen,2025-08-07 15:00:00,42,test,0.1505,0.25400886
Merzenhausen,2025-08-07 16:00:00,42,test,0.165,0.25387976
Merzenhausen,2025-08-07 17:00:00,42,test,0.158,0.25362048
Merzenhausen,2025-08-07 18:00:00,42,test,0.159,0.25320712
Merzenhausen,2025-08-07 19:00:00,42,test,0.155,0.25269562
Merzenhausen,2025-08-07 20:00:00,42,test,0.154,0.2520827
Merzenhausen,2025-08-07 21:00:00,42,test,0.152,0.2514188
Merzenhausen,2025-08-07 22:00:00,42,test,0.151,0.2507985
Merzenhausen,2025-08-07 23:00:00,42,test,0.149,0.25016597
Merzenhausen,2025-08-08 00:00:00,42,test,0.148,0.24958333
Merzenhausen,2025-08-08 01:00:00,42,test,0.1614999999999999,0.24916391
Merzenhausen,2025-08-08 02:00:00,42,test,0.145,0.24883604
Merzenhausen,2025-08-08 03:00:00,42,test,0.146,0.24868447
Merzenhausen,2025-08-08 04:00:00,42,test,0.145,0.24865144
Merzenhausen,2025-08-08 05:00:00,42,test,0.145,0.24871497
Merzenhausen,2025-08-08 06:00:00,42,test,0.145,0.24887961
Merzenhausen,2025-08-08 07:00:00,42,test,0.146,0.24906366
Merzenhausen,2025-08-08 08:00:00,42,test,0.147,0.24924219
Merzenhausen,2025-08-08 09:00:00,42,test,0.15,0.24943057
Merzenhausen,2025-08-08 10:00:00,42,test,0.15,0.24963972
Merzenhausen,2025-08-08 11:00:00,42,test,0.151,0.24246593
Merzenhausen,2025-08-08 12:00:00,42,test,0.154,0.23581983
Merzenhausen,2025-08-08 13:00:00,42,test,0.159,0.22839285
Merzenhausen,2025-08-08 14:00:00,42,test,0.153,0.22040756
Merzenhausen,2025-08-08 15:00:00,42,test,0.149,0.21247292
Merzenhausen,2025-08-08 16:00:00,42,test,0.149,0.2050032
Merzenhausen,2025-08-08 17:00:00,42,test,0.145,0.19815545
Merzenhausen,2025-08-08 18:00:00,42,test,0.144,0.19184084
Merzenhausen,2025-08-08 19:00:00,42,test,0.142,0.18574521
Merzenhausen,2025-08-08 20:00:00,42,test,0.139,0.18006916
Merzenhausen,2025-08-08 21:00:00,42,test,0.138,0.17470756
Merzenhausen,2025-08-08 22:00:00,42,test,0.138,0.16988733
Merzenhausen,2025-08-08 23:00:00,42,test,0.137,0.16602299
Merzenhausen,2025-08-09 00:00:00,42,test,0.131,0.16330168
Merzenhausen,2025-08-09 01:00:00,42,test,0.134,0.16158044
Merzenhausen,2025-08-09 02:00:00,42,test,0.131,0.16100842
Merzenhausen,2025-08-09 03:00:00,42,test,0.133,0.1609416
Merzenhausen,2025-08-09 04:00:00,42,test,0.132,0.16153859
Merzenhausen,2025-08-09 05:00:00,42,test,0.131,0.1630152
Merzenhausen,2025-08-09 06:00:00,42,test,0.13,0.16423653
Merzenhausen,2025-08-09 07:00:00,42,test,0.13,0.16546443
Merzenhausen,2025-08-09 08:00:00,42,test,0.13,0.16637257
Merzenhausen,2025-08-09 09:00:00,42,test,0.138,0.16690099
Merzenhausen,2025-08-09 10:00:00,42,test,0.137,0.16758955
Merzenhausen,2025-08-09 11:00:00,42,test,0.142,0.16826782
Merzenhausen,2025-08-09 12:00:00,42,test,0.142,0.16880155
Merzenhausen,2025-08-09 13:00:00,42,test,0.144,0.16941582
Merzenhausen,2025-08-09 14:00:00,42,test,0.14,0.16952282
Merzenhausen,2025-08-09 15:00:00,42,test,0.136,0.16792491
Merzenhausen,2025-08-09 16:00:00,42,test,0.133,0.16615863
Merzenhausen,2025-08-09 17:00:00,42,test,0.133,0.1638382
Merzenhausen,2025-08-09 18:00:00,42,test,0.133,0.16147003
Merzenhausen,2025-08-09 19:00:00,42,test,0.128,0.15907845
Merzenhausen,2025-08-09 20:00:00,42,test,0.127,0.15681525
Merzenhausen,2025-08-09 21:00:00,42,test,0.126,0.15471213
Merzenhausen,2025-08-09 22:00:00,42,test,0.126,0.15283477
Merzenhausen,2025-08-09 23:00:00,42,test,0.126,0.15110423
Merzenhausen,2025-08-10 00:00:00,42,test,0.126,0.14961109
Merzenhausen,2025-08-10 01:00:00,42,test,0.128,0.14930642
Merzenhausen,2025-08-10 02:00:00,42,test,0.127,0.1487269
Merzenhausen,2025-08-10 03:00:00,42,test,0.128,0.14815237
Merzenhausen,2025-08-10 04:00:00,42,test,0.126,0.14773205
Merzenhausen,2025-08-10 05:00:00,42,test,0.127,0.14749
Merzenhausen,2025-08-10 06:00:00,42,test,0.124,0.1476565
Merzenhausen,2025-08-10 07:00:00,42,test,0.124,0.14814937
Merzenhausen,2025-08-10 08:00:00,42,test,0.127,0.14890698
Merzenhausen,2025-08-10 09:00:00,42,test,0.125,0.1499527
Merzenhausen,2025-08-10 10:00:00,42,test,0.126,0.15113659
Merzenhausen,2025-08-10 11:00:00,42,test,0.127,0.15244637
Merzenhausen,2025-08-10 12:00:00,42,test,0.128,0.15381058
Merzenhausen,2025-08-10 13:00:00,42,test,0.129,0.15530741
Merzenhausen,2025-08-10 14:00:00,42,test,0.125,0.15623531
Merzenhausen,2025-08-10 15:00:00,42,test,0.128,0.15627626
Merzenhausen,2025-08-10 16:00:00,42,test,0.126,0.15546572
Merzenhausen,2025-08-10 17:00:00,42,test,0.128,0.15376458
Merzenhausen,2025-08-10 18:00:00,42,test,0.13,0.1515688
Merzenhausen,2025-08-10 19:00:00,42,test,0.127,0.14906661
Merzenhausen,2025-08-10 20:00:00,42,test,0.125,0.14637075
Merzenhausen,2025-08-10 21:00:00,42,test,0.128,0.14373653
Merzenhausen,2025-08-10 22:00:00,42,test,0.129,0.14144237
Merzenhausen,2025-08-10 23:00:00,42,test,0.142,0.13950096
Merzenhausen,2025-08-11 00:00:00,42,test,0.128,0.13771139
Merzenhausen,2025-08-11 01:00:00,42,test,0.128,0.13635154
Merzenhausen,2025-08-11 02:00:00,42,test,0.125,0.1352492
Merzenhausen,2025-08-11 03:00:00,42,test,0.124,0.1345584
Merzenhausen,2025-08-11 04:00:00,42,test,0.12,0.13426143
Merzenhausen,2025-08-11 05:00:00,42,test,0.124,0.13425308
Merzenhausen,2025-08-11 06:00:00,42,test,0.124,0.1344507
Merzenhausen,2025-08-11 07:00:00,42,test,0.124,0.13486189
Merzenhausen,2025-08-11 08:00:00,42,test,0.126,0.13536254
Merzenhausen,2025-08-11 09:00:00,42,test,0.128,0.13654879
Merzenhausen,2025-08-11 10:00:00,42,test,0.127,0.1378999
Merzenhausen,2025-08-11 11:00:00,42,test,0.124,0.13962826
Merzenhausen,2025-08-11 12:00:00,42,test,0.125,0.14134133
Merzenhausen,2025-08-11 13:00:00,42,test,0.127,0.14304882
Merzenhausen,2025-08-11 14:00:00,42,test,0.144,0.1441633
Merzenhausen,2025-08-11 15:00:00,42,test,0.129,0.14439085
Merzenhausen,2025-08-11 16:00:00,42,test,0.129,0.14355049
Merzenhausen,2025-08-11 17:00:00,42,test,0.126,0.14201584
Merzenhausen,2025-08-11 18:00:00,42,test,0.128,0.14014107
Merzenhausen,2025-08-11 19:00:00,42,test,0.125,0.13782161
Merzenhausen,2025-08-11 20:00:00,42,test,0.126,0.13532665
Merzenhausen,2025-08-11 21:00:00,42,test,0.123,0.13272943
Merzenhausen,2025-08-11 22:00:00,42,test,0.125,0.13039532
Merzenhausen,2025-08-11 23:00:00,42,test,0.124,0.12842031
Merzenhausen,2025-08-12 00:00:00,42,test,0.124,0.1269711
Merzenhausen,2025-08-12 01:00:00,42,test,0.123,0.12613365
Merzenhausen,2025-08-12 02:00:00,42,test,0.127,0.12575442
Merzenhausen,2025-08-12 03:00:00,42,test,0.124,0.12587687
Merzenhausen,2025-08-12 04:00:00,42,test,0.121,0.12621965
Merzenhausen,2025-08-12 05:00:00,42,test,0.126,0.12692657
Merzenhausen,2025-08-12 06:00:00,42,test,0.121,0.12774697
Merzenhausen,2025-08-12 07:00:00,42,test,0.123,0.12862818
Merzenhausen,2025-08-12 08:00:00,42,test,0.121,0.12977532
Merzenhausen,2025-08-12 09:00:00,42,test,0.126,0.13082564
Merzenhausen,2025-08-12 10:00:00,42,test,0.126,0.13185892
Merzenhausen,2025-08-12 11:00:00,42,test,0.123,0.13291901
Merzenhausen,2025-08-12 12:00:00,42,test,0.124,0.13399121
Merzenhausen,2025-08-12 13:00:00,42,test,0.121,0.13498318
Merzenhausen,2025-08-12 14:00:00,42,test,0.125,0.13553512
Merzenhausen,2025-08-12 15:00:00,42,test,0.122,0.13582358
Merzenhausen,2025-08-12 16:00:00,42,test,0.126,0.13561341
Merzenhausen,2025-08-12 17:00:00,42,test,0.128,0.13518858
Merzenhausen,2025-08-12 18:00:00,42,test,0.124,0.13461569
Merzenhausen,2025-08-12 19:00:00,42,test,0.125,0.13356374
Merzenhausen,2025-08-12 20:00:00,42,test,0.127,0.1320978
Merzenhausen,2025-08-12 21:00:00,42,test,0.124,0.13065876
Merzenhausen,2025-08-12 22:00:00,42,test,0.121,0.12952565
Merzenhausen,2025-08-12 23:00:00,42,test,0.125,0.12953849
Merzenhausen,2025-08-13 00:00:00,42,test,0.124,0.12950987
Merzenhausen,2025-08-13 01:00:00,42,test,0.124,0.1294464
Merzenhausen,2025-08-13 02:00:00,42,test,0.123,0.12926543
Merzenhausen,2025-08-13 03:00:00,42,test,0.123,0.12923624
Merzenhausen,2025-08-13 04:00:00,42,test,0.12,0.12897754
Merzenhausen,2025-08-13 05:00:00,42,test,0.119,0.12902811
Merzenhausen,2025-08-13 06:00:00,42,test,0.123,0.12934327
Merzenhausen,2025-08-13 07:00:00,42,test,0.119,0.12994106
Merzenhausen,2025-08-13 08:00:00,42,test,0.119,0.1308155
Merzenhausen,2025-08-13 09:00:00,42,test,0.123,0.13197231
Merzenhausen,2025-08-13 10:00:00,42,test,0.12,0.1331987
Merzenhausen,2025-08-13 11:00:00,42,test,0.123,0.13429353
Merzenhausen,2025-08-13 12:00:00,42,test,0.124,0.135205
Merzenhausen,2025-08-13 13:00:00,42,test,0.121,0.13604921
Merzenhausen,2025-08-13 14:00:00,42,test,0.123,0.13772145
Merzenhausen,2025-08-13 15:00:00,42,test,0.124,0.13859135
Merzenhausen,2025-08-13 16:00:00,42,test,0.124,0.1386675
Merzenhausen,2025-08-13 17:00:00,42,test,0.123,0.1378231
Merzenhausen,2025-08-13 18:00:00,42,test,0.123,0.1364756
Merzenhausen,2025-08-13 19:00:00,42,test,0.124,0.134617
Merzenhausen,2025-08-13 20:00:00,42,test,0.123,0.13258886
Merzenhausen,2025-08-13 21:00:00,42,test,0.125,0.13046512
Merzenhausen,2025-08-13 22:00:00,42,test,0.12,0.12856168
Merzenhausen,2025-08-13 23:00:00,42,test,0.121,0.12695912
Merzenhausen,2025-08-14 00:00:00,42,test,0.12,0.12580416
Merzenhausen,2025-08-14 01:00:00,42,test,0.12,0.12506814
Merzenhausen,2025-08-14 02:00:00,42,test,0.119,0.12491567
Merzenhausen,2025-08-14 03:00:00,42,test,0.121,0.12501393
Merzenhausen,2025-08-14 04:00:00,42,test,0.116,0.12521872
Merzenhausen,2025-08-14 05:00:00,42,test,0.118,0.12585157
Merzenhausen,2025-08-14 06:00:00,42,test,0.118,0.12652507
Merzenhausen,2025-08-14 07:00:00,42,test,0.12,0.12728116
Merzenhausen,2025-08-14 08:00:00,42,test,0.12,0.12806723
Merzenhausen,2025-08-14 09:00:00,42,test,0.12,0.12919733
Merzenhausen,2025-08-14 10:00:00,42,test,0.12,0.13051945
Merzenhausen,2025-08-14 11:00:00,42,test,0.118,0.13167861
Merzenhausen,2025-08-14 12:00:00,42,test,0.12,0.1326268
Merzenhausen,2025-08-14 13:00:00,42,test,0.115,0.13319564
Merzenhausen,2025-08-14 14:00:00,42,test,0.12,0.1335768
Merzenhausen,2025-08-14 15:00:00,42,test,0.122,0.13344052
Merzenhausen,2025-08-14 16:00:00,42,test,0.12,0.1332008
Merzenhausen,2025-08-14 17:00:00,42,test,0.118,0.13264318
Merzenhausen,2025-08-14 18:00:00,42,test,0.122,0.13176647
Merzenhausen,2025-08-14 19:00:00,42,test,0.12,0.13066623
Merzenhausen,2025-08-14 20:00:00,42,test,0.118,0.12963891
Merzenhausen,2025-08-14 21:00:00,42,test,0.119,0.12849824
Merzenhausen,2025-08-14 22:00:00,42,test,0.121,0.12722751
Merzenhausen,2025-08-14 23:00:00,42,test,0.118,0.12624298
Merzenhausen,2025-08-15 00:00:00,42,test,0.116,0.12555617
Merzenhausen,2025-08-15 01:00:00,42,test,0.12,0.12519786
Merzenhausen,2025-08-15 02:00:00,42,test,0.115,0.12499981
Merzenhausen,2025-08-15 03:00:00,42,test,0.119,0.12499307
Merzenhausen,2025-08-15 04:00:00,42,test,0.118,0.12501529
Merzenhausen,2025-08-15 05:00:00,42,test,0.12,0.12505735
Merzenhausen,2025-08-15 06:00:00,42,test,0.117,0.12544397
Merzenhausen,2025-08-15 07:00:00,42,test,0.119,0.1257925
Merzenhausen,2025-08-15 08:00:00,42,test,0.111,0.12626487
Merzenhausen,2025-08-15 09:00:00,42,test,0.118,0.12710842
Merzenhausen,2025-08-15 10:00:00,42,test,0.114,0.12797168
Merzenhausen,2025-08-15 11:00:00,42,test,0.115,0.1291072
Merzenhausen,2025-08-15 12:00:00,42,test,0.117,0.13033172
Merzenhausen,2025-08-15 13:00:00,42,test,0.12,0.13129005
Merzenhausen,2025-08-15 14:00:00,42,test,0.118,0.13186936
Merzenhausen,2025-08-15 15:00:00,42,test,0.121,0.13209388
Merzenhausen,2025-08-15 16:00:00,42,test,0.121,0.13177553
Merzenhausen,2025-08-15 17:00:00,42,test,0.116,0.13086456
Merzenhausen,2025-08-15 18:00:00,42,test,0.118,0.12952717
Merzenhausen,2025-08-15 19:00:00,42,test,0.114,0.12807447
Merzenhausen,2025-08-15 20:00:00,42,test,0.118,0.12657791
Merzenhausen,2025-08-15 21:00:00,42,test,0.119,0.12540916
Merzenhausen,2025-08-15 22:00:00,42,test,0.119,0.12415912
Merzenhausen,2025-08-15 23:00:00,42,test,0.116,0.12322721
Merzenhausen,2025-08-16 00:00:00,42,test,0.118,0.122573584
Merzenhausen,2025-08-16 01:00:00,42,test,0.12,0.12216707
Merzenhausen,2025-08-16 02:00:00,42,test,0.118,0.12204493
Merzenhausen,2025-08-16 03:00:00,42,test,0.133,0.12232206
Merzenhausen,2025-08-16 04:00:00,42,test,0.117,0.12251845
Merzenhausen,2025-08-16 05:00:00,42,test,0.1045,0.122915424
Merzenhausen,2025-08-16 06:00:00,42,test,0.118,0.12345707
Merzenhausen,2025-08-16 07:00:00,42,test,0.116,0.1241645
Merzenhausen,2025-08-16 08:00:00,42,test,0.114,0.12491224
Merzenhausen,2025-08-16 09:00:00,42,test,0.112,0.12565996
Merzenhausen,2025-08-16 10:00:00,42,test,0.118,0.12654014
Merzenhausen,2025-08-16 11:00:00,42,test,0.1225,0.12738687
Merzenhausen,2025-08-16 12:00:00,42,test,0.118,0.12845646
Merzenhausen,2025-08-16 13:00:00,42,test,0.1395,0.12929627
Merzenhausen,2025-08-16 14:00:00,42,test,0.119,0.1302625
Merzenhausen,2025-08-16 15:00:00,42,test,0.122,0.13133922
Merzenhausen,2025-08-16 16:00:00,42,test,0.123,0.13215147
Merzenhausen,2025-08-16 17:00:00,42,test,0.104,0.13243097
Merzenhausen,2025-08-16 18:00:00,42,test,0.116,0.13245076
Merzenhausen,2025-08-16 19:00:00,42,test,0.1215,0.13203228
Merzenhausen,2025-08-16 20:00:00,42,test,0.118,0.13102409
Merzenhausen,2025-08-16 21:00:00,42,test,0.116,0.12980977
Merzenhausen,2025-08-16 22:00:00,42,test,0.117,0.12869588
Merzenhausen,2025-08-16 23:00:00,42,test,0.118,0.12759729
Merzenhausen,2025-08-17 00:00:00,42,test,0.12,0.1265318
Merzenhausen,2025-08-17 01:00:00,42,test,0.113,0.12592044
Merzenhausen,2025-08-17 02:00:00,42,test,0.114,0.12534583
Merzenhausen,2025-08-17 03:00:00,42,test,0.116,0.12515303
Merzenhausen,2025-08-17 04:00:00,42,test,0.115,0.12517446
Merzenhausen,2025-08-17 05:00:00,42,test,0.119,0.12552166
Merzenhausen,2025-08-17 06:00:00,42,test,0.118,0.12589848
Merzenhausen,2025-08-17 07:00:00,42,test,0.112,0.12643948
Merzenhausen,2025-08-17 08:00:00,42,test,0.11,0.12649843
Merzenhausen,2025-08-17 09:00:00,42,test,0.115,0.12685977
Merzenhausen,2025-08-17 10:00:00,42,test,0.116,0.12713468
Merzenhausen,2025-08-17 11:00:00,42,test,0.117,0.12745386
Merzenhausen,2025-08-17 12:00:00,42,test,0.119,0.1279813
Merzenhausen,2025-08-17 13:00:00,42,test,0.118,0.12896208
Merzenhausen,2025-08-17 14:00:00,42,test,0.118,0.12992463
Merzenhausen,2025-08-17 15:00:00,42,test,0.121,0.13078462
Merzenhausen,2025-08-17 16:00:00,42,test,0.121,0.13144633
Merzenhausen,2025-08-17 17:00:00,42,test,0.119,0.1313175
Merzenhausen,2025-08-17 18:00:00,42,test,0.118,0.13068154
Merzenhausen,2025-08-17 19:00:00,42,test,0.119,0.12936854
Merzenhausen,2025-08-17 20:00:00,42,test,0.114,0.12799606
Merzenhausen,2025-08-17 21:00:00,42,test,0.115,0.1266427
Merzenhausen,2025-08-17 22:00:00,42,test,0.117,0.12549165
Merzenhausen,2025-08-17 23:00:00,42,test,0.117,0.12443187
Merzenhausen,2025-08-18 00:00:00,42,test,0.118,0.12375858
Merzenhausen,2025-08-18 01:00:00,42,test,0.115,0.12356223
Merzenhausen,2025-08-18 02:00:00,42,test,0.113,0.12348748
Merzenhausen,2025-08-18 03:00:00,42,test,0.114,0.1245187
Merzenhausen,2025-08-18 04:00:00,42,test,0.114,0.1251549
Merzenhausen,2025-08-18 05:00:00,42,test,0.118,0.124731
Merzenhausen,2025-08-18 06:00:00,42,test,0.115,0.12467934
Merzenhausen,2025-08-18 07:00:00,42,test,0.115,0.124789
Merzenhausen,2025-08-18 08:00:00,42,test,0.113,0.12480315
Merzenhausen,2025-08-18 09:00:00,42,test,0.113,0.124776624
Merzenhausen,2025-08-18 10:00:00,42,test,0.115,0.12510319
Merzenhausen,2025-08-18 11:00:00,42,test,0.116,0.12601164
Merzenhausen,2025-08-18 12:00:00,42,test,0.115,0.12696546
Merzenhausen,2025-08-18 13:00:00,42,test,0.114,0.12931344
Merzenhausen,2025-08-18 14:00:00,42,test,0.118,0.13078365
Merzenhausen,2025-08-18 15:00:00,42,test,0.117,0.13155752
Merzenhausen,2025-08-18 16:00:00,42,test,0.117,0.13169818
Merzenhausen,2025-08-18 17:00:00,42,test,0.119,0.12979843
Merzenhausen,2025-08-18 18:00:00,42,test,0.12,0.12758404
Merzenhausen,2025-08-18 19:00:00,42,test,0.115,0.12557155
Merzenhausen,2025-08-18 20:00:00,42,test,0.117,0.12357785
Merzenhausen,2025-08-18 21:00:00,42,test,0.116,0.121696524
Merzenhausen,2025-08-18 22:00:00,42,test,0.113,0.12019245
Merzenhausen,2025-08-18 23:00:00,42,test,0.114,0.11926462
Merzenhausen,2025-08-19 00:00:00,42,test,0.116,0.119076036
Merzenhausen,2025-08-19 01:00:00,42,test,0.115,0.1188842
Merzenhausen,2025-08-19 02:00:00,42,test,0.116,0.11892913
Merzenhausen,2025-08-19 03:00:00,42,test,0.112,0.11932638
Merzenhausen,2025-08-19 04:00:00,42,test,0.113,0.119862236
Merzenhausen,2025-08-19 05:00:00,42,test,0.113,0.1207295
Merzenhausen,2025-08-19 06:00:00,42,test,0.108,0.12170112
Merzenhausen,2025-08-19 07:00:00,42,test,0.11,0.122366294
Merzenhausen,2025-08-19 08:00:00,42,test,0.114,0.12272185
Merzenhausen,2025-08-19 09:00:00,42,test,0.113,0.12328645
Merzenhausen,2025-08-19 10:00:00,42,test,0.116,0.12398126
Merzenhausen,2025-08-19 11:00:00,42,test,0.115,0.124795035
Merzenhausen,2025-08-19 12:00:00,42,test,0.115,0.12581363
Merzenhausen,2025-08-19 13:00:00,42,test,0.116,0.12672618
Merzenhausen,2025-08-19 14:00:00,42,test,0.117,0.12744832
Merzenhausen,2025-08-19 15:00:00,42,test,0.122,0.12792404
Merzenhausen,2025-08-19 16:00:00,42,test,0.117,0.12791309
Merzenhausen,2025-08-19 17:00:00,42,test,0.117,0.12732717
Merzenhausen,2025-08-19 18:00:00,42,test,0.116,0.12619492
Merzenhausen,2025-08-19 19:00:00,42,test,0.116,0.12482125
Merzenhausen,2025-08-19 20:00:00,42,test,0.11,0.12309115
Merzenhausen,2025-08-19 21:00:00,42,test,0.116,0.12142829
Merzenhausen,2025-08-19 22:00:00,42,test,0.113,0.120033406
Merzenhausen,2025-08-19 23:00:00,42,test,0.115,0.11909475
Merzenhausen,2025-08-20 00:00:00,42,test,0.114,0.11866237
Merzenhausen,2025-08-20 01:00:00,42,test,0.115,0.11838321
Merzenhausen,2025-08-20 02:00:00,42,test,0.113,0.11826023
Merzenhausen,2025-08-20 03:00:00,42,test,0.112,0.118331045
Merzenhausen,2025-08-20 04:00:00,42,test,0.114,0.11859791
Merzenhausen,2025-08-20 05:00:00,42,test,0.111,0.119251944
Merzenhausen,2025-08-20 06:00:00,42,test,0.107,0.12001508
Merzenhausen,2025-08-20 07:00:00,42,test,0.113,0.12078081
Merzenhausen,2025-08-20 08:00:00,42,test,0.113,0.12137888
Merzenhausen,2025-08-20 09:00:00,42,test,0.111,0.12201213
Merzenhausen,2025-08-20 10:00:00,42,test,0.109,0.12281543
Merzenhausen,2025-08-20 11:00:00,42,test,0.112,0.123854265
Merzenhausen,2025-08-20 12:00:00,42,test,0.108,0.12493916
Merzenhausen,2025-08-20 13:00:00,42,test,0.111,0.12593187
Merzenhausen,2025-08-20 14:00:00,42,test,0.115,0.1268847
Merzenhausen,2025-08-20 15:00:00,42,test,0.116,0.127455
Merzenhausen,2025-08-20 16:00:00,42,test,0.114,0.12737265
Merzenhausen,2025-08-20 17:00:00,42,test,0.112,0.12680234
Merzenhausen,2025-08-20 18:00:00,42,test,0.114,0.12588471
Merzenhausen,2025-08-20 19:00:00,42,test,0.111,0.12442222
Merzenhausen,2025-08-20 20:00:00,42,test,0.111,0.122967884
Merzenhausen,2025-08-20 21:00:00,42,test,0.108,0.12153179
Merzenhausen,2025-08-20 22:00:00,42,test,0.112,0.12017594
Merzenhausen,2025-08-20 23:00:00,42,test,0.116,0.11912614
Merzenhausen,2025-08-21 00:00:00,42,test,0.111,0.11867636
Merzenhausen,2025-08-21 01:00:00,42,test,0.109,0.118611045
Merzenhausen,2025-08-21 02:00:00,42,test,0.113,0.11890275
Merzenhausen,2025-08-21 03:00:00,42,test,0.11,0.11921327
Merzenhausen,2025-08-21 04:00:00,42,test,0.112,0.11965852
Merzenhausen,2025-08-21 05:00:00,42,test,0.108,0.12012941
Merzenhausen,2025-08-21 06:00:00,42,test,0.11,0.12035194
Merzenhausen,2025-08-21 07:00:00,42,test,0.11,0.120555714
Merzenhausen,2025-08-21 08:00:00,42,test,0.11,0.12110238
Merzenhausen,2025-08-21 09:00:00,42,test,0.11,0.12172665
Merzenhausen,2025-08-21 10:00:00,42,test,0.112,0.12266783
Merzenhausen,2025-08-21 11:00:00,42,test,0.113,0.123765886
Merzenhausen,2025-08-21 12:00:00,42,test,0.111,0.12488232
Merzenhausen,2025-08-21 13:00:00,42,test,0.107,0.12586167
Merzenhausen,2025-09-19 23:00:00,42,test,0.254,0.25754187
Merzenhausen,2025-09-20 00:00:00,42,test,0.253,0.25713265
Merzenhausen,2025-09-20 01:00:00,42,test,0.252,0.25670412
Merzenhausen,2025-09-20 02:00:00,42,test,0.269,0.25620037
Merzenhausen,2025-09-20 03:00:00,42,test,0.249,0.25574556
Merzenhausen,2025-09-20 04:00:00,42,test,0.269,0.25521362
Merzenhausen,2025-09-20 05:00:00,42,test,0.25,0.25472847
Merzenhausen,2025-09-20 06:00:00,42,test,0.249,0.2544046
Merzenhausen,2025-09-20 07:00:00,42,test,0.249,0.25410646
Merzenhausen,2025-09-20 08:00:00,42,test,0.252,0.2539425
Merzenhausen,2025-09-20 09:00:00,42,test,0.251,0.2538025
Merzenhausen,2025-09-20 10:00:00,42,test,0.251,0.2538571
Merzenhausen,2025-09-20 11:00:00,42,test,0.25,0.2538059
Merzenhausen,2025-09-20 12:00:00,42,test,0.25,0.25415927
Merzenhausen,2025-09-20 13:00:00,42,test,0.251,0.25484857
Merzenhausen,2025-09-20 14:00:00,42,test,0.248,0.2555191
Merzenhausen,2025-09-20 15:00:00,42,test,0.246,0.2558977
Merzenhausen,2025-09-20 16:00:00,42,test,0.249,0.2560682
Merzenhausen,2025-09-20 17:00:00,42,test,0.247,0.25571603
Merzenhausen,2025-09-20 18:00:00,42,test,0.244,0.25520822
Merzenhausen,2025-09-20 19:00:00,42,test,0.245,0.25434792
Merzenhausen,2025-09-20 20:00:00,42,test,0.246,0.253515
Merzenhausen,2025-09-20 21:00:00,42,test,0.244,0.25284
Merzenhausen,2025-09-20 22:00:00,42,test,0.243,0.25257584
Merzenhausen,2025-09-20 23:00:00,42,test,0.243,0.2525205
Merzenhausen,2025-09-21 00:00:00,42,test,0.244,0.254555
Merzenhausen,2025-09-21 01:00:00,42,test,0.241,0.2723183
Merzenhausen,2025-09-21 02:00:00,42,test,0.243,0.2792479
Merzenhausen,2025-09-21 03:00:00,42,test,0.244,0.28073207
Merzenhausen,2025-09-21 04:00:00,42,test,0.241,0.28032577
Merzenhausen,2025-09-21 05:00:00,42,test,0.242,0.27906966
Merzenhausen,2025-09-21 06:00:00,42,test,0.242,0.27744925
Merzenhausen,2025-09-21 07:00:00,42,test,0.239,0.2759354
Merzenhausen,2025-09-21 08:00:00,42,test,0.241,0.27554148
Merzenhausen,2025-09-21 09:00:00,42,test,0.243,0.2746283
Merzenhausen,2025-09-21 10:00:00,42,test,0.242,0.2735333
Merzenhausen,2025-09-21 11:00:00,42,test,0.242,0.272476
Merzenhausen,2025-09-21 12:00:00,42,test,0.243,0.27130342
Merzenhausen,2025-09-21 13:00:00,42,test,0.241,0.26995945
Merzenhausen,2025-09-21 14:00:00,42,test,0.242,0.26835054
Merzenhausen,2025-09-21 15:00:00,42,test,0.241,0.2663378
Merzenhausen,2025-09-21 16:00:00,42,test,0.242,0.26412994
Merzenhausen,2025-09-21 17:00:00,42,test,0.24,0.2616606
Merzenhausen,2025-09-21 18:00:00,42,test,0.241,0.25914177
Merzenhausen,2025-09-21 19:00:00,42,test,0.242,0.25669748
Merzenhausen,2025-09-21 20:00:00,42,test,0.24,0.25439578
Merzenhausen,2025-09-21 21:00:00,42,test,0.239,0.25245422
Merzenhausen,2025-09-21 22:00:00,42,test,0.24,0.2506861
Merzenhausen,2025-09-21 23:00:00,42,test,0.238,0.24927185
Merzenhausen,2025-09-22 00:00:00,42,test,0.238,0.24807662
Merzenhausen,2025-09-22 01:00:00,42,test,0.241,0.24698494
Merzenhausen,2025-09-22 02:00:00,42,test,0.238,0.2468817
Merzenhausen,2025-09-22 03:00:00,42,test,0.237,0.24641778
Merzenhausen,2025-09-22 04:00:00,42,test,0.239,0.24686326
Merzenhausen,2025-09-22 05:00:00,42,test,0.24,0.24694392
Merzenhausen,2025-09-22 06:00:00,42,test,0.237,0.24687025
Merzenhausen,2025-09-22 07:00:00,42,test,0.237,0.24681756
Merzenhausen,2025-09-22 08:00:00,42,test,0.24,0.24702841
Merzenhausen,2025-09-22 09:00:00,42,test,0.237,0.24749845
Merzenhausen,2025-09-22 10:00:00,42,test,0.237,0.24810866
Merzenhausen,2025-09-22 11:00:00,42,test,0.237,0.2487276
Merzenhausen,2025-09-22 12:00:00,42,test,0.238,0.24928313
Merzenhausen,2025-09-22 13:00:00,42,test,0.237,0.24975525
Merzenhausen,2025-09-22 14:00:00,42,test,0.237,0.24982074
Merzenhausen,2025-09-22 15:00:00,42,test,0.237,0.24935949
Merzenhausen,2025-09-22 16:00:00,42,test,0.237,0.24872892
Merzenhausen,2025-09-22 17:00:00,42,test,0.237,0.2478583
Merzenhausen,2025-09-22 18:00:00,42,test,0.238,0.24680993
Merzenhausen,2025-09-22 19:00:00,42,test,0.238,0.24576192
Merzenhausen,2025-09-22 20:00:00,42,test,0.235,0.24487221
Merzenhausen,2025-09-22 21:00:00,42,test,0.236,0.24410239
Merzenhausen,2025-09-22 22:00:00,42,test,0.236,0.24338326
Merzenhausen,2025-09-22 23:00:00,42,test,0.238,0.2426226
Merzenhausen,2025-09-23 00:00:00,42,test,0.238,0.24189244
Merzenhausen,2025-09-23 01:00:00,42,test,0.233,0.2409621
Merzenhausen,2025-09-23 02:00:00,42,test,0.235,0.24009079
Merzenhausen,2025-09-23 03:00:00,42,test,0.236,0.23944542
Merzenhausen,2025-09-23 04:00:00,42,test,0.232,0.23890784
Merzenhausen,2025-09-23 05:00:00,42,test,0.234,0.23862268
Merzenhausen,2025-09-23 06:00:00,42,test,0.234,0.23868997
Merzenhausen,2025-09-23 07:00:00,42,test,0.236,0.23888165
Merzenhausen,2025-09-23 08:00:00,42,test,0.237,0.23940037
Merzenhausen,2025-09-23 09:00:00,42,test,0.237,0.24028903
Merzenhausen,2025-09-23 10:00:00,42,test,0.234,0.24128626
Merzenhausen,2025-09-23 11:00:00,42,test,0.234,0.24227747
Merzenhausen,2025-09-23 12:00:00,42,test,0.233,0.24324252
Merzenhausen,2025-09-23 13:00:00,42,test,0.234,0.24368976
Merzenhausen,2025-09-23 14:00:00,42,test,0.234,0.24383898
Merzenhausen,2025-09-23 15:00:00,42,test,0.235,0.24366996
Merzenhausen,2025-09-23 16:00:00,42,test,0.234,0.2431832
Merzenhausen,2025-09-23 17:00:00,42,test,0.232,0.24240296
Merzenhausen,2025-09-23 18:00:00,42,test,0.232,0.24166735
Merzenhausen,2025-09-23 19:00:00,42,test,0.235,0.24109294
Merzenhausen,2025-09-23 20:00:00,42,test,0.234,0.24056989
Merzenhausen,2025-09-23 21:00:00,42,test,0.235,0.24001607
Merzenhausen,2025-09-23 22:00:00,42,test,0.235,0.23942226
Merzenhausen,2025-09-23 23:00:00,42,test,0.235,0.23876487
Merzenhausen,2025-09-24 00:00:00,42,test,0.236,0.23809199
Merzenhausen,2025-09-24 01:00:00,42,test,0.235,0.23763104
Merzenhausen,2025-09-24 02:00:00,42,test,0.236,0.23713721
Merzenhausen,2025-09-24 03:00:00,42,test,0.235,0.23657995
Merzenhausen,2025-09-24 04:00:00,42,test,0.2525,0.23622325
Merzenhausen,2025-09-24 05:00:00,42,test,0.236,0.23621352
Merzenhausen,2025-09-24 06:00:00,42,test,0.236,0.23641168
Merzenhausen,2025-09-24 07:00:00,42,test,0.232,0.23684876
Merzenhausen,2025-09-24 08:00:00,42,test,0.236,0.23768806
Merzenhausen,2025-09-24 09:00:00,42,test,0.254,0.2387425
Merzenhausen,2025-09-24 10:00:00,42,test,0.234,0.23985153
Merzenhausen,2025-09-24 11:00:00,42,test,0.254,0.24088664
Merzenhausen,2025-09-24 12:00:00,42,test,0.235,0.2418494
Merzenhausen,2025-09-24 13:00:00,42,test,0.2545,0.24251491
Merzenhausen,2025-09-24 14:00:00,42,test,0.253,0.24286747
Merzenhausen,2025-09-24 15:00:00,42,test,0.2335,0.24286304
Merzenhausen,2025-09-24 16:00:00,42,test,0.234,0.24255064
Merzenhausen,2025-09-24 17:00:00,42,test,0.255,0.24201418
Merzenhausen,2025-09-24 18:00:00,42,test,0.236,0.24141172
Merzenhausen,2025-09-24 19:00:00,42,test,0.233,0.24080878
Merzenhausen,2025-09-24 20:00:00,42,test,0.233,0.2400766
Merzenhausen,2025-09-24 21:00:00,42,test,0.234,0.23935294
Merzenhausen,2025-09-24 22:00:00,42,test,0.237,0.23870933
Merzenhausen,2025-09-24 23:00:00,42,test,0.234,0.23819442
Merzenhausen,2025-09-25 00:00:00,42,test,0.234,0.23776536
Merzenhausen,2025-09-25 01:00:00,42,test,0.234,0.23707682
Merzenhausen,2025-09-25 02:00:00,42,test,0.235,0.23638749
Merzenhausen,2025-09-25 03:00:00,42,test,0.231,0.2385918
Merzenhausen,2025-09-25 04:00:00,42,test,0.232,0.23980303
Merzenhausen,2025-09-25 05:00:00,42,test,0.232,0.24793282
Merzenhausen,2025-09-25 06:00:00,42,test,0.232,0.24939585
Merzenhausen,2025-09-25 07:00:00,42,test,0.235,0.24910082
Merzenhausen,2025-09-25 08:00:00,42,test,0.235,0.24826828
Merzenhausen,2025-09-25 09:00:00,42,test,0.235,0.24740654
Merzenhausen,2025-09-25 10:00:00,42,test,0.231,0.24656682
Merzenhausen,2025-09-25 11:00:00,42,test,0.234,0.24583524
Merzenhausen,2025-09-25 12:00:00,42,test,0.234,0.24525206
Merzenhausen,2025-09-25 13:00:00,42,test,0.233,0.24674438
Merzenhausen,2025-09-25 14:00:00,42,test,0.234,0.24702904
Merzenhausen,2025-09-25 15:00:00,42,test,0.234,0.24974671
Merzenhausen,2025-09-25 16:00:00,42,test,0.234,0.250226
Selhausen,2023-12-28 07:00:00,42,test,0.368,0.33869353
Selhausen,2023-12-28 08:00:00,42,test,0.354,0.338395
Selhausen,2023-12-28 09:00:00,42,test,0.3575,0.3381337
Selhausen,2023-12-28 10:00:00,42,test,0.363,0.3381281
Selhausen,2023-12-28 11:00:00,42,test,0.3555,0.33815587
Selhausen,2023-12-28 12:00:00,42,test,0.365,0.3383065
Selhausen,2023-12-28 13:00:00,42,test,0.363,0.33838028
Selhausen,2023-12-28 14:00:00,42,test,0.365,0.33847597
Selhausen,2023-12-28 15:00:00,42,test,0.365,0.338943
Selhausen,2023-12-28 16:00:00,42,test,0.361,0.33946073
Selhausen,2023-12-28 17:00:00,42,test,0.361,0.33982283
Selhausen,2023-12-28 18:00:00,42,test,0.36,0.33991864
Selhausen,2023-12-28 19:00:00,42,test,0.36,0.34010184
Selhausen,2023-12-28 20:00:00,42,test,0.362,0.3402061
Selhausen,2023-12-28 21:00:00,42,test,0.36,0.34019905
Selhausen,2023-12-28 22:00:00,42,test,0.361,0.340178
Selhausen,2023-12-28 23:00:00,42,test,0.362,0.34016997
Selhausen,2023-12-29 00:00:00,42,test,0.362,0.34013385
Selhausen,2023-12-29 01:00:00,42,test,0.355,0.34003115
Selhausen,2023-12-29 02:00:00,42,test,0.357,0.33994165
Selhausen,2023-12-29 03:00:00,42,test,0.353,0.33978704
Selhausen,2023-12-29 04:00:00,42,test,0.364,0.3396362
Selhausen,2023-12-29 05:00:00,42,test,0.352,0.33945155
Selhausen,2023-12-29 06:00:00,42,test,0.355,0.33904865
Selhausen,2023-12-29 07:00:00,42,test,0.357,0.33850974
Selhausen,2023-12-29 08:00:00,42,test,0.353,0.33910996
Selhausen,2023-12-29 09:00:00,42,test,0.353,0.34044558
Selhausen,2023-12-29 10:00:00,42,test,0.355,0.34162802
Selhausen,2023-12-29 11:00:00,42,test,0.355,0.3420723
Selhausen,2023-12-29 12:00:00,42,test,0.355,0.3415501
Selhausen,2023-12-29 13:00:00,42,test,0.352,0.34134048
Selhausen,2024-02-16 11:00:00,42,test,0.344,0.32130924
Selhausen,2024-02-16 12:00:00,42,test,0.342,0.3211776
Selhausen,2024-02-16 13:00:00,42,test,0.34,0.32125553
Selhausen,2024-02-16 14:00:00,42,test,0.345,0.32135108
Selhausen,2024-02-16 15:00:00,42,test,0.349,0.3236492
Selhausen,2024-02-16 16:00:00,42,test,0.349,0.32988763
Selhausen,2024-02-16 17:00:00,42,test,0.35,0.33326015
Selhausen,2024-02-16 18:00:00,42,test,0.347,0.33520132
Selhausen,2024-02-16 19:00:00,42,test,0.365,0.3358512
Selhausen,2024-02-16 20:00:00,42,test,0.3425,0.33611956
Selhausen,2024-02-16 21:00:00,42,test,0.389,0.33619678
Selhausen,2024-02-16 22:00:00,42,test,0.379,0.33613032
Selhausen,2024-02-16 23:00:00,42,test,0.381,0.33612388
Selhausen,2024-02-17 00:00:00,42,test,0.381,0.3360237
Selhausen,2024-02-17 01:00:00,42,test,0.375,0.3357709
Selhausen,2024-02-17 02:00:00,42,test,0.38,0.3354845
Selhausen,2024-02-17 03:00:00,42,test,0.378,0.33511227
Selhausen,2024-02-17 04:00:00,42,test,0.38,0.33471522
Selhausen,2024-02-17 05:00:00,42,test,0.375,0.3343321
Selhausen,2024-02-17 06:00:00,42,test,0.367,0.33402407
Selhausen,2024-02-17 07:00:00,42,test,0.369,0.33370072
Selhausen,2024-02-17 08:00:00,42,test,0.367,0.3330961
Selhausen,2024-02-17 09:00:00,42,test,0.364,0.33258426
Selhausen,2024-02-17 10:00:00,42,test,0.366,0.33221117
Selhausen,2024-02-17 11:00:00,42,test,0.365,0.33205834
Selhausen,2024-02-17 12:00:00,42,test,0.365,0.33115256
Selhausen,2024-02-17 13:00:00,42,test,0.361,0.3305694
Selhausen,2024-02-17 14:00:00,42,test,0.36,0.32934123
Selhausen,2024-02-17 15:00:00,42,test,0.36,0.32856452
Selhausen,2024-02-17 16:00:00,42,test,0.362,0.32821104
Selhausen,2024-02-17 17:00:00,42,test,0.363,0.328289
Selhausen,2024-02-17 18:00:00,42,test,0.363,0.32828563
Selhausen,2024-02-17 19:00:00,42,test,0.358,0.3284234
Selhausen,2024-02-17 20:00:00,42,test,0.385,0.3285011
Selhausen,2024-02-17 21:00:00,42,test,0.376,0.32820588
Selhausen,2024-02-17 22:00:00,42,test,0.373,0.327695
Selhausen,2024-02-17 23:00:00,42,test,0.376,0.32726264
Selhausen,2024-02-18 00:00:00,42,test,0.378,0.32672694
Selhausen,2024-02-18 01:00:00,42,test,0.375,0.3264419
Selhausen,2024-02-18 02:00:00,42,test,0.373,0.32597315
Selhausen,2024-02-18 03:00:00,42,test,0.372,0.3255167
Selhausen,2024-02-18 04:00:00,42,test,0.372,0.32522294
Selhausen,2024-02-18 05:00:00,42,test,0.372,0.32509813
Selhausen,2024-02-18 06:00:00,42,test,0.367,0.3251859
Selhausen,2024-02-18 07:00:00,42,test,0.367,0.3251732
Selhausen,2024-02-18 08:00:00,42,test,0.369,0.32517606
Selhausen,2024-02-18 09:00:00,42,test,0.366,0.3251801
Selhausen,2024-02-18 10:00:00,42,test,0.369,0.32512552
Selhausen,2024-02-18 11:00:00,42,test,0.373,0.32664427
Selhausen,2024-02-18 12:00:00,42,test,0.362,0.3280695
Selhausen,2024-02-18 13:00:00,42,test,0.363,0.32866687
Selhausen,2024-02-18 14:00:00,42,test,0.325,0.3297492
Selhausen,2024-02-18 15:00:00,42,test,0.365,0.33039835
Selhausen,2024-02-18 16:00:00,42,test,0.36,0.33089036
Selhausen,2024-02-18 17:00:00,42,test,0.365,0.3311267
Selhausen,2024-02-18 18:00:00,42,test,0.36,0.33102757
Selhausen,2024-02-18 19:00:00,42,test,0.365,0.33347586
Selhausen,2024-02-18 20:00:00,42,test,0.358,0.33397967
Selhausen,2024-02-18 21:00:00,42,test,0.358,0.34149766
Selhausen,2024-02-18 22:00:00,42,test,0.362,0.34419703
Selhausen,2024-02-18 23:00:00,42,test,0.353,0.34589988
Selhausen,2024-02-19 00:00:00,42,test,0.351,0.34676713
Selhausen,2024-02-19 01:00:00,42,test,0.349,0.34708387
Selhausen,2024-02-19 02:00:00,42,test,0.35,0.34711966
Selhausen,2024-02-19 03:00:00,42,test,0.355,0.34699887
Selhausen,2024-02-19 04:00:00,42,test,0.36,0.34686637
Selhausen,2024-02-19 05:00:00,42,test,0.347,0.34666452
Selhausen,2024-02-19 06:00:00,42,test,0.348,0.3463145
Selhausen,2024-02-19 07:00:00,42,test,0.349,0.34587693
Selhausen,2024-02-19 08:00:00,42,test,0.353,0.3454708
Selhausen,2024-02-19 09:00:00,42,test,0.35,0.34507608
Selhausen,2024-02-19 10:00:00,42,test,0.352,0.34469035
Selhausen,2024-02-19 11:00:00,42,test,0.348,0.3450415
Selhausen,2024-02-19 12:00:00,42,test,0.349,0.34518316
Selhausen,2024-02-19 13:00:00,42,test,0.349,0.34519434
Selhausen,2024-02-19 14:00:00,42,test,0.344,0.34502715
Selhausen,2024-02-19 15:00:00,42,test,0.342,0.34485
Selhausen,2024-02-19 16:00:00,42,test,0.348,0.34458476
Selhausen,2024-02-19 17:00:00,42,test,0.34,0.34431368
Selhausen,2024-02-19 18:00:00,42,test,0.348,0.34467658
Selhausen,2024-02-19 19:00:00,42,test,0.338,0.34575975
Selhausen,2024-02-19 20:00:00,42,test,0.348,0.34864822
Selhausen,2024-02-19 21:00:00,42,test,0.351,0.34961283
Selhausen,2024-02-19 22:00:00,42,test,0.351,0.35001653
Selhausen,2024-02-19 23:00:00,42,test,0.341,0.35000795
Selhausen,2024-02-20 00:00:00,42,test,0.3615,0.34972632
Selhausen,2024-04-08 03:00:00,42,test,0.273,0.3029465
Selhausen,2024-04-08 04:00:00,42,test,0.274,0.30700862
Selhausen,2024-04-08 05:00:00,42,test,0.274,0.3101722
Selhausen,2024-04-08 06:00:00,42,test,0.277,0.3125465
Selhausen,2024-04-08 07:00:00,42,test,0.275,0.31426236
Selhausen,2024-04-08 08:00:00,42,test,0.274,0.3154629
Selhausen,2024-04-08 09:00:00,42,test,0.274,0.31619745
Selhausen,2024-04-08 10:00:00,42,test,0.273,0.3163686
Selhausen,2024-04-08 11:00:00,42,test,0.273,0.31592563
Selhausen,2024-04-08 12:00:00,42,test,0.268,0.314688
Selhausen,2024-04-08 13:00:00,42,test,0.266,0.3132041
Selhausen,2024-04-08 14:00:00,42,test,0.264,0.3115992
Selhausen,2024-04-08 15:00:00,42,test,0.258,0.30928707
Selhausen,2024-04-08 16:00:00,42,test,0.26,0.30650884
Selhausen,2024-04-08 17:00:00,42,test,0.258,0.3033053
Selhausen,2024-04-08 18:00:00,42,test,0.256,0.30042392
Selhausen,2024-04-08 19:00:00,42,test,0.254,0.29807857
Selhausen,2024-04-08 20:00:00,42,test,0.255,0.29620954
Selhausen,2024-04-08 21:00:00,42,test,0.252,0.29466018
Selhausen,2024-04-08 22:00:00,42,test,0.255,0.2935935
Selhausen,2024-04-08 23:00:00,42,test,0.252,0.29301375
Selhausen,2024-04-09 00:00:00,42,test,0.25,0.29268274
Selhausen,2024-04-09 01:00:00,42,test,0.255,0.29269567
Selhausen,2024-04-09 02:00:00,42,test,0.253,0.29294354
Selhausen,2024-04-09 03:00:00,42,test,0.249,0.2935913
Selhausen,2024-04-09 04:00:00,42,test,0.249,0.2943443
Selhausen,2024-04-09 05:00:00,42,test,0.252,0.29538792
Selhausen,2024-04-09 06:00:00,42,test,0.254,0.29645503
Selhausen,2024-04-09 07:00:00,42,test,0.253,0.29743984
Selhausen,2024-04-09 08:00:00,42,test,0.253,0.29808378
Selhausen,2024-04-09 09:00:00,42,test,0.255,0.2984659
Selhausen,2024-04-09 10:00:00,42,test,0.252,0.29878968
Selhausen,2024-04-09 11:00:00,42,test,0.255,0.2988999
Selhausen,2024-04-09 12:00:00,42,test,0.25,0.29844552
Selhausen,2024-04-09 13:00:00,42,test,0.25,0.29725266
Selhausen,2024-04-09 14:00:00,42,test,0.251,0.29569384
Selhausen,2024-04-09 15:00:00,42,test,0.25,0.29359862
Selhausen,2024-04-09 16:00:00,42,test,0.248,0.2908305
Selhausen,2024-04-09 17:00:00,42,test,0.251,0.28794608
Selhausen,2024-04-09 18:00:00,42,test,0.248,0.2848571
Selhausen,2024-04-09 19:00:00,42,test,0.246,0.28491652
Selhausen,2024-04-09 20:00:00,42,test,0.246,0.2829876
Selhausen,2024-04-09 21:00:00,42,test,0.248,0.2804616
Selhausen,2024-04-09 22:00:00,42,test,0.244,0.27791172
Selhausen,2024-04-09 23:00:00,42,test,0.245,0.2755295
Selhausen,2024-04-10 00:00:00,42,test,0.246,0.27342173
Selhausen,2024-04-10 01:00:00,42,test,0.244,0.27191335
Selhausen,2024-04-10 02:00:00,42,test,0.248,0.27095187
Selhausen,2024-04-10 03:00:00,42,test,0.248,0.2703387
Selhausen,2024-04-10 04:00:00,42,test,0.243,0.27014092
Selhausen,2024-04-10 05:00:00,42,test,0.249,0.27036
Selhausen,2024-04-10 06:00:00,42,test,0.247,0.27103865
Selhausen,2024-04-10 07:00:00,42,test,0.247,0.27190602
Selhausen,2024-04-10 08:00:00,42,test,0.248,0.27277616
Selhausen,2024-04-10 09:00:00,42,test,0.249,0.2736199
Selhausen,2024-04-10 10:00:00,42,test,0.245,0.27424765
Selhausen,2024-04-10 11:00:00,42,test,0.25,0.27451086
Selhausen,2024-04-10 12:00:00,42,test,0.251,0.2741228
Selhausen,2024-04-10 13:00:00,42,test,0.248,0.27295578
Selhausen,2024-04-10 14:00:00,42,test,0.241,0.27115327
Selhausen,2024-04-10 15:00:00,42,test,0.242,0.26828042
Selhausen,2024-04-10 16:00:00,42,test,0.24,0.26509875
Selhausen,2024-04-10 17:00:00,42,test,0.238,0.26188073
Selhausen,2024-04-10 18:00:00,42,test,0.242,0.25874153
Selhausen,2024-04-10 19:00:00,42,test,0.241,0.25588393
Selhausen,2024-04-10 20:00:00,42,test,0.242,0.25364715
Selhausen,2024-04-10 21:00:00,42,test,0.237,0.25149006
Selhausen,2024-04-10 22:00:00,42,test,0.24,0.24972016
Selhausen,2024-04-10 23:00:00,42,test,0.236,0.24814314
Selhausen,2024-04-11 00:00:00,42,test,0.234,0.2467171
Selhausen,2024-04-11 01:00:00,42,test,0.232,0.24582745
Selhausen,2024-04-11 02:00:00,42,test,0.239,0.24540086
Selhausen,2024-04-11 03:00:00,42,test,0.238,0.24532516
Selhausen,2024-04-11 04:00:00,42,test,0.24,0.2456347
Selhausen,2024-04-11 05:00:00,42,test,0.237,0.24632178
Selhausen,2024-04-11 06:00:00,42,test,0.235,0.2474349
Selhausen,2024-04-11 07:00:00,42,test,0.241,0.24877259
Selhausen,2024-04-11 08:00:00,42,test,0.237,0.25015682
Selhausen,2024-04-11 09:00:00,42,test,0.239,0.25161314
Selhausen,2024-04-11 10:00:00,42,test,0.235,0.25270432
Selhausen,2024-04-11 11:00:00,42,test,0.233,0.25354028
Selhausen,2024-04-11 12:00:00,42,test,0.239,0.25377578
Selhausen,2024-04-11 13:00:00,42,test,0.24,0.25343558
Selhausen,2024-04-11 14:00:00,42,test,0.243,0.25257945
Selhausen,2024-04-11 15:00:00,42,test,0.227,0.2512499
Selhausen,2024-04-11 16:00:00,42,test,0.239,0.24953595
Selhausen,2024-04-11 17:00:00,42,test,0.235,0.24792835
Selhausen,2024-04-11 18:00:00,42,test,0.228,0.24623685
Selhausen,2024-04-11 19:00:00,42,test,0.23,0.24457824
Selhausen,2024-04-11 20:00:00,42,test,0.227,0.24298519
Selhausen,2024-04-11 21:00:00,42,test,0.231,0.24163952
Selhausen,2024-04-11 22:00:00,42,test,0.226,0.24032706
Selhausen,2024-04-11 23:00:00,42,test,0.228,0.23927417
Selhausen,2024-04-12 00:00:00,42,test,0.227,0.23853403
Selhausen,2024-04-12 01:00:00,42,test,0.228,0.23808654
Selhausen,2024-04-12 02:00:00,42,test,0.224,0.23819688
Selhausen,2024-04-12 03:00:00,42,test,0.224,0.23876047
Selhausen,2024-04-12 04:00:00,42,test,0.225,0.23951396
Selhausen,2024-04-12 05:00:00,42,test,0.226,0.2407859
Selhausen,2024-04-12 06:00:00,42,test,0.223,0.2421704
Selhausen,2024-04-12 07:00:00,42,test,0.225,0.2435563
Selhausen,2024-04-12 08:00:00,42,test,0.224,0.24482754
Selhausen,2025-08-30 20:00:00,42,test,0.247,0.16008073
Selhausen,2025-08-30 21:00:00,42,test,0.247,0.15851846
Selhausen,2025-09-20 15:00:00,42,test,0.265,0.25548473
