station,timestamp,split,y_true,run,seed,model,y_pred
Gevenich,2025-02-13 07:00:00,test,0.375,1,,stacking,0.37468929337134127
Gevenich,2025-02-13 08:00:00,test,0.37449998,1,,stacking,0.3754161103883847
Gevenich,2025-02-13 09:00:00,test,0.37449998,1,,stacking,0.37571329840698076
Gevenich,2025-04-01 13:00:00,test,0.213,1,,stacking,0.2246130923773596
Gevenich,2025-04-01 14:00:00,test,0.211,1,,stacking,0.22559354110637997
Gevenich,2025-04-01 15:00:00,test,0.21000001,1,,stacking,0.22669642370137214
Gevenich,2025-04-01 16:00:00,test,0.20899999,1,,stacking,0.22407160812331753
Gevenich,2025-04-01 18:00:00,test,0.20899999,1,,stacking,0.22321695976833414
Gevenich,2025-04-01 20:00:00,test,0.2065,1,,stacking,0.22208348158664085
Gevenich,2025-04-01 22:00:00,test,0.2085,1,,stacking,0.2210463107391607
Gevenich,2025-04-02 00:00:00,test,0.207,1,,stacking,0.22126619842555928
Gevenich,2025-04-02 01:00:00,test,0.20899999,1,,stacking,0.22293877350307187
Gevenich,2025-04-02 02:00:00,test,0.2085,1,,stacking,0.22250524974127694
Gevenich,2025-04-02 04:00:00,test,0.207,1,,stacking,0.21985241229653135
Gevenich,2025-04-02 05:00:00,test,0.2065,1,,stacking,0.21992737461356174
Gevenich,2025-04-02 08:00:00,test,0.207,1,,stacking,0.22175112804965347
Gevenich,2025-04-02 09:00:00,test,0.207,1,,stacking,0.22205824015558667
Gevenich,2025-04-02 17:00:00,test,0.20300001,1,,stacking,0.22087569383198574
Gevenich,2025-04-02 19:00:00,test,0.2015,1,,stacking,0.2166328587009676
Gevenich,2025-04-03 01:00:00,test,0.2015,1,,stacking,0.21027892537760307
Gevenich,2025-04-03 05:00:00,test,0.1985,1,,stacking,0.21110315904671964
Gevenich,2025-04-03 08:00:00,test,0.1995,1,,stacking,0.21252272205670658
Gevenich,2025-04-03 09:00:00,test,0.2015,1,,stacking,0.21368757413273382
Gevenich,2025-04-03 10:00:00,test,0.1985,1,,stacking,0.21190397383121604
Gevenich,2025-04-03 11:00:00,test,0.19749999,1,,stacking,0.2126745438704048
Gevenich,2025-04-03 16:00:00,test,0.1955,1,,stacking,0.20564074685672826
Gevenich,2025-04-03 17:00:00,test,0.1965,1,,stacking,0.2049111572893448
Gevenich,2025-04-03 18:00:00,test,0.1955,1,,stacking,0.20397344397636613
Gevenich,2025-04-03 20:00:00,test,0.1955,1,,stacking,0.20092640747885868
Gevenich,2025-04-03 22:00:00,test,0.1935,1,,stacking,0.20161156035874625
Gevenich,2025-04-04 01:00:00,test,0.19299999,1,,stacking,0.20134421688409104
Gevenich,2025-04-04 05:00:00,test,0.1925,1,,stacking,0.1989608495506436
Gevenich,2025-04-04 06:00:00,test,0.1935,1,,stacking,0.19896240819495367
Gevenich,2025-04-04 07:00:00,test,0.1935,1,,stacking,0.20187048596882778
Gevenich,2025-04-04 11:00:00,test,0.19100001,1,,stacking,0.20435839290457192
Gevenich,2025-04-04 12:00:00,test,0.1905,1,,stacking,0.20341971534718378
Gevenich,2025-04-04 14:00:00,test,0.19100001,1,,stacking,0.2025807812454039
Gevenich,2025-04-04 16:00:00,test,0.19100001,1,,stacking,0.20244645019266572
Gevenich,2025-04-04 17:00:00,test,0.18900001,1,,stacking,0.20148680849188905
Gevenich,2025-04-04 19:00:00,test,0.1895,1,,stacking,0.20158498369036693
Gevenich,2025-04-04 20:00:00,test,0.18900001,1,,stacking,0.2014874038376966
Gevenich,2025-04-04 21:00:00,test,0.18900001,1,,stacking,0.2027528671602487
Gevenich,2025-04-04 22:00:00,test,0.18900001,1,,stacking,0.19969733794130512
Gevenich,2025-04-04 23:00:00,test,0.1895,1,,stacking,0.2015034484759271
Gevenich,2025-04-05 03:00:00,test,0.1855,1,,stacking,0.19800727696365394
Gevenich,2025-04-05 06:00:00,test,0.1865,1,,stacking,0.19938713503331962
Gevenich,2025-04-05 07:00:00,test,0.18599999,1,,stacking,0.21165276952677137
Gevenich,2025-04-05 08:00:00,test,0.18599999,1,,stacking,0.20446969091129755
Gevenich,2025-04-05 09:00:00,test,0.1855,1,,stacking,0.20694980601987947
Gevenich,2025-04-05 11:00:00,test,0.1865,1,,stacking,0.20456159602667429
Gevenich,2025-04-05 16:00:00,test,0.1865,1,,stacking,0.20951006421878005
Gevenich,2025-04-05 17:00:00,test,0.1855,1,,stacking,0.20877187941024775
Gevenich,2025-04-05 18:00:00,test,0.18599999,1,,stacking,0.20915274944480405
Gevenich,2025-04-05 19:00:00,test,0.1845,1,,stacking,0.2072327045959674
Gevenich,2025-04-05 22:00:00,test,0.1855,1,,stacking,0.19821741826501388
Gevenich,2025-04-06 00:00:00,test,0.1855,1,,stacking,0.19531372174864645
Gevenich,2025-04-06 03:00:00,test,0.1825,1,,stacking,0.19670888963952393
Gevenich,2025-04-06 05:00:00,test,0.1815,1,,stacking,0.1974247578840199
Gevenich,2025-04-06 06:00:00,test,0.18200001,1,,stacking,0.1994903843834848
Gevenich,2025-04-06 08:00:00,test,0.18200001,1,,stacking,0.19997800254035375
Gevenich,2025-04-06 09:00:00,test,0.1825,1,,stacking,0.20135975136844847
Gevenich,2025-04-06 15:00:00,test,0.1815,1,,stacking,0.19948460873175652
Gevenich,2025-04-06 17:00:00,test,0.18200001,1,,stacking,0.19956699418853802
Gevenich,2025-04-06 21:00:00,test,0.18200001,1,,stacking,0.19576780038170133
Gevenich,2025-04-06 22:00:00,test,0.1805,1,,stacking,0.19747421347416244
Gevenich,2025-04-07 00:00:00,test,0.1805,1,,stacking,0.19517621706676436
Gevenich,2025-04-07 01:00:00,test,0.1785,1,,stacking,0.1945279540521591
Gevenich,2025-04-07 02:00:00,test,0.1795,1,,stacking,0.19431239634492722
Gevenich,2025-04-07 03:00:00,test,0.1805,1,,stacking,0.19210654646700864
Gevenich,2025-04-16 11:00:00,test,0.272,1,,stacking,0.2158563147064733
Gevenich,2025-04-16 14:00:00,test,0.276,1,,stacking,0.21455406429822296
Gevenich,2025-04-16 15:00:00,test,0.276,1,,stacking,0.2163094555269979
Gevenich,2025-04-16 16:00:00,test,0.276,1,,stacking,0.21342552306321108
Gevenich,2025-04-16 17:00:00,test,0.276,1,,stacking,0.21882870216555422
Gevenich,2025-04-16 18:00:00,test,0.276,1,,stacking,0.21326423393821825
Gevenich,2025-04-16 19:00:00,test,0.276,1,,stacking,0.21387548773765275
Gevenich,2025-04-16 21:00:00,test,0.277,1,,stacking,0.2139837288521785
Gevenich,2025-04-16 22:00:00,test,0.277,1,,stacking,0.21566231534685038
Gevenich,2025-04-16 23:00:00,test,0.26,1,,stacking,0.2051338361593464
Gevenich,2025-04-17 00:00:00,test,0.277,1,,stacking,0.21126211827797636
Gevenich,2025-04-17 01:00:00,test,0.277,1,,stacking,0.2121214881698926
Gevenich,2025-04-17 02:00:00,test,0.262,1,,stacking,0.20224568821351482
Gevenich,2025-04-17 03:00:00,test,0.277,1,,stacking,0.2104016598404529
Gevenich,2025-04-17 04:00:00,test,0.274,1,,stacking,0.20232126063175332
Gevenich,2025-04-17 05:00:00,test,0.274,1,,stacking,0.2062064821713735
Gevenich,2025-04-17 06:00:00,test,0.264,1,,stacking,0.20361513474484488
Gevenich,2025-05-04 11:00:00,test,0.1815,1,,stacking,0.20898984320232677
Gevenich,2025-05-04 12:00:00,test,0.1815,1,,stacking,0.203457398704883
Gevenich,2025-05-04 23:00:00,test,0.1805,1,,stacking,0.18297392727635656
Gevenich,2025-05-05 00:00:00,test,0.1805,1,,stacking,0.18495320903035514
Gevenich,2025-05-05 02:00:00,test,0.1795,1,,stacking,0.18350325344072027
Gevenich,2025-05-05 04:00:00,test,0.1805,1,,stacking,0.1821728840644177
Gevenich,2025-05-05 05:00:00,test,0.1805,1,,stacking,0.1824877258518446
Gevenich,2025-05-05 08:00:00,test,0.1815,1,,stacking,0.18115157895676645
Gevenich,2025-05-05 09:00:00,test,0.1795,1,,stacking,0.18334754158817707
Gevenich,2025-05-05 12:00:00,test,0.1825,1,,stacking,0.1851689384591294
Gevenich,2025-05-05 14:00:00,test,0.1815,1,,stacking,0.18223577808919217
Gevenich,2025-05-05 15:00:00,test,0.1825,1,,stacking,0.18463879351072557
Gevenich,2025-05-05 16:00:00,test,0.1825,1,,stacking,0.18662386578272872
Gevenich,2025-05-05 17:00:00,test,0.18599999,1,,stacking,0.18695916661484469
Gevenich,2025-05-05 18:00:00,test,0.1815,1,,stacking,0.1862495600758893
Gevenich,2025-05-05 19:00:00,test,0.1825,1,,stacking,0.18514336089122058
Gevenich,2025-05-05 21:00:00,test,0.18200001,1,,stacking,0.18325492313094982
Gevenich,2025-05-06 00:00:00,test,0.1785,1,,stacking,0.1761029964630156
Gevenich,2025-05-06 01:00:00,test,0.1805,1,,stacking,0.1772273515513844
Gevenich,2025-05-06 02:00:00,test,0.1805,1,,stacking,0.1746794155250443
Gevenich,2025-05-06 06:00:00,test,0.1795,1,,stacking,0.17242419380319388
Gevenich,2025-05-06 08:00:00,test,0.1795,1,,stacking,0.1688944293356183
Gevenich,2025-05-06 09:00:00,test,0.1805,1,,stacking,0.17146468939334697
Gevenich,2025-05-06 11:00:00,test,0.1815,1,,stacking,0.17376432752048482
Gevenich,2025-05-06 12:00:00,test,0.1805,1,,stacking,0.17047323753471733
Gevenich,2025-05-06 13:00:00,test,0.1795,1,,stacking,0.17577591672794884
Gevenich,2025-05-06 15:00:00,test,0.1825,1,,stacking,0.17749382929950974
Gevenich,2025-05-06 16:00:00,test,0.1835,1,,stacking,0.1813262124254064
Gevenich,2025-05-06 17:00:00,test,0.1835,1,,stacking,0.18049134399444275
Gevenich,2025-05-06 18:00:00,test,0.1815,1,,stacking,0.18087031403594356
Gevenich,2025-05-06 20:00:00,test,0.18200001,1,,stacking,0.1827654375455132
Gevenich,2025-05-06 22:00:00,test,0.1805,1,,stacking,0.17463411298905568
Gevenich,2025-05-06 23:00:00,test,0.1785,1,,stacking,0.17232981338357145
Gevenich,2025-05-07 00:00:00,test,0.17899999,1,,stacking,0.16587169092569182
Gevenich,2025-05-07 02:00:00,test,0.1775,1,,stacking,0.16826234258741637
Gevenich,2025-05-07 03:00:00,test,0.1805,1,,stacking,0.16355376193776255
Gevenich,2025-05-07 06:00:00,test,0.17899999,1,,stacking,0.16387413731704223
Gevenich,2025-05-07 07:00:00,test,0.17899999,1,,stacking,0.1642481930053522
Gevenich,2025-05-07 08:00:00,test,0.1785,1,,stacking,0.16735484862693026
Gevenich,2025-05-07 09:00:00,test,0.17899999,1,,stacking,0.16675557475418906
Gevenich,2025-05-07 10:00:00,test,0.1805,1,,stacking,0.1666122681795334
Gevenich,2025-05-07 11:00:00,test,0.1815,1,,stacking,0.16833725863491547
Gevenich,2025-05-07 13:00:00,test,0.1805,1,,stacking,0.16783948613747113
Gevenich,2025-05-07 14:00:00,test,0.18200001,1,,stacking,0.16861789827340845
Gevenich,2025-05-21 14:00:00,test,0.1555,1,,stacking,0.15747435748406452
Gevenich,2025-05-21 15:00:00,test,0.155,1,,stacking,0.15853274436077416
Gevenich,2025-05-21 16:00:00,test,0.156,1,,stacking,0.15744418490553036
Gevenich,2025-05-21 17:00:00,test,0.1555,1,,stacking,0.15657428652453548
Gevenich,2025-05-21 18:00:00,test,0.155,1,,stacking,0.15677148796394405
Gevenich,2025-05-21 19:00:00,test,0.1525,1,,stacking,0.15595556928838347
Gevenich,2025-05-21 20:00:00,test,0.156,1,,stacking,0.15676614879474088
Gevenich,2025-05-21 21:00:00,test,0.153,1,,stacking,0.1563775154500144
Gevenich,2025-05-21 22:00:00,test,0.15450001,1,,stacking,0.1563241071188241
Gevenich,2025-05-21 23:00:00,test,0.154,1,,stacking,0.1552648317047135
Gevenich,2025-05-22 00:00:00,test,0.15,1,,stacking,0.15430408278476887
Gevenich,2025-05-22 01:00:00,test,0.1515,1,,stacking,0.1537922009219946
Gevenich,2025-05-22 02:00:00,test,0.15200001,1,,stacking,0.15255125043027484
Gevenich,2025-05-22 03:00:00,test,0.151,1,,stacking,0.15315233110050805
Gevenich,2025-05-22 04:00:00,test,0.1515,1,,stacking,0.15333463886614965
Gevenich,2025-05-22 05:00:00,test,0.1515,1,,stacking,0.15267314074863267
Gevenich,2025-05-22 06:00:00,test,0.151,1,,stacking,0.1535309419698368
Gevenich,2025-05-22 07:00:00,test,0.151,1,,stacking,0.15415811815001992
Gevenich,2025-05-22 08:00:00,test,0.1525,1,,stacking,0.15391602608660085
Gevenich,2025-05-22 09:00:00,test,0.1515,1,,stacking,0.15402996189847612
Gevenich,2025-05-22 10:00:00,test,0.15200001,1,,stacking,0.1530070041224305
Gevenich,2025-05-22 11:00:00,test,0.152,1,,stacking,0.15400884682645927
Gevenich,2025-05-22 12:00:00,test,0.153,1,,stacking,0.1544685383520134
Gevenich,2025-05-22 13:00:00,test,0.15349999,1,,stacking,0.15428886967804917
Gevenich,2025-05-22 14:00:00,test,0.153,1,,stacking,0.15505450921618047
Gevenich,2025-05-22 15:00:00,test,0.153,1,,stacking,0.154786405909089
Gevenich,2025-05-22 16:00:00,test,0.154,1,,stacking,0.154583161666742
Gevenich,2025-05-22 17:00:00,test,0.154,1,,stacking,0.155510075635013
Gevenich,2025-05-22 18:00:00,test,0.154,1,,stacking,0.15506120359842998
Gevenich,2025-05-22 19:00:00,test,0.155,1,,stacking,0.15512813541776302
Gevenich,2025-05-22 20:00:00,test,0.155,1,,stacking,0.15551024671524483
Gevenich,2025-05-22 21:00:00,test,0.155,1,,stacking,0.1543627905007273
Gevenich,2025-05-22 22:00:00,test,0.1745,1,,stacking,0.15390951879659348
Gevenich,2025-05-22 23:00:00,test,0.1745,1,,stacking,0.15440551855156054
Gevenich,2025-05-23 00:00:00,test,0.155,1,,stacking,0.15306167064828163
Gevenich,2025-05-23 01:00:00,test,0.1725,1,,stacking,0.152581587845822
Gevenich,2025-05-23 02:00:00,test,0.154,1,,stacking,0.1506726542827988
Gevenich,2025-05-23 03:00:00,test,0.1735,1,,stacking,0.15131133216148687
Gevenich,2025-05-23 04:00:00,test,0.152,1,,stacking,0.14975916303387982
Gevenich,2025-05-23 06:00:00,test,0.154,1,,stacking,0.15210638827830164
Gevenich,2025-05-23 07:00:00,test,0.1755,1,,stacking,0.15111833568943533
Gevenich,2025-05-23 08:00:00,test,0.1735,1,,stacking,0.14973206379139897
Gevenich,2025-05-23 09:00:00,test,0.153,1,,stacking,0.14959170950078932
Gevenich,2025-05-23 10:00:00,test,0.1745,1,,stacking,0.15233157922823878
Gevenich,2025-05-23 11:00:00,test,0.154,1,,stacking,0.1529252292101116
Gevenich,2025-05-23 13:00:00,test,0.1765,1,,stacking,0.15331846539095087
Gevenich,2025-05-23 15:00:00,test,0.17750001,1,,stacking,0.1538242110063593
Gevenich,2025-05-23 17:00:00,test,0.158,1,,stacking,0.1544933356832947
Gevenich,2025-05-23 18:00:00,test,0.17750001,1,,stacking,0.15466450206979906
Gevenich,2025-05-23 19:00:00,test,0.156,1,,stacking,0.15283372348304738
Gevenich,2025-05-23 20:00:00,test,0.1765,1,,stacking,0.15364311450794602
Gevenich,2025-05-23 22:00:00,test,0.1765,1,,stacking,0.1517678879744729
Gevenich,2025-05-24 00:00:00,test,0.1765,1,,stacking,0.14995074441422415
Gevenich,2025-05-24 04:00:00,test,0.1745,1,,stacking,0.14913499588789209
Gevenich,2025-05-24 05:00:00,test,0.1765,1,,stacking,0.15029098673535737
Gevenich,2025-05-24 06:00:00,test,0.17500001,1,,stacking,0.15044454578117875
Gevenich,2025-05-24 12:00:00,test,0.1765,1,,stacking,0.15247266315540517
Gevenich,2025-05-24 13:00:00,test,0.1735,1,,stacking,0.1612436267177678
Gevenich,2025-05-24 14:00:00,test,0.1735,1,,stacking,0.16652223710602726
Gevenich,2025-05-24 17:00:00,test,0.1735,1,,stacking,0.17224451244499975
Gevenich,2025-05-24 18:00:00,test,0.1755,1,,stacking,0.1622755107440443
Gevenich,2025-05-24 19:00:00,test,0.1745,1,,stacking,0.16347413738888344
Gevenich,2025-05-24 20:00:00,test,0.1725,1,,stacking,0.1636609128312813
Gevenich,2025-05-24 21:00:00,test,0.1715,1,,stacking,0.1631179030439886
Gevenich,2025-05-24 22:00:00,test,0.1705,1,,stacking,0.17426330050435526
Gevenich,2025-05-25 00:00:00,test,0.17050001,1,,stacking,0.16505432469478742
Gevenich,2025-05-25 01:00:00,test,0.171,1,,stacking,0.17240498344665622
Gevenich,2025-05-25 02:00:00,test,0.17199999,1,,stacking,0.1676948943028421
Gevenich,2025-05-25 04:00:00,test,0.171,1,,stacking,0.1672681371779005
Gevenich,2025-05-25 05:00:00,test,0.1715,1,,stacking,0.16904854458160662
Gevenich,2025-05-25 06:00:00,test,0.1715,1,,stacking,0.1645227473267317
Gevenich,2025-05-25 07:00:00,test,0.1695,1,,stacking,0.16818850668997545
Gevenich,2025-05-25 08:00:00,test,0.1715,1,,stacking,0.17018739291222998
Gevenich,2025-05-25 09:00:00,test,0.17050001,1,,stacking,0.16040753091256027
Gevenich,2025-05-25 10:00:00,test,0.171,1,,stacking,0.16848168183239798
Gevenich,2025-05-25 11:00:00,test,0.17050001,1,,stacking,0.1633231609602526
Gevenich,2025-06-09 09:00:00,test,0.19299999,1,,stacking,0.20675222182446884
Gevenich,2025-06-09 11:00:00,test,0.1935,1,,stacking,0.22542573732641993
Gevenich,2025-06-09 13:00:00,test,0.233,1,,stacking,0.20310890522192826
Gevenich,2025-06-09 20:00:00,test,0.1895,1,,stacking,0.19990520946336438
Gevenich,2025-06-09 22:00:00,test,0.1865,1,,stacking,0.21500214080776728
Gevenich,2025-06-10 00:00:00,test,0.1875,1,,stacking,0.19809455080102734
Gevenich,2025-06-10 04:00:00,test,0.1855,1,,stacking,0.19745319033038458
Gevenich,2025-06-10 06:00:00,test,0.18599999,1,,stacking,0.19731285471337626
Gevenich,2025-06-10 09:00:00,test,0.1825,1,,stacking,0.1991338845455321
Gevenich,2025-06-10 13:00:00,test,0.1785,1,,stacking,0.20076183370606984
Gevenich,2025-06-10 14:00:00,test,0.1795,1,,stacking,0.19576850817500907
Gevenich,2025-06-10 15:00:00,test,0.1805,1,,stacking,0.2006623019781696
Gevenich,2025-06-10 17:00:00,test,0.1755,1,,stacking,0.19325849236982284
Gevenich,2025-06-10 18:00:00,test,0.17750001,1,,stacking,0.19488876348258147
Gevenich,2025-06-10 22:00:00,test,0.1755,1,,stacking,0.19020801623136546
Gevenich,2025-06-10 23:00:00,test,0.17300001,1,,stacking,0.19063957662806735
Gevenich,2025-06-11 01:00:00,test,0.17199999,1,,stacking,0.1954862826026693
Gevenich,2025-06-11 02:00:00,test,0.17,1,,stacking,0.19145306856459046
Gevenich,2025-06-11 03:00:00,test,0.17,1,,stacking,0.18973164846041882
Gevenich,2025-06-11 04:00:00,test,0.171,1,,stacking,0.1873819700261641
Gevenich,2025-06-11 05:00:00,test,0.17,1,,stacking,0.19076905471963063
Gevenich,2025-06-11 06:00:00,test,0.17050001,1,,stacking,0.19091449986619738
Gevenich,2025-06-11 07:00:00,test,0.16800001,1,,stacking,0.1968401402389037
Gevenich,2025-06-11 08:00:00,test,0.169,1,,stacking,0.19144469346194193
Gevenich,2025-06-11 09:00:00,test,0.169,1,,stacking,0.1870104824005445
Gevenich,2025-06-11 10:00:00,test,0.1695,1,,stacking,0.18650909571009777
Gevenich,2025-06-11 11:00:00,test,0.169,1,,stacking,0.18638733604468066
Gevenich,2025-06-11 14:00:00,test,0.16600001,1,,stacking,0.1894078348510893
Gevenich,2025-06-11 15:00:00,test,0.1655,1,,stacking,0.18713059168543794
Gevenich,2025-06-11 16:00:00,test,0.16499999,1,,stacking,0.186095482895671
Gevenich,2025-06-11 17:00:00,test,0.16350001,1,,stacking,0.18541472119984684
Gevenich,2025-06-11 18:00:00,test,0.164,1,,stacking,0.18536524096671705
Gevenich,2025-06-11 19:00:00,test,0.162,1,,stacking,0.18566654806534902
Gevenich,2025-06-11 20:00:00,test,0.1625,1,,stacking,0.18605252300466413
Gevenich,2025-06-11 21:00:00,test,0.16299999,1,,stacking,0.18646456563709804
Gevenich,2025-06-11 22:00:00,test,0.15900001,1,,stacking,0.18494388582083582
Gevenich,2025-06-11 23:00:00,test,0.16,1,,stacking,0.19279524165351494
Gevenich,2025-06-12 00:00:00,test,0.1605,1,,stacking,0.18739530563294018
Gevenich,2025-06-12 01:00:00,test,0.1585,1,,stacking,0.186192998058081
Gevenich,2025-06-12 02:00:00,test,0.1585,1,,stacking,0.18388574891541432
Gevenich,2025-06-12 03:00:00,test,0.15799999,1,,stacking,0.18433959958555343
Gevenich,2025-06-12 04:00:00,test,0.1575,1,,stacking,0.18350554704136
Gevenich,2025-06-12 05:00:00,test,0.1565,1,,stacking,0.18099351985551268
Gevenich,2025-06-12 06:00:00,test,0.1575,1,,stacking,0.184816778571291
Gevenich,2025-06-12 07:00:00,test,0.1585,1,,stacking,0.18708387505509494
Gevenich,2025-06-12 08:00:00,test,0.156,1,,stacking,0.18332696822748154
Gevenich,2025-06-12 09:00:00,test,0.1575,1,,stacking,0.1799299625274611
Gevenich,2025-06-12 10:00:00,test,0.157,1,,stacking,0.18203181691458864
Gevenich,2025-06-12 11:00:00,test,0.1555,1,,stacking,0.18591261057843428
Gevenich,2025-06-12 12:00:00,test,0.1555,1,,stacking,0.18126081712181358
Gevenich,2025-06-12 13:00:00,test,0.156,1,,stacking,0.17698013975588453
Gevenich,2025-06-12 14:00:00,test,0.156,1,,stacking,0.17068498855298192
Gevenich,2025-06-12 15:00:00,test,0.15450001,1,,stacking,0.1724601098811181
Gevenich,2025-06-12 16:00:00,test,0.15450001,1,,stacking,0.1676116857652265
Gevenich,2025-06-12 17:00:00,test,0.15450001,1,,stacking,0.1656273156144402
Gevenich,2025-06-12 18:00:00,test,0.155,1,,stacking,0.16647156172172364
Gevenich,2025-06-12 19:00:00,test,0.154,1,,stacking,0.16672319469177022
Gevenich,2025-06-12 20:00:00,test,0.153,1,,stacking,0.16661089565130055
Gevenich,2025-06-12 21:00:00,test,0.1525,1,,stacking,0.16688840045201847
Gevenich,2025-06-12 22:00:00,test,0.153,1,,stacking,0.1678730663629622
Gevenich,2025-06-12 23:00:00,test,0.151,1,,stacking,0.16776006644787853
Gevenich,2025-06-13 00:00:00,test,0.153,1,,stacking,0.16216073554195506
Gevenich,2025-06-13 01:00:00,test,0.1525,1,,stacking,0.16324206708846475
Gevenich,2025-06-13 02:00:00,test,0.151,1,,stacking,0.1597669756037489
Gevenich,2025-06-13 03:00:00,test,0.1525,1,,stacking,0.16064743586948013
Gevenich,2025-06-13 04:00:00,test,0.145,1,,stacking,0.16118188902167688
Gevenich,2025-06-13 05:00:00,test,0.145,1,,stacking,0.16072081350632533
Gevenich,2025-06-13 06:00:00,test,0.21000001,1,,stacking,0.15927430082443686
Gevenich,2025-06-13 07:00:00,test,0.2065,1,,stacking,0.1606057504953551
Gevenich,2025-06-13 10:00:00,test,0.1995,1,,stacking,0.1614858529133601
Gevenich,2025-06-13 12:00:00,test,0.248,1,,stacking,0.16189033186230722
Gevenich,2025-06-13 13:00:00,test,0.19749999,1,,stacking,0.16031589644141372
Gevenich,2025-06-13 14:00:00,test,0.1935,1,,stacking,0.15783312055092125
Gevenich,2025-06-13 15:00:00,test,0.238,1,,stacking,0.15863434459209458
Gevenich,2025-06-13 18:00:00,test,0.18900001,1,,stacking,0.15098404410513577
Gevenich,2025-06-13 20:00:00,test,0.1885,1,,stacking,0.14918939268024206
Gevenich,2025-06-13 21:00:00,test,0.1855,1,,stacking,0.1483294997181536
Gevenich,2025-06-13 22:00:00,test,0.1855,1,,stacking,0.14698719507272423
Gevenich,2025-06-13 23:00:00,test,0.1855,1,,stacking,0.14673153797174715
Gevenich,2025-06-14 00:00:00,test,0.18599999,1,,stacking,0.14726667837621948
Gevenich,2025-06-14 06:00:00,test,0.1825,1,,stacking,0.1474143415593958
Gevenich,2025-06-14 08:00:00,test,0.1815,1,,stacking,0.14944702273442548
Gevenich,2025-06-14 10:00:00,test,0.1785,1,,stacking,0.1522666071809508
Gevenich,2025-06-14 11:00:00,test,0.17899999,1,,stacking,0.15801601259656808
Gevenich,2025-06-14 12:00:00,test,0.1805,1,,stacking,0.1592979408411604
Gevenich,2025-06-14 14:00:00,test,0.205,1,,stacking,0.1572914537079601
Gevenich,2025-06-14 15:00:00,test,0.1755,1,,stacking,0.15488821921568963
Gevenich,2025-06-14 17:00:00,test,0.17500001,1,,stacking,0.15246372652857532
Gevenich,2025-06-14 18:00:00,test,0.17500001,1,,stacking,0.1544249319420477
Gevenich,2025-06-14 19:00:00,test,0.1745,1,,stacking,0.1531717256883689
Gevenich,2025-06-14 20:00:00,test,0.17199999,1,,stacking,0.1512928352558574
Gevenich,2025-06-14 21:00:00,test,0.1725,1,,stacking,0.15073443396945055
Gevenich,2025-06-14 22:00:00,test,0.17,1,,stacking,0.14892438798468421
Gevenich,2025-06-14 23:00:00,test,0.1695,1,,stacking,0.15156708213958947
Gevenich,2025-06-15 00:00:00,test,0.171,1,,stacking,0.14921561381405185
Gevenich,2025-06-15 01:00:00,test,0.169,1,,stacking,0.14700511288482052
Gevenich,2025-06-15 02:00:00,test,0.1695,1,,stacking,0.1464009426248396
Gevenich,2025-06-15 03:00:00,test,0.169,1,,stacking,0.15342788767342783
Gevenich,2025-06-15 04:00:00,test,0.169,1,,stacking,0.15842950363146102
Gevenich,2025-06-15 05:00:00,test,0.169,1,,stacking,0.1627003234428656
Gevenich,2025-06-15 06:00:00,test,0.1655,1,,stacking,0.180604895357504
Gevenich,2025-06-15 07:00:00,test,0.167,1,,stacking,0.1949437291782078
Gevenich,2025-06-15 08:00:00,test,0.1685,1,,stacking,0.1937493380236198
Gevenich,2025-06-15 09:00:00,test,0.1655,1,,stacking,0.19493067196707534
Gevenich,2025-06-15 10:00:00,test,0.16499999,1,,stacking,0.198449588851713
Gevenich,2025-06-15 11:00:00,test,0.1665,1,,stacking,0.1978954810770064
Gevenich,2025-06-15 12:00:00,test,0.1645,1,,stacking,0.20758926007426712
Gevenich,2025-06-15 13:00:00,test,0.165,1,,stacking,0.19612803844990923
Gevenich,2025-06-15 14:00:00,test,0.164,1,,stacking,0.20511557915400846
Gevenich,2025-06-15 15:00:00,test,0.16,1,,stacking,0.20844131325017146
Gevenich,2025-06-15 16:00:00,test,0.164,1,,stacking,0.19979115829687916
Gevenich,2025-06-15 17:00:00,test,0.16049999,1,,stacking,0.19589282391770388
Gevenich,2025-06-15 18:00:00,test,0.16049999,1,,stacking,0.19541570325689295
Gevenich,2025-06-15 19:00:00,test,0.15900001,1,,stacking,0.19440359612231267
Gevenich,2025-06-15 20:00:00,test,0.16,1,,stacking,0.19543868593051425
Gevenich,2025-06-15 21:00:00,test,0.15900001,1,,stacking,0.19419658104311416
Gevenich,2025-06-15 22:00:00,test,0.15799999,1,,stacking,0.19601439394483375
Gevenich,2025-06-15 23:00:00,test,0.1565,1,,stacking,0.19600023396511743
Gevenich,2025-06-16 00:00:00,test,0.156,1,,stacking,0.19811435364553465
Gevenich,2025-06-16 01:00:00,test,0.1575,1,,stacking,0.19934647740398206
Gevenich,2025-06-16 02:00:00,test,0.15400001,1,,stacking,0.1985119548425789
Gevenich,2025-06-16 03:00:00,test,0.1555,1,,stacking,0.19805171788680423
Gevenich,2025-06-16 04:00:00,test,0.156,1,,stacking,0.1972781564648591
Gevenich,2025-06-16 05:00:00,test,0.15650001,1,,stacking,0.19970694910221837
Gevenich,2025-06-16 06:00:00,test,0.155,1,,stacking,0.19258846911469987
Gevenich,2025-06-16 07:00:00,test,0.15450001,1,,stacking,0.191220141644858
Gevenich,2025-06-16 08:00:00,test,0.15650001,1,,stacking,0.19266698932040588
Gevenich,2025-06-16 09:00:00,test,0.154,1,,stacking,0.18649649233598284
Gevenich,2025-06-16 10:00:00,test,0.1535,1,,stacking,0.18614616492605304
Gevenich,2025-06-16 11:00:00,test,0.154,1,,stacking,0.19450421095432915
Gevenich,2025-06-16 12:00:00,test,0.154,1,,stacking,0.18637790027322074
Gevenich,2025-06-16 13:00:00,test,0.154,1,,stacking,0.18671639072569524
Gevenich,2025-06-16 14:00:00,test,0.154,1,,stacking,0.1936004350986037
Gevenich,2025-06-16 15:00:00,test,0.154,1,,stacking,0.20170139663297504
Gevenich,2025-06-16 16:00:00,test,0.153,1,,stacking,0.18561234079276345
Gevenich,2025-06-16 17:00:00,test,0.15200001,1,,stacking,0.1836630125417383
Gevenich,2025-06-16 18:00:00,test,0.1525,1,,stacking,0.18133990338598688
Gevenich,2025-06-16 19:00:00,test,0.15,1,,stacking,0.180513077932197
Gevenich,2025-06-16 20:00:00,test,0.1485,1,,stacking,0.1798815218123372
Gevenich,2025-06-16 21:00:00,test,0.151,1,,stacking,0.17696675436080678
Gevenich,2025-06-16 22:00:00,test,0.151,1,,stacking,0.18089758154257926
Gevenich,2025-06-16 23:00:00,test,0.14899999,1,,stacking,0.1717184800106742
Gevenich,2025-06-17 00:00:00,test,0.157,1,,stacking,0.18142181683076716
Gevenich,2025-06-17 01:00:00,test,0.148,1,,stacking,0.1811377544405942
Gevenich,2025-06-17 02:00:00,test,0.1485,1,,stacking,0.18327573816900727
Gevenich,2025-06-17 03:00:00,test,0.15,1,,stacking,0.1809089008041095
Gevenich,2025-06-17 04:00:00,test,0.1455,1,,stacking,0.1794852747905456
Gevenich,2025-06-17 05:00:00,test,0.1485,1,,stacking,0.17753704243632068
Gevenich,2025-06-17 06:00:00,test,0.149,1,,stacking,0.16982890322591232
Gevenich,2025-06-17 07:00:00,test,0.14750001,1,,stacking,0.1691259035655234
Gevenich,2025-06-17 08:00:00,test,0.1455,1,,stacking,0.17626912633232833
Gevenich,2025-06-17 09:00:00,test,0.1465,1,,stacking,0.16654228289754566
Gevenich,2025-06-17 10:00:00,test,0.14649999,1,,stacking,0.16686313770569566
Gevenich,2025-06-17 11:00:00,test,0.14750001,1,,stacking,0.1694110682899079
Gevenich,2025-06-17 12:00:00,test,0.1485,1,,stacking,0.1739743808769286
Gevenich,2025-06-17 13:00:00,test,0.1485,1,,stacking,0.16360200047635834
Gevenich,2025-06-17 14:00:00,test,0.148,1,,stacking,0.16278266552969167
Gevenich,2025-07-30 11:00:00,test,0.291,1,,stacking,0.20982759914452195
Gevenich,2025-07-30 13:00:00,test,0.34,1,,stacking,0.20690557702714552
Gevenich,2025-07-30 14:00:00,test,0.335,1,,stacking,0.20624745978578105
Gevenich,2025-07-30 15:00:00,test,0.33,1,,stacking,0.2045182036909348
Gevenich,2025-07-30 17:00:00,test,0.338,1,,stacking,0.1965073991029098
Gevenich,2025-07-30 18:00:00,test,0.333,1,,stacking,0.19214460879905212
Gevenich,2025-07-30 19:00:00,test,0.332,1,,stacking,0.19255069180634726
Gevenich,2025-07-30 20:00:00,test,0.327,1,,stacking,0.19029840423179936
Gevenich,2025-07-30 21:00:00,test,0.325,1,,stacking,0.19212473024016882
Gevenich,2025-07-30 22:00:00,test,0.322,1,,stacking,0.18937691197121576
Gevenich,2025-07-30 23:00:00,test,0.319,1,,stacking,0.18809591438144063
Gevenich,2025-07-31 00:00:00,test,0.317,1,,stacking,0.19042492504577116
Gevenich,2025-07-31 01:00:00,test,0.315,1,,stacking,0.18597435095982265
Gevenich,2025-07-31 02:00:00,test,0.278,1,,stacking,0.1855556498207187
Gevenich,2025-07-31 03:00:00,test,0.312,1,,stacking,0.18455303051217706
Gevenich,2025-07-31 04:00:00,test,0.277,1,,stacking,0.18320901374875465
Gevenich,2025-07-31 05:00:00,test,0.307,1,,stacking,0.18899015840355995
Gevenich,2025-07-31 06:00:00,test,0.277,1,,stacking,0.1882198947037397
Gevenich,2025-07-31 07:00:00,test,0.2755,1,,stacking,0.18998018184558357
Gevenich,2025-07-31 08:00:00,test,0.305,1,,stacking,0.19166486768170504
Gevenich,2025-07-31 09:00:00,test,0.2755,1,,stacking,0.19332204118764462
Gevenich,2025-07-31 10:00:00,test,0.27499998,1,,stacking,0.1939717126155184
Gevenich,2025-07-31 11:00:00,test,0.3,1,,stacking,0.1955296162026378
Gevenich,2025-07-31 12:00:00,test,0.2905,1,,stacking,0.1989020398215819
Gevenich,2025-07-31 17:00:00,test,0.329,1,,stacking,0.19761721911601648
Gevenich,2025-07-31 19:00:00,test,0.3275,1,,stacking,0.19549590017124263
Gevenich,2025-07-31 20:00:00,test,0.3245,1,,stacking,0.22874760848660752
Gevenich,2025-07-31 21:00:00,test,0.3215,1,,stacking,0.2344985610769926
Gevenich,2025-07-31 23:00:00,test,0.32,1,,stacking,0.23570279259926513
Gevenich,2025-08-01 00:00:00,test,0.34,1,,stacking,0.24261831295193603
Gevenich,2025-08-01 01:00:00,test,0.3165,1,,stacking,0.2435112079209384
Gevenich,2025-08-01 02:00:00,test,0.337,1,,stacking,0.24310901993895112
Gevenich,2025-08-01 03:00:00,test,0.314,1,,stacking,0.26018890027230246
Gevenich,2025-08-01 04:00:00,test,0.31199998,1,,stacking,0.24856547542094093
Gevenich,2025-08-01 05:00:00,test,0.3105,1,,stacking,0.24444243321148523
Gevenich,2025-08-01 06:00:00,test,0.3105,1,,stacking,0.2609801032330922
Gevenich,2025-08-01 07:00:00,test,0.30949998,1,,stacking,0.262552783036218
Gevenich,2025-08-01 08:00:00,test,0.30699998,1,,stacking,0.2641798907032098
Gevenich,2025-08-01 09:00:00,test,0.322,1,,stacking,0.26681989402293443
Gevenich,2025-08-01 10:00:00,test,0.3035,1,,stacking,0.24925415410417817
Gevenich,2025-08-01 11:00:00,test,0.302,1,,stacking,0.2592670945148079
Gevenich,2025-08-10 01:00:00,test,0.1805,1,,stacking,0.20065519841219545
Gevenich,2025-08-10 03:00:00,test,0.1765,1,,stacking,0.20271000494160485
Gevenich,2025-08-10 04:00:00,test,0.1785,1,,stacking,0.20333492451916443
Gevenich,2025-08-10 06:00:00,test,0.17750001,1,,stacking,0.20322187033255348
Gevenich,2025-08-10 07:00:00,test,0.1765,1,,stacking,0.20376630316092473
Gevenich,2025-08-10 10:00:00,test,0.1745,1,,stacking,0.20368347231698164
Gevenich,2025-08-10 11:00:00,test,0.1755,1,,stacking,0.19994355324180121
Gevenich,2025-08-10 12:00:00,test,0.1735,1,,stacking,0.2001793307785235
Gevenich,2025-08-10 13:00:00,test,0.1735,1,,stacking,0.2029502986112583
Gevenich,2025-08-20 19:00:00,test,0.1285,1,,stacking,0.14496301376240667
Gevenich,2025-08-20 20:00:00,test,0.1275,1,,stacking,0.13795702823125397
Gevenich,2025-08-20 21:00:00,test,0.127,1,,stacking,0.13912517897537904
Gevenich,2025-08-20 22:00:00,test,0.1275,1,,stacking,0.1379818710005685
Gevenich,2025-08-20 23:00:00,test,0.1285,1,,stacking,0.13441085751028087
Gevenich,2025-08-21 00:00:00,test,0.1265,1,,stacking,0.1331243913540367
Gevenich,2025-08-21 01:00:00,test,0.126,1,,stacking,0.13308248171196876
Gevenich,2025-08-21 02:00:00,test,0.127,1,,stacking,0.13378267278447056
Gevenich,2025-08-21 03:00:00,test,0.12799999,1,,stacking,0.1342100540213658
Gevenich,2025-08-21 04:00:00,test,0.1255,1,,stacking,0.13104623615392824
Gevenich,2025-08-21 05:00:00,test,0.1255,1,,stacking,0.13049511101763123
Gevenich,2025-08-21 06:00:00,test,0.1255,1,,stacking,0.13011141520490896
Gevenich,2025-08-21 07:00:00,test,0.12450001,1,,stacking,0.13085748351512325
Gevenich,2025-08-21 08:00:00,test,0.1275,1,,stacking,0.13030583623279923
Gevenich,2025-08-21 09:00:00,test,0.1255,1,,stacking,0.127921432698495
Gevenich,2025-08-21 10:00:00,test,0.132,1,,stacking,0.1337362924807799
Gevenich,2025-08-21 11:00:00,test,0.1285,1,,stacking,0.13241836002746782
Gevenich,2025-08-21 12:00:00,test,0.12900001,1,,stacking,0.13161111454926477
Gevenich,2025-08-21 13:00:00,test,0.1275,1,,stacking,0.13067154253763044
Gevenich,2025-08-21 14:00:00,test,0.1275,1,,stacking,0.1326750918101328
Gevenich,2025-08-21 15:00:00,test,0.12900001,1,,stacking,0.13585966970898716
Gevenich,2025-08-21 16:00:00,test,0.12799999,1,,stacking,0.1312841141557627
Gevenich,2025-08-21 17:00:00,test,0.12900001,1,,stacking,0.13196405723640786
Gevenich,2025-08-21 18:00:00,test,0.1275,1,,stacking,0.13239083960502637
Gevenich,2025-08-21 19:00:00,test,0.126,1,,stacking,0.13068615087305016
Gevenich,2025-08-21 20:00:00,test,0.1275,1,,stacking,0.13053504132090366
Gevenich,2025-08-21 21:00:00,test,0.1255,1,,stacking,0.1302785038368178
Gevenich,2025-08-21 22:00:00,test,0.128,1,,stacking,0.13059939100300527
Gevenich,2025-08-21 23:00:00,test,0.127,1,,stacking,0.130592148493866
Gevenich,2025-08-22 00:00:00,test,0.1275,1,,stacking,0.13077077709414972
Gevenich,2025-08-22 01:00:00,test,0.126,1,,stacking,0.1287444281796445
Gevenich,2025-08-22 02:00:00,test,0.126,1,,stacking,0.12799545039769863
Gevenich,2025-08-22 04:00:00,test,0.1255,1,,stacking,0.12741397765047285
Gevenich,2025-08-22 05:00:00,test,0.124,1,,stacking,0.12721551704232953
Gevenich,2025-08-22 06:00:00,test,0.124,1,,stacking,0.12681237011325527
Gevenich,2025-08-22 07:00:00,test,0.124,1,,stacking,0.1279191859739455
Gevenich,2025-08-22 08:00:00,test,0.126,1,,stacking,0.1284202200500618
Gevenich,2025-08-22 10:00:00,test,0.12799999,1,,stacking,0.1286702844329266
Gevenich,2025-08-22 11:00:00,test,0.12449999,1,,stacking,0.1293523054263353
Gevenich,2025-08-22 12:00:00,test,0.1285,1,,stacking,0.12942522655041255
Gevenich,2025-08-22 13:00:00,test,0.1285,1,,stacking,0.12989339318613227
Gevenich,2025-08-22 14:00:00,test,0.1275,1,,stacking,0.1303719757239234
Gevenich,2025-08-22 15:00:00,test,0.1285,1,,stacking,0.13105276853124548
Gevenich,2025-08-22 16:00:00,test,0.125,1,,stacking,0.1311323627673906
Gevenich,2025-08-22 17:00:00,test,0.1285,1,,stacking,0.13166804875129706
Gevenich,2025-08-22 18:00:00,test,0.1295,1,,stacking,0.13293358497536573
Gevenich,2025-08-22 19:00:00,test,0.12799999,1,,stacking,0.13200714379283623
Gevenich,2025-08-22 20:00:00,test,0.1265,1,,stacking,0.1319351829796278
Gevenich,2025-08-22 21:00:00,test,0.126,1,,stacking,0.13183214510323787
Gevenich,2025-08-22 23:00:00,test,0.1265,1,,stacking,0.1309723389566624
Gevenich,2025-08-23 00:00:00,test,0.126,1,,stacking,0.13042679450944072
Gevenich,2025-08-23 02:00:00,test,0.126,1,,stacking,0.12922289496215827
Gevenich,2025-08-23 04:00:00,test,0.124,1,,stacking,0.12857758109925688
Gevenich,2025-08-23 07:00:00,test,0.125,1,,stacking,0.12845013492920948
Gevenich,2025-08-23 12:00:00,test,0.12449999,1,,stacking,0.13409741988672225
Gevenich,2025-08-23 13:00:00,test,0.124,1,,stacking,0.1335899029571207
Gevenich,2025-08-23 14:00:00,test,0.1275,1,,stacking,0.13388538210878492
Gevenich,2025-08-23 15:00:00,test,0.125,1,,stacking,0.13428542850908468
Gevenich,2025-08-23 16:00:00,test,0.1275,1,,stacking,0.13435581342433742
Gevenich,2025-08-23 17:00:00,test,0.1255,1,,stacking,0.1344699923013541
Gevenich,2025-08-23 18:00:00,test,0.1255,1,,stacking,0.1338894311030423
Gevenich,2025-08-23 19:00:00,test,0.1265,1,,stacking,0.13515984842801412
Gevenich,2025-08-23 20:00:00,test,0.1275,1,,stacking,0.1349358277526984
Gevenich,2025-08-23 21:00:00,test,0.1255,1,,stacking,0.13381673175445974
Gevenich,2025-09-22 00:00:00,test,0.2605,1,,stacking,0.2826468123725452
Gevenich,2025-09-22 01:00:00,test,0.2595,1,,stacking,0.2812374976419258
Gevenich,2025-09-22 02:00:00,test,0.2595,1,,stacking,0.27738176898736583
Gevenich,2025-09-22 03:00:00,test,0.26099998,1,,stacking,0.27800579728244407
Gevenich,2025-09-22 04:00:00,test,0.2595,1,,stacking,0.2654027672469653
Gevenich,2025-09-22 05:00:00,test,0.2595,1,,stacking,0.2649687643915203
Gevenich,2025-09-22 06:00:00,test,0.2595,1,,stacking,0.2661894170473286
Gevenich,2025-09-22 07:00:00,test,0.2595,1,,stacking,0.2660957492744838
Gevenich,2025-09-22 08:00:00,test,0.2625,1,,stacking,0.2660461312354416
Gevenich,2025-09-22 09:00:00,test,0.259,1,,stacking,0.2650914876584114
Gevenich,2025-09-22 10:00:00,test,0.259,1,,stacking,0.26544136575979654
Gevenich,2025-09-22 11:00:00,test,0.259,1,,stacking,0.26770185203255714
Gevenich,2025-09-22 12:00:00,test,0.259,1,,stacking,0.2663177222345943
Gevenich,2025-09-22 13:00:00,test,0.25800002,1,,stacking,0.2665185097939182
Gevenich,2025-09-22 14:00:00,test,0.257,1,,stacking,0.2669080226354567
Gevenich,2025-09-22 15:00:00,test,0.25599998,1,,stacking,0.2669816908302147
Gevenich,2025-09-22 16:00:00,test,0.25599998,1,,stacking,0.2679867705490118
Gevenich,2025-09-22 17:00:00,test,0.25550002,1,,stacking,0.26814865164149193
Gevenich,2025-09-22 18:00:00,test,0.255,1,,stacking,0.26843293988020256
Gevenich,2025-09-22 19:00:00,test,0.2555,1,,stacking,0.26886587464007433
Gevenich,2025-09-22 20:00:00,test,0.25599998,1,,stacking,0.2683870081934826
Gevenich,2025-09-22 21:00:00,test,0.2545,1,,stacking,0.26905963762760143
Gevenich,2025-09-22 22:00:00,test,0.254,1,,stacking,0.26820350134222354
Gevenich,2025-09-22 23:00:00,test,0.254,1,,stacking,0.2691552793686531
Gevenich,2025-09-23 00:00:00,test,0.254,1,,stacking,0.2660071221512823
Gevenich,2025-09-23 01:00:00,test,0.254,1,,stacking,0.2665493682058964
Gevenich,2025-09-23 02:00:00,test,0.25449997,1,,stacking,0.2642549869752164
Gevenich,2025-09-23 03:00:00,test,0.25349998,1,,stacking,0.2648917806398008
Gevenich,2025-09-23 04:00:00,test,0.254,1,,stacking,0.26061196823605887
Gevenich,2025-09-23 05:00:00,test,0.253,1,,stacking,0.26151900332042743
Gevenich,2025-09-23 06:00:00,test,0.2525,1,,stacking,0.2592657143725012
Gevenich,2025-09-23 07:00:00,test,0.255,1,,stacking,0.25971704647976934
Gevenich,2025-09-23 08:00:00,test,0.253,1,,stacking,0.2602272981542103
Gevenich,2025-09-23 09:00:00,test,0.2545,1,,stacking,0.2621765223948913
Gevenich,2025-09-23 10:00:00,test,0.254,1,,stacking,0.2624273177059283
Gevenich,2025-09-23 11:00:00,test,0.254,1,,stacking,0.2613370816822804
Gevenich,2025-09-23 12:00:00,test,0.254,1,,stacking,0.26280652412209904
Gevenich,2025-09-23 13:00:00,test,0.255,1,,stacking,0.2613317920488632
Gevenich,2025-09-23 14:00:00,test,0.25349998,1,,stacking,0.26224053096205296
Gevenich,2025-09-23 15:00:00,test,0.25349998,1,,stacking,0.260967086527005
Gevenich,2025-09-23 16:00:00,test,0.2545,1,,stacking,0.2606869963816158
Gevenich,2025-09-23 17:00:00,test,0.2545,1,,stacking,0.26195746410754944
Gevenich,2025-09-23 18:00:00,test,0.254,1,,stacking,0.26175135969033125
Gevenich,2025-09-23 19:00:00,test,0.2545,1,,stacking,0.26394450348417703
Gevenich,2025-09-23 20:00:00,test,0.2555,1,,stacking,0.2641622564816864
Gevenich,2025-09-23 21:00:00,test,0.254,1,,stacking,0.2641296602845943
Gevenich,2025-09-23 22:00:00,test,0.2555,1,,stacking,0.2636237500645777
Gevenich,2025-09-23 23:00:00,test,0.252,1,,stacking,0.26006886444335214
Gevenich,2025-09-24 00:00:00,test,0.2555,1,,stacking,0.2585071954749816
Gevenich,2025-09-24 01:00:00,test,0.2525,1,,stacking,0.25813603656734174
Gevenich,2025-09-24 02:00:00,test,0.254,1,,stacking,0.2584940288788603
Gevenich,2025-09-24 03:00:00,test,0.26,1,,stacking,0.2575018004704893
Gevenich,2025-09-24 04:00:00,test,0.254,1,,stacking,0.25653280210433727
Gevenich,2025-09-24 05:00:00,test,0.248,1,,stacking,0.25693561173253776
Gevenich,2025-09-24 06:00:00,test,0.253,1,,stacking,0.25689721043395675
Gevenich,2025-09-24 07:00:00,test,0.253,1,,stacking,0.2565946452307385
Gevenich,2025-09-24 08:00:00,test,0.2525,1,,stacking,0.2593907442788307
Gevenich,2025-09-24 09:00:00,test,0.2545,1,,stacking,0.25996918447178946
Gevenich,2025-09-24 10:00:00,test,0.255,1,,stacking,0.26092765503526966
Gevenich,2025-09-24 11:00:00,test,0.255,1,,stacking,0.2607654203585855
Gevenich,2025-09-24 12:00:00,test,0.25349998,1,,stacking,0.2607920950175363
Gevenich,2025-09-24 13:00:00,test,0.2545,1,,stacking,0.26095630648416895
Gevenich,2025-09-24 14:00:00,test,0.25349998,1,,stacking,0.2617086285286066
Gevenich,2025-09-24 15:00:00,test,0.25349998,1,,stacking,0.26190929345101566
Gevenich,2025-09-24 16:00:00,test,0.25349998,1,,stacking,0.2624931990181566
Gevenich,2025-09-24 17:00:00,test,0.252,1,,stacking,0.26625248072033936
Gevenich,2025-09-24 18:00:00,test,0.252,1,,stacking,0.2662919013950117
Gevenich,2025-09-24 19:00:00,test,0.2515,1,,stacking,0.2658492357999643
Gevenich,2025-09-24 20:00:00,test,0.25100002,1,,stacking,0.2661018601242078
Gevenich,2025-09-24 21:00:00,test,0.25100002,1,,stacking,0.26461239835643213
Gevenich,2025-09-24 22:00:00,test,0.25100002,1,,stacking,0.2645937015904598
Gevenich,2025-09-24 23:00:00,test,0.25100002,1,,stacking,0.26465432166361913
Gevenich,2025-09-25 00:00:00,test,0.2525,1,,stacking,0.26458183300830884
Gevenich,2025-09-25 01:00:00,test,0.2515,1,,stacking,0.2643135455991338
Gevenich,2025-09-25 02:00:00,test,0.2525,1,,stacking,0.26532612029295266
Gevenich,2025-09-25 03:00:00,test,0.25349998,1,,stacking,0.2613767253909778
Gevenich,2025-09-25 04:00:00,test,0.2505,1,,stacking,0.2622404749849745
Gevenich,2025-09-25 05:00:00,test,0.251,1,,stacking,0.2696013827674201
Gevenich,2025-09-25 06:00:00,test,0.2515,1,,stacking,0.27141056337928576
Gevenich,2025-09-25 07:00:00,test,0.25,1,,stacking,0.2771527169680865
Gevenich,2025-09-25 08:00:00,test,0.25,1,,stacking,0.27589600298773087
Gevenich,2025-09-25 09:00:00,test,0.25050002,1,,stacking,0.2763705518594932
Gevenich,2025-09-25 10:00:00,test,0.25,1,,stacking,0.27911822932616576
Gevenich,2025-09-25 15:00:00,test,0.24649999,1,,stacking,0.286258917567444
Gevenich,2025-10-15 01:00:00,test,0.238,1,,stacking,0.2645306876638193
Gevenich,2025-10-15 12:00:00,test,0.236,1,,stacking,0.2681130653884434
Gevenich,2025-10-15 18:00:00,test,0.238,1,,stacking,0.26745140538475165
Gevenich,2025-10-16 01:00:00,test,0.23449999,1,,stacking,0.26541444315919926
Gevenich,2025-10-16 02:00:00,test,0.23449999,1,,stacking,0.260714647541977
Gevenich,2025-10-16 03:00:00,test,0.236,1,,stacking,0.26318873834244966
Gevenich,2025-10-16 13:00:00,test,0.233,1,,stacking,0.26896404282128283
Gevenich,2025-10-16 16:00:00,test,0.233,1,,stacking,0.2707449763670867
Gevenich,2025-10-16 17:00:00,test,0.23249999,1,,stacking,0.2689051797436002
Gevenich,2025-10-16 18:00:00,test,0.23249999,1,,stacking,0.26771031123394395
Gevenich,2025-12-15 11:00:00,test,0.339,1,,stacking,0.3492303894063399
Gevenich,2025-12-15 15:00:00,test,0.34,1,,stacking,0.3502150047659245
Gevenich,2025-12-15 16:00:00,test,0.339,1,,stacking,0.3504474507755999
Gevenich,2025-12-15 17:00:00,test,0.34,1,,stacking,0.35037852603241393
Gevenich,2025-12-15 18:00:00,test,0.34,1,,stacking,0.35042926365396226
Gevenich,2025-12-15 19:00:00,test,0.34,1,,stacking,0.3501825906775403
Gevenich,2025-12-15 20:00:00,test,0.34,1,,stacking,0.34968769325080207
Gevenich,2025-12-15 21:00:00,test,0.34,1,,stacking,0.34982753372046643
Gevenich,2025-12-15 22:00:00,test,0.34,1,,stacking,0.35026925032363887
Gevenich,2025-12-15 23:00:00,test,0.34,1,,stacking,0.3501853703760029
Gevenich,2025-12-16 00:00:00,test,0.34,1,,stacking,0.3490654680627943
Gevenich,2025-12-16 01:00:00,test,0.34,1,,stacking,0.3489571542006254
Gevenich,2025-12-16 02:00:00,test,0.339,1,,stacking,0.3490323039215748
Gevenich,2025-12-16 03:00:00,test,0.33749998,1,,stacking,0.3489116073854667
Gevenich,2025-12-16 04:00:00,test,0.33749998,1,,stacking,0.34847448067234404
Gevenich,2025-12-16 05:00:00,test,0.339,1,,stacking,0.3480537382112728
Gevenich,2025-12-16 06:00:00,test,0.338,1,,stacking,0.34814268630119294
Gevenich,2025-12-16 07:00:00,test,0.328,1,,stacking,0.34790198327890887
Gevenich,2025-12-16 08:00:00,test,0.3385,1,,stacking,0.34828453669067316
Gevenich,2025-12-16 11:00:00,test,0.338,1,,stacking,0.34843189033851446
Gevenich,2025-12-16 12:00:00,test,0.339,1,,stacking,0.34873275596256526
Gevenich,2025-12-16 13:00:00,test,0.33749998,1,,stacking,0.3488897481881047
Gevenich,2025-12-16 14:00:00,test,0.33749998,1,,stacking,0.3498297310488416
Gevenich,2025-12-16 15:00:00,test,0.33749998,1,,stacking,0.349997257217601
Gevenich,2025-12-16 16:00:00,test,0.33749998,1,,stacking,0.35021239311255775
Gevenich,2025-12-16 17:00:00,test,0.33749998,1,,stacking,0.35013348276730905
Gevenich,2025-12-16 18:00:00,test,0.338,1,,stacking,0.3503131959965019
Gevenich,2025-12-16 19:00:00,test,0.337,1,,stacking,0.3498679822254347
Gevenich,2025-12-16 20:00:00,test,0.336,1,,stacking,0.3500799570208097
Gevenich,2025-12-16 21:00:00,test,0.33749998,1,,stacking,0.3496758953440252
Gevenich,2025-12-16 23:00:00,test,0.336,1,,stacking,0.3496357453318408
Gevenich,2025-12-17 00:00:00,test,0.336,1,,stacking,0.3498620557224693
Gevenich,2025-12-17 01:00:00,test,0.337,1,,stacking,0.34976780078600933
Gevenich,2025-12-17 02:00:00,test,0.33749998,1,,stacking,0.34926196427205525
Gevenich,2025-12-17 03:00:00,test,0.3365,1,,stacking,0.3495114526686007
Gevenich,2025-12-17 04:00:00,test,0.337,1,,stacking,0.34878349862236063
Gevenich,2025-12-17 09:00:00,test,0.3365,1,,stacking,0.34777553767366154
Gevenich,2025-12-17 11:00:00,test,0.336,1,,stacking,0.34761475323561253
Gevenich,2025-12-17 14:00:00,test,0.336,1,,stacking,0.3502945740562989
Gevenich,2025-12-17 15:00:00,test,0.336,1,,stacking,0.3501367507357299
Gevenich,2025-12-17 16:00:00,test,0.336,1,,stacking,0.34983326707978873
Gevenich,2025-12-17 17:00:00,test,0.336,1,,stacking,0.3501796621131377
Gevenich,2025-12-17 18:00:00,test,0.3365,1,,stacking,0.34976437543252015
Gevenich,2025-12-17 19:00:00,test,0.336,1,,stacking,0.3490998437359519
Gevenich,2025-12-17 20:00:00,test,0.334,1,,stacking,0.3494616686939649
Gevenich,2025-12-17 23:00:00,test,0.334,1,,stacking,0.3495954311977814
Merzenhausen,2023-11-23 06:00:00,test,0.355,1,,stacking,0.33439030398496855
Merzenhausen,2023-11-23 07:00:00,test,0.353,1,,stacking,0.3343489116351553
Merzenhausen,2023-11-23 16:00:00,test,0.349,1,,stacking,0.3373007573489464
Merzenhausen,2023-11-23 17:00:00,test,0.349,1,,stacking,0.3370043694876821
Merzenhausen,2023-11-23 18:00:00,test,0.347,1,,stacking,0.33677251018255955
Merzenhausen,2023-11-23 20:00:00,test,0.345,1,,stacking,0.3382669879542338
Merzenhausen,2023-11-23 21:00:00,test,0.347,1,,stacking,0.3368564948440135
Merzenhausen,2023-11-23 22:00:00,test,0.347,1,,stacking,0.3368463054843446
Merzenhausen,2023-11-23 23:00:00,test,0.345,1,,stacking,0.3361699041541365
Merzenhausen,2023-11-24 00:00:00,test,0.345,1,,stacking,0.3363852078359133
Merzenhausen,2023-11-24 01:00:00,test,0.343,1,,stacking,0.3294341777340916
Merzenhausen,2023-11-24 02:00:00,test,0.343,1,,stacking,0.33131167951794227
Merzenhausen,2023-11-24 03:00:00,test,0.341,1,,stacking,0.340053480229987
Merzenhausen,2023-11-24 04:00:00,test,0.342,1,,stacking,0.34029336885183725
Merzenhausen,2023-11-24 05:00:00,test,0.342,1,,stacking,0.33513274117466724
Merzenhausen,2023-11-24 06:00:00,test,0.34,1,,stacking,0.33923343009913126
Merzenhausen,2023-11-24 07:00:00,test,0.342,1,,stacking,0.334955156220467
Merzenhausen,2023-11-24 08:00:00,test,0.342,1,,stacking,0.33843284392077005
Merzenhausen,2023-11-24 09:00:00,test,0.342,1,,stacking,0.34157227953111924
Merzenhausen,2023-12-19 23:00:00,test,0.363,1,,stacking,0.34886751285838713
Merzenhausen,2023-12-20 00:00:00,test,0.363,1,,stacking,0.3508453055924491
Merzenhausen,2023-12-20 01:00:00,test,0.363,1,,stacking,0.34924665822898227
Merzenhausen,2023-12-20 02:00:00,test,0.363,1,,stacking,0.3487525274003989
Merzenhausen,2023-12-20 07:00:00,test,0.361,1,,stacking,0.3498967382329179
Merzenhausen,2023-12-20 08:00:00,test,0.363,1,,stacking,0.35327235868863166
Merzenhausen,2023-12-20 09:00:00,test,0.363,1,,stacking,0.3535748735138736
Merzenhausen,2023-12-20 22:00:00,test,0.355,1,,stacking,0.3547424130764966
Merzenhausen,2023-12-20 23:00:00,test,0.355,1,,stacking,0.3547104655803117
Merzenhausen,2023-12-21 00:00:00,test,0.353,1,,stacking,0.35199881752828704
Merzenhausen,2023-12-21 01:00:00,test,0.353,1,,stacking,0.3501052763510887
Merzenhausen,2023-12-21 02:00:00,test,0.353,1,,stacking,0.3501549453991124
Merzenhausen,2023-12-21 03:00:00,test,0.353,1,,stacking,0.3489469513551645
Merzenhausen,2023-12-21 04:00:00,test,0.353,1,,stacking,0.34827137811320585
Merzenhausen,2023-12-21 05:00:00,test,0.353,1,,stacking,0.3483760796140454
Merzenhausen,2023-12-21 06:00:00,test,0.353,1,,stacking,0.3483841387159222
Merzenhausen,2023-12-21 07:00:00,test,0.353,1,,stacking,0.3486484142270726
Merzenhausen,2023-12-21 08:00:00,test,0.353,1,,stacking,0.34844760637996725
Merzenhausen,2023-12-21 09:00:00,test,0.353,1,,stacking,0.3498876900406971
Merzenhausen,2023-12-21 10:00:00,test,0.353,1,,stacking,0.3522086983871347
Merzenhausen,2023-12-21 11:00:00,test,0.351,1,,stacking,0.3529080936855351
Merzenhausen,2023-12-21 12:00:00,test,0.351,1,,stacking,0.3517564036093399
Merzenhausen,2023-12-21 13:00:00,test,0.351,1,,stacking,0.352297087602894
Merzenhausen,2023-12-21 14:00:00,test,0.353,1,,stacking,0.3526188647160981
Merzenhausen,2023-12-21 15:00:00,test,0.353,1,,stacking,0.3534543358626063
Merzenhausen,2023-12-21 16:00:00,test,0.351,1,,stacking,0.35444240261065924
Merzenhausen,2023-12-22 01:00:00,test,0.347,1,,stacking,0.3572611049131763
Merzenhausen,2023-12-22 10:00:00,test,0.345,1,,stacking,0.35740344678795677
Merzenhausen,2023-12-22 18:00:00,test,0.351,1,,stacking,0.3563604943104298
Merzenhausen,2023-12-22 20:00:00,test,0.353,1,,stacking,0.355803470983575
Merzenhausen,2023-12-23 01:00:00,test,0.351,1,,stacking,0.35240061248121696
Merzenhausen,2023-12-23 02:00:00,test,0.351,1,,stacking,0.35015336183289253
Merzenhausen,2023-12-23 03:00:00,test,0.351,1,,stacking,0.3505995479664855
Merzenhausen,2023-12-23 04:00:00,test,0.351,1,,stacking,0.3510097660146598
Merzenhausen,2023-12-23 05:00:00,test,0.351,1,,stacking,0.34967156107848146
Merzenhausen,2023-12-23 07:00:00,test,0.351,1,,stacking,0.3507079791859856
Merzenhausen,2023-12-23 09:00:00,test,0.353,1,,stacking,0.3522133009481064
Merzenhausen,2023-12-23 21:00:00,test,0.351,1,,stacking,0.3535591136282685
Merzenhausen,2023-12-23 22:00:00,test,0.351,1,,stacking,0.35350902073838936
Merzenhausen,2023-12-24 08:00:00,test,0.351,1,,stacking,0.3532503466127966
Merzenhausen,2023-12-24 09:00:00,test,0.351,1,,stacking,0.35210552260466105
Merzenhausen,2023-12-31 13:00:00,test,0.351,1,,stacking,0.3592056765456214
Merzenhausen,2023-12-31 14:00:00,test,0.355,1,,stacking,0.35687451497680384
Merzenhausen,2023-12-31 15:00:00,test,0.355,1,,stacking,0.35692888234067666
Merzenhausen,2023-12-31 18:00:00,test,0.357,1,,stacking,0.35698484818724996
Merzenhausen,2023-12-31 19:00:00,test,0.355,1,,stacking,0.3575159738217574
Merzenhausen,2023-12-31 20:00:00,test,0.355,1,,stacking,0.356381031578326
Merzenhausen,2023-12-31 21:00:00,test,0.355,1,,stacking,0.35634971362562173
Merzenhausen,2023-12-31 22:00:00,test,0.355,1,,stacking,0.3563517164762739
Merzenhausen,2023-12-31 23:00:00,test,0.353,1,,stacking,0.3563760904871234
Merzenhausen,2024-01-01 00:00:00,test,0.353,1,,stacking,0.3578898624229374
Merzenhausen,2024-01-01 01:00:00,test,0.353,1,,stacking,0.35840291188281587
Merzenhausen,2024-01-01 02:00:00,test,0.351,1,,stacking,0.3607317121356623
Merzenhausen,2024-01-01 03:00:00,test,0.351,1,,stacking,0.3602435020288629
Merzenhausen,2024-01-01 04:00:00,test,0.351,1,,stacking,0.3575871324024548
Merzenhausen,2024-01-01 05:00:00,test,0.353,1,,stacking,0.3575706228919692
Merzenhausen,2024-01-01 06:00:00,test,0.353,1,,stacking,0.3575207534429387
Merzenhausen,2024-01-01 08:00:00,test,0.351,1,,stacking,0.3592727941986083
Merzenhausen,2024-01-01 09:00:00,test,0.347,1,,stacking,0.35843374245228365
Merzenhausen,2024-01-02 00:00:00,test,0.357,1,,stacking,0.354599954986433
Merzenhausen,2024-01-02 01:00:00,test,0.355,1,,stacking,0.3549967095489416
Merzenhausen,2024-01-02 02:00:00,test,0.357,1,,stacking,0.3602076186647519
Merzenhausen,2024-01-02 03:00:00,test,0.357,1,,stacking,0.3626709392663305
Merzenhausen,2024-01-02 05:00:00,test,0.353,1,,stacking,0.3594425772011645
Merzenhausen,2024-01-02 08:00:00,test,0.351,1,,stacking,0.35796017630256355
Merzenhausen,2024-01-02 09:00:00,test,0.353,1,,stacking,0.3585844907764757
Merzenhausen,2024-01-02 10:00:00,test,0.353,1,,stacking,0.3585332826138108
Merzenhausen,2024-01-02 11:00:00,test,0.353,1,,stacking,0.3585626860227784
Merzenhausen,2024-01-02 12:00:00,test,0.353,1,,stacking,0.35983488558502563
Merzenhausen,2024-01-02 13:00:00,test,0.353,1,,stacking,0.3598117652428505
Merzenhausen,2024-01-02 15:00:00,test,0.351,1,,stacking,0.35769328251239035
Merzenhausen,2024-01-02 16:00:00,test,0.351,1,,stacking,0.3590428968939506
Merzenhausen,2024-01-03 08:00:00,test,0.349,1,,stacking,0.3547288619879559
Merzenhausen,2024-01-03 09:00:00,test,0.347,1,,stacking,0.3550578994588587
Merzenhausen,2024-01-03 10:00:00,test,0.347,1,,stacking,0.35541030965852827
Merzenhausen,2024-01-03 11:00:00,test,0.347,1,,stacking,0.3556090757669436
Merzenhausen,2024-01-03 12:00:00,test,0.347,1,,stacking,0.35573946264764406
Merzenhausen,2024-01-03 13:00:00,test,0.347,1,,stacking,0.3565054173049029
Merzenhausen,2024-01-03 14:00:00,test,0.345,1,,stacking,0.35669646383048514
Merzenhausen,2024-01-03 15:00:00,test,0.347,1,,stacking,0.3561483010035356
Merzenhausen,2024-01-03 16:00:00,test,0.347,1,,stacking,0.356402015711133
Merzenhausen,2024-01-03 17:00:00,test,0.347,1,,stacking,0.35624100890318094
Merzenhausen,2024-01-03 18:00:00,test,0.347,1,,stacking,0.35671165649991443
Merzenhausen,2024-01-03 19:00:00,test,0.347,1,,stacking,0.3566452461217458
Merzenhausen,2024-01-03 20:00:00,test,0.347,1,,stacking,0.35820522663636145
Merzenhausen,2024-01-03 21:00:00,test,0.345,1,,stacking,0.35577157435609413
Merzenhausen,2024-01-03 22:00:00,test,0.347,1,,stacking,0.35561276461098784
Merzenhausen,2024-01-03 23:00:00,test,0.347,1,,stacking,0.35718702413608816
Merzenhausen,2024-01-04 00:00:00,test,0.347,1,,stacking,0.35653818759617756
Merzenhausen,2024-01-04 01:00:00,test,0.347,1,,stacking,0.3547879029240542
Merzenhausen,2024-01-04 02:00:00,test,0.347,1,,stacking,0.35404541771159287
Merzenhausen,2024-01-04 03:00:00,test,0.345,1,,stacking,0.35675742856648973
Merzenhausen,2024-01-04 04:00:00,test,0.347,1,,stacking,0.3548411336725868
Merzenhausen,2024-01-04 05:00:00,test,0.345,1,,stacking,0.357122114944407
Merzenhausen,2024-01-04 06:00:00,test,0.347,1,,stacking,0.3573557707907715
Merzenhausen,2024-01-04 07:00:00,test,0.347,1,,stacking,0.3559341182841124
Merzenhausen,2024-01-04 08:00:00,test,0.347,1,,stacking,0.3558473028335649
Merzenhausen,2024-01-04 09:00:00,test,0.347,1,,stacking,0.3559344714316969
Merzenhausen,2024-01-04 10:00:00,test,0.347,1,,stacking,0.35521763287768787
Merzenhausen,2024-01-04 11:00:00,test,0.347,1,,stacking,0.35863183701267104
Merzenhausen,2024-01-04 12:00:00,test,0.347,1,,stacking,0.35845735124227607
Merzenhausen,2024-01-04 13:00:00,test,0.34,1,,stacking,0.35734428828619946
Merzenhausen,2024-01-04 14:00:00,test,0.347,1,,stacking,0.3560461019035724
Merzenhausen,2024-01-04 15:00:00,test,0.339,1,,stacking,0.3561405635679155
Merzenhausen,2024-01-04 19:00:00,test,0.345,1,,stacking,0.3570353252953996
Merzenhausen,2024-01-04 20:00:00,test,0.345,1,,stacking,0.3569496556326735
Merzenhausen,2024-01-04 21:00:00,test,0.345,1,,stacking,0.35669944471392045
Merzenhausen,2024-01-05 00:00:00,test,0.342,1,,stacking,0.3468452397600935
Merzenhausen,2024-01-05 01:00:00,test,0.345,1,,stacking,0.34701688555811105
Merzenhausen,2024-01-05 02:00:00,test,0.342,1,,stacking,0.3466798116344665
Merzenhausen,2024-01-05 03:00:00,test,0.342,1,,stacking,0.34623674270782023
Merzenhausen,2024-01-05 04:00:00,test,0.343,1,,stacking,0.3462535825770756
Merzenhausen,2024-01-05 05:00:00,test,0.343,1,,stacking,0.34581316890556024
Merzenhausen,2024-01-05 06:00:00,test,0.342,1,,stacking,0.34552318266951687
Merzenhausen,2024-01-05 07:00:00,test,0.342,1,,stacking,0.34570719670427646
Merzenhausen,2024-01-05 09:00:00,test,0.343,1,,stacking,0.3459310627708444
Merzenhausen,2024-01-05 10:00:00,test,0.34,1,,stacking,0.3470404615984258
Merzenhausen,2024-01-05 12:00:00,test,0.34,1,,stacking,0.3476808284140106
Merzenhausen,2024-01-05 13:00:00,test,0.341,1,,stacking,0.3470114176787382
Merzenhausen,2024-01-05 14:00:00,test,0.342,1,,stacking,0.34889897014524185
Merzenhausen,2024-01-29 04:00:00,test,0.325,1,,stacking,0.34106520998549494
Merzenhausen,2024-01-29 05:00:00,test,0.325,1,,stacking,0.3409212427883995
Merzenhausen,2024-01-29 06:00:00,test,0.325,1,,stacking,0.3412503951322321
Merzenhausen,2024-01-29 07:00:00,test,0.325,1,,stacking,0.3407052246212988
Merzenhausen,2024-01-29 08:00:00,test,0.325,1,,stacking,0.34054430525674456
Merzenhausen,2024-01-29 09:00:00,test,0.325,1,,stacking,0.3410248697017596
Merzenhausen,2024-01-29 10:00:00,test,0.326,1,,stacking,0.34109822766560555
Merzenhausen,2024-01-29 11:00:00,test,0.326,1,,stacking,0.3422771397010698
Merzenhausen,2024-01-29 12:00:00,test,0.326,1,,stacking,0.34340002880639897
Merzenhausen,2024-01-29 13:00:00,test,0.327,1,,stacking,0.34388180611184405
Merzenhausen,2024-01-29 14:00:00,test,0.327,1,,stacking,0.3441988886831173
Merzenhausen,2024-01-29 15:00:00,test,0.325,1,,stacking,0.3440336345387655
Merzenhausen,2024-01-29 16:00:00,test,0.327,1,,stacking,0.34448856898712205
Merzenhausen,2024-01-29 17:00:00,test,0.327,1,,stacking,0.34521103295379607
Merzenhausen,2024-01-29 18:00:00,test,0.325,1,,stacking,0.34534767576390935
Merzenhausen,2024-01-29 19:00:00,test,0.325,1,,stacking,0.3453529239333973
Merzenhausen,2024-01-29 20:00:00,test,0.325,1,,stacking,0.34596108770730744
Merzenhausen,2024-01-29 21:00:00,test,0.325,1,,stacking,0.34587103053354923
Merzenhausen,2024-01-29 22:00:00,test,0.325,1,,stacking,0.34621233214940794
Merzenhausen,2024-01-29 23:00:00,test,0.325,1,,stacking,0.3455357995544267
Merzenhausen,2024-01-30 00:00:00,test,0.325,1,,stacking,0.34405040461082825
Merzenhausen,2024-01-30 01:00:00,test,0.325,1,,stacking,0.34394141441599235
Merzenhausen,2024-01-30 02:00:00,test,0.325,1,,stacking,0.3438785183828561
Merzenhausen,2024-01-30 03:00:00,test,0.325,1,,stacking,0.34370815355065054
Merzenhausen,2024-01-30 04:00:00,test,0.325,1,,stacking,0.34309025994624265
Merzenhausen,2024-01-30 05:00:00,test,0.325,1,,stacking,0.3430073412878251
Merzenhausen,2024-01-30 06:00:00,test,0.327,1,,stacking,0.3427674495833941
Merzenhausen,2024-01-30 07:00:00,test,0.327,1,,stacking,0.34272181933564816
Merzenhausen,2024-01-30 08:00:00,test,0.329,1,,stacking,0.3429922710859436
Merzenhausen,2024-01-30 09:00:00,test,0.328,1,,stacking,0.34316257277680007
Merzenhausen,2024-01-30 10:00:00,test,0.33,1,,stacking,0.34448614004764866
Merzenhausen,2024-01-30 11:00:00,test,0.33,1,,stacking,0.34373890964218007
Merzenhausen,2024-01-30 12:00:00,test,0.33,1,,stacking,0.34399157355212284
Merzenhausen,2024-01-30 13:00:00,test,0.33,1,,stacking,0.34411221376539636
Merzenhausen,2024-01-30 14:00:00,test,0.33,1,,stacking,0.3445950944548059
Merzenhausen,2024-01-30 15:00:00,test,0.33,1,,stacking,0.34468783773282413
Merzenhausen,2024-01-30 16:00:00,test,0.33,1,,stacking,0.3452276813088543
Merzenhausen,2024-01-30 17:00:00,test,0.33,1,,stacking,0.3451391014334948
Merzenhausen,2024-01-30 18:00:00,test,0.33,1,,stacking,0.34530866716061015
Merzenhausen,2024-01-30 19:00:00,test,0.33,1,,stacking,0.34575334181852
Merzenhausen,2024-01-30 20:00:00,test,0.329,1,,stacking,0.3458092191969132
Merzenhausen,2024-01-30 21:00:00,test,0.329,1,,stacking,0.3452608183153871
Merzenhausen,2024-01-30 22:00:00,test,0.329,1,,stacking,0.34421482615783755
Merzenhausen,2024-01-30 23:00:00,test,0.329,1,,stacking,0.34358144540498753
Merzenhausen,2024-01-31 00:00:00,test,0.329,1,,stacking,0.3421545244075549
Merzenhausen,2024-01-31 01:00:00,test,0.329,1,,stacking,0.34206763167957654
Merzenhausen,2024-01-31 02:00:00,test,0.33,1,,stacking,0.3418896532624321
Merzenhausen,2024-01-31 03:00:00,test,0.33,1,,stacking,0.34171157097294835
Merzenhausen,2024-01-31 04:00:00,test,0.33,1,,stacking,0.34160179388605894
Merzenhausen,2024-01-31 05:00:00,test,0.34,1,,stacking,0.34158003402273895
Merzenhausen,2024-01-31 06:00:00,test,0.33,1,,stacking,0.3411046856147877
Merzenhausen,2024-01-31 07:00:00,test,0.33,1,,stacking,0.3409492097825528
Merzenhausen,2024-01-31 08:00:00,test,0.33,1,,stacking,0.34095550578265515
Merzenhausen,2024-01-31 09:00:00,test,0.33,1,,stacking,0.34088221588818346
Merzenhausen,2024-01-31 10:00:00,test,0.33,1,,stacking,0.34074962279265963
Merzenhausen,2024-01-31 11:00:00,test,0.33,1,,stacking,0.34088283281614185
Merzenhausen,2024-01-31 12:00:00,test,0.328,1,,stacking,0.3410944566816459
Merzenhausen,2024-01-31 13:00:00,test,0.328,1,,stacking,0.3412646807059909
Merzenhausen,2024-01-31 14:00:00,test,0.33,1,,stacking,0.3415869080343382
Merzenhausen,2024-01-31 15:00:00,test,0.327,1,,stacking,0.34136399887346236
Merzenhausen,2024-01-31 16:00:00,test,0.33,1,,stacking,0.34125561541348437
Merzenhausen,2024-01-31 17:00:00,test,0.328,1,,stacking,0.3412579330640339
Merzenhausen,2024-01-31 18:00:00,test,0.33,1,,stacking,0.3407019396794044
Merzenhausen,2024-01-31 19:00:00,test,0.328,1,,stacking,0.3405728365057499
Merzenhausen,2024-01-31 20:00:00,test,0.328,1,,stacking,0.3405687038504967
Merzenhausen,2024-01-31 21:00:00,test,0.328,1,,stacking,0.3410744718533439
Merzenhausen,2024-01-31 22:00:00,test,0.328,1,,stacking,0.3412604354510346
Merzenhausen,2024-01-31 23:00:00,test,0.328,1,,stacking,0.34116137589618506
Merzenhausen,2024-02-01 00:00:00,test,0.328,1,,stacking,0.338787713499142
Merzenhausen,2024-02-01 01:00:00,test,0.328,1,,stacking,0.33865650042278084
Merzenhausen,2024-02-01 02:00:00,test,0.328,1,,stacking,0.341666533732332
Merzenhausen,2024-02-01 03:00:00,test,0.328,1,,stacking,0.34075883608016766
Merzenhausen,2024-02-01 04:00:00,test,0.328,1,,stacking,0.34098745469573105
Merzenhausen,2024-02-01 05:00:00,test,0.328,1,,stacking,0.3401252797791784
Merzenhausen,2024-02-01 06:00:00,test,0.328,1,,stacking,0.3412121062508256
Merzenhausen,2024-02-01 07:00:00,test,0.328,1,,stacking,0.3396797720817018
Merzenhausen,2024-02-01 08:00:00,test,0.328,1,,stacking,0.3395252585920955
Merzenhausen,2024-02-01 09:00:00,test,0.328,1,,stacking,0.3392511921888381
Merzenhausen,2024-02-01 10:00:00,test,0.328,1,,stacking,0.3393015503915876
Merzenhausen,2024-02-01 11:00:00,test,0.328,1,,stacking,0.3388840609639505
Merzenhausen,2024-02-01 12:00:00,test,0.328,1,,stacking,0.3392022515341628
Merzenhausen,2024-02-01 13:00:00,test,0.328,1,,stacking,0.3391911987362444
Merzenhausen,2024-02-01 14:00:00,test,0.328,1,,stacking,0.3393627662308315
Merzenhausen,2024-02-01 15:00:00,test,0.328,1,,stacking,0.33962671714781256
Merzenhausen,2024-02-01 16:00:00,test,0.328,1,,stacking,0.3395309437198882
Merzenhausen,2024-02-01 17:00:00,test,0.328,1,,stacking,0.3393831039857924
Merzenhausen,2024-02-01 18:00:00,test,0.328,1,,stacking,0.3392599179367261
Merzenhausen,2024-02-01 19:00:00,test,0.328,1,,stacking,0.338899426696535
Merzenhausen,2024-02-01 20:00:00,test,0.328,1,,stacking,0.3386311013804618
Merzenhausen,2024-02-01 21:00:00,test,0.328,1,,stacking,0.33813562577884354
Merzenhausen,2024-02-01 22:00:00,test,0.328,1,,stacking,0.33816859527389137
Merzenhausen,2024-02-01 23:00:00,test,0.328,1,,stacking,0.3380344266436008
Merzenhausen,2024-02-02 00:00:00,test,0.328,1,,stacking,0.3374569482271881
Merzenhausen,2024-02-02 01:00:00,test,0.336,1,,stacking,0.3374652072148634
Merzenhausen,2024-02-02 02:00:00,test,0.33,1,,stacking,0.3375384065654628
Merzenhausen,2024-02-02 03:00:00,test,0.3265,1,,stacking,0.3376220211179401
Merzenhausen,2024-02-02 04:00:00,test,0.3265,1,,stacking,0.33718818938666084
Merzenhausen,2024-02-02 05:00:00,test,0.339,1,,stacking,0.3408626336785774
Merzenhausen,2024-02-02 06:00:00,test,0.33749998,1,,stacking,0.337586725670018
Merzenhausen,2024-02-02 07:00:00,test,0.33749998,1,,stacking,0.33665237163528766
Merzenhausen,2024-02-02 08:00:00,test,0.32700002,1,,stacking,0.33673575852742904
Merzenhausen,2024-02-02 09:00:00,test,0.329,1,,stacking,0.3370170616827795
Merzenhausen,2024-02-02 10:00:00,test,0.3405,1,,stacking,0.33706233707054845
Merzenhausen,2024-02-02 11:00:00,test,0.3385,1,,stacking,0.33729541606237945
Merzenhausen,2024-02-02 12:00:00,test,0.34100002,1,,stacking,0.33808487602841114
Merzenhausen,2024-02-02 13:00:00,test,0.329,1,,stacking,0.33842703411581854
Merzenhausen,2024-02-02 14:00:00,test,0.331,1,,stacking,0.33876094263333917
Merzenhausen,2024-02-02 15:00:00,test,0.342,1,,stacking,0.33882419106289735
Merzenhausen,2024-02-02 16:00:00,test,0.32950002,1,,stacking,0.3386455924271088
Merzenhausen,2024-02-02 18:00:00,test,0.333,1,,stacking,0.33820716461804406
Merzenhausen,2024-02-02 19:00:00,test,0.333,1,,stacking,0.3381736094086956
Merzenhausen,2024-02-02 20:00:00,test,0.333,1,,stacking,0.33829836184333795
Merzenhausen,2024-02-02 21:00:00,test,0.333,1,,stacking,0.3380635707723754
Merzenhausen,2024-02-02 22:00:00,test,0.342,1,,stacking,0.33812629156310137
Merzenhausen,2024-02-02 23:00:00,test,0.332,1,,stacking,0.3383605875599544
Merzenhausen,2024-02-03 01:00:00,test,0.335,1,,stacking,0.33774577950906043
Merzenhausen,2024-02-03 02:00:00,test,0.335,1,,stacking,0.33747382392137215
Merzenhausen,2024-02-03 03:00:00,test,0.335,1,,stacking,0.33807456433415933
Merzenhausen,2024-02-03 04:00:00,test,0.335,1,,stacking,0.33737950177410136
Merzenhausen,2024-02-03 05:00:00,test,0.335,1,,stacking,0.3375904353578819
Merzenhausen,2024-02-03 06:00:00,test,0.3455,1,,stacking,0.33832780645450133
Merzenhausen,2024-02-03 07:00:00,test,0.335,1,,stacking,0.3385837759420612
Merzenhausen,2024-02-03 08:00:00,test,0.335,1,,stacking,0.3389615851688803
Merzenhausen,2024-02-03 09:00:00,test,0.3455,1,,stacking,0.34012257110102245
Merzenhausen,2024-02-03 10:00:00,test,0.335,1,,stacking,0.34080629905026455
Merzenhausen,2024-02-03 11:00:00,test,0.335,1,,stacking,0.34187883400748076
Merzenhausen,2024-02-03 12:00:00,test,0.335,1,,stacking,0.34268339101725076
Merzenhausen,2024-02-03 13:00:00,test,0.335,1,,stacking,0.34431017520911056
Merzenhausen,2024-02-03 14:00:00,test,0.3445,1,,stacking,0.34477791307747785
Merzenhausen,2024-02-03 15:00:00,test,0.332,1,,stacking,0.34513695753646817
Merzenhausen,2024-02-03 16:00:00,test,0.332,1,,stacking,0.3449555149422773
Merzenhausen,2024-02-03 17:00:00,test,0.333,1,,stacking,0.3458364176022883
Merzenhausen,2024-02-03 18:00:00,test,0.333,1,,stacking,0.34513823569128227
Merzenhausen,2024-02-03 19:00:00,test,0.333,1,,stacking,0.3449430958237218
Merzenhausen,2024-02-03 20:00:00,test,0.333,1,,stacking,0.3447875075841165
Merzenhausen,2024-02-03 21:00:00,test,0.333,1,,stacking,0.34428100491614927
Merzenhausen,2024-02-03 22:00:00,test,0.333,1,,stacking,0.34599407263941606
Merzenhausen,2024-02-03 23:00:00,test,0.333,1,,stacking,0.344993540597293
Merzenhausen,2024-02-04 00:00:00,test,0.333,1,,stacking,0.34516019822875016
Merzenhausen,2024-02-04 01:00:00,test,0.33,1,,stacking,0.34471018526775743
Merzenhausen,2024-02-04 02:00:00,test,0.33,1,,stacking,0.34199882403341436
Merzenhausen,2024-02-04 03:00:00,test,0.33,1,,stacking,0.34188291607004645
Merzenhausen,2024-02-04 04:00:00,test,0.33,1,,stacking,0.34184935997169896
Merzenhausen,2024-02-04 05:00:00,test,0.33,1,,stacking,0.3452268273342458
Merzenhausen,2024-02-04 06:00:00,test,0.33,1,,stacking,0.34264679167747375
Merzenhausen,2024-02-04 07:00:00,test,0.331,1,,stacking,0.34177617847716674
Merzenhausen,2024-02-04 08:00:00,test,0.331,1,,stacking,0.34376648478795657
Merzenhausen,2024-02-04 09:00:00,test,0.331,1,,stacking,0.3437651617064303
Merzenhausen,2024-02-04 10:00:00,test,0.331,1,,stacking,0.34591361057414843
Merzenhausen,2024-02-04 11:00:00,test,0.331,1,,stacking,0.3434856469562617
Merzenhausen,2024-02-04 12:00:00,test,0.331,1,,stacking,0.3454516280655886
Merzenhausen,2024-02-04 13:00:00,test,0.328,1,,stacking,0.3422496486802535
Merzenhausen,2024-02-04 14:00:00,test,0.328,1,,stacking,0.3423762367030663
Merzenhausen,2024-02-04 15:00:00,test,0.328,1,,stacking,0.34587697974019604
Merzenhausen,2024-02-04 16:00:00,test,0.328,1,,stacking,0.3420154264325405
Merzenhausen,2024-02-04 17:00:00,test,0.328,1,,stacking,0.34631942049953496
Merzenhausen,2024-02-04 18:00:00,test,0.328,1,,stacking,0.34100815674771084
Merzenhausen,2024-02-04 19:00:00,test,0.328,1,,stacking,0.33933166704832846
Merzenhausen,2024-02-04 20:00:00,test,0.328,1,,stacking,0.33923817915260424
Merzenhausen,2024-02-04 21:00:00,test,0.33,1,,stacking,0.33904209895595333
Merzenhausen,2024-02-04 22:00:00,test,0.33,1,,stacking,0.3432940716063779
Merzenhausen,2024-02-04 23:00:00,test,0.33,1,,stacking,0.3396403423268203
Merzenhausen,2024-02-12 01:00:00,test,0.335,1,,stacking,0.35153848613363653
Merzenhausen,2024-02-12 02:00:00,test,0.335,1,,stacking,0.3509501641781087
Merzenhausen,2024-02-12 03:00:00,test,0.335,1,,stacking,0.3506840138501143
Merzenhausen,2024-02-12 04:00:00,test,0.335,1,,stacking,0.35051449719427863
Merzenhausen,2024-02-12 05:00:00,test,0.335,1,,stacking,0.3498940270653166
Merzenhausen,2024-02-12 06:00:00,test,0.335,1,,stacking,0.3493902517716209
Merzenhausen,2024-02-12 07:00:00,test,0.336,1,,stacking,0.3479285806023369
Merzenhausen,2024-02-12 08:00:00,test,0.337,1,,stacking,0.3478654777610253
Merzenhausen,2024-02-12 09:00:00,test,0.337,1,,stacking,0.3485302217159679
Merzenhausen,2024-02-12 10:00:00,test,0.337,1,,stacking,0.3478248074739883
Merzenhausen,2024-02-12 11:00:00,test,0.334,1,,stacking,0.3474349707529149
Merzenhausen,2024-02-12 12:00:00,test,0.337,1,,stacking,0.3474801064220499
Merzenhausen,2024-02-12 13:00:00,test,0.334,1,,stacking,0.3477258706908473
Merzenhausen,2024-02-12 14:00:00,test,0.334,1,,stacking,0.3493591653900078
Merzenhausen,2024-02-12 15:00:00,test,0.335,1,,stacking,0.3487214644023223
Merzenhausen,2024-02-12 16:00:00,test,0.333,1,,stacking,0.3486351019131227
Merzenhausen,2024-02-12 17:00:00,test,0.333,1,,stacking,0.3488406375126699
Merzenhausen,2024-02-12 18:00:00,test,0.333,1,,stacking,0.3502710191020286
Merzenhausen,2024-02-12 19:00:00,test,0.333,1,,stacking,0.35035256387307806
Merzenhausen,2024-02-12 20:00:00,test,0.334,1,,stacking,0.34571981429571613
Merzenhausen,2024-02-12 21:00:00,test,0.335,1,,stacking,0.3483912236080625
Merzenhausen,2024-02-12 22:00:00,test,0.335,1,,stacking,0.34941695547112006
Merzenhausen,2024-02-12 23:00:00,test,0.335,1,,stacking,0.349559840167648
Merzenhausen,2024-02-13 00:00:00,test,0.3315,1,,stacking,0.3486757971604423
Merzenhausen,2024-02-13 01:00:00,test,0.3315,1,,stacking,0.34848361943661305
Merzenhausen,2024-02-13 02:00:00,test,0.335,1,,stacking,0.34881332780450897
Merzenhausen,2024-02-13 03:00:00,test,0.335,1,,stacking,0.349090869947643
Merzenhausen,2024-02-13 04:00:00,test,0.3305,1,,stacking,0.34879382876476167
Merzenhausen,2024-02-13 05:00:00,test,0.335,1,,stacking,0.3479337895369963
Merzenhausen,2024-02-13 06:00:00,test,0.333,1,,stacking,0.3482116127182784
Merzenhausen,2024-02-13 07:00:00,test,0.3305,1,,stacking,0.34821926447450163
Merzenhausen,2024-02-13 08:00:00,test,0.335,1,,stacking,0.34809163394325005
Merzenhausen,2024-02-13 09:00:00,test,0.335,1,,stacking,0.34803933578244545
Merzenhausen,2024-02-13 10:00:00,test,0.333,1,,stacking,0.34882409626786043
Merzenhausen,2024-02-13 11:00:00,test,0.333,1,,stacking,0.3487886665592758
Merzenhausen,2024-02-13 12:00:00,test,0.332,1,,stacking,0.349812370021062
Merzenhausen,2024-02-13 13:00:00,test,0.3295,1,,stacking,0.3462109543660575
Merzenhausen,2024-02-13 14:00:00,test,0.332,1,,stacking,0.3452342797035846
Merzenhausen,2024-02-13 15:00:00,test,0.332,1,,stacking,0.34557947690682983
Merzenhausen,2024-02-13 16:00:00,test,0.332,1,,stacking,0.3455682981494523
Merzenhausen,2024-02-13 17:00:00,test,0.329,1,,stacking,0.34598462925461276
Merzenhausen,2024-02-13 18:00:00,test,0.333,1,,stacking,0.3465577925030985
Merzenhausen,2024-02-13 19:00:00,test,0.333,1,,stacking,0.34668778927472266
Merzenhausen,2024-02-13 20:00:00,test,0.332,1,,stacking,0.3465949261847242
Merzenhausen,2024-02-13 21:00:00,test,0.3295,1,,stacking,0.3459373565304042
Merzenhausen,2024-02-13 22:00:00,test,0.334,1,,stacking,0.34208914100585325
Merzenhausen,2024-02-13 23:00:00,test,0.334,1,,stacking,0.34182033855732535
Merzenhausen,2024-02-14 00:00:00,test,0.334,1,,stacking,0.34137944731484005
Merzenhausen,2024-02-14 01:00:00,test,0.334,1,,stacking,0.3413258256805716
Merzenhausen,2024-02-14 02:00:00,test,0.334,1,,stacking,0.34136732609521253
Merzenhausen,2024-02-14 03:00:00,test,0.334,1,,stacking,0.3417513381234466
Merzenhausen,2024-02-14 04:00:00,test,0.332,1,,stacking,0.34141640576217686
Merzenhausen,2024-02-14 05:00:00,test,0.332,1,,stacking,0.341416889924704
Merzenhausen,2024-02-14 06:00:00,test,0.332,1,,stacking,0.3403709776533782
Merzenhausen,2024-02-14 07:00:00,test,0.332,1,,stacking,0.3398198370197135
Merzenhausen,2024-02-14 08:00:00,test,0.332,1,,stacking,0.3401991921820282
Merzenhausen,2024-02-14 09:00:00,test,0.332,1,,stacking,0.3401013061569948
Merzenhausen,2024-02-14 10:00:00,test,0.332,1,,stacking,0.34061069589112014
Merzenhausen,2024-02-14 11:00:00,test,0.33,1,,stacking,0.34057724041582527
Merzenhausen,2024-02-14 12:00:00,test,0.33,1,,stacking,0.34084656818112447
Merzenhausen,2024-02-14 13:00:00,test,0.33,1,,stacking,0.34109892071834713
Merzenhausen,2024-02-14 14:00:00,test,0.33,1,,stacking,0.3433200381272868
Merzenhausen,2024-02-14 15:00:00,test,0.33,1,,stacking,0.3418247238356556
Merzenhausen,2024-02-14 16:00:00,test,0.33,1,,stacking,0.3433725420521862
Merzenhausen,2024-02-14 17:00:00,test,0.3345,1,,stacking,0.3409840173719638
Merzenhausen,2024-02-14 18:00:00,test,0.335,1,,stacking,0.3419018603402649
Merzenhausen,2024-02-14 19:00:00,test,0.3365,1,,stacking,0.3441839700433122
Merzenhausen,2024-02-14 20:00:00,test,0.334,1,,stacking,0.3440976872930694
Merzenhausen,2024-02-14 21:00:00,test,0.333,1,,stacking,0.3420376176906061
Merzenhausen,2024-02-14 22:00:00,test,0.334,1,,stacking,0.34193296930193007
Merzenhausen,2024-02-14 23:00:00,test,0.333,1,,stacking,0.3413197354083935
Merzenhausen,2024-02-15 00:00:00,test,0.333,1,,stacking,0.34028269023326135
Merzenhausen,2024-02-15 01:00:00,test,0.333,1,,stacking,0.33994466922454286
Merzenhausen,2024-02-15 02:00:00,test,0.334,1,,stacking,0.33949169577443666
Merzenhausen,2024-02-15 03:00:00,test,0.334,1,,stacking,0.337993428223496
Merzenhausen,2024-02-15 04:00:00,test,0.335,1,,stacking,0.33787529489284546
Merzenhausen,2024-02-15 05:00:00,test,0.335,1,,stacking,0.33678636520134153
Merzenhausen,2024-02-15 06:00:00,test,0.333,1,,stacking,0.3396362550731656
Merzenhausen,2024-02-15 07:00:00,test,0.335,1,,stacking,0.3370712579409962
Merzenhausen,2024-02-15 08:00:00,test,0.335,1,,stacking,0.33675261763831754
Merzenhausen,2024-02-15 09:00:00,test,0.335,1,,stacking,0.33627999713035134
Merzenhausen,2024-02-15 10:00:00,test,0.335,1,,stacking,0.3365748026480432
Merzenhausen,2024-02-15 11:00:00,test,0.335,1,,stacking,0.33691863072214145
Merzenhausen,2024-02-15 12:00:00,test,0.335,1,,stacking,0.33703274583807036
Merzenhausen,2024-02-15 13:00:00,test,0.335,1,,stacking,0.3370248118379737
Merzenhausen,2024-02-15 14:00:00,test,0.332,1,,stacking,0.33705747994096225
Merzenhausen,2024-02-15 15:00:00,test,0.3325,1,,stacking,0.338291808292222
Merzenhausen,2024-02-15 16:00:00,test,0.334,1,,stacking,0.33790985767645676
Merzenhausen,2024-02-15 17:00:00,test,0.334,1,,stacking,0.3382493607240897
Merzenhausen,2024-02-15 18:00:00,test,0.332,1,,stacking,0.3383073133099268
Merzenhausen,2024-02-15 19:00:00,test,0.332,1,,stacking,0.33808118728803205
Merzenhausen,2024-02-15 20:00:00,test,0.332,1,,stacking,0.33803427110839446
Merzenhausen,2024-02-15 21:00:00,test,0.332,1,,stacking,0.33880866152585054
Merzenhausen,2024-02-15 22:00:00,test,0.332,1,,stacking,0.3385632565522429
Merzenhausen,2024-02-15 23:00:00,test,0.332,1,,stacking,0.337887049401395
Merzenhausen,2024-02-16 00:00:00,test,0.332,1,,stacking,0.33872185946375055
Merzenhausen,2024-02-16 01:00:00,test,0.332,1,,stacking,0.33837157025530207
Merzenhausen,2024-02-16 02:00:00,test,0.332,1,,stacking,0.33764419027866427
Merzenhausen,2024-02-16 03:00:00,test,0.332,1,,stacking,0.33752558904458785
Merzenhausen,2024-02-16 04:00:00,test,0.332,1,,stacking,0.33824440718860044
Merzenhausen,2024-02-16 05:00:00,test,0.33,1,,stacking,0.337508589098183
Merzenhausen,2024-02-16 06:00:00,test,0.332,1,,stacking,0.337465346179866
Merzenhausen,2024-02-16 07:00:00,test,0.33,1,,stacking,0.3381582355632093
Merzenhausen,2024-02-16 08:00:00,test,0.33,1,,stacking,0.3361750223843015
Merzenhausen,2024-02-16 09:00:00,test,0.33,1,,stacking,0.3364615629390189
Merzenhausen,2024-02-16 10:00:00,test,0.33,1,,stacking,0.33667152231005043
Merzenhausen,2024-02-16 11:00:00,test,0.33,1,,stacking,0.336812028260073
Merzenhausen,2024-02-16 12:00:00,test,0.33,1,,stacking,0.3362640202566223
Merzenhausen,2024-02-16 13:00:00,test,0.33,1,,stacking,0.33637510283730376
Merzenhausen,2024-02-16 14:00:00,test,0.33,1,,stacking,0.33814047130696273
Merzenhausen,2024-02-16 15:00:00,test,0.33,1,,stacking,0.33894665056889944
Merzenhausen,2024-02-16 16:00:00,test,0.33,1,,stacking,0.3392860207067519
Merzenhausen,2024-02-16 17:00:00,test,0.329,1,,stacking,0.336824603162215
Merzenhausen,2024-02-16 18:00:00,test,0.328,1,,stacking,0.3372056757201214
Merzenhausen,2024-02-16 19:00:00,test,0.329,1,,stacking,0.3373372753161244
Merzenhausen,2024-02-16 20:00:00,test,0.331,1,,stacking,0.3375474611241601
Merzenhausen,2024-02-16 21:00:00,test,0.331,1,,stacking,0.33889577239645774
Merzenhausen,2024-02-16 22:00:00,test,0.33,1,,stacking,0.3390064999639522
Merzenhausen,2024-02-16 23:00:00,test,0.33,1,,stacking,0.3392181625390514
Merzenhausen,2024-02-17 00:00:00,test,0.333,1,,stacking,0.33796119578492334
Merzenhausen,2024-02-17 01:00:00,test,0.332,1,,stacking,0.33808889524883684
Merzenhausen,2024-02-17 02:00:00,test,0.332,1,,stacking,0.3379511767761729
Merzenhausen,2024-02-17 03:00:00,test,0.332,1,,stacking,0.3375989974721151
Merzenhausen,2024-02-17 04:00:00,test,0.332,1,,stacking,0.3360875184869772
Merzenhausen,2024-02-17 05:00:00,test,0.332,1,,stacking,0.33642733170366046
Merzenhausen,2024-02-17 06:00:00,test,0.332,1,,stacking,0.335339966586917
Merzenhausen,2024-02-17 07:00:00,test,0.335,1,,stacking,0.334475453286513
Merzenhausen,2024-02-17 08:00:00,test,0.332,1,,stacking,0.3337850256414607
Merzenhausen,2024-02-17 09:00:00,test,0.335,1,,stacking,0.33425113849538735
Merzenhausen,2024-02-17 10:00:00,test,0.332,1,,stacking,0.3342067957848867
Merzenhausen,2024-02-17 11:00:00,test,0.332,1,,stacking,0.33445680282908646
Merzenhausen,2024-02-17 12:00:00,test,0.332,1,,stacking,0.3350389988879688
Merzenhausen,2024-02-17 13:00:00,test,0.332,1,,stacking,0.3349469549507728
Merzenhausen,2024-02-17 14:00:00,test,0.332,1,,stacking,0.33431917604693334
Merzenhausen,2024-02-17 15:00:00,test,0.335,1,,stacking,0.33504179337438006
Merzenhausen,2024-02-17 16:00:00,test,0.335,1,,stacking,0.33522824664970285
Merzenhausen,2024-02-17 17:00:00,test,0.335,1,,stacking,0.3349052667745678
Merzenhausen,2024-02-17 18:00:00,test,0.335,1,,stacking,0.3341422125853372
Merzenhausen,2024-02-17 19:00:00,test,0.334,1,,stacking,0.3338483462131766
Merzenhausen,2024-02-17 20:00:00,test,0.334,1,,stacking,0.3338254674762993
Merzenhausen,2024-02-17 21:00:00,test,0.334,1,,stacking,0.3343127938489516
Merzenhausen,2024-02-17 22:00:00,test,0.334,1,,stacking,0.33471737425662546
Merzenhausen,2024-02-17 23:00:00,test,0.334,1,,stacking,0.33609505585682753
Merzenhausen,2024-02-18 00:00:00,test,0.33249998,1,,stacking,0.33610538260201805
Merzenhausen,2024-02-18 01:00:00,test,0.333,1,,stacking,0.33629068036890253
Merzenhausen,2024-02-18 02:00:00,test,0.334,1,,stacking,0.3359470595908343
Merzenhausen,2024-02-18 03:00:00,test,0.334,1,,stacking,0.3347385930534863
Merzenhausen,2024-02-18 04:00:00,test,0.334,1,,stacking,0.335037534801195
Merzenhausen,2024-02-18 05:00:00,test,0.33249998,1,,stacking,0.33551773107225213
Merzenhausen,2024-02-18 06:00:00,test,0.334,1,,stacking,0.3345211732585599
Merzenhausen,2024-02-18 07:00:00,test,0.334,1,,stacking,0.3346410782865429
Merzenhausen,2024-02-18 08:00:00,test,0.334,1,,stacking,0.3337576361814595
Merzenhausen,2024-02-18 09:00:00,test,0.334,1,,stacking,0.333267212243121
Merzenhausen,2024-02-18 10:00:00,test,0.334,1,,stacking,0.3331389038041238
Merzenhausen,2024-02-18 11:00:00,test,0.334,1,,stacking,0.3368662906458536
Merzenhausen,2024-02-18 12:00:00,test,0.334,1,,stacking,0.3345604635041129
Merzenhausen,2024-02-18 13:00:00,test,0.334,1,,stacking,0.3374721931530294
Merzenhausen,2024-02-18 14:00:00,test,0.334,1,,stacking,0.33860665955755304
Merzenhausen,2024-02-18 15:00:00,test,0.334,1,,stacking,0.3351272856426794
Merzenhausen,2024-02-18 16:00:00,test,0.332,1,,stacking,0.3351058513949106
Merzenhausen,2024-02-18 17:00:00,test,0.33,1,,stacking,0.33549431325064355
Merzenhausen,2024-02-18 18:00:00,test,0.33,1,,stacking,0.3380797446142729
Merzenhausen,2024-02-18 19:00:00,test,0.33,1,,stacking,0.3355242342281688
Merzenhausen,2024-02-18 20:00:00,test,0.33,1,,stacking,0.33843477597515653
Merzenhausen,2024-02-18 21:00:00,test,0.331,1,,stacking,0.3380022536826571
Merzenhausen,2024-02-18 22:00:00,test,0.331,1,,stacking,0.33594802407876156
Merzenhausen,2024-02-18 23:00:00,test,0.328,1,,stacking,0.3356497928293036
Merzenhausen,2024-02-19 00:00:00,test,0.328,1,,stacking,0.3375655909270171
Merzenhausen,2024-02-19 01:00:00,test,0.328,1,,stacking,0.33723805972211046
Merzenhausen,2024-02-19 02:00:00,test,0.328,1,,stacking,0.33712185643887993
Merzenhausen,2024-02-19 03:00:00,test,0.328,1,,stacking,0.33676655284189955
Merzenhausen,2024-02-19 04:00:00,test,0.328,1,,stacking,0.3366556066312864
Merzenhausen,2024-02-19 05:00:00,test,0.33,1,,stacking,0.33659424733580556
Merzenhausen,2024-02-19 06:00:00,test,0.33,1,,stacking,0.3359482623017263
Merzenhausen,2024-02-19 07:00:00,test,0.33,1,,stacking,0.33504343389875113
Merzenhausen,2024-02-19 08:00:00,test,0.327,1,,stacking,0.33385383151313425
Merzenhausen,2024-02-19 09:00:00,test,0.327,1,,stacking,0.3350600302422894
Merzenhausen,2024-02-19 10:00:00,test,0.327,1,,stacking,0.3348415751953019
Merzenhausen,2024-02-19 11:00:00,test,0.327,1,,stacking,0.33559687436612134
Merzenhausen,2024-02-19 12:00:00,test,0.327,1,,stacking,0.33661843803161995
Merzenhausen,2024-02-19 13:00:00,test,0.327,1,,stacking,0.33715712650915675
Merzenhausen,2024-02-19 14:00:00,test,0.327,1,,stacking,0.33732613220030516
Merzenhausen,2024-02-19 15:00:00,test,0.328,1,,stacking,0.33776437012379484
Merzenhausen,2024-02-19 16:00:00,test,0.327,1,,stacking,0.33935189998695875
Merzenhausen,2024-02-19 17:00:00,test,0.327,1,,stacking,0.3387095749425366
Merzenhausen,2024-02-19 18:00:00,test,0.328,1,,stacking,0.33869554035859994
Merzenhausen,2024-02-19 19:00:00,test,0.325,1,,stacking,0.3366073620366137
Merzenhausen,2024-02-19 20:00:00,test,0.325,1,,stacking,0.33945707039720646
Merzenhausen,2024-02-19 21:00:00,test,0.325,1,,stacking,0.3372413879148169
Merzenhausen,2024-02-19 22:00:00,test,0.325,1,,stacking,0.3367486832040198
Merzenhausen,2024-02-19 23:00:00,test,0.325,1,,stacking,0.33651513468195404
Merzenhausen,2024-02-20 00:00:00,test,0.327,1,,stacking,0.33876051783073
Merzenhausen,2024-02-20 01:00:00,test,0.33,1,,stacking,0.3385415959427578
Merzenhausen,2024-02-20 02:00:00,test,0.33,1,,stacking,0.3384702193543
Merzenhausen,2024-02-20 03:00:00,test,0.332,1,,stacking,0.33842689853289865
Merzenhausen,2024-02-20 04:00:00,test,0.333,1,,stacking,0.3383908114682454
Merzenhausen,2024-02-20 05:00:00,test,0.335,1,,stacking,0.337674115351579
Merzenhausen,2024-02-20 06:00:00,test,0.335,1,,stacking,0.3383798449241308
Merzenhausen,2024-02-20 07:00:00,test,0.337,1,,stacking,0.3378522627535383
Merzenhausen,2024-02-20 08:00:00,test,0.336,1,,stacking,0.3375787981514466
Merzenhausen,2024-02-20 09:00:00,test,0.336,1,,stacking,0.3379739258780187
Merzenhausen,2024-02-20 10:00:00,test,0.334,1,,stacking,0.33856275282975734
Merzenhausen,2024-02-20 11:00:00,test,0.337,1,,stacking,0.3388812941566915
Merzenhausen,2024-02-20 12:00:00,test,0.335,1,,stacking,0.339535624034764
Merzenhausen,2024-02-20 13:00:00,test,0.336,1,,stacking,0.3400368159650145
Merzenhausen,2024-02-20 14:00:00,test,0.337,1,,stacking,0.340041208124173
Merzenhausen,2024-02-20 15:00:00,test,0.336,1,,stacking,0.3402778565180028
Merzenhausen,2024-02-20 16:00:00,test,0.336,1,,stacking,0.34033750926232825
Merzenhausen,2024-02-20 17:00:00,test,0.336,1,,stacking,0.33984934910597164
Merzenhausen,2024-02-20 18:00:00,test,0.336,1,,stacking,0.33982411537003404
Merzenhausen,2024-02-20 19:00:00,test,0.339,1,,stacking,0.3395656364867589
Merzenhausen,2024-02-20 20:00:00,test,0.34,1,,stacking,0.3393110628198124
Merzenhausen,2024-02-20 21:00:00,test,0.34,1,,stacking,0.33877262887121395
Merzenhausen,2024-02-20 22:00:00,test,0.34,1,,stacking,0.33846329786520674
Merzenhausen,2024-02-20 23:00:00,test,0.34,1,,stacking,0.33849923564798773
Merzenhausen,2024-02-21 00:00:00,test,0.34,1,,stacking,0.3347264811331583
Merzenhausen,2024-02-21 01:00:00,test,0.34,1,,stacking,0.3345422871121691
Merzenhausen,2024-02-21 02:00:00,test,0.34,1,,stacking,0.33443455754074236
Merzenhausen,2024-02-21 03:00:00,test,0.34,1,,stacking,0.3349776285815159
Merzenhausen,2024-02-21 04:00:00,test,0.34,1,,stacking,0.3343955815509355
Merzenhausen,2024-02-21 05:00:00,test,0.34,1,,stacking,0.3341544945268189
Merzenhausen,2024-02-21 06:00:00,test,0.34,1,,stacking,0.3342199603832125
Merzenhausen,2024-02-21 07:00:00,test,0.341,1,,stacking,0.33408487498645517
Merzenhausen,2024-02-21 08:00:00,test,0.339,1,,stacking,0.3338702389094058
Merzenhausen,2024-02-21 09:00:00,test,0.339,1,,stacking,0.33305949495461673
Merzenhausen,2024-02-21 10:00:00,test,0.339,1,,stacking,0.33341212081416377
Merzenhausen,2024-02-21 11:00:00,test,0.339,1,,stacking,0.3339842029100322
Merzenhausen,2024-02-21 12:00:00,test,0.339,1,,stacking,0.3346218034829839
Merzenhausen,2024-02-21 13:00:00,test,0.339,1,,stacking,0.3345869238548976
Merzenhausen,2024-02-21 14:00:00,test,0.338,1,,stacking,0.3349916535679777
Merzenhausen,2024-02-21 15:00:00,test,0.338,1,,stacking,0.33492899765940964
Merzenhausen,2024-02-21 16:00:00,test,0.339,1,,stacking,0.3356950780117983
Merzenhausen,2024-02-21 17:00:00,test,0.339,1,,stacking,0.33600928865543334
Merzenhausen,2024-02-21 18:00:00,test,0.337,1,,stacking,0.34007686211277927
Merzenhausen,2024-02-21 19:00:00,test,0.337,1,,stacking,0.33952044822891747
Merzenhausen,2024-02-21 20:00:00,test,0.337,1,,stacking,0.3394920435935844
Merzenhausen,2024-02-21 21:00:00,test,0.337,1,,stacking,0.3392607205555165
Merzenhausen,2024-02-21 22:00:00,test,0.335,1,,stacking,0.33912668518251576
Merzenhausen,2024-02-21 23:00:00,test,0.336,1,,stacking,0.3402099759878153
Merzenhausen,2024-02-22 00:00:00,test,0.335,1,,stacking,0.3282494651118093
Merzenhausen,2024-02-22 01:00:00,test,0.335,1,,stacking,0.3286422470337348
Merzenhausen,2024-02-22 02:00:00,test,0.337,1,,stacking,0.328217569066581
Merzenhausen,2024-02-22 03:00:00,test,0.334,1,,stacking,0.3281088054604504
Merzenhausen,2024-02-22 04:00:00,test,0.334,1,,stacking,0.3278820225812074
Merzenhausen,2024-02-22 05:00:00,test,0.334,1,,stacking,0.32405175518373097
Merzenhausen,2024-02-22 06:00:00,test,0.335,1,,stacking,0.32341714260763477
Merzenhausen,2024-02-22 07:00:00,test,0.332,1,,stacking,0.323026636141612
Merzenhausen,2024-02-22 08:00:00,test,0.334,1,,stacking,0.32267148492159486
Merzenhausen,2024-02-22 09:00:00,test,0.333,1,,stacking,0.3222941026185181
Merzenhausen,2024-02-22 10:00:00,test,0.334,1,,stacking,0.3226314382153784
Merzenhausen,2024-02-22 11:00:00,test,0.334,1,,stacking,0.32227726194421646
Merzenhausen,2024-02-22 12:00:00,test,0.335,1,,stacking,0.3220897829988879
Merzenhausen,2024-02-22 13:00:00,test,0.332,1,,stacking,0.3225526387632879
Merzenhausen,2024-02-22 14:00:00,test,0.332,1,,stacking,0.3222575337516738
Merzenhausen,2024-02-22 15:00:00,test,0.332,1,,stacking,0.3323290100569842
Merzenhausen,2024-02-22 16:00:00,test,0.332,1,,stacking,0.33242045839050127
Merzenhausen,2024-02-22 17:00:00,test,0.333,1,,stacking,0.3349467442072241
Merzenhausen,2024-02-22 18:00:00,test,0.33,1,,stacking,0.3352417211127767
Merzenhausen,2024-02-22 19:00:00,test,0.33,1,,stacking,0.33843028784251394
Merzenhausen,2024-02-22 20:00:00,test,0.33,1,,stacking,0.33693934562658145
Merzenhausen,2024-02-22 21:00:00,test,0.332,1,,stacking,0.3365798638879658
Merzenhausen,2024-02-22 22:00:00,test,0.332,1,,stacking,0.3364233330721851
Merzenhausen,2024-02-22 23:00:00,test,0.332,1,,stacking,0.3364363918445727
Merzenhausen,2024-02-23 00:00:00,test,0.33,1,,stacking,0.3371954730161287
Merzenhausen,2024-02-23 01:00:00,test,0.33,1,,stacking,0.3360211298383374
Merzenhausen,2024-02-23 02:00:00,test,0.33,1,,stacking,0.336390555261997
Merzenhausen,2024-02-23 03:00:00,test,0.329,1,,stacking,0.3363753277937218
Merzenhausen,2024-02-23 04:00:00,test,0.33,1,,stacking,0.33546450709240616
Merzenhausen,2024-02-23 05:00:00,test,0.331,1,,stacking,0.33495708476085917
Merzenhausen,2024-02-23 06:00:00,test,0.331,1,,stacking,0.33425855528638837
Merzenhausen,2024-02-23 07:00:00,test,0.329,1,,stacking,0.33469895456334686
Merzenhausen,2024-02-23 08:00:00,test,0.329,1,,stacking,0.3340171790582507
Merzenhausen,2024-02-23 09:00:00,test,0.327,1,,stacking,0.33370250579359695
Merzenhausen,2024-02-23 10:00:00,test,0.33,1,,stacking,0.33418495064160925
Merzenhausen,2024-02-23 11:00:00,test,0.33,1,,stacking,0.3372127056781273
Merzenhausen,2024-02-23 12:00:00,test,0.33,1,,stacking,0.3377210684288907
Merzenhausen,2024-02-23 13:00:00,test,0.327,1,,stacking,0.3380553614701427
Merzenhausen,2024-02-23 14:00:00,test,0.327,1,,stacking,0.3344518965388696
Merzenhausen,2024-02-23 15:00:00,test,0.327,1,,stacking,0.3341405437600409
Merzenhausen,2024-02-23 16:00:00,test,0.327,1,,stacking,0.33884710851733846
Merzenhausen,2024-02-23 17:00:00,test,0.327,1,,stacking,0.3411755504344693
Merzenhausen,2024-02-23 18:00:00,test,0.329,1,,stacking,0.33757238101386905
Merzenhausen,2024-02-23 19:00:00,test,0.326,1,,stacking,0.33713899126403113
Merzenhausen,2024-02-23 20:00:00,test,0.327,1,,stacking,0.3371281056488806
Merzenhausen,2024-02-23 21:00:00,test,0.327,1,,stacking,0.3366866585835323
Merzenhausen,2024-02-23 22:00:00,test,0.327,1,,stacking,0.33694786552704153
Merzenhausen,2024-02-23 23:00:00,test,0.327,1,,stacking,0.3369799439715919
Merzenhausen,2024-02-24 00:00:00,test,0.325,1,,stacking,0.33666187503753753
Merzenhausen,2024-02-24 01:00:00,test,0.325,1,,stacking,0.33310969307312654
Merzenhausen,2024-02-24 02:00:00,test,0.325,1,,stacking,0.33417049923751224
Merzenhausen,2024-02-24 03:00:00,test,0.327,1,,stacking,0.33386473623965274
Merzenhausen,2024-02-24 04:00:00,test,0.327,1,,stacking,0.3339209148323607
Merzenhausen,2024-02-24 05:00:00,test,0.329,1,,stacking,0.3336571128747507
Merzenhausen,2024-02-24 06:00:00,test,0.332,1,,stacking,0.33314501144747477
Merzenhausen,2024-02-24 07:00:00,test,0.335,1,,stacking,0.3333481990703192
Merzenhausen,2024-02-24 08:00:00,test,0.342,1,,stacking,0.3330583505695362
Merzenhausen,2024-02-24 09:00:00,test,0.349,1,,stacking,0.3330507076151079
Merzenhausen,2024-02-24 17:00:00,test,0.353,1,,stacking,0.3359920984706383
Merzenhausen,2024-02-24 19:00:00,test,0.351,1,,stacking,0.33599634118445043
Merzenhausen,2024-02-24 20:00:00,test,0.353,1,,stacking,0.335393975615779
Merzenhausen,2024-02-24 21:00:00,test,0.351,1,,stacking,0.33548755998302066
Merzenhausen,2024-02-24 22:00:00,test,0.351,1,,stacking,0.33524824770282613
Merzenhausen,2024-02-25 00:00:00,test,0.351,1,,stacking,0.3352043571513365
Merzenhausen,2024-02-25 07:00:00,test,0.3385,1,,stacking,0.3341005925736815
Merzenhausen,2024-02-25 08:00:00,test,0.345,1,,stacking,0.33361219924926605
Merzenhausen,2024-02-25 09:00:00,test,0.345,1,,stacking,0.33320884889715613
Merzenhausen,2024-02-25 10:00:00,test,0.343,1,,stacking,0.3335764678128431
Merzenhausen,2024-02-25 11:00:00,test,0.345,1,,stacking,0.3337648839069019
Merzenhausen,2024-02-25 12:00:00,test,0.342,1,,stacking,0.3340981627950282
Merzenhausen,2024-02-25 13:00:00,test,0.342,1,,stacking,0.3352769115068773
Merzenhausen,2024-02-25 14:00:00,test,0.343,1,,stacking,0.3357993860171583
Merzenhausen,2024-02-25 15:00:00,test,0.343,1,,stacking,0.3361728498067805
Merzenhausen,2024-02-25 16:00:00,test,0.34,1,,stacking,0.3368670471720189
Merzenhausen,2024-02-25 17:00:00,test,0.341,1,,stacking,0.33746855960668576
Merzenhausen,2024-02-25 18:00:00,test,0.342,1,,stacking,0.33674414183528306
Merzenhausen,2024-02-25 19:00:00,test,0.34,1,,stacking,0.33708423705790347
Merzenhausen,2024-02-25 20:00:00,test,0.338,1,,stacking,0.33695376474685357
Merzenhausen,2024-02-25 21:00:00,test,0.339,1,,stacking,0.3372834058883221
Merzenhausen,2024-02-25 22:00:00,test,0.339,1,,stacking,0.33739673716123103
Merzenhausen,2024-02-25 23:00:00,test,0.34,1,,stacking,0.3369525242916291
Merzenhausen,2024-02-26 00:00:00,test,0.337,1,,stacking,0.33800977690696765
Merzenhausen,2024-02-26 01:00:00,test,0.337,1,,stacking,0.33972056554613783
Merzenhausen,2024-02-26 02:00:00,test,0.337,1,,stacking,0.3396937786715244
Merzenhausen,2024-02-26 03:00:00,test,0.337,1,,stacking,0.339434986700453
Merzenhausen,2024-02-26 04:00:00,test,0.336,1,,stacking,0.33881987966967597
Merzenhausen,2024-02-26 05:00:00,test,0.337,1,,stacking,0.33912188572835383
Merzenhausen,2024-02-26 06:00:00,test,0.337,1,,stacking,0.3393608120565085
Merzenhausen,2024-02-26 07:00:00,test,0.337,1,,stacking,0.33830362562942823
Merzenhausen,2024-02-26 08:00:00,test,0.337,1,,stacking,0.34149849279384414
Merzenhausen,2024-02-26 09:00:00,test,0.337,1,,stacking,0.34444470410037503
Merzenhausen,2024-02-26 10:00:00,test,0.337,1,,stacking,0.34494716516361656
Merzenhausen,2024-02-26 11:00:00,test,0.334,1,,stacking,0.34532974286874524
Merzenhausen,2024-02-26 12:00:00,test,0.335,1,,stacking,0.3449185074444146
Merzenhausen,2024-02-26 13:00:00,test,0.335,1,,stacking,0.34462628957388697
Merzenhausen,2024-02-26 14:00:00,test,0.335,1,,stacking,0.3445488106572981
Merzenhausen,2024-02-26 15:00:00,test,0.335,1,,stacking,0.346077687022985
Merzenhausen,2024-02-26 16:00:00,test,0.335,1,,stacking,0.3441247680125773
Merzenhausen,2024-02-26 17:00:00,test,0.335,1,,stacking,0.3437069486867703
Merzenhausen,2024-02-26 18:00:00,test,0.335,1,,stacking,0.3441258594460402
Merzenhausen,2024-02-26 19:00:00,test,0.335,1,,stacking,0.346320077634651
Merzenhausen,2024-02-26 20:00:00,test,0.333,1,,stacking,0.34622170945210884
Merzenhausen,2024-02-26 21:00:00,test,0.333,1,,stacking,0.3465775389632059
Merzenhausen,2024-02-26 22:00:00,test,0.333,1,,stacking,0.34548724990865515
Merzenhausen,2024-02-26 23:00:00,test,0.334,1,,stacking,0.3451496495304727
Merzenhausen,2024-02-27 00:00:00,test,0.334,1,,stacking,0.3436401421501514
Merzenhausen,2024-02-27 01:00:00,test,0.332,1,,stacking,0.34396719134840875
Merzenhausen,2024-02-27 02:00:00,test,0.332,1,,stacking,0.3436015725352164
Merzenhausen,2024-02-27 03:00:00,test,0.332,1,,stacking,0.34384683411289163
Merzenhausen,2024-02-27 04:00:00,test,0.332,1,,stacking,0.34533748639813255
Merzenhausen,2024-02-27 05:00:00,test,0.332,1,,stacking,0.34513883406299034
Merzenhausen,2024-02-27 06:00:00,test,0.334,1,,stacking,0.3453524952577948
Merzenhausen,2024-02-27 07:00:00,test,0.331,1,,stacking,0.3399805465001008
Merzenhausen,2024-02-27 08:00:00,test,0.332,1,,stacking,0.3436407903980581
Merzenhausen,2024-02-27 09:00:00,test,0.332,1,,stacking,0.3452161719703265
Merzenhausen,2024-02-27 10:00:00,test,0.332,1,,stacking,0.3443445379980959
Merzenhausen,2024-02-27 11:00:00,test,0.332,1,,stacking,0.3456835011591438
Merzenhausen,2024-02-27 12:00:00,test,0.331,1,,stacking,0.3446937555516383
Merzenhausen,2024-02-27 13:00:00,test,0.332,1,,stacking,0.34452625461161657
Merzenhausen,2024-02-27 14:00:00,test,0.332,1,,stacking,0.34434876781000523
Merzenhausen,2024-02-27 15:00:00,test,0.329,1,,stacking,0.3444124961759483
Merzenhausen,2024-02-27 16:00:00,test,0.332,1,,stacking,0.34238408882935134
Merzenhausen,2024-02-27 17:00:00,test,0.33,1,,stacking,0.34202389866283783
Merzenhausen,2024-02-27 18:00:00,test,0.33,1,,stacking,0.3422335618759641
Merzenhausen,2024-02-27 19:00:00,test,0.33,1,,stacking,0.34152400994244436
Merzenhausen,2024-02-27 20:00:00,test,0.33,1,,stacking,0.3375944051693651
Merzenhausen,2024-02-27 21:00:00,test,0.33,1,,stacking,0.3403545685897446
Merzenhausen,2024-02-27 22:00:00,test,0.332,1,,stacking,0.34113801269012844
Merzenhausen,2024-02-27 23:00:00,test,0.329,1,,stacking,0.34205394948616485
Merzenhausen,2024-02-28 00:00:00,test,0.329,1,,stacking,0.33558729314762953
Merzenhausen,2024-02-28 01:00:00,test,0.329,1,,stacking,0.33524354891375324
Merzenhausen,2024-02-28 02:00:00,test,0.329,1,,stacking,0.33504605504706114
Merzenhausen,2024-02-28 03:00:00,test,0.329,1,,stacking,0.3343491661509702
Merzenhausen,2024-02-28 04:00:00,test,0.329,1,,stacking,0.33415641559408316
Merzenhausen,2024-02-28 05:00:00,test,0.33,1,,stacking,0.33525066987770463
Merzenhausen,2024-02-28 06:00:00,test,0.327,1,,stacking,0.3354739803073501
Merzenhausen,2024-02-28 07:00:00,test,0.328,1,,stacking,0.3368474774422672
Merzenhausen,2024-02-28 08:00:00,test,0.328,1,,stacking,0.33698793031464835
Merzenhausen,2024-02-28 09:00:00,test,0.328,1,,stacking,0.3383157989578749
Merzenhausen,2024-02-28 10:00:00,test,0.328,1,,stacking,0.3381957324921105
Merzenhausen,2024-02-28 11:00:00,test,0.328,1,,stacking,0.33813199351709
Merzenhausen,2024-02-28 12:00:00,test,0.326,1,,stacking,0.33878872723090375
Merzenhausen,2024-02-28 13:00:00,test,0.327,1,,stacking,0.3357040052236528
Merzenhausen,2024-02-28 14:00:00,test,0.327,1,,stacking,0.33557933744781065
Merzenhausen,2024-02-28 15:00:00,test,0.327,1,,stacking,0.3357145671246923
Merzenhausen,2024-02-28 16:00:00,test,0.327,1,,stacking,0.33685552215072545
Merzenhausen,2024-02-28 17:00:00,test,0.327,1,,stacking,0.33669689692955007
Merzenhausen,2024-02-28 18:00:00,test,0.327,1,,stacking,0.3367468484667565
Merzenhausen,2024-02-28 19:00:00,test,0.327,1,,stacking,0.3362203948309177
Merzenhausen,2024-02-28 20:00:00,test,0.325,1,,stacking,0.33636569075251876
Merzenhausen,2024-02-28 21:00:00,test,0.325,1,,stacking,0.3364435393170894
Merzenhausen,2024-02-28 22:00:00,test,0.325,1,,stacking,0.33596606643959004
Merzenhausen,2024-02-28 23:00:00,test,0.323,1,,stacking,0.33495674469946346
Merzenhausen,2024-02-29 00:00:00,test,0.323,1,,stacking,0.33466302562731404
Merzenhausen,2024-02-29 01:00:00,test,0.325,1,,stacking,0.33427684181715694
Merzenhausen,2024-02-29 02:00:00,test,0.325,1,,stacking,0.3341628450735171
Merzenhausen,2024-02-29 03:00:00,test,0.325,1,,stacking,0.33514592380409386
Merzenhausen,2024-02-29 04:00:00,test,0.325,1,,stacking,0.33524803106012424
Merzenhausen,2024-02-29 05:00:00,test,0.325,1,,stacking,0.33524350780691264
Merzenhausen,2024-02-29 06:00:00,test,0.322,1,,stacking,0.3360683126324423
Merzenhausen,2024-02-29 07:00:00,test,0.323,1,,stacking,0.33484862034331003
Merzenhausen,2024-02-29 08:00:00,test,0.323,1,,stacking,0.3347404592371714
Merzenhausen,2024-02-29 09:00:00,test,0.324,1,,stacking,0.33557629631525243
Merzenhausen,2024-02-29 10:00:00,test,0.324,1,,stacking,0.3351650414448609
Merzenhausen,2024-02-29 11:00:00,test,0.322,1,,stacking,0.335468412985351
Merzenhausen,2024-02-29 12:00:00,test,0.322,1,,stacking,0.33633725236012807
Merzenhausen,2024-02-29 13:00:00,test,0.322,1,,stacking,0.3369683305578744
Merzenhausen,2024-02-29 14:00:00,test,0.322,1,,stacking,0.33677924097242906
Merzenhausen,2024-02-29 15:00:00,test,0.322,1,,stacking,0.33737637171230106
Merzenhausen,2024-02-29 16:00:00,test,0.322,1,,stacking,0.33738444367353754
Merzenhausen,2024-02-29 17:00:00,test,0.323,1,,stacking,0.3371233542764283
Merzenhausen,2024-02-29 18:00:00,test,0.32,1,,stacking,0.33656584923401395
Merzenhausen,2024-02-29 19:00:00,test,0.32,1,,stacking,0.33616418536645887
Merzenhausen,2024-02-29 20:00:00,test,0.32,1,,stacking,0.3364047699005096
Merzenhausen,2024-02-29 21:00:00,test,0.32,1,,stacking,0.33617565996293886
Merzenhausen,2024-02-29 22:00:00,test,0.319,1,,stacking,0.33606357860393127
Merzenhausen,2024-02-29 23:00:00,test,0.32,1,,stacking,0.3352440023659712
Merzenhausen,2024-03-01 00:00:00,test,0.32,1,,stacking,0.33450231753882137
Merzenhausen,2024-03-01 01:00:00,test,0.32,1,,stacking,0.3346004044240661
Merzenhausen,2024-03-01 02:00:00,test,0.32,1,,stacking,0.3348146763172331
Merzenhausen,2024-03-01 03:00:00,test,0.32,1,,stacking,0.3344779093934852
Merzenhausen,2024-03-01 04:00:00,test,0.318,1,,stacking,0.33450411787279233
Merzenhausen,2024-03-01 05:00:00,test,0.318,1,,stacking,0.3344015539881486
Merzenhausen,2024-03-01 06:00:00,test,0.318,1,,stacking,0.3342223548461375
Merzenhausen,2024-03-01 07:00:00,test,0.319,1,,stacking,0.33472856814747465
Merzenhausen,2024-03-01 08:00:00,test,0.32,1,,stacking,0.33489171317464106
Merzenhausen,2024-03-01 09:00:00,test,0.317,1,,stacking,0.3348988197754742
Merzenhausen,2024-03-01 10:00:00,test,0.317,1,,stacking,0.33561497123304096
Merzenhausen,2024-03-01 11:00:00,test,0.317,1,,stacking,0.3358591511178177
Merzenhausen,2024-03-01 12:00:00,test,0.318,1,,stacking,0.33587006770456423
Merzenhausen,2024-03-01 13:00:00,test,0.316,1,,stacking,0.33557951359983357
Merzenhausen,2024-03-01 14:00:00,test,0.318,1,,stacking,0.33698742794212544
Merzenhausen,2024-03-01 15:00:00,test,0.318,1,,stacking,0.3373415898596658
Merzenhausen,2024-03-01 16:00:00,test,0.315,1,,stacking,0.3381357556841609
Merzenhausen,2024-03-01 17:00:00,test,0.315,1,,stacking,0.3382692808993117
Merzenhausen,2024-03-01 18:00:00,test,0.316,1,,stacking,0.33666997634908696
Merzenhausen,2024-03-01 19:00:00,test,0.316,1,,stacking,0.3365320408980511
Merzenhausen,2024-03-01 20:00:00,test,0.316,1,,stacking,0.335224499111606
Merzenhausen,2024-03-01 21:00:00,test,0.315,1,,stacking,0.3345432272204957
Merzenhausen,2024-03-01 22:00:00,test,0.316,1,,stacking,0.33396632722480674
Merzenhausen,2024-03-01 23:00:00,test,0.316,1,,stacking,0.33253227997828794
Merzenhausen,2024-03-02 00:00:00,test,0.316,1,,stacking,0.32962668334187883
Merzenhausen,2024-03-02 01:00:00,test,0.316,1,,stacking,0.3325799859351037
Merzenhausen,2024-03-02 02:00:00,test,0.313,1,,stacking,0.33426957124295703
Merzenhausen,2024-03-02 03:00:00,test,0.314,1,,stacking,0.3337826981365413
Merzenhausen,2024-03-02 04:00:00,test,0.314,1,,stacking,0.333222580057411
Merzenhausen,2024-03-02 05:00:00,test,0.313,1,,stacking,0.334613554002955
Merzenhausen,2024-03-02 06:00:00,test,0.312,1,,stacking,0.3296025239256881
Merzenhausen,2024-03-02 07:00:00,test,0.313,1,,stacking,0.3298976455498851
Merzenhausen,2024-03-02 08:00:00,test,0.31,1,,stacking,0.331205922611028
Merzenhausen,2024-03-02 09:00:00,test,0.311,1,,stacking,0.33429697789913554
Merzenhausen,2024-03-02 10:00:00,test,0.311,1,,stacking,0.3343583783185243
Merzenhausen,2024-03-02 11:00:00,test,0.312,1,,stacking,0.3297299124041582
Merzenhausen,2024-03-02 12:00:00,test,0.313,1,,stacking,0.3278632018572521
Merzenhausen,2024-03-02 13:00:00,test,0.311,1,,stacking,0.32779752717942634
Merzenhausen,2024-03-02 14:00:00,test,0.311,1,,stacking,0.32790032074568354
Merzenhausen,2024-03-02 15:00:00,test,0.311,1,,stacking,0.32777201758177393
Merzenhausen,2024-03-02 16:00:00,test,0.311,1,,stacking,0.32852962462458296
Merzenhausen,2024-03-02 17:00:00,test,0.309,1,,stacking,0.3312699550798613
Merzenhausen,2024-03-02 18:00:00,test,0.309,1,,stacking,0.32949292250218615
Merzenhausen,2024-03-02 19:00:00,test,0.309,1,,stacking,0.3284829773384702
Merzenhausen,2024-03-02 20:00:00,test,0.309,1,,stacking,0.32773527317312445
Merzenhausen,2024-03-02 21:00:00,test,0.309,1,,stacking,0.3265740021244596
Merzenhausen,2024-03-02 22:00:00,test,0.311,1,,stacking,0.32561639447774393
Merzenhausen,2024-03-02 23:00:00,test,0.311,1,,stacking,0.3264524713970208
Merzenhausen,2024-03-03 00:00:00,test,0.308,1,,stacking,0.32870271708528537
Merzenhausen,2024-03-03 01:00:00,test,0.308,1,,stacking,0.32910698994069393
Merzenhausen,2024-03-03 02:00:00,test,0.309,1,,stacking,0.3290063317919552
Merzenhausen,2024-03-03 03:00:00,test,0.31,1,,stacking,0.3291499648913024
Merzenhausen,2024-03-03 04:00:00,test,0.31,1,,stacking,0.32985102615970485
Merzenhausen,2024-03-03 05:00:00,test,0.31,1,,stacking,0.32854801895485203
Merzenhausen,2024-03-03 06:00:00,test,0.31,1,,stacking,0.327250067442537
Merzenhausen,2024-03-03 07:00:00,test,0.308,1,,stacking,0.32692033588080927
Merzenhausen,2024-03-03 08:00:00,test,0.308,1,,stacking,0.3270743681792768
Merzenhausen,2024-03-03 09:00:00,test,0.308,1,,stacking,0.3256159802849079
Merzenhausen,2024-03-03 10:00:00,test,0.308,1,,stacking,0.3240399205275893
Merzenhausen,2024-03-03 11:00:00,test,0.308,1,,stacking,0.32352007159611307
Merzenhausen,2024-03-03 12:00:00,test,0.308,1,,stacking,0.3245297642105062
Merzenhausen,2024-03-03 13:00:00,test,0.308,1,,stacking,0.3234442790293565
Merzenhausen,2024-03-03 14:00:00,test,0.308,1,,stacking,0.324057516327274
Merzenhausen,2024-03-03 15:00:00,test,0.308,1,,stacking,0.3246299920124813
Merzenhausen,2024-03-03 16:00:00,test,0.308,1,,stacking,0.3224464134949996
Merzenhausen,2024-03-03 17:00:00,test,0.309,1,,stacking,0.3223359815980647
Merzenhausen,2024-03-03 18:00:00,test,0.307,1,,stacking,0.32285611717353835
Merzenhausen,2024-03-03 19:00:00,test,0.309,1,,stacking,0.32255936617649106
Merzenhausen,2024-03-03 20:00:00,test,0.306,1,,stacking,0.32213726581746954
Merzenhausen,2024-03-03 21:00:00,test,0.308,1,,stacking,0.3214206718337238
Merzenhausen,2024-03-03 22:00:00,test,0.308,1,,stacking,0.3203843131930419
Merzenhausen,2024-03-03 23:00:00,test,0.308,1,,stacking,0.3200796960650723
Merzenhausen,2024-03-04 00:00:00,test,0.3125,1,,stacking,0.3171189365540926
Merzenhausen,2024-03-04 01:00:00,test,0.308,1,,stacking,0.3175110388307587
Merzenhausen,2024-03-04 02:00:00,test,0.306,1,,stacking,0.3147303335359082
Merzenhausen,2024-03-04 03:00:00,test,0.306,1,,stacking,0.31379173849269815
Merzenhausen,2024-03-04 04:00:00,test,0.306,1,,stacking,0.31318123761297106
Merzenhausen,2024-03-04 05:00:00,test,0.306,1,,stacking,0.31313180185564105
Merzenhausen,2024-03-04 06:00:00,test,0.306,1,,stacking,0.3127498072944759
Merzenhausen,2024-03-04 07:00:00,test,0.307,1,,stacking,0.31264934081544804
Merzenhausen,2024-03-04 08:00:00,test,0.304,1,,stacking,0.3106244535899194
Merzenhausen,2024-03-04 09:00:00,test,0.304,1,,stacking,0.31003266016611913
Merzenhausen,2024-03-04 10:00:00,test,0.306,1,,stacking,0.3099334559517028
Merzenhausen,2024-03-04 11:00:00,test,0.304,1,,stacking,0.311175001234405
Merzenhausen,2024-03-04 12:00:00,test,0.306,1,,stacking,0.31252355419753375
Merzenhausen,2024-03-04 13:00:00,test,0.304,1,,stacking,0.31283511928171776
Merzenhausen,2024-03-04 14:00:00,test,0.307,1,,stacking,0.310889088447233
Merzenhausen,2024-03-04 15:00:00,test,0.306,1,,stacking,0.3113689571381474
Merzenhausen,2024-03-04 16:00:00,test,0.306,1,,stacking,0.31436891988896587
Merzenhausen,2024-03-04 17:00:00,test,0.306,1,,stacking,0.31420526361155854
Merzenhausen,2024-03-04 18:00:00,test,0.304,1,,stacking,0.31398021472296794
Merzenhausen,2024-03-04 19:00:00,test,0.304,1,,stacking,0.31439558326374656
Merzenhausen,2024-03-04 20:00:00,test,0.304,1,,stacking,0.31369775508238645
Merzenhausen,2024-03-04 21:00:00,test,0.306,1,,stacking,0.31353080648207465
Merzenhausen,2024-03-04 22:00:00,test,0.303,1,,stacking,0.31163360355799996
Merzenhausen,2024-03-04 23:00:00,test,0.304,1,,stacking,0.3130666060723042
Merzenhausen,2024-03-05 00:00:00,test,0.304,1,,stacking,0.31028199943856105
Merzenhausen,2024-03-05 01:00:00,test,0.305,1,,stacking,0.31056062097845455
Merzenhausen,2024-03-05 02:00:00,test,0.306,1,,stacking,0.31057622575503363
Merzenhausen,2024-03-05 03:00:00,test,0.306,1,,stacking,0.3096322794662861
Merzenhausen,2024-03-05 04:00:00,test,0.303,1,,stacking,0.31051090388401753
Merzenhausen,2024-03-05 05:00:00,test,0.303,1,,stacking,0.3112874816499825
Merzenhausen,2024-03-05 06:00:00,test,0.304,1,,stacking,0.31145654915428994
Merzenhausen,2024-03-05 07:00:00,test,0.304,1,,stacking,0.3118797233829604
Merzenhausen,2024-03-05 08:00:00,test,0.303,1,,stacking,0.31481568737147775
Merzenhausen,2024-03-05 09:00:00,test,0.303,1,,stacking,0.31840736559986876
Merzenhausen,2024-03-05 10:00:00,test,0.303,1,,stacking,0.3152247687796758
Merzenhausen,2024-03-05 11:00:00,test,0.303,1,,stacking,0.31286553300856534
Merzenhausen,2024-03-05 12:00:00,test,0.303,1,,stacking,0.31561746597886897
Merzenhausen,2024-03-05 13:00:00,test,0.303,1,,stacking,0.31373788037043226
Merzenhausen,2024-03-05 14:00:00,test,0.303,1,,stacking,0.3140425819108417
Merzenhausen,2024-03-05 15:00:00,test,0.303,1,,stacking,0.314075024121183
Merzenhausen,2024-03-05 16:00:00,test,0.303,1,,stacking,0.3134389766422338
Merzenhausen,2024-03-05 17:00:00,test,0.303,1,,stacking,0.3133165355553967
Merzenhausen,2024-03-05 18:00:00,test,0.304,1,,stacking,0.31293011539601556
Merzenhausen,2024-03-05 19:00:00,test,0.304,1,,stacking,0.31234977485777526
Merzenhausen,2024-03-05 20:00:00,test,0.304,1,,stacking,0.3120735978080718
Merzenhausen,2024-03-05 21:00:00,test,0.302,1,,stacking,0.3123213599907694
Merzenhausen,2024-03-05 22:00:00,test,0.301,1,,stacking,0.31207019870229813
Merzenhausen,2024-03-05 23:00:00,test,0.301,1,,stacking,0.3128857615498618
Merzenhausen,2024-03-06 00:00:00,test,0.302,1,,stacking,0.3124615471073108
Merzenhausen,2024-03-06 01:00:00,test,0.301,1,,stacking,0.3118986795469503
Merzenhausen,2024-03-06 02:00:00,test,0.299,1,,stacking,0.3112297525170764
Merzenhausen,2024-03-06 03:00:00,test,0.301,1,,stacking,0.31075336193499875
Merzenhausen,2024-03-06 04:00:00,test,0.301,1,,stacking,0.3102434971996344
Merzenhausen,2024-03-06 05:00:00,test,0.301,1,,stacking,0.31042169112466456
Merzenhausen,2024-03-06 06:00:00,test,0.301,1,,stacking,0.31204597204288037
Merzenhausen,2024-03-06 07:00:00,test,0.299,1,,stacking,0.3126657130104922
Merzenhausen,2024-03-06 08:00:00,test,0.299,1,,stacking,0.31430956303971697
Merzenhausen,2024-03-06 09:00:00,test,0.299,1,,stacking,0.3122702394578919
Merzenhausen,2024-03-06 10:00:00,test,0.299,1,,stacking,0.3123969664302811
Merzenhausen,2024-03-06 11:00:00,test,0.299,1,,stacking,0.3133525751139785
Merzenhausen,2024-03-06 12:00:00,test,0.297,1,,stacking,0.3139936079635507
Merzenhausen,2024-03-06 13:00:00,test,0.3,1,,stacking,0.3127441815008518
Merzenhausen,2024-03-06 14:00:00,test,0.3,1,,stacking,0.31316811798798155
Merzenhausen,2024-03-06 15:00:00,test,0.297,1,,stacking,0.312420657933202
Merzenhausen,2024-03-06 16:00:00,test,0.297,1,,stacking,0.31313531408726847
Merzenhausen,2024-03-06 17:00:00,test,0.297,1,,stacking,0.31265639270035706
Merzenhausen,2024-03-06 18:00:00,test,0.297,1,,stacking,0.3123800286065006
Merzenhausen,2024-03-06 19:00:00,test,0.299,1,,stacking,0.31206916365988757
Merzenhausen,2024-03-06 20:00:00,test,0.299,1,,stacking,0.3118791560469836
Merzenhausen,2024-03-06 21:00:00,test,0.299,1,,stacking,0.3121773677177428
Merzenhausen,2024-03-06 22:00:00,test,0.297,1,,stacking,0.31045481198388664
Merzenhausen,2024-03-06 23:00:00,test,0.297,1,,stacking,0.309846585828036
Merzenhausen,2024-03-07 00:00:00,test,0.297,1,,stacking,0.31169341761362973
Merzenhausen,2024-03-07 01:00:00,test,0.297,1,,stacking,0.3109927555928809
Merzenhausen,2024-03-07 02:00:00,test,0.295,1,,stacking,0.3120503302666982
Merzenhausen,2024-03-07 03:00:00,test,0.296,1,,stacking,0.30992542018032
Merzenhausen,2024-03-07 04:00:00,test,0.296,1,,stacking,0.30807121591626424
Merzenhausen,2024-03-07 05:00:00,test,0.296,1,,stacking,0.30652428654431657
Merzenhausen,2024-03-07 06:00:00,test,0.297,1,,stacking,0.30709017322265064
Merzenhausen,2024-03-07 07:00:00,test,0.294,1,,stacking,0.3082848541606523
Merzenhausen,2024-03-07 08:00:00,test,0.295,1,,stacking,0.3073688271691618
Merzenhausen,2024-03-07 09:00:00,test,0.296,1,,stacking,0.3061224412139722
Merzenhausen,2024-03-07 10:00:00,test,0.295,1,,stacking,0.30690625958314244
Merzenhausen,2024-03-07 11:00:00,test,0.295,1,,stacking,0.3074218924113835
Merzenhausen,2024-03-07 12:00:00,test,0.295,1,,stacking,0.30833358726575205
Merzenhausen,2024-03-07 13:00:00,test,0.295,1,,stacking,0.30639717295246377
Merzenhausen,2024-03-07 14:00:00,test,0.295,1,,stacking,0.30638521276202363
Merzenhausen,2024-03-07 15:00:00,test,0.295,1,,stacking,0.3067474243695236
Merzenhausen,2024-03-07 16:00:00,test,0.294,1,,stacking,0.30656171051805164
Merzenhausen,2024-03-07 17:00:00,test,0.295,1,,stacking,0.30612750834259095
Merzenhausen,2024-03-07 18:00:00,test,0.295,1,,stacking,0.3082701865051763
Merzenhausen,2024-03-07 19:00:00,test,0.295,1,,stacking,0.30970442492766614
Merzenhausen,2024-03-07 20:00:00,test,0.295,1,,stacking,0.3093322372602244
Merzenhausen,2024-03-07 21:00:00,test,0.295,1,,stacking,0.30755479816090003
Merzenhausen,2024-03-07 22:00:00,test,0.294,1,,stacking,0.3064424684982747
Merzenhausen,2024-03-07 23:00:00,test,0.294,1,,stacking,0.3052222566545475
Merzenhausen,2024-03-08 00:00:00,test,0.294,1,,stacking,0.30418901923416075
Merzenhausen,2024-03-08 01:00:00,test,0.294,1,,stacking,0.30404373111127303
Merzenhausen,2024-03-08 02:00:00,test,0.294,1,,stacking,0.30114268331636085
Merzenhausen,2024-03-08 03:00:00,test,0.294,1,,stacking,0.3017704864305761
Merzenhausen,2024-03-08 04:00:00,test,0.292,1,,stacking,0.30169972839165543
Merzenhausen,2024-03-08 05:00:00,test,0.292,1,,stacking,0.3014620243537252
Merzenhausen,2024-03-08 06:00:00,test,0.292,1,,stacking,0.30157966661308466
Merzenhausen,2024-03-08 07:00:00,test,0.292,1,,stacking,0.3005460028389074
Merzenhausen,2024-03-08 08:00:00,test,0.293,1,,stacking,0.3008445020551979
Merzenhausen,2024-03-08 09:00:00,test,0.293,1,,stacking,0.30092000046970707
Merzenhausen,2024-03-08 10:00:00,test,0.292,1,,stacking,0.3002267857627333
Merzenhausen,2024-03-08 11:00:00,test,0.292,1,,stacking,0.3008657556820988
Merzenhausen,2024-03-08 12:00:00,test,0.29,1,,stacking,0.29902577780800715
Merzenhausen,2024-03-08 13:00:00,test,0.291,1,,stacking,0.3009455226259484
Merzenhausen,2024-03-08 14:00:00,test,0.29,1,,stacking,0.3034896402887892
Merzenhausen,2024-03-08 15:00:00,test,0.29,1,,stacking,0.30046499571827046
Merzenhausen,2024-03-08 16:00:00,test,0.29,1,,stacking,0.299878337610732
Merzenhausen,2024-03-08 17:00:00,test,0.29,1,,stacking,0.3002476381761327
Merzenhausen,2024-03-08 18:00:00,test,0.29,1,,stacking,0.3000080426732009
Merzenhausen,2024-03-08 19:00:00,test,0.29,1,,stacking,0.3022646838073361
Merzenhausen,2024-03-08 20:00:00,test,0.291,1,,stacking,0.3046257360128779
Merzenhausen,2024-03-08 21:00:00,test,0.292,1,,stacking,0.30450402326511683
Merzenhausen,2024-03-08 22:00:00,test,0.292,1,,stacking,0.3013428617249039
Merzenhausen,2024-03-08 23:00:00,test,0.29,1,,stacking,0.30017030848339177
Merzenhausen,2024-03-09 00:00:00,test,0.29,1,,stacking,0.30165552051919065
Merzenhausen,2024-03-09 01:00:00,test,0.293,1,,stacking,0.3013086283092313
Merzenhausen,2024-03-09 02:00:00,test,0.301,1,,stacking,0.301224470504244
Merzenhausen,2024-03-09 03:00:00,test,0.311,1,,stacking,0.3001658042574008
Merzenhausen,2024-03-09 04:00:00,test,0.32,1,,stacking,0.30017439676620206
Merzenhausen,2024-03-09 05:00:00,test,0.337,1,,stacking,0.3054274130705639
Merzenhausen,2024-03-09 09:00:00,test,0.343,1,,stacking,0.3102379100869597
Merzenhausen,2024-03-09 12:00:00,test,0.345,1,,stacking,0.30987907556388694
Merzenhausen,2024-03-09 13:00:00,test,0.345,1,,stacking,0.3091679338107575
Merzenhausen,2024-03-09 14:00:00,test,0.347,1,,stacking,0.3087675150468111
Merzenhausen,2024-03-09 15:00:00,test,0.347,1,,stacking,0.30861617901978244
Merzenhausen,2024-03-09 17:00:00,test,0.349,1,,stacking,0.3088871873690162
Merzenhausen,2024-03-09 18:00:00,test,0.345,1,,stacking,0.3082079296025153
Merzenhausen,2024-03-09 19:00:00,test,0.345,1,,stacking,0.3082279507283746
Merzenhausen,2024-03-09 23:00:00,test,0.343,1,,stacking,0.30905428159011533
Merzenhausen,2024-03-10 00:00:00,test,0.345,1,,stacking,0.31068564127350207
Merzenhausen,2024-03-10 01:00:00,test,0.343,1,,stacking,0.31035604070107153
Merzenhausen,2024-03-10 02:00:00,test,0.343,1,,stacking,0.30851901268240217
Merzenhausen,2024-03-10 03:00:00,test,0.345,1,,stacking,0.308800220806459
Merzenhausen,2024-03-10 04:00:00,test,0.345,1,,stacking,0.3061690897766314
Merzenhausen,2024-03-10 05:00:00,test,0.345,1,,stacking,0.3058719876803108
Merzenhausen,2024-03-10 08:00:00,test,0.342,1,,stacking,0.3027123715070738
Merzenhausen,2024-03-10 09:00:00,test,0.342,1,,stacking,0.30225743368856756
Merzenhausen,2024-03-10 10:00:00,test,0.342,1,,stacking,0.300628926298976
Merzenhausen,2024-03-10 11:00:00,test,0.342,1,,stacking,0.300967623961379
Merzenhausen,2024-03-10 12:00:00,test,0.339,1,,stacking,0.3005924306867076
Merzenhausen,2024-03-10 13:00:00,test,0.339,1,,stacking,0.3003480579724453
Merzenhausen,2024-03-10 14:00:00,test,0.339,1,,stacking,0.2996820424739348
Merzenhausen,2024-03-10 15:00:00,test,0.339,1,,stacking,0.29881532727393983
Merzenhausen,2024-03-10 16:00:00,test,0.339,1,,stacking,0.2989910645283044
Merzenhausen,2024-03-10 17:00:00,test,0.336,1,,stacking,0.2987323279608764
Merzenhausen,2024-03-10 18:00:00,test,0.336,1,,stacking,0.2991567053560322
Merzenhausen,2024-03-10 19:00:00,test,0.339,1,,stacking,0.2983820822102231
Merzenhausen,2024-03-10 20:00:00,test,0.342,1,,stacking,0.3014400110000808
Merzenhausen,2024-03-10 21:00:00,test,0.343,1,,stacking,0.301266086123787
Merzenhausen,2024-03-10 22:00:00,test,0.3495,1,,stacking,0.3002081569110796
Merzenhausen,2024-03-10 23:00:00,test,0.351,1,,stacking,0.30684484520020466
Merzenhausen,2024-03-11 00:00:00,test,0.351,1,,stacking,0.31461060922172446
Merzenhausen,2024-03-11 01:00:00,test,0.3535,1,,stacking,0.3180563642357218
Merzenhausen,2024-03-11 02:00:00,test,0.351,1,,stacking,0.32142179876484867
Merzenhausen,2024-03-11 03:00:00,test,0.3565,1,,stacking,0.32116973120194425
Merzenhausen,2024-03-11 05:00:00,test,0.351,1,,stacking,0.33041038284389357
Merzenhausen,2024-03-11 12:00:00,test,0.345,1,,stacking,0.33405784537714117
Merzenhausen,2024-03-11 15:00:00,test,0.342,1,,stacking,0.33409990547201807
Merzenhausen,2024-03-11 16:00:00,test,0.345,1,,stacking,0.33414423657202635
Merzenhausen,2024-03-11 17:00:00,test,0.342,1,,stacking,0.3338473037642399
Merzenhausen,2024-03-11 18:00:00,test,0.339,1,,stacking,0.33503192370942986
Merzenhausen,2024-03-11 19:00:00,test,0.339,1,,stacking,0.3335781355004803
Merzenhausen,2024-03-11 20:00:00,test,0.339,1,,stacking,0.33249893153222
Merzenhausen,2024-03-11 21:00:00,test,0.336,1,,stacking,0.3339909264079674
Merzenhausen,2024-03-11 22:00:00,test,0.339,1,,stacking,0.3314951096311931
Merzenhausen,2024-03-11 23:00:00,test,0.336,1,,stacking,0.33009646497682316
Merzenhausen,2024-03-12 00:00:00,test,0.336,1,,stacking,0.33205273503267557
Merzenhausen,2024-03-12 01:00:00,test,0.339,1,,stacking,0.331481670259505
Merzenhausen,2024-03-12 02:00:00,test,0.335,1,,stacking,0.33050342392753845
Merzenhausen,2024-03-12 03:00:00,test,0.336,1,,stacking,0.3357674430898489
Merzenhausen,2024-03-12 04:00:00,test,0.335,1,,stacking,0.3358630125220459
Merzenhausen,2024-03-12 05:00:00,test,0.336,1,,stacking,0.33411509083629903
Merzenhausen,2024-03-12 06:00:00,test,0.333,1,,stacking,0.3343730058079366
Merzenhausen,2024-03-12 07:00:00,test,0.333,1,,stacking,0.3343511149588706
Merzenhausen,2024-03-12 08:00:00,test,0.333,1,,stacking,0.3315455967155964
Merzenhausen,2024-03-12 09:00:00,test,0.333,1,,stacking,0.33122853189361645
Merzenhausen,2024-03-12 10:00:00,test,0.333,1,,stacking,0.33170041364714026
Merzenhausen,2024-03-12 11:00:00,test,0.333,1,,stacking,0.33168568978814283
Merzenhausen,2024-03-12 12:00:00,test,0.333,1,,stacking,0.3293764070188871
Merzenhausen,2024-03-12 13:00:00,test,0.327,1,,stacking,0.33136479963581933
Merzenhausen,2024-03-12 14:00:00,test,0.326,1,,stacking,0.3292992787069844
Merzenhausen,2024-03-12 15:00:00,test,0.329,1,,stacking,0.3297701892116427
Merzenhausen,2024-03-12 16:00:00,test,0.329,1,,stacking,0.33037258930903446
Merzenhausen,2024-03-12 17:00:00,test,0.329,1,,stacking,0.32864366651328986
Merzenhausen,2024-03-12 18:00:00,test,0.33,1,,stacking,0.32764407016542696
Merzenhausen,2024-03-12 19:00:00,test,0.326,1,,stacking,0.32919720780076106
Merzenhausen,2024-03-12 20:00:00,test,0.328,1,,stacking,0.3322558204295225
Merzenhausen,2024-03-12 21:00:00,test,0.33,1,,stacking,0.3330983780216465
Merzenhausen,2024-03-12 22:00:00,test,0.326,1,,stacking,0.3343879644073316
Merzenhausen,2024-03-12 23:00:00,test,0.327,1,,stacking,0.33287100961303834
Merzenhausen,2024-03-13 00:00:00,test,0.324,1,,stacking,0.3323955199456429
Merzenhausen,2024-03-13 01:00:00,test,0.327,1,,stacking,0.3340170912039601
Merzenhausen,2024-03-13 02:00:00,test,0.328,1,,stacking,0.33406952312736377
Merzenhausen,2024-03-13 03:00:00,test,0.324,1,,stacking,0.33673270406503963
Merzenhausen,2024-03-13 04:00:00,test,0.325,1,,stacking,0.33788223477611307
Merzenhausen,2024-03-13 05:00:00,test,0.325,1,,stacking,0.33922079415185263
Merzenhausen,2024-03-13 06:00:00,test,0.324,1,,stacking,0.3373809224391797
Merzenhausen,2024-03-13 07:00:00,test,0.322,1,,stacking,0.33630888203251114
Merzenhausen,2024-03-13 08:00:00,test,0.322,1,,stacking,0.3356636797587207
Merzenhausen,2024-03-13 09:00:00,test,0.325,1,,stacking,0.3354350967132912
Merzenhausen,2024-03-13 10:00:00,test,0.325,1,,stacking,0.33556436096377185
Merzenhausen,2024-03-13 11:00:00,test,0.325,1,,stacking,0.3361349932748207
Merzenhausen,2024-03-13 12:00:00,test,0.322,1,,stacking,0.3354604518753126
Merzenhausen,2024-03-13 13:00:00,test,0.323,1,,stacking,0.33450324341949933
Merzenhausen,2024-03-13 14:00:00,test,0.323,1,,stacking,0.33526437214978727
Merzenhausen,2024-03-13 15:00:00,test,0.322,1,,stacking,0.33462671988294246
Merzenhausen,2024-03-13 16:00:00,test,0.325,1,,stacking,0.33531635879125476
Merzenhausen,2024-03-13 17:00:00,test,0.3235,1,,stacking,0.33457889815105013
Merzenhausen,2024-03-13 18:00:00,test,0.343,1,,stacking,0.3361499687286008
Merzenhausen,2024-03-13 19:00:00,test,0.333,1,,stacking,0.33514450975950627
Merzenhausen,2024-03-13 20:00:00,test,0.336,1,,stacking,0.33633898918225374
Merzenhausen,2024-03-13 21:00:00,test,0.336,1,,stacking,0.33335804534433017
Merzenhausen,2024-03-13 22:00:00,test,0.336,1,,stacking,0.3362118966803083
Merzenhausen,2024-03-13 23:00:00,test,0.339,1,,stacking,0.33428441884251753
Merzenhausen,2024-03-14 01:00:00,test,0.337,1,,stacking,0.33571893947157166
Merzenhausen,2024-03-14 02:00:00,test,0.336,1,,stacking,0.33361183134110833
Merzenhausen,2024-03-14 03:00:00,test,0.333,1,,stacking,0.33143248303764705
Merzenhausen,2024-03-14 04:00:00,test,0.333,1,,stacking,0.33169022968276834
Merzenhausen,2024-03-14 06:00:00,test,0.333,1,,stacking,0.3312600074347926
Merzenhausen,2024-03-14 08:00:00,test,0.34149998,1,,stacking,0.329706973184166
Merzenhausen,2024-03-14 09:00:00,test,0.333,1,,stacking,0.329042618441207
Merzenhausen,2024-03-14 10:00:00,test,0.335,1,,stacking,0.32855032270721796
Merzenhausen,2024-03-14 11:00:00,test,0.335,1,,stacking,0.327044204592238
Merzenhausen,2024-03-14 12:00:00,test,0.335,1,,stacking,0.32702638644658405
Merzenhausen,2024-03-14 14:00:00,test,0.333,1,,stacking,0.3281631003454777
Merzenhausen,2024-03-14 15:00:00,test,0.33249998,1,,stacking,0.3276204145847286
Merzenhausen,2024-03-14 16:00:00,test,0.34149998,1,,stacking,0.32754557558410535
Merzenhausen,2024-03-14 17:00:00,test,0.345,1,,stacking,0.32844233336077555
Merzenhausen,2024-03-14 18:00:00,test,0.332,1,,stacking,0.3294690559990522
Merzenhausen,2024-03-14 19:00:00,test,0.329,1,,stacking,0.3290886576845702
Merzenhausen,2024-03-14 20:00:00,test,0.33,1,,stacking,0.32887703684863523
Merzenhausen,2024-03-14 21:00:00,test,0.332,1,,stacking,0.32917916899463134
Merzenhausen,2024-03-14 22:00:00,test,0.333,1,,stacking,0.3293384463919008
Merzenhausen,2024-03-14 23:00:00,test,0.33,1,,stacking,0.32877334869404573
Merzenhausen,2024-03-15 00:00:00,test,0.331,1,,stacking,0.3275470484909725
Merzenhausen,2024-03-15 01:00:00,test,0.327,1,,stacking,0.3288414901019975
Merzenhausen,2024-03-15 02:00:00,test,0.33,1,,stacking,0.329753957627674
Merzenhausen,2024-03-15 03:00:00,test,0.33,1,,stacking,0.32931355486360525
Merzenhausen,2024-03-15 04:00:00,test,0.331,1,,stacking,0.3292931690814907
Merzenhausen,2024-03-15 05:00:00,test,0.327,1,,stacking,0.32843859321852786
Merzenhausen,2024-03-15 06:00:00,test,0.328,1,,stacking,0.32852110439675797
Merzenhausen,2024-03-15 07:00:00,test,0.33,1,,stacking,0.3232246743013728
Merzenhausen,2024-03-15 08:00:00,test,0.326,1,,stacking,0.31848383946012787
Merzenhausen,2024-03-15 09:00:00,test,0.327,1,,stacking,0.32311140386031745
Merzenhausen,2024-03-15 10:00:00,test,0.327,1,,stacking,0.32556601417687975
Merzenhausen,2024-03-15 11:00:00,test,0.327,1,,stacking,0.3276123594574644
Merzenhausen,2024-03-15 12:00:00,test,0.327,1,,stacking,0.3224670382763512
Merzenhausen,2024-03-15 13:00:00,test,0.328,1,,stacking,0.32244348213064267
Merzenhausen,2024-03-15 14:00:00,test,0.328,1,,stacking,0.3270315156221332
Merzenhausen,2024-03-15 15:00:00,test,0.324,1,,stacking,0.32246239298844476
Merzenhausen,2024-03-15 16:00:00,test,0.324,1,,stacking,0.3292311561259618
Merzenhausen,2024-03-15 17:00:00,test,0.324,1,,stacking,0.32822703318152124
Merzenhausen,2024-03-15 18:00:00,test,0.324,1,,stacking,0.33101327768685823
Merzenhausen,2024-03-15 19:00:00,test,0.325,1,,stacking,0.3290825435001569
Merzenhausen,2024-03-15 20:00:00,test,0.321,1,,stacking,0.3278485958113562
Merzenhausen,2024-03-15 21:00:00,test,0.322,1,,stacking,0.3275586560848699
Merzenhausen,2024-03-15 22:00:00,test,0.32,1,,stacking,0.32783655330990336
Merzenhausen,2024-03-15 23:00:00,test,0.321,1,,stacking,0.3324416648109309
Merzenhausen,2024-03-16 00:00:00,test,0.321,1,,stacking,0.33436895832601704
Merzenhausen,2024-03-16 01:00:00,test,0.322,1,,stacking,0.33399900028531965
Merzenhausen,2024-03-16 02:00:00,test,0.324,1,,stacking,0.3339334607202109
Merzenhausen,2024-03-16 03:00:00,test,0.324,1,,stacking,0.3344381767259946
Merzenhausen,2024-03-16 04:00:00,test,0.318,1,,stacking,0.332768589900297
Merzenhausen,2024-03-16 05:00:00,test,0.321,1,,stacking,0.3344731325820678
Merzenhausen,2024-03-16 06:00:00,test,0.321,1,,stacking,0.33440577398216337
Merzenhausen,2024-03-16 07:00:00,test,0.321,1,,stacking,0.3340938988253815
Merzenhausen,2024-03-16 08:00:00,test,0.322,1,,stacking,0.33245696197174684
Merzenhausen,2024-03-16 09:00:00,test,0.319,1,,stacking,0.32951559469566866
Merzenhausen,2024-03-16 10:00:00,test,0.319,1,,stacking,0.32828947813840453
Merzenhausen,2024-03-16 11:00:00,test,0.319,1,,stacking,0.3287096337244361
Merzenhausen,2024-03-16 12:00:00,test,0.319,1,,stacking,0.3287022879129356
Merzenhausen,2024-03-16 13:00:00,test,0.319,1,,stacking,0.3294177053362749
Merzenhausen,2024-03-16 14:00:00,test,0.319,1,,stacking,0.32911197204022025
Merzenhausen,2024-03-16 15:00:00,test,0.318,1,,stacking,0.32969171526487884
Merzenhausen,2024-03-16 16:00:00,test,0.315,1,,stacking,0.3318393082791064
Merzenhausen,2024-03-16 17:00:00,test,0.315,1,,stacking,0.3329787136293376
Merzenhausen,2024-03-16 18:00:00,test,0.319,1,,stacking,0.3300472676548625
Merzenhausen,2024-03-16 19:00:00,test,0.319,1,,stacking,0.3282242074089966
Merzenhausen,2024-03-16 20:00:00,test,0.315,1,,stacking,0.3278797248803582
Merzenhausen,2024-03-16 21:00:00,test,0.316,1,,stacking,0.3281642621643759
Merzenhausen,2024-03-16 22:00:00,test,0.313,1,,stacking,0.3276699105682077
Merzenhausen,2024-03-16 23:00:00,test,0.316,1,,stacking,0.3282572920656104
Merzenhausen,2024-03-17 00:00:00,test,0.317,1,,stacking,0.32662156181664936
Merzenhausen,2024-03-17 01:00:00,test,0.313,1,,stacking,0.32682085972852576
Merzenhausen,2024-03-17 02:00:00,test,0.316,1,,stacking,0.3265560929662818
Merzenhausen,2024-03-17 03:00:00,test,0.316,1,,stacking,0.32626013451633834
Merzenhausen,2024-03-17 04:00:00,test,0.314,1,,stacking,0.32624617634491704
Merzenhausen,2024-03-17 05:00:00,test,0.313,1,,stacking,0.3267446271430674
Merzenhausen,2024-03-17 06:00:00,test,0.313,1,,stacking,0.3270768416255893
Merzenhausen,2024-03-17 07:00:00,test,0.314,1,,stacking,0.3278223130871169
Merzenhausen,2024-03-17 08:00:00,test,0.314,1,,stacking,0.3285654214410897
Merzenhausen,2024-03-17 09:00:00,test,0.311,1,,stacking,0.328740755150798
Merzenhausen,2024-03-17 10:00:00,test,0.313,1,,stacking,0.329652521332464
Merzenhausen,2024-03-17 11:00:00,test,0.311,1,,stacking,0.3297865427344334
Merzenhausen,2024-03-17 12:00:00,test,0.311,1,,stacking,0.3301214780495163
Merzenhausen,2024-03-17 13:00:00,test,0.311,1,,stacking,0.3299856033264363
Merzenhausen,2024-03-17 14:00:00,test,0.31,1,,stacking,0.33018374685271296
Merzenhausen,2024-03-17 15:00:00,test,0.311,1,,stacking,0.33059888325383535
Merzenhausen,2024-03-17 16:00:00,test,0.311,1,,stacking,0.3300492400027239
Merzenhausen,2024-03-17 17:00:00,test,0.311,1,,stacking,0.33012083720608865
Merzenhausen,2024-03-17 18:00:00,test,0.311,1,,stacking,0.33010022195860383
Merzenhausen,2024-03-17 19:00:00,test,0.31,1,,stacking,0.32974010807702675
Merzenhausen,2024-03-17 20:00:00,test,0.311,1,,stacking,0.3242460291327202
Merzenhausen,2024-03-17 21:00:00,test,0.308,1,,stacking,0.323464481665817
Merzenhausen,2024-03-17 22:00:00,test,0.31,1,,stacking,0.32214205106962174
Merzenhausen,2024-03-17 23:00:00,test,0.311,1,,stacking,0.3239145558189018
Merzenhausen,2024-03-18 00:00:00,test,0.308,1,,stacking,0.3243025587202338
Merzenhausen,2024-03-18 01:00:00,test,0.309,1,,stacking,0.32431711337282937
Merzenhausen,2024-03-18 02:00:00,test,0.309,1,,stacking,0.32703325187341575
Merzenhausen,2024-03-18 03:00:00,test,0.305,1,,stacking,0.3290260614213042
Merzenhausen,2024-03-18 04:00:00,test,0.306,1,,stacking,0.32195799095539074
Merzenhausen,2024-03-18 05:00:00,test,0.309,1,,stacking,0.32168883414818683
Merzenhausen,2024-03-18 06:00:00,test,0.309,1,,stacking,0.32380740823849447
Merzenhausen,2024-03-18 07:00:00,test,0.306,1,,stacking,0.32401226716211834
Merzenhausen,2024-03-18 08:00:00,test,0.306,1,,stacking,0.32466794997095716
Merzenhausen,2024-03-18 09:00:00,test,0.306,1,,stacking,0.3243095764255265
Merzenhausen,2024-03-18 10:00:00,test,0.306,1,,stacking,0.3240184290996232
Merzenhausen,2024-03-18 11:00:00,test,0.305,1,,stacking,0.3244993687084937
Merzenhausen,2024-03-18 12:00:00,test,0.305,1,,stacking,0.32475009367679203
Merzenhausen,2024-03-18 13:00:00,test,0.305,1,,stacking,0.323760052032983
Merzenhausen,2024-03-18 14:00:00,test,0.305,1,,stacking,0.324066931952961
Merzenhausen,2024-03-18 15:00:00,test,0.302,1,,stacking,0.3241638297835179
Merzenhausen,2024-03-18 16:00:00,test,0.304,1,,stacking,0.32203285310004454
Merzenhausen,2024-03-18 17:00:00,test,0.305,1,,stacking,0.32149797965365756
Merzenhausen,2024-03-18 18:00:00,test,0.305,1,,stacking,0.3244116331983893
Merzenhausen,2024-03-18 19:00:00,test,0.302,1,,stacking,0.3236094081422431
Merzenhausen,2024-03-18 20:00:00,test,0.302,1,,stacking,0.322093958166756
Merzenhausen,2024-03-18 21:00:00,test,0.306,1,,stacking,0.3204569305067917
Merzenhausen,2024-03-18 22:00:00,test,0.302,1,,stacking,0.31789150547344813
Merzenhausen,2024-03-18 23:00:00,test,0.303,1,,stacking,0.3215820868590062
Merzenhausen,2024-03-19 00:00:00,test,0.303,1,,stacking,0.3203982987955631
Merzenhausen,2024-03-19 01:00:00,test,0.303,1,,stacking,0.31674693366870466
Merzenhausen,2024-03-19 02:00:00,test,0.304,1,,stacking,0.3179475955332118
Merzenhausen,2024-03-19 03:00:00,test,0.301,1,,stacking,0.3180124730019362
Merzenhausen,2024-03-19 04:00:00,test,0.301,1,,stacking,0.31378077815401867
Merzenhausen,2024-03-19 05:00:00,test,0.301,1,,stacking,0.3144234210360091
Merzenhausen,2024-03-19 06:00:00,test,0.301,1,,stacking,0.3148781245665006
Merzenhausen,2024-03-19 07:00:00,test,0.299,1,,stacking,0.3143368479454736
Merzenhausen,2024-03-19 08:00:00,test,0.301,1,,stacking,0.31469949044059375
Merzenhausen,2024-03-19 09:00:00,test,0.301,1,,stacking,0.31457180910299215
Merzenhausen,2024-03-19 10:00:00,test,0.301,1,,stacking,0.3151927091964226
Merzenhausen,2024-03-19 11:00:00,test,0.302,1,,stacking,0.31611578976814203
Merzenhausen,2024-03-19 12:00:00,test,0.302,1,,stacking,0.31461177445496524
Merzenhausen,2024-03-19 13:00:00,test,0.301,1,,stacking,0.31416321455676993
Merzenhausen,2024-03-19 14:00:00,test,0.301,1,,stacking,0.31523912980278695
Merzenhausen,2024-03-19 15:00:00,test,0.301,1,,stacking,0.3150112525480106
Merzenhausen,2024-03-19 16:00:00,test,0.301,1,,stacking,0.3143203331746445
Merzenhausen,2024-03-19 17:00:00,test,0.298,1,,stacking,0.3145560472957801
Merzenhausen,2024-03-19 18:00:00,test,0.299,1,,stacking,0.31419017710574926
Merzenhausen,2024-03-19 19:00:00,test,0.298,1,,stacking,0.3142442276255555
Merzenhausen,2024-03-19 20:00:00,test,0.299,1,,stacking,0.31504928182235803
Merzenhausen,2024-03-19 21:00:00,test,0.301,1,,stacking,0.3143198538996309
Merzenhausen,2024-03-19 22:00:00,test,0.298,1,,stacking,0.31401135904215793
Merzenhausen,2024-03-19 23:00:00,test,0.298,1,,stacking,0.31426286230878997
Merzenhausen,2024-03-20 00:00:00,test,0.299,1,,stacking,0.31347739850108614
Merzenhausen,2024-03-20 01:00:00,test,0.299,1,,stacking,0.31269318040388744
Merzenhausen,2024-03-20 02:00:00,test,0.299,1,,stacking,0.3133138213050135
Merzenhausen,2024-03-20 03:00:00,test,0.299,1,,stacking,0.3130743260857665
Merzenhausen,2024-03-20 04:00:00,test,0.296,1,,stacking,0.3139785084384779
Merzenhausen,2024-03-20 05:00:00,test,0.296,1,,stacking,0.31477350612492083
Merzenhausen,2024-03-20 06:00:00,test,0.297,1,,stacking,0.3145974997022739
Merzenhausen,2024-03-20 07:00:00,test,0.299,1,,stacking,0.3144248412535683
Merzenhausen,2024-03-20 08:00:00,test,0.3,1,,stacking,0.3157589208952598
Merzenhausen,2024-03-20 09:00:00,test,0.3,1,,stacking,0.3159026124346501
Merzenhausen,2024-03-20 10:00:00,test,0.296,1,,stacking,0.3161297982403232
Merzenhausen,2024-03-20 11:00:00,test,0.296,1,,stacking,0.3159910585513007
Merzenhausen,2024-03-20 12:00:00,test,0.296,1,,stacking,0.31619598959125855
Merzenhausen,2024-03-20 13:00:00,test,0.296,1,,stacking,0.3163458871534946
Merzenhausen,2024-03-20 14:00:00,test,0.293,1,,stacking,0.31640609126683894
Merzenhausen,2024-03-20 15:00:00,test,0.293,1,,stacking,0.3132986785700542
Merzenhausen,2024-03-20 16:00:00,test,0.293,1,,stacking,0.3135035292824217
Merzenhausen,2024-03-20 17:00:00,test,0.294,1,,stacking,0.31565693461318156
Merzenhausen,2024-03-20 18:00:00,test,0.294,1,,stacking,0.31564831556571415
Merzenhausen,2024-03-20 19:00:00,test,0.294,1,,stacking,0.3128494199661936
Merzenhausen,2024-03-20 20:00:00,test,0.294,1,,stacking,0.3107328344515985
Merzenhausen,2024-03-20 21:00:00,test,0.293,1,,stacking,0.31435966878301275
Merzenhausen,2024-03-20 22:00:00,test,0.296,1,,stacking,0.3110753582738967
Merzenhausen,2024-03-20 23:00:00,test,0.301,1,,stacking,0.30893502010729873
Merzenhausen,2024-03-21 00:00:00,test,0.2995,1,,stacking,0.30185857706448144
Merzenhausen,2024-03-21 05:00:00,test,0.331,1,,stacking,0.3024442307560685
Merzenhausen,2024-03-21 06:00:00,test,0.331,1,,stacking,0.30190736970432785
Merzenhausen,2024-03-21 07:00:00,test,0.33,1,,stacking,0.3008671448632362
Merzenhausen,2024-03-21 08:00:00,test,0.33,1,,stacking,0.3022861760621677
Merzenhausen,2024-03-21 09:00:00,test,0.328,1,,stacking,0.3023605035772937
Merzenhausen,2024-03-21 10:00:00,test,0.328,1,,stacking,0.302337645513571
Merzenhausen,2024-03-21 11:00:00,test,0.328,1,,stacking,0.3020973153850807
Merzenhausen,2024-03-21 12:00:00,test,0.328,1,,stacking,0.30268129966070867
Merzenhausen,2024-03-21 13:00:00,test,0.329,1,,stacking,0.3021182402534697
Merzenhausen,2024-03-21 14:00:00,test,0.325,1,,stacking,0.3022066299117434
Merzenhausen,2024-03-21 15:00:00,test,0.3265,1,,stacking,0.3023314446531381
Merzenhausen,2024-03-21 16:00:00,test,0.32599998,1,,stacking,0.3029011691378987
Merzenhausen,2024-03-21 17:00:00,test,0.3345,1,,stacking,0.2985075778850163
Merzenhausen,2024-03-21 18:00:00,test,0.3175,1,,stacking,0.29989936240098597
Merzenhausen,2024-03-21 19:00:00,test,0.325,1,,stacking,0.29771441478999233
Merzenhausen,2024-03-21 20:00:00,test,0.325,1,,stacking,0.29943739332128544
Merzenhausen,2024-03-21 21:00:00,test,0.3315,1,,stacking,0.3015326312323655
Merzenhausen,2024-03-21 22:00:00,test,0.312,1,,stacking,0.29744949872416576
Merzenhausen,2024-03-21 23:00:00,test,0.325,1,,stacking,0.2961977474444198
Merzenhausen,2024-03-22 00:00:00,test,0.325,1,,stacking,0.2974892465120057
Merzenhausen,2024-03-22 01:00:00,test,0.325,1,,stacking,0.2987839100745383
Merzenhausen,2024-03-22 02:00:00,test,0.32700002,1,,stacking,0.2988646746726539
Merzenhausen,2024-03-22 03:00:00,test,0.326,1,,stacking,0.29931741631071984
Merzenhausen,2024-03-22 04:00:00,test,0.325,1,,stacking,0.29567300693860155
Merzenhausen,2024-03-22 05:00:00,test,0.331,1,,stacking,0.2944327497742037
Merzenhausen,2024-03-22 06:00:00,test,0.334,1,,stacking,0.29446789834190484
Merzenhausen,2024-03-22 07:00:00,test,0.334,1,,stacking,0.2975006081027138
Merzenhausen,2024-03-22 08:00:00,test,0.3305,1,,stacking,0.2988941615395563
Merzenhausen,2024-03-22 09:00:00,test,0.334,1,,stacking,0.2989861466591954
Merzenhausen,2024-03-22 10:00:00,test,0.3315,1,,stacking,0.2958494018566136
Merzenhausen,2024-03-22 11:00:00,test,0.332,1,,stacking,0.29475404055408405
Merzenhausen,2024-03-22 12:00:00,test,0.333,1,,stacking,0.29484473677063777
Merzenhausen,2024-03-22 13:00:00,test,0.334,1,,stacking,0.295146790032772
Merzenhausen,2024-03-22 14:00:00,test,0.334,1,,stacking,0.29306952863505736
Merzenhausen,2024-03-22 16:00:00,test,0.331,1,,stacking,0.29109139372684617
Merzenhausen,2024-03-22 17:00:00,test,0.332,1,,stacking,0.29257318921918296
Merzenhausen,2024-03-22 18:00:00,test,0.331,1,,stacking,0.29306024766718924
Merzenhausen,2024-03-22 19:00:00,test,0.331,1,,stacking,0.299784736692956
Merzenhausen,2024-03-22 20:00:00,test,0.3365,1,,stacking,0.3099334653580705
Merzenhausen,2024-03-22 21:00:00,test,0.329,1,,stacking,0.30811434523181114
Merzenhausen,2024-03-22 22:00:00,test,0.329,1,,stacking,0.3072852873404528
Merzenhausen,2024-03-22 23:00:00,test,0.331,1,,stacking,0.30914283921077346
Merzenhausen,2024-03-23 00:00:00,test,0.328,1,,stacking,0.30511547014623475
Merzenhausen,2024-03-30 03:00:00,test,0.294,1,,stacking,0.29735532600016007
Merzenhausen,2024-04-06 07:00:00,test,0.296,1,,stacking,0.3005683580759522
Merzenhausen,2024-04-06 08:00:00,test,0.296,1,,stacking,0.29980651687163146
Merzenhausen,2024-04-06 09:00:00,test,0.295,1,,stacking,0.3022685835494984
Merzenhausen,2024-04-06 10:00:00,test,0.295,1,,stacking,0.29964718024329356
Merzenhausen,2024-04-06 11:00:00,test,0.295,1,,stacking,0.29915766039926706
Merzenhausen,2024-04-06 12:00:00,test,0.296,1,,stacking,0.29978631030037006
Merzenhausen,2024-04-06 13:00:00,test,0.295,1,,stacking,0.299603322326804
Merzenhausen,2024-04-06 14:00:00,test,0.296,1,,stacking,0.29838967941060995
Merzenhausen,2024-04-06 15:00:00,test,0.292,1,,stacking,0.2975158343575893
Merzenhausen,2024-04-06 16:00:00,test,0.292,1,,stacking,0.297635310742115
Merzenhausen,2024-04-06 17:00:00,test,0.292,1,,stacking,0.29750228559031183
Merzenhausen,2024-04-06 18:00:00,test,0.292,1,,stacking,0.29752901445250746
Merzenhausen,2024-04-06 19:00:00,test,0.291,1,,stacking,0.2960441258225348
Merzenhausen,2024-04-06 20:00:00,test,0.292,1,,stacking,0.29501854335056427
Merzenhausen,2024-04-06 21:00:00,test,0.293,1,,stacking,0.29639036511709593
Merzenhausen,2024-04-06 22:00:00,test,0.289,1,,stacking,0.2943886742020818
Merzenhausen,2024-04-06 23:00:00,test,0.289,1,,stacking,0.2939863992423259
Merzenhausen,2024-04-07 00:00:00,test,0.289,1,,stacking,0.2956931014662441
Merzenhausen,2024-04-07 01:00:00,test,0.289,1,,stacking,0.2963678004842633
Merzenhausen,2024-04-07 02:00:00,test,0.292,1,,stacking,0.29678040203912237
Merzenhausen,2024-04-07 03:00:00,test,0.29,1,,stacking,0.29780581435702275
Merzenhausen,2024-04-07 04:00:00,test,0.293,1,,stacking,0.2984218025466589
Merzenhausen,2024-04-07 05:00:00,test,0.289,1,,stacking,0.29629832006007994
Merzenhausen,2024-04-07 06:00:00,test,0.289,1,,stacking,0.2931611113284667
Merzenhausen,2024-04-07 07:00:00,test,0.29,1,,stacking,0.2946180281356703
Merzenhausen,2024-04-07 08:00:00,test,0.29,1,,stacking,0.29192752691007195
Merzenhausen,2024-04-07 09:00:00,test,0.293,1,,stacking,0.2913450625937292
Merzenhausen,2024-04-07 10:00:00,test,0.29,1,,stacking,0.2927643333163926
Merzenhausen,2024-04-07 11:00:00,test,0.291,1,,stacking,0.29361536285949447
Merzenhausen,2024-04-07 12:00:00,test,0.288,1,,stacking,0.29319525661505536
Merzenhausen,2024-04-07 13:00:00,test,0.288,1,,stacking,0.28819529804059524
Merzenhausen,2024-04-07 14:00:00,test,0.289,1,,stacking,0.28735229915755894
Merzenhausen,2024-04-07 15:00:00,test,0.287,1,,stacking,0.28649401696250193
Merzenhausen,2024-04-07 16:00:00,test,0.288,1,,stacking,0.28500686338301334
Merzenhausen,2024-04-07 17:00:00,test,0.285,1,,stacking,0.2834281177163518
Merzenhausen,2024-04-07 18:00:00,test,0.286,1,,stacking,0.281569512551057
Merzenhausen,2024-04-07 19:00:00,test,0.284,1,,stacking,0.2808880065449178
Merzenhausen,2024-04-07 20:00:00,test,0.284,1,,stacking,0.2820796580377134
Merzenhausen,2024-04-07 21:00:00,test,0.284,1,,stacking,0.2860466882848527
Merzenhausen,2025-03-28 13:00:00,test,0.257,1,,stacking,0.2587205699260829
Merzenhausen,2025-03-28 14:00:00,test,0.259,1,,stacking,0.2583119470183918
Merzenhausen,2025-03-28 15:00:00,test,0.261,1,,stacking,0.25881994912468365
Merzenhausen,2025-03-28 16:00:00,test,0.261,1,,stacking,0.25771822070956396
Merzenhausen,2025-03-28 17:00:00,test,0.258,1,,stacking,0.2581788576351348
Merzenhausen,2025-03-28 18:00:00,test,0.259,1,,stacking,0.25763584428269953
Merzenhausen,2025-03-28 19:00:00,test,0.259,1,,stacking,0.2573792010424282
Merzenhausen,2025-03-28 20:00:00,test,0.258,1,,stacking,0.25722241410329233
Merzenhausen,2025-03-28 21:00:00,test,0.256,1,,stacking,0.25663132787264953
Merzenhausen,2025-03-28 22:00:00,test,0.255,1,,stacking,0.2557349664021129
Merzenhausen,2025-03-28 23:00:00,test,0.256,1,,stacking,0.2543071306315875
Merzenhausen,2025-03-29 00:00:00,test,0.255,1,,stacking,0.25370225195038065
Merzenhausen,2025-03-29 01:00:00,test,0.256,1,,stacking,0.25297525095033857
Merzenhausen,2025-03-29 02:00:00,test,0.254,1,,stacking,0.2507119922849335
Merzenhausen,2025-03-29 03:00:00,test,0.252,1,,stacking,0.2501249310798467
Merzenhausen,2025-03-29 04:00:00,test,0.254,1,,stacking,0.2506139754909616
Merzenhausen,2025-03-29 05:00:00,test,0.254,1,,stacking,0.24582615411280279
Merzenhausen,2025-03-29 06:00:00,test,0.254,1,,stacking,0.24713691889638773
Merzenhausen,2025-03-29 07:00:00,test,0.255,1,,stacking,0.24967181987863035
Merzenhausen,2025-03-29 08:00:00,test,0.254,1,,stacking,0.24907613804147288
Merzenhausen,2025-03-29 09:00:00,test,0.254,1,,stacking,0.2501051239128569
Merzenhausen,2025-03-29 10:00:00,test,0.254,1,,stacking,0.24989188625309278
Merzenhausen,2025-03-29 11:00:00,test,0.253,1,,stacking,0.25038128193061826
Merzenhausen,2025-03-29 12:00:00,test,0.257,1,,stacking,0.2532566824741116
Merzenhausen,2025-03-29 13:00:00,test,0.256,1,,stacking,0.2544396764554089
Merzenhausen,2025-03-29 14:00:00,test,0.257,1,,stacking,0.2537115671171742
Merzenhausen,2025-03-29 15:00:00,test,0.261,1,,stacking,0.2570436965664824
Merzenhausen,2025-03-29 16:00:00,test,0.262,1,,stacking,0.2563467167930659
Merzenhausen,2025-03-29 17:00:00,test,0.26,1,,stacking,0.25621054498538215
Merzenhausen,2025-03-29 18:00:00,test,0.256,1,,stacking,0.25602453370624684
Merzenhausen,2025-03-29 19:00:00,test,0.257,1,,stacking,0.2554345177039336
Merzenhausen,2025-03-29 20:00:00,test,0.254,1,,stacking,0.2553523913367958
Merzenhausen,2025-03-29 21:00:00,test,0.255,1,,stacking,0.2536399045567222
Merzenhausen,2025-03-29 22:00:00,test,0.254,1,,stacking,0.25116046018461957
Merzenhausen,2025-03-29 23:00:00,test,0.254,1,,stacking,0.2485517977900108
Merzenhausen,2025-03-30 00:00:00,test,0.251,1,,stacking,0.24884031671758583
Merzenhausen,2025-03-30 01:00:00,test,0.254,1,,stacking,0.24705697557327316
Merzenhausen,2025-03-30 02:00:00,test,0.252,1,,stacking,0.24849838496355475
Merzenhausen,2025-03-30 03:00:00,test,0.252,1,,stacking,0.246809715378757
Merzenhausen,2025-03-30 04:00:00,test,0.255,1,,stacking,0.2462371517076853
Merzenhausen,2025-03-30 05:00:00,test,0.252,1,,stacking,0.24678254823566326
Merzenhausen,2025-03-30 06:00:00,test,0.252,1,,stacking,0.24673409635097754
Merzenhausen,2025-03-30 07:00:00,test,0.252,1,,stacking,0.24937692991984833
Merzenhausen,2025-03-30 08:00:00,test,0.254,1,,stacking,0.25231417433497283
Merzenhausen,2025-03-30 09:00:00,test,0.255,1,,stacking,0.25652598325176057
Merzenhausen,2025-03-30 10:00:00,test,0.254,1,,stacking,0.25543649743129215
Merzenhausen,2025-03-30 11:00:00,test,0.256,1,,stacking,0.2559325897190783
Merzenhausen,2025-03-30 12:00:00,test,0.257,1,,stacking,0.25652220227336653
Merzenhausen,2025-03-30 13:00:00,test,0.258,1,,stacking,0.25623567130512304
Merzenhausen,2025-03-30 14:00:00,test,0.258,1,,stacking,0.26002487650186895
Merzenhausen,2025-03-30 15:00:00,test,0.257,1,,stacking,0.2614086690282003
Merzenhausen,2025-03-30 16:00:00,test,0.257,1,,stacking,0.26194995698947615
Merzenhausen,2025-03-30 17:00:00,test,0.258,1,,stacking,0.2583836118525591
Merzenhausen,2025-03-30 18:00:00,test,0.256,1,,stacking,0.25989576159545846
Merzenhausen,2025-03-30 19:00:00,test,0.251,1,,stacking,0.2600959263568594
Merzenhausen,2025-03-30 20:00:00,test,0.252,1,,stacking,0.25538592068119886
Merzenhausen,2025-03-30 21:00:00,test,0.251,1,,stacking,0.2554164156770864
Merzenhausen,2025-03-30 22:00:00,test,0.25,1,,stacking,0.25495904069157527
Merzenhausen,2025-03-30 23:00:00,test,0.25,1,,stacking,0.25464641108870356
Merzenhausen,2025-03-31 00:00:00,test,0.25,1,,stacking,0.25458282273554284
Merzenhausen,2025-03-31 02:00:00,test,0.246,1,,stacking,0.2531659569850788
Merzenhausen,2025-03-31 03:00:00,test,0.25,1,,stacking,0.24859147194889025
Merzenhausen,2025-03-31 05:00:00,test,0.248,1,,stacking,0.2527391034004801
Merzenhausen,2025-03-31 06:00:00,test,0.248,1,,stacking,0.25262344406699033
Merzenhausen,2025-03-31 07:00:00,test,0.248,1,,stacking,0.2529664525619024
Merzenhausen,2025-03-31 08:00:00,test,0.248,1,,stacking,0.24842718336773723
Merzenhausen,2025-03-31 10:00:00,test,0.25,1,,stacking,0.24714390892925336
Merzenhausen,2025-03-31 11:00:00,test,0.251,1,,stacking,0.2442987974728073
Merzenhausen,2025-03-31 12:00:00,test,0.255,1,,stacking,0.24829926447696749
Merzenhausen,2025-03-31 13:00:00,test,0.255,1,,stacking,0.24971964487525888
Merzenhausen,2025-04-15 06:00:00,test,0.257,1,,stacking,0.22205454446564307
Merzenhausen,2025-04-15 07:00:00,test,0.258,1,,stacking,0.2226079674796519
Merzenhausen,2025-04-15 08:00:00,test,0.262,1,,stacking,0.22327564780481027
Merzenhausen,2025-04-15 09:00:00,test,0.264,1,,stacking,0.22369529937324303
Merzenhausen,2025-04-15 10:00:00,test,0.266,1,,stacking,0.22363686127884028
Merzenhausen,2025-04-15 11:00:00,test,0.268,1,,stacking,0.2236832639849986
Merzenhausen,2025-04-15 12:00:00,test,0.268,1,,stacking,0.22472959800563191
Merzenhausen,2025-04-15 13:00:00,test,0.27,1,,stacking,0.22918172175617746
Merzenhausen,2025-04-15 14:00:00,test,0.271,1,,stacking,0.22781678796807014
Merzenhausen,2025-04-15 15:00:00,test,0.27,1,,stacking,0.22637937554550502
Merzenhausen,2025-04-15 16:00:00,test,0.273,1,,stacking,0.2284978682509063
Merzenhausen,2025-04-15 17:00:00,test,0.272,1,,stacking,0.23198261714374513
Merzenhausen,2025-04-15 18:00:00,test,0.272,1,,stacking,0.22728943416413017
Merzenhausen,2025-04-15 19:00:00,test,0.273,1,,stacking,0.22701568571495656
Merzenhausen,2025-04-15 20:00:00,test,0.271,1,,stacking,0.22643058543287037
Merzenhausen,2025-04-15 21:00:00,test,0.274,1,,stacking,0.22586319238840097
Merzenhausen,2025-04-15 22:00:00,test,0.273,1,,stacking,0.22663560773796612
Merzenhausen,2025-04-15 23:00:00,test,0.275,1,,stacking,0.22508348684606058
Merzenhausen,2025-04-16 00:00:00,test,0.277,1,,stacking,0.2279379220169813
Merzenhausen,2025-04-16 01:00:00,test,0.282,1,,stacking,0.22743904235640275
Merzenhausen,2025-04-16 02:00:00,test,0.319,1,,stacking,0.22724297607513985
Merzenhausen,2025-04-16 03:00:00,test,0.343,1,,stacking,0.22757604511025284
Merzenhausen,2025-04-16 04:00:00,test,0.341,1,,stacking,0.2272215836221947
Merzenhausen,2025-04-16 05:00:00,test,0.342,1,,stacking,0.2309375543003282
Merzenhausen,2025-04-16 06:00:00,test,0.342,1,,stacking,0.23343220876093784
Merzenhausen,2025-04-16 07:00:00,test,0.33999997,1,,stacking,0.23363216726861952
Merzenhausen,2025-04-16 08:00:00,test,0.337,1,,stacking,0.23426677867773382
Merzenhausen,2025-04-16 09:00:00,test,0.337,1,,stacking,0.23459352496369942
Merzenhausen,2025-04-16 10:00:00,test,0.335,1,,stacking,0.23392589307266823
Merzenhausen,2025-04-16 11:00:00,test,0.333,1,,stacking,0.2346690528221188
Merzenhausen,2025-04-16 12:00:00,test,0.332,1,,stacking,0.23401361924251984
Merzenhausen,2025-04-16 13:00:00,test,0.329,1,,stacking,0.2358066717267724
Merzenhausen,2025-04-16 14:00:00,test,0.325,1,,stacking,0.23649942276795383
Merzenhausen,2025-04-16 15:00:00,test,0.324,1,,stacking,0.2375409027354135
Merzenhausen,2025-04-16 16:00:00,test,0.323,1,,stacking,0.23780612749119323
Merzenhausen,2025-04-16 17:00:00,test,0.317,1,,stacking,0.23973956119853773
Merzenhausen,2025-04-16 18:00:00,test,0.319,1,,stacking,0.23715522805960948
Merzenhausen,2025-04-16 19:00:00,test,0.316,1,,stacking,0.23823214178171637
Merzenhausen,2025-04-16 20:00:00,test,0.316,1,,stacking,0.24041691105539348
Merzenhausen,2025-04-16 21:00:00,test,0.314,1,,stacking,0.23814690643056174
Merzenhausen,2025-04-16 22:00:00,test,0.313,1,,stacking,0.2379467784409851
Merzenhausen,2025-04-16 23:00:00,test,0.31,1,,stacking,0.23274433215690288
Merzenhausen,2025-04-17 00:00:00,test,0.313,1,,stacking,0.23117751228709496
Merzenhausen,2025-04-17 01:00:00,test,0.314,1,,stacking,0.2355487708393652
Merzenhausen,2025-04-17 02:00:00,test,0.31300002,1,,stacking,0.23585917492504882
Merzenhausen,2025-04-17 03:00:00,test,0.311,1,,stacking,0.23539563932713198
Merzenhausen,2025-04-17 04:00:00,test,0.311,1,,stacking,0.23754274669268904
Merzenhausen,2025-04-17 05:00:00,test,0.311,1,,stacking,0.2442383125089045
Merzenhausen,2025-04-17 06:00:00,test,0.308,1,,stacking,0.2408826771371647
Merzenhausen,2025-04-17 07:00:00,test,0.308,1,,stacking,0.23974966582113566
Merzenhausen,2025-04-17 08:00:00,test,0.31,1,,stacking,0.24374385782768077
Merzenhausen,2025-04-17 09:00:00,test,0.31,1,,stacking,0.24704668200691865
Merzenhausen,2025-04-17 10:00:00,test,0.31,1,,stacking,0.25136512725293336
Merzenhausen,2025-04-17 11:00:00,test,0.309,1,,stacking,0.25194668259441966
Merzenhausen,2025-04-17 12:00:00,test,0.308,1,,stacking,0.2513561182464342
Merzenhausen,2025-04-17 13:00:00,test,0.309,1,,stacking,0.2553157403816852
Merzenhausen,2025-04-17 14:00:00,test,0.306,1,,stacking,0.2607816989847559
Merzenhausen,2025-04-17 15:00:00,test,0.306,1,,stacking,0.2585407846234036
Merzenhausen,2025-04-17 16:00:00,test,0.304,1,,stacking,0.2631983982134423
Merzenhausen,2025-04-17 17:00:00,test,0.302,1,,stacking,0.2606184350031987
Merzenhausen,2025-04-17 18:00:00,test,0.299,1,,stacking,0.26477763078664124
Merzenhausen,2025-04-17 19:00:00,test,0.297,1,,stacking,0.267341289730173
Merzenhausen,2025-04-17 20:00:00,test,0.295,1,,stacking,0.26541002331024954
Merzenhausen,2025-04-17 21:00:00,test,0.295,1,,stacking,0.26857669355156566
Merzenhausen,2025-04-17 22:00:00,test,0.293,1,,stacking,0.26991489161354876
Merzenhausen,2025-04-17 23:00:00,test,0.291,1,,stacking,0.27057890142815466
Merzenhausen,2025-04-18 00:00:00,test,0.291,1,,stacking,0.26468663713115165
Merzenhausen,2025-04-18 01:00:00,test,0.289,1,,stacking,0.2676677912466731
Merzenhausen,2025-04-18 02:00:00,test,0.289,1,,stacking,0.28531300302382856
Merzenhausen,2025-04-18 03:00:00,test,0.289,1,,stacking,0.30036599393799723
Merzenhausen,2025-04-18 04:00:00,test,0.289,1,,stacking,0.29648564087214757
Merzenhausen,2025-04-18 05:00:00,test,0.289,1,,stacking,0.2967634261874156
Merzenhausen,2025-04-18 06:00:00,test,0.286,1,,stacking,0.29636064371222987
Merzenhausen,2025-04-18 07:00:00,test,0.289,1,,stacking,0.2993929137523103
Merzenhausen,2025-04-18 08:00:00,test,0.289,1,,stacking,0.29663447603598464
Merzenhausen,2025-04-18 09:00:00,test,0.29,1,,stacking,0.2981646509538092
Merzenhausen,2025-04-18 10:00:00,test,0.289,1,,stacking,0.2997055939330892
Merzenhausen,2025-04-18 11:00:00,test,0.291,1,,stacking,0.3010525582339932
Merzenhausen,2025-04-18 12:00:00,test,0.294,1,,stacking,0.30182843960783473
Merzenhausen,2025-04-18 13:00:00,test,0.29,1,,stacking,0.30200206421222614
Merzenhausen,2025-04-18 14:00:00,test,0.291,1,,stacking,0.3028414108551331
Merzenhausen,2025-04-18 15:00:00,test,0.29,1,,stacking,0.30312293267210044
Merzenhausen,2025-04-18 16:00:00,test,0.289,1,,stacking,0.3005191357850593
Merzenhausen,2025-04-18 17:00:00,test,0.286,1,,stacking,0.2975830134322185
Merzenhausen,2025-04-18 18:00:00,test,0.288,1,,stacking,0.29850556815300044
Merzenhausen,2025-04-18 19:00:00,test,0.29,1,,stacking,0.29779634963076845
Merzenhausen,2025-04-18 20:00:00,test,0.29,1,,stacking,0.29546457734899123
Merzenhausen,2025-04-18 21:00:00,test,0.293,1,,stacking,0.2921478769240471
Merzenhausen,2025-04-18 22:00:00,test,0.293,1,,stacking,0.2912000859597565
Merzenhausen,2025-04-18 23:00:00,test,0.293,1,,stacking,0.2890908960424111
Merzenhausen,2025-04-19 00:00:00,test,0.293,1,,stacking,0.2899371612175652
Merzenhausen,2025-04-19 01:00:00,test,0.289,1,,stacking,0.2896203124904316
Merzenhausen,2025-04-19 02:00:00,test,0.296,1,,stacking,0.2906085129534174
Merzenhausen,2025-04-19 03:00:00,test,0.296,1,,stacking,0.28947151133170135
Merzenhausen,2025-04-19 04:00:00,test,0.296,1,,stacking,0.2889915975699661
Merzenhausen,2025-04-19 05:00:00,test,0.296,1,,stacking,0.28854082373254775
Merzenhausen,2025-04-19 06:00:00,test,0.296,1,,stacking,0.28835006966935933
Merzenhausen,2025-04-19 07:00:00,test,0.296,1,,stacking,0.28881013891953183
Merzenhausen,2025-04-19 08:00:00,test,0.3,1,,stacking,0.2906764231334001
Merzenhausen,2025-04-19 09:00:00,test,0.3,1,,stacking,0.2904767203574652
Merzenhausen,2025-04-19 10:00:00,test,0.298,1,,stacking,0.2933231215435172
Merzenhausen,2025-04-19 11:00:00,test,0.297,1,,stacking,0.2950175375565393
Merzenhausen,2025-04-19 12:00:00,test,0.297,1,,stacking,0.2961501721326258
Merzenhausen,2025-04-19 13:00:00,test,0.299,1,,stacking,0.29614053511417876
Merzenhausen,2025-04-19 14:00:00,test,0.297,1,,stacking,0.29327001587027374
Merzenhausen,2025-04-19 15:00:00,test,0.298,1,,stacking,0.29415656633961995
Merzenhausen,2025-04-19 16:00:00,test,0.298,1,,stacking,0.2929360500546704
Merzenhausen,2025-04-19 17:00:00,test,0.292,1,,stacking,0.2898090439390291
Merzenhausen,2025-04-19 18:00:00,test,0.297,1,,stacking,0.2867756006691917
Merzenhausen,2025-04-19 19:00:00,test,0.304,1,,stacking,0.2837792668859155
Merzenhausen,2025-04-19 20:00:00,test,0.299,1,,stacking,0.28130757109645244
Merzenhausen,2025-04-19 21:00:00,test,0.295,1,,stacking,0.28058445253399306
Merzenhausen,2025-04-19 22:00:00,test,0.295,1,,stacking,0.2768891076622507
Merzenhausen,2025-04-19 23:00:00,test,0.296,1,,stacking,0.2741855704022591
Merzenhausen,2025-04-20 00:00:00,test,0.296,1,,stacking,0.2724704668082305
Merzenhausen,2025-04-20 01:00:00,test,0.293,1,,stacking,0.2732275863507849
Merzenhausen,2025-04-20 02:00:00,test,0.295,1,,stacking,0.2711953072349855
Merzenhausen,2025-04-20 03:00:00,test,0.295,1,,stacking,0.27383123084902006
Merzenhausen,2025-04-20 04:00:00,test,0.295,1,,stacking,0.2755118203979692
Merzenhausen,2025-04-20 05:00:00,test,0.295,1,,stacking,0.27514719999674014
Merzenhausen,2025-04-20 06:00:00,test,0.295,1,,stacking,0.27580837152374604
Merzenhausen,2025-04-20 07:00:00,test,0.295,1,,stacking,0.27752220631726615
Merzenhausen,2025-04-20 08:00:00,test,0.297,1,,stacking,0.2787164487307264
Merzenhausen,2025-04-20 09:00:00,test,0.295,1,,stacking,0.2785815116698883
Merzenhausen,2025-04-20 10:00:00,test,0.294,1,,stacking,0.27716319272973555
Merzenhausen,2025-04-20 11:00:00,test,0.296,1,,stacking,0.2768210946634315
Merzenhausen,2025-04-20 12:00:00,test,0.299,1,,stacking,0.2788076660973582
Merzenhausen,2025-04-20 13:00:00,test,0.296,1,,stacking,0.275896666797342
Merzenhausen,2025-04-20 14:00:00,test,0.295,1,,stacking,0.27354187869625457
Merzenhausen,2025-04-20 15:00:00,test,0.298,1,,stacking,0.27949071299882994
Merzenhausen,2025-04-20 16:00:00,test,0.2995,1,,stacking,0.2777072546530064
Merzenhausen,2025-04-20 17:00:00,test,0.293,1,,stacking,0.283627882389962
Merzenhausen,2025-04-20 18:00:00,test,0.294,1,,stacking,0.2878588428980913
Merzenhausen,2025-04-20 19:00:00,test,0.291,1,,stacking,0.28143266559421165
Merzenhausen,2025-04-20 20:00:00,test,0.288,1,,stacking,0.28029651722782933
Merzenhausen,2025-04-20 21:00:00,test,0.289,1,,stacking,0.28102213598389
Merzenhausen,2025-04-20 22:00:00,test,0.287,1,,stacking,0.2801236074032978
Merzenhausen,2025-04-20 23:00:00,test,0.288,1,,stacking,0.2780542020444054
Merzenhausen,2025-04-21 00:00:00,test,0.286,1,,stacking,0.2844928095928929
Merzenhausen,2025-04-21 01:00:00,test,0.285,1,,stacking,0.28732183088868773
Merzenhausen,2025-04-21 02:00:00,test,0.282,1,,stacking,0.2891973098659597
Merzenhausen,2025-04-21 03:00:00,test,0.285,1,,stacking,0.2901244600778562
Merzenhausen,2025-04-21 04:00:00,test,0.282,1,,stacking,0.2921944047565894
Merzenhausen,2025-04-21 05:00:00,test,0.282,1,,stacking,0.2941765374968939
Merzenhausen,2025-04-21 06:00:00,test,0.282,1,,stacking,0.2944806772190622
Merzenhausen,2025-04-21 07:00:00,test,0.286,1,,stacking,0.29710891942784334
Merzenhausen,2025-04-21 08:00:00,test,0.285,1,,stacking,0.2998686296429769
Merzenhausen,2025-04-21 09:00:00,test,0.284,1,,stacking,0.30313763816367384
Merzenhausen,2025-04-21 10:00:00,test,0.287,1,,stacking,0.30099351501198846
Merzenhausen,2025-04-21 11:00:00,test,0.289,1,,stacking,0.30295458050819185
Merzenhausen,2025-04-21 12:00:00,test,0.289,1,,stacking,0.30376362330742956
Merzenhausen,2025-04-21 13:00:00,test,0.286,1,,stacking,0.30758018003394394
Merzenhausen,2025-04-21 14:00:00,test,0.291,1,,stacking,0.3067501508223618
Merzenhausen,2025-04-21 15:00:00,test,0.292,1,,stacking,0.3081368351613067
Merzenhausen,2025-04-21 16:00:00,test,0.296,1,,stacking,0.3086758670661171
Merzenhausen,2025-04-21 17:00:00,test,0.301,1,,stacking,0.3064689747747313
Merzenhausen,2025-04-21 18:00:00,test,0.304,1,,stacking,0.30744767272783013
Merzenhausen,2025-04-21 19:00:00,test,0.304,1,,stacking,0.3108875032446409
Merzenhausen,2025-04-21 20:00:00,test,0.305,1,,stacking,0.3109821718754595
Merzenhausen,2025-04-21 21:00:00,test,0.306,1,,stacking,0.3048314682673309
Merzenhausen,2025-04-21 22:00:00,test,0.304,1,,stacking,0.30457936392856555
Merzenhausen,2025-04-21 23:00:00,test,0.306,1,,stacking,0.30287788623602346
Merzenhausen,2025-04-22 00:00:00,test,0.306,1,,stacking,0.3015575241296719
Merzenhausen,2025-04-22 01:00:00,test,0.306,1,,stacking,0.30272689344574255
Merzenhausen,2025-04-22 02:00:00,test,0.307,1,,stacking,0.3029838060153574
Merzenhausen,2025-04-22 03:00:00,test,0.306,1,,stacking,0.30343507649607354
Merzenhausen,2025-04-22 04:00:00,test,0.306,1,,stacking,0.30392106615535963
Merzenhausen,2025-04-22 05:00:00,test,0.309,1,,stacking,0.3041585838144657
Merzenhausen,2025-04-22 06:00:00,test,0.311,1,,stacking,0.3032161655393413
Merzenhausen,2025-04-22 07:00:00,test,0.31,1,,stacking,0.30189261690909064
Merzenhausen,2025-04-22 08:00:00,test,0.313,1,,stacking,0.3025206654752173
Merzenhausen,2025-04-22 09:00:00,test,0.313,1,,stacking,0.30276885764494943
Merzenhausen,2025-04-22 10:00:00,test,0.315,1,,stacking,0.30196994073376754
Merzenhausen,2025-04-22 11:00:00,test,0.316,1,,stacking,0.3020814238346864
Merzenhausen,2025-04-22 12:00:00,test,0.318,1,,stacking,0.3046203787664901
Merzenhausen,2025-04-22 13:00:00,test,0.341,1,,stacking,0.30261198095315733
Merzenhausen,2025-04-22 19:00:00,test,0.353,1,,stacking,0.2914205060070864
Merzenhausen,2025-04-22 20:00:00,test,0.353,1,,stacking,0.29057370703793756
Merzenhausen,2025-04-22 23:00:00,test,0.353,1,,stacking,0.29024780545474316
Merzenhausen,2025-04-23 00:00:00,test,0.353,1,,stacking,0.2880979435744333
Merzenhausen,2025-04-23 03:00:00,test,0.347,1,,stacking,0.288630819454719
Merzenhausen,2025-04-23 04:00:00,test,0.342,1,,stacking,0.29480534354287924
Merzenhausen,2025-04-23 07:00:00,test,0.341,1,,stacking,0.29219233236640724
Merzenhausen,2025-04-23 08:00:00,test,0.339,1,,stacking,0.2899655278054543
Merzenhausen,2025-04-23 09:00:00,test,0.339,1,,stacking,0.28967015691421105
Merzenhausen,2025-04-23 10:00:00,test,0.337,1,,stacking,0.2897432998028595
Merzenhausen,2025-04-23 11:00:00,test,0.338,1,,stacking,0.29686110048610964
Merzenhausen,2025-04-23 12:00:00,test,0.335,1,,stacking,0.2949811851955863
Merzenhausen,2025-04-23 13:00:00,test,0.335,1,,stacking,0.29604147785861296
Merzenhausen,2025-04-23 14:00:00,test,0.335,1,,stacking,0.2914272727347295
Merzenhausen,2025-04-23 15:00:00,test,0.335,1,,stacking,0.29858510870557436
Merzenhausen,2025-04-23 16:00:00,test,0.332,1,,stacking,0.29801225914213836
Merzenhausen,2025-04-23 17:00:00,test,0.332,1,,stacking,0.30315672055429066
Merzenhausen,2025-04-23 18:00:00,test,0.332,1,,stacking,0.3036959578126512
Merzenhausen,2025-04-23 19:00:00,test,0.33,1,,stacking,0.30252466781125253
Merzenhausen,2025-04-23 20:00:00,test,0.327,1,,stacking,0.30236323366829176
Merzenhausen,2025-04-23 21:00:00,test,0.327,1,,stacking,0.30236082913246143
Merzenhausen,2025-04-23 22:00:00,test,0.328,1,,stacking,0.3019275722449094
Merzenhausen,2025-04-23 23:00:00,test,0.327,1,,stacking,0.2983439321251115
Merzenhausen,2025-04-24 00:00:00,test,0.325,1,,stacking,0.3077913721227003
Merzenhausen,2025-04-24 01:00:00,test,0.325,1,,stacking,0.30829592114446575
Merzenhausen,2025-04-24 02:00:00,test,0.324,1,,stacking,0.30876111405256007
Merzenhausen,2025-04-24 03:00:00,test,0.325,1,,stacking,0.3090263757395042
Merzenhausen,2025-04-24 04:00:00,test,0.324,1,,stacking,0.3086723652804187
Merzenhausen,2025-04-24 05:00:00,test,0.324,1,,stacking,0.31076134230228747
Merzenhausen,2025-04-24 06:00:00,test,0.324,1,,stacking,0.3030923632371478
Merzenhausen,2025-04-24 07:00:00,test,0.322,1,,stacking,0.3075290227131097
Merzenhausen,2025-04-24 08:00:00,test,0.324,1,,stacking,0.3096592665650793
Merzenhausen,2025-04-24 09:00:00,test,0.324,1,,stacking,0.30328849278930453
Merzenhausen,2025-04-24 10:00:00,test,0.326,1,,stacking,0.305345706820396
Merzenhausen,2025-04-24 11:00:00,test,0.326,1,,stacking,0.308793541227017
Merzenhausen,2025-04-24 12:00:00,test,0.324,1,,stacking,0.31487622570599505
Merzenhausen,2025-04-24 13:00:00,test,0.321,1,,stacking,0.3241095415578003
Merzenhausen,2025-04-24 14:00:00,test,0.321,1,,stacking,0.32545561614729096
Merzenhausen,2025-04-24 15:00:00,test,0.316,1,,stacking,0.3250292311067932
Merzenhausen,2025-04-24 16:00:00,test,0.317,1,,stacking,0.323888849076058
Merzenhausen,2025-04-24 17:00:00,test,0.314,1,,stacking,0.32352028986328185
Merzenhausen,2025-04-24 18:00:00,test,0.313,1,,stacking,0.32559795660184765
Merzenhausen,2025-04-24 19:00:00,test,0.31,1,,stacking,0.3254653442585807
Merzenhausen,2025-04-24 20:00:00,test,0.31,1,,stacking,0.3221858784363685
Merzenhausen,2025-04-24 21:00:00,test,0.308,1,,stacking,0.32127459908067746
Merzenhausen,2025-04-24 22:00:00,test,0.305,1,,stacking,0.32315468101734424
Merzenhausen,2025-04-24 23:00:00,test,0.305,1,,stacking,0.324140013785919
Merzenhausen,2025-04-25 00:00:00,test,0.303,1,,stacking,0.3234100228020191
Merzenhausen,2025-04-25 01:00:00,test,0.304,1,,stacking,0.32323013346599644
Merzenhausen,2025-04-25 02:00:00,test,0.301,1,,stacking,0.32149825070221194
Merzenhausen,2025-04-25 03:00:00,test,0.301,1,,stacking,0.3210386133159455
Merzenhausen,2025-04-25 04:00:00,test,0.301,1,,stacking,0.3196393008797118
Merzenhausen,2025-04-25 05:00:00,test,0.299,1,,stacking,0.31988148630669966
Merzenhausen,2025-04-25 06:00:00,test,0.301,1,,stacking,0.3242312287962471
Merzenhausen,2025-04-25 07:00:00,test,0.299,1,,stacking,0.3215308321016575
Merzenhausen,2025-04-25 08:00:00,test,0.301,1,,stacking,0.32067666195799444
Merzenhausen,2025-04-25 09:00:00,test,0.3,1,,stacking,0.32172031915048127
Merzenhausen,2025-04-25 10:00:00,test,0.302,1,,stacking,0.320767229398966
Merzenhausen,2025-04-25 11:00:00,test,0.305,1,,stacking,0.31963970488013915
Merzenhausen,2025-04-25 12:00:00,test,0.307,1,,stacking,0.32105848984836055
Merzenhausen,2025-04-25 13:00:00,test,0.306,1,,stacking,0.32328466088015345
Merzenhausen,2025-04-25 14:00:00,test,0.306,1,,stacking,0.3254798674599159
Merzenhausen,2025-04-25 15:00:00,test,0.306,1,,stacking,0.3253953778952828
Merzenhausen,2025-04-25 16:00:00,test,0.306,1,,stacking,0.3252600058453188
Merzenhausen,2025-04-25 17:00:00,test,0.303,1,,stacking,0.32587076707480517
Merzenhausen,2025-04-25 18:00:00,test,0.301,1,,stacking,0.3265894350436265
Merzenhausen,2025-04-25 19:00:00,test,0.298,1,,stacking,0.3284245050112652
Merzenhausen,2025-04-25 20:00:00,test,0.296,1,,stacking,0.32620886406639393
Merzenhausen,2025-04-25 21:00:00,test,0.294,1,,stacking,0.3260327894089856
Merzenhausen,2025-04-25 22:00:00,test,0.292,1,,stacking,0.32736949111640035
Merzenhausen,2025-04-25 23:00:00,test,0.292,1,,stacking,0.3262351489260282
Merzenhausen,2025-04-26 00:00:00,test,0.29,1,,stacking,0.32536026770748155
Merzenhausen,2025-04-26 01:00:00,test,0.261,1,,stacking,0.32529928050432577
Merzenhausen,2025-04-26 02:00:00,test,0.262,1,,stacking,0.3267124479174563
Merzenhausen,2025-04-26 03:00:00,test,0.264,1,,stacking,0.3278004046742517
Merzenhausen,2025-04-26 04:00:00,test,0.267,1,,stacking,0.32874656566929955
Merzenhausen,2025-04-26 05:00:00,test,0.266,1,,stacking,0.3298815911269954
Merzenhausen,2025-04-26 06:00:00,test,0.268,1,,stacking,0.3299083939658156
Merzenhausen,2025-04-26 07:00:00,test,0.267,1,,stacking,0.3258779417446818
Merzenhausen,2025-04-26 08:00:00,test,0.268,1,,stacking,0.3305064500568294
Merzenhausen,2025-04-26 09:00:00,test,0.265,1,,stacking,0.3328332230542668
Merzenhausen,2025-04-26 10:00:00,test,0.264,1,,stacking,0.3343372404645456
Merzenhausen,2025-04-26 11:00:00,test,0.265,1,,stacking,0.33581683705690707
Merzenhausen,2025-04-26 12:00:00,test,0.264,1,,stacking,0.3352959022494254
Merzenhausen,2025-04-26 13:00:00,test,0.26,1,,stacking,0.3306535881746739
Merzenhausen,2025-04-26 14:00:00,test,0.26,1,,stacking,0.32749006214193604
Merzenhausen,2025-04-26 15:00:00,test,0.262,1,,stacking,0.32539017512047363
Merzenhausen,2025-04-26 16:00:00,test,0.26,1,,stacking,0.32199140490675254
Merzenhausen,2025-04-26 17:00:00,test,0.259,1,,stacking,0.3206752394209844
Merzenhausen,2025-04-26 18:00:00,test,0.256,1,,stacking,0.31980712174983983
Merzenhausen,2025-04-26 19:00:00,test,0.259,1,,stacking,0.31924081283860833
Merzenhausen,2025-04-26 20:00:00,test,0.257,1,,stacking,0.31633623625506607
Merzenhausen,2025-04-26 21:00:00,test,0.256,1,,stacking,0.3146509633189251
Merzenhausen,2025-04-26 22:00:00,test,0.258,1,,stacking,0.3059290297203683
Merzenhausen,2025-04-26 23:00:00,test,0.258,1,,stacking,0.3051331118588163
Merzenhausen,2025-04-27 00:00:00,test,0.257,1,,stacking,0.2989430158307752
Merzenhausen,2025-04-27 01:00:00,test,0.261,1,,stacking,0.2994356975453242
Merzenhausen,2025-04-27 02:00:00,test,0.26,1,,stacking,0.29940314120732187
Merzenhausen,2025-04-27 03:00:00,test,0.264,1,,stacking,0.2975133557765672
Merzenhausen,2025-04-27 04:00:00,test,0.265,1,,stacking,0.2972953987559768
Merzenhausen,2025-04-27 05:00:00,test,0.267,1,,stacking,0.2952452705259314
Merzenhausen,2025-04-27 06:00:00,test,0.271,1,,stacking,0.2960800423005083
Merzenhausen,2025-04-27 07:00:00,test,0.269,1,,stacking,0.29546113840335725
Merzenhausen,2025-04-27 08:00:00,test,0.269,1,,stacking,0.2971062352781702
Merzenhausen,2025-04-27 09:00:00,test,0.268,1,,stacking,0.29611286776241585
Merzenhausen,2025-04-27 10:00:00,test,0.266,1,,stacking,0.29888168939757387
Merzenhausen,2025-04-27 11:00:00,test,0.263,1,,stacking,0.3007802690533989
Merzenhausen,2025-04-27 12:00:00,test,0.261,1,,stacking,0.3043213678337181
Merzenhausen,2025-04-27 13:00:00,test,0.262,1,,stacking,0.3020473614024711
Merzenhausen,2025-04-27 14:00:00,test,0.258,1,,stacking,0.30206425012201255
Merzenhausen,2025-04-27 15:00:00,test,0.261,1,,stacking,0.30136375729977793
Merzenhausen,2025-04-27 16:00:00,test,0.261,1,,stacking,0.30247564585380704
Merzenhausen,2025-04-27 17:00:00,test,0.257,1,,stacking,0.2988412237628958
Merzenhausen,2025-04-27 18:00:00,test,0.26,1,,stacking,0.2965611653718798
Merzenhausen,2025-04-27 19:00:00,test,0.257,1,,stacking,0.29304075576269534
Merzenhausen,2025-04-27 20:00:00,test,0.256,1,,stacking,0.291338047282807
Merzenhausen,2025-04-27 21:00:00,test,0.257,1,,stacking,0.29111378539858856
Merzenhausen,2025-04-27 22:00:00,test,0.254,1,,stacking,0.28382708699901815
Merzenhausen,2025-04-27 23:00:00,test,0.256,1,,stacking,0.2814705564348763
Merzenhausen,2025-04-28 00:00:00,test,0.259,1,,stacking,0.28636167550139363
Merzenhausen,2025-05-20 16:00:00,test,0.221,1,,stacking,0.23264018835056371
Merzenhausen,2025-05-20 17:00:00,test,0.221,1,,stacking,0.23365194712331433
Merzenhausen,2025-05-20 18:00:00,test,0.223,1,,stacking,0.23437041485291807
Merzenhausen,2025-05-20 19:00:00,test,0.219,1,,stacking,0.2330974722320564
Merzenhausen,2025-05-20 21:00:00,test,0.217,1,,stacking,0.22730293791218775
Merzenhausen,2025-05-20 23:00:00,test,0.211,1,,stacking,0.22695223039479598
Merzenhausen,2025-05-21 00:00:00,test,0.213,1,,stacking,0.2273842859945515
Merzenhausen,2025-05-21 01:00:00,test,0.209,1,,stacking,0.22256459605631565
Merzenhausen,2025-05-21 07:00:00,test,0.209,1,,stacking,0.2256948615558037
Merzenhausen,2025-05-21 08:00:00,test,0.211,1,,stacking,0.22696795187444505
Merzenhausen,2025-05-21 12:00:00,test,0.215,1,,stacking,0.2306768860617613
Merzenhausen,2025-05-21 13:00:00,test,0.217,1,,stacking,0.22743483896042216
Merzenhausen,2025-05-21 15:00:00,test,0.221,1,,stacking,0.22979793388400158
Merzenhausen,2025-05-21 16:00:00,test,0.217,1,,stacking,0.2283989013685597
Merzenhausen,2025-05-21 18:00:00,test,0.217,1,,stacking,0.23292167907875322
Merzenhausen,2025-05-21 20:00:00,test,0.213,1,,stacking,0.22572242984918864
Merzenhausen,2025-05-21 22:00:00,test,0.209,1,,stacking,0.22713872206667257
Merzenhausen,2025-05-21 23:00:00,test,0.211,1,,stacking,0.22896956137143581
Merzenhausen,2025-05-22 00:00:00,test,0.209,1,,stacking,0.22191242455557184
Merzenhausen,2025-05-22 02:00:00,test,0.205,1,,stacking,0.22478040431825946
Merzenhausen,2025-05-22 03:00:00,test,0.207,1,,stacking,0.22277891971000235
Merzenhausen,2025-05-22 08:00:00,test,0.207,1,,stacking,0.22257788707715642
Merzenhausen,2025-05-22 09:00:00,test,0.207,1,,stacking,0.22015139176525123
Merzenhausen,2025-05-22 10:00:00,test,0.209,1,,stacking,0.22380624370101748
Merzenhausen,2025-05-22 13:00:00,test,0.211,1,,stacking,0.23648298563045722
Merzenhausen,2025-05-22 15:00:00,test,0.209,1,,stacking,0.23579468498697348
Merzenhausen,2025-05-22 17:00:00,test,0.207,1,,stacking,0.232682423741611
Merzenhausen,2025-05-22 19:00:00,test,0.209,1,,stacking,0.23089053585402883
Merzenhausen,2025-05-22 20:00:00,test,0.209,1,,stacking,0.22502003124306594
Merzenhausen,2025-05-22 21:00:00,test,0.211,1,,stacking,0.22271033753867503
Merzenhausen,2025-05-22 22:00:00,test,0.209,1,,stacking,0.22582541145226942
Merzenhausen,2025-05-22 23:00:00,test,0.209,1,,stacking,0.22434898284577398
Merzenhausen,2025-05-23 04:00:00,test,0.207,1,,stacking,0.2141304861111037
Merzenhausen,2025-05-23 05:00:00,test,0.209,1,,stacking,0.21331836761286566
Merzenhausen,2025-05-23 08:00:00,test,0.211,1,,stacking,0.22517241663326665
Merzenhausen,2025-05-23 10:00:00,test,0.211,1,,stacking,0.22951274219576925
Merzenhausen,2025-05-23 11:00:00,test,0.211,1,,stacking,0.2299615088903816
Merzenhausen,2025-05-23 15:00:00,test,0.217,1,,stacking,0.24057635551632073
Merzenhausen,2025-05-23 18:00:00,test,0.2225,1,,stacking,0.24131983095047382
Merzenhausen,2025-05-23 19:00:00,test,0.21000001,1,,stacking,0.2423191137818307
Merzenhausen,2025-05-23 22:00:00,test,0.213,1,,stacking,0.2355869559927491
Merzenhausen,2025-05-24 03:00:00,test,0.211,1,,stacking,0.21998392082200913
Merzenhausen,2025-05-24 07:00:00,test,0.209,1,,stacking,0.21583374330183674
Merzenhausen,2025-05-24 10:00:00,test,0.213,1,,stacking,0.21222453022809487
Merzenhausen,2025-05-24 15:00:00,test,0.221,1,,stacking,0.23711586656471767
Merzenhausen,2025-05-24 17:00:00,test,0.223,1,,stacking,0.23995591083073037
Merzenhausen,2025-05-24 18:00:00,test,0.217,1,,stacking,0.22480165846576147
Merzenhausen,2025-05-24 19:00:00,test,0.219,1,,stacking,0.22518934743166655
Merzenhausen,2025-05-24 20:00:00,test,0.217,1,,stacking,0.22632486048206912
Merzenhausen,2025-05-24 22:00:00,test,0.213,1,,stacking,0.23087894746508467
Merzenhausen,2025-05-24 23:00:00,test,0.215,1,,stacking,0.2267480788151776
Merzenhausen,2025-05-25 04:00:00,test,0.211,1,,stacking,0.22056731396930154
Merzenhausen,2025-05-25 07:00:00,test,0.211,1,,stacking,0.215016256030915
Merzenhausen,2025-05-25 09:00:00,test,0.213,1,,stacking,0.21852053647854588
Merzenhausen,2025-05-25 10:00:00,test,0.225,1,,stacking,0.227187473191222
Merzenhausen,2025-05-25 12:00:00,test,0.217,1,,stacking,0.22346067904516959
Merzenhausen,2025-05-25 13:00:00,test,0.219,1,,stacking,0.2250021453033684
Merzenhausen,2025-05-25 14:00:00,test,0.215,1,,stacking,0.22444031299502581
Merzenhausen,2025-05-25 15:00:00,test,0.215,1,,stacking,0.22569135075082702
Merzenhausen,2025-05-25 16:00:00,test,0.219,1,,stacking,0.2316405553370617
Merzenhausen,2025-05-25 19:00:00,test,0.215,1,,stacking,0.22646855780644634
Merzenhausen,2025-06-19 02:00:00,test,0.143,1,,stacking,0.17948790746435403
Merzenhausen,2025-06-19 03:00:00,test,0.14,1,,stacking,0.17774221149335898
Merzenhausen,2025-06-19 04:00:00,test,0.142,1,,stacking,0.17953626349264404
Merzenhausen,2025-06-19 05:00:00,test,0.139,1,,stacking,0.1777056728451518
Merzenhausen,2025-06-19 06:00:00,test,0.139,1,,stacking,0.18132246963886084
Merzenhausen,2025-06-19 07:00:00,test,0.142,1,,stacking,0.1826543952063432
Merzenhausen,2025-06-19 08:00:00,test,0.143,1,,stacking,0.18174694125943394
Merzenhausen,2025-06-19 09:00:00,test,0.145,1,,stacking,0.18064600514135415
Merzenhausen,2025-06-19 10:00:00,test,0.146,1,,stacking,0.18101987400779862
Merzenhausen,2025-06-19 11:00:00,test,0.145,1,,stacking,0.18422837549323634
Merzenhausen,2025-06-19 12:00:00,test,0.149,1,,stacking,0.18730260586287426
Merzenhausen,2025-06-19 13:00:00,test,0.151,1,,stacking,0.1888920010527725
Merzenhausen,2025-06-19 14:00:00,test,0.153,1,,stacking,0.19234958654754902
Merzenhausen,2025-06-19 15:00:00,test,0.151,1,,stacking,0.19367919164918984
Merzenhausen,2025-06-19 16:00:00,test,0.153,1,,stacking,0.19003525415035571
Merzenhausen,2025-06-19 17:00:00,test,0.154,1,,stacking,0.19078365197193276
Merzenhausen,2025-06-19 18:00:00,test,0.151,1,,stacking,0.18572429794122766
Merzenhausen,2025-06-19 19:00:00,test,0.15,1,,stacking,0.18672503879944996
Merzenhausen,2025-06-19 20:00:00,test,0.145,1,,stacking,0.1877599992089419
Merzenhausen,2025-06-19 21:00:00,test,0.143,1,,stacking,0.18879304038314929
Merzenhausen,2025-06-19 22:00:00,test,0.142,1,,stacking,0.1857853923317999
Merzenhausen,2025-06-19 23:00:00,test,0.141,1,,stacking,0.18972296032271543
Merzenhausen,2025-06-20 00:00:00,test,0.141,1,,stacking,0.16666252520047656
Merzenhausen,2025-06-20 01:00:00,test,0.143,1,,stacking,0.16255848937046696
Merzenhausen,2025-06-20 02:00:00,test,0.138,1,,stacking,0.16307455481579944
Merzenhausen,2025-06-20 03:00:00,test,0.141,1,,stacking,0.16290167184136245
Merzenhausen,2025-06-20 04:00:00,test,0.138,1,,stacking,0.1619553534267813
Merzenhausen,2025-06-20 05:00:00,test,0.139,1,,stacking,0.16296662295741987
Merzenhausen,2025-06-20 06:00:00,test,0.139,1,,stacking,0.1646263170454495
Merzenhausen,2025-06-20 07:00:00,test,0.138,1,,stacking,0.1594790708052894
Merzenhausen,2025-06-20 08:00:00,test,0.139,1,,stacking,0.15757439311142
Merzenhausen,2025-06-20 09:00:00,test,0.139,1,,stacking,0.16022447085272093
Merzenhausen,2025-06-20 10:00:00,test,0.142,1,,stacking,0.1604062234293896
Merzenhausen,2025-06-20 11:00:00,test,0.141,1,,stacking,0.16339757848448397
Merzenhausen,2025-06-20 12:00:00,test,0.144,1,,stacking,0.16194104641110885
Merzenhausen,2025-06-20 13:00:00,test,0.147,1,,stacking,0.16280118112944245
Merzenhausen,2025-06-20 14:00:00,test,0.15,1,,stacking,0.16502702387567847
Merzenhausen,2025-06-20 15:00:00,test,0.149,1,,stacking,0.163513547898688
Merzenhausen,2025-06-20 16:00:00,test,0.146,1,,stacking,0.16433128834314778
Merzenhausen,2025-06-20 17:00:00,test,0.147,1,,stacking,0.15986950876332123
Merzenhausen,2025-06-20 18:00:00,test,0.144,1,,stacking,0.15819673190634453
Merzenhausen,2025-06-20 19:00:00,test,0.144,1,,stacking,0.16051405518188883
Merzenhausen,2025-06-20 20:00:00,test,0.144,1,,stacking,0.16081866799257113
Merzenhausen,2025-06-20 21:00:00,test,0.142,1,,stacking,0.1577550366818568
Merzenhausen,2025-06-20 22:00:00,test,0.138,1,,stacking,0.1565998344104147
Merzenhausen,2025-06-20 23:00:00,test,0.137,1,,stacking,0.1478621947639321
Merzenhausen,2025-06-21 00:00:00,test,0.136,1,,stacking,0.14770223774155394
Merzenhausen,2025-06-21 01:00:00,test,0.135,1,,stacking,0.15249709721471108
Merzenhausen,2025-06-21 02:00:00,test,0.136,1,,stacking,0.14773229799989956
Merzenhausen,2025-06-21 03:00:00,test,0.137,1,,stacking,0.14189987787541952
Merzenhausen,2025-06-21 04:00:00,test,0.134,1,,stacking,0.13938000437549244
Merzenhausen,2025-06-21 05:00:00,test,0.134,1,,stacking,0.1415676475442221
Merzenhausen,2025-06-21 06:00:00,test,0.136,1,,stacking,0.14182700029052922
Merzenhausen,2025-06-21 07:00:00,test,0.134,1,,stacking,0.1438199811594418
Merzenhausen,2025-06-21 08:00:00,test,0.134,1,,stacking,0.1426640313524592
Merzenhausen,2025-06-21 09:00:00,test,0.136,1,,stacking,0.1428034168847841
Merzenhausen,2025-06-21 10:00:00,test,0.135,1,,stacking,0.142907895109841
Merzenhausen,2025-06-21 11:00:00,test,0.13,1,,stacking,0.14164342957768106
Merzenhausen,2025-06-21 12:00:00,test,0.14,1,,stacking,0.14456748800606534
Merzenhausen,2025-06-21 13:00:00,test,0.134,1,,stacking,0.1481923678627519
Merzenhausen,2025-06-21 14:00:00,test,0.137,1,,stacking,0.15056706332850547
Merzenhausen,2025-06-21 15:00:00,test,0.136,1,,stacking,0.1554644365411094
Merzenhausen,2025-06-21 16:00:00,test,0.14,1,,stacking,0.1569055939493069
Merzenhausen,2025-06-21 17:00:00,test,0.136,1,,stacking,0.15895499637341343
Merzenhausen,2025-06-21 18:00:00,test,0.137,1,,stacking,0.15616993394823997
Merzenhausen,2025-06-21 19:00:00,test,0.136,1,,stacking,0.15643124918437354
Merzenhausen,2025-06-21 20:00:00,test,0.132,1,,stacking,0.15279767009272602
Merzenhausen,2025-06-21 21:00:00,test,0.13,1,,stacking,0.15138656757429586
Merzenhausen,2025-06-21 22:00:00,test,0.133,1,,stacking,0.14985906575752267
Merzenhausen,2025-06-21 23:00:00,test,0.132,1,,stacking,0.14759272408660698
Merzenhausen,2025-06-22 00:00:00,test,0.129,1,,stacking,0.1450549905404407
Merzenhausen,2025-06-22 01:00:00,test,0.131,1,,stacking,0.1471478468953033
Merzenhausen,2025-06-22 02:00:00,test,0.13,1,,stacking,0.1455544744743571
Merzenhausen,2025-06-22 03:00:00,test,0.129,1,,stacking,0.1434745640069206
Merzenhausen,2025-06-22 04:00:00,test,0.131,1,,stacking,0.14273403570750812
Merzenhausen,2025-06-22 05:00:00,test,0.129,1,,stacking,0.1392967414696895
Merzenhausen,2025-06-22 06:00:00,test,0.132,1,,stacking,0.14288030687028136
Merzenhausen,2025-06-22 07:00:00,test,0.127,1,,stacking,0.14450196557586745
Merzenhausen,2025-06-22 08:00:00,test,0.13,1,,stacking,0.14615859155647423
Merzenhausen,2025-06-22 09:00:00,test,0.129,1,,stacking,0.14674369995765257
Merzenhausen,2025-06-22 10:00:00,test,0.133,1,,stacking,0.1473005102100733
Merzenhausen,2025-06-22 11:00:00,test,0.132,1,,stacking,0.14659120446418783
Merzenhausen,2025-06-22 12:00:00,test,0.136,1,,stacking,0.14564140881899437
Merzenhausen,2025-06-22 13:00:00,test,0.136,1,,stacking,0.14754941477799843
Merzenhausen,2025-06-22 14:00:00,test,0.136,1,,stacking,0.15056688984571784
Merzenhausen,2025-06-22 15:00:00,test,0.137,1,,stacking,0.15210449828134567
Merzenhausen,2025-06-22 16:00:00,test,0.136,1,,stacking,0.14704362724887166
Merzenhausen,2025-06-22 17:00:00,test,0.136,1,,stacking,0.14861553689327683
Merzenhausen,2025-06-22 18:00:00,test,0.136,1,,stacking,0.1451315873007139
Merzenhausen,2025-06-22 19:00:00,test,0.133,1,,stacking,0.14421852471941193
Merzenhausen,2025-06-22 20:00:00,test,0.132,1,,stacking,0.14512747773118975
Merzenhausen,2025-06-22 21:00:00,test,0.132,1,,stacking,0.14539589321798235
Merzenhausen,2025-06-22 22:00:00,test,0.135,1,,stacking,0.14598593226013995
Merzenhausen,2025-06-22 23:00:00,test,0.135,1,,stacking,0.14817242210855305
Merzenhausen,2025-06-23 00:00:00,test,0.132,1,,stacking,0.14531711657390337
Merzenhausen,2025-06-23 01:00:00,test,0.132,1,,stacking,0.1433940109919591
Merzenhausen,2025-06-23 02:00:00,test,0.133,1,,stacking,0.14450615957451565
Merzenhausen,2025-06-23 03:00:00,test,0.12799999,1,,stacking,0.1430437419966173
Merzenhausen,2025-06-23 04:00:00,test,0.1425,1,,stacking,0.1420560441804201
Merzenhausen,2025-06-23 05:00:00,test,0.128,1,,stacking,0.13917574143786007
Merzenhausen,2025-06-23 06:00:00,test,0.128,1,,stacking,0.13864823469280477
Merzenhausen,2025-06-23 07:00:00,test,0.131,1,,stacking,0.13845993981560265
Merzenhausen,2025-06-23 08:00:00,test,0.133,1,,stacking,0.13843019116407856
Merzenhausen,2025-06-23 09:00:00,test,0.13949999,1,,stacking,0.14014928129918253
Merzenhausen,2025-06-23 10:00:00,test,0.135,1,,stacking,0.1519337049110966
Merzenhausen,2025-06-23 11:00:00,test,0.137,1,,stacking,0.1554224307975523
Merzenhausen,2025-06-23 12:00:00,test,0.138,1,,stacking,0.14988336859358303
Merzenhausen,2025-06-23 13:00:00,test,0.14,1,,stacking,0.15457543049741326
Merzenhausen,2025-06-23 14:00:00,test,0.141,1,,stacking,0.15511687489270043
Merzenhausen,2025-06-23 15:00:00,test,0.14,1,,stacking,0.15755733066185662
Merzenhausen,2025-06-23 16:00:00,test,0.1355,1,,stacking,0.15634403315597337
Merzenhausen,2025-06-23 17:00:00,test,0.13499999,1,,stacking,0.1579383432753545
Merzenhausen,2025-06-23 18:00:00,test,0.137,1,,stacking,0.15882801124937923
Merzenhausen,2025-06-23 19:00:00,test,0.139,1,,stacking,0.1588043657977012
Merzenhausen,2025-06-23 20:00:00,test,0.139,1,,stacking,0.15000991610396439
Merzenhausen,2025-06-23 21:00:00,test,0.133,1,,stacking,0.1457343072921711
Merzenhausen,2025-06-23 22:00:00,test,0.136,1,,stacking,0.14315115453905694
Merzenhausen,2025-06-23 23:00:00,test,0.136,1,,stacking,0.1408552093467426
Merzenhausen,2025-06-24 00:00:00,test,0.133,1,,stacking,0.1348976645293515
Merzenhausen,2025-06-24 01:00:00,test,0.135,1,,stacking,0.1344336314290686
Merzenhausen,2025-06-24 02:00:00,test,0.155,1,,stacking,0.13427589583161892
Merzenhausen,2025-06-24 03:00:00,test,0.129,1,,stacking,0.13472248717773827
Merzenhausen,2025-06-24 04:00:00,test,0.131,1,,stacking,0.13421845031093907
Merzenhausen,2025-06-24 05:00:00,test,0.132,1,,stacking,0.13364842414203182
Merzenhausen,2025-06-24 06:00:00,test,0.132,1,,stacking,0.1343714847871092
Merzenhausen,2025-06-24 07:00:00,test,0.131,1,,stacking,0.13605223599960628
Merzenhausen,2025-06-24 08:00:00,test,0.133,1,,stacking,0.13603149170706658
Merzenhausen,2025-06-24 09:00:00,test,0.133,1,,stacking,0.13534756953999683
Merzenhausen,2025-06-24 10:00:00,test,0.129,1,,stacking,0.1380788828802399
Merzenhausen,2025-06-24 11:00:00,test,0.131,1,,stacking,0.1408846403678542
Merzenhausen,2025-06-24 12:00:00,test,0.135,1,,stacking,0.14669347832458202
Merzenhausen,2025-06-24 13:00:00,test,0.134,1,,stacking,0.14879495069660612
Merzenhausen,2025-06-24 14:00:00,test,0.132,1,,stacking,0.14844437902798943
Merzenhausen,2025-06-24 15:00:00,test,0.135,1,,stacking,0.14773371696597612
Merzenhausen,2025-06-24 16:00:00,test,0.136,1,,stacking,0.14781940913082472
Merzenhausen,2025-06-24 17:00:00,test,0.136,1,,stacking,0.15080434303954743
Merzenhausen,2025-06-24 18:00:00,test,0.135,1,,stacking,0.15066143275469535
Merzenhausen,2025-06-24 19:00:00,test,0.132,1,,stacking,0.1462623073724892
Merzenhausen,2025-06-24 20:00:00,test,0.131,1,,stacking,0.1412058798003472
Merzenhausen,2025-06-24 21:00:00,test,0.129,1,,stacking,0.13637992775503352
Merzenhausen,2025-06-24 22:00:00,test,0.131,1,,stacking,0.14073599411135412
Merzenhausen,2025-06-24 23:00:00,test,0.132,1,,stacking,0.1421374382322596
Merzenhausen,2025-06-25 00:00:00,test,0.127,1,,stacking,0.13839899525625562
Merzenhausen,2025-06-25 01:00:00,test,0.128,1,,stacking,0.13794937004189226
Merzenhausen,2025-06-25 02:00:00,test,0.128,1,,stacking,0.13944934058772016
Merzenhausen,2025-06-25 03:00:00,test,0.125,1,,stacking,0.13694675581017823
Merzenhausen,2025-06-25 04:00:00,test,0.131,1,,stacking,0.13935355127460772
Merzenhausen,2025-06-25 05:00:00,test,0.127,1,,stacking,0.1377008751206894
Merzenhausen,2025-06-25 06:00:00,test,0.128,1,,stacking,0.13326156101520395
Merzenhausen,2025-06-25 07:00:00,test,0.127,1,,stacking,0.13449258766160582
Merzenhausen,2025-06-25 08:00:00,test,0.127,1,,stacking,0.13560257374769558
Merzenhausen,2025-06-25 09:00:00,test,0.128,1,,stacking,0.14107736411062635
Merzenhausen,2025-06-25 10:00:00,test,0.129,1,,stacking,0.13990112719116754
Merzenhausen,2025-06-25 11:00:00,test,0.132,1,,stacking,0.1406479784375774
Merzenhausen,2025-06-25 12:00:00,test,0.13,1,,stacking,0.1375601291171421
Merzenhausen,2025-06-25 13:00:00,test,0.136,1,,stacking,0.13751976734570792
Merzenhausen,2025-06-25 14:00:00,test,0.134,1,,stacking,0.1385781806919604
Merzenhausen,2025-06-25 15:00:00,test,0.139,1,,stacking,0.13707729131928692
Merzenhausen,2025-06-25 16:00:00,test,0.14,1,,stacking,0.13591795786919206
Merzenhausen,2025-06-25 17:00:00,test,0.137,1,,stacking,0.13439627717204775
Merzenhausen,2025-06-25 18:00:00,test,0.136,1,,stacking,0.13447310641610097
Merzenhausen,2025-06-25 19:00:00,test,0.135,1,,stacking,0.13546129345096103
Merzenhausen,2025-06-25 20:00:00,test,0.146,1,,stacking,0.13515095017052783
Merzenhausen,2025-06-25 21:00:00,test,0.14050001,1,,stacking,0.13253813817828602
Merzenhausen,2025-06-25 22:00:00,test,0.13,1,,stacking,0.13378454236401255
Merzenhausen,2025-06-25 23:00:00,test,0.132,1,,stacking,0.1352017021140222
Merzenhausen,2025-06-26 00:00:00,test,0.143,1,,stacking,0.13438892600501115
Merzenhausen,2025-06-26 01:00:00,test,0.132,1,,stacking,0.13684859875509678
Merzenhausen,2025-07-08 15:00:00,test,0.231,1,,stacking,0.2627364081154977
Merzenhausen,2025-07-08 18:00:00,test,0.223,1,,stacking,0.2631351409264951
Merzenhausen,2025-07-08 19:00:00,test,0.225,1,,stacking,0.2635736599549938
Merzenhausen,2025-07-15 22:00:00,test,0.154,1,,stacking,0.17195137452655995
Merzenhausen,2025-07-15 23:00:00,test,0.156,1,,stacking,0.17071243336017683
Merzenhausen,2025-07-16 00:00:00,test,0.153,1,,stacking,0.1673679229776708
Merzenhausen,2025-07-16 01:00:00,test,0.152,1,,stacking,0.16632052719496274
Merzenhausen,2025-07-16 02:00:00,test,0.153,1,,stacking,0.16309766475000442
Merzenhausen,2025-07-16 03:00:00,test,0.151,1,,stacking,0.16210792454117393
Merzenhausen,2025-07-16 04:00:00,test,0.152,1,,stacking,0.16294148300915862
Merzenhausen,2025-07-16 05:00:00,test,0.153,1,,stacking,0.16399422858536805
Merzenhausen,2025-07-16 06:00:00,test,0.152,1,,stacking,0.16457582134583842
Merzenhausen,2025-07-16 07:00:00,test,0.151,1,,stacking,0.16288768412342294
Merzenhausen,2025-07-16 08:00:00,test,0.156,1,,stacking,0.1630062364128015
Merzenhausen,2025-07-16 09:00:00,test,0.153,1,,stacking,0.16463478630471567
Merzenhausen,2025-07-16 10:00:00,test,0.155,1,,stacking,0.16613805868411646
Merzenhausen,2025-07-16 11:00:00,test,0.156,1,,stacking,0.16655805365592177
Merzenhausen,2025-07-16 12:00:00,test,0.154,1,,stacking,0.16468969885345805
Merzenhausen,2025-07-16 13:00:00,test,0.156,1,,stacking,0.16542587399261308
Merzenhausen,2025-07-16 14:00:00,test,0.155,1,,stacking,0.1651539895234527
Merzenhausen,2025-07-16 15:00:00,test,0.156,1,,stacking,0.17429056137571158
Merzenhausen,2025-07-16 16:00:00,test,0.156,1,,stacking,0.17180673977370664
Merzenhausen,2025-07-16 17:00:00,test,0.153,1,,stacking,0.16639509596678723
Merzenhausen,2025-07-16 18:00:00,test,0.156,1,,stacking,0.1635840711859969
Merzenhausen,2025-07-16 19:00:00,test,0.153,1,,stacking,0.16315684765992847
Merzenhausen,2025-07-16 20:00:00,test,0.153,1,,stacking,0.16400489670164925
Merzenhausen,2025-07-16 21:00:00,test,0.15,1,,stacking,0.16159610922023487
Merzenhausen,2025-07-16 22:00:00,test,0.152,1,,stacking,0.16011957149320788
Merzenhausen,2025-07-16 23:00:00,test,0.147,1,,stacking,0.15734444176078824
Merzenhausen,2025-07-17 00:00:00,test,0.15,1,,stacking,0.1570923369813045
Merzenhausen,2025-07-17 01:00:00,test,0.149,1,,stacking,0.15700224789397446
Merzenhausen,2025-07-17 02:00:00,test,0.15,1,,stacking,0.15326752919869616
Merzenhausen,2025-07-17 03:00:00,test,0.149,1,,stacking,0.14959353529174801
Merzenhausen,2025-07-17 04:00:00,test,0.148,1,,stacking,0.15151882223323382
Merzenhausen,2025-07-17 05:00:00,test,0.146,1,,stacking,0.15284847404470345
Merzenhausen,2025-07-17 06:00:00,test,0.148,1,,stacking,0.1536215699833785
Merzenhausen,2025-07-17 07:00:00,test,0.149,1,,stacking,0.15346904014430668
Merzenhausen,2025-07-17 08:00:00,test,0.151,1,,stacking,0.15522971493297344
Merzenhausen,2025-07-17 09:00:00,test,0.15,1,,stacking,0.1551951966284723
Merzenhausen,2025-07-17 10:00:00,test,0.151,1,,stacking,0.1537656621115535
Merzenhausen,2025-07-17 11:00:00,test,0.149,1,,stacking,0.15472803600259377
Merzenhausen,2025-07-17 12:00:00,test,0.15,1,,stacking,0.15512830732857857
Merzenhausen,2025-07-17 13:00:00,test,0.152,1,,stacking,0.15674779409601813
Merzenhausen,2025-07-17 14:00:00,test,0.151,1,,stacking,0.15684715378950442
Merzenhausen,2025-07-17 15:00:00,test,0.151,1,,stacking,0.1542749934998816
Merzenhausen,2025-07-17 16:00:00,test,0.149,1,,stacking,0.15557618869148288
Merzenhausen,2025-07-17 17:00:00,test,0.15,1,,stacking,0.1548428589576115
Merzenhausen,2025-07-17 18:00:00,test,0.152,1,,stacking,0.15398057003690502
Merzenhausen,2025-07-17 19:00:00,test,0.149,1,,stacking,0.15237778601590313
Merzenhausen,2025-07-17 20:00:00,test,0.148,1,,stacking,0.1489167864022647
Merzenhausen,2025-07-17 21:00:00,test,0.149,1,,stacking,0.14837371572668526
Merzenhausen,2025-07-17 22:00:00,test,0.146,1,,stacking,0.14488364700756234
Merzenhausen,2025-07-17 23:00:00,test,0.147,1,,stacking,0.14474519121261814
Merzenhausen,2025-07-18 00:00:00,test,0.146,1,,stacking,0.14337784166651368
Merzenhausen,2025-07-18 01:00:00,test,0.146,1,,stacking,0.14574448312840002
Merzenhausen,2025-07-18 02:00:00,test,0.147,1,,stacking,0.14471767249376016
Merzenhausen,2025-07-18 03:00:00,test,0.145,1,,stacking,0.14640962422833836
Merzenhausen,2025-07-18 04:00:00,test,0.148,1,,stacking,0.146604563230586
Merzenhausen,2025-07-18 05:00:00,test,0.144,1,,stacking,0.14570259280553208
Merzenhausen,2025-07-18 06:00:00,test,0.144,1,,stacking,0.1473521714205342
Merzenhausen,2025-07-18 07:00:00,test,0.148,1,,stacking,0.1486665903366972
Merzenhausen,2025-07-18 08:00:00,test,0.145,1,,stacking,0.15362311777544993
Merzenhausen,2025-07-18 09:00:00,test,0.146,1,,stacking,0.1518562179484668
Merzenhausen,2025-07-18 10:00:00,test,0.145,1,,stacking,0.15499339949397334
Merzenhausen,2025-07-18 11:00:00,test,0.148,1,,stacking,0.15610394763477795
Merzenhausen,2025-07-18 12:00:00,test,0.149,1,,stacking,0.15330846441034507
Merzenhausen,2025-07-18 13:00:00,test,0.15,1,,stacking,0.1540584157764688
Merzenhausen,2025-07-18 14:00:00,test,0.149,1,,stacking,0.15497130384311536
Merzenhausen,2025-07-18 15:00:00,test,0.148,1,,stacking,0.15244847054614272
Merzenhausen,2025-07-18 16:00:00,test,0.158,1,,stacking,0.15233240425930866
Merzenhausen,2025-07-18 17:00:00,test,0.16,1,,stacking,0.15163900728409005
Merzenhausen,2025-07-18 18:00:00,test,0.16,1,,stacking,0.15308278453494922
Merzenhausen,2025-07-18 19:00:00,test,0.158,1,,stacking,0.15062669799897271
Merzenhausen,2025-07-18 20:00:00,test,0.159,1,,stacking,0.14937343890368301
Merzenhausen,2025-07-18 21:00:00,test,0.156,1,,stacking,0.14969721939778674
Merzenhausen,2025-07-18 22:00:00,test,0.158,1,,stacking,0.14701634779160483
Merzenhausen,2025-07-18 23:00:00,test,0.156,1,,stacking,0.14706104595449984
Merzenhausen,2025-07-19 00:00:00,test,0.157,1,,stacking,0.14381851201314597
Merzenhausen,2025-07-19 01:00:00,test,0.155,1,,stacking,0.14426350064147203
Merzenhausen,2025-07-19 02:00:00,test,0.152,1,,stacking,0.1438493455012771
Merzenhausen,2025-07-19 03:00:00,test,0.153,1,,stacking,0.14505017533676628
Merzenhausen,2025-07-19 04:00:00,test,0.153,1,,stacking,0.14447069794627218
Merzenhausen,2025-07-19 05:00:00,test,0.154,1,,stacking,0.14206664969063307
Merzenhausen,2025-07-19 06:00:00,test,0.154,1,,stacking,0.14328378274128659
Merzenhausen,2025-07-19 07:00:00,test,0.157,1,,stacking,0.1445789917021011
Merzenhausen,2025-07-19 08:00:00,test,0.153,1,,stacking,0.1469805346602262
Merzenhausen,2025-07-19 09:00:00,test,0.154,1,,stacking,0.150068925445994
Merzenhausen,2025-07-19 10:00:00,test,0.155,1,,stacking,0.14964291052166911
Merzenhausen,2025-07-19 11:00:00,test,0.157,1,,stacking,0.1497090263434755
Merzenhausen,2025-07-19 12:00:00,test,0.155,1,,stacking,0.1506450053912961
Merzenhausen,2025-07-19 13:00:00,test,0.155,1,,stacking,0.15168142850128394
Merzenhausen,2025-07-19 14:00:00,test,0.155,1,,stacking,0.15214532864951763
Merzenhausen,2025-07-19 15:00:00,test,0.156,1,,stacking,0.15397839872186256
Merzenhausen,2025-07-19 16:00:00,test,0.154,1,,stacking,0.1530744817505767
Merzenhausen,2025-07-19 17:00:00,test,0.154,1,,stacking,0.15298439306169168
Merzenhausen,2025-07-19 18:00:00,test,0.151,1,,stacking,0.16225190387222566
Merzenhausen,2025-07-19 19:00:00,test,0.152,1,,stacking,0.15940614903873784
Merzenhausen,2025-07-19 20:00:00,test,0.153,1,,stacking,0.15831293671818222
Merzenhausen,2025-07-19 21:00:00,test,0.15,1,,stacking,0.15760533932028295
Merzenhausen,2025-07-19 22:00:00,test,0.15,1,,stacking,0.15550496350352896
Merzenhausen,2025-07-19 23:00:00,test,0.151,1,,stacking,0.15733304661994513
Merzenhausen,2025-07-20 00:00:00,test,0.15,1,,stacking,0.15322206274229594
Merzenhausen,2025-07-20 01:00:00,test,0.151,1,,stacking,0.15371268200569882
Merzenhausen,2025-07-20 02:00:00,test,0.15,1,,stacking,0.15123899654213874
Merzenhausen,2025-07-20 03:00:00,test,0.149,1,,stacking,0.14993083504944563
Merzenhausen,2025-07-20 04:00:00,test,0.149,1,,stacking,0.15807525681273932
Merzenhausen,2025-07-20 05:00:00,test,0.15,1,,stacking,0.15651962553111315
Merzenhausen,2025-07-20 06:00:00,test,0.147,1,,stacking,0.14362862444533978
Merzenhausen,2025-07-20 07:00:00,test,0.149,1,,stacking,0.15677917195316365
Merzenhausen,2025-07-20 08:00:00,test,0.148,1,,stacking,0.15255368641163153
Merzenhausen,2025-07-20 09:00:00,test,0.149,1,,stacking,0.15360727701638846
Merzenhausen,2025-07-20 10:00:00,test,0.148,1,,stacking,0.1544901842181579
Merzenhausen,2025-07-20 11:00:00,test,0.151,1,,stacking,0.1560734972610939
Merzenhausen,2025-07-20 12:00:00,test,0.153,1,,stacking,0.1592719266162939
Merzenhausen,2025-07-20 13:00:00,test,0.152,1,,stacking,0.1599336017088872
Merzenhausen,2025-07-20 14:00:00,test,0.156,1,,stacking,0.16118399714819254
Merzenhausen,2025-07-20 15:00:00,test,0.152,1,,stacking,0.17587775452196508
Merzenhausen,2025-07-20 16:00:00,test,0.152,1,,stacking,0.1893564588414018
Merzenhausen,2025-07-20 17:00:00,test,0.152,1,,stacking,0.1927513942539153
Merzenhausen,2025-07-20 18:00:00,test,0.152,1,,stacking,0.1912953574848446
Merzenhausen,2025-07-20 19:00:00,test,0.151,1,,stacking,0.1904123003775268
Merzenhausen,2025-07-20 20:00:00,test,0.153,1,,stacking,0.19179146624109336
Merzenhausen,2025-07-20 21:00:00,test,0.151,1,,stacking,0.19303910033039678
Merzenhausen,2025-07-20 22:00:00,test,0.148,1,,stacking,0.19636273168366947
Merzenhausen,2025-07-20 23:00:00,test,0.15,1,,stacking,0.1930147404665271
Merzenhausen,2025-07-21 00:00:00,test,0.149,1,,stacking,0.1938679553651076
Merzenhausen,2025-07-21 01:00:00,test,0.147,1,,stacking,0.1964962539514929
Merzenhausen,2025-07-21 02:00:00,test,0.151,1,,stacking,0.1921239088263084
Merzenhausen,2025-07-21 03:00:00,test,0.15,1,,stacking,0.18632748921275824
Merzenhausen,2025-07-21 04:00:00,test,0.149,1,,stacking,0.18454128616700846
Merzenhausen,2025-07-21 05:00:00,test,0.148,1,,stacking,0.18571821296246105
Merzenhausen,2025-07-21 06:00:00,test,0.146,1,,stacking,0.1821734434088313
Merzenhausen,2025-07-21 07:00:00,test,0.147,1,,stacking,0.18696879970891522
Merzenhausen,2025-07-21 08:00:00,test,0.149,1,,stacking,0.18413110884955539
Merzenhausen,2025-07-21 09:00:00,test,0.147,1,,stacking,0.18269498789009905
Merzenhausen,2025-07-21 10:00:00,test,0.152,1,,stacking,0.18618926864412924
Merzenhausen,2025-07-21 11:00:00,test,0.151,1,,stacking,0.18914807448007595
Merzenhausen,2025-07-29 21:00:00,test,0.156,1,,stacking,0.16140008847149687
Merzenhausen,2025-07-29 22:00:00,test,0.157,1,,stacking,0.16300759200597384
Merzenhausen,2025-07-29 23:00:00,test,0.155,1,,stacking,0.16290506425396006
Merzenhausen,2025-07-30 00:00:00,test,0.158,1,,stacking,0.1682598267103779
Merzenhausen,2025-07-30 01:00:00,test,0.158,1,,stacking,0.16733054130638475
Merzenhausen,2025-07-30 02:00:00,test,0.16,1,,stacking,0.1709095002836542
Merzenhausen,2025-07-30 03:00:00,test,0.156,1,,stacking,0.1682412108579568
Merzenhausen,2025-07-30 04:00:00,test,0.157,1,,stacking,0.16268294072007095
Merzenhausen,2025-07-30 05:00:00,test,0.154,1,,stacking,0.15413903185586503
Merzenhausen,2025-07-30 06:00:00,test,0.157,1,,stacking,0.14408089966424553
Merzenhausen,2025-07-30 07:00:00,test,0.158,1,,stacking,0.1452388902405708
Merzenhausen,2025-07-30 08:00:00,test,0.158,1,,stacking,0.1456791473411623
Merzenhausen,2025-07-30 09:00:00,test,0.159,1,,stacking,0.1503805818401434
Merzenhausen,2025-07-30 10:00:00,test,0.162,1,,stacking,0.15331915515944272
Merzenhausen,2025-07-30 11:00:00,test,0.165,1,,stacking,0.1528507326854703
Merzenhausen,2025-07-30 12:00:00,test,0.165,1,,stacking,0.15257305176537103
Merzenhausen,2025-07-30 13:00:00,test,0.167,1,,stacking,0.16170317767369008
Merzenhausen,2025-07-30 14:00:00,test,0.165,1,,stacking,0.16463846786459796
Merzenhausen,2025-07-30 15:00:00,test,0.165,1,,stacking,0.16406066267903224
Merzenhausen,2025-07-30 16:00:00,test,0.164,1,,stacking,0.1640230459911977
Merzenhausen,2025-07-30 17:00:00,test,0.166,1,,stacking,0.164032463250622
Merzenhausen,2025-07-30 18:00:00,test,0.163,1,,stacking,0.16240077562850933
Merzenhausen,2025-07-30 19:00:00,test,0.165,1,,stacking,0.1617998101875392
Merzenhausen,2025-07-30 20:00:00,test,0.165,1,,stacking,0.1614775483105217
Merzenhausen,2025-07-30 21:00:00,test,0.166,1,,stacking,0.16157761143923824
Merzenhausen,2025-07-30 22:00:00,test,0.164,1,,stacking,0.1594716077532079
Merzenhausen,2025-07-30 23:00:00,test,0.164,1,,stacking,0.1636781759589035
Merzenhausen,2025-07-31 00:00:00,test,0.166,1,,stacking,0.15847244766781662
Merzenhausen,2025-07-31 01:00:00,test,0.163,1,,stacking,0.16240945554221656
Merzenhausen,2025-07-31 02:00:00,test,0.161,1,,stacking,0.15896648676797037
Merzenhausen,2025-07-31 03:00:00,test,0.162,1,,stacking,0.15457436793509616
Merzenhausen,2025-07-31 04:00:00,test,0.159,1,,stacking,0.1531074204133709
Merzenhausen,2025-07-31 05:00:00,test,0.16,1,,stacking,0.1525067343428147
Merzenhausen,2025-07-31 06:00:00,test,0.16,1,,stacking,0.15326448439640897
Merzenhausen,2025-07-31 07:00:00,test,0.163,1,,stacking,0.1606643207108424
Merzenhausen,2025-07-31 08:00:00,test,0.164,1,,stacking,0.16268273870628974
Merzenhausen,2025-07-31 09:00:00,test,0.165,1,,stacking,0.15186606252390172
Merzenhausen,2025-07-31 10:00:00,test,0.166,1,,stacking,0.14950991316756226
Merzenhausen,2025-07-31 11:00:00,test,0.166,1,,stacking,0.14858970586931683
Merzenhausen,2025-07-31 12:00:00,test,0.169,1,,stacking,0.14279211528822947
Merzenhausen,2025-07-31 13:00:00,test,0.167,1,,stacking,0.14085093928282139
Merzenhausen,2025-07-31 14:00:00,test,0.17,1,,stacking,0.1399417281450808
Merzenhausen,2025-07-31 15:00:00,test,0.167,1,,stacking,0.14604029039946953
Merzenhausen,2025-07-31 17:00:00,test,0.169,1,,stacking,0.1485648202822944
Merzenhausen,2025-07-31 18:00:00,test,0.17,1,,stacking,0.15483000916461526
Merzenhausen,2025-07-31 19:00:00,test,0.17,1,,stacking,0.14621238351332158
Merzenhausen,2025-07-31 20:00:00,test,0.171,1,,stacking,0.16152246806971884
Merzenhausen,2025-07-31 21:00:00,test,0.168,1,,stacking,0.17061262152260215
Merzenhausen,2025-07-31 22:00:00,test,0.167,1,,stacking,0.16419488588027645
Merzenhausen,2025-07-31 23:00:00,test,0.169,1,,stacking,0.16813504654581604
Merzenhausen,2025-08-01 00:00:00,test,0.165,1,,stacking,0.16746910456268796
Merzenhausen,2025-08-01 01:00:00,test,0.165,1,,stacking,0.16708477334140748
Merzenhausen,2025-08-01 02:00:00,test,0.165,1,,stacking,0.16793025911280884
Merzenhausen,2025-08-01 03:00:00,test,0.166,1,,stacking,0.16270513455923744
Merzenhausen,2025-08-01 04:00:00,test,0.168,1,,stacking,0.15864883245677727
Merzenhausen,2025-08-01 05:00:00,test,0.166,1,,stacking,0.15587556451007425
Merzenhausen,2025-08-01 06:00:00,test,0.166,1,,stacking,0.16012870840237914
Merzenhausen,2025-08-01 07:00:00,test,0.167,1,,stacking,0.16199241765165803
Merzenhausen,2025-08-01 08:00:00,test,0.17,1,,stacking,0.16253100334975912
Merzenhausen,2025-08-01 14:00:00,test,0.1845,1,,stacking,0.169780644278779
Merzenhausen,2025-08-02 00:00:00,test,0.1735,1,,stacking,0.16501405054357676
Merzenhausen,2025-08-02 06:00:00,test,0.1715,1,,stacking,0.16189697624188548
Merzenhausen,2025-08-02 11:00:00,test,0.17750001,1,,stacking,0.1657464722286948
Merzenhausen,2025-08-02 12:00:00,test,0.1795,1,,stacking,0.1680717246417449
Merzenhausen,2025-08-02 13:00:00,test,0.1795,1,,stacking,0.1667417186758315
Merzenhausen,2025-08-02 15:00:00,test,0.17300001,1,,stacking,0.16821955764024935
Merzenhausen,2025-08-02 23:00:00,test,0.163,1,,stacking,0.16852914182219303
Merzenhausen,2025-08-04 21:00:00,test,0.168,1,,stacking,0.18510729164590825
Merzenhausen,2025-08-04 22:00:00,test,0.17,1,,stacking,0.17802246613541842
Merzenhausen,2025-08-04 23:00:00,test,0.167,1,,stacking,0.17121242109061013
Merzenhausen,2025-08-05 00:00:00,test,0.166,1,,stacking,0.17856963753713834
Merzenhausen,2025-08-05 01:00:00,test,0.166,1,,stacking,0.18446772721142407
Merzenhausen,2025-08-05 02:00:00,test,0.167,1,,stacking,0.1868274671257682
Merzenhausen,2025-08-05 03:00:00,test,0.168,1,,stacking,0.1865200579851392
Merzenhausen,2025-08-05 04:00:00,test,0.165,1,,stacking,0.19116981266830968
Merzenhausen,2025-08-05 05:00:00,test,0.166,1,,stacking,0.19336577073909522
Merzenhausen,2025-08-05 06:00:00,test,0.165,1,,stacking,0.1879140850332261
Merzenhausen,2025-08-05 07:00:00,test,0.167,1,,stacking,0.18708213554153164
Merzenhausen,2025-08-05 08:00:00,test,0.167,1,,stacking,0.18766623533870994
Merzenhausen,2025-08-05 09:00:00,test,0.17,1,,stacking,0.1940008630350723
Merzenhausen,2025-08-05 10:00:00,test,0.171,1,,stacking,0.1905981559825445
Merzenhausen,2025-08-05 17:00:00,test,0.17,1,,stacking,0.20146121452009
Merzenhausen,2025-08-05 18:00:00,test,0.17,1,,stacking,0.2005706226099075
Merzenhausen,2025-08-05 19:00:00,test,0.168,1,,stacking,0.2014532502055296
Merzenhausen,2025-08-05 20:00:00,test,0.169,1,,stacking,0.20001617906339586
Merzenhausen,2025-08-05 21:00:00,test,0.168,1,,stacking,0.1948838393025913
Merzenhausen,2025-08-05 22:00:00,test,0.167,1,,stacking,0.1888259090478997
Merzenhausen,2025-08-05 23:00:00,test,0.164,1,,stacking,0.1861262172100196
Merzenhausen,2025-08-06 00:00:00,test,0.165,1,,stacking,0.18477643561999318
Merzenhausen,2025-08-06 01:00:00,test,0.166,1,,stacking,0.18368216012179805
Merzenhausen,2025-08-06 02:00:00,test,0.161,1,,stacking,0.18261995727854682
Merzenhausen,2025-08-06 03:00:00,test,0.161,1,,stacking,0.18254024341540376
Merzenhausen,2025-08-06 04:00:00,test,0.161,1,,stacking,0.18315330515857683
Merzenhausen,2025-08-06 05:00:00,test,0.162,1,,stacking,0.18337375332716024
Merzenhausen,2025-08-06 06:00:00,test,0.162,1,,stacking,0.18332275869236014
Merzenhausen,2025-08-06 07:00:00,test,0.161,1,,stacking,0.18073792140864528
Merzenhausen,2025-08-06 08:00:00,test,0.16,1,,stacking,0.18239697703743865
Merzenhausen,2025-08-06 09:00:00,test,0.163,1,,stacking,0.18883981155257623
Merzenhausen,2025-08-06 10:00:00,test,0.164,1,,stacking,0.19224342144449155
Merzenhausen,2025-08-06 11:00:00,test,0.167,1,,stacking,0.19219938317830254
Merzenhausen,2025-08-06 12:00:00,test,0.166,1,,stacking,0.1963222808908182
Merzenhausen,2025-08-06 13:00:00,test,0.166,1,,stacking,0.19567653220418865
Merzenhausen,2025-08-06 14:00:00,test,0.165,1,,stacking,0.19476752727013025
Merzenhausen,2025-08-06 15:00:00,test,0.167,1,,stacking,0.18823386351130683
Merzenhausen,2025-08-06 16:00:00,test,0.167,1,,stacking,0.18490218538682382
Merzenhausen,2025-08-06 17:00:00,test,0.166,1,,stacking,0.18339371275274854
Merzenhausen,2025-08-06 18:00:00,test,0.167,1,,stacking,0.18040317677561227
Merzenhausen,2025-08-06 19:00:00,test,0.164,1,,stacking,0.17738320618937645
Merzenhausen,2025-08-06 20:00:00,test,0.165,1,,stacking,0.17903027400670232
Merzenhausen,2025-08-06 21:00:00,test,0.162,1,,stacking,0.17453304815558549
Merzenhausen,2025-08-06 22:00:00,test,0.159,1,,stacking,0.17647696163692353
Merzenhausen,2025-08-06 23:00:00,test,0.161,1,,stacking,0.17449799252068782
Merzenhausen,2025-08-07 00:00:00,test,0.161,1,,stacking,0.17545785524126867
Merzenhausen,2025-08-07 01:00:00,test,0.158,1,,stacking,0.17509480405289576
Merzenhausen,2025-08-07 02:00:00,test,0.161,1,,stacking,0.17514484676258427
Merzenhausen,2025-08-07 03:00:00,test,0.154,1,,stacking,0.17548388323050784
Merzenhausen,2025-08-07 04:00:00,test,0.159,1,,stacking,0.17440662406308755
Merzenhausen,2025-08-07 05:00:00,test,0.1675,1,,stacking,0.1748531762423799
Merzenhausen,2025-08-07 06:00:00,test,0.156,1,,stacking,0.17404056369996773
Merzenhausen,2025-08-07 07:00:00,test,0.159,1,,stacking,0.17350362241102482
Merzenhausen,2025-08-07 08:00:00,test,0.159,1,,stacking,0.17323785529102598
Merzenhausen,2025-08-07 09:00:00,test,0.159,1,,stacking,0.17186109498134675
Merzenhausen,2025-08-07 10:00:00,test,0.166,1,,stacking,0.17435933860008604
Merzenhausen,2025-08-07 11:00:00,test,0.169,1,,stacking,0.1745464354500948
Merzenhausen,2025-08-07 12:00:00,test,0.168,1,,stacking,0.17575685307010885
Merzenhausen,2025-08-07 14:00:00,test,0.168,1,,stacking,0.1785206671005053
Merzenhausen,2025-08-07 15:00:00,test,0.1505,1,,stacking,0.1782613174129466
Merzenhausen,2025-08-07 16:00:00,test,0.165,1,,stacking,0.1804909602386337
Merzenhausen,2025-08-07 17:00:00,test,0.158,1,,stacking,0.17634361001938334
Merzenhausen,2025-08-07 18:00:00,test,0.159,1,,stacking,0.17436453335323007
Merzenhausen,2025-08-07 19:00:00,test,0.155,1,,stacking,0.173900872109383
Merzenhausen,2025-08-07 20:00:00,test,0.154,1,,stacking,0.17784167151408128
Merzenhausen,2025-08-07 21:00:00,test,0.152,1,,stacking,0.1767005482580139
Merzenhausen,2025-08-07 22:00:00,test,0.151,1,,stacking,0.17609595519839016
Merzenhausen,2025-08-07 23:00:00,test,0.149,1,,stacking,0.17276768589307906
Merzenhausen,2025-08-08 00:00:00,test,0.148,1,,stacking,0.1770016422923741
Merzenhausen,2025-08-08 01:00:00,test,0.1615,1,,stacking,0.17893742758249082
Merzenhausen,2025-08-08 02:00:00,test,0.145,1,,stacking,0.17264695306425343
Merzenhausen,2025-08-08 03:00:00,test,0.146,1,,stacking,0.17234056887807023
Merzenhausen,2025-08-08 04:00:00,test,0.145,1,,stacking,0.17291745920418938
Merzenhausen,2025-08-08 05:00:00,test,0.145,1,,stacking,0.17059616065756997
Merzenhausen,2025-08-08 06:00:00,test,0.145,1,,stacking,0.17195317153773315
Merzenhausen,2025-08-08 07:00:00,test,0.146,1,,stacking,0.1710067942334064
Merzenhausen,2025-08-08 08:00:00,test,0.147,1,,stacking,0.16744118168311645
Merzenhausen,2025-08-08 09:00:00,test,0.15,1,,stacking,0.16778334117382598
Merzenhausen,2025-08-08 10:00:00,test,0.15,1,,stacking,0.16956396513964508
Merzenhausen,2025-08-08 11:00:00,test,0.151,1,,stacking,0.16613360370075275
Merzenhausen,2025-08-08 12:00:00,test,0.154,1,,stacking,0.16980295203486098
Merzenhausen,2025-08-08 13:00:00,test,0.159,1,,stacking,0.17007964960285743
Merzenhausen,2025-08-08 14:00:00,test,0.153,1,,stacking,0.17305405191183054
Merzenhausen,2025-08-08 15:00:00,test,0.149,1,,stacking,0.174833539631635
Merzenhausen,2025-08-08 16:00:00,test,0.149,1,,stacking,0.17616401259715886
Merzenhausen,2025-08-08 17:00:00,test,0.145,1,,stacking,0.17685584050171582
Merzenhausen,2025-08-08 18:00:00,test,0.144,1,,stacking,0.17823567324344128
Merzenhausen,2025-08-08 19:00:00,test,0.142,1,,stacking,0.17340324372359348
Merzenhausen,2025-08-08 20:00:00,test,0.139,1,,stacking,0.1754333621838626
Merzenhausen,2025-08-08 21:00:00,test,0.138,1,,stacking,0.1715648700629175
Merzenhausen,2025-08-08 22:00:00,test,0.138,1,,stacking,0.16567515989135412
Merzenhausen,2025-08-08 23:00:00,test,0.137,1,,stacking,0.16611296370985268
Merzenhausen,2025-08-09 00:00:00,test,0.131,1,,stacking,0.1625499299670138
Merzenhausen,2025-08-09 01:00:00,test,0.134,1,,stacking,0.1601859681482034
Merzenhausen,2025-08-09 02:00:00,test,0.131,1,,stacking,0.16025419607610714
Merzenhausen,2025-08-09 03:00:00,test,0.133,1,,stacking,0.15468897263368142
Merzenhausen,2025-08-09 04:00:00,test,0.132,1,,stacking,0.15598002950063222
Merzenhausen,2025-08-09 05:00:00,test,0.131,1,,stacking,0.16241254768062677
Merzenhausen,2025-08-09 06:00:00,test,0.13,1,,stacking,0.15918632047212297
Merzenhausen,2025-08-09 07:00:00,test,0.13,1,,stacking,0.1555011414433172
Merzenhausen,2025-08-09 08:00:00,test,0.13,1,,stacking,0.15895856442023604
Merzenhausen,2025-08-09 09:00:00,test,0.138,1,,stacking,0.1553851479117272
Merzenhausen,2025-08-09 10:00:00,test,0.137,1,,stacking,0.16244352772495851
Merzenhausen,2025-08-09 11:00:00,test,0.142,1,,stacking,0.1664976657552296
Merzenhausen,2025-08-09 12:00:00,test,0.142,1,,stacking,0.16534849506765956
Merzenhausen,2025-08-09 13:00:00,test,0.144,1,,stacking,0.1712129309071131
Merzenhausen,2025-08-09 14:00:00,test,0.14,1,,stacking,0.16714712888369124
Merzenhausen,2025-08-09 15:00:00,test,0.136,1,,stacking,0.15724299851733697
Merzenhausen,2025-08-09 16:00:00,test,0.133,1,,stacking,0.16094937469474746
Merzenhausen,2025-08-09 17:00:00,test,0.133,1,,stacking,0.163856833280787
Merzenhausen,2025-08-09 18:00:00,test,0.133,1,,stacking,0.15849673173120477
Merzenhausen,2025-08-09 19:00:00,test,0.128,1,,stacking,0.15857724815820815
Merzenhausen,2025-08-09 20:00:00,test,0.127,1,,stacking,0.1553944831087978
Merzenhausen,2025-08-09 21:00:00,test,0.126,1,,stacking,0.15156954258691904
Merzenhausen,2025-08-09 22:00:00,test,0.126,1,,stacking,0.15162523882617893
Merzenhausen,2025-08-09 23:00:00,test,0.126,1,,stacking,0.15168350822629445
Merzenhausen,2025-08-10 00:00:00,test,0.126,1,,stacking,0.15291086352093392
Merzenhausen,2025-08-10 01:00:00,test,0.128,1,,stacking,0.15807873322824717
Merzenhausen,2025-08-10 02:00:00,test,0.127,1,,stacking,0.15166986214921915
Merzenhausen,2025-08-10 03:00:00,test,0.128,1,,stacking,0.14769579232640873
Merzenhausen,2025-08-10 04:00:00,test,0.126,1,,stacking,0.14834377308728605
Merzenhausen,2025-08-10 05:00:00,test,0.127,1,,stacking,0.14696116962913008
Merzenhausen,2025-08-10 06:00:00,test,0.124,1,,stacking,0.146339333587007
Merzenhausen,2025-08-10 07:00:00,test,0.124,1,,stacking,0.14687833085804802
Merzenhausen,2025-08-10 08:00:00,test,0.127,1,,stacking,0.14822373189678467
Merzenhausen,2025-08-10 09:00:00,test,0.125,1,,stacking,0.15037972356998053
Merzenhausen,2025-08-10 10:00:00,test,0.126,1,,stacking,0.15163196000311252
Merzenhausen,2025-08-10 11:00:00,test,0.127,1,,stacking,0.14260016355170874
Merzenhausen,2025-08-10 12:00:00,test,0.128,1,,stacking,0.14596060764164454
Merzenhausen,2025-08-10 13:00:00,test,0.129,1,,stacking,0.14690484729178066
Merzenhausen,2025-08-10 14:00:00,test,0.125,1,,stacking,0.14451380994394483
Merzenhausen,2025-08-10 15:00:00,test,0.128,1,,stacking,0.14225561711996731
Merzenhausen,2025-08-10 16:00:00,test,0.126,1,,stacking,0.14204326235558457
Merzenhausen,2025-08-10 17:00:00,test,0.128,1,,stacking,0.14025863403173272
Merzenhausen,2025-08-10 18:00:00,test,0.13,1,,stacking,0.14210038880156917
Merzenhausen,2025-08-10 19:00:00,test,0.127,1,,stacking,0.14418961234082794
Merzenhausen,2025-08-10 20:00:00,test,0.125,1,,stacking,0.1400569115836553
Merzenhausen,2025-08-10 21:00:00,test,0.128,1,,stacking,0.13992774758928903
Merzenhausen,2025-08-10 22:00:00,test,0.129,1,,stacking,0.1387896224735515
Merzenhausen,2025-08-10 23:00:00,test,0.142,1,,stacking,0.13816160639116523
Merzenhausen,2025-08-11 00:00:00,test,0.128,1,,stacking,0.13087555923970945
Merzenhausen,2025-08-11 01:00:00,test,0.128,1,,stacking,0.13335011148305265
Merzenhausen,2025-08-11 02:00:00,test,0.125,1,,stacking,0.13073004197315977
Merzenhausen,2025-08-11 03:00:00,test,0.124,1,,stacking,0.1280790075022086
Merzenhausen,2025-08-11 04:00:00,test,0.12,1,,stacking,0.12703571242048894
Merzenhausen,2025-08-11 05:00:00,test,0.124,1,,stacking,0.12451740463461308
Merzenhausen,2025-08-11 06:00:00,test,0.124,1,,stacking,0.12712765282458005
Merzenhausen,2025-08-11 07:00:00,test,0.124,1,,stacking,0.12731878064385735
Merzenhausen,2025-08-11 08:00:00,test,0.126,1,,stacking,0.1272228755781162
Merzenhausen,2025-08-11 09:00:00,test,0.128,1,,stacking,0.13735912781578896
Merzenhausen,2025-08-11 10:00:00,test,0.127,1,,stacking,0.14027357453688752
Merzenhausen,2025-08-11 11:00:00,test,0.124,1,,stacking,0.13988493435374283
Merzenhausen,2025-08-11 12:00:00,test,0.125,1,,stacking,0.14243680985016607
Merzenhausen,2025-08-11 13:00:00,test,0.127,1,,stacking,0.14291534009573498
Merzenhausen,2025-08-11 14:00:00,test,0.144,1,,stacking,0.14099487590147844
Merzenhausen,2025-08-11 15:00:00,test,0.129,1,,stacking,0.14060781190487018
Merzenhausen,2025-08-11 16:00:00,test,0.129,1,,stacking,0.13466689890983413
Merzenhausen,2025-08-11 17:00:00,test,0.126,1,,stacking,0.13251724495832484
Merzenhausen,2025-08-11 18:00:00,test,0.128,1,,stacking,0.1330291410632624
Merzenhausen,2025-08-11 19:00:00,test,0.125,1,,stacking,0.1285272046825381
Merzenhausen,2025-08-11 20:00:00,test,0.126,1,,stacking,0.12447013159523113
Merzenhausen,2025-08-11 21:00:00,test,0.123,1,,stacking,0.12440747446235273
Merzenhausen,2025-08-11 22:00:00,test,0.125,1,,stacking,0.12305925560953876
Merzenhausen,2025-08-11 23:00:00,test,0.124,1,,stacking,0.1238122683479437
Merzenhausen,2025-08-12 00:00:00,test,0.124,1,,stacking,0.12254601120275266
Merzenhausen,2025-08-12 01:00:00,test,0.123,1,,stacking,0.12381902090486904
Merzenhausen,2025-08-12 02:00:00,test,0.127,1,,stacking,0.12351239975224837
Merzenhausen,2025-08-12 03:00:00,test,0.124,1,,stacking,0.1235153667279148
Merzenhausen,2025-08-12 04:00:00,test,0.121,1,,stacking,0.12431036323497682
Merzenhausen,2025-08-12 05:00:00,test,0.126,1,,stacking,0.12419614943340748
Merzenhausen,2025-08-12 06:00:00,test,0.121,1,,stacking,0.12168043440186782
Merzenhausen,2025-08-12 07:00:00,test,0.123,1,,stacking,0.12044906729021759
Merzenhausen,2025-08-12 08:00:00,test,0.121,1,,stacking,0.12122940793082149
Merzenhausen,2025-08-12 09:00:00,test,0.126,1,,stacking,0.12437434393355029
Merzenhausen,2025-08-12 10:00:00,test,0.126,1,,stacking,0.124487115041375
Merzenhausen,2025-08-12 11:00:00,test,0.123,1,,stacking,0.1254421174261797
Merzenhausen,2025-08-12 12:00:00,test,0.124,1,,stacking,0.12491312331846921
Merzenhausen,2025-08-12 13:00:00,test,0.121,1,,stacking,0.1260548029957537
Merzenhausen,2025-08-12 14:00:00,test,0.125,1,,stacking,0.12444307008504496
Merzenhausen,2025-08-12 15:00:00,test,0.122,1,,stacking,0.12484607057073385
Merzenhausen,2025-08-12 16:00:00,test,0.126,1,,stacking,0.12457289272702468
Merzenhausen,2025-08-12 17:00:00,test,0.128,1,,stacking,0.12553400808284504
Merzenhausen,2025-08-12 18:00:00,test,0.124,1,,stacking,0.1267691451689958
Merzenhausen,2025-08-12 19:00:00,test,0.125,1,,stacking,0.12680469154888763
Merzenhausen,2025-08-12 20:00:00,test,0.127,1,,stacking,0.127086337025904
Merzenhausen,2025-08-12 21:00:00,test,0.124,1,,stacking,0.12678769534007128
Merzenhausen,2025-08-12 22:00:00,test,0.121,1,,stacking,0.12591668100792527
Merzenhausen,2025-08-12 23:00:00,test,0.125,1,,stacking,0.13763592328872779
Merzenhausen,2025-08-13 00:00:00,test,0.124,1,,stacking,0.12820757536659666
Merzenhausen,2025-08-13 01:00:00,test,0.124,1,,stacking,0.12346388033023423
Merzenhausen,2025-08-13 02:00:00,test,0.123,1,,stacking,0.1246010978104734
Merzenhausen,2025-08-13 03:00:00,test,0.123,1,,stacking,0.12233242578365414
Merzenhausen,2025-08-13 04:00:00,test,0.12,1,,stacking,0.12146496446295207
Merzenhausen,2025-08-13 05:00:00,test,0.119,1,,stacking,0.12204126295493523
Merzenhausen,2025-08-13 06:00:00,test,0.123,1,,stacking,0.12087723641543946
Merzenhausen,2025-08-13 07:00:00,test,0.119,1,,stacking,0.1197634417889433
Merzenhausen,2025-08-13 08:00:00,test,0.119,1,,stacking,0.12174211184327674
Merzenhausen,2025-08-13 09:00:00,test,0.123,1,,stacking,0.12403514721295789
Merzenhausen,2025-08-13 10:00:00,test,0.12,1,,stacking,0.12553742249529415
Merzenhausen,2025-08-13 11:00:00,test,0.123,1,,stacking,0.12443378284030471
Merzenhausen,2025-08-13 12:00:00,test,0.124,1,,stacking,0.12502984385877167
Merzenhausen,2025-08-13 13:00:00,test,0.121,1,,stacking,0.1300644731444309
Merzenhausen,2025-08-13 14:00:00,test,0.123,1,,stacking,0.14035210425740438
Merzenhausen,2025-08-13 15:00:00,test,0.124,1,,stacking,0.13196648657902038
Merzenhausen,2025-08-13 16:00:00,test,0.124,1,,stacking,0.1267234048476957
Merzenhausen,2025-08-13 17:00:00,test,0.123,1,,stacking,0.12679756125396546
Merzenhausen,2025-08-13 18:00:00,test,0.123,1,,stacking,0.12564284843714843
Merzenhausen,2025-08-13 19:00:00,test,0.124,1,,stacking,0.1255301666627095
Merzenhausen,2025-08-13 20:00:00,test,0.123,1,,stacking,0.12494742508251588
Merzenhausen,2025-08-13 21:00:00,test,0.125,1,,stacking,0.1261288133643799
Merzenhausen,2025-08-13 22:00:00,test,0.12,1,,stacking,0.1218773141637029
Merzenhausen,2025-08-13 23:00:00,test,0.121,1,,stacking,0.123938562784869
Merzenhausen,2025-08-14 00:00:00,test,0.12,1,,stacking,0.12210753070615102
Merzenhausen,2025-08-14 01:00:00,test,0.12,1,,stacking,0.12415085847152108
Merzenhausen,2025-08-14 02:00:00,test,0.119,1,,stacking,0.12479152603094396
Merzenhausen,2025-08-14 03:00:00,test,0.121,1,,stacking,0.12486707413212988
Merzenhausen,2025-08-14 05:00:00,test,0.118,1,,stacking,0.12415303422742185
Merzenhausen,2025-08-14 06:00:00,test,0.118,1,,stacking,0.12364048080629514
Merzenhausen,2025-08-14 07:00:00,test,0.12,1,,stacking,0.12239965311088832
Merzenhausen,2025-08-14 08:00:00,test,0.12,1,,stacking,0.12319581446194788
Merzenhausen,2025-08-14 09:00:00,test,0.12,1,,stacking,0.12551116150997665
Merzenhausen,2025-08-14 10:00:00,test,0.12,1,,stacking,0.1280028822795721
Merzenhausen,2025-08-14 11:00:00,test,0.118,1,,stacking,0.12694927384112892
Merzenhausen,2025-08-14 12:00:00,test,0.12,1,,stacking,0.13406577559517285
Merzenhausen,2025-08-14 14:00:00,test,0.12,1,,stacking,0.1363582976851116
Merzenhausen,2025-08-14 15:00:00,test,0.122,1,,stacking,0.13676825909998064
Merzenhausen,2025-08-14 16:00:00,test,0.12,1,,stacking,0.13382266828778056
Merzenhausen,2025-08-14 17:00:00,test,0.118,1,,stacking,0.13525531846743077
Merzenhausen,2025-08-14 18:00:00,test,0.122,1,,stacking,0.13334537332523358
Merzenhausen,2025-08-14 19:00:00,test,0.12,1,,stacking,0.13452559101659806
Merzenhausen,2025-08-14 20:00:00,test,0.118,1,,stacking,0.1372943358375805
Merzenhausen,2025-08-14 21:00:00,test,0.119,1,,stacking,0.13585386843680736
Merzenhausen,2025-08-14 22:00:00,test,0.121,1,,stacking,0.13615830042302862
Merzenhausen,2025-08-14 23:00:00,test,0.118,1,,stacking,0.13502288837198173
Merzenhausen,2025-08-15 01:00:00,test,0.12,1,,stacking,0.13696001580235628
Merzenhausen,2025-08-15 03:00:00,test,0.119,1,,stacking,0.1381268595764077
Merzenhausen,2025-08-15 04:00:00,test,0.118,1,,stacking,0.1386632179019272
Merzenhausen,2025-08-15 05:00:00,test,0.12,1,,stacking,0.13849960292881122
Merzenhausen,2025-08-15 07:00:00,test,0.119,1,,stacking,0.13263620578087695
Merzenhausen,2025-08-15 09:00:00,test,0.118,1,,stacking,0.13203288160942714
Merzenhausen,2025-08-15 13:00:00,test,0.12,1,,stacking,0.1345823038988255
Merzenhausen,2025-08-15 14:00:00,test,0.118,1,,stacking,0.13567535808195252
Merzenhausen,2025-08-15 15:00:00,test,0.121,1,,stacking,0.14048052219119955
Merzenhausen,2025-08-15 16:00:00,test,0.121,1,,stacking,0.13953145577041312
Merzenhausen,2025-08-15 18:00:00,test,0.118,1,,stacking,0.1395869344380208
Merzenhausen,2025-08-15 20:00:00,test,0.118,1,,stacking,0.14119706355823614
Merzenhausen,2025-08-15 21:00:00,test,0.119,1,,stacking,0.14384566329003906
Merzenhausen,2025-08-15 22:00:00,test,0.119,1,,stacking,0.14078031852109982
Merzenhausen,2025-08-16 00:00:00,test,0.118,1,,stacking,0.13908997791499578
Merzenhausen,2025-08-16 01:00:00,test,0.12,1,,stacking,0.1387985785632013
Merzenhausen,2025-08-16 02:00:00,test,0.118,1,,stacking,0.13762065344481608
Merzenhausen,2025-08-16 03:00:00,test,0.133,1,,stacking,0.13747788766064675
Merzenhausen,2025-08-16 05:00:00,test,0.1045,1,,stacking,0.13565053367552649
Merzenhausen,2025-08-16 06:00:00,test,0.118,1,,stacking,0.1352933721709031
Merzenhausen,2025-08-16 10:00:00,test,0.118,1,,stacking,0.13359352351947376
Merzenhausen,2025-08-16 12:00:00,test,0.118,1,,stacking,0.13289870908248677
Merzenhausen,2025-08-16 13:00:00,test,0.1395,1,,stacking,0.1348173475670264
Merzenhausen,2025-08-16 14:00:00,test,0.119,1,,stacking,0.13348123296693684
Merzenhausen,2025-08-16 15:00:00,test,0.122,1,,stacking,0.13400608600570507
Merzenhausen,2025-08-16 16:00:00,test,0.123,1,,stacking,0.13260943137846198
Merzenhausen,2025-08-16 20:00:00,test,0.118,1,,stacking,0.12539280000849706
Merzenhausen,2025-08-16 23:00:00,test,0.118,1,,stacking,0.12359000441465565
Merzenhausen,2025-08-17 00:00:00,test,0.12,1,,stacking,0.12170527674129714
Merzenhausen,2025-08-17 05:00:00,test,0.119,1,,stacking,0.11697451415969704
Merzenhausen,2025-08-17 06:00:00,test,0.118,1,,stacking,0.11558222074623836
Merzenhausen,2025-08-17 12:00:00,test,0.119,1,,stacking,0.11624125302422672
Merzenhausen,2025-08-17 13:00:00,test,0.118,1,,stacking,0.11672165199746079
Merzenhausen,2025-08-17 14:00:00,test,0.118,1,,stacking,0.1172146635227923
Merzenhausen,2025-08-17 15:00:00,test,0.121,1,,stacking,0.11694757940735273
Merzenhausen,2025-08-17 16:00:00,test,0.121,1,,stacking,0.11766622376727348
Merzenhausen,2025-08-17 17:00:00,test,0.119,1,,stacking,0.11786365776784374
Merzenhausen,2025-08-17 18:00:00,test,0.118,1,,stacking,0.11795213398300672
Merzenhausen,2025-08-17 19:00:00,test,0.119,1,,stacking,0.11890438963824343
Merzenhausen,2025-08-18 00:00:00,test,0.118,1,,stacking,0.12012140678610947
Merzenhausen,2025-08-18 05:00:00,test,0.118,1,,stacking,0.11493311372354656
Merzenhausen,2025-08-18 14:00:00,test,0.118,1,,stacking,0.12837983086441937
Merzenhausen,2025-08-18 17:00:00,test,0.119,1,,stacking,0.11659404586890529
Merzenhausen,2025-08-18 18:00:00,test,0.12,1,,stacking,0.11777109251770335
Merzenhausen,2025-08-19 15:00:00,test,0.122,1,,stacking,0.12225893979575411
Merzenhausen,2025-09-05 16:00:00,test,0.16,1,,stacking,0.15873446795766682
Merzenhausen,2025-09-05 17:00:00,test,0.162,1,,stacking,0.16051235648594797
Merzenhausen,2025-09-05 18:00:00,test,0.1475,1,,stacking,0.1604007969822397
Merzenhausen,2025-09-05 19:00:00,test,0.161,1,,stacking,0.1583877329184573
Merzenhausen,2025-09-05 20:00:00,test,0.159,1,,stacking,0.15791487766579215
Merzenhausen,2025-09-05 21:00:00,test,0.16,1,,stacking,0.15912828788195368
Merzenhausen,2025-09-05 22:00:00,test,0.16,1,,stacking,0.1555153619496906
Merzenhausen,2025-09-05 23:00:00,test,0.161,1,,stacking,0.15416499881310577
Merzenhausen,2025-09-06 00:00:00,test,0.162,1,,stacking,0.15390674534198814
Merzenhausen,2025-09-06 01:00:00,test,0.16,1,,stacking,0.15466712731964982
Merzenhausen,2025-09-06 02:00:00,test,0.157,1,,stacking,0.15475413279618155
Merzenhausen,2025-09-06 03:00:00,test,0.159,1,,stacking,0.15418157427657936
Merzenhausen,2025-09-06 04:00:00,test,0.159,1,,stacking,0.15431589244647184
Merzenhausen,2025-09-06 05:00:00,test,0.156,1,,stacking,0.15431599214550865
Merzenhausen,2025-09-06 06:00:00,test,0.156,1,,stacking,0.15413171255047034
Merzenhausen,2025-09-06 07:00:00,test,0.156,1,,stacking,0.15405372020333824
Merzenhausen,2025-09-06 08:00:00,test,0.156,1,,stacking,0.15262071261802748
Merzenhausen,2025-09-06 09:00:00,test,0.155,1,,stacking,0.1498792343001727
Merzenhausen,2025-09-06 10:00:00,test,0.157,1,,stacking,0.1533349179383061
Merzenhausen,2025-09-06 11:00:00,test,0.158,1,,stacking,0.15619728560302995
Merzenhausen,2025-09-06 12:00:00,test,0.161,1,,stacking,0.15438498331823175
Merzenhausen,2025-09-06 13:00:00,test,0.159,1,,stacking,0.15608877448367312
Merzenhausen,2025-09-06 14:00:00,test,0.162,1,,stacking,0.15630614931722428
Merzenhausen,2025-09-06 15:00:00,test,0.162,1,,stacking,0.1542187301871965
Merzenhausen,2025-09-06 16:00:00,test,0.162,1,,stacking,0.15528966820641074
Merzenhausen,2025-09-06 17:00:00,test,0.163,1,,stacking,0.15652717909270605
Merzenhausen,2025-09-06 18:00:00,test,0.159,1,,stacking,0.15600649540615014
Merzenhausen,2025-09-06 19:00:00,test,0.16,1,,stacking,0.1517093813299123
Merzenhausen,2025-09-06 20:00:00,test,0.164,1,,stacking,0.15458605223310062
Merzenhausen,2025-09-06 21:00:00,test,0.161,1,,stacking,0.15590772490477953
Merzenhausen,2025-09-06 22:00:00,test,0.163,1,,stacking,0.15683452821607374
Merzenhausen,2025-09-06 23:00:00,test,0.162,1,,stacking,0.14844069570525828
Merzenhausen,2025-09-07 00:00:00,test,0.162,1,,stacking,0.15095336084900693
Merzenhausen,2025-09-07 01:00:00,test,0.161,1,,stacking,0.15120460329490673
Merzenhausen,2025-09-07 02:00:00,test,0.266,1,,stacking,0.15276328846237408
Merzenhausen,2025-09-07 03:00:00,test,0.359,1,,stacking,0.1534988553182809
Merzenhausen,2025-09-07 06:00:00,test,0.365,1,,stacking,0.1517953363818821
Merzenhausen,2025-09-07 07:00:00,test,0.371,1,,stacking,0.14986885494953772
Merzenhausen,2025-09-07 12:00:00,test,0.336,1,,stacking,0.154632047300369
Merzenhausen,2025-09-07 13:00:00,test,0.331,1,,stacking,0.1526809264512601
Merzenhausen,2025-09-17 00:00:00,test,0.258,1,,stacking,0.25284391300615144
Merzenhausen,2025-09-17 01:00:00,test,0.258,1,,stacking,0.2522170876806415
Merzenhausen,2025-09-17 02:00:00,test,0.258,1,,stacking,0.2517587589908433
Merzenhausen,2025-09-17 03:00:00,test,0.255,1,,stacking,0.25159069815264135
Merzenhausen,2025-09-17 04:00:00,test,0.258,1,,stacking,0.25258904930248516
Merzenhausen,2025-09-17 05:00:00,test,0.258,1,,stacking,0.25209791207837906
Merzenhausen,2025-09-17 06:00:00,test,0.258,1,,stacking,0.2519790006010066
Merzenhausen,2025-09-17 07:00:00,test,0.258,1,,stacking,0.2531941569638294
Merzenhausen,2025-09-17 08:00:00,test,0.257,1,,stacking,0.25221730570313217
Merzenhausen,2025-09-17 09:00:00,test,0.26,1,,stacking,0.25335863453564555
Merzenhausen,2025-09-17 10:00:00,test,0.259,1,,stacking,0.2531309361380965
Merzenhausen,2025-09-17 11:00:00,test,0.258,1,,stacking,0.25596853888668064
Merzenhausen,2025-09-17 12:00:00,test,0.258,1,,stacking,0.2562726853654144
Merzenhausen,2025-09-17 13:00:00,test,0.261,1,,stacking,0.25663426758345176
Merzenhausen,2025-09-17 14:00:00,test,0.257,1,,stacking,0.25465535247936283
Merzenhausen,2025-09-17 15:00:00,test,0.256,1,,stacking,0.257016994016266
Merzenhausen,2025-09-17 16:00:00,test,0.251,1,,stacking,0.2575795564487957
Merzenhausen,2025-09-17 17:00:00,test,0.251,1,,stacking,0.25714900275552244
Merzenhausen,2025-09-17 18:00:00,test,0.251,1,,stacking,0.25489731280706246
Merzenhausen,2025-09-17 19:00:00,test,0.252,1,,stacking,0.25698862161955743
Merzenhausen,2025-09-17 20:00:00,test,0.252,1,,stacking,0.2542407578450341
Merzenhausen,2025-09-17 21:00:00,test,0.253,1,,stacking,0.2566574732111594
Merzenhausen,2025-09-17 22:00:00,test,0.25,1,,stacking,0.2565080474725828
Merzenhausen,2025-09-17 23:00:00,test,0.248,1,,stacking,0.25692399104106356
Merzenhausen,2025-09-18 00:00:00,test,0.248,1,,stacking,0.25746992582898787
Merzenhausen,2025-09-18 01:00:00,test,0.25,1,,stacking,0.25610959030455677
Merzenhausen,2025-09-18 02:00:00,test,0.251,1,,stacking,0.2559781111676538
Merzenhausen,2025-09-18 03:00:00,test,0.252,1,,stacking,0.25809207988860294
Merzenhausen,2025-09-18 06:00:00,test,0.25,1,,stacking,0.25865035291480437
Merzenhausen,2025-09-18 10:00:00,test,0.25,1,,stacking,0.2593888847160771
Merzenhausen,2025-09-18 11:00:00,test,0.248,1,,stacking,0.2595951233598759
Merzenhausen,2025-09-18 18:00:00,test,0.246,1,,stacking,0.25727448762310473
Merzenhausen,2025-09-18 19:00:00,test,0.246,1,,stacking,0.256679870204853
Merzenhausen,2025-09-18 21:00:00,test,0.246,1,,stacking,0.2511591677676688
Merzenhausen,2025-09-18 23:00:00,test,0.244,1,,stacking,0.25389931313119884
Merzenhausen,2025-09-19 01:00:00,test,0.254,1,,stacking,0.2543928229387225
Merzenhausen,2025-09-19 02:00:00,test,0.261,1,,stacking,0.2548054955245641
Merzenhausen,2025-09-19 03:00:00,test,0.266,1,,stacking,0.2544885420397799
Merzenhausen,2025-09-19 04:00:00,test,0.266,1,,stacking,0.25379449762217154
Merzenhausen,2025-09-19 05:00:00,test,0.265,1,,stacking,0.2544379485786489
Merzenhausen,2025-09-19 06:00:00,test,0.263,1,,stacking,0.25325386051053433
Merzenhausen,2025-09-19 07:00:00,test,0.264,1,,stacking,0.253237823133937
Merzenhausen,2025-09-19 08:00:00,test,0.264,1,,stacking,0.2565101690684943
Merzenhausen,2025-09-19 09:00:00,test,0.26,1,,stacking,0.25826362273421183
Merzenhausen,2025-09-19 10:00:00,test,0.26,1,,stacking,0.25974007308533825
Merzenhausen,2025-09-19 11:00:00,test,0.261,1,,stacking,0.2588160107415326
Merzenhausen,2025-09-19 12:00:00,test,0.26,1,,stacking,0.25958783684920106
Merzenhausen,2025-09-19 13:00:00,test,0.258,1,,stacking,0.2587976621988644
Merzenhausen,2025-09-19 14:00:00,test,0.258,1,,stacking,0.25998045588960916
Merzenhausen,2025-09-19 15:00:00,test,0.257,1,,stacking,0.2599949949017093
Merzenhausen,2025-09-19 16:00:00,test,0.256,1,,stacking,0.257098675969457
Merzenhausen,2025-09-19 17:00:00,test,0.255,1,,stacking,0.2535512765094559
Merzenhausen,2025-09-19 18:00:00,test,0.255,1,,stacking,0.2525725215407356
Merzenhausen,2025-09-19 19:00:00,test,0.253,1,,stacking,0.25188237136542796
Merzenhausen,2025-09-19 20:00:00,test,0.252,1,,stacking,0.25286063525058744
Merzenhausen,2025-09-19 21:00:00,test,0.254,1,,stacking,0.2544195126640464
Merzenhausen,2025-09-19 22:00:00,test,0.252,1,,stacking,0.25321926164638675
Merzenhausen,2025-09-19 23:00:00,test,0.254,1,,stacking,0.25246701505483227
Merzenhausen,2025-09-20 00:00:00,test,0.253,1,,stacking,0.25955527158314673
Merzenhausen,2025-09-20 01:00:00,test,0.252,1,,stacking,0.2575218260400788
Merzenhausen,2025-09-20 02:00:00,test,0.269,1,,stacking,0.25753598408189127
Merzenhausen,2025-09-20 04:00:00,test,0.269,1,,stacking,0.2556445664438958
Merzenhausen,2025-09-20 05:00:00,test,0.25,1,,stacking,0.254885748619232
Merzenhausen,2025-09-20 08:00:00,test,0.252,1,,stacking,0.25668114095096317
Merzenhausen,2025-09-20 09:00:00,test,0.251,1,,stacking,0.25636001177847273
Merzenhausen,2025-09-20 10:00:00,test,0.251,1,,stacking,0.2584320454695656
Merzenhausen,2025-09-20 11:00:00,test,0.25,1,,stacking,0.25901110645027253
Merzenhausen,2025-09-20 12:00:00,test,0.25,1,,stacking,0.2608797021875037
Merzenhausen,2025-09-20 13:00:00,test,0.251,1,,stacking,0.2588361651857781
Merzenhausen,2025-09-20 14:00:00,test,0.248,1,,stacking,0.2579604793631712
Merzenhausen,2025-09-20 15:00:00,test,0.246,1,,stacking,0.25715621059479116
Merzenhausen,2025-09-20 18:00:00,test,0.244,1,,stacking,0.25733863861903145
Merzenhausen,2025-09-20 20:00:00,test,0.246,1,,stacking,0.25787161143333565
Merzenhausen,2025-09-20 21:00:00,test,0.244,1,,stacking,0.2557688109287288
Merzenhausen,2025-09-21 00:00:00,test,0.244,1,,stacking,0.26831659528564133
Merzenhausen,2025-09-21 03:00:00,test,0.244,1,,stacking,0.2736508305319873
Merzenhausen,2025-09-21 05:00:00,test,0.242,1,,stacking,0.2753362342474206
Merzenhausen,2025-09-21 06:00:00,test,0.242,1,,stacking,0.2762318568690689
Merzenhausen,2025-09-21 10:00:00,test,0.242,1,,stacking,0.2759776002841609
Merzenhausen,2025-09-21 11:00:00,test,0.242,1,,stacking,0.27542351567747586
Merzenhausen,2025-09-21 14:00:00,test,0.242,1,,stacking,0.2752326409181565
Merzenhausen,2025-09-21 16:00:00,test,0.242,1,,stacking,0.2763562334002393
Merzenhausen,2025-09-21 17:00:00,test,0.24,1,,stacking,0.2743184678581452
Merzenhausen,2025-09-21 19:00:00,test,0.242,1,,stacking,0.26959178681570306
Merzenhausen,2025-09-21 20:00:00,test,0.24,1,,stacking,0.2685756670902786
Merzenhausen,2025-09-21 22:00:00,test,0.24,1,,stacking,0.2669455719255302
Merzenhausen,2025-09-21 23:00:00,test,0.238,1,,stacking,0.27013610066949517
Merzenhausen,2025-09-22 00:00:00,test,0.238,1,,stacking,0.2726519341803211
Merzenhausen,2025-09-22 02:00:00,test,0.238,1,,stacking,0.275585658333759
Merzenhausen,2025-09-22 05:00:00,test,0.24,1,,stacking,0.26395605329697186
Merzenhausen,2025-09-22 08:00:00,test,0.24,1,,stacking,0.2609766193830645
Merzenhausen,2025-09-22 12:00:00,test,0.238,1,,stacking,0.2621505623728297
Merzenhausen,2025-09-22 18:00:00,test,0.238,1,,stacking,0.25951875840970207
Merzenhausen,2025-09-22 19:00:00,test,0.238,1,,stacking,0.2618257352682745
Merzenhausen,2025-09-22 21:00:00,test,0.236,1,,stacking,0.262118408209279
Merzenhausen,2025-09-22 22:00:00,test,0.236,1,,stacking,0.26072088308342567
Merzenhausen,2025-09-22 23:00:00,test,0.238,1,,stacking,0.25796047653894916
Merzenhausen,2025-09-23 00:00:00,test,0.238,1,,stacking,0.2572996539935084
Merzenhausen,2025-09-23 01:00:00,test,0.233,1,,stacking,0.25459479057906376
Merzenhausen,2025-09-23 03:00:00,test,0.236,1,,stacking,0.2508327673693902
Merzenhausen,2025-09-23 07:00:00,test,0.236,1,,stacking,0.25119949532727887
Merzenhausen,2025-09-23 12:00:00,test,0.233,1,,stacking,0.256698414252109
Merzenhausen,2025-09-24 00:00:00,test,0.236,1,,stacking,0.25313902019588996
Merzenhausen,2025-09-24 02:00:00,test,0.236,1,,stacking,0.25579460664829456
Merzenhausen,2025-09-24 04:00:00,test,0.2525,1,,stacking,0.2555271378113594
Merzenhausen,2025-09-24 05:00:00,test,0.236,1,,stacking,0.2559945589361851
Merzenhausen,2025-09-24 06:00:00,test,0.236,1,,stacking,0.2550234695838426
Merzenhausen,2025-09-24 08:00:00,test,0.236,1,,stacking,0.2563880788067531
Merzenhausen,2025-09-24 09:00:00,test,0.254,1,,stacking,0.2567262902366177
Merzenhausen,2025-09-24 11:00:00,test,0.254,1,,stacking,0.25639832941640367
Merzenhausen,2025-09-24 13:00:00,test,0.2545,1,,stacking,0.2580564481866174
Merzenhausen,2025-09-24 14:00:00,test,0.25300002,1,,stacking,0.25741002931343737
Merzenhausen,2025-09-24 17:00:00,test,0.255,1,,stacking,0.2597666055972194
Merzenhausen,2025-09-24 18:00:00,test,0.236,1,,stacking,0.25810866094558366
Merzenhausen,2025-09-24 19:00:00,test,0.233,1,,stacking,0.2578518146514605
Merzenhausen,2025-09-24 20:00:00,test,0.233,1,,stacking,0.25696083441128836
Merzenhausen,2025-09-25 03:00:00,test,0.231,1,,stacking,0.265481269406744
Merzenhausen,2025-09-25 10:00:00,test,0.231,1,,stacking,0.2639623138987927
Merzenhausen,2025-09-25 13:00:00,test,0.233,1,,stacking,0.26819148758510486
Merzenhausen,2025-10-08 21:00:00,test,0.246,1,,stacking,0.2798232495991679
Merzenhausen,2025-10-09 00:00:00,test,0.248,1,,stacking,0.2660728062723342
Merzenhausen,2025-10-09 01:00:00,test,0.257,1,,stacking,0.26511602322712524
Merzenhausen,2025-10-09 02:00:00,test,0.246,1,,stacking,0.26358461362289004
Merzenhausen,2025-10-09 03:00:00,test,0.2545,1,,stacking,0.2656832987381149
Merzenhausen,2025-10-09 04:00:00,test,0.254,1,,stacking,0.2648065241530019
Merzenhausen,2025-10-09 06:00:00,test,0.246,1,,stacking,0.2633171080651213
Merzenhausen,2025-10-09 07:00:00,test,0.246,1,,stacking,0.27456966050062986
Merzenhausen,2025-10-09 08:00:00,test,0.2565,1,,stacking,0.26717915046252433
Merzenhausen,2025-10-09 09:00:00,test,0.251,1,,stacking,0.2747765774238664
Merzenhausen,2025-10-09 10:00:00,test,0.251,1,,stacking,0.2684722203625208
Merzenhausen,2025-10-09 12:00:00,test,0.25,1,,stacking,0.26425472432313146
Merzenhausen,2025-10-09 13:00:00,test,0.2545,1,,stacking,0.26558547562459306
Merzenhausen,2025-10-09 14:00:00,test,0.252,1,,stacking,0.2642506113549217
Merzenhausen,2025-10-17 08:00:00,test,0.229,1,,stacking,0.2623023680007205
Merzenhausen,2025-10-17 09:00:00,test,0.24,1,,stacking,0.2632336361134115
Merzenhausen,2025-10-17 11:00:00,test,0.229,1,,stacking,0.2656884354324095
Merzenhausen,2025-10-17 13:00:00,test,0.227,1,,stacking,0.26286853161192286
Merzenhausen,2025-10-17 14:00:00,test,0.229,1,,stacking,0.2627376979733577
Merzenhausen,2025-10-17 21:00:00,test,0.229,1,,stacking,0.25496038244148345
Merzenhausen,2025-10-17 22:00:00,test,0.229,1,,stacking,0.257587684020871
Merzenhausen,2025-10-17 23:00:00,test,0.227,1,,stacking,0.25188854557802454
Merzenhausen,2025-10-18 01:00:00,test,0.227,1,,stacking,0.24839596933142916
Merzenhausen,2025-10-18 02:00:00,test,0.227,1,,stacking,0.24931408160668334
Merzenhausen,2025-10-18 03:00:00,test,0.227,1,,stacking,0.24813806389468518
Merzenhausen,2025-10-18 04:00:00,test,0.227,1,,stacking,0.2506510364926061
Merzenhausen,2025-10-18 05:00:00,test,0.227,1,,stacking,0.2521642567677249
Merzenhausen,2025-10-18 06:00:00,test,0.227,1,,stacking,0.25041995248831517
Merzenhausen,2025-10-18 08:00:00,test,0.227,1,,stacking,0.25284781810840024
Merzenhausen,2025-10-18 11:00:00,test,0.229,1,,stacking,0.2528104149672873
Merzenhausen,2025-10-18 12:00:00,test,0.244,1,,stacking,0.25653322543189677
Merzenhausen,2025-10-18 14:00:00,test,0.231,1,,stacking,0.25434577548832904
Merzenhausen,2025-10-18 16:00:00,test,0.229,1,,stacking,0.2561311475671533
Merzenhausen,2025-10-18 19:00:00,test,0.238,1,,stacking,0.2479802588075194
Merzenhausen,2025-10-18 20:00:00,test,0.229,1,,stacking,0.24830969464671565
Merzenhausen,2025-10-19 01:00:00,test,0.225,1,,stacking,0.2438964361138769
Merzenhausen,2025-10-19 02:00:00,test,0.227,1,,stacking,0.244377767658368
Merzenhausen,2025-10-19 03:00:00,test,0.229,1,,stacking,0.2412227217759665
Merzenhausen,2025-10-19 06:00:00,test,0.233,1,,stacking,0.24088841001792494
Merzenhausen,2025-10-19 08:00:00,test,0.236,1,,stacking,0.2398436050009719
Merzenhausen,2025-10-19 10:00:00,test,0.238,1,,stacking,0.2547190384475125
Merzenhausen,2025-10-19 11:00:00,test,0.238,1,,stacking,0.25095710305013014
Merzenhausen,2025-10-19 12:00:00,test,0.238,1,,stacking,0.246683963685989
Merzenhausen,2025-10-19 13:00:00,test,0.238,1,,stacking,0.2469636659305091
Merzenhausen,2025-10-19 15:00:00,test,0.238,1,,stacking,0.24665223927196406
Merzenhausen,2025-10-19 16:00:00,test,0.236,1,,stacking,0.2450090873645277
Merzenhausen,2025-10-19 19:00:00,test,0.236,1,,stacking,0.24484285995319927
Merzenhausen,2025-10-19 21:00:00,test,0.233,1,,stacking,0.24601229526010243
Merzenhausen,2025-10-19 22:00:00,test,0.233,1,,stacking,0.24785337206828323
Merzenhausen,2025-10-20 04:00:00,test,0.244,1,,stacking,0.24830491881391398
Merzenhausen,2025-10-20 05:00:00,test,0.24,1,,stacking,0.2507181668166614
Merzenhausen,2025-10-20 06:00:00,test,0.2535,1,,stacking,0.25151294629036103
Merzenhausen,2025-10-20 07:00:00,test,0.229,1,,stacking,0.25905679891714867
Merzenhausen,2025-10-20 08:00:00,test,0.253,1,,stacking,0.2558092708611433
Merzenhausen,2025-10-20 14:00:00,test,0.25599998,1,,stacking,0.2610509145198734
Merzenhausen,2025-10-20 18:00:00,test,0.246,1,,stacking,0.25344619431528553
Merzenhausen,2025-10-20 21:00:00,test,0.242,1,,stacking,0.2551888097551431
Merzenhausen,2025-10-21 00:00:00,test,0.242,1,,stacking,0.25972543950453675
Merzenhausen,2025-10-21 01:00:00,test,0.246,1,,stacking,0.25639423110187054
Merzenhausen,2025-10-21 02:00:00,test,0.25,1,,stacking,0.2557893726570918
Merzenhausen,2025-10-21 03:00:00,test,0.267,1,,stacking,0.253906355869555
Merzenhausen,2025-10-21 04:00:00,test,0.267,1,,stacking,0.2522731440737763
Merzenhausen,2025-10-21 05:00:00,test,0.27,1,,stacking,0.25349298807499426
Merzenhausen,2025-10-21 06:00:00,test,0.277,1,,stacking,0.25860123050485
Merzenhausen,2025-10-21 07:00:00,test,0.277,1,,stacking,0.2607983752851756
Merzenhausen,2025-10-21 08:00:00,test,0.28,1,,stacking,0.2637642125247574
Merzenhausen,2025-10-21 09:00:00,test,0.283,1,,stacking,0.2651445816166342
Merzenhausen,2025-10-21 10:00:00,test,0.283,1,,stacking,0.2650226614057369
Merzenhausen,2025-10-21 11:00:00,test,0.281,1,,stacking,0.26597225999544744
Merzenhausen,2025-10-21 12:00:00,test,0.277,1,,stacking,0.26681305128289357
Merzenhausen,2025-10-21 13:00:00,test,0.279,1,,stacking,0.26899196048458063
Merzenhausen,2025-10-21 14:00:00,test,0.279,1,,stacking,0.26580928629709777
Merzenhausen,2025-10-21 15:00:00,test,0.28,1,,stacking,0.2682623430372223
Merzenhausen,2025-10-21 16:00:00,test,0.283,1,,stacking,0.267394004640348
Merzenhausen,2025-10-21 17:00:00,test,0.29,1,,stacking,0.2638216311184671
Merzenhausen,2025-10-21 18:00:00,test,0.297,1,,stacking,0.26379221234011624
Merzenhausen,2025-10-21 19:00:00,test,0.301,1,,stacking,0.2658967967056439
Merzenhausen,2025-10-21 20:00:00,test,0.304,1,,stacking,0.2625231495773708
Merzenhausen,2025-10-21 21:00:00,test,0.301,1,,stacking,0.2621892274252977
Merzenhausen,2025-10-21 22:00:00,test,0.3,1,,stacking,0.2617541318127982
Merzenhausen,2025-10-21 23:00:00,test,0.297,1,,stacking,0.2654042401801721
Merzenhausen,2025-10-22 00:00:00,test,0.297,1,,stacking,0.2617263398364003
Merzenhausen,2025-10-22 01:00:00,test,0.302,1,,stacking,0.26431621004097267
Merzenhausen,2025-10-22 02:00:00,test,0.347,1,,stacking,0.26422387451065554
Merzenhausen,2025-12-19 12:00:00,test,0.308,1,,stacking,0.33039982102323767
Merzenhausen,2025-12-19 13:00:00,test,0.308,1,,stacking,0.32329039033817053
Merzenhausen,2025-12-19 14:00:00,test,0.308,1,,stacking,0.31900811480036545
Merzenhausen,2025-12-19 15:00:00,test,0.311,1,,stacking,0.318885271872387
Merzenhausen,2025-12-19 16:00:00,test,0.307,1,,stacking,0.3190524685911715
Merzenhausen,2025-12-19 17:00:00,test,0.3295,1,,stacking,0.3174571385450844
Merzenhausen,2025-12-19 18:00:00,test,0.308,1,,stacking,0.31735658839496494
Merzenhausen,2025-12-19 19:00:00,test,0.308,1,,stacking,0.3178405219019598
Merzenhausen,2025-12-19 20:00:00,test,0.309,1,,stacking,0.31664138453140805
Merzenhausen,2025-12-19 21:00:00,test,0.31,1,,stacking,0.3161004567093969
Merzenhausen,2025-12-19 22:00:00,test,0.308,1,,stacking,0.316100053700895
Merzenhausen,2025-12-19 23:00:00,test,0.309,1,,stacking,0.3158993451336786
Merzenhausen,2025-12-20 00:00:00,test,0.309,1,,stacking,0.3148152792111984
Merzenhausen,2025-12-20 01:00:00,test,0.31,1,,stacking,0.31519572995212425
Merzenhausen,2025-12-20 02:00:00,test,0.31,1,,stacking,0.31571360729852616
Merzenhausen,2025-12-20 03:00:00,test,0.308,1,,stacking,0.3161228340420852
Merzenhausen,2025-12-20 04:00:00,test,0.308,1,,stacking,0.31707793238148163
Merzenhausen,2025-12-20 05:00:00,test,0.307,1,,stacking,0.31708699179957284
Merzenhausen,2025-12-20 06:00:00,test,0.308,1,,stacking,0.31794809871231267
Merzenhausen,2025-12-20 07:00:00,test,0.308,1,,stacking,0.3193208816147087
Merzenhausen,2025-12-20 08:00:00,test,0.306,1,,stacking,0.31940138639931875
Merzenhausen,2025-12-20 09:00:00,test,0.307,1,,stacking,0.31992839412346336
Merzenhausen,2025-12-20 10:00:00,test,0.307,1,,stacking,0.3199990140568929
Merzenhausen,2025-12-20 11:00:00,test,0.31,1,,stacking,0.31936489380376937
Merzenhausen,2025-12-20 12:00:00,test,0.306,1,,stacking,0.31980837107273735
Merzenhausen,2025-12-20 13:00:00,test,0.308,1,,stacking,0.31969845537710184
Merzenhausen,2025-12-20 14:00:00,test,0.308,1,,stacking,0.31961713416378595
Merzenhausen,2025-12-20 15:00:00,test,0.308,1,,stacking,0.32032128794045495
Merzenhausen,2025-12-20 16:00:00,test,0.308,1,,stacking,0.3209820866315537
Merzenhausen,2025-12-20 17:00:00,test,0.305,1,,stacking,0.3208126633237443
Merzenhausen,2025-12-20 18:00:00,test,0.306,1,,stacking,0.3205730440704322
Merzenhausen,2025-12-20 19:00:00,test,0.306,1,,stacking,0.3209206021123214
Merzenhausen,2025-12-20 20:00:00,test,0.308,1,,stacking,0.320826511129027
Merzenhausen,2025-12-20 21:00:00,test,0.308,1,,stacking,0.32050811778750754
Merzenhausen,2025-12-20 22:00:00,test,0.305,1,,stacking,0.32091385002574835
Merzenhausen,2025-12-20 23:00:00,test,0.306,1,,stacking,0.3210577729733395
Merzenhausen,2025-12-21 00:00:00,test,0.306,1,,stacking,0.32070743763921616
Merzenhausen,2025-12-21 01:00:00,test,0.305,1,,stacking,0.31973085796631884
Merzenhausen,2025-12-21 02:00:00,test,0.306,1,,stacking,0.31957782118586553
Merzenhausen,2025-12-21 03:00:00,test,0.306,1,,stacking,0.31901552447078213
Merzenhausen,2025-12-21 04:00:00,test,0.306,1,,stacking,0.31878348122325717
Merzenhausen,2025-12-21 05:00:00,test,0.306,1,,stacking,0.31886150183108253
Merzenhausen,2025-12-21 06:00:00,test,0.305,1,,stacking,0.3189345387485199
Merzenhausen,2025-12-21 07:00:00,test,0.303,1,,stacking,0.31921823199451477
Merzenhausen,2025-12-21 08:00:00,test,0.305,1,,stacking,0.32021319338453924
Merzenhausen,2025-12-21 09:00:00,test,0.304,1,,stacking,0.3202661727374378
Merzenhausen,2025-12-21 10:00:00,test,0.306,1,,stacking,0.3201052263696609
Merzenhausen,2025-12-21 11:00:00,test,0.305,1,,stacking,0.33009680221246107
Merzenhausen,2025-12-21 12:00:00,test,0.306,1,,stacking,0.3239744465655989
Merzenhausen,2025-12-21 13:00:00,test,0.306,1,,stacking,0.3208304671176152
Merzenhausen,2025-12-21 14:00:00,test,0.306,1,,stacking,0.3211897670842637
Merzenhausen,2025-12-21 15:00:00,test,0.306,1,,stacking,0.3200539099348178
Merzenhausen,2025-12-21 16:00:00,test,0.306,1,,stacking,0.32005567722040146
Merzenhausen,2025-12-21 17:00:00,test,0.303,1,,stacking,0.3300394660745947
Merzenhausen,2025-12-21 18:00:00,test,0.303,1,,stacking,0.32171551082425753
Merzenhausen,2025-12-21 19:00:00,test,0.303,1,,stacking,0.31885300206581835
Merzenhausen,2025-12-21 20:00:00,test,0.304,1,,stacking,0.32128025877541105
Merzenhausen,2025-12-21 21:00:00,test,0.303,1,,stacking,0.32014984892969606
Merzenhausen,2025-12-21 22:00:00,test,0.304,1,,stacking,0.32083399471440893
Merzenhausen,2025-12-21 23:00:00,test,0.303,1,,stacking,0.32094729380644366
Merzenhausen,2025-12-22 00:00:00,test,0.303,1,,stacking,0.3219327415369088
Merzenhausen,2025-12-22 01:00:00,test,0.303,1,,stacking,0.321922887515477
Merzenhausen,2025-12-22 02:00:00,test,0.303,1,,stacking,0.32155316558855995
Merzenhausen,2025-12-22 03:00:00,test,0.303,1,,stacking,0.3209328053090209
Merzenhausen,2025-12-22 04:00:00,test,0.303,1,,stacking,0.32084069262914633
Merzenhausen,2025-12-22 05:00:00,test,0.301,1,,stacking,0.32136002354931664
Merzenhausen,2025-12-22 06:00:00,test,0.301,1,,stacking,0.32204350951374255
Merzenhausen,2025-12-22 09:00:00,test,0.302,1,,stacking,0.324562473449169
Merzenhausen,2025-12-22 10:00:00,test,0.301,1,,stacking,0.32628668300960983
Merzenhausen,2025-12-22 11:00:00,test,0.302,1,,stacking,0.3282445979676881
Merzenhausen,2025-12-22 12:00:00,test,0.302,1,,stacking,0.32795123684725347
Merzenhausen,2025-12-22 13:00:00,test,0.302,1,,stacking,0.3277348319474815
Merzenhausen,2025-12-22 14:00:00,test,0.301,1,,stacking,0.32767353417983464
Merzenhausen,2025-12-22 15:00:00,test,0.301,1,,stacking,0.3261078521769569
Merzenhausen,2025-12-23 13:00:00,test,0.295,1,,stacking,0.32976620538232587
Merzenhausen,2025-12-23 14:00:00,test,0.296,1,,stacking,0.3301937111382429
Selhausen,2023-11-23 07:00:00,test,0.35549998,1,,stacking,0.3325985465548524
Selhausen,2023-11-23 08:00:00,test,0.355,1,,stacking,0.3327657074075092
Selhausen,2023-11-23 09:00:00,test,0.35549998,1,,stacking,0.3328018510058462
Selhausen,2023-11-23 10:00:00,test,0.34399998,1,,stacking,0.33301749698872873
Selhausen,2023-11-23 11:00:00,test,0.353,1,,stacking,0.3332008768817748
Selhausen,2023-11-23 13:00:00,test,0.357,1,,stacking,0.3342107749060742
Selhausen,2023-11-23 17:00:00,test,0.349,1,,stacking,0.3352709303425245
Selhausen,2023-11-23 18:00:00,test,0.349,1,,stacking,0.33717364674204076
Selhausen,2023-11-23 20:00:00,test,0.357,1,,stacking,0.336262153051509
Selhausen,2023-11-23 21:00:00,test,0.355,1,,stacking,0.33617590626168103
Selhausen,2023-12-25 08:00:00,test,0.341,1,,stacking,0.35843993754370185
Selhausen,2023-12-25 10:00:00,test,0.341,1,,stacking,0.3598412950660497
Selhausen,2023-12-25 11:00:00,test,0.341,1,,stacking,0.3585075975573373
Selhausen,2023-12-25 12:00:00,test,0.343,1,,stacking,0.3602676421997986
Selhausen,2023-12-25 13:00:00,test,0.342,1,,stacking,0.3608213938577914
Selhausen,2023-12-25 14:00:00,test,0.338,1,,stacking,0.3594362182367717
Selhausen,2023-12-25 15:00:00,test,0.343,1,,stacking,0.3596820734447948
Selhausen,2023-12-25 16:00:00,test,0.343,1,,stacking,0.358692751149732
Selhausen,2023-12-25 19:00:00,test,0.345,1,,stacking,0.35551510459476965
Selhausen,2023-12-25 20:00:00,test,0.339,1,,stacking,0.3568848206102283
Selhausen,2023-12-25 21:00:00,test,0.337,1,,stacking,0.3534300514670794
Selhausen,2023-12-25 22:00:00,test,0.336,1,,stacking,0.35606494198812616
Selhausen,2023-12-26 00:00:00,test,0.347,1,,stacking,0.3555258273237365
Selhausen,2023-12-26 01:00:00,test,0.341,1,,stacking,0.35669006860800556
Selhausen,2023-12-26 02:00:00,test,0.339,1,,stacking,0.35541056808134747
Selhausen,2023-12-26 04:00:00,test,0.337,1,,stacking,0.35820390933044116
Selhausen,2023-12-26 05:00:00,test,0.359,1,,stacking,0.35919195245506336
Selhausen,2023-12-26 08:00:00,test,0.335,1,,stacking,0.3609515719169707
Selhausen,2023-12-26 11:00:00,test,0.345,1,,stacking,0.3579892996483404
Selhausen,2023-12-26 12:00:00,test,0.347,1,,stacking,0.35617905414810913
Selhausen,2023-12-26 13:00:00,test,0.341,1,,stacking,0.35510776374417663
Selhausen,2023-12-26 14:00:00,test,0.341,1,,stacking,0.3548050867089258
Selhausen,2023-12-26 16:00:00,test,0.343,1,,stacking,0.3542054448873869
Selhausen,2023-12-26 17:00:00,test,0.345,1,,stacking,0.3541525626259479
Selhausen,2023-12-26 18:00:00,test,0.34,1,,stacking,0.3562513408798902
Selhausen,2023-12-26 20:00:00,test,0.345,1,,stacking,0.35756043617187194
Selhausen,2023-12-26 23:00:00,test,0.345,1,,stacking,0.35742395750220296
Selhausen,2023-12-27 00:00:00,test,0.347,1,,stacking,0.3577537381097507
Selhausen,2023-12-27 01:00:00,test,0.345,1,,stacking,0.35840279127610264
Selhausen,2023-12-27 02:00:00,test,0.345,1,,stacking,0.3563632314784243
Selhausen,2023-12-27 03:00:00,test,0.345,1,,stacking,0.35777497526941693
Selhausen,2023-12-27 04:00:00,test,0.347,1,,stacking,0.35751692281169023
Selhausen,2023-12-27 05:00:00,test,0.345,1,,stacking,0.35825626764779167
Selhausen,2023-12-27 06:00:00,test,0.341,1,,stacking,0.3585988404681304
Selhausen,2023-12-27 07:00:00,test,0.34,1,,stacking,0.35880061069989777
Selhausen,2023-12-27 08:00:00,test,0.343,1,,stacking,0.35966334505199693
Selhausen,2023-12-27 09:00:00,test,0.34,1,,stacking,0.3577465648045177
Selhausen,2023-12-27 10:00:00,test,0.3645,1,,stacking,0.35619693559800486
Selhausen,2023-12-27 11:00:00,test,0.3475,1,,stacking,0.35507138477382444
Selhausen,2023-12-27 12:00:00,test,0.329,1,,stacking,0.35518095553960943
Selhausen,2023-12-27 15:00:00,test,0.3675,1,,stacking,0.35233630403500926
Selhausen,2023-12-27 18:00:00,test,0.3745,1,,stacking,0.3581842844741311
Selhausen,2023-12-27 19:00:00,test,0.3625,1,,stacking,0.35779293819535685
Selhausen,2023-12-27 21:00:00,test,0.367,1,,stacking,0.3490897264091061
Selhausen,2023-12-28 00:00:00,test,0.385,1,,stacking,0.3638499653629219
Selhausen,2023-12-28 01:00:00,test,0.371,1,,stacking,0.3606091080768316
Selhausen,2023-12-28 05:00:00,test,0.3595,1,,stacking,0.363116174377538
Selhausen,2023-12-28 09:00:00,test,0.35750002,1,,stacking,0.36083034084073523
Selhausen,2023-12-28 10:00:00,test,0.363,1,,stacking,0.3614706393738414
Selhausen,2023-12-28 11:00:00,test,0.35549998,1,,stacking,0.3618965361874712
Selhausen,2023-12-28 12:00:00,test,0.365,1,,stacking,0.3616921347621502
Selhausen,2023-12-28 13:00:00,test,0.363,1,,stacking,0.3584941906898794
Selhausen,2023-12-28 14:00:00,test,0.365,1,,stacking,0.35642033692467423
Selhausen,2023-12-28 15:00:00,test,0.365,1,,stacking,0.36162517871687244
Selhausen,2023-12-28 16:00:00,test,0.361,1,,stacking,0.358400045302406
Selhausen,2023-12-28 17:00:00,test,0.361,1,,stacking,0.3604237295928588
Selhausen,2023-12-28 22:00:00,test,0.361,1,,stacking,0.36382528470076786
Selhausen,2023-12-29 01:00:00,test,0.355,1,,stacking,0.36215833291851524
Selhausen,2023-12-29 02:00:00,test,0.357,1,,stacking,0.3629946845817368
Selhausen,2023-12-29 03:00:00,test,0.353,1,,stacking,0.36224453365012
Selhausen,2023-12-29 06:00:00,test,0.355,1,,stacking,0.35966719485693455
Selhausen,2023-12-29 07:00:00,test,0.357,1,,stacking,0.3598510497368397
Selhausen,2023-12-29 08:00:00,test,0.353,1,,stacking,0.3614552178294469
Selhausen,2023-12-29 09:00:00,test,0.353,1,,stacking,0.3628747829975895
Selhausen,2023-12-29 10:00:00,test,0.355,1,,stacking,0.36630493870693376
Selhausen,2023-12-29 11:00:00,test,0.355,1,,stacking,0.36342394538224204
Selhausen,2023-12-29 12:00:00,test,0.355,1,,stacking,0.3513304528263113
Selhausen,2024-02-13 12:00:00,test,0.341,1,,stacking,0.3579588811698247
Selhausen,2024-02-13 13:00:00,test,0.355,1,,stacking,0.35954950844187994
Selhausen,2024-02-13 14:00:00,test,0.34,1,,stacking,0.35845885227423696
Selhausen,2024-02-13 15:00:00,test,0.32700002,1,,stacking,0.35996377063382434
Selhausen,2024-02-13 16:00:00,test,0.343,1,,stacking,0.360858476930117
Selhausen,2024-02-13 17:00:00,test,0.338,1,,stacking,0.3602789350731391
Selhausen,2024-02-13 19:00:00,test,0.336,1,,stacking,0.3553001826707649
Selhausen,2024-02-13 20:00:00,test,0.34,1,,stacking,0.3590350957401503
Selhausen,2024-02-13 21:00:00,test,0.341,1,,stacking,0.360664068011504
Selhausen,2024-02-13 22:00:00,test,0.336,1,,stacking,0.3545092739502131
Selhausen,2024-02-13 23:00:00,test,0.334,1,,stacking,0.35369338733648453
Selhausen,2024-02-14 00:00:00,test,0.338,1,,stacking,0.3573984546223204
Selhausen,2024-02-14 01:00:00,test,0.331,1,,stacking,0.35740444947149336
Selhausen,2024-02-14 02:00:00,test,0.338,1,,stacking,0.3580649357480766
Selhausen,2024-02-14 03:00:00,test,0.336,1,,stacking,0.3589909599965003
Selhausen,2024-02-14 04:00:00,test,0.338,1,,stacking,0.35963797830915417
Selhausen,2024-02-14 05:00:00,test,0.336,1,,stacking,0.36039089668796825
Selhausen,2024-02-14 06:00:00,test,0.34,1,,stacking,0.3602558921082881
Selhausen,2024-02-14 07:00:00,test,0.338,1,,stacking,0.35885401205323353
Selhausen,2024-02-14 08:00:00,test,0.338,1,,stacking,0.35926450654779785
Selhausen,2024-02-14 09:00:00,test,0.338,1,,stacking,0.35232732294335134
Selhausen,2024-02-14 10:00:00,test,0.333,1,,stacking,0.3501941944749472
Selhausen,2024-02-14 11:00:00,test,0.338,1,,stacking,0.35144339523235657
Selhausen,2024-02-14 12:00:00,test,0.331,1,,stacking,0.3496117316216413
Selhausen,2024-02-14 13:00:00,test,0.336,1,,stacking,0.34837049095293654
Selhausen,2024-02-14 14:00:00,test,0.333,1,,stacking,0.34920720975170055
Selhausen,2024-02-14 15:00:00,test,0.331,1,,stacking,0.34402630732609424
Selhausen,2024-02-14 16:00:00,test,0.351,1,,stacking,0.3486906731493929
Selhausen,2024-02-14 21:00:00,test,0.359,1,,stacking,0.3471884296789634
Selhausen,2024-02-14 22:00:00,test,0.357,1,,stacking,0.34160637160196294
Selhausen,2024-02-14 23:00:00,test,0.361,1,,stacking,0.3465119924511696
Selhausen,2024-02-15 01:00:00,test,0.355,1,,stacking,0.3460078876832302
Selhausen,2024-02-15 02:00:00,test,0.357,1,,stacking,0.34047407157184756
Selhausen,2024-02-15 03:00:00,test,0.353,1,,stacking,0.345075463322645
Selhausen,2024-02-15 04:00:00,test,0.355,1,,stacking,0.34426018720746954
Selhausen,2024-02-15 06:00:00,test,0.355,1,,stacking,0.3454961085621974
Selhausen,2024-02-15 08:00:00,test,0.3405,1,,stacking,0.3475815354463902
Selhausen,2024-02-15 12:00:00,test,0.325,1,,stacking,0.3443620152241301
Selhausen,2024-02-15 13:00:00,test,0.349,1,,stacking,0.3472035261508691
Selhausen,2024-02-15 14:00:00,test,0.322,1,,stacking,0.3442147295536987
Selhausen,2024-02-15 15:00:00,test,0.349,1,,stacking,0.33622099991686355
Selhausen,2024-02-15 16:00:00,test,0.349,1,,stacking,0.3411033530772555
Selhausen,2024-02-15 17:00:00,test,0.351,1,,stacking,0.3365911381159904
Selhausen,2024-02-15 21:00:00,test,0.342,1,,stacking,0.34681541506655733
Selhausen,2024-02-15 22:00:00,test,0.342,1,,stacking,0.3418028423799179
Selhausen,2024-02-15 23:00:00,test,0.349,1,,stacking,0.3411364737784247
Selhausen,2024-02-16 00:00:00,test,0.342,1,,stacking,0.33977754446935887
Selhausen,2024-02-16 01:00:00,test,0.351,1,,stacking,0.3412037541267989
Selhausen,2024-02-16 02:00:00,test,0.338,1,,stacking,0.3411860103670908
Selhausen,2024-02-16 03:00:00,test,0.338,1,,stacking,0.3408630313694024
Selhausen,2024-02-16 05:00:00,test,0.34,1,,stacking,0.34213977655865085
Selhausen,2024-02-16 08:00:00,test,0.342,1,,stacking,0.3388197150024163
Selhausen,2024-02-16 10:00:00,test,0.34,1,,stacking,0.3384020087278761
Selhausen,2024-02-16 12:00:00,test,0.342,1,,stacking,0.3375632411914688
Selhausen,2024-02-16 13:00:00,test,0.34,1,,stacking,0.3371990687283808
Selhausen,2024-02-16 14:00:00,test,0.345,1,,stacking,0.3361954706045786
Selhausen,2024-02-16 15:00:00,test,0.349,1,,stacking,0.338471949345459
Selhausen,2024-02-16 16:00:00,test,0.349,1,,stacking,0.3468298858294874
Selhausen,2024-02-16 18:00:00,test,0.347,1,,stacking,0.3444230468807364
Selhausen,2024-02-16 19:00:00,test,0.365,1,,stacking,0.34230357204983275
Selhausen,2024-02-16 20:00:00,test,0.34249997,1,,stacking,0.34896833585487763
Selhausen,2024-02-16 21:00:00,test,0.389,1,,stacking,0.3515099412324496
Selhausen,2024-02-16 22:00:00,test,0.379,1,,stacking,0.35105686166741057
Selhausen,2024-02-16 23:00:00,test,0.381,1,,stacking,0.3521467117651607
Selhausen,2024-02-17 00:00:00,test,0.381,1,,stacking,0.354628694502123
Selhausen,2024-02-17 01:00:00,test,0.375,1,,stacking,0.35123319998596725
Selhausen,2024-02-17 05:00:00,test,0.375,1,,stacking,0.3481825496406037
Selhausen,2024-02-17 06:00:00,test,0.367,1,,stacking,0.34836600491846703
Selhausen,2024-02-17 07:00:00,test,0.369,1,,stacking,0.3489606986372069
Selhausen,2024-02-17 08:00:00,test,0.367,1,,stacking,0.3472815939879639
Selhausen,2024-02-17 11:00:00,test,0.365,1,,stacking,0.34990464138395083
Selhausen,2024-02-17 12:00:00,test,0.365,1,,stacking,0.34255345064901194
Selhausen,2024-02-17 13:00:00,test,0.361,1,,stacking,0.3477873148150493
Selhausen,2024-02-17 17:00:00,test,0.363,1,,stacking,0.34905899719553796
Selhausen,2024-02-17 18:00:00,test,0.363,1,,stacking,0.3479322937833435
Selhausen,2024-02-17 20:00:00,test,0.385,1,,stacking,0.3474417582738276
Selhausen,2024-02-17 22:00:00,test,0.373,1,,stacking,0.3457010033922762
Selhausen,2024-02-18 01:00:00,test,0.375,1,,stacking,0.3465422649452564
Selhausen,2024-02-18 02:00:00,test,0.373,1,,stacking,0.3400389279342319
Selhausen,2024-02-18 06:00:00,test,0.367,1,,stacking,0.34564687609585865
Selhausen,2024-02-18 07:00:00,test,0.367,1,,stacking,0.34553707201794903
Selhausen,2024-02-18 08:00:00,test,0.369,1,,stacking,0.3439856616505314
Selhausen,2024-02-18 10:00:00,test,0.369,1,,stacking,0.343519447583301
Selhausen,2024-02-18 11:00:00,test,0.373,1,,stacking,0.34788270105242636
Selhausen,2024-02-18 13:00:00,test,0.363,1,,stacking,0.3453489735371611
Selhausen,2024-02-18 14:00:00,test,0.325,1,,stacking,0.3473701681623341
Selhausen,2024-02-18 15:00:00,test,0.365,1,,stacking,0.34645386849362664
Selhausen,2024-02-18 17:00:00,test,0.365,1,,stacking,0.3477060779288663
Selhausen,2024-02-18 19:00:00,test,0.365,1,,stacking,0.3533880483252587
Selhausen,2024-02-18 23:00:00,test,0.353,1,,stacking,0.35220840731665315
Selhausen,2024-02-19 00:00:00,test,0.351,1,,stacking,0.3588110703599018
Selhausen,2024-02-19 01:00:00,test,0.349,1,,stacking,0.3584203485480242
Selhausen,2024-02-19 03:00:00,test,0.355,1,,stacking,0.3594247670783468
Selhausen,2024-02-19 05:00:00,test,0.347,1,,stacking,0.3597272573811476
Selhausen,2024-02-19 07:00:00,test,0.349,1,,stacking,0.3583222838039824
Selhausen,2024-02-19 08:00:00,test,0.353,1,,stacking,0.3580335861520513
Selhausen,2024-02-19 12:00:00,test,0.349,1,,stacking,0.360963487355969
Selhausen,2024-02-19 13:00:00,test,0.349,1,,stacking,0.36120042291766635
Selhausen,2024-02-19 15:00:00,test,0.342,1,,stacking,0.35967139395785147
Selhausen,2024-02-19 17:00:00,test,0.34,1,,stacking,0.3594152376796278
Selhausen,2024-02-19 19:00:00,test,0.338,1,,stacking,0.35932001041474365
Selhausen,2024-02-19 21:00:00,test,0.351,1,,stacking,0.35890121615098747
Selhausen,2024-02-19 22:00:00,test,0.351,1,,stacking,0.3598034086421735
Selhausen,2024-02-19 23:00:00,test,0.341,1,,stacking,0.3598611688925357
Selhausen,2024-02-20 00:00:00,test,0.3615,1,,stacking,0.35983663545571115
Selhausen,2024-02-20 03:00:00,test,0.383,1,,stacking,0.3596048856061347
Selhausen,2024-02-20 06:00:00,test,0.383,1,,stacking,0.35915053331539276
Selhausen,2024-02-20 09:00:00,test,0.375,1,,stacking,0.36185092013103665
Selhausen,2024-02-20 12:00:00,test,0.377,1,,stacking,0.3636432736105847
Selhausen,2024-02-20 13:00:00,test,0.369,1,,stacking,0.3631158930884853
Selhausen,2024-02-20 16:00:00,test,0.363,1,,stacking,0.3625105815092879
Selhausen,2024-02-20 19:00:00,test,0.389,1,,stacking,0.360763593626197
Selhausen,2024-02-21 00:00:00,test,0.383,1,,stacking,0.35541854967714753
Selhausen,2024-02-21 01:00:00,test,0.373,1,,stacking,0.3545647324712379
Selhausen,2024-02-21 04:00:00,test,0.365,1,,stacking,0.3538382044006771
Selhausen,2024-02-21 05:00:00,test,0.363,1,,stacking,0.35240046892622473
Selhausen,2024-02-21 06:00:00,test,0.365,1,,stacking,0.35098383468811695
Selhausen,2024-02-21 08:00:00,test,0.365,1,,stacking,0.3466165223878407
Selhausen,2024-02-21 11:00:00,test,0.359,1,,stacking,0.34593439355088645
Selhausen,2024-02-21 13:00:00,test,0.363,1,,stacking,0.34627088501706377
Selhausen,2024-02-21 14:00:00,test,0.365,1,,stacking,0.3462822555701293
Selhausen,2024-02-21 15:00:00,test,0.359,1,,stacking,0.3441000415771092
Selhausen,2024-02-21 16:00:00,test,0.361,1,,stacking,0.3460752147609242
Selhausen,2024-02-21 21:00:00,test,0.355,1,,stacking,0.34896225288807836
Selhausen,2024-02-21 22:00:00,test,0.355,1,,stacking,0.348056402871378
Selhausen,2024-02-21 23:00:00,test,0.353,1,,stacking,0.3462402049940678
Selhausen,2024-02-22 00:00:00,test,0.351,1,,stacking,0.3517893046628493
Selhausen,2024-04-05 04:00:00,test,0.304,1,,stacking,0.32765725392426037
Selhausen,2024-04-05 05:00:00,test,0.304,1,,stacking,0.32662576221950845
Selhausen,2024-04-05 06:00:00,test,0.308,1,,stacking,0.326447978863972
Selhausen,2024-04-05 07:00:00,test,0.309,1,,stacking,0.3280682856385784
Selhausen,2024-04-05 08:00:00,test,0.305,1,,stacking,0.3266433222719351
Selhausen,2024-04-05 09:00:00,test,0.306,1,,stacking,0.3284064508407497
Selhausen,2024-04-05 10:00:00,test,0.303,1,,stacking,0.3284305896099989
Selhausen,2024-04-05 11:00:00,test,0.3,1,,stacking,0.3286825727106931
Selhausen,2024-04-05 12:00:00,test,0.296,1,,stacking,0.3287927174882818
Selhausen,2024-04-05 13:00:00,test,0.288,1,,stacking,0.32733846997218863
Selhausen,2024-04-05 14:00:00,test,0.289,1,,stacking,0.3268599536623048
Selhausen,2024-04-05 15:00:00,test,0.291,1,,stacking,0.32698273944155215
Selhausen,2024-04-05 16:00:00,test,0.288,1,,stacking,0.32814034567711436
Selhausen,2024-04-05 17:00:00,test,0.288,1,,stacking,0.3307113196203473
Selhausen,2024-04-05 18:00:00,test,0.287,1,,stacking,0.3296116592046292
Selhausen,2024-04-05 19:00:00,test,0.288,1,,stacking,0.32968992695730415
Selhausen,2024-04-05 20:00:00,test,0.287,1,,stacking,0.3287642273783141
Selhausen,2024-04-05 21:00:00,test,0.288,1,,stacking,0.3290345554160782
Selhausen,2024-04-05 22:00:00,test,0.285,1,,stacking,0.3288325281038481
Selhausen,2024-04-05 23:00:00,test,0.29,1,,stacking,0.328641818162311
Selhausen,2024-04-06 00:00:00,test,0.31,1,,stacking,0.32593825683051547
Selhausen,2024-04-06 01:00:00,test,0.339,1,,stacking,0.3262638339919746
Selhausen,2024-04-06 02:00:00,test,0.341,1,,stacking,0.3259599550479234
Selhausen,2024-04-06 03:00:00,test,0.339,1,,stacking,0.3262189777325322
Selhausen,2024-04-06 04:00:00,test,0.337,1,,stacking,0.3265341312118154
Selhausen,2024-04-06 05:00:00,test,0.328,1,,stacking,0.32677382969274404
Selhausen,2024-04-06 06:00:00,test,0.326,1,,stacking,0.32519561287992893
Selhausen,2024-04-06 07:00:00,test,0.323,1,,stacking,0.3254700366194092
Selhausen,2024-04-06 08:00:00,test,0.323,1,,stacking,0.3280103696751401
Selhausen,2024-04-06 09:00:00,test,0.323,1,,stacking,0.32695933698847074
Selhausen,2024-04-06 10:00:00,test,0.321,1,,stacking,0.3263754266255845
Selhausen,2024-04-06 11:00:00,test,0.317,1,,stacking,0.3267917446397209
Selhausen,2024-04-06 12:00:00,test,0.313,1,,stacking,0.32653268998063406
Selhausen,2024-04-06 13:00:00,test,0.315,1,,stacking,0.3213445994541787
Selhausen,2024-04-06 14:00:00,test,0.315,1,,stacking,0.3188468540662065
Selhausen,2024-04-06 15:00:00,test,0.312,1,,stacking,0.3176346694021459
Selhausen,2024-04-06 16:00:00,test,0.31,1,,stacking,0.31648951091322736
Selhausen,2024-04-06 17:00:00,test,0.2995,1,,stacking,0.3102270526128114
Selhausen,2024-04-06 18:00:00,test,0.308,1,,stacking,0.30721078292952436
Selhausen,2024-04-06 19:00:00,test,0.308,1,,stacking,0.30468222032311937
Selhausen,2024-04-06 20:00:00,test,0.306,1,,stacking,0.3030448584420088
Selhausen,2024-04-06 21:00:00,test,0.306,1,,stacking,0.3022789079801948
Selhausen,2024-04-06 22:00:00,test,0.307,1,,stacking,0.30151384924808367
Selhausen,2024-04-06 23:00:00,test,0.307,1,,stacking,0.3003805047515899
Selhausen,2024-04-07 00:00:00,test,0.307,1,,stacking,0.29900378306548187
Selhausen,2024-04-07 01:00:00,test,0.305,1,,stacking,0.30083945756267183
Selhausen,2024-04-07 02:00:00,test,0.303,1,,stacking,0.29430625279463024
Selhausen,2024-04-07 03:00:00,test,0.305,1,,stacking,0.29341489396524073
Selhausen,2024-04-07 04:00:00,test,0.3,1,,stacking,0.2941239478639391
Selhausen,2024-04-07 05:00:00,test,0.305,1,,stacking,0.29301393346019616
Selhausen,2024-04-07 06:00:00,test,0.304,1,,stacking,0.2969655212000164
Selhausen,2024-04-07 07:00:00,test,0.301,1,,stacking,0.2970838495903118
Selhausen,2024-04-07 08:00:00,test,0.297,1,,stacking,0.2958618268841089
Selhausen,2024-04-07 09:00:00,test,0.297,1,,stacking,0.29510346797883463
Selhausen,2024-04-07 10:00:00,test,0.295,1,,stacking,0.2925209374347569
Selhausen,2024-04-07 11:00:00,test,0.293,1,,stacking,0.28891083898889053
Selhausen,2024-04-07 12:00:00,test,0.29,1,,stacking,0.284683833229041
Selhausen,2024-04-07 13:00:00,test,0.286,1,,stacking,0.28015882496638966
Selhausen,2024-04-07 14:00:00,test,0.285,1,,stacking,0.2777195021927157
Selhausen,2024-04-07 15:00:00,test,0.279,1,,stacking,0.27766876613190156
Selhausen,2024-04-07 16:00:00,test,0.277,1,,stacking,0.2758498342091198
Selhausen,2024-04-07 17:00:00,test,0.279,1,,stacking,0.27481645578265945
Selhausen,2024-04-07 18:00:00,test,0.275,1,,stacking,0.2735649880219274
Selhausen,2024-04-07 19:00:00,test,0.274,1,,stacking,0.27342792187703713
Selhausen,2024-04-07 20:00:00,test,0.273,1,,stacking,0.2762241641646092
Selhausen,2024-04-07 21:00:00,test,0.273,1,,stacking,0.27688154025716677
Selhausen,2024-04-07 22:00:00,test,0.276,1,,stacking,0.27832952727428034
Selhausen,2024-04-07 23:00:00,test,0.275,1,,stacking,0.282022726497597
Selhausen,2024-04-08 00:00:00,test,0.274,1,,stacking,0.2913025613410257
Selhausen,2024-04-08 01:00:00,test,0.276,1,,stacking,0.3049464929884551
Selhausen,2024-04-08 02:00:00,test,0.276,1,,stacking,0.3110764337779582
Selhausen,2024-04-08 03:00:00,test,0.273,1,,stacking,0.3110294211155328
Selhausen,2024-04-08 04:00:00,test,0.274,1,,stacking,0.30659125315328584
Selhausen,2024-04-08 05:00:00,test,0.274,1,,stacking,0.30691745858173564
Selhausen,2024-04-08 06:00:00,test,0.277,1,,stacking,0.30534198148543407
Selhausen,2024-04-08 07:00:00,test,0.275,1,,stacking,0.30181579744147513
Selhausen,2024-04-08 08:00:00,test,0.274,1,,stacking,0.30087854182228063
Selhausen,2024-04-08 09:00:00,test,0.274,1,,stacking,0.3011171762293044
Selhausen,2024-04-08 10:00:00,test,0.273,1,,stacking,0.2996822728787162
Selhausen,2024-04-08 11:00:00,test,0.273,1,,stacking,0.2987222665272924
Selhausen,2024-04-08 12:00:00,test,0.268,1,,stacking,0.2941741429832366
Selhausen,2024-04-08 13:00:00,test,0.266,1,,stacking,0.29578974733076163
Selhausen,2024-04-08 14:00:00,test,0.264,1,,stacking,0.29563971657415494
Selhausen,2024-04-08 15:00:00,test,0.258,1,,stacking,0.2932038154023407
Selhausen,2024-04-08 16:00:00,test,0.26,1,,stacking,0.29129341748307486
Selhausen,2024-04-08 17:00:00,test,0.258,1,,stacking,0.28630324097983056
Selhausen,2024-04-08 18:00:00,test,0.256,1,,stacking,0.2877801808168252
Selhausen,2024-04-08 19:00:00,test,0.254,1,,stacking,0.2894704219082729
Selhausen,2024-04-08 20:00:00,test,0.255,1,,stacking,0.2903279534159811
Selhausen,2024-04-08 21:00:00,test,0.252,1,,stacking,0.2881056609556313
Selhausen,2024-04-08 22:00:00,test,0.255,1,,stacking,0.28730661832675725
Selhausen,2024-04-08 23:00:00,test,0.252,1,,stacking,0.2884356960870713
Selhausen,2024-04-09 00:00:00,test,0.25,1,,stacking,0.28984954928652595
Selhausen,2024-04-09 01:00:00,test,0.255,1,,stacking,0.29146069159139915
Selhausen,2024-04-09 02:00:00,test,0.253,1,,stacking,0.2859725074233267
Selhausen,2024-04-09 05:00:00,test,0.252,1,,stacking,0.28252923131168184
Selhausen,2024-04-09 06:00:00,test,0.254,1,,stacking,0.2859156500783138
Selhausen,2024-04-09 07:00:00,test,0.253,1,,stacking,0.28429728913674945
Selhausen,2024-04-09 08:00:00,test,0.253,1,,stacking,0.2781118506499746
Selhausen,2024-04-09 09:00:00,test,0.255,1,,stacking,0.2749085203595194
Selhausen,2024-04-09 10:00:00,test,0.252,1,,stacking,0.27318449681306833
Selhausen,2024-04-09 11:00:00,test,0.255,1,,stacking,0.2731909473435626
Selhausen,2024-04-09 12:00:00,test,0.25,1,,stacking,0.2680371836816244
Selhausen,2024-04-09 13:00:00,test,0.25,1,,stacking,0.26825338338498017
Selhausen,2024-04-09 14:00:00,test,0.251,1,,stacking,0.26860746387769896
Selhausen,2024-04-09 15:00:00,test,0.25,1,,stacking,0.262515528968142
Selhausen,2024-04-09 16:00:00,test,0.248,1,,stacking,0.26202934174934367
Selhausen,2024-04-09 17:00:00,test,0.251,1,,stacking,0.26165148410024414
Selhausen,2024-04-09 18:00:00,test,0.248,1,,stacking,0.2604011158311098
Selhausen,2024-04-09 19:00:00,test,0.246,1,,stacking,0.2629505859960755
Selhausen,2024-04-09 20:00:00,test,0.246,1,,stacking,0.2642651379550979
Selhausen,2024-04-09 21:00:00,test,0.248,1,,stacking,0.26199710110209523
Selhausen,2024-04-09 22:00:00,test,0.244,1,,stacking,0.2607836160789291
Selhausen,2024-04-10 00:00:00,test,0.246,1,,stacking,0.26124498804772184
Selhausen,2024-04-10 01:00:00,test,0.244,1,,stacking,0.2612542342037642
Selhausen,2024-04-10 02:00:00,test,0.248,1,,stacking,0.26153197844346004
Selhausen,2024-04-10 03:00:00,test,0.248,1,,stacking,0.2603567301511489
Selhausen,2024-04-10 08:00:00,test,0.248,1,,stacking,0.2587500992799821
Selhausen,2024-04-10 11:00:00,test,0.25,1,,stacking,0.2613684905313023
Selhausen,2024-04-10 12:00:00,test,0.251,1,,stacking,0.25878336155073045
Selhausen,2024-04-10 13:00:00,test,0.248,1,,stacking,0.25582220773167474
Selhausen,2024-04-10 15:00:00,test,0.242,1,,stacking,0.2461618801914286
Selhausen,2024-04-10 16:00:00,test,0.24,1,,stacking,0.24821042315508512
Selhausen,2024-04-10 17:00:00,test,0.238,1,,stacking,0.24472043095652607
Selhausen,2024-04-10 18:00:00,test,0.242,1,,stacking,0.2435541586500587
Selhausen,2024-04-10 20:00:00,test,0.242,1,,stacking,0.23327994262010443
Selhausen,2024-04-10 22:00:00,test,0.24,1,,stacking,0.23074264139125328
Selhausen,2024-04-10 23:00:00,test,0.236,1,,stacking,0.22692886083196873
Selhausen,2024-04-11 03:00:00,test,0.238,1,,stacking,0.22198545325903135
Selhausen,2024-04-11 04:00:00,test,0.24,1,,stacking,0.22228837196292522
Selhausen,2024-04-11 11:00:00,test,0.233,1,,stacking,0.2346816626375367
Selhausen,2024-04-11 13:00:00,test,0.24,1,,stacking,0.2324087525173439
Selhausen,2024-04-11 15:00:00,test,0.227,1,,stacking,0.2324063317712661
Selhausen,2024-04-11 20:00:00,test,0.227,1,,stacking,0.22972665550594012
Selhausen,2024-04-11 21:00:00,test,0.231,1,,stacking,0.22927716598593098
Selhausen,2024-04-12 00:00:00,test,0.227,1,,stacking,0.2314131996861668
Selhausen,2024-04-12 04:00:00,test,0.225,1,,stacking,0.23248829838177687
Selhausen,2024-04-12 06:00:00,test,0.223,1,,stacking,0.23245118582136734
Selhausen,2024-04-12 07:00:00,test,0.225,1,,stacking,0.231816371252569
Selhausen,2025-02-12 10:00:00,test,0.359,1,,stacking,0.376726553983182
Selhausen,2025-02-12 11:00:00,test,0.357,1,,stacking,0.3768091766455339
Selhausen,2025-02-12 12:00:00,test,0.361,1,,stacking,0.3768440390343134
Selhausen,2025-02-12 14:00:00,test,0.3685,1,,stacking,0.37660830645968496
Selhausen,2025-02-12 15:00:00,test,0.361,1,,stacking,0.37159671469963906
Selhausen,2025-02-12 16:00:00,test,0.361,1,,stacking,0.3749618044669037
Selhausen,2025-02-12 17:00:00,test,0.357,1,,stacking,0.37162733321081354
Selhausen,2025-02-12 23:00:00,test,0.357,1,,stacking,0.3682434016694615
Selhausen,2025-02-13 00:00:00,test,0.355,1,,stacking,0.3694598780591089
Selhausen,2025-02-13 01:00:00,test,0.355,1,,stacking,0.37020372067484025
Selhausen,2025-02-13 03:00:00,test,0.357,1,,stacking,0.3698023887520248
Selhausen,2025-02-13 09:00:00,test,0.355,1,,stacking,0.3732853413026582
Selhausen,2025-02-13 10:00:00,test,0.3625,1,,stacking,0.36866438643411265
Selhausen,2025-02-13 11:00:00,test,0.355,1,,stacking,0.3731111266751708
Selhausen,2025-02-13 13:00:00,test,0.363,1,,stacking,0.3728693615431318
Selhausen,2025-04-23 21:00:00,test,0.363,1,,stacking,0.32348045016498006
Selhausen,2025-04-23 22:00:00,test,0.361,1,,stacking,0.32334624512659216
Selhausen,2025-04-23 23:00:00,test,0.359,1,,stacking,0.3214408270498436
Selhausen,2025-04-24 01:00:00,test,0.355,1,,stacking,0.3260597426268147
Selhausen,2025-04-24 02:00:00,test,0.359,1,,stacking,0.32729913433019203
Selhausen,2025-04-24 03:00:00,test,0.359,1,,stacking,0.32554611684429746
Selhausen,2025-04-24 07:00:00,test,0.359,1,,stacking,0.3271294027037419
Selhausen,2025-04-24 09:00:00,test,0.355,1,,stacking,0.32756881081340666
Selhausen,2025-04-24 11:00:00,test,0.353,1,,stacking,0.32799294501837856
Selhausen,2025-04-24 13:00:00,test,0.355,1,,stacking,0.32831947885363716
Selhausen,2025-04-24 14:00:00,test,0.347,1,,stacking,0.32795296125659906
Selhausen,2025-04-24 17:00:00,test,0.347,1,,stacking,0.32623624579214916
Selhausen,2025-04-24 19:00:00,test,0.341,1,,stacking,0.32752728987245344
Selhausen,2025-04-24 20:00:00,test,0.34,1,,stacking,0.32576004253953467
Selhausen,2025-04-24 21:00:00,test,0.338,1,,stacking,0.32365071998648653
Selhausen,2025-04-24 22:00:00,test,0.339,1,,stacking,0.3245113989950096
Selhausen,2025-04-24 23:00:00,test,0.34,1,,stacking,0.32498225992051766
Selhausen,2025-04-25 00:00:00,test,0.336,1,,stacking,0.3243151073293917
Selhausen,2025-04-25 01:00:00,test,0.34,1,,stacking,0.3250713991621758
Selhausen,2025-04-25 02:00:00,test,0.338,1,,stacking,0.32571599155179615
Selhausen,2025-04-25 03:00:00,test,0.335,1,,stacking,0.3249496405519835
Selhausen,2025-04-25 04:00:00,test,0.335,1,,stacking,0.3265785344590477
Selhausen,2025-04-25 05:00:00,test,0.336,1,,stacking,0.3257913218837127
Selhausen,2025-04-25 06:00:00,test,0.333,1,,stacking,0.32646950633004923
Selhausen,2025-04-25 07:00:00,test,0.333,1,,stacking,0.3254358342758836
Selhausen,2025-04-25 08:00:00,test,0.336,1,,stacking,0.32518174038738634
Selhausen,2025-04-25 09:00:00,test,0.34,1,,stacking,0.325963663834431
Selhausen,2025-04-25 10:00:00,test,0.337,1,,stacking,0.32726288518356916
Selhausen,2025-04-25 11:00:00,test,0.341,1,,stacking,0.32868880293373215
Selhausen,2025-04-25 12:00:00,test,0.336,1,,stacking,0.3303420551404983
Selhausen,2025-07-18 00:00:00,test,0.225,1,,stacking,0.24442886479153564
Selhausen,2025-07-18 01:00:00,test,0.223,1,,stacking,0.2433545162052233
Selhausen,2025-07-18 06:00:00,test,0.221,1,,stacking,0.2414420999491046
Selhausen,2025-07-18 08:00:00,test,0.227,1,,stacking,0.24629146737084578
Selhausen,2025-07-18 09:00:00,test,0.225,1,,stacking,0.25568354751756706
Selhausen,2025-07-18 13:00:00,test,0.233,1,,stacking,0.25537037482318914
Selhausen,2025-07-18 21:00:00,test,0.229,1,,stacking,0.24370156325290643
Selhausen,2025-07-18 23:00:00,test,0.223,1,,stacking,0.23656796400213426
Selhausen,2025-07-19 01:00:00,test,0.225,1,,stacking,0.24181350342957675
Selhausen,2025-07-19 02:00:00,test,0.223,1,,stacking,0.2356510990920781
Selhausen,2025-07-19 03:00:00,test,0.229,1,,stacking,0.23621709521363088
Selhausen,2025-07-19 04:00:00,test,0.227,1,,stacking,0.23659157160060262
Selhausen,2025-07-19 05:00:00,test,0.227,1,,stacking,0.23580996920926212
Selhausen,2025-07-19 08:00:00,test,0.231,1,,stacking,0.229886618492032
Selhausen,2025-07-19 14:00:00,test,0.233,1,,stacking,0.23887613227244553
Selhausen,2025-07-19 15:00:00,test,0.233,1,,stacking,0.24182314650899406
Selhausen,2025-07-19 16:00:00,test,0.242,1,,stacking,0.24371876939743392
Selhausen,2025-07-19 20:00:00,test,0.233,1,,stacking,0.23231892705486096
Selhausen,2025-07-28 17:00:00,test,0.221,1,,stacking,0.20508760889167138
Selhausen,2025-07-28 19:00:00,test,0.217,1,,stacking,0.20409659454831106
Selhausen,2025-07-28 21:00:00,test,0.211,1,,stacking,0.21129502404713849
Selhausen,2025-07-28 22:00:00,test,0.209,1,,stacking,0.20581028386770045
Selhausen,2025-07-28 23:00:00,test,0.213,1,,stacking,0.20368977820557194
Selhausen,2025-07-29 00:00:00,test,0.211,1,,stacking,0.20287706939733446
Selhausen,2025-07-29 01:00:00,test,0.209,1,,stacking,0.20311972300383335
Selhausen,2025-07-29 04:00:00,test,0.209,1,,stacking,0.1955961109920417
Selhausen,2025-07-29 05:00:00,test,0.211,1,,stacking,0.1980571728332663
Selhausen,2025-07-29 06:00:00,test,0.209,1,,stacking,0.19592044255151694
Selhausen,2025-07-29 07:00:00,test,0.213,1,,stacking,0.20084394683009366
Selhausen,2025-07-29 08:00:00,test,0.209,1,,stacking,0.197082112463524
Selhausen,2025-07-29 09:00:00,test,0.211,1,,stacking,0.19642594905315136
Selhausen,2025-07-29 10:00:00,test,0.215,1,,stacking,0.19706701457160017
Selhausen,2025-07-29 13:00:00,test,0.215,1,,stacking,0.22146172913747217
Selhausen,2025-07-29 14:00:00,test,0.215,1,,stacking,0.2262337111984721
Selhausen,2025-07-29 16:00:00,test,0.213,1,,stacking,0.22438616491033425
Selhausen,2025-07-29 17:00:00,test,0.215,1,,stacking,0.23321413714536993
Selhausen,2025-07-29 19:00:00,test,0.211,1,,stacking,0.22792353620130532
Selhausen,2025-07-29 21:00:00,test,0.227,1,,stacking,0.23489061193562452
Selhausen,2025-07-29 22:00:00,test,0.24,1,,stacking,0.22866352548243252
Selhausen,2025-07-29 23:00:00,test,0.254,1,,stacking,0.23229457345178947
Selhausen,2025-07-30 00:00:00,test,0.254,1,,stacking,0.22587086035725562
Selhausen,2025-07-30 01:00:00,test,0.261,1,,stacking,0.23232832791770416
Selhausen,2025-07-30 02:00:00,test,0.265,1,,stacking,0.23155059931065994
Selhausen,2025-07-30 03:00:00,test,0.261,1,,stacking,0.2287675126706988
Selhausen,2025-07-30 04:00:00,test,0.264,1,,stacking,0.22298848686186754
Selhausen,2025-07-30 05:00:00,test,0.266,1,,stacking,0.23471077010911173
Selhausen,2025-08-06 09:00:00,test,0.221,1,,stacking,0.258745626156956
Selhausen,2025-08-06 11:00:00,test,0.219,1,,stacking,0.2547191098834409
Selhausen,2025-08-06 14:00:00,test,0.215,1,,stacking,0.25552492694123974
Selhausen,2025-08-06 15:00:00,test,0.215,1,,stacking,0.2536328799133808
Selhausen,2025-08-06 16:00:00,test,0.217,1,,stacking,0.2547623802270373
Selhausen,2025-08-06 19:00:00,test,0.217,1,,stacking,0.25194415746471754
Selhausen,2025-08-06 22:00:00,test,0.211,1,,stacking,0.25063920296621633
Selhausen,2025-08-07 00:00:00,test,0.205,1,,stacking,0.2523961528181311
Selhausen,2025-08-07 02:00:00,test,0.207,1,,stacking,0.2505788550040702
Selhausen,2025-08-07 04:00:00,test,0.209,1,,stacking,0.25586988403066907
Selhausen,2025-08-07 10:00:00,test,0.209,1,,stacking,0.2429835419359921
Selhausen,2025-08-07 12:00:00,test,0.213,1,,stacking,0.24248032077745818
Selhausen,2025-08-07 13:00:00,test,0.209,1,,stacking,0.2460614790347802
Selhausen,2025-08-07 14:00:00,test,0.217,1,,stacking,0.24500002487847428
Selhausen,2025-08-08 13:00:00,test,0.207,1,,stacking,0.23623143945141872
Selhausen,2025-08-08 14:00:00,test,0.205,1,,stacking,0.2408274898702159
Selhausen,2025-08-27 21:00:00,test,0.161,1,,stacking,0.1838544644691475
Selhausen,2025-08-27 22:00:00,test,0.16,1,,stacking,0.1828948900339064
Selhausen,2025-08-27 23:00:00,test,0.157,1,,stacking,0.18583385657196516
Selhausen,2025-08-28 00:00:00,test,0.16,1,,stacking,0.18367290614000667
Selhausen,2025-08-28 01:00:00,test,0.159,1,,stacking,0.18333428502501095
Selhausen,2025-08-28 02:00:00,test,0.157,1,,stacking,0.18426721448843916
Selhausen,2025-08-28 03:00:00,test,0.156,1,,stacking,0.18524168141523473
Selhausen,2025-08-28 04:00:00,test,0.155,1,,stacking,0.1860565384495383
Selhausen,2025-08-28 05:00:00,test,0.158,1,,stacking,0.185796771779776
Selhausen,2025-08-28 06:00:00,test,0.156,1,,stacking,0.18662640443347997
Selhausen,2025-08-28 07:00:00,test,0.157,1,,stacking,0.1870426378801609
Selhausen,2025-08-28 08:00:00,test,0.157,1,,stacking,0.18709555611005824
Selhausen,2025-08-28 09:00:00,test,0.16,1,,stacking,0.18654945859631972
Selhausen,2025-08-28 10:00:00,test,0.16,1,,stacking,0.18713472867781414
Selhausen,2025-08-28 11:00:00,test,0.163,1,,stacking,0.1899646090875143
Selhausen,2025-08-28 12:00:00,test,0.161,1,,stacking,0.1893041791904784
Selhausen,2025-08-28 13:00:00,test,0.17,1,,stacking,0.19393579177736753
Selhausen,2025-08-28 14:00:00,test,0.164,1,,stacking,0.19436112778166603
Selhausen,2025-08-28 15:00:00,test,0.168,1,,stacking,0.19376365926913275
Selhausen,2025-08-28 16:00:00,test,0.168,1,,stacking,0.19461759157687203
Selhausen,2025-08-28 17:00:00,test,0.168,1,,stacking,0.19310845890837147
Selhausen,2025-08-28 18:00:00,test,0.162,1,,stacking,0.1943869504273501
Selhausen,2025-08-28 19:00:00,test,0.167,1,,stacking,0.19199128941270943
Selhausen,2025-08-28 20:00:00,test,0.162,1,,stacking,0.19162055083212773
Selhausen,2025-08-28 21:00:00,test,0.159,1,,stacking,0.19080922454957167
Selhausen,2025-08-28 22:00:00,test,0.161,1,,stacking,0.19108456473127075
Selhausen,2025-08-28 23:00:00,test,0.157,1,,stacking,0.18748194570613458
Selhausen,2025-08-29 00:00:00,test,0.155,1,,stacking,0.1878254635166058
Selhausen,2025-08-29 01:00:00,test,0.164,1,,stacking,0.18593154410171225
Selhausen,2025-08-29 02:00:00,test,0.157,1,,stacking,0.18425600001446044
Selhausen,2025-08-29 03:00:00,test,0.162,1,,stacking,0.1852266213646207
Selhausen,2025-08-29 04:00:00,test,0.156,1,,stacking,0.18981329235110406
Selhausen,2025-08-29 05:00:00,test,0.159,1,,stacking,0.18893397606039583
Selhausen,2025-08-29 06:00:00,test,0.156,1,,stacking,0.18838846640068038
Selhausen,2025-08-29 07:00:00,test,0.158,1,,stacking,0.1854107710352534
Selhausen,2025-08-29 08:00:00,test,0.16,1,,stacking,0.18685458139598993
Selhausen,2025-08-29 09:00:00,test,0.159,1,,stacking,0.1891869386766496
Selhausen,2025-08-29 10:00:00,test,0.159,1,,stacking,0.1891537636928439
Selhausen,2025-08-29 11:00:00,test,0.162,1,,stacking,0.18641041649792922
Selhausen,2025-08-29 12:00:00,test,0.165,1,,stacking,0.18742732554508346
Selhausen,2025-08-29 13:00:00,test,0.163,1,,stacking,0.1879792641037467
Selhausen,2025-08-29 14:00:00,test,0.164,1,,stacking,0.18747017078438913
Selhausen,2025-08-29 15:00:00,test,0.166,1,,stacking,0.18895695405255633
Selhausen,2025-08-29 16:00:00,test,0.166,1,,stacking,0.19580639809971756
Selhausen,2025-08-29 17:00:00,test,0.165,1,,stacking,0.18899017389370829
Selhausen,2025-08-29 18:00:00,test,0.166,1,,stacking,0.18913262969942662
Selhausen,2025-08-29 19:00:00,test,0.16,1,,stacking,0.18581554972788333
Selhausen,2025-08-29 20:00:00,test,0.15799999,1,,stacking,0.18522961133025048
Selhausen,2025-08-29 21:00:00,test,0.16,1,,stacking,0.1854165040074914
Selhausen,2025-08-29 22:00:00,test,0.161,1,,stacking,0.17995223417918113
Selhausen,2025-08-29 23:00:00,test,0.161,1,,stacking,0.18073336128070644
Selhausen,2025-08-30 00:00:00,test,0.162,1,,stacking,0.1745662544070256
Selhausen,2025-08-30 01:00:00,test,0.171,1,,stacking,0.17942888403856266
Selhausen,2025-08-30 03:00:00,test,0.217,1,,stacking,0.17849795104627178
Selhausen,2025-08-30 04:00:00,test,0.221,1,,stacking,0.1715381796672646
Selhausen,2025-08-30 05:00:00,test,0.227,1,,stacking,0.17234453483530532
Selhausen,2025-08-30 08:00:00,test,0.244,1,,stacking,0.1687368627938836
Selhausen,2025-08-30 09:00:00,test,0.251,1,,stacking,0.16982483882042584
Selhausen,2025-08-30 10:00:00,test,0.258,1,,stacking,0.1709269738050951
Selhausen,2025-08-30 11:00:00,test,0.252,1,,stacking,0.17135219450763814
Selhausen,2025-08-30 12:00:00,test,0.268,1,,stacking,0.17242421160270952
Selhausen,2025-08-30 13:00:00,test,0.266,1,,stacking,0.17535774560059084
Selhausen,2025-08-30 14:00:00,test,0.269,1,,stacking,0.17611645653237998
Selhausen,2025-08-30 15:00:00,test,0.242,1,,stacking,0.1782555065473465
Selhausen,2025-08-30 16:00:00,test,0.255,1,,stacking,0.18070600664489078
Selhausen,2025-08-30 18:00:00,test,0.246,1,,stacking,0.178414313074313
Selhausen,2025-08-30 19:00:00,test,0.25,1,,stacking,0.18070419723200726
Selhausen,2025-09-17 16:00:00,test,0.271,1,,stacking,0.2679026679186216
Selhausen,2025-09-17 17:00:00,test,0.266,1,,stacking,0.27179611803851267
Selhausen,2025-09-17 18:00:00,test,0.265,1,,stacking,0.2679174513473263
Selhausen,2025-09-17 19:00:00,test,0.27,1,,stacking,0.2671911240599365
Selhausen,2025-09-17 20:00:00,test,0.265,1,,stacking,0.2624043435050312
Selhausen,2025-09-17 21:00:00,test,0.27,1,,stacking,0.2647236019905998
Selhausen,2025-09-17 22:00:00,test,0.264,1,,stacking,0.26450881584284824
Selhausen,2025-09-17 23:00:00,test,0.261,1,,stacking,0.26896834718788626
Selhausen,2025-09-18 00:00:00,test,0.259,1,,stacking,0.2674333274347185
Selhausen,2025-09-18 01:00:00,test,0.261,1,,stacking,0.26879890910847276
Selhausen,2025-09-18 02:00:00,test,0.262,1,,stacking,0.2734649582318253
Selhausen,2025-09-18 03:00:00,test,0.261,1,,stacking,0.2706502588282664
Selhausen,2025-09-18 04:00:00,test,0.255,1,,stacking,0.2697061537726292
Selhausen,2025-09-18 05:00:00,test,0.257,1,,stacking,0.2682276961840176
Selhausen,2025-09-18 06:00:00,test,0.257,1,,stacking,0.26623662056212233
Selhausen,2025-09-18 07:00:00,test,0.259,1,,stacking,0.2614977351738519
Selhausen,2025-09-18 08:00:00,test,0.257,1,,stacking,0.2649064060589385
Selhausen,2025-09-18 09:00:00,test,0.261,1,,stacking,0.2679443006332094
Selhausen,2025-09-18 10:00:00,test,0.265,1,,stacking,0.2658176337999511
Selhausen,2025-09-18 11:00:00,test,0.259,1,,stacking,0.26683926733050567
Selhausen,2025-09-18 12:00:00,test,0.265,1,,stacking,0.26513483191240456
Selhausen,2025-09-18 13:00:00,test,0.266,1,,stacking,0.26634458782074766
Selhausen,2025-09-18 14:00:00,test,0.267,1,,stacking,0.2705994935956663
Selhausen,2025-09-18 15:00:00,test,0.265,1,,stacking,0.25975074525044134
Selhausen,2025-09-18 16:00:00,test,0.263,1,,stacking,0.2579263951017834
Selhausen,2025-09-18 17:00:00,test,0.255,1,,stacking,0.258124588692837
Selhausen,2025-09-18 18:00:00,test,0.26,1,,stacking,0.25689060595994095
Selhausen,2025-09-18 19:00:00,test,0.256,1,,stacking,0.25940340498012043
Selhausen,2025-09-18 20:00:00,test,0.262,1,,stacking,0.2610058523456
Selhausen,2025-09-18 21:00:00,test,0.253,1,,stacking,0.25648179970847734
Selhausen,2025-09-18 22:00:00,test,0.252,1,,stacking,0.2589015244220639
Selhausen,2025-09-18 23:00:00,test,0.256,1,,stacking,0.2557779644185658
Selhausen,2025-09-19 00:00:00,test,0.256,1,,stacking,0.2592130000801157
Selhausen,2025-09-19 01:00:00,test,0.261,1,,stacking,0.25639377869728025
Selhausen,2025-09-19 03:00:00,test,0.25,1,,stacking,0.25390863986271656
Selhausen,2025-09-19 04:00:00,test,0.268,1,,stacking,0.25286661917915265
Selhausen,2025-09-19 05:00:00,test,0.253,1,,stacking,0.25484693424193694
Selhausen,2025-09-19 06:00:00,test,0.259,1,,stacking,0.2535356438989394
Selhausen,2025-09-19 07:00:00,test,0.256,1,,stacking,0.25428654045001586
Selhausen,2025-09-19 08:00:00,test,0.258,1,,stacking,0.25357466129365913
Selhausen,2025-09-19 09:00:00,test,0.258,1,,stacking,0.2525702142200674
Selhausen,2025-09-19 10:00:00,test,0.259,1,,stacking,0.25321111343632713
Selhausen,2025-09-19 11:00:00,test,0.261,1,,stacking,0.2562236758901578
Selhausen,2025-09-19 12:00:00,test,0.262,1,,stacking,0.2568469366954729
Selhausen,2025-09-19 13:00:00,test,0.263,1,,stacking,0.2566961660926021
Selhausen,2025-09-19 14:00:00,test,0.261,1,,stacking,0.25959193850020185
Selhausen,2025-09-19 15:00:00,test,0.262,1,,stacking,0.26385026562727454
Selhausen,2025-09-19 16:00:00,test,0.263,1,,stacking,0.25743363581863543
Selhausen,2025-09-19 17:00:00,test,0.259,1,,stacking,0.2587943874186848
Selhausen,2025-09-19 18:00:00,test,0.261,1,,stacking,0.25537322536778284
Selhausen,2025-09-19 19:00:00,test,0.26,1,,stacking,0.26092260182620025
Selhausen,2025-09-19 20:00:00,test,0.261,1,,stacking,0.26123253255666806
Selhausen,2025-09-19 21:00:00,test,0.264,1,,stacking,0.25859821783206915
Selhausen,2025-09-19 22:00:00,test,0.258,1,,stacking,0.25982602446084746
Selhausen,2025-09-19 23:00:00,test,0.256,1,,stacking,0.25808687976051775
Selhausen,2025-09-20 00:00:00,test,0.258,1,,stacking,0.2669911377088759
Selhausen,2025-09-20 01:00:00,test,0.257,1,,stacking,0.26253775847482697
Selhausen,2025-09-20 02:00:00,test,0.257,1,,stacking,0.26831893222114833
Selhausen,2025-09-20 03:00:00,test,0.281,1,,stacking,0.26445788124944514
Selhausen,2025-09-20 04:00:00,test,0.255,1,,stacking,0.2629069310066481
Selhausen,2025-09-20 05:00:00,test,0.255,1,,stacking,0.26026541240055723
Selhausen,2025-09-20 06:00:00,test,0.256,1,,stacking,0.2570711485686725
Selhausen,2025-09-20 07:00:00,test,0.256,1,,stacking,0.26124615238739163
Selhausen,2025-09-20 09:00:00,test,0.263,1,,stacking,0.260506525447908
Selhausen,2025-09-20 10:00:00,test,0.248,1,,stacking,0.2609028846863589
Selhausen,2025-09-20 11:00:00,test,0.262,1,,stacking,0.2669749956015984
Selhausen,2025-09-20 12:00:00,test,0.261,1,,stacking,0.26626959700661806
Selhausen,2025-09-20 13:00:00,test,0.253,1,,stacking,0.2721902397822653
Selhausen,2025-09-20 14:00:00,test,0.26,1,,stacking,0.27581288523628084
Selhausen,2025-09-20 15:00:00,test,0.265,1,,stacking,0.2694230948050029
Selhausen,2025-09-27 18:00:00,test,0.238,1,,stacking,0.2559018181220426
Selhausen,2025-09-27 20:00:00,test,0.24,1,,stacking,0.2565177583981718
Selhausen,2025-09-27 23:00:00,test,0.236,1,,stacking,0.25394736736000156
Selhausen,2025-09-28 02:00:00,test,0.236,1,,stacking,0.25547826769761
Selhausen,2025-09-28 03:00:00,test,0.236,1,,stacking,0.2562984459077853
Selhausen,2025-09-28 06:00:00,test,0.238,1,,stacking,0.25610842376022425
Selhausen,2025-09-28 08:00:00,test,0.229,1,,stacking,0.25537009856351905
Selhausen,2025-09-28 09:00:00,test,0.229,1,,stacking,0.25735800392192915
Selhausen,2025-09-28 12:00:00,test,0.236,1,,stacking,0.25657797617308153
